model,fold,threshold,PR-AUC,Recall@10%,Recall@20%,Recall@30%,F1,Recall,Precision,ROC-AUC,eval,features,family
[기준] 무작위,0,0.5840979689127356,0.6678571428571428,0.25,0.75,1.0,0.6,0.75,0.5,0.9125,E2 불량 시기 안 (샷 0~60),-,기준선
[기준] 쌍 순서 규칙,0,1.0,0.38055555555555554,0.25,0.5,0.5,0.375,0.75,0.25,0.7,E2 불량 시기 안 (샷 0~60),-,기준선
[기준] 샷 순서,0,48.0,0.95,0.75,1.0,1.0,0.6666666666666666,1.0,0.5,0.9874999999999999,E2 불량 시기 안 (샷 0~60),-,기준선
[기준] 무작위,1,0.7475190889753858,0.42499999999999993,0.3333333333333333,0.6666666666666666,0.6666666666666666,0.4444444444444444,0.6666666666666666,0.3333333333333333,0.8421052631578948,E2 불량 시기 안 (샷 0~60),-,기준선
[기준] 쌍 순서 규칙,1,1.0,0.2102564102564103,0.0,0.3333333333333333,0.3333333333333333,0.2857142857142857,0.6666666666666666,0.18181818181818182,0.6140350877192983,E2 불량 시기 안 (샷 0~60),-,기준선
[기준] 샷 순서,1,50.0,0.7380952380952381,0.6666666666666666,0.6666666666666666,0.6666666666666666,0.8,0.6666666666666666,1.0,0.8070175438596491,E2 불량 시기 안 (샷 0~60),-,기준선
[기준] 무작위,2,0.47506355210811213,0.22883597883597884,0.0,0.3333333333333333,0.3333333333333333,0.3157894736842105,1.0,0.1875,0.6956521739130435,E2 불량 시기 안 (샷 0~60),-,기준선
[기준] 쌍 순서 규칙,2,1.0,0.18104575163398692,0.0,0.3333333333333333,0.3333333333333333,0.25,0.6666666666666666,0.15384615384615385,0.608695652173913,E2 불량 시기 안 (샷 0~60),-,기준선
[기준] 샷 순서,2,50.0,0.6805555555555556,0.6666666666666666,0.6666666666666666,1.0,0.4,0.3333333333333333,0.5,0.9130434782608696,E2 불량 시기 안 (샷 0~60),-,기준선
[기준] 무작위,3,0.0763593569640022,0.23038302277432712,0.25,0.25,0.25,0.2857142857142857,1.0,0.16666666666666666,0.5,E2 불량 시기 안 (샷 0~60),-,기준선
[기준] 쌍 순서 규칙,3,1.0,0.26839826839826836,0.25,0.25,0.5,0.375,0.75,0.25,0.5874999999999999,E2 불량 시기 안 (샷 0~60),-,기준선
[기준] 샷 순서,3,51.0,0.9166666666666666,0.75,0.75,1.0,0.75,0.75,0.75,0.9750000000000001,E2 불량 시기 안 (샷 0~60),-,기준선
[기준] 무작위,4,0.01437554488025361,0.11064425770308123,0.0,0.0,0.0,0.21428571428571427,1.0,0.12,0.303030303030303,E2 불량 시기 안 (샷 0~60),-,기준선
[기준] 쌍 순서 규칙,4,1.0,0.2621082621082621,0.3333333333333333,0.3333333333333333,0.3333333333333333,0.375,1.0,0.23076923076923078,0.7121212121212122,E2 불량 시기 안 (샷 0~60),-,기준선
[기준] 샷 순서,4,50.0,0.5333333333333333,0.3333333333333333,1.0,1.0,0.6666666666666666,1.0,0.5,0.9242424242424242,E2 불량 시기 안 (샷 0~60),-,기준선
[기준] 무작위,5,0.44816388477963853,0.26845238095238094,0.0,0.25,0.5,0.2727272727272727,0.75,0.16666666666666666,0.6125,E2 불량 시기 안 (샷 0~60),-,기준선
[기준] 쌍 순서 규칙,5,1.0,0.488095238095238,0.5,0.5,0.75,0.375,0.75,0.25,0.8125,E2 불량 시기 안 (샷 0~60),-,기준선
[기준] 샷 순서,5,50.0,0.9166666666666666,0.75,0.75,1.0,0.8,1.0,0.6666666666666666,0.9750000000000001,E2 불량 시기 안 (샷 0~60),-,기준선
[기준] 무작위,6,0.7895394205549042,0.13228927934810286,0.0,0.0,0.3333333333333333,0.0,0.0,0.0,0.42028985507246375,E2 불량 시기 안 (샷 0~60),-,기준선
[기준] 쌍 순서 규칙,6,1.0,0.18514818514818515,0.0,0.0,0.3333333333333333,0.375,1.0,0.23076923076923078,0.6376811594202899,E2 불량 시기 안 (샷 0~60),-,기준선
[기준] 샷 순서,6,51.0,0.6666666666666667,0.3333333333333333,1.0,1.0,0.5714285714285714,0.6666666666666666,0.5,0.927536231884058,E2 불량 시기 안 (샷 0~60),-,기준선
[기준] 무작위,7,0.6259864874010487,0.20317460317460317,0.0,0.25,0.25,0.16666666666666666,0.25,0.125,0.5,E2 불량 시기 안 (샷 0~60),-,기준선
[기준] 쌍 순서 규칙,7,1.0,0.20984848484848484,0.0,0.25,0.25,0.375,0.75,0.25,0.49999999999999994,E2 불량 시기 안 (샷 0~60),-,기준선
[기준] 샷 순서,7,50.0,0.95,0.75,1.0,1.0,0.75,0.75,0.75,0.9874999999999999,E2 불량 시기 안 (샷 0~60),-,기준선
[기준] 무작위,8,0.05925626225164149,0.1281613123718387,0.0,0.0,0.3333333333333333,0.17391304347826086,0.6666666666666666,0.1,0.2631578947368421,E2 불량 시기 안 (샷 0~60),-,기준선
[기준] 쌍 순서 규칙,8,1.0,0.26190476190476186,0.3333333333333333,0.3333333333333333,0.6666666666666666,0.2857142857142857,0.6666666666666666,0.18181818181818182,0.6140350877192982,E2 불량 시기 안 (샷 0~60),-,기준선
[기준] 샷 순서,8,48.0,1.0,1.0,1.0,1.0,0.6666666666666666,1.0,0.5,1.0,E2 불량 시기 안 (샷 0~60),-,기준선
[기준] 무작위,9,0.016904400744498838,0.10873015873015873,0.0,0.0,0.0,0.21428571428571427,1.0,0.12,0.28787878787878785,E2 불량 시기 안 (샷 0~60),-,기준선
[기준] 쌍 순서 규칙,9,1.0,0.2444444444444444,0.3333333333333333,0.3333333333333333,0.6666666666666666,0.25,0.6666666666666666,0.15384615384615385,0.6212121212121211,E2 불량 시기 안 (샷 0~60),-,기준선
[기준] 샷 순서,9,50.0,0.55,0.3333333333333333,0.6666666666666666,0.6666666666666666,0.4,0.3333333333333333,0.5,0.8181818181818181,E2 불량 시기 안 (샷 0~60),-,기준선
[기준] 무작위,10,0.9446507406508987,0.22023809523809523,0.25,0.25,0.25,0.0,0.0,0.0,0.4625,E2 불량 시기 안 (샷 0~60),-,기준선
[기준] 쌍 순서 규칙,10,1.0,0.5347222222222222,0.5,0.75,0.75,0.375,0.75,0.25,0.7875,E2 불량 시기 안 (샷 0~60),-,기준선
[기준] 샷 순서,10,51.0,0.9166666666666666,0.75,0.75,1.0,0.75,0.75,0.75,0.9750000000000001,E2 불량 시기 안 (샷 0~60),-,기준선
[기준] 무작위,11,0.35349308700631576,0.16798941798941797,0.0,0.3333333333333333,0.3333333333333333,0.125,0.3333333333333333,0.07692307692307693,0.3508771929824561,E2 불량 시기 안 (샷 0~60),-,기준선
[기준] 쌍 순서 규칙,11,1.0,0.2518518518518519,0.3333333333333333,0.3333333333333333,0.3333333333333333,0.2857142857142857,0.6666666666666666,0.18181818181818182,0.631578947368421,E2 불량 시기 안 (샷 0~60),-,기준선
[기준] 샷 순서,11,48.0,0.9166666666666665,0.6666666666666666,1.0,1.0,0.6666666666666666,1.0,0.5,0.9824561403508772,E2 불량 시기 안 (샷 0~60),-,기준선
[기준] 무작위,12,0.10975086423554026,0.09004884004884006,0.0,0.0,0.0,0.14814814814814814,0.6666666666666666,0.08333333333333333,0.15942028985507248,E2 불량 시기 안 (샷 0~60),-,기준선
[기준] 쌍 순서 규칙,12,1.0,0.3873015873015873,0.3333333333333333,0.6666666666666666,1.0,0.375,1.0,0.23076923076923078,0.8695652173913043,E2 불량 시기 안 (샷 0~60),-,기준선
[기준] 샷 순서,12,50.0,0.5,0.6666666666666666,0.6666666666666666,0.6666666666666666,0.4,0.3333333333333333,0.5,0.8840579710144927,E2 불량 시기 안 (샷 0~60),-,기준선
[기준] 무작위,13,0.7411084691487478,0.19166666666666668,0.0,0.0,0.3333333333333333,0.16666666666666666,0.3333333333333333,0.1111111111111111,0.6363636363636362,E2 불량 시기 안 (샷 0~60),-,기준선
[기준] 쌍 순서 규칙,13,1.0,0.33040935672514615,0.3333333333333333,0.6666666666666666,0.6666666666666666,0.25,0.6666666666666666,0.15384615384615385,0.6969696969696969,E2 불량 시기 안 (샷 0~60),-,기준선
[기준] 샷 순서,13,50.0,0.6805555555555556,0.6666666666666666,0.6666666666666666,1.0,0.5714285714285714,0.6666666666666666,0.5,0.9090909090909091,E2 불량 시기 안 (샷 0~60),-,기준선
[기준] 무작위,14,0.5037581691484212,0.264572192513369,0.25,0.25,0.25,0.23529411764705882,0.5,0.15384615384615385,0.48750000000000004,E2 불량 시기 안 (샷 0~60),-,기준선
[기준] 쌍 순서 규칙,14,1.0,0.3366600790513834,0.25,0.5,0.5,0.375,0.75,0.25,0.6125,E2 불량 시기 안 (샷 0~60),-,기준선
[기준] 샷 순서,14,50.0,0.9166666666666666,0.75,0.75,1.0,0.8,1.0,0.6666666666666666,0.9750000000000001,E2 불량 시기 안 (샷 0~60),-,기준선
[기준] 무작위,15,0.12943095055430687,0.10539074960127592,0.0,0.0,0.0,0.14814814814814814,0.6666666666666666,0.08333333333333333,0.28985507246376807,E2 불량 시기 안 (샷 0~60),-,기준선
[기준] 쌍 순서 규칙,15,1.0,0.44166666666666665,0.3333333333333333,0.3333333333333333,0.3333333333333333,0.25,0.6666666666666666,0.15384615384615385,0.5797101449275363,E2 불량 시기 안 (샷 0~60),-,기준선
[기준] 샷 순서,15,51.0,0.5555555555555556,0.6666666666666666,1.0,1.0,0.4,0.3333333333333333,0.5,0.927536231884058,E2 불량 시기 안 (샷 0~60),-,기준선
[기준] 무작위,16,0.8478455009890801,0.15476190476190477,0.0,0.0,0.25,0.18181818181818182,0.25,0.14285714285714285,0.3375,E2 불량 시기 안 (샷 0~60),-,기준선
[기준] 쌍 순서 규칙,16,1.0,0.3756211180124224,0.25,0.5,0.75,0.375,0.75,0.25,0.6625000000000001,E2 불량 시기 안 (샷 0~60),-,기준선
[기준] 샷 순서,16,50.0,0.7463235294117647,0.5,0.75,0.75,0.75,0.75,0.75,0.825,E2 불량 시기 안 (샷 0~60),-,기준선
[기준] 무작위,17,0.4532470776243338,0.16516608391608392,0.0,0.0,0.25,0.125,0.25,0.08333333333333333,0.4,E2 불량 시기 안 (샷 0~60),-,기준선
[기준] 쌍 순서 규칙,17,1.0,0.24632352941176472,0.0,0.25,0.5,0.375,0.75,0.25,0.6125,E2 불량 시기 안 (샷 0~60),-,기준선
[기준] 샷 순서,17,50.0,0.8875,0.5,1.0,1.0,0.8,1.0,0.6666666666666666,0.975,E2 불량 시기 안 (샷 0~60),-,기준선
[기준] 무작위,18,0.029328780795284115,0.27677224736048267,0.3333333333333333,0.3333333333333333,0.3333333333333333,0.24,1.0,0.13636363636363635,0.543859649122807,E2 불량 시기 안 (샷 0~60),-,기준선
[기준] 쌍 순서 규칙,18,1.0,0.16616161616161618,0.0,0.0,0.3333333333333333,0.2857142857142857,0.6666666666666666,0.18181818181818182,0.45614035087719296,E2 불량 시기 안 (샷 0~60),-,기준선
[기준] 샷 순서,18,50.0,0.9166666666666665,0.6666666666666666,1.0,1.0,0.8571428571428571,1.0,0.75,0.9824561403508772,E2 불량 시기 안 (샷 0~60),-,기준선
[기준] 무작위,19,0.16750077745849634,0.11093073593073594,0.0,0.0,0.0,0.24,1.0,0.13636363636363635,0.303030303030303,E2 불량 시기 안 (샷 0~60),-,기준선
[기준] 쌍 순서 규칙,19,1.0,0.6666666666666666,0.6666666666666666,0.6666666666666666,0.6666666666666666,0.375,1.0,0.23076923076923078,0.8939393939393939,E2 불량 시기 안 (샷 0~60),-,기준선
[기준] 샷 순서,19,50.0,0.625,0.3333333333333333,0.6666666666666666,1.0,0.5714285714285714,0.6666666666666666,0.5,0.8939393939393939,E2 불량 시기 안 (샷 0~60),-,기준선
[기준] 무작위,20,0.8477301837206255,0.1645021645021645,0.0,0.0,0.25,0.0,0.0,0.0,0.375,E2 불량 시기 안 (샷 0~60),-,기준선
[기준] 쌍 순서 규칙,20,1.0,0.5457875457875457,0.5,0.5,0.5,0.25,0.5,0.16666666666666666,0.7375,E2 불량 시기 안 (샷 0~60),-,기준선
[기준] 샷 순서,20,50.0,0.8541666666666666,0.5,0.75,1.0,0.75,0.75,0.75,0.9625,E2 불량 시기 안 (샷 0~60),-,기준선
[기준] 무작위,21,0.5622282215639249,0.5476190476190476,0.3333333333333333,0.6666666666666666,0.6666666666666666,0.25,0.6666666666666666,0.15384615384615385,0.7101449275362318,E2 불량 시기 안 (샷 0~60),-,기준선
[기준] 쌍 순서 규칙,21,1.0,0.2550505050505051,0.3333333333333333,0.3333333333333333,0.3333333333333333,0.375,1.0,0.23076923076923078,0.7101449275362319,E2 불량 시기 안 (샷 0~60),-,기준선
[기준] 샷 순서,21,51.0,0.7,0.3333333333333333,1.0,1.0,0.5714285714285714,0.6666666666666666,0.5,0.9420289855072465,E2 불량 시기 안 (샷 0~60),-,기준선
[기준] 무작위,22,0.3164760904007127,0.2617243867243867,0.25,0.25,0.25,0.19047619047619047,0.5,0.11764705882352941,0.45,E2 불량 시기 안 (샷 0~60),-,기준선
[기준] 쌍 순서 규칙,22,1.0,0.244047619047619,0.0,0.0,0.5,0.375,0.75,0.25,0.5875,E2 불량 시기 안 (샷 0~60),-,기준선
[기준] 샷 순서,22,50.0,0.8541666666666666,0.5,0.75,1.0,0.8,1.0,0.6666666666666666,0.9625,E2 불량 시기 안 (샷 0~60),-,기준선
[기준] 무작위,23,0.522054064853369,0.10927645912166037,0.0,0.0,0.0,0.0,0.0,0.0,0.1578947368421053,E2 불량 시기 안 (샷 0~60),-,기준선
[기준] 쌍 순서 규칙,23,1.0,0.22692307692307695,0.0,0.3333333333333333,0.3333333333333333,0.2857142857142857,0.6666666666666666,0.18181818181818182,0.631578947368421,E2 불량 시기 안 (샷 0~60),-,기준선
[기준] 샷 순서,23,50.0,1.0,1.0,1.0,1.0,0.8571428571428571,1.0,0.75,1.0,E2 불량 시기 안 (샷 0~60),-,기준선
[기준] 무작위,24,0.2697735298774593,0.14718196457326893,0.0,0.0,0.0,0.18181818181818182,0.6666666666666666,0.10526315789473684,0.45454545454545453,E2 불량 시기 안 (샷 0~60),-,기준선
[기준] 쌍 순서 규칙,24,1.0,0.2972582972582972,0.3333333333333333,0.3333333333333333,0.6666666666666666,0.375,1.0,0.23076923076923078,0.7727272727272727,E2 불량 시기 안 (샷 0~60),-,기준선
[기준] 샷 순서,24,50.0,0.37142857142857144,0.3333333333333333,0.6666666666666666,0.6666666666666666,0.4,0.3333333333333333,0.5,0.7727272727272727,E2 불량 시기 안 (샷 0~60),-,기준선
[기준] 무작위,25,0.5379499889207805,0.3265151515151515,0.25,0.5,0.5,0.4,0.75,0.2727272727272727,0.65,E2 불량 시기 안 (샷 0~60),-,기준선
[기준] 쌍 순서 규칙,25,1.0,0.39232954545454546,0.25,0.25,0.25,0.25,0.5,0.16666666666666666,0.5125,E2 불량 시기 안 (샷 0~60),-,기준선
[기준] 샷 순서,25,50.0,0.7875,0.5,0.75,0.75,0.75,0.75,0.75,0.9125,E2 불량 시기 안 (샷 0~60),-,기준선
[기준] 무작위,26,0.6945906514714034,0.17083333333333334,0.0,0.0,0.0,0.0,0.0,0.0,0.5087719298245614,E2 불량 시기 안 (샷 0~60),-,기준선
[기준] 쌍 순서 규칙,26,1.0,0.3277777777777778,0.3333333333333333,0.6666666666666666,0.6666666666666666,0.2857142857142857,0.6666666666666666,0.18181818181818182,0.7543859649122808,E2 불량 시기 안 (샷 0~60),-,기준선
[기준] 샷 순서,26,50.0,1.0,1.0,1.0,1.0,0.8571428571428571,1.0,0.75,1.0,E2 불량 시기 안 (샷 0~60),-,기준선
[기준] 무작위,27,0.3115762181043419,0.2624542124542124,0.25,0.25,0.25,0.34782608695652173,1.0,0.21052631578947367,0.625,E2 불량 시기 안 (샷 0~60),-,기준선
[기준] 쌍 순서 규칙,27,1.0,0.2282268170426065,0.0,0.0,0.5,0.375,0.75,0.25,0.575,E2 불량 시기 안 (샷 0~60),-,기준선
[기준] 샷 순서,27,50.0,0.95,0.75,1.0,1.0,0.8,1.0,0.6666666666666666,0.9874999999999999,E2 불량 시기 안 (샷 0~60),-,기준선
[기준] 무작위,28,0.814817703077865,0.4666666666666667,0.3333333333333333,1.0,1.0,0.6666666666666666,1.0,0.5,0.8985507246376812,E2 불량 시기 안 (샷 0~60),-,기준선
[기준] 쌍 순서 규칙,28,1.0,0.41111111111111115,0.3333333333333333,1.0,1.0,0.375,1.0,0.23076923076923078,0.8840579710144927,E2 불량 시기 안 (샷 0~60),-,기준선
[기준] 샷 순서,28,50.0,0.3686868686868687,0.3333333333333333,0.6666666666666666,0.6666666666666666,0.4,0.3333333333333333,0.5,0.8115942028985508,E2 불량 시기 안 (샷 0~60),-,기준선
[기준] 무작위,29,0.2198238684788365,0.1574074074074074,0.0,0.0,0.3333333333333333,0.17391304347826086,0.6666666666666666,0.1,0.4696969696969697,E2 불량 시기 안 (샷 0~60),-,기준선
[기준] 쌍 순서 규칙,29,1.0,0.22692307692307695,0.0,0.3333333333333333,0.6666666666666666,0.375,1.0,0.23076923076923078,0.6969696969696969,E2 불량 시기 안 (샷 0~60),-,기준선
[기준] 샷 순서,29,51.0,0.5333333333333333,0.3333333333333333,1.0,1.0,0.5714285714285714,0.6666666666666666,0.5,0.9242424242424242,E2 불량 시기 안 (샷 0~60),-,기준선
[기준] 무작위,30,0.35110726350820565,0.2361111111111111,0.0,0.25,0.25,0.3333333333333333,0.75,0.21428571428571427,0.6,E2 불량 시기 안 (샷 0~60),-,기준선
[기준] 쌍 순서 규칙,30,1.0,0.1549501223414267,0.0,0.0,0.25,0.25,0.5,0.16666666666666666,0.325,E2 불량 시기 안 (샷 0~60),-,기준선
[기준] 샷 순서,30,50.0,0.8611111111111112,0.75,0.75,0.75,0.75,0.75,0.75,0.9375,E2 불량 시기 안 (샷 0~60),-,기준선
[기준] 무작위,31,0.1458009311749402,0.18461538461538463,0.0,0.3333333333333333,0.3333333333333333,0.3157894736842105,1.0,0.1875,0.5263157894736842,E2 불량 시기 안 (샷 0~60),-,기준선
[기준] 쌍 순서 규칙,31,1.0,0.2328042328042328,0.3333333333333333,0.3333333333333333,0.3333333333333333,0.2857142857142857,0.6666666666666666,0.18181818181818182,0.5263157894736843,E2 불량 시기 안 (샷 0~60),-,기준선
[기준] 샷 순서,31,51.0,0.9166666666666665,0.6666666666666666,1.0,1.0,0.8,0.6666666666666666,1.0,0.9824561403508772,E2 불량 시기 안 (샷 0~60),-,기준선
[기준] 무작위,32,0.03542747703724691,0.24007936507936506,0.3333333333333333,0.3333333333333333,0.3333333333333333,0.21428571428571427,1.0,0.12,0.4057971014492754,E2 불량 시기 안 (샷 0~60),-,기준선
[기준] 쌍 순서 규칙,32,1.0,0.3619047619047619,0.3333333333333333,0.3333333333333333,0.6666666666666666,0.375,1.0,0.23076923076923078,0.8115942028985508,E2 불량 시기 안 (샷 0~60),-,기준선
[기준] 샷 순서,32,48.0,0.6666666666666667,0.3333333333333333,1.0,1.0,0.5454545454545454,1.0,0.375,0.927536231884058,E2 불량 시기 안 (샷 0~60),-,기준선
[기준] 무작위,33,0.7761274287164415,0.2232142857142857,0.0,0.25,0.5,0.36363636363636365,0.5,0.2857142857142857,0.43749999999999994,E2 불량 시기 안 (샷 0~60),-,기준선
[기준] 쌍 순서 규칙,33,1.0,0.29199016563146996,0.25,0.25,0.75,0.375,0.75,0.25,0.6124999999999999,E2 불량 시기 안 (샷 0~60),-,기준선
[기준] 샷 순서,33,50.0,0.8875,0.5,1.0,1.0,0.75,0.75,0.75,0.975,E2 불량 시기 안 (샷 0~60),-,기준선
[기준] 무작위,34,0.22853412650374205,0.1365079365079365,0.0,0.0,0.0,0.18181818181818182,0.6666666666666666,0.10526315789473684,0.43939393939393934,E2 불량 시기 안 (샷 0~60),-,기준선
[기준] 쌍 순서 규칙,34,1.0,0.22222222222222224,0.0,0.0,0.6666666666666666,0.375,1.0,0.23076923076923078,0.6969696969696969,E2 불량 시기 안 (샷 0~60),-,기준선
[기준] 샷 순서,34,50.0,0.3833333333333333,0.3333333333333333,0.6666666666666666,0.6666666666666666,0.5714285714285714,0.6666666666666666,0.5,0.6969696969696969,E2 불량 시기 안 (샷 0~60),-,기준선
[기준] 무작위,35,0.027741243639017532,0.2069805194805195,0.0,0.25,0.25,0.2857142857142857,1.0,0.16666666666666666,0.4875,E2 불량 시기 안 (샷 0~60),-,기준선
[기준] 쌍 순서 규칙,35,1.0,0.17878787878787877,0.0,0.0,0.25,0.25,0.5,0.16666666666666666,0.4375,E2 불량 시기 안 (샷 0~60),-,기준선
[기준] 샷 순서,35,50.0,0.9166666666666666,0.75,0.75,1.0,0.75,0.75,0.75,0.9750000000000001,E2 불량 시기 안 (샷 0~60),-,기준선
[기준] 무작위,36,0.030168888141238193,0.17083333333333334,0.0,0.0,0.3333333333333333,0.20689655172413793,1.0,0.11538461538461539,0.5942028985507246,E2 불량 시기 안 (샷 0~60),-,기준선
[기준] 쌍 순서 규칙,36,1.0,0.3833333333333333,0.3333333333333333,0.6666666666666666,0.6666666666666666,0.375,1.0,0.23076923076923078,0.8115942028985508,E2 불량 시기 안 (샷 0~60),-,기준선
[기준] 샷 순서,36,50.0,0.7555555555555555,0.6666666666666666,1.0,1.0,0.6666666666666666,1.0,0.5,0.9565217391304348,E2 불량 시기 안 (샷 0~60),-,기준선
[기준] 무작위,37,0.0062513684496235955,0.22687908496732023,0.0,0.25,0.25,0.2857142857142857,1.0,0.16666666666666666,0.5875,E2 불량 시기 안 (샷 0~60),-,기준선
[기준] 쌍 순서 규칙,37,1.0,0.44228778467908897,0.5,0.5,0.75,0.375,0.75,0.25,0.6875,E2 불량 시기 안 (샷 0~60),-,기준선
[기준] 샷 순서,37,50.0,0.8875,0.5,1.0,1.0,0.8,1.0,0.6666666666666666,0.975,E2 불량 시기 안 (샷 0~60),-,기준선
[기준] 무작위,38,0.2925358639158989,0.12037037037037036,0.0,0.0,0.0,0.11764705882352941,0.3333333333333333,0.07142857142857142,0.26315789473684215,E2 불량 시기 안 (샷 0~60),-,기준선
[기준] 쌍 순서 규칙,38,1.0,0.3074074074074074,0.3333333333333333,0.3333333333333333,0.3333333333333333,0.2857142857142857,0.6666666666666666,0.18181818181818182,0.6491228070175439,E2 불량 시기 안 (샷 0~60),-,기준선
[기준] 샷 순서,38,51.0,1.0,1.0,1.0,1.0,0.8,0.6666666666666666,1.0,1.0,E2 불량 시기 안 (샷 0~60),-,기준선
[기준] 무작위,39,0.10375552736420968,0.145224171539961,0.0,0.0,0.0,0.25,1.0,0.14285714285714285,0.4848484848484848,E2 불량 시기 안 (샷 0~60),-,기준선
[기준] 쌍 순서 규칙,39,1.0,0.19461279461279463,0.0,0.0,0.0,0.375,1.0,0.23076923076923078,0.6363636363636364,E2 불량 시기 안 (샷 0~60),-,기준선
[기준] 샷 순서,39,50.0,0.3588235294117647,0.3333333333333333,0.6666666666666666,0.6666666666666666,0.4,0.3333333333333333,0.5,0.7272727272727273,E2 불량 시기 안 (샷 0~60),-,기준선
[기준] 무작위,40,0.6104187294293155,0.238510101010101,0.0,0.25,0.25,0.3076923076923077,0.5,0.2222222222222222,0.5625,E2 불량 시기 안 (샷 0~60),-,기준선
[기준] 쌍 순서 규칙,40,1.0,0.23511904761904762,0.0,0.25,0.5,0.375,0.75,0.25,0.5625,E2 불량 시기 안 (샷 0~60),-,기준선
[기준] 샷 순서,40,50.0,0.8125,0.5,0.75,1.0,0.75,0.75,0.75,0.9375,E2 불량 시기 안 (샷 0~60),-,기준선
[기준] 무작위,41,0.19205085089354512,0.17677224736048266,0.0,0.3333333333333333,0.3333333333333333,0.2727272727272727,1.0,0.15789473684210525,0.49122807017543857,E2 불량 시기 안 (샷 0~60),-,기준선
[기준] 쌍 순서 규칙,41,1.0,0.4841269841269841,0.3333333333333333,0.3333333333333333,0.6666666666666666,0.2857142857142857,0.6666666666666666,0.18181818181818182,0.6491228070175439,E2 불량 시기 안 (샷 0~60),-,기준선
[기준] 샷 순서,41,50.0,0.9166666666666665,0.6666666666666666,1.0,1.0,0.8571428571428571,1.0,0.75,0.9824561403508772,E2 불량 시기 안 (샷 0~60),-,기준선
[기준] 무작위,42,0.0506156820181608,0.26715686274509803,0.3333333333333333,0.3333333333333333,0.3333333333333333,0.21428571428571427,1.0,0.12,0.5797101449275361,E2 불량 시기 안 (샷 0~60),-,기준선
[기준] 쌍 순서 규칙,42,1.0,0.5,0.3333333333333333,0.3333333333333333,0.6666666666666666,0.375,1.0,0.23076923076923078,0.782608695652174,E2 불량 시기 안 (샷 0~60),-,기준선
[기준] 샷 순서,42,50.0,0.6464646464646464,0.6666666666666666,0.6666666666666666,0.6666666666666666,0.5714285714285714,0.6666666666666666,0.5,0.8695652173913044,E2 불량 시기 안 (샷 0~60),-,기준선
[기준] 무작위,43,0.1257844890284361,0.17643280632411068,0.0,0.25,0.25,0.23076923076923078,0.75,0.13636363636363635,0.3875,E2 불량 시기 안 (샷 0~60),-,기준선
[기준] 쌍 순서 규칙,43,1.0,0.3645833333333333,0.25,0.5,0.75,0.375,0.75,0.25,0.7374999999999999,E2 불량 시기 안 (샷 0~60),-,기준선
[기준] 샷 순서,43,50.0,0.9166666666666666,0.75,0.75,1.0,0.8,1.0,0.6666666666666666,0.9750000000000001,E2 불량 시기 안 (샷 0~60),-,기준선
[기준] 무작위,44,0.371684801491568,0.4100877192982456,0.3333333333333333,0.3333333333333333,0.3333333333333333,0.15384615384615385,0.3333333333333333,0.1,0.4242424242424242,E2 불량 시기 안 (샷 0~60),-,기준선
[기준] 쌍 순서 규칙,44,1.0,0.14070048309178745,0.0,0.0,0.3333333333333333,0.25,0.6666666666666666,0.15384615384615385,0.4393939393939394,E2 불량 시기 안 (샷 0~60),-,기준선
[기준] 샷 순서,44,51.0,0.6428571428571428,0.3333333333333333,0.6666666666666666,1.0,0.4,0.3333333333333333,0.5,0.9090909090909091,E2 불량 시기 안 (샷 0~60),-,기준선
[기준] 무작위,45,0.464494459019673,0.26726190476190476,0.0,0.25,0.5,0.35294117647058826,0.75,0.23076923076923078,0.625,E2 불량 시기 안 (샷 0~60),-,기준선
[기준] 쌍 순서 규칙,45,1.0,0.23203781512605043,0.0,0.0,0.5,0.375,0.75,0.25,0.6,E2 불량 시기 안 (샷 0~60),-,기준선
[기준] 샷 순서,45,50.0,0.8875,0.5,1.0,1.0,0.8,1.0,0.6666666666666666,0.975,E2 불량 시기 안 (샷 0~60),-,기준선
[기준] 무작위,46,0.8922858083154716,0.19545454545454544,0.0,0.3333333333333333,0.3333333333333333,0.0,0.0,0.0,0.47368421052631576,E2 불량 시기 안 (샷 0~60),-,기준선
[기준] 쌍 순서 규칙,46,1.0,0.1414141414141414,0.0,0.0,0.0,0.14285714285714285,0.3333333333333333,0.09090909090909091,0.38596491228070173,E2 불량 시기 안 (샷 0~60),-,기준선
[기준] 샷 순서,46,48.0,0.7916666666666666,0.6666666666666666,0.6666666666666666,0.6666666666666666,0.5714285714285714,0.6666666666666666,0.5,0.912280701754386,E2 불량 시기 안 (샷 0~60),-,기준선
[기준] 무작위,47,0.1909924898573473,0.31746031746031744,0.3333333333333333,0.3333333333333333,0.6666666666666666,0.2727272727272727,1.0,0.15789473684210525,0.8115942028985507,E2 불량 시기 안 (샷 0~60),-,기준선
[기준] 쌍 순서 규칙,47,1.0,0.2685185185185185,0.3333333333333333,0.3333333333333333,0.3333333333333333,0.375,1.0,0.23076923076923078,0.7391304347826088,E2 불량 시기 안 (샷 0~60),-,기준선
[기준] 샷 순서,47,52.0,0.5888888888888889,0.6666666666666666,1.0,1.0,0.0,0.0,0.0,0.9420289855072465,E2 불량 시기 안 (샷 0~60),-,기준선
[기준] 무작위,48,0.278742455223412,0.5871212121212122,0.5,0.5,0.5,0.19047619047619047,0.5,0.11764705882352941,0.5875,E2 불량 시기 안 (샷 0~60),-,기준선
[기준] 쌍 순서 규칙,48,1.0,0.2701048951048951,0.0,0.25,0.5,0.375,0.75,0.25,0.675,E2 불량 시기 안 (샷 0~60),-,기준선
[기준] 샷 순서,48,50.0,0.7463235294117647,0.5,0.75,0.75,0.75,0.75,0.75,0.825,E2 불량 시기 안 (샷 0~60),-,기준선
[기준] 무작위,49,0.6965718829256465,0.20666666666666667,0.3333333333333333,0.3333333333333333,0.3333333333333333,0.18181818181818182,0.3333333333333333,0.125,0.4848484848484848,E2 불량 시기 안 (샷 0~60),-,기준선
[기준] 쌍 순서 규칙,49,1.0,0.19166666666666668,0.0,0.0,0.3333333333333333,0.375,1.0,0.23076923076923078,0.6363636363636362,E2 불량 시기 안 (샷 0~60),-,기준선
[기준] 샷 순서,49,50.0,0.7222222222222222,0.6666666666666666,0.6666666666666666,1.0,0.6666666666666666,1.0,0.5,0.9393939393939394,E2 불량 시기 안 (샷 0~60),-,기준선
로지스틱 L2,0,0.7778065164343619,0.75,0.5,0.75,0.75,0.6666666666666666,0.5,1.0,0.8375,E2 불량 시기 안 (샷 0~60),공정 값 23,선형
로지스틱 L2,1,0.9900717297622781,0.8095238095238095,0.6666666666666666,0.6666666666666666,1.0,0.0,0.0,0.0,0.9298245614035088,E2 불량 시기 안 (샷 0~60),공정 값 23,선형
로지스틱 L2,2,0.955225582796842,0.3873015873015873,0.3333333333333333,0.6666666666666666,1.0,0.0,0.0,0.0,0.8695652173913043,E2 불량 시기 안 (샷 0~60),공정 값 23,선형
로지스틱 L2,3,0.11869831322469997,0.6276315789473683,0.5,0.5,0.5,0.42857142857142855,0.75,0.3,0.7250000000000001,E2 불량 시기 안 (샷 0~60),공정 값 23,선형
로지스틱 L2,4,0.514738773557878,0.23412698412698413,0.0,0.0,0.6666666666666666,0.0,0.0,0.0,0.712121212121212,E2 불량 시기 안 (샷 0~60),공정 값 23,선형
로지스틱 L2,5,0.8488583647182485,0.75,0.5,0.75,0.75,0.6666666666666666,0.5,1.0,0.8375,E2 불량 시기 안 (샷 0~60),공정 값 23,선형
로지스틱 L2,6,0.896031326104708,0.2619047619047619,0.0,0.3333333333333333,0.6666666666666666,0.0,0.0,0.0,0.7681159420289855,E2 불량 시기 안 (샷 0~60),공정 값 23,선형
로지스틱 L2,7,0.5555195620532122,0.65625,0.5,0.5,0.75,0.4,0.5,0.3333333333333333,0.7875,E2 불량 시기 안 (샷 0~60),공정 값 23,선형
로지스틱 L2,8,0.6523584233774784,1.0,1.0,1.0,1.0,0.8571428571428571,1.0,0.75,1.0,E2 불량 시기 안 (샷 0~60),공정 값 23,선형
로지스틱 L2,9,0.9903870022404995,0.4,0.3333333333333333,0.6666666666666666,0.6666666666666666,0.0,0.0,0.0,0.8333333333333334,E2 불량 시기 안 (샷 0~60),공정 값 23,선형
로지스틱 L2,10,0.2634190304617755,0.6201923076923077,0.5,0.5,0.5,0.3333333333333333,0.75,0.21428571428571427,0.725,E2 불량 시기 안 (샷 0~60),공정 값 23,선형
로지스틱 L2,11,0.5261672784936459,0.7435897435897436,0.6666666666666666,0.6666666666666666,0.6666666666666666,0.4444444444444444,0.6666666666666666,0.3333333333333333,0.8245614035087719,E2 불량 시기 안 (샷 0~60),공정 값 23,선형
로지스틱 L2,12,0.7433833408537056,0.24768518518518517,0.3333333333333333,0.3333333333333333,0.3333333333333333,0.0,0.0,0.0,0.6811594202898551,E2 불량 시기 안 (샷 0~60),공정 값 23,선형
로지스틱 L2,13,0.6845460773262264,0.26587301587301587,0.3333333333333333,0.3333333333333333,0.6666666666666666,0.0,0.0,0.0,0.712121212121212,E2 불량 시기 안 (샷 0~60),공정 값 23,선형
로지스틱 L2,14,0.9744620784039308,0.6208133971291866,0.5,0.5,0.5,0.6666666666666666,0.5,1.0,0.7124999999999999,E2 불량 시기 안 (샷 0~60),공정 값 23,선형
로지스틱 L2,15,0.8931183981671492,0.18716931216931215,0.0,0.0,0.3333333333333333,0.0,0.0,0.0,0.6376811594202898,E2 불량 시기 안 (샷 0~60),공정 값 23,선형
로지스틱 L2,16,0.992895077934151,0.8125,0.5,0.75,1.0,0.0,0.0,0.0,0.9375,E2 불량 시기 안 (샷 0~60),공정 값 23,선형
로지스틱 L2,17,0.5928229696136834,0.6838235294117647,0.5,0.5,0.75,0.6,0.75,0.5,0.8,E2 불량 시기 안 (샷 0~60),공정 값 23,선형
로지스틱 L2,18,0.861035903770003,0.8333333333333333,0.6666666666666666,0.6666666666666666,1.0,0.8,0.6666666666666666,1.0,0.9473684210526315,E2 불량 시기 안 (샷 0~60),공정 값 23,선형
로지스틱 L2,19,0.5044611765550215,0.28888888888888886,0.3333333333333333,0.3333333333333333,0.3333333333333333,0.2857142857142857,0.3333333333333333,0.25,0.6363636363636364,E2 불량 시기 안 (샷 0~60),공정 값 23,선형
로지스틱 L2,20,0.8777743483273847,0.7071428571428571,0.5,0.5,0.75,0.5,0.5,0.5,0.875,E2 불량 시기 안 (샷 0~60),공정 값 23,선형
로지스틱 L2,21,0.8925096412057679,0.2554945054945055,0.0,0.3333333333333333,0.6666666666666666,0.0,0.0,0.0,0.7391304347826088,E2 불량 시기 안 (샷 0~60),공정 값 23,선형
로지스틱 L2,22,0.5180428310707714,0.41388888888888886,0.25,0.75,0.75,0.5,0.75,0.375,0.75,E2 불량 시기 안 (샷 0~60),공정 값 23,선형
로지스틱 L2,23,0.2577959673183116,0.75,0.6666666666666666,0.6666666666666666,0.6666666666666666,0.36363636363636365,0.6666666666666666,0.25,0.8421052631578948,E2 불량 시기 안 (샷 0~60),공정 값 23,선형
로지스틱 L2,24,0.9373972091120159,0.32407407407407407,0.3333333333333333,0.3333333333333333,0.3333333333333333,0.0,0.0,0.0,0.7424242424242423,E2 불량 시기 안 (샷 0~60),공정 값 23,선형
로지스틱 L2,25,0.08092631356618547,0.7644230769230769,0.5,0.75,0.75,0.4444444444444444,1.0,0.2857142857142857,0.8750000000000001,E2 불량 시기 안 (샷 0~60),공정 값 23,선형
로지스틱 L2,26,0.24721751026234923,0.8095238095238095,0.6666666666666666,0.6666666666666666,1.0,0.5454545454545454,1.0,0.375,0.9298245614035088,E2 불량 시기 안 (샷 0~60),공정 값 23,선형
로지스틱 L2,27,0.9865927972453928,0.6547619047619047,0.5,0.5,0.5,0.6666666666666666,0.5,1.0,0.8,E2 불량 시기 안 (샷 0~60),공정 값 23,선형
로지스틱 L2,28,0.9587888595109152,0.4740740740740741,0.3333333333333333,0.3333333333333333,0.3333333333333333,0.0,0.0,0.0,0.7246376811594203,E2 불량 시기 안 (샷 0~60),공정 값 23,선형
로지스틱 L2,29,0.8329082102869616,0.21766381766381768,0.0,0.3333333333333333,0.3333333333333333,0.0,0.0,0.0,0.6818181818181818,E2 불량 시기 안 (샷 0~60),공정 값 23,선형
로지스틱 L2,30,0.7425680614130377,0.65625,0.5,0.5,0.75,0.5,0.5,0.5,0.7875,E2 불량 시기 안 (샷 0~60),공정 값 23,선형
로지스틱 L2,31,0.14359725063936446,0.9166666666666665,0.6666666666666666,1.0,1.0,0.46153846153846156,1.0,0.3,0.9824561403508772,E2 불량 시기 안 (샷 0~60),공정 값 23,선형
로지스틱 L2,32,0.993643961317674,0.16140109890109888,0.0,0.0,0.3333333333333333,0.0,0.0,0.0,0.5652173913043479,E2 불량 시기 안 (샷 0~60),공정 값 23,선형
로지스틱 L2,33,0.7867712087372944,0.7269230769230769,0.5,0.75,0.75,0.6,0.75,0.5,0.8625,E2 불량 시기 안 (샷 0~60),공정 값 23,선형
로지스틱 L2,34,0.947414090025209,0.37142857142857144,0.3333333333333333,0.6666666666666666,0.6666666666666666,0.0,0.0,0.0,0.7727272727272727,E2 불량 시기 안 (샷 0~60),공정 값 23,선형
로지스틱 L2,35,0.6324319910297634,0.7269230769230769,0.5,0.75,0.75,0.5,0.75,0.375,0.8625,E2 불량 시기 안 (샷 0~60),공정 값 23,선형
로지스틱 L2,36,0.95761322294343,0.24999999999999997,0.0,0.6666666666666666,0.6666666666666666,0.0,0.0,0.0,0.681159420289855,E2 불량 시기 안 (샷 0~60),공정 값 23,선형
로지스틱 L2,37,0.9737443087639448,0.34775641025641024,0.25,0.5,0.5,0.0,0.0,0.0,0.7250000000000001,E2 불량 시기 안 (샷 0~60),공정 값 23,선형
로지스틱 L2,38,0.8310504578699914,0.8095238095238095,0.6666666666666666,0.6666666666666666,1.0,0.8,0.6666666666666666,1.0,0.9298245614035088,E2 불량 시기 안 (샷 0~60),공정 값 23,선형
로지스틱 L2,39,0.8658177942316666,0.2328042328042328,0.3333333333333333,0.3333333333333333,0.3333333333333333,0.0,0.0,0.0,0.5909090909090908,E2 불량 시기 안 (샷 0~60),공정 값 23,선형
로지스틱 L2,40,0.7116836094714795,0.625,0.5,0.5,0.5,0.4,0.5,0.3333333333333333,0.7375,E2 불량 시기 안 (샷 0~60),공정 값 23,선형
로지스틱 L2,41,0.9545539397144456,0.7777777777777777,0.6666666666666666,0.6666666666666666,0.6666666666666666,0.8,0.6666666666666666,1.0,0.8947368421052632,E2 불량 시기 안 (샷 0~60),공정 값 23,선형
로지스틱 L2,42,0.9762627200090984,0.5555555555555556,0.6666666666666666,1.0,1.0,0.0,0.0,0.0,0.927536231884058,E2 불량 시기 안 (샷 0~60),공정 값 23,선형
로지스틱 L2,43,0.41339129363779004,0.6519230769230768,0.5,0.5,0.5,0.4,0.5,0.3333333333333333,0.8,E2 불량 시기 안 (샷 0~60),공정 값 23,선형
로지스틱 L2,44,0.810796437706813,0.1508190883190883,0.0,0.0,0.0,0.0,0.0,0.0,0.5151515151515151,E2 불량 시기 안 (샷 0~60),공정 값 23,선형
로지스틱 L2,45,0.9551435112561741,0.7928571428571428,0.5,0.75,1.0,0.6666666666666666,0.5,1.0,0.9375,E2 불량 시기 안 (샷 0~60),공정 값 23,선형
로지스틱 L2,46,0.6661052866868586,0.7777777777777777,0.6666666666666666,0.6666666666666666,0.6666666666666666,0.8,0.6666666666666666,1.0,0.8947368421052632,E2 불량 시기 안 (샷 0~60),공정 값 23,선형
로지스틱 L2,47,0.7980087631614404,0.3666666666666667,0.3333333333333333,0.6666666666666666,0.6666666666666666,0.2857142857142857,0.3333333333333333,0.25,0.7681159420289855,E2 불량 시기 안 (샷 0~60),공정 값 23,선형
로지스틱 L2,48,0.8142118027940152,0.8409090909090909,0.75,0.75,0.75,0.6666666666666666,0.5,1.0,0.9125,E2 불량 시기 안 (샷 0~60),공정 값 23,선형
로지스틱 L2,49,0.7690722983426768,0.6805555555555556,0.6666666666666666,0.6666666666666666,1.0,0.0,0.0,0.0,0.9090909090909091,E2 불량 시기 안 (샷 0~60),공정 값 23,선형
랜덤포레스트,0,0.5662308145357677,0.725,0.5,0.5,0.75,0.6666666666666666,0.5,1.0,0.8875,E2 불량 시기 안 (샷 0~60),공정 값 23,트리
랜덤포레스트,1,0.5302468446013335,0.7777777777777777,0.6666666666666666,0.6666666666666666,0.6666666666666666,0.8,0.6666666666666666,1.0,0.8947368421052632,E2 불량 시기 안 (샷 0~60),공정 값 23,트리
랜덤포레스트,2,0.6803895536380831,0.5396825396825397,0.3333333333333333,0.3333333333333333,0.6666666666666666,0.0,0.0,0.0,0.8405797101449275,E2 불량 시기 안 (샷 0~60),공정 값 23,트리
랜덤포레스트,3,0.46187307255199395,0.9166666666666666,0.75,0.75,1.0,0.6666666666666666,0.5,1.0,0.9750000000000001,E2 불량 시기 안 (샷 0~60),공정 값 23,트리
랜덤포레스트,4,0.6433842320533496,0.29444444444444445,0.3333333333333333,0.3333333333333333,0.6666666666666666,0.0,0.0,0.0,0.7727272727272727,E2 불량 시기 안 (샷 0~60),공정 값 23,트리
랜덤포레스트,5,0.32752539114714363,0.6583333333333333,0.5,0.5,0.5,0.42857142857142855,0.75,0.3,0.8125,E2 불량 시기 안 (샷 0~60),공정 값 23,트리
랜덤포레스트,6,0.5639125915109052,0.6555555555555554,0.6666666666666666,0.6666666666666666,0.6666666666666666,0.0,0.0,0.0,0.8840579710144928,E2 불량 시기 안 (샷 0~60),공정 값 23,트리
랜덤포레스트,7,0.21380629093129092,0.7708333333333333,0.5,0.75,0.75,0.4444444444444444,1.0,0.2857142857142857,0.8875,E2 불량 시기 안 (샷 0~60),공정 값 23,트리
랜덤포레스트,8,0.3963252000600568,1.0,1.0,1.0,1.0,0.6666666666666666,1.0,0.5,1.0,E2 불량 시기 안 (샷 0~60),공정 값 23,트리
랜덤포레스트,9,0.43187825812245306,0.25,0.0,0.3333333333333333,0.6666666666666666,0.0,0.0,0.0,0.7424242424242424,E2 불량 시기 안 (샷 0~60),공정 값 23,트리
랜덤포레스트,10,0.4015480312171487,0.7361111111111112,0.5,0.5,0.75,0.6,0.75,0.5,0.9,E2 불량 시기 안 (샷 0~60),공정 값 23,트리
랜덤포레스트,11,0.33345720972926846,0.8095238095238095,0.6666666666666666,0.6666666666666666,1.0,0.4444444444444444,0.6666666666666666,0.3333333333333333,0.9298245614035088,E2 불량 시기 안 (샷 0~60),공정 값 23,트리
랜덤포레스트,12,0.6603987390605036,0.2672727272727273,0.3333333333333333,0.3333333333333333,0.3333333333333333,0.0,0.0,0.0,0.536231884057971,E2 불량 시기 안 (샷 0~60),공정 값 23,트리
랜덤포레스트,13,0.7754843198410297,0.4603174603174603,0.3333333333333333,0.3333333333333333,0.3333333333333333,0.0,0.0,0.0,0.6818181818181818,E2 불량 시기 안 (샷 0~60),공정 값 23,트리
랜덤포레스트,14,0.5656230488064851,0.645104895104895,0.5,0.5,0.5,0.6666666666666666,0.5,1.0,0.7875000000000001,E2 불량 시기 안 (샷 0~60),공정 값 23,트리
랜덤포레스트,15,0.650701235563542,0.20476190476190476,0.0,0.3333333333333333,0.3333333333333333,0.0,0.0,0.0,0.6666666666666667,E2 불량 시기 안 (샷 0~60),공정 값 23,트리
랜덤포레스트,16,0.3985550894309171,0.6583333333333333,0.5,0.5,0.5,0.5,0.5,0.5,0.8125,E2 불량 시기 안 (샷 0~60),공정 값 23,트리
랜덤포레스트,17,0.4565676991280703,0.7463235294117647,0.5,0.75,0.75,0.6666666666666666,0.5,1.0,0.825,E2 불량 시기 안 (샷 0~60),공정 값 23,트리
랜덤포레스트,18,0.38586518545878834,0.7916666666666666,0.6666666666666666,0.6666666666666666,0.6666666666666666,0.5714285714285714,0.6666666666666666,0.5,0.912280701754386,E2 불량 시기 안 (샷 0~60),공정 값 23,트리
랜덤포레스트,19,0.4649731729341634,0.31666666666666665,0.3333333333333333,0.3333333333333333,0.3333333333333333,0.2857142857142857,0.3333333333333333,0.25,0.7272727272727272,E2 불량 시기 안 (샷 0~60),공정 값 23,트리
랜덤포레스트,20,0.5439856936808172,0.6666666666666666,0.5,0.5,0.5,0.6666666666666666,0.5,1.0,0.825,E2 불량 시기 안 (샷 0~60),공정 값 23,트리
랜덤포레스트,21,0.7238856536150419,0.23660130718954248,0.3333333333333333,0.3333333333333333,0.3333333333333333,0.0,0.0,0.0,0.6521739130434783,E2 불량 시기 안 (샷 0~60),공정 값 23,트리
랜덤포레스트,22,0.43617789273700236,0.6338235294117647,0.5,0.5,0.5,0.6666666666666666,0.5,1.0,0.75,E2 불량 시기 안 (샷 0~60),공정 값 23,트리
랜덤포레스트,23,0.29775619888940996,0.7666666666666666,0.6666666666666666,0.6666666666666666,0.6666666666666666,0.46153846153846156,1.0,0.3,0.8771929824561403,E2 불량 시기 안 (샷 0~60),공정 값 23,트리
랜덤포레스트,24,0.7039694438258681,0.2991452991452992,0.3333333333333333,0.3333333333333333,0.3333333333333333,0.0,0.0,0.0,0.6818181818181818,E2 불량 시기 안 (샷 0~60),공정 값 23,트리
랜덤포레스트,25,0.464451409824552,0.7784090909090909,0.5,0.75,0.75,0.6,0.75,0.5,0.9,E2 불량 시기 안 (샷 0~60),공정 값 23,트리
랜덤포레스트,26,0.3276290155928735,0.7777777777777777,0.6666666666666666,0.6666666666666666,0.6666666666666666,0.46153846153846156,1.0,0.3,0.8947368421052632,E2 불량 시기 안 (샷 0~60),공정 값 23,트리
랜덤포레스트,27,0.34358638754033477,0.875,0.75,0.75,1.0,0.6666666666666666,0.5,1.0,0.9500000000000001,E2 불량 시기 안 (샷 0~60),공정 값 23,트리
랜덤포레스트,28,0.7420239792886854,0.5194805194805194,0.3333333333333333,0.3333333333333333,0.6666666666666666,0.0,0.0,0.0,0.8115942028985508,E2 불량 시기 안 (샷 0~60),공정 값 23,트리
랜덤포레스트,29,0.6195056493357574,0.5777777777777777,0.3333333333333333,0.6666666666666666,0.6666666666666666,0.0,0.0,0.0,0.8636363636363636,E2 불량 시기 안 (샷 0~60),공정 값 23,트리
랜덤포레스트,30,0.32015873579514725,0.6375,0.5,0.5,0.5,0.5,0.5,0.5,0.7625,E2 불량 시기 안 (샷 0~60),공정 값 23,트리
랜덤포레스트,31,0.38612894757747684,0.8333333333333333,0.6666666666666666,0.6666666666666666,1.0,0.8,0.6666666666666666,1.0,0.9473684210526315,E2 불량 시기 안 (샷 0~60),공정 값 23,트리
랜덤포레스트,32,0.43190032659692096,0.14761904761904762,0.0,0.0,0.3333333333333333,0.0,0.0,0.0,0.5072463768115942,E2 불량 시기 안 (샷 0~60),공정 값 23,트리
랜덤포레스트,33,0.5317555993972454,0.8269230769230769,0.75,0.75,0.75,0.6666666666666666,0.5,1.0,0.8875000000000001,E2 불량 시기 안 (샷 0~60),공정 값 23,트리
랜덤포레스트,34,0.7448426314356171,0.19027777777777777,0.0,0.3333333333333333,0.3333333333333333,0.0,0.0,0.0,0.5606060606060606,E2 불량 시기 안 (샷 0~60),공정 값 23,트리
랜덤포레스트,35,0.24220262909891388,0.8611111111111112,0.75,0.75,0.75,0.4444444444444444,1.0,0.2857142857142857,0.9375,E2 불량 시기 안 (샷 0~60),공정 값 23,트리
랜덤포레스트,36,0.5380916384956632,0.1597222222222222,0.0,0.0,0.3333333333333333,0.0,0.0,0.0,0.5652173913043478,E2 불량 시기 안 (샷 0~60),공정 값 23,트리
랜덤포레스트,37,0.38304885916457126,0.6458333333333333,0.5,0.5,0.5,0.5,0.5,0.5,0.775,E2 불량 시기 안 (샷 0~60),공정 값 23,트리
랜덤포레스트,38,0.6171443441369405,0.8095238095238095,0.6666666666666666,0.6666666666666666,1.0,0.8,0.6666666666666666,1.0,0.9298245614035088,E2 불량 시기 안 (샷 0~60),공정 값 23,트리
랜덤포레스트,39,0.638596709639229,0.20833333333333331,0.3333333333333333,0.3333333333333333,0.3333333333333333,0.0,0.0,0.0,0.5303030303030303,E2 불량 시기 안 (샷 0~60),공정 값 23,트리
랜덤포레스트,40,0.4114545103159653,0.75,0.5,0.75,0.75,0.42857142857142855,0.75,0.3,0.8375,E2 불량 시기 안 (샷 0~60),공정 값 23,트리
랜덤포레스트,41,0.40625896000857276,0.8095238095238095,0.6666666666666666,0.6666666666666666,1.0,0.8,0.6666666666666666,1.0,0.9298245614035088,E2 불량 시기 안 (샷 0~60),공정 값 23,트리
랜덤포레스트,42,0.669473094386407,0.38888888888888884,0.3333333333333333,0.6666666666666666,0.6666666666666666,0.0,0.0,0.0,0.8405797101449275,E2 불량 시기 안 (샷 0~60),공정 값 23,트리
랜덤포레스트,43,0.3645109847651238,0.7159090909090909,0.5,0.5,0.75,0.5,0.5,0.5,0.875,E2 불량 시기 안 (샷 0~60),공정 값 23,트리
랜덤포레스트,44,0.6275126129796678,0.20664983164983164,0.0,0.0,0.3333333333333333,0.0,0.0,0.0,0.6666666666666666,E2 불량 시기 안 (샷 0~60),공정 값 23,트리
랜덤포레스트,45,0.4040753638388851,0.6840659340659341,0.5,0.5,0.75,0.6666666666666666,0.5,1.0,0.8375,E2 불량 시기 안 (샷 0~60),공정 값 23,트리
랜덤포레스트,46,0.37243498681114784,0.7254901960784313,0.6666666666666666,0.6666666666666666,0.6666666666666666,0.4444444444444444,0.6666666666666666,0.3333333333333333,0.7543859649122807,E2 불량 시기 안 (샷 0~60),공정 값 23,트리
랜덤포레스트,47,0.6017321082769999,0.3176638176638177,0.3333333333333333,0.3333333333333333,0.3333333333333333,0.0,0.0,0.0,0.7391304347826088,E2 불량 시기 안 (샷 0~60),공정 값 23,트리
랜덤포레스트,48,0.5229802053954529,0.3353386809269162,0.25,0.5,0.5,0.5,0.5,0.5,0.6875,E2 불량 시기 안 (샷 0~60),공정 값 23,트리
랜덤포레스트,49,0.5635077981014511,0.4653679653679654,0.3333333333333333,0.3333333333333333,0.3333333333333333,0.0,0.0,0.0,0.6969696969696969,E2 불량 시기 안 (샷 0~60),공정 값 23,트리
엑스트라트리,0,0.4476720189563278,0.7875,0.5,0.75,0.75,0.75,0.75,0.75,0.9125,E2 불량 시기 안 (샷 0~60),공정 값 23,트리
엑스트라트리,1,0.5298401507649504,0.8095238095238095,0.6666666666666666,0.6666666666666666,1.0,0.8,0.6666666666666666,1.0,0.9298245614035088,E2 불량 시기 안 (샷 0~60),공정 값 23,트리
엑스트라트리,2,0.7531605975475328,0.26517273576097106,0.3333333333333333,0.3333333333333333,0.6666666666666666,0.0,0.0,0.0,0.6956521739130435,E2 불량 시기 안 (샷 0~60),공정 값 23,트리
엑스트라트리,3,0.38104964971917515,0.6276315789473683,0.5,0.5,0.5,0.5,0.5,0.5,0.7250000000000001,E2 불량 시기 안 (샷 0~60),공정 값 23,트리
엑스트라트리,4,0.45528535389412367,0.1619981325863679,0.0,0.0,0.3333333333333333,0.0,0.0,0.0,0.5454545454545454,E2 불량 시기 안 (샷 0~60),공정 값 23,트리
엑스트라트리,5,0.435956768301586,0.6464285714285714,0.5,0.5,0.5,0.6666666666666666,0.5,1.0,0.7875,E2 불량 시기 안 (샷 0~60),공정 값 23,트리
엑스트라트리,6,0.4687822284290926,0.3333333333333333,0.3333333333333333,0.6666666666666666,0.6666666666666666,0.0,0.0,0.0,0.8260869565217391,E2 불량 시기 안 (샷 0~60),공정 값 23,트리
엑스트라트리,7,0.20481940392555478,0.7589285714285714,0.5,0.75,0.75,0.4444444444444444,1.0,0.2857142857142857,0.8625,E2 불량 시기 안 (샷 0~60),공정 값 23,트리
엑스트라트리,8,0.4202327473970211,1.0,1.0,1.0,1.0,0.6666666666666666,1.0,0.5,1.0,E2 불량 시기 안 (샷 0~60),공정 값 23,트리
엑스트라트리,9,0.48154026466965055,0.21581196581196582,0.0,0.0,0.6666666666666666,0.0,0.0,0.0,0.6818181818181818,E2 불량 시기 안 (샷 0~60),공정 값 23,트리
엑스트라트리,10,0.308868509097777,0.6706730769230769,0.5,0.5,0.75,0.42857142857142855,0.75,0.3,0.8250000000000001,E2 불량 시기 안 (샷 0~60),공정 값 23,트리
엑스트라트리,11,0.28615110261242677,0.7254901960784313,0.6666666666666666,0.6666666666666666,0.6666666666666666,0.4444444444444444,0.6666666666666666,0.3333333333333333,0.7543859649122807,E2 불량 시기 안 (샷 0~60),공정 값 23,트리
엑스트라트리,12,0.7295536387615142,0.3176638176638177,0.3333333333333333,0.3333333333333333,0.3333333333333333,0.0,0.0,0.0,0.7391304347826088,E2 불량 시기 안 (샷 0~60),공정 값 23,트리
엑스트라트리,13,0.8272885683872108,0.46249999999999997,0.3333333333333333,0.3333333333333333,0.3333333333333333,0.0,0.0,0.0,0.6818181818181818,E2 불량 시기 안 (샷 0~60),공정 값 23,트리
엑스트라트리,14,0.3917612095208636,0.6088235294117648,0.5,0.5,0.5,0.4,0.5,0.3333333333333333,0.6875,E2 불량 시기 안 (샷 0~60),공정 값 23,트리
엑스트라트리,15,0.7204250973061513,0.32539682539682535,0.3333333333333333,0.6666666666666666,0.6666666666666666,0.0,0.0,0.0,0.6666666666666666,E2 불량 시기 안 (샷 0~60),공정 값 23,트리
엑스트라트리,16,0.42285285424340374,0.6160714285714286,0.5,0.5,0.5,0.5,0.5,0.5,0.7125,E2 불량 시기 안 (샷 0~60),공정 값 23,트리
엑스트라트리,17,0.3200331619585413,0.6684782608695652,0.5,0.5,0.75,0.375,0.75,0.25,0.725,E2 불량 시기 안 (샷 0~60),공정 값 23,트리
엑스트라트리,18,0.43042508320613593,0.7916666666666666,0.6666666666666666,0.6666666666666666,0.6666666666666666,0.5714285714285714,0.6666666666666666,0.5,0.912280701754386,E2 불량 시기 안 (샷 0~60),공정 값 23,트리
엑스트라트리,19,0.43309348583665136,0.29583333333333334,0.3333333333333333,0.3333333333333333,0.3333333333333333,0.4,0.3333333333333333,0.5,0.6666666666666666,E2 불량 시기 안 (샷 0~60),공정 값 23,트리
엑스트라트리,20,0.47841916904606413,0.8055555555555556,0.75,0.75,0.75,0.6666666666666666,0.5,1.0,0.825,E2 불량 시기 안 (샷 0~60),공정 값 23,트리
엑스트라트리,21,0.7931185000004972,0.173109243697479,0.0,0.0,0.3333333333333333,0.0,0.0,0.0,0.5942028985507246,E2 불량 시기 안 (샷 0~60),공정 값 23,트리
엑스트라트리,22,0.3565128815192549,0.6388888888888888,0.5,0.5,0.5,0.5,0.5,0.5,0.75,E2 불량 시기 안 (샷 0~60),공정 값 23,트리
엑스트라트리,23,0.25813628434040337,0.7291666666666666,0.6666666666666666,0.6666666666666666,0.6666666666666666,0.26666666666666666,0.6666666666666666,0.16666666666666666,0.7719298245614035,E2 불량 시기 안 (샷 0~60),공정 값 23,트리
엑스트라트리,24,0.7909488482785337,0.23809523809523808,0.0,0.3333333333333333,0.6666666666666666,0.0,0.0,0.0,0.6969696969696969,E2 불량 시기 안 (샷 0~60),공정 값 23,트리
엑스트라트리,25,0.4610660886231553,0.8303571428571428,0.5,0.75,1.0,0.75,0.75,0.75,0.95,E2 불량 시기 안 (샷 0~60),공정 값 23,트리
엑스트라트리,26,0.2188979494345404,0.8095238095238095,0.6666666666666666,0.6666666666666666,1.0,0.35294117647058826,1.0,0.21428571428571427,0.9298245614035088,E2 불량 시기 안 (샷 0~60),공정 값 23,트리
엑스트라트리,27,0.3656073398802726,0.6276315789473683,0.5,0.5,0.5,0.6666666666666666,0.5,1.0,0.7250000000000001,E2 불량 시기 안 (샷 0~60),공정 값 23,트리
엑스트라트리,28,0.7911669363775121,0.24864024864024864,0.3333333333333333,0.3333333333333333,0.3333333333333333,0.0,0.0,0.0,0.6956521739130436,E2 불량 시기 안 (샷 0~60),공정 값 23,트리
엑스트라트리,29,0.473805324556477,0.33535353535353535,0.3333333333333333,0.6666666666666666,0.6666666666666666,0.0,0.0,0.0,0.803030303030303,E2 불량 시기 안 (샷 0~60),공정 값 23,트리
엑스트라트리,30,0.40247115509498604,0.6651785714285714,0.5,0.5,0.75,0.5,0.5,0.5,0.8125,E2 불량 시기 안 (샷 0~60),공정 값 23,트리
엑스트라트리,31,0.42325564162935697,0.9166666666666665,0.6666666666666666,1.0,1.0,0.8,0.6666666666666666,1.0,0.9824561403508772,E2 불량 시기 안 (샷 0~60),공정 값 23,트리
엑스트라트리,32,0.7900889719470693,0.11084529505582137,0.0,0.0,0.0,0.0,0.0,0.0,0.33333333333333337,E2 불량 시기 안 (샷 0~60),공정 값 23,트리
엑스트라트리,33,0.5127313432717575,0.8269230769230769,0.75,0.75,0.75,0.6666666666666666,0.5,1.0,0.8875000000000001,E2 불량 시기 안 (샷 0~60),공정 값 23,트리
엑스트라트리,34,0.8008357530681137,0.18333333333333335,0.0,0.3333333333333333,0.3333333333333333,0.0,0.0,0.0,0.5303030303030303,E2 불량 시기 안 (샷 0~60),공정 값 23,트리
엑스트라트리,35,0.30404430681486616,0.8611111111111112,0.75,0.75,0.75,0.5,0.75,0.375,0.9375,E2 불량 시기 안 (샷 0~60),공정 값 23,트리
엑스트라트리,36,0.5946379507462899,0.14345238095238094,0.0,0.0,0.0,0.0,0.0,0.0,0.5072463768115942,E2 불량 시기 안 (샷 0~60),공정 값 23,트리
엑스트라트리,37,0.4598160548733054,0.5892857142857144,0.5,0.5,0.5,0.6666666666666666,0.5,1.0,0.6,E2 불량 시기 안 (샷 0~60),공정 값 23,트리
엑스트라트리,38,0.48004969536268155,0.8666666666666667,0.6666666666666666,1.0,1.0,0.8,0.6666666666666666,1.0,0.9649122807017544,E2 불량 시기 안 (샷 0~60),공정 값 23,트리
엑스트라트리,39,0.8056284816440072,0.21794871794871795,0.3333333333333333,0.3333333333333333,0.3333333333333333,0.0,0.0,0.0,0.5757575757575757,E2 불량 시기 안 (샷 0~60),공정 값 23,트리
엑스트라트리,40,0.39788105503206395,0.6875,0.5,0.5,0.75,0.42857142857142855,0.75,0.3,0.8125,E2 불량 시기 안 (샷 0~60),공정 값 23,트리
엑스트라트리,41,0.36500391884075767,1.0,1.0,1.0,1.0,0.5454545454545454,1.0,0.375,1.0,E2 불량 시기 안 (샷 0~60),공정 값 23,트리
엑스트라트리,42,0.7850359056148527,0.32407407407407407,0.3333333333333333,0.3333333333333333,0.3333333333333333,0.0,0.0,0.0,0.7536231884057971,E2 불량 시기 안 (샷 0~60),공정 값 23,트리
엑스트라트리,43,0.14129941744949137,0.6388888888888888,0.5,0.5,0.5,0.3333333333333333,0.75,0.21428571428571427,0.75,E2 불량 시기 안 (샷 0~60),공정 값 23,트리
엑스트라트리,44,0.7328839386113917,0.20882352941176469,0.0,0.3333333333333333,0.6666666666666666,0.0,0.0,0.0,0.6363636363636364,E2 불량 시기 안 (샷 0~60),공정 값 23,트리
엑스트라트리,45,0.43910821679726875,0.6738095238095239,0.5,0.5,0.75,0.5,0.5,0.5,0.8125,E2 불량 시기 안 (샷 0~60),공정 값 23,트리
엑스트라트리,46,0.4186964715959588,0.7777777777777777,0.6666666666666666,0.6666666666666666,0.6666666666666666,0.5714285714285714,0.6666666666666666,0.5,0.8947368421052632,E2 불량 시기 안 (샷 0~60),공정 값 23,트리
엑스트라트리,47,0.7660268546595168,0.30419580419580416,0.3333333333333333,0.3333333333333333,0.3333333333333333,0.0,0.0,0.0,0.7101449275362319,E2 불량 시기 안 (샷 0~60),공정 값 23,트리
엑스트라트리,48,0.5134134594816667,0.6359649122807016,0.5,0.5,0.5,0.5,0.5,0.5,0.7375,E2 불량 시기 안 (샷 0~60),공정 값 23,트리
엑스트라트리,49,0.7529799796478108,0.1503267973856209,0.0,0.0,0.3333333333333333,0.0,0.0,0.0,0.4696969696969697,E2 불량 시기 안 (샷 0~60),공정 값 23,트리
GradientBoosting,0,0.23092200754905653,0.7589285714285714,0.5,0.75,0.75,0.6666666666666666,0.5,1.0,0.8625,E2 불량 시기 안 (샷 0~60),공정 값 23,부스팅
GradientBoosting,1,0.3365143411334452,0.7254901960784313,0.6666666666666666,0.6666666666666666,0.6666666666666666,0.5714285714285714,0.6666666666666666,0.5,0.7543859649122807,E2 불량 시기 안 (샷 0~60),공정 값 23,부스팅
GradientBoosting,2,0.6569746341276537,0.5194805194805194,0.3333333333333333,0.3333333333333333,0.6666666666666666,0.0,0.0,0.0,0.8115942028985508,E2 불량 시기 안 (샷 0~60),공정 값 23,부스팅
GradientBoosting,3,0.3543627353214931,0.6785714285714286,0.5,0.5,0.75,0.6666666666666666,0.5,1.0,0.825,E2 불량 시기 안 (샷 0~60),공정 값 23,부스팅
GradientBoosting,4,0.7632410826596187,0.3055555555555555,0.0,0.3333333333333333,0.6666666666666666,0.0,0.0,0.0,0.803030303030303,E2 불량 시기 안 (샷 0~60),공정 값 23,부스팅
GradientBoosting,5,0.019543074505258357,0.6704545454545454,0.5,0.5,0.75,0.2727272727272727,0.75,0.16666666666666666,0.7374999999999999,E2 불량 시기 안 (샷 0~60),공정 값 23,부스팅
GradientBoosting,6,0.6477581705546771,0.17456427015250545,0.0,0.0,0.3333333333333333,0.0,0.0,0.0,0.5942028985507246,E2 불량 시기 안 (샷 0~60),공정 값 23,부스팅
GradientBoosting,7,0.016485192408396753,0.6770833333333334,0.5,0.5,0.75,0.5,1.0,0.3333333333333333,0.8375,E2 불량 시기 안 (샷 0~60),공정 값 23,부스팅
GradientBoosting,8,0.382273990714723,1.0,1.0,1.0,1.0,0.8,0.6666666666666666,1.0,1.0,E2 불량 시기 안 (샷 0~60),공정 값 23,부스팅
GradientBoosting,9,0.89671963392124,0.22053872053872053,0.0,0.0,0.3333333333333333,0.0,0.0,0.0,0.6969696969696969,E2 불량 시기 안 (샷 0~60),공정 값 23,부스팅
GradientBoosting,10,0.09535199539541396,0.7159090909090909,0.5,0.5,0.75,0.6,0.75,0.5,0.875,E2 불량 시기 안 (샷 0~60),공정 값 23,부스팅
GradientBoosting,11,0.1401743616875928,0.7142857142857142,0.6666666666666666,0.6666666666666666,0.6666666666666666,0.5714285714285714,0.6666666666666666,0.5,0.6842105263157895,E2 불량 시기 안 (샷 0~60),공정 값 23,부스팅
GradientBoosting,12,0.7796293581684596,0.23565217391304347,0.3333333333333333,0.3333333333333333,0.3333333333333333,0.0,0.0,0.0,0.36231884057971014,E2 불량 시기 안 (샷 0~60),공정 값 23,부스팅
GradientBoosting,13,0.567973836671452,0.3222222222222222,0.3333333333333333,0.3333333333333333,0.6666666666666666,0.0,0.0,0.0,0.8030303030303031,E2 불량 시기 안 (샷 0~60),공정 값 23,부스팅
GradientBoosting,14,0.347991791212604,0.7928571428571428,0.5,0.75,1.0,0.6666666666666666,0.5,1.0,0.9375,E2 불량 시기 안 (샷 0~60),공정 값 23,부스팅
GradientBoosting,15,0.6405681210608917,0.2007936507936508,0.0,0.3333333333333333,0.6666666666666666,0.0,0.0,0.0,0.6086956521739131,E2 불량 시기 안 (샷 0~60),공정 값 23,부스팅
GradientBoosting,16,0.29295252236808966,0.6583333333333333,0.5,0.5,0.5,0.6666666666666666,0.5,1.0,0.8125,E2 불량 시기 안 (샷 0~60),공정 값 23,부스팅
GradientBoosting,17,0.18276881851437843,0.7361111111111112,0.5,0.5,0.75,0.6666666666666666,0.5,1.0,0.9,E2 불량 시기 안 (샷 0~60),공정 값 23,부스팅
GradientBoosting,18,0.08988120553892602,0.7380952380952381,0.6666666666666666,0.6666666666666666,0.6666666666666666,0.5714285714285714,0.6666666666666666,0.5,0.8070175438596491,E2 불량 시기 안 (샷 0~60),공정 값 23,부스팅
GradientBoosting,19,0.93580835796735,0.2847222222222222,0.3333333333333333,0.3333333333333333,0.3333333333333333,0.0,0.0,0.0,0.6363636363636364,E2 불량 시기 안 (샷 0~60),공정 값 23,부스팅
GradientBoosting,20,0.33448043079207257,0.39299242424242425,0.25,0.5,0.75,0.5,0.5,0.5,0.7999999999999999,E2 불량 시기 안 (샷 0~60),공정 값 23,부스팅
GradientBoosting,21,0.6660642511484884,0.15925925925925927,0.0,0.0,0.0,0.0,0.0,0.0,0.5652173913043479,E2 불량 시기 안 (샷 0~60),공정 값 23,부스팅
GradientBoosting,22,0.01953784931017263,0.6547619047619047,0.5,0.5,0.5,0.3333333333333333,0.5,0.25,0.8,E2 불량 시기 안 (샷 0~60),공정 값 23,부스팅
GradientBoosting,23,0.0031728292948007245,0.75,0.6666666666666666,0.6666666666666666,0.6666666666666666,0.2608695652173913,1.0,0.15,0.8421052631578948,E2 불량 시기 안 (샷 0~60),공정 값 23,부스팅
GradientBoosting,24,0.5998128727327952,0.2698412698412698,0.3333333333333333,0.3333333333333333,0.3333333333333333,0.0,0.0,0.0,0.5606060606060606,E2 불량 시기 안 (샷 0~60),공정 값 23,부스팅
GradientBoosting,25,0.39598158948966944,0.7986111111111112,0.5,0.75,0.75,0.6666666666666666,0.5,1.0,0.925,E2 불량 시기 안 (샷 0~60),공정 값 23,부스팅
GradientBoosting,26,0.2755000182306279,0.8095238095238095,0.6666666666666666,0.6666666666666666,1.0,0.8,0.6666666666666666,1.0,0.9298245614035088,E2 불량 시기 안 (샷 0~60),공정 값 23,부스팅
GradientBoosting,27,0.2740140261575014,0.7048611111111112,0.5,0.5,0.75,0.6666666666666666,0.5,1.0,0.875,E2 불량 시기 안 (샷 0~60),공정 값 23,부스팅
GradientBoosting,28,0.867935646521954,0.4606060606060606,0.3333333333333333,0.3333333333333333,0.3333333333333333,0.0,0.0,0.0,0.6956521739130435,E2 불량 시기 안 (샷 0~60),공정 값 23,부스팅
GradientBoosting,29,0.6173006284546728,0.4603174603174603,0.3333333333333333,0.3333333333333333,0.3333333333333333,0.0,0.0,0.0,0.6818181818181818,E2 불량 시기 안 (샷 0~60),공정 값 23,부스팅
GradientBoosting,30,0.009821911745020102,0.64375,0.5,0.5,0.75,0.42857142857142855,0.75,0.3,0.7375,E2 불량 시기 안 (샷 0~60),공정 값 23,부스팅
GradientBoosting,31,0.03214845029157549,0.75,0.6666666666666666,0.6666666666666666,0.6666666666666666,0.3076923076923077,0.6666666666666666,0.2,0.8421052631578948,E2 불량 시기 안 (샷 0~60),공정 값 23,부스팅
GradientBoosting,32,0.6426539609176097,0.22692307692307695,0.0,0.3333333333333333,0.6666666666666666,0.0,0.0,0.0,0.7101449275362319,E2 불량 시기 안 (샷 0~60),공정 값 23,부스팅
GradientBoosting,33,0.7726593375045114,0.7152777777777777,0.5,0.75,0.75,0.0,0.0,0.0,0.9125000000000001,E2 불량 시기 안 (샷 0~60),공정 값 23,부스팅
GradientBoosting,34,0.39576395784655993,0.2735042735042735,0.3333333333333333,0.3333333333333333,0.3333333333333333,0.0,0.0,0.0,0.5909090909090908,E2 불량 시기 안 (샷 0~60),공정 값 23,부스팅
GradientBoosting,35,0.1348598148545445,0.8409090909090909,0.75,0.75,0.75,0.75,0.75,0.75,0.9125,E2 불량 시기 안 (샷 0~60),공정 값 23,부스팅
GradientBoosting,36,0.3884184885591475,0.1603174603174603,0.0,0.0,0.0,0.0,0.0,0.0,0.5652173913043478,E2 불량 시기 안 (샷 0~60),공정 값 23,부스팅
GradientBoosting,37,0.007467718506320515,0.7159090909090909,0.5,0.5,0.75,0.36363636363636365,1.0,0.2222222222222222,0.875,E2 불량 시기 안 (샷 0~60),공정 값 23,부스팅
GradientBoosting,38,0.2309567812659897,1.0,1.0,1.0,1.0,0.8,0.6666666666666666,1.0,1.0,E2 불량 시기 안 (샷 0~60),공정 값 23,부스팅
GradientBoosting,39,0.33893336932047596,0.1898989898989899,0.3333333333333333,0.3333333333333333,0.3333333333333333,0.0,0.0,0.0,0.40909090909090906,E2 불량 시기 안 (샷 0~60),공정 값 23,부스팅
GradientBoosting,40,0.011349893254837864,0.6964285714285714,0.5,0.5,0.75,0.36363636363636365,1.0,0.2222222222222222,0.8374999999999999,E2 불량 시기 안 (샷 0~60),공정 값 23,부스팅
GradientBoosting,41,0.04939639187905774,0.7575757575757576,0.6666666666666666,0.6666666666666666,0.6666666666666666,0.3076923076923077,0.6666666666666666,0.2,0.8596491228070176,E2 불량 시기 안 (샷 0~60),공정 값 23,부스팅
GradientBoosting,42,0.35123416895783993,0.21313131313131312,0.0,0.3333333333333333,0.3333333333333333,0.0,0.0,0.0,0.6956521739130435,E2 불량 시기 안 (샷 0~60),공정 값 23,부스팅
GradientBoosting,43,0.0804434913188166,0.7361111111111112,0.5,0.5,0.75,0.5,0.5,0.5,0.9,E2 불량 시기 안 (샷 0~60),공정 값 23,부스팅
GradientBoosting,44,0.6905755682538282,0.22424242424242424,0.0,0.3333333333333333,0.3333333333333333,0.0,0.0,0.0,0.696969696969697,E2 불량 시기 안 (샷 0~60),공정 값 23,부스팅
GradientBoosting,45,0.8082315436156949,0.8409090909090909,0.75,0.75,0.75,0.0,0.0,0.0,0.9125,E2 불량 시기 안 (샷 0~60),공정 값 23,부스팅
GradientBoosting,46,0.3283969825179622,0.7254901960784313,0.6666666666666666,0.6666666666666666,0.6666666666666666,0.8,0.6666666666666666,1.0,0.7543859649122807,E2 불량 시기 안 (샷 0~60),공정 값 23,부스팅
GradientBoosting,47,0.8429218474471035,0.2846153846153846,0.3333333333333333,0.3333333333333333,0.3333333333333333,0.0,0.0,0.0,0.6521739130434783,E2 불량 시기 안 (샷 0~60),공정 값 23,부스팅
GradientBoosting,48,0.14886622265106284,0.6053113553113553,0.5,0.5,0.5,0.5,0.5,0.5,0.6625,E2 불량 시기 안 (샷 0~60),공정 값 23,부스팅
GradientBoosting,49,0.6912516032681222,0.3333333333333333,0.3333333333333333,0.3333333333333333,0.6666666666666666,0.0,0.0,0.0,0.8181818181818181,E2 불량 시기 안 (샷 0~60),공정 값 23,부스팅
HistGradientBoosting,0,0.9574867779113214,0.8541666666666666,0.5,0.75,1.0,0.0,0.0,0.0,0.9625,E2 불량 시기 안 (샷 0~60),공정 값 23,부스팅
HistGradientBoosting,1,0.00031003863024028054,0.8095238095238095,0.6666666666666666,0.6666666666666666,1.0,0.4,1.0,0.25,0.9298245614035088,E2 불량 시기 안 (샷 0~60),공정 값 23,부스팅
HistGradientBoosting,2,0.25374740517028666,0.6222222222222222,0.6666666666666666,0.6666666666666666,0.6666666666666666,0.0,0.0,0.0,0.8115942028985508,E2 불량 시기 안 (샷 0~60),공정 값 23,부스팅
HistGradientBoosting,3,0.35934931279795523,0.8214285714285714,0.75,0.75,0.75,0.75,0.75,0.75,0.875,E2 불량 시기 안 (샷 0~60),공정 값 23,부스팅
HistGradientBoosting,4,0.34046606002703533,0.21666666666666667,0.0,0.3333333333333333,0.3333333333333333,0.0,0.0,0.0,0.6818181818181817,E2 불량 시기 안 (샷 0~60),공정 값 23,부스팅
HistGradientBoosting,5,0.017619449187610426,0.27767857142857144,0.0,0.25,0.75,0.5,0.75,0.375,0.6375000000000001,E2 불량 시기 안 (샷 0~60),공정 값 23,부스팅
HistGradientBoosting,6,0.007458575430801046,0.3277777777777778,0.0,0.6666666666666666,0.6666666666666666,0.4444444444444444,0.6666666666666666,0.3333333333333333,0.826086956521739,E2 불량 시기 안 (샷 0~60),공정 값 23,부스팅
HistGradientBoosting,7,0.07984541707778274,0.6875,0.5,0.5,0.75,0.5,0.5,0.5,0.8125,E2 불량 시기 안 (샷 0~60),공정 값 23,부스팅
HistGradientBoosting,8,0.07922357893369862,1.0,1.0,1.0,1.0,0.8,0.6666666666666666,1.0,1.0,E2 불량 시기 안 (샷 0~60),공정 값 23,부스팅
HistGradientBoosting,9,0.12321427003124172,0.3476190476190476,0.3333333333333333,0.6666666666666666,0.6666666666666666,0.0,0.0,0.0,0.6666666666666666,E2 불량 시기 안 (샷 0~60),공정 값 23,부스팅
HistGradientBoosting,10,0.01596063828734185,0.6916666666666667,0.5,0.5,0.75,0.6,0.75,0.5,0.825,E2 불량 시기 안 (샷 0~60),공정 값 23,부스팅
HistGradientBoosting,11,0.0010391384100438598,1.0,1.0,1.0,1.0,0.2857142857142857,1.0,0.16666666666666666,1.0,E2 불량 시기 안 (샷 0~60),공정 값 23,부스팅
HistGradientBoosting,12,0.620751223344497,0.17809364548494983,0.0,0.3333333333333333,0.3333333333333333,0.0,0.0,0.0,0.5072463768115941,E2 불량 시기 안 (샷 0~60),공정 값 23,부스팅
HistGradientBoosting,13,0.062310368775820205,0.4244306418219461,0.3333333333333333,0.3333333333333333,0.3333333333333333,0.4,0.3333333333333333,0.5,0.5151515151515151,E2 불량 시기 안 (샷 0~60),공정 값 23,부스팅
HistGradientBoosting,14,0.9158458666107959,0.6243589743589744,0.5,0.5,0.5,0.0,0.0,0.0,0.7375,E2 불량 시기 안 (샷 0~60),공정 값 23,부스팅
HistGradientBoosting,15,0.013785039462261056,0.13425925925925924,0.0,0.0,0.0,0.0,0.0,0.0,0.46376811594202894,E2 불량 시기 안 (샷 0~60),공정 값 23,부스팅
HistGradientBoosting,16,0.00029758628572476174,0.6770833333333334,0.5,0.5,0.75,0.5,0.75,0.375,0.8375,E2 불량 시기 안 (샷 0~60),공정 값 23,부스팅
HistGradientBoosting,17,0.7391287793692212,0.14451992753623188,0.0,0.0,0.0,0.0,0.0,0.0,0.30000000000000004,E2 불량 시기 안 (샷 0~60),공정 값 23,부스팅
HistGradientBoosting,18,0.5202255312515327,0.8333333333333333,0.6666666666666666,0.6666666666666666,1.0,0.5714285714285714,0.6666666666666666,0.5,0.9473684210526315,E2 불량 시기 안 (샷 0~60),공정 값 23,부스팅
HistGradientBoosting,19,0.10893984126451633,0.17261904761904762,0.0,0.3333333333333333,0.3333333333333333,0.2857142857142857,0.3333333333333333,0.25,0.45454545454545453,E2 불량 시기 안 (샷 0~60),공정 값 23,부스팅
HistGradientBoosting,20,0.8899406446538417,0.6249999999999999,0.5,0.5,0.5,0.0,0.0,0.0,0.6749999999999999,E2 불량 시기 안 (샷 0~60),공정 값 23,부스팅
HistGradientBoosting,21,0.14579716347646415,0.47549019607843135,0.3333333333333333,0.3333333333333333,0.6666666666666666,0.2857142857142857,0.3333333333333333,0.25,0.7101449275362319,E2 불량 시기 안 (샷 0~60),공정 값 23,부스팅
HistGradientBoosting,22,0.003903420239150069,0.85,0.75,0.75,0.75,0.5,1.0,0.3333333333333333,0.9249999999999999,E2 불량 시기 안 (샷 0~60),공정 값 23,부스팅
HistGradientBoosting,23,0.22723777754846983,0.7166666666666666,0.6666666666666666,0.6666666666666666,0.6666666666666666,0.5714285714285714,0.6666666666666666,0.5,0.7017543859649122,E2 불량 시기 안 (샷 0~60),공정 값 23,부스팅
HistGradientBoosting,24,0.8724775683317862,0.33333333333333337,0.3333333333333333,0.3333333333333333,0.6666666666666666,0.0,0.0,0.0,0.7424242424242424,E2 불량 시기 안 (샷 0~60),공정 값 23,부스팅
HistGradientBoosting,25,0.001794816518564243,0.6726190476190477,0.5,0.5,0.75,0.42857142857142855,0.75,0.3,0.7499999999999999,E2 불량 시기 안 (샷 0~60),공정 값 23,부스팅
HistGradientBoosting,26,0.00033262101875680195,0.7333333333333334,0.6666666666666666,0.6666666666666666,0.6666666666666666,0.23529411764705882,0.6666666666666666,0.14285714285714285,0.7894736842105263,E2 불량 시기 안 (샷 0~60),공정 값 23,부스팅
HistGradientBoosting,27,0.9812363518129584,0.6706730769230769,0.5,0.5,0.75,0.0,0.0,0.0,0.8250000000000001,E2 불량 시기 안 (샷 0~60),공정 값 23,부스팅
HistGradientBoosting,28,0.996695609921657,0.5575757575757576,0.3333333333333333,0.6666666666666666,0.6666666666666666,0.0,0.0,0.0,0.8405797101449275,E2 불량 시기 안 (샷 0~60),공정 값 23,부스팅
HistGradientBoosting,29,0.08691681538617863,0.6666666666666666,0.6666666666666666,0.6666666666666666,0.6666666666666666,0.5714285714285714,0.6666666666666666,0.5,0.8939393939393939,E2 불량 시기 안 (샷 0~60),공정 값 23,부스팅
HistGradientBoosting,30,0.09729966374612438,0.5871212121212122,0.5,0.5,0.5,0.5,0.5,0.5,0.5875,E2 불량 시기 안 (샷 0~60),공정 값 23,부스팅
HistGradientBoosting,31,0.0006149702074420869,0.7916666666666666,0.6666666666666666,0.6666666666666666,0.6666666666666666,0.46153846153846156,1.0,0.3,0.912280701754386,E2 불량 시기 안 (샷 0~60),공정 값 23,부스팅
HistGradientBoosting,32,0.9958028130670638,0.13377363377363377,0.0,0.0,0.0,0.0,0.0,0.0,0.4492753623188406,E2 불량 시기 안 (샷 0~60),공정 값 23,부스팅
HistGradientBoosting,33,0.8843322999709851,0.433187134502924,0.25,0.25,0.25,0.3333333333333333,0.25,0.5,0.6375000000000001,E2 불량 시기 안 (샷 0~60),공정 값 23,부스팅
HistGradientBoosting,34,0.5715977084323451,0.17323232323232324,0.0,0.3333333333333333,0.3333333333333333,0.0,0.0,0.0,0.4696969696969696,E2 불량 시기 안 (샷 0~60),공정 값 23,부스팅
HistGradientBoosting,35,0.0006722466739765175,0.8088235294117647,0.75,0.75,0.75,0.42857142857142855,0.75,0.3,0.8375,E2 불량 시기 안 (샷 0~60),공정 값 23,부스팅
HistGradientBoosting,36,0.8594839567416415,0.19444444444444445,0.0,0.3333333333333333,0.3333333333333333,0.0,0.0,0.0,0.5942028985507246,E2 불량 시기 안 (샷 0~60),공정 값 23,부스팅
HistGradientBoosting,37,0.0063394143025137985,0.6306818181818181,0.5,0.5,0.5,0.4,0.5,0.3333333333333333,0.75,E2 불량 시기 안 (샷 0~60),공정 값 23,부스팅
HistGradientBoosting,38,0.6633297230415613,1.0,1.0,1.0,1.0,0.0,0.0,0.0,1.0,E2 불량 시기 안 (샷 0~60),공정 값 23,부스팅
HistGradientBoosting,39,0.016866532569123877,0.1987012987012987,0.0,0.3333333333333333,0.3333333333333333,0.0,0.0,0.0,0.6363636363636364,E2 불량 시기 안 (샷 0~60),공정 값 23,부스팅
HistGradientBoosting,40,0.010065326975677882,0.7329545454545454,0.5,0.75,0.75,0.6,0.75,0.5,0.7625,E2 불량 시기 안 (샷 0~60),공정 값 23,부스팅
HistGradientBoosting,41,0.9970770642766063,0.8666666666666667,0.6666666666666666,1.0,1.0,0.0,0.0,0.0,0.9649122807017544,E2 불량 시기 안 (샷 0~60),공정 값 23,부스팅
HistGradientBoosting,42,0.5762968113558439,0.2361111111111111,0.3333333333333333,0.3333333333333333,0.6666666666666666,0.0,0.0,0.0,0.5797101449275364,E2 불량 시기 안 (샷 0~60),공정 값 23,부스팅
HistGradientBoosting,43,0.0005632818498390084,0.6306818181818181,0.5,0.5,0.5,0.3333333333333333,0.75,0.21428571428571427,0.75,E2 불량 시기 안 (샷 0~60),공정 값 23,부스팅
HistGradientBoosting,44,0.9538146231004762,0.15445665445665446,0.0,0.0,0.3333333333333333,0.0,0.0,0.0,0.5151515151515151,E2 불량 시기 안 (샷 0~60),공정 값 23,부스팅
HistGradientBoosting,45,0.9541848198438053,0.1516942809512469,0.0,0.0,0.0,0.0,0.0,0.0,0.3375,E2 불량 시기 안 (샷 0~60),공정 값 23,부스팅
HistGradientBoosting,46,0.024665609764769086,0.7192982456140351,0.6666666666666666,0.6666666666666666,0.6666666666666666,0.4444444444444444,0.6666666666666666,0.3333333333333333,0.7192982456140351,E2 불량 시기 안 (샷 0~60),공정 값 23,부스팅
HistGradientBoosting,47,0.5097582451534107,0.24936061381074168,0.3333333333333333,0.3333333333333333,0.3333333333333333,0.0,0.0,0.0,0.4782608695652174,E2 불량 시기 안 (샷 0~60),공정 값 23,부스팅
HistGradientBoosting,48,0.13264853981741023,0.642156862745098,0.5,0.5,0.5,0.5,0.5,0.5,0.7625,E2 불량 시기 안 (샷 0~60),공정 값 23,부스팅
HistGradientBoosting,49,0.9756430689119755,0.2240740740740741,0.0,0.3333333333333333,0.3333333333333333,0.0,0.0,0.0,0.6969696969696969,E2 불량 시기 안 (샷 0~60),공정 값 23,부스팅
XGBoost,0,0.18989932537078857,0.8125,0.5,0.75,1.0,0.6666666666666666,1.0,0.5,0.9375,E2 불량 시기 안 (샷 0~60),공정 값 23,부스팅
XGBoost,1,0.426924467086792,0.8666666666666667,0.6666666666666666,1.0,1.0,0.8,0.6666666666666666,1.0,0.9649122807017544,E2 불량 시기 안 (샷 0~60),공정 값 23,부스팅
XGBoost,2,0.7898736000061035,0.519298245614035,0.3333333333333333,0.6666666666666666,0.6666666666666666,0.0,0.0,0.0,0.7246376811594203,E2 불량 시기 안 (샷 0~60),공정 값 23,부스팅
XGBoost,3,0.21115060150623322,0.6904761904761905,0.5,0.5,0.75,0.4,0.5,0.3333333333333333,0.85,E2 불량 시기 안 (샷 0~60),공정 값 23,부스팅
XGBoost,4,0.27932658791542053,0.33730158730158727,0.0,0.3333333333333333,1.0,0.2857142857142857,0.3333333333333333,0.25,0.8333333333333333,E2 불량 시기 안 (샷 0~60),공정 값 23,부스팅
XGBoost,5,0.5442562699317932,0.36666666666666664,0.25,0.5,0.5,0.5,0.5,0.5,0.7625,E2 불량 시기 안 (샷 0~60),공정 값 23,부스팅
XGBoost,6,0.4618823826313019,0.5873015873015872,0.3333333333333333,0.6666666666666666,1.0,0.5454545454545454,1.0,0.375,0.8840579710144928,E2 불량 시기 안 (샷 0~60),공정 값 23,부스팅
XGBoost,7,0.05941569432616234,0.6583333333333333,0.5,0.5,0.5,0.42857142857142855,0.75,0.3,0.8125,E2 불량 시기 안 (샷 0~60),공정 값 23,부스팅
XGBoost,8,0.057522378861904144,1.0,1.0,1.0,1.0,0.5454545454545454,1.0,0.375,1.0,E2 불량 시기 안 (샷 0~60),공정 값 23,부스팅
XGBoost,9,0.6940643787384033,0.4944444444444444,0.3333333333333333,0.3333333333333333,0.6666666666666666,0.4,0.3333333333333333,0.5,0.6818181818181818,E2 불량 시기 안 (샷 0~60),공정 값 23,부스팅
XGBoost,10,0.5711849927902222,0.7361111111111112,0.5,0.5,0.75,0.5,0.5,0.5,0.9,E2 불량 시기 안 (샷 0~60),공정 값 23,부스팅
XGBoost,11,0.09524974972009659,0.42063492063492064,0.3333333333333333,0.6666666666666666,1.0,0.5454545454545454,1.0,0.375,0.8596491228070176,E2 불량 시기 안 (샷 0~60),공정 값 23,부스팅
XGBoost,12,0.8520910739898682,0.27489177489177485,0.3333333333333333,0.3333333333333333,0.3333333333333333,0.0,0.0,0.0,0.5942028985507246,E2 불량 시기 안 (샷 0~60),공정 값 23,부스팅
XGBoost,13,0.6895906925201416,0.4365079365079365,0.3333333333333333,0.3333333333333333,0.3333333333333333,0.2857142857142857,0.3333333333333333,0.25,0.5909090909090909,E2 불량 시기 안 (샷 0~60),공정 값 23,부스팅
XGBoost,14,0.8397623896598816,0.7166666666666667,0.5,0.75,0.75,0.0,0.0,0.0,0.8374999999999999,E2 불량 시기 안 (샷 0~60),공정 값 23,부스팅
XGBoost,15,0.529995322227478,0.5158730158730158,0.3333333333333333,0.6666666666666666,0.6666666666666666,0.4,0.3333333333333333,0.5,0.7826086956521738,E2 불량 시기 안 (샷 0~60),공정 값 23,부스팅
XGBoost,16,0.40122511982917786,0.7708333333333333,0.5,0.75,0.75,0.6666666666666666,0.5,1.0,0.8875,E2 불량 시기 안 (샷 0~60),공정 값 23,부스팅
XGBoost,17,0.49036869406700134,0.75,0.5,0.75,0.75,0.5,0.5,0.5,0.8999999999999999,E2 불량 시기 안 (샷 0~60),공정 값 23,부스팅
XGBoost,18,0.38532930612564087,0.4444444444444445,0.3333333333333333,0.6666666666666666,1.0,0.5714285714285714,0.6666666666666666,0.5,0.8771929824561403,E2 불량 시기 안 (샷 0~60),공정 값 23,부스팅
XGBoost,19,0.8012346625328064,0.2698412698412698,0.3333333333333333,0.3333333333333333,0.3333333333333333,0.4,0.3333333333333333,0.5,0.5757575757575757,E2 불량 시기 안 (샷 0~60),공정 값 23,부스팅
XGBoost,20,0.5942542552947998,0.6213235294117647,0.5,0.5,0.5,0.6666666666666666,0.5,1.0,0.725,E2 불량 시기 안 (샷 0~60),공정 값 23,부스팅
XGBoost,21,0.29569554328918457,0.2611111111111111,0.3333333333333333,0.3333333333333333,0.6666666666666666,0.26666666666666666,0.6666666666666666,0.16666666666666666,0.7101449275362319,E2 불량 시기 안 (샷 0~60),공정 값 23,부스팅
XGBoost,22,0.5956399440765381,0.75,0.5,0.75,0.75,0.6666666666666666,0.5,1.0,0.8999999999999999,E2 불량 시기 안 (샷 0~60),공정 값 23,부스팅
XGBoost,23,0.05521079897880554,0.8333333333333333,0.6666666666666666,0.6666666666666666,1.0,0.5454545454545454,1.0,0.375,0.9473684210526315,E2 불량 시기 안 (샷 0~60),공정 값 23,부스팅
XGBoost,24,0.8477368354797363,0.5444444444444444,0.3333333333333333,0.3333333333333333,0.6666666666666666,0.0,0.0,0.0,0.8333333333333334,E2 불량 시기 안 (샷 0~60),공정 값 23,부스팅
XGBoost,25,0.197132408618927,0.5560897435897436,0.5,0.75,0.75,0.5,0.75,0.375,0.8500000000000001,E2 불량 시기 안 (샷 0~60),공정 값 23,부스팅
XGBoost,26,0.38024213910102844,0.42063492063492064,0.3333333333333333,0.6666666666666666,1.0,0.5714285714285714,0.6666666666666666,0.5,0.8596491228070176,E2 불량 시기 안 (샷 0~60),공정 값 23,부스팅
XGBoost,27,0.9770283102989197,0.875,0.75,0.75,1.0,0.0,0.0,0.0,0.9500000000000001,E2 불량 시기 안 (샷 0~60),공정 값 23,부스팅
XGBoost,28,0.665869414806366,0.5396825396825397,0.3333333333333333,0.3333333333333333,0.6666666666666666,0.4,0.3333333333333333,0.5,0.8405797101449275,E2 불량 시기 안 (샷 0~60),공정 값 23,부스팅
XGBoost,29,0.8378395438194275,0.6984126984126984,0.6666666666666666,0.6666666666666666,1.0,0.0,0.0,0.0,0.9242424242424242,E2 불량 시기 안 (샷 0~60),공정 값 23,부스팅
XGBoost,30,0.5739008188247681,0.2954545454545454,0.25,0.5,0.5,0.0,0.0,0.0,0.5375,E2 불량 시기 안 (샷 0~60),공정 값 23,부스팅
XGBoost,31,0.22887346148490906,0.7916666666666666,0.6666666666666666,0.6666666666666666,0.6666666666666666,0.8,0.6666666666666666,1.0,0.912280701754386,E2 불량 시기 안 (샷 0~60),공정 값 23,부스팅
XGBoost,32,0.39036810398101807,0.2342171717171717,0.3333333333333333,0.3333333333333333,0.3333333333333333,0.0,0.0,0.0,0.6521739130434783,E2 불량 시기 안 (샷 0~60),공정 값 23,부스팅
XGBoost,33,0.702330470085144,0.5276315789473685,0.25,0.5,0.75,0.3333333333333333,0.25,0.5,0.7374999999999999,E2 불량 시기 안 (샷 0~60),공정 값 23,부스팅
XGBoost,34,0.7521899938583374,0.19771241830065361,0.0,0.3333333333333333,0.3333333333333333,0.2857142857142857,0.3333333333333333,0.25,0.5909090909090909,E2 불량 시기 안 (샷 0~60),공정 값 23,부스팅
XGBoost,35,0.39900240302085876,0.8088235294117647,0.75,0.75,0.75,0.75,0.75,0.75,0.8375,E2 불량 시기 안 (샷 0~60),공정 값 23,부스팅
XGBoost,36,0.5070403814315796,0.22916666666666663,0.0,0.3333333333333333,0.6666666666666666,0.2222222222222222,0.3333333333333333,0.16666666666666666,0.681159420289855,E2 불량 시기 안 (샷 0~60),공정 값 23,부스팅
XGBoost,37,0.25086408853530884,0.8055555555555556,0.75,0.75,0.75,0.75,0.75,0.75,0.825,E2 불량 시기 안 (샷 0~60),공정 값 23,부스팅
XGBoost,38,0.3160235583782196,1.0,1.0,1.0,1.0,0.8,0.6666666666666666,1.0,1.0,E2 불량 시기 안 (샷 0~60),공정 값 23,부스팅
XGBoost,39,0.36185818910598755,0.21428571428571427,0.3333333333333333,0.3333333333333333,0.3333333333333333,0.2857142857142857,0.3333333333333333,0.25,0.5606060606060606,E2 불량 시기 안 (샷 0~60),공정 값 23,부스팅
XGBoost,40,0.054209690541028976,0.75,0.5,0.75,0.75,0.375,0.75,0.25,0.8375,E2 불량 시기 안 (샷 0~60),공정 값 23,부스팅
XGBoost,41,0.5561590194702148,0.8666666666666667,0.6666666666666666,1.0,1.0,0.8,0.6666666666666666,1.0,0.9649122807017544,E2 불량 시기 안 (샷 0~60),공정 값 23,부스팅
XGBoost,42,0.4818955361843109,0.3833333333333333,0.3333333333333333,0.6666666666666666,0.6666666666666666,0.4,0.3333333333333333,0.5,0.8115942028985508,E2 불량 시기 안 (샷 0~60),공정 값 23,부스팅
XGBoost,43,0.13137446343898773,0.7463235294117647,0.5,0.75,0.75,0.5,0.75,0.375,0.825,E2 불량 시기 안 (샷 0~60),공정 값 23,부스팅
XGBoost,44,0.8538414239883423,0.3333333333333333,0.3333333333333333,0.3333333333333333,0.6666666666666666,0.0,0.0,0.0,0.8181818181818181,E2 불량 시기 안 (샷 0~60),공정 값 23,부스팅
XGBoost,45,0.8757246136665344,0.5276315789473685,0.25,0.5,0.75,0.0,0.0,0.0,0.7374999999999999,E2 불량 시기 안 (샷 0~60),공정 값 23,부스팅
XGBoost,46,0.07630768418312073,0.7333333333333334,0.6666666666666666,0.6666666666666666,0.6666666666666666,0.3076923076923077,0.6666666666666666,0.2,0.7894736842105263,E2 불량 시기 안 (샷 0~60),공정 값 23,부스팅
XGBoost,47,0.5881488919258118,0.286096256684492,0.3333333333333333,0.3333333333333333,0.3333333333333333,0.4,0.3333333333333333,0.5,0.6521739130434783,E2 불량 시기 안 (샷 0~60),공정 값 23,부스팅
XGBoost,48,0.2607046961784363,0.2833333333333333,0.0,0.25,0.5,0.4,0.5,0.3333333333333333,0.6875,E2 불량 시기 안 (샷 0~60),공정 값 23,부스팅
XGBoost,49,0.5943424105644226,0.6222222222222222,0.6666666666666666,0.6666666666666666,0.6666666666666666,0.0,0.0,0.0,0.803030303030303,E2 불량 시기 안 (샷 0~60),공정 값 23,부스팅
LightGBM,0,0.7341546392187007,0.7875,0.5,0.75,0.75,0.6666666666666666,0.5,1.0,0.9125,E2 불량 시기 안 (샷 0~60),공정 값 23,부스팅
LightGBM,1,0.09833999076918076,0.8666666666666667,0.6666666666666666,1.0,1.0,0.5714285714285714,0.6666666666666666,0.5,0.9649122807017544,E2 불량 시기 안 (샷 0~60),공정 값 23,부스팅
LightGBM,2,0.8177319405189257,0.7555555555555555,0.6666666666666666,1.0,1.0,0.0,0.0,0.0,0.9565217391304348,E2 불량 시기 안 (샷 0~60),공정 값 23,부스팅
LightGBM,3,0.3065230670840871,0.9166666666666666,0.75,0.75,1.0,0.6666666666666666,0.5,1.0,0.9750000000000001,E2 불량 시기 안 (샷 0~60),공정 값 23,부스팅
LightGBM,4,0.23041578386233738,0.3222222222222222,0.3333333333333333,0.3333333333333333,0.6666666666666666,0.2857142857142857,0.3333333333333333,0.25,0.8030303030303031,E2 불량 시기 안 (샷 0~60),공정 값 23,부스팅
LightGBM,5,0.07356813370731342,0.75,0.5,0.5,1.0,0.6,0.75,0.5,0.9125000000000001,E2 불량 시기 안 (샷 0~60),공정 값 23,부스팅
LightGBM,6,0.5869060709142704,0.7,0.3333333333333333,1.0,1.0,0.0,0.0,0.0,0.9420289855072465,E2 불량 시기 안 (샷 0~60),공정 값 23,부스팅
LightGBM,7,0.49643367494863466,0.8125,0.5,0.75,1.0,0.6666666666666666,0.5,1.0,0.9375,E2 불량 시기 안 (샷 0~60),공정 값 23,부스팅
LightGBM,8,0.08301165997606068,1.0,1.0,1.0,1.0,0.8571428571428571,1.0,0.75,1.0,E2 불량 시기 안 (샷 0~60),공정 값 23,부스팅
LightGBM,9,0.4643436067134928,0.5158730158730158,0.3333333333333333,0.3333333333333333,0.6666666666666666,0.0,0.0,0.0,0.7727272727272727,E2 불량 시기 안 (샷 0~60),공정 값 23,부스팅
LightGBM,10,0.13240119655540142,0.8303571428571428,0.5,0.75,1.0,0.6,0.75,0.5,0.95,E2 불량 시기 안 (샷 0~60),공정 값 23,부스팅
LightGBM,11,0.03430340935650371,0.8666666666666667,0.6666666666666666,1.0,1.0,0.6666666666666666,1.0,0.5,0.9649122807017544,E2 불량 시기 안 (샷 0~60),공정 값 23,부스팅
LightGBM,12,0.3882851957260778,0.20502645502645503,0.0,0.0,0.3333333333333333,0.0,0.0,0.0,0.6811594202898552,E2 불량 시기 안 (샷 0~60),공정 값 23,부스팅
LightGBM,13,0.8757764766689266,0.2777777777777778,0.3333333333333333,0.3333333333333333,0.6666666666666666,0.0,0.0,0.0,0.7424242424242423,E2 불량 시기 안 (샷 0~60),공정 값 23,부스팅
LightGBM,14,0.7984422523502972,0.8928571428571428,0.75,0.75,1.0,0.6666666666666666,0.5,1.0,0.9624999999999999,E2 불량 시기 안 (샷 0~60),공정 값 23,부스팅
LightGBM,15,0.6548076711596947,0.5277777777777778,0.3333333333333333,0.6666666666666666,0.6666666666666666,0.0,0.0,0.0,0.8115942028985508,E2 불량 시기 안 (샷 0~60),공정 값 23,부스팅
LightGBM,16,0.039458180423062005,0.7875,0.5,0.75,0.75,0.6,0.75,0.5,0.9125,E2 불량 시기 안 (샷 0~60),공정 값 23,부스팅
LightGBM,17,0.30719273983059653,0.8875,0.5,1.0,1.0,0.8,1.0,0.6666666666666666,0.975,E2 불량 시기 안 (샷 0~60),공정 값 23,부스팅
LightGBM,18,0.17378302726738423,0.4444444444444445,0.3333333333333333,0.6666666666666666,1.0,0.5714285714285714,0.6666666666666666,0.5,0.8771929824561403,E2 불량 시기 안 (샷 0~60),공정 값 23,부스팅
LightGBM,19,0.720335341509201,0.2847222222222222,0.3333333333333333,0.3333333333333333,0.3333333333333333,0.0,0.0,0.0,0.6363636363636364,E2 불량 시기 안 (샷 0~60),공정 값 23,부스팅
LightGBM,20,0.12094982651463579,0.6666666666666666,0.5,0.5,0.5,0.5,0.5,0.5,0.825,E2 불량 시기 안 (샷 0~60),공정 값 23,부스팅
LightGBM,21,0.11637894574129104,0.27136752136752135,0.3333333333333333,0.3333333333333333,0.6666666666666666,0.3076923076923077,0.6666666666666666,0.2,0.7391304347826088,E2 불량 시기 안 (샷 0~60),공정 값 23,부스팅
LightGBM,22,0.050284068320434985,0.85,0.75,0.75,0.75,0.75,0.75,0.75,0.9249999999999999,E2 불량 시기 안 (샷 0~60),공정 값 23,부스팅
LightGBM,23,0.0845003633507402,0.8333333333333333,0.6666666666666666,0.6666666666666666,1.0,0.5454545454545454,1.0,0.375,0.9473684210526315,E2 불량 시기 안 (샷 0~60),공정 값 23,부스팅
LightGBM,24,0.766994406817827,0.5333333333333333,0.3333333333333333,1.0,1.0,0.0,0.0,0.0,0.9242424242424242,E2 불량 시기 안 (샷 0~60),공정 값 23,부스팅
LightGBM,25,0.14944704138461293,0.7644230769230769,0.5,0.75,0.75,0.6,0.75,0.5,0.8750000000000001,E2 불량 시기 안 (샷 0~60),공정 값 23,부스팅
LightGBM,26,0.06025638292015204,0.8095238095238095,0.6666666666666666,0.6666666666666666,1.0,0.4444444444444444,0.6666666666666666,0.3333333333333333,0.9298245614035088,E2 불량 시기 안 (샷 0~60),공정 값 23,부스팅
LightGBM,27,0.426540666523662,0.9166666666666666,0.75,0.75,1.0,0.6666666666666666,0.5,1.0,0.9750000000000001,E2 불량 시기 안 (샷 0~60),공정 값 23,부스팅
LightGBM,28,0.24292017887988085,0.3873015873015873,0.3333333333333333,0.6666666666666666,1.0,0.4444444444444444,0.6666666666666666,0.3333333333333333,0.8695652173913043,E2 불량 시기 안 (샷 0~60),공정 값 23,부스팅
LightGBM,29,0.4833331353461144,0.7555555555555555,0.6666666666666666,1.0,1.0,0.0,0.0,0.0,0.9545454545454545,E2 불량 시기 안 (샷 0~60),공정 값 23,부스팅
LightGBM,30,0.13176705349974682,0.6091269841269842,0.5,0.5,0.5,0.5,0.5,0.5,0.6875,E2 불량 시기 안 (샷 0~60),공정 값 23,부스팅
LightGBM,31,0.22115690577074,0.8333333333333333,0.6666666666666666,0.6666666666666666,1.0,0.8,0.6666666666666666,1.0,0.9473684210526315,E2 불량 시기 안 (샷 0~60),공정 값 23,부스팅
LightGBM,32,0.5679904109063122,0.2253968253968254,0.3333333333333333,0.3333333333333333,0.3333333333333333,0.0,0.0,0.0,0.6231884057971014,E2 불량 시기 안 (샷 0~60),공정 값 23,부스팅
LightGBM,33,0.5049404039645919,0.8269230769230769,0.75,0.75,0.75,0.6666666666666666,0.5,1.0,0.8875000000000001,E2 불량 시기 안 (샷 0~60),공정 값 23,부스팅
LightGBM,34,0.09706468748084439,0.3416666666666667,0.0,0.6666666666666666,1.0,0.2857142857142857,0.3333333333333333,0.25,0.8333333333333333,E2 불량 시기 안 (샷 0~60),공정 값 23,부스팅
LightGBM,35,0.2836106526198924,0.8026315789473684,0.75,0.75,0.75,0.75,0.75,0.75,0.8125,E2 불량 시기 안 (샷 0~60),공정 값 23,부스팅
LightGBM,36,0.3136093992409048,0.2936507936507936,0.3333333333333333,0.3333333333333333,0.3333333333333333,0.2857142857142857,0.3333333333333333,0.25,0.681159420289855,E2 불량 시기 안 (샷 0~60),공정 값 23,부스팅
LightGBM,37,0.05808183743419709,0.85,0.75,0.75,0.75,0.5714285714285714,1.0,0.4,0.9249999999999999,E2 불량 시기 안 (샷 0~60),공정 값 23,부스팅
LightGBM,38,0.4303346854844684,0.8055555555555556,0.6666666666666666,1.0,1.0,0.0,0.0,0.0,0.9649122807017545,E2 불량 시기 안 (샷 0~60),공정 값 23,부스팅
LightGBM,39,0.38868656915091265,0.27301587301587305,0.3333333333333333,0.3333333333333333,0.6666666666666666,0.0,0.0,0.0,0.712121212121212,E2 불량 시기 안 (샷 0~60),공정 값 23,부스팅
LightGBM,40,0.03694836378100023,0.8125,0.5,0.75,1.0,0.5714285714285714,1.0,0.4,0.9375,E2 불량 시기 안 (샷 0~60),공정 값 23,부스팅
LightGBM,41,0.1954860398050474,1.0,1.0,1.0,1.0,0.8571428571428571,1.0,0.75,1.0,E2 불량 시기 안 (샷 0~60),공정 값 23,부스팅
LightGBM,42,0.7423896770680594,0.5555555555555556,0.6666666666666666,1.0,1.0,0.0,0.0,0.0,0.927536231884058,E2 불량 시기 안 (샷 0~60),공정 값 23,부스팅
LightGBM,43,0.8176114742643774,0.7644230769230769,0.5,0.75,0.75,0.0,0.0,0.0,0.8750000000000001,E2 불량 시기 안 (샷 0~60),공정 값 23,부스팅
LightGBM,44,0.11512728622646698,0.3595238095238096,0.0,0.6666666666666666,1.0,0.2857142857142857,0.3333333333333333,0.25,0.8484848484848484,E2 불량 시기 안 (샷 0~60),공정 값 23,부스팅
LightGBM,45,0.9343206654699003,0.417156862745098,0.25,0.75,0.75,0.0,0.0,0.0,0.7625,E2 불량 시기 안 (샷 0~60),공정 값 23,부스팅
LightGBM,46,0.4262641631749939,0.7575757575757576,0.6666666666666666,0.6666666666666666,0.6666666666666666,0.8,0.6666666666666666,1.0,0.8596491228070176,E2 불량 시기 안 (샷 0~60),공정 값 23,부스팅
LightGBM,47,0.6023836652023087,0.2995642701525054,0.3333333333333333,0.3333333333333333,0.3333333333333333,0.4,0.3333333333333333,0.5,0.681159420289855,E2 불량 시기 안 (샷 0~60),공정 값 23,부스팅
LightGBM,48,0.13166601579422219,0.38257575757575757,0.25,0.5,0.5,0.5,0.5,0.5,0.7875,E2 불량 시기 안 (샷 0~60),공정 값 23,부스팅
LightGBM,49,0.5866146189824863,0.6388888888888888,0.6666666666666666,0.6666666666666666,0.6666666666666666,0.0,0.0,0.0,0.8484848484848484,E2 불량 시기 안 (샷 0~60),공정 값 23,부스팅
CatBoost,0,0.7516314497962836,0.8125,0.5,0.75,1.0,0.6666666666666666,0.5,1.0,0.9375,E2 불량 시기 안 (샷 0~60),공정 값 23,부스팅
CatBoost,1,0.5493564396087831,0.7777777777777777,0.6666666666666666,0.6666666666666666,0.6666666666666666,0.8,0.6666666666666666,1.0,0.8947368421052632,E2 불량 시기 안 (샷 0~60),공정 값 23,부스팅
CatBoost,2,0.548054594800134,0.5777777777777777,0.3333333333333333,0.6666666666666666,0.6666666666666666,0.0,0.0,0.0,0.8695652173913043,E2 불량 시기 안 (샷 0~60),공정 값 23,부스팅
CatBoost,3,0.12253620764001355,0.6846590909090909,0.5,0.5,0.75,0.6666666666666666,0.5,1.0,0.85,E2 불량 시기 안 (샷 0~60),공정 값 23,부스팅
CatBoost,4,0.6035943216517755,0.23809523809523808,0.3333333333333333,0.3333333333333333,0.3333333333333333,0.0,0.0,0.0,0.6515151515151515,E2 불량 시기 안 (샷 0~60),공정 값 23,부스팅
CatBoost,5,0.19540388030106742,0.6375,0.5,0.5,0.5,0.5,0.5,0.5,0.7625,E2 불량 시기 안 (샷 0~60),공정 값 23,부스팅
CatBoost,6,0.7486761210686645,0.7,0.3333333333333333,1.0,1.0,0.0,0.0,0.0,0.9420289855072465,E2 불량 시기 안 (샷 0~60),공정 값 23,부스팅
CatBoost,7,0.20447719721201624,0.6339285714285714,0.5,0.5,0.5,0.6666666666666666,0.5,1.0,0.7625,E2 불량 시기 안 (샷 0~60),공정 값 23,부스팅
CatBoost,8,0.14441311999490614,1.0,1.0,1.0,1.0,0.8571428571428571,1.0,0.75,1.0,E2 불량 시기 안 (샷 0~60),공정 값 23,부스팅
CatBoost,9,0.4765154595826406,0.4714285714285714,0.3333333333333333,0.3333333333333333,0.3333333333333333,0.0,0.0,0.0,0.7121212121212122,E2 불량 시기 안 (샷 0~60),공정 값 23,부스팅
CatBoost,10,0.09097763990905446,0.7159090909090909,0.5,0.5,0.75,0.42857142857142855,0.75,0.3,0.875,E2 불량 시기 안 (샷 0~60),공정 값 23,부스팅
CatBoost,11,0.2835651823225562,0.7777777777777777,0.6666666666666666,0.6666666666666666,0.6666666666666666,0.8,0.6666666666666666,1.0,0.8947368421052632,E2 불량 시기 안 (샷 0~60),공정 값 23,부스팅
CatBoost,12,0.5387855844175117,0.20088566827697263,0.0,0.3333333333333333,0.3333333333333333,0.0,0.0,0.0,0.5652173913043479,E2 불량 시기 안 (샷 0~60),공정 값 23,부스팅
CatBoost,13,0.7695797735706928,0.4714285714285714,0.3333333333333333,0.3333333333333333,0.3333333333333333,0.0,0.0,0.0,0.7121212121212122,E2 불량 시기 안 (샷 0~60),공정 값 23,부스팅
CatBoost,14,0.3509956557973525,0.6602564102564101,0.5,0.5,0.5,0.6666666666666666,0.5,1.0,0.8125,E2 불량 시기 안 (샷 0~60),공정 값 23,부스팅
CatBoost,15,0.071735036436672,0.17777777777777778,0.0,0.3333333333333333,0.3333333333333333,0.0,0.0,0.0,0.5797101449275361,E2 불량 시기 안 (샷 0~60),공정 값 23,부스팅
CatBoost,16,0.05984466356159628,0.6875,0.5,0.5,0.75,0.5,0.5,0.5,0.8125,E2 불량 시기 안 (샷 0~60),공정 값 23,부스팅
CatBoost,17,0.8191948604877001,0.7048611111111112,0.5,0.5,0.75,0.0,0.0,0.0,0.875,E2 불량 시기 안 (샷 0~60),공정 값 23,부스팅
CatBoost,18,0.27034745067542026,0.7666666666666666,0.6666666666666666,0.6666666666666666,0.6666666666666666,0.5714285714285714,0.6666666666666666,0.5,0.8771929824561403,E2 불량 시기 안 (샷 0~60),공정 값 23,부스팅
CatBoost,19,0.42385480490286737,0.31666666666666665,0.3333333333333333,0.3333333333333333,0.3333333333333333,0.4,0.3333333333333333,0.5,0.7272727272727272,E2 불량 시기 안 (샷 0~60),공정 값 23,부스팅
CatBoost,20,0.1694694515133057,0.606203007518797,0.5,0.5,0.5,0.6666666666666666,0.5,1.0,0.675,E2 불량 시기 안 (샷 0~60),공정 값 23,부스팅
CatBoost,21,0.5895749197097356,0.19215686274509802,0.0,0.3333333333333333,0.3333333333333333,0.0,0.0,0.0,0.6231884057971014,E2 불량 시기 안 (샷 0~60),공정 값 23,부스팅
CatBoost,22,0.07832764390679,0.6458333333333333,0.5,0.5,0.5,0.4,0.5,0.3333333333333333,0.775,E2 불량 시기 안 (샷 0~60),공정 값 23,부스팅
CatBoost,23,0.04307855049670713,0.7666666666666666,0.6666666666666666,0.6666666666666666,0.6666666666666666,0.4444444444444444,0.6666666666666666,0.3333333333333333,0.8771929824561403,E2 불량 시기 안 (샷 0~60),공정 값 23,부스팅
CatBoost,24,0.701940240060575,0.26587301587301587,0.3333333333333333,0.3333333333333333,0.6666666666666666,0.0,0.0,0.0,0.712121212121212,E2 불량 시기 안 (샷 0~60),공정 값 23,부스팅
CatBoost,25,0.35705036141397345,0.7986111111111112,0.5,0.75,0.75,0.75,0.75,0.75,0.925,E2 불량 시기 안 (샷 0~60),공정 값 23,부스팅
CatBoost,26,0.3098584916024806,0.7777777777777777,0.6666666666666666,0.6666666666666666,0.6666666666666666,0.5714285714285714,0.6666666666666666,0.5,0.8947368421052632,E2 불량 시기 안 (샷 0~60),공정 값 23,부스팅
CatBoost,27,0.9014302748144132,0.6666666666666666,0.5,0.5,0.5,0.0,0.0,0.0,0.825,E2 불량 시기 안 (샷 0~60),공정 값 23,부스팅
CatBoost,28,0.7422166726003566,0.2528138528138528,0.0,0.3333333333333333,0.6666666666666666,0.0,0.0,0.0,0.753623188405797,E2 불량 시기 안 (샷 0~60),공정 값 23,부스팅
CatBoost,29,0.5301386055228584,0.6095238095238096,0.3333333333333333,0.6666666666666666,1.0,0.0,0.0,0.0,0.8939393939393939,E2 불량 시기 안 (샷 0~60),공정 값 23,부스팅
CatBoost,30,0.07708178930442657,0.6180555555555556,0.5,0.5,0.5,0.4,0.5,0.3333333333333333,0.7125,E2 불량 시기 안 (샷 0~60),공정 값 23,부스팅
CatBoost,31,0.13272677190904617,0.8333333333333333,0.6666666666666666,0.6666666666666666,1.0,0.8,0.6666666666666666,1.0,0.9473684210526315,E2 불량 시기 안 (샷 0~60),공정 값 23,부스팅
CatBoost,32,0.7802839317725762,0.2619047619047619,0.0,0.3333333333333333,0.6666666666666666,0.0,0.0,0.0,0.7681159420289855,E2 불량 시기 안 (샷 0~60),공정 값 23,부스팅
CatBoost,33,0.9371776006020246,0.8409090909090909,0.75,0.75,0.75,0.0,0.0,0.0,0.9125,E2 불량 시기 안 (샷 0~60),공정 값 23,부스팅
CatBoost,34,0.8653099965947773,0.17763157894736842,0.0,0.3333333333333333,0.3333333333333333,0.0,0.0,0.0,0.5,E2 불량 시기 안 (샷 0~60),공정 값 23,부스팅
CatBoost,35,0.20296980564287434,0.8409090909090909,0.75,0.75,0.75,0.75,0.75,0.75,0.9125,E2 불량 시기 안 (샷 0~60),공정 값 23,부스팅
CatBoost,36,0.41882288852436034,0.1797619047619048,0.0,0.0,0.3333333333333333,0.0,0.0,0.0,0.6231884057971014,E2 불량 시기 안 (샷 0~60),공정 값 23,부스팅
CatBoost,37,0.09923028052234888,0.6201923076923077,0.5,0.5,0.5,0.6666666666666666,0.5,1.0,0.725,E2 불량 시기 안 (샷 0~60),공정 값 23,부스팅
CatBoost,38,0.29688717963201755,0.8095238095238095,0.6666666666666666,0.6666666666666666,1.0,0.8,0.6666666666666666,1.0,0.9298245614035088,E2 불량 시기 안 (샷 0~60),공정 값 23,부스팅
CatBoost,39,0.5796905961264844,0.19814814814814813,0.3333333333333333,0.3333333333333333,0.3333333333333333,0.0,0.0,0.0,0.46969696969696967,E2 불량 시기 안 (샷 0~60),공정 값 23,부스팅
CatBoost,40,0.1508226980140759,0.7589285714285714,0.5,0.75,0.75,0.5,0.75,0.375,0.8625,E2 불량 시기 안 (샷 0~60),공정 값 23,부스팅
CatBoost,41,0.07785729393107896,0.7435897435897436,0.6666666666666666,0.6666666666666666,0.6666666666666666,0.4444444444444444,0.6666666666666666,0.3333333333333333,0.8245614035087719,E2 불량 시기 안 (샷 0~60),공정 값 23,부스팅
CatBoost,42,0.4138574148348154,0.24074074074074076,0.0,0.3333333333333333,0.3333333333333333,0.0,0.0,0.0,0.7246376811594204,E2 불량 시기 안 (샷 0~60),공정 값 23,부스팅
CatBoost,43,0.08005504303071531,0.7784090909090909,0.5,0.75,0.75,0.75,0.75,0.75,0.9,E2 불량 시기 안 (샷 0~60),공정 값 23,부스팅
CatBoost,44,0.2879370399777715,0.2051948051948052,0.0,0.0,0.3333333333333333,0.0,0.0,0.0,0.6666666666666666,E2 불량 시기 안 (샷 0~60),공정 값 23,부스팅
CatBoost,45,0.9379021902558712,0.7611111111111112,0.5,0.75,0.75,0.0,0.0,0.0,0.9125,E2 불량 시기 안 (샷 0~60),공정 값 23,부스팅
CatBoost,46,0.11359765785103411,0.7333333333333334,0.6666666666666666,0.6666666666666666,0.6666666666666666,0.4444444444444444,0.6666666666666666,0.3333333333333333,0.7894736842105263,E2 불량 시기 안 (샷 0~60),공정 값 23,부스팅
CatBoost,47,0.6232949470545008,0.24936061381074168,0.3333333333333333,0.3333333333333333,0.3333333333333333,0.0,0.0,0.0,0.4782608695652174,E2 불량 시기 안 (샷 0~60),공정 값 23,부스팅
CatBoost,48,0.3137906715344399,0.317156862745098,0.25,0.5,0.5,0.5,0.5,0.5,0.6375,E2 불량 시기 안 (샷 0~60),공정 값 23,부스팅
CatBoost,49,0.4987117252191986,0.5277777777777778,0.3333333333333333,0.3333333333333333,0.6666666666666666,0.0,0.0,0.0,0.8181818181818182,E2 불량 시기 안 (샷 0~60),공정 값 23,부스팅
로지스틱 L2,0,0.7538439687083556,0.75,0.5,0.75,0.75,0.6,0.75,0.5,0.8375,E2 불량 시기 안 (샷 0~60),공정 값 23 + 샷 내 파생,선형
로지스틱 L2,1,0.7736999012878985,0.8095238095238095,0.6666666666666666,0.6666666666666666,1.0,0.5714285714285714,0.6666666666666666,0.5,0.9298245614035088,E2 불량 시기 안 (샷 0~60),공정 값 23 + 샷 내 파생,선형
로지스틱 L2,2,0.9293351180826536,0.33535353535353535,0.3333333333333333,0.6666666666666666,0.6666666666666666,0.0,0.0,0.0,0.8115942028985507,E2 불량 시기 안 (샷 0~60),공정 값 23 + 샷 내 파생,선형
로지스틱 L2,3,0.011489120654785714,0.6151315789473684,0.5,0.5,0.5,0.3333333333333333,1.0,0.2,0.7,E2 불량 시기 안 (샷 0~60),공정 값 23 + 샷 내 파생,선형
로지스틱 L2,4,0.9464801654182486,0.26666666666666666,0.0,0.3333333333333333,0.6666666666666666,0.0,0.0,0.0,0.7575757575757576,E2 불량 시기 안 (샷 0~60),공정 값 23 + 샷 내 파생,선형
로지스틱 L2,5,0.41675984183008835,0.6493055555555556,0.5,0.5,0.75,0.6666666666666666,0.5,1.0,0.7625,E2 불량 시기 안 (샷 0~60),공정 값 23 + 샷 내 파생,선형
로지스틱 L2,6,0.8382452898769367,0.3055555555555556,0.3333333333333333,0.3333333333333333,0.6666666666666666,0.0,0.0,0.0,0.7971014492753623,E2 불량 시기 안 (샷 0~60),공정 값 23 + 샷 내 파생,선형
로지스틱 L2,7,0.8406391931455721,0.65625,0.5,0.5,0.75,0.4,0.5,0.3333333333333333,0.7875,E2 불량 시기 안 (샷 0~60),공정 값 23 + 샷 내 파생,선형
로지스틱 L2,8,0.7787845324788981,1.0,1.0,1.0,1.0,0.6666666666666666,1.0,0.5,1.0,E2 불량 시기 안 (샷 0~60),공정 값 23 + 샷 내 파생,선형
로지스틱 L2,9,0.983844499964611,0.3625,0.3333333333333333,0.6666666666666666,0.6666666666666666,0.0,0.0,0.0,0.7424242424242424,E2 불량 시기 안 (샷 0~60),공정 값 23 + 샷 내 파생,선형
로지스틱 L2,10,0.28120296580205756,0.6202380952380953,0.5,0.5,0.5,0.2857142857142857,0.5,0.2,0.725,E2 불량 시기 안 (샷 0~60),공정 값 23 + 샷 내 파생,선형
로지스틱 L2,11,0.807767248767596,0.7333333333333334,0.6666666666666666,0.6666666666666666,0.6666666666666666,0.8,0.6666666666666666,1.0,0.7894736842105263,E2 불량 시기 안 (샷 0~60),공정 값 23 + 샷 내 파생,선형
로지스틱 L2,12,0.9533272296802758,0.24074074074074073,0.3333333333333333,0.3333333333333333,0.3333333333333333,0.0,0.0,0.0,0.6521739130434782,E2 불량 시기 안 (샷 0~60),공정 값 23 + 샷 내 파생,선형
로지스틱 L2,13,0.5415607300382452,0.2777777777777778,0.0,0.3333333333333333,0.6666666666666666,0.2857142857142857,0.3333333333333333,0.25,0.7575757575757575,E2 불량 시기 안 (샷 0~60),공정 값 23 + 샷 내 파생,선형
로지스틱 L2,14,0.8207353435416384,0.642156862745098,0.5,0.5,0.5,0.5,0.5,0.5,0.7625,E2 불량 시기 안 (샷 0~60),공정 값 23 + 샷 내 파생,선형
로지스틱 L2,15,0.25207314830242084,0.12752525252525254,0.0,0.0,0.0,0.0,0.0,0.0,0.43478260869565216,E2 불량 시기 안 (샷 0~60),공정 값 23 + 샷 내 파생,선형
로지스틱 L2,16,0.9941618723679818,0.8125,0.5,0.75,1.0,0.0,0.0,0.0,0.9375,E2 불량 시기 안 (샷 0~60),공정 값 23 + 샷 내 파생,선형
로지스틱 L2,17,0.29255053739142106,0.6916666666666667,0.5,0.5,0.75,0.42857142857142855,0.75,0.3,0.825,E2 불량 시기 안 (샷 0~60),공정 값 23 + 샷 내 파생,선형
로지스틱 L2,18,0.8522972104832227,0.8333333333333333,0.6666666666666666,0.6666666666666666,1.0,0.8,0.6666666666666666,1.0,0.9473684210526315,E2 불량 시기 안 (샷 0~60),공정 값 23 + 샷 내 파생,선형
로지스틱 L2,19,0.5976092395097016,0.28888888888888886,0.3333333333333333,0.3333333333333333,0.3333333333333333,0.2857142857142857,0.3333333333333333,0.25,0.6363636363636364,E2 불량 시기 안 (샷 0~60),공정 값 23 + 샷 내 파생,선형
로지스틱 L2,20,0.7576439214459074,0.6519230769230768,0.5,0.5,0.5,0.6666666666666666,0.5,1.0,0.8,E2 불량 시기 안 (샷 0~60),공정 값 23 + 샷 내 파생,선형
로지스틱 L2,21,0.9701012408671749,0.2554945054945055,0.0,0.3333333333333333,0.6666666666666666,0.0,0.0,0.0,0.7391304347826088,E2 불량 시기 안 (샷 0~60),공정 값 23 + 샷 내 파생,선형
로지스틱 L2,22,0.3445465635596417,0.31101190476190477,0.25,0.25,0.75,0.42857142857142855,0.75,0.3,0.7,E2 불량 시기 안 (샷 0~60),공정 값 23 + 샷 내 파생,선형
로지스틱 L2,23,0.12906136951785532,0.75,0.6666666666666666,0.6666666666666666,0.6666666666666666,0.3076923076923077,0.6666666666666666,0.2,0.8421052631578948,E2 불량 시기 안 (샷 0~60),공정 값 23 + 샷 내 파생,선형
로지스틱 L2,24,0.9330328375704762,0.3074074074074074,0.3333333333333333,0.3333333333333333,0.3333333333333333,0.0,0.0,0.0,0.696969696969697,E2 불량 시기 안 (샷 0~60),공정 값 23 + 샷 내 파생,선형
로지스틱 L2,25,0.01167729348080521,0.7019230769230769,0.5,0.5,0.75,0.36363636363636365,1.0,0.2222222222222222,0.8500000000000001,E2 불량 시기 안 (샷 0~60),공정 값 23 + 샷 내 파생,선형
로지스틱 L2,26,0.21235934028252482,0.7575757575757576,0.6666666666666666,0.6666666666666666,0.6666666666666666,0.3076923076923077,0.6666666666666666,0.2,0.8596491228070176,E2 불량 시기 안 (샷 0~60),공정 값 23 + 샷 내 파생,선형
로지스틱 L2,27,0.9301184417566836,0.6547619047619047,0.5,0.5,0.5,0.6666666666666666,0.5,1.0,0.8,E2 불량 시기 안 (샷 0~60),공정 값 23 + 샷 내 파생,선형
로지스틱 L2,28,0.9466095041454773,0.49523809523809526,0.3333333333333333,0.3333333333333333,0.6666666666666666,0.0,0.0,0.0,0.7536231884057971,E2 불량 시기 안 (샷 0~60),공정 값 23 + 샷 내 파생,선형
로지스틱 L2,29,0.8993626219706484,0.24864024864024864,0.3333333333333333,0.3333333333333333,0.3333333333333333,0.0,0.0,0.0,0.6818181818181818,E2 불량 시기 안 (샷 0~60),공정 값 23 + 샷 내 파생,선형
로지스틱 L2,30,0.880996783320442,0.6464285714285714,0.5,0.5,0.5,0.0,0.0,0.0,0.7875,E2 불량 시기 안 (샷 0~60),공정 값 23 + 샷 내 파생,선형
로지스틱 L2,31,0.15156734573021702,0.9166666666666665,0.6666666666666666,1.0,1.0,0.46153846153846156,1.0,0.3,0.9824561403508772,E2 불량 시기 안 (샷 0~60),공정 값 23 + 샷 내 파생,선형
로지스틱 L2,32,0.9981920386290394,0.1619047619047619,0.0,0.0,0.3333333333333333,0.0,0.0,0.0,0.5652173913043479,E2 불량 시기 안 (샷 0~60),공정 값 23 + 샷 내 파생,선형
로지스틱 L2,33,0.8250439176678587,0.6840659340659341,0.5,0.5,0.75,0.5,0.5,0.5,0.8375,E2 불량 시기 안 (샷 0~60),공정 값 23 + 샷 내 파생,선형
로지스틱 L2,34,0.9114237153807492,0.3619047619047619,0.3333333333333333,0.3333333333333333,0.6666666666666666,0.4,0.3333333333333333,0.5,0.8030303030303031,E2 불량 시기 안 (샷 0~60),공정 값 23 + 샷 내 파생,선형
로지스틱 L2,35,0.7276213172586513,0.6738095238095239,0.5,0.5,0.75,0.5,0.75,0.375,0.8125,E2 불량 시기 안 (샷 0~60),공정 값 23 + 샷 내 파생,선형
로지스틱 L2,36,0.9290663431768853,0.24999999999999997,0.0,0.6666666666666666,0.6666666666666666,0.0,0.0,0.0,0.681159420289855,E2 불량 시기 안 (샷 0~60),공정 값 23 + 샷 내 파생,선형
로지스틱 L2,37,0.9014980622526536,0.4131944444444444,0.25,0.5,0.75,0.5,0.5,0.5,0.825,E2 불량 시기 안 (샷 0~60),공정 값 23 + 샷 내 파생,선형
로지스틱 L2,38,0.8068564590093887,0.8095238095238095,0.6666666666666666,0.6666666666666666,1.0,0.8,0.6666666666666666,1.0,0.9298245614035088,E2 불량 시기 안 (샷 0~60),공정 값 23 + 샷 내 파생,선형
로지스틱 L2,39,0.8369503528856537,0.474025974025974,0.3333333333333333,0.3333333333333333,0.6666666666666666,0.0,0.0,0.0,0.6363636363636362,E2 불량 시기 안 (샷 0~60),공정 값 23 + 샷 내 파생,선형
로지스틱 L2,40,0.7020684730626701,0.6583333333333333,0.5,0.5,0.5,0.5,0.5,0.5,0.8125,E2 불량 시기 안 (샷 0~60),공정 값 23 + 샷 내 파생,선형
로지스틱 L2,41,0.9809623367412579,0.8095238095238095,0.6666666666666666,0.6666666666666666,1.0,0.8,0.6666666666666666,1.0,0.9298245614035088,E2 불량 시기 안 (샷 0~60),공정 값 23 + 샷 내 파생,선형
로지스틱 L2,42,0.9275125050405489,0.625,0.3333333333333333,0.6666666666666666,1.0,0.0,0.0,0.0,0.8985507246376812,E2 불량 시기 안 (샷 0~60),공정 값 23 + 샷 내 파생,선형
로지스틱 L2,43,0.24631011515574286,0.606203007518797,0.5,0.5,0.5,0.4,0.5,0.3333333333333333,0.675,E2 불량 시기 안 (샷 0~60),공정 값 23 + 샷 내 파생,선형
로지스틱 L2,44,0.9293535347487138,0.11302521008403361,0.0,0.0,0.0,0.0,0.0,0.0,0.3181818181818182,E2 불량 시기 안 (샷 0~60),공정 값 23 + 샷 내 파생,선형
로지스틱 L2,45,0.9366978899320084,0.8611111111111112,0.75,0.75,0.75,0.6666666666666666,0.5,1.0,0.9375,E2 불량 시기 안 (샷 0~60),공정 값 23 + 샷 내 파생,선형
로지스틱 L2,46,0.6407063246953059,0.7435897435897436,0.6666666666666666,0.6666666666666666,0.6666666666666666,0.8,0.6666666666666666,1.0,0.8245614035087719,E2 불량 시기 안 (샷 0~60),공정 값 23 + 샷 내 파생,선형
로지스틱 L2,47,0.9905040618690074,0.31453634085213034,0.3333333333333333,0.3333333333333333,0.6666666666666666,0.4,0.3333333333333333,0.5,0.681159420289855,E2 불량 시기 안 (샷 0~60),공정 값 23 + 샷 내 파생,선형
로지스틱 L2,48,0.9367357138983766,0.7611111111111112,0.5,0.75,0.75,0.0,0.0,0.0,0.9125,E2 불량 시기 안 (샷 0~60),공정 값 23 + 샷 내 파생,선형
로지스틱 L2,49,0.7767643157114225,0.5888888888888888,0.6666666666666666,1.0,1.0,0.0,0.0,0.0,0.9393939393939393,E2 불량 시기 안 (샷 0~60),공정 값 23 + 샷 내 파생,선형
랜덤포레스트,0,0.40640020576607566,0.7875,0.5,0.75,0.75,0.6,0.75,0.5,0.9125,E2 불량 시기 안 (샷 0~60),공정 값 23 + 샷 내 파생,트리
랜덤포레스트,1,0.1926527312083578,0.7333333333333334,0.6666666666666666,0.6666666666666666,0.6666666666666666,0.2857142857142857,1.0,0.16666666666666666,0.7894736842105263,E2 불량 시기 안 (샷 0~60),공정 값 23 + 샷 내 파생,트리
랜덤포레스트,2,0.4211469614263729,0.3111111111111111,0.3333333333333333,0.6666666666666666,0.6666666666666666,0.0,0.0,0.0,0.753623188405797,E2 불량 시기 안 (샷 0~60),공정 값 23 + 샷 내 파생,트리
랜덤포레스트,3,0.3203536209232801,0.6659090909090909,0.5,0.5,0.5,0.42857142857142855,0.75,0.3,0.825,E2 불량 시기 안 (샷 0~60),공정 값 23 + 샷 내 파생,트리
랜덤포레스트,4,0.6017773186852133,0.21666666666666667,0.0,0.3333333333333333,0.6666666666666666,0.0,0.0,0.0,0.6666666666666666,E2 불량 시기 안 (샷 0~60),공정 값 23 + 샷 내 파생,트리
랜덤포레스트,5,0.30506858386424945,0.64375,0.5,0.5,0.75,0.42857142857142855,0.75,0.3,0.7375,E2 불량 시기 안 (샷 0~60),공정 값 23 + 샷 내 파생,트리
랜덤포레스트,6,0.587849436239142,0.22549019607843138,0.3333333333333333,0.3333333333333333,0.3333333333333333,0.0,0.0,0.0,0.6231884057971014,E2 불량 시기 안 (샷 0~60),공정 값 23 + 샷 내 파생,트리
랜덤포레스트,7,0.2591259116127537,0.6964285714285714,0.5,0.5,0.75,0.375,0.75,0.25,0.8374999999999999,E2 불량 시기 안 (샷 0~60),공정 값 23 + 샷 내 파생,트리
랜덤포레스트,8,0.2658236291085363,1.0,1.0,1.0,1.0,0.4,1.0,0.25,1.0,E2 불량 시기 안 (샷 0~60),공정 값 23 + 샷 내 파생,트리
랜덤포레스트,9,0.46250098791817057,0.4323671497584541,0.3333333333333333,0.3333333333333333,0.3333333333333333,0.0,0.0,0.0,0.5454545454545454,E2 불량 시기 안 (샷 0~60),공정 값 23 + 샷 내 파생,트리
랜덤포레스트,10,0.2820645984705581,0.7463235294117647,0.5,0.75,0.75,0.375,0.75,0.25,0.825,E2 불량 시기 안 (샷 0~60),공정 값 23 + 샷 내 파생,트리
랜덤포레스트,11,0.24766592243251273,0.7777777777777777,0.6666666666666666,0.6666666666666666,0.6666666666666666,0.4,1.0,0.25,0.8947368421052632,E2 불량 시기 안 (샷 0~60),공정 값 23 + 샷 내 파생,트리
랜덤포레스트,12,0.5787873846856043,0.2672727272727273,0.3333333333333333,0.3333333333333333,0.3333333333333333,0.0,0.0,0.0,0.536231884057971,E2 불량 시기 안 (샷 0~60),공정 값 23 + 샷 내 파생,트리
랜덤포레스트,13,0.6486769054102643,0.45138888888888884,0.3333333333333333,0.3333333333333333,0.3333333333333333,0.0,0.0,0.0,0.6515151515151515,E2 불량 시기 안 (샷 0~60),공정 값 23 + 샷 내 파생,트리
랜덤포레스트,14,0.48077370183634477,0.6088235294117648,0.5,0.5,0.5,0.6666666666666666,0.5,1.0,0.6875,E2 불량 시기 안 (샷 0~60),공정 값 23 + 샷 내 파생,트리
랜덤포레스트,15,0.6295708523982013,0.13465608465608464,0.0,0.0,0.3333333333333333,0.0,0.0,0.0,0.43478260869565216,E2 불량 시기 안 (샷 0~60),공정 값 23 + 샷 내 파생,트리
랜덤포레스트,16,0.15634400185870775,0.6339285714285714,0.5,0.5,0.5,0.36363636363636365,1.0,0.2222222222222222,0.7625,E2 불량 시기 안 (샷 0~60),공정 값 23 + 샷 내 파생,트리
랜덤포레스트,17,0.49641075069929885,0.7309782608695652,0.5,0.75,0.75,0.6666666666666666,0.5,1.0,0.75,E2 불량 시기 안 (샷 0~60),공정 값 23 + 샷 내 파생,트리
랜덤포레스트,18,0.3466867962045979,0.3611111111111111,0.3333333333333333,0.6666666666666666,0.6666666666666666,0.4444444444444444,0.6666666666666666,0.3333333333333333,0.7719298245614036,E2 불량 시기 안 (샷 0~60),공정 값 23 + 샷 내 파생,트리
랜덤포레스트,19,0.442058716920845,0.16666666666666666,0.0,0.0,0.3333333333333333,0.2222222222222222,0.3333333333333333,0.16666666666666666,0.5454545454545454,E2 불량 시기 안 (샷 0~60),공정 값 23 + 샷 내 파생,트리
랜덤포레스트,20,0.5101764141574511,0.5849282296650717,0.5,0.5,0.5,0.0,0.0,0.0,0.575,E2 불량 시기 안 (샷 0~60),공정 값 23 + 샷 내 파생,트리
랜덤포레스트,21,0.6390628934525484,0.2,0.0,0.3333333333333333,0.3333333333333333,0.0,0.0,0.0,0.6521739130434783,E2 불량 시기 안 (샷 0~60),공정 값 23 + 샷 내 파생,트리
랜덤포레스트,22,0.23893723917408125,0.6031468531468531,0.5,0.5,0.5,0.25,0.5,0.16666666666666666,0.65,E2 불량 시기 안 (샷 0~60),공정 값 23 + 샷 내 파생,트리
랜덤포레스트,23,0.3362192445497396,0.75,0.6666666666666666,0.6666666666666666,0.6666666666666666,0.36363636363636365,0.6666666666666666,0.25,0.8421052631578948,E2 불량 시기 안 (샷 0~60),공정 값 23 + 샷 내 파생,트리
랜덤포레스트,24,0.6037093619887736,0.3588235294117647,0.3333333333333333,0.6666666666666666,0.6666666666666666,0.0,0.0,0.0,0.7272727272727273,E2 불량 시기 안 (샷 0~60),공정 값 23 + 샷 내 파생,트리
랜덤포레스트,25,0.16700140464111052,0.7644230769230769,0.5,0.75,0.75,0.3076923076923077,1.0,0.18181818181818182,0.8750000000000001,E2 불량 시기 안 (샷 0~60),공정 값 23 + 샷 내 파생,트리
랜덤포레스트,26,0.1961665012547365,0.7435897435897436,0.6666666666666666,0.6666666666666666,0.6666666666666666,0.3157894736842105,1.0,0.1875,0.8245614035087719,E2 불량 시기 안 (샷 0~60),공정 값 23 + 샷 내 파생,트리
랜덤포레스트,27,0.6750113298149548,0.6123949579831933,0.5,0.5,0.5,0.0,0.0,0.0,0.7,E2 불량 시기 안 (샷 0~60),공정 값 23 + 샷 내 파생,트리
랜덤포레스트,28,0.6389747521713467,0.5333333333333333,0.3333333333333333,0.6666666666666666,0.6666666666666666,0.0,0.0,0.0,0.7826086956521738,E2 불량 시기 안 (샷 0~60),공정 값 23 + 샷 내 파생,트리
랜덤포레스트,29,0.5162817955371626,0.33535353535353535,0.3333333333333333,0.6666666666666666,0.6666666666666666,0.0,0.0,0.0,0.803030303030303,E2 불량 시기 안 (샷 0~60),공정 값 23 + 샷 내 파생,트리
랜덤포레스트,30,0.2468989413678806,0.6035714285714286,0.5,0.5,0.5,0.25,0.5,0.16666666666666666,0.6625,E2 불량 시기 안 (샷 0~60),공정 값 23 + 샷 내 파생,트리
랜덤포레스트,31,0.34651041415012024,0.9166666666666665,0.6666666666666666,1.0,1.0,0.6666666666666666,1.0,0.5,0.9824561403508772,E2 불량 시기 안 (샷 0~60),공정 값 23 + 샷 내 파생,트리
랜덤포레스트,32,0.5699874350358367,0.1303030303030303,0.0,0.0,0.0,0.0,0.0,0.0,0.4492753623188406,E2 불량 시기 안 (샷 0~60),공정 값 23 + 샷 내 파생,트리
랜덤포레스트,33,0.5640796262030544,0.7026315789473684,0.5,0.75,0.75,0.0,0.0,0.0,0.7875000000000001,E2 불량 시기 안 (샷 0~60),공정 값 23 + 샷 내 파생,트리
랜덤포레스트,34,0.6275356190938762,0.19027777777777777,0.0,0.3333333333333333,0.3333333333333333,0.0,0.0,0.0,0.5606060606060606,E2 불량 시기 안 (샷 0~60),공정 값 23 + 샷 내 파생,트리
랜덤포레스트,35,0.23988016395369324,0.8088235294117647,0.75,0.75,0.75,0.3,0.75,0.1875,0.8375,E2 불량 시기 안 (샷 0~60),공정 값 23 + 샷 내 파생,트리
랜덤포레스트,36,0.4515259517314471,0.1847222222222222,0.0,0.3333333333333333,0.3333333333333333,0.0,0.0,0.0,0.6231884057971014,E2 불량 시기 안 (샷 0~60),공정 값 23 + 샷 내 파생,트리
랜덤포레스트,37,0.3532299475886432,0.6011904761904762,0.5,0.5,0.5,0.4,0.5,0.3333333333333333,0.65,E2 불량 시기 안 (샷 0~60),공정 값 23 + 샷 내 파생,트리
랜덤포레스트,38,0.45026610896270314,0.8666666666666667,0.6666666666666666,1.0,1.0,0.5714285714285714,0.6666666666666666,0.5,0.9649122807017544,E2 불량 시기 안 (샷 0~60),공정 값 23 + 샷 내 파생,트리
랜덤포레스트,39,0.6713528135807546,0.1392857142857143,0.0,0.0,0.3333333333333333,0.0,0.0,0.0,0.4393939393939394,E2 불량 시기 안 (샷 0~60),공정 값 23 + 샷 내 파생,트리
랜덤포레스트,40,0.4078432642971611,0.75,0.5,0.75,0.75,0.42857142857142855,0.75,0.3,0.8375,E2 불량 시기 안 (샷 0~60),공정 값 23 + 샷 내 파생,트리
랜덤포레스트,41,0.46015883576559635,0.8666666666666667,0.6666666666666666,1.0,1.0,0.8,0.6666666666666666,1.0,0.9649122807017544,E2 불량 시기 안 (샷 0~60),공정 값 23 + 샷 내 파생,트리
랜덤포레스트,42,0.6124605692581697,0.31746031746031744,0.3333333333333333,0.3333333333333333,0.6666666666666666,0.0,0.0,0.0,0.6956521739130435,E2 불량 시기 안 (샷 0~60),공정 값 23 + 샷 내 파생,트리
랜덤포레스트,43,0.2475446497946497,0.606203007518797,0.5,0.5,0.5,0.3,0.75,0.1875,0.675,E2 불량 시기 안 (샷 0~60),공정 값 23 + 샷 내 파생,트리
랜덤포레스트,44,0.39755928963823706,0.2051948051948052,0.0,0.0,0.3333333333333333,0.0,0.0,0.0,0.6666666666666666,E2 불량 시기 안 (샷 0~60),공정 값 23 + 샷 내 파생,트리
랜덤포레스트,45,0.5940450407247684,0.417156862745098,0.25,0.75,0.75,0.0,0.0,0.0,0.7625,E2 불량 시기 안 (샷 0~60),공정 값 23 + 샷 내 파생,트리
랜덤포레스트,46,0.24063162082081183,0.7254901960784313,0.6666666666666666,0.6666666666666666,0.6666666666666666,0.21052631578947367,0.6666666666666666,0.125,0.7543859649122807,E2 불량 시기 안 (샷 0~60),공정 값 23 + 샷 내 파생,트리
랜덤포레스트,47,0.49628680672898945,0.27489177489177485,0.3333333333333333,0.3333333333333333,0.3333333333333333,0.4,0.3333333333333333,0.5,0.5942028985507246,E2 불량 시기 안 (샷 0~60),공정 값 23 + 샷 내 파생,트리
랜덤포레스트,48,0.482754570120282,0.31364468864468864,0.25,0.5,0.5,0.4,0.5,0.3333333333333333,0.6125,E2 불량 시기 안 (샷 0~60),공정 값 23 + 샷 내 파생,트리
랜덤포레스트,49,0.6590889328536388,0.3032679738562092,0.3333333333333333,0.6666666666666666,0.6666666666666666,0.0,0.0,0.0,0.7121212121212122,E2 불량 시기 안 (샷 0~60),공정 값 23 + 샷 내 파생,트리
엑스트라트리,0,0.3848263133053391,0.75,0.5,0.5,1.0,0.6,0.75,0.5,0.9125000000000001,E2 불량 시기 안 (샷 0~60),공정 값 23 + 샷 내 파생,트리
엑스트라트리,1,0.4928023120932723,0.7575757575757576,0.6666666666666666,0.6666666666666666,0.6666666666666666,0.8,0.6666666666666666,1.0,0.8596491228070176,E2 불량 시기 안 (샷 0~60),공정 값 23 + 샷 내 파생,트리
엑스트라트리,2,0.6992860842860842,0.49523809523809526,0.3333333333333333,0.3333333333333333,0.6666666666666666,0.0,0.0,0.0,0.7536231884057971,E2 불량 시기 안 (샷 0~60),공정 값 23 + 샷 내 파생,트리
엑스트라트리,3,0.16871758471894838,0.6226190476190476,0.5,0.5,0.5,0.3333333333333333,0.75,0.21428571428571427,0.7000000000000001,E2 불량 시기 안 (샷 0~60),공정 값 23 + 샷 내 파생,트리
엑스트라트리,4,0.7784104829385898,0.1508870214752568,0.0,0.0,0.3333333333333333,0.0,0.0,0.0,0.5,E2 불량 시기 안 (샷 0~60),공정 값 23 + 샷 내 파생,트리
엑스트라트리,5,0.31890211175217326,0.6305555555555555,0.5,0.5,0.5,0.3333333333333333,0.5,0.25,0.7375,E2 불량 시기 안 (샷 0~60),공정 값 23 + 샷 내 파생,트리
엑스트라트리,6,0.48577166491389184,0.4797979797979798,0.6666666666666666,0.6666666666666666,0.6666666666666666,0.0,0.0,0.0,0.855072463768116,E2 불량 시기 안 (샷 0~60),공정 값 23 + 샷 내 파생,트리
엑스트라트리,7,0.15081662489557224,0.7589285714285714,0.5,0.75,0.75,0.4,1.0,0.25,0.8625,E2 불량 시기 안 (샷 0~60),공정 값 23 + 샷 내 파생,트리
엑스트라트리,8,0.3930023500200465,1.0,1.0,1.0,1.0,0.8571428571428571,1.0,0.75,1.0,E2 불량 시기 안 (샷 0~60),공정 값 23 + 샷 내 파생,트리
엑스트라트리,9,0.6599563686414754,0.2297979797979798,0.0,0.0,0.6666666666666666,0.0,0.0,0.0,0.7121212121212122,E2 불량 시기 안 (샷 0~60),공정 값 23 + 샷 내 파생,트리
엑스트라트리,10,0.23582378004899085,0.6463815789473684,0.5,0.5,0.75,0.3333333333333333,0.75,0.21428571428571427,0.75,E2 불량 시기 안 (샷 0~60),공정 값 23 + 샷 내 파생,트리
엑스트라트리,11,0.2107880628780206,0.7254901960784313,0.6666666666666666,0.6666666666666666,0.6666666666666666,0.3076923076923077,0.6666666666666666,0.2,0.7543859649122807,E2 불량 시기 안 (샷 0~60),공정 값 23 + 샷 내 파생,트리
엑스트라트리,12,0.7235557673417216,0.2846153846153846,0.3333333333333333,0.3333333333333333,0.3333333333333333,0.0,0.0,0.0,0.6521739130434783,E2 불량 시기 안 (샷 0~60),공정 값 23 + 샷 내 파생,트리
엑스트라트리,13,0.8195975498930542,0.48333333333333334,0.3333333333333333,0.3333333333333333,0.3333333333333333,0.0,0.0,0.0,0.7424242424242423,E2 불량 시기 안 (샷 0~60),공정 값 23 + 샷 내 파생,트리
엑스트라트리,14,0.3762435333000752,0.6088235294117648,0.5,0.5,0.5,0.5,0.5,0.5,0.6875,E2 불량 시기 안 (샷 0~60),공정 값 23 + 샷 내 파생,트리
엑스트라트리,15,0.6551096126096124,0.11744639376218324,0.0,0.0,0.0,0.0,0.0,0.0,0.37681159420289856,E2 불량 시기 안 (샷 0~60),공정 값 23 + 샷 내 파생,트리
엑스트라트리,16,0.3599226293237926,0.6305555555555555,0.5,0.5,0.5,0.6666666666666666,0.5,1.0,0.7375,E2 불량 시기 안 (샷 0~60),공정 값 23 + 샷 내 파생,트리
엑스트라트리,17,0.45793385783789886,0.6184782608695651,0.5,0.5,0.5,0.6666666666666666,0.5,1.0,0.675,E2 불량 시기 안 (샷 0~60),공정 값 23 + 샷 내 파생,트리
엑스트라트리,18,0.350753970227772,0.7916666666666666,0.6666666666666666,0.6666666666666666,0.6666666666666666,0.4444444444444444,0.6666666666666666,0.3333333333333333,0.912280701754386,E2 불량 시기 안 (샷 0~60),공정 값 23 + 샷 내 파생,트리
엑스트라트리,19,0.7581236598532184,0.1865079365079365,0.0,0.3333333333333333,0.3333333333333333,0.0,0.0,0.0,0.5454545454545454,E2 불량 시기 안 (샷 0~60),공정 값 23 + 샷 내 파생,트리
엑스트라트리,20,0.38476443406750216,0.5857843137254902,0.5,0.5,0.5,0.6666666666666666,0.5,1.0,0.575,E2 불량 시기 안 (샷 0~60),공정 값 23 + 샷 내 파생,트리
엑스트라트리,21,0.7246645576645576,0.20882352941176469,0.0,0.3333333333333333,0.6666666666666666,0.0,0.0,0.0,0.6521739130434783,E2 불량 시기 안 (샷 0~60),공정 값 23 + 샷 내 파생,트리
엑스트라트리,22,0.2976471919130959,0.6333333333333333,0.5,0.5,0.5,0.3333333333333333,0.5,0.25,0.725,E2 불량 시기 안 (샷 0~60),공정 값 23 + 샷 내 파생,트리
엑스트라트리,23,0.29900026183830003,0.7291666666666666,0.6666666666666666,0.6666666666666666,0.6666666666666666,0.3076923076923077,0.6666666666666666,0.2,0.7719298245614035,E2 불량 시기 안 (샷 0~60),공정 값 23 + 샷 내 파생,트리
엑스트라트리,24,0.7849856803209604,0.3125,0.3333333333333333,0.3333333333333333,0.6666666666666666,0.0,0.0,0.0,0.696969696969697,E2 불량 시기 안 (샷 0~60),공정 값 23 + 샷 내 파생,트리
엑스트라트리,25,0.11056450216450223,0.7159090909090909,0.5,0.5,0.75,0.3076923076923077,1.0,0.18181818181818182,0.875,E2 불량 시기 안 (샷 0~60),공정 값 23 + 샷 내 파생,트리
엑스트라트리,26,0.2270394338730387,0.7777777777777777,0.6666666666666666,0.6666666666666666,0.6666666666666666,0.4,1.0,0.25,0.8947368421052632,E2 불량 시기 안 (샷 0~60),공정 값 23 + 샷 내 파생,트리
엑스트라트리,27,0.2697489443697731,0.6011904761904762,0.5,0.5,0.5,0.4,0.5,0.3333333333333333,0.65,E2 불량 시기 안 (샷 0~60),공정 값 23 + 샷 내 파생,트리
엑스트라트리,28,0.811748310357818,0.20419580419580421,0.0,0.3333333333333333,0.3333333333333333,0.0,0.0,0.0,0.6666666666666667,E2 불량 시기 안 (샷 0~60),공정 값 23 + 샷 내 파생,트리
엑스트라트리,29,0.731536670196363,0.3213675213675214,0.3333333333333333,0.6666666666666666,0.6666666666666666,0.0,0.0,0.0,0.7727272727272727,E2 불량 시기 안 (샷 0~60),공정 값 23 + 샷 내 파생,트리
엑스트라트리,30,0.24489152504814105,0.6493055555555556,0.5,0.5,0.75,0.4,0.5,0.3333333333333333,0.7625,E2 불량 시기 안 (샷 0~60),공정 값 23 + 샷 내 파생,트리
엑스트라트리,31,0.36523714403390245,0.8333333333333333,0.6666666666666666,0.6666666666666666,1.0,0.5714285714285714,0.6666666666666666,0.5,0.9473684210526315,E2 불량 시기 안 (샷 0~60),공정 값 23 + 샷 내 파생,트리
엑스트라트리,32,0.7883218737484233,0.11485671191553545,0.0,0.0,0.0,0.0,0.0,0.0,0.3623188405797102,E2 불량 시기 안 (샷 0~60),공정 값 23 + 샷 내 파생,트리
엑스트라트리,33,0.41972138874369114,0.7026315789473684,0.5,0.75,0.75,0.6666666666666666,0.5,1.0,0.7875000000000001,E2 불량 시기 안 (샷 0~60),공정 값 23 + 샷 내 파생,트리
엑스트라트리,34,0.7148355925026454,0.1865079365079365,0.0,0.3333333333333333,0.3333333333333333,0.0,0.0,0.0,0.5454545454545454,E2 불량 시기 안 (샷 0~60),공정 값 23 + 샷 내 파생,트리
엑스트라트리,35,0.20843721775300708,0.7088235294117647,0.5,0.75,0.75,0.3333333333333333,0.75,0.21428571428571427,0.8125,E2 불량 시기 안 (샷 0~60),공정 값 23 + 샷 내 파생,트리
엑스트라트리,36,0.5525079235852389,0.13095238095238096,0.0,0.0,0.0,0.0,0.0,0.0,0.4492753623188406,E2 불량 시기 안 (샷 0~60),공정 값 23 + 샷 내 파생,트리
엑스트라트리,37,0.36429669784931284,0.5773809523809523,0.5,0.5,0.5,0.5,0.5,0.5,0.525,E2 불량 시기 안 (샷 0~60),공정 값 23 + 샷 내 파생,트리
엑스트라트리,38,0.4547287761931937,0.7575757575757576,0.6666666666666666,0.6666666666666666,0.6666666666666666,0.8,0.6666666666666666,1.0,0.8596491228070176,E2 불량 시기 안 (샷 0~60),공정 값 23 + 샷 내 파생,트리
엑스트라트리,39,0.7769956151892585,0.15773809523809523,0.0,0.0,0.3333333333333333,0.0,0.0,0.0,0.5303030303030303,E2 불량 시기 안 (샷 0~60),공정 값 23 + 샷 내 파생,트리
엑스트라트리,40,0.4077702518243567,0.64375,0.5,0.5,0.75,0.4,0.5,0.3333333333333333,0.7375,E2 불량 시기 안 (샷 0~60),공정 값 23 + 샷 내 파생,트리
엑스트라트리,41,0.46797334491109505,1.0,1.0,1.0,1.0,0.8,0.6666666666666666,1.0,1.0,E2 불량 시기 안 (샷 0~60),공정 값 23 + 샷 내 파생,트리
엑스트라트리,42,0.715923164648971,0.21296296296296297,0.0,0.3333333333333333,0.3333333333333333,0.0,0.0,0.0,0.6376811594202898,E2 불량 시기 안 (샷 0~60),공정 값 23 + 샷 내 파생,트리
엑스트라트리,43,0.18396167544311426,0.6000000000000001,0.5,0.5,0.5,0.3,0.75,0.1875,0.65,E2 불량 시기 안 (샷 0~60),공정 값 23 + 샷 내 파생,트리
엑스트라트리,44,0.6394957826302723,0.15276292335115865,0.0,0.0,0.0,0.0,0.0,0.0,0.5151515151515151,E2 불량 시기 안 (샷 0~60),공정 값 23 + 샷 내 파생,트리
엑스트라트리,45,0.4989746291768061,0.6659663865546218,0.5,0.5,0.75,0.6666666666666666,0.5,1.0,0.7875,E2 불량 시기 안 (샷 0~60),공정 값 23 + 샷 내 파생,트리
엑스트라트리,46,0.4044253348402082,0.7333333333333334,0.6666666666666666,0.6666666666666666,0.6666666666666666,0.8,0.6666666666666666,1.0,0.7894736842105263,E2 불량 시기 안 (샷 0~60),공정 값 23 + 샷 내 파생,트리
엑스트라트리,47,0.7611106409153944,0.2162309368191721,0.0,0.3333333333333333,0.3333333333333333,0.0,0.0,0.0,0.6521739130434783,E2 불량 시기 안 (샷 0~60),공정 값 23 + 샷 내 파생,트리
엑스트라트리,48,0.4950127633359689,0.6158008658008658,0.5,0.5,0.5,0.5,0.5,0.5,0.6875,E2 불량 시기 안 (샷 0~60),공정 값 23 + 샷 내 파생,트리
엑스트라트리,49,0.6885785278461453,0.14017094017094017,0.0,0.0,0.0,0.0,0.0,0.0,0.46969696969696967,E2 불량 시기 안 (샷 0~60),공정 값 23 + 샷 내 파생,트리
GradientBoosting,0,0.10882719262374106,0.6805555555555556,0.5,0.5,0.75,0.6666666666666666,0.5,1.0,0.7875000000000001,E2 불량 시기 안 (샷 0~60),공정 값 23 + 샷 내 파생,부스팅
GradientBoosting,1,0.0805055057270842,0.7192982456140351,0.6666666666666666,0.6666666666666666,0.6666666666666666,0.4444444444444444,0.6666666666666666,0.3333333333333333,0.7192982456140351,E2 불량 시기 안 (샷 0~60),공정 값 23 + 샷 내 파생,부스팅
GradientBoosting,2,0.41793358900260846,0.5254901960784314,0.3333333333333333,0.6666666666666666,0.6666666666666666,0.4,0.3333333333333333,0.5,0.753623188405797,E2 불량 시기 안 (샷 0~60),공정 값 23 + 샷 내 파생,부스팅
GradientBoosting,3,0.41632237879928496,0.6659090909090909,0.5,0.5,0.5,0.6666666666666666,0.5,1.0,0.825,E2 불량 시기 안 (샷 0~60),공정 값 23 + 샷 내 파생,부스팅
GradientBoosting,4,0.435688281376582,0.171256038647343,0.0,0.3333333333333333,0.3333333333333333,0.0,0.0,0.0,0.4545454545454545,E2 불량 시기 안 (샷 0~60),공정 값 23 + 샷 내 파생,부스팅
GradientBoosting,5,0.0264485637636112,0.5952380952380952,0.5,0.5,0.5,0.3333333333333333,0.75,0.21428571428571427,0.6125,E2 불량 시기 안 (샷 0~60),공정 값 23 + 샷 내 파생,부스팅
GradientBoosting,6,0.26437864776103537,0.12625272331154686,0.0,0.0,0.0,0.0,0.0,0.0,0.4202898550724638,E2 불량 시기 안 (샷 0~60),공정 값 23 + 샷 내 파생,부스팅
GradientBoosting,7,0.04700645400714929,0.6805555555555556,0.5,0.5,0.75,0.6,0.75,0.5,0.7875000000000001,E2 불량 시기 안 (샷 0~60),공정 값 23 + 샷 내 파생,부스팅
GradientBoosting,8,0.459587944181417,1.0,1.0,1.0,1.0,0.8,0.6666666666666666,1.0,1.0,E2 불량 시기 안 (샷 0~60),공정 값 23 + 샷 내 파생,부스팅
GradientBoosting,9,0.4188180812771927,0.14189095928226364,0.0,0.3333333333333333,0.3333333333333333,0.0,0.0,0.0,0.3484848484848485,E2 불량 시기 안 (샷 0~60),공정 값 23 + 샷 내 파생,부스팅
GradientBoosting,10,0.026428345285467354,0.7019230769230769,0.5,0.5,0.75,0.375,0.75,0.25,0.8500000000000001,E2 불량 시기 안 (샷 0~60),공정 값 23 + 샷 내 파생,부스팅
GradientBoosting,11,0.009649311715211072,0.7333333333333334,0.6666666666666666,0.6666666666666666,0.6666666666666666,0.2857142857142857,1.0,0.16666666666666666,0.7894736842105263,E2 불량 시기 안 (샷 0~60),공정 값 23 + 샷 내 파생,부스팅
GradientBoosting,12,0.3272902700135689,0.23565217391304347,0.3333333333333333,0.3333333333333333,0.3333333333333333,0.4,0.3333333333333333,0.5,0.36231884057971014,E2 불량 시기 안 (샷 0~60),공정 값 23 + 샷 내 파생,부스팅
GradientBoosting,13,0.770064121337518,0.29444444444444445,0.3333333333333333,0.3333333333333333,0.6666666666666666,0.0,0.0,0.0,0.7727272727272727,E2 불량 시기 안 (샷 0~60),공정 값 23 + 샷 내 파생,부스팅
GradientBoosting,14,0.26393483475721874,0.5976190476190476,0.5,0.5,0.5,0.6666666666666666,0.5,1.0,0.6375,E2 불량 시기 안 (샷 0~60),공정 값 23 + 샷 내 파생,부스팅
GradientBoosting,15,0.6087039758956978,0.13465608465608464,0.0,0.0,0.3333333333333333,0.0,0.0,0.0,0.43478260869565216,E2 불량 시기 안 (샷 0~60),공정 값 23 + 샷 내 파생,부스팅
GradientBoosting,16,0.06510454234956103,0.6024305555555556,0.5,0.5,0.5,0.2857142857142857,0.5,0.2,0.6625,E2 불량 시기 안 (샷 0~60),공정 값 23 + 샷 내 파생,부스팅
GradientBoosting,17,0.4643582425039012,0.6838235294117647,0.5,0.5,0.75,0.6666666666666666,0.5,1.0,0.8,E2 불량 시기 안 (샷 0~60),공정 값 23 + 샷 내 파생,부스팅
GradientBoosting,18,0.1898631366012661,0.7666666666666666,0.6666666666666666,0.6666666666666666,0.6666666666666666,0.8,0.6666666666666666,1.0,0.8771929824561403,E2 불량 시기 안 (샷 0~60),공정 값 23 + 샷 내 파생,부스팅
GradientBoosting,19,0.4965338468783829,0.29365079365079366,0.3333333333333333,0.3333333333333333,0.3333333333333333,0.4,0.3333333333333333,0.5,0.6666666666666666,E2 불량 시기 안 (샷 0~60),공정 값 23 + 샷 내 파생,부스팅
GradientBoosting,20,0.458643763444743,0.6151315789473684,0.5,0.5,0.5,0.0,0.0,0.0,0.7,E2 불량 시기 안 (샷 0~60),공정 값 23 + 샷 내 파생,부스팅
GradientBoosting,21,0.4818372894647229,0.1690716690716691,0.0,0.0,0.0,0.0,0.0,0.0,0.5942028985507246,E2 불량 시기 안 (샷 0~60),공정 값 23 + 샷 내 파생,부스팅
GradientBoosting,22,0.05176531306735814,0.5849282296650717,0.5,0.5,0.5,0.3333333333333333,0.5,0.25,0.575,E2 불량 시기 안 (샷 0~60),공정 값 23 + 샷 내 파생,부스팅
GradientBoosting,23,0.01184697443435972,0.75,0.6666666666666666,0.6666666666666666,0.6666666666666666,0.2857142857142857,1.0,0.16666666666666666,0.8421052631578948,E2 불량 시기 안 (샷 0~60),공정 값 23 + 샷 내 파생,부스팅
GradientBoosting,24,0.5681169206078921,0.28596491228070176,0.3333333333333333,0.3333333333333333,0.3333333333333333,0.4,0.3333333333333333,0.5,0.6212121212121212,E2 불량 시기 안 (샷 0~60),공정 값 23 + 샷 내 파생,부스팅
GradientBoosting,25,0.060903218235020595,0.7986111111111112,0.5,0.75,0.75,0.6,0.75,0.5,0.925,E2 불량 시기 안 (샷 0~60),공정 값 23 + 샷 내 파생,부스팅
GradientBoosting,26,0.01249603673285868,0.7777777777777777,0.6666666666666666,0.6666666666666666,0.6666666666666666,0.2857142857142857,1.0,0.16666666666666666,0.8947368421052632,E2 불량 시기 안 (샷 0~60),공정 값 23 + 샷 내 파생,부스팅
GradientBoosting,27,0.7041847786847845,0.6396103896103895,0.5,0.5,0.5,0.0,0.0,0.0,0.775,E2 불량 시기 안 (샷 0~60),공정 값 23 + 샷 내 파생,부스팅
GradientBoosting,28,0.7555704642952958,0.4512820512820513,0.3333333333333333,0.3333333333333333,0.3333333333333333,0.4,0.3333333333333333,0.5,0.6666666666666666,E2 불량 시기 안 (샷 0~60),공정 값 23 + 샷 내 파생,부스팅
GradientBoosting,29,0.5210579824237714,0.19814814814814813,0.3333333333333333,0.3333333333333333,0.3333333333333333,0.0,0.0,0.0,0.46969696969696967,E2 불량 시기 안 (샷 0~60),공정 값 23 + 샷 내 파생,부스팅
GradientBoosting,30,0.013597547610014209,0.6079545454545454,0.5,0.5,0.5,0.3,0.75,0.1875,0.6625,E2 불량 시기 안 (샷 0~60),공정 값 23 + 샷 내 파생,부스팅
GradientBoosting,31,0.08393535516835059,0.7666666666666666,0.6666666666666666,0.6666666666666666,0.6666666666666666,0.46153846153846156,1.0,0.3,0.8771929824561403,E2 불량 시기 안 (샷 0~60),공정 값 23 + 샷 내 파생,부스팅
GradientBoosting,32,0.7018612860013218,0.14155844155844155,0.0,0.0,0.0,0.0,0.0,0.0,0.47826086956521735,E2 불량 시기 안 (샷 0~60),공정 값 23 + 샷 내 파생,부스팅
GradientBoosting,33,0.15393185332199474,0.6517857142857142,0.5,0.75,0.75,0.75,0.75,0.75,0.7625,E2 불량 시기 안 (샷 0~60),공정 값 23 + 샷 내 파생,부스팅
GradientBoosting,34,0.7278134627074802,0.2517543859649123,0.3333333333333333,0.3333333333333333,0.3333333333333333,0.0,0.0,0.0,0.4696969696969697,E2 불량 시기 안 (샷 0~60),공정 값 23 + 샷 내 파생,부스팅
GradientBoosting,35,0.3691613100094321,0.7976190476190477,0.75,0.75,0.75,0.6666666666666666,0.5,1.0,0.7875,E2 불량 시기 안 (샷 0~60),공정 값 23 + 샷 내 파생,부스팅
GradientBoosting,36,0.6860859956772885,0.15138888888888888,0.0,0.0,0.0,0.0,0.0,0.0,0.536231884057971,E2 불량 시기 안 (샷 0~60),공정 값 23 + 샷 내 파생,부스팅
GradientBoosting,37,0.009535924361069797,0.6056985294117647,0.5,0.5,0.5,0.3333333333333333,1.0,0.2,0.675,E2 불량 시기 안 (샷 0~60),공정 값 23 + 샷 내 파생,부스팅
GradientBoosting,38,0.36685223838744335,0.7575757575757576,0.6666666666666666,0.6666666666666666,0.6666666666666666,0.8,0.6666666666666666,1.0,0.8596491228070176,E2 불량 시기 안 (샷 0~60),공정 값 23 + 샷 내 파생,부스팅
GradientBoosting,39,0.5689636491424407,0.4158249158249158,0.3333333333333333,0.3333333333333333,0.3333333333333333,0.0,0.0,0.0,0.46969696969696967,E2 불량 시기 안 (샷 0~60),공정 값 23 + 샷 내 파생,부스팅
GradientBoosting,40,0.013137476339819227,0.5416666666666666,0.5,0.75,0.75,0.36363636363636365,1.0,0.2222222222222222,0.8125,E2 불량 시기 안 (샷 0~60),공정 값 23 + 샷 내 파생,부스팅
GradientBoosting,41,0.12746129061777467,0.7777777777777777,0.6666666666666666,0.6666666666666666,0.6666666666666666,0.5714285714285714,0.6666666666666666,0.5,0.8947368421052632,E2 불량 시기 안 (샷 0~60),공정 값 23 + 샷 내 파생,부스팅
GradientBoosting,42,0.448026440000776,0.1888888888888889,0.0,0.3333333333333333,0.3333333333333333,0.0,0.0,0.0,0.6376811594202898,E2 불량 시기 안 (샷 0~60),공정 값 23 + 샷 내 파생,부스팅
GradientBoosting,43,0.17900126112525303,0.6416666666666666,0.5,0.5,0.5,0.6666666666666666,0.5,1.0,0.775,E2 불량 시기 안 (샷 0~60),공정 값 23 + 샷 내 파생,부스팅
GradientBoosting,44,0.6486979393142646,0.19337231968810917,0.0,0.3333333333333333,0.3333333333333333,0.0,0.0,0.0,0.5909090909090908,E2 불량 시기 안 (샷 0~60),공정 값 23 + 샷 내 파생,부스팅
GradientBoosting,45,0.761999447832811,0.8026315789473684,0.75,0.75,0.75,0.0,0.0,0.0,0.8125,E2 불량 시기 안 (샷 0~60),공정 값 23 + 샷 내 파생,부스팅
GradientBoosting,46,0.04525275883383461,0.7254901960784313,0.6666666666666666,0.6666666666666666,0.6666666666666666,0.36363636363636365,0.6666666666666666,0.25,0.7543859649122807,E2 불량 시기 안 (샷 0~60),공정 값 23 + 샷 내 파생,부스팅
GradientBoosting,47,0.19628531011960587,0.2933723196881092,0.3333333333333333,0.3333333333333333,0.3333333333333333,0.2857142857142857,0.3333333333333333,0.25,0.6521739130434783,E2 불량 시기 안 (샷 0~60),공정 값 23 + 샷 내 파생,부스팅
GradientBoosting,48,0.04632757333197291,0.5917366946778713,0.5,0.5,0.5,0.4,0.5,0.3333333333333333,0.6125,E2 불량 시기 안 (샷 0~60),공정 값 23 + 샷 내 파생,부스팅
GradientBoosting,49,0.19928885998163096,0.2217171717171717,0.3333333333333333,0.3333333333333333,0.3333333333333333,0.2857142857142857,0.3333333333333333,0.25,0.5757575757575757,E2 불량 시기 안 (샷 0~60),공정 값 23 + 샷 내 파생,부스팅
HistGradientBoosting,0,0.008883628202704403,0.6458333333333333,0.5,0.75,1.0,0.6666666666666666,1.0,0.5,0.9375,E2 불량 시기 안 (샷 0~60),공정 값 23 + 샷 내 파생,부스팅
HistGradientBoosting,1,0.0003249270528744464,0.7435897435897436,0.6666666666666666,0.6666666666666666,0.6666666666666666,0.3157894736842105,1.0,0.1875,0.8245614035087719,E2 불량 시기 안 (샷 0~60),공정 값 23 + 샷 내 파생,부스팅
HistGradientBoosting,2,0.06242518093754388,0.18514818514818515,0.0,0.0,0.3333333333333333,0.0,0.0,0.0,0.6376811594202899,E2 불량 시기 안 (샷 0~60),공정 값 23 + 샷 내 파생,부스팅
HistGradientBoosting,3,0.002918635453605886,0.6519230769230768,0.5,0.5,0.5,0.4444444444444444,1.0,0.2857142857142857,0.8,E2 불량 시기 안 (샷 0~60),공정 값 23 + 샷 내 파생,부스팅
HistGradientBoosting,4,0.052079652189274475,0.25757575757575757,0.0,0.3333333333333333,0.6666666666666666,0.0,0.0,0.0,0.7424242424242424,E2 불량 시기 안 (샷 0~60),공정 값 23 + 샷 내 파생,부스팅
HistGradientBoosting,5,0.0012091137523121353,0.675,0.5,0.5,0.75,0.3333333333333333,0.75,0.21428571428571427,0.7625,E2 불량 시기 안 (샷 0~60),공정 값 23 + 샷 내 파생,부스팅
HistGradientBoosting,6,0.9854051736674281,0.5873015873015872,0.3333333333333333,0.6666666666666666,1.0,0.0,0.0,0.0,0.8840579710144928,E2 불량 시기 안 (샷 0~60),공정 값 23 + 샷 내 파생,부스팅
HistGradientBoosting,7,0.025512755566898086,0.6180555555555556,0.5,0.5,0.5,0.5,0.5,0.5,0.7125,E2 불량 시기 안 (샷 0~60),공정 값 23 + 샷 내 파생,부스팅
HistGradientBoosting,8,0.9257241723062481,0.6333333333333333,0.3333333333333333,0.6666666666666666,1.0,0.0,0.0,0.0,0.894736842105263,E2 불량 시기 안 (샷 0~60),공정 값 23 + 샷 내 파생,부스팅
HistGradientBoosting,9,0.4038385595028224,0.1493734335839599,0.0,0.3333333333333333,0.3333333333333333,0.0,0.0,0.0,0.40909090909090906,E2 불량 시기 안 (샷 0~60),공정 값 23 + 샷 내 파생,부스팅
HistGradientBoosting,10,0.0011020497290204277,0.7309782608695652,0.5,0.75,0.75,0.42857142857142855,0.75,0.3,0.75,E2 불량 시기 안 (샷 0~60),공정 값 23 + 샷 내 파생,부스팅
HistGradientBoosting,11,0.0008268639801366086,0.8095238095238095,0.6666666666666666,0.6666666666666666,1.0,0.35294117647058826,1.0,0.21428571428571427,0.9298245614035088,E2 불량 시기 안 (샷 0~60),공정 값 23 + 샷 내 파생,부스팅
HistGradientBoosting,12,0.9867134452886526,0.18845315904139434,0.0,0.3333333333333333,0.3333333333333333,0.0,0.0,0.0,0.6231884057971014,E2 불량 시기 안 (샷 0~60),공정 값 23 + 샷 내 파생,부스팅
HistGradientBoosting,13,0.038588438056305734,0.415,0.3333333333333333,0.3333333333333333,0.3333333333333333,0.2857142857142857,0.3333333333333333,0.25,0.45454545454545453,E2 불량 시기 안 (샷 0~60),공정 값 23 + 샷 내 파생,부스팅
HistGradientBoosting,14,0.26366303251752116,0.30508255933952527,0.25,0.5,0.5,0.0,0.0,0.0,0.5875,E2 불량 시기 안 (샷 0~60),공정 값 23 + 샷 내 파생,부스팅
HistGradientBoosting,15,0.005096593776670743,0.12196969696969698,0.0,0.0,0.0,0.0,0.0,0.0,0.4057971014492754,E2 불량 시기 안 (샷 0~60),공정 값 23 + 샷 내 파생,부스팅
HistGradientBoosting,16,0.004143411362867255,0.6375,0.5,0.5,0.5,0.6666666666666666,0.5,1.0,0.7625,E2 불량 시기 안 (샷 0~60),공정 값 23 + 샷 내 파생,부스팅
HistGradientBoosting,17,0.9808736957971347,0.274702380952381,0.0,0.25,0.75,0.0,0.0,0.0,0.625,E2 불량 시기 안 (샷 0~60),공정 값 23 + 샷 내 파생,부스팅
HistGradientBoosting,18,0.0675477539296359,0.7916666666666666,0.6666666666666666,0.6666666666666666,0.6666666666666666,0.5714285714285714,0.6666666666666666,0.5,0.912280701754386,E2 불량 시기 안 (샷 0~60),공정 값 23 + 샷 내 파생,부스팅
HistGradientBoosting,19,0.8551589445592798,0.2698412698412698,0.3333333333333333,0.3333333333333333,0.3333333333333333,0.0,0.0,0.0,0.5757575757575757,E2 불량 시기 안 (샷 0~60),공정 값 23 + 샷 내 파생,부스팅
HistGradientBoosting,20,0.1334181692634807,0.6136363636363635,0.5,0.5,0.5,0.0,0.0,0.0,0.6749999999999999,E2 불량 시기 안 (샷 0~60),공정 값 23 + 샷 내 파생,부스팅
HistGradientBoosting,21,0.650782742900973,0.25326797385620914,0.3333333333333333,0.3333333333333333,0.6666666666666666,0.0,0.0,0.0,0.6811594202898551,E2 불량 시기 안 (샷 0~60),공정 값 23 + 샷 내 파생,부스팅
HistGradientBoosting,22,0.00020511192191005316,0.37976190476190474,0.25,0.5,0.75,0.4444444444444444,1.0,0.2857142857142857,0.7749999999999999,E2 불량 시기 안 (샷 0~60),공정 값 23 + 샷 내 파생,부스팅
HistGradientBoosting,23,0.12974422309945374,0.7121212121212122,0.6666666666666666,0.6666666666666666,0.6666666666666666,0.4444444444444444,0.6666666666666666,0.3333333333333333,0.6666666666666666,E2 불량 시기 안 (샷 0~60),공정 값 23 + 샷 내 파생,부스팅
HistGradientBoosting,24,0.31387771135904646,0.21216931216931217,0.0,0.3333333333333333,0.3333333333333333,0.0,0.0,0.0,0.6666666666666666,E2 불량 시기 안 (샷 0~60),공정 값 23 + 샷 내 파생,부스팅
HistGradientBoosting,25,0.001996005218729006,0.7019230769230769,0.5,0.5,0.75,0.42857142857142855,0.75,0.3,0.8500000000000001,E2 불량 시기 안 (샷 0~60),공정 값 23 + 샷 내 파생,부스팅
HistGradientBoosting,26,0.006745825311758459,0.7142857142857142,0.6666666666666666,0.6666666666666666,0.6666666666666666,0.4444444444444444,0.6666666666666666,0.3333333333333333,0.6842105263157895,E2 불량 시기 안 (샷 0~60),공정 값 23 + 샷 내 파생,부스팅
HistGradientBoosting,27,0.9969290130776189,0.7463235294117647,0.5,0.75,0.75,0.0,0.0,0.0,0.825,E2 불량 시기 안 (샷 0~60),공정 값 23 + 샷 내 파생,부스팅
HistGradientBoosting,28,0.9996459333338357,0.5396825396825397,0.3333333333333333,0.3333333333333333,0.6666666666666666,0.0,0.0,0.0,0.8405797101449275,E2 불량 시기 안 (샷 0~60),공정 값 23 + 샷 내 파생,부스팅
HistGradientBoosting,29,0.8929394544644169,0.6222222222222222,0.6666666666666666,0.6666666666666666,0.6666666666666666,0.0,0.0,0.0,0.803030303030303,E2 불량 시기 안 (샷 0~60),공정 값 23 + 샷 내 파생,부스팅
HistGradientBoosting,30,0.0023567873593989485,0.6035714285714286,0.5,0.5,0.5,0.3333333333333333,0.5,0.25,0.6625,E2 불량 시기 안 (샷 0~60),공정 값 23 + 샷 내 파생,부스팅
HistGradientBoosting,31,0.0012018475718461215,0.9166666666666665,0.6666666666666666,1.0,1.0,0.6666666666666666,1.0,0.5,0.9824561403508772,E2 불량 시기 안 (샷 0~60),공정 값 23 + 샷 내 파생,부스팅
HistGradientBoosting,32,0.9981465234514041,0.15963987703118138,0.0,0.3333333333333333,0.3333333333333333,0.0,0.0,0.0,0.5072463768115942,E2 불량 시기 안 (샷 0~60),공정 값 23 + 샷 내 파생,부스팅
HistGradientBoosting,33,0.36879335302944094,0.27271241830065357,0.25,0.25,0.25,0.0,0.0,0.0,0.6375,E2 불량 시기 안 (샷 0~60),공정 값 23 + 샷 내 파생,부스팅
HistGradientBoosting,34,0.9916960411297658,0.1638755980861244,0.0,0.3333333333333333,0.3333333333333333,0.0,0.0,0.0,0.40909090909090906,E2 불량 시기 안 (샷 0~60),공정 값 23 + 샷 내 파생,부스팅
HistGradientBoosting,35,0.0010586527773443718,0.7976190476190477,0.75,0.75,0.75,0.375,0.75,0.25,0.7875,E2 불량 시기 안 (샷 0~60),공정 값 23 + 샷 내 파생,부스팅
HistGradientBoosting,36,0.001061713218458295,0.12037037037037036,0.0,0.0,0.0,0.0,0.0,0.0,0.3913043478260869,E2 불량 시기 안 (샷 0~60),공정 값 23 + 샷 내 파생,부스팅
HistGradientBoosting,37,0.005948509993905393,0.6202380952380953,0.5,0.5,0.5,0.5,0.5,0.5,0.725,E2 불량 시기 안 (샷 0~60),공정 값 23 + 샷 내 파생,부스팅
HistGradientBoosting,38,0.8652468023578522,0.5535714285714286,0.3333333333333333,0.3333333333333333,0.6666666666666666,0.0,0.0,0.0,0.824561403508772,E2 불량 시기 안 (샷 0~60),공정 값 23 + 샷 내 파생,부스팅
HistGradientBoosting,39,0.0049550108671563165,0.15833333333333333,0.0,0.3333333333333333,0.3333333333333333,0.18181818181818182,0.3333333333333333,0.125,0.46969696969696967,E2 불량 시기 안 (샷 0~60),공정 값 23 + 샷 내 파생,부스팅
HistGradientBoosting,40,0.16086886992844013,0.6375,0.5,0.5,0.5,0.6666666666666666,0.5,1.0,0.7625,E2 불량 시기 안 (샷 0~60),공정 값 23 + 샷 내 파생,부스팅
HistGradientBoosting,41,0.04826452523307247,0.5074074074074074,0.3333333333333333,0.3333333333333333,0.3333333333333333,0.18181818181818182,0.3333333333333333,0.125,0.7543859649122806,E2 불량 시기 안 (샷 0~60),공정 값 23 + 샷 내 파생,부스팅
HistGradientBoosting,42,0.055428002225726,0.3384615384615385,0.3333333333333333,0.6666666666666666,0.6666666666666666,0.0,0.0,0.0,0.608695652173913,E2 불량 시기 안 (샷 0~60),공정 값 23 + 샷 내 파생,부스팅
HistGradientBoosting,43,0.02496769123715065,0.6696428571428572,0.5,0.5,0.75,0.5,0.5,0.5,0.8,E2 불량 시기 안 (샷 0~60),공정 값 23 + 샷 내 파생,부스팅
HistGradientBoosting,44,0.8496632058786409,0.13169140800719747,0.0,0.0,0.0,0.0,0.0,0.0,0.4242424242424242,E2 불량 시기 안 (샷 0~60),공정 값 23 + 샷 내 파생,부스팅
HistGradientBoosting,45,0.9972281467012766,0.2754901960784314,0.0,0.25,0.5,0.0,0.0,0.0,0.6625000000000001,E2 불량 시기 안 (샷 0~60),공정 값 23 + 샷 내 파생,부스팅
HistGradientBoosting,46,0.006861294674736913,0.7333333333333334,0.6666666666666666,0.6666666666666666,0.6666666666666666,0.4444444444444444,0.6666666666666666,0.3333333333333333,0.7894736842105263,E2 불량 시기 안 (샷 0~60),공정 값 23 + 샷 내 파생,부스팅
HistGradientBoosting,47,0.04698035790499258,0.23565217391304347,0.3333333333333333,0.3333333333333333,0.3333333333333333,0.2222222222222222,0.3333333333333333,0.16666666666666666,0.36231884057971014,E2 불량 시기 안 (샷 0~60),공정 값 23 + 샷 내 파생,부스팅
HistGradientBoosting,48,0.04259167606180457,0.6165158371040724,0.5,0.5,0.5,0.4,0.5,0.3333333333333333,0.7125,E2 불량 시기 안 (샷 0~60),공정 값 23 + 샷 내 파생,부스팅
HistGradientBoosting,49,0.04437448969593422,0.36944444444444446,0.3333333333333333,0.6666666666666666,1.0,0.0,0.0,0.0,0.8484848484848484,E2 불량 시기 안 (샷 0~60),공정 값 23 + 샷 내 파생,부스팅
XGBoost,0,0.08969756960868835,0.6458333333333333,0.5,0.75,1.0,0.6666666666666666,1.0,0.5,0.9375,E2 불량 시기 안 (샷 0~60),공정 값 23 + 샷 내 파생,부스팅
XGBoost,1,0.01886122301220894,0.33040935672514615,0.3333333333333333,0.6666666666666666,0.6666666666666666,0.26666666666666666,0.6666666666666666,0.16666666666666666,0.6491228070175439,E2 불량 시기 안 (샷 0~60),공정 값 23 + 샷 내 파생,부스팅
XGBoost,2,0.2552643418312073,0.19337231968810917,0.0,0.3333333333333333,0.3333333333333333,0.3076923076923077,0.6666666666666666,0.2,0.608695652173913,E2 불량 시기 안 (샷 0~60),공정 값 23 + 샷 내 파생,부스팅
XGBoost,3,0.0035262892488390207,0.7159090909090909,0.5,0.5,0.75,0.3076923076923077,1.0,0.18181818181818182,0.875,E2 불량 시기 안 (샷 0~60),공정 값 23 + 샷 내 파생,부스팅
XGBoost,4,0.4262474477291107,0.28535353535353536,0.3333333333333333,0.3333333333333333,0.6666666666666666,0.0,0.0,0.0,0.7575757575757576,E2 불량 시기 안 (샷 0~60),공정 값 23 + 샷 내 파생,부스팅
XGBoost,5,0.026900123804807663,0.36666666666666664,0.25,0.5,0.5,0.4,1.0,0.25,0.7625,E2 불량 시기 안 (샷 0~60),공정 값 23 + 샷 내 파생,부스팅
XGBoost,6,0.20565497875213623,0.2611111111111111,0.3333333333333333,0.3333333333333333,0.6666666666666666,0.23529411764705882,0.6666666666666666,0.14285714285714285,0.7101449275362319,E2 불량 시기 안 (샷 0~60),공정 값 23 + 샷 내 파생,부스팅
XGBoost,7,0.013178347609937191,0.7083333333333334,0.5,0.5,0.75,0.4,1.0,0.25,0.8625,E2 불량 시기 안 (샷 0~60),공정 값 23 + 샷 내 파생,부스팅
XGBoost,8,0.10357768833637238,0.8055555555555556,0.6666666666666666,1.0,1.0,0.8571428571428571,1.0,0.75,0.9649122807017545,E2 불량 시기 안 (샷 0~60),공정 값 23 + 샷 내 파생,부스팅
XGBoost,9,0.40178239345550537,0.4666666666666667,0.3333333333333333,0.3333333333333333,0.6666666666666666,0.2857142857142857,0.3333333333333333,0.25,0.6515151515151515,E2 불량 시기 안 (샷 0~60),공정 값 23 + 샷 내 파생,부스팅
XGBoost,10,0.01525509636849165,0.7159090909090909,0.5,0.5,0.75,0.4,1.0,0.25,0.875,E2 불량 시기 안 (샷 0~60),공정 값 23 + 샷 내 파생,부스팅
XGBoost,11,0.03821820765733719,0.42063492063492064,0.3333333333333333,0.6666666666666666,1.0,0.5454545454545454,1.0,0.375,0.8596491228070176,E2 불량 시기 안 (샷 0~60),공정 값 23 + 샷 내 파생,부스팅
XGBoost,12,0.7345640659332275,0.13824950269963057,0.0,0.3333333333333333,0.3333333333333333,0.0,0.0,0.0,0.42028985507246375,E2 불량 시기 안 (샷 0~60),공정 값 23 + 샷 내 파생,부스팅
XGBoost,13,0.2030145227909088,0.4444444444444444,0.3333333333333333,0.3333333333333333,0.3333333333333333,0.2222222222222222,0.3333333333333333,0.16666666666666666,0.6212121212121212,E2 불량 시기 안 (샷 0~60),공정 값 23 + 샷 내 파생,부스팅
XGBoost,14,0.3985688388347626,0.6053113553113553,0.5,0.5,0.5,0.6666666666666666,0.5,1.0,0.6625,E2 불량 시기 안 (샷 0~60),공정 값 23 + 샷 내 파생,부스팅
XGBoost,15,0.7215244770050049,0.5625,0.3333333333333333,0.6666666666666666,0.6666666666666666,0.0,0.0,0.0,0.782608695652174,E2 불량 시기 안 (샷 0~60),공정 값 23 + 샷 내 파생,부스팅
XGBoost,16,0.11782479286193848,0.6770833333333334,0.5,0.5,0.75,0.5,0.5,0.5,0.8375,E2 불량 시기 안 (샷 0~60),공정 값 23 + 샷 내 파생,부스팅
XGBoost,17,0.2391182780265808,0.7159090909090909,0.5,0.5,0.75,0.6,0.75,0.5,0.875,E2 불량 시기 안 (샷 0~60),공정 값 23 + 샷 내 파생,부스팅
XGBoost,18,0.13521985709667206,0.40277777777777773,0.3333333333333333,0.6666666666666666,0.6666666666666666,0.5454545454545454,1.0,0.375,0.8421052631578948,E2 불량 시기 안 (샷 0~60),공정 값 23 + 샷 내 파생,부스팅
XGBoost,19,0.7886167168617249,0.18358395989974938,0.0,0.3333333333333333,0.3333333333333333,0.0,0.0,0.0,0.5303030303030303,E2 불량 시기 안 (샷 0~60),공정 값 23 + 샷 내 파생,부스팅
XGBoost,20,0.2646448612213135,0.21090250329380764,0.0,0.25,0.5,0.0,0.0,0.0,0.42500000000000004,E2 불량 시기 안 (샷 0~60),공정 값 23 + 샷 내 파생,부스팅
XGBoost,21,0.5635019540786743,0.24707602339181284,0.3333333333333333,0.3333333333333333,0.6666666666666666,0.2857142857142857,0.3333333333333333,0.25,0.6521739130434783,E2 불량 시기 안 (샷 0~60),공정 값 23 + 샷 내 파생,부스팅
XGBoost,22,0.03643054887652397,0.37797619047619047,0.25,0.5,0.75,0.3333333333333333,0.75,0.21428571428571427,0.75,E2 불량 시기 안 (샷 0~60),공정 값 23 + 샷 내 파생,부스팅
XGBoost,23,0.2629431188106537,0.75,0.6666666666666666,0.6666666666666666,0.6666666666666666,0.36363636363636365,0.6666666666666666,0.25,0.8421052631578948,E2 불량 시기 안 (샷 0~60),공정 값 23 + 샷 내 파생,부스팅
XGBoost,24,0.5559675693511963,0.28535353535353536,0.3333333333333333,0.3333333333333333,0.6666666666666666,0.2857142857142857,0.3333333333333333,0.25,0.7575757575757576,E2 불량 시기 안 (샷 0~60),공정 값 23 + 샷 내 파생,부스팅
XGBoost,25,0.01128698792308569,0.4166666666666667,0.25,0.5,0.75,0.375,0.75,0.25,0.775,E2 불량 시기 안 (샷 0~60),공정 값 23 + 샷 내 파생,부스팅
XGBoost,26,0.013067401945590973,0.7777777777777777,0.6666666666666666,0.6666666666666666,0.6666666666666666,0.35294117647058826,1.0,0.21428571428571427,0.8947368421052632,E2 불량 시기 안 (샷 0~60),공정 값 23 + 샷 내 파생,부스팅
XGBoost,27,0.6781411170959473,0.7361111111111112,0.5,0.5,0.75,0.0,0.0,0.0,0.9,E2 불량 시기 안 (샷 0~60),공정 값 23 + 샷 내 파생,부스팅
XGBoost,28,0.425172358751297,0.27301587301587305,0.3333333333333333,0.3333333333333333,0.6666666666666666,0.2857142857142857,0.3333333333333333,0.25,0.7246376811594203,E2 불량 시기 안 (샷 0~60),공정 값 23 + 샷 내 파생,부스팅
XGBoost,29,0.6297562122344971,0.23882783882783884,0.0,0.3333333333333333,0.6666666666666666,0.0,0.0,0.0,0.712121212121212,E2 불량 시기 안 (샷 0~60),공정 값 23 + 샷 내 파생,부스팅
XGBoost,30,0.10366714000701904,0.3,0.25,0.5,0.5,0.5,0.5,0.5,0.5625,E2 불량 시기 안 (샷 0~60),공정 값 23 + 샷 내 파생,부스팅
XGBoost,31,0.20615527033805847,0.6388888888888888,0.6666666666666666,1.0,1.0,0.8571428571428571,1.0,0.75,0.9473684210526316,E2 불량 시기 안 (샷 0~60),공정 값 23 + 샷 내 파생,부스팅
XGBoost,32,0.5527709126472473,0.16140109890109888,0.0,0.0,0.3333333333333333,0.0,0.0,0.0,0.5652173913043479,E2 불량 시기 안 (샷 0~60),공정 값 23 + 샷 내 파생,부스팅
XGBoost,33,0.19858476519584656,0.26150793650793647,0.25,0.25,0.25,0.25,0.25,0.25,0.5875,E2 불량 시기 안 (샷 0~60),공정 값 23 + 샷 내 파생,부스팅
XGBoost,34,0.22962647676467896,0.19027777777777777,0.0,0.3333333333333333,0.3333333333333333,0.18181818181818182,0.3333333333333333,0.125,0.5606060606060606,E2 불량 시기 안 (샷 0~60),공정 값 23 + 샷 내 파생,부스팅
XGBoost,35,0.037343159317970276,0.5276315789473685,0.25,0.5,0.75,0.42857142857142855,0.75,0.3,0.7374999999999999,E2 불량 시기 안 (샷 0~60),공정 값 23 + 샷 내 파생,부스팅
XGBoost,36,0.4637547731399536,0.18253968253968253,0.0,0.3333333333333333,0.3333333333333333,0.2222222222222222,0.3333333333333333,0.16666666666666666,0.6231884057971014,E2 불량 시기 안 (샷 0~60),공정 값 23 + 샷 내 파생,부스팅
XGBoost,37,0.47192370891571045,0.6000000000000001,0.5,0.5,0.5,0.6666666666666666,0.5,1.0,0.65,E2 불량 시기 안 (샷 0~60),공정 값 23 + 샷 내 파생,부스팅
XGBoost,38,0.8922241926193237,0.6333333333333333,0.3333333333333333,0.6666666666666666,1.0,0.0,0.0,0.0,0.894736842105263,E2 불량 시기 안 (샷 0~60),공정 값 23 + 샷 내 파생,부스팅
XGBoost,39,0.9620394706726074,0.13425925925925924,0.0,0.0,0.0,0.0,0.0,0.0,0.4393939393939394,E2 불량 시기 안 (샷 0~60),공정 값 23 + 샷 내 파생,부스팅
XGBoost,40,0.24769160151481628,0.3208333333333333,0.25,0.5,0.5,0.2857142857142857,0.5,0.2,0.6375,E2 불량 시기 안 (샷 0~60),공정 값 23 + 샷 내 파생,부스팅
XGBoost,41,0.5503283739089966,0.8055555555555556,0.6666666666666666,1.0,1.0,0.4,0.3333333333333333,0.5,0.9649122807017545,E2 불량 시기 안 (샷 0~60),공정 값 23 + 샷 내 파생,부스팅
XGBoost,42,0.49509310722351074,0.17962962962962964,0.0,0.3333333333333333,0.3333333333333333,0.0,0.0,0.0,0.5797101449275363,E2 불량 시기 안 (샷 0~60),공정 값 23 + 샷 내 파생,부스팅
XGBoost,43,0.019683940336108208,0.6226190476190476,0.5,0.5,0.5,0.3,0.75,0.1875,0.7000000000000001,E2 불량 시기 안 (샷 0~60),공정 값 23 + 샷 내 파생,부스팅
XGBoost,44,0.4102760851383209,0.28535353535353536,0.3333333333333333,0.3333333333333333,0.6666666666666666,0.36363636363636365,0.6666666666666666,0.25,0.7575757575757576,E2 불량 시기 안 (샷 0~60),공정 값 23 + 샷 내 파생,부스팅
XGBoost,45,0.7168774008750916,0.22817460317460314,0.0,0.25,0.25,0.0,0.0,0.0,0.5625,E2 불량 시기 안 (샷 0~60),공정 값 23 + 샷 내 파생,부스팅
XGBoost,46,0.05083302780985832,0.7192982456140351,0.6666666666666666,0.6666666666666666,0.6666666666666666,0.26666666666666666,0.6666666666666666,0.16666666666666666,0.7192982456140351,E2 불량 시기 안 (샷 0~60),공정 값 23 + 샷 내 파생,부스팅
XGBoost,47,0.6572483777999878,0.231203007518797,0.0,0.3333333333333333,0.6666666666666666,0.0,0.0,0.0,0.6521739130434783,E2 불량 시기 안 (샷 0~60),공정 값 23 + 샷 내 파생,부스팅
XGBoost,48,0.31769415736198425,0.23095238095238096,0.0,0.25,0.5,0.0,0.0,0.0,0.5375,E2 불량 시기 안 (샷 0~60),공정 값 23 + 샷 내 파생,부스팅
XGBoost,49,0.1813674122095108,0.43358395989974935,0.3333333333333333,0.3333333333333333,0.3333333333333333,0.2222222222222222,0.3333333333333333,0.16666666666666666,0.5757575757575757,E2 불량 시기 안 (샷 0~60),공정 값 23 + 샷 내 파생,부스팅
LightGBM,0,0.5146011781696376,0.7708333333333333,0.5,0.75,0.75,0.6666666666666666,0.5,1.0,0.8875,E2 불량 시기 안 (샷 0~60),공정 값 23 + 샷 내 파생,부스팅
LightGBM,1,0.016817855173206143,0.7435897435897436,0.6666666666666666,0.6666666666666666,0.6666666666666666,0.26666666666666666,0.6666666666666666,0.16666666666666666,0.8245614035087719,E2 불량 시기 안 (샷 0~60),공정 값 23 + 샷 내 파생,부스팅
LightGBM,2,0.6086655105571627,0.6464646464646464,0.6666666666666666,0.6666666666666666,0.6666666666666666,0.0,0.0,0.0,0.8695652173913044,E2 불량 시기 안 (샷 0~60),공정 값 23 + 샷 내 파생,부스팅
LightGBM,3,0.052623887978895084,0.9166666666666666,0.75,0.75,1.0,0.8,1.0,0.6666666666666666,0.9750000000000001,E2 불량 시기 안 (샷 0~60),공정 값 23 + 샷 내 파생,부스팅
LightGBM,4,0.5150233503297936,0.29444444444444445,0.3333333333333333,0.3333333333333333,0.6666666666666666,0.0,0.0,0.0,0.7727272727272727,E2 불량 시기 안 (샷 0~60),공정 값 23 + 샷 내 파생,부스팅
LightGBM,5,0.06597571987897974,0.6805555555555556,0.5,0.5,0.75,0.6,0.75,0.5,0.7875000000000001,E2 불량 시기 안 (샷 0~60),공정 값 23 + 샷 내 파생,부스팅
LightGBM,6,0.6625067843746497,0.2935897435897436,0.0,0.6666666666666666,0.6666666666666666,0.0,0.0,0.0,0.7681159420289856,E2 불량 시기 안 (샷 0~60),공정 값 23 + 샷 내 파생,부스팅
LightGBM,7,0.230856490701792,0.7329545454545454,0.5,0.75,0.75,0.6666666666666666,0.5,1.0,0.7625,E2 불량 시기 안 (샷 0~60),공정 값 23 + 샷 내 파생,부스팅
LightGBM,8,0.04892559675434218,1.0,1.0,1.0,1.0,0.6666666666666666,1.0,0.5,1.0,E2 불량 시기 안 (샷 0~60),공정 값 23 + 샷 내 파생,부스팅
LightGBM,9,0.07927718972853774,0.41604010025062654,0.3333333333333333,0.3333333333333333,0.3333333333333333,0.2857142857142857,0.3333333333333333,0.25,0.46969696969696967,E2 불량 시기 안 (샷 0~60),공정 값 23 + 샷 내 파생,부스팅
LightGBM,10,0.02223221051496226,0.7401315789473684,0.5,0.75,0.75,0.2727272727272727,0.75,0.16666666666666666,0.7999999999999999,E2 불량 시기 안 (샷 0~60),공정 값 23 + 샷 내 파생,부스팅
LightGBM,11,0.028581578028175316,0.7333333333333334,0.6666666666666666,0.6666666666666666,0.6666666666666666,0.3076923076923077,0.6666666666666666,0.2,0.7894736842105263,E2 불량 시기 안 (샷 0~60),공정 값 23 + 샷 내 파생,부스팅
LightGBM,12,0.6526106169285792,0.14206349206349206,0.0,0.0,0.3333333333333333,0.0,0.0,0.0,0.4782608695652174,E2 불량 시기 안 (샷 0~60),공정 값 23 + 샷 내 파생,부스팅
LightGBM,13,0.576168085595377,0.26111111111111107,0.3333333333333333,0.3333333333333333,0.3333333333333333,0.0,0.0,0.0,0.712121212121212,E2 불량 시기 안 (샷 0~60),공정 값 23 + 샷 내 파생,부스팅
LightGBM,14,0.12399972230918083,0.3821428571428571,0.25,0.5,0.75,0.5,0.5,0.5,0.7625,E2 불량 시기 안 (샷 0~60),공정 값 23 + 샷 내 파생,부스팅
LightGBM,15,0.5532290731115495,0.18888888888888888,0.0,0.3333333333333333,0.3333333333333333,0.0,0.0,0.0,0.6086956521739131,E2 불량 시기 안 (샷 0~60),공정 값 23 + 샷 내 파생,부스팅
LightGBM,16,0.01867727405985596,0.7430555555555556,0.5,0.75,0.75,0.375,0.75,0.25,0.8125,E2 불량 시기 안 (샷 0~60),공정 값 23 + 샷 내 파생,부스팅
LightGBM,17,0.2476847651577187,0.7986111111111112,0.5,0.75,0.75,0.0,0.0,0.0,0.925,E2 불량 시기 안 (샷 0~60),공정 값 23 + 샷 내 파생,부스팅
LightGBM,18,0.13048802495631806,0.4444444444444445,0.3333333333333333,0.6666666666666666,1.0,0.6666666666666666,1.0,0.5,0.8771929824561403,E2 불량 시기 안 (샷 0~60),공정 값 23 + 샷 내 파생,부스팅
LightGBM,19,0.5150092058603163,0.2768115942028986,0.3333333333333333,0.3333333333333333,0.3333333333333333,0.4,0.3333333333333333,0.5,0.5606060606060606,E2 불량 시기 안 (샷 0~60),공정 값 23 + 샷 내 파생,부스팅
LightGBM,20,0.6799708075497208,0.21431159420289855,0.0,0.25,0.5,0.0,0.0,0.0,0.44999999999999996,E2 불량 시기 안 (샷 0~60),공정 값 23 + 샷 내 파생,부스팅
LightGBM,21,0.2089234194269888,0.2685185185185185,0.3333333333333333,0.3333333333333333,0.3333333333333333,0.2222222222222222,0.3333333333333333,0.16666666666666666,0.7391304347826088,E2 불량 시기 안 (샷 0~60),공정 값 23 + 샷 내 파생,부스팅
LightGBM,22,0.027381891557568892,0.8,0.75,0.75,0.75,0.75,0.75,0.75,0.8,E2 불량 시기 안 (샷 0~60),공정 값 23 + 샷 내 파생,부스팅
LightGBM,23,0.02338523849773252,0.7916666666666666,0.6666666666666666,0.6666666666666666,0.6666666666666666,0.5454545454545454,1.0,0.375,0.912280701754386,E2 불량 시기 안 (샷 0~60),공정 값 23 + 샷 내 파생,부스팅
LightGBM,24,0.33292316526865817,0.26111111111111107,0.3333333333333333,0.3333333333333333,0.3333333333333333,0.0,0.0,0.0,0.712121212121212,E2 불량 시기 안 (샷 0~60),공정 값 23 + 샷 내 파생,부스팅
LightGBM,25,0.13445865770587415,0.7541666666666667,0.5,0.75,0.75,0.6,0.75,0.5,0.85,E2 불량 시기 안 (샷 0~60),공정 값 23 + 샷 내 파생,부스팅
LightGBM,26,0.010133036650120525,0.7777777777777777,0.6666666666666666,0.6666666666666666,0.6666666666666666,0.3157894736842105,1.0,0.1875,0.8947368421052632,E2 불량 시기 안 (샷 0~60),공정 값 23 + 샷 내 파생,부스팅
LightGBM,27,0.9038098334072179,0.85,0.75,0.75,0.75,0.0,0.0,0.0,0.9249999999999999,E2 불량 시기 안 (샷 0~60),공정 값 23 + 샷 내 파생,부스팅
LightGBM,28,0.0731955695237571,0.3873015873015873,0.3333333333333333,0.6666666666666666,1.0,0.4444444444444444,0.6666666666666666,0.3333333333333333,0.8695652173913043,E2 불량 시기 안 (샷 0~60),공정 값 23 + 샷 내 파생,부스팅
LightGBM,29,0.2297254018661008,0.6666666666666666,0.6666666666666666,0.6666666666666666,0.6666666666666666,0.4,0.3333333333333333,0.5,0.8939393939393939,E2 불량 시기 안 (샷 0~60),공정 값 23 + 샷 내 파생,부스팅
LightGBM,30,0.004286022470456837,0.6204545454545454,0.5,0.5,0.5,0.3,0.75,0.1875,0.6875,E2 불량 시기 안 (샷 0~60),공정 값 23 + 샷 내 파생,부스팅
LightGBM,31,0.09775082804703968,0.8333333333333333,0.6666666666666666,0.6666666666666666,1.0,0.5714285714285714,0.6666666666666666,0.5,0.9473684210526315,E2 불량 시기 안 (샷 0~60),공정 값 23 + 샷 내 파생,부스팅
LightGBM,32,0.018680067323936147,0.22424242424242424,0.0,0.3333333333333333,0.3333333333333333,0.18181818181818182,0.3333333333333333,0.125,0.7101449275362319,E2 불량 시기 안 (샷 0~60),공정 값 23 + 샷 내 파생,부스팅
LightGBM,33,0.32541781761764366,0.375,0.25,0.5,0.75,0.25,0.25,0.25,0.7625,E2 불량 시기 안 (샷 0~60),공정 값 23 + 샷 내 파생,부스팅
LightGBM,34,0.4617743084135636,0.18006993006993005,0.0,0.3333333333333333,0.3333333333333333,0.2857142857142857,0.3333333333333333,0.25,0.5,E2 불량 시기 안 (샷 0~60),공정 값 23 + 샷 내 파생,부스팅
LightGBM,35,0.20369436449478182,0.8166666666666667,0.75,0.75,0.75,0.6,0.75,0.5,0.8625,E2 불량 시기 안 (샷 0~60),공정 값 23 + 샷 내 파생,부스팅
LightGBM,36,0.06865410713601722,0.3214285714285714,0.3333333333333333,0.3333333333333333,0.6666666666666666,0.36363636363636365,0.6666666666666666,0.25,0.7391304347826086,E2 불량 시기 안 (샷 0~60),공정 값 23 + 샷 내 파생,부스팅
LightGBM,37,0.06954696767635986,0.6123949579831933,0.5,0.5,0.5,0.5,0.5,0.5,0.7,E2 불량 시기 안 (샷 0~60),공정 값 23 + 샷 내 파생,부스팅
LightGBM,38,0.3227923433387209,0.42063492063492064,0.3333333333333333,0.6666666666666666,1.0,0.0,0.0,0.0,0.8596491228070176,E2 불량 시기 안 (샷 0~60),공정 값 23 + 샷 내 파생,부스팅
LightGBM,39,0.8827789134145998,0.125,0.0,0.0,0.0,0.0,0.0,0.0,0.3939393939393939,E2 불량 시기 안 (샷 0~60),공정 값 23 + 샷 내 파생,부스팅
LightGBM,40,0.19084927248957387,0.6875,0.5,0.5,0.75,0.6,0.75,0.5,0.8125,E2 불량 시기 안 (샷 0~60),공정 값 23 + 샷 내 파생,부스팅
LightGBM,41,0.7698600331782683,1.0,1.0,1.0,1.0,0.0,0.0,0.0,1.0,E2 불량 시기 안 (샷 0~60),공정 값 23 + 샷 내 파생,부스팅
LightGBM,42,0.4161390975598574,0.2777777777777778,0.3333333333333333,0.6666666666666666,0.6666666666666666,0.0,0.0,0.0,0.6956521739130435,E2 불량 시기 안 (샷 0~60),공정 값 23 + 샷 내 파생,부스팅
LightGBM,43,0.4341063661639506,0.7351190476190477,0.5,0.75,0.75,0.6666666666666666,0.5,1.0,0.775,E2 불량 시기 안 (샷 0~60),공정 값 23 + 샷 내 파생,부스팅
LightGBM,44,0.7156167710571127,0.2240740740740741,0.0,0.3333333333333333,0.3333333333333333,0.0,0.0,0.0,0.6969696969696969,E2 불량 시기 안 (샷 0~60),공정 값 23 + 샷 내 파생,부스팅
LightGBM,45,0.15367341279224084,0.417156862745098,0.25,0.75,0.75,0.0,0.0,0.0,0.7625,E2 불량 시기 안 (샷 0~60),공정 값 23 + 샷 내 파생,부스팅
LightGBM,46,0.08288083843130725,0.7333333333333334,0.6666666666666666,0.6666666666666666,0.6666666666666666,0.4444444444444444,0.6666666666666666,0.3333333333333333,0.7894736842105263,E2 불량 시기 안 (샷 0~60),공정 값 23 + 샷 내 파생,부스팅
LightGBM,47,0.20711180203486673,0.24936061381074168,0.3333333333333333,0.3333333333333333,0.3333333333333333,0.2857142857142857,0.3333333333333333,0.25,0.4782608695652174,E2 불량 시기 안 (샷 0~60),공정 값 23 + 샷 내 파생,부스팅
LightGBM,48,0.09714414303092454,0.3821428571428571,0.25,0.5,0.75,0.5,0.5,0.5,0.7625,E2 불량 시기 안 (샷 0~60),공정 값 23 + 샷 내 파생,부스팅
LightGBM,49,0.4781304956416743,0.6428571428571428,0.3333333333333333,0.6666666666666666,1.0,0.0,0.0,0.0,0.9090909090909091,E2 불량 시기 안 (샷 0~60),공정 값 23 + 샷 내 파생,부스팅
CatBoost,0,0.480018535396427,0.7083333333333334,0.5,0.5,0.75,0.0,0.0,0.0,0.8625,E2 불량 시기 안 (샷 0~60),공정 값 23 + 샷 내 파생,부스팅
CatBoost,1,0.3442287017963892,0.7192982456140351,0.6666666666666666,0.6666666666666666,0.6666666666666666,0.8,0.6666666666666666,1.0,0.7192982456140351,E2 불량 시기 안 (샷 0~60),공정 값 23 + 샷 내 파생,부스팅
CatBoost,2,0.30410783678052133,0.4740740740740741,0.3333333333333333,0.3333333333333333,0.3333333333333333,0.0,0.0,0.0,0.7246376811594203,E2 불량 시기 안 (샷 0~60),공정 값 23 + 샷 내 파생,부스팅
CatBoost,3,0.055692185339764846,0.7678571428571428,0.5,0.5,1.0,0.6,0.75,0.5,0.9249999999999999,E2 불량 시기 안 (샷 0~60),공정 값 23 + 샷 내 파생,부스팅
CatBoost,4,0.3249184250689825,0.19794584500466852,0.3333333333333333,0.3333333333333333,0.3333333333333333,0.0,0.0,0.0,0.4696969696969696,E2 불량 시기 안 (샷 0~60),공정 값 23 + 샷 내 파생,부스팅
CatBoost,5,0.1016306484038462,0.6375,0.5,0.5,0.5,0.3333333333333333,0.5,0.25,0.7625,E2 불량 시기 안 (샷 0~60),공정 값 23 + 샷 내 파생,부스팅
CatBoost,6,0.6746447582935305,0.43977591036414565,0.3333333333333333,0.3333333333333333,0.3333333333333333,0.0,0.0,0.0,0.6231884057971014,E2 불량 시기 안 (샷 0~60),공정 값 23 + 샷 내 파생,부스팅
CatBoost,7,0.1393678721901951,0.65625,0.5,0.5,0.75,0.6666666666666666,0.5,1.0,0.7875,E2 불량 시기 안 (샷 0~60),공정 값 23 + 샷 내 파생,부스팅
CatBoost,8,0.6739526931177406,0.8055555555555556,0.6666666666666666,1.0,1.0,0.0,0.0,0.0,0.9649122807017545,E2 불량 시기 안 (샷 0~60),공정 값 23 + 샷 내 파생,부스팅
CatBoost,9,0.4630601637309742,0.4085576259489303,0.3333333333333333,0.3333333333333333,0.3333333333333333,0.0,0.0,0.0,0.40909090909090906,E2 불량 시기 안 (샷 0~60),공정 값 23 + 샷 내 파생,부스팅
CatBoost,10,0.0361002342432662,0.6416666666666666,0.5,0.5,0.5,0.3333333333333333,0.75,0.21428571428571427,0.775,E2 불량 시기 안 (샷 0~60),공정 값 23 + 샷 내 파생,부스팅
CatBoost,11,0.37594868769184053,0.7575757575757576,0.6666666666666666,0.6666666666666666,0.6666666666666666,0.8,0.6666666666666666,1.0,0.8596491228070176,E2 불량 시기 안 (샷 0~60),공정 값 23 + 샷 내 파생,부스팅
CatBoost,12,0.32057773133542433,0.13824950269963057,0.0,0.3333333333333333,0.3333333333333333,0.0,0.0,0.0,0.42028985507246375,E2 불량 시기 안 (샷 0~60),공정 값 23 + 샷 내 파생,부스팅
CatBoost,13,0.5993525639503817,0.4305555555555555,0.3333333333333333,0.3333333333333333,0.3333333333333333,0.0,0.0,0.0,0.5606060606060606,E2 불량 시기 안 (샷 0~60),공정 값 23 + 샷 내 파생,부스팅
CatBoost,14,0.3512064756645392,0.6165158371040724,0.5,0.5,0.5,0.0,0.0,0.0,0.7125,E2 불량 시기 안 (샷 0~60),공정 값 23 + 샷 내 파생,부스팅
CatBoost,15,0.8084929636971865,0.10576923076923078,0.0,0.0,0.0,0.0,0.0,0.0,0.28985507246376807,E2 불량 시기 안 (샷 0~60),공정 값 23 + 샷 내 파생,부스팅
CatBoost,16,0.08618429684276223,0.625,0.5,0.5,0.5,0.5,0.5,0.5,0.7375,E2 불량 시기 안 (샷 0~60),공정 값 23 + 샷 내 파생,부스팅
CatBoost,17,0.7736350254292814,0.7351190476190477,0.5,0.75,0.75,0.0,0.0,0.0,0.775,E2 불량 시기 안 (샷 0~60),공정 값 23 + 샷 내 파생,부스팅
CatBoost,18,0.3267524782487375,0.75,0.6666666666666666,0.6666666666666666,0.6666666666666666,0.5714285714285714,0.6666666666666666,0.5,0.8421052631578948,E2 불량 시기 안 (샷 0~60),공정 값 23 + 샷 내 파생,부스팅
CatBoost,19,0.17260004743361662,0.2638888888888889,0.3333333333333333,0.3333333333333333,0.3333333333333333,0.2857142857142857,0.3333333333333333,0.25,0.5454545454545454,E2 불량 시기 안 (샷 0~60),공정 값 23 + 샷 내 파생,부스팅
CatBoost,20,0.18723432778954258,0.5970496894409938,0.5,0.5,0.5,0.6666666666666666,0.5,1.0,0.625,E2 불량 시기 안 (샷 0~60),공정 값 23 + 샷 내 파생,부스팅
CatBoost,21,0.4932633916321535,0.21929824561403508,0.3333333333333333,0.3333333333333333,0.3333333333333333,0.0,0.0,0.0,0.5942028985507246,E2 불량 시기 안 (샷 0~60),공정 값 23 + 샷 내 파생,부스팅
CatBoost,22,0.13046879455483817,0.6333333333333333,0.5,0.5,0.5,0.6666666666666666,0.5,1.0,0.725,E2 불량 시기 안 (샷 0~60),공정 값 23 + 샷 내 파생,부스팅
CatBoost,23,0.029206497389123304,0.75,0.6666666666666666,0.6666666666666666,0.6666666666666666,0.35294117647058826,1.0,0.21428571428571427,0.8421052631578948,E2 불량 시기 안 (샷 0~60),공정 값 23 + 샷 내 파생,부스팅
CatBoost,24,0.6171945112286189,0.5526315789473684,0.3333333333333333,0.6666666666666666,0.6666666666666666,0.0,0.0,0.0,0.7272727272727272,E2 불량 시기 안 (샷 0~60),공정 값 23 + 샷 내 파생,부스팅
CatBoost,25,0.17887400263355344,0.7644230769230769,0.5,0.75,0.75,0.75,0.75,0.75,0.8750000000000001,E2 불량 시기 안 (샷 0~60),공정 값 23 + 샷 내 파생,부스팅
CatBoost,26,0.04087111871524718,0.8095238095238095,0.6666666666666666,0.6666666666666666,1.0,0.35294117647058826,1.0,0.21428571428571427,0.9298245614035088,E2 불량 시기 안 (샷 0~60),공정 값 23 + 샷 내 파생,부스팅
CatBoost,27,0.8691803416960591,0.6055555555555556,0.5,0.5,0.5,0.0,0.0,0.0,0.675,E2 불량 시기 안 (샷 0~60),공정 값 23 + 샷 내 파생,부스팅
CatBoost,28,0.40479991680467625,0.6464646464646464,0.6666666666666666,0.6666666666666666,0.6666666666666666,0.0,0.0,0.0,0.8695652173913044,E2 불량 시기 안 (샷 0~60),공정 값 23 + 샷 내 파생,부스팅
CatBoost,29,0.283683564934874,0.33535353535353535,0.3333333333333333,0.6666666666666666,0.6666666666666666,0.0,0.0,0.0,0.803030303030303,E2 불량 시기 안 (샷 0~60),공정 값 23 + 샷 내 파생,부스팅
CatBoost,30,0.06480060122943852,0.5871212121212122,0.5,0.5,0.5,0.4,0.5,0.3333333333333333,0.5875,E2 불량 시기 안 (샷 0~60),공정 값 23 + 샷 내 파생,부스팅
CatBoost,31,0.19514149185554788,0.9166666666666665,0.6666666666666666,1.0,1.0,0.8,0.6666666666666666,1.0,0.9824561403508772,E2 불량 시기 안 (샷 0~60),공정 값 23 + 샷 내 파생,부스팅
CatBoost,32,0.29916069079846774,0.16096491228070176,0.0,0.3333333333333333,0.3333333333333333,0.0,0.0,0.0,0.5072463768115942,E2 불량 시기 안 (샷 0~60),공정 값 23 + 샷 내 파생,부스팅
CatBoost,33,0.8453831260243857,0.8026315789473684,0.75,0.75,0.75,0.0,0.0,0.0,0.8125,E2 불량 시기 안 (샷 0~60),공정 값 23 + 샷 내 파생,부스팅
CatBoost,34,0.7844070549208104,0.18358395989974938,0.0,0.3333333333333333,0.3333333333333333,0.0,0.0,0.0,0.5303030303030303,E2 불량 시기 안 (샷 0~60),공정 값 23 + 샷 내 파생,부스팅
CatBoost,35,0.09677184374773899,0.8026315789473684,0.75,0.75,0.75,0.5,0.75,0.375,0.8125,E2 불량 시기 안 (샷 0~60),공정 값 23 + 샷 내 파생,부스팅
CatBoost,36,0.2259541288539769,0.16767676767676767,0.0,0.3333333333333333,0.3333333333333333,0.0,0.0,0.0,0.536231884057971,E2 불량 시기 안 (샷 0~60),공정 값 23 + 샷 내 파생,부스팅
CatBoost,37,0.08833585415517929,0.5944940476190477,0.5,0.5,0.5,0.4,0.5,0.3333333333333333,0.625,E2 불량 시기 안 (샷 0~60),공정 값 23 + 샷 내 파생,부스팅
CatBoost,38,0.15491904641962667,0.8095238095238095,0.6666666666666666,0.6666666666666666,1.0,0.5714285714285714,0.6666666666666666,0.5,0.9298245614035088,E2 불량 시기 안 (샷 0~60),공정 값 23 + 샷 내 파생,부스팅
CatBoost,39,0.5938210980474463,0.4305555555555555,0.3333333333333333,0.3333333333333333,0.3333333333333333,0.0,0.0,0.0,0.5606060606060606,E2 불량 시기 안 (샷 0~60),공정 값 23 + 샷 내 파생,부스팅
CatBoost,40,0.13402506352003546,0.7708333333333333,0.5,0.75,0.75,0.6,0.75,0.5,0.8875,E2 불량 시기 안 (샷 0~60),공정 값 23 + 샷 내 파생,부스팅
CatBoost,41,0.7892216513446445,0.7575757575757576,0.6666666666666666,0.6666666666666666,0.6666666666666666,0.0,0.0,0.0,0.8596491228070176,E2 불량 시기 안 (샷 0~60),공정 값 23 + 샷 내 파생,부스팅
CatBoost,42,0.6199054159141334,0.17763157894736842,0.0,0.3333333333333333,0.3333333333333333,0.0,0.0,0.0,0.5217391304347826,E2 불량 시기 안 (샷 0~60),공정 값 23 + 샷 내 파생,부스팅
CatBoost,43,0.13009504132943,0.6056985294117647,0.5,0.5,0.5,0.5,0.5,0.5,0.675,E2 불량 시기 안 (샷 0~60),공정 값 23 + 샷 내 파생,부스팅
CatBoost,44,0.15226708064488445,0.1440850815850816,0.0,0.0,0.0,0.0,0.0,0.0,0.4848484848484848,E2 불량 시기 안 (샷 0~60),공정 값 23 + 샷 내 파생,부스팅
CatBoost,45,0.8477622881835082,0.740909090909091,0.5,0.75,0.75,0.0,0.0,0.0,0.8875,E2 불량 시기 안 (샷 0~60),공정 값 23 + 샷 내 파생,부스팅
CatBoost,46,0.05823117703688508,0.7192982456140351,0.6666666666666666,0.6666666666666666,0.6666666666666666,0.3076923076923077,0.6666666666666666,0.2,0.7192982456140351,E2 불량 시기 안 (샷 0~60),공정 값 23 + 샷 내 파생,부스팅
CatBoost,47,0.6823971010389702,0.2637426900584795,0.3333333333333333,0.3333333333333333,0.3333333333333333,0.0,0.0,0.0,0.5652173913043479,E2 불량 시기 안 (샷 0~60),공정 값 23 + 샷 내 파생,부스팅
CatBoost,48,0.26156534039250146,0.5917366946778713,0.5,0.5,0.5,0.4,0.5,0.3333333333333333,0.6125,E2 불량 시기 안 (샷 0~60),공정 값 23 + 샷 내 파생,부스팅
CatBoost,49,0.25047202677458597,0.15544871794871795,0.0,0.0,0.3333333333333333,0.0,0.0,0.0,0.5303030303030303,E2 불량 시기 안 (샷 0~60),공정 값 23 + 샷 내 파생,부스팅
로지스틱 L2,0,0.3896728437445754,0.8125,0.5,0.75,1.0,0.5,1.0,0.3333333333333333,0.9375,E2 불량 시기 안 (샷 0~60),공정 값 23 + 샷 간 변동,선형
로지스틱 L2,1,0.1823403894622161,0.7254901960784313,0.6666666666666666,0.6666666666666666,0.6666666666666666,0.8,0.6666666666666666,1.0,0.7543859649122807,E2 불량 시기 안 (샷 0~60),공정 값 23 + 샷 간 변동,선형
로지스틱 L2,2,0.5564837489780925,0.6324786324786325,0.6666666666666666,0.6666666666666666,0.6666666666666666,0.5714285714285714,0.6666666666666666,0.5,0.8405797101449275,E2 불량 시기 안 (샷 0~60),공정 값 23 + 샷 간 변동,선형
로지스틱 L2,3,0.39270639207280406,0.8303571428571428,0.5,0.75,1.0,0.6,0.75,0.5,0.95,E2 불량 시기 안 (샷 0~60),공정 값 23 + 샷 간 변동,선형
로지스틱 L2,4,0.6519495859818227,0.5,0.3333333333333333,0.6666666666666666,1.0,0.4,0.3333333333333333,0.5,0.9090909090909091,E2 불량 시기 안 (샷 0~60),공정 값 23 + 샷 간 변동,선형
로지스틱 L2,5,0.6199226488341896,0.8541666666666666,0.5,0.75,1.0,0.6666666666666666,0.5,1.0,0.9625,E2 불량 시기 안 (샷 0~60),공정 값 23 + 샷 간 변동,선형
로지스틱 L2,6,0.921006417128821,0.7222222222222222,0.6666666666666666,1.0,1.0,0.0,0.0,0.0,0.9420289855072463,E2 불량 시기 안 (샷 0~60),공정 값 23 + 샷 간 변동,선형
로지스틱 L2,7,0.3749754630436482,0.8541666666666666,0.5,0.75,1.0,0.8,1.0,0.6666666666666666,0.9625,E2 불량 시기 안 (샷 0~60),공정 값 23 + 샷 간 변동,선형
로지스틱 L2,8,0.44503640267966166,0.6333333333333333,0.3333333333333333,0.6666666666666666,1.0,0.6666666666666666,1.0,0.5,0.894736842105263,E2 불량 시기 안 (샷 0~60),공정 값 23 + 샷 간 변동,선형
로지스틱 L2,9,0.808316808190251,0.28095238095238095,0.3333333333333333,0.3333333333333333,0.3333333333333333,0.4,0.3333333333333333,0.5,0.5909090909090908,E2 불량 시기 안 (샷 0~60),공정 값 23 + 샷 간 변동,선형
로지스틱 L2,10,0.35610707980814493,0.8875,0.5,1.0,1.0,0.75,0.75,0.75,0.975,E2 불량 시기 안 (샷 0~60),공정 값 23 + 샷 간 변동,선형
로지스틱 L2,11,0.36645918164261254,0.8666666666666667,0.6666666666666666,1.0,1.0,0.6666666666666666,1.0,0.5,0.9649122807017544,E2 불량 시기 안 (샷 0~60),공정 값 23 + 샷 간 변동,선형
로지스틱 L2,12,0.984737726504147,0.4555555555555555,0.6666666666666666,0.6666666666666666,0.6666666666666666,0.0,0.0,0.0,0.7971014492753623,E2 불량 시기 안 (샷 0~60),공정 값 23 + 샷 간 변동,선형
로지스틱 L2,13,0.372637327309934,0.4722222222222222,0.6666666666666666,0.6666666666666666,0.6666666666666666,0.5714285714285714,0.6666666666666666,0.5,0.8333333333333333,E2 불량 시기 안 (샷 0~60),공정 값 23 + 샷 간 변동,선형
로지스틱 L2,14,0.34412668565440235,0.8041666666666667,0.5,1.0,1.0,0.8,1.0,0.6666666666666666,0.9624999999999999,E2 불량 시기 안 (샷 0~60),공정 값 23 + 샷 간 변동,선형
로지스틱 L2,15,0.6761829722592642,0.5555555555555556,0.3333333333333333,0.6666666666666666,0.6666666666666666,0.0,0.0,0.0,0.7536231884057971,E2 불량 시기 안 (샷 0~60),공정 값 23 + 샷 간 변동,선형
로지스틱 L2,16,0.051359195267433516,0.7708333333333333,0.5,0.75,0.75,0.5,0.75,0.375,0.8875,E2 불량 시기 안 (샷 0~60),공정 값 23 + 샷 간 변동,선형
로지스틱 L2,17,0.7810943742222219,0.6071428571428572,0.25,0.5,1.0,0.3333333333333333,0.25,0.5,0.875,E2 불량 시기 안 (샷 0~60),공정 값 23 + 샷 간 변동,선형
로지스틱 L2,18,0.5929092387577527,0.9166666666666665,0.6666666666666666,1.0,1.0,0.8,0.6666666666666666,1.0,0.9824561403508772,E2 불량 시기 안 (샷 0~60),공정 값 23 + 샷 간 변동,선형
로지스틱 L2,19,0.4724279995226065,0.3611111111111111,0.3333333333333333,0.3333333333333333,0.6666666666666666,0.2857142857142857,0.3333333333333333,0.25,0.7878787878787878,E2 불량 시기 안 (샷 0~60),공정 값 23 + 샷 간 변동,선형
로지스틱 L2,20,0.29646856930965176,0.7541666666666667,0.5,0.75,0.75,0.75,0.75,0.75,0.85,E2 불량 시기 안 (샷 0~60),공정 값 23 + 샷 간 변동,선형
로지스틱 L2,21,0.37393550881020526,0.7222222222222222,0.6666666666666666,1.0,1.0,0.6666666666666666,1.0,0.5,0.9420289855072463,E2 불량 시기 안 (샷 0~60),공정 값 23 + 샷 간 변동,선형
로지스틱 L2,22,0.33769447683498177,0.8875,0.5,1.0,1.0,0.8,1.0,0.6666666666666666,0.975,E2 불량 시기 안 (샷 0~60),공정 값 23 + 샷 간 변동,선형
로지스틱 L2,23,0.40595343160446284,0.9166666666666665,0.6666666666666666,1.0,1.0,0.8571428571428571,1.0,0.75,0.9824561403508772,E2 불량 시기 안 (샷 0~60),공정 값 23 + 샷 간 변동,선형
로지스틱 L2,24,0.5329245647713771,0.2935897435897436,0.0,0.6666666666666666,0.6666666666666666,0.2857142857142857,0.3333333333333333,0.25,0.7575757575757576,E2 불량 시기 안 (샷 0~60),공정 값 23 + 샷 간 변동,선형
로지스틱 L2,25,0.3078926367889181,0.7784090909090909,0.5,0.75,0.75,0.75,0.75,0.75,0.9,E2 불량 시기 안 (샷 0~60),공정 값 23 + 샷 간 변동,선형
로지스틱 L2,26,0.48971712638888254,1.0,1.0,1.0,1.0,0.8,0.6666666666666666,1.0,1.0,E2 불량 시기 안 (샷 0~60),공정 값 23 + 샷 간 변동,선형
로지스틱 L2,27,0.6726160539996586,0.7708333333333333,0.5,0.75,1.0,0.3333333333333333,0.25,0.5,0.9500000000000001,E2 불량 시기 안 (샷 0~60),공정 값 23 + 샷 간 변동,선형
로지스틱 L2,28,0.36823350411617317,0.5435897435897437,0.3333333333333333,0.6666666666666666,0.6666666666666666,0.2857142857142857,0.3333333333333333,0.25,0.8115942028985508,E2 불량 시기 안 (샷 0~60),공정 값 23 + 샷 간 변동,선형
로지스틱 L2,29,0.2873998721949576,0.7555555555555555,0.6666666666666666,1.0,1.0,0.6666666666666666,1.0,0.5,0.9545454545454545,E2 불량 시기 안 (샷 0~60),공정 값 23 + 샷 간 변동,선형
로지스틱 L2,30,0.45796656784322776,0.7708333333333333,0.5,0.75,0.75,0.75,0.75,0.75,0.8875,E2 불량 시기 안 (샷 0~60),공정 값 23 + 샷 간 변동,선형
로지스틱 L2,31,0.7950710647092186,0.9166666666666665,0.6666666666666666,1.0,1.0,0.8,0.6666666666666666,1.0,0.9824561403508772,E2 불량 시기 안 (샷 0~60),공정 값 23 + 샷 간 변동,선형
로지스틱 L2,32,0.7258341151794394,0.3055555555555556,0.3333333333333333,0.3333333333333333,0.6666666666666666,0.0,0.0,0.0,0.7971014492753623,E2 불량 시기 안 (샷 0~60),공정 값 23 + 샷 간 변동,선형
로지스틱 L2,33,0.4982007121221576,0.8041666666666667,0.5,1.0,1.0,0.75,0.75,0.75,0.9624999999999999,E2 불량 시기 안 (샷 0~60),공정 값 23 + 샷 간 변동,선형
로지스틱 L2,34,0.3390425818295052,0.3333333333333333,0.3333333333333333,0.3333333333333333,0.6666666666666666,0.4,0.3333333333333333,0.5,0.696969696969697,E2 불량 시기 안 (샷 0~60),공정 값 23 + 샷 간 변동,선형
로지스틱 L2,35,0.5353132860852096,0.8409090909090909,0.75,0.75,0.75,0.75,0.75,0.75,0.9125,E2 불량 시기 안 (샷 0~60),공정 값 23 + 샷 간 변동,선형
로지스틱 L2,36,0.24600097952699246,0.5,0.3333333333333333,1.0,1.0,0.5454545454545454,1.0,0.375,0.9130434782608695,E2 불량 시기 안 (샷 0~60),공정 값 23 + 샷 간 변동,선형
로지스틱 L2,37,0.6530294693989775,0.9166666666666666,0.75,0.75,1.0,0.8,1.0,0.6666666666666666,0.9750000000000001,E2 불량 시기 안 (샷 0~60),공정 값 23 + 샷 간 변동,선형
로지스틱 L2,38,0.7605809608161634,0.8055555555555556,0.6666666666666666,1.0,1.0,0.0,0.0,0.0,0.9649122807017545,E2 불량 시기 안 (샷 0~60),공정 값 23 + 샷 간 변동,선형
로지스틱 L2,39,0.6150649051328532,0.4574074074074074,0.3333333333333333,0.3333333333333333,0.3333333333333333,0.2857142857142857,0.3333333333333333,0.25,0.6363636363636364,E2 불량 시기 안 (샷 0~60),공정 값 23 + 샷 간 변동,선형
로지스틱 L2,40,0.276266553478567,0.8125,0.5,0.75,1.0,0.5714285714285714,1.0,0.4,0.9375,E2 불량 시기 안 (샷 0~60),공정 값 23 + 샷 간 변동,선형
로지스틱 L2,41,0.1316459517547332,1.0,1.0,1.0,1.0,0.46153846153846156,1.0,0.3,1.0,E2 불량 시기 안 (샷 0~60),공정 값 23 + 샷 간 변동,선형
로지스틱 L2,42,0.24681321561927663,0.39215686274509803,0.3333333333333333,0.6666666666666666,0.6666666666666666,0.0,0.0,0.0,0.7536231884057971,E2 불량 시기 안 (샷 0~60),공정 값 23 + 샷 간 변동,선형
로지스틱 L2,43,0.7685971217516692,0.8875,0.5,1.0,1.0,0.6666666666666666,0.5,1.0,0.975,E2 불량 시기 안 (샷 0~60),공정 값 23 + 샷 간 변동,선형
로지스틱 L2,44,0.4238534224109456,0.5769230769230769,0.3333333333333333,0.6666666666666666,0.6666666666666666,0.4,0.3333333333333333,0.5,0.8181818181818181,E2 불량 시기 안 (샷 0~60),공정 값 23 + 샷 간 변동,선형
로지스틱 L2,45,0.565057296462978,0.7182539682539683,0.5,0.5,0.75,0.6666666666666666,0.5,1.0,0.8875,E2 불량 시기 안 (샷 0~60),공정 값 23 + 샷 간 변동,선형
로지스틱 L2,46,0.6193008349078021,0.7435897435897436,0.6666666666666666,0.6666666666666666,0.6666666666666666,0.5714285714285714,0.6666666666666666,0.5,0.8245614035087719,E2 불량 시기 안 (샷 0~60),공정 값 23 + 샷 간 변동,선형
로지스틱 L2,47,0.7469385783472507,0.5317460317460317,0.6666666666666666,0.6666666666666666,1.0,0.4,0.3333333333333333,0.5,0.9130434782608696,E2 불량 시기 안 (샷 0~60),공정 값 23 + 샷 간 변동,선형
로지스틱 L2,48,0.7602990266108655,0.8088235294117647,0.75,0.75,0.75,0.6666666666666666,0.5,1.0,0.8375,E2 불량 시기 안 (샷 0~60),공정 값 23 + 샷 간 변동,선형
로지스틱 L2,49,0.3650353280809058,0.7,0.3333333333333333,1.0,1.0,0.6666666666666666,1.0,0.5,0.9393939393939393,E2 불량 시기 안 (샷 0~60),공정 값 23 + 샷 간 변동,선형
랜덤포레스트,0,0.6113521658796427,0.8541666666666666,0.5,0.75,1.0,0.8,1.0,0.6666666666666666,0.9625,E2 불량 시기 안 (샷 0~60),공정 값 23 + 샷 간 변동,트리
랜덤포레스트,1,0.6270290193409388,0.7142857142857142,0.6666666666666666,0.6666666666666666,0.6666666666666666,0.8,0.6666666666666666,1.0,0.6842105263157895,E2 불량 시기 안 (샷 0~60),공정 값 23 + 샷 간 변동,트리
랜덤포레스트,2,0.4925434981684982,0.6143790849673203,0.6666666666666666,0.6666666666666666,0.6666666666666666,0.4,0.3333333333333333,0.5,0.7826086956521738,E2 불량 시기 안 (샷 0~60),공정 값 23 + 샷 간 변동,트리
랜덤포레스트,3,0.4051890783271857,0.9166666666666666,0.75,0.75,1.0,0.6666666666666666,1.0,0.5,0.9750000000000001,E2 불량 시기 안 (샷 0~60),공정 값 23 + 샷 간 변동,트리
랜덤포레스트,4,0.4777763699435524,0.425,0.3333333333333333,0.6666666666666666,1.0,0.2857142857142857,0.3333333333333333,0.25,0.8636363636363636,E2 불량 시기 안 (샷 0~60),공정 값 23 + 샷 간 변동,트리
랜덤포레스트,5,0.5816772256238197,0.8541666666666666,0.5,0.75,1.0,0.8,1.0,0.6666666666666666,0.9625,E2 불량 시기 안 (샷 0~60),공정 값 23 + 샷 간 변동,트리
랜덤포레스트,6,0.6468451825951829,0.7,0.3333333333333333,1.0,1.0,0.4,0.3333333333333333,0.5,0.9420289855072465,E2 불량 시기 안 (샷 0~60),공정 값 23 + 샷 간 변동,트리
랜덤포레스트,7,0.4523266973591827,0.8541666666666666,0.5,0.75,1.0,0.75,0.75,0.75,0.9625,E2 불량 시기 안 (샷 0~60),공정 값 23 + 샷 간 변동,트리
랜덤포레스트,8,0.5631664406141959,1.0,1.0,1.0,1.0,0.6666666666666666,1.0,0.5,1.0,E2 불량 시기 안 (샷 0~60),공정 값 23 + 샷 간 변동,트리
랜덤포레스트,9,0.5138348433329081,0.4720496894409938,0.3333333333333333,0.3333333333333333,0.6666666666666666,0.4,0.3333333333333333,0.5,0.6212121212121212,E2 불량 시기 안 (샷 0~60),공정 값 23 + 샷 간 변동,트리
랜덤포레스트,10,0.4969887213892633,0.8875,0.5,1.0,1.0,0.8,1.0,0.6666666666666666,0.975,E2 불량 시기 안 (샷 0~60),공정 값 23 + 샷 간 변동,트리
랜덤포레스트,11,0.5633608536830672,0.41111111111111115,0.3333333333333333,0.6666666666666666,1.0,0.6666666666666666,1.0,0.5,0.8596491228070176,E2 불량 시기 안 (샷 0~60),공정 값 23 + 샷 간 변동,트리
랜덤포레스트,12,0.5313112266989974,0.54,0.3333333333333333,0.6666666666666666,0.6666666666666666,0.4,0.3333333333333333,0.5,0.6521739130434783,E2 불량 시기 안 (샷 0~60),공정 값 23 + 샷 간 변동,트리
랜덤포레스트,13,0.43221349485281335,0.5769230769230769,0.3333333333333333,0.6666666666666666,0.6666666666666666,0.5714285714285714,0.6666666666666666,0.5,0.8181818181818181,E2 불량 시기 안 (샷 0~60),공정 값 23 + 샷 간 변동,트리
랜덤포레스트,14,0.4341916571417345,0.95,0.75,1.0,1.0,0.6666666666666666,1.0,0.5,0.9874999999999999,E2 불량 시기 안 (샷 0~60),공정 값 23 + 샷 간 변동,트리
랜덤포레스트,15,0.6013187083957204,0.5625,0.3333333333333333,0.6666666666666666,0.6666666666666666,0.4,0.3333333333333333,0.5,0.782608695652174,E2 불량 시기 안 (샷 0~60),공정 값 23 + 샷 간 변동,트리
랜덤포레스트,16,0.4535483368111076,0.7375,0.5,0.75,0.75,0.75,0.75,0.75,0.7875,E2 불량 시기 안 (샷 0~60),공정 값 23 + 샷 간 변동,트리
랜덤포레스트,17,0.4895779632401934,0.7708333333333333,0.5,0.75,1.0,0.6666666666666666,1.0,0.5,0.9500000000000001,E2 불량 시기 안 (샷 0~60),공정 값 23 + 샷 간 변동,트리
랜덤포레스트,18,0.5461824597127296,0.9166666666666665,0.6666666666666666,1.0,1.0,0.8571428571428571,1.0,0.75,0.9824561403508772,E2 불량 시기 안 (샷 0~60),공정 값 23 + 샷 간 변동,트리
랜덤포레스트,19,0.5090546170712072,0.5,0.3333333333333333,0.6666666666666666,1.0,0.6666666666666666,1.0,0.5,0.9090909090909091,E2 불량 시기 안 (샷 0~60),공정 값 23 + 샷 간 변동,트리
랜덤포레스트,20,0.5205237705390483,0.7309782608695652,0.5,0.75,0.75,0.75,0.75,0.75,0.75,E2 불량 시기 안 (샷 0~60),공정 값 23 + 샷 간 변동,트리
랜덤포레스트,21,0.5552780063080403,0.5317460317460317,0.6666666666666666,0.6666666666666666,1.0,0.4,0.3333333333333333,0.5,0.9130434782608696,E2 불량 시기 안 (샷 0~60),공정 값 23 + 샷 간 변동,트리
랜덤포레스트,22,0.4847131479774664,0.8303571428571428,0.5,0.75,1.0,0.6666666666666666,1.0,0.5,0.95,E2 불량 시기 안 (샷 0~60),공정 값 23 + 샷 간 변동,트리
랜덤포레스트,23,0.4844263017827258,0.9166666666666665,0.6666666666666666,1.0,1.0,0.8571428571428571,1.0,0.75,0.9824561403508772,E2 불량 시기 안 (샷 0~60),공정 값 23 + 샷 간 변동,트리
랜덤포레스트,24,0.507015987151823,0.49206349206349204,0.3333333333333333,0.3333333333333333,0.6666666666666666,0.2857142857142857,0.3333333333333333,0.25,0.6666666666666667,E2 불량 시기 안 (샷 0~60),공정 값 23 + 샷 간 변동,트리
랜덤포레스트,25,0.5404838100975363,0.5458333333333333,0.5,0.75,0.75,0.75,0.75,0.75,0.825,E2 불량 시기 안 (샷 0~60),공정 값 23 + 샷 간 변동,트리
랜덤포레스트,26,0.42393528666322755,1.0,1.0,1.0,1.0,0.8571428571428571,1.0,0.75,1.0,E2 불량 시기 안 (샷 0~60),공정 값 23 + 샷 간 변동,트리
랜덤포레스트,27,0.4426321867846634,0.9166666666666666,0.75,0.75,1.0,0.6666666666666666,1.0,0.5,0.9750000000000001,E2 불량 시기 안 (샷 0~60),공정 값 23 + 샷 간 변동,트리
랜덤포레스트,28,0.5404126998925255,0.5101449275362319,0.3333333333333333,0.6666666666666666,0.6666666666666666,0.4,0.3333333333333333,0.5,0.6666666666666666,E2 불량 시기 안 (샷 0~60),공정 값 23 + 샷 간 변동,트리
랜덤포레스트,29,0.6811624674442801,0.7555555555555555,0.6666666666666666,1.0,1.0,0.0,0.0,0.0,0.9545454545454545,E2 불량 시기 안 (샷 0~60),공정 값 23 + 샷 간 변동,트리
랜덤포레스트,30,0.37796237558737544,0.7708333333333333,0.5,0.75,0.75,0.75,0.75,0.75,0.8875,E2 불량 시기 안 (샷 0~60),공정 값 23 + 샷 간 변동,트리
랜덤포레스트,31,0.5396141628123051,0.9166666666666665,0.6666666666666666,1.0,1.0,0.8571428571428571,1.0,0.75,0.9824561403508772,E2 불량 시기 안 (샷 0~60),공정 값 23 + 샷 간 변동,트리
랜덤포레스트,32,0.5120255281927109,0.3277777777777778,0.3333333333333333,0.6666666666666666,0.6666666666666666,0.2857142857142857,0.3333333333333333,0.25,0.7971014492753623,E2 불량 시기 안 (샷 0~60),공정 값 23 + 샷 간 변동,트리
랜덤포레스트,33,0.33076878785702307,0.8928571428571428,0.75,0.75,1.0,0.5,1.0,0.3333333333333333,0.9624999999999999,E2 불량 시기 안 (샷 0~60),공정 값 23 + 샷 간 변동,트리
랜덤포레스트,34,0.5899669835238721,0.3833333333333333,0.3333333333333333,0.6666666666666666,0.6666666666666666,0.5714285714285714,0.6666666666666666,0.5,0.6969696969696969,E2 불량 시기 안 (샷 0~60),공정 값 23 + 샷 간 변동,트리
랜덤포레스트,35,0.5128660360823677,0.6708333333333333,0.5,0.75,0.75,0.75,0.75,0.75,0.8374999999999999,E2 불량 시기 안 (샷 0~60),공정 값 23 + 샷 간 변동,트리
랜덤포레스트,36,0.4792367817367815,0.5,0.3333333333333333,1.0,1.0,0.5454545454545454,1.0,0.375,0.9130434782608695,E2 불량 시기 안 (샷 0~60),공정 값 23 + 샷 간 변동,트리
랜덤포레스트,37,0.4419572583568744,0.9166666666666666,0.75,0.75,1.0,0.8,1.0,0.6666666666666666,0.9750000000000001,E2 불량 시기 안 (샷 0~60),공정 값 23 + 샷 간 변동,트리
랜덤포레스트,38,0.5656466896872737,1.0,1.0,1.0,1.0,0.8,0.6666666666666666,1.0,1.0,E2 불량 시기 안 (샷 0~60),공정 값 23 + 샷 간 변동,트리
랜덤포레스트,39,0.4998548558711095,0.2898989898989899,0.3333333333333333,0.6666666666666666,0.6666666666666666,0.36363636363636365,0.6666666666666666,0.25,0.6363636363636364,E2 불량 시기 안 (샷 0~60),공정 값 23 + 샷 간 변동,트리
랜덤포레스트,40,0.5312522044948516,0.75,0.5,0.5,1.0,0.6666666666666666,1.0,0.5,0.9125000000000001,E2 불량 시기 안 (샷 0~60),공정 값 23 + 샷 간 변동,트리
랜덤포레스트,41,0.5321541326320737,1.0,1.0,1.0,1.0,0.8571428571428571,1.0,0.75,1.0,E2 불량 시기 안 (샷 0~60),공정 값 23 + 샷 간 변동,트리
랜덤포레스트,42,0.5954601939268109,0.3733333333333333,0.3333333333333333,0.6666666666666666,0.6666666666666666,0.0,0.0,0.0,0.6376811594202898,E2 불량 시기 안 (샷 0~60),공정 값 23 + 샷 간 변동,트리
랜덤포레스트,43,0.40408020282091484,0.8875,0.5,1.0,1.0,0.8,1.0,0.6666666666666666,0.975,E2 불량 시기 안 (샷 0~60),공정 값 23 + 샷 간 변동,트리
랜덤포레스트,44,0.4349800039285332,0.6,0.3333333333333333,0.6666666666666666,0.6666666666666666,0.5714285714285714,0.6666666666666666,0.5,0.8636363636363636,E2 불량 시기 안 (샷 0~60),공정 값 23 + 샷 간 변동,트리
랜덤포레스트,45,0.5409615085493568,0.7928571428571428,0.5,0.75,1.0,0.5,0.5,0.5,0.9375,E2 불량 시기 안 (샷 0~60),공정 값 23 + 샷 간 변동,트리
랜덤포레스트,46,0.4236836139286096,0.7435897435897436,0.6666666666666666,0.6666666666666666,0.6666666666666666,0.4444444444444444,0.6666666666666666,0.3333333333333333,0.8245614035087719,E2 불량 시기 안 (샷 0~60),공정 값 23 + 샷 간 변동,트리
랜덤포레스트,47,0.5579880442484932,0.5873015873015872,0.3333333333333333,0.6666666666666666,1.0,0.0,0.0,0.0,0.8840579710144928,E2 불량 시기 안 (샷 0~60),공정 값 23 + 샷 간 변동,트리
랜덤포레스트,48,0.5928569982118507,0.7934782608695652,0.75,0.75,0.75,0.75,0.75,0.75,0.7625,E2 불량 시기 안 (샷 0~60),공정 값 23 + 샷 간 변동,트리
랜덤포레스트,49,0.458100419532308,0.7222222222222222,0.6666666666666666,0.6666666666666666,1.0,0.4,0.3333333333333333,0.5,0.9393939393939394,E2 불량 시기 안 (샷 0~60),공정 값 23 + 샷 간 변동,트리
엑스트라트리,0,0.5474884392528161,0.8125,0.5,0.75,1.0,0.6666666666666666,1.0,0.5,0.9375,E2 불량 시기 안 (샷 0~60),공정 값 23 + 샷 간 변동,트리
엑스트라트리,1,0.43163373526705984,0.7142857142857142,0.6666666666666666,0.6666666666666666,0.6666666666666666,0.8,0.6666666666666666,1.0,0.6842105263157895,E2 불량 시기 안 (샷 0~60),공정 값 23 + 샷 간 변동,트리
엑스트라트리,2,0.4537253105686346,0.5955555555555555,0.6666666666666666,0.6666666666666666,0.6666666666666666,0.5714285714285714,0.6666666666666666,0.5,0.6666666666666666,E2 불량 시기 안 (샷 0~60),공정 값 23 + 샷 간 변동,트리
엑스트라트리,3,0.4058932841692414,0.8875,0.5,1.0,1.0,0.8,1.0,0.6666666666666666,0.975,E2 불량 시기 안 (샷 0~60),공정 값 23 + 샷 간 변동,트리
엑스트라트리,4,0.3588068136596692,0.5555555555555556,0.6666666666666666,0.6666666666666666,1.0,0.6666666666666666,1.0,0.5,0.9242424242424242,E2 불량 시기 안 (샷 0~60),공정 값 23 + 샷 간 변동,트리
엑스트라트리,5,0.44910564952792065,0.8541666666666666,0.5,0.75,1.0,0.8,1.0,0.6666666666666666,0.9625,E2 불량 시기 안 (샷 0~60),공정 값 23 + 샷 간 변동,트리
엑스트라트리,6,0.49591124711521756,0.7222222222222222,0.6666666666666666,1.0,1.0,0.4,0.3333333333333333,0.5,0.9420289855072463,E2 불량 시기 안 (샷 0~60),공정 값 23 + 샷 간 변동,트리
엑스트라트리,7,0.38636514305391195,0.8541666666666666,0.5,0.75,1.0,0.8,1.0,0.6666666666666666,0.9625,E2 불량 시기 안 (샷 0~60),공정 값 23 + 샷 간 변동,트리
엑스트라트리,8,0.4108213182411913,0.8666666666666667,0.6666666666666666,1.0,1.0,0.6666666666666666,1.0,0.5,0.9649122807017544,E2 불량 시기 안 (샷 0~60),공정 값 23 + 샷 간 변동,트리
엑스트라트리,9,0.40775345183309414,0.5054945054945055,0.3333333333333333,0.3333333333333333,0.6666666666666666,0.4,0.3333333333333333,0.5,0.7727272727272727,E2 불량 시기 안 (샷 0~60),공정 값 23 + 샷 간 변동,트리
엑스트라트리,10,0.3601111488226224,0.8875,0.5,1.0,1.0,0.8,1.0,0.6666666666666666,0.975,E2 불량 시기 안 (샷 0~60),공정 값 23 + 샷 간 변동,트리
엑스트라트리,11,0.4903280217162029,0.8666666666666667,0.6666666666666666,1.0,1.0,0.6666666666666666,1.0,0.5,0.9649122807017544,E2 불량 시기 안 (샷 0~60),공정 값 23 + 샷 간 변동,트리
엑스트라트리,12,0.429927596254247,0.5526315789473684,0.3333333333333333,0.6666666666666666,0.6666666666666666,0.5714285714285714,0.6666666666666666,0.5,0.7391304347826088,E2 불량 시기 안 (샷 0~60),공정 값 23 + 샷 간 변동,트리
엑스트라트리,13,0.32280362760401166,0.44771241830065356,0.6666666666666666,0.6666666666666666,0.6666666666666666,0.5714285714285714,0.6666666666666666,0.5,0.7575757575757576,E2 불량 시기 안 (샷 0~60),공정 값 23 + 샷 간 변동,트리
엑스트라트리,14,0.44803719057995106,0.95,0.75,1.0,1.0,0.8,1.0,0.6666666666666666,0.9874999999999999,E2 불량 시기 안 (샷 0~60),공정 값 23 + 샷 간 변동,트리
엑스트라트리,15,0.38893392489752265,0.4305555555555556,0.6666666666666666,0.6666666666666666,0.6666666666666666,0.5714285714285714,0.6666666666666666,0.5,0.6666666666666666,E2 불량 시기 안 (샷 0~60),공정 값 23 + 샷 간 변동,트리
엑스트라트리,16,0.4158548275246149,0.7430555555555556,0.5,0.75,0.75,0.75,0.75,0.75,0.8125,E2 불량 시기 안 (샷 0~60),공정 값 23 + 샷 간 변동,트리
엑스트라트리,17,0.4303016804015372,0.8875,0.5,1.0,1.0,0.8,1.0,0.6666666666666666,0.975,E2 불량 시기 안 (샷 0~60),공정 값 23 + 샷 간 변동,트리
엑스트라트리,18,0.451432526597058,0.9166666666666665,0.6666666666666666,1.0,1.0,0.8571428571428571,1.0,0.75,0.9824561403508772,E2 불량 시기 안 (샷 0~60),공정 값 23 + 샷 간 변동,트리
엑스트라트리,19,0.40534191878388515,0.4027777777777778,0.3333333333333333,0.3333333333333333,1.0,0.5454545454545454,1.0,0.375,0.8484848484848484,E2 불량 시기 안 (샷 0~60),공정 값 23 + 샷 간 변동,트리
엑스트라트리,20,0.40114988043998107,0.7309782608695652,0.5,0.75,0.75,0.75,0.75,0.75,0.75,E2 불량 시기 안 (샷 0~60),공정 값 23 + 샷 간 변동,트리
엑스트라트리,21,0.426048019768918,0.7,0.3333333333333333,1.0,1.0,0.6666666666666666,1.0,0.5,0.9420289855072465,E2 불량 시기 안 (샷 0~60),공정 값 23 + 샷 간 변동,트리
엑스트라트리,22,0.4393443500215191,0.8875,0.5,1.0,1.0,0.8,1.0,0.6666666666666666,0.975,E2 불량 시기 안 (샷 0~60),공정 값 23 + 샷 간 변동,트리
엑스트라트리,23,0.3347615761141707,0.9166666666666665,0.6666666666666666,1.0,1.0,0.6666666666666666,1.0,0.5,0.9824561403508772,E2 불량 시기 안 (샷 0~60),공정 값 23 + 샷 간 변동,트리
엑스트라트리,24,0.3642643540010572,0.2642857142857143,0.0,0.6666666666666666,0.6666666666666666,0.4444444444444444,0.6666666666666666,0.3333333333333333,0.6363636363636364,E2 불량 시기 안 (샷 0~60),공정 값 23 + 샷 간 변동,트리
엑스트라트리,25,0.4051422244850095,0.7351190476190477,0.5,0.75,0.75,0.75,0.75,0.75,0.775,E2 불량 시기 안 (샷 0~60),공정 값 23 + 샷 간 변동,트리
엑스트라트리,26,0.34997005827946753,1.0,1.0,1.0,1.0,0.8571428571428571,1.0,0.75,1.0,E2 불량 시기 안 (샷 0~60),공정 값 23 + 샷 간 변동,트리
엑스트라트리,27,0.45126644117920495,0.8875,0.5,1.0,1.0,0.8,1.0,0.6666666666666666,0.975,E2 불량 시기 안 (샷 0~60),공정 값 23 + 샷 간 변동,트리
엑스트라트리,28,0.44634806202057303,0.5333333333333333,0.3333333333333333,0.6666666666666666,0.6666666666666666,0.4444444444444444,0.6666666666666666,0.3333333333333333,0.7826086956521738,E2 불량 시기 안 (샷 0~60),공정 값 23 + 샷 간 변동,트리
엑스트라트리,29,0.5789825920403375,0.7555555555555555,0.6666666666666666,1.0,1.0,0.0,0.0,0.0,0.9545454545454545,E2 불량 시기 안 (샷 0~60),공정 값 23 + 샷 간 변동,트리
엑스트라트리,30,0.4216439450757005,0.7375,0.5,0.75,0.75,0.75,0.75,0.75,0.7875,E2 불량 시기 안 (샷 0~60),공정 값 23 + 샷 간 변동,트리
엑스트라트리,31,0.4912085442574235,0.9166666666666665,0.6666666666666666,1.0,1.0,0.8571428571428571,1.0,0.75,0.9824561403508772,E2 불량 시기 안 (샷 0~60),공정 값 23 + 샷 간 변동,트리
엑스트라트리,32,0.5161403043287598,0.30634920634920637,0.3333333333333333,0.3333333333333333,0.6666666666666666,0.0,0.0,0.0,0.7971014492753623,E2 불량 시기 안 (샷 0~60),공정 값 23 + 샷 간 변동,트리
엑스트라트리,33,0.5352854457109946,0.95,0.75,1.0,1.0,0.75,0.75,0.75,0.9874999999999999,E2 불량 시기 안 (샷 0~60),공정 값 23 + 샷 간 변동,트리
엑스트라트리,34,0.4642210480509692,0.3787878787878788,0.3333333333333333,0.6666666666666666,0.6666666666666666,0.5714285714285714,0.6666666666666666,0.5,0.6666666666666666,E2 불량 시기 안 (샷 0~60),공정 값 23 + 샷 간 변동,트리
엑스트라트리,35,0.4085469856865744,0.7934782608695652,0.75,0.75,0.75,0.75,0.75,0.75,0.7625,E2 불량 시기 안 (샷 0~60),공정 값 23 + 샷 간 변동,트리
엑스트라트리,36,0.3798670004708508,0.5,0.3333333333333333,1.0,1.0,0.6666666666666666,1.0,0.5,0.9130434782608695,E2 불량 시기 안 (샷 0~60),공정 값 23 + 샷 간 변동,트리
엑스트라트리,37,0.4459182424230091,0.9166666666666666,0.75,0.75,1.0,0.8,1.0,0.6666666666666666,0.9750000000000001,E2 불량 시기 안 (샷 0~60),공정 값 23 + 샷 간 변동,트리
엑스트라트리,38,0.3602939958875497,1.0,1.0,1.0,1.0,0.8571428571428571,1.0,0.75,1.0,E2 불량 시기 안 (샷 0~60),공정 값 23 + 샷 간 변동,트리
엑스트라트리,39,0.3981054289125738,0.5166666666666666,0.3333333333333333,0.6666666666666666,0.6666666666666666,0.4444444444444444,0.6666666666666666,0.3333333333333333,0.696969696969697,E2 불량 시기 안 (샷 0~60),공정 값 23 + 샷 간 변동,트리
엑스트라트리,40,0.4182381469219336,0.75,0.5,0.5,1.0,0.5714285714285714,1.0,0.4,0.9125000000000001,E2 불량 시기 안 (샷 0~60),공정 값 23 + 샷 간 변동,트리
엑스트라트리,41,0.4002668092413494,1.0,1.0,1.0,1.0,0.8571428571428571,1.0,0.75,1.0,E2 불량 시기 안 (샷 0~60),공정 값 23 + 샷 간 변동,트리
엑스트라트리,42,0.474044225289077,0.38095238095238093,0.3333333333333333,0.6666666666666666,0.6666666666666666,0.0,0.0,0.0,0.6956521739130435,E2 불량 시기 안 (샷 0~60),공정 값 23 + 샷 간 변동,트리
엑스트라트리,43,0.342560942400088,0.9166666666666666,0.75,0.75,1.0,0.8,1.0,0.6666666666666666,0.9750000000000001,E2 불량 시기 안 (샷 0~60),공정 값 23 + 샷 간 변동,트리
엑스트라트리,44,0.36478590533029426,0.4343434343434343,0.6666666666666666,0.6666666666666666,0.6666666666666666,0.5714285714285714,0.6666666666666666,0.5,0.6818181818181818,E2 불량 시기 안 (샷 0~60),공정 값 23 + 샷 간 변동,트리
엑스트라트리,45,0.4123582097742618,0.95,0.75,1.0,1.0,0.6666666666666666,0.5,1.0,0.9874999999999999,E2 불량 시기 안 (샷 0~60),공정 값 23 + 샷 간 변동,트리
엑스트라트리,46,0.4247152737319167,0.7575757575757576,0.6666666666666666,0.6666666666666666,0.6666666666666666,0.5714285714285714,0.6666666666666666,0.5,0.8596491228070176,E2 불량 시기 안 (샷 0~60),공정 값 23 + 샷 간 변동,트리
엑스트라트리,47,0.5076728515841187,0.5873015873015872,0.3333333333333333,0.6666666666666666,1.0,0.0,0.0,0.0,0.8840579710144928,E2 불량 시기 안 (샷 0~60),공정 값 23 + 샷 간 변동,트리
엑스트라트리,48,0.416790859206819,0.7934782608695652,0.75,0.75,0.75,0.75,0.75,0.75,0.7625,E2 불량 시기 안 (샷 0~60),공정 값 23 + 샷 간 변동,트리
엑스트라트리,49,0.4547828201103251,0.7222222222222222,0.6666666666666666,0.6666666666666666,1.0,0.0,0.0,0.0,0.9393939393939394,E2 불량 시기 안 (샷 0~60),공정 값 23 + 샷 간 변동,트리
GradientBoosting,0,0.24835007818239638,0.8125,0.5,0.75,1.0,0.5714285714285714,1.0,0.4,0.9375,E2 불량 시기 안 (샷 0~60),공정 값 23 + 샷 간 변동,부스팅
GradientBoosting,1,0.00676314312141979,0.7435897435897436,0.6666666666666666,0.6666666666666666,0.6666666666666666,0.36363636363636365,0.6666666666666666,0.25,0.8245614035087719,E2 불량 시기 안 (샷 0~60),공정 값 23 + 샷 간 변동,부스팅
GradientBoosting,2,0.6807626892313756,0.3213675213675214,0.3333333333333333,0.6666666666666666,0.6666666666666666,0.0,0.0,0.0,0.782608695652174,E2 불량 시기 안 (샷 0~60),공정 값 23 + 샷 간 변동,부스팅
GradientBoosting,3,0.7063583663142037,0.9166666666666666,0.75,0.75,1.0,0.6666666666666666,0.5,1.0,0.9750000000000001,E2 불량 시기 안 (샷 0~60),공정 값 23 + 샷 간 변동,부스팅
GradientBoosting,4,0.9784674585138801,0.28888888888888886,0.0,0.3333333333333333,0.6666666666666666,0.0,0.0,0.0,0.7878787878787878,E2 불량 시기 안 (샷 0~60),공정 값 23 + 샷 간 변동,부스팅
GradientBoosting,5,0.14350164420412614,0.8125,0.5,0.75,1.0,0.6666666666666666,1.0,0.5,0.9375,E2 불량 시기 안 (샷 0~60),공정 값 23 + 샷 간 변동,부스팅
GradientBoosting,6,0.8959275041447907,0.7,0.3333333333333333,1.0,1.0,0.0,0.0,0.0,0.9420289855072465,E2 불량 시기 안 (샷 0~60),공정 값 23 + 샷 간 변동,부스팅
GradientBoosting,7,0.05058168333698507,0.7375,0.5,0.75,0.75,0.6,0.75,0.5,0.7875,E2 불량 시기 안 (샷 0~60),공정 값 23 + 샷 간 변동,부스팅
GradientBoosting,8,0.19162079630764434,1.0,1.0,1.0,1.0,0.8571428571428571,1.0,0.75,1.0,E2 불량 시기 안 (샷 0~60),공정 값 23 + 샷 간 변동,부스팅
GradientBoosting,9,0.5561731984493772,0.46581196581196577,0.6666666666666666,0.6666666666666666,0.6666666666666666,0.0,0.0,0.0,0.8181818181818181,E2 불량 시기 안 (샷 0~60),공정 값 23 + 샷 간 변동,부스팅
GradientBoosting,10,0.1025977133421104,0.875,0.75,0.75,1.0,0.75,0.75,0.75,0.9500000000000001,E2 불량 시기 안 (샷 0~60),공정 값 23 + 샷 간 변동,부스팅
GradientBoosting,11,0.09425855591702914,0.7777777777777777,0.6666666666666666,0.6666666666666666,0.6666666666666666,0.46153846153846156,1.0,0.3,0.8947368421052632,E2 불량 시기 안 (샷 0~60),공정 값 23 + 샷 간 변동,부스팅
GradientBoosting,12,0.06904749229759832,0.2692982456140351,0.0,0.6666666666666666,0.6666666666666666,0.0,0.0,0.0,0.681159420289855,E2 불량 시기 안 (샷 0~60),공정 값 23 + 샷 간 변동,부스팅
GradientBoosting,13,0.7794404641619276,0.46581196581196577,0.6666666666666666,0.6666666666666666,0.6666666666666666,0.0,0.0,0.0,0.8181818181818181,E2 불량 시기 안 (샷 0~60),공정 값 23 + 샷 간 변동,부스팅
GradientBoosting,14,0.9053581676045565,0.8928571428571428,0.75,0.75,1.0,0.6666666666666666,0.5,1.0,0.9624999999999999,E2 불량 시기 안 (샷 0~60),공정 값 23 + 샷 간 변동,부스팅
GradientBoosting,15,0.5768127047404202,0.6666666666666667,0.3333333333333333,1.0,1.0,0.0,0.0,0.0,0.927536231884058,E2 불량 시기 안 (샷 0~60),공정 값 23 + 샷 간 변동,부스팅
GradientBoosting,16,0.019126556326012154,0.7589285714285714,0.5,0.75,0.75,0.75,0.75,0.75,0.8625,E2 불량 시기 안 (샷 0~60),공정 값 23 + 샷 간 변동,부스팅
GradientBoosting,17,0.01925166362550882,0.8875,0.5,1.0,1.0,0.4444444444444444,1.0,0.2857142857142857,0.975,E2 불량 시기 안 (샷 0~60),공정 값 23 + 샷 간 변동,부스팅
GradientBoosting,18,0.059448332281707324,0.9166666666666665,0.6666666666666666,1.0,1.0,0.8571428571428571,1.0,0.75,0.9824561403508772,E2 불량 시기 안 (샷 0~60),공정 값 23 + 샷 간 변동,부스팅
GradientBoosting,19,0.20081342933954657,0.41666666666666663,0.3333333333333333,0.6666666666666666,0.6666666666666666,0.4444444444444444,0.6666666666666666,0.3333333333333333,0.8181818181818181,E2 불량 시기 안 (샷 0~60),공정 값 23 + 샷 간 변동,부스팅
GradientBoosting,20,0.24727754096836227,0.7541666666666667,0.5,0.75,0.75,0.6666666666666666,0.5,1.0,0.85,E2 불량 시기 안 (샷 0~60),공정 값 23 + 샷 간 변동,부스팅
GradientBoosting,21,0.09723138221678553,0.3769230769230769,0.3333333333333333,0.6666666666666666,0.6666666666666666,0.4444444444444444,0.6666666666666666,0.3333333333333333,0.7971014492753624,E2 불량 시기 안 (샷 0~60),공정 값 23 + 샷 간 변동,부스팅
GradientBoosting,22,0.3246378126634281,0.8303571428571428,0.5,0.75,1.0,0.6666666666666666,0.5,1.0,0.95,E2 불량 시기 안 (샷 0~60),공정 값 23 + 샷 간 변동,부스팅
GradientBoosting,23,0.0808168241837997,0.9166666666666665,0.6666666666666666,1.0,1.0,0.5454545454545454,1.0,0.375,0.9824561403508772,E2 불량 시기 안 (샷 0~60),공정 값 23 + 샷 간 변동,부스팅
GradientBoosting,24,0.07103722367930788,0.5666666666666667,0.3333333333333333,0.6666666666666666,0.6666666666666666,0.0,0.0,0.0,0.7878787878787878,E2 불량 시기 안 (샷 0~60),공정 값 23 + 샷 간 변동,부스팅
GradientBoosting,25,0.453538895764453,0.8875,0.5,1.0,1.0,0.75,0.75,0.75,0.975,E2 불량 시기 안 (샷 0~60),공정 값 23 + 샷 간 변동,부스팅
GradientBoosting,26,0.11855285986150722,0.8666666666666667,0.6666666666666666,1.0,1.0,0.6666666666666666,1.0,0.5,0.9649122807017544,E2 불량 시기 안 (샷 0~60),공정 값 23 + 샷 간 변동,부스팅
GradientBoosting,27,0.610025471532789,0.8875,0.5,1.0,1.0,0.6666666666666666,0.5,1.0,0.975,E2 불량 시기 안 (샷 0~60),공정 값 23 + 샷 간 변동,부스팅
GradientBoosting,28,0.06671822474092554,0.6464646464646464,0.6666666666666666,0.6666666666666666,0.6666666666666666,0.4,0.3333333333333333,0.5,0.8695652173913044,E2 불량 시기 안 (샷 0~60),공정 값 23 + 샷 간 변동,부스팅
GradientBoosting,29,0.5586601638363712,0.7555555555555555,0.6666666666666666,1.0,1.0,0.0,0.0,0.0,0.9545454545454545,E2 불량 시기 안 (샷 0~60),공정 값 23 + 샷 간 변동,부스팅
GradientBoosting,30,0.4614520205472879,0.6964285714285714,0.5,0.5,0.75,0.6666666666666666,0.5,1.0,0.8374999999999999,E2 불량 시기 안 (샷 0~60),공정 값 23 + 샷 간 변동,부스팅
GradientBoosting,31,0.49624297749286017,0.9166666666666665,0.6666666666666666,1.0,1.0,0.8,0.6666666666666666,1.0,0.9824561403508772,E2 불량 시기 안 (샷 0~60),공정 값 23 + 샷 간 변동,부스팅
GradientBoosting,32,0.6528947790292644,0.2409090909090909,0.0,0.3333333333333333,0.6666666666666666,0.0,0.0,0.0,0.7391304347826088,E2 불량 시기 안 (샷 0~60),공정 값 23 + 샷 간 변동,부스팅
GradientBoosting,33,0.6905012224158704,0.8611111111111112,0.75,0.75,0.75,0.6666666666666666,0.5,1.0,0.9375,E2 불량 시기 안 (샷 0~60),공정 값 23 + 샷 간 변동,부스팅
GradientBoosting,34,0.11379658098437052,0.3402777777777778,0.3333333333333333,0.3333333333333333,0.6666666666666666,0.4,0.3333333333333333,0.5,0.7272727272727273,E2 불량 시기 안 (샷 0~60),공정 값 23 + 샷 간 변동,부스팅
GradientBoosting,35,0.23052612174319084,0.8928571428571428,0.75,0.75,1.0,0.75,0.75,0.75,0.9624999999999999,E2 불량 시기 안 (샷 0~60),공정 값 23 + 샷 간 변동,부스팅
GradientBoosting,36,0.9642751034653347,0.31666666666666665,0.3333333333333333,0.3333333333333333,0.3333333333333333,0.0,0.0,0.0,0.7391304347826088,E2 불량 시기 안 (샷 0~60),공정 값 23 + 샷 간 변동,부스팅
GradientBoosting,37,0.617195439014141,0.8875,0.5,1.0,1.0,0.6666666666666666,0.5,1.0,0.975,E2 불량 시기 안 (샷 0~60),공정 값 23 + 샷 간 변동,부스팅
GradientBoosting,38,0.14117987112918431,0.7435897435897436,0.6666666666666666,0.6666666666666666,0.6666666666666666,0.36363636363636365,0.6666666666666666,0.25,0.8245614035087719,E2 불량 시기 안 (샷 0~60),공정 값 23 + 샷 간 변동,부스팅
GradientBoosting,39,0.025477360440725336,0.375,0.3333333333333333,0.6666666666666666,0.6666666666666666,0.3333333333333333,0.6666666666666666,0.2222222222222222,0.6363636363636362,E2 불량 시기 안 (샷 0~60),공정 값 23 + 샷 간 변동,부스팅
GradientBoosting,40,0.5967138861265683,0.6464285714285714,0.5,0.5,0.5,0.6666666666666666,0.5,1.0,0.7875,E2 불량 시기 안 (샷 0~60),공정 값 23 + 샷 간 변동,부스팅
GradientBoosting,41,0.07369263202602852,1.0,1.0,1.0,1.0,0.6666666666666666,1.0,0.5,1.0,E2 불량 시기 안 (샷 0~60),공정 값 23 + 샷 간 변동,부스팅
GradientBoosting,42,0.050394831034542495,0.41025641025641024,0.3333333333333333,0.6666666666666666,0.6666666666666666,0.5714285714285714,0.6666666666666666,0.5,0.8115942028985508,E2 불량 시기 안 (샷 0~60),공정 값 23 + 샷 간 변동,부스팅
GradientBoosting,43,0.5098320515909125,0.9166666666666666,0.75,0.75,1.0,0.6666666666666666,0.5,1.0,0.9750000000000001,E2 불량 시기 안 (샷 0~60),공정 값 23 + 샷 간 변동,부스팅
GradientBoosting,44,0.22011794598987952,0.28535353535353536,0.0,0.3333333333333333,0.6666666666666666,0.0,0.0,0.0,0.7727272727272727,E2 불량 시기 안 (샷 0~60),공정 값 23 + 샷 간 변동,부스팅
GradientBoosting,45,0.14822049662847728,0.8928571428571428,0.75,0.75,1.0,0.5714285714285714,1.0,0.4,0.9624999999999999,E2 불량 시기 안 (샷 0~60),공정 값 23 + 샷 간 변동,부스팅
GradientBoosting,46,0.04054385988373136,0.8095238095238095,0.6666666666666666,0.6666666666666666,1.0,0.5454545454545454,1.0,0.375,0.9298245614035088,E2 불량 시기 안 (샷 0~60),공정 값 23 + 샷 간 변동,부스팅
GradientBoosting,47,0.7550849075475763,0.5555555555555556,0.3333333333333333,0.6666666666666666,0.6666666666666666,0.0,0.0,0.0,0.8550724637681159,E2 불량 시기 안 (샷 0~60),공정 값 23 + 샷 간 변동,부스팅
GradientBoosting,48,0.3053877723789431,0.6499999999999999,0.5,0.5,0.5,0.3333333333333333,0.5,0.25,0.7875,E2 불량 시기 안 (샷 0~60),공정 값 23 + 샷 간 변동,부스팅
GradientBoosting,49,0.41985844784640486,0.7,0.3333333333333333,1.0,1.0,0.0,0.0,0.0,0.9393939393939393,E2 불량 시기 안 (샷 0~60),공정 값 23 + 샷 간 변동,부스팅
HistGradientBoosting,0,0.6697051461957766,0.7875,0.5,0.75,0.75,0.75,0.75,0.75,0.9125,E2 불량 시기 안 (샷 0~60),공정 값 23 + 샷 간 변동,부스팅
HistGradientBoosting,1,0.0036812275639869813,0.7333333333333334,0.6666666666666666,0.6666666666666666,0.6666666666666666,0.8,0.6666666666666666,1.0,0.7894736842105263,E2 불량 시기 안 (샷 0~60),공정 값 23 + 샷 간 변동,부스팅
HistGradientBoosting,2,0.05793105481416321,0.6031746031746031,0.6666666666666666,0.6666666666666666,0.6666666666666666,0.4,0.3333333333333333,0.5,0.7246376811594203,E2 불량 시기 안 (샷 0~60),공정 값 23 + 샷 간 변동,부스팅
HistGradientBoosting,3,0.008178151833935957,0.7678571428571428,0.5,0.5,1.0,0.5714285714285714,1.0,0.4,0.9249999999999999,E2 불량 시기 안 (샷 0~60),공정 값 23 + 샷 간 변동,부스팅
HistGradientBoosting,4,0.1392638911262828,0.34523809523809523,0.3333333333333333,0.3333333333333333,0.6666666666666666,0.4,0.3333333333333333,0.5,0.7727272727272727,E2 불량 시기 안 (샷 0~60),공정 값 23 + 샷 간 변동,부스팅
HistGradientBoosting,5,0.31178142731243563,0.8541666666666666,0.5,0.75,1.0,0.8,1.0,0.6666666666666666,0.9625,E2 불량 시기 안 (샷 0~60),공정 값 23 + 샷 간 변동,부스팅
HistGradientBoosting,6,0.016560791636931003,0.6555555555555554,0.6666666666666666,0.6666666666666666,0.6666666666666666,0.4444444444444444,0.6666666666666666,0.3333333333333333,0.8840579710144928,E2 불량 시기 안 (샷 0~60),공정 값 23 + 샷 간 변동,부스팅
HistGradientBoosting,7,0.014664327381022371,0.8125,0.5,0.75,1.0,0.75,0.75,0.75,0.9375,E2 불량 시기 안 (샷 0~60),공정 값 23 + 샷 간 변동,부스팅
HistGradientBoosting,8,0.01339524589281206,1.0,1.0,1.0,1.0,0.5454545454545454,1.0,0.375,1.0,E2 불량 시기 안 (샷 0~60),공정 값 23 + 샷 간 변동,부스팅
HistGradientBoosting,9,0.06419105430966676,0.4662309368191721,0.3333333333333333,0.3333333333333333,0.3333333333333333,0.3333333333333333,0.3333333333333333,0.3333333333333333,0.6818181818181818,E2 불량 시기 안 (샷 0~60),공정 값 23 + 샷 간 변동,부스팅
HistGradientBoosting,10,0.6017674853844083,0.8875,0.5,1.0,1.0,0.6666666666666666,0.5,1.0,0.975,E2 불량 시기 안 (샷 0~60),공정 값 23 + 샷 간 변동,부스팅
HistGradientBoosting,11,0.9187778577356424,0.8666666666666667,0.6666666666666666,1.0,1.0,0.0,0.0,0.0,0.9649122807017544,E2 불량 시기 안 (샷 0~60),공정 값 23 + 샷 간 변동,부스팅
HistGradientBoosting,12,0.9225199056539717,0.4288888888888889,0.6666666666666666,0.6666666666666666,0.6666666666666666,0.0,0.0,0.0,0.6521739130434783,E2 불량 시기 안 (샷 0~60),공정 값 23 + 샷 간 변동,부스팅
HistGradientBoosting,13,0.5685833797478531,0.5714285714285714,0.3333333333333333,0.6666666666666666,0.6666666666666666,0.0,0.0,0.0,0.803030303030303,E2 불량 시기 안 (샷 0~60),공정 값 23 + 샷 간 변동,부스팅
HistGradientBoosting,14,0.0009558216479385686,0.7611111111111112,0.5,0.75,0.75,0.5,1.0,0.3333333333333333,0.9125,E2 불량 시기 안 (샷 0~60),공정 값 23 + 샷 간 변동,부스팅
HistGradientBoosting,15,0.2658433381247405,0.4861111111111111,0.3333333333333333,0.6666666666666666,0.6666666666666666,0.0,0.0,0.0,0.6376811594202899,E2 불량 시기 안 (샷 0~60),공정 값 23 + 샷 간 변동,부스팅
HistGradientBoosting,16,0.06424712127892762,0.7589285714285714,0.5,0.75,0.75,0.6666666666666666,0.5,1.0,0.8625,E2 불량 시기 안 (샷 0~60),공정 값 23 + 샷 간 변동,부스팅
HistGradientBoosting,17,0.043501853409948506,0.85,0.75,0.75,0.75,0.5,0.75,0.375,0.9249999999999999,E2 불량 시기 안 (샷 0~60),공정 값 23 + 샷 간 변동,부스팅
HistGradientBoosting,18,0.011934875152582704,0.7666666666666666,0.6666666666666666,0.6666666666666666,0.6666666666666666,0.36363636363636365,0.6666666666666666,0.25,0.8771929824561403,E2 불량 시기 안 (샷 0~60),공정 값 23 + 샷 간 변동,부스팅
HistGradientBoosting,19,0.637282665851668,0.3194444444444444,0.0,0.3333333333333333,1.0,0.2857142857142857,0.3333333333333333,0.25,0.8181818181818181,E2 불량 시기 안 (샷 0~60),공정 값 23 + 샷 간 변동,부스팅
HistGradientBoosting,20,0.011190597143452842,0.7986111111111112,0.5,0.75,0.75,0.75,0.75,0.75,0.925,E2 불량 시기 안 (샷 0~60),공정 값 23 + 샷 간 변동,부스팅
HistGradientBoosting,21,0.11058719025135205,0.4658119658119658,0.6666666666666666,0.6666666666666666,0.6666666666666666,0.3076923076923077,0.6666666666666666,0.2,0.8260869565217391,E2 불량 시기 안 (샷 0~60),공정 값 23 + 샷 간 변동,부스팅
HistGradientBoosting,22,0.19037270966296363,0.6659090909090909,0.5,0.5,0.5,0.4,0.5,0.3333333333333333,0.825,E2 불량 시기 안 (샷 0~60),공정 값 23 + 샷 간 변동,부스팅
HistGradientBoosting,23,0.034143244622323536,0.9166666666666665,0.6666666666666666,1.0,1.0,0.46153846153846156,1.0,0.3,0.9824561403508772,E2 불량 시기 안 (샷 0~60),공정 값 23 + 샷 간 변동,부스팅
HistGradientBoosting,24,0.013571740509852919,0.48444444444444446,0.3333333333333333,0.3333333333333333,0.6666666666666666,0.4444444444444444,0.6666666666666666,0.3333333333333333,0.606060606060606,E2 불량 시기 안 (샷 0~60),공정 값 23 + 샷 간 변동,부스팅
HistGradientBoosting,25,0.593928163496616,0.7644230769230769,0.5,0.75,0.75,0.6666666666666666,0.5,1.0,0.8750000000000001,E2 불량 시기 안 (샷 0~60),공정 값 23 + 샷 간 변동,부스팅
HistGradientBoosting,26,0.00039901677365662355,1.0,1.0,1.0,1.0,0.4,1.0,0.25,1.0,E2 불량 시기 안 (샷 0~60),공정 값 23 + 샷 간 변동,부스팅
HistGradientBoosting,27,0.84906733250365,0.8875,0.5,1.0,1.0,0.6666666666666666,0.5,1.0,0.975,E2 불량 시기 안 (샷 0~60),공정 값 23 + 샷 간 변동,부스팅
HistGradientBoosting,28,0.38454160904244566,0.5435897435897437,0.3333333333333333,0.6666666666666666,0.6666666666666666,0.4,0.3333333333333333,0.5,0.8115942028985508,E2 불량 시기 안 (샷 0~60),공정 값 23 + 샷 간 변동,부스팅
HistGradientBoosting,29,0.1494790495593762,0.6095238095238096,0.3333333333333333,0.6666666666666666,1.0,0.4,0.3333333333333333,0.5,0.8939393939393939,E2 불량 시기 안 (샷 0~60),공정 값 23 + 샷 간 변동,부스팅
HistGradientBoosting,30,0.19624318046511813,0.7875,0.5,0.75,0.75,0.6666666666666666,0.5,1.0,0.9125,E2 불량 시기 안 (샷 0~60),공정 값 23 + 샷 간 변동,부스팅
HistGradientBoosting,31,0.12338978807692517,0.8333333333333333,0.6666666666666666,0.6666666666666666,1.0,0.5714285714285714,0.6666666666666666,0.5,0.9473684210526315,E2 불량 시기 안 (샷 0~60),공정 값 23 + 샷 간 변동,부스팅
HistGradientBoosting,32,0.10105324208263408,0.24314574314574317,0.3333333333333333,0.3333333333333333,0.3333333333333333,0.2857142857142857,0.3333333333333333,0.25,0.6811594202898551,E2 불량 시기 안 (샷 0~60),공정 값 23 + 샷 간 변동,부스팅
HistGradientBoosting,33,0.4107529799148196,0.95,0.75,1.0,1.0,0.75,0.75,0.75,0.9874999999999999,E2 불량 시기 안 (샷 0~60),공정 값 23 + 샷 간 변동,부스팅
HistGradientBoosting,34,0.945991224843527,0.2074074074074074,0.0,0.3333333333333333,0.3333333333333333,0.0,0.0,0.0,0.5909090909090908,E2 불량 시기 안 (샷 0~60),공정 값 23 + 샷 간 변동,부스팅
HistGradientBoosting,35,0.08871927467187705,0.8611111111111112,0.75,0.75,0.75,0.6666666666666666,0.5,1.0,0.9375,E2 불량 시기 안 (샷 0~60),공정 값 23 + 샷 간 변동,부스팅
HistGradientBoosting,36,0.9299491218652889,0.3611111111111111,0.3333333333333333,0.6666666666666666,0.6666666666666666,0.0,0.0,0.0,0.7971014492753623,E2 불량 시기 안 (샷 0~60),공정 값 23 + 샷 간 변동,부스팅
HistGradientBoosting,37,0.19541508704513738,0.875,0.75,0.75,1.0,0.6,0.75,0.5,0.9500000000000001,E2 불량 시기 안 (샷 0~60),공정 값 23 + 샷 간 변동,부스팅
HistGradientBoosting,38,0.11647872103640401,0.7777777777777777,0.6666666666666666,0.6666666666666666,0.6666666666666666,0.36363636363636365,0.6666666666666666,0.25,0.8947368421052632,E2 불량 시기 안 (샷 0~60),공정 값 23 + 샷 간 변동,부스팅
HistGradientBoosting,39,0.007818745355434142,0.4621212121212121,0.3333333333333333,0.3333333333333333,0.6666666666666666,0.2,0.3333333333333333,0.14285714285714285,0.6212121212121211,E2 불량 시기 안 (샷 0~60),공정 값 23 + 샷 간 변동,부스팅
HistGradientBoosting,40,0.16869083508914792,0.7875,0.5,0.75,0.75,0.5,0.75,0.375,0.9125,E2 불량 시기 안 (샷 0~60),공정 값 23 + 샷 간 변동,부스팅
HistGradientBoosting,41,0.5153533118736172,0.7777777777777777,0.6666666666666666,0.6666666666666666,0.6666666666666666,0.8,0.6666666666666666,1.0,0.8947368421052632,E2 불량 시기 안 (샷 0~60),공정 값 23 + 샷 간 변동,부스팅
HistGradientBoosting,42,0.10611310114295504,0.4,0.3333333333333333,0.6666666666666666,0.6666666666666666,0.0,0.0,0.0,0.7826086956521738,E2 불량 시기 안 (샷 0~60),공정 값 23 + 샷 간 변동,부스팅
HistGradientBoosting,43,0.012547277323017808,0.8875,0.5,1.0,1.0,0.8,1.0,0.6666666666666666,0.975,E2 불량 시기 안 (샷 0~60),공정 값 23 + 샷 간 변동,부스팅
HistGradientBoosting,44,0.04619119588595069,0.5588235294117647,0.3333333333333333,0.6666666666666666,0.6666666666666666,0.4444444444444444,0.6666666666666666,0.3333333333333333,0.7575757575757576,E2 불량 시기 안 (샷 0~60),공정 값 23 + 샷 간 변동,부스팅
HistGradientBoosting,45,0.10335220914439121,0.25847069597069594,0.0,0.0,0.5,0.0,0.0,0.0,0.6625000000000001,E2 불량 시기 안 (샷 0~60),공정 값 23 + 샷 간 변동,부스팅
HistGradientBoosting,46,0.6423376684962736,0.8095238095238095,0.6666666666666666,0.6666666666666666,1.0,0.5714285714285714,0.6666666666666666,0.5,0.9298245614035088,E2 불량 시기 안 (샷 0~60),공정 값 23 + 샷 간 변동,부스팅
HistGradientBoosting,47,0.08239085361767852,0.7,0.3333333333333333,1.0,1.0,0.0,0.0,0.0,0.9420289855072465,E2 불량 시기 안 (샷 0~60),공정 값 23 + 샷 간 변동,부스팅
HistGradientBoosting,48,0.7312967648107368,0.6597744360902255,0.5,0.5,0.75,0.6666666666666666,0.5,1.0,0.7625000000000001,E2 불량 시기 안 (샷 0~60),공정 값 23 + 샷 간 변동,부스팅
HistGradientBoosting,49,0.9866310635999722,0.47883597883597884,0.3333333333333333,0.3333333333333333,0.3333333333333333,0.0,0.0,0.0,0.7272727272727273,E2 불량 시기 안 (샷 0~60),공정 값 23 + 샷 간 변동,부스팅
XGBoost,0,0.8162922263145447,0.5666666666666667,0.25,0.75,1.0,0.8,1.0,0.6666666666666666,0.9125,E2 불량 시기 안 (샷 0~60),공정 값 23 + 샷 간 변동,부스팅
XGBoost,1,0.06687135249376297,0.7142857142857142,0.6666666666666666,0.6666666666666666,0.6666666666666666,0.8,0.6666666666666666,1.0,0.6842105263157895,E2 불량 시기 안 (샷 0~60),공정 값 23 + 샷 간 변동,부스팅
XGBoost,2,0.8810836672782898,0.6984126984126984,0.6666666666666666,0.6666666666666666,1.0,0.4,0.3333333333333333,0.5,0.927536231884058,E2 불량 시기 안 (샷 0~60),공정 값 23 + 샷 간 변동,부스팅
XGBoost,3,0.6374830603599548,0.875,0.75,0.75,1.0,0.75,0.75,0.75,0.9500000000000001,E2 불량 시기 안 (샷 0~60),공정 값 23 + 샷 간 변동,부스팅
XGBoost,4,0.6080207228660583,0.425,0.3333333333333333,0.6666666666666666,1.0,0.4,0.3333333333333333,0.5,0.8636363636363636,E2 불량 시기 안 (샷 0~60),공정 값 23 + 샷 간 변동,부스팅
XGBoost,5,0.5514885187149048,0.8541666666666666,0.5,0.75,1.0,0.8,1.0,0.6666666666666666,0.9625,E2 불량 시기 안 (샷 0~60),공정 값 23 + 샷 간 변동,부스팅
XGBoost,6,0.9717498421669006,0.7222222222222222,0.6666666666666666,1.0,1.0,0.0,0.0,0.0,0.9420289855072463,E2 불량 시기 안 (샷 0~60),공정 값 23 + 샷 간 변동,부스팅
XGBoost,7,0.09815850853919983,0.8541666666666666,0.5,0.75,1.0,0.8,1.0,0.6666666666666666,0.9625,E2 불량 시기 안 (샷 0~60),공정 값 23 + 샷 간 변동,부스팅
XGBoost,8,0.9131411910057068,0.8055555555555556,0.6666666666666666,1.0,1.0,0.4,0.3333333333333333,0.5,0.9649122807017545,E2 불량 시기 안 (샷 0~60),공정 값 23 + 샷 간 변동,부스팅
XGBoost,9,0.6467834711074829,0.48444444444444446,0.3333333333333333,0.3333333333333333,0.6666666666666666,0.4,0.3333333333333333,0.5,0.606060606060606,E2 불량 시기 안 (샷 0~60),공정 값 23 + 샷 간 변동,부스팅
XGBoost,10,0.33323267102241516,0.8875,0.5,1.0,1.0,0.8,1.0,0.6666666666666666,0.975,E2 불량 시기 안 (샷 0~60),공정 값 23 + 샷 간 변동,부스팅
XGBoost,11,0.3854796290397644,1.0,1.0,1.0,1.0,0.6666666666666666,1.0,0.5,1.0,E2 불량 시기 안 (샷 0~60),공정 값 23 + 샷 간 변동,부스팅
XGBoost,12,0.8530381917953491,0.5434782608695652,0.3333333333333333,0.6666666666666666,0.6666666666666666,0.0,0.0,0.0,0.681159420289855,E2 불량 시기 안 (샷 0~60),공정 값 23 + 샷 간 변동,부스팅
XGBoost,13,0.5059257745742798,0.5833333333333333,0.3333333333333333,0.6666666666666666,0.6666666666666666,0.5714285714285714,0.6666666666666666,0.5,0.8333333333333333,E2 불량 시기 안 (샷 0~60),공정 값 23 + 샷 간 변동,부스팅
XGBoost,14,0.4685264825820923,0.7470238095238095,0.5,0.75,1.0,0.6,0.75,0.5,0.9375,E2 불량 시기 안 (샷 0~60),공정 값 23 + 샷 간 변동,부스팅
XGBoost,15,0.49869662523269653,0.6666666666666667,0.3333333333333333,1.0,1.0,0.4,0.3333333333333333,0.5,0.927536231884058,E2 불량 시기 안 (샷 0~60),공정 값 23 + 샷 간 변동,부스팅
XGBoost,16,0.05991291627287865,0.7875,0.5,0.75,0.75,0.75,0.75,0.75,0.9125,E2 불량 시기 안 (샷 0~60),공정 값 23 + 샷 간 변동,부스팅
XGBoost,17,0.3856829106807709,0.6916666666666667,0.25,0.75,1.0,0.6666666666666666,1.0,0.5,0.925,E2 불량 시기 안 (샷 0~60),공정 값 23 + 샷 간 변동,부스팅
XGBoost,18,0.7727643847465515,0.9166666666666665,0.6666666666666666,1.0,1.0,0.8571428571428571,1.0,0.75,0.9824561403508772,E2 불량 시기 안 (샷 0~60),공정 값 23 + 샷 간 변동,부스팅
XGBoost,19,0.11946932226419449,0.5,0.3333333333333333,0.6666666666666666,1.0,0.4,1.0,0.25,0.9090909090909091,E2 불량 시기 안 (샷 0~60),공정 값 23 + 샷 간 변동,부스팅
XGBoost,20,0.810165524482727,0.5902777777777777,0.5,0.75,0.75,0.3333333333333333,0.25,0.5,0.9,E2 불량 시기 안 (샷 0~60),공정 값 23 + 샷 간 변동,부스팅
XGBoost,21,0.8195364475250244,0.4111111111111111,0.3333333333333333,0.6666666666666666,0.6666666666666666,0.2857142857142857,0.3333333333333333,0.25,0.8550724637681159,E2 불량 시기 안 (샷 0~60),공정 값 23 + 샷 간 변동,부스팅
XGBoost,22,0.13123857975006104,0.9166666666666666,0.75,0.75,1.0,0.5714285714285714,1.0,0.4,0.9750000000000001,E2 불량 시기 안 (샷 0~60),공정 값 23 + 샷 간 변동,부스팅
XGBoost,23,0.36896106600761414,0.9166666666666665,0.6666666666666666,1.0,1.0,0.6666666666666666,1.0,0.5,0.9824561403508772,E2 불량 시기 안 (샷 0~60),공정 값 23 + 샷 간 변동,부스팅
XGBoost,24,0.901691198348999,0.49206349206349204,0.3333333333333333,0.3333333333333333,0.6666666666666666,0.4,0.3333333333333333,0.5,0.6666666666666667,E2 불량 시기 안 (샷 0~60),공정 값 23 + 샷 간 변동,부스팅
XGBoost,25,0.483161985874176,0.7986111111111112,0.5,0.75,0.75,0.75,0.75,0.75,0.925,E2 불량 시기 안 (샷 0~60),공정 값 23 + 샷 간 변동,부스팅
XGBoost,26,0.03739648684859276,1.0,1.0,1.0,1.0,0.6666666666666666,1.0,0.5,1.0,E2 불량 시기 안 (샷 0~60),공정 값 23 + 샷 간 변동,부스팅
XGBoost,27,0.22766262292861938,0.7708333333333333,0.5,0.75,1.0,0.5714285714285714,1.0,0.4,0.9500000000000001,E2 불량 시기 안 (샷 0~60),공정 값 23 + 샷 간 변동,부스팅
XGBoost,28,0.29241764545440674,0.6031746031746031,0.6666666666666666,0.6666666666666666,0.6666666666666666,0.4444444444444444,0.6666666666666666,0.3333333333333333,0.7246376811594203,E2 불량 시기 안 (샷 0~60),공정 값 23 + 샷 간 변동,부스팅
XGBoost,29,0.23967041075229645,0.7555555555555555,0.6666666666666666,1.0,1.0,0.6666666666666666,1.0,0.5,0.9545454545454545,E2 불량 시기 안 (샷 0~60),공정 값 23 + 샷 간 변동,부스팅
XGBoost,30,0.34592461585998535,0.7589285714285714,0.5,0.75,0.75,0.75,0.75,0.75,0.8625,E2 불량 시기 안 (샷 0~60),공정 값 23 + 샷 간 변동,부스팅
XGBoost,31,0.8311867713928223,0.9166666666666665,0.6666666666666666,1.0,1.0,0.8,0.6666666666666666,1.0,0.9824561403508772,E2 불량 시기 안 (샷 0~60),공정 값 23 + 샷 간 변동,부스팅
XGBoost,32,0.9406365752220154,0.28968253968253965,0.3333333333333333,0.3333333333333333,0.6666666666666666,0.0,0.0,0.0,0.7681159420289856,E2 불량 시기 안 (샷 0~60),공정 값 23 + 샷 간 변동,부스팅
XGBoost,33,0.9006440043449402,0.7928571428571428,0.5,0.75,1.0,0.6666666666666666,0.5,1.0,0.9375,E2 불량 시기 안 (샷 0~60),공정 값 23 + 샷 간 변동,부스팅
XGBoost,34,0.6014014482498169,0.3833333333333333,0.3333333333333333,0.6666666666666666,0.6666666666666666,0.5714285714285714,0.6666666666666666,0.5,0.6969696969696969,E2 불량 시기 안 (샷 0~60),공정 값 23 + 샷 간 변동,부스팅
XGBoost,35,0.3713110089302063,0.8041666666666667,0.5,1.0,1.0,0.75,0.75,0.75,0.9624999999999999,E2 불량 시기 안 (샷 0~60),공정 값 23 + 샷 간 변동,부스팅
XGBoost,36,0.629599928855896,0.4027777777777778,0.3333333333333333,0.6666666666666666,1.0,0.46153846153846156,1.0,0.3,0.855072463768116,E2 불량 시기 안 (샷 0~60),공정 값 23 + 샷 간 변동,부스팅
XGBoost,37,0.2422276735305786,0.9166666666666666,0.75,0.75,1.0,0.75,0.75,0.75,0.9750000000000001,E2 불량 시기 안 (샷 0~60),공정 값 23 + 샷 간 변동,부스팅
XGBoost,38,0.8057021498680115,0.7777777777777777,0.6666666666666666,0.6666666666666666,0.6666666666666666,0.8,0.6666666666666666,1.0,0.8947368421052632,E2 불량 시기 안 (샷 0~60),공정 값 23 + 샷 간 변동,부스팅
XGBoost,39,0.911968469619751,0.601010101010101,0.6666666666666666,0.6666666666666666,0.6666666666666666,0.0,0.0,0.0,0.6969696969696969,E2 불량 시기 안 (샷 0~60),공정 값 23 + 샷 간 변동,부스팅
XGBoost,40,0.9112036228179932,0.7708333333333333,0.5,0.75,0.75,0.6,0.75,0.5,0.8875,E2 불량 시기 안 (샷 0~60),공정 값 23 + 샷 간 변동,부스팅
XGBoost,41,0.22907155752182007,0.8055555555555556,0.6666666666666666,1.0,1.0,0.46153846153846156,1.0,0.3,0.9649122807017545,E2 불량 시기 안 (샷 0~60),공정 값 23 + 샷 간 변동,부스팅
XGBoost,42,0.7847508192062378,0.4,0.3333333333333333,0.6666666666666666,0.6666666666666666,0.5714285714285714,0.6666666666666666,0.5,0.7826086956521738,E2 불량 시기 안 (샷 0~60),공정 값 23 + 샷 간 변동,부스팅
XGBoost,43,0.11517469584941864,0.8875,0.5,1.0,1.0,0.6666666666666666,1.0,0.5,0.975,E2 불량 시기 안 (샷 0~60),공정 값 23 + 샷 간 변동,부스팅
XGBoost,44,0.6029510498046875,0.6428571428571428,0.3333333333333333,0.6666666666666666,1.0,0.4,0.3333333333333333,0.5,0.9090909090909091,E2 불량 시기 안 (샷 0~60),공정 값 23 + 샷 간 변동,부스팅
XGBoost,45,0.8869380950927734,0.3596230158730158,0.25,0.25,0.75,0.0,0.0,0.0,0.7875,E2 불량 시기 안 (샷 0~60),공정 값 23 + 샷 간 변동,부스팅
XGBoost,46,0.3437618315219879,0.7575757575757576,0.6666666666666666,0.6666666666666666,0.6666666666666666,0.5714285714285714,0.6666666666666666,0.5,0.8596491228070176,E2 불량 시기 안 (샷 0~60),공정 값 23 + 샷 간 변동,부스팅
XGBoost,47,0.8397482633590698,0.3055555555555556,0.3333333333333333,0.3333333333333333,0.6666666666666666,0.0,0.0,0.0,0.7971014492753623,E2 불량 시기 안 (샷 0~60),공정 값 23 + 샷 간 변동,부스팅
XGBoost,48,0.8119702339172363,0.8088235294117647,0.75,0.75,0.75,0.6666666666666666,0.5,1.0,0.8375,E2 불량 시기 안 (샷 0~60),공정 값 23 + 샷 간 변동,부스팅
XGBoost,49,0.9822322130203247,0.7222222222222222,0.6666666666666666,0.6666666666666666,1.0,0.0,0.0,0.0,0.9393939393939394,E2 불량 시기 안 (샷 0~60),공정 값 23 + 샷 간 변동,부스팅
LightGBM,0,0.8596275381842431,0.8125,0.5,0.75,1.0,0.6,0.75,0.5,0.9375,E2 불량 시기 안 (샷 0~60),공정 값 23 + 샷 간 변동,부스팅
LightGBM,1,0.07966774914076809,0.7192982456140351,0.6666666666666666,0.6666666666666666,0.6666666666666666,0.8,0.6666666666666666,1.0,0.7192982456140351,E2 불량 시기 안 (샷 0~60),공정 값 23 + 샷 간 변동,부스팅
LightGBM,2,0.5883950804783799,0.6031746031746031,0.6666666666666666,0.6666666666666666,0.6666666666666666,0.4,0.3333333333333333,0.5,0.7246376811594203,E2 불량 시기 안 (샷 0~60),공정 값 23 + 샷 간 변동,부스팅
LightGBM,3,0.45617647465767175,0.8875,0.5,1.0,1.0,0.6666666666666666,0.5,1.0,0.975,E2 불량 시기 안 (샷 0~60),공정 값 23 + 샷 간 변동,부스팅
LightGBM,4,0.4407817381326422,0.5138888888888888,0.6666666666666666,0.6666666666666666,1.0,0.4,0.3333333333333333,0.5,0.8939393939393939,E2 불량 시기 안 (샷 0~60),공정 값 23 + 샷 간 변동,부스팅
LightGBM,5,0.05802998163005797,0.8541666666666666,0.5,0.75,1.0,0.5714285714285714,1.0,0.4,0.9625,E2 불량 시기 안 (샷 0~60),공정 값 23 + 샷 간 변동,부스팅
LightGBM,6,0.9718066245546586,0.7,0.3333333333333333,1.0,1.0,0.0,0.0,0.0,0.9420289855072465,E2 불량 시기 안 (샷 0~60),공정 값 23 + 샷 간 변동,부스팅
LightGBM,7,0.1569019953916189,0.8541666666666666,0.5,0.75,1.0,0.6666666666666666,0.5,1.0,0.9625,E2 불량 시기 안 (샷 0~60),공정 값 23 + 샷 간 변동,부스팅
LightGBM,8,0.5964112346099494,1.0,1.0,1.0,1.0,0.8571428571428571,1.0,0.75,1.0,E2 불량 시기 안 (샷 0~60),공정 값 23 + 샷 간 변동,부스팅
LightGBM,9,0.44946078272285167,0.2657004830917874,0.3333333333333333,0.3333333333333333,0.6666666666666666,0.0,0.0,0.0,0.6060606060606061,E2 불량 시기 안 (샷 0~60),공정 값 23 + 샷 간 변동,부스팅
LightGBM,10,0.053083790133215916,0.9166666666666666,0.75,0.75,1.0,0.8,1.0,0.6666666666666666,0.9750000000000001,E2 불량 시기 안 (샷 0~60),공정 값 23 + 샷 간 변동,부스팅
LightGBM,11,0.2536923716094431,1.0,1.0,1.0,1.0,0.8,0.6666666666666666,1.0,1.0,E2 불량 시기 안 (샷 0~60),공정 값 23 + 샷 간 변동,부스팅
LightGBM,12,0.6093557220426766,0.5526315789473684,0.3333333333333333,0.6666666666666666,0.6666666666666666,0.0,0.0,0.0,0.7391304347826088,E2 불량 시기 안 (샷 0~60),공정 값 23 + 샷 간 변동,부스팅
LightGBM,13,0.34651980607731153,0.6,0.3333333333333333,0.6666666666666666,0.6666666666666666,0.5714285714285714,0.6666666666666666,0.5,0.8636363636363636,E2 불량 시기 안 (샷 0~60),공정 값 23 + 샷 간 변동,부스팅
LightGBM,14,0.24543557015415826,0.8928571428571428,0.75,0.75,1.0,0.75,0.75,0.75,0.9624999999999999,E2 불량 시기 안 (샷 0~60),공정 값 23 + 샷 간 변동,부스팅
LightGBM,15,0.6253199941222032,0.5555555555555556,0.6666666666666666,1.0,1.0,0.0,0.0,0.0,0.927536231884058,E2 불량 시기 안 (샷 0~60),공정 값 23 + 샷 간 변동,부스팅
LightGBM,16,0.8269723490688388,0.7875,0.5,0.75,0.75,0.6666666666666666,0.5,1.0,0.9125,E2 불량 시기 안 (샷 0~60),공정 값 23 + 샷 간 변동,부스팅
LightGBM,17,0.06015951913327893,0.6791666666666667,0.5,1.0,1.0,0.5,1.0,0.3333333333333333,0.95,E2 불량 시기 안 (샷 0~60),공정 값 23 + 샷 간 변동,부스팅
LightGBM,18,0.18450618935040866,0.9166666666666665,0.6666666666666666,1.0,1.0,0.8571428571428571,1.0,0.75,0.9824561403508772,E2 불량 시기 안 (샷 0~60),공정 값 23 + 샷 간 변동,부스팅
LightGBM,19,0.4939765227798651,0.5,0.3333333333333333,0.6666666666666666,1.0,0.5714285714285714,0.6666666666666666,0.5,0.9090909090909091,E2 불량 시기 안 (샷 0~60),공정 값 23 + 샷 간 변동,부스팅
LightGBM,20,0.9967677160787477,0.8303571428571428,0.5,0.75,1.0,0.0,0.0,0.0,0.95,E2 불량 시기 안 (샷 0~60),공정 값 23 + 샷 간 변동,부스팅
LightGBM,21,0.6580346904483859,0.4111111111111111,0.3333333333333333,0.6666666666666666,0.6666666666666666,0.4,0.3333333333333333,0.5,0.8550724637681159,E2 불량 시기 안 (샷 0~60),공정 값 23 + 샷 간 변동,부스팅
LightGBM,22,0.2743758354163889,0.9166666666666666,0.75,0.75,1.0,0.8,1.0,0.6666666666666666,0.9750000000000001,E2 불량 시기 안 (샷 0~60),공정 값 23 + 샷 간 변동,부스팅
LightGBM,23,0.07133083504790362,0.9166666666666665,0.6666666666666666,1.0,1.0,0.5454545454545454,1.0,0.375,0.9824561403508772,E2 불량 시기 안 (샷 0~60),공정 값 23 + 샷 간 변동,부스팅
LightGBM,24,0.5446224522191542,0.5714285714285714,0.3333333333333333,0.6666666666666666,0.6666666666666666,0.0,0.0,0.0,0.803030303030303,E2 불량 시기 안 (샷 0~60),공정 값 23 + 샷 간 변동,부스팅
LightGBM,25,0.24921061514463044,0.8303571428571428,0.5,0.75,1.0,0.75,0.75,0.75,0.95,E2 불량 시기 안 (샷 0~60),공정 값 23 + 샷 간 변동,부스팅
LightGBM,26,0.464932908734684,1.0,1.0,1.0,1.0,0.8571428571428571,1.0,0.75,1.0,E2 불량 시기 안 (샷 0~60),공정 값 23 + 샷 간 변동,부스팅
LightGBM,27,0.16005064401402147,0.9166666666666666,0.75,0.75,1.0,0.6666666666666666,1.0,0.5,0.9750000000000001,E2 불량 시기 안 (샷 0~60),공정 값 23 + 샷 간 변동,부스팅
LightGBM,28,0.4245349629190327,0.3111111111111111,0.3333333333333333,0.6666666666666666,0.6666666666666666,0.0,0.0,0.0,0.753623188405797,E2 불량 시기 안 (샷 0~60),공정 값 23 + 샷 간 변동,부스팅
LightGBM,29,0.27157942770508864,0.7555555555555555,0.6666666666666666,1.0,1.0,0.5714285714285714,0.6666666666666666,0.5,0.9545454545454545,E2 불량 시기 안 (샷 0~60),공정 값 23 + 샷 간 변동,부스팅
LightGBM,30,0.6673160065564272,0.6583333333333333,0.5,0.5,0.5,0.6666666666666666,0.5,1.0,0.8125,E2 불량 시기 안 (샷 0~60),공정 값 23 + 샷 간 변동,부스팅
LightGBM,31,0.15617767866551566,0.7916666666666666,0.6666666666666666,0.6666666666666666,0.6666666666666666,0.8,0.6666666666666666,1.0,0.912280701754386,E2 불량 시기 안 (샷 0~60),공정 값 23 + 샷 간 변동,부스팅
LightGBM,32,0.44602500764397024,0.4909090909090909,0.3333333333333333,0.3333333333333333,0.3333333333333333,0.0,0.0,0.0,0.7681159420289855,E2 불량 시기 안 (샷 0~60),공정 값 23 + 샷 간 변동,부스팅
LightGBM,33,0.18039048365756105,0.8928571428571428,0.75,0.75,1.0,0.75,0.75,0.75,0.9624999999999999,E2 불량 시기 안 (샷 0~60),공정 값 23 + 샷 간 변동,부스팅
LightGBM,34,0.6891529438935702,0.3787878787878788,0.3333333333333333,0.6666666666666666,0.6666666666666666,0.5714285714285714,0.6666666666666666,0.5,0.6666666666666666,E2 불량 시기 안 (샷 0~60),공정 값 23 + 샷 간 변동,부스팅
LightGBM,35,0.7731137927608694,0.8611111111111112,0.75,0.75,0.75,0.75,0.75,0.75,0.9375,E2 불량 시기 안 (샷 0~60),공정 값 23 + 샷 간 변동,부스팅
LightGBM,36,0.3599821372188192,0.26666666666666666,0.0,0.3333333333333333,0.6666666666666666,0.2222222222222222,0.3333333333333333,0.16666666666666666,0.7681159420289855,E2 불량 시기 안 (샷 0~60),공정 값 23 + 샷 간 변동,부스팅
LightGBM,37,0.480598442836713,0.9166666666666666,0.75,0.75,1.0,0.75,0.75,0.75,0.9750000000000001,E2 불량 시기 안 (샷 0~60),공정 값 23 + 샷 간 변동,부스팅
LightGBM,38,0.3584998541679992,0.8666666666666667,0.6666666666666666,1.0,1.0,0.8,0.6666666666666666,1.0,0.9649122807017544,E2 불량 시기 안 (샷 0~60),공정 값 23 + 샷 간 변동,부스팅
LightGBM,39,0.4036150012511433,0.6055555555555555,0.6666666666666666,0.6666666666666666,0.6666666666666666,0.4,0.3333333333333333,0.5,0.7272727272727273,E2 불량 시기 안 (샷 0~60),공정 값 23 + 샷 간 변동,부스팅
LightGBM,40,0.9268671241904531,0.7708333333333333,0.5,0.75,0.75,0.6666666666666666,0.5,1.0,0.8875,E2 불량 시기 안 (샷 0~60),공정 값 23 + 샷 간 변동,부스팅
LightGBM,41,0.28380690368049694,1.0,1.0,1.0,1.0,0.6666666666666666,1.0,0.5,1.0,E2 불량 시기 안 (샷 0~60),공정 값 23 + 샷 간 변동,부스팅
LightGBM,42,0.9950408102866753,0.5333333333333333,0.3333333333333333,1.0,1.0,0.0,0.0,0.0,0.927536231884058,E2 불량 시기 안 (샷 0~60),공정 값 23 + 샷 간 변동,부스팅
LightGBM,43,0.3471725076906374,0.8875,0.5,1.0,1.0,0.75,0.75,0.75,0.975,E2 불량 시기 안 (샷 0~60),공정 값 23 + 샷 간 변동,부스팅
LightGBM,44,0.48396045386658076,0.6428571428571428,0.3333333333333333,0.6666666666666666,1.0,0.4,0.3333333333333333,0.5,0.9090909090909091,E2 불량 시기 안 (샷 0~60),공정 값 23 + 샷 간 변동,부스팅
LightGBM,45,0.5248090046738303,0.7928571428571428,0.5,0.75,1.0,0.6,0.75,0.5,0.9375,E2 불량 시기 안 (샷 0~60),공정 값 23 + 샷 간 변동,부스팅
LightGBM,46,0.2612329578632947,0.8666666666666667,0.6666666666666666,1.0,1.0,0.8,0.6666666666666666,1.0,0.9649122807017544,E2 불량 시기 안 (샷 0~60),공정 값 23 + 샷 간 변동,부스팅
LightGBM,47,0.9877141478973323,0.4111111111111111,0.3333333333333333,0.6666666666666666,0.6666666666666666,0.0,0.0,0.0,0.8550724637681159,E2 불량 시기 안 (샷 0~60),공정 값 23 + 샷 간 변동,부스팅
LightGBM,48,0.2794573435575595,0.8166666666666667,0.75,0.75,0.75,0.75,0.75,0.75,0.8625,E2 불량 시기 안 (샷 0~60),공정 값 23 + 샷 간 변동,부스팅
LightGBM,49,0.9719124130401385,0.7222222222222222,0.6666666666666666,0.6666666666666666,1.0,0.0,0.0,0.0,0.9393939393939394,E2 불량 시기 안 (샷 0~60),공정 값 23 + 샷 간 변동,부스팅
CatBoost,0,0.3986678633899006,0.8541666666666666,0.5,0.75,1.0,0.6666666666666666,1.0,0.5,0.9625,E2 불량 시기 안 (샷 0~60),공정 값 23 + 샷 간 변동,부스팅
CatBoost,1,0.647550110994288,0.7142857142857142,0.6666666666666666,0.6666666666666666,0.6666666666666666,0.8,0.6666666666666666,1.0,0.6842105263157895,E2 불량 시기 안 (샷 0~60),공정 값 23 + 샷 간 변동,부스팅
CatBoost,2,0.4993357330105997,0.6464646464646464,0.6666666666666666,0.6666666666666666,0.6666666666666666,0.4,0.3333333333333333,0.5,0.8695652173913044,E2 불량 시기 안 (샷 0~60),공정 값 23 + 샷 간 변동,부스팅
CatBoost,3,0.2184776556195496,0.9166666666666666,0.75,0.75,1.0,0.8,1.0,0.6666666666666666,0.9750000000000001,E2 불량 시기 안 (샷 0~60),공정 값 23 + 샷 간 변동,부스팅
CatBoost,4,0.22980335726616774,0.33730158730158727,0.0,0.3333333333333333,1.0,0.2857142857142857,0.3333333333333333,0.25,0.8333333333333333,E2 불량 시기 안 (샷 0~60),공정 값 23 + 샷 간 변동,부스팅
CatBoost,5,0.45860049614980636,0.8541666666666666,0.5,0.75,1.0,0.75,0.75,0.75,0.9625,E2 불량 시기 안 (샷 0~60),공정 값 23 + 샷 간 변동,부스팅
CatBoost,6,0.7262848764466725,0.7222222222222222,0.6666666666666666,1.0,1.0,0.0,0.0,0.0,0.9420289855072463,E2 불량 시기 안 (샷 0~60),공정 값 23 + 샷 간 변동,부스팅
CatBoost,7,0.1898460185783136,0.8541666666666666,0.5,0.75,1.0,0.75,0.75,0.75,0.9625,E2 불량 시기 안 (샷 0~60),공정 값 23 + 샷 간 변동,부스팅
CatBoost,8,0.32224945555185464,1.0,1.0,1.0,1.0,0.6666666666666666,1.0,0.5,1.0,E2 불량 시기 안 (샷 0~60),공정 값 23 + 샷 간 변동,부스팅
CatBoost,9,0.3672916173592272,0.4512820512820513,0.3333333333333333,0.3333333333333333,0.3333333333333333,0.4,0.3333333333333333,0.5,0.6515151515151515,E2 불량 시기 안 (샷 0~60),공정 값 23 + 샷 간 변동,부스팅
CatBoost,10,0.1512695103255762,0.8875,0.5,1.0,1.0,0.8,1.0,0.6666666666666666,0.975,E2 불량 시기 안 (샷 0~60),공정 값 23 + 샷 간 변동,부스팅
CatBoost,11,0.28032439694028416,1.0,1.0,1.0,1.0,0.6666666666666666,1.0,0.5,1.0,E2 불량 시기 안 (샷 0~60),공정 값 23 + 샷 간 변동,부스팅
CatBoost,12,0.42058351011641115,0.5526315789473684,0.3333333333333333,0.6666666666666666,0.6666666666666666,0.4,0.3333333333333333,0.5,0.7391304347826088,E2 불량 시기 안 (샷 0~60),공정 값 23 + 샷 간 변동,부스팅
CatBoost,13,0.12449480842296705,0.5714285714285714,0.3333333333333333,0.6666666666666666,0.6666666666666666,0.5714285714285714,0.6666666666666666,0.5,0.803030303030303,E2 불량 시기 안 (샷 0~60),공정 값 23 + 샷 간 변동,부스팅
CatBoost,14,0.8229125647062172,0.95,0.75,1.0,1.0,0.0,0.0,0.0,0.9874999999999999,E2 불량 시기 안 (샷 0~60),공정 값 23 + 샷 간 변동,부스팅
CatBoost,15,0.3419287254123468,0.5625,0.3333333333333333,0.6666666666666666,0.6666666666666666,0.4,0.3333333333333333,0.5,0.782608695652174,E2 불량 시기 안 (샷 0~60),공정 값 23 + 샷 간 변동,부스팅
CatBoost,16,0.13133495179996824,0.7708333333333333,0.5,0.75,0.75,0.75,0.75,0.75,0.8875,E2 불량 시기 안 (샷 0~60),공정 값 23 + 샷 간 변동,부스팅
CatBoost,17,0.4480350202286241,0.8875,0.5,1.0,1.0,0.8,1.0,0.6666666666666666,0.975,E2 불량 시기 안 (샷 0~60),공정 값 23 + 샷 간 변동,부스팅
CatBoost,18,0.37906088369392926,0.9166666666666665,0.6666666666666666,1.0,1.0,0.8571428571428571,1.0,0.75,0.9824561403508772,E2 불량 시기 안 (샷 0~60),공정 값 23 + 샷 간 변동,부스팅
CatBoost,19,0.1617332114200213,0.5,0.3333333333333333,0.6666666666666666,1.0,0.46153846153846156,1.0,0.3,0.9090909090909091,E2 불량 시기 안 (샷 0~60),공정 값 23 + 샷 간 변동,부스팅
CatBoost,20,0.35436663019168724,0.7644230769230769,0.5,0.75,0.75,0.6666666666666666,0.5,1.0,0.8750000000000001,E2 불량 시기 안 (샷 0~60),공정 값 23 + 샷 간 변동,부스팅
CatBoost,21,0.1363044102073852,0.4111111111111111,0.3333333333333333,0.6666666666666666,0.6666666666666666,0.46153846153846156,1.0,0.3,0.8550724637681159,E2 불량 시기 안 (샷 0~60),공정 값 23 + 샷 간 변동,부스팅
CatBoost,22,0.35967270479726055,0.8875,0.5,1.0,1.0,0.75,0.75,0.75,0.975,E2 불량 시기 안 (샷 0~60),공정 값 23 + 샷 간 변동,부스팅
CatBoost,23,0.2171435724651897,0.9166666666666665,0.6666666666666666,1.0,1.0,0.6666666666666666,1.0,0.5,0.9824561403508772,E2 불량 시기 안 (샷 0~60),공정 값 23 + 샷 간 변동,부스팅
CatBoost,24,0.17306805024116131,0.5111111111111111,0.3333333333333333,0.3333333333333333,0.6666666666666666,0.4444444444444444,0.6666666666666666,0.3333333333333333,0.7575757575757576,E2 불량 시기 안 (샷 0~60),공정 값 23 + 샷 간 변동,부스팅
CatBoost,25,0.16791617359146166,0.7644230769230769,0.5,0.75,0.75,0.75,0.75,0.75,0.8750000000000001,E2 불량 시기 안 (샷 0~60),공정 값 23 + 샷 간 변동,부스팅
CatBoost,26,0.07342863086836823,1.0,1.0,1.0,1.0,0.6666666666666666,1.0,0.5,1.0,E2 불량 시기 안 (샷 0~60),공정 값 23 + 샷 간 변동,부스팅
CatBoost,27,0.10191498315605102,0.9166666666666666,0.75,0.75,1.0,0.6666666666666666,1.0,0.5,0.9750000000000001,E2 불량 시기 안 (샷 0~60),공정 값 23 + 샷 간 변동,부스팅
CatBoost,28,0.4321404158306116,0.519298245614035,0.3333333333333333,0.6666666666666666,0.6666666666666666,0.4,0.3333333333333333,0.5,0.7246376811594203,E2 불량 시기 안 (샷 0~60),공정 값 23 + 샷 간 변동,부스팅
CatBoost,29,0.7608152827765156,0.7555555555555555,0.6666666666666666,1.0,1.0,0.0,0.0,0.0,0.9545454545454545,E2 불량 시기 안 (샷 0~60),공정 값 23 + 샷 간 변동,부스팅
CatBoost,30,0.3675034189663723,0.7708333333333333,0.5,0.75,0.75,0.6666666666666666,0.5,1.0,0.8875,E2 불량 시기 안 (샷 0~60),공정 값 23 + 샷 간 변동,부스팅
CatBoost,31,0.4766717740254588,0.9166666666666665,0.6666666666666666,1.0,1.0,0.8,0.6666666666666666,1.0,0.9824561403508772,E2 불량 시기 안 (샷 0~60),공정 값 23 + 샷 간 변동,부스팅
CatBoost,32,0.4899369991385678,0.36944444444444446,0.3333333333333333,0.6666666666666666,1.0,0.0,0.0,0.0,0.855072463768116,E2 불량 시기 안 (샷 0~60),공정 값 23 + 샷 간 변동,부스팅
CatBoost,33,0.4360175505583778,0.8409090909090909,0.75,0.75,0.75,0.6666666666666666,0.5,1.0,0.9125,E2 불량 시기 안 (샷 0~60),공정 값 23 + 샷 간 변동,부스팅
CatBoost,34,0.21645340423103812,0.38888888888888884,0.3333333333333333,0.6666666666666666,0.6666666666666666,0.4444444444444444,0.6666666666666666,0.3333333333333333,0.7272727272727273,E2 불량 시기 안 (샷 0~60),공정 값 23 + 샷 간 변동,부스팅
CatBoost,35,0.302205300455501,0.8611111111111112,0.75,0.75,0.75,0.75,0.75,0.75,0.9375,E2 불량 시기 안 (샷 0~60),공정 값 23 + 샷 간 변동,부스팅
CatBoost,36,0.12063605545213683,0.4027777777777778,0.3333333333333333,0.6666666666666666,1.0,0.46153846153846156,1.0,0.3,0.855072463768116,E2 불량 시기 안 (샷 0~60),공정 값 23 + 샷 간 변동,부스팅
CatBoost,37,0.272326789551383,0.9166666666666666,0.75,0.75,1.0,0.8,1.0,0.6666666666666666,0.9750000000000001,E2 불량 시기 안 (샷 0~60),공정 값 23 + 샷 간 변동,부스팅
CatBoost,38,0.4571151437877926,0.7777777777777777,0.6666666666666666,0.6666666666666666,0.6666666666666666,0.8,0.6666666666666666,1.0,0.8947368421052632,E2 불량 시기 안 (샷 0~60),공정 값 23 + 샷 간 변동,부스팅
CatBoost,39,0.2669949016987588,0.5121212121212121,0.3333333333333333,0.6666666666666666,0.6666666666666666,0.4444444444444444,0.6666666666666666,0.3333333333333333,0.6666666666666666,E2 불량 시기 안 (샷 0~60),공정 값 23 + 샷 간 변동,부스팅
CatBoost,40,0.19398484254374043,0.75,0.5,0.5,1.0,0.5,1.0,0.3333333333333333,0.9125000000000001,E2 불량 시기 안 (샷 0~60),공정 값 23 + 샷 간 변동,부스팅
CatBoost,41,0.1339472393094129,1.0,1.0,1.0,1.0,0.6666666666666666,1.0,0.5,1.0,E2 불량 시기 안 (샷 0~60),공정 값 23 + 샷 간 변동,부스팅
CatBoost,42,0.23635874794974354,0.3733333333333333,0.3333333333333333,0.6666666666666666,0.6666666666666666,0.4,0.3333333333333333,0.5,0.6376811594202898,E2 불량 시기 안 (샷 0~60),공정 값 23 + 샷 간 변동,부스팅
CatBoost,43,0.30724793968357456,0.8875,0.5,1.0,1.0,0.8,1.0,0.6666666666666666,0.975,E2 불량 시기 안 (샷 0~60),공정 값 23 + 샷 간 변동,부스팅
CatBoost,44,0.1477498660157207,0.6428571428571428,0.3333333333333333,0.6666666666666666,1.0,0.4,0.3333333333333333,0.5,0.9090909090909091,E2 불량 시기 안 (샷 0~60),공정 값 23 + 샷 간 변동,부스팅
CatBoost,45,0.1385313768641372,0.7611111111111112,0.5,0.75,0.75,0.6,0.75,0.5,0.9125,E2 불량 시기 안 (샷 0~60),공정 값 23 + 샷 간 변동,부스팅
CatBoost,46,0.21829330595236704,0.7435897435897436,0.6666666666666666,0.6666666666666666,0.6666666666666666,0.5714285714285714,0.6666666666666666,0.5,0.8245614035087719,E2 불량 시기 안 (샷 0~60),공정 값 23 + 샷 간 변동,부스팅
CatBoost,47,0.4821449142484665,0.36944444444444446,0.3333333333333333,0.6666666666666666,1.0,0.0,0.0,0.0,0.855072463768116,E2 불량 시기 안 (샷 0~60),공정 값 23 + 샷 간 변동,부스팅
CatBoost,48,0.23259610078932066,0.7976190476190477,0.75,0.75,0.75,0.75,0.75,0.75,0.7875,E2 불량 시기 안 (샷 0~60),공정 값 23 + 샷 간 변동,부스팅
CatBoost,49,0.14963194929632226,0.7222222222222222,0.6666666666666666,0.6666666666666666,1.0,0.4,0.3333333333333333,0.5,0.9393939393939394,E2 불량 시기 안 (샷 0~60),공정 값 23 + 샷 간 변동,부스팅
로지스틱 L2,0,0.27250548940574454,0.48214285714285715,0.25,0.5,1.0,0.5,1.0,0.3333333333333333,0.8625,E2 불량 시기 안 (샷 0~60),공정 값 23 + 파생 전체,선형
로지스틱 L2,1,0.16928911575927513,0.7192982456140351,0.6666666666666666,0.6666666666666666,0.6666666666666666,0.8,0.6666666666666666,1.0,0.7192982456140351,E2 불량 시기 안 (샷 0~60),공정 값 23 + 파생 전체,선형
로지스틱 L2,2,0.4669498122671861,0.6222222222222222,0.6666666666666666,0.6666666666666666,0.6666666666666666,0.5714285714285714,0.6666666666666666,0.5,0.8115942028985508,E2 불량 시기 안 (샷 0~60),공정 값 23 + 파생 전체,선형
로지스틱 L2,3,0.3376941902558343,0.8303571428571428,0.5,0.75,1.0,0.6666666666666666,1.0,0.5,0.95,E2 불량 시기 안 (샷 0~60),공정 값 23 + 파생 전체,선형
로지스틱 L2,4,0.6743841205572717,0.5333333333333333,0.3333333333333333,1.0,1.0,0.0,0.0,0.0,0.9242424242424242,E2 불량 시기 안 (샷 0~60),공정 값 23 + 파생 전체,선형
로지스틱 L2,5,0.5979878867720732,0.75,0.5,0.5,1.0,0.6666666666666666,0.5,1.0,0.9125000000000001,E2 불량 시기 안 (샷 0~60),공정 값 23 + 파생 전체,선형
로지스틱 L2,6,0.9153086410028181,0.7222222222222222,0.6666666666666666,1.0,1.0,0.0,0.0,0.0,0.9420289855072463,E2 불량 시기 안 (샷 0~60),공정 값 23 + 파생 전체,선형
로지스틱 L2,7,0.34399562970192504,0.8541666666666666,0.5,0.75,1.0,0.8,1.0,0.6666666666666666,0.9625,E2 불량 시기 안 (샷 0~60),공정 값 23 + 파생 전체,선형
로지스틱 L2,8,0.46882811490316517,0.6333333333333333,0.3333333333333333,0.6666666666666666,1.0,0.4,0.3333333333333333,0.5,0.894736842105263,E2 불량 시기 안 (샷 0~60),공정 값 23 + 파생 전체,선형
로지스틱 L2,9,0.2031601042567742,0.2614269788182832,0.3333333333333333,0.3333333333333333,0.3333333333333333,0.4,0.3333333333333333,0.5,0.5151515151515151,E2 불량 시기 안 (샷 0~60),공정 값 23 + 파생 전체,선형
로지스틱 L2,10,0.32087317018981093,0.8875,0.5,1.0,1.0,0.75,0.75,0.75,0.975,E2 불량 시기 안 (샷 0~60),공정 값 23 + 파생 전체,선형
로지스틱 L2,11,0.41361448807155,0.8095238095238095,0.6666666666666666,0.6666666666666666,1.0,0.4444444444444444,0.6666666666666666,0.3333333333333333,0.9298245614035088,E2 불량 시기 안 (샷 0~60),공정 값 23 + 파생 전체,선형
로지스틱 L2,12,0.2832193064703962,0.4415204678362573,0.6666666666666666,0.6666666666666666,0.6666666666666666,0.4,0.3333333333333333,0.5,0.7391304347826086,E2 불량 시기 안 (샷 0~60),공정 값 23 + 파생 전체,선형
로지스틱 L2,13,0.42888625785121903,0.4722222222222222,0.6666666666666666,0.6666666666666666,0.6666666666666666,0.5714285714285714,0.6666666666666666,0.5,0.8333333333333333,E2 불량 시기 안 (샷 0~60),공정 값 23 + 파생 전체,선형
로지스틱 L2,14,0.8563294132999316,0.8041666666666667,0.5,1.0,1.0,0.0,0.0,0.0,0.9624999999999999,E2 불량 시기 안 (샷 0~60),공정 값 23 + 파생 전체,선형
로지스틱 L2,15,0.41554602149440106,0.4944444444444444,0.3333333333333333,0.6666666666666666,0.6666666666666666,0.4,0.3333333333333333,0.5,0.6956521739130435,E2 불량 시기 안 (샷 0~60),공정 값 23 + 파생 전체,선형
로지스틱 L2,16,0.047943454820181,0.75,0.5,0.75,0.75,0.6,0.75,0.5,0.8375,E2 불량 시기 안 (샷 0~60),공정 값 23 + 파생 전체,선형
로지스틱 L2,17,0.7512005456668792,0.5583333333333333,0.25,0.5,0.5,0.3333333333333333,0.25,0.5,0.825,E2 불량 시기 안 (샷 0~60),공정 값 23 + 파생 전체,선형
로지스틱 L2,18,0.5533391711247604,0.9166666666666665,0.6666666666666666,1.0,1.0,0.8571428571428571,1.0,0.75,0.9824561403508772,E2 불량 시기 안 (샷 0~60),공정 값 23 + 파생 전체,선형
로지스틱 L2,19,0.3084608835328983,0.3214285714285714,0.3333333333333333,0.3333333333333333,0.6666666666666666,0.36363636363636365,0.6666666666666666,0.25,0.7272727272727273,E2 불량 시기 안 (샷 0~60),공정 값 23 + 파생 전체,선형
로지스틱 L2,20,0.28276106303613935,0.7463235294117647,0.5,0.75,0.75,0.6666666666666666,0.5,1.0,0.825,E2 불량 시기 안 (샷 0~60),공정 값 23 + 파생 전체,선형
로지스틱 L2,21,0.4887047586384626,0.7,0.3333333333333333,1.0,1.0,0.6666666666666666,1.0,0.5,0.9420289855072465,E2 불량 시기 안 (샷 0~60),공정 값 23 + 파생 전체,선형
로지스틱 L2,22,0.37169640367279505,0.9166666666666666,0.75,0.75,1.0,0.75,0.75,0.75,0.9750000000000001,E2 불량 시기 안 (샷 0~60),공정 값 23 + 파생 전체,선형
로지스틱 L2,23,0.407036277663659,0.9166666666666665,0.6666666666666666,1.0,1.0,0.6666666666666666,1.0,0.5,0.9824561403508772,E2 불량 시기 안 (샷 0~60),공정 값 23 + 파생 전체,선형
로지스틱 L2,24,0.4585915318461138,0.2611111111111111,0.0,0.3333333333333333,0.6666666666666666,0.2857142857142857,0.3333333333333333,0.25,0.7121212121212122,E2 불량 시기 안 (샷 0~60),공정 값 23 + 파생 전체,선형
로지스틱 L2,25,0.22344261962692874,0.7784090909090909,0.5,0.75,0.75,0.75,0.75,0.75,0.9,E2 불량 시기 안 (샷 0~60),공정 값 23 + 파생 전체,선형
로지스틱 L2,26,0.14508129685415086,0.8666666666666667,0.6666666666666666,1.0,1.0,0.6666666666666666,1.0,0.5,0.9649122807017544,E2 불량 시기 안 (샷 0~60),공정 값 23 + 파생 전체,선형
로지스틱 L2,27,0.6851665545837161,0.7708333333333333,0.5,0.75,1.0,0.0,0.0,0.0,0.9500000000000001,E2 불량 시기 안 (샷 0~60),공정 값 23 + 파생 전체,선형
로지스틱 L2,28,0.4848718859714295,0.3111111111111111,0.3333333333333333,0.6666666666666666,0.6666666666666666,0.4444444444444444,0.6666666666666666,0.3333333333333333,0.753623188405797,E2 불량 시기 안 (샷 0~60),공정 값 23 + 파생 전체,선형
로지스틱 L2,29,0.2965464138845975,0.7555555555555555,0.6666666666666666,1.0,1.0,0.6666666666666666,1.0,0.5,0.9545454545454545,E2 불량 시기 안 (샷 0~60),공정 값 23 + 파생 전체,선형
로지스틱 L2,30,0.5132199618511334,0.7708333333333333,0.5,0.75,0.75,0.75,0.75,0.75,0.8875,E2 불량 시기 안 (샷 0~60),공정 값 23 + 파생 전체,선형
로지스틱 L2,31,0.6939586896166117,0.9166666666666665,0.6666666666666666,1.0,1.0,0.8571428571428571,1.0,0.75,0.9824561403508772,E2 불량 시기 안 (샷 0~60),공정 값 23 + 파생 전체,선형
로지스틱 L2,32,0.3247595683972257,0.2685185185185185,0.3333333333333333,0.3333333333333333,0.3333333333333333,0.2222222222222222,0.3333333333333333,0.16666666666666666,0.7391304347826088,E2 불량 시기 안 (샷 0~60),공정 값 23 + 파생 전체,선형
로지스틱 L2,33,0.22055015976389855,0.8041666666666667,0.5,1.0,1.0,0.6666666666666666,1.0,0.5,0.9624999999999999,E2 불량 시기 안 (샷 0~60),공정 값 23 + 파생 전체,선형
로지스틱 L2,34,0.2073829740407071,0.3232323232323232,0.3333333333333333,0.3333333333333333,0.6666666666666666,0.36363636363636365,0.6666666666666666,0.25,0.6363636363636364,E2 불량 시기 안 (샷 0~60),공정 값 23 + 파생 전체,선형
로지스틱 L2,35,0.3769314865886596,0.8269230769230769,0.75,0.75,0.75,0.75,0.75,0.75,0.8875000000000001,E2 불량 시기 안 (샷 0~60),공정 값 23 + 파생 전체,선형
로지스틱 L2,36,0.921846544423257,0.45833333333333326,0.3333333333333333,0.6666666666666666,1.0,0.0,0.0,0.0,0.8840579710144928,E2 불량 시기 안 (샷 0~60),공정 값 23 + 파생 전체,선형
로지스틱 L2,37,0.5684516135113871,0.9166666666666666,0.75,0.75,1.0,0.75,0.75,0.75,0.9750000000000001,E2 불량 시기 안 (샷 0~60),공정 값 23 + 파생 전체,선형
로지스틱 L2,38,0.6026507597855808,0.33134920634920634,0.3333333333333333,0.3333333333333333,0.6666666666666666,0.2857142857142857,0.3333333333333333,0.25,0.7894736842105263,E2 불량 시기 안 (샷 0~60),공정 값 23 + 파생 전체,선형
로지스틱 L2,39,0.38496365627486684,0.24801587301587302,0.3333333333333333,0.3333333333333333,0.6666666666666666,0.2222222222222222,0.3333333333333333,0.16666666666666666,0.5757575757575757,E2 불량 시기 안 (샷 0~60),공정 값 23 + 파생 전체,선형
로지스틱 L2,40,0.4043284424023753,0.8125,0.5,0.75,1.0,0.6666666666666666,1.0,0.5,0.9375,E2 불량 시기 안 (샷 0~60),공정 값 23 + 파생 전체,선형
로지스틱 L2,41,0.12870620179423295,0.8055555555555556,0.6666666666666666,1.0,1.0,0.5454545454545454,1.0,0.375,0.9649122807017545,E2 불량 시기 안 (샷 0~60),공정 값 23 + 파생 전체,선형
로지스틱 L2,42,0.2705888702014723,0.39215686274509803,0.3333333333333333,0.6666666666666666,0.6666666666666666,0.0,0.0,0.0,0.7536231884057971,E2 불량 시기 안 (샷 0~60),공정 값 23 + 파생 전체,선형
로지스틱 L2,43,0.8172272098609914,0.8875,0.5,1.0,1.0,0.6666666666666666,0.5,1.0,0.975,E2 불량 시기 안 (샷 0~60),공정 값 23 + 파생 전체,선형
로지스틱 L2,44,0.4695002934454815,0.5666666666666667,0.3333333333333333,0.6666666666666666,0.6666666666666666,0.4,0.3333333333333333,0.5,0.7878787878787878,E2 불량 시기 안 (샷 0~60),공정 값 23 + 파생 전체,선형
로지스틱 L2,45,0.641656327368696,0.6738095238095239,0.5,0.5,0.75,0.0,0.0,0.0,0.8125,E2 불량 시기 안 (샷 0~60),공정 값 23 + 파생 전체,선형
로지스틱 L2,46,0.5964548037131764,0.7435897435897436,0.6666666666666666,0.6666666666666666,0.6666666666666666,0.5714285714285714,0.6666666666666666,0.5,0.8245614035087719,E2 불량 시기 안 (샷 0~60),공정 값 23 + 파생 전체,선형
로지스틱 L2,47,0.3678901070482633,0.5317460317460317,0.6666666666666666,0.6666666666666666,1.0,0.4444444444444444,0.6666666666666666,0.3333333333333333,0.9130434782608696,E2 불량 시기 안 (샷 0~60),공정 값 23 + 파생 전체,선형
로지스틱 L2,48,0.2913643474368032,0.7088235294117647,0.5,0.75,0.75,0.6,0.75,0.5,0.8125,E2 불량 시기 안 (샷 0~60),공정 값 23 + 파생 전체,선형
로지스틱 L2,49,0.36806832242613385,0.7222222222222222,0.6666666666666666,0.6666666666666666,1.0,0.5714285714285714,0.6666666666666666,0.5,0.9393939393939394,E2 불량 시기 안 (샷 0~60),공정 값 23 + 파생 전체,선형
랜덤포레스트,0,0.5459758876744172,0.8541666666666666,0.5,0.75,1.0,0.6666666666666666,1.0,0.5,0.9625,E2 불량 시기 안 (샷 0~60),공정 값 23 + 파생 전체,트리
랜덤포레스트,1,0.5686165352964885,0.7142857142857142,0.6666666666666666,0.6666666666666666,0.6666666666666666,0.8,0.6666666666666666,1.0,0.6842105263157895,E2 불량 시기 안 (샷 0~60),공정 값 23 + 파생 전체,트리
랜덤포레스트,2,0.5393574469482395,0.6464646464646464,0.6666666666666666,0.6666666666666666,0.6666666666666666,0.4,0.3333333333333333,0.5,0.8695652173913044,E2 불량 시기 안 (샷 0~60),공정 값 23 + 파생 전체,트리
랜덤포레스트,3,0.4380900160375661,0.9166666666666666,0.75,0.75,1.0,0.8,1.0,0.6666666666666666,0.9750000000000001,E2 불량 시기 안 (샷 0~60),공정 값 23 + 파생 전체,트리
랜덤포레스트,4,0.4517575212684346,0.4206349206349206,0.3333333333333333,0.3333333333333333,1.0,0.4444444444444444,0.6666666666666666,0.3333333333333333,0.8636363636363635,E2 불량 시기 안 (샷 0~60),공정 값 23 + 파생 전체,트리
랜덤포레스트,5,0.5084592366783541,0.8541666666666666,0.5,0.75,1.0,0.8,1.0,0.6666666666666666,0.9625,E2 불량 시기 안 (샷 0~60),공정 값 23 + 파생 전체,트리
랜덤포레스트,6,0.6804635167464114,0.7222222222222222,0.6666666666666666,1.0,1.0,0.0,0.0,0.0,0.9420289855072463,E2 불량 시기 안 (샷 0~60),공정 값 23 + 파생 전체,트리
랜덤포레스트,7,0.41866559124569935,0.8541666666666666,0.5,0.75,1.0,0.8,1.0,0.6666666666666666,0.9625,E2 불량 시기 안 (샷 0~60),공정 값 23 + 파생 전체,트리
랜덤포레스트,8,0.4631377081524141,1.0,1.0,1.0,1.0,0.6666666666666666,1.0,0.5,1.0,E2 불량 시기 안 (샷 0~60),공정 값 23 + 파생 전체,트리
랜덤포레스트,9,0.4865063257462638,0.455026455026455,0.3333333333333333,0.3333333333333333,0.3333333333333333,0.4,0.3333333333333333,0.5,0.6212121212121211,E2 불량 시기 안 (샷 0~60),공정 값 23 + 파생 전체,트리
랜덤포레스트,10,0.48930265234633225,0.8875,0.5,1.0,1.0,0.8,1.0,0.6666666666666666,0.975,E2 불량 시기 안 (샷 0~60),공정 값 23 + 파생 전체,트리
랜덤포레스트,11,0.5334155993931534,0.4777777777777778,0.3333333333333333,1.0,1.0,0.6666666666666666,1.0,0.5,0.8947368421052632,E2 불량 시기 안 (샷 0~60),공정 값 23 + 파생 전체,트리
랜덤포레스트,12,0.5524880281826874,0.54,0.3333333333333333,0.6666666666666666,0.6666666666666666,0.4,0.3333333333333333,0.5,0.6521739130434783,E2 불량 시기 안 (샷 0~60),공정 값 23 + 파생 전체,트리
랜덤포레스트,13,0.448685778904045,0.5588235294117647,0.3333333333333333,0.6666666666666666,0.6666666666666666,0.5714285714285714,0.6666666666666666,0.5,0.7575757575757576,E2 불량 시기 안 (샷 0~60),공정 값 23 + 파생 전체,트리
랜덤포레스트,14,0.44390341052995846,0.95,0.75,1.0,1.0,0.75,0.75,0.75,0.9874999999999999,E2 불량 시기 안 (샷 0~60),공정 값 23 + 파생 전체,트리
랜덤포레스트,15,0.5801302759131703,0.5555555555555556,0.3333333333333333,0.6666666666666666,0.6666666666666666,0.4,0.3333333333333333,0.5,0.7536231884057971,E2 불량 시기 안 (샷 0~60),공정 값 23 + 파생 전체,트리
랜덤포레스트,16,0.4213466883993198,0.75,0.5,0.75,0.75,0.75,0.75,0.75,0.8375,E2 불량 시기 안 (샷 0~60),공정 값 23 + 파생 전체,트리
랜덤포레스트,17,0.6101489402553643,0.7708333333333333,0.5,0.75,1.0,0.8,1.0,0.6666666666666666,0.9500000000000001,E2 불량 시기 안 (샷 0~60),공정 값 23 + 파생 전체,트리
랜덤포레스트,18,0.5278671673799147,0.9166666666666665,0.6666666666666666,1.0,1.0,0.8571428571428571,1.0,0.75,0.9824561403508772,E2 불량 시기 안 (샷 0~60),공정 값 23 + 파생 전체,트리
랜덤포레스트,19,0.5359558903285682,0.5,0.3333333333333333,0.6666666666666666,1.0,0.5714285714285714,0.6666666666666666,0.5,0.9090909090909091,E2 불량 시기 안 (샷 0~60),공정 값 23 + 파생 전체,트리
랜덤포레스트,20,0.4739730951453086,0.7401315789473684,0.5,0.75,0.75,0.75,0.75,0.75,0.7999999999999999,E2 불량 시기 안 (샷 0~60),공정 값 23 + 파생 전체,트리
랜덤포레스트,21,0.5453077469915705,0.5317460317460317,0.6666666666666666,0.6666666666666666,1.0,0.5714285714285714,0.6666666666666666,0.5,0.9130434782608696,E2 불량 시기 안 (샷 0~60),공정 값 23 + 파생 전체,트리
랜덤포레스트,22,0.4218486546133605,0.8303571428571428,0.5,0.75,1.0,0.5,1.0,0.3333333333333333,0.95,E2 불량 시기 안 (샷 0~60),공정 값 23 + 파생 전체,트리
랜덤포레스트,23,0.48929699249552194,0.6388888888888888,0.6666666666666666,1.0,1.0,0.8571428571428571,1.0,0.75,0.9473684210526316,E2 불량 시기 안 (샷 0~60),공정 값 23 + 파생 전체,트리
랜덤포레스트,24,0.468795897729721,0.4879227053140096,0.3333333333333333,0.3333333333333333,0.6666666666666666,0.4444444444444444,0.6666666666666666,0.3333333333333333,0.6363636363636364,E2 불량 시기 안 (샷 0~60),공정 값 23 + 파생 전체,트리
랜덤포레스트,25,0.41003634455499766,0.5458333333333333,0.5,0.75,0.75,0.6,0.75,0.5,0.825,E2 불량 시기 안 (샷 0~60),공정 값 23 + 파생 전체,트리
랜덤포레스트,26,0.42205685416521327,1.0,1.0,1.0,1.0,0.8571428571428571,1.0,0.75,1.0,E2 불량 시기 안 (샷 0~60),공정 값 23 + 파생 전체,트리
랜덤포레스트,27,0.3891121465823477,0.9166666666666666,0.75,0.75,1.0,0.5714285714285714,1.0,0.4,0.9750000000000001,E2 불량 시기 안 (샷 0~60),공정 값 23 + 파생 전체,트리
랜덤포레스트,28,0.48669129117929394,0.5066666666666666,0.3333333333333333,0.6666666666666666,0.6666666666666666,0.2857142857142857,0.3333333333333333,0.25,0.6376811594202898,E2 불량 시기 안 (샷 0~60),공정 값 23 + 파생 전체,트리
랜덤포레스트,29,0.639206322735684,0.7555555555555555,0.6666666666666666,1.0,1.0,0.0,0.0,0.0,0.9545454545454545,E2 불량 시기 안 (샷 0~60),공정 값 23 + 파생 전체,트리
랜덤포레스트,30,0.38202149166622834,0.7708333333333333,0.5,0.75,0.75,0.75,0.75,0.75,0.8875,E2 불량 시기 안 (샷 0~60),공정 값 23 + 파생 전체,트리
랜덤포레스트,31,0.5049531195928253,0.9166666666666665,0.6666666666666666,1.0,1.0,0.8571428571428571,1.0,0.75,0.9824561403508772,E2 불량 시기 안 (샷 0~60),공정 값 23 + 파생 전체,트리
랜덤포레스트,32,0.5564191357461481,0.36944444444444446,0.3333333333333333,0.6666666666666666,1.0,0.0,0.0,0.0,0.855072463768116,E2 불량 시기 안 (샷 0~60),공정 값 23 + 파생 전체,트리
랜덤포레스트,33,0.348541995041995,0.95,0.75,1.0,1.0,0.5,1.0,0.3333333333333333,0.9874999999999999,E2 불량 시기 안 (샷 0~60),공정 값 23 + 파생 전체,트리
랜덤포레스트,34,0.5735101399145515,0.3787878787878788,0.3333333333333333,0.6666666666666666,0.6666666666666666,0.5714285714285714,0.6666666666666666,0.5,0.6666666666666666,E2 불량 시기 안 (샷 0~60),공정 값 23 + 파생 전체,트리
랜덤포레스트,35,0.4630587142611406,0.6810897435897436,0.5,0.75,0.75,0.75,0.75,0.75,0.8625,E2 불량 시기 안 (샷 0~60),공정 값 23 + 파생 전체,트리
랜덤포레스트,36,0.45275057921381434,0.4027777777777778,0.3333333333333333,0.6666666666666666,1.0,0.5454545454545454,1.0,0.375,0.855072463768116,E2 불량 시기 안 (샷 0~60),공정 값 23 + 파생 전체,트리
랜덤포레스트,37,0.5211744277823999,0.9166666666666666,0.75,0.75,1.0,0.75,0.75,0.75,0.9750000000000001,E2 불량 시기 안 (샷 0~60),공정 값 23 + 파생 전체,트리
랜덤포레스트,38,0.5051925986666695,1.0,1.0,1.0,1.0,0.8571428571428571,1.0,0.75,1.0,E2 불량 시기 안 (샷 0~60),공정 값 23 + 파생 전체,트리
랜덤포레스트,39,0.4739880998630997,0.601010101010101,0.6666666666666666,0.6666666666666666,0.6666666666666666,0.36363636363636365,0.6666666666666666,0.25,0.6969696969696969,E2 불량 시기 안 (샷 0~60),공정 값 23 + 파생 전체,트리
랜덤포레스트,40,0.5132392531216061,0.75,0.5,0.5,1.0,0.6666666666666666,1.0,0.5,0.9125000000000001,E2 불량 시기 안 (샷 0~60),공정 값 23 + 파생 전체,트리
랜덤포레스트,41,0.5146454423486159,1.0,1.0,1.0,1.0,0.6666666666666666,1.0,0.5,1.0,E2 불량 시기 안 (샷 0~60),공정 값 23 + 파생 전체,트리
랜덤포레스트,42,0.5124141068053607,0.37681159420289856,0.3333333333333333,0.6666666666666666,0.6666666666666666,0.0,0.0,0.0,0.6666666666666665,E2 불량 시기 안 (샷 0~60),공정 값 23 + 파생 전체,트리
랜덤포레스트,43,0.39418544333054345,0.8875,0.5,1.0,1.0,0.8,1.0,0.6666666666666666,0.975,E2 불량 시기 안 (샷 0~60),공정 값 23 + 파생 전체,트리
랜덤포레스트,44,0.45803892730363316,0.5909090909090908,0.3333333333333333,0.6666666666666666,0.6666666666666666,0.4,0.3333333333333333,0.5,0.8484848484848484,E2 불량 시기 안 (샷 0~60),공정 값 23 + 파생 전체,트리
랜덤포레스트,45,0.5624785493001434,0.7928571428571428,0.5,0.75,1.0,0.6666666666666666,0.5,1.0,0.9375,E2 불량 시기 안 (샷 0~60),공정 값 23 + 파생 전체,트리
랜덤포레스트,46,0.41300563268785767,0.7575757575757576,0.6666666666666666,0.6666666666666666,0.6666666666666666,0.4444444444444444,0.6666666666666666,0.3333333333333333,0.8596491228070176,E2 불량 시기 안 (샷 0~60),공정 값 23 + 파생 전체,트리
랜덤포레스트,47,0.6460414503796856,0.5873015873015872,0.3333333333333333,0.6666666666666666,1.0,0.0,0.0,0.0,0.8840579710144928,E2 불량 시기 안 (샷 0~60),공정 값 23 + 파생 전체,트리
랜덤포레스트,48,0.5893796399821939,0.6476449275362318,0.5,0.75,0.75,0.75,0.75,0.75,0.7374999999999999,E2 불량 시기 안 (샷 0~60),공정 값 23 + 파생 전체,트리
랜덤포레스트,49,0.6001765631362652,0.7222222222222222,0.6666666666666666,0.6666666666666666,1.0,0.0,0.0,0.0,0.9393939393939394,E2 불량 시기 안 (샷 0~60),공정 값 23 + 파생 전체,트리
엑스트라트리,0,0.473588891083983,0.8125,0.5,0.75,1.0,0.6666666666666666,1.0,0.5,0.9375,E2 불량 시기 안 (샷 0~60),공정 값 23 + 파생 전체,트리
엑스트라트리,1,0.37543829843149995,0.7142857142857142,0.6666666666666666,0.6666666666666666,0.6666666666666666,0.8,0.6666666666666666,1.0,0.6842105263157895,E2 불량 시기 안 (샷 0~60),공정 값 23 + 파생 전체,트리
엑스트라트리,2,0.45949826732407456,0.5990338164251208,0.6666666666666666,0.6666666666666666,0.6666666666666666,0.4,0.3333333333333333,0.5,0.6956521739130435,E2 불량 시기 안 (샷 0~60),공정 값 23 + 파생 전체,트리
엑스트라트리,3,0.31471305645790787,0.8875,0.5,1.0,1.0,0.6666666666666666,1.0,0.5,0.975,E2 불량 시기 안 (샷 0~60),공정 값 23 + 파생 전체,트리
엑스트라트리,4,0.4187005677634559,0.5555555555555556,0.6666666666666666,0.6666666666666666,1.0,0.0,0.0,0.0,0.9242424242424242,E2 불량 시기 안 (샷 0~60),공정 값 23 + 파생 전체,트리
엑스트라트리,5,0.41421590175447176,0.8541666666666666,0.5,0.75,1.0,0.8,1.0,0.6666666666666666,0.9625,E2 불량 시기 안 (샷 0~60),공정 값 23 + 파생 전체,트리
엑스트라트리,6,0.42549224497441884,0.7222222222222222,0.6666666666666666,1.0,1.0,0.6666666666666666,1.0,0.5,0.9420289855072463,E2 불량 시기 안 (샷 0~60),공정 값 23 + 파생 전체,트리
엑스트라트리,7,0.35315394417628804,0.8541666666666666,0.5,0.75,1.0,0.8,1.0,0.6666666666666666,0.9625,E2 불량 시기 안 (샷 0~60),공정 값 23 + 파생 전체,트리
엑스트라트리,8,0.38045113748980025,0.8666666666666667,0.6666666666666666,1.0,1.0,0.6666666666666666,1.0,0.5,0.9649122807017544,E2 불량 시기 안 (샷 0~60),공정 값 23 + 파생 전체,트리
엑스트라트리,9,0.38512786178568176,0.4434389140271493,0.3333333333333333,0.3333333333333333,0.3333333333333333,0.4,0.3333333333333333,0.5,0.6212121212121212,E2 불량 시기 안 (샷 0~60),공정 값 23 + 파생 전체,트리
엑스트라트리,10,0.35065578885013254,0.8875,0.5,1.0,1.0,0.8,1.0,0.6666666666666666,0.975,E2 불량 시기 안 (샷 0~60),공정 값 23 + 파생 전체,트리
엑스트라트리,11,0.3734301059457199,0.8666666666666667,0.6666666666666666,1.0,1.0,0.6666666666666666,1.0,0.5,0.9649122807017544,E2 불량 시기 안 (샷 0~60),공정 값 23 + 파생 전체,트리
엑스트라트리,12,0.39148566870090895,0.54,0.3333333333333333,0.6666666666666666,0.6666666666666666,0.5714285714285714,0.6666666666666666,0.5,0.6521739130434783,E2 불량 시기 안 (샷 0~60),공정 값 23 + 파생 전체,트리
엑스트라트리,13,0.3061371938193299,0.4288888888888888,0.6666666666666666,0.6666666666666666,0.6666666666666666,0.5714285714285714,0.6666666666666666,0.5,0.6363636363636364,E2 불량 시기 안 (샷 0~60),공정 값 23 + 파생 전체,트리
엑스트라트리,14,0.3390301254768298,0.95,0.75,1.0,1.0,0.6666666666666666,1.0,0.5,0.9874999999999999,E2 불량 시기 안 (샷 0~60),공정 값 23 + 파생 전체,트리
엑스트라트리,15,0.42674541591132026,0.4305555555555556,0.6666666666666666,0.6666666666666666,0.6666666666666666,0.5714285714285714,0.6666666666666666,0.5,0.6666666666666666,E2 불량 시기 안 (샷 0~60),공정 값 23 + 파생 전체,트리
엑스트라트리,16,0.31554165764587205,0.7375,0.5,0.75,0.75,0.75,0.75,0.75,0.7875,E2 불량 시기 안 (샷 0~60),공정 값 23 + 파생 전체,트리
엑스트라트리,17,0.4374545371625175,0.8875,0.5,1.0,1.0,0.75,0.75,0.75,0.975,E2 불량 시기 안 (샷 0~60),공정 값 23 + 파생 전체,트리
엑스트라트리,18,0.42511387473491025,0.9166666666666665,0.6666666666666666,1.0,1.0,0.8571428571428571,1.0,0.75,0.9824561403508772,E2 불량 시기 안 (샷 0~60),공정 값 23 + 파생 전체,트리
엑스트라트리,19,0.3790138814597183,0.4583333333333333,0.3333333333333333,0.6666666666666666,1.0,0.5454545454545454,1.0,0.375,0.8787878787878788,E2 불량 시기 안 (샷 0~60),공정 값 23 + 파생 전체,트리
엑스트라트리,20,0.32190304400684616,0.7309782608695652,0.5,0.75,0.75,0.75,0.75,0.75,0.75,E2 불량 시기 안 (샷 0~60),공정 값 23 + 파생 전체,트리
엑스트라트리,21,0.39746714431537694,0.7,0.3333333333333333,1.0,1.0,0.6666666666666666,1.0,0.5,0.9420289855072465,E2 불량 시기 안 (샷 0~60),공정 값 23 + 파생 전체,트리
엑스트라트리,22,0.3764882574509064,0.9166666666666666,0.75,0.75,1.0,0.6666666666666666,1.0,0.5,0.9750000000000001,E2 불량 시기 안 (샷 0~60),공정 값 23 + 파생 전체,트리
엑스트라트리,23,0.3464081371657124,0.9166666666666665,0.6666666666666666,1.0,1.0,0.8571428571428571,1.0,0.75,0.9824561403508772,E2 불량 시기 안 (샷 0~60),공정 값 23 + 파생 전체,트리
엑스트라트리,24,0.3995684708893786,0.2642857142857143,0.0,0.6666666666666666,0.6666666666666666,0.4444444444444444,0.6666666666666666,0.3333333333333333,0.6363636363636364,E2 불량 시기 안 (샷 0~60),공정 값 23 + 파생 전체,트리
엑스트라트리,25,0.35888995779067456,0.7309782608695652,0.5,0.75,0.75,0.75,0.75,0.75,0.75,E2 불량 시기 안 (샷 0~60),공정 값 23 + 파생 전체,트리
엑스트라트리,26,0.37033812998862525,1.0,1.0,1.0,1.0,0.8571428571428571,1.0,0.75,1.0,E2 불량 시기 안 (샷 0~60),공정 값 23 + 파생 전체,트리
엑스트라트리,27,0.36143250650656517,0.8875,0.5,1.0,1.0,0.6666666666666666,1.0,0.5,0.975,E2 불량 시기 안 (샷 0~60),공정 값 23 + 파생 전체,트리
엑스트라트리,28,0.37580216008248085,0.5254901960784314,0.3333333333333333,0.6666666666666666,0.6666666666666666,0.4444444444444444,0.6666666666666666,0.3333333333333333,0.753623188405797,E2 불량 시기 안 (샷 0~60),공정 값 23 + 파생 전체,트리
엑스트라트리,29,0.4222173228638534,0.7555555555555555,0.6666666666666666,1.0,1.0,0.6666666666666666,1.0,0.5,0.9545454545454545,E2 불량 시기 안 (샷 0~60),공정 값 23 + 파생 전체,트리
엑스트라트리,30,0.2899537686422237,0.7589285714285714,0.5,0.75,0.75,0.75,0.75,0.75,0.8625,E2 불량 시기 안 (샷 0~60),공정 값 23 + 파생 전체,트리
엑스트라트리,31,0.4783379640655166,0.9166666666666665,0.6666666666666666,1.0,1.0,0.8571428571428571,1.0,0.75,0.9824561403508772,E2 불량 시기 안 (샷 0~60),공정 값 23 + 파생 전체,트리
엑스트라트리,32,0.4503084782600919,0.30634920634920637,0.3333333333333333,0.3333333333333333,0.6666666666666666,0.0,0.0,0.0,0.7971014492753623,E2 불량 시기 안 (샷 0~60),공정 값 23 + 파생 전체,트리
엑스트라트리,33,0.5079216053753354,0.95,0.75,1.0,1.0,0.6666666666666666,0.5,1.0,0.9874999999999999,E2 불량 시기 안 (샷 0~60),공정 값 23 + 파생 전체,트리
엑스트라트리,34,0.4517693520145972,0.3787878787878788,0.3333333333333333,0.6666666666666666,0.6666666666666666,0.5714285714285714,0.6666666666666666,0.5,0.6666666666666666,E2 불량 시기 안 (샷 0~60),공정 값 23 + 파생 전체,트리
엑스트라트리,35,0.3987668301695767,0.7934782608695652,0.75,0.75,0.75,0.75,0.75,0.75,0.7625,E2 불량 시기 안 (샷 0~60),공정 값 23 + 파생 전체,트리
엑스트라트리,36,0.30111716664772714,0.5,0.3333333333333333,1.0,1.0,0.5454545454545454,1.0,0.375,0.9130434782608695,E2 불량 시기 안 (샷 0~60),공정 값 23 + 파생 전체,트리
엑스트라트리,37,0.3931678215311996,0.9166666666666666,0.75,0.75,1.0,0.8,1.0,0.6666666666666666,0.9750000000000001,E2 불량 시기 안 (샷 0~60),공정 값 23 + 파생 전체,트리
엑스트라트리,38,0.4330194468770509,1.0,1.0,1.0,1.0,0.8571428571428571,1.0,0.75,1.0,E2 불량 시기 안 (샷 0~60),공정 값 23 + 파생 전체,트리
엑스트라트리,39,0.33729152057275935,0.5121212121212121,0.3333333333333333,0.6666666666666666,0.6666666666666666,0.36363636363636365,0.6666666666666666,0.25,0.6666666666666666,E2 불량 시기 안 (샷 0~60),공정 값 23 + 파생 전체,트리
엑스트라트리,40,0.41365219029225864,0.75,0.5,0.5,1.0,0.6666666666666666,1.0,0.5,0.9125000000000001,E2 불량 시기 안 (샷 0~60),공정 값 23 + 파생 전체,트리
엑스트라트리,41,0.3443023720466213,1.0,1.0,1.0,1.0,0.6666666666666666,1.0,0.5,1.0,E2 불량 시기 안 (샷 0~60),공정 값 23 + 파생 전체,트리
엑스트라트리,42,0.39278209632134037,0.38095238095238093,0.3333333333333333,0.6666666666666666,0.6666666666666666,0.4,0.3333333333333333,0.5,0.6956521739130435,E2 불량 시기 안 (샷 0~60),공정 값 23 + 파생 전체,트리
엑스트라트리,43,0.3568305421321969,0.9166666666666666,0.75,0.75,1.0,0.8,1.0,0.6666666666666666,0.9750000000000001,E2 불량 시기 안 (샷 0~60),공정 값 23 + 파생 전체,트리
엑스트라트리,44,0.30346839936769515,0.43888888888888883,0.6666666666666666,0.6666666666666666,0.6666666666666666,0.5714285714285714,0.6666666666666666,0.5,0.7121212121212122,E2 불량 시기 안 (샷 0~60),공정 값 23 + 파생 전체,트리
엑스트라트리,45,0.3460950676063082,0.95,0.75,1.0,1.0,0.75,0.75,0.75,0.9874999999999999,E2 불량 시기 안 (샷 0~60),공정 값 23 + 파생 전체,트리
엑스트라트리,46,0.3900273916314154,0.7435897435897436,0.6666666666666666,0.6666666666666666,0.6666666666666666,0.5714285714285714,0.6666666666666666,0.5,0.8245614035087719,E2 불량 시기 안 (샷 0~60),공정 값 23 + 파생 전체,트리
엑스트라트리,47,0.40067885099161454,0.5888888888888889,0.6666666666666666,1.0,1.0,0.0,0.0,0.0,0.9420289855072465,E2 불량 시기 안 (샷 0~60),공정 값 23 + 파생 전체,트리
엑스트라트리,48,0.37993061688839785,0.7934782608695652,0.75,0.75,0.75,0.75,0.75,0.75,0.7625,E2 불량 시기 안 (샷 0~60),공정 값 23 + 파생 전체,트리
엑스트라트리,49,0.4119690591773061,0.7222222222222222,0.6666666666666666,0.6666666666666666,1.0,0.0,0.0,0.0,0.9393939393939394,E2 불량 시기 안 (샷 0~60),공정 값 23 + 파생 전체,트리
GradientBoosting,0,0.608184381257857,0.7875,0.5,0.75,0.75,0.75,0.75,0.75,0.9125,E2 불량 시기 안 (샷 0~60),공정 값 23 + 파생 전체,부스팅
GradientBoosting,1,0.010993496726956799,0.7291666666666666,0.6666666666666666,0.6666666666666666,0.6666666666666666,0.36363636363636365,0.6666666666666666,0.25,0.7719298245614035,E2 불량 시기 안 (샷 0~60),공정 값 23 + 파생 전체,부스팅
GradientBoosting,2,0.8648462586996223,0.33535353535353535,0.3333333333333333,0.6666666666666666,0.6666666666666666,0.0,0.0,0.0,0.8115942028985507,E2 불량 시기 안 (샷 0~60),공정 값 23 + 파생 전체,부스팅
GradientBoosting,3,0.545163809591648,0.875,0.75,0.75,1.0,0.6666666666666666,0.5,1.0,0.9500000000000001,E2 불량 시기 안 (샷 0~60),공정 값 23 + 파생 전체,부스팅
GradientBoosting,4,0.944358050505637,0.28968253968253965,0.0,0.3333333333333333,0.6666666666666666,0.0,0.0,0.0,0.7878787878787878,E2 불량 시기 안 (샷 0~60),공정 값 23 + 파생 전체,부스팅
GradientBoosting,5,0.13826551487995714,0.8541666666666666,0.5,0.75,1.0,0.6666666666666666,1.0,0.5,0.9625,E2 불량 시기 안 (샷 0~60),공정 값 23 + 파생 전체,부스팅
GradientBoosting,6,0.41864280411835875,0.6428571428571428,0.3333333333333333,0.6666666666666666,1.0,0.0,0.0,0.0,0.9130434782608696,E2 불량 시기 안 (샷 0~60),공정 값 23 + 파생 전체,부스팅
GradientBoosting,7,0.06637236177653025,0.7875,0.5,0.75,0.75,0.5,0.75,0.375,0.9125,E2 불량 시기 안 (샷 0~60),공정 값 23 + 파생 전체,부스팅
GradientBoosting,8,0.4163772329981692,1.0,1.0,1.0,1.0,0.8571428571428571,1.0,0.75,1.0,E2 불량 시기 안 (샷 0~60),공정 값 23 + 파생 전체,부스팅
GradientBoosting,9,0.4997031255216222,0.5588235294117647,0.3333333333333333,0.6666666666666666,0.6666666666666666,0.0,0.0,0.0,0.7575757575757576,E2 불량 시기 안 (샷 0~60),공정 값 23 + 파생 전체,부스팅
GradientBoosting,10,0.05315670723250997,0.875,0.75,0.75,1.0,0.6,0.75,0.5,0.9500000000000001,E2 불량 시기 안 (샷 0~60),공정 값 23 + 파생 전체,부스팅
GradientBoosting,11,0.22020552209523425,0.7575757575757576,0.6666666666666666,0.6666666666666666,0.6666666666666666,0.36363636363636365,0.6666666666666666,0.25,0.8596491228070176,E2 불량 시기 안 (샷 0~60),공정 값 23 + 파생 전체,부스팅
GradientBoosting,12,0.9357977126329302,0.28888888888888886,0.3333333333333333,0.6666666666666666,0.6666666666666666,0.0,0.0,0.0,0.7391304347826088,E2 불량 시기 안 (샷 0~60),공정 값 23 + 파생 전체,부스팅
GradientBoosting,13,0.7086012217412301,0.4797979797979798,0.6666666666666666,0.6666666666666666,0.6666666666666666,0.0,0.0,0.0,0.8484848484848484,E2 불량 시기 안 (샷 0~60),공정 값 23 + 파생 전체,부스팅
GradientBoosting,14,0.8560920795117078,0.7928571428571428,0.5,0.75,1.0,0.0,0.0,0.0,0.9375,E2 불량 시기 안 (샷 0~60),공정 값 23 + 파생 전체,부스팅
GradientBoosting,15,0.7663389686605218,0.5833333333333333,0.3333333333333333,0.6666666666666666,0.6666666666666666,0.0,0.0,0.0,0.8405797101449276,E2 불량 시기 안 (샷 0~60),공정 값 23 + 파생 전체,부스팅
GradientBoosting,16,0.48870111319337084,0.7375,0.5,0.75,0.75,0.6666666666666666,0.5,1.0,0.7875,E2 불량 시기 안 (샷 0~60),공정 값 23 + 파생 전체,부스팅
GradientBoosting,17,0.03199939948916592,0.8875,0.5,1.0,1.0,0.4444444444444444,1.0,0.2857142857142857,0.975,E2 불량 시기 안 (샷 0~60),공정 값 23 + 파생 전체,부스팅
GradientBoosting,18,0.2589178524440939,0.9166666666666665,0.6666666666666666,1.0,1.0,0.8,0.6666666666666666,1.0,0.9824561403508772,E2 불량 시기 안 (샷 0~60),공정 값 23 + 파생 전체,부스팅
GradientBoosting,19,0.5490886598956436,0.4,0.3333333333333333,0.6666666666666666,0.6666666666666666,0.0,0.0,0.0,0.7727272727272727,E2 불량 시기 안 (샷 0~60),공정 값 23 + 파생 전체,부스팅
GradientBoosting,20,0.21141156612829276,0.7541666666666667,0.5,0.75,0.75,0.75,0.75,0.75,0.85,E2 불량 시기 안 (샷 0~60),공정 값 23 + 파생 전체,부스팅
GradientBoosting,21,0.07323671217830874,0.3769230769230769,0.3333333333333333,0.6666666666666666,0.6666666666666666,0.2857142857142857,0.3333333333333333,0.25,0.7971014492753624,E2 불량 시기 안 (샷 0~60),공정 값 23 + 파생 전체,부스팅
GradientBoosting,22,0.6368159802976937,0.8875,0.5,1.0,1.0,0.6666666666666666,0.5,1.0,0.975,E2 불량 시기 안 (샷 0~60),공정 값 23 + 파생 전체,부스팅
GradientBoosting,23,0.11537831322762918,0.9166666666666665,0.6666666666666666,1.0,1.0,0.6666666666666666,1.0,0.5,0.9824561403508772,E2 불량 시기 안 (샷 0~60),공정 값 23 + 파생 전체,부스팅
GradientBoosting,24,0.11568572253789101,0.44771241830065356,0.6666666666666666,0.6666666666666666,0.6666666666666666,0.0,0.0,0.0,0.7575757575757576,E2 불량 시기 안 (샷 0~60),공정 값 23 + 파생 전체,부스팅
GradientBoosting,25,0.337872057548121,0.8875,0.5,1.0,1.0,0.75,0.75,0.75,0.975,E2 불량 시기 안 (샷 0~60),공정 값 23 + 파생 전체,부스팅
GradientBoosting,26,0.05296456508510815,0.8666666666666667,0.6666666666666666,1.0,1.0,0.5454545454545454,1.0,0.375,0.9649122807017544,E2 불량 시기 안 (샷 0~60),공정 값 23 + 파생 전체,부스팅
GradientBoosting,27,0.37723931042967074,0.8303571428571428,0.5,0.75,1.0,0.6666666666666666,0.5,1.0,0.95,E2 불량 시기 안 (샷 0~60),공정 값 23 + 파생 전체,부스팅
GradientBoosting,28,0.36750183975650347,0.6324786324786325,0.6666666666666666,0.6666666666666666,0.6666666666666666,0.0,0.0,0.0,0.8405797101449275,E2 불량 시기 안 (샷 0~60),공정 값 23 + 파생 전체,부스팅
GradientBoosting,29,0.8455589530740725,0.7222222222222222,0.6666666666666666,0.6666666666666666,1.0,0.0,0.0,0.0,0.9393939393939394,E2 불량 시기 안 (샷 0~60),공정 값 23 + 파생 전체,부스팅
GradientBoosting,30,0.4047844465985125,0.65625,0.5,0.5,0.75,0.5,0.5,0.5,0.7875,E2 불량 시기 안 (샷 0~60),공정 값 23 + 파생 전체,부스팅
GradientBoosting,31,0.4891707162313182,0.9166666666666665,0.6666666666666666,1.0,1.0,0.8,0.6666666666666666,1.0,0.9824561403508772,E2 불량 시기 안 (샷 0~60),공정 값 23 + 파생 전체,부스팅
GradientBoosting,32,0.3691356091247713,0.1987012987012987,0.0,0.3333333333333333,0.3333333333333333,0.0,0.0,0.0,0.6521739130434783,E2 불량 시기 안 (샷 0~60),공정 값 23 + 파생 전체,부스팅
GradientBoosting,33,0.4804024764910999,0.8611111111111112,0.75,0.75,0.75,0.6666666666666666,0.5,1.0,0.9375,E2 불량 시기 안 (샷 0~60),공정 값 23 + 파생 전체,부스팅
GradientBoosting,34,0.9486286557608777,0.3787878787878788,0.3333333333333333,0.6666666666666666,0.6666666666666666,0.0,0.0,0.0,0.6666666666666666,E2 불량 시기 안 (샷 0~60),공정 값 23 + 파생 전체,부스팅
GradientBoosting,35,0.37309178517363795,0.8611111111111112,0.75,0.75,0.75,0.75,0.75,0.75,0.9375,E2 불량 시기 안 (샷 0~60),공정 값 23 + 파생 전체,부스팅
GradientBoosting,36,0.9471455844380727,0.23333333333333334,0.0,0.3333333333333333,0.3333333333333333,0.0,0.0,0.0,0.7101449275362319,E2 불량 시기 안 (샷 0~60),공정 값 23 + 파생 전체,부스팅
GradientBoosting,37,0.2014100204597157,0.8875,0.5,1.0,1.0,0.6666666666666666,0.5,1.0,0.975,E2 불량 시기 안 (샷 0~60),공정 값 23 + 파생 전체,부스팅
GradientBoosting,38,0.11412687357465783,0.7435897435897436,0.6666666666666666,0.6666666666666666,0.6666666666666666,0.3076923076923077,0.6666666666666666,0.2,0.8245614035087719,E2 불량 시기 안 (샷 0~60),공정 값 23 + 파생 전체,부스팅
GradientBoosting,39,0.03628406526640502,0.4666666666666667,0.3333333333333333,0.3333333333333333,0.6666666666666666,0.2222222222222222,0.3333333333333333,0.16666666666666666,0.6515151515151515,E2 불량 시기 안 (샷 0~60),공정 값 23 + 파생 전체,부스팅
GradientBoosting,40,0.2031983979488962,0.6464285714285714,0.5,0.5,0.5,0.42857142857142855,0.75,0.3,0.7875,E2 불량 시기 안 (샷 0~60),공정 값 23 + 파생 전체,부스팅
GradientBoosting,41,0.14242136859077215,1.0,1.0,1.0,1.0,0.5454545454545454,1.0,0.375,1.0,E2 불량 시기 안 (샷 0~60),공정 값 23 + 파생 전체,부스팅
GradientBoosting,42,0.4771909217528276,0.37681159420289856,0.3333333333333333,0.6666666666666666,0.6666666666666666,0.4,0.3333333333333333,0.5,0.6666666666666665,E2 불량 시기 안 (샷 0~60),공정 값 23 + 파생 전체,부스팅
GradientBoosting,43,0.6452247055625427,0.9166666666666666,0.75,0.75,1.0,0.6666666666666666,0.5,1.0,0.9750000000000001,E2 불량 시기 안 (샷 0~60),공정 값 23 + 파생 전체,부스팅
GradientBoosting,44,0.6775743473479927,0.3055555555555555,0.0,0.3333333333333333,0.6666666666666666,0.0,0.0,0.0,0.803030303030303,E2 불량 시기 안 (샷 0~60),공정 값 23 + 파생 전체,부스팅
GradientBoosting,45,0.18127592453128705,0.95,0.75,1.0,1.0,0.5714285714285714,1.0,0.4,0.9874999999999999,E2 불량 시기 안 (샷 0~60),공정 값 23 + 파생 전체,부스팅
GradientBoosting,46,0.2548809178525737,0.8095238095238095,0.6666666666666666,0.6666666666666666,1.0,0.5714285714285714,0.6666666666666666,0.5,0.9298245614035088,E2 불량 시기 안 (샷 0~60),공정 값 23 + 파생 전체,부스팅
GradientBoosting,47,0.6793310829555425,0.3333333333333333,0.3333333333333333,0.6666666666666666,0.6666666666666666,0.0,0.0,0.0,0.8260869565217391,E2 불량 시기 안 (샷 0~60),공정 값 23 + 파생 전체,부스팅
GradientBoosting,48,0.23838214559985096,0.6547619047619047,0.5,0.5,0.5,0.3333333333333333,0.5,0.25,0.8,E2 불량 시기 안 (샷 0~60),공정 값 23 + 파생 전체,부스팅
GradientBoosting,49,0.1284440300409403,0.5909090909090908,0.3333333333333333,0.6666666666666666,0.6666666666666666,0.0,0.0,0.0,0.8484848484848484,E2 불량 시기 안 (샷 0~60),공정 값 23 + 파생 전체,부스팅
HistGradientBoosting,0,0.7569000765603285,0.7875,0.5,0.75,0.75,0.6666666666666666,0.5,1.0,0.9125,E2 불량 시기 안 (샷 0~60),공정 값 23 + 파생 전체,부스팅
HistGradientBoosting,1,0.0009429163421963576,0.7192982456140351,0.6666666666666666,0.6666666666666666,0.6666666666666666,0.8,0.6666666666666666,1.0,0.7192982456140351,E2 불량 시기 안 (샷 0~60),공정 값 23 + 파생 전체,부스팅
HistGradientBoosting,2,0.079085703858852,0.5990338164251208,0.6666666666666666,0.6666666666666666,0.6666666666666666,0.4,0.3333333333333333,0.5,0.6956521739130435,E2 불량 시기 안 (샷 0~60),공정 값 23 + 파생 전체,부스팅
HistGradientBoosting,3,0.010800462394401519,0.7361111111111112,0.5,0.5,0.75,0.5714285714285714,1.0,0.4,0.9,E2 불량 시기 안 (샷 0~60),공정 값 23 + 파생 전체,부스팅
HistGradientBoosting,4,0.15173440502653007,0.33333333333333337,0.3333333333333333,0.3333333333333333,0.6666666666666666,0.2857142857142857,0.3333333333333333,0.25,0.7424242424242424,E2 불량 시기 안 (샷 0~60),공정 값 23 + 파생 전체,부스팅
HistGradientBoosting,5,0.267180198287155,0.8541666666666666,0.5,0.75,1.0,0.8,1.0,0.6666666666666666,0.9625,E2 불량 시기 안 (샷 0~60),공정 값 23 + 파생 전체,부스팅
HistGradientBoosting,6,0.016370291305907433,0.6388888888888888,0.6666666666666666,0.6666666666666666,0.6666666666666666,0.36363636363636365,0.6666666666666666,0.25,0.855072463768116,E2 불량 시기 안 (샷 0~60),공정 값 23 + 파생 전체,부스팅
HistGradientBoosting,7,0.0015182265159690517,0.8125,0.5,0.75,1.0,0.6,0.75,0.5,0.9375,E2 불량 시기 안 (샷 0~60),공정 값 23 + 파생 전체,부스팅
HistGradientBoosting,8,0.23116478693642023,1.0,1.0,1.0,1.0,0.6666666666666666,1.0,0.5,1.0,E2 불량 시기 안 (샷 0~60),공정 값 23 + 파생 전체,부스팅
HistGradientBoosting,9,0.20585980450333632,0.45088566827697263,0.3333333333333333,0.3333333333333333,0.3333333333333333,0.4,0.3333333333333333,0.5,0.5909090909090908,E2 불량 시기 안 (샷 0~60),공정 값 23 + 파생 전체,부스팅
HistGradientBoosting,10,0.14387615375090554,0.8875,0.5,1.0,1.0,0.75,0.75,0.75,0.975,E2 불량 시기 안 (샷 0~60),공정 값 23 + 파생 전체,부스팅
HistGradientBoosting,11,0.45545173876085604,0.8095238095238095,0.6666666666666666,0.6666666666666666,1.0,0.5714285714285714,0.6666666666666666,0.5,0.9298245614035088,E2 불량 시기 안 (샷 0~60),공정 값 23 + 파생 전체,부스팅
HistGradientBoosting,12,0.8898633028315552,0.4288888888888889,0.6666666666666666,0.6666666666666666,0.6666666666666666,0.0,0.0,0.0,0.6521739130434783,E2 불량 시기 안 (샷 0~60),공정 값 23 + 파생 전체,부스팅
HistGradientBoosting,13,0.6749666625453585,0.5714285714285714,0.3333333333333333,0.6666666666666666,0.6666666666666666,0.0,0.0,0.0,0.803030303030303,E2 불량 시기 안 (샷 0~60),공정 값 23 + 파생 전체,부스팅
HistGradientBoosting,14,0.0058769789133988545,0.7611111111111112,0.5,0.75,0.75,0.5714285714285714,1.0,0.4,0.9125,E2 불량 시기 안 (샷 0~60),공정 값 23 + 파생 전체,부스팅
HistGradientBoosting,15,0.4564098123149056,0.5069444444444444,0.3333333333333333,0.6666666666666666,0.6666666666666666,0.0,0.0,0.0,0.7536231884057971,E2 불량 시기 안 (샷 0~60),공정 값 23 + 파생 전체,부스팅
HistGradientBoosting,16,0.6628479632722756,0.7589285714285714,0.5,0.75,0.75,0.6666666666666666,0.5,1.0,0.8625,E2 불량 시기 안 (샷 0~60),공정 값 23 + 파생 전체,부스팅
HistGradientBoosting,17,0.03997175290743185,0.775,0.5,0.75,1.0,0.5714285714285714,1.0,0.4,0.925,E2 불량 시기 안 (샷 0~60),공정 값 23 + 파생 전체,부스팅
HistGradientBoosting,18,0.23284054916284974,0.8333333333333333,0.6666666666666666,0.6666666666666666,1.0,0.8,0.6666666666666666,1.0,0.9473684210526315,E2 불량 시기 안 (샷 0~60),공정 값 23 + 파생 전체,부스팅
HistGradientBoosting,19,0.2619157964231006,0.4583333333333333,0.3333333333333333,0.6666666666666666,1.0,0.4,0.3333333333333333,0.5,0.8787878787878788,E2 불량 시기 안 (샷 0~60),공정 값 23 + 파생 전체,부스팅
HistGradientBoosting,20,0.9960579432851002,0.7644230769230769,0.5,0.75,0.75,0.0,0.0,0.0,0.8750000000000001,E2 불량 시기 안 (샷 0~60),공정 값 23 + 파생 전체,부스팅
HistGradientBoosting,21,0.10724060172040192,0.4555555555555555,0.6666666666666666,0.6666666666666666,0.6666666666666666,0.3076923076923077,0.6666666666666666,0.2,0.7971014492753623,E2 불량 시기 안 (샷 0~60),공정 값 23 + 파생 전체,부스팅
HistGradientBoosting,22,0.020928650167187254,0.6846590909090909,0.5,0.5,0.75,0.42857142857142855,0.75,0.3,0.85,E2 불량 시기 안 (샷 0~60),공정 값 23 + 파생 전체,부스팅
HistGradientBoosting,23,0.010569221996545898,0.9166666666666665,0.6666666666666666,1.0,1.0,0.46153846153846156,1.0,0.3,0.9824561403508772,E2 불량 시기 안 (샷 0~60),공정 값 23 + 파생 전체,부스팅
HistGradientBoosting,24,0.002238372192838258,0.48444444444444446,0.3333333333333333,0.3333333333333333,0.6666666666666666,0.4444444444444444,0.6666666666666666,0.3333333333333333,0.606060606060606,E2 불량 시기 안 (샷 0~60),공정 값 23 + 파생 전체,부스팅
HistGradientBoosting,25,0.40864616166281253,0.7541666666666667,0.5,0.75,0.75,0.6666666666666666,0.5,1.0,0.85,E2 불량 시기 안 (샷 0~60),공정 값 23 + 파생 전체,부스팅
HistGradientBoosting,26,0.04270739561267465,1.0,1.0,1.0,1.0,0.6666666666666666,1.0,0.5,1.0,E2 불량 시기 안 (샷 0~60),공정 값 23 + 파생 전체,부스팅
HistGradientBoosting,27,0.914164379323818,0.8875,0.5,1.0,1.0,0.6666666666666666,0.5,1.0,0.975,E2 불량 시기 안 (샷 0~60),공정 값 23 + 파생 전체,부스팅
HistGradientBoosting,28,0.71706517513195,0.5142857142857142,0.3333333333333333,0.6666666666666666,0.6666666666666666,0.4,0.3333333333333333,0.5,0.6956521739130435,E2 불량 시기 안 (샷 0~60),공정 값 23 + 파생 전체,부스팅
HistGradientBoosting,29,0.9726062162440196,0.6095238095238096,0.3333333333333333,0.6666666666666666,1.0,0.0,0.0,0.0,0.8939393939393939,E2 불량 시기 안 (샷 0~60),공정 값 23 + 파생 전체,부스팅
HistGradientBoosting,30,0.01589339176684542,0.7875,0.5,0.75,0.75,0.75,0.75,0.75,0.9125,E2 불량 시기 안 (샷 0~60),공정 값 23 + 파생 전체,부스팅
HistGradientBoosting,31,0.4929507173591264,0.8333333333333333,0.6666666666666666,0.6666666666666666,1.0,0.8,0.6666666666666666,1.0,0.9473684210526315,E2 불량 시기 안 (샷 0~60),공정 값 23 + 파생 전체,부스팅
HistGradientBoosting,32,0.055277562152711,0.24314574314574317,0.3333333333333333,0.3333333333333333,0.3333333333333333,0.2857142857142857,0.3333333333333333,0.25,0.6811594202898551,E2 불량 시기 안 (샷 0~60),공정 값 23 + 파생 전체,부스팅
HistGradientBoosting,33,0.2965125019813871,0.8928571428571428,0.75,0.75,1.0,0.75,0.75,0.75,0.9624999999999999,E2 불량 시기 안 (샷 0~60),공정 값 23 + 파생 전체,부스팅
HistGradientBoosting,34,0.9687792504400095,0.20286195286195285,0.0,0.3333333333333333,0.3333333333333333,0.0,0.0,0.0,0.5606060606060606,E2 불량 시기 안 (샷 0~60),공정 값 23 + 파생 전체,부스팅
HistGradientBoosting,35,0.05043157723661894,0.8928571428571428,0.75,0.75,1.0,0.75,0.75,0.75,0.9624999999999999,E2 불량 시기 안 (샷 0~60),공정 값 23 + 파생 전체,부스팅
HistGradientBoosting,36,0.4524798504559456,0.33333333333333337,0.3333333333333333,0.3333333333333333,0.6666666666666666,0.0,0.0,0.0,0.7681159420289856,E2 불량 시기 안 (샷 0~60),공정 값 23 + 파생 전체,부스팅
HistGradientBoosting,37,0.03425040128305103,0.875,0.75,0.75,1.0,0.6666666666666666,1.0,0.5,0.9500000000000001,E2 불량 시기 안 (샷 0~60),공정 값 23 + 파생 전체,부스팅
HistGradientBoosting,38,0.18346965415300379,0.7777777777777777,0.6666666666666666,0.6666666666666666,0.6666666666666666,0.36363636363636365,0.6666666666666666,0.25,0.8947368421052632,E2 불량 시기 안 (샷 0~60),공정 값 23 + 파생 전체,부스팅
HistGradientBoosting,39,0.2509841837087853,0.4583333333333333,0.3333333333333333,0.3333333333333333,0.6666666666666666,0.2,0.3333333333333333,0.14285714285714285,0.5909090909090909,E2 불량 시기 안 (샷 0~60),공정 값 23 + 파생 전체,부스팅
HistGradientBoosting,40,0.4457874546159056,0.7875,0.5,0.75,0.75,0.5,0.75,0.375,0.9125,E2 불량 시기 안 (샷 0~60),공정 값 23 + 파생 전체,부스팅
HistGradientBoosting,41,0.6427864134566567,0.7333333333333334,0.6666666666666666,0.6666666666666666,0.6666666666666666,0.8,0.6666666666666666,1.0,0.7894736842105263,E2 불량 시기 안 (샷 0~60),공정 값 23 + 파생 전체,부스팅
HistGradientBoosting,42,0.11699101868397584,0.41025641025641024,0.3333333333333333,0.6666666666666666,0.6666666666666666,0.0,0.0,0.0,0.8115942028985508,E2 불량 시기 안 (샷 0~60),공정 값 23 + 파생 전체,부스팅
HistGradientBoosting,43,0.010682171709510182,0.8875,0.5,1.0,1.0,0.8,1.0,0.6666666666666666,0.975,E2 불량 시기 안 (샷 0~60),공정 값 23 + 파생 전체,부스팅
HistGradientBoosting,44,0.05317728529223097,0.5909090909090908,0.3333333333333333,0.6666666666666666,0.6666666666666666,0.4444444444444444,0.6666666666666666,0.3333333333333333,0.8484848484848484,E2 불량 시기 안 (샷 0~60),공정 값 23 + 파생 전체,부스팅
HistGradientBoosting,45,0.4022563111399558,0.27245670995670995,0.0,0.0,0.5,0.0,0.0,0.0,0.6875,E2 불량 시기 안 (샷 0~60),공정 값 23 + 파생 전체,부스팅
HistGradientBoosting,46,0.6084540207121178,0.7254901960784313,0.6666666666666666,0.6666666666666666,0.6666666666666666,0.5714285714285714,0.6666666666666666,0.5,0.7543859649122807,E2 불량 시기 안 (샷 0~60),공정 값 23 + 파생 전체,부스팅
HistGradientBoosting,47,0.8233833784004181,0.6111111111111112,0.3333333333333333,0.6666666666666666,0.6666666666666666,0.0,0.0,0.0,0.8840579710144927,E2 불량 시기 안 (샷 0~60),공정 값 23 + 파생 전체,부스팅
HistGradientBoosting,48,0.07496527954633139,0.6597744360902255,0.5,0.5,0.75,0.5,0.5,0.5,0.7625000000000001,E2 불량 시기 안 (샷 0~60),공정 값 23 + 파생 전체,부스팅
HistGradientBoosting,49,0.4735332695744758,0.5213675213675213,0.3333333333333333,0.3333333333333333,0.6666666666666666,0.0,0.0,0.0,0.7878787878787878,E2 불량 시기 안 (샷 0~60),공정 값 23 + 파생 전체,부스팅
XGBoost,0,0.6738128662109375,0.6458333333333333,0.5,0.75,1.0,0.8,1.0,0.6666666666666666,0.9375,E2 불량 시기 안 (샷 0~60),공정 값 23 + 파생 전체,부스팅
XGBoost,1,0.06411786377429962,0.7142857142857142,0.6666666666666666,0.6666666666666666,0.6666666666666666,0.5714285714285714,0.6666666666666666,0.5,0.6842105263157895,E2 불량 시기 안 (샷 0~60),공정 값 23 + 파생 전체,부스팅
XGBoost,2,0.6505758166313171,0.6324786324786325,0.6666666666666666,0.6666666666666666,0.6666666666666666,0.4,0.3333333333333333,0.5,0.8405797101449275,E2 불량 시기 안 (샷 0~60),공정 값 23 + 파생 전체,부스팅
XGBoost,3,0.2017018049955368,0.9166666666666666,0.75,0.75,1.0,0.6666666666666666,1.0,0.5,0.9750000000000001,E2 불량 시기 안 (샷 0~60),공정 값 23 + 파생 전체,부스팅
XGBoost,4,0.8378415107727051,0.4,0.3333333333333333,0.6666666666666666,0.6666666666666666,0.0,0.0,0.0,0.8333333333333334,E2 불량 시기 안 (샷 0~60),공정 값 23 + 파생 전체,부스팅
XGBoost,5,0.18130293488502502,0.8541666666666666,0.5,0.75,1.0,0.6666666666666666,1.0,0.5,0.9625,E2 불량 시기 안 (샷 0~60),공정 값 23 + 파생 전체,부스팅
XGBoost,6,0.9395341277122498,0.7222222222222222,0.6666666666666666,1.0,1.0,0.0,0.0,0.0,0.9420289855072463,E2 불량 시기 안 (샷 0~60),공정 값 23 + 파생 전체,부스팅
XGBoost,7,0.5594601631164551,0.8541666666666666,0.5,0.75,1.0,0.6666666666666666,0.5,1.0,0.9625,E2 불량 시기 안 (샷 0~60),공정 값 23 + 파생 전체,부스팅
XGBoost,8,0.8122602701187134,0.8055555555555556,0.6666666666666666,1.0,1.0,0.8571428571428571,1.0,0.75,0.9649122807017545,E2 불량 시기 안 (샷 0~60),공정 값 23 + 파생 전체,부스팅
XGBoost,9,0.4565815329551697,0.48444444444444446,0.3333333333333333,0.3333333333333333,0.6666666666666666,0.4,0.3333333333333333,0.5,0.606060606060606,E2 불량 시기 안 (샷 0~60),공정 값 23 + 파생 전체,부스팅
XGBoost,10,0.2977463901042938,0.9166666666666666,0.75,0.75,1.0,0.8,1.0,0.6666666666666666,0.9750000000000001,E2 불량 시기 안 (샷 0~60),공정 값 23 + 파생 전체,부스팅
XGBoost,11,0.5840833783149719,0.8666666666666667,0.6666666666666666,1.0,1.0,0.6666666666666666,1.0,0.5,0.9649122807017544,E2 불량 시기 안 (샷 0~60),공정 값 23 + 파생 전체,부스팅
XGBoost,12,0.819031298160553,0.5434782608695652,0.3333333333333333,0.6666666666666666,0.6666666666666666,0.0,0.0,0.0,0.681159420289855,E2 불량 시기 안 (샷 0~60),공정 값 23 + 파생 전체,부스팅
XGBoost,13,0.5643345713615417,0.6,0.3333333333333333,0.6666666666666666,0.6666666666666666,0.5714285714285714,0.6666666666666666,0.5,0.8636363636363636,E2 불량 시기 안 (샷 0~60),공정 값 23 + 파생 전체,부스팅
XGBoost,14,0.16141696274280548,0.7152777777777777,0.5,0.75,0.75,0.6,0.75,0.5,0.9125000000000001,E2 불량 시기 안 (샷 0~60),공정 값 23 + 파생 전체,부스팅
XGBoost,15,0.7614904046058655,0.625,0.3333333333333333,0.6666666666666666,1.0,0.4,0.3333333333333333,0.5,0.8985507246376812,E2 불량 시기 안 (샷 0~60),공정 값 23 + 파생 전체,부스팅
XGBoost,16,0.05730294808745384,0.7430555555555556,0.5,0.75,0.75,0.75,0.75,0.75,0.8125,E2 불량 시기 안 (샷 0~60),공정 값 23 + 파생 전체,부스팅
XGBoost,17,0.27826356887817383,0.6916666666666667,0.25,0.75,1.0,0.6666666666666666,1.0,0.5,0.925,E2 불량 시기 안 (샷 0~60),공정 값 23 + 파생 전체,부스팅
XGBoost,18,0.7160903811454773,0.9166666666666665,0.6666666666666666,1.0,1.0,0.8571428571428571,1.0,0.75,0.9824561403508772,E2 불량 시기 안 (샷 0~60),공정 값 23 + 파생 전체,부스팅
XGBoost,19,0.3392477035522461,0.4583333333333333,0.3333333333333333,0.6666666666666666,1.0,0.46153846153846156,1.0,0.3,0.8787878787878788,E2 불량 시기 안 (샷 0~60),공정 값 23 + 파생 전체,부스팅
XGBoost,20,0.42471638321876526,0.5379901960784313,0.5,0.75,0.75,0.3333333333333333,0.25,0.5,0.7999999999999999,E2 불량 시기 안 (샷 0~60),공정 값 23 + 파생 전체,부스팅
XGBoost,21,0.947328507900238,0.3909090909090909,0.3333333333333333,0.6666666666666666,0.6666666666666666,0.4,0.3333333333333333,0.5,0.8260869565217391,E2 불량 시기 안 (샷 0~60),공정 값 23 + 파생 전체,부스팅
XGBoost,22,0.07524605095386505,0.7071428571428571,0.5,0.5,0.75,0.4444444444444444,1.0,0.2857142857142857,0.875,E2 불량 시기 안 (샷 0~60),공정 값 23 + 파생 전체,부스팅
XGBoost,23,0.3741001784801483,0.9166666666666665,0.6666666666666666,1.0,1.0,0.6666666666666666,1.0,0.5,0.9824561403508772,E2 불량 시기 안 (샷 0~60),공정 값 23 + 파생 전체,부스팅
XGBoost,24,0.7967949509620667,0.5111111111111111,0.3333333333333333,0.3333333333333333,0.6666666666666666,0.4,0.3333333333333333,0.5,0.7575757575757576,E2 불량 시기 안 (샷 0~60),공정 값 23 + 파생 전체,부스팅
XGBoost,25,0.24893908202648163,0.5700757575757576,0.5,0.75,0.75,0.75,0.75,0.75,0.875,E2 불량 시기 안 (샷 0~60),공정 값 23 + 파생 전체,부스팅
XGBoost,26,0.037310853600502014,1.0,1.0,1.0,1.0,0.5454545454545454,1.0,0.375,1.0,E2 불량 시기 안 (샷 0~60),공정 값 23 + 파생 전체,부스팅
XGBoost,27,0.924353837966919,0.9166666666666666,0.75,0.75,1.0,0.0,0.0,0.0,0.9750000000000001,E2 불량 시기 안 (샷 0~60),공정 값 23 + 파생 전체,부스팅
XGBoost,28,0.33949512243270874,0.5333333333333333,0.3333333333333333,0.6666666666666666,0.6666666666666666,0.4444444444444444,0.6666666666666666,0.3333333333333333,0.7826086956521738,E2 불량 시기 안 (샷 0~60),공정 값 23 + 파생 전체,부스팅
XGBoost,29,0.37850382924079895,0.6666666666666666,0.6666666666666666,0.6666666666666666,0.6666666666666666,0.5714285714285714,0.6666666666666666,0.5,0.8939393939393939,E2 불량 시기 안 (샷 0~60),공정 값 23 + 파생 전체,부스팅
XGBoost,30,0.4928295910358429,0.7589285714285714,0.5,0.75,0.75,0.6666666666666666,0.5,1.0,0.8625,E2 불량 시기 안 (샷 0~60),공정 값 23 + 파생 전체,부스팅
XGBoost,31,0.6471831202507019,0.9166666666666665,0.6666666666666666,1.0,1.0,0.8,0.6666666666666666,1.0,0.9824561403508772,E2 불량 시기 안 (샷 0~60),공정 값 23 + 파생 전체,부스팅
XGBoost,32,0.7779634594917297,0.2685185185185185,0.3333333333333333,0.3333333333333333,0.3333333333333333,0.0,0.0,0.0,0.7391304347826088,E2 불량 시기 안 (샷 0~60),공정 값 23 + 파생 전체,부스팅
XGBoost,33,0.5934774279594421,0.8928571428571428,0.75,0.75,1.0,0.6666666666666666,0.5,1.0,0.9624999999999999,E2 불량 시기 안 (샷 0~60),공정 값 23 + 파생 전체,부스팅
XGBoost,34,0.8675003051757812,0.3787878787878788,0.3333333333333333,0.6666666666666666,0.6666666666666666,0.0,0.0,0.0,0.6666666666666666,E2 불량 시기 안 (샷 0~60),공정 값 23 + 파생 전체,부스팅
XGBoost,35,0.4394627511501312,0.7152777777777777,0.5,0.75,0.75,0.75,0.75,0.75,0.9125000000000001,E2 불량 시기 안 (샷 0~60),공정 값 23 + 파생 전체,부스팅
XGBoost,36,0.6758143305778503,0.35,0.3333333333333333,0.3333333333333333,0.6666666666666666,0.36363636363636365,0.6666666666666666,0.25,0.7971014492753623,E2 불량 시기 안 (샷 0~60),공정 값 23 + 파생 전체,부스팅
XGBoost,37,0.04885653778910637,0.9166666666666666,0.75,0.75,1.0,0.75,0.75,0.75,0.9750000000000001,E2 불량 시기 안 (샷 0~60),공정 값 23 + 파생 전체,부스팅
XGBoost,38,0.7046588659286499,0.42063492063492064,0.3333333333333333,0.6666666666666666,1.0,0.0,0.0,0.0,0.8596491228070176,E2 불량 시기 안 (샷 0~60),공정 값 23 + 파생 전체,부스팅
XGBoost,39,0.8793890476226807,0.5166666666666666,0.3333333333333333,0.6666666666666666,0.6666666666666666,0.0,0.0,0.0,0.696969696969697,E2 불량 시기 안 (샷 0~60),공정 값 23 + 파생 전체,부스팅
XGBoost,40,0.8321831226348877,0.6964285714285714,0.5,0.5,0.75,0.6,0.75,0.5,0.8374999999999999,E2 불량 시기 안 (샷 0~60),공정 값 23 + 파생 전체,부스팅
XGBoost,41,0.2486879974603653,0.6333333333333333,0.3333333333333333,0.6666666666666666,1.0,0.5454545454545454,1.0,0.375,0.894736842105263,E2 불량 시기 안 (샷 0~60),공정 값 23 + 파생 전체,부스팅
XGBoost,42,0.5582079887390137,0.38596491228070173,0.3333333333333333,0.6666666666666666,0.6666666666666666,0.5714285714285714,0.6666666666666666,0.5,0.7246376811594204,E2 불량 시기 안 (샷 0~60),공정 값 23 + 파생 전체,부스팅
XGBoost,43,0.10870075970888138,0.8303571428571428,0.5,0.75,1.0,0.6666666666666666,1.0,0.5,0.95,E2 불량 시기 안 (샷 0~60),공정 값 23 + 파생 전체,부스팅
XGBoost,44,0.20731645822525024,0.6111111111111112,0.3333333333333333,0.6666666666666666,0.6666666666666666,0.5714285714285714,0.6666666666666666,0.5,0.8787878787878788,E2 불량 시기 안 (샷 0~60),공정 값 23 + 파생 전체,부스팅
XGBoost,45,0.9774622321128845,0.32628968253968255,0.0,0.25,0.75,0.0,0.0,0.0,0.7625,E2 불량 시기 안 (샷 0~60),공정 값 23 + 파생 전체,부스팅
XGBoost,46,0.421733558177948,0.7575757575757576,0.6666666666666666,0.6666666666666666,0.6666666666666666,0.5714285714285714,0.6666666666666666,0.5,0.8596491228070176,E2 불량 시기 안 (샷 0~60),공정 값 23 + 파생 전체,부스팅
XGBoost,47,0.8633320927619934,0.3055555555555556,0.3333333333333333,0.3333333333333333,0.6666666666666666,0.0,0.0,0.0,0.7971014492753623,E2 불량 시기 안 (샷 0~60),공정 값 23 + 파생 전체,부스팅
XGBoost,48,0.913942277431488,0.7976190476190477,0.75,0.75,0.75,0.6666666666666666,0.5,1.0,0.7875,E2 불량 시기 안 (샷 0~60),공정 값 23 + 파생 전체,부스팅
XGBoost,49,0.9234755635261536,0.7222222222222222,0.6666666666666666,0.6666666666666666,1.0,0.0,0.0,0.0,0.9393939393939394,E2 불량 시기 안 (샷 0~60),공정 값 23 + 파생 전체,부스팅
LightGBM,0,0.8942940984568352,0.8541666666666666,0.5,0.75,1.0,0.75,0.75,0.75,0.9625,E2 불량 시기 안 (샷 0~60),공정 값 23 + 파생 전체,부스팅
LightGBM,1,0.4899379118566441,0.7435897435897436,0.6666666666666666,0.6666666666666666,0.6666666666666666,0.8,0.6666666666666666,1.0,0.8245614035087719,E2 불량 시기 안 (샷 0~60),공정 값 23 + 파생 전체,부스팅
LightGBM,2,0.8532594642376063,0.6081871345029239,0.6666666666666666,0.6666666666666666,0.6666666666666666,0.0,0.0,0.0,0.7536231884057971,E2 불량 시기 안 (샷 0~60),공정 값 23 + 파생 전체,부스팅
LightGBM,3,0.4651405904767763,0.775,0.5,0.75,1.0,0.6666666666666666,0.5,1.0,0.925,E2 불량 시기 안 (샷 0~60),공정 값 23 + 파생 전체,부스팅
LightGBM,4,0.32249560539756217,0.5694444444444444,0.3333333333333333,0.3333333333333333,1.0,0.2857142857142857,0.3333333333333333,0.25,0.8636363636363636,E2 불량 시기 안 (샷 0~60),공정 값 23 + 파생 전체,부스팅
LightGBM,5,0.06675192707648428,0.8541666666666666,0.5,0.75,1.0,0.5714285714285714,1.0,0.4,0.9625,E2 불량 시기 안 (샷 0~60),공정 값 23 + 파생 전체,부스팅
LightGBM,6,0.9470236907080665,0.5,0.6666666666666666,0.6666666666666666,0.6666666666666666,0.0,0.0,0.0,0.8840579710144927,E2 불량 시기 안 (샷 0~60),공정 값 23 + 파생 전체,부스팅
LightGBM,7,0.1203864967350681,0.8125,0.5,0.75,1.0,0.75,0.75,0.75,0.9375,E2 불량 시기 안 (샷 0~60),공정 값 23 + 파생 전체,부스팅
LightGBM,8,0.4820119444163756,1.0,1.0,1.0,1.0,0.8571428571428571,1.0,0.75,1.0,E2 불량 시기 안 (샷 0~60),공정 값 23 + 파생 전체,부스팅
LightGBM,9,0.9361372111188997,0.5158730158730158,0.3333333333333333,0.3333333333333333,0.6666666666666666,0.0,0.0,0.0,0.7727272727272727,E2 불량 시기 안 (샷 0~60),공정 값 23 + 파생 전체,부스팅
LightGBM,10,0.19505178878636223,0.9166666666666666,0.75,0.75,1.0,0.75,0.75,0.75,0.9750000000000001,E2 불량 시기 안 (샷 0~60),공정 값 23 + 파생 전체,부스팅
LightGBM,11,0.6777656002724181,0.7777777777777777,0.6666666666666666,0.6666666666666666,0.6666666666666666,0.8,0.6666666666666666,1.0,0.8947368421052632,E2 불량 시기 안 (샷 0~60),공정 값 23 + 파생 전체,부스팅
LightGBM,12,0.12296812856267349,0.54,0.3333333333333333,0.6666666666666666,0.6666666666666666,0.4,0.3333333333333333,0.5,0.6521739130434783,E2 불량 시기 안 (샷 0~60),공정 값 23 + 파생 전체,부스팅
LightGBM,13,0.285152112977163,0.5277777777777778,0.3333333333333333,0.3333333333333333,0.6666666666666666,0.4,0.3333333333333333,0.5,0.803030303030303,E2 불량 시기 안 (샷 0~60),공정 값 23 + 파생 전체,부스팅
LightGBM,14,0.6940699134948913,0.8041666666666667,0.5,1.0,1.0,0.75,0.75,0.75,0.9624999999999999,E2 불량 시기 안 (샷 0~60),공정 값 23 + 파생 전체,부스팅
LightGBM,15,0.3500767072076651,0.6666666666666667,0.3333333333333333,1.0,1.0,0.0,0.0,0.0,0.927536231884058,E2 불량 시기 안 (샷 0~60),공정 값 23 + 파생 전체,부스팅
LightGBM,16,0.20116014606951615,0.8541666666666666,0.5,0.75,1.0,0.6666666666666666,0.5,1.0,0.9625,E2 불량 시기 안 (샷 0~60),공정 값 23 + 파생 전체,부스팅
LightGBM,17,0.05713207756930065,0.9166666666666666,0.75,0.75,1.0,0.6666666666666666,1.0,0.5,0.9750000000000001,E2 불량 시기 안 (샷 0~60),공정 값 23 + 파생 전체,부스팅
LightGBM,18,0.6837294529790383,0.9166666666666665,0.6666666666666666,1.0,1.0,0.8,0.6666666666666666,1.0,0.9824561403508772,E2 불량 시기 안 (샷 0~60),공정 값 23 + 파생 전체,부스팅
LightGBM,19,0.24767586879781628,0.3611111111111111,0.3333333333333333,0.3333333333333333,0.6666666666666666,0.2857142857142857,0.3333333333333333,0.25,0.7878787878787878,E2 불량 시기 안 (샷 0~60),공정 값 23 + 파생 전체,부스팅
LightGBM,20,0.9811489201528468,0.7644230769230769,0.5,0.75,0.75,0.0,0.0,0.0,0.8750000000000001,E2 불량 시기 안 (샷 0~60),공정 값 23 + 파생 전체,부스팅
LightGBM,21,0.7914452260574371,0.43236714975845414,0.6666666666666666,0.6666666666666666,0.6666666666666666,0.4,0.3333333333333333,0.5,0.6811594202898551,E2 불량 시기 안 (샷 0~60),공정 값 23 + 파생 전체,부스팅
LightGBM,22,0.193544588781059,0.9166666666666666,0.75,0.75,1.0,0.8,1.0,0.6666666666666666,0.9750000000000001,E2 불량 시기 안 (샷 0~60),공정 값 23 + 파생 전체,부스팅
LightGBM,23,0.3914758738798146,0.9166666666666665,0.6666666666666666,1.0,1.0,0.6666666666666666,1.0,0.5,0.9824561403508772,E2 불량 시기 안 (샷 0~60),공정 값 23 + 파생 전체,부스팅
LightGBM,24,0.36592368678345916,0.5909090909090908,0.3333333333333333,0.6666666666666666,0.6666666666666666,0.0,0.0,0.0,0.8484848484848484,E2 불량 시기 안 (샷 0~60),공정 값 23 + 파생 전체,부스팅
LightGBM,25,0.6281748046593799,0.7644230769230769,0.5,0.75,0.75,0.75,0.75,0.75,0.8750000000000001,E2 불량 시기 안 (샷 0~60),공정 값 23 + 파생 전체,부스팅
LightGBM,26,0.05754204531665091,1.0,1.0,1.0,1.0,0.6666666666666666,1.0,0.5,1.0,E2 불량 시기 안 (샷 0~60),공정 값 23 + 파생 전체,부스팅
LightGBM,27,0.6671813734439558,0.9166666666666666,0.75,0.75,1.0,0.75,0.75,0.75,0.9750000000000001,E2 불량 시기 안 (샷 0~60),공정 값 23 + 파생 전체,부스팅
LightGBM,28,0.8121658535640488,0.28444444444444444,0.3333333333333333,0.6666666666666666,0.6666666666666666,0.0,0.0,0.0,0.608695652173913,E2 불량 시기 안 (샷 0~60),공정 값 23 + 파생 전체,부스팅
LightGBM,29,0.21840353418957062,0.7555555555555555,0.6666666666666666,1.0,1.0,0.5714285714285714,0.6666666666666666,0.5,0.9545454545454545,E2 불량 시기 안 (샷 0~60),공정 값 23 + 파생 전체,부스팅
LightGBM,30,0.13054004348369339,0.6770833333333334,0.5,0.5,0.75,0.5,0.5,0.5,0.8375,E2 불량 시기 안 (샷 0~60),공정 값 23 + 파생 전체,부스팅
LightGBM,31,0.15464791065136552,0.8333333333333333,0.6666666666666666,0.6666666666666666,1.0,0.8,0.6666666666666666,1.0,0.9473684210526315,E2 불량 시기 안 (샷 0~60),공정 값 23 + 파생 전체,부스팅
LightGBM,32,0.6806884358217172,0.21755368814192344,0.3333333333333333,0.3333333333333333,0.3333333333333333,0.0,0.0,0.0,0.5942028985507246,E2 불량 시기 안 (샷 0~60),공정 값 23 + 파생 전체,부스팅
LightGBM,33,0.13178179913904578,0.95,0.75,1.0,1.0,0.8,1.0,0.6666666666666666,0.9874999999999999,E2 불량 시기 안 (샷 0~60),공정 값 23 + 파생 전체,부스팅
LightGBM,34,0.9179841092067007,0.3833333333333333,0.3333333333333333,0.6666666666666666,0.6666666666666666,0.4,0.3333333333333333,0.5,0.6969696969696969,E2 불량 시기 안 (샷 0~60),공정 값 23 + 파생 전체,부스팅
LightGBM,35,0.48076396185225007,0.8928571428571428,0.75,0.75,1.0,0.75,0.75,0.75,0.9624999999999999,E2 불량 시기 안 (샷 0~60),공정 값 23 + 파생 전체,부스팅
LightGBM,36,0.9480831293134647,0.2944444444444444,0.0,0.6666666666666666,0.6666666666666666,0.0,0.0,0.0,0.7971014492753623,E2 불량 시기 안 (샷 0~60),공정 값 23 + 파생 전체,부스팅
LightGBM,37,0.30140775315042034,0.9166666666666666,0.75,0.75,1.0,0.75,0.75,0.75,0.9750000000000001,E2 불량 시기 안 (샷 0~60),공정 값 23 + 파생 전체,부스팅
LightGBM,38,0.5134540611507323,0.8666666666666667,0.6666666666666666,1.0,1.0,0.5714285714285714,0.6666666666666666,0.5,0.9649122807017544,E2 불량 시기 안 (샷 0~60),공정 값 23 + 파생 전체,부스팅
LightGBM,39,0.8850438976970689,0.5121212121212121,0.3333333333333333,0.6666666666666666,0.6666666666666666,0.0,0.0,0.0,0.6666666666666666,E2 불량 시기 안 (샷 0~60),공정 값 23 + 파생 전체,부스팅
LightGBM,40,0.8334610176569769,0.75,0.5,0.5,1.0,0.6666666666666666,0.5,1.0,0.9125000000000001,E2 불량 시기 안 (샷 0~60),공정 값 23 + 파생 전체,부스팅
LightGBM,41,0.24621042846862726,0.8055555555555556,0.6666666666666666,1.0,1.0,0.5454545454545454,1.0,0.375,0.9649122807017545,E2 불량 시기 안 (샷 0~60),공정 값 23 + 파생 전체,부스팅
LightGBM,42,0.15886804748134076,0.47619047619047616,0.3333333333333333,0.6666666666666666,1.0,0.5714285714285714,0.6666666666666666,0.5,0.8985507246376812,E2 불량 시기 안 (샷 0~60),공정 값 23 + 파생 전체,부스팅
LightGBM,43,0.2159968448637005,0.8875,0.5,1.0,1.0,0.8,1.0,0.6666666666666666,0.975,E2 불량 시기 안 (샷 0~60),공정 값 23 + 파생 전체,부스팅
LightGBM,44,0.4551408105018306,0.5916666666666666,0.3333333333333333,0.6666666666666666,1.0,0.0,0.0,0.0,0.8787878787878788,E2 불량 시기 안 (샷 0~60),공정 값 23 + 파생 전체,부스팅
LightGBM,45,0.43441407906290425,0.95,0.75,1.0,1.0,0.8,1.0,0.6666666666666666,0.9874999999999999,E2 불량 시기 안 (샷 0~60),공정 값 23 + 파생 전체,부스팅
LightGBM,46,0.2712880528979033,0.8095238095238095,0.6666666666666666,0.6666666666666666,1.0,0.8,0.6666666666666666,1.0,0.9298245614035088,E2 불량 시기 안 (샷 0~60),공정 값 23 + 파생 전체,부스팅
LightGBM,47,0.9785349351324307,0.21003898635477583,0.0,0.3333333333333333,0.3333333333333333,0.0,0.0,0.0,0.6231884057971014,E2 불량 시기 안 (샷 0~60),공정 값 23 + 파생 전체,부스팅
LightGBM,48,0.11446810240363084,0.8088235294117647,0.75,0.75,0.75,0.75,0.75,0.75,0.8375,E2 불량 시기 안 (샷 0~60),공정 값 23 + 파생 전체,부스팅
LightGBM,49,0.6285926020946565,0.7222222222222222,0.6666666666666666,0.6666666666666666,1.0,0.0,0.0,0.0,0.9393939393939394,E2 불량 시기 안 (샷 0~60),공정 값 23 + 파생 전체,부스팅
CatBoost,0,0.4867567462766641,0.8541666666666666,0.5,0.75,1.0,0.8,1.0,0.6666666666666666,0.9625,E2 불량 시기 안 (샷 0~60),공정 값 23 + 파생 전체,부스팅
CatBoost,1,0.041255276601890684,0.7142857142857142,0.6666666666666666,0.6666666666666666,0.6666666666666666,0.4444444444444444,0.6666666666666666,0.3333333333333333,0.6842105263157895,E2 불량 시기 안 (샷 0~60),공정 값 23 + 파생 전체,부스팅
CatBoost,2,0.4612573619006889,0.6081871345029239,0.6666666666666666,0.6666666666666666,0.6666666666666666,0.4,0.3333333333333333,0.5,0.7536231884057971,E2 불량 시기 안 (샷 0~60),공정 값 23 + 파생 전체,부스팅
CatBoost,3,0.33320842812541374,0.9166666666666666,0.75,0.75,1.0,0.75,0.75,0.75,0.9750000000000001,E2 불량 시기 안 (샷 0~60),공정 값 23 + 파생 전체,부스팅
CatBoost,4,0.2169668812679243,0.3416666666666667,0.0,0.6666666666666666,1.0,0.0,0.0,0.0,0.8333333333333333,E2 불량 시기 안 (샷 0~60),공정 값 23 + 파생 전체,부스팅
CatBoost,5,0.1853102579000899,0.8541666666666666,0.5,0.75,1.0,0.8,1.0,0.6666666666666666,0.9625,E2 불량 시기 안 (샷 0~60),공정 값 23 + 파생 전체,부스팅
CatBoost,6,0.7526950601294355,0.7222222222222222,0.6666666666666666,1.0,1.0,0.0,0.0,0.0,0.9420289855072463,E2 불량 시기 안 (샷 0~60),공정 값 23 + 파생 전체,부스팅
CatBoost,7,0.12125553104017908,0.7875,0.5,0.75,0.75,0.6,0.75,0.5,0.9125,E2 불량 시기 안 (샷 0~60),공정 값 23 + 파생 전체,부스팅
CatBoost,8,0.12810689974018183,1.0,1.0,1.0,1.0,0.6666666666666666,1.0,0.5,1.0,E2 불량 시기 안 (샷 0~60),공정 값 23 + 파생 전체,부스팅
CatBoost,9,0.23977586028215203,0.48120300751879697,0.3333333333333333,0.3333333333333333,0.6666666666666666,0.4,0.3333333333333333,0.5,0.6818181818181818,E2 불량 시기 안 (샷 0~60),공정 값 23 + 파생 전체,부스팅
CatBoost,10,0.2725494012618326,0.9166666666666666,0.75,0.75,1.0,0.75,0.75,0.75,0.9750000000000001,E2 불량 시기 안 (샷 0~60),공정 값 23 + 파생 전체,부스팅
CatBoost,11,0.21917171050751127,1.0,1.0,1.0,1.0,0.6666666666666666,1.0,0.5,1.0,E2 불량 시기 안 (샷 0~60),공정 값 23 + 파생 전체,부스팅
CatBoost,12,0.7539990814725428,0.54,0.3333333333333333,0.6666666666666666,0.6666666666666666,0.0,0.0,0.0,0.6521739130434783,E2 불량 시기 안 (샷 0~60),공정 값 23 + 파생 전체,부스팅
CatBoost,13,0.12418262998114243,0.5588235294117647,0.3333333333333333,0.6666666666666666,0.6666666666666666,0.5714285714285714,0.6666666666666666,0.5,0.7575757575757576,E2 불량 시기 안 (샷 0~60),공정 값 23 + 파생 전체,부스팅
CatBoost,14,0.1235674983056899,0.8928571428571428,0.75,0.75,1.0,0.6666666666666666,1.0,0.5,0.9624999999999999,E2 불량 시기 안 (샷 0~60),공정 값 23 + 파생 전체,부스팅
CatBoost,15,0.21350284558599808,0.5454545454545454,0.3333333333333333,0.6666666666666666,0.6666666666666666,0.5714285714285714,0.6666666666666666,0.5,0.6956521739130435,E2 불량 시기 안 (샷 0~60),공정 값 23 + 파생 전체,부스팅
CatBoost,16,0.10790971374647979,0.7291666666666666,0.5,0.75,0.75,0.75,0.75,0.75,0.7374999999999999,E2 불량 시기 안 (샷 0~60),공정 값 23 + 파생 전체,부스팅
CatBoost,17,0.15580846535925869,0.8875,0.5,1.0,1.0,0.6666666666666666,1.0,0.5,0.975,E2 불량 시기 안 (샷 0~60),공정 값 23 + 파생 전체,부스팅
CatBoost,18,0.2818848396433278,0.9166666666666665,0.6666666666666666,1.0,1.0,0.8571428571428571,1.0,0.75,0.9824561403508772,E2 불량 시기 안 (샷 0~60),공정 값 23 + 파생 전체,부스팅
CatBoost,19,0.1749169815232003,0.5,0.3333333333333333,0.6666666666666666,1.0,0.46153846153846156,1.0,0.3,0.9090909090909091,E2 불량 시기 안 (샷 0~60),공정 값 23 + 파생 전체,부스팅
CatBoost,20,0.48072479479450153,0.7401315789473684,0.5,0.75,0.75,0.6666666666666666,0.5,1.0,0.7999999999999999,E2 불량 시기 안 (샷 0~60),공정 값 23 + 파생 전체,부스팅
CatBoost,21,0.260670690160924,0.5,0.6666666666666666,0.6666666666666666,0.6666666666666666,0.4444444444444444,0.6666666666666666,0.3333333333333333,0.8840579710144927,E2 불량 시기 안 (샷 0~60),공정 값 23 + 파생 전체,부스팅
CatBoost,22,0.48300415850845574,0.8875,0.5,1.0,1.0,0.6666666666666666,0.5,1.0,0.975,E2 불량 시기 안 (샷 0~60),공정 값 23 + 파생 전체,부스팅
CatBoost,23,0.1027791195135911,0.9166666666666665,0.6666666666666666,1.0,1.0,0.6666666666666666,1.0,0.5,0.9824561403508772,E2 불량 시기 안 (샷 0~60),공정 값 23 + 파생 전체,부스팅
CatBoost,24,0.2667576883125726,0.49707602339181284,0.3333333333333333,0.3333333333333333,0.6666666666666666,0.4444444444444444,0.6666666666666666,0.3333333333333333,0.6969696969696969,E2 불량 시기 안 (샷 0~60),공정 값 23 + 파생 전체,부스팅
CatBoost,25,0.22001101938059514,0.7784090909090909,0.5,0.75,0.75,0.75,0.75,0.75,0.9,E2 불량 시기 안 (샷 0~60),공정 값 23 + 파생 전체,부스팅
CatBoost,26,0.08865670264837512,1.0,1.0,1.0,1.0,0.6666666666666666,1.0,0.5,1.0,E2 불량 시기 안 (샷 0~60),공정 값 23 + 파생 전체,부스팅
CatBoost,27,0.2504729277977567,0.9166666666666666,0.75,0.75,1.0,0.8,1.0,0.6666666666666666,0.9750000000000001,E2 불량 시기 안 (샷 0~60),공정 값 23 + 파생 전체,부스팅
CatBoost,28,0.28310148097131216,0.519298245614035,0.3333333333333333,0.6666666666666666,0.6666666666666666,0.2857142857142857,0.3333333333333333,0.25,0.7246376811594203,E2 불량 시기 안 (샷 0~60),공정 값 23 + 파생 전체,부스팅
CatBoost,29,0.5655280803928004,0.7555555555555555,0.6666666666666666,1.0,1.0,0.0,0.0,0.0,0.9545454545454545,E2 불량 시기 안 (샷 0~60),공정 값 23 + 파생 전체,부스팅
CatBoost,30,0.2223145195577803,0.75,0.5,0.75,0.75,0.75,0.75,0.75,0.8375,E2 불량 시기 안 (샷 0~60),공정 값 23 + 파생 전체,부스팅
CatBoost,31,0.4089335147402322,0.9166666666666665,0.6666666666666666,1.0,1.0,0.8,0.6666666666666666,1.0,0.9824561403508772,E2 불량 시기 안 (샷 0~60),공정 값 23 + 파생 전체,부스팅
CatBoost,32,0.4959272405881748,0.36944444444444446,0.3333333333333333,0.6666666666666666,1.0,0.0,0.0,0.0,0.855072463768116,E2 불량 시기 안 (샷 0~60),공정 값 23 + 파생 전체,부스팅
CatBoost,33,0.5674476773502769,0.8611111111111112,0.75,0.75,0.75,0.6666666666666666,0.5,1.0,0.9375,E2 불량 시기 안 (샷 0~60),공정 값 23 + 파생 전체,부스팅
CatBoost,34,0.21045221442842982,0.3232323232323232,0.3333333333333333,0.3333333333333333,0.6666666666666666,0.4444444444444444,0.6666666666666666,0.3333333333333333,0.6363636363636364,E2 불량 시기 안 (샷 0~60),공정 값 23 + 파생 전체,부스팅
CatBoost,35,0.1656970852820021,0.8409090909090909,0.75,0.75,0.75,0.75,0.75,0.75,0.9125,E2 불량 시기 안 (샷 0~60),공정 값 23 + 파생 전체,부스팅
CatBoost,36,0.13231262948659042,0.37777777777777777,0.3333333333333333,0.6666666666666666,0.6666666666666666,0.46153846153846156,1.0,0.3,0.8260869565217391,E2 불량 시기 안 (샷 0~60),공정 값 23 + 파생 전체,부스팅
CatBoost,37,0.1441003138882485,0.9166666666666666,0.75,0.75,1.0,0.8,1.0,0.6666666666666666,0.9750000000000001,E2 불량 시기 안 (샷 0~60),공정 값 23 + 파생 전체,부스팅
CatBoost,38,0.21726736654216872,0.7777777777777777,0.6666666666666666,0.6666666666666666,0.6666666666666666,0.4444444444444444,0.6666666666666666,0.3333333333333333,0.8947368421052632,E2 불량 시기 안 (샷 0~60),공정 값 23 + 파생 전체,부스팅
CatBoost,39,0.32664451497861385,0.29444444444444445,0.3333333333333333,0.6666666666666666,0.6666666666666666,0.4444444444444444,0.6666666666666666,0.3333333333333333,0.6666666666666666,E2 불량 시기 안 (샷 0~60),공정 값 23 + 파생 전체,부스팅
CatBoost,40,0.4449756085601376,0.75,0.5,0.5,1.0,0.5,0.5,0.5,0.9125000000000001,E2 불량 시기 안 (샷 0~60),공정 값 23 + 파생 전체,부스팅
CatBoost,41,0.09835168145498396,1.0,1.0,1.0,1.0,0.5454545454545454,1.0,0.375,1.0,E2 불량 시기 안 (샷 0~60),공정 값 23 + 파생 전체,부스팅
CatBoost,42,0.2663312074786277,0.3733333333333333,0.3333333333333333,0.6666666666666666,0.6666666666666666,0.4,0.3333333333333333,0.5,0.6376811594202898,E2 불량 시기 안 (샷 0~60),공정 값 23 + 파생 전체,부스팅
CatBoost,43,0.08515740829667907,0.8875,0.5,1.0,1.0,0.8,1.0,0.6666666666666666,0.975,E2 불량 시기 안 (샷 0~60),공정 값 23 + 파생 전체,부스팅
CatBoost,44,0.43191976725295417,0.5769230769230769,0.3333333333333333,0.6666666666666666,0.6666666666666666,0.0,0.0,0.0,0.8181818181818181,E2 불량 시기 안 (샷 0~60),공정 값 23 + 파생 전체,부스팅
CatBoost,45,0.24433618044747812,0.7928571428571428,0.5,0.75,1.0,0.6666666666666666,0.5,1.0,0.9375,E2 불량 시기 안 (샷 0~60),공정 값 23 + 파생 전체,부스팅
CatBoost,46,0.19812795337435654,0.7333333333333334,0.6666666666666666,0.6666666666666666,0.6666666666666666,0.5714285714285714,0.6666666666666666,0.5,0.7894736842105263,E2 불량 시기 안 (샷 0~60),공정 값 23 + 파생 전체,부스팅
CatBoost,47,0.6616203796082765,0.36944444444444446,0.3333333333333333,0.6666666666666666,1.0,0.0,0.0,0.0,0.855072463768116,E2 불량 시기 안 (샷 0~60),공정 값 23 + 파생 전체,부스팅
CatBoost,48,0.22794609729808174,0.7934782608695652,0.75,0.75,0.75,0.6,0.75,0.5,0.7625,E2 불량 시기 안 (샷 0~60),공정 값 23 + 파생 전체,부스팅
CatBoost,49,0.09186236156245618,0.7222222222222222,0.6666666666666666,0.6666666666666666,1.0,0.5714285714285714,0.6666666666666666,0.5,0.9393939393939394,E2 불량 시기 안 (샷 0~60),공정 값 23 + 파생 전체,부스팅
로지스틱 L2,0,0.8573079931072899,0.8409090909090909,0.75,0.75,0.75,0.6666666666666666,0.5,1.0,0.9125,E2 불량 시기 안 (샷 0~60),공정 값 23 + pair_pos,선형
로지스틱 L2,1,0.5175939366934493,0.9166666666666665,0.6666666666666666,1.0,1.0,0.6,1.0,0.42857142857142855,0.9824561403508772,E2 불량 시기 안 (샷 0~60),공정 값 23 + pair_pos,선형
로지스틱 L2,2,0.949349182807155,0.4242424242424242,0.3333333333333333,0.6666666666666666,0.6666666666666666,0.0,0.0,0.0,0.8405797101449275,E2 불량 시기 안 (샷 0~60),공정 값 23 + pair_pos,선형
로지스틱 L2,3,0.24886306871596037,0.6651785714285714,0.5,0.5,0.75,0.5,0.75,0.375,0.8125,E2 불량 시기 안 (샷 0~60),공정 값 23 + pair_pos,선형
로지스틱 L2,4,0.6768054146147368,0.36507936507936506,0.3333333333333333,0.3333333333333333,1.0,0.0,0.0,0.0,0.8484848484848484,E2 불량 시기 안 (샷 0~60),공정 값 23 + pair_pos,선형
로지스틱 L2,5,0.7689311111940103,0.7611111111111112,0.5,0.75,0.75,0.6666666666666666,0.5,1.0,0.9125,E2 불량 시기 안 (샷 0~60),공정 값 23 + pair_pos,선형
로지스틱 L2,6,0.8165759832772311,0.4777777777777778,0.3333333333333333,1.0,1.0,0.0,0.0,0.0,0.9130434782608696,E2 불량 시기 안 (샷 0~60),공정 값 23 + pair_pos,선형
로지스틱 L2,7,0.6745096550206381,0.7159090909090909,0.5,0.5,0.75,0.4444444444444444,0.5,0.4,0.875,E2 불량 시기 안 (샷 0~60),공정 값 23 + pair_pos,선형
로지스틱 L2,8,0.4044748142262416,1.0,1.0,1.0,1.0,0.6666666666666666,1.0,0.5,1.0,E2 불량 시기 안 (샷 0~60),공정 값 23 + pair_pos,선형
로지스틱 L2,9,0.7381290272367385,0.45138888888888884,0.6666666666666666,0.6666666666666666,0.6666666666666666,0.5714285714285714,0.6666666666666666,0.5,0.7727272727272727,E2 불량 시기 안 (샷 0~60),공정 값 23 + pair_pos,선형
로지스틱 L2,10,0.443943591964001,0.7048611111111112,0.5,0.5,0.75,0.5,0.75,0.375,0.875,E2 불량 시기 안 (샷 0~60),공정 값 23 + pair_pos,선형
로지스틱 L2,11,0.6840778935375493,0.7666666666666666,0.6666666666666666,0.6666666666666666,0.6666666666666666,0.5714285714285714,0.6666666666666666,0.5,0.8771929824561403,E2 불량 시기 안 (샷 0~60),공정 값 23 + pair_pos,선형
로지스틱 L2,12,0.8793380606989359,0.3528138528138528,0.3333333333333333,0.3333333333333333,0.6666666666666666,0.0,0.0,0.0,0.7971014492753623,E2 불량 시기 안 (샷 0~60),공정 값 23 + pair_pos,선형
로지스틱 L2,13,0.4361704254650884,0.33164983164983164,0.3333333333333333,0.3333333333333333,0.3333333333333333,0.3333333333333333,0.3333333333333333,0.3333333333333333,0.7575757575757576,E2 불량 시기 안 (샷 0~60),공정 값 23 + pair_pos,선형
로지스틱 L2,14,0.5880037415871866,0.6785714285714286,0.5,0.5,0.75,0.4444444444444444,0.5,0.4,0.825,E2 불량 시기 안 (샷 0~60),공정 값 23 + pair_pos,선형
로지스틱 L2,15,0.6608642673625352,0.23333333333333334,0.0,0.3333333333333333,0.6666666666666666,0.0,0.0,0.0,0.7101449275362318,E2 불량 시기 안 (샷 0~60),공정 값 23 + pair_pos,선형
로지스틱 L2,16,0.968678910930045,0.8928571428571428,0.75,0.75,1.0,0.4,0.25,1.0,0.9624999999999999,E2 불량 시기 안 (샷 0~60),공정 값 23 + pair_pos,선형
로지스틱 L2,17,0.33773039295082247,0.7708333333333333,0.5,0.75,0.75,0.5,1.0,0.3333333333333333,0.8875,E2 불량 시기 안 (샷 0~60),공정 값 23 + pair_pos,선형
로지스틱 L2,18,0.4356831349291597,0.8666666666666667,0.6666666666666666,1.0,1.0,0.6666666666666666,1.0,0.5,0.9649122807017544,E2 불량 시기 안 (샷 0~60),공정 값 23 + pair_pos,선형
로지스틱 L2,19,0.6102680782210897,0.48739495798319327,0.3333333333333333,0.3333333333333333,0.6666666666666666,0.25,0.3333333333333333,0.2,0.7121212121212122,E2 불량 시기 안 (샷 0~60),공정 값 23 + pair_pos,선형
로지스틱 L2,20,0.9202437223176503,0.6696428571428572,0.5,0.5,0.75,0.5714285714285714,0.5,0.6666666666666666,0.8,E2 불량 시기 안 (샷 0~60),공정 값 23 + pair_pos,선형
로지스틱 L2,21,0.2849063164080642,0.4444444444444444,0.3333333333333333,0.6666666666666666,0.6666666666666666,0.4,0.6666666666666666,0.2857142857142857,0.8695652173913043,E2 불량 시기 안 (샷 0~60),공정 값 23 + pair_pos,선형
로지스틱 L2,22,0.4493159833628272,0.5714285714285714,0.25,0.5,0.75,0.6,0.75,0.5,0.8125,E2 불량 시기 안 (샷 0~60),공정 값 23 + pair_pos,선형
로지스틱 L2,23,0.49390136375543575,0.7916666666666666,0.6666666666666666,0.6666666666666666,0.6666666666666666,0.5,0.6666666666666666,0.4,0.912280701754386,E2 불량 시기 안 (샷 0~60),공정 값 23 + pair_pos,선형
로지스틱 L2,24,0.8828778553785642,0.5396825396825397,0.3333333333333333,0.3333333333333333,0.6666666666666666,0.4,0.3333333333333333,0.5,0.8333333333333334,E2 불량 시기 안 (샷 0~60),공정 값 23 + pair_pos,선형
로지스틱 L2,25,0.2846293761759467,0.8166666666666667,0.75,0.75,0.75,0.46153846153846156,0.75,0.3333333333333333,0.8625,E2 불량 시기 안 (샷 0~60),공정 값 23 + pair_pos,선형
로지스틱 L2,26,0.28331827361797557,0.9166666666666665,0.6666666666666666,1.0,1.0,0.5454545454545454,1.0,0.375,0.9824561403508772,E2 불량 시기 안 (샷 0~60),공정 값 23 + pair_pos,선형
로지스틱 L2,27,0.8926063085369387,0.75,0.5,0.75,0.75,0.6666666666666666,0.5,1.0,0.8999999999999999,E2 불량 시기 안 (샷 0~60),공정 값 23 + pair_pos,선형
로지스틱 L2,28,0.8298112260537703,0.5166666666666666,0.3333333333333333,0.3333333333333333,0.6666666666666666,0.4,0.3333333333333333,0.5,0.8115942028985508,E2 불량 시기 안 (샷 0~60),공정 값 23 + pair_pos,선형
로지스틱 L2,29,0.8081066004183928,0.3194444444444444,0.0,0.3333333333333333,1.0,0.0,0.0,0.0,0.8181818181818181,E2 불량 시기 안 (샷 0~60),공정 값 23 + pair_pos,선형
로지스틱 L2,30,0.87014599607791,0.5562770562770563,0.5,0.5,0.5,0.3333333333333333,0.25,0.5,0.7625,E2 불량 시기 안 (샷 0~60),공정 값 23 + pair_pos,선형
로지스틱 L2,31,0.1487015433233352,1.0,1.0,1.0,1.0,0.6,1.0,0.42857142857142855,1.0,E2 불량 시기 안 (샷 0~60),공정 값 23 + pair_pos,선형
로지스틱 L2,32,0.9848169847189071,0.21666666666666667,0.0,0.3333333333333333,0.3333333333333333,0.0,0.0,0.0,0.6956521739130436,E2 불량 시기 안 (샷 0~60),공정 값 23 + pair_pos,선형
로지스틱 L2,33,0.7946829896651699,0.7875,0.5,0.75,0.75,0.75,0.75,0.75,0.9125,E2 불량 시기 안 (샷 0~60),공정 값 23 + pair_pos,선형
로지스틱 L2,34,0.8868253001860231,0.5777777777777777,0.3333333333333333,0.6666666666666666,0.6666666666666666,0.5,0.3333333333333333,1.0,0.8636363636363636,E2 불량 시기 안 (샷 0~60),공정 값 23 + pair_pos,선형
로지스틱 L2,35,0.12233112280694425,0.7463235294117647,0.5,0.75,0.75,0.375,0.75,0.25,0.825,E2 불량 시기 안 (샷 0~60),공정 값 23 + pair_pos,선형
로지스틱 L2,36,0.8885761938597536,0.3833333333333333,0.3333333333333333,0.6666666666666666,0.6666666666666666,0.0,0.0,0.0,0.8115942028985508,E2 불량 시기 안 (샷 0~60),공정 값 23 + pair_pos,선형
로지스틱 L2,37,0.7208763564082099,0.5583333333333333,0.25,0.5,0.5,0.5,0.5,0.5,0.825,E2 불량 시기 안 (샷 0~60),공정 값 23 + pair_pos,선형
로지스틱 L2,38,0.8187854839814065,0.8666666666666667,0.6666666666666666,1.0,1.0,0.6666666666666666,0.6666666666666666,0.6666666666666666,0.9649122807017544,E2 불량 시기 안 (샷 0~60),공정 값 23 + pair_pos,선형
로지스틱 L2,39,0.89702413254622,0.31666666666666665,0.3333333333333333,0.3333333333333333,0.6666666666666666,0.0,0.0,0.0,0.7121212121212122,E2 불량 시기 안 (샷 0~60),공정 값 23 + pair_pos,선형
로지스틱 L2,40,0.7238174061002177,0.7159090909090909,0.5,0.5,0.75,0.5,0.5,0.5,0.875,E2 불량 시기 안 (샷 0~60),공정 값 23 + pair_pos,선형
로지스틱 L2,41,0.3259669291696125,0.7916666666666666,0.6666666666666666,0.6666666666666666,0.6666666666666666,0.5,1.0,0.3333333333333333,0.912280701754386,E2 불량 시기 안 (샷 0~60),공정 값 23 + pair_pos,선형
로지스틱 L2,42,0.9410337153019066,0.9166666666666665,0.6666666666666666,1.0,1.0,0.0,0.0,0.0,0.9855072463768116,E2 불량 시기 안 (샷 0~60),공정 값 23 + pair_pos,선형
로지스틱 L2,43,0.3776676707274373,0.6013257575757576,0.5,0.5,0.75,0.5,0.5,0.5,0.8375,E2 불량 시기 안 (샷 0~60),공정 값 23 + pair_pos,선형
로지스틱 L2,44,0.922933506173073,0.17678571428571427,0.0,0.0,0.3333333333333333,0.0,0.0,0.0,0.5909090909090908,E2 불량 시기 안 (샷 0~60),공정 값 23 + pair_pos,선형
로지스틱 L2,45,0.9559115281640844,0.95,0.75,1.0,1.0,0.6666666666666666,0.5,1.0,0.9874999999999999,E2 불량 시기 안 (샷 0~60),공정 값 23 + pair_pos,선형
로지스틱 L2,46,0.37291432672309516,0.7333333333333334,0.6666666666666666,0.6666666666666666,0.6666666666666666,0.4,0.6666666666666666,0.2857142857142857,0.7894736842105263,E2 불량 시기 안 (샷 0~60),공정 값 23 + pair_pos,선형
로지스틱 L2,47,0.8054376440527247,0.5111111111111111,0.3333333333333333,0.6666666666666666,0.6666666666666666,0.2857142857142857,0.3333333333333333,0.25,0.7681159420289855,E2 불량 시기 안 (샷 0~60),공정 값 23 + pair_pos,선형
로지스틱 L2,48,0.8941318790247748,0.8303571428571428,0.5,0.75,1.0,0.4,0.25,1.0,0.95,E2 불량 시기 안 (샷 0~60),공정 값 23 + pair_pos,선형
로지스틱 L2,49,0.8631328025555223,0.8055555555555556,0.6666666666666666,1.0,1.0,0.0,0.0,0.0,0.9696969696969697,E2 불량 시기 안 (샷 0~60),공정 값 23 + pair_pos,선형
랜덤포레스트,0,0.34272976862605337,0.95,0.75,1.0,1.0,0.5,1.0,0.3333333333333333,0.9874999999999999,E2 불량 시기 안 (샷 0~60),공정 값 23 + pair_pos,트리
랜덤포레스트,1,0.5407768179439499,0.7666666666666666,0.6666666666666666,0.6666666666666666,0.6666666666666666,0.8,0.6666666666666666,1.0,0.8771929824561403,E2 불량 시기 안 (샷 0~60),공정 값 23 + pair_pos,트리
랜덤포레스트,2,0.44282949339579875,0.4,0.3333333333333333,0.6666666666666666,0.6666666666666666,0.4,0.3333333333333333,0.5,0.7826086956521738,E2 불량 시기 안 (샷 0~60),공정 값 23 + pair_pos,트리
랜덤포레스트,3,0.45228006274484595,0.8928571428571428,0.75,0.75,1.0,0.6666666666666666,0.5,1.0,0.9624999999999999,E2 불량 시기 안 (샷 0~60),공정 값 23 + pair_pos,트리
랜덤포레스트,4,0.43460672116554444,0.4111111111111111,0.3333333333333333,0.6666666666666666,1.0,0.0,0.0,0.0,0.8787878787878788,E2 불량 시기 안 (샷 0~60),공정 값 23 + pair_pos,트리
랜덤포레스트,5,0.3648825349057546,0.7361111111111112,0.5,0.5,0.75,0.6153846153846154,1.0,0.4444444444444444,0.9,E2 불량 시기 안 (샷 0~60),공정 값 23 + pair_pos,트리
랜덤포레스트,6,0.5293297478665124,0.8666666666666667,0.6666666666666666,1.0,1.0,0.0,0.0,0.0,0.9710144927536233,E2 불량 시기 안 (샷 0~60),공정 값 23 + pair_pos,트리
랜덤포레스트,7,0.34441331513343887,0.8409090909090909,0.75,0.75,0.75,0.5454545454545454,0.75,0.42857142857142855,0.9125,E2 불량 시기 안 (샷 0~60),공정 값 23 + pair_pos,트리
랜덤포레스트,8,0.3785345272445656,1.0,1.0,1.0,1.0,0.6666666666666666,1.0,0.5,1.0,E2 불량 시기 안 (샷 0~60),공정 값 23 + pair_pos,트리
랜덤포레스트,9,0.4692020334183642,0.5555555555555556,0.3333333333333333,0.6666666666666666,0.6666666666666666,0.0,0.0,0.0,0.7424242424242424,E2 불량 시기 안 (샷 0~60),공정 값 23 + pair_pos,트리
랜덤포레스트,10,0.31552676667730833,0.8541666666666666,0.5,0.75,1.0,0.5333333333333333,1.0,0.36363636363636365,0.9625,E2 불량 시기 안 (샷 0~60),공정 값 23 + pair_pos,트리
랜덤포레스트,11,0.36989944215687365,0.7916666666666666,0.6666666666666666,0.6666666666666666,0.6666666666666666,0.4444444444444444,0.6666666666666666,0.3333333333333333,0.912280701754386,E2 불량 시기 안 (샷 0~60),공정 값 23 + pair_pos,트리
랜덤포레스트,12,0.577771728815846,0.4564393939393939,0.3333333333333333,0.3333333333333333,0.3333333333333333,0.0,0.0,0.0,0.6811594202898551,E2 불량 시기 안 (샷 0~60),공정 값 23 + pair_pos,트리
랜덤포레스트,13,0.4387352883614492,0.4662309368191721,0.3333333333333333,0.3333333333333333,0.3333333333333333,0.3333333333333333,0.3333333333333333,0.3333333333333333,0.6818181818181818,E2 불량 시기 안 (샷 0~60),공정 값 23 + pair_pos,트리
랜덤포레스트,14,0.5135216845804069,0.7019230769230769,0.5,0.5,0.75,0.6666666666666666,0.5,1.0,0.8500000000000001,E2 불량 시기 안 (샷 0~60),공정 값 23 + pair_pos,트리
랜덤포레스트,15,0.36403525131335057,0.3402777777777778,0.3333333333333333,0.6666666666666666,0.6666666666666666,0.0,0.0,0.0,0.7536231884057971,E2 불량 시기 안 (샷 0~60),공정 값 23 + pair_pos,트리
랜덤포레스트,16,0.4135982214901753,0.7361111111111112,0.5,0.5,0.75,0.5714285714285714,0.5,0.6666666666666666,0.9,E2 불량 시기 안 (샷 0~60),공정 값 23 + pair_pos,트리
랜덤포레스트,17,0.4497694253058028,0.8269230769230769,0.75,0.75,0.75,0.6666666666666666,0.5,1.0,0.8875000000000001,E2 불량 시기 안 (샷 0~60),공정 값 23 + pair_pos,트리
랜덤포레스트,18,0.4395139435870859,0.8095238095238095,0.6666666666666666,0.6666666666666666,1.0,0.5714285714285714,0.6666666666666666,0.5,0.9298245614035088,E2 불량 시기 안 (샷 0~60),공정 값 23 + pair_pos,트리
랜덤포레스트,19,0.38476643291349155,0.5074074074074074,0.3333333333333333,0.3333333333333333,0.3333333333333333,0.2857142857142857,0.3333333333333333,0.25,0.787878787878788,E2 불량 시기 안 (샷 0~60),공정 값 23 + pair_pos,트리
랜덤포레스트,20,0.3733078397923599,0.6776315789473684,0.5,0.5,0.75,0.6,0.75,0.5,0.7749999999999999,E2 불량 시기 안 (샷 0~60),공정 값 23 + pair_pos,트리
랜덤포레스트,21,0.34094410790734303,0.3402777777777778,0.3333333333333333,0.6666666666666666,0.6666666666666666,0.25,0.6666666666666666,0.15384615384615385,0.7391304347826086,E2 불량 시기 안 (샷 0~60),공정 값 23 + pair_pos,트리
랜덤포레스트,22,0.4487109589046928,0.6833333333333333,0.5,0.5,0.5,0.6666666666666666,0.5,1.0,0.85,E2 불량 시기 안 (샷 0~60),공정 값 23 + pair_pos,트리
랜덤포레스트,23,0.35827973619947306,0.8095238095238095,0.6666666666666666,0.6666666666666666,1.0,0.4444444444444444,0.6666666666666666,0.3333333333333333,0.9298245614035088,E2 불량 시기 안 (샷 0~60),공정 값 23 + pair_pos,트리
랜덤포레스트,24,0.5487550351781,0.6095238095238096,0.3333333333333333,0.6666666666666666,1.0,0.0,0.0,0.0,0.8939393939393939,E2 불량 시기 안 (샷 0~60),공정 값 23 + pair_pos,트리
랜덤포레스트,25,0.403714610663039,0.8166666666666667,0.75,0.75,0.75,0.6,0.75,0.5,0.8625,E2 불량 시기 안 (샷 0~60),공정 값 23 + pair_pos,트리
랜덤포레스트,26,0.4492763227627776,0.8333333333333333,0.6666666666666666,0.6666666666666666,1.0,0.5,0.6666666666666666,0.4,0.9473684210526315,E2 불량 시기 안 (샷 0~60),공정 값 23 + pair_pos,트리
랜덤포레스트,27,0.38756911606911587,1.0,0.75,1.0,1.0,0.6666666666666666,0.5,1.0,1.0,E2 불량 시기 안 (샷 0~60),공정 값 23 + pair_pos,트리
랜덤포레스트,28,0.36207829726235646,0.625,0.3333333333333333,0.6666666666666666,1.0,0.5,0.6666666666666666,0.4,0.8985507246376812,E2 불량 시기 안 (샷 0~60),공정 값 23 + pair_pos,트리
랜덤포레스트,29,0.5846502271979824,0.9166666666666665,0.6666666666666666,1.0,1.0,0.0,0.0,0.0,0.9848484848484849,E2 불량 시기 안 (샷 0~60),공정 값 23 + pair_pos,트리
랜덤포레스트,30,0.4118465407009064,0.6416666666666666,0.5,0.5,0.5,0.5714285714285714,0.5,0.6666666666666666,0.775,E2 불량 시기 안 (샷 0~60),공정 값 23 + pair_pos,트리
랜덤포레스트,31,0.40866602257391715,1.0,1.0,1.0,1.0,1.0,1.0,1.0,1.0,E2 불량 시기 안 (샷 0~60),공정 값 23 + pair_pos,트리
랜덤포레스트,32,0.4380345830639948,0.17677224736048266,0.0,0.3333333333333333,0.3333333333333333,0.0,0.0,0.0,0.5797101449275361,E2 불량 시기 안 (샷 0~60),공정 값 23 + pair_pos,트리
랜덤포레스트,33,0.5056338783998479,0.875,0.75,0.75,1.0,0.6666666666666666,0.5,1.0,0.9500000000000001,E2 불량 시기 안 (샷 0~60),공정 값 23 + pair_pos,트리
랜덤포레스트,34,0.4394732222541818,0.2253968253968254,0.3333333333333333,0.3333333333333333,0.3333333333333333,0.2857142857142857,0.3333333333333333,0.25,0.6060606060606061,E2 불량 시기 안 (샷 0~60),공정 값 23 + pair_pos,트리
랜덤포레스트,35,0.38573007083141325,0.8214285714285714,0.75,0.75,0.75,0.6666666666666666,0.75,0.6,0.875,E2 불량 시기 안 (샷 0~60),공정 값 23 + pair_pos,트리
랜덤포레스트,36,0.5558018858506474,0.2103174603174603,0.0,0.3333333333333333,0.6666666666666666,0.0,0.0,0.0,0.681159420289855,E2 불량 시기 안 (샷 0~60),공정 값 23 + pair_pos,트리
랜덤포레스트,37,0.426594787846026,0.7708333333333333,0.5,0.75,0.75,0.5714285714285714,0.5,0.6666666666666666,0.8875,E2 불량 시기 안 (샷 0~60),공정 값 23 + pair_pos,트리
랜덤포레스트,38,0.4113259854324094,0.9166666666666665,0.6666666666666666,1.0,1.0,0.75,1.0,0.6,0.9824561403508772,E2 불량 시기 안 (샷 0~60),공정 값 23 + pair_pos,트리
랜덤포레스트,39,0.46969169110616493,0.2736111111111111,0.3333333333333333,0.3333333333333333,0.3333333333333333,0.0,0.0,0.0,0.5909090909090908,E2 불량 시기 안 (샷 0~60),공정 값 23 + pair_pos,트리
랜덤포레스트,40,0.45292137232392643,0.8214285714285714,0.75,0.75,0.75,0.5454545454545454,0.75,0.42857142857142855,0.875,E2 불량 시기 안 (샷 0~60),공정 값 23 + pair_pos,트리
랜덤포레스트,41,0.4867523319526876,0.8333333333333333,0.6666666666666666,0.6666666666666666,1.0,0.8,0.6666666666666666,1.0,0.9473684210526315,E2 불량 시기 안 (샷 0~60),공정 값 23 + pair_pos,트리
랜덤포레스트,42,0.4640000278015756,0.6666666666666667,0.3333333333333333,1.0,1.0,0.5,0.3333333333333333,1.0,0.927536231884058,E2 불량 시기 안 (샷 0~60),공정 값 23 + pair_pos,트리
랜덤포레스트,43,0.3657452903949142,0.7678571428571428,0.5,0.5,1.0,0.4444444444444444,0.5,0.4,0.9249999999999999,E2 불량 시기 안 (샷 0~60),공정 값 23 + pair_pos,트리
랜덤포레스트,44,0.5282691029536262,0.2777777777777778,0.3333333333333333,0.3333333333333333,0.6666666666666666,0.0,0.0,0.0,0.7272727272727272,E2 불량 시기 안 (샷 0~60),공정 값 23 + pair_pos,트리
랜덤포레스트,45,0.28370677764214913,0.775,0.5,0.75,1.0,0.5714285714285714,1.0,0.4,0.925,E2 불량 시기 안 (샷 0~60),공정 값 23 + pair_pos,트리
랜덤포레스트,46,0.3928814129941839,0.7192982456140351,0.6666666666666666,0.6666666666666666,0.6666666666666666,0.5,0.6666666666666666,0.4,0.7192982456140351,E2 불량 시기 안 (샷 0~60),공정 값 23 + pair_pos,트리
랜덤포레스트,47,0.6047456297858773,0.47883597883597884,0.3333333333333333,0.3333333333333333,0.3333333333333333,0.0,0.0,0.0,0.7391304347826086,E2 불량 시기 안 (샷 0~60),공정 값 23 + pair_pos,트리
랜덤포레스트,48,0.40058613044448943,0.4367715617715618,0.5,0.5,0.5,0.4,0.5,0.3333333333333333,0.7625000000000001,E2 불량 시기 안 (샷 0~60),공정 값 23 + pair_pos,트리
랜덤포레스트,49,0.5873831547371826,0.5396825396825397,0.3333333333333333,0.3333333333333333,0.6666666666666666,0.0,0.0,0.0,0.8333333333333334,E2 불량 시기 안 (샷 0~60),공정 값 23 + pair_pos,트리
엑스트라트리,0,0.37723941795013166,0.9166666666666666,0.75,0.75,1.0,0.7272727272727273,1.0,0.5714285714285714,0.9750000000000001,E2 불량 시기 안 (샷 0~60),공정 값 23 + pair_pos,트리
엑스트라트리,1,0.30363649022619177,0.8095238095238095,0.6666666666666666,0.6666666666666666,1.0,0.6,1.0,0.42857142857142855,0.9298245614035088,E2 불량 시기 안 (샷 0~60),공정 값 23 + pair_pos,트리
엑스트라트리,2,0.6989161375083077,0.43434343434343436,0.6666666666666666,0.6666666666666666,0.6666666666666666,0.0,0.0,0.0,0.6956521739130435,E2 불량 시기 안 (샷 0~60),공정 값 23 + pair_pos,트리
엑스트라트리,3,0.5198039067778302,0.7159090909090909,0.5,0.5,0.75,0.6666666666666666,0.5,1.0,0.875,E2 불량 시기 안 (샷 0~60),공정 값 23 + pair_pos,트리
엑스트라트리,4,0.7505899154888808,0.22222222222222224,0.0,0.0,0.6666666666666666,0.0,0.0,0.0,0.6969696969696969,E2 불량 시기 안 (샷 0~60),공정 값 23 + pair_pos,트리
엑스트라트리,5,0.3608222928552502,0.7678571428571428,0.5,0.5,1.0,0.6666666666666666,1.0,0.5,0.9249999999999999,E2 불량 시기 안 (샷 0~60),공정 값 23 + pair_pos,트리
엑스트라트리,6,0.5322789581727564,0.625,0.3333333333333333,0.6666666666666666,1.0,0.0,0.0,0.0,0.8985507246376812,E2 불량 시기 안 (샷 0~60),공정 값 23 + pair_pos,트리
엑스트라트리,7,0.2864130887741555,0.85,0.75,0.75,0.75,0.5,0.75,0.375,0.9249999999999999,E2 불량 시기 안 (샷 0~60),공정 값 23 + pair_pos,트리
엑스트라트리,8,0.33970651061886675,1.0,1.0,1.0,1.0,0.6666666666666666,1.0,0.5,1.0,E2 불량 시기 안 (샷 0~60),공정 값 23 + pair_pos,트리
엑스트라트리,9,0.41611247434713927,0.25326797385620914,0.0,0.3333333333333333,0.6666666666666666,0.0,0.0,0.0,0.6818181818181818,E2 불량 시기 안 (샷 0~60),공정 값 23 + pair_pos,트리
엑스트라트리,10,0.35821718980048683,0.8166666666666667,0.5,0.75,1.0,0.6666666666666666,1.0,0.5,0.9500000000000001,E2 불량 시기 안 (샷 0~60),공정 값 23 + pair_pos,트리
엑스트라트리,11,0.28463528257240595,0.7575757575757576,0.6666666666666666,0.6666666666666666,0.6666666666666666,0.4,0.6666666666666666,0.2857142857142857,0.8596491228070176,E2 불량 시기 안 (샷 0~60),공정 값 23 + pair_pos,트리
엑스트라트리,12,0.49151188345736824,0.3611111111111111,0.3333333333333333,0.3333333333333333,0.6666666666666666,0.0,0.0,0.0,0.8115942028985507,E2 불량 시기 안 (샷 0~60),공정 값 23 + pair_pos,트리
엑스트라트리,13,0.3742469983349519,0.5254901960784314,0.3333333333333333,0.6666666666666666,0.6666666666666666,0.4,0.3333333333333333,0.5,0.7424242424242424,E2 불량 시기 안 (샷 0~60),공정 값 23 + pair_pos,트리
엑스트라트리,14,0.44956676255494915,0.645104895104895,0.5,0.5,0.5,0.4444444444444444,0.5,0.4,0.7875000000000001,E2 불량 시기 안 (샷 0~60),공정 값 23 + pair_pos,트리
엑스트라트리,15,0.4517061941392771,0.30419580419580416,0.3333333333333333,0.3333333333333333,0.3333333333333333,0.0,0.0,0.0,0.7101449275362319,E2 불량 시기 안 (샷 0~60),공정 값 23 + pair_pos,트리
엑스트라트리,16,0.273483593386391,0.7071428571428571,0.5,0.5,0.75,0.5454545454545454,0.75,0.42857142857142855,0.875,E2 불량 시기 안 (샷 0~60),공정 값 23 + pair_pos,트리
엑스트라트리,17,0.3306679870008743,0.6463815789473684,0.5,0.5,0.75,0.42857142857142855,0.75,0.3,0.75,E2 불량 시기 안 (샷 0~60),공정 값 23 + pair_pos,트리
엑스트라트리,18,0.42288831115414927,0.8333333333333333,0.6666666666666666,0.6666666666666666,1.0,0.5714285714285714,0.6666666666666666,0.5,0.9473684210526315,E2 불량 시기 안 (샷 0~60),공정 값 23 + pair_pos,트리
엑스트라트리,19,0.4129046561342612,0.5277777777777778,0.3333333333333333,0.3333333333333333,0.6666666666666666,0.2857142857142857,0.3333333333333333,0.25,0.8181818181818182,E2 불량 시기 안 (샷 0~60),공정 값 23 + pair_pos,트리
엑스트라트리,20,0.4018916960373996,0.6458333333333333,0.5,0.5,0.5,0.4444444444444444,0.5,0.4,0.775,E2 불량 시기 안 (샷 0~60),공정 값 23 + pair_pos,트리
엑스트라트리,21,0.3303407500379651,0.2754901960784314,0.0,0.6666666666666666,0.6666666666666666,0.4,0.6666666666666666,0.2857142857142857,0.7101449275362318,E2 불량 시기 안 (샷 0~60),공정 값 23 + pair_pos,트리
엑스트라트리,22,0.41902824305410474,0.75,0.5,0.75,0.75,0.5714285714285714,0.5,0.6666666666666666,0.8999999999999999,E2 불량 시기 안 (샷 0~60),공정 값 23 + pair_pos,트리
엑스트라트리,23,0.37780635722323885,0.75,0.6666666666666666,0.6666666666666666,0.6666666666666666,0.4444444444444444,0.6666666666666666,0.3333333333333333,0.8421052631578948,E2 불량 시기 안 (샷 0~60),공정 값 23 + pair_pos,트리
엑스트라트리,24,0.7476533570779061,0.425,0.3333333333333333,0.6666666666666666,1.0,0.0,0.0,0.0,0.8636363636363636,E2 불량 시기 안 (샷 0~60),공정 값 23 + pair_pos,트리
엑스트라트리,25,0.30925783220091335,0.7541666666666667,0.5,0.75,0.75,0.5454545454545454,0.75,0.42857142857142855,0.85,E2 불량 시기 안 (샷 0~60),공정 값 23 + pair_pos,트리
엑스트라트리,26,0.29666075540982156,0.8333333333333333,0.6666666666666666,0.6666666666666666,1.0,0.5454545454545454,1.0,0.375,0.9473684210526315,E2 불량 시기 안 (샷 0~60),공정 값 23 + pair_pos,트리
엑스트라트리,27,0.4296603864860485,0.7333333333333334,0.5,0.75,0.75,0.6666666666666666,0.5,1.0,0.875,E2 불량 시기 안 (샷 0~60),공정 값 23 + pair_pos,트리
엑스트라트리,28,0.7733409645909646,0.4111111111111111,0.3333333333333333,0.6666666666666666,0.6666666666666666,0.0,0.0,0.0,0.8550724637681159,E2 불량 시기 안 (샷 0~60),공정 값 23 + pair_pos,트리
엑스트라트리,29,0.4925404453145359,0.6984126984126984,0.6666666666666666,0.6666666666666666,1.0,0.0,0.0,0.0,0.9242424242424242,E2 불량 시기 안 (샷 0~60),공정 값 23 + pair_pos,트리
엑스트라트리,30,0.42079479460592195,0.65625,0.5,0.5,0.75,0.5714285714285714,0.5,0.6666666666666666,0.7875,E2 불량 시기 안 (샷 0~60),공정 값 23 + pair_pos,트리
엑스트라트리,31,0.3182821518255676,0.9166666666666665,0.6666666666666666,1.0,1.0,0.6666666666666666,1.0,0.5,0.9824561403508772,E2 불량 시기 안 (샷 0~60),공정 값 23 + pair_pos,트리
엑스트라트리,32,0.4234585714598665,0.14761904761904762,0.0,0.0,0.0,0.0,0.0,0.0,0.5217391304347826,E2 불량 시기 안 (샷 0~60),공정 값 23 + pair_pos,트리
엑스트라트리,33,0.4323360045872252,0.8611111111111112,0.75,0.75,0.75,0.75,0.75,0.75,0.9375,E2 불량 시기 안 (샷 0~60),공정 값 23 + pair_pos,트리
엑스트라트리,34,0.78195215238607,0.33164983164983164,0.3333333333333333,0.3333333333333333,0.3333333333333333,0.0,0.0,0.0,0.7575757575757576,E2 불량 시기 안 (샷 0~60),공정 값 23 + pair_pos,트리
엑스트라트리,35,0.289972364613611,0.8088235294117647,0.75,0.75,0.75,0.46153846153846156,0.75,0.3333333333333333,0.8375,E2 불량 시기 안 (샷 0~60),공정 값 23 + pair_pos,트리
엑스트라트리,36,0.5021236178124202,0.3055555555555555,0.0,0.6666666666666666,0.6666666666666666,0.0,0.0,0.0,0.8115942028985507,E2 불량 시기 안 (샷 0~60),공정 값 23 + pair_pos,트리
엑스트라트리,37,0.4519251069994482,0.606203007518797,0.5,0.5,0.5,0.5714285714285714,0.5,0.6666666666666666,0.675,E2 불량 시기 안 (샷 0~60),공정 값 23 + pair_pos,트리
엑스트라트리,38,0.36083792486492167,0.8666666666666667,0.6666666666666666,1.0,1.0,0.6666666666666666,1.0,0.5,0.9649122807017544,E2 불량 시기 안 (샷 0~60),공정 값 23 + pair_pos,트리
엑스트라트리,39,0.39031631529144345,0.3409090909090909,0.3333333333333333,0.3333333333333333,0.6666666666666666,0.3333333333333333,0.3333333333333333,0.3333333333333333,0.7727272727272727,E2 불량 시기 안 (샷 0~60),공정 값 23 + pair_pos,트리
엑스트라트리,40,0.4727560081345924,0.7541666666666667,0.5,0.75,0.75,0.6,0.75,0.5,0.85,E2 불량 시기 안 (샷 0~60),공정 값 23 + pair_pos,트리
엑스트라트리,41,0.40777268099565467,1.0,1.0,1.0,1.0,0.8571428571428571,1.0,0.75,1.0,E2 불량 시기 안 (샷 0~60),공정 값 23 + pair_pos,트리
엑스트라트리,42,0.730072240624872,0.6666666666666667,0.3333333333333333,1.0,1.0,0.0,0.0,0.0,0.927536231884058,E2 불량 시기 안 (샷 0~60),공정 값 23 + pair_pos,트리
엑스트라트리,43,0.23138664580717724,0.7019230769230769,0.5,0.5,0.75,0.46153846153846156,0.75,0.3333333333333333,0.8500000000000001,E2 불량 시기 안 (샷 0~60),공정 값 23 + pair_pos,트리
엑스트라트리,44,0.509982235382939,0.21666666666666667,0.0,0.3333333333333333,0.3333333333333333,0.0,0.0,0.0,0.6515151515151516,E2 불량 시기 안 (샷 0~60),공정 값 23 + pair_pos,트리
엑스트라트리,45,0.3494620355431177,0.7986111111111112,0.5,0.75,0.75,0.5454545454545454,0.75,0.42857142857142855,0.925,E2 불량 시기 안 (샷 0~60),공정 값 23 + pair_pos,트리
엑스트라트리,46,0.3778747288610851,0.7254901960784313,0.6666666666666666,0.6666666666666666,0.6666666666666666,0.4,0.6666666666666666,0.2857142857142857,0.7543859649122807,E2 불량 시기 안 (샷 0~60),공정 값 23 + pair_pos,트리
엑스트라트리,47,0.4760428959941845,0.373015873015873,0.3333333333333333,0.3333333333333333,0.6666666666666666,0.0,0.0,0.0,0.826086956521739,E2 불량 시기 안 (샷 0~60),공정 값 23 + pair_pos,트리
엑스트라트리,48,0.480618400430119,0.6904761904761905,0.5,0.5,0.75,0.5714285714285714,0.5,0.6666666666666666,0.85,E2 불량 시기 안 (샷 0~60),공정 값 23 + pair_pos,트리
엑스트라트리,49,0.4147933301918882,0.2272727272727273,0.0,0.3333333333333333,0.3333333333333333,0.0,0.0,0.0,0.6818181818181818,E2 불량 시기 안 (샷 0~60),공정 값 23 + pair_pos,트리
GradientBoosting,0,0.030385416653087197,0.8928571428571428,0.75,0.75,1.0,0.6666666666666666,0.75,0.6,0.9624999999999999,E2 불량 시기 안 (샷 0~60),공정 값 23 + pair_pos,부스팅
GradientBoosting,1,0.07152261690205815,0.8095238095238095,0.6666666666666666,0.6666666666666666,1.0,0.5714285714285714,0.6666666666666666,0.5,0.9298245614035088,E2 불량 시기 안 (샷 0~60),공정 값 23 + pair_pos,부스팅
GradientBoosting,2,0.014186421139392301,0.5555555555555556,0.3333333333333333,0.6666666666666666,0.6666666666666666,0.5,0.6666666666666666,0.4,0.7536231884057971,E2 불량 시기 안 (샷 0~60),공정 값 23 + pair_pos,부스팅
GradientBoosting,3,0.5665160045866845,0.8541666666666666,0.5,0.75,1.0,0.6666666666666666,0.5,1.0,0.9625,E2 불량 시기 안 (샷 0~60),공정 값 23 + pair_pos,부스팅
GradientBoosting,4,0.4903145199402534,0.5317460317460317,0.6666666666666666,0.6666666666666666,1.0,0.0,0.0,0.0,0.9090909090909091,E2 불량 시기 안 (샷 0~60),공정 값 23 + pair_pos,부스팅
GradientBoosting,5,0.02520920577692976,0.7269230769230769,0.5,0.75,0.75,0.5,0.75,0.375,0.8625,E2 불량 시기 안 (샷 0~60),공정 값 23 + pair_pos,부스팅
GradientBoosting,6,0.20255043613563442,0.37777777777777777,0.3333333333333333,0.6666666666666666,0.6666666666666666,0.4,0.3333333333333333,0.5,0.8260869565217391,E2 불량 시기 안 (샷 0~60),공정 값 23 + pair_pos,부스팅
GradientBoosting,7,0.004313662311941209,0.8541666666666666,0.5,0.75,1.0,0.47058823529411764,1.0,0.3076923076923077,0.9625,E2 불량 시기 안 (샷 0~60),공정 값 23 + pair_pos,부스팅
GradientBoosting,8,0.013218375420782354,1.0,1.0,1.0,1.0,0.6,1.0,0.42857142857142855,1.0,E2 불량 시기 안 (샷 0~60),공정 값 23 + pair_pos,부스팅
GradientBoosting,9,0.019125770371215003,0.3194444444444445,0.3333333333333333,0.6666666666666666,0.6666666666666666,0.5,0.6666666666666666,0.4,0.6212121212121211,E2 불량 시기 안 (샷 0~60),공정 값 23 + pair_pos,부스팅
GradientBoosting,10,0.08717538552249317,0.8166666666666667,0.5,0.75,1.0,0.5,0.5,0.5,0.9500000000000001,E2 불량 시기 안 (샷 0~60),공정 값 23 + pair_pos,부스팅
GradientBoosting,11,0.020794152990918743,0.7916666666666666,0.6666666666666666,0.6666666666666666,0.6666666666666666,0.4444444444444444,0.6666666666666666,0.3333333333333333,0.912280701754386,E2 불량 시기 안 (샷 0~60),공정 값 23 + pair_pos,부스팅
GradientBoosting,12,0.8067114108146101,0.4526315789473684,0.3333333333333333,0.3333333333333333,0.3333333333333333,0.0,0.0,0.0,0.6521739130434783,E2 불량 시기 안 (샷 0~60),공정 값 23 + pair_pos,부스팅
GradientBoosting,13,0.269374192269144,0.49107142857142855,0.3333333333333333,0.3333333333333333,0.6666666666666666,0.4,0.3333333333333333,0.5,0.7272727272727273,E2 불량 시기 안 (샷 0~60),공정 값 23 + pair_pos,부스팅
GradientBoosting,14,0.3502147594345429,0.7333333333333333,0.5,0.75,1.0,0.3333333333333333,0.25,0.5,0.9375,E2 불량 시기 안 (샷 0~60),공정 값 23 + pair_pos,부스팅
GradientBoosting,15,0.6807363835966842,0.1962962962962963,0.0,0.3333333333333333,0.3333333333333333,0.0,0.0,0.0,0.6231884057971013,E2 불량 시기 안 (샷 0~60),공정 값 23 + pair_pos,부스팅
GradientBoosting,16,0.03540659170178949,0.7928571428571428,0.5,0.75,1.0,0.7272727272727273,1.0,0.5714285714285714,0.9375,E2 불량 시기 안 (샷 0~60),공정 값 23 + pair_pos,부스팅
GradientBoosting,17,0.10110738021974189,0.8875,0.5,1.0,1.0,0.5714285714285714,0.5,0.6666666666666666,0.975,E2 불량 시기 안 (샷 0~60),공정 값 23 + pair_pos,부스팅
GradientBoosting,18,0.03064232863803611,0.8666666666666667,0.6666666666666666,1.0,1.0,0.5714285714285714,0.6666666666666666,0.5,0.9649122807017544,E2 불량 시기 안 (샷 0~60),공정 값 23 + pair_pos,부스팅
GradientBoosting,19,0.03970204592640217,0.5194805194805194,0.3333333333333333,0.3333333333333333,0.6666666666666666,0.2857142857142857,0.3333333333333333,0.25,0.803030303030303,E2 불량 시기 안 (샷 0~60),공정 값 23 + pair_pos,부스팅
GradientBoosting,20,0.01816198587576809,0.5972222222222222,0.5,0.5,0.75,0.5454545454545454,0.75,0.42857142857142855,0.775,E2 불량 시기 안 (샷 0~60),공정 값 23 + pair_pos,부스팅
GradientBoosting,21,0.15408265215397213,0.2528138528138528,0.0,0.3333333333333333,0.6666666666666666,0.0,0.0,0.0,0.753623188405797,E2 불량 시기 안 (샷 0~60),공정 값 23 + pair_pos,부스팅
GradientBoosting,22,0.03840617306043528,0.7333333333333334,0.5,0.75,0.75,0.5,0.5,0.5,0.875,E2 불량 시기 안 (샷 0~60),공정 값 23 + pair_pos,부스팅
GradientBoosting,23,0.05301808426283896,0.8095238095238095,0.6666666666666666,0.6666666666666666,1.0,0.5,1.0,0.3333333333333333,0.9298245614035088,E2 불량 시기 안 (샷 0~60),공정 값 23 + pair_pos,부스팅
GradientBoosting,24,0.26356047429742496,0.7666666666666666,0.6666666666666666,0.6666666666666666,0.6666666666666666,0.5,0.3333333333333333,1.0,0.893939393939394,E2 불량 시기 안 (샷 0~60),공정 값 23 + pair_pos,부스팅
GradientBoosting,25,0.00075473575267331,0.8055555555555556,0.75,0.75,0.75,0.375,0.75,0.25,0.825,E2 불량 시기 안 (샷 0~60),공정 값 23 + pair_pos,부스팅
GradientBoosting,26,0.013338535436547281,1.0,1.0,1.0,1.0,0.5454545454545454,1.0,0.375,1.0,E2 불량 시기 안 (샷 0~60),공정 값 23 + pair_pos,부스팅
GradientBoosting,27,0.3442547889651599,0.75,0.5,0.75,0.75,0.4,0.25,1.0,0.8999999999999999,E2 불량 시기 안 (샷 0~60),공정 값 23 + pair_pos,부스팅
GradientBoosting,28,0.3081375243284053,0.6666666666666667,0.3333333333333333,1.0,1.0,0.4,0.3333333333333333,0.5,0.927536231884058,E2 불량 시기 안 (샷 0~60),공정 값 23 + pair_pos,부스팅
GradientBoosting,29,0.8124757465270834,0.6666666666666667,0.3333333333333333,0.6666666666666666,1.0,0.0,0.0,0.0,0.9242424242424242,E2 불량 시기 안 (샷 0~60),공정 값 23 + pair_pos,부스팅
GradientBoosting,30,0.003301568742254816,0.6375,0.5,0.5,0.5,0.3076923076923077,0.5,0.2222222222222222,0.7625,E2 불량 시기 안 (샷 0~60),공정 값 23 + pair_pos,부스팅
GradientBoosting,31,0.030777799613825246,0.7916666666666666,0.6666666666666666,0.6666666666666666,0.6666666666666666,0.5454545454545454,1.0,0.375,0.912280701754386,E2 불량 시기 안 (샷 0~60),공정 값 23 + pair_pos,부스팅
GradientBoosting,32,0.1206352367188166,0.26190476190476186,0.0,0.3333333333333333,0.6666666666666666,0.0,0.0,0.0,0.7681159420289855,E2 불량 시기 안 (샷 0~60),공정 값 23 + pair_pos,부스팅
GradientBoosting,33,0.44039190155513286,0.8611111111111112,0.75,0.75,0.75,0.4,0.25,1.0,0.9375,E2 불량 시기 안 (샷 0~60),공정 값 23 + pair_pos,부스팅
GradientBoosting,34,0.278890914511661,0.29365079365079366,0.3333333333333333,0.3333333333333333,0.3333333333333333,0.3333333333333333,0.3333333333333333,0.3333333333333333,0.6666666666666666,E2 불량 시기 안 (샷 0~60),공정 값 23 + pair_pos,부스팅
GradientBoosting,35,0.0612824966747015,0.8,0.75,0.75,0.75,0.6666666666666666,0.75,0.6,0.8,E2 불량 시기 안 (샷 0~60),공정 값 23 + pair_pos,부스팅
GradientBoosting,36,0.07606285683468271,0.34444444444444444,0.3333333333333333,0.6666666666666666,0.6666666666666666,0.3333333333333333,0.3333333333333333,0.3333333333333333,0.8260869565217391,E2 불량 시기 안 (샷 0~60),공정 값 23 + pair_pos,부스팅
GradientBoosting,37,0.0041889142160259135,0.75,0.5,0.5,1.0,0.38095238095238093,1.0,0.23529411764705882,0.9125000000000001,E2 불량 시기 안 (샷 0~60),공정 값 23 + pair_pos,부스팅
GradientBoosting,38,0.7136756892464372,0.8666666666666667,0.6666666666666666,1.0,1.0,0.5,0.3333333333333333,1.0,0.9649122807017544,E2 불량 시기 안 (샷 0~60),공정 값 23 + pair_pos,부스팅
GradientBoosting,39,0.12493751740319389,0.2847222222222222,0.3333333333333333,0.3333333333333333,0.3333333333333333,0.4,0.3333333333333333,0.5,0.6363636363636364,E2 불량 시기 안 (샷 0~60),공정 값 23 + pair_pos,부스팅
GradientBoosting,40,0.01567655667474182,0.875,0.75,0.75,1.0,0.6153846153846154,1.0,0.4444444444444444,0.9500000000000001,E2 불량 시기 안 (샷 0~60),공정 값 23 + pair_pos,부스팅
GradientBoosting,41,0.09384825752861621,0.7555555555555555,0.6666666666666666,1.0,1.0,0.6666666666666666,1.0,0.5,0.9473684210526316,E2 불량 시기 안 (샷 0~60),공정 값 23 + pair_pos,부스팅
GradientBoosting,42,0.34705944071958766,0.4027777777777778,0.3333333333333333,0.6666666666666666,1.0,0.0,0.0,0.0,0.8695652173913044,E2 불량 시기 안 (샷 0~60),공정 값 23 + pair_pos,부스팅
GradientBoosting,43,0.3531366857012556,0.7644230769230769,0.5,0.75,0.75,0.5714285714285714,0.5,0.6666666666666666,0.8750000000000001,E2 불량 시기 안 (샷 0~60),공정 값 23 + pair_pos,부스팅
GradientBoosting,44,0.011705140081574987,0.25898078529657476,0.3333333333333333,0.3333333333333333,0.6666666666666666,0.3333333333333333,0.3333333333333333,0.3333333333333333,0.6515151515151514,E2 불량 시기 안 (샷 0~60),공정 값 23 + pair_pos,부스팅
GradientBoosting,45,0.03671412704099901,0.8928571428571428,0.75,0.75,1.0,0.7272727272727273,1.0,0.5714285714285714,0.9624999999999999,E2 불량 시기 안 (샷 0~60),공정 값 23 + pair_pos,부스팅
GradientBoosting,46,0.010554291866988518,0.7222222222222222,0.6666666666666666,0.6666666666666666,0.6666666666666666,0.36363636363636365,0.6666666666666666,0.25,0.7368421052631579,E2 불량 시기 안 (샷 0~60),공정 값 23 + pair_pos,부스팅
GradientBoosting,47,0.62842341959051,0.49107142857142855,0.3333333333333333,0.3333333333333333,0.6666666666666666,0.5,0.3333333333333333,1.0,0.7391304347826086,E2 불량 시기 안 (샷 0~60),공정 값 23 + pair_pos,부스팅
GradientBoosting,48,0.057205626679543965,0.475,0.5,0.5,0.5,0.4444444444444444,0.5,0.4,0.825,E2 불량 시기 안 (샷 0~60),공정 값 23 + pair_pos,부스팅
GradientBoosting,49,0.4488270036145471,0.7555555555555555,0.6666666666666666,1.0,1.0,0.5,0.3333333333333333,1.0,0.9545454545454545,E2 불량 시기 안 (샷 0~60),공정 값 23 + pair_pos,부스팅
HistGradientBoosting,0,0.7369043759469505,0.95,0.75,1.0,1.0,0.0,0.0,0.0,0.9874999999999999,E2 불량 시기 안 (샷 0~60),공정 값 23 + pair_pos,부스팅
HistGradientBoosting,1,0.19568843961084886,1.0,1.0,1.0,1.0,1.0,1.0,1.0,1.0,E2 불량 시기 안 (샷 0~60),공정 값 23 + pair_pos,부스팅
HistGradientBoosting,2,0.26275167626616036,0.7333333333333334,0.6666666666666666,0.6666666666666666,0.6666666666666666,0.8,0.6666666666666666,1.0,0.8260869565217391,E2 불량 시기 안 (샷 0~60),공정 값 23 + pair_pos,부스팅
HistGradientBoosting,3,0.0015364756246563883,0.8269230769230769,0.75,0.75,0.75,0.4444444444444444,1.0,0.2857142857142857,0.8875000000000001,E2 불량 시기 안 (샷 0~60),공정 값 23 + pair_pos,부스팅
HistGradientBoosting,4,0.5498782832500062,0.4206349206349206,0.3333333333333333,0.3333333333333333,1.0,0.0,0.0,0.0,0.8636363636363635,E2 불량 시기 안 (샷 0~60),공정 값 23 + pair_pos,부스팅
HistGradientBoosting,5,0.22989719275118442,0.4965277777777778,0.5,0.5,0.75,0.5714285714285714,0.5,0.6666666666666666,0.85,E2 불량 시기 안 (샷 0~60),공정 값 23 + pair_pos,부스팅
HistGradientBoosting,6,0.002546396681074146,0.9166666666666665,0.6666666666666666,1.0,1.0,0.35294117647058826,1.0,0.21428571428571427,0.9855072463768116,E2 불량 시기 안 (샷 0~60),공정 값 23 + pair_pos,부스팅
HistGradientBoosting,7,0.0174318817230267,0.8214285714285714,0.75,0.75,0.75,0.75,0.75,0.75,0.875,E2 불량 시기 안 (샷 0~60),공정 값 23 + pair_pos,부스팅
HistGradientBoosting,8,0.22651183503202774,0.9166666666666665,0.6666666666666666,1.0,1.0,0.5,0.3333333333333333,1.0,0.9824561403508772,E2 불량 시기 안 (샷 0~60),공정 값 23 + pair_pos,부스팅
HistGradientBoosting,9,0.03357679486228019,0.3733333333333333,0.3333333333333333,0.6666666666666666,0.6666666666666666,0.5714285714285714,0.6666666666666666,0.5,0.6212121212121211,E2 불량 시기 안 (샷 0~60),공정 값 23 + pair_pos,부스팅
HistGradientBoosting,10,0.05062546473392729,0.7611111111111112,0.5,0.75,0.75,0.5714285714285714,0.5,0.6666666666666666,0.9125,E2 불량 시기 안 (샷 0~60),공정 값 23 + pair_pos,부스팅
HistGradientBoosting,11,0.01473099071594763,0.8055555555555556,0.6666666666666666,1.0,1.0,0.5,1.0,0.3333333333333333,0.9649122807017545,E2 불량 시기 안 (샷 0~60),공정 값 23 + pair_pos,부스팅
HistGradientBoosting,12,0.14211139773768713,0.13731884057971017,0.0,0.3333333333333333,0.3333333333333333,0.0,0.0,0.0,0.33333333333333337,E2 불량 시기 안 (샷 0~60),공정 값 23 + pair_pos,부스팅
HistGradientBoosting,13,0.04593615108481888,0.5535714285714286,0.3333333333333333,0.3333333333333333,1.0,0.2857142857142857,0.3333333333333333,0.25,0.8484848484848484,E2 불량 시기 안 (샷 0~60),공정 값 23 + pair_pos,부스팅
HistGradientBoosting,14,0.511689258098569,0.7986111111111112,0.5,0.75,0.75,0.6666666666666666,0.5,1.0,0.925,E2 불량 시기 안 (샷 0~60),공정 값 23 + pair_pos,부스팅
HistGradientBoosting,15,0.13573616045713124,0.18095238095238095,0.0,0.3333333333333333,0.3333333333333333,0.0,0.0,0.0,0.536231884057971,E2 불량 시기 안 (샷 0~60),공정 값 23 + pair_pos,부스팅
HistGradientBoosting,16,0.014031505241572366,0.875,0.75,0.75,1.0,0.6666666666666666,0.75,0.6,0.9500000000000001,E2 불량 시기 안 (샷 0~60),공정 값 23 + pair_pos,부스팅
HistGradientBoosting,17,0.7055358868760995,0.39481351981351975,0.5,0.5,0.5,0.0,0.0,0.0,0.625,E2 불량 시기 안 (샷 0~60),공정 값 23 + pair_pos,부스팅
HistGradientBoosting,18,0.6370379816259475,0.8055555555555556,0.6666666666666666,1.0,1.0,0.6666666666666666,0.6666666666666666,0.6666666666666666,0.9649122807017545,E2 불량 시기 안 (샷 0~60),공정 값 23 + pair_pos,부스팅
HistGradientBoosting,19,0.35897535965851574,0.4861111111111111,0.3333333333333333,0.3333333333333333,0.6666666666666666,0.4,0.3333333333333333,0.5,0.6212121212121211,E2 불량 시기 안 (샷 0~60),공정 값 23 + pair_pos,부스팅
HistGradientBoosting,20,0.03075234814709339,0.4583333333333333,0.25,0.25,0.5,0.25,0.25,0.25,0.6625,E2 불량 시기 안 (샷 0~60),공정 값 23 + pair_pos,부스팅
HistGradientBoosting,21,0.9607580170116977,0.3611111111111111,0.3333333333333333,0.6666666666666666,0.6666666666666666,0.4,0.3333333333333333,0.5,0.7971014492753623,E2 불량 시기 안 (샷 0~60),공정 값 23 + pair_pos,부스팅
HistGradientBoosting,22,0.020573374137248107,0.875,0.75,0.75,1.0,0.6,0.75,0.5,0.9500000000000001,E2 불량 시기 안 (샷 0~60),공정 값 23 + pair_pos,부스팅
HistGradientBoosting,23,0.018843288048361675,0.9166666666666665,0.6666666666666666,1.0,1.0,0.75,1.0,0.6,0.9824561403508772,E2 불량 시기 안 (샷 0~60),공정 값 23 + pair_pos,부스팅
HistGradientBoosting,24,0.3127331667868378,0.6388888888888888,0.6666666666666666,1.0,1.0,0.0,0.0,0.0,0.9545454545454546,E2 불량 시기 안 (샷 0~60),공정 값 23 + pair_pos,부스팅
HistGradientBoosting,25,0.00562512934819876,0.75,0.5,0.75,0.75,0.5,0.75,0.375,0.8375,E2 불량 시기 안 (샷 0~60),공정 값 23 + pair_pos,부스팅
HistGradientBoosting,26,0.5700081312213365,0.9166666666666665,0.6666666666666666,1.0,1.0,0.6666666666666666,0.6666666666666666,0.6666666666666666,0.9824561403508772,E2 불량 시기 안 (샷 0~60),공정 값 23 + pair_pos,부스팅
HistGradientBoosting,27,0.055066852855230795,0.7470238095238095,0.5,0.75,1.0,0.3333333333333333,0.25,0.5,0.9375,E2 불량 시기 안 (샷 0~60),공정 값 23 + pair_pos,부스팅
HistGradientBoosting,28,0.9935361940023877,0.55,0.3333333333333333,0.6666666666666666,0.6666666666666666,0.0,0.0,0.0,0.8260869565217392,E2 불량 시기 안 (샷 0~60),공정 값 23 + pair_pos,부스팅
HistGradientBoosting,29,0.09836634872145997,0.6333333333333333,0.3333333333333333,0.6666666666666666,1.0,0.4,0.3333333333333333,0.5,0.9090909090909091,E2 불량 시기 안 (샷 0~60),공정 값 23 + pair_pos,부스팅
HistGradientBoosting,30,0.4749768092633912,0.6291208791208791,0.5,0.5,0.5,0.5,0.5,0.5,0.75,E2 불량 시기 안 (샷 0~60),공정 값 23 + pair_pos,부스팅
HistGradientBoosting,31,0.07416913811025248,0.9166666666666665,0.6666666666666666,1.0,1.0,0.6666666666666666,0.6666666666666666,0.6666666666666666,0.9824561403508772,E2 불량 시기 안 (샷 0~60),공정 값 23 + pair_pos,부스팅
HistGradientBoosting,32,0.4686053266669555,0.3333333333333333,0.3333333333333333,0.6666666666666666,0.6666666666666666,0.0,0.0,0.0,0.8260869565217391,E2 불량 시기 안 (샷 0~60),공정 값 23 + pair_pos,부스팅
HistGradientBoosting,33,0.3053148873697898,0.7048611111111112,0.5,0.5,0.75,0.5,0.5,0.5,0.875,E2 불량 시기 안 (샷 0~60),공정 값 23 + pair_pos,부스팅
HistGradientBoosting,34,0.251845393068025,0.3106060606060606,0.3333333333333333,0.3333333333333333,0.3333333333333333,0.3333333333333333,0.3333333333333333,0.3333333333333333,0.712121212121212,E2 불량 시기 안 (샷 0~60),공정 값 23 + pair_pos,부스팅
HistGradientBoosting,35,0.10862366525634207,0.8269230769230769,0.75,0.75,0.75,0.75,0.75,0.75,0.8875000000000001,E2 불량 시기 안 (샷 0~60),공정 값 23 + pair_pos,부스팅
HistGradientBoosting,36,0.5719122400577068,0.23333333333333334,0.0,0.3333333333333333,0.6666666666666666,0.0,0.0,0.0,0.7246376811594204,E2 불량 시기 안 (샷 0~60),공정 값 23 + pair_pos,부스팅
HistGradientBoosting,37,0.0021069485149953163,0.85,0.75,0.75,0.75,0.5,0.75,0.375,0.9249999999999999,E2 불량 시기 안 (샷 0~60),공정 값 23 + pair_pos,부스팅
HistGradientBoosting,38,0.5966524482771822,0.6805555555555556,0.6666666666666666,0.6666666666666666,0.6666666666666666,0.5,0.3333333333333333,1.0,0.8947368421052633,E2 불량 시기 안 (샷 0~60),공정 값 23 + pair_pos,부스팅
HistGradientBoosting,39,0.8826414807685365,0.2699346405228758,0.3333333333333333,0.3333333333333333,0.3333333333333333,0.0,0.0,0.0,0.5757575757575757,E2 불량 시기 안 (샷 0~60),공정 값 23 + pair_pos,부스팅
HistGradientBoosting,40,0.01788585612484404,0.8088235294117647,0.75,0.75,0.75,0.6,0.75,0.5,0.8375,E2 불량 시기 안 (샷 0~60),공정 값 23 + pair_pos,부스팅
HistGradientBoosting,41,0.021848019377186834,0.8333333333333333,0.6666666666666666,0.6666666666666666,1.0,0.6666666666666666,1.0,0.5,0.9473684210526315,E2 불량 시기 안 (샷 0~60),공정 값 23 + pair_pos,부스팅
HistGradientBoosting,42,0.8293581084313933,0.3555555555555555,0.3333333333333333,0.6666666666666666,0.6666666666666666,0.0,0.0,0.0,0.7246376811594203,E2 불량 시기 안 (샷 0~60),공정 값 23 + pair_pos,부스팅
HistGradientBoosting,43,0.0014835894533691979,0.7166666666666667,0.5,0.75,0.75,0.5454545454545454,0.75,0.42857142857142855,0.8374999999999999,E2 불량 시기 안 (샷 0~60),공정 값 23 + pair_pos,부스팅
HistGradientBoosting,44,0.39581013445982427,0.24444444444444446,0.0,0.3333333333333333,0.6666666666666666,0.0,0.0,0.0,0.696969696969697,E2 불량 시기 안 (샷 0~60),공정 값 23 + pair_pos,부스팅
HistGradientBoosting,45,0.21152376229879885,0.2992424242424242,0.0,0.25,0.5,0.0,0.0,0.0,0.725,E2 불량 시기 안 (샷 0~60),공정 값 23 + pair_pos,부스팅
HistGradientBoosting,46,0.021279291618519238,0.7291666666666666,0.6666666666666666,0.6666666666666666,0.6666666666666666,0.4444444444444444,0.6666666666666666,0.3333333333333333,0.7719298245614035,E2 불량 시기 안 (샷 0~60),공정 값 23 + pair_pos,부스팅
HistGradientBoosting,47,0.3586892653807924,0.24189095928226362,0.3333333333333333,0.3333333333333333,0.3333333333333333,0.0,0.0,0.0,0.42028985507246375,E2 불량 시기 안 (샷 0~60),공정 값 23 + pair_pos,부스팅
HistGradientBoosting,48,0.6684641416607908,0.46233974358974356,0.5,0.5,0.75,0.5714285714285714,0.5,0.6666666666666666,0.8,E2 불량 시기 안 (샷 0~60),공정 값 23 + pair_pos,부스팅
HistGradientBoosting,49,0.35648535445721635,0.3214285714285714,0.3333333333333333,0.3333333333333333,0.6666666666666666,0.0,0.0,0.0,0.7272727272727273,E2 불량 시기 안 (샷 0~60),공정 값 23 + pair_pos,부스팅
XGBoost,0,0.12862154841423035,1.0,0.75,1.0,1.0,0.7272727272727273,1.0,0.5714285714285714,1.0,E2 불량 시기 안 (샷 0~60),공정 값 23 + pair_pos,부스팅
XGBoost,1,0.2556558847427368,0.9166666666666665,0.6666666666666666,1.0,1.0,0.75,1.0,0.6,0.9824561403508772,E2 불량 시기 안 (샷 0~60),공정 값 23 + pair_pos,부스팅
XGBoost,2,0.806167483329773,0.43236714975845414,0.6666666666666666,0.6666666666666666,0.6666666666666666,0.0,0.0,0.0,0.6811594202898551,E2 불량 시기 안 (샷 0~60),공정 값 23 + pair_pos,부스팅
XGBoost,3,0.3758373558521271,0.7708333333333333,0.5,0.75,1.0,0.8,1.0,0.6666666666666666,0.9500000000000001,E2 불량 시기 안 (샷 0~60),공정 값 23 + pair_pos,부스팅
XGBoost,4,0.30855345726013184,0.6388888888888888,0.6666666666666666,1.0,1.0,0.75,1.0,0.6,0.9545454545454546,E2 불량 시기 안 (샷 0~60),공정 값 23 + pair_pos,부스팅
XGBoost,5,0.5436976552009583,0.6041666666666666,0.5,0.75,1.0,0.5714285714285714,0.5,0.6666666666666666,0.9125000000000001,E2 불량 시기 안 (샷 0~60),공정 값 23 + pair_pos,부스팅
XGBoost,6,0.4657823443412781,0.8666666666666667,0.6666666666666666,1.0,1.0,0.6666666666666666,1.0,0.5,0.9710144927536233,E2 불량 시기 안 (샷 0~60),공정 값 23 + pair_pos,부스팅
XGBoost,7,0.11186084896326065,0.95,0.75,1.0,1.0,0.8,1.0,0.6666666666666666,0.9874999999999999,E2 불량 시기 안 (샷 0~60),공정 값 23 + pair_pos,부스팅
XGBoost,8,0.6452113389968872,0.9166666666666665,0.6666666666666666,1.0,1.0,0.8,0.6666666666666666,1.0,0.9824561403508772,E2 불량 시기 안 (샷 0~60),공정 값 23 + pair_pos,부스팅
XGBoost,9,0.24603885412216187,0.5990338164251208,0.6666666666666666,0.6666666666666666,0.6666666666666666,0.5,0.6666666666666666,0.4,0.6818181818181818,E2 불량 시기 안 (샷 0~60),공정 값 23 + pair_pos,부스팅
XGBoost,10,0.8301702737808228,0.8875,0.5,1.0,1.0,0.5714285714285714,0.5,0.6666666666666666,0.975,E2 불량 시기 안 (샷 0~60),공정 값 23 + pair_pos,부스팅
XGBoost,11,0.11197557300329208,0.6388888888888888,0.6666666666666666,1.0,1.0,0.75,1.0,0.6,0.9473684210526316,E2 불량 시기 안 (샷 0~60),공정 값 23 + pair_pos,부스팅
XGBoost,12,0.4480065405368805,0.5435897435897437,0.3333333333333333,0.6666666666666666,0.6666666666666666,0.5,0.3333333333333333,1.0,0.8115942028985508,E2 불량 시기 안 (샷 0~60),공정 값 23 + pair_pos,부스팅
XGBoost,13,0.5091493725776672,0.47857142857142854,0.3333333333333333,0.3333333333333333,0.6666666666666666,0.2857142857142857,0.3333333333333333,0.25,0.6666666666666666,E2 불량 시기 안 (샷 0~60),공정 값 23 + pair_pos,부스팅
XGBoost,14,0.4188796281814575,0.7678571428571428,0.5,0.5,1.0,0.5,0.5,0.5,0.9249999999999999,E2 불량 시기 안 (샷 0~60),공정 값 23 + pair_pos,부스팅
XGBoost,15,0.5689325332641602,0.55,0.3333333333333333,0.6666666666666666,0.6666666666666666,0.5,0.3333333333333333,1.0,0.7246376811594204,E2 불량 시기 안 (샷 0~60),공정 값 23 + pair_pos,부스팅
XGBoost,16,0.27526605129241943,0.9166666666666666,0.75,0.75,1.0,0.8571428571428571,0.75,1.0,0.9750000000000001,E2 불량 시기 안 (샷 0~60),공정 값 23 + pair_pos,부스팅
XGBoost,17,0.36887142062187195,0.8333333333333333,0.75,0.75,0.75,0.6666666666666666,0.75,0.6,0.9,E2 불량 시기 안 (샷 0~60),공정 값 23 + pair_pos,부스팅
XGBoost,18,0.4645025134086609,0.6388888888888888,0.6666666666666666,1.0,1.0,0.75,1.0,0.6,0.9473684210526316,E2 불량 시기 안 (샷 0~60),공정 값 23 + pair_pos,부스팅
XGBoost,19,0.7684920430183411,0.45555555555555555,0.3333333333333333,0.3333333333333333,0.3333333333333333,0.4,0.3333333333333333,0.5,0.6666666666666666,E2 불량 시기 안 (샷 0~60),공정 값 23 + pair_pos,부스팅
XGBoost,20,0.5742635726928711,0.5226190476190476,0.25,0.5,0.75,0.4,0.25,1.0,0.7124999999999999,E2 불량 시기 안 (샷 0~60),공정 값 23 + pair_pos,부스팅
XGBoost,21,0.3609260618686676,0.45833333333333326,0.3333333333333333,0.6666666666666666,1.0,0.5454545454545454,1.0,0.375,0.8840579710144928,E2 불량 시기 안 (샷 0~60),공정 값 23 + pair_pos,부스팅
XGBoost,22,0.1809840053319931,0.6458333333333333,0.5,0.75,1.0,0.6666666666666666,0.75,0.6,0.9375,E2 불량 시기 안 (샷 0~60),공정 값 23 + pair_pos,부스팅
XGBoost,23,0.22723302245140076,0.9166666666666665,0.6666666666666666,1.0,1.0,0.75,1.0,0.6,0.9824561403508772,E2 불량 시기 안 (샷 0~60),공정 값 23 + pair_pos,부스팅
XGBoost,24,0.4793170392513275,0.7555555555555555,0.6666666666666666,1.0,1.0,0.75,1.0,0.6,0.9545454545454545,E2 불량 시기 안 (샷 0~60),공정 값 23 + pair_pos,부스팅
XGBoost,25,0.05707597732543945,0.8125,0.75,0.75,0.75,0.5454545454545454,0.75,0.42857142857142855,0.85,E2 불량 시기 안 (샷 0~60),공정 값 23 + pair_pos,부스팅
XGBoost,26,0.7086740732192993,0.8055555555555556,0.6666666666666666,1.0,1.0,0.6666666666666666,0.6666666666666666,0.6666666666666666,0.9649122807017545,E2 불량 시기 안 (샷 0~60),공정 값 23 + pair_pos,부스팅
XGBoost,27,0.8741501569747925,0.8166666666666667,0.5,0.75,1.0,0.4,0.25,1.0,0.9500000000000001,E2 불량 시기 안 (샷 0~60),공정 값 23 + pair_pos,부스팅
XGBoost,28,0.7438150644302368,0.6666666666666667,0.3333333333333333,1.0,1.0,0.4,0.3333333333333333,0.5,0.927536231884058,E2 불량 시기 안 (샷 0~60),공정 값 23 + pair_pos,부스팅
XGBoost,29,0.6205143332481384,0.8095238095238095,0.6666666666666666,0.6666666666666666,1.0,0.8,0.6666666666666666,1.0,0.9393939393939393,E2 불량 시기 안 (샷 0~60),공정 값 23 + pair_pos,부스팅
XGBoost,30,0.3472664952278137,0.32965686274509803,0.25,0.5,0.5,0.2857142857142857,0.25,0.3333333333333333,0.675,E2 불량 시기 안 (샷 0~60),공정 값 23 + pair_pos,부스팅
XGBoost,31,0.14509795606136322,0.8333333333333333,0.6666666666666666,0.6666666666666666,1.0,0.5,0.6666666666666666,0.4,0.9473684210526315,E2 불량 시기 안 (샷 0~60),공정 값 23 + pair_pos,부스팅
XGBoost,32,0.5133348703384399,0.30634920634920637,0.3333333333333333,0.3333333333333333,0.6666666666666666,0.0,0.0,0.0,0.7971014492753623,E2 불량 시기 안 (샷 0~60),공정 값 23 + pair_pos,부스팅
XGBoost,33,0.6366407871246338,0.7019230769230769,0.5,0.5,0.75,0.5714285714285714,0.5,0.6666666666666666,0.8500000000000001,E2 불량 시기 안 (샷 0~60),공정 값 23 + pair_pos,부스팅
XGBoost,34,0.4843522608280182,0.35,0.3333333333333333,0.3333333333333333,0.6666666666666666,0.3333333333333333,0.3333333333333333,0.3333333333333333,0.787878787878788,E2 불량 시기 안 (샷 0~60),공정 값 23 + pair_pos,부스팅
XGBoost,35,0.5126398801803589,0.8055555555555556,0.75,0.75,0.75,0.8571428571428571,0.75,1.0,0.825,E2 불량 시기 안 (샷 0~60),공정 값 23 + pair_pos,부스팅
XGBoost,36,0.6054253578186035,0.4027777777777778,0.3333333333333333,0.6666666666666666,1.0,0.5714285714285714,0.6666666666666666,0.5,0.8695652173913044,E2 불량 시기 안 (샷 0~60),공정 값 23 + pair_pos,부스팅
XGBoost,37,0.33677974343299866,0.875,0.75,0.75,1.0,0.6,0.75,0.5,0.9500000000000001,E2 불량 시기 안 (샷 0~60),공정 값 23 + pair_pos,부스팅
XGBoost,38,0.6500678658485413,0.7777777777777777,0.6666666666666666,0.6666666666666666,0.6666666666666666,0.5,0.3333333333333333,1.0,0.8947368421052632,E2 불량 시기 안 (샷 0~60),공정 값 23 + pair_pos,부스팅
XGBoost,39,0.520624577999115,0.2893772893772894,0.3333333333333333,0.3333333333333333,0.3333333333333333,0.4,0.3333333333333333,0.5,0.6515151515151515,E2 불량 시기 안 (샷 0~60),공정 값 23 + pair_pos,부스팅
XGBoost,40,0.09285204112529755,0.85,0.75,0.75,0.75,0.5714285714285714,1.0,0.4,0.9249999999999999,E2 불량 시기 안 (샷 0~60),공정 값 23 + pair_pos,부스팅
XGBoost,41,0.5341575145721436,0.7222222222222222,0.6666666666666666,0.6666666666666666,1.0,0.6666666666666666,0.6666666666666666,0.6666666666666666,0.9298245614035088,E2 불량 시기 안 (샷 0~60),공정 값 23 + pair_pos,부스팅
XGBoost,42,0.6914067268371582,0.6805555555555556,0.6666666666666666,0.6666666666666666,1.0,0.4,0.3333333333333333,0.5,0.9130434782608696,E2 불량 시기 안 (샷 0~60),공정 값 23 + pair_pos,부스팅
XGBoost,43,0.2540139853954315,0.8333333333333333,0.75,0.75,0.75,0.75,0.75,0.75,0.9,E2 불량 시기 안 (샷 0~60),공정 값 23 + pair_pos,부스팅
XGBoost,44,0.6867561936378479,0.3666666666666667,0.3333333333333333,0.6666666666666666,0.6666666666666666,0.3333333333333333,0.3333333333333333,0.3333333333333333,0.7575757575757576,E2 불량 시기 안 (샷 0~60),공정 값 23 + pair_pos,부스팅
XGBoost,45,0.4650832414627075,0.6185897435897436,0.5,0.5,0.75,0.3333333333333333,0.25,0.5,0.8375000000000001,E2 불량 시기 안 (샷 0~60),공정 값 23 + pair_pos,부스팅
XGBoost,46,0.4450642168521881,0.6031746031746031,0.6666666666666666,0.6666666666666666,0.6666666666666666,0.5,0.6666666666666666,0.4,0.6666666666666666,E2 불량 시기 안 (샷 0~60),공정 값 23 + pair_pos,부스팅
XGBoost,47,0.9526301026344299,0.5054945054945055,0.3333333333333333,0.3333333333333333,0.6666666666666666,0.0,0.0,0.0,0.782608695652174,E2 불량 시기 안 (샷 0~60),공정 값 23 + pair_pos,부스팅
XGBoost,48,0.5910460352897644,0.3881944444444444,0.25,0.5,0.75,0.25,0.25,0.25,0.8125,E2 불량 시기 안 (샷 0~60),공정 값 23 + pair_pos,부스팅
XGBoost,49,0.7596246600151062,0.8333333333333333,0.6666666666666666,0.6666666666666666,1.0,0.0,0.0,0.0,0.9545454545454546,E2 불량 시기 안 (샷 0~60),공정 값 23 + pair_pos,부스팅
LightGBM,0,0.011932728499192915,0.9166666666666666,0.75,0.75,1.0,0.8571428571428571,0.75,1.0,0.9750000000000001,E2 불량 시기 안 (샷 0~60),공정 값 23 + pair_pos,부스팅
LightGBM,1,0.037569531119934836,0.9166666666666665,0.6666666666666666,1.0,1.0,0.8571428571428571,1.0,0.75,0.9824561403508772,E2 불량 시기 안 (샷 0~60),공정 값 23 + pair_pos,부스팅
LightGBM,2,0.35784280506429106,0.6055555555555555,0.6666666666666666,0.6666666666666666,0.6666666666666666,0.5,0.3333333333333333,1.0,0.7391304347826086,E2 불량 시기 안 (샷 0~60),공정 값 23 + pair_pos,부스팅
LightGBM,3,0.8011796163479238,0.7928571428571428,0.5,0.75,1.0,0.6666666666666666,0.5,1.0,0.9375,E2 불량 시기 안 (샷 0~60),공정 값 23 + pair_pos,부스팅
LightGBM,4,0.02676960917627931,0.6388888888888888,0.6666666666666666,1.0,1.0,0.8571428571428571,1.0,0.75,0.9545454545454546,E2 불량 시기 안 (샷 0~60),공정 값 23 + pair_pos,부스팅
LightGBM,5,0.17319192442326567,0.740909090909091,0.5,0.75,0.75,0.6666666666666666,0.75,0.6,0.8875,E2 불량 시기 안 (샷 0~60),공정 값 23 + pair_pos,부스팅
LightGBM,6,0.6380764036936998,0.7916666666666666,0.6666666666666666,0.6666666666666666,1.0,0.8,0.6666666666666666,1.0,0.927536231884058,E2 불량 시기 안 (샷 0~60),공정 값 23 + pair_pos,부스팅
LightGBM,7,0.07770371361382336,0.95,0.75,1.0,1.0,0.6666666666666666,0.5,1.0,0.9874999999999999,E2 불량 시기 안 (샷 0~60),공정 값 23 + pair_pos,부스팅
LightGBM,8,0.03814128503359349,1.0,1.0,1.0,1.0,0.8571428571428571,1.0,0.75,1.0,E2 불량 시기 안 (샷 0~60),공정 값 23 + pair_pos,부스팅
LightGBM,9,0.5483044596104265,0.6081871345029239,0.6666666666666666,0.6666666666666666,0.6666666666666666,0.0,0.0,0.0,0.7424242424242424,E2 불량 시기 안 (샷 0~60),공정 값 23 + pair_pos,부스팅
LightGBM,10,0.5742831779036399,0.9166666666666666,0.75,0.75,1.0,0.6666666666666666,0.5,1.0,0.9750000000000001,E2 불량 시기 안 (샷 0~60),공정 값 23 + pair_pos,부스팅
LightGBM,11,0.002739863908464054,0.9166666666666665,0.6666666666666666,1.0,1.0,0.75,1.0,0.6,0.9824561403508772,E2 불량 시기 안 (샷 0~60),공정 값 23 + pair_pos,부스팅
LightGBM,12,0.027811698293294582,0.42499999999999993,0.3333333333333333,0.6666666666666666,1.0,0.0,0.0,0.0,0.8695652173913044,E2 불량 시기 안 (샷 0~60),공정 값 23 + pair_pos,부스팅
LightGBM,13,0.03359510425751638,0.5254901960784314,0.3333333333333333,0.6666666666666666,0.6666666666666666,0.3333333333333333,0.3333333333333333,0.3333333333333333,0.7424242424242424,E2 불량 시기 안 (샷 0~60),공정 값 23 + pair_pos,부스팅
LightGBM,14,0.03485308443545973,0.875,0.75,0.75,1.0,0.8571428571428571,0.75,1.0,0.9500000000000001,E2 불량 시기 안 (샷 0~60),공정 값 23 + pair_pos,부스팅
LightGBM,15,0.049364338193899536,0.38596491228070173,0.3333333333333333,0.6666666666666666,0.6666666666666666,0.3333333333333333,0.3333333333333333,0.3333333333333333,0.7246376811594204,E2 불량 시기 안 (샷 0~60),공정 값 23 + pair_pos,부스팅
LightGBM,16,0.062286716040490464,0.8166666666666667,0.5,0.75,1.0,0.5,0.5,0.5,0.9500000000000001,E2 불량 시기 안 (샷 0~60),공정 값 23 + pair_pos,부스팅
LightGBM,17,0.01243991027787002,0.8875,0.5,1.0,1.0,0.7272727272727273,1.0,0.5714285714285714,0.975,E2 불량 시기 안 (샷 0~60),공정 값 23 + pair_pos,부스팅
LightGBM,18,0.014606319475335468,0.6388888888888888,0.6666666666666666,1.0,1.0,0.8571428571428571,1.0,0.75,0.9473684210526316,E2 불량 시기 안 (샷 0~60),공정 값 23 + pair_pos,부스팅
LightGBM,19,0.8011275656233485,0.5333333333333333,0.3333333333333333,0.6666666666666666,0.6666666666666666,0.0,0.0,0.0,0.7727272727272727,E2 불량 시기 안 (샷 0~60),공정 값 23 + pair_pos,부스팅
LightGBM,20,0.029301396690608234,0.675,0.5,0.5,0.75,0.5,0.5,0.5,0.7625,E2 불량 시기 안 (샷 0~60),공정 값 23 + pair_pos,부스팅
LightGBM,21,0.1458659227855091,0.4444444444444445,0.3333333333333333,1.0,1.0,0.5,0.6666666666666666,0.4,0.8985507246376812,E2 불량 시기 안 (샷 0~60),공정 값 23 + pair_pos,부스팅
LightGBM,22,0.001863659383890342,0.7986111111111112,0.5,0.75,0.75,0.6,0.75,0.5,0.925,E2 불량 시기 안 (샷 0~60),공정 값 23 + pair_pos,부스팅
LightGBM,23,0.044053583495625076,1.0,1.0,1.0,1.0,0.75,1.0,0.6,1.0,E2 불량 시기 안 (샷 0~60),공정 값 23 + pair_pos,부스팅
LightGBM,24,0.6304671951785887,0.9166666666666665,0.6666666666666666,1.0,1.0,0.5,0.3333333333333333,1.0,0.9848484848484849,E2 불량 시기 안 (샷 0~60),공정 값 23 + pair_pos,부스팅
LightGBM,25,0.006730098482862671,0.8088235294117647,0.75,0.75,0.75,0.6,0.75,0.5,0.8375,E2 불량 시기 안 (샷 0~60),공정 값 23 + pair_pos,부스팅
LightGBM,26,0.07825993689578171,0.9166666666666665,0.6666666666666666,1.0,1.0,0.8571428571428571,1.0,0.75,0.9824561403508772,E2 불량 시기 안 (샷 0~60),공정 값 23 + pair_pos,부스팅
LightGBM,27,0.02668201824975564,0.8125,0.5,0.75,1.0,0.75,0.75,0.75,0.9375,E2 불량 시기 안 (샷 0~60),공정 값 23 + pair_pos,부스팅
LightGBM,28,0.01577913244781787,0.9166666666666665,0.6666666666666666,1.0,1.0,0.75,1.0,0.6,0.9855072463768116,E2 불량 시기 안 (샷 0~60),공정 값 23 + pair_pos,부스팅
LightGBM,29,0.8251812010712929,0.8666666666666667,0.6666666666666666,1.0,1.0,0.0,0.0,0.0,0.9696969696969697,E2 불량 시기 안 (샷 0~60),공정 값 23 + pair_pos,부스팅
LightGBM,30,0.015092994353447669,0.6493055555555556,0.5,0.5,0.75,0.5,0.5,0.5,0.7625,E2 불량 시기 안 (샷 0~60),공정 값 23 + pair_pos,부스팅
LightGBM,31,0.01349861089681911,0.8095238095238095,0.6666666666666666,0.6666666666666666,1.0,0.4444444444444444,0.6666666666666666,0.3333333333333333,0.9298245614035088,E2 불량 시기 안 (샷 0~60),공정 값 23 + pair_pos,부스팅
LightGBM,32,0.2983022040011832,0.4,0.3333333333333333,0.6666666666666666,0.6666666666666666,0.0,0.0,0.0,0.8405797101449275,E2 불량 시기 안 (샷 0~60),공정 값 23 + pair_pos,부스팅
LightGBM,33,0.5832162290872076,0.8928571428571428,0.75,0.75,1.0,0.4,0.25,1.0,0.9624999999999999,E2 불량 시기 안 (샷 0~60),공정 값 23 + pair_pos,부스팅
LightGBM,34,0.01416833857186992,0.4027777777777778,0.3333333333333333,0.3333333333333333,1.0,0.2857142857142857,0.3333333333333333,0.25,0.8484848484848484,E2 불량 시기 안 (샷 0~60),공정 값 23 + pair_pos,부스팅
LightGBM,35,0.07742296311063361,0.8026315789473684,0.75,0.75,0.75,0.6666666666666666,0.75,0.6,0.8125,E2 불량 시기 안 (샷 0~60),공정 값 23 + pair_pos,부스팅
LightGBM,36,0.03524807615332023,0.45833333333333326,0.3333333333333333,0.6666666666666666,1.0,0.4444444444444444,0.6666666666666666,0.3333333333333333,0.8840579710144928,E2 불량 시기 안 (샷 0~60),공정 값 23 + pair_pos,부스팅
LightGBM,37,0.014265957317022062,0.8928571428571428,0.75,0.75,1.0,0.7272727272727273,1.0,0.5714285714285714,0.9624999999999999,E2 불량 시기 안 (샷 0~60),공정 값 23 + pair_pos,부스팅
LightGBM,38,0.1097916697222355,1.0,1.0,1.0,1.0,0.5,0.3333333333333333,1.0,1.0,E2 불량 시기 안 (샷 0~60),공정 값 23 + pair_pos,부스팅
LightGBM,39,0.7074281050275605,0.4206349206349206,0.3333333333333333,0.3333333333333333,1.0,0.0,0.0,0.0,0.8636363636363635,E2 불량 시기 안 (샷 0~60),공정 값 23 + pair_pos,부스팅
LightGBM,40,0.05682923655030455,0.9166666666666666,0.75,0.75,1.0,0.75,0.75,0.75,0.9750000000000001,E2 불량 시기 안 (샷 0~60),공정 값 23 + pair_pos,부스팅
LightGBM,41,0.1119028041498337,0.8055555555555556,0.6666666666666666,1.0,1.0,0.4,0.3333333333333333,0.5,0.9649122807017545,E2 불량 시기 안 (샷 0~60),공정 값 23 + pair_pos,부스팅
LightGBM,42,0.4760395758716846,1.0,1.0,1.0,1.0,0.5,0.3333333333333333,1.0,1.0,E2 불량 시기 안 (샷 0~60),공정 값 23 + pair_pos,부스팅
LightGBM,43,0.003492699003890063,0.9166666666666666,0.75,0.75,1.0,0.6666666666666666,0.75,0.6,0.9750000000000001,E2 불량 시기 안 (샷 0~60),공정 값 23 + pair_pos,부스팅
LightGBM,44,0.008066317530684543,0.3333333333333333,0.3333333333333333,0.6666666666666666,0.6666666666666666,0.5,0.6666666666666666,0.4,0.7121212121212122,E2 불량 시기 안 (샷 0~60),공정 값 23 + pair_pos,부스팅
LightGBM,45,0.12669921933800019,0.7928571428571428,0.5,0.75,1.0,0.6666666666666666,0.5,1.0,0.9375,E2 불량 시기 안 (샷 0~60),공정 값 23 + pair_pos,부스팅
LightGBM,46,0.04548742256849266,0.7142857142857142,0.6666666666666666,0.6666666666666666,0.6666666666666666,0.5,0.6666666666666666,0.4,0.6842105263157895,E2 불량 시기 안 (샷 0~60),공정 값 23 + pair_pos,부스팅
LightGBM,47,0.8339619716559102,0.4740740740740741,0.3333333333333333,0.3333333333333333,0.3333333333333333,0.0,0.0,0.0,0.7246376811594203,E2 불량 시기 안 (샷 0~60),공정 값 23 + pair_pos,부스팅
LightGBM,48,0.27515489817625216,0.5099206349206349,0.5,0.5,0.75,0.5714285714285714,0.5,0.6666666666666666,0.8625,E2 불량 시기 안 (샷 0~60),공정 값 23 + pair_pos,부스팅
LightGBM,49,0.01412707866008628,1.0,1.0,1.0,1.0,0.8,0.6666666666666666,1.0,1.0,E2 불량 시기 안 (샷 0~60),공정 값 23 + pair_pos,부스팅
CatBoost,0,0.3046867542335815,0.8303571428571428,0.5,0.75,1.0,0.5714285714285714,0.5,0.6666666666666666,0.95,E2 불량 시기 안 (샷 0~60),공정 값 23 + pair_pos,부스팅
CatBoost,1,0.06733387100488453,0.9166666666666665,0.6666666666666666,1.0,1.0,0.6666666666666666,1.0,0.5,0.9824561403508772,E2 불량 시기 안 (샷 0~60),공정 값 23 + pair_pos,부스팅
CatBoost,2,0.25599477729153663,0.3958333333333333,0.3333333333333333,0.6666666666666666,0.6666666666666666,0.4,0.3333333333333333,0.5,0.7681159420289856,E2 불량 시기 안 (샷 0~60),공정 값 23 + pair_pos,부스팅
CatBoost,3,0.5949503633906881,0.75,0.5,0.5,1.0,0.5714285714285714,0.5,0.6666666666666666,0.9125000000000001,E2 불량 시기 안 (샷 0~60),공정 값 23 + pair_pos,부스팅
CatBoost,4,0.44668479341667894,0.6388888888888888,0.6666666666666666,1.0,1.0,0.0,0.0,0.0,0.9545454545454546,E2 불량 시기 안 (샷 0~60),공정 값 23 + pair_pos,부스팅
CatBoost,5,0.16938392373766623,0.7333333333333334,0.5,0.75,0.75,0.6666666666666666,0.75,0.6,0.875,E2 불량 시기 안 (샷 0~60),공정 값 23 + pair_pos,부스팅
CatBoost,6,0.1765328408021759,0.7555555555555555,0.6666666666666666,1.0,1.0,0.75,1.0,0.6,0.9565217391304348,E2 불량 시기 안 (샷 0~60),공정 값 23 + pair_pos,부스팅
CatBoost,7,0.08240277043159115,0.85,0.75,0.75,0.75,0.6666666666666666,0.75,0.6,0.9249999999999999,E2 불량 시기 안 (샷 0~60),공정 값 23 + pair_pos,부스팅
CatBoost,8,0.37108758595653163,0.8333333333333333,0.6666666666666666,0.6666666666666666,1.0,0.8,0.6666666666666666,1.0,0.9473684210526315,E2 불량 시기 안 (샷 0~60),공정 값 23 + pair_pos,부스팅
CatBoost,9,0.17816871887643118,0.7333333333333334,0.6666666666666666,0.6666666666666666,0.6666666666666666,0.5,0.6666666666666666,0.4,0.8181818181818181,E2 불량 시기 안 (샷 0~60),공정 값 23 + pair_pos,부스팅
CatBoost,10,0.2506187083142891,0.8303571428571428,0.5,0.75,1.0,0.75,0.75,0.75,0.95,E2 불량 시기 안 (샷 0~60),공정 값 23 + pair_pos,부스팅
CatBoost,11,0.035438284732221194,0.7916666666666666,0.6666666666666666,0.6666666666666666,0.6666666666666666,0.5454545454545454,1.0,0.375,0.912280701754386,E2 불량 시기 안 (샷 0~60),공정 값 23 + pair_pos,부스팅
CatBoost,12,0.3327806568964338,0.27136752136752135,0.3333333333333333,0.3333333333333333,0.6666666666666666,0.0,0.0,0.0,0.7391304347826088,E2 불량 시기 안 (샷 0~60),공정 값 23 + pair_pos,부스팅
CatBoost,13,0.24553975437762043,0.5291666666666667,0.3333333333333333,0.6666666666666666,0.6666666666666666,0.4,0.3333333333333333,0.5,0.7575757575757576,E2 불량 시기 안 (샷 0~60),공정 값 23 + pair_pos,부스팅
CatBoost,14,0.24406306122631022,0.7333333333333333,0.5,0.75,1.0,0.5714285714285714,0.5,0.6666666666666666,0.9375,E2 불량 시기 안 (샷 0~60),공정 값 23 + pair_pos,부스팅
CatBoost,15,0.05803112435580182,0.2754901960784314,0.0,0.6666666666666666,0.6666666666666666,0.0,0.0,0.0,0.7101449275362318,E2 불량 시기 안 (샷 0~60),공정 값 23 + pair_pos,부스팅
CatBoost,16,0.04723571619093416,0.8875,0.5,1.0,1.0,0.6666666666666666,1.0,0.5,0.975,E2 불량 시기 안 (샷 0~60),공정 값 23 + pair_pos,부스팅
CatBoost,17,0.1111392769342959,0.8303571428571428,0.5,0.75,1.0,0.6153846153846154,1.0,0.4444444444444444,0.95,E2 불량 시기 안 (샷 0~60),공정 값 23 + pair_pos,부스팅
CatBoost,18,0.15746902204871047,0.7222222222222222,0.6666666666666666,0.6666666666666666,1.0,0.5,0.6666666666666666,0.4,0.9298245614035088,E2 불량 시기 안 (샷 0~60),공정 값 23 + pair_pos,부스팅
CatBoost,19,0.1840440450189246,0.5575757575757576,0.3333333333333333,0.6666666666666666,0.6666666666666666,0.4,0.3333333333333333,0.5,0.8333333333333333,E2 불량 시기 안 (샷 0~60),공정 값 23 + pair_pos,부스팅
CatBoost,20,0.2261386245167113,0.5047619047619047,0.25,0.5,0.75,0.4,0.25,1.0,0.7,E2 불량 시기 안 (샷 0~60),공정 값 23 + pair_pos,부스팅
CatBoost,21,0.07727618999210263,0.35555555555555557,0.3333333333333333,0.6666666666666666,0.6666666666666666,0.36363636363636365,0.6666666666666666,0.25,0.8405797101449274,E2 불량 시기 안 (샷 0~60),공정 값 23 + pair_pos,부스팅
CatBoost,22,0.15090884262661775,0.8541666666666666,0.5,0.75,1.0,0.5714285714285714,0.5,0.6666666666666666,0.9625,E2 불량 시기 안 (샷 0~60),공정 값 23 + pair_pos,부스팅
CatBoost,23,0.10509604485903534,0.8055555555555556,0.6666666666666666,1.0,1.0,0.75,1.0,0.6,0.9649122807017545,E2 불량 시기 안 (샷 0~60),공정 값 23 + pair_pos,부스팅
CatBoost,24,0.4775473847384103,0.7,0.3333333333333333,1.0,1.0,0.5,0.3333333333333333,1.0,0.9393939393939393,E2 불량 시기 안 (샷 0~60),공정 값 23 + pair_pos,부스팅
CatBoost,25,0.02025177303775599,0.8269230769230769,0.75,0.75,0.75,0.46153846153846156,0.75,0.3333333333333333,0.8875000000000001,E2 불량 시기 안 (샷 0~60),공정 값 23 + pair_pos,부스팅
CatBoost,26,0.05577921771043047,0.8055555555555556,0.6666666666666666,1.0,1.0,0.6,1.0,0.42857142857142855,0.9649122807017545,E2 불량 시기 안 (샷 0~60),공정 값 23 + pair_pos,부스팅
CatBoost,27,0.302799880213733,0.7152777777777777,0.5,0.75,0.75,0.5714285714285714,0.5,0.6666666666666666,0.9125000000000001,E2 불량 시기 안 (샷 0~60),공정 값 23 + pair_pos,부스팅
CatBoost,28,0.39059065222027467,0.8333333333333333,0.6666666666666666,1.0,1.0,0.6666666666666666,0.6666666666666666,0.6666666666666666,0.9565217391304348,E2 불량 시기 안 (샷 0~60),공정 값 23 + pair_pos,부스팅
CatBoost,29,0.7481989555003684,0.7555555555555555,0.6666666666666666,1.0,1.0,0.0,0.0,0.0,0.9545454545454545,E2 불량 시기 안 (샷 0~60),공정 값 23 + pair_pos,부스팅
CatBoost,30,0.23602316847016486,0.6583333333333333,0.5,0.5,0.5,0.5714285714285714,0.5,0.6666666666666666,0.8125,E2 불량 시기 안 (샷 0~60),공정 값 23 + pair_pos,부스팅
CatBoost,31,0.07902716864424161,0.9166666666666665,0.6666666666666666,1.0,1.0,0.6666666666666666,1.0,0.5,0.9824561403508772,E2 불량 시기 안 (샷 0~60),공정 값 23 + pair_pos,부스팅
CatBoost,32,0.5676190034391887,0.3650793650793651,0.3333333333333333,0.6666666666666666,1.0,0.0,0.0,0.0,0.855072463768116,E2 불량 시기 안 (샷 0~60),공정 값 23 + pair_pos,부스팅
CatBoost,33,0.21003734774711583,0.65,0.25,0.75,1.0,0.6666666666666666,0.75,0.6,0.9,E2 불량 시기 안 (샷 0~60),공정 값 23 + pair_pos,부스팅
CatBoost,34,0.09371137715098393,0.3121693121693122,0.3333333333333333,0.3333333333333333,0.3333333333333333,0.2857142857142857,0.3333333333333333,0.25,0.7121212121212122,E2 불량 시기 안 (샷 0~60),공정 값 23 + pair_pos,부스팅
CatBoost,35,0.17144218967969094,0.8214285714285714,0.75,0.75,0.75,0.6666666666666666,0.75,0.6,0.875,E2 불량 시기 안 (샷 0~60),공정 값 23 + pair_pos,부스팅
CatBoost,36,0.6036798203056001,0.4206349206349207,0.3333333333333333,0.6666666666666666,1.0,0.0,0.0,0.0,0.8840579710144928,E2 불량 시기 안 (샷 0~60),공정 값 23 + pair_pos,부스팅
CatBoost,37,0.09152054796031514,0.95,0.75,1.0,1.0,0.6666666666666666,1.0,0.5,0.9874999999999999,E2 불량 시기 안 (샷 0~60),공정 값 23 + pair_pos,부스팅
CatBoost,38,0.4394342857188157,0.625,0.3333333333333333,0.6666666666666666,0.6666666666666666,0.5,0.3333333333333333,1.0,0.8771929824561404,E2 불량 시기 안 (샷 0~60),공정 값 23 + pair_pos,부스팅
CatBoost,39,0.3052849250838788,0.18472222222222223,0.0,0.3333333333333333,0.3333333333333333,0.0,0.0,0.0,0.5909090909090909,E2 불량 시기 안 (샷 0~60),공정 값 23 + pair_pos,부스팅
CatBoost,40,0.07844321847791097,0.8875,0.5,1.0,1.0,0.6666666666666666,1.0,0.5,0.975,E2 불량 시기 안 (샷 0~60),공정 값 23 + pair_pos,부스팅
CatBoost,41,0.26374557148809397,0.6805555555555556,0.6666666666666666,0.6666666666666666,0.6666666666666666,0.5714285714285714,0.6666666666666666,0.5,0.8947368421052633,E2 불량 시기 안 (샷 0~60),공정 값 23 + pair_pos,부스팅
CatBoost,42,0.47843106571450156,0.4444444444444444,0.3333333333333333,0.6666666666666666,0.6666666666666666,0.0,0.0,0.0,0.8695652173913043,E2 불량 시기 안 (샷 0~60),공정 값 23 + pair_pos,부스팅
CatBoost,43,0.13292549918613958,0.9166666666666666,0.75,0.75,1.0,0.6666666666666666,0.75,0.6,0.9750000000000001,E2 불량 시기 안 (샷 0~60),공정 값 23 + pair_pos,부스팅
CatBoost,44,0.2074965456265824,0.231203007518797,0.0,0.3333333333333333,0.6666666666666666,0.0,0.0,0.0,0.6363636363636362,E2 불량 시기 안 (샷 0~60),공정 값 23 + pair_pos,부스팅
CatBoost,45,0.8872400287289796,0.5249999999999999,0.25,0.75,1.0,0.0,0.0,0.0,0.9,E2 불량 시기 안 (샷 0~60),공정 값 23 + pair_pos,부스팅
CatBoost,46,0.08841432849046195,0.7435897435897436,0.6666666666666666,0.6666666666666666,0.6666666666666666,0.3076923076923077,0.6666666666666666,0.2,0.8245614035087719,E2 불량 시기 안 (샷 0~60),공정 값 23 + pair_pos,부스팅
CatBoost,47,0.16845715818096804,0.3047619047619048,0.3333333333333333,0.3333333333333333,0.3333333333333333,0.3333333333333333,0.3333333333333333,0.3333333333333333,0.7101449275362319,E2 불량 시기 안 (샷 0~60),공정 값 23 + pair_pos,부스팅
CatBoost,48,0.292077592264098,0.4659090909090909,0.5,0.5,0.5,0.5,0.5,0.5,0.8125,E2 불량 시기 안 (샷 0~60),공정 값 23 + pair_pos,부스팅
CatBoost,49,0.7440983156519946,1.0,1.0,1.0,1.0,0.0,0.0,0.0,1.0,E2 불량 시기 안 (샷 0~60),공정 값 23 + pair_pos,부스팅
로지스틱 L2,0,0.8429874412190059,0.8269230769230769,0.75,0.75,0.75,0.75,0.75,0.75,0.8875000000000001,E2 불량 시기 안 (샷 0~60),공정 값 23 + pair_pos + 샷 내 파생,선형
로지스틱 L2,1,0.5408377266085298,0.8666666666666667,0.6666666666666666,1.0,1.0,0.6666666666666666,1.0,0.5,0.9649122807017544,E2 불량 시기 안 (샷 0~60),공정 값 23 + pair_pos + 샷 내 파생,선형
로지스틱 L2,2,0.7208542302154041,0.4444444444444444,0.6666666666666666,0.6666666666666666,0.6666666666666666,0.4,0.3333333333333333,0.5,0.7536231884057971,E2 불량 시기 안 (샷 0~60),공정 값 23 + pair_pos + 샷 내 파생,선형
로지스틱 L2,3,0.020786567784834165,0.581845238095238,0.5,0.5,0.75,0.4,1.0,0.25,0.8,E2 불량 시기 안 (샷 0~60),공정 값 23 + pair_pos + 샷 내 파생,선형
로지스틱 L2,4,0.7849942331009625,0.3873015873015873,0.3333333333333333,0.6666666666666666,1.0,0.0,0.0,0.0,0.8636363636363635,E2 불량 시기 안 (샷 0~60),공정 값 23 + pair_pos + 샷 내 파생,선형
로지스틱 L2,5,0.6400421411643019,0.7019230769230769,0.5,0.5,0.75,0.6666666666666666,0.5,1.0,0.8500000000000001,E2 불량 시기 안 (샷 0~60),공정 값 23 + pair_pos + 샷 내 파생,선형
로지스틱 L2,6,0.933395369475169,0.6666666666666667,0.3333333333333333,1.0,1.0,0.0,0.0,0.0,0.927536231884058,E2 불량 시기 안 (샷 0~60),공정 값 23 + pair_pos + 샷 내 파생,선형
로지스틱 L2,7,0.8122271362740393,0.6964285714285714,0.5,0.5,0.75,0.5,0.5,0.5,0.8374999999999999,E2 불량 시기 안 (샷 0~60),공정 값 23 + pair_pos + 샷 내 파생,선형
로지스틱 L2,8,0.26977946345910514,1.0,1.0,1.0,1.0,0.6,1.0,0.42857142857142855,1.0,E2 불량 시기 안 (샷 0~60),공정 값 23 + pair_pos + 샷 내 파생,선형
로지스틱 L2,9,0.8818724622536043,0.43888888888888883,0.6666666666666666,0.6666666666666666,0.6666666666666666,0.0,0.0,0.0,0.7121212121212122,E2 불량 시기 안 (샷 0~60),공정 값 23 + pair_pos + 샷 내 파생,선형
로지스틱 L2,10,0.50912112846709,0.7071428571428571,0.5,0.5,0.75,0.4,0.5,0.3333333333333333,0.875,E2 불량 시기 안 (샷 0~60),공정 값 23 + pair_pos + 샷 내 파생,선형
로지스틱 L2,11,0.9065813378276142,0.75,0.6666666666666666,0.6666666666666666,0.6666666666666666,0.8,0.6666666666666666,1.0,0.8421052631578948,E2 불량 시기 안 (샷 0~60),공정 값 23 + pair_pos + 샷 내 파생,선형
로지스틱 L2,12,0.9048301791436083,0.32857142857142857,0.3333333333333333,0.3333333333333333,0.6666666666666666,0.0,0.0,0.0,0.7391304347826086,E2 불량 시기 안 (샷 0~60),공정 값 23 + pair_pos + 샷 내 파생,선형
로지스틱 L2,13,0.35698017925027026,0.3333333333333333,0.3333333333333333,0.3333333333333333,0.6666666666666666,0.4,0.3333333333333333,0.5,0.7575757575757576,E2 불량 시기 안 (샷 0~60),공정 값 23 + pair_pos + 샷 내 파생,선형
로지스틱 L2,14,0.8861736797539336,0.6651785714285714,0.5,0.5,0.75,0.5,0.5,0.5,0.8125,E2 불량 시기 안 (샷 0~60),공정 값 23 + pair_pos + 샷 내 파생,선형
로지스틱 L2,15,0.3222689804145425,0.17222222222222222,0.0,0.3333333333333333,0.3333333333333333,0.0,0.0,0.0,0.5652173913043478,E2 불량 시기 안 (샷 0~60),공정 값 23 + pair_pos + 샷 내 파생,선형
로지스틱 L2,16,0.9789654857349701,0.8928571428571428,0.75,0.75,1.0,0.4,0.25,1.0,0.9624999999999999,E2 불량 시기 안 (샷 0~60),공정 값 23 + pair_pos + 샷 내 파생,선형
로지스틱 L2,17,0.528970071400572,0.7708333333333333,0.5,0.75,0.75,0.6666666666666666,0.75,0.6,0.8875,E2 불량 시기 안 (샷 0~60),공정 값 23 + pair_pos + 샷 내 파생,선형
로지스틱 L2,18,0.8743891657735674,0.8666666666666667,0.6666666666666666,1.0,1.0,0.8,0.6666666666666666,1.0,0.9649122807017544,E2 불량 시기 안 (샷 0~60),공정 값 23 + pair_pos + 샷 내 파생,선형
로지스틱 L2,19,0.8217231289091924,0.3088235294117647,0.3333333333333333,0.3333333333333333,0.6666666666666666,0.4,0.3333333333333333,0.5,0.6818181818181819,E2 불량 시기 안 (샷 0~60),공정 값 23 + pair_pos + 샷 내 파생,선형
로지스틱 L2,20,0.6593228220140651,0.6597744360902255,0.5,0.5,0.75,0.5,0.5,0.5,0.7625000000000001,E2 불량 시기 안 (샷 0~60),공정 값 23 + pair_pos + 샷 내 파생,선형
로지스틱 L2,21,0.35408032827574437,0.5,0.6666666666666666,0.6666666666666666,0.6666666666666666,0.4,0.6666666666666666,0.2857142857142857,0.8840579710144927,E2 불량 시기 안 (샷 0~60),공정 값 23 + pair_pos + 샷 내 파생,선형
로지스틱 L2,22,0.45131498057170727,0.5714285714285714,0.25,0.5,0.75,0.5454545454545454,0.75,0.42857142857142855,0.8125,E2 불량 시기 안 (샷 0~60),공정 값 23 + pair_pos + 샷 내 파생,선형
로지스틱 L2,23,0.3605565833027,0.7777777777777777,0.6666666666666666,0.6666666666666666,0.6666666666666666,0.4444444444444444,0.6666666666666666,0.3333333333333333,0.8947368421052632,E2 불량 시기 안 (샷 0~60),공정 값 23 + pair_pos + 샷 내 파생,선형
로지스틱 L2,24,0.8127022292342646,0.48333333333333334,0.3333333333333333,0.3333333333333333,0.6666666666666666,0.5,0.3333333333333333,1.0,0.7272727272727273,E2 불량 시기 안 (샷 0~60),공정 값 23 + pair_pos + 샷 내 파생,선형
로지스틱 L2,25,0.35777803804884073,0.7463235294117647,0.5,0.75,0.75,0.5454545454545454,0.75,0.42857142857142855,0.825,E2 불량 시기 안 (샷 0~60),공정 값 23 + pair_pos + 샷 내 파생,선형
로지스틱 L2,26,0.32565653917140336,0.8095238095238095,0.6666666666666666,0.6666666666666666,1.0,0.4444444444444444,0.6666666666666666,0.3333333333333333,0.9298245614035088,E2 불량 시기 안 (샷 0~60),공정 값 23 + pair_pos + 샷 내 파생,선형
로지스틱 L2,27,0.9032689316677255,0.7019230769230769,0.5,0.5,0.75,0.6666666666666666,0.5,1.0,0.8500000000000001,E2 불량 시기 안 (샷 0~60),공정 값 23 + pair_pos + 샷 내 파생,선형
로지스틱 L2,28,0.9051883950550995,0.5054945054945055,0.3333333333333333,0.3333333333333333,0.6666666666666666,0.5,0.3333333333333333,1.0,0.782608695652174,E2 불량 시기 안 (샷 0~60),공정 값 23 + pair_pos + 샷 내 파생,선형
로지스틱 L2,29,0.8406764628274137,0.33134920634920634,0.3333333333333333,0.3333333333333333,1.0,0.0,0.0,0.0,0.8181818181818181,E2 불량 시기 안 (샷 0~60),공정 값 23 + pair_pos + 샷 내 파생,선형
로지스틱 L2,30,0.9458547846481051,0.5504901960784314,0.5,0.5,0.5,0.4,0.25,1.0,0.7374999999999999,E2 불량 시기 안 (샷 0~60),공정 값 23 + pair_pos + 샷 내 파생,선형
로지스틱 L2,31,0.24760821807572128,1.0,1.0,1.0,1.0,0.6,1.0,0.42857142857142855,1.0,E2 불량 시기 안 (샷 0~60),공정 값 23 + pair_pos + 샷 내 파생,선형
로지스틱 L2,32,0.9958333685483836,0.22424242424242424,0.0,0.3333333333333333,0.3333333333333333,0.0,0.0,0.0,0.7101449275362319,E2 불량 시기 안 (샷 0~60),공정 값 23 + pair_pos + 샷 내 파생,선형
로지스틱 L2,33,0.5926857245085558,0.7333333333333334,0.5,0.75,0.75,0.6666666666666666,0.75,0.6,0.875,E2 불량 시기 안 (샷 0~60),공정 값 23 + pair_pos + 샷 내 파생,선형
로지스틱 L2,34,0.5973901073703681,0.5916666666666666,0.3333333333333333,0.6666666666666666,1.0,0.3333333333333333,0.3333333333333333,0.3333333333333333,0.8787878787878788,E2 불량 시기 안 (샷 0~60),공정 값 23 + pair_pos + 샷 내 파생,선형
로지스틱 L2,35,0.306648048681121,0.7026315789473684,0.5,0.75,0.75,0.5,0.75,0.375,0.7875000000000001,E2 불량 시기 안 (샷 0~60),공정 값 23 + pair_pos + 샷 내 파생,선형
로지스틱 L2,36,0.8303368654486274,0.46031746031746035,0.6666666666666666,0.6666666666666666,0.6666666666666666,0.0,0.0,0.0,0.8115942028985508,E2 불량 시기 안 (샷 0~60),공정 값 23 + pair_pos + 샷 내 파생,선형
로지스틱 L2,37,0.6295607928961746,0.6071428571428572,0.25,0.5,1.0,0.5,0.5,0.5,0.875,E2 불량 시기 안 (샷 0~60),공정 값 23 + pair_pos + 샷 내 파생,선형
로지스틱 L2,38,0.8083429128222647,0.6333333333333333,0.3333333333333333,0.6666666666666666,1.0,0.4,0.3333333333333333,0.5,0.894736842105263,E2 불량 시기 안 (샷 0~60),공정 값 23 + pair_pos + 샷 내 파생,선형
로지스틱 L2,39,0.896423105476392,0.28619528619528617,0.3333333333333333,0.3333333333333333,0.3333333333333333,0.0,0.0,0.0,0.5909090909090908,E2 불량 시기 안 (샷 0~60),공정 값 23 + pair_pos + 샷 내 파생,선형
로지스틱 L2,40,0.847202106734114,0.7182539682539683,0.5,0.5,0.75,0.5714285714285714,0.5,0.6666666666666666,0.8875,E2 불량 시기 안 (샷 0~60),공정 값 23 + pair_pos + 샷 내 파생,선형
로지스틱 L2,41,0.7403157606695595,0.8095238095238095,0.6666666666666666,0.6666666666666666,1.0,0.6666666666666666,0.6666666666666666,0.6666666666666666,0.9298245614035088,E2 불량 시기 안 (샷 0~60),공정 값 23 + pair_pos + 샷 내 파생,선형
로지스틱 L2,42,0.8412315736763673,0.8095238095238095,0.6666666666666666,0.6666666666666666,1.0,0.8,0.6666666666666666,1.0,0.9420289855072463,E2 불량 시기 안 (샷 0~60),공정 값 23 + pair_pos + 샷 내 파생,선형
로지스틱 L2,43,0.36658380232668336,0.5504901960784314,0.5,0.5,0.5,0.4444444444444444,0.5,0.4,0.7374999999999999,E2 불량 시기 안 (샷 0~60),공정 값 23 + pair_pos + 샷 내 파생,선형
로지스틱 L2,44,0.96401275282563,0.16616161616161618,0.0,0.0,0.3333333333333333,0.0,0.0,0.0,0.5303030303030303,E2 불량 시기 안 (샷 0~60),공정 값 23 + pair_pos + 샷 내 파생,선형
로지스틱 L2,45,0.9366834978995753,0.8928571428571428,0.75,0.75,1.0,0.6666666666666666,0.5,1.0,0.9624999999999999,E2 불량 시기 안 (샷 0~60),공정 값 23 + pair_pos + 샷 내 파생,선형
로지스틱 L2,46,0.7501136155433159,0.7254901960784313,0.6666666666666666,0.6666666666666666,0.6666666666666666,0.8,0.6666666666666666,1.0,0.7543859649122807,E2 불량 시기 안 (샷 0~60),공정 값 23 + pair_pos + 샷 내 파생,선형
로지스틱 L2,47,0.7530485205190363,0.5,0.3333333333333333,0.6666666666666666,0.6666666666666666,0.2857142857142857,0.3333333333333333,0.25,0.7246376811594202,E2 불량 시기 안 (샷 0~60),공정 값 23 + pair_pos + 샷 내 파생,선형
로지스틱 L2,48,0.9317541262516107,0.7708333333333333,0.5,0.75,1.0,0.4,0.25,1.0,0.9500000000000001,E2 불량 시기 안 (샷 0~60),공정 값 23 + pair_pos + 샷 내 파생,선형
로지스틱 L2,49,0.5746096356771732,1.0,1.0,1.0,1.0,0.0,0.0,0.0,1.0,E2 불량 시기 안 (샷 0~60),공정 값 23 + pair_pos + 샷 내 파생,선형
랜덤포레스트,0,0.24994050121991299,0.875,0.75,0.75,1.0,0.38095238095238093,1.0,0.23529411764705882,0.9500000000000001,E2 불량 시기 안 (샷 0~60),공정 값 23 + pair_pos + 샷 내 파생,트리
랜덤포레스트,1,0.3922795049521053,0.7291666666666666,0.6666666666666666,0.6666666666666666,0.6666666666666666,0.5,0.6666666666666666,0.4,0.7719298245614035,E2 불량 시기 안 (샷 0~60),공정 값 23 + pair_pos + 샷 내 파생,트리
랜덤포레스트,2,0.42548672487643074,0.6143790849673203,0.6666666666666666,0.6666666666666666,0.6666666666666666,0.0,0.0,0.0,0.7826086956521738,E2 불량 시기 안 (샷 0~60),공정 값 23 + pair_pos + 샷 내 파생,트리
랜덤포레스트,3,0.11544728707538307,0.7678571428571428,0.5,0.5,1.0,0.2962962962962963,1.0,0.17391304347826086,0.9249999999999999,E2 불량 시기 안 (샷 0~60),공정 값 23 + pair_pos + 샷 내 파생,트리
랜덤포레스트,4,0.35954536775860296,0.22424242424242424,0.0,0.3333333333333333,0.3333333333333333,0.0,0.0,0.0,0.696969696969697,E2 불량 시기 안 (샷 0~60),공정 값 23 + pair_pos + 샷 내 파생,트리
랜덤포레스트,5,0.32724416577860843,0.6706730769230769,0.5,0.5,0.75,0.46153846153846156,0.75,0.3333333333333333,0.8250000000000001,E2 불량 시기 안 (샷 0~60),공정 값 23 + pair_pos + 샷 내 파생,트리
랜덤포레스트,6,0.5853774262946089,0.2435897435897436,0.3333333333333333,0.3333333333333333,0.3333333333333333,0.0,0.0,0.0,0.6811594202898551,E2 불량 시기 안 (샷 0~60),공정 값 23 + pair_pos + 샷 내 파생,트리
랜덤포레스트,7,0.22159701420583772,0.7875,0.5,0.75,0.75,0.42105263157894735,1.0,0.26666666666666666,0.9125,E2 불량 시기 안 (샷 0~60),공정 값 23 + pair_pos + 샷 내 파생,트리
랜덤포레스트,8,0.3356000988462289,1.0,1.0,1.0,1.0,0.6,1.0,0.42857142857142855,1.0,E2 불량 시기 안 (샷 0~60),공정 값 23 + pair_pos + 샷 내 파생,트리
랜덤포레스트,9,0.4515110078546611,0.5121212121212121,0.3333333333333333,0.6666666666666666,0.6666666666666666,0.0,0.0,0.0,0.6666666666666666,E2 불량 시기 안 (샷 0~60),공정 값 23 + pair_pos + 샷 내 파생,트리
랜덤포레스트,10,0.27013322788322797,0.7644230769230769,0.5,0.75,0.75,0.42105263157894735,1.0,0.26666666666666666,0.8750000000000001,E2 불량 시기 안 (샷 0~60),공정 값 23 + pair_pos + 샷 내 파생,트리
랜덤포레스트,11,0.23716279798632736,0.7666666666666666,0.6666666666666666,0.6666666666666666,0.6666666666666666,0.375,1.0,0.23076923076923078,0.8771929824561403,E2 불량 시기 안 (샷 0~60),공정 값 23 + pair_pos + 샷 내 파생,트리
랜덤포레스트,12,0.572840317090317,0.21171717171717172,0.3333333333333333,0.3333333333333333,0.3333333333333333,0.0,0.0,0.0,0.5217391304347826,E2 불량 시기 안 (샷 0~60),공정 값 23 + pair_pos + 샷 내 파생,트리
랜덤포레스트,13,0.6268575764956843,0.4588235294117647,0.3333333333333333,0.3333333333333333,0.3333333333333333,0.0,0.0,0.0,0.6666666666666666,E2 불량 시기 안 (샷 0~60),공정 값 23 + pair_pos + 샷 내 파생,트리
랜덤포레스트,14,0.47981096365508136,0.6151315789473684,0.5,0.5,0.5,0.6666666666666666,0.5,1.0,0.7,E2 불량 시기 안 (샷 0~60),공정 값 23 + pair_pos + 샷 내 파생,트리
랜덤포레스트,15,0.4913297377573694,0.15079365079365079,0.0,0.0,0.3333333333333333,0.0,0.0,0.0,0.5072463768115942,E2 불량 시기 안 (샷 0~60),공정 값 23 + pair_pos + 샷 내 파생,트리
랜덤포레스트,16,0.2061807149585283,0.7182539682539683,0.5,0.5,0.75,0.4,1.0,0.25,0.8875,E2 불량 시기 안 (샷 0~60),공정 값 23 + pair_pos + 샷 내 파생,트리
랜덤포레스트,17,0.5064818814209693,0.8026315789473684,0.75,0.75,0.75,0.6666666666666666,0.5,1.0,0.8125,E2 불량 시기 안 (샷 0~60),공정 값 23 + pair_pos + 샷 내 파생,트리
랜덤포레스트,18,0.335196693725079,0.6666666666666666,0.6666666666666666,0.6666666666666666,0.6666666666666666,0.36363636363636365,0.6666666666666666,0.25,0.8771929824561404,E2 불량 시기 안 (샷 0~60),공정 값 23 + pair_pos + 샷 내 파생,트리
랜덤포레스트,19,0.43501724700499217,0.2987012987012987,0.3333333333333333,0.3333333333333333,0.3333333333333333,0.2857142857142857,0.3333333333333333,0.25,0.6818181818181818,E2 불량 시기 안 (샷 0~60),공정 값 23 + pair_pos + 샷 내 파생,트리
랜덤포레스트,20,0.4232747521992371,0.6035714285714286,0.5,0.5,0.5,0.5714285714285714,0.5,0.6666666666666666,0.6625,E2 불량 시기 안 (샷 0~60),공정 값 23 + pair_pos + 샷 내 파생,트리
랜덤포레스트,21,0.6287408169895045,0.31666666666666665,0.3333333333333333,0.3333333333333333,0.6666666666666666,0.0,0.0,0.0,0.7246376811594203,E2 불량 시기 안 (샷 0~60),공정 값 23 + pair_pos + 샷 내 파생,트리
랜덤포레스트,22,0.26677698369168956,0.6339285714285714,0.5,0.5,0.5,0.2857142857142857,0.5,0.2,0.7625,E2 불량 시기 안 (샷 0~60),공정 값 23 + pair_pos + 샷 내 파생,트리
랜덤포레스트,23,0.34886614590832843,0.7575757575757576,0.6666666666666666,0.6666666666666666,0.6666666666666666,0.4444444444444444,0.6666666666666666,0.3333333333333333,0.8596491228070176,E2 불량 시기 안 (샷 0~60),공정 값 23 + pair_pos + 샷 내 파생,트리
랜덤포레스트,24,0.5724828468544411,0.5777777777777777,0.3333333333333333,0.6666666666666666,0.6666666666666666,0.0,0.0,0.0,0.8636363636363636,E2 불량 시기 안 (샷 0~60),공정 값 23 + pair_pos + 샷 내 파생,트리
랜덤포레스트,25,0.19148698864488342,0.8055555555555556,0.75,0.75,0.75,0.2857142857142857,0.75,0.17647058823529413,0.825,E2 불량 시기 안 (샷 0~60),공정 값 23 + pair_pos + 샷 내 파생,트리
랜덤포레스트,26,0.20812324712324706,0.7666666666666666,0.6666666666666666,0.6666666666666666,0.6666666666666666,0.2857142857142857,1.0,0.16666666666666666,0.8771929824561403,E2 불량 시기 안 (샷 0~60),공정 값 23 + pair_pos + 샷 내 파생,트리
랜덤포레스트,27,0.5800071692110154,0.6706730769230769,0.5,0.5,0.75,0.6666666666666666,0.5,1.0,0.8250000000000001,E2 불량 시기 안 (샷 0~60),공정 값 23 + pair_pos + 샷 내 파생,트리
랜덤포레스트,28,0.6233915012862381,0.6333333333333333,0.3333333333333333,1.0,1.0,0.0,0.0,0.0,0.9130434782608695,E2 불량 시기 안 (샷 0~60),공정 값 23 + pair_pos + 샷 내 파생,트리
랜덤포레스트,29,0.5704026347462877,0.33730158730158727,0.0,0.3333333333333333,1.0,0.0,0.0,0.0,0.8333333333333333,E2 불량 시기 안 (샷 0~60),공정 값 23 + pair_pos + 샷 내 파생,트리
랜덤포레스트,30,0.26783254800754797,0.606203007518797,0.5,0.5,0.5,0.3076923076923077,0.5,0.2222222222222222,0.675,E2 불량 시기 안 (샷 0~60),공정 값 23 + pair_pos + 샷 내 파생,트리
랜덤포레스트,31,0.3529709842008099,0.9166666666666665,0.6666666666666666,1.0,1.0,0.6666666666666666,1.0,0.5,0.9824561403508772,E2 불량 시기 안 (샷 0~60),공정 값 23 + pair_pos + 샷 내 파생,트리
랜덤포레스트,32,0.5384765578647933,0.17498514557338088,0.0,0.3333333333333333,0.3333333333333333,0.0,0.0,0.0,0.5942028985507246,E2 불량 시기 안 (샷 0~60),공정 값 23 + pair_pos + 샷 내 파생,트리
랜덤포레스트,33,0.48654693312384323,0.5416666666666666,0.5,0.75,0.75,0.5714285714285714,0.5,0.6666666666666666,0.8125,E2 불량 시기 안 (샷 0~60),공정 값 23 + pair_pos + 샷 내 파생,트리
랜덤포레스트,34,0.6395623615770168,0.2253968253968254,0.3333333333333333,0.3333333333333333,0.3333333333333333,0.0,0.0,0.0,0.6060606060606061,E2 불량 시기 안 (샷 0~60),공정 값 23 + pair_pos + 샷 내 파생,트리
랜덤포레스트,35,0.25336101940353845,0.8055555555555556,0.75,0.75,0.75,0.3333333333333333,0.75,0.21428571428571427,0.825,E2 불량 시기 안 (샷 0~60),공정 값 23 + pair_pos + 샷 내 파생,트리
랜덤포레스트,36,0.4387980491730492,0.20138888888888887,0.0,0.3333333333333333,0.6666666666666666,0.0,0.0,0.0,0.6521739130434782,E2 불량 시기 안 (샷 0~60),공정 값 23 + pair_pos + 샷 내 파생,트리
랜덤포레스트,37,0.3733223754945891,0.5996732026143792,0.5,0.5,0.5,0.5,0.5,0.5,0.65,E2 불량 시기 안 (샷 0~60),공정 값 23 + pair_pos + 샷 내 파생,트리
랜덤포레스트,38,0.49582789759260315,0.5888888888888889,0.6666666666666666,1.0,1.0,0.5714285714285714,0.6666666666666666,0.5,0.9298245614035088,E2 불량 시기 안 (샷 0~60),공정 값 23 + pair_pos + 샷 내 파생,트리
랜덤포레스트,39,0.6085517245045376,0.16374269005847952,0.0,0.3333333333333333,0.3333333333333333,0.0,0.0,0.0,0.49999999999999994,E2 불량 시기 안 (샷 0~60),공정 값 23 + pair_pos + 샷 내 파생,트리
랜덤포레스트,40,0.4610648050829433,0.75,0.5,0.75,0.75,0.6,0.75,0.5,0.8375,E2 불량 시기 안 (샷 0~60),공정 값 23 + pair_pos + 샷 내 파생,트리
랜덤포레스트,41,0.49391898386557814,0.9166666666666665,0.6666666666666666,1.0,1.0,0.8,0.6666666666666666,1.0,0.9824561403508772,E2 불량 시기 안 (샷 0~60),공정 값 23 + pair_pos + 샷 내 파생,트리
랜덤포레스트,42,0.5783050935992112,0.5285714285714286,0.3333333333333333,0.3333333333333333,0.6666666666666666,0.0,0.0,0.0,0.8260869565217391,E2 불량 시기 안 (샷 0~60),공정 값 23 + pair_pos + 샷 내 파생,트리
랜덤포레스트,43,0.20479045491545494,0.6103238866396761,0.5,0.5,0.5,0.2727272727272727,0.75,0.16666666666666666,0.6875,E2 불량 시기 안 (샷 0~60),공정 값 23 + pair_pos + 샷 내 파생,트리
랜덤포레스트,44,0.4024119554909027,0.20634920634920634,0.0,0.0,0.6666666666666666,0.0,0.0,0.0,0.6212121212121212,E2 불량 시기 안 (샷 0~60),공정 값 23 + pair_pos + 샷 내 파생,트리
랜덤포레스트,45,0.5304619642617061,0.417156862745098,0.25,0.75,0.75,0.0,0.0,0.0,0.7625,E2 불량 시기 안 (샷 0~60),공정 값 23 + pair_pos + 샷 내 파생,트리
랜덤포레스트,46,0.31871521833286515,0.7192982456140351,0.6666666666666666,0.6666666666666666,0.6666666666666666,0.36363636363636365,0.6666666666666666,0.25,0.7192982456140351,E2 불량 시기 안 (샷 0~60),공정 값 23 + pair_pos + 샷 내 파생,트리
랜덤포레스트,47,0.5445752522954034,0.45276292335115864,0.3333333333333333,0.3333333333333333,0.3333333333333333,0.0,0.0,0.0,0.6666666666666666,E2 불량 시기 안 (샷 0~60),공정 값 23 + pair_pos + 샷 내 파생,트리
랜덤포레스트,48,0.47758230171674415,0.3241341991341991,0.25,0.5,0.5,0.4444444444444444,0.5,0.4,0.6375,E2 불량 시기 안 (샷 0~60),공정 값 23 + pair_pos + 샷 내 파생,트리
랜덤포레스트,49,0.4147664220311278,0.30000000000000004,0.3333333333333333,0.3333333333333333,0.3333333333333333,0.0,0.0,0.0,0.6818181818181819,E2 불량 시기 안 (샷 0~60),공정 값 23 + pair_pos + 샷 내 파생,트리
엑스트라트리,0,0.3545809040563435,0.8125,0.5,0.75,1.0,0.75,0.75,0.75,0.9375,E2 불량 시기 안 (샷 0~60),공정 값 23 + pair_pos + 샷 내 파생,트리
엑스트라트리,1,0.29361482351838003,0.8095238095238095,0.6666666666666666,0.6666666666666666,1.0,0.4444444444444444,0.6666666666666666,0.3333333333333333,0.9298245614035088,E2 불량 시기 안 (샷 0~60),공정 값 23 + pair_pos + 샷 내 파생,트리
엑스트라트리,2,0.37872144800762597,0.34545454545454546,0.3333333333333333,0.6666666666666666,0.6666666666666666,0.4,0.3333333333333333,0.5,0.6666666666666666,E2 불량 시기 안 (샷 0~60),공정 값 23 + pair_pos + 샷 내 파생,트리
엑스트라트리,3,0.20946782629135552,0.6770833333333334,0.5,0.5,0.75,0.5,1.0,0.3333333333333333,0.8375,E2 불량 시기 안 (샷 0~60),공정 값 23 + pair_pos + 샷 내 파생,트리
엑스트라트리,4,0.734180727914439,0.2297979797979798,0.0,0.0,0.6666666666666666,0.0,0.0,0.0,0.7121212121212122,E2 불량 시기 안 (샷 0~60),공정 값 23 + pair_pos + 샷 내 파생,트리
엑스트라트리,5,0.2685074182024925,0.7678571428571428,0.5,0.5,1.0,0.5333333333333333,1.0,0.36363636363636365,0.9249999999999999,E2 불량 시기 안 (샷 0~60),공정 값 23 + pair_pos + 샷 내 파생,트리
엑스트라트리,6,0.5194503517534567,0.75,0.6666666666666666,0.6666666666666666,0.6666666666666666,0.0,0.0,0.0,0.8695652173913044,E2 불량 시기 안 (샷 0~60),공정 값 23 + pair_pos + 샷 내 파생,트리
엑스트라트리,7,0.1961968174714132,0.7182539682539683,0.5,0.5,0.75,0.5333333333333333,1.0,0.36363636363636365,0.8875,E2 불량 시기 안 (샷 0~60),공정 값 23 + pair_pos + 샷 내 파생,트리
엑스트라트리,8,0.2787345877679271,1.0,1.0,1.0,1.0,0.5,1.0,0.3333333333333333,1.0,E2 불량 시기 안 (샷 0~60),공정 값 23 + pair_pos + 샷 내 파생,트리
엑스트라트리,9,0.5537665218631295,0.2754901960784314,0.0,0.6666666666666666,0.6666666666666666,0.0,0.0,0.0,0.696969696969697,E2 불량 시기 안 (샷 0~60),공정 값 23 + pair_pos + 샷 내 파생,트리
엑스트라트리,10,0.20098067381313145,0.7321428571428572,0.5,0.5,1.0,0.4444444444444444,1.0,0.2857142857142857,0.9,E2 불량 시기 안 (샷 0~60),공정 값 23 + pair_pos + 샷 내 파생,트리
엑스트라트리,11,0.27054362161575746,0.75,0.6666666666666666,0.6666666666666666,0.6666666666666666,0.4444444444444444,0.6666666666666666,0.3333333333333333,0.8421052631578948,E2 불량 시기 안 (샷 0~60),공정 값 23 + pair_pos + 샷 내 파생,트리
엑스트라트리,12,0.4759001299469137,0.2777777777777778,0.0,0.6666666666666666,0.6666666666666666,0.0,0.0,0.0,0.7681159420289855,E2 불량 시기 안 (샷 0~60),공정 값 23 + pair_pos + 샷 내 파생,트리
엑스트라트리,13,0.7605227671219864,0.2934782608695652,0.3333333333333333,0.3333333333333333,0.6666666666666666,0.0,0.0,0.0,0.5909090909090908,E2 불량 시기 안 (샷 0~60),공정 값 23 + pair_pos + 샷 내 파생,트리
엑스트라트리,14,0.4657930597105295,0.6416666666666666,0.5,0.5,0.5,0.5714285714285714,0.5,0.6666666666666666,0.775,E2 불량 시기 안 (샷 0~60),공정 값 23 + pair_pos + 샷 내 파생,트리
엑스트라트리,15,0.49345626786067964,0.15595238095238095,0.0,0.0,0.3333333333333333,0.0,0.0,0.0,0.5217391304347826,E2 불량 시기 안 (샷 0~60),공정 값 23 + pair_pos + 샷 내 파생,트리
엑스트라트리,16,0.23529997270244934,0.6666666666666666,0.5,0.5,0.5,0.4,0.5,0.3333333333333333,0.825,E2 불량 시기 안 (샷 0~60),공정 값 23 + pair_pos + 샷 내 파생,트리
엑스트라트리,17,0.2838917304963095,0.6413690476190477,0.5,0.5,0.75,0.5,0.75,0.375,0.725,E2 불량 시기 안 (샷 0~60),공정 값 23 + pair_pos + 샷 내 파생,트리
엑스트라트리,18,0.3404651156441721,0.8095238095238095,0.6666666666666666,0.6666666666666666,1.0,0.6,1.0,0.42857142857142855,0.9298245614035088,E2 불량 시기 안 (샷 0~60),공정 값 23 + pair_pos + 샷 내 파생,트리
엑스트라트리,19,0.35786760644051313,0.5075757575757576,0.3333333333333333,0.3333333333333333,0.6666666666666666,0.2857142857142857,0.3333333333333333,0.25,0.7878787878787878,E2 불량 시기 안 (샷 0~60),공정 값 23 + pair_pos + 샷 내 파생,트리
엑스트라트리,20,0.2672300970922475,0.6116600790513833,0.5,0.5,0.5,0.3076923076923077,0.5,0.2222222222222222,0.6625000000000001,E2 불량 시기 안 (샷 0~60),공정 값 23 + pair_pos + 샷 내 파생,트리
엑스트라트리,21,0.6882839382839382,0.3402777777777778,0.3333333333333333,0.6666666666666666,0.6666666666666666,0.0,0.0,0.0,0.7536231884057971,E2 불량 시기 안 (샷 0~60),공정 값 23 + pair_pos + 샷 내 파생,트리
엑스트라트리,22,0.2690557970543837,0.7361111111111112,0.5,0.5,0.75,0.5,0.75,0.375,0.9,E2 불량 시기 안 (샷 0~60),공정 값 23 + pair_pos + 샷 내 파생,트리
엑스트라트리,23,0.33995720888724745,0.7333333333333334,0.6666666666666666,0.6666666666666666,0.6666666666666666,0.4444444444444444,0.6666666666666666,0.3333333333333333,0.7894736842105263,E2 불량 시기 안 (샷 0~60),공정 값 23 + pair_pos + 샷 내 파생,트리
엑스트라트리,24,0.7482046210162582,0.3611111111111111,0.3333333333333333,0.3333333333333333,0.6666666666666666,0.0,0.0,0.0,0.7878787878787878,E2 불량 시기 안 (샷 0~60),공정 값 23 + pair_pos + 샷 내 파생,트리
엑스트라트리,25,0.2305136515487824,0.7430555555555556,0.5,0.75,0.75,0.4,0.75,0.2727272727272727,0.8125,E2 불량 시기 안 (샷 0~60),공정 값 23 + pair_pos + 샷 내 파생,트리
엑스트라트리,26,0.2754096793609966,0.8333333333333333,0.6666666666666666,0.6666666666666666,1.0,0.5,1.0,0.3333333333333333,0.9473684210526315,E2 불량 시기 안 (샷 0~60),공정 값 23 + pair_pos + 샷 내 파생,트리
엑스트라트리,27,0.29440815075650645,0.6840659340659341,0.5,0.5,0.75,0.4,0.5,0.3333333333333333,0.8375,E2 불량 시기 안 (샷 0~60),공정 값 23 + pair_pos + 샷 내 파생,트리
엑스트라트리,28,0.7391227795252565,0.2972582972582972,0.3333333333333333,0.3333333333333333,0.6666666666666666,0.0,0.0,0.0,0.7826086956521738,E2 불량 시기 안 (샷 0~60),공정 값 23 + pair_pos + 샷 내 파생,트리
엑스트라트리,29,0.5418890495144609,0.7222222222222222,0.6666666666666666,0.6666666666666666,1.0,0.0,0.0,0.0,0.9393939393939394,E2 불량 시기 안 (샷 0~60),공정 값 23 + pair_pos + 샷 내 파생,트리
엑스트라트리,30,0.2370202947821994,0.6338235294117647,0.5,0.5,0.5,0.42857142857142855,0.75,0.3,0.75,E2 불량 시기 안 (샷 0~60),공정 값 23 + pair_pos + 샷 내 파생,트리
엑스트라트리,31,0.29143731446201404,0.8666666666666667,0.6666666666666666,1.0,1.0,0.6,1.0,0.42857142857142855,0.9649122807017544,E2 불량 시기 안 (샷 0~60),공정 값 23 + pair_pos + 샷 내 파생,트리
엑스트라트리,32,0.7264341059144264,0.14572649572649574,0.0,0.0,0.0,0.0,0.0,0.0,0.5072463768115942,E2 불량 시기 안 (샷 0~60),공정 값 23 + pair_pos + 샷 내 파생,트리
엑스트라트리,33,0.3424806219802274,0.6706730769230769,0.5,0.5,0.75,0.36363636363636365,0.5,0.2857142857142857,0.8250000000000001,E2 불량 시기 안 (샷 0~60),공정 값 23 + pair_pos + 샷 내 파생,트리
엑스트라트리,34,0.6976448454891365,0.3214285714285714,0.3333333333333333,0.3333333333333333,0.6666666666666666,0.0,0.0,0.0,0.7272727272727273,E2 불량 시기 안 (샷 0~60),공정 값 23 + pair_pos + 샷 내 파생,트리
엑스트라트리,35,0.24114301765568905,0.8,0.75,0.75,0.75,0.4,0.75,0.2727272727272727,0.8,E2 불량 시기 안 (샷 0~60),공정 값 23 + pair_pos + 샷 내 파생,트리
엑스트라트리,36,0.4894340861039139,0.23333333333333334,0.0,0.3333333333333333,0.3333333333333333,0.0,0.0,0.0,0.7101449275362319,E2 불량 시기 안 (샷 0~60),공정 값 23 + pair_pos + 샷 내 파생,트리
엑스트라트리,37,0.34971698052231653,0.6091269841269842,0.5,0.5,0.5,0.4444444444444444,0.5,0.4,0.6875,E2 불량 시기 안 (샷 0~60),공정 값 23 + pair_pos + 샷 내 파생,트리
엑스트라트리,38,0.32977524542918896,0.8666666666666667,0.6666666666666666,1.0,1.0,0.6666666666666666,1.0,0.5,0.9649122807017544,E2 불량 시기 안 (샷 0~60),공정 값 23 + pair_pos + 샷 내 파생,트리
엑스트라트리,39,0.34222066809149426,0.24523809523809526,0.0,0.3333333333333333,0.6666666666666666,0.0,0.0,0.0,0.6969696969696969,E2 불량 시기 안 (샷 0~60),공정 값 23 + pair_pos + 샷 내 파생,트리
엑스트라트리,40,0.48431807390511156,0.6738095238095239,0.5,0.5,0.75,0.5714285714285714,0.5,0.6666666666666666,0.8125,E2 불량 시기 안 (샷 0~60),공정 값 23 + pair_pos + 샷 내 파생,트리
엑스트라트리,41,0.322746219531937,1.0,1.0,1.0,1.0,0.6,1.0,0.42857142857142855,1.0,E2 불량 시기 안 (샷 0~60),공정 값 23 + pair_pos + 샷 내 파생,트리
엑스트라트리,42,0.7037131382829057,0.5,0.6666666666666666,0.6666666666666666,0.6666666666666666,0.0,0.0,0.0,0.8840579710144927,E2 불량 시기 안 (샷 0~60),공정 값 23 + pair_pos + 샷 내 파생,트리
엑스트라트리,43,0.21459845084729878,0.6375,0.5,0.5,0.5,0.3076923076923077,0.5,0.2222222222222222,0.7625,E2 불량 시기 안 (샷 0~60),공정 값 23 + pair_pos + 샷 내 파생,트리
엑스트라트리,44,0.43572962188912207,0.17777777777777778,0.0,0.0,0.3333333333333333,0.0,0.0,0.0,0.5757575757575757,E2 불량 시기 안 (샷 0~60),공정 값 23 + pair_pos + 샷 내 파생,트리
엑스트라트리,45,0.25585528678407926,0.698051948051948,0.5,0.5,0.75,0.5,0.75,0.375,0.8625,E2 불량 시기 안 (샷 0~60),공정 값 23 + pair_pos + 샷 내 파생,트리
엑스트라트리,46,0.19032375290372075,0.7291666666666666,0.6666666666666666,0.6666666666666666,0.6666666666666666,0.2857142857142857,0.6666666666666666,0.18181818181818182,0.7719298245614035,E2 불량 시기 안 (샷 0~60),공정 값 23 + pair_pos + 샷 내 파생,트리
엑스트라트리,47,0.4915721881490154,0.2777777777777778,0.3333333333333333,0.3333333333333333,0.6666666666666666,0.0,0.0,0.0,0.7391304347826086,E2 불량 시기 안 (샷 0~60),공정 값 23 + pair_pos + 샷 내 파생,트리
엑스트라트리,48,0.3241571607375583,0.6458333333333333,0.5,0.5,0.5,0.3333333333333333,0.5,0.25,0.775,E2 불량 시기 안 (샷 0~60),공정 값 23 + pair_pos + 샷 내 파생,트리
엑스트라트리,49,0.6928827975111004,0.19166666666666668,0.0,0.0,0.3333333333333333,0.0,0.0,0.0,0.6363636363636362,E2 불량 시기 안 (샷 0~60),공정 값 23 + pair_pos + 샷 내 파생,트리
GradientBoosting,0,0.016770096406884257,0.7986111111111112,0.5,0.75,0.75,0.5,0.75,0.375,0.925,E2 불량 시기 안 (샷 0~60),공정 값 23 + pair_pos + 샷 내 파생,부스팅
GradientBoosting,1,0.13379883981110866,0.7435897435897436,0.6666666666666666,0.6666666666666666,0.6666666666666666,0.5714285714285714,0.6666666666666666,0.5,0.8245614035087719,E2 불량 시기 안 (샷 0~60),공정 값 23 + pair_pos + 샷 내 파생,부스팅
GradientBoosting,2,0.7372039376319397,0.5476190476190476,0.3333333333333333,0.6666666666666666,0.6666666666666666,0.4,0.3333333333333333,0.5,0.7101449275362318,E2 불량 시기 안 (샷 0~60),공정 값 23 + pair_pos + 샷 내 파생,부스팅
GradientBoosting,3,0.03642995491186622,0.7361111111111112,0.5,0.5,0.75,0.5,0.5,0.5,0.9,E2 불량 시기 안 (샷 0~60),공정 값 23 + pair_pos + 샷 내 파생,부스팅
GradientBoosting,4,0.521895925764086,0.21746031746031746,0.0,0.0,0.6666666666666666,0.0,0.0,0.0,0.6666666666666666,E2 불량 시기 안 (샷 0~60),공정 값 23 + pair_pos + 샷 내 파생,부스팅
GradientBoosting,5,0.006359079689794305,0.6875,0.5,0.5,0.75,0.46153846153846156,0.75,0.3333333333333333,0.8125,E2 불량 시기 안 (샷 0~60),공정 값 23 + pair_pos + 샷 내 파생,부스팅
GradientBoosting,6,0.6197956051064731,0.2409090909090909,0.0,0.3333333333333333,0.6666666666666666,0.0,0.0,0.0,0.7391304347826088,E2 불량 시기 안 (샷 0~60),공정 값 23 + pair_pos + 샷 내 파생,부스팅
GradientBoosting,7,0.045958236090678124,0.8125,0.5,0.75,1.0,0.75,0.75,0.75,0.9375,E2 불량 시기 안 (샷 0~60),공정 값 23 + pair_pos + 샷 내 파생,부스팅
GradientBoosting,8,0.0655415050151843,0.9166666666666665,0.6666666666666666,1.0,1.0,0.75,1.0,0.6,0.9824561403508772,E2 불량 시기 안 (샷 0~60),공정 값 23 + pair_pos + 샷 내 파생,부스팅
GradientBoosting,9,0.8137460837036226,0.3035714285714286,0.3333333333333333,0.3333333333333333,0.6666666666666666,0.0,0.0,0.0,0.5909090909090908,E2 불량 시기 안 (샷 0~60),공정 값 23 + pair_pos + 샷 내 파생,부스팅
GradientBoosting,10,0.017065006148697482,0.7611111111111112,0.5,0.75,0.75,0.6,0.75,0.5,0.9125,E2 불량 시기 안 (샷 0~60),공정 값 23 + pair_pos + 샷 내 파생,부스팅
GradientBoosting,11,0.003312556841843042,0.7575757575757576,0.6666666666666666,0.6666666666666666,0.6666666666666666,0.4,1.0,0.25,0.8596491228070176,E2 불량 시기 안 (샷 0~60),공정 값 23 + pair_pos + 샷 내 파생,부스팅
GradientBoosting,12,0.12461894041918509,0.4201680672268907,0.3333333333333333,0.3333333333333333,0.3333333333333333,0.3333333333333333,0.3333333333333333,0.3333333333333333,0.5217391304347826,E2 불량 시기 안 (샷 0~60),공정 값 23 + pair_pos + 샷 내 파생,부스팅
GradientBoosting,13,0.6922873161047364,0.4629629629629629,0.3333333333333333,0.3333333333333333,0.3333333333333333,0.5,0.3333333333333333,1.0,0.6666666666666666,E2 불량 시기 안 (샷 0~60),공정 값 23 + pair_pos + 샷 내 파생,부스팅
GradientBoosting,14,0.39489217404278026,0.34226190476190477,0.25,0.25,0.5,0.0,0.0,0.0,0.7,E2 불량 시기 안 (샷 0~60),공정 값 23 + pair_pos + 샷 내 파생,부스팅
GradientBoosting,15,0.2668897088793122,0.20286195286195285,0.0,0.3333333333333333,0.3333333333333333,0.0,0.0,0.0,0.5797101449275363,E2 불량 시기 안 (샷 0~60),공정 값 23 + pair_pos + 샷 내 파생,부스팅
GradientBoosting,16,0.0032172955553868357,0.6846590909090909,0.5,0.5,0.75,0.5,1.0,0.3333333333333333,0.85,E2 불량 시기 안 (샷 0~60),공정 값 23 + pair_pos + 샷 내 파생,부스팅
GradientBoosting,17,0.5872314697980667,0.75,0.5,0.75,0.75,0.4,0.25,1.0,0.8999999999999999,E2 불량 시기 안 (샷 0~60),공정 값 23 + pair_pos + 샷 내 파생,부스팅
GradientBoosting,18,0.04811155442233354,0.8095238095238095,0.6666666666666666,0.6666666666666666,1.0,0.5714285714285714,0.6666666666666666,0.5,0.9298245614035088,E2 불량 시기 안 (샷 0~60),공정 값 23 + pair_pos + 샷 내 파생,부스팅
GradientBoosting,19,0.4673415468130421,0.4843304843304843,0.3333333333333333,0.3333333333333333,0.3333333333333333,0.5,0.3333333333333333,1.0,0.7424242424242424,E2 불량 시기 안 (샷 0~60),공정 값 23 + pair_pos + 샷 내 파생,부스팅
GradientBoosting,20,0.24576540475092126,0.5018115942028986,0.25,0.5,0.5,0.2857142857142857,0.25,0.3333333333333333,0.6625,E2 불량 시기 안 (샷 0~60),공정 값 23 + pair_pos + 샷 내 파생,부스팅
GradientBoosting,21,0.019206506688833197,0.2417027417027417,0.0,0.3333333333333333,0.6666666666666666,0.42857142857142855,1.0,0.2727272727272727,0.7391304347826086,E2 불량 시기 안 (샷 0~60),공정 값 23 + pair_pos + 샷 내 파생,부스팅
GradientBoosting,22,0.021829937648622587,0.6838235294117647,0.5,0.5,0.75,0.4444444444444444,0.5,0.4,0.8,E2 불량 시기 안 (샷 0~60),공정 값 23 + pair_pos + 샷 내 파생,부스팅
GradientBoosting,23,0.07451717621938378,0.7777777777777777,0.6666666666666666,0.6666666666666666,0.6666666666666666,0.5,0.6666666666666666,0.4,0.8947368421052632,E2 불량 시기 안 (샷 0~60),공정 값 23 + pair_pos + 샷 내 파생,부스팅
GradientBoosting,24,0.24772260509907584,0.6388888888888888,0.6666666666666666,0.6666666666666666,0.6666666666666666,0.5,0.3333333333333333,1.0,0.8484848484848484,E2 불량 시기 안 (샷 0~60),공정 값 23 + pair_pos + 샷 내 파생,부스팅
GradientBoosting,25,0.000547220223020112,0.8055555555555556,0.75,0.75,0.75,0.35294117647058826,0.75,0.23076923076923078,0.825,E2 불량 시기 안 (샷 0~60),공정 값 23 + pair_pos + 샷 내 파생,부스팅
GradientBoosting,26,0.0027531216304159016,0.8333333333333333,0.6666666666666666,0.6666666666666666,1.0,0.35294117647058826,1.0,0.21428571428571427,0.9473684210526315,E2 불량 시기 안 (샷 0~60),공정 값 23 + pair_pos + 샷 내 파생,부스팅
GradientBoosting,27,0.12351164759467056,0.6666666666666666,0.5,0.75,0.75,0.5714285714285714,0.5,0.6666666666666666,0.8875,E2 불량 시기 안 (샷 0~60),공정 값 23 + pair_pos + 샷 내 파생,부스팅
GradientBoosting,28,0.521743903876297,0.5777777777777777,0.3333333333333333,0.6666666666666666,0.6666666666666666,0.4,0.3333333333333333,0.5,0.8695652173913043,E2 불량 시기 안 (샷 0~60),공정 값 23 + pair_pos + 샷 내 파생,부스팅
GradientBoosting,29,0.4394875198085733,0.2297979797979798,0.0,0.0,0.6666666666666666,0.0,0.0,0.0,0.7121212121212122,E2 불량 시기 안 (샷 0~60),공정 값 23 + pair_pos + 샷 내 파생,부스팅
GradientBoosting,30,0.0009237559427707814,0.5368589743589743,0.5,0.5,0.5,0.25,0.5,0.16666666666666666,0.7125,E2 불량 시기 안 (샷 0~60),공정 값 23 + pair_pos + 샷 내 파생,부스팅
GradientBoosting,31,0.07580384848422256,0.8666666666666667,0.6666666666666666,1.0,1.0,0.6,1.0,0.42857142857142855,0.9649122807017544,E2 불량 시기 안 (샷 0~60),공정 값 23 + pair_pos + 샷 내 파생,부스팅
GradientBoosting,32,0.017945713126508757,0.20138888888888887,0.0,0.3333333333333333,0.6666666666666666,0.0,0.0,0.0,0.6521739130434782,E2 불량 시기 안 (샷 0~60),공정 값 23 + pair_pos + 샷 내 파생,부스팅
GradientBoosting,33,0.2923138478026996,0.6185897435897436,0.5,0.5,0.75,0.5714285714285714,0.5,0.6666666666666666,0.8375000000000001,E2 불량 시기 안 (샷 0~60),공정 값 23 + pair_pos + 샷 내 파생,부스팅
GradientBoosting,34,0.15438909629996495,0.4366013071895425,0.3333333333333333,0.3333333333333333,0.3333333333333333,0.3333333333333333,0.3333333333333333,0.3333333333333333,0.5909090909090908,E2 불량 시기 안 (샷 0~60),공정 값 23 + pair_pos + 샷 내 파생,부스팅
GradientBoosting,35,0.008076877660404163,0.7954545454545454,0.75,0.75,0.75,0.46153846153846156,0.75,0.3333333333333333,0.775,E2 불량 시기 안 (샷 0~60),공정 값 23 + pair_pos + 샷 내 파생,부스팅
GradientBoosting,36,0.3136958841064915,0.30000000000000004,0.0,0.6666666666666666,0.6666666666666666,0.0,0.0,0.0,0.782608695652174,E2 불량 시기 안 (샷 0~60),공정 값 23 + pair_pos + 샷 내 파생,부스팅
GradientBoosting,37,0.008110078025590196,0.6833333333333333,0.5,0.5,0.5,0.46153846153846156,0.75,0.3333333333333333,0.85,E2 불량 시기 안 (샷 0~60),공정 값 23 + pair_pos + 샷 내 파생,부스팅
GradientBoosting,38,0.21897428052765336,0.7222222222222222,0.6666666666666666,0.6666666666666666,1.0,0.4,0.3333333333333333,0.5,0.9298245614035088,E2 불량 시기 안 (샷 0~60),공정 값 23 + pair_pos + 샷 내 파생,부스팅
GradientBoosting,39,0.11199735659700788,0.261437908496732,0.3333333333333333,0.3333333333333333,0.3333333333333333,0.4,0.3333333333333333,0.5,0.5303030303030303,E2 불량 시기 안 (샷 0~60),공정 값 23 + pair_pos + 샷 내 파생,부스팅
GradientBoosting,40,0.023317305243731767,0.8928571428571428,0.75,0.75,1.0,0.7272727272727273,1.0,0.5714285714285714,0.9624999999999999,E2 불량 시기 안 (샷 0~60),공정 값 23 + pair_pos + 샷 내 파생,부스팅
GradientBoosting,41,0.22976267105797574,0.5873015873015872,0.3333333333333333,0.3333333333333333,1.0,0.5,0.3333333333333333,1.0,0.8596491228070176,E2 불량 시기 안 (샷 0~60),공정 값 23 + pair_pos + 샷 내 파생,부스팅
GradientBoosting,42,0.45978492218798017,0.4666666666666667,0.3333333333333333,1.0,1.0,0.0,0.0,0.0,0.8985507246376812,E2 불량 시기 안 (샷 0~60),공정 값 23 + pair_pos + 샷 내 파생,부스팅
GradientBoosting,43,0.003742488275727989,0.7019230769230769,0.5,0.5,0.75,0.42105263157894735,1.0,0.26666666666666666,0.8500000000000001,E2 불량 시기 안 (샷 0~60),공정 값 23 + pair_pos + 샷 내 파생,부스팅
GradientBoosting,44,0.0040762849566700655,0.2222222222222222,0.0,0.3333333333333333,0.6666666666666666,0.3333333333333333,0.6666666666666666,0.2222222222222222,0.6363636363636364,E2 불량 시기 안 (샷 0~60),공정 값 23 + pair_pos + 샷 내 파생,부스팅
GradientBoosting,45,0.02163703998182945,0.8125,0.5,0.75,1.0,0.6666666666666666,0.75,0.6,0.9375,E2 불량 시기 안 (샷 0~60),공정 값 23 + pair_pos + 샷 내 파생,부스팅
GradientBoosting,46,0.006210110310402627,0.7121212121212122,0.6666666666666666,0.6666666666666666,0.6666666666666666,0.36363636363636365,0.6666666666666666,0.25,0.6666666666666666,E2 불량 시기 안 (샷 0~60),공정 값 23 + pair_pos + 샷 내 파생,부스팅
GradientBoosting,47,0.32527721912080565,0.4629629629629629,0.3333333333333333,0.3333333333333333,0.3333333333333333,0.4,0.3333333333333333,0.5,0.681159420289855,E2 불량 시기 안 (샷 0~60),공정 값 23 + pair_pos + 샷 내 파생,부스팅
GradientBoosting,48,0.002528518333133629,0.3598484848484848,0.25,0.5,0.5,0.4444444444444444,1.0,0.2857142857142857,0.75,E2 불량 시기 안 (샷 0~60),공정 값 23 + pair_pos + 샷 내 파생,부스팅
GradientBoosting,49,0.4176794806835431,0.4,0.3333333333333333,0.6666666666666666,0.6666666666666666,0.0,0.0,0.0,0.7727272727272727,E2 불량 시기 안 (샷 0~60),공정 값 23 + pair_pos + 샷 내 파생,부스팅
HistGradientBoosting,0,0.8851391785471612,0.8041666666666667,0.5,1.0,1.0,0.0,0.0,0.0,0.9624999999999999,E2 불량 시기 안 (샷 0~60),공정 값 23 + pair_pos + 샷 내 파생,부스팅
HistGradientBoosting,1,0.036114232366987326,0.45833333333333326,0.3333333333333333,0.6666666666666666,0.6666666666666666,0.3333333333333333,0.3333333333333333,0.3333333333333333,0.8596491228070176,E2 불량 시기 안 (샷 0~60),공정 값 23 + pair_pos + 샷 내 파생,부스팅
HistGradientBoosting,2,0.12011107221710073,0.7066666666666666,0.6666666666666666,0.6666666666666666,0.6666666666666666,0.6666666666666666,0.6666666666666666,0.6666666666666666,0.681159420289855,E2 불량 시기 안 (샷 0~60),공정 값 23 + pair_pos + 샷 내 파생,부스팅
HistGradientBoosting,3,0.005059196956813349,0.725,0.5,0.5,0.75,0.47058823529411764,1.0,0.3076923076923077,0.8875,E2 불량 시기 안 (샷 0~60),공정 값 23 + pair_pos + 샷 내 파생,부스팅
HistGradientBoosting,4,0.23020484104412053,0.14027777777777778,0.0,0.0,0.0,0.0,0.0,0.0,0.46969696969696967,E2 불량 시기 안 (샷 0~60),공정 값 23 + pair_pos + 샷 내 파생,부스팅
HistGradientBoosting,5,0.00230202641671838,0.7071428571428571,0.5,0.5,0.75,0.5,1.0,0.3333333333333333,0.875,E2 불량 시기 안 (샷 0~60),공정 값 23 + pair_pos + 샷 내 파생,부스팅
HistGradientBoosting,6,0.09140210124937674,0.7555555555555555,0.6666666666666666,1.0,1.0,0.6666666666666666,0.6666666666666666,0.6666666666666666,0.9565217391304348,E2 불량 시기 안 (샷 0~60),공정 값 23 + pair_pos + 샷 내 파생,부스팅
HistGradientBoosting,7,0.09963476124711705,0.7875,0.5,0.75,0.75,0.5714285714285714,0.5,0.6666666666666666,0.9125,E2 불량 시기 안 (샷 0~60),공정 값 23 + pair_pos + 샷 내 파생,부스팅
HistGradientBoosting,8,0.0757991016242111,1.0,1.0,1.0,1.0,0.8,0.6666666666666666,1.0,1.0,E2 불량 시기 안 (샷 0~60),공정 값 23 + pair_pos + 샷 내 파생,부스팅
HistGradientBoosting,9,0.002155064500452778,0.4343434343434343,0.3333333333333333,0.3333333333333333,0.3333333333333333,0.16666666666666666,0.3333333333333333,0.1111111111111111,0.5606060606060606,E2 불량 시기 안 (샷 0~60),공정 값 23 + pair_pos + 샷 내 파생,부스팅
HistGradientBoosting,10,0.0004658220442268627,0.7375,0.5,0.75,0.75,0.4,0.75,0.2727272727272727,0.7875,E2 불량 시기 안 (샷 0~60),공정 값 23 + pair_pos + 샷 내 파생,부스팅
HistGradientBoosting,11,0.23409886739664637,0.9166666666666665,0.6666666666666666,1.0,1.0,0.8571428571428571,1.0,0.75,0.9824561403508772,E2 불량 시기 안 (샷 0~60),공정 값 23 + pair_pos + 샷 내 파생,부스팅
HistGradientBoosting,12,0.2972931307991441,0.3242424242424242,0.3333333333333333,0.3333333333333333,0.3333333333333333,0.3333333333333333,0.3333333333333333,0.3333333333333333,0.7536231884057971,E2 불량 시기 안 (샷 0~60),공정 값 23 + pair_pos + 샷 내 파생,부스팅
HistGradientBoosting,13,0.3310557854069696,0.4276315789473684,0.3333333333333333,0.3333333333333333,0.3333333333333333,0.4,0.3333333333333333,0.5,0.5454545454545454,E2 불량 시기 안 (샷 0~60),공정 값 23 + pair_pos + 샷 내 파생,부스팅
HistGradientBoosting,14,0.381348968618761,0.6348484848484848,0.5,0.5,0.5,0.5714285714285714,0.5,0.6666666666666666,0.7625,E2 불량 시기 안 (샷 0~60),공정 값 23 + pair_pos + 샷 내 파생,부스팅
HistGradientBoosting,15,0.3452545100854088,0.15175438596491228,0.0,0.3333333333333333,0.3333333333333333,0.0,0.0,0.0,0.4492753623188406,E2 불량 시기 안 (샷 0~60),공정 값 23 + pair_pos + 샷 내 파생,부스팅
HistGradientBoosting,16,0.008016336178060145,0.875,0.75,0.75,1.0,0.75,0.75,0.75,0.9500000000000001,E2 불량 시기 안 (샷 0~60),공정 값 23 + pair_pos + 샷 내 파생,부스팅
HistGradientBoosting,17,0.5540617355782903,0.7166666666666667,0.5,0.75,0.75,0.4,0.25,1.0,0.8374999999999999,E2 불량 시기 안 (샷 0~60),공정 값 23 + pair_pos + 샷 내 파생,부스팅
HistGradientBoosting,18,0.06947719031588273,0.6388888888888888,0.6666666666666666,1.0,1.0,0.75,1.0,0.6,0.9473684210526316,E2 불량 시기 안 (샷 0~60),공정 값 23 + pair_pos + 샷 내 파생,부스팅
HistGradientBoosting,19,0.17461020061866875,0.2676767676767677,0.3333333333333333,0.3333333333333333,0.3333333333333333,0.4,0.3333333333333333,0.5,0.5454545454545454,E2 불량 시기 안 (샷 0~60),공정 값 23 + pair_pos + 샷 내 파생,부스팅
HistGradientBoosting,20,0.032096258393062384,0.2901785714285714,0.25,0.25,0.75,0.2857142857142857,0.25,0.3333333333333333,0.6,E2 불량 시기 안 (샷 0~60),공정 값 23 + pair_pos + 샷 내 파생,부스팅
HistGradientBoosting,21,0.8543669193536673,0.3492063492063492,0.3333333333333333,0.6666666666666666,0.6666666666666666,0.4,0.3333333333333333,0.5,0.7681159420289855,E2 불량 시기 안 (샷 0~60),공정 값 23 + pair_pos + 샷 내 파생,부스팅
HistGradientBoosting,22,0.0014212053342569021,0.8166666666666667,0.75,0.75,0.75,0.4,0.75,0.2727272727272727,0.8625,E2 불량 시기 안 (샷 0~60),공정 값 23 + pair_pos + 샷 내 파생,부스팅
HistGradientBoosting,23,0.029807644280691943,0.75,0.6666666666666666,0.6666666666666666,0.6666666666666666,0.5,0.6666666666666666,0.4,0.8421052631578948,E2 불량 시기 안 (샷 0~60),공정 값 23 + pair_pos + 샷 내 파생,부스팅
HistGradientBoosting,24,0.2711711835384474,0.5,0.3333333333333333,0.3333333333333333,0.6666666666666666,0.4,0.3333333333333333,0.5,0.7727272727272727,E2 불량 시기 안 (샷 0~60),공정 값 23 + pair_pos + 샷 내 파생,부스팅
HistGradientBoosting,25,0.0561895285796668,0.8,0.75,0.75,0.75,0.6666666666666666,0.75,0.6,0.8,E2 불량 시기 안 (샷 0~60),공정 값 23 + pair_pos + 샷 내 파생,부스팅
HistGradientBoosting,26,0.03516962993421787,0.7916666666666666,0.6666666666666666,0.6666666666666666,0.6666666666666666,0.5714285714285714,0.6666666666666666,0.5,0.912280701754386,E2 불량 시기 안 (샷 0~60),공정 값 23 + pair_pos + 샷 내 파생,부스팅
HistGradientBoosting,27,0.9909637014184511,0.875,0.75,0.75,1.0,0.0,0.0,0.0,0.9500000000000001,E2 불량 시기 안 (샷 0~60),공정 값 23 + pair_pos + 샷 내 파생,부스팅
HistGradientBoosting,28,0.9956405105150585,0.5119047619047619,0.3333333333333333,0.3333333333333333,0.6666666666666666,0.0,0.0,0.0,0.7971014492753623,E2 불량 시기 안 (샷 0~60),공정 값 23 + pair_pos + 샷 내 파생,부스팅
HistGradientBoosting,29,0.7592359003071085,0.8095238095238095,0.6666666666666666,0.6666666666666666,1.0,0.5,0.3333333333333333,1.0,0.9393939393939393,E2 불량 시기 안 (샷 0~60),공정 값 23 + pair_pos + 샷 내 파생,부스팅
HistGradientBoosting,30,0.3244545047559643,0.41299019607843135,0.5,0.5,0.5,0.5714285714285714,0.5,0.6666666666666666,0.7,E2 불량 시기 안 (샷 0~60),공정 값 23 + pair_pos + 샷 내 파생,부스팅
HistGradientBoosting,31,0.008779643821257692,1.0,1.0,1.0,1.0,0.6666666666666666,1.0,0.5,1.0,E2 불량 시기 안 (샷 0~60),공정 값 23 + pair_pos + 샷 내 파생,부스팅
HistGradientBoosting,32,0.4202356697222895,0.2777777777777778,0.0,0.6666666666666666,0.6666666666666666,0.0,0.0,0.0,0.782608695652174,E2 불량 시기 안 (샷 0~60),공정 값 23 + pair_pos + 샷 내 파생,부스팅
HistGradientBoosting,33,0.5734489749591553,0.5726190476190476,0.25,0.75,0.75,0.4,0.25,1.0,0.7375,E2 불량 시기 안 (샷 0~60),공정 값 23 + pair_pos + 샷 내 파생,부스팅
HistGradientBoosting,34,0.8074955077715933,0.2707509881422925,0.3333333333333333,0.3333333333333333,0.3333333333333333,0.4,0.3333333333333333,0.5,0.5454545454545454,E2 불량 시기 안 (샷 0~60),공정 값 23 + pair_pos + 샷 내 파생,부스팅
HistGradientBoosting,35,0.01685810958505067,0.7916666666666666,0.75,0.75,0.75,0.6,0.75,0.5,0.75,E2 불량 시기 안 (샷 0~60),공정 값 23 + pair_pos + 샷 내 파생,부스팅
HistGradientBoosting,36,0.5146344125507499,0.2240740740740741,0.0,0.3333333333333333,0.3333333333333333,0.0,0.0,0.0,0.7101449275362319,E2 불량 시기 안 (샷 0~60),공정 값 23 + pair_pos + 샷 내 파생,부스팅
HistGradientBoosting,37,0.23861546964606156,0.6651785714285714,0.5,0.5,0.75,0.6666666666666666,0.5,1.0,0.8125,E2 불량 시기 안 (샷 0~60),공정 값 23 + pair_pos + 샷 내 파생,부스팅
HistGradientBoosting,38,0.405221237352172,0.8095238095238095,0.6666666666666666,0.6666666666666666,1.0,0.8,0.6666666666666666,1.0,0.9298245614035088,E2 불량 시기 안 (샷 0~60),공정 값 23 + pair_pos + 샷 내 파생,부스팅
HistGradientBoosting,39,0.013078574800432494,0.2058714232627276,0.3333333333333333,0.3333333333333333,0.3333333333333333,0.2857142857142857,0.3333333333333333,0.25,0.5,E2 불량 시기 안 (샷 0~60),공정 값 23 + pair_pos + 샷 내 파생,부스팅
HistGradientBoosting,40,0.021557913382292435,0.7361111111111112,0.5,0.5,0.75,0.6,0.75,0.5,0.9,E2 불량 시기 안 (샷 0~60),공정 값 23 + pair_pos + 샷 내 파생,부스팅
HistGradientBoosting,41,0.08746413748271062,0.9166666666666665,0.6666666666666666,1.0,1.0,0.75,1.0,0.6,0.9824561403508772,E2 불량 시기 안 (샷 0~60),공정 값 23 + pair_pos + 샷 내 파생,부스팅
HistGradientBoosting,42,0.10409449731803935,0.47857142857142854,0.3333333333333333,0.3333333333333333,0.6666666666666666,0.4,0.3333333333333333,0.5,0.6811594202898551,E2 불량 시기 안 (샷 0~60),공정 값 23 + pair_pos + 샷 내 파생,부스팅
HistGradientBoosting,43,0.00798987684941437,0.7019230769230769,0.5,0.5,0.75,0.5714285714285714,0.5,0.6666666666666666,0.8500000000000001,E2 불량 시기 안 (샷 0~60),공정 값 23 + pair_pos + 샷 내 파생,부스팅
HistGradientBoosting,44,0.47910623297212546,0.24523809523809526,0.0,0.3333333333333333,0.6666666666666666,0.0,0.0,0.0,0.6969696969696969,E2 불량 시기 안 (샷 0~60),공정 값 23 + pair_pos + 샷 내 파생,부스팅
HistGradientBoosting,45,0.6531874624130471,0.29645445134575565,0.0,0.25,0.75,0.0,0.0,0.0,0.625,E2 불량 시기 안 (샷 0~60),공정 값 23 + pair_pos + 샷 내 파생,부스팅
HistGradientBoosting,46,0.008715038622816414,0.7166666666666666,0.6666666666666666,0.6666666666666666,0.6666666666666666,0.4444444444444444,0.6666666666666666,0.3333333333333333,0.7017543859649122,E2 불량 시기 안 (샷 0~60),공정 값 23 + pair_pos + 샷 내 파생,부스팅
HistGradientBoosting,47,0.7621097554697246,0.21171717171717172,0.3333333333333333,0.3333333333333333,0.3333333333333333,0.0,0.0,0.0,0.5217391304347826,E2 불량 시기 안 (샷 0~60),공정 값 23 + pair_pos + 샷 내 파생,부스팅
HistGradientBoosting,48,0.14992074699125124,0.4101449275362319,0.5,0.5,0.5,0.5,0.5,0.5,0.65,E2 불량 시기 안 (샷 0~60),공정 값 23 + pair_pos + 샷 내 파생,부스팅
HistGradientBoosting,49,0.03921752197595379,0.7916666666666666,0.6666666666666666,0.6666666666666666,1.0,0.0,0.0,0.0,0.9242424242424242,E2 불량 시기 안 (샷 0~60),공정 값 23 + pair_pos + 샷 내 파생,부스팅
XGBoost,0,0.06105298548936844,0.875,0.75,0.75,1.0,0.5454545454545454,0.75,0.42857142857142855,0.9500000000000001,E2 불량 시기 안 (샷 0~60),공정 값 23 + pair_pos + 샷 내 파생,부스팅
XGBoost,1,0.4335341453552246,0.41666666666666663,0.3333333333333333,0.6666666666666666,0.6666666666666666,0.5714285714285714,0.6666666666666666,0.5,0.7894736842105263,E2 불량 시기 안 (샷 0~60),공정 값 23 + pair_pos + 샷 내 파생,부스팅
XGBoost,2,0.823698878288269,0.2601449275362319,0.0,0.6666666666666666,0.6666666666666666,0.0,0.0,0.0,0.6231884057971014,E2 불량 시기 안 (샷 0~60),공정 값 23 + pair_pos + 샷 내 파생,부스팅
XGBoost,3,0.4278448820114136,0.8166666666666667,0.5,0.75,1.0,0.6666666666666666,0.75,0.6,0.9500000000000001,E2 불량 시기 안 (샷 0~60),공정 값 23 + pair_pos + 샷 내 파생,부스팅
XGBoost,4,0.2612529695034027,0.38333333333333336,0.0,0.6666666666666666,1.0,0.0,0.0,0.0,0.8636363636363636,E2 불량 시기 안 (샷 0~60),공정 값 23 + pair_pos + 샷 내 파생,부스팅
XGBoost,5,0.06187562271952629,0.5845238095238094,0.5,0.75,1.0,0.5333333333333333,1.0,0.36363636363636365,0.9125,E2 불량 시기 안 (샷 0~60),공정 값 23 + pair_pos + 샷 내 파생,부스팅
XGBoost,6,0.4734692871570587,0.3686868686868687,0.3333333333333333,0.6666666666666666,0.6666666666666666,0.4,0.6666666666666666,0.2857142857142857,0.8260869565217391,E2 불량 시기 안 (샷 0~60),공정 값 23 + pair_pos + 샷 내 파생,부스팅
XGBoost,7,0.05381224304437637,0.8875,0.5,1.0,1.0,0.5714285714285714,1.0,0.4,0.975,E2 불량 시기 안 (샷 0~60),공정 값 23 + pair_pos + 샷 내 파생,부스팅
XGBoost,8,0.16303861141204834,0.8666666666666667,0.6666666666666666,1.0,1.0,0.6666666666666666,0.6666666666666666,0.6666666666666666,0.9649122807017544,E2 불량 시기 안 (샷 0~60),공정 값 23 + pair_pos + 샷 내 파생,부스팅
XGBoost,9,0.16055753827095032,0.601010101010101,0.6666666666666666,0.6666666666666666,0.6666666666666666,0.5,0.6666666666666666,0.4,0.6969696969696969,E2 불량 시기 안 (샷 0~60),공정 값 23 + pair_pos + 샷 내 파생,부스팅
XGBoost,10,0.04469059035181999,0.8166666666666667,0.5,0.75,1.0,0.5714285714285714,1.0,0.4,0.9500000000000001,E2 불량 시기 안 (샷 0~60),공정 값 23 + pair_pos + 샷 내 파생,부스팅
XGBoost,11,0.05516568571329117,0.6388888888888888,0.6666666666666666,1.0,1.0,0.6666666666666666,1.0,0.5,0.9473684210526316,E2 불량 시기 안 (샷 0~60),공정 값 23 + pair_pos + 샷 내 파생,부스팅
XGBoost,12,0.5413371920585632,0.23054070112893643,0.3333333333333333,0.3333333333333333,0.3333333333333333,0.3333333333333333,0.3333333333333333,0.3333333333333333,0.6376811594202898,E2 불량 시기 안 (샷 0~60),공정 값 23 + pair_pos + 샷 내 파생,부스팅
XGBoost,13,0.7056100368499756,0.474025974025974,0.3333333333333333,0.3333333333333333,0.6666666666666666,0.3333333333333333,0.3333333333333333,0.3333333333333333,0.6363636363636362,E2 불량 시기 안 (샷 0~60),공정 값 23 + pair_pos + 샷 내 파생,부스팅
XGBoost,14,0.35430312156677246,0.5060876623376623,0.25,0.25,0.75,0.2,0.25,0.16666666666666666,0.7875,E2 불량 시기 안 (샷 0~60),공정 값 23 + pair_pos + 샷 내 파생,부스팅
XGBoost,15,0.2760821282863617,0.6055555555555555,0.6666666666666666,0.6666666666666666,0.6666666666666666,0.5714285714285714,0.6666666666666666,0.5,0.7391304347826086,E2 불량 시기 안 (샷 0~60),공정 값 23 + pair_pos + 샷 내 파생,부스팅
XGBoost,16,0.0958775132894516,0.8303571428571428,0.5,0.75,1.0,0.6666666666666666,0.75,0.6,0.95,E2 불량 시기 안 (샷 0~60),공정 값 23 + pair_pos + 샷 내 파생,부스팅
XGBoost,17,0.489236980676651,0.7611111111111112,0.5,0.75,0.75,0.5714285714285714,0.5,0.6666666666666666,0.9125,E2 불량 시기 안 (샷 0~60),공정 값 23 + pair_pos + 샷 내 파생,부스팅
XGBoost,18,0.06117665767669678,0.6388888888888888,0.6666666666666666,1.0,1.0,0.5,1.0,0.3333333333333333,0.9473684210526316,E2 불량 시기 안 (샷 0~60),공정 값 23 + pair_pos + 샷 내 파생,부스팅
XGBoost,19,0.718428909778595,0.31025641025641026,0.3333333333333333,0.3333333333333333,0.3333333333333333,0.4,0.3333333333333333,0.5,0.712121212121212,E2 불량 시기 안 (샷 0~60),공정 값 23 + pair_pos + 샷 내 파생,부스팅
XGBoost,20,0.5116015672683716,0.43068181818181817,0.25,0.25,0.5,0.0,0.0,0.0,0.625,E2 불량 시기 안 (샷 0~60),공정 값 23 + pair_pos + 샷 내 파생,부스팅
XGBoost,21,0.3248709440231323,0.4888888888888888,0.6666666666666666,0.6666666666666666,0.6666666666666666,0.4444444444444444,0.6666666666666666,0.3333333333333333,0.8695652173913043,E2 불량 시기 안 (샷 0~60),공정 값 23 + pair_pos + 샷 내 파생,부스팅
XGBoost,22,0.06998191028833389,0.5416666666666666,0.5,0.75,0.75,0.46153846153846156,0.75,0.3333333333333333,0.875,E2 불량 시기 안 (샷 0~60),공정 값 23 + pair_pos + 샷 내 파생,부스팅
XGBoost,23,0.6210470199584961,0.7222222222222222,0.6666666666666666,0.6666666666666666,1.0,0.5714285714285714,0.6666666666666666,0.5,0.9298245614035088,E2 불량 시기 안 (샷 0~60),공정 값 23 + pair_pos + 샷 내 파생,부스팅
XGBoost,24,0.16348987817764282,0.4583333333333333,0.3333333333333333,0.6666666666666666,1.0,0.4444444444444444,0.6666666666666666,0.3333333333333333,0.8787878787878788,E2 불량 시기 안 (샷 0~60),공정 값 23 + pair_pos + 샷 내 파생,부스팅
XGBoost,25,0.023991059511899948,0.6254901960784314,0.5,0.75,0.75,0.42857142857142855,0.75,0.3,0.7999999999999999,E2 불량 시기 안 (샷 0~60),공정 값 23 + pair_pos + 샷 내 파생,부스팅
XGBoost,26,0.034544333815574646,0.6984126984126984,0.6666666666666666,0.6666666666666666,1.0,0.46153846153846156,1.0,0.3,0.9122807017543859,E2 불량 시기 안 (샷 0~60),공정 값 23 + pair_pos + 샷 내 파생,부스팅
XGBoost,27,0.6748072504997253,0.7152777777777777,0.5,0.75,0.75,0.4,0.25,1.0,0.9125000000000001,E2 불량 시기 안 (샷 0~60),공정 값 23 + pair_pos + 샷 내 파생,부스팅
XGBoost,28,0.7311273813247681,0.43333333333333335,0.3333333333333333,0.6666666666666666,0.6666666666666666,0.4,0.3333333333333333,0.5,0.855072463768116,E2 불량 시기 안 (샷 0~60),공정 값 23 + pair_pos + 샷 내 파생,부스팅
XGBoost,29,0.6914907693862915,0.37777777777777777,0.3333333333333333,0.3333333333333333,0.6666666666666666,0.3333333333333333,0.3333333333333333,0.3333333333333333,0.8181818181818182,E2 불량 시기 안 (샷 0~60),공정 값 23 + pair_pos + 샷 내 파생,부스팅
XGBoost,30,0.1341768503189087,0.4067982456140351,0.5,0.5,0.5,0.36363636363636365,0.5,0.2857142857142857,0.675,E2 불량 시기 안 (샷 0~60),공정 값 23 + pair_pos + 샷 내 파생,부스팅
XGBoost,31,0.35734328627586365,0.8333333333333333,0.6666666666666666,0.6666666666666666,1.0,0.6666666666666666,1.0,0.5,0.9473684210526315,E2 불량 시기 안 (샷 0~60),공정 값 23 + pair_pos + 샷 내 파생,부스팅
XGBoost,32,0.202761709690094,0.22979797979797978,0.0,0.3333333333333333,0.6666666666666666,0.0,0.0,0.0,0.7246376811594203,E2 불량 시기 안 (샷 0~60),공정 값 23 + pair_pos + 샷 내 파생,부스팅
XGBoost,33,0.12608587741851807,0.43333333333333335,0.5,0.5,0.5,0.36363636363636365,0.5,0.2857142857142857,0.75,E2 불량 시기 안 (샷 0~60),공정 값 23 + pair_pos + 샷 내 파생,부스팅
XGBoost,34,0.2865455150604248,0.273109243697479,0.3333333333333333,0.3333333333333333,0.3333333333333333,0.2857142857142857,0.3333333333333333,0.25,0.5909090909090908,E2 불량 시기 안 (샷 0~60),공정 값 23 + pair_pos + 샷 내 파생,부스팅
XGBoost,35,0.11657706648111343,0.7351190476190477,0.5,0.75,0.75,0.5454545454545454,0.75,0.42857142857142855,0.775,E2 불량 시기 안 (샷 0~60),공정 값 23 + pair_pos + 샷 내 파생,부스팅
XGBoost,36,0.6284253001213074,0.3650793650793651,0.3333333333333333,0.6666666666666666,1.0,0.3333333333333333,0.3333333333333333,0.3333333333333333,0.855072463768116,E2 불량 시기 안 (샷 0~60),공정 값 23 + pair_pos + 샷 내 파생,부스팅
XGBoost,37,0.6250221729278564,0.6742424242424242,0.5,0.5,0.5,0.6666666666666666,0.5,1.0,0.8375,E2 불량 시기 안 (샷 0~60),공정 값 23 + pair_pos + 샷 내 파생,부스팅
XGBoost,38,0.304333359003067,0.6388888888888888,0.6666666666666666,0.6666666666666666,0.6666666666666666,0.6666666666666666,0.6666666666666666,0.6666666666666666,0.824561403508772,E2 불량 시기 안 (샷 0~60),공정 값 23 + pair_pos + 샷 내 파생,부스팅
XGBoost,39,0.6568168997764587,0.16374269005847952,0.0,0.3333333333333333,0.3333333333333333,0.0,0.0,0.0,0.49999999999999994,E2 불량 시기 안 (샷 0~60),공정 값 23 + pair_pos + 샷 내 파생,부스팅
XGBoost,40,0.128853902220726,0.5480519480519481,0.25,0.5,0.75,0.46153846153846156,0.75,0.3333333333333333,0.825,E2 불량 시기 안 (샷 0~60),공정 값 23 + pair_pos + 샷 내 파생,부스팅
XGBoost,41,0.4157792627811432,0.6666666666666666,0.6666666666666666,0.6666666666666666,0.6666666666666666,0.5,0.6666666666666666,0.4,0.8771929824561404,E2 불량 시기 안 (샷 0~60),공정 값 23 + pair_pos + 샷 내 파생,부스팅
XGBoost,42,0.1348949372768402,0.37777777777777777,0.3333333333333333,0.6666666666666666,0.6666666666666666,0.4444444444444444,0.6666666666666666,0.3333333333333333,0.8260869565217391,E2 불량 시기 안 (샷 0~60),공정 값 23 + pair_pos + 샷 내 파생,부스팅
XGBoost,43,0.17515569925308228,0.6333333333333333,0.5,0.75,0.75,0.5454545454545454,0.75,0.42857142857142855,0.825,E2 불량 시기 안 (샷 0~60),공정 값 23 + pair_pos + 샷 내 파생,부스팅
XGBoost,44,0.6779199838638306,0.38888888888888884,0.3333333333333333,0.6666666666666666,0.6666666666666666,0.5714285714285714,0.6666666666666666,0.5,0.7272727272727273,E2 불량 시기 안 (샷 0~60),공정 값 23 + pair_pos + 샷 내 파생,부스팅
XGBoost,45,0.3696679472923279,0.36250000000000004,0.25,0.5,0.5,0.2857142857142857,0.25,0.3333333333333333,0.7125,E2 불량 시기 안 (샷 0~60),공정 값 23 + pair_pos + 샷 내 파생,부스팅
XGBoost,46,0.36371368169784546,0.6031746031746031,0.6666666666666666,0.6666666666666666,0.6666666666666666,0.4444444444444444,0.6666666666666666,0.3333333333333333,0.6666666666666666,E2 불량 시기 안 (샷 0~60),공정 값 23 + pair_pos + 샷 내 파생,부스팅
XGBoost,47,0.8983082175254822,0.4,0.3333333333333333,0.6666666666666666,0.6666666666666666,0.0,0.0,0.0,0.7826086956521738,E2 불량 시기 안 (샷 0~60),공정 값 23 + pair_pos + 샷 내 파생,부스팅
XGBoost,48,0.27716970443725586,0.2875,0.0,0.25,0.5,0.4,0.5,0.3333333333333333,0.6875,E2 불량 시기 안 (샷 0~60),공정 값 23 + pair_pos + 샷 내 파생,부스팅
XGBoost,49,0.3811434805393219,0.5,0.3333333333333333,0.3333333333333333,0.6666666666666666,0.5,0.3333333333333333,1.0,0.7727272727272727,E2 불량 시기 안 (샷 0~60),공정 값 23 + pair_pos + 샷 내 파생,부스팅
LightGBM,0,0.004760342367639473,0.8303571428571428,0.5,0.75,1.0,0.6,0.75,0.5,0.95,E2 불량 시기 안 (샷 0~60),공정 값 23 + pair_pos + 샷 내 파생,부스팅
LightGBM,1,0.017742299180129466,0.6984126984126984,0.6666666666666666,0.6666666666666666,1.0,0.6666666666666666,0.6666666666666666,0.6666666666666666,0.9122807017543859,E2 불량 시기 안 (샷 0~60),공정 값 23 + pair_pos + 샷 내 파생,부스팅
LightGBM,2,0.5086424113450413,0.55,0.3333333333333333,0.6666666666666666,0.6666666666666666,0.5,0.3333333333333333,1.0,0.7246376811594204,E2 불량 시기 안 (샷 0~60),공정 값 23 + pair_pos + 샷 내 파생,부스팅
LightGBM,3,0.006772924313781782,0.75,0.5,0.5,1.0,0.6,0.75,0.5,0.9125000000000001,E2 불량 시기 안 (샷 0~60),공정 값 23 + pair_pos + 샷 내 파생,부스팅
LightGBM,4,0.006520119757200618,0.49999999999999994,0.6666666666666666,0.6666666666666666,0.6666666666666666,0.6666666666666666,0.6666666666666666,0.6666666666666666,0.8787878787878788,E2 불량 시기 안 (샷 0~60),공정 값 23 + pair_pos + 샷 내 파생,부스팅
LightGBM,5,0.010332197247815993,0.7784090909090909,0.5,0.75,0.75,0.5,0.75,0.375,0.9,E2 불량 시기 안 (샷 0~60),공정 값 23 + pair_pos + 샷 내 파생,부스팅
LightGBM,6,0.2795336211964431,0.5317460317460317,0.6666666666666666,0.6666666666666666,1.0,0.4,0.3333333333333333,0.5,0.9130434782608696,E2 불량 시기 안 (샷 0~60),공정 값 23 + pair_pos + 샷 내 파생,부스팅
LightGBM,7,0.00017465825547505838,0.8928571428571428,0.75,0.75,1.0,0.4444444444444444,1.0,0.2857142857142857,0.9624999999999999,E2 불량 시기 안 (샷 0~60),공정 값 23 + pair_pos + 샷 내 파생,부스팅
LightGBM,8,0.026720576041904868,0.9166666666666665,0.6666666666666666,1.0,1.0,0.75,1.0,0.6,0.9824561403508772,E2 불량 시기 안 (샷 0~60),공정 값 23 + pair_pos + 샷 내 파생,부스팅
LightGBM,9,0.012112259014936792,0.7142857142857142,0.6666666666666666,0.6666666666666666,0.6666666666666666,0.6666666666666666,0.6666666666666666,0.6666666666666666,0.7272727272727272,E2 불량 시기 안 (샷 0~60),공정 값 23 + pair_pos + 샷 내 파생,부스팅
LightGBM,10,0.028649981795444347,0.8928571428571428,0.75,0.75,1.0,0.8571428571428571,0.75,1.0,0.9624999999999999,E2 불량 시기 안 (샷 0~60),공정 값 23 + pair_pos + 샷 내 파생,부스팅
LightGBM,11,0.002270175156866345,1.0,1.0,1.0,1.0,0.6666666666666666,1.0,0.5,1.0,E2 불량 시기 안 (샷 0~60),공정 값 23 + pair_pos + 샷 내 파생,부스팅
LightGBM,12,0.17685718031429112,0.2686868686868687,0.3333333333333333,0.3333333333333333,0.3333333333333333,0.0,0.0,0.0,0.7391304347826086,E2 불량 시기 안 (샷 0~60),공정 값 23 + pair_pos + 샷 내 파생,부스팅
LightGBM,13,0.028812575302052803,0.5476190476190476,0.3333333333333333,0.6666666666666666,0.6666666666666666,0.4,0.3333333333333333,0.5,0.6969696969696969,E2 불량 시기 안 (샷 0~60),공정 값 23 + pair_pos + 샷 내 파생,부스팅
LightGBM,14,0.3837503614644582,0.3916666666666666,0.25,0.5,0.5,0.0,0.0,0.0,0.775,E2 불량 시기 안 (샷 0~60),공정 값 23 + pair_pos + 샷 내 파생,부스팅
LightGBM,15,0.1144751001498753,0.292063492063492,0.3333333333333333,0.6666666666666666,0.6666666666666666,0.0,0.0,0.0,0.6666666666666666,E2 불량 시기 안 (샷 0~60),공정 값 23 + pair_pos + 샷 내 파생,부스팅
LightGBM,16,0.08044553137661087,0.8125,0.5,0.75,1.0,0.5714285714285714,0.5,0.6666666666666666,0.9375,E2 불량 시기 안 (샷 0~60),공정 값 23 + pair_pos + 샷 내 파생,부스팅
LightGBM,17,0.0023072039783067783,0.8611111111111112,0.75,0.75,0.75,0.6153846153846154,1.0,0.4444444444444444,0.9375,E2 불량 시기 안 (샷 0~60),공정 값 23 + pair_pos + 샷 내 파생,부스팅
LightGBM,18,0.07784646232213918,0.6388888888888888,0.6666666666666666,1.0,1.0,0.75,1.0,0.6,0.9473684210526316,E2 불량 시기 안 (샷 0~60),공정 값 23 + pair_pos + 샷 내 파생,부스팅
LightGBM,19,0.1734331772664581,0.4880952380952381,0.3333333333333333,0.3333333333333333,0.6666666666666666,0.4,0.3333333333333333,0.5,0.7424242424242424,E2 불량 시기 안 (샷 0~60),공정 값 23 + pair_pos + 샷 내 파생,부스팅
LightGBM,20,0.21298152351037225,0.6488095238095238,0.5,0.5,0.75,0.4,0.25,1.0,0.7000000000000001,E2 불량 시기 안 (샷 0~60),공정 값 23 + pair_pos + 샷 내 파생,부스팅
LightGBM,21,0.05917063301870752,0.42499999999999993,0.3333333333333333,0.6666666666666666,1.0,0.5,0.6666666666666666,0.4,0.8695652173913044,E2 불량 시기 안 (샷 0~60),공정 값 23 + pair_pos + 샷 내 파생,부스팅
LightGBM,22,0.0017347095669387593,0.7611111111111112,0.5,0.75,0.75,0.6666666666666666,0.75,0.6,0.9125,E2 불량 시기 안 (샷 0~60),공정 값 23 + pair_pos + 샷 내 파생,부스팅
LightGBM,23,0.01728545938712732,0.8095238095238095,0.6666666666666666,0.6666666666666666,1.0,0.4444444444444444,0.6666666666666666,0.3333333333333333,0.9298245614035088,E2 불량 시기 안 (샷 0~60),공정 값 23 + pair_pos + 샷 내 파생,부스팅
LightGBM,24,0.04998155504146424,0.8666666666666667,0.6666666666666666,1.0,1.0,0.6666666666666666,0.6666666666666666,0.6666666666666666,0.9696969696969697,E2 불량 시기 안 (샷 0~60),공정 값 23 + pair_pos + 샷 내 파생,부스팅
LightGBM,25,0.00015358085741959756,0.7934782608695652,0.75,0.75,0.75,0.5,0.75,0.375,0.7625,E2 불량 시기 안 (샷 0~60),공정 값 23 + pair_pos + 샷 내 파생,부스팅
LightGBM,26,0.0022769799872184486,0.9166666666666665,0.6666666666666666,1.0,1.0,0.5454545454545454,1.0,0.375,0.9824561403508772,E2 불량 시기 안 (샷 0~60),공정 값 23 + pair_pos + 샷 내 파생,부스팅
LightGBM,27,0.3685620211274061,0.85,0.75,0.75,0.75,0.4,0.25,1.0,0.9249999999999999,E2 불량 시기 안 (샷 0~60),공정 값 23 + pair_pos + 샷 내 파생,부스팅
LightGBM,28,0.015200344218539988,0.8095238095238095,0.6666666666666666,0.6666666666666666,1.0,0.4444444444444444,0.6666666666666666,0.3333333333333333,0.9420289855072463,E2 불량 시기 안 (샷 0~60),공정 값 23 + pair_pos + 샷 내 파생,부스팅
LightGBM,29,0.05866567694494518,0.6333333333333333,0.3333333333333333,0.6666666666666666,1.0,0.5,0.6666666666666666,0.4,0.9090909090909091,E2 불량 시기 안 (샷 0~60),공정 값 23 + pair_pos + 샷 내 파생,부스팅
LightGBM,30,0.0034365166347954056,0.6181818181818182,0.5,0.5,0.5,0.4,0.5,0.3333333333333333,0.7,E2 불량 시기 안 (샷 0~60),공정 값 23 + pair_pos + 샷 내 파생,부스팅
LightGBM,31,0.025538639876639086,0.9166666666666665,0.6666666666666666,1.0,1.0,0.75,1.0,0.6,0.9824561403508772,E2 불량 시기 안 (샷 0~60),공정 값 23 + pair_pos + 샷 내 파생,부스팅
LightGBM,32,0.15495903610033324,0.29444444444444445,0.3333333333333333,0.3333333333333333,0.6666666666666666,0.0,0.0,0.0,0.782608695652174,E2 불량 시기 안 (샷 0~60),공정 값 23 + pair_pos + 샷 내 파생,부스팅
LightGBM,33,0.019675296025405773,0.513095238095238,0.5,0.75,0.75,0.5,0.5,0.5,0.8250000000000001,E2 불량 시기 안 (샷 0~60),공정 값 23 + pair_pos + 샷 내 파생,부스팅
LightGBM,34,0.011791120382549498,0.4027777777777778,0.3333333333333333,0.3333333333333333,1.0,0.3333333333333333,0.3333333333333333,0.3333333333333333,0.8484848484848484,E2 불량 시기 안 (샷 0~60),공정 값 23 + pair_pos + 샷 내 파생,부스팅
LightGBM,35,0.0019658578653168344,0.7954545454545454,0.75,0.75,0.75,0.5454545454545454,0.75,0.42857142857142855,0.775,E2 불량 시기 안 (샷 0~60),공정 값 23 + pair_pos + 샷 내 파생,부스팅
LightGBM,36,0.10825864654901964,0.5111111111111111,0.3333333333333333,0.6666666666666666,0.6666666666666666,0.3333333333333333,0.3333333333333333,0.3333333333333333,0.7681159420289855,E2 불량 시기 안 (샷 0~60),공정 값 23 + pair_pos + 샷 내 파생,부스팅
LightGBM,37,0.0029204273408457845,0.6833333333333333,0.5,0.5,0.5,0.36363636363636365,0.5,0.2857142857142857,0.85,E2 불량 시기 안 (샷 0~60),공정 값 23 + pair_pos + 샷 내 파생,부스팅
LightGBM,38,0.1298581555007012,0.6666666666666666,0.6666666666666666,0.6666666666666666,0.6666666666666666,0.0,0.0,0.0,0.8771929824561404,E2 불량 시기 안 (샷 0~60),공정 값 23 + pair_pos + 샷 내 파생,부스팅
LightGBM,39,0.28377112602967136,0.5396825396825397,0.3333333333333333,0.3333333333333333,0.6666666666666666,0.0,0.0,0.0,0.8333333333333334,E2 불량 시기 안 (샷 0~60),공정 값 23 + pair_pos + 샷 내 파생,부스팅
LightGBM,40,0.034587566146998316,0.95,0.75,1.0,1.0,0.75,0.75,0.75,0.9874999999999999,E2 불량 시기 안 (샷 0~60),공정 값 23 + pair_pos + 샷 내 파생,부스팅
LightGBM,41,0.014171326083259904,0.8333333333333333,0.6666666666666666,0.6666666666666666,1.0,0.5454545454545454,1.0,0.375,0.9473684210526315,E2 불량 시기 안 (샷 0~60),공정 값 23 + pair_pos + 샷 내 파생,부스팅
LightGBM,42,0.06411352391676595,0.6666666666666667,0.3333333333333333,1.0,1.0,0.4,0.3333333333333333,0.5,0.927536231884058,E2 불량 시기 안 (샷 0~60),공정 값 23 + pair_pos + 샷 내 파생,부스팅
LightGBM,43,0.0010050577354403368,0.7589285714285714,0.5,0.75,0.75,0.4,0.75,0.2727272727272727,0.8625,E2 불량 시기 안 (샷 0~60),공정 값 23 + pair_pos + 샷 내 파생,부스팅
LightGBM,44,0.0009000692107417364,0.3333333333333333,0.3333333333333333,0.6666666666666666,0.6666666666666666,0.36363636363636365,0.6666666666666666,0.25,0.7121212121212122,E2 불량 시기 안 (샷 0~60),공정 값 23 + pair_pos + 샷 내 파생,부스팅
LightGBM,45,0.0357739000712787,0.5560897435897436,0.5,0.75,0.75,0.75,0.75,0.75,0.8500000000000001,E2 불량 시기 안 (샷 0~60),공정 값 23 + pair_pos + 샷 내 파생,부스팅
LightGBM,46,0.021004069422781463,0.7192982456140351,0.6666666666666666,0.6666666666666666,0.6666666666666666,0.5,0.6666666666666666,0.4,0.7192982456140351,E2 불량 시기 안 (샷 0~60),공정 값 23 + pair_pos + 샷 내 파생,부스팅
LightGBM,47,0.25007126629010246,0.4629629629629629,0.3333333333333333,0.3333333333333333,0.3333333333333333,0.4,0.3333333333333333,0.5,0.681159420289855,E2 불량 시기 안 (샷 0~60),공정 값 23 + pair_pos + 샷 내 파생,부스팅
LightGBM,48,0.03420989411277096,0.40476190476190477,0.25,0.5,0.5,0.4444444444444444,0.5,0.4,0.7625,E2 불량 시기 안 (샷 0~60),공정 값 23 + pair_pos + 샷 내 파생,부스팅
LightGBM,49,0.017491090921348068,0.8055555555555556,0.6666666666666666,1.0,1.0,0.5,0.3333333333333333,1.0,0.9696969696969697,E2 불량 시기 안 (샷 0~60),공정 값 23 + pair_pos + 샷 내 파생,부스팅
CatBoost,0,0.42485484293171183,0.75,0.5,0.5,1.0,0.5714285714285714,0.5,0.6666666666666666,0.9125000000000001,E2 불량 시기 안 (샷 0~60),공정 값 23 + pair_pos + 샷 내 파생,부스팅
CatBoost,1,0.15207006225494155,0.4555555555555555,0.6666666666666666,0.6666666666666666,0.6666666666666666,0.5714285714285714,0.6666666666666666,0.5,0.7543859649122807,E2 불량 시기 안 (샷 0~60),공정 값 23 + pair_pos + 샷 내 파생,부스팅
CatBoost,2,0.34674318906195467,0.33999999999999997,0.3333333333333333,0.6666666666666666,0.6666666666666666,0.3333333333333333,0.3333333333333333,0.3333333333333333,0.6231884057971014,E2 불량 시기 안 (샷 0~60),공정 값 23 + pair_pos + 샷 내 파생,부스팅
CatBoost,3,0.0362422261113709,0.8303571428571428,0.5,0.75,1.0,0.6153846153846154,1.0,0.4444444444444444,0.95,E2 불량 시기 안 (샷 0~60),공정 값 23 + pair_pos + 샷 내 파생,부스팅
CatBoost,4,0.7483988416184191,0.3055555555555556,0.3333333333333333,0.3333333333333333,0.6666666666666666,0.0,0.0,0.0,0.7878787878787878,E2 불량 시기 안 (샷 0~60),공정 값 23 + pair_pos + 샷 내 파생,부스팅
CatBoost,5,0.32348851990023775,0.7361111111111112,0.5,0.5,0.75,0.5,0.5,0.5,0.9,E2 불량 시기 안 (샷 0~60),공정 값 23 + pair_pos + 샷 내 파생,부스팅
CatBoost,6,0.32369165366065517,0.3873015873015873,0.3333333333333333,0.6666666666666666,1.0,0.2857142857142857,0.3333333333333333,0.25,0.8695652173913043,E2 불량 시기 안 (샷 0~60),공정 값 23 + pair_pos + 샷 내 파생,부스팅
CatBoost,7,0.08868514962203654,0.95,0.75,1.0,1.0,0.7272727272727273,1.0,0.5714285714285714,0.9874999999999999,E2 불량 시기 안 (샷 0~60),공정 값 23 + pair_pos + 샷 내 파생,부스팅
CatBoost,8,0.13224890082616397,0.9166666666666665,0.6666666666666666,1.0,1.0,0.8,0.6666666666666666,1.0,0.9824561403508772,E2 불량 시기 안 (샷 0~60),공정 값 23 + pair_pos + 샷 내 파생,부스팅
CatBoost,9,0.04040397715234569,0.5032679738562091,0.3333333333333333,0.3333333333333333,0.6666666666666666,0.3333333333333333,0.6666666666666666,0.2222222222222222,0.7272727272727273,E2 불량 시기 안 (샷 0~60),공정 값 23 + pair_pos + 샷 내 파생,부스팅
CatBoost,10,0.0445328574238295,0.7361111111111112,0.5,0.5,0.75,0.6,0.75,0.5,0.9,E2 불량 시기 안 (샷 0~60),공정 값 23 + pair_pos + 샷 내 파생,부스팅
CatBoost,11,0.029654453687106317,0.9166666666666665,0.6666666666666666,1.0,1.0,0.42857142857142855,1.0,0.2727272727272727,0.9824561403508772,E2 불량 시기 안 (샷 0~60),공정 값 23 + pair_pos + 샷 내 파생,부스팅
CatBoost,12,0.3828255217992443,0.49523809523809526,0.3333333333333333,0.3333333333333333,0.6666666666666666,0.5,0.3333333333333333,1.0,0.7536231884057971,E2 불량 시기 안 (샷 0~60),공정 값 23 + pair_pos + 샷 내 파생,부스팅
CatBoost,13,0.0568736107602628,0.5254901960784314,0.3333333333333333,0.6666666666666666,0.6666666666666666,0.2857142857142857,0.3333333333333333,0.25,0.7424242424242424,E2 불량 시기 안 (샷 0~60),공정 값 23 + pair_pos + 샷 내 파생,부스팅
CatBoost,14,0.6078690142643791,0.54375,0.25,0.5,0.75,0.0,0.0,0.0,0.825,E2 불량 시기 안 (샷 0~60),공정 값 23 + pair_pos + 샷 내 파생,부스팅
CatBoost,15,0.11641568014806972,0.19624819624819623,0.0,0.3333333333333333,0.6666666666666666,0.0,0.0,0.0,0.5797101449275363,E2 불량 시기 안 (샷 0~60),공정 값 23 + pair_pos + 샷 내 파생,부스팅
CatBoost,16,0.0422525327804412,0.8409090909090909,0.75,0.75,0.75,0.46153846153846156,0.75,0.3333333333333333,0.9125,E2 불량 시기 안 (샷 0~60),공정 값 23 + pair_pos + 샷 내 파생,부스팅
CatBoost,17,0.05792474283689696,0.75,0.5,0.75,0.75,0.5,0.75,0.375,0.8375,E2 불량 시기 안 (샷 0~60),공정 값 23 + pair_pos + 샷 내 파생,부스팅
CatBoost,18,0.20971764966525752,0.5888888888888889,0.6666666666666666,1.0,1.0,0.5714285714285714,0.6666666666666666,0.5,0.9298245614035088,E2 불량 시기 안 (샷 0~60),공정 값 23 + pair_pos + 샷 내 파생,부스팅
CatBoost,19,0.07928812413091825,0.5666666666666667,0.3333333333333333,0.6666666666666666,0.6666666666666666,0.5,0.6666666666666666,0.4,0.7878787878787878,E2 불량 시기 안 (샷 0~60),공정 값 23 + pair_pos + 샷 내 파생,부스팅
CatBoost,20,0.2279985281284989,0.34429824561403505,0.25,0.5,0.5,0.2857142857142857,0.25,0.3333333333333333,0.6875,E2 불량 시기 안 (샷 0~60),공정 값 23 + pair_pos + 샷 내 파생,부스팅
CatBoost,21,0.21941256233759054,0.42499999999999993,0.3333333333333333,0.6666666666666666,1.0,0.2857142857142857,0.3333333333333333,0.25,0.8695652173913044,E2 불량 시기 안 (샷 0~60),공정 값 23 + pair_pos + 샷 내 파생,부스팅
CatBoost,22,0.028915992424857654,0.7875,0.5,0.75,0.75,0.5,0.75,0.375,0.9125,E2 불량 시기 안 (샷 0~60),공정 값 23 + pair_pos + 샷 내 파생,부스팅
CatBoost,23,0.05438021410343221,0.6805555555555556,0.6666666666666666,0.6666666666666666,0.6666666666666666,0.5,0.6666666666666666,0.4,0.8947368421052633,E2 불량 시기 안 (샷 0~60),공정 값 23 + pair_pos + 샷 내 파생,부스팅
CatBoost,24,0.2937306469861912,0.6984126984126984,0.6666666666666666,0.6666666666666666,1.0,0.4,0.3333333333333333,0.5,0.9242424242424242,E2 불량 시기 안 (샷 0~60),공정 값 23 + pair_pos + 샷 내 파생,부스팅
CatBoost,25,0.014716978828284683,0.8088235294117647,0.75,0.75,0.75,0.375,0.75,0.25,0.8375,E2 불량 시기 안 (샷 0~60),공정 값 23 + pair_pos + 샷 내 파생,부스팅
CatBoost,26,0.03655614884523838,0.8666666666666667,0.6666666666666666,1.0,1.0,0.5454545454545454,1.0,0.375,0.9649122807017544,E2 불량 시기 안 (샷 0~60),공정 값 23 + pair_pos + 샷 내 파생,부스팅
CatBoost,27,0.6244988683032161,0.6875,0.5,0.75,0.75,0.0,0.0,0.0,0.875,E2 불량 시기 안 (샷 0~60),공정 값 23 + pair_pos + 샷 내 파생,부스팅
CatBoost,28,0.20609247458822527,0.6111111111111112,0.3333333333333333,0.6666666666666666,0.6666666666666666,0.5,0.6666666666666666,0.4,0.8840579710144927,E2 불량 시기 안 (샷 0~60),공정 값 23 + pair_pos + 샷 내 파생,부스팅
CatBoost,29,0.22340845213400273,0.44285714285714284,0.3333333333333333,0.6666666666666666,1.0,0.5,0.6666666666666666,0.4,0.8787878787878787,E2 불량 시기 안 (샷 0~60),공정 값 23 + pair_pos + 샷 내 파생,부스팅
CatBoost,30,0.024672394530237955,0.6388888888888888,0.5,0.5,0.5,0.3333333333333333,0.5,0.25,0.75,E2 불량 시기 안 (샷 0~60),공정 값 23 + pair_pos + 샷 내 파생,부스팅
CatBoost,31,0.11608388670125402,1.0,1.0,1.0,1.0,0.75,1.0,0.6,1.0,E2 불량 시기 안 (샷 0~60),공정 값 23 + pair_pos + 샷 내 파생,부스팅
CatBoost,32,0.11112481879573172,0.373015873015873,0.3333333333333333,0.3333333333333333,0.6666666666666666,0.3333333333333333,0.3333333333333333,0.3333333333333333,0.826086956521739,E2 불량 시기 안 (샷 0~60),공정 값 23 + pair_pos + 샷 내 파생,부스팅
CatBoost,33,0.44160414128488595,0.613095238095238,0.5,0.5,0.75,0.4,0.25,1.0,0.825,E2 불량 시기 안 (샷 0~60),공정 값 23 + pair_pos + 샷 내 파생,부스팅
CatBoost,34,0.17427099972061605,0.2846153846153846,0.3333333333333333,0.3333333333333333,0.3333333333333333,0.4,0.3333333333333333,0.5,0.6363636363636364,E2 불량 시기 안 (샷 0~60),공정 값 23 + pair_pos + 샷 내 파생,부스팅
CatBoost,35,0.1296752302940959,0.7976190476190477,0.75,0.75,0.75,0.5,0.75,0.375,0.7875,E2 불량 시기 안 (샷 0~60),공정 값 23 + pair_pos + 샷 내 파생,부스팅
CatBoost,36,0.24248689536940024,0.3595238095238096,0.0,0.6666666666666666,1.0,0.0,0.0,0.0,0.855072463768116,E2 불량 시기 안 (샷 0~60),공정 값 23 + pair_pos + 샷 내 파생,부스팅
CatBoost,37,0.05992660086511671,0.6583333333333333,0.5,0.5,0.5,0.3333333333333333,0.5,0.25,0.8125,E2 불량 시기 안 (샷 0~60),공정 값 23 + pair_pos + 샷 내 파생,부스팅
CatBoost,38,0.3412585284283166,0.7916666666666666,0.6666666666666666,0.6666666666666666,0.6666666666666666,0.8,0.6666666666666666,1.0,0.912280701754386,E2 불량 시기 안 (샷 0~60),공정 값 23 + pair_pos + 샷 내 파생,부스팅
CatBoost,39,0.1983454204273043,0.2767857142857143,0.3333333333333333,0.3333333333333333,0.3333333333333333,0.4,0.3333333333333333,0.5,0.6060606060606061,E2 불량 시기 안 (샷 0~60),공정 값 23 + pair_pos + 샷 내 파생,부스팅
CatBoost,40,0.1101250655404073,0.9166666666666666,0.75,0.75,1.0,0.6666666666666666,1.0,0.5,0.9750000000000001,E2 불량 시기 안 (샷 0~60),공정 값 23 + pair_pos + 샷 내 파생,부스팅
CatBoost,41,0.21430888626675082,0.7777777777777777,0.6666666666666666,0.6666666666666666,0.6666666666666666,0.8,0.6666666666666666,1.0,0.8947368421052632,E2 불량 시기 안 (샷 0~60),공정 값 23 + pair_pos + 샷 내 파생,부스팅
CatBoost,42,0.3666178029592695,0.373015873015873,0.3333333333333333,0.3333333333333333,0.6666666666666666,0.4,0.3333333333333333,0.5,0.826086956521739,E2 불량 시기 안 (샷 0~60),공정 값 23 + pair_pos + 샷 내 파생,부스팅
CatBoost,43,0.04432276470476407,0.8875,0.5,1.0,1.0,0.8,1.0,0.6666666666666666,0.975,E2 불량 시기 안 (샷 0~60),공정 값 23 + pair_pos + 샷 내 파생,부스팅
CatBoost,44,0.23910179695759257,0.19545454545454544,0.0,0.3333333333333333,0.6666666666666666,0.0,0.0,0.0,0.5606060606060606,E2 불량 시기 안 (샷 0~60),공정 값 23 + pair_pos + 샷 내 파생,부스팅
CatBoost,45,0.08233661614255632,0.5416666666666666,0.5,0.5,1.0,0.4444444444444444,0.5,0.4,0.8875000000000001,E2 불량 시기 안 (샷 0~60),공정 값 23 + pair_pos + 샷 내 파생,부스팅
CatBoost,46,0.05710428204967339,0.7166666666666666,0.6666666666666666,0.6666666666666666,0.6666666666666666,0.36363636363636365,0.6666666666666666,0.25,0.7017543859649122,E2 불량 시기 안 (샷 0~60),공정 값 23 + pair_pos + 샷 내 파생,부스팅
CatBoost,47,0.23007149188925505,0.2976190476190476,0.3333333333333333,0.3333333333333333,0.6666666666666666,0.3333333333333333,0.3333333333333333,0.3333333333333333,0.6376811594202898,E2 불량 시기 안 (샷 0~60),공정 값 23 + pair_pos + 샷 내 파생,부스팅
CatBoost,48,0.07728939599646864,0.39642857142857146,0.25,0.5,0.5,0.4444444444444444,0.5,0.4,0.75,E2 불량 시기 안 (샷 0~60),공정 값 23 + pair_pos + 샷 내 파생,부스팅
CatBoost,49,0.0621936264383424,0.6666666666666667,0.3333333333333333,0.6666666666666666,1.0,0.5,0.6666666666666666,0.4,0.9242424242424242,E2 불량 시기 안 (샷 0~60),공정 값 23 + pair_pos + 샷 내 파생,부스팅
로지스틱 L2,0,0.5343656183174093,0.49090909090909096,0.25,0.75,0.75,0.6,0.75,0.5,0.85,E2 불량 시기 안 (샷 0~60),공정 값 23 + pair_pos + 샷 간 변동,선형
로지스틱 L2,1,0.3471651864724562,0.7916666666666666,0.6666666666666666,0.6666666666666666,0.6666666666666666,0.8,0.6666666666666666,1.0,0.912280701754386,E2 불량 시기 안 (샷 0~60),공정 값 23 + pair_pos + 샷 간 변동,선형
로지스틱 L2,2,0.5347897796523474,0.7166666666666666,0.6666666666666666,0.6666666666666666,0.6666666666666666,0.8,0.6666666666666666,1.0,0.7536231884057971,E2 불량 시기 안 (샷 0~60),공정 값 23 + pair_pos + 샷 간 변동,선형
로지스틱 L2,3,0.5071916982950856,0.8875,0.5,1.0,1.0,0.75,0.75,0.75,0.975,E2 불량 시기 안 (샷 0~60),공정 값 23 + pair_pos + 샷 간 변동,선형
로지스틱 L2,4,0.8222092929440168,0.8666666666666667,0.6666666666666666,1.0,1.0,0.5,0.3333333333333333,1.0,0.9696969696969697,E2 불량 시기 안 (샷 0~60),공정 값 23 + pair_pos + 샷 간 변동,선형
로지스틱 L2,5,0.7311931581457558,0.95,0.75,1.0,1.0,0.6666666666666666,0.5,1.0,0.9874999999999999,E2 불량 시기 안 (샷 0~60),공정 값 23 + pair_pos + 샷 간 변동,선형
로지스틱 L2,6,0.5085971755026781,0.9166666666666665,0.6666666666666666,1.0,1.0,0.8571428571428571,1.0,0.75,0.9855072463768116,E2 불량 시기 안 (샷 0~60),공정 값 23 + pair_pos + 샷 간 변동,선형
로지스틱 L2,7,0.6455717681564852,1.0,0.75,1.0,1.0,1.0,1.0,1.0,1.0,E2 불량 시기 안 (샷 0~60),공정 값 23 + pair_pos + 샷 간 변동,선형
로지스틱 L2,8,0.44082521472784497,0.6111111111111112,0.3333333333333333,0.6666666666666666,0.6666666666666666,0.5714285714285714,0.6666666666666666,0.5,0.8596491228070176,E2 불량 시기 안 (샷 0~60),공정 값 23 + pair_pos + 샷 간 변동,선형
로지스틱 L2,9,0.3905832254447794,0.4415204678362573,0.3333333333333333,0.3333333333333333,0.3333333333333333,0.5,0.3333333333333333,1.0,0.606060606060606,E2 불량 시기 안 (샷 0~60),공정 값 23 + pair_pos + 샷 간 변동,선형
로지스틱 L2,10,0.4359865024913775,1.0,0.75,1.0,1.0,1.0,1.0,1.0,1.0,E2 불량 시기 안 (샷 0~60),공정 값 23 + pair_pos + 샷 간 변동,선형
로지스틱 L2,11,0.49236877609508806,0.8666666666666667,0.6666666666666666,1.0,1.0,0.5714285714285714,0.6666666666666666,0.5,0.9649122807017544,E2 불량 시기 안 (샷 0~60),공정 값 23 + pair_pos + 샷 간 변동,선형
로지스틱 L2,12,0.62259004174723,0.7777777777777777,0.6666666666666666,0.6666666666666666,0.6666666666666666,0.5,0.3333333333333333,1.0,0.9130434782608695,E2 불량 시기 안 (샷 0~60),공정 값 23 + pair_pos + 샷 간 변동,선형
로지스틱 L2,13,0.5465210722199981,0.7192982456140351,0.6666666666666666,0.6666666666666666,0.6666666666666666,0.8,0.6666666666666666,1.0,0.7575757575757576,E2 불량 시기 안 (샷 0~60),공정 값 23 + pair_pos + 샷 간 변동,선형
로지스틱 L2,14,0.46065541040533287,0.6950757575757576,0.5,0.75,0.75,0.6666666666666666,0.75,0.6,0.8875,E2 불량 시기 안 (샷 0~60),공정 값 23 + pair_pos + 샷 간 변동,선형
로지스틱 L2,15,0.3138872449942691,0.7142857142857142,0.6666666666666666,0.6666666666666666,0.6666666666666666,0.6666666666666666,0.6666666666666666,0.6666666666666666,0.7391304347826086,E2 불량 시기 안 (샷 0~60),공정 값 23 + pair_pos + 샷 간 변동,선형
로지스틱 L2,16,0.6558923879295964,0.8928571428571428,0.75,0.75,1.0,0.8571428571428571,0.75,1.0,0.9624999999999999,E2 불량 시기 안 (샷 0~60),공정 값 23 + pair_pos + 샷 간 변동,선형
로지스틱 L2,17,0.8403818817047203,0.6659663865546218,0.5,0.5,0.75,0.4,0.25,1.0,0.7875,E2 불량 시기 안 (샷 0~60),공정 값 23 + pair_pos + 샷 간 변동,선형
로지스틱 L2,18,0.6224443321832875,0.9166666666666665,0.6666666666666666,1.0,1.0,0.8571428571428571,1.0,0.75,0.9824561403508772,E2 불량 시기 안 (샷 0~60),공정 값 23 + pair_pos + 샷 간 변동,선형
로지스틱 L2,19,0.5839078256326588,0.5694444444444444,0.3333333333333333,0.3333333333333333,1.0,0.4444444444444444,0.6666666666666666,0.3333333333333333,0.8636363636363636,E2 불량 시기 안 (샷 0~60),공정 값 23 + pair_pos + 샷 간 변동,선형
로지스틱 L2,20,0.42374417398215786,0.8,0.75,0.75,0.75,0.8571428571428571,0.75,1.0,0.8,E2 불량 시기 안 (샷 0~60),공정 값 23 + pair_pos + 샷 간 변동,선형
로지스틱 L2,21,0.4358774562039924,1.0,1.0,1.0,1.0,0.8571428571428571,1.0,0.75,1.0,E2 불량 시기 안 (샷 0~60),공정 값 23 + pair_pos + 샷 간 변동,선형
로지스틱 L2,22,0.7155109523917088,0.8875,0.5,1.0,1.0,0.6666666666666666,0.5,1.0,0.975,E2 불량 시기 안 (샷 0~60),공정 값 23 + pair_pos + 샷 간 변동,선형
로지스틱 L2,23,0.27270799545712554,1.0,1.0,1.0,1.0,0.75,1.0,0.6,1.0,E2 불량 시기 안 (샷 0~60),공정 값 23 + pair_pos + 샷 간 변동,선형
로지스틱 L2,24,0.7120887495251288,0.4,0.3333333333333333,0.6666666666666666,0.6666666666666666,0.4,0.3333333333333333,0.5,0.8333333333333334,E2 불량 시기 안 (샷 0~60),공정 값 23 + pair_pos + 샷 간 변동,선형
로지스틱 L2,25,0.31363275654332545,0.8055555555555556,0.75,0.75,0.75,0.8571428571428571,0.75,1.0,0.825,E2 불량 시기 안 (샷 0~60),공정 값 23 + pair_pos + 샷 간 변동,선형
로지스틱 L2,26,0.11558209080427999,0.9166666666666665,0.6666666666666666,1.0,1.0,0.6666666666666666,1.0,0.5,0.9824561403508772,E2 불량 시기 안 (샷 0~60),공정 값 23 + pair_pos + 샷 간 변동,선형
로지스틱 L2,27,0.399049484510624,0.8303571428571428,0.5,0.75,1.0,0.75,0.75,0.75,0.95,E2 불량 시기 안 (샷 0~60),공정 값 23 + pair_pos + 샷 간 변동,선형
로지스틱 L2,28,0.47589810053821874,0.625,0.3333333333333333,0.6666666666666666,1.0,0.3333333333333333,0.3333333333333333,0.3333333333333333,0.8985507246376812,E2 불량 시기 안 (샷 0~60),공정 값 23 + pair_pos + 샷 간 변동,선형
로지스틱 L2,29,0.27842413772036656,1.0,1.0,1.0,1.0,0.8571428571428571,1.0,0.75,1.0,E2 불량 시기 안 (샷 0~60),공정 값 23 + pair_pos + 샷 간 변동,선형
로지스틱 L2,30,0.6778419197711236,0.8088235294117647,0.75,0.75,0.75,0.8571428571428571,0.75,1.0,0.8375,E2 불량 시기 안 (샷 0~60),공정 값 23 + pair_pos + 샷 간 변동,선형
로지스틱 L2,31,0.6314205819733761,1.0,1.0,1.0,1.0,1.0,1.0,1.0,1.0,E2 불량 시기 안 (샷 0~60),공정 값 23 + pair_pos + 샷 간 변동,선형
로지스틱 L2,32,0.7495151491250606,0.5,0.3333333333333333,1.0,1.0,0.4,0.3333333333333333,0.5,0.9130434782608695,E2 불량 시기 안 (샷 0~60),공정 값 23 + pair_pos + 샷 간 변동,선형
로지스틱 L2,33,0.28286894354068864,0.8166666666666667,0.5,0.75,1.0,0.8,1.0,0.6666666666666666,0.9500000000000001,E2 불량 시기 안 (샷 0~60),공정 값 23 + pair_pos + 샷 간 변동,선형
로지스틱 L2,34,0.5802487656644368,0.6222222222222222,0.6666666666666666,0.6666666666666666,0.6666666666666666,0.5,0.3333333333333333,1.0,0.803030303030303,E2 불량 시기 안 (샷 0~60),공정 값 23 + pair_pos + 샷 간 변동,선형
로지스틱 L2,35,0.712124625140992,0.8055555555555556,0.75,0.75,0.75,0.8571428571428571,0.75,1.0,0.825,E2 불량 시기 안 (샷 0~60),공정 값 23 + pair_pos + 샷 간 변동,선형
로지스틱 L2,36,0.3486242654391539,0.7555555555555555,0.6666666666666666,1.0,1.0,0.75,1.0,0.6,0.9565217391304348,E2 불량 시기 안 (샷 0~60),공정 값 23 + pair_pos + 샷 간 변동,선형
로지스틱 L2,37,0.6048087213071295,1.0,0.75,1.0,1.0,1.0,1.0,1.0,1.0,E2 불량 시기 안 (샷 0~60),공정 값 23 + pair_pos + 샷 간 변동,선형
로지스틱 L2,38,0.8648573404940861,0.6555555555555554,0.6666666666666666,0.6666666666666666,0.6666666666666666,0.0,0.0,0.0,0.8596491228070176,E2 불량 시기 안 (샷 0~60),공정 값 23 + pair_pos + 샷 간 변동,선형
로지스틱 L2,39,0.45966102605039166,0.5333333333333333,0.3333333333333333,0.6666666666666666,0.6666666666666666,0.2857142857142857,0.3333333333333333,0.25,0.7727272727272727,E2 불량 시기 안 (샷 0~60),공정 값 23 + pair_pos + 샷 간 변동,선형
로지스틱 L2,40,0.3869415955268135,0.9166666666666666,0.75,0.75,1.0,0.6666666666666666,1.0,0.5,0.9750000000000001,E2 불량 시기 안 (샷 0~60),공정 값 23 + pair_pos + 샷 간 변동,선형
로지스틱 L2,41,0.2141674881809719,0.7916666666666666,0.6666666666666666,0.6666666666666666,0.6666666666666666,0.4444444444444444,0.6666666666666666,0.3333333333333333,0.912280701754386,E2 불량 시기 안 (샷 0~60),공정 값 23 + pair_pos + 샷 간 변동,선형
로지스틱 L2,42,0.3849536905972157,0.6805555555555556,0.6666666666666666,0.6666666666666666,1.0,0.0,0.0,0.0,0.9130434782608696,E2 불량 시기 안 (샷 0~60),공정 값 23 + pair_pos + 샷 간 변동,선형
로지스틱 L2,43,0.6818192699386775,1.0,0.75,1.0,1.0,1.0,1.0,1.0,1.0,E2 불량 시기 안 (샷 0~60),공정 값 23 + pair_pos + 샷 간 변동,선형
로지스틱 L2,44,0.30785370848184884,0.7166666666666666,0.6666666666666666,0.6666666666666666,0.6666666666666666,0.8,0.6666666666666666,1.0,0.7424242424242424,E2 불량 시기 안 (샷 0~60),공정 값 23 + pair_pos + 샷 간 변동,선형
로지스틱 L2,45,0.6722083037494405,0.6178571428571429,0.25,0.5,1.0,0.4,0.25,1.0,0.8875,E2 불량 시기 안 (샷 0~60),공정 값 23 + pair_pos + 샷 간 변동,선형
로지스틱 L2,46,0.8123198772103122,0.7222222222222222,0.6666666666666666,0.6666666666666666,0.6666666666666666,0.6666666666666666,0.6666666666666666,0.6666666666666666,0.7368421052631579,E2 불량 시기 안 (샷 0~60),공정 값 23 + pair_pos + 샷 간 변동,선형
로지스틱 L2,47,0.4143322679416996,0.7222222222222222,0.6666666666666666,1.0,1.0,0.5,0.6666666666666666,0.4,0.9420289855072463,E2 불량 시기 안 (샷 0~60),공정 값 23 + pair_pos + 샷 간 변동,선형
로지스틱 L2,48,0.49339367226932024,0.7708333333333333,0.5,0.75,0.75,0.5714285714285714,0.5,0.6666666666666666,0.8875,E2 불량 시기 안 (샷 0~60),공정 값 23 + pair_pos + 샷 간 변동,선형
로지스틱 L2,49,0.47290561351596194,1.0,1.0,1.0,1.0,1.0,1.0,1.0,1.0,E2 불량 시기 안 (샷 0~60),공정 값 23 + pair_pos + 샷 간 변동,선형
랜덤포레스트,0,0.5540340313997433,1.0,0.75,1.0,1.0,0.6666666666666666,1.0,0.5,1.0,E2 불량 시기 안 (샷 0~60),공정 값 23 + pair_pos + 샷 간 변동,트리
랜덤포레스트,1,0.43544111940977265,0.7142857142857142,0.6666666666666666,0.6666666666666666,0.6666666666666666,0.8,0.6666666666666666,1.0,0.6842105263157895,E2 불량 시기 안 (샷 0~60),공정 값 23 + pair_pos + 샷 간 변동,트리
랜덤포레스트,2,0.45429577245366687,0.6180555555555556,0.6666666666666666,0.6666666666666666,0.6666666666666666,0.4,0.3333333333333333,0.5,0.7971014492753623,E2 불량 시기 안 (샷 0~60),공정 값 23 + pair_pos + 샷 간 변동,트리
랜덤포레스트,3,0.39509037454728874,0.95,0.75,1.0,1.0,0.7272727272727273,1.0,0.5714285714285714,0.9874999999999999,E2 불량 시기 안 (샷 0~60),공정 값 23 + pair_pos + 샷 간 변동,트리
랜덤포레스트,4,0.5063737025644919,0.6333333333333333,0.3333333333333333,0.6666666666666666,1.0,0.4,0.3333333333333333,0.5,0.9090909090909091,E2 불량 시기 안 (샷 0~60),공정 값 23 + pair_pos + 샷 간 변동,트리
랜덤포레스트,5,0.5543290081378316,1.0,0.75,1.0,1.0,0.8,1.0,0.6666666666666666,1.0,E2 불량 시기 안 (샷 0~60),공정 값 23 + pair_pos + 샷 간 변동,트리
랜덤포레스트,6,0.6871368035086064,0.8055555555555556,0.6666666666666666,1.0,1.0,0.0,0.0,0.0,0.9710144927536232,E2 불량 시기 안 (샷 0~60),공정 값 23 + pair_pos + 샷 간 변동,트리
랜덤포레스트,7,0.4458271068170445,1.0,0.75,1.0,1.0,1.0,1.0,1.0,1.0,E2 불량 시기 안 (샷 0~60),공정 값 23 + pair_pos + 샷 간 변동,트리
랜덤포레스트,8,0.47687509012315493,1.0,1.0,1.0,1.0,0.6666666666666666,1.0,0.5,1.0,E2 불량 시기 안 (샷 0~60),공정 값 23 + pair_pos + 샷 간 변동,트리
랜덤포레스트,9,0.5956827946735065,0.4583333333333333,0.3333333333333333,0.3333333333333333,0.6666666666666666,0.5,0.3333333333333333,1.0,0.5909090909090909,E2 불량 시기 안 (샷 0~60),공정 값 23 + pair_pos + 샷 간 변동,트리
랜덤포레스트,10,0.47252847970269546,1.0,0.75,1.0,1.0,0.8,1.0,0.6666666666666666,1.0,E2 불량 시기 안 (샷 0~60),공정 값 23 + pair_pos + 샷 간 변동,트리
랜덤포레스트,11,0.607127401207896,0.6388888888888888,0.6666666666666666,1.0,1.0,0.8571428571428571,1.0,0.75,0.9473684210526316,E2 불량 시기 안 (샷 0~60),공정 값 23 + pair_pos + 샷 간 변동,트리
랜덤포레스트,12,0.6272869170589758,0.5972222222222222,0.6666666666666666,0.6666666666666666,0.6666666666666666,0.0,0.0,0.0,0.681159420289855,E2 불량 시기 안 (샷 0~60),공정 값 23 + pair_pos + 샷 간 변동,트리
랜덤포레스트,13,0.4596715310832956,0.7435897435897436,0.6666666666666666,0.6666666666666666,0.6666666666666666,0.5714285714285714,0.6666666666666666,0.5,0.8484848484848484,E2 불량 시기 안 (샷 0~60),공정 값 23 + pair_pos + 샷 간 변동,트리
랜덤포레스트,14,0.46036069911818117,0.9166666666666666,0.75,0.75,1.0,0.6666666666666666,0.75,0.6,0.9750000000000001,E2 불량 시기 안 (샷 0~60),공정 값 23 + pair_pos + 샷 간 변동,트리
랜덤포레스트,15,0.60310348883143,0.6555555555555554,0.6666666666666666,0.6666666666666666,0.6666666666666666,0.5,0.3333333333333333,1.0,0.8840579710144928,E2 불량 시기 안 (샷 0~60),공정 값 23 + pair_pos + 샷 간 변동,트리
랜덤포레스트,16,0.48015927770262473,0.8055555555555556,0.75,0.75,0.75,0.8571428571428571,0.75,1.0,0.825,E2 불량 시기 안 (샷 0~60),공정 값 23 + pair_pos + 샷 간 변동,트리
랜덤포레스트,17,0.5062214647150707,1.0,0.75,1.0,1.0,0.6666666666666666,1.0,0.5,1.0,E2 불량 시기 안 (샷 0~60),공정 값 23 + pair_pos + 샷 간 변동,트리
랜덤포레스트,18,0.5456274882123952,1.0,1.0,1.0,1.0,1.0,1.0,1.0,1.0,E2 불량 시기 안 (샷 0~60),공정 값 23 + pair_pos + 샷 간 변동,트리
랜덤포레스트,19,0.4357002812002811,0.8333333333333333,0.6666666666666666,0.6666666666666666,1.0,0.46153846153846156,1.0,0.3,0.9545454545454546,E2 불량 시기 안 (샷 0~60),공정 값 23 + pair_pos + 샷 간 변동,트리
랜덤포레스트,20,0.48464448379850816,0.8214285714285714,0.75,0.75,0.75,0.8571428571428571,0.75,1.0,0.875,E2 불량 시기 안 (샷 0~60),공정 값 23 + pair_pos + 샷 간 변동,트리
랜덤포레스트,21,0.5765206016420179,0.7222222222222222,0.6666666666666666,1.0,1.0,0.6666666666666666,0.6666666666666666,0.6666666666666666,0.9420289855072463,E2 불량 시기 안 (샷 0~60),공정 값 23 + pair_pos + 샷 간 변동,트리
랜덤포레스트,22,0.4270731075197018,1.0,0.75,1.0,1.0,0.6153846153846154,1.0,0.4444444444444444,1.0,E2 불량 시기 안 (샷 0~60),공정 값 23 + pair_pos + 샷 간 변동,트리
랜덤포레스트,23,0.4704454838533784,1.0,1.0,1.0,1.0,0.8571428571428571,1.0,0.75,1.0,E2 불량 시기 안 (샷 0~60),공정 값 23 + pair_pos + 샷 간 변동,트리
랜덤포레스트,24,0.5982744118626471,0.5254901960784314,0.3333333333333333,0.6666666666666666,0.6666666666666666,0.5,0.3333333333333333,1.0,0.7424242424242424,E2 불량 시기 안 (샷 0~60),공정 값 23 + pair_pos + 샷 간 변동,트리
랜덤포레스트,25,0.3926529058259706,0.6597222222222222,0.5,0.75,0.75,0.6666666666666666,0.75,0.6,0.8,E2 불량 시기 안 (샷 0~60),공정 값 23 + pair_pos + 샷 간 변동,트리
랜덤포레스트,26,0.41114630220352705,1.0,1.0,1.0,1.0,0.8571428571428571,1.0,0.75,1.0,E2 불량 시기 안 (샷 0~60),공정 값 23 + pair_pos + 샷 간 변동,트리
랜덤포레스트,27,0.4514347169478242,1.0,0.75,1.0,1.0,0.6666666666666666,1.0,0.5,1.0,E2 불량 시기 안 (샷 0~60),공정 값 23 + pair_pos + 샷 간 변동,트리
랜덤포레스트,28,0.5422449849485447,0.5434782608695652,0.3333333333333333,0.6666666666666666,0.6666666666666666,0.3333333333333333,0.3333333333333333,0.3333333333333333,0.681159420289855,E2 불량 시기 안 (샷 0~60),공정 값 23 + pair_pos + 샷 간 변동,트리
랜덤포레스트,29,0.6960410765704881,1.0,1.0,1.0,1.0,0.0,0.0,0.0,1.0,E2 불량 시기 안 (샷 0~60),공정 값 23 + pair_pos + 샷 간 변동,트리
랜덤포레스트,30,0.3998592559164809,0.8333333333333333,0.75,0.75,0.75,0.75,0.75,0.75,0.9,E2 불량 시기 안 (샷 0~60),공정 값 23 + pair_pos + 샷 간 변동,트리
랜덤포레스트,31,0.5594437534286603,1.0,1.0,1.0,1.0,1.0,1.0,1.0,1.0,E2 불량 시기 안 (샷 0~60),공정 값 23 + pair_pos + 샷 간 변동,트리
랜덤포레스트,32,0.6259599816105232,0.41111111111111115,0.3333333333333333,1.0,1.0,0.0,0.0,0.0,0.8840579710144927,E2 불량 시기 안 (샷 0~60),공정 값 23 + pair_pos + 샷 간 변동,트리
랜덤포레스트,33,0.4141394556595794,0.8928571428571428,0.75,0.75,1.0,0.7272727272727273,1.0,0.5714285714285714,0.9624999999999999,E2 불량 시기 안 (샷 0~60),공정 값 23 + pair_pos + 샷 간 변동,트리
랜덤포레스트,34,0.622465355407693,0.6031746031746031,0.6666666666666666,0.6666666666666666,0.6666666666666666,0.4,0.3333333333333333,0.5,0.712121212121212,E2 불량 시기 안 (샷 0~60),공정 값 23 + pair_pos + 샷 간 변동,트리
랜덤포레스트,35,0.5100383372553918,0.6875,0.5,0.75,0.75,0.75,0.75,0.75,0.875,E2 불량 시기 안 (샷 0~60),공정 값 23 + pair_pos + 샷 간 변동,트리
랜덤포레스트,36,0.47524508498037893,1.0,1.0,1.0,1.0,0.6,1.0,0.42857142857142855,1.0,E2 불량 시기 안 (샷 0~60),공정 값 23 + pair_pos + 샷 간 변동,트리
랜덤포레스트,37,0.48305691116875316,0.95,0.75,1.0,1.0,0.8888888888888888,1.0,0.8,0.9874999999999999,E2 불량 시기 안 (샷 0~60),공정 값 23 + pair_pos + 샷 간 변동,트리
랜덤포레스트,38,0.5053096361605918,1.0,1.0,1.0,1.0,1.0,1.0,1.0,1.0,E2 불량 시기 안 (샷 0~60),공정 값 23 + pair_pos + 샷 간 변동,트리
랜덤포레스트,39,0.5125866051160167,0.601010101010101,0.6666666666666666,0.6666666666666666,0.6666666666666666,0.5,0.6666666666666666,0.4,0.6969696969696969,E2 불량 시기 안 (샷 0~60),공정 값 23 + pair_pos + 샷 간 변동,트리
랜덤포레스트,40,0.5467808606368975,0.8166666666666667,0.5,0.75,1.0,0.6666666666666666,0.75,0.6,0.9500000000000001,E2 불량 시기 안 (샷 0~60),공정 값 23 + pair_pos + 샷 간 변동,트리
랜덤포레스트,41,0.5382839772842631,1.0,1.0,1.0,1.0,0.6666666666666666,1.0,0.5,1.0,E2 불량 시기 안 (샷 0~60),공정 값 23 + pair_pos + 샷 간 변동,트리
랜덤포레스트,42,0.5134979380927525,0.5955555555555555,0.6666666666666666,0.6666666666666666,0.6666666666666666,0.5,0.3333333333333333,1.0,0.6666666666666666,E2 불량 시기 안 (샷 0~60),공정 값 23 + pair_pos + 샷 간 변동,트리
랜덤포레스트,43,0.39277809155841176,1.0,0.75,1.0,1.0,0.8,1.0,0.6666666666666666,1.0,E2 불량 시기 안 (샷 0~60),공정 값 23 + pair_pos + 샷 간 변동,트리
랜덤포레스트,44,0.5406227359385253,0.6555555555555554,0.6666666666666666,0.6666666666666666,0.6666666666666666,0.6666666666666666,0.6666666666666666,0.6666666666666666,0.8787878787878789,E2 불량 시기 안 (샷 0~60),공정 값 23 + pair_pos + 샷 간 변동,트리
랜덤포레스트,45,0.5768672830294347,0.8928571428571428,0.75,0.75,1.0,0.6666666666666666,0.5,1.0,0.9624999999999999,E2 불량 시기 안 (샷 0~60),공정 값 23 + pair_pos + 샷 간 변동,트리
랜덤포레스트,46,0.4437882103878233,0.7575757575757576,0.6666666666666666,0.6666666666666666,0.6666666666666666,0.5,0.6666666666666666,0.4,0.8596491228070176,E2 불량 시기 안 (샷 0~60),공정 값 23 + pair_pos + 샷 간 변동,트리
랜덤포레스트,47,0.6118725595726368,0.5777777777777777,0.3333333333333333,0.6666666666666666,0.6666666666666666,0.0,0.0,0.0,0.8695652173913043,E2 불량 시기 안 (샷 0~60),공정 값 23 + pair_pos + 샷 간 변동,트리
랜덤포레스트,48,0.6505384492958022,0.7954545454545454,0.75,0.75,0.75,0.0,0.0,0.0,0.775,E2 불량 시기 안 (샷 0~60),공정 값 23 + pair_pos + 샷 간 변동,트리
랜덤포레스트,49,0.5322005323824206,0.8055555555555556,0.6666666666666666,1.0,1.0,0.4,0.3333333333333333,0.5,0.9696969696969697,E2 불량 시기 안 (샷 0~60),공정 값 23 + pair_pos + 샷 간 변동,트리
엑스트라트리,0,0.3941196489500841,0.95,0.75,1.0,1.0,0.6666666666666666,1.0,0.5,0.9874999999999999,E2 불량 시기 안 (샷 0~60),공정 값 23 + pair_pos + 샷 간 변동,트리
엑스트라트리,1,0.46603608840973304,0.7254901960784313,0.6666666666666666,0.6666666666666666,0.6666666666666666,0.8,0.6666666666666666,1.0,0.7543859649122807,E2 불량 시기 안 (샷 0~60),공정 값 23 + pair_pos + 샷 간 변동,트리
엑스트라트리,2,0.47150730263260027,0.7066666666666666,0.6666666666666666,0.6666666666666666,0.6666666666666666,0.8,0.6666666666666666,1.0,0.681159420289855,E2 불량 시기 안 (샷 0~60),공정 값 23 + pair_pos + 샷 간 변동,트리
엑스트라트리,3,0.37665356164430996,1.0,0.75,1.0,1.0,1.0,1.0,1.0,1.0,E2 불량 시기 안 (샷 0~60),공정 값 23 + pair_pos + 샷 간 변동,트리
엑스트라트리,4,0.3672080610677276,1.0,1.0,1.0,1.0,1.0,1.0,1.0,1.0,E2 불량 시기 안 (샷 0~60),공정 값 23 + pair_pos + 샷 간 변동,트리
엑스트라트리,5,0.4231935836402204,1.0,0.75,1.0,1.0,1.0,1.0,1.0,1.0,E2 불량 시기 안 (샷 0~60),공정 값 23 + pair_pos + 샷 간 변동,트리
엑스트라트리,6,0.4763385056968404,1.0,1.0,1.0,1.0,1.0,1.0,1.0,1.0,E2 불량 시기 안 (샷 0~60),공정 값 23 + pair_pos + 샷 간 변동,트리
엑스트라트리,7,0.34927067505030196,1.0,0.75,1.0,1.0,0.8,1.0,0.6666666666666666,1.0,E2 불량 시기 안 (샷 0~60),공정 값 23 + pair_pos + 샷 간 변동,트리
엑스트라트리,8,0.4762823707384926,0.8055555555555556,0.6666666666666666,1.0,1.0,0.8571428571428571,1.0,0.75,0.9649122807017545,E2 불량 시기 안 (샷 0~60),공정 값 23 + pair_pos + 샷 간 변동,트리
엑스트라트리,9,0.5089558980564568,0.45604395604395603,0.3333333333333333,0.3333333333333333,0.3333333333333333,0.5,0.3333333333333333,1.0,0.6666666666666666,E2 불량 시기 안 (샷 0~60),공정 값 23 + pair_pos + 샷 간 변동,트리
엑스트라트리,10,0.3546640833171282,1.0,0.75,1.0,1.0,0.8888888888888888,1.0,0.8,1.0,E2 불량 시기 안 (샷 0~60),공정 값 23 + pair_pos + 샷 간 변동,트리
엑스트라트리,11,0.53974424142795,0.9166666666666665,0.6666666666666666,1.0,1.0,0.8571428571428571,1.0,0.75,0.9824561403508772,E2 불량 시기 안 (샷 0~60),공정 값 23 + pair_pos + 샷 간 변동,트리
엑스트라트리,12,0.4160456826292292,0.7380952380952381,0.6666666666666666,0.6666666666666666,0.6666666666666666,0.8,0.6666666666666666,1.0,0.8405797101449275,E2 불량 시기 안 (샷 0~60),공정 값 23 + pair_pos + 샷 간 변동,트리
엑스트라트리,13,0.3703207248697792,0.7142857142857142,0.6666666666666666,0.6666666666666666,0.6666666666666666,0.8,0.6666666666666666,1.0,0.7272727272727272,E2 불량 시기 안 (샷 0~60),공정 값 23 + pair_pos + 샷 간 변동,트리
엑스트라트리,14,0.4529795748759603,1.0,0.75,1.0,1.0,1.0,1.0,1.0,1.0,E2 불량 시기 안 (샷 0~60),공정 값 23 + pair_pos + 샷 간 변동,트리
엑스트라트리,15,0.4662889283042936,0.7066666666666666,0.6666666666666666,0.6666666666666666,0.6666666666666666,0.8,0.6666666666666666,1.0,0.681159420289855,E2 불량 시기 안 (샷 0~60),공정 값 23 + pair_pos + 샷 간 변동,트리
엑스트라트리,16,0.45270625219185623,0.8409090909090909,0.75,0.75,0.75,0.8571428571428571,0.75,1.0,0.9125,E2 불량 시기 안 (샷 0~60),공정 값 23 + pair_pos + 샷 간 변동,트리
엑스트라트리,17,0.4608051466570285,1.0,0.75,1.0,1.0,1.0,1.0,1.0,1.0,E2 불량 시기 안 (샷 0~60),공정 값 23 + pair_pos + 샷 간 변동,트리
엑스트라트리,18,0.49803502249572196,1.0,1.0,1.0,1.0,1.0,1.0,1.0,1.0,E2 불량 시기 안 (샷 0~60),공정 값 23 + pair_pos + 샷 간 변동,트리
엑스트라트리,19,0.40974263612716894,0.8055555555555556,0.6666666666666666,1.0,1.0,0.6,1.0,0.42857142857142855,0.9696969696969697,E2 불량 시기 안 (샷 0~60),공정 값 23 + pair_pos + 샷 간 변동,트리
엑스트라트리,20,0.4533196079242069,0.7916666666666666,0.75,0.75,0.75,0.8571428571428571,0.75,1.0,0.75,E2 불량 시기 안 (샷 0~60),공정 값 23 + pair_pos + 샷 간 변동,트리
엑스트라트리,21,0.5042824694678635,1.0,1.0,1.0,1.0,0.8,0.6666666666666666,1.0,1.0,E2 불량 시기 안 (샷 0~60),공정 값 23 + pair_pos + 샷 간 변동,트리
엑스트라트리,22,0.45857761875098274,1.0,0.75,1.0,1.0,0.8888888888888888,1.0,0.8,1.0,E2 불량 시기 안 (샷 0~60),공정 값 23 + pair_pos + 샷 간 변동,트리
엑스트라트리,23,0.3740945660396863,1.0,1.0,1.0,1.0,1.0,1.0,1.0,1.0,E2 불량 시기 안 (샷 0~60),공정 값 23 + pair_pos + 샷 간 변동,트리
엑스트라트리,24,0.38848481841279625,0.44771241830065356,0.6666666666666666,0.6666666666666666,0.6666666666666666,0.5,0.6666666666666666,0.4,0.7575757575757576,E2 불량 시기 안 (샷 0~60),공정 값 23 + pair_pos + 샷 간 변동,트리
엑스트라트리,25,0.4479345869472624,0.7976190476190477,0.75,0.75,0.75,0.8571428571428571,0.75,1.0,0.7875,E2 불량 시기 안 (샷 0~60),공정 값 23 + pair_pos + 샷 간 변동,트리
엑스트라트리,26,0.3875850516790981,1.0,1.0,1.0,1.0,1.0,1.0,1.0,1.0,E2 불량 시기 안 (샷 0~60),공정 값 23 + pair_pos + 샷 간 변동,트리
엑스트라트리,27,0.42179093164686404,1.0,0.75,1.0,1.0,1.0,1.0,1.0,1.0,E2 불량 시기 안 (샷 0~60),공정 값 23 + pair_pos + 샷 간 변동,트리
엑스트라트리,28,0.4499204264039732,0.45138888888888884,0.6666666666666666,0.6666666666666666,0.6666666666666666,0.5,0.6666666666666666,0.4,0.782608695652174,E2 불량 시기 안 (샷 0~60),공정 값 23 + pair_pos + 샷 간 변동,트리
엑스트라트리,29,0.3769730373124753,1.0,1.0,1.0,1.0,1.0,1.0,1.0,1.0,E2 불량 시기 안 (샷 0~60),공정 값 23 + pair_pos + 샷 간 변동,트리
엑스트라트리,30,0.33949632687785436,0.8026315789473684,0.75,0.75,0.75,0.75,0.75,0.75,0.8125,E2 불량 시기 안 (샷 0~60),공정 값 23 + pair_pos + 샷 간 변동,트리
엑스트라트리,31,0.557530761562242,1.0,1.0,1.0,1.0,1.0,1.0,1.0,1.0,E2 불량 시기 안 (샷 0~60),공정 값 23 + pair_pos + 샷 간 변동,트리
엑스트라트리,32,0.5896425917099944,0.41111111111111115,0.3333333333333333,1.0,1.0,0.0,0.0,0.0,0.8840579710144927,E2 불량 시기 안 (샷 0~60),공정 값 23 + pair_pos + 샷 간 변동,트리
엑스트라트리,33,0.4224185595667922,1.0,0.75,1.0,1.0,1.0,1.0,1.0,1.0,E2 불량 시기 안 (샷 0~60),공정 값 23 + pair_pos + 샷 간 변동,트리
엑스트라트리,34,0.474192772010884,0.7101449275362319,0.6666666666666666,0.6666666666666666,0.6666666666666666,0.6666666666666666,0.6666666666666666,0.6666666666666666,0.6969696969696969,E2 불량 시기 안 (샷 0~60),공정 값 23 + pair_pos + 샷 간 변동,트리
엑스트라트리,35,0.46851919551868615,0.7976190476190477,0.75,0.75,0.75,0.8571428571428571,0.75,1.0,0.7875,E2 불량 시기 안 (샷 0~60),공정 값 23 + pair_pos + 샷 간 변동,트리
엑스트라트리,36,0.4220642778010395,1.0,1.0,1.0,1.0,1.0,1.0,1.0,1.0,E2 불량 시기 안 (샷 0~60),공정 값 23 + pair_pos + 샷 간 변동,트리
엑스트라트리,37,0.45531026853530326,1.0,0.75,1.0,1.0,1.0,1.0,1.0,1.0,E2 불량 시기 안 (샷 0~60),공정 값 23 + pair_pos + 샷 간 변동,트리
엑스트라트리,38,0.4619074093294261,1.0,1.0,1.0,1.0,1.0,1.0,1.0,1.0,E2 불량 시기 안 (샷 0~60),공정 값 23 + pair_pos + 샷 간 변동,트리
엑스트라트리,39,0.5148834508432024,0.4415204678362573,0.6666666666666666,0.6666666666666666,0.6666666666666666,0.6666666666666666,0.6666666666666666,0.6666666666666666,0.7272727272727273,E2 불량 시기 안 (샷 0~60),공정 값 23 + pair_pos + 샷 간 변동,트리
엑스트라트리,40,0.5240220104425544,0.8875,0.5,1.0,1.0,0.75,0.75,0.75,0.975,E2 불량 시기 안 (샷 0~60),공정 값 23 + pair_pos + 샷 간 변동,트리
엑스트라트리,41,0.4687712532741951,1.0,1.0,1.0,1.0,1.0,1.0,1.0,1.0,E2 불량 시기 안 (샷 0~60),공정 값 23 + pair_pos + 샷 간 변동,트리
엑스트라트리,42,0.5231679485985542,0.7192982456140351,0.6666666666666666,0.6666666666666666,0.6666666666666666,0.0,0.0,0.0,0.7681159420289855,E2 불량 시기 안 (샷 0~60),공정 값 23 + pair_pos + 샷 간 변동,트리
엑스트라트리,43,0.3461128578406739,1.0,0.75,1.0,1.0,0.8888888888888888,1.0,0.8,1.0,E2 불량 시기 안 (샷 0~60),공정 값 23 + pair_pos + 샷 간 변동,트리
엑스트라트리,44,0.41110648249769366,0.7066666666666666,0.6666666666666666,0.6666666666666666,0.6666666666666666,0.8,0.6666666666666666,1.0,0.6666666666666666,E2 불량 시기 안 (샷 0~60),공정 값 23 + pair_pos + 샷 간 변동,트리
엑스트라트리,45,0.3994329901597458,1.0,0.75,1.0,1.0,0.8571428571428571,0.75,1.0,1.0,E2 불량 시기 안 (샷 0~60),공정 값 23 + pair_pos + 샷 간 변동,트리
엑스트라트리,46,0.43570341081785313,0.7166666666666666,0.6666666666666666,0.6666666666666666,0.6666666666666666,0.5714285714285714,0.6666666666666666,0.5,0.7017543859649122,E2 불량 시기 안 (샷 0~60),공정 값 23 + pair_pos + 샷 간 변동,트리
엑스트라트리,47,0.4265500840882996,1.0,1.0,1.0,1.0,0.5,0.3333333333333333,1.0,1.0,E2 불량 시기 안 (샷 0~60),공정 값 23 + pair_pos + 샷 간 변동,트리
엑스트라트리,48,0.4595969369497386,0.7954545454545454,0.75,0.75,0.75,0.8571428571428571,0.75,1.0,0.775,E2 불량 시기 안 (샷 0~60),공정 값 23 + pair_pos + 샷 간 변동,트리
엑스트라트리,49,0.4578560092917167,1.0,1.0,1.0,1.0,0.5,0.3333333333333333,1.0,1.0,E2 불량 시기 안 (샷 0~60),공정 값 23 + pair_pos + 샷 간 변동,트리
GradientBoosting,0,0.252814962424852,1.0,0.75,1.0,1.0,0.8,1.0,0.6666666666666666,1.0,E2 불량 시기 안 (샷 0~60),공정 값 23 + pair_pos + 샷 간 변동,부스팅
GradientBoosting,1,0.041587182633342226,0.7380952380952381,0.6666666666666666,0.6666666666666666,0.6666666666666666,0.5,0.6666666666666666,0.4,0.8070175438596491,E2 불량 시기 안 (샷 0~60),공정 값 23 + pair_pos + 샷 간 변동,부스팅
GradientBoosting,2,0.47825416238193547,0.5575757575757576,0.3333333333333333,0.6666666666666666,0.6666666666666666,0.5,0.3333333333333333,1.0,0.8405797101449275,E2 불량 시기 안 (샷 0~60),공정 값 23 + pair_pos + 샷 간 변동,부스팅
GradientBoosting,3,0.08733858791477554,1.0,0.75,1.0,1.0,0.8571428571428571,0.75,1.0,1.0,E2 불량 시기 안 (샷 0~60),공정 값 23 + pair_pos + 샷 간 변동,부스팅
GradientBoosting,4,0.03835550363091218,0.4777777777777778,0.3333333333333333,1.0,1.0,0.75,1.0,0.6,0.9090909090909091,E2 불량 시기 안 (샷 0~60),공정 값 23 + pair_pos + 샷 간 변동,부스팅
GradientBoosting,5,0.6715853284082709,1.0,0.75,1.0,1.0,1.0,1.0,1.0,1.0,E2 불량 시기 안 (샷 0~60),공정 값 23 + pair_pos + 샷 간 변동,부스팅
GradientBoosting,6,0.26493531997729586,1.0,1.0,1.0,1.0,0.8,0.6666666666666666,1.0,1.0,E2 불량 시기 안 (샷 0~60),공정 값 23 + pair_pos + 샷 간 변동,부스팅
GradientBoosting,7,0.27687578751512504,0.9166666666666666,0.75,0.75,1.0,0.8571428571428571,0.75,1.0,0.9750000000000001,E2 불량 시기 안 (샷 0~60),공정 값 23 + pair_pos + 샷 간 변동,부스팅
GradientBoosting,8,0.5196972786345958,1.0,1.0,1.0,1.0,1.0,1.0,1.0,1.0,E2 불량 시기 안 (샷 0~60),공정 값 23 + pair_pos + 샷 간 변동,부스팅
GradientBoosting,9,0.02589589915749772,0.5285714285714286,0.3333333333333333,0.3333333333333333,0.6666666666666666,0.5,0.3333333333333333,1.0,0.8181818181818182,E2 불량 시기 안 (샷 0~60),공정 값 23 + pair_pos + 샷 간 변동,부스팅
GradientBoosting,10,0.06816708221312764,0.95,0.75,1.0,1.0,0.8888888888888888,1.0,0.8,0.9874999999999999,E2 불량 시기 안 (샷 0~60),공정 값 23 + pair_pos + 샷 간 변동,부스팅
GradientBoosting,11,0.04630548717737724,0.8333333333333333,0.6666666666666666,0.6666666666666666,1.0,0.5454545454545454,1.0,0.375,0.9473684210526315,E2 불량 시기 안 (샷 0~60),공정 값 23 + pair_pos + 샷 간 변동,부스팅
GradientBoosting,12,0.7168116215571949,0.5254901960784314,0.3333333333333333,0.6666666666666666,0.6666666666666666,0.0,0.0,0.0,0.753623188405797,E2 불량 시기 안 (샷 0~60),공정 값 23 + pair_pos + 샷 간 변동,부스팅
GradientBoosting,13,0.242913132428189,0.7380952380952381,0.6666666666666666,0.6666666666666666,0.6666666666666666,0.6666666666666666,0.6666666666666666,0.6666666666666666,0.8333333333333333,E2 불량 시기 안 (샷 0~60),공정 값 23 + pair_pos + 샷 간 변동,부스팅
GradientBoosting,14,0.015560076284354853,1.0,0.75,1.0,1.0,0.8,1.0,0.6666666666666666,1.0,E2 불량 시기 안 (샷 0~60),공정 값 23 + pair_pos + 샷 간 변동,부스팅
GradientBoosting,15,0.18490944474491341,0.7222222222222222,0.6666666666666666,0.6666666666666666,0.6666666666666666,0.5,0.3333333333333333,1.0,0.7826086956521738,E2 불량 시기 안 (샷 0~60),공정 값 23 + pair_pos + 샷 간 변동,부스팅
GradientBoosting,16,0.03224260291184551,0.8928571428571428,0.75,0.75,1.0,0.75,0.75,0.75,0.9624999999999999,E2 불량 시기 안 (샷 0~60),공정 값 23 + pair_pos + 샷 간 변동,부스팅
GradientBoosting,17,0.0938976445387836,1.0,0.75,1.0,1.0,0.7272727272727273,1.0,0.5714285714285714,1.0,E2 불량 시기 안 (샷 0~60),공정 값 23 + pair_pos + 샷 간 변동,부스팅
GradientBoosting,18,0.16876889570172202,1.0,1.0,1.0,1.0,1.0,1.0,1.0,1.0,E2 불량 시기 안 (샷 0~60),공정 값 23 + pair_pos + 샷 간 변동,부스팅
GradientBoosting,19,0.003202268835109643,0.8095238095238095,0.6666666666666666,0.6666666666666666,1.0,0.35294117647058826,1.0,0.21428571428571427,0.9393939393939393,E2 불량 시기 안 (샷 0~60),공정 값 23 + pair_pos + 샷 간 변동,부스팅
GradientBoosting,20,0.022383501729563413,0.8026315789473684,0.75,0.75,0.75,0.6,0.75,0.5,0.8125,E2 불량 시기 안 (샷 0~60),공정 값 23 + pair_pos + 샷 간 변동,부스팅
GradientBoosting,21,0.010007573449304823,0.6805555555555556,0.6666666666666666,0.6666666666666666,1.0,0.5,1.0,0.3333333333333333,0.9130434782608696,E2 불량 시기 안 (샷 0~60),공정 값 23 + pair_pos + 샷 간 변동,부스팅
GradientBoosting,22,0.017242957030109553,1.0,0.75,1.0,1.0,0.6666666666666666,1.0,0.5,1.0,E2 불량 시기 안 (샷 0~60),공정 값 23 + pair_pos + 샷 간 변동,부스팅
GradientBoosting,23,0.27619553997238266,1.0,1.0,1.0,1.0,0.8571428571428571,1.0,0.75,1.0,E2 불량 시기 안 (샷 0~60),공정 값 23 + pair_pos + 샷 간 변동,부스팅
GradientBoosting,24,0.1989806620917594,0.6388888888888888,0.6666666666666666,0.6666666666666666,0.6666666666666666,0.5,0.3333333333333333,1.0,0.8484848484848484,E2 불량 시기 안 (샷 0~60),공정 값 23 + pair_pos + 샷 간 변동,부스팅
GradientBoosting,25,0.031399193217964104,0.8214285714285714,0.75,0.75,0.75,0.6,0.75,0.5,0.875,E2 불량 시기 안 (샷 0~60),공정 값 23 + pair_pos + 샷 간 변동,부스팅
GradientBoosting,26,0.04112073174648509,1.0,1.0,1.0,1.0,0.75,1.0,0.6,1.0,E2 불량 시기 안 (샷 0~60),공정 값 23 + pair_pos + 샷 간 변동,부스팅
GradientBoosting,27,0.1546789669527276,1.0,0.75,1.0,1.0,1.0,1.0,1.0,1.0,E2 불량 시기 안 (샷 0~60),공정 값 23 + pair_pos + 샷 간 변동,부스팅
GradientBoosting,28,0.6545741372548407,0.6555555555555554,0.6666666666666666,0.6666666666666666,0.6666666666666666,0.0,0.0,0.0,0.8840579710144928,E2 불량 시기 안 (샷 0~60),공정 값 23 + pair_pos + 샷 간 변동,부스팅
GradientBoosting,29,0.16435420559281655,1.0,1.0,1.0,1.0,0.8,0.6666666666666666,1.0,1.0,E2 불량 시기 안 (샷 0~60),공정 값 23 + pair_pos + 샷 간 변동,부스팅
GradientBoosting,30,0.0051261827793764965,0.8026315789473684,0.75,0.75,0.75,0.5454545454545454,0.75,0.42857142857142855,0.8125,E2 불량 시기 안 (샷 0~60),공정 값 23 + pair_pos + 샷 간 변동,부스팅
GradientBoosting,31,0.3992747778229409,1.0,1.0,1.0,1.0,0.8,0.6666666666666666,1.0,1.0,E2 불량 시기 안 (샷 0~60),공정 값 23 + pair_pos + 샷 간 변동,부스팅
GradientBoosting,32,0.06848289292616554,0.41111111111111115,0.3333333333333333,1.0,1.0,0.2857142857142857,0.3333333333333333,0.25,0.8840579710144927,E2 불량 시기 안 (샷 0~60),공정 값 23 + pair_pos + 샷 간 변동,부스팅
GradientBoosting,33,0.18778691843374046,0.95,0.75,1.0,1.0,0.75,0.75,0.75,0.9874999999999999,E2 불량 시기 안 (샷 0~60),공정 값 23 + pair_pos + 샷 간 변동,부스팅
GradientBoosting,34,0.844801722141751,0.7333333333333334,0.6666666666666666,0.6666666666666666,0.6666666666666666,0.5,0.3333333333333333,1.0,0.8181818181818181,E2 불량 시기 안 (샷 0~60),공정 값 23 + pair_pos + 샷 간 변동,부스팅
GradientBoosting,35,0.6924026879004428,0.8055555555555556,0.75,0.75,0.75,0.8571428571428571,0.75,1.0,0.825,E2 불량 시기 안 (샷 0~60),공정 값 23 + pair_pos + 샷 간 변동,부스팅
GradientBoosting,36,0.6790722093464594,0.7916666666666666,0.6666666666666666,0.6666666666666666,1.0,0.6666666666666666,0.6666666666666666,0.6666666666666666,0.927536231884058,E2 불량 시기 안 (샷 0~60),공정 값 23 + pair_pos + 샷 간 변동,부스팅
GradientBoosting,37,0.01244928411191232,1.0,0.75,1.0,1.0,1.0,1.0,1.0,1.0,E2 불량 시기 안 (샷 0~60),공정 값 23 + pair_pos + 샷 간 변동,부스팅
GradientBoosting,38,0.9525212961439702,0.5666666666666667,0.3333333333333333,0.6666666666666666,0.6666666666666666,0.2857142857142857,0.3333333333333333,0.25,0.8245614035087718,E2 불량 시기 안 (샷 0~60),공정 값 23 + pair_pos + 샷 간 변동,부스팅
GradientBoosting,39,0.00965363885939874,0.5032679738562091,0.3333333333333333,0.3333333333333333,0.6666666666666666,0.4,0.6666666666666666,0.2857142857142857,0.7272727272727273,E2 불량 시기 안 (샷 0~60),공정 값 23 + pair_pos + 샷 간 변동,부스팅
GradientBoosting,40,0.4725941592429857,0.725,0.5,0.5,0.75,0.4444444444444444,0.5,0.4,0.8875,E2 불량 시기 안 (샷 0~60),공정 값 23 + pair_pos + 샷 간 변동,부스팅
GradientBoosting,41,0.06936360057628091,1.0,1.0,1.0,1.0,0.75,1.0,0.6,1.0,E2 불량 시기 안 (샷 0~60),공정 값 23 + pair_pos + 샷 간 변동,부스팅
GradientBoosting,42,0.7904371063818054,0.7083333333333333,0.6666666666666666,0.6666666666666666,0.6666666666666666,0.5,0.3333333333333333,1.0,0.6956521739130435,E2 불량 시기 안 (샷 0~60),공정 값 23 + pair_pos + 샷 간 변동,부스팅
GradientBoosting,43,0.013345024466068472,1.0,0.75,1.0,1.0,0.8888888888888888,1.0,0.8,1.0,E2 불량 시기 안 (샷 0~60),공정 값 23 + pair_pos + 샷 간 변동,부스팅
GradientBoosting,44,0.9618598065400582,0.3686868686868687,0.3333333333333333,0.3333333333333333,0.6666666666666666,0.0,0.0,0.0,0.803030303030303,E2 불량 시기 안 (샷 0~60),공정 값 23 + pair_pos + 샷 간 변동,부스팅
GradientBoosting,45,0.3569022603996343,1.0,0.75,1.0,1.0,0.8888888888888888,1.0,0.8,1.0,E2 불량 시기 안 (샷 0~60),공정 값 23 + pair_pos + 샷 간 변동,부스팅
GradientBoosting,46,0.034758187358087174,0.7380952380952381,0.6666666666666666,0.6666666666666666,0.6666666666666666,0.5714285714285714,0.6666666666666666,0.5,0.8070175438596491,E2 불량 시기 안 (샷 0~60),공정 값 23 + pair_pos + 샷 간 변동,부스팅
GradientBoosting,47,0.7771292096335173,0.6428571428571428,0.3333333333333333,0.6666666666666666,1.0,0.0,0.0,0.0,0.9130434782608696,E2 불량 시기 안 (샷 0~60),공정 값 23 + pair_pos + 샷 간 변동,부스팅
GradientBoosting,48,0.8785435160315791,0.5588235294117647,0.25,0.5,0.75,0.6,0.75,0.5,0.775,E2 불량 시기 안 (샷 0~60),공정 값 23 + pair_pos + 샷 간 변동,부스팅
GradientBoosting,49,0.6721350908890505,1.0,1.0,1.0,1.0,0.0,0.0,0.0,1.0,E2 불량 시기 안 (샷 0~60),공정 값 23 + pair_pos + 샷 간 변동,부스팅
HistGradientBoosting,0,0.9344029527989434,0.95,0.75,1.0,1.0,0.8571428571428571,0.75,1.0,0.9874999999999999,E2 불량 시기 안 (샷 0~60),공정 값 23 + pair_pos + 샷 간 변동,부스팅
HistGradientBoosting,1,0.00598285869486244,0.7291666666666666,0.6666666666666666,0.6666666666666666,0.6666666666666666,0.8,0.6666666666666666,1.0,0.7719298245614035,E2 불량 시기 안 (샷 0~60),공정 값 23 + pair_pos + 샷 간 변동,부스팅
HistGradientBoosting,2,0.19907117016339573,0.7291666666666666,0.6666666666666666,0.6666666666666666,0.6666666666666666,0.5,0.3333333333333333,1.0,0.8115942028985508,E2 불량 시기 안 (샷 0~60),공정 값 23 + pair_pos + 샷 간 변동,부스팅
HistGradientBoosting,3,0.1652115494307189,1.0,0.75,1.0,1.0,0.8,1.0,0.6666666666666666,1.0,E2 불량 시기 안 (샷 0~60),공정 값 23 + pair_pos + 샷 간 변동,부스팅
HistGradientBoosting,4,0.07509687198924804,0.6666666666666667,0.3333333333333333,0.6666666666666666,1.0,0.4,0.3333333333333333,0.5,0.9242424242424242,E2 불량 시기 안 (샷 0~60),공정 값 23 + pair_pos + 샷 간 변동,부스팅
HistGradientBoosting,5,0.3669898176947041,1.0,0.75,1.0,1.0,1.0,1.0,1.0,1.0,E2 불량 시기 안 (샷 0~60),공정 값 23 + pair_pos + 샷 간 변동,부스팅
HistGradientBoosting,6,0.06832682607958737,0.8666666666666667,0.6666666666666666,1.0,1.0,0.6666666666666666,0.6666666666666666,0.6666666666666666,0.9710144927536233,E2 불량 시기 안 (샷 0~60),공정 값 23 + pair_pos + 샷 간 변동,부스팅
HistGradientBoosting,7,0.02318654125285927,1.0,0.75,1.0,1.0,1.0,1.0,1.0,1.0,E2 불량 시기 안 (샷 0~60),공정 값 23 + pair_pos + 샷 간 변동,부스팅
HistGradientBoosting,8,0.03937294425580831,0.8055555555555556,0.6666666666666666,1.0,1.0,0.75,1.0,0.6,0.9649122807017545,E2 불량 시기 안 (샷 0~60),공정 값 23 + pair_pos + 샷 간 변동,부스팅
HistGradientBoosting,9,0.8169890666429223,0.4512820512820513,0.3333333333333333,0.3333333333333333,0.3333333333333333,0.5,0.3333333333333333,1.0,0.6515151515151515,E2 불량 시기 안 (샷 0~60),공정 값 23 + pair_pos + 샷 간 변동,부스팅
HistGradientBoosting,10,0.9122819804132116,1.0,0.75,1.0,1.0,0.8571428571428571,0.75,1.0,1.0,E2 불량 시기 안 (샷 0~60),공정 값 23 + pair_pos + 샷 간 변동,부스팅
HistGradientBoosting,11,0.4073627041161478,0.9166666666666665,0.6666666666666666,1.0,1.0,0.8571428571428571,1.0,0.75,0.9824561403508772,E2 불량 시기 안 (샷 0~60),공정 값 23 + pair_pos + 샷 간 변동,부스팅
HistGradientBoosting,12,0.71612921537783,0.7051282051282051,0.6666666666666666,0.6666666666666666,0.6666666666666666,0.0,0.0,0.0,0.6666666666666666,E2 불량 시기 안 (샷 0~60),공정 값 23 + pair_pos + 샷 간 변동,부스팅
HistGradientBoosting,13,0.3471624416903199,0.7380952380952381,0.6666666666666666,0.6666666666666666,0.6666666666666666,0.5,0.3333333333333333,1.0,0.8333333333333333,E2 불량 시기 안 (샷 0~60),공정 값 23 + pair_pos + 샷 간 변동,부스팅
HistGradientBoosting,14,0.004218018505559127,0.8541666666666666,0.5,0.75,1.0,0.6666666666666666,1.0,0.5,0.9625,E2 불량 시기 안 (샷 0~60),공정 값 23 + pair_pos + 샷 간 변동,부스팅
HistGradientBoosting,15,0.6401612041202099,0.7222222222222222,0.6666666666666666,0.6666666666666666,0.6666666666666666,0.5,0.3333333333333333,1.0,0.7826086956521738,E2 불량 시기 안 (샷 0~60),공정 값 23 + pair_pos + 샷 간 변동,부스팅
HistGradientBoosting,16,0.1601779975772208,0.8166666666666667,0.75,0.75,0.75,0.6666666666666666,0.5,1.0,0.8625,E2 불량 시기 안 (샷 0~60),공정 값 23 + pair_pos + 샷 간 변동,부스팅
HistGradientBoosting,17,0.19930866540444045,1.0,0.75,1.0,1.0,0.8888888888888888,1.0,0.8,1.0,E2 불량 시기 안 (샷 0~60),공정 값 23 + pair_pos + 샷 간 변동,부스팅
HistGradientBoosting,18,0.44495027448227875,1.0,1.0,1.0,1.0,1.0,1.0,1.0,1.0,E2 불량 시기 안 (샷 0~60),공정 값 23 + pair_pos + 샷 간 변동,부스팅
HistGradientBoosting,19,0.5187467396477371,1.0,1.0,1.0,1.0,0.8571428571428571,1.0,0.75,1.0,E2 불량 시기 안 (샷 0~60),공정 값 23 + pair_pos + 샷 간 변동,부스팅
HistGradientBoosting,20,0.6318012070753325,0.8214285714285714,0.75,0.75,0.75,0.6666666666666666,0.5,1.0,0.875,E2 불량 시기 안 (샷 0~60),공정 값 23 + pair_pos + 샷 간 변동,부스팅
HistGradientBoosting,21,0.16064116769508688,0.8666666666666667,0.6666666666666666,1.0,1.0,0.8,0.6666666666666666,1.0,0.9710144927536233,E2 불량 시기 안 (샷 0~60),공정 값 23 + pair_pos + 샷 간 변동,부스팅
HistGradientBoosting,22,0.15313513796573025,0.95,0.75,1.0,1.0,0.75,0.75,0.75,0.9874999999999999,E2 불량 시기 안 (샷 0~60),공정 값 23 + pair_pos + 샷 간 변동,부스팅
HistGradientBoosting,23,0.2736788260418845,1.0,1.0,1.0,1.0,1.0,1.0,1.0,1.0,E2 불량 시기 안 (샷 0~60),공정 값 23 + pair_pos + 샷 간 변동,부스팅
HistGradientBoosting,24,0.07188430018697475,0.6081871345029239,0.6666666666666666,0.6666666666666666,0.6666666666666666,0.6666666666666666,0.6666666666666666,0.6666666666666666,0.7424242424242424,E2 불량 시기 안 (샷 0~60),공정 값 23 + pair_pos + 샷 간 변동,부스팅
HistGradientBoosting,25,0.014223818569917734,0.8333333333333333,0.75,0.75,0.75,0.6,0.75,0.5,0.9,E2 불량 시기 안 (샷 0~60),공정 값 23 + pair_pos + 샷 간 변동,부스팅
HistGradientBoosting,26,0.0016675157721038128,1.0,1.0,1.0,1.0,0.6,1.0,0.42857142857142855,1.0,E2 불량 시기 안 (샷 0~60),공정 값 23 + pair_pos + 샷 간 변동,부스팅
HistGradientBoosting,27,0.29698303953925337,1.0,0.75,1.0,1.0,0.8888888888888888,1.0,0.8,1.0,E2 불량 시기 안 (샷 0~60),공정 값 23 + pair_pos + 샷 간 변동,부스팅
HistGradientBoosting,28,0.9836270332896847,0.6324786324786325,0.6666666666666666,0.6666666666666666,0.6666666666666666,0.5,0.3333333333333333,1.0,0.8405797101449275,E2 불량 시기 안 (샷 0~60),공정 값 23 + pair_pos + 샷 간 변동,부스팅
HistGradientBoosting,29,0.22019186919119715,0.8055555555555556,0.6666666666666666,1.0,1.0,0.5,0.3333333333333333,1.0,0.9696969696969697,E2 불량 시기 안 (샷 0~60),공정 값 23 + pair_pos + 샷 간 변동,부스팅
HistGradientBoosting,30,0.2779481544102687,0.8214285714285714,0.75,0.75,0.75,0.8571428571428571,0.75,1.0,0.875,E2 불량 시기 안 (샷 0~60),공정 값 23 + pair_pos + 샷 간 변동,부스팅
HistGradientBoosting,31,0.6640164230235607,1.0,1.0,1.0,1.0,0.8,0.6666666666666666,1.0,1.0,E2 불량 시기 안 (샷 0~60),공정 값 23 + pair_pos + 샷 간 변동,부스팅
HistGradientBoosting,32,0.2413441298377843,0.7,0.3333333333333333,1.0,1.0,0.4,0.3333333333333333,0.5,0.9420289855072465,E2 불량 시기 안 (샷 0~60),공정 값 23 + pair_pos + 샷 간 변동,부스팅
HistGradientBoosting,33,0.6119202264633629,1.0,0.75,1.0,1.0,0.8571428571428571,0.75,1.0,1.0,E2 불량 시기 안 (샷 0~60),공정 값 23 + pair_pos + 샷 간 변동,부스팅
HistGradientBoosting,34,0.681004546883305,0.5555555555555556,0.3333333333333333,0.6666666666666666,0.6666666666666666,0.5,0.3333333333333333,1.0,0.7424242424242424,E2 불량 시기 안 (샷 0~60),공정 값 23 + pair_pos + 샷 간 변동,부스팅
HistGradientBoosting,35,0.5087534252573603,0.8166666666666667,0.75,0.75,0.75,0.8571428571428571,0.75,1.0,0.8625,E2 불량 시기 안 (샷 0~60),공정 값 23 + pair_pos + 샷 간 변동,부스팅
HistGradientBoosting,36,0.7423158954300462,0.8055555555555556,0.6666666666666666,1.0,1.0,0.4,0.3333333333333333,0.5,0.9710144927536232,E2 불량 시기 안 (샷 0~60),공정 값 23 + pair_pos + 샷 간 변동,부스팅
HistGradientBoosting,37,0.34107121375993904,0.95,0.75,1.0,1.0,0.75,0.75,0.75,0.9874999999999999,E2 불량 시기 안 (샷 0~60),공정 값 23 + pair_pos + 샷 간 변동,부스팅
HistGradientBoosting,38,0.6442881148889013,0.6666666666666667,0.3333333333333333,0.6666666666666666,1.0,0.4,0.3333333333333333,0.5,0.9122807017543859,E2 불량 시기 안 (샷 0~60),공정 값 23 + pair_pos + 샷 간 변동,부스팅
HistGradientBoosting,39,0.03944681868283166,0.5083333333333333,0.3333333333333333,0.6666666666666666,0.6666666666666666,0.2857142857142857,0.3333333333333333,0.25,0.6363636363636362,E2 불량 시기 안 (샷 0~60),공정 값 23 + pair_pos + 샷 간 변동,부스팅
HistGradientBoosting,40,0.39154114734474027,0.875,0.75,0.75,1.0,0.6,0.75,0.5,0.9500000000000001,E2 불량 시기 안 (샷 0~60),공정 값 23 + pair_pos + 샷 간 변동,부스팅
HistGradientBoosting,41,0.06114386354454813,1.0,1.0,1.0,1.0,0.6666666666666666,1.0,0.5,1.0,E2 불량 시기 안 (샷 0~60),공정 값 23 + pair_pos + 샷 간 변동,부스팅
HistGradientBoosting,42,0.6554082092865648,0.75,0.6666666666666666,0.6666666666666666,0.6666666666666666,0.0,0.0,0.0,0.8695652173913044,E2 불량 시기 안 (샷 0~60),공정 값 23 + pair_pos + 샷 간 변동,부스팅
HistGradientBoosting,43,0.00304397698007565,1.0,0.75,1.0,1.0,0.8888888888888888,1.0,0.8,1.0,E2 불량 시기 안 (샷 0~60),공정 값 23 + pair_pos + 샷 간 변동,부스팅
HistGradientBoosting,44,0.05301388559947609,0.6143790849673203,0.6666666666666666,0.6666666666666666,0.6666666666666666,0.4,0.3333333333333333,0.5,0.7727272727272727,E2 불량 시기 안 (샷 0~60),공정 값 23 + pair_pos + 샷 간 변동,부스팅
HistGradientBoosting,45,0.20858183547132894,0.5845238095238094,0.5,0.75,1.0,0.5,0.5,0.5,0.9125,E2 불량 시기 안 (샷 0~60),공정 값 23 + pair_pos + 샷 간 변동,부스팅
HistGradientBoosting,46,0.5977125420088529,0.7166666666666666,0.6666666666666666,0.6666666666666666,0.6666666666666666,0.6666666666666666,0.6666666666666666,0.6666666666666666,0.7017543859649122,E2 불량 시기 안 (샷 0~60),공정 값 23 + pair_pos + 샷 간 변동,부스팅
HistGradientBoosting,47,0.20282072168120044,0.8055555555555556,0.6666666666666666,1.0,1.0,0.5,0.3333333333333333,1.0,0.9710144927536232,E2 불량 시기 안 (샷 0~60),공정 값 23 + pair_pos + 샷 간 변동,부스팅
HistGradientBoosting,48,0.8229662036637267,0.7329545454545454,0.5,0.75,0.75,0.6666666666666666,0.5,1.0,0.7625,E2 불량 시기 안 (샷 0~60),공정 값 23 + pair_pos + 샷 간 변동,부스팅
HistGradientBoosting,49,0.4064919823524539,0.8055555555555556,0.6666666666666666,1.0,1.0,0.5,0.3333333333333333,1.0,0.9696969696969697,E2 불량 시기 안 (샷 0~60),공정 값 23 + pair_pos + 샷 간 변동,부스팅
XGBoost,0,0.7181959748268127,1.0,0.75,1.0,1.0,0.8888888888888888,1.0,0.8,1.0,E2 불량 시기 안 (샷 0~60),공정 값 23 + pair_pos + 샷 간 변동,부스팅
XGBoost,1,0.354483425617218,0.75,0.6666666666666666,0.6666666666666666,0.6666666666666666,0.6666666666666666,0.6666666666666666,0.6666666666666666,0.8421052631578948,E2 불량 시기 안 (샷 0~60),공정 값 23 + pair_pos + 샷 간 변동,부스팅
XGBoost,2,0.7017890214920044,0.7254901960784313,0.6666666666666666,0.6666666666666666,0.6666666666666666,0.5,0.3333333333333333,1.0,0.7971014492753623,E2 불량 시기 안 (샷 0~60),공정 값 23 + pair_pos + 샷 간 변동,부스팅
XGBoost,3,0.2663441002368927,1.0,0.75,1.0,1.0,0.8,1.0,0.6666666666666666,1.0,E2 불량 시기 안 (샷 0~60),공정 값 23 + pair_pos + 샷 간 변동,부스팅
XGBoost,4,0.3632488250732422,0.8333333333333333,0.6666666666666666,0.6666666666666666,1.0,0.5714285714285714,0.6666666666666666,0.5,0.9545454545454546,E2 불량 시기 안 (샷 0~60),공정 값 23 + pair_pos + 샷 간 변동,부스팅
XGBoost,5,0.8380736708641052,1.0,0.75,1.0,1.0,1.0,1.0,1.0,1.0,E2 불량 시기 안 (샷 0~60),공정 값 23 + pair_pos + 샷 간 변동,부스팅
XGBoost,6,0.42796215415000916,1.0,1.0,1.0,1.0,1.0,1.0,1.0,1.0,E2 불량 시기 안 (샷 0~60),공정 값 23 + pair_pos + 샷 간 변동,부스팅
XGBoost,7,0.23269613087177277,1.0,0.75,1.0,1.0,1.0,1.0,1.0,1.0,E2 불량 시기 안 (샷 0~60),공정 값 23 + pair_pos + 샷 간 변동,부스팅
XGBoost,8,0.4667874872684479,1.0,1.0,1.0,1.0,0.75,1.0,0.6,1.0,E2 불량 시기 안 (샷 0~60),공정 값 23 + pair_pos + 샷 간 변동,부스팅
XGBoost,9,0.7839317321777344,0.45138888888888884,0.3333333333333333,0.3333333333333333,0.3333333333333333,0.5,0.3333333333333333,1.0,0.6515151515151515,E2 불량 시기 안 (샷 0~60),공정 값 23 + pair_pos + 샷 간 변동,부스팅
XGBoost,10,0.42619588971138,1.0,0.75,1.0,1.0,1.0,1.0,1.0,1.0,E2 불량 시기 안 (샷 0~60),공정 값 23 + pair_pos + 샷 간 변동,부스팅
XGBoost,11,0.8317609429359436,0.6388888888888888,0.6666666666666666,1.0,1.0,0.8571428571428571,1.0,0.75,0.9473684210526316,E2 불량 시기 안 (샷 0~60),공정 값 23 + pair_pos + 샷 간 변동,부스팅
XGBoost,12,0.9369102120399475,0.7291666666666666,0.6666666666666666,0.6666666666666666,0.6666666666666666,0.5,0.3333333333333333,1.0,0.8115942028985508,E2 불량 시기 안 (샷 0~60),공정 값 23 + pair_pos + 샷 간 변동,부스팅
XGBoost,13,0.8733130693435669,0.7222222222222222,0.6666666666666666,0.6666666666666666,0.6666666666666666,0.8,0.6666666666666666,1.0,0.7727272727272727,E2 불량 시기 안 (샷 0~60),공정 값 23 + pair_pos + 샷 간 변동,부스팅
XGBoost,14,0.2772538959980011,1.0,0.75,1.0,1.0,1.0,1.0,1.0,1.0,E2 불량 시기 안 (샷 0~60),공정 값 23 + pair_pos + 샷 간 변동,부스팅
XGBoost,15,0.3496507406234741,0.7291666666666666,0.6666666666666666,0.6666666666666666,0.6666666666666666,0.8,0.6666666666666666,1.0,0.8115942028985508,E2 불량 시기 안 (샷 0~60),공정 값 23 + pair_pos + 샷 간 변동,부스팅
XGBoost,16,0.10845765471458435,0.8611111111111112,0.75,0.75,0.75,0.8571428571428571,0.75,1.0,0.9375,E2 불량 시기 안 (샷 0~60),공정 값 23 + pair_pos + 샷 간 변동,부스팅
XGBoost,17,0.6688646674156189,0.95,0.75,1.0,1.0,0.8,1.0,0.6666666666666666,0.9874999999999999,E2 불량 시기 안 (샷 0~60),공정 값 23 + pair_pos + 샷 간 변동,부스팅
XGBoost,18,0.7268857359886169,1.0,1.0,1.0,1.0,1.0,1.0,1.0,1.0,E2 불량 시기 안 (샷 0~60),공정 값 23 + pair_pos + 샷 간 변동,부스팅
XGBoost,19,0.47591331601142883,1.0,1.0,1.0,1.0,0.6666666666666666,1.0,0.5,1.0,E2 불량 시기 안 (샷 0~60),공정 값 23 + pair_pos + 샷 간 변동,부스팅
XGBoost,20,0.861449658870697,0.8166666666666667,0.75,0.75,0.75,0.6666666666666666,0.5,1.0,0.8625,E2 불량 시기 안 (샷 0~60),공정 값 23 + pair_pos + 샷 간 변동,부스팅
XGBoost,21,0.6865980625152588,0.8666666666666667,0.6666666666666666,1.0,1.0,0.5714285714285714,0.6666666666666666,0.5,0.9710144927536233,E2 불량 시기 안 (샷 0~60),공정 값 23 + pair_pos + 샷 간 변동,부스팅
XGBoost,22,0.24793696403503418,1.0,0.75,1.0,1.0,0.6153846153846154,1.0,0.4444444444444444,1.0,E2 불량 시기 안 (샷 0~60),공정 값 23 + pair_pos + 샷 간 변동,부스팅
XGBoost,23,0.5151711106300354,1.0,1.0,1.0,1.0,0.75,1.0,0.6,1.0,E2 불량 시기 안 (샷 0~60),공정 값 23 + pair_pos + 샷 간 변동,부스팅
XGBoost,24,0.8793460726737976,0.6388888888888888,0.6666666666666666,0.6666666666666666,0.6666666666666666,0.5,0.3333333333333333,1.0,0.8484848484848484,E2 불량 시기 안 (샷 0~60),공정 값 23 + pair_pos + 샷 간 변동,부스팅
XGBoost,25,0.4321925640106201,0.8088235294117647,0.75,0.75,0.75,0.75,0.75,0.75,0.8375,E2 불량 시기 안 (샷 0~60),공정 값 23 + pair_pos + 샷 간 변동,부스팅
XGBoost,26,0.08249670267105103,1.0,1.0,1.0,1.0,0.75,1.0,0.6,1.0,E2 불량 시기 안 (샷 0~60),공정 값 23 + pair_pos + 샷 간 변동,부스팅
XGBoost,27,0.38362857699394226,1.0,0.75,1.0,1.0,0.8,1.0,0.6666666666666666,1.0,E2 불량 시기 안 (샷 0~60),공정 값 23 + pair_pos + 샷 간 변동,부스팅
XGBoost,28,0.5967832207679749,0.6324786324786325,0.6666666666666666,0.6666666666666666,0.6666666666666666,0.6666666666666666,0.6666666666666666,0.6666666666666666,0.8405797101449275,E2 불량 시기 안 (샷 0~60),공정 값 23 + pair_pos + 샷 간 변동,부스팅
XGBoost,29,0.5401163101196289,1.0,1.0,1.0,1.0,0.8,0.6666666666666666,1.0,1.0,E2 불량 시기 안 (샷 0~60),공정 값 23 + pair_pos + 샷 간 변동,부스팅
XGBoost,30,0.16902092099189758,0.8088235294117647,0.75,0.75,0.75,0.6,0.75,0.5,0.8375,E2 불량 시기 안 (샷 0~60),공정 값 23 + pair_pos + 샷 간 변동,부스팅
XGBoost,31,0.8017868995666504,1.0,1.0,1.0,1.0,1.0,1.0,1.0,1.0,E2 불량 시기 안 (샷 0~60),공정 값 23 + pair_pos + 샷 간 변동,부스팅
XGBoost,32,0.849669873714447,0.5,0.3333333333333333,1.0,1.0,0.4,0.3333333333333333,0.5,0.9130434782608695,E2 불량 시기 안 (샷 0~60),공정 값 23 + pair_pos + 샷 간 변동,부스팅
XGBoost,33,0.7912104725837708,1.0,0.75,1.0,1.0,0.8571428571428571,0.75,1.0,1.0,E2 불량 시기 안 (샷 0~60),공정 값 23 + pair_pos + 샷 간 변동,부스팅
XGBoost,34,0.8876299262046814,0.7254901960784313,0.6666666666666666,0.6666666666666666,0.6666666666666666,0.8,0.6666666666666666,1.0,0.7878787878787878,E2 불량 시기 안 (샷 0~60),공정 값 23 + pair_pos + 샷 간 변동,부스팅
XGBoost,35,0.8360829949378967,0.8125,0.75,0.75,0.75,0.8571428571428571,0.75,1.0,0.85,E2 불량 시기 안 (샷 0~60),공정 값 23 + pair_pos + 샷 간 변동,부스팅
XGBoost,36,0.7908629179000854,1.0,1.0,1.0,1.0,0.8571428571428571,1.0,0.75,1.0,E2 불량 시기 안 (샷 0~60),공정 값 23 + pair_pos + 샷 간 변동,부스팅
XGBoost,37,0.41766175627708435,1.0,0.75,1.0,1.0,1.0,1.0,1.0,1.0,E2 불량 시기 안 (샷 0~60),공정 값 23 + pair_pos + 샷 간 변동,부스팅
XGBoost,38,0.8746579885482788,0.7555555555555555,0.6666666666666666,1.0,1.0,0.5,0.3333333333333333,1.0,0.9473684210526316,E2 불량 시기 안 (샷 0~60),공정 값 23 + pair_pos + 샷 간 변동,부스팅
XGBoost,39,0.5303803086280823,0.44771241830065356,0.6666666666666666,0.6666666666666666,0.6666666666666666,0.6666666666666666,0.6666666666666666,0.6666666666666666,0.7575757575757576,E2 불량 시기 안 (샷 0~60),공정 값 23 + pair_pos + 샷 간 변동,부스팅
XGBoost,40,0.7847902178764343,0.8611111111111112,0.75,0.75,0.75,0.75,0.75,0.75,0.9375,E2 불량 시기 안 (샷 0~60),공정 값 23 + pair_pos + 샷 간 변동,부스팅
XGBoost,41,0.5794805288314819,0.8666666666666667,0.6666666666666666,1.0,1.0,0.6666666666666666,1.0,0.5,0.9649122807017544,E2 불량 시기 안 (샷 0~60),공정 값 23 + pair_pos + 샷 간 변동,부스팅
XGBoost,42,0.6426644921302795,0.7435897435897436,0.6666666666666666,0.6666666666666666,0.6666666666666666,0.8,0.6666666666666666,1.0,0.855072463768116,E2 불량 시기 안 (샷 0~60),공정 값 23 + pair_pos + 샷 간 변동,부스팅
XGBoost,43,0.10011491924524307,1.0,0.75,1.0,1.0,0.8888888888888888,1.0,0.8,1.0,E2 불량 시기 안 (샷 0~60),공정 값 23 + pair_pos + 샷 간 변동,부스팅
XGBoost,44,0.394892156124115,0.7291666666666666,0.6666666666666666,0.6666666666666666,0.6666666666666666,0.8,0.6666666666666666,1.0,0.803030303030303,E2 불량 시기 안 (샷 0~60),공정 값 23 + pair_pos + 샷 간 변동,부스팅
XGBoost,45,0.6796445846557617,0.6916666666666667,0.25,0.75,1.0,0.2857142857142857,0.25,0.3333333333333333,0.925,E2 불량 시기 안 (샷 0~60),공정 값 23 + pair_pos + 샷 간 변동,부스팅
XGBoost,46,0.8778772354125977,0.7291666666666666,0.6666666666666666,0.6666666666666666,0.6666666666666666,0.6666666666666666,0.6666666666666666,0.6666666666666666,0.7719298245614035,E2 불량 시기 안 (샷 0~60),공정 값 23 + pair_pos + 샷 간 변동,부스팅
XGBoost,47,0.873447835445404,0.5,0.3333333333333333,1.0,1.0,0.0,0.0,0.0,0.9130434782608695,E2 불량 시기 안 (샷 0~60),공정 값 23 + pair_pos + 샷 간 변동,부스팅
XGBoost,48,0.8926130533218384,0.8214285714285714,0.75,0.75,0.75,0.8571428571428571,0.75,1.0,0.875,E2 불량 시기 안 (샷 0~60),공정 값 23 + pair_pos + 샷 간 변동,부스팅
XGBoost,49,0.729672908782959,1.0,1.0,1.0,1.0,0.5,0.3333333333333333,1.0,1.0,E2 불량 시기 안 (샷 0~60),공정 값 23 + pair_pos + 샷 간 변동,부스팅
LightGBM,0,0.2369903206004071,1.0,0.75,1.0,1.0,0.8888888888888888,1.0,0.8,1.0,E2 불량 시기 안 (샷 0~60),공정 값 23 + pair_pos + 샷 간 변동,부스팅
LightGBM,1,0.4393201202436905,0.7435897435897436,0.6666666666666666,0.6666666666666666,0.6666666666666666,0.8,0.6666666666666666,1.0,0.8245614035087719,E2 불량 시기 안 (샷 0~60),공정 값 23 + pair_pos + 샷 간 변동,부스팅
LightGBM,2,0.3590822876815315,0.7192982456140351,0.6666666666666666,0.6666666666666666,0.6666666666666666,0.5,0.3333333333333333,1.0,0.7681159420289855,E2 불량 시기 안 (샷 0~60),공정 값 23 + pair_pos + 샷 간 변동,부스팅
LightGBM,3,0.21454705142462271,1.0,0.75,1.0,1.0,1.0,1.0,1.0,1.0,E2 불량 시기 안 (샷 0~60),공정 값 23 + pair_pos + 샷 간 변동,부스팅
LightGBM,4,0.8734004100218221,0.9166666666666665,0.6666666666666666,1.0,1.0,0.5,0.3333333333333333,1.0,0.9848484848484849,E2 불량 시기 안 (샷 0~60),공정 값 23 + pair_pos + 샷 간 변동,부스팅
LightGBM,5,0.7784066673262406,1.0,0.75,1.0,1.0,0.8571428571428571,0.75,1.0,1.0,E2 불량 시기 안 (샷 0~60),공정 값 23 + pair_pos + 샷 간 변동,부스팅
LightGBM,6,0.9449330322077789,1.0,1.0,1.0,1.0,0.8,0.6666666666666666,1.0,1.0,E2 불량 시기 안 (샷 0~60),공정 값 23 + pair_pos + 샷 간 변동,부스팅
LightGBM,7,0.07415932758924314,1.0,0.75,1.0,1.0,0.8571428571428571,0.75,1.0,1.0,E2 불량 시기 안 (샷 0~60),공정 값 23 + pair_pos + 샷 간 변동,부스팅
LightGBM,8,0.14097002488887583,1.0,1.0,1.0,1.0,0.8571428571428571,1.0,0.75,1.0,E2 불량 시기 안 (샷 0~60),공정 값 23 + pair_pos + 샷 간 변동,부스팅
LightGBM,9,0.7368677937045452,0.4471153846153846,0.3333333333333333,0.3333333333333333,0.3333333333333333,0.5,0.3333333333333333,1.0,0.6363636363636364,E2 불량 시기 안 (샷 0~60),공정 값 23 + pair_pos + 샷 간 변동,부스팅
LightGBM,10,0.05626614970911813,1.0,0.75,1.0,1.0,1.0,1.0,1.0,1.0,E2 불량 시기 안 (샷 0~60),공정 값 23 + pair_pos + 샷 간 변동,부스팅
LightGBM,11,0.3424735526565199,1.0,1.0,1.0,1.0,0.8571428571428571,1.0,0.75,1.0,E2 불량 시기 안 (샷 0~60),공정 값 23 + pair_pos + 샷 간 변동,부스팅
LightGBM,12,0.35755478632708476,0.7380952380952381,0.6666666666666666,0.6666666666666666,0.6666666666666666,0.5,0.3333333333333333,1.0,0.8405797101449275,E2 불량 시기 안 (샷 0~60),공정 값 23 + pair_pos + 샷 간 변동,부스팅
LightGBM,13,0.26783408123340235,0.7333333333333334,0.6666666666666666,0.6666666666666666,0.6666666666666666,0.8,0.6666666666666666,1.0,0.8181818181818181,E2 불량 시기 안 (샷 0~60),공정 값 23 + pair_pos + 샷 간 변동,부스팅
LightGBM,14,0.04704042018501089,1.0,0.75,1.0,1.0,1.0,1.0,1.0,1.0,E2 불량 시기 안 (샷 0~60),공정 값 23 + pair_pos + 샷 간 변동,부스팅
LightGBM,15,0.3296234988608776,0.7291666666666666,0.6666666666666666,0.6666666666666666,0.6666666666666666,0.8,0.6666666666666666,1.0,0.8115942028985508,E2 불량 시기 안 (샷 0~60),공정 값 23 + pair_pos + 샷 간 변동,부스팅
LightGBM,16,0.04683018312383176,0.875,0.75,0.75,1.0,0.8571428571428571,0.75,1.0,0.9500000000000001,E2 불량 시기 안 (샷 0~60),공정 값 23 + pair_pos + 샷 간 변동,부스팅
LightGBM,17,0.33592100037445566,1.0,0.75,1.0,1.0,0.8888888888888888,1.0,0.8,1.0,E2 불량 시기 안 (샷 0~60),공정 값 23 + pair_pos + 샷 간 변동,부스팅
LightGBM,18,0.7201560945056712,1.0,1.0,1.0,1.0,1.0,1.0,1.0,1.0,E2 불량 시기 안 (샷 0~60),공정 값 23 + pair_pos + 샷 간 변동,부스팅
LightGBM,19,0.38405796623077254,1.0,1.0,1.0,1.0,1.0,1.0,1.0,1.0,E2 불량 시기 안 (샷 0~60),공정 값 23 + pair_pos + 샷 간 변동,부스팅
LightGBM,20,0.5635664354318032,0.8125,0.75,0.75,0.75,0.8571428571428571,0.75,1.0,0.85,E2 불량 시기 안 (샷 0~60),공정 값 23 + pair_pos + 샷 간 변동,부스팅
LightGBM,21,0.4955835827571918,0.8055555555555556,0.6666666666666666,1.0,1.0,0.8571428571428571,1.0,0.75,0.9710144927536232,E2 불량 시기 안 (샷 0~60),공정 값 23 + pair_pos + 샷 간 변동,부스팅
LightGBM,22,0.06043500920465556,1.0,0.75,1.0,1.0,1.0,1.0,1.0,1.0,E2 불량 시기 안 (샷 0~60),공정 값 23 + pair_pos + 샷 간 변동,부스팅
LightGBM,23,0.03940326271699068,1.0,1.0,1.0,1.0,0.75,1.0,0.6,1.0,E2 불량 시기 안 (샷 0~60),공정 값 23 + pair_pos + 샷 간 변동,부스팅
LightGBM,24,0.48097785040839214,0.6324786324786325,0.6666666666666666,0.6666666666666666,0.6666666666666666,0.5,0.3333333333333333,1.0,0.8333333333333333,E2 불량 시기 안 (샷 0~60),공정 값 23 + pair_pos + 샷 간 변동,부스팅
LightGBM,25,0.7930145041240793,0.8166666666666667,0.75,0.75,0.75,0.8571428571428571,0.75,1.0,0.8625,E2 불량 시기 안 (샷 0~60),공정 값 23 + pair_pos + 샷 간 변동,부스팅
LightGBM,26,0.0368215092730226,1.0,1.0,1.0,1.0,1.0,1.0,1.0,1.0,E2 불량 시기 안 (샷 0~60),공정 값 23 + pair_pos + 샷 간 변동,부스팅
LightGBM,27,0.13385415415049612,0.95,0.75,1.0,1.0,0.8888888888888888,1.0,0.8,0.9874999999999999,E2 불량 시기 안 (샷 0~60),공정 값 23 + pair_pos + 샷 간 변동,부스팅
LightGBM,28,0.3694544194718902,0.6666666666666666,0.6666666666666666,0.6666666666666666,0.6666666666666666,0.5,0.3333333333333333,1.0,0.8985507246376812,E2 불량 시기 안 (샷 0~60),공정 값 23 + pair_pos + 샷 간 변동,부스팅
LightGBM,29,0.787845634601182,1.0,1.0,1.0,1.0,1.0,1.0,1.0,1.0,E2 불량 시기 안 (샷 0~60),공정 값 23 + pair_pos + 샷 간 변동,부스팅
LightGBM,30,0.013855205655216746,0.8166666666666667,0.75,0.75,0.75,0.6666666666666666,0.75,0.6,0.8625,E2 불량 시기 안 (샷 0~60),공정 값 23 + pair_pos + 샷 간 변동,부스팅
LightGBM,31,0.21315207046129656,1.0,1.0,1.0,1.0,1.0,1.0,1.0,1.0,E2 불량 시기 안 (샷 0~60),공정 값 23 + pair_pos + 샷 간 변동,부스팅
LightGBM,32,0.7603874740613108,0.5,0.3333333333333333,1.0,1.0,0.4,0.3333333333333333,0.5,0.9130434782608695,E2 불량 시기 안 (샷 0~60),공정 값 23 + pair_pos + 샷 간 변동,부스팅
LightGBM,33,0.024485513802468804,0.95,0.75,1.0,1.0,0.75,0.75,0.75,0.9874999999999999,E2 불량 시기 안 (샷 0~60),공정 값 23 + pair_pos + 샷 간 변동,부스팅
LightGBM,34,0.3980062778581042,0.75,0.6666666666666666,0.6666666666666666,0.6666666666666666,0.8,0.6666666666666666,1.0,0.8636363636363635,E2 불량 시기 안 (샷 0~60),공정 값 23 + pair_pos + 샷 간 변동,부스팅
LightGBM,35,0.5886401815709643,0.8166666666666667,0.75,0.75,0.75,0.8571428571428571,0.75,1.0,0.8625,E2 불량 시기 안 (샷 0~60),공정 값 23 + pair_pos + 샷 간 변동,부스팅
LightGBM,36,0.246580882632977,0.9166666666666665,0.6666666666666666,1.0,1.0,0.8571428571428571,1.0,0.75,0.9855072463768116,E2 불량 시기 안 (샷 0~60),공정 값 23 + pair_pos + 샷 간 변동,부스팅
LightGBM,37,0.20461165136026865,1.0,0.75,1.0,1.0,1.0,1.0,1.0,1.0,E2 불량 시기 안 (샷 0~60),공정 값 23 + pair_pos + 샷 간 변동,부스팅
LightGBM,38,0.32013208424786715,1.0,1.0,1.0,1.0,1.0,1.0,1.0,1.0,E2 불량 시기 안 (샷 0~60),공정 값 23 + pair_pos + 샷 간 변동,부스팅
LightGBM,39,0.41182840534382403,0.626984126984127,0.6666666666666666,0.6666666666666666,0.6666666666666666,0.6666666666666666,0.6666666666666666,0.6666666666666666,0.8181818181818181,E2 불량 시기 안 (샷 0~60),공정 값 23 + pair_pos + 샷 간 변동,부스팅
LightGBM,40,0.7406804885673683,0.9166666666666666,0.75,0.75,1.0,0.75,0.75,0.75,0.9750000000000001,E2 불량 시기 안 (샷 0~60),공정 값 23 + pair_pos + 샷 간 변동,부스팅
LightGBM,41,0.16103486863837646,1.0,1.0,1.0,1.0,0.8571428571428571,1.0,0.75,1.0,E2 불량 시기 안 (샷 0~60),공정 값 23 + pair_pos + 샷 간 변동,부스팅
LightGBM,42,0.45263685233604906,0.7777777777777777,0.6666666666666666,0.6666666666666666,0.6666666666666666,0.8,0.6666666666666666,1.0,0.9130434782608695,E2 불량 시기 안 (샷 0~60),공정 값 23 + pair_pos + 샷 간 변동,부스팅
LightGBM,43,0.027733513152350616,1.0,0.75,1.0,1.0,1.0,1.0,1.0,1.0,E2 불량 시기 안 (샷 0~60),공정 값 23 + pair_pos + 샷 간 변동,부스팅
LightGBM,44,0.5857267502972382,0.7254901960784313,0.6666666666666666,0.6666666666666666,0.6666666666666666,0.8,0.6666666666666666,1.0,0.7878787878787878,E2 불량 시기 안 (샷 0~60),공정 값 23 + pair_pos + 샷 간 변동,부스팅
LightGBM,45,0.06677395880443752,0.95,0.75,1.0,1.0,0.8888888888888888,1.0,0.8,0.9874999999999999,E2 불량 시기 안 (샷 0~60),공정 값 23 + pair_pos + 샷 간 변동,부스팅
LightGBM,46,0.07670802781970364,0.7333333333333334,0.6666666666666666,0.6666666666666666,0.6666666666666666,0.6666666666666666,0.6666666666666666,0.6666666666666666,0.7894736842105263,E2 불량 시기 안 (샷 0~60),공정 값 23 + pair_pos + 샷 간 변동,부스팅
LightGBM,47,0.6069112067551141,0.7555555555555555,0.6666666666666666,1.0,1.0,0.0,0.0,0.0,0.9565217391304348,E2 불량 시기 안 (샷 0~60),공정 값 23 + pair_pos + 샷 간 변동,부스팅
LightGBM,48,0.5897976649211578,0.8214285714285714,0.75,0.75,0.75,0.8571428571428571,0.75,1.0,0.875,E2 불량 시기 안 (샷 0~60),공정 값 23 + pair_pos + 샷 간 변동,부스팅
LightGBM,49,0.16957455343541314,1.0,1.0,1.0,1.0,0.5,0.3333333333333333,1.0,1.0,E2 불량 시기 안 (샷 0~60),공정 값 23 + pair_pos + 샷 간 변동,부스팅
CatBoost,0,0.6673900759465058,0.95,0.75,1.0,1.0,0.8888888888888888,1.0,0.8,0.9874999999999999,E2 불량 시기 안 (샷 0~60),공정 값 23 + pair_pos + 샷 간 변동,부스팅
CatBoost,1,0.5061238005220856,0.7166666666666666,0.6666666666666666,0.6666666666666666,0.6666666666666666,0.8,0.6666666666666666,1.0,0.7017543859649122,E2 불량 시기 안 (샷 0~60),공정 값 23 + pair_pos + 샷 간 변동,부스팅
CatBoost,2,0.5163244612616746,0.6324786324786325,0.6666666666666666,0.6666666666666666,0.6666666666666666,0.5,0.3333333333333333,1.0,0.8405797101449275,E2 불량 시기 안 (샷 0~60),공정 값 23 + pair_pos + 샷 간 변동,부스팅
CatBoost,3,0.4820329997464587,1.0,0.75,1.0,1.0,0.8571428571428571,0.75,1.0,1.0,E2 불량 시기 안 (샷 0~60),공정 값 23 + pair_pos + 샷 간 변동,부스팅
CatBoost,4,0.7249857605961909,1.0,1.0,1.0,1.0,1.0,1.0,1.0,1.0,E2 불량 시기 안 (샷 0~60),공정 값 23 + pair_pos + 샷 간 변동,부스팅
CatBoost,5,0.35712227635502286,1.0,0.75,1.0,1.0,0.8888888888888888,1.0,0.8,1.0,E2 불량 시기 안 (샷 0~60),공정 값 23 + pair_pos + 샷 간 변동,부스팅
CatBoost,6,0.8645597514798559,1.0,1.0,1.0,1.0,0.8,0.6666666666666666,1.0,1.0,E2 불량 시기 안 (샷 0~60),공정 값 23 + pair_pos + 샷 간 변동,부스팅
CatBoost,7,0.19352403863453504,0.95,0.75,1.0,1.0,0.75,0.75,0.75,0.9874999999999999,E2 불량 시기 안 (샷 0~60),공정 값 23 + pair_pos + 샷 간 변동,부스팅
CatBoost,8,0.5983200382250787,0.8055555555555556,0.6666666666666666,1.0,1.0,0.8571428571428571,1.0,0.75,0.9649122807017545,E2 불량 시기 안 (샷 0~60),공정 값 23 + pair_pos + 샷 간 변동,부스팅
CatBoost,9,0.7849564222297525,0.5069444444444444,0.3333333333333333,0.3333333333333333,0.6666666666666666,0.5,0.3333333333333333,1.0,0.7424242424242424,E2 불량 시기 안 (샷 0~60),공정 값 23 + pair_pos + 샷 간 변동,부스팅
CatBoost,10,0.19091576153909465,1.0,0.75,1.0,1.0,1.0,1.0,1.0,1.0,E2 불량 시기 안 (샷 0~60),공정 값 23 + pair_pos + 샷 간 변동,부스팅
CatBoost,11,0.3869932511251526,0.8055555555555556,0.6666666666666666,1.0,1.0,0.8571428571428571,1.0,0.75,0.9649122807017545,E2 불량 시기 안 (샷 0~60),공정 값 23 + pair_pos + 샷 간 변동,부스팅
CatBoost,12,0.7166688137353572,0.7101449275362319,0.6666666666666666,0.6666666666666666,0.6666666666666666,0.5,0.3333333333333333,1.0,0.7101449275362318,E2 불량 시기 안 (샷 0~60),공정 값 23 + pair_pos + 샷 간 변동,부스팅
CatBoost,13,0.22928623510023344,0.7333333333333334,0.6666666666666666,0.6666666666666666,0.6666666666666666,0.8,0.6666666666666666,1.0,0.8181818181818181,E2 불량 시기 안 (샷 0~60),공정 값 23 + pair_pos + 샷 간 변동,부스팅
CatBoost,14,0.16246992235305965,1.0,0.75,1.0,1.0,0.8,1.0,0.6666666666666666,1.0,E2 불량 시기 안 (샷 0~60),공정 값 23 + pair_pos + 샷 간 변동,부스팅
CatBoost,15,0.5665023955412365,0.8333333333333333,0.6666666666666666,1.0,1.0,0.5,0.3333333333333333,1.0,0.9565217391304348,E2 불량 시기 안 (샷 0~60),공정 값 23 + pair_pos + 샷 간 변동,부스팅
CatBoost,16,0.10200563067983602,0.85,0.75,0.75,0.75,0.8571428571428571,0.75,1.0,0.9249999999999999,E2 불량 시기 안 (샷 0~60),공정 값 23 + pair_pos + 샷 간 변동,부스팅
CatBoost,17,0.505737381265491,0.9166666666666666,0.75,0.75,1.0,0.75,0.75,0.75,0.9750000000000001,E2 불량 시기 안 (샷 0~60),공정 값 23 + pair_pos + 샷 간 변동,부스팅
CatBoost,18,0.7588875123726257,1.0,1.0,1.0,1.0,1.0,1.0,1.0,1.0,E2 불량 시기 안 (샷 0~60),공정 값 23 + pair_pos + 샷 간 변동,부스팅
CatBoost,19,0.6013488217221935,0.9166666666666665,0.6666666666666666,1.0,1.0,0.6666666666666666,0.6666666666666666,0.6666666666666666,0.9848484848484849,E2 불량 시기 안 (샷 0~60),공정 값 23 + pair_pos + 샷 간 변동,부스팅
CatBoost,20,0.36935942931449234,0.8125,0.75,0.75,0.75,0.8571428571428571,0.75,1.0,0.85,E2 불량 시기 안 (샷 0~60),공정 값 23 + pair_pos + 샷 간 변동,부스팅
CatBoost,21,0.41256271348158546,0.9166666666666665,0.6666666666666666,1.0,1.0,0.8571428571428571,1.0,0.75,0.9855072463768116,E2 불량 시기 안 (샷 0~60),공정 값 23 + pair_pos + 샷 간 변동,부스팅
CatBoost,22,0.5925300291523639,0.9166666666666666,0.75,0.75,1.0,0.75,0.75,0.75,0.9750000000000001,E2 불량 시기 안 (샷 0~60),공정 값 23 + pair_pos + 샷 간 변동,부스팅
CatBoost,23,0.27668151130574653,1.0,1.0,1.0,1.0,0.8571428571428571,1.0,0.75,1.0,E2 불량 시기 안 (샷 0~60),공정 값 23 + pair_pos + 샷 간 변동,부스팅
CatBoost,24,0.44687901142836756,0.6324786324786325,0.6666666666666666,0.6666666666666666,0.6666666666666666,0.6666666666666666,0.6666666666666666,0.6666666666666666,0.8333333333333333,E2 불량 시기 안 (샷 0~60),공정 값 23 + pair_pos + 샷 간 변동,부스팅
CatBoost,25,0.2832178344197443,0.8166666666666667,0.75,0.75,0.75,0.8571428571428571,0.75,1.0,0.8625,E2 불량 시기 안 (샷 0~60),공정 값 23 + pair_pos + 샷 간 변동,부스팅
CatBoost,26,0.08997928676455826,1.0,1.0,1.0,1.0,0.75,1.0,0.6,1.0,E2 불량 시기 안 (샷 0~60),공정 값 23 + pair_pos + 샷 간 변동,부스팅
CatBoost,27,0.2544079527818666,0.95,0.75,1.0,1.0,0.8888888888888888,1.0,0.8,0.9874999999999999,E2 불량 시기 안 (샷 0~60),공정 값 23 + pair_pos + 샷 간 변동,부스팅
CatBoost,28,0.8137649425272007,0.6111111111111112,0.6666666666666666,0.6666666666666666,0.6666666666666666,0.6666666666666666,0.6666666666666666,0.6666666666666666,0.7681159420289856,E2 불량 시기 안 (샷 0~60),공정 값 23 + pair_pos + 샷 간 변동,부스팅
CatBoost,29,0.24164952921608476,1.0,1.0,1.0,1.0,1.0,1.0,1.0,1.0,E2 불량 시기 안 (샷 0~60),공정 값 23 + pair_pos + 샷 간 변동,부스팅
CatBoost,30,0.08758909764460217,0.8166666666666667,0.75,0.75,0.75,0.6,0.75,0.5,0.8625,E2 불량 시기 안 (샷 0~60),공정 값 23 + pair_pos + 샷 간 변동,부스팅
CatBoost,31,0.8074962120326687,1.0,1.0,1.0,1.0,0.8,0.6666666666666666,1.0,1.0,E2 불량 시기 안 (샷 0~60),공정 값 23 + pair_pos + 샷 간 변동,부스팅
CatBoost,32,0.6250013925742126,0.6388888888888888,0.6666666666666666,1.0,1.0,0.4,0.3333333333333333,0.5,0.9565217391304348,E2 불량 시기 안 (샷 0~60),공정 값 23 + pair_pos + 샷 간 변동,부스팅
CatBoost,33,0.10470168673582808,0.8928571428571428,0.75,0.75,1.0,0.6,0.75,0.5,0.9624999999999999,E2 불량 시기 안 (샷 0~60),공정 값 23 + pair_pos + 샷 간 변동,부스팅
CatBoost,34,0.9075316319288463,0.7166666666666666,0.6666666666666666,0.6666666666666666,0.6666666666666666,0.5,0.3333333333333333,1.0,0.7424242424242424,E2 불량 시기 안 (샷 0~60),공정 값 23 + pair_pos + 샷 간 변동,부스팅
CatBoost,35,0.5251257905420063,0.8166666666666667,0.75,0.75,0.75,0.8571428571428571,0.75,1.0,0.8625,E2 불량 시기 안 (샷 0~60),공정 값 23 + pair_pos + 샷 간 변동,부스팅
CatBoost,36,0.27109618200367575,1.0,1.0,1.0,1.0,0.75,1.0,0.6,1.0,E2 불량 시기 안 (샷 0~60),공정 값 23 + pair_pos + 샷 간 변동,부스팅
CatBoost,37,0.2768199539414171,1.0,0.75,1.0,1.0,1.0,1.0,1.0,1.0,E2 불량 시기 안 (샷 0~60),공정 값 23 + pair_pos + 샷 간 변동,부스팅
CatBoost,38,0.8819025769656617,0.4666666666666667,0.3333333333333333,0.6666666666666666,1.0,0.3333333333333333,0.3333333333333333,0.3333333333333333,0.8771929824561403,E2 불량 시기 안 (샷 0~60),공정 값 23 + pair_pos + 샷 간 변동,부스팅
CatBoost,39,0.4082521610475651,0.6143790849673203,0.6666666666666666,0.6666666666666666,0.6666666666666666,0.5,0.6666666666666666,0.4,0.7727272727272727,E2 불량 시기 안 (샷 0~60),공정 값 23 + pair_pos + 샷 간 변동,부스팅
CatBoost,40,0.6608053497003727,0.8041666666666667,0.5,1.0,1.0,0.7272727272727273,1.0,0.5714285714285714,0.9624999999999999,E2 불량 시기 안 (샷 0~60),공정 값 23 + pair_pos + 샷 간 변동,부스팅
CatBoost,41,0.3411512143176736,0.9166666666666665,0.6666666666666666,1.0,1.0,0.75,1.0,0.6,0.9824561403508772,E2 불량 시기 안 (샷 0~60),공정 값 23 + pair_pos + 샷 간 변동,부스팅
CatBoost,42,0.3405024041247138,0.7166666666666666,0.6666666666666666,0.6666666666666666,0.6666666666666666,0.0,0.0,0.0,0.7536231884057971,E2 불량 시기 안 (샷 0~60),공정 값 23 + pair_pos + 샷 간 변동,부스팅
CatBoost,43,0.035483113667768705,1.0,0.75,1.0,1.0,0.8888888888888888,1.0,0.8,1.0,E2 불량 시기 안 (샷 0~60),공정 값 23 + pair_pos + 샷 간 변동,부스팅
CatBoost,44,0.5031339030301243,0.7222222222222222,0.6666666666666666,0.6666666666666666,0.6666666666666666,0.8,0.6666666666666666,1.0,0.7727272727272727,E2 불량 시기 안 (샷 0~60),공정 값 23 + pair_pos + 샷 간 변동,부스팅
CatBoost,45,0.2953600042425835,0.6083333333333333,0.5,0.75,1.0,0.0,0.0,0.0,0.925,E2 불량 시기 안 (샷 0~60),공정 값 23 + pair_pos + 샷 간 변동,부스팅
CatBoost,46,0.6560246424239237,0.6555555555555554,0.6666666666666666,0.6666666666666666,0.6666666666666666,0.6666666666666666,0.6666666666666666,0.6666666666666666,0.8596491228070176,E2 불량 시기 안 (샷 0~60),공정 값 23 + pair_pos + 샷 간 변동,부스팅
CatBoost,47,0.49302244957171104,0.8055555555555556,0.6666666666666666,1.0,1.0,0.5,0.3333333333333333,1.0,0.9710144927536232,E2 불량 시기 안 (샷 0~60),공정 값 23 + pair_pos + 샷 간 변동,부스팅
CatBoost,48,0.210447325151156,0.8055555555555556,0.75,0.75,0.75,0.6,0.75,0.5,0.825,E2 불량 시기 안 (샷 0~60),공정 값 23 + pair_pos + 샷 간 변동,부스팅
CatBoost,49,0.2527487551806705,1.0,1.0,1.0,1.0,1.0,1.0,1.0,1.0,E2 불량 시기 안 (샷 0~60),공정 값 23 + pair_pos + 샷 간 변동,부스팅
로지스틱 L2,0,0.4003772255260018,0.5185897435897435,0.5,0.75,0.75,0.5454545454545454,0.75,0.42857142857142855,0.8375,E2 불량 시기 안 (샷 0~60),공정 값 23 + pair_pos + 파생 전체,선형
로지스틱 L2,1,0.2788526705390323,0.7575757575757576,0.6666666666666666,0.6666666666666666,0.6666666666666666,0.8,0.6666666666666666,1.0,0.8596491228070176,E2 불량 시기 안 (샷 0~60),공정 값 23 + pair_pos + 파생 전체,선형
로지스틱 L2,2,0.554408452411165,0.7142857142857142,0.6666666666666666,0.6666666666666666,0.6666666666666666,0.8,0.6666666666666666,1.0,0.7391304347826086,E2 불량 시기 안 (샷 0~60),공정 값 23 + pair_pos + 파생 전체,선형
로지스틱 L2,3,0.29248811652787743,0.8875,0.5,1.0,1.0,0.8888888888888888,1.0,0.8,0.975,E2 불량 시기 안 (샷 0~60),공정 값 23 + pair_pos + 파생 전체,선형
로지스틱 L2,4,0.7076278632843175,0.8666666666666667,0.6666666666666666,1.0,1.0,0.5,0.3333333333333333,1.0,0.9696969696969697,E2 불량 시기 안 (샷 0~60),공정 값 23 + pair_pos + 파생 전체,선형
로지스틱 L2,5,0.7736448038736193,0.8875,0.5,1.0,1.0,0.6666666666666666,0.5,1.0,0.975,E2 불량 시기 안 (샷 0~60),공정 값 23 + pair_pos + 파생 전체,선형
로지스틱 L2,6,0.35038059017029505,1.0,1.0,1.0,1.0,0.75,1.0,0.6,1.0,E2 불량 시기 안 (샷 0~60),공정 값 23 + pair_pos + 파생 전체,선형
로지스틱 L2,7,0.4055153583645712,1.0,0.75,1.0,1.0,1.0,1.0,1.0,1.0,E2 불량 시기 안 (샷 0~60),공정 값 23 + pair_pos + 파생 전체,선형
로지스틱 L2,8,0.8035017492031856,0.6,0.3333333333333333,0.6666666666666666,0.6666666666666666,0.0,0.0,0.0,0.8421052631578947,E2 불량 시기 안 (샷 0~60),공정 값 23 + pair_pos + 파생 전체,선형
로지스틱 L2,9,0.35216626604053847,0.43724696356275305,0.3333333333333333,0.3333333333333333,0.3333333333333333,0.5,0.3333333333333333,1.0,0.5909090909090908,E2 불량 시기 안 (샷 0~60),공정 값 23 + pair_pos + 파생 전체,선형
로지스틱 L2,10,0.29859087325914996,1.0,0.75,1.0,1.0,1.0,1.0,1.0,1.0,E2 불량 시기 안 (샷 0~60),공정 값 23 + pair_pos + 파생 전체,선형
로지스틱 L2,11,0.42271523168428776,0.8666666666666667,0.6666666666666666,1.0,1.0,0.75,1.0,0.6,0.9649122807017544,E2 불량 시기 안 (샷 0~60),공정 값 23 + pair_pos + 파생 전체,선형
로지스틱 L2,12,0.4627433800084926,0.6324786324786325,0.6666666666666666,0.6666666666666666,0.6666666666666666,0.0,0.0,0.0,0.8405797101449275,E2 불량 시기 안 (샷 0~60),공정 값 23 + pair_pos + 파생 전체,선형
로지스틱 L2,13,0.5843263257577013,0.7192982456140351,0.6666666666666666,0.6666666666666666,0.6666666666666666,0.8,0.6666666666666666,1.0,0.7575757575757576,E2 불량 시기 안 (샷 0~60),공정 값 23 + pair_pos + 파생 전체,선형
로지스틱 L2,14,0.9279626368955565,0.6810897435897436,0.5,0.75,0.75,0.4,0.25,1.0,0.8625,E2 불량 시기 안 (샷 0~60),공정 값 23 + pair_pos + 파생 전체,선형
로지스틱 L2,15,0.3789141359081916,0.7121212121212122,0.6666666666666666,0.6666666666666666,0.6666666666666666,0.8,0.6666666666666666,1.0,0.7246376811594203,E2 불량 시기 안 (샷 0~60),공정 값 23 + pair_pos + 파생 전체,선형
로지스틱 L2,16,0.07738691895848464,0.8611111111111112,0.75,0.75,0.75,0.6666666666666666,0.75,0.6,0.9375,E2 불량 시기 안 (샷 0~60),공정 값 23 + pair_pos + 파생 전체,선형
로지스틱 L2,17,0.6456900560928115,0.6463815789473684,0.5,0.5,0.75,0.4,0.25,1.0,0.75,E2 불량 시기 안 (샷 0~60),공정 값 23 + pair_pos + 파생 전체,선형
로지스틱 L2,18,0.5661841024339602,0.9166666666666665,0.6666666666666666,1.0,1.0,0.8571428571428571,1.0,0.75,0.9824561403508772,E2 불량 시기 안 (샷 0~60),공정 값 23 + pair_pos + 파생 전체,선형
로지스틱 L2,19,0.4921903851471293,0.5694444444444444,0.3333333333333333,0.3333333333333333,1.0,0.4,0.6666666666666666,0.2857142857142857,0.8636363636363636,E2 불량 시기 안 (샷 0~60),공정 값 23 + pair_pos + 파생 전체,선형
로지스틱 L2,20,0.48952121735362847,0.7976190476190477,0.75,0.75,0.75,0.6666666666666666,0.5,1.0,0.7875,E2 불량 시기 안 (샷 0~60),공정 값 23 + pair_pos + 파생 전체,선형
로지스틱 L2,21,0.32931167353417795,1.0,1.0,1.0,1.0,0.6666666666666666,1.0,0.5,1.0,E2 불량 시기 안 (샷 0~60),공정 값 23 + pair_pos + 파생 전체,선형
로지스틱 L2,22,0.5212771716590511,0.8875,0.5,1.0,1.0,0.5714285714285714,0.5,0.6666666666666666,0.975,E2 불량 시기 안 (샷 0~60),공정 값 23 + pair_pos + 파생 전체,선형
로지스틱 L2,23,0.2650315099225842,0.9166666666666665,0.6666666666666666,1.0,1.0,0.75,1.0,0.6,0.9824561403508772,E2 불량 시기 안 (샷 0~60),공정 값 23 + pair_pos + 파생 전체,선형
로지스틱 L2,24,0.6087779460991775,0.4888888888888889,0.6666666666666666,0.6666666666666666,0.6666666666666666,0.4,0.3333333333333333,0.5,0.8636363636363636,E2 불량 시기 안 (샷 0~60),공정 값 23 + pair_pos + 파생 전체,선형
로지스틱 L2,25,0.39398998231809207,0.8055555555555556,0.75,0.75,0.75,0.8571428571428571,0.75,1.0,0.825,E2 불량 시기 안 (샷 0~60),공정 값 23 + pair_pos + 파생 전체,선형
로지스틱 L2,26,0.10449765842672169,0.9166666666666665,0.6666666666666666,1.0,1.0,0.6,1.0,0.42857142857142855,0.9824561403508772,E2 불량 시기 안 (샷 0~60),공정 값 23 + pair_pos + 파생 전체,선형
로지스틱 L2,27,0.7356433003524554,0.7291666666666666,0.5,0.75,1.0,0.4,0.25,1.0,0.925,E2 불량 시기 안 (샷 0~60),공정 값 23 + pair_pos + 파생 전체,선형
로지스틱 L2,28,0.28642489338593113,0.4797979797979798,0.6666666666666666,0.6666666666666666,0.6666666666666666,0.5714285714285714,0.6666666666666666,0.5,0.855072463768116,E2 불량 시기 안 (샷 0~60),공정 값 23 + pair_pos + 파생 전체,선형
로지스틱 L2,29,0.3552741142496326,1.0,1.0,1.0,1.0,1.0,1.0,1.0,1.0,E2 불량 시기 안 (샷 0~60),공정 값 23 + pair_pos + 파생 전체,선형
로지스틱 L2,30,0.36101941839720386,0.8055555555555556,0.75,0.75,0.75,0.8571428571428571,0.75,1.0,0.825,E2 불량 시기 안 (샷 0~60),공정 값 23 + pair_pos + 파생 전체,선형
로지스틱 L2,31,0.6526419861836544,1.0,1.0,1.0,1.0,1.0,1.0,1.0,1.0,E2 불량 시기 안 (샷 0~60),공정 값 23 + pair_pos + 파생 전체,선형
로지스틱 L2,32,0.44224693126010767,0.4206349206349206,0.3333333333333333,0.6666666666666666,1.0,0.2857142857142857,0.3333333333333333,0.25,0.8695652173913043,E2 불량 시기 안 (샷 0~60),공정 값 23 + pair_pos + 파생 전체,선형
로지스틱 L2,33,0.316329380442686,0.8541666666666666,0.5,0.75,1.0,0.6666666666666666,0.75,0.6,0.9625,E2 불량 시기 안 (샷 0~60),공정 값 23 + pair_pos + 파생 전체,선형
로지스틱 L2,34,0.22564988494606447,0.5625,0.3333333333333333,0.6666666666666666,0.6666666666666666,0.5714285714285714,0.6666666666666666,0.5,0.7727272727272727,E2 불량 시기 안 (샷 0~60),공정 값 23 + pair_pos + 파생 전체,선형
로지스틱 L2,35,0.5494475018692554,0.8026315789473684,0.75,0.75,0.75,0.8571428571428571,0.75,1.0,0.8125,E2 불량 시기 안 (샷 0~60),공정 값 23 + pair_pos + 파생 전체,선형
로지스틱 L2,36,0.3415491984835731,0.7222222222222222,0.6666666666666666,1.0,1.0,0.6666666666666666,0.6666666666666666,0.6666666666666666,0.9420289855072463,E2 불량 시기 안 (샷 0~60),공정 값 23 + pair_pos + 파생 전체,선형
로지스틱 L2,37,0.711890941223147,1.0,0.75,1.0,1.0,1.0,1.0,1.0,1.0,E2 불량 시기 안 (샷 0~60),공정 값 23 + pair_pos + 파생 전체,선형
로지스틱 L2,38,0.5720975080307206,0.34523809523809523,0.3333333333333333,0.3333333333333333,0.6666666666666666,0.4,0.3333333333333333,0.5,0.736842105263158,E2 불량 시기 안 (샷 0~60),공정 값 23 + pair_pos + 파생 전체,선형
로지스틱 L2,39,0.36876614644352446,0.2970760233918128,0.3333333333333333,0.6666666666666666,0.6666666666666666,0.2857142857142857,0.3333333333333333,0.25,0.6818181818181818,E2 불량 시기 안 (샷 0~60),공정 값 23 + pair_pos + 파생 전체,선형
로지스틱 L2,40,0.5041207408666643,0.8541666666666666,0.5,0.75,1.0,0.7272727272727273,1.0,0.5714285714285714,0.9625,E2 불량 시기 안 (샷 0~60),공정 값 23 + pair_pos + 파생 전체,선형
로지스틱 L2,41,0.19811171374433695,0.7777777777777777,0.6666666666666666,0.6666666666666666,0.6666666666666666,0.4444444444444444,0.6666666666666666,0.3333333333333333,0.8947368421052632,E2 불량 시기 안 (샷 0~60),공정 값 23 + pair_pos + 파생 전체,선형
로지스틱 L2,42,0.3442003082529765,0.7916666666666666,0.6666666666666666,0.6666666666666666,1.0,0.0,0.0,0.0,0.927536231884058,E2 불량 시기 안 (샷 0~60),공정 값 23 + pair_pos + 파생 전체,선형
로지스틱 L2,43,0.16027903631746754,1.0,0.75,1.0,1.0,1.0,1.0,1.0,1.0,E2 불량 시기 안 (샷 0~60),공정 값 23 + pair_pos + 파생 전체,선형
로지스틱 L2,44,0.5911268152862273,0.7142857142857142,0.6666666666666666,0.6666666666666666,0.6666666666666666,0.5,0.3333333333333333,1.0,0.7272727272727272,E2 불량 시기 안 (샷 0~60),공정 값 23 + pair_pos + 파생 전체,선형
로지스틱 L2,45,0.45735749947123744,0.6,0.25,0.5,1.0,0.4,0.25,1.0,0.875,E2 불량 시기 안 (샷 0~60),공정 값 23 + pair_pos + 파생 전체,선형
로지스틱 L2,46,0.7893918992244364,0.7222222222222222,0.6666666666666666,0.6666666666666666,0.6666666666666666,0.6666666666666666,0.6666666666666666,0.6666666666666666,0.7368421052631579,E2 불량 시기 안 (샷 0~60),공정 값 23 + pair_pos + 파생 전체,선형
로지스틱 L2,47,0.5564078908247052,0.7222222222222222,0.6666666666666666,1.0,1.0,0.6666666666666666,0.6666666666666666,0.6666666666666666,0.9420289855072463,E2 불량 시기 안 (샷 0~60),공정 값 23 + pair_pos + 파생 전체,선형
로지스틱 L2,48,0.4705848553083473,0.7644230769230769,0.5,0.75,0.75,0.5714285714285714,0.5,0.6666666666666666,0.8750000000000001,E2 불량 시기 안 (샷 0~60),공정 값 23 + pair_pos + 파생 전체,선형
로지스틱 L2,49,0.31364512642418174,1.0,1.0,1.0,1.0,0.8571428571428571,1.0,0.75,1.0,E2 불량 시기 안 (샷 0~60),공정 값 23 + pair_pos + 파생 전체,선형
랜덤포레스트,0,0.5507629704173822,1.0,0.75,1.0,1.0,0.7272727272727273,1.0,0.5714285714285714,1.0,E2 불량 시기 안 (샷 0~60),공정 값 23 + pair_pos + 파생 전체,트리
랜덤포레스트,1,0.6213797625525987,0.7121212121212122,0.6666666666666666,0.6666666666666666,0.6666666666666666,0.0,0.0,0.0,0.6666666666666666,E2 불량 시기 안 (샷 0~60),공정 값 23 + pair_pos + 파생 전체,트리
랜덤포레스트,2,0.41189686892628063,0.6143790849673203,0.6666666666666666,0.6666666666666666,0.6666666666666666,0.4,0.3333333333333333,0.5,0.7826086956521738,E2 불량 시기 안 (샷 0~60),공정 값 23 + pair_pos + 파생 전체,트리
랜덤포레스트,3,0.41716791430602146,1.0,0.75,1.0,1.0,0.8,1.0,0.6666666666666666,1.0,E2 불량 시기 안 (샷 0~60),공정 값 23 + pair_pos + 파생 전체,트리
랜덤포레스트,4,0.4556431392681393,0.6333333333333333,0.3333333333333333,0.6666666666666666,1.0,0.2857142857142857,0.3333333333333333,0.25,0.9090909090909091,E2 불량 시기 안 (샷 0~60),공정 값 23 + pair_pos + 파생 전체,트리
랜덤포레스트,5,0.5638657189903323,1.0,0.75,1.0,1.0,1.0,1.0,1.0,1.0,E2 불량 시기 안 (샷 0~60),공정 값 23 + pair_pos + 파생 전체,트리
랜덤포레스트,6,0.6894779221323338,0.8055555555555556,0.6666666666666666,1.0,1.0,0.0,0.0,0.0,0.9710144927536232,E2 불량 시기 안 (샷 0~60),공정 값 23 + pair_pos + 파생 전체,트리
랜덤포레스트,7,0.44154419651120064,1.0,0.75,1.0,1.0,0.8888888888888888,1.0,0.8,1.0,E2 불량 시기 안 (샷 0~60),공정 값 23 + pair_pos + 파생 전체,트리
랜덤포레스트,8,0.4853772064708595,1.0,1.0,1.0,1.0,0.6666666666666666,1.0,0.5,1.0,E2 불량 시기 안 (샷 0~60),공정 값 23 + pair_pos + 파생 전체,트리
랜덤포레스트,9,0.5677302087890325,0.474025974025974,0.3333333333333333,0.3333333333333333,0.6666666666666666,0.4,0.3333333333333333,0.5,0.6363636363636362,E2 불량 시기 안 (샷 0~60),공정 값 23 + pair_pos + 파생 전체,트리
랜덤포레스트,10,0.42076616408092155,0.95,0.75,1.0,1.0,0.8,1.0,0.6666666666666666,0.9874999999999999,E2 불량 시기 안 (샷 0~60),공정 값 23 + pair_pos + 파생 전체,트리
랜덤포레스트,11,0.5863149529025485,0.9166666666666665,0.6666666666666666,1.0,1.0,0.75,1.0,0.6,0.9824561403508772,E2 불량 시기 안 (샷 0~60),공정 값 23 + pair_pos + 파생 전체,트리
랜덤포레스트,12,0.5386488258473551,0.594017094017094,0.6666666666666666,0.6666666666666666,0.6666666666666666,0.5,0.3333333333333333,1.0,0.6521739130434782,E2 불량 시기 안 (샷 0~60),공정 값 23 + pair_pos + 파생 전체,트리
랜덤포레스트,13,0.45373537083831195,0.7333333333333334,0.6666666666666666,0.6666666666666666,0.6666666666666666,0.5714285714285714,0.6666666666666666,0.5,0.8181818181818181,E2 불량 시기 안 (샷 0~60),공정 값 23 + pair_pos + 파생 전체,트리
랜덤포레스트,14,0.43111824944920907,0.9166666666666666,0.75,0.75,1.0,0.7272727272727273,1.0,0.5714285714285714,0.9750000000000001,E2 불량 시기 안 (샷 0~60),공정 값 23 + pair_pos + 파생 전체,트리
랜덤포레스트,15,0.605066091292434,0.6081871345029239,0.6666666666666666,0.6666666666666666,0.6666666666666666,0.5,0.3333333333333333,1.0,0.7536231884057971,E2 불량 시기 안 (샷 0~60),공정 값 23 + pair_pos + 파생 전체,트리
랜덤포레스트,16,0.42682569961783173,0.8088235294117647,0.75,0.75,0.75,0.75,0.75,0.75,0.8375,E2 불량 시기 안 (샷 0~60),공정 값 23 + pair_pos + 파생 전체,트리
랜덤포레스트,17,0.4304570467658701,1.0,0.75,1.0,1.0,0.5714285714285714,1.0,0.4,1.0,E2 불량 시기 안 (샷 0~60),공정 값 23 + pair_pos + 파생 전체,트리
랜덤포레스트,18,0.5446675974667462,1.0,1.0,1.0,1.0,1.0,1.0,1.0,1.0,E2 불량 시기 안 (샷 0~60),공정 값 23 + pair_pos + 파생 전체,트리
랜덤포레스트,19,0.4623537374934432,0.8666666666666667,0.6666666666666666,1.0,1.0,0.5454545454545454,1.0,0.375,0.9696969696969697,E2 불량 시기 안 (샷 0~60),공정 값 23 + pair_pos + 파생 전체,트리
랜덤포레스트,20,0.4161195642926809,0.8026315789473684,0.75,0.75,0.75,0.75,0.75,0.75,0.8125,E2 불량 시기 안 (샷 0~60),공정 값 23 + pair_pos + 파생 전체,트리
랜덤포레스트,21,0.5709653783036135,0.8095238095238095,0.6666666666666666,0.6666666666666666,1.0,0.8,0.6666666666666666,1.0,0.9420289855072463,E2 불량 시기 안 (샷 0~60),공정 값 23 + pair_pos + 파생 전체,트리
랜덤포레스트,22,0.46643880481690075,0.8875,0.5,1.0,1.0,0.6666666666666666,1.0,0.5,0.975,E2 불량 시기 안 (샷 0~60),공정 값 23 + pair_pos + 파생 전체,트리
랜덤포레스트,23,0.46346214161655325,1.0,1.0,1.0,1.0,0.8571428571428571,1.0,0.75,1.0,E2 불량 시기 안 (샷 0~60),공정 값 23 + pair_pos + 파생 전체,트리
랜덤포레스트,24,0.5762882169573345,0.5121212121212121,0.3333333333333333,0.6666666666666666,0.6666666666666666,0.5,0.3333333333333333,1.0,0.6666666666666666,E2 불량 시기 안 (샷 0~60),공정 값 23 + pair_pos + 파생 전체,트리
랜덤포레스트,25,0.4282733148058224,0.6567982456140351,0.5,0.75,0.75,0.6666666666666666,0.75,0.6,0.7874999999999999,E2 불량 시기 안 (샷 0~60),공정 값 23 + pair_pos + 파생 전체,트리
랜덤포레스트,26,0.3873621375900788,1.0,1.0,1.0,1.0,0.75,1.0,0.6,1.0,E2 불량 시기 안 (샷 0~60),공정 값 23 + pair_pos + 파생 전체,트리
랜덤포레스트,27,0.46739933541404116,1.0,0.75,1.0,1.0,0.6666666666666666,1.0,0.5,1.0,E2 불량 시기 안 (샷 0~60),공정 값 23 + pair_pos + 파생 전체,트리
랜덤포레스트,28,0.5955525854291333,0.54,0.3333333333333333,0.6666666666666666,0.6666666666666666,0.5,0.3333333333333333,1.0,0.6521739130434783,E2 불량 시기 안 (샷 0~60),공정 값 23 + pair_pos + 파생 전체,트리
랜덤포레스트,29,0.6669105237870717,0.8666666666666667,0.6666666666666666,1.0,1.0,0.0,0.0,0.0,0.9696969696969697,E2 불량 시기 안 (샷 0~60),공정 값 23 + pair_pos + 파생 전체,트리
랜덤포레스트,30,0.35328311420759934,0.8333333333333333,0.75,0.75,0.75,0.75,0.75,0.75,0.9,E2 불량 시기 안 (샷 0~60),공정 값 23 + pair_pos + 파생 전체,트리
랜덤포레스트,31,0.5592115436306616,1.0,1.0,1.0,1.0,1.0,1.0,1.0,1.0,E2 불량 시기 안 (샷 0~60),공정 값 23 + pair_pos + 파생 전체,트리
랜덤포레스트,32,0.5745110616507676,0.41111111111111115,0.3333333333333333,1.0,1.0,0.0,0.0,0.0,0.8840579710144927,E2 불량 시기 안 (샷 0~60),공정 값 23 + pair_pos + 파생 전체,트리
랜덤포레스트,33,0.3190326258708612,0.95,0.75,1.0,1.0,0.5,1.0,0.3333333333333333,0.9874999999999999,E2 불량 시기 안 (샷 0~60),공정 값 23 + pair_pos + 파생 전체,트리
랜덤포레스트,34,0.6202388159226394,0.601010101010101,0.6666666666666666,0.6666666666666666,0.6666666666666666,0.5,0.3333333333333333,1.0,0.6969696969696969,E2 불량 시기 안 (샷 0~60),공정 값 23 + pair_pos + 파생 전체,트리
랜덤포레스트,35,0.5321333563667151,0.6810897435897436,0.5,0.75,0.75,0.75,0.75,0.75,0.8625,E2 불량 시기 안 (샷 0~60),공정 값 23 + pair_pos + 파생 전체,트리
랜덤포레스트,36,0.4697342556108037,0.6666666666666667,0.3333333333333333,1.0,1.0,0.46153846153846156,1.0,0.3,0.927536231884058,E2 불량 시기 안 (샷 0~60),공정 값 23 + pair_pos + 파생 전체,트리
랜덤포레스트,37,0.5074216603113662,0.95,0.75,1.0,1.0,0.75,0.75,0.75,0.9874999999999999,E2 불량 시기 안 (샷 0~60),공정 값 23 + pair_pos + 파생 전체,트리
랜덤포레스트,38,0.4787761345408402,1.0,1.0,1.0,1.0,0.8571428571428571,1.0,0.75,1.0,E2 불량 시기 안 (샷 0~60),공정 값 23 + pair_pos + 파생 전체,트리
랜덤포레스트,39,0.5397590766602912,0.601010101010101,0.6666666666666666,0.6666666666666666,0.6666666666666666,0.5,0.6666666666666666,0.4,0.6969696969696969,E2 불량 시기 안 (샷 0~60),공정 값 23 + pair_pos + 파생 전체,트리
랜덤포레스트,40,0.6253586121244282,0.8166666666666667,0.5,0.75,1.0,0.5714285714285714,0.5,0.6666666666666666,0.9500000000000001,E2 불량 시기 안 (샷 0~60),공정 값 23 + pair_pos + 파생 전체,트리
랜덤포레스트,41,0.4783172328760564,1.0,1.0,1.0,1.0,0.6666666666666666,1.0,0.5,1.0,E2 불량 시기 안 (샷 0~60),공정 값 23 + pair_pos + 파생 전체,트리
랜덤포레스트,42,0.595759276398982,0.7066666666666666,0.6666666666666666,0.6666666666666666,0.6666666666666666,0.0,0.0,0.0,0.681159420289855,E2 불량 시기 안 (샷 0~60),공정 값 23 + pair_pos + 파생 전체,트리
랜덤포레스트,43,0.36082160602555335,1.0,0.75,1.0,1.0,0.8,1.0,0.6666666666666666,1.0,E2 불량 시기 안 (샷 0~60),공정 값 23 + pair_pos + 파생 전체,트리
랜덤포레스트,44,0.4508225544607896,0.7380952380952381,0.6666666666666666,0.6666666666666666,0.6666666666666666,0.6666666666666666,0.6666666666666666,0.6666666666666666,0.8333333333333333,E2 불량 시기 안 (샷 0~60),공정 값 23 + pair_pos + 파생 전체,트리
랜덤포레스트,45,0.6240934063929419,0.8928571428571428,0.75,0.75,1.0,0.6666666666666666,0.5,1.0,0.9624999999999999,E2 불량 시기 안 (샷 0~60),공정 값 23 + pair_pos + 파생 전체,트리
랜덤포레스트,46,0.4287417073667073,0.7575757575757576,0.6666666666666666,0.6666666666666666,0.6666666666666666,0.5,0.6666666666666666,0.4,0.8596491228070176,E2 불량 시기 안 (샷 0~60),공정 값 23 + pair_pos + 파생 전체,트리
랜덤포레스트,47,0.6180457135506939,0.41111111111111115,0.3333333333333333,1.0,1.0,0.0,0.0,0.0,0.8840579710144927,E2 불량 시기 안 (샷 0~60),공정 값 23 + pair_pos + 파생 전체,트리
랜덤포레스트,48,0.4860239191636248,0.7934782608695652,0.75,0.75,0.75,0.75,0.75,0.75,0.7625,E2 불량 시기 안 (샷 0~60),공정 값 23 + pair_pos + 파생 전체,트리
랜덤포레스트,49,0.5085596140901869,0.7555555555555555,0.6666666666666666,1.0,1.0,0.5,0.3333333333333333,1.0,0.9545454545454545,E2 불량 시기 안 (샷 0~60),공정 값 23 + pair_pos + 파생 전체,트리
엑스트라트리,0,0.4700481191814259,0.95,0.75,1.0,1.0,0.8888888888888888,1.0,0.8,0.9874999999999999,E2 불량 시기 안 (샷 0~60),공정 값 23 + pair_pos + 파생 전체,트리
엑스트라트리,1,0.4529325204197203,0.7166666666666666,0.6666666666666666,0.6666666666666666,0.6666666666666666,0.8,0.6666666666666666,1.0,0.7017543859649122,E2 불량 시기 안 (샷 0~60),공정 값 23 + pair_pos + 파생 전체,트리
엑스트라트리,2,0.46995319319428,0.7066666666666666,0.6666666666666666,0.6666666666666666,0.6666666666666666,0.8,0.6666666666666666,1.0,0.681159420289855,E2 불량 시기 안 (샷 0~60),공정 값 23 + pair_pos + 파생 전체,트리
엑스트라트리,3,0.3891240046028612,1.0,0.75,1.0,1.0,1.0,1.0,1.0,1.0,E2 불량 시기 안 (샷 0~60),공정 값 23 + pair_pos + 파생 전체,트리
엑스트라트리,4,0.3686308506150283,1.0,1.0,1.0,1.0,1.0,1.0,1.0,1.0,E2 불량 시기 안 (샷 0~60),공정 값 23 + pair_pos + 파생 전체,트리
엑스트라트리,5,0.40322324040512947,1.0,0.75,1.0,1.0,0.8888888888888888,1.0,0.8,1.0,E2 불량 시기 안 (샷 0~60),공정 값 23 + pair_pos + 파생 전체,트리
엑스트라트리,6,0.39852492604546963,1.0,1.0,1.0,1.0,0.8571428571428571,1.0,0.75,1.0,E2 불량 시기 안 (샷 0~60),공정 값 23 + pair_pos + 파생 전체,트리
엑스트라트리,7,0.3628131367714578,1.0,0.75,1.0,1.0,1.0,1.0,1.0,1.0,E2 불량 시기 안 (샷 0~60),공정 값 23 + pair_pos + 파생 전체,트리
엑스트라트리,8,0.3958759474920772,0.9166666666666665,0.6666666666666666,1.0,1.0,0.75,1.0,0.6,0.9824561403508772,E2 불량 시기 안 (샷 0~60),공정 값 23 + pair_pos + 파생 전체,트리
엑스트라트리,9,0.5183958459157348,0.4658119658119658,0.3333333333333333,0.3333333333333333,0.3333333333333333,0.5,0.3333333333333333,1.0,0.6969696969696969,E2 불량 시기 안 (샷 0~60),공정 값 23 + pair_pos + 파생 전체,트리
엑스트라트리,10,0.36092071616341354,1.0,0.75,1.0,1.0,0.8888888888888888,1.0,0.8,1.0,E2 불량 시기 안 (샷 0~60),공정 값 23 + pair_pos + 파생 전체,트리
엑스트라트리,11,0.4631243748993504,0.9166666666666665,0.6666666666666666,1.0,1.0,0.75,1.0,0.6,0.9824561403508772,E2 불량 시기 안 (샷 0~60),공정 값 23 + pair_pos + 파생 전체,트리
엑스트라트리,12,0.4010628142035412,0.7192982456140351,0.6666666666666666,0.6666666666666666,0.6666666666666666,0.8,0.6666666666666666,1.0,0.7681159420289855,E2 불량 시기 안 (샷 0~60),공정 값 23 + pair_pos + 파생 전체,트리
엑스트라트리,13,0.3217277389173394,0.7121212121212122,0.6666666666666666,0.6666666666666666,0.6666666666666666,0.5714285714285714,0.6666666666666666,0.5,0.712121212121212,E2 불량 시기 안 (샷 0~60),공정 값 23 + pair_pos + 파생 전체,트리
엑스트라트리,14,0.3674836860931942,1.0,0.75,1.0,1.0,0.8888888888888888,1.0,0.8,1.0,E2 불량 시기 안 (샷 0~60),공정 값 23 + pair_pos + 파생 전체,트리
엑스트라트리,15,0.5150353836616717,0.7083333333333333,0.6666666666666666,0.6666666666666666,0.6666666666666666,0.5,0.3333333333333333,1.0,0.6956521739130435,E2 불량 시기 안 (샷 0~60),공정 값 23 + pair_pos + 파생 전체,트리
엑스트라트리,16,0.3152814409698962,0.8333333333333333,0.75,0.75,0.75,0.75,0.75,0.75,0.9,E2 불량 시기 안 (샷 0~60),공정 값 23 + pair_pos + 파생 전체,트리
엑스트라트리,17,0.4176145735070348,1.0,0.75,1.0,1.0,1.0,1.0,1.0,1.0,E2 불량 시기 안 (샷 0~60),공정 값 23 + pair_pos + 파생 전체,트리
엑스트라트리,18,0.48615661275754957,1.0,1.0,1.0,1.0,1.0,1.0,1.0,1.0,E2 불량 시기 안 (샷 0~60),공정 값 23 + pair_pos + 파생 전체,트리
엑스트라트리,19,0.3786693512570669,0.9166666666666665,0.6666666666666666,1.0,1.0,0.6666666666666666,1.0,0.5,0.9848484848484849,E2 불량 시기 안 (샷 0~60),공정 값 23 + pair_pos + 파생 전체,트리
엑스트라트리,20,0.44496554291750023,0.7916666666666666,0.75,0.75,0.75,0.8571428571428571,0.75,1.0,0.75,E2 불량 시기 안 (샷 0~60),공정 값 23 + pair_pos + 파생 전체,트리
엑스트라트리,21,0.4843783647338279,0.9166666666666665,0.6666666666666666,1.0,1.0,0.8,0.6666666666666666,1.0,0.9855072463768116,E2 불량 시기 안 (샷 0~60),공정 값 23 + pair_pos + 파생 전체,트리
엑스트라트리,22,0.30157146839201177,1.0,0.75,1.0,1.0,0.6153846153846154,1.0,0.4444444444444444,1.0,E2 불량 시기 안 (샷 0~60),공정 값 23 + pair_pos + 파생 전체,트리
엑스트라트리,23,0.4303434705431822,1.0,1.0,1.0,1.0,1.0,1.0,1.0,1.0,E2 불량 시기 안 (샷 0~60),공정 값 23 + pair_pos + 파생 전체,트리
엑스트라트리,24,0.3924118688572544,0.4555555555555555,0.6666666666666666,0.6666666666666666,0.6666666666666666,0.5,0.6666666666666666,0.4,0.7878787878787878,E2 불량 시기 안 (샷 0~60),공정 값 23 + pair_pos + 파생 전체,트리
엑스트라트리,25,0.4752218672102701,0.7954545454545454,0.75,0.75,0.75,0.8571428571428571,0.75,1.0,0.775,E2 불량 시기 안 (샷 0~60),공정 값 23 + pair_pos + 파생 전체,트리
엑스트라트리,26,0.34792317391040645,1.0,1.0,1.0,1.0,1.0,1.0,1.0,1.0,E2 불량 시기 안 (샷 0~60),공정 값 23 + pair_pos + 파생 전체,트리
엑스트라트리,27,0.44128751006101974,1.0,0.75,1.0,1.0,1.0,1.0,1.0,1.0,E2 불량 시기 안 (샷 0~60),공정 값 23 + pair_pos + 파생 전체,트리
엑스트라트리,28,0.4029667794661155,0.46031746031746035,0.6666666666666666,0.6666666666666666,0.6666666666666666,0.5714285714285714,0.6666666666666666,0.5,0.8115942028985508,E2 불량 시기 안 (샷 0~60),공정 값 23 + pair_pos + 파생 전체,트리
엑스트라트리,29,0.452427371450241,1.0,1.0,1.0,1.0,1.0,1.0,1.0,1.0,E2 불량 시기 안 (샷 0~60),공정 값 23 + pair_pos + 파생 전체,트리
엑스트라트리,30,0.36432363704750437,0.8,0.75,0.75,0.75,0.75,0.75,0.75,0.8,E2 불량 시기 안 (샷 0~60),공정 값 23 + pair_pos + 파생 전체,트리
엑스트라트리,31,0.49921439532624834,1.0,1.0,1.0,1.0,1.0,1.0,1.0,1.0,E2 불량 시기 안 (샷 0~60),공정 값 23 + pair_pos + 파생 전체,트리
엑스트라트리,32,0.47843271023408346,0.4444444444444445,0.3333333333333333,1.0,1.0,0.0,0.0,0.0,0.8985507246376812,E2 불량 시기 안 (샷 0~60),공정 값 23 + pair_pos + 파생 전체,트리
엑스트라트리,33,0.46372855762229703,1.0,0.75,1.0,1.0,1.0,1.0,1.0,1.0,E2 불량 시기 안 (샷 0~60),공정 값 23 + pair_pos + 파생 전체,트리
엑스트라트리,34,0.4659570243960014,0.7101449275362319,0.6666666666666666,0.6666666666666666,0.6666666666666666,0.8,0.6666666666666666,1.0,0.6969696969696969,E2 불량 시기 안 (샷 0~60),공정 값 23 + pair_pos + 파생 전체,트리
엑스트라트리,35,0.4156737483408913,0.7916666666666666,0.75,0.75,0.75,0.8571428571428571,0.75,1.0,0.75,E2 불량 시기 안 (샷 0~60),공정 값 23 + pair_pos + 파생 전체,트리
엑스트라트리,36,0.3107932124504563,1.0,1.0,1.0,1.0,0.6666666666666666,1.0,0.5,1.0,E2 불량 시기 안 (샷 0~60),공정 값 23 + pair_pos + 파생 전체,트리
엑스트라트리,37,0.37260461226482905,1.0,0.75,1.0,1.0,1.0,1.0,1.0,1.0,E2 불량 시기 안 (샷 0~60),공정 값 23 + pair_pos + 파생 전체,트리
엑스트라트리,38,0.435923873887673,1.0,1.0,1.0,1.0,1.0,1.0,1.0,1.0,E2 불량 시기 안 (샷 0~60),공정 값 23 + pair_pos + 파생 전체,트리
엑스트라트리,39,0.43877984990087154,0.6055555555555555,0.6666666666666666,0.6666666666666666,0.6666666666666666,0.6666666666666666,0.6666666666666666,0.6666666666666666,0.7272727272727273,E2 불량 시기 안 (샷 0~60),공정 값 23 + pair_pos + 파생 전체,트리
엑스트라트리,40,0.4508581519593407,0.8541666666666666,0.5,0.75,1.0,0.8,1.0,0.6666666666666666,0.9625,E2 불량 시기 안 (샷 0~60),공정 값 23 + pair_pos + 파생 전체,트리
엑스트라트리,41,0.3821489890478306,1.0,1.0,1.0,1.0,1.0,1.0,1.0,1.0,E2 불량 시기 안 (샷 0~60),공정 값 23 + pair_pos + 파생 전체,트리
엑스트라트리,42,0.39989339985512695,0.7380952380952381,0.6666666666666666,0.6666666666666666,0.6666666666666666,0.5,0.3333333333333333,1.0,0.8405797101449275,E2 불량 시기 안 (샷 0~60),공정 값 23 + pair_pos + 파생 전체,트리
엑스트라트리,43,0.3514119459487882,1.0,0.75,1.0,1.0,1.0,1.0,1.0,1.0,E2 불량 시기 안 (샷 0~60),공정 값 23 + pair_pos + 파생 전체,트리
엑스트라트리,44,0.35451537003824607,0.7066666666666666,0.6666666666666666,0.6666666666666666,0.6666666666666666,0.8,0.6666666666666666,1.0,0.6666666666666666,E2 불량 시기 안 (샷 0~60),공정 값 23 + pair_pos + 파생 전체,트리
엑스트라트리,45,0.38641627749075574,0.95,0.75,1.0,1.0,0.6666666666666666,0.5,1.0,0.9874999999999999,E2 불량 시기 안 (샷 0~60),공정 값 23 + pair_pos + 파생 전체,트리
엑스트라트리,46,0.4263966445729294,0.7166666666666666,0.6666666666666666,0.6666666666666666,0.6666666666666666,0.5714285714285714,0.6666666666666666,0.5,0.7017543859649122,E2 불량 시기 안 (샷 0~60),공정 값 23 + pair_pos + 파생 전체,트리
엑스트라트리,47,0.4041724565819646,1.0,1.0,1.0,1.0,0.5,0.3333333333333333,1.0,1.0,E2 불량 시기 안 (샷 0~60),공정 값 23 + pair_pos + 파생 전체,트리
엑스트라트리,48,0.37466568110661425,0.7954545454545454,0.75,0.75,0.75,0.75,0.75,0.75,0.775,E2 불량 시기 안 (샷 0~60),공정 값 23 + pair_pos + 파생 전체,트리
엑스트라트리,49,0.4273654767694249,1.0,1.0,1.0,1.0,0.0,0.0,0.0,1.0,E2 불량 시기 안 (샷 0~60),공정 값 23 + pair_pos + 파생 전체,트리
GradientBoosting,0,0.6330786759062789,1.0,0.75,1.0,1.0,1.0,1.0,1.0,1.0,E2 불량 시기 안 (샷 0~60),공정 값 23 + pair_pos + 파생 전체,부스팅
GradientBoosting,1,0.0028828468555790695,0.7380952380952381,0.6666666666666666,0.6666666666666666,0.6666666666666666,0.5,0.6666666666666666,0.4,0.8070175438596491,E2 불량 시기 안 (샷 0~60),공정 값 23 + pair_pos + 파생 전체,부스팅
GradientBoosting,2,0.43129111429145955,0.5353535353535354,0.3333333333333333,0.6666666666666666,0.6666666666666666,0.5,0.3333333333333333,1.0,0.8260869565217391,E2 불량 시기 안 (샷 0~60),공정 값 23 + pair_pos + 파생 전체,부스팅
GradientBoosting,3,0.03745633968549108,1.0,0.75,1.0,1.0,0.8888888888888888,1.0,0.8,1.0,E2 불량 시기 안 (샷 0~60),공정 값 23 + pair_pos + 파생 전체,부스팅
GradientBoosting,4,0.03629449449388262,0.5888888888888888,0.6666666666666666,1.0,1.0,0.75,1.0,0.6,0.9393939393939393,E2 불량 시기 안 (샷 0~60),공정 값 23 + pair_pos + 파생 전체,부스팅
GradientBoosting,5,0.7912616368580266,1.0,0.75,1.0,1.0,1.0,1.0,1.0,1.0,E2 불량 시기 안 (샷 0~60),공정 값 23 + pair_pos + 파생 전체,부스팅
GradientBoosting,6,0.3810994342016438,0.7916666666666666,0.6666666666666666,0.6666666666666666,1.0,0.8,0.6666666666666666,1.0,0.927536231884058,E2 불량 시기 안 (샷 0~60),공정 값 23 + pair_pos + 파생 전체,부스팅
GradientBoosting,7,0.548531039440355,0.8928571428571428,0.75,0.75,1.0,0.8571428571428571,0.75,1.0,0.9624999999999999,E2 불량 시기 안 (샷 0~60),공정 값 23 + pair_pos + 파생 전체,부스팅
GradientBoosting,8,0.40556164336393113,1.0,1.0,1.0,1.0,1.0,1.0,1.0,1.0,E2 불량 시기 안 (샷 0~60),공정 값 23 + pair_pos + 파생 전체,부스팅
GradientBoosting,9,0.027189171186187733,0.4512820512820513,0.3333333333333333,0.3333333333333333,0.3333333333333333,0.5,0.3333333333333333,1.0,0.6515151515151515,E2 불량 시기 안 (샷 0~60),공정 값 23 + pair_pos + 파생 전체,부스팅
GradientBoosting,10,0.22252832784197607,0.95,0.75,1.0,1.0,0.75,0.75,0.75,0.9874999999999999,E2 불량 시기 안 (샷 0~60),공정 값 23 + pair_pos + 파생 전체,부스팅
GradientBoosting,11,0.07334011161192881,0.8333333333333333,0.6666666666666666,0.6666666666666666,1.0,0.5454545454545454,1.0,0.375,0.9473684210526315,E2 불량 시기 안 (샷 0~60),공정 값 23 + pair_pos + 파생 전체,부스팅
GradientBoosting,12,0.11141044531383586,0.45286195286195285,0.3333333333333333,0.3333333333333333,0.3333333333333333,0.4,0.3333333333333333,0.5,0.6231884057971014,E2 불량 시기 안 (샷 0~60),공정 값 23 + pair_pos + 파생 전체,부스팅
GradientBoosting,13,0.10276831476826521,0.7380952380952381,0.6666666666666666,0.6666666666666666,0.6666666666666666,0.6666666666666666,0.6666666666666666,0.6666666666666666,0.8333333333333333,E2 불량 시기 안 (샷 0~60),공정 값 23 + pair_pos + 파생 전체,부스팅
GradientBoosting,14,0.01632139602983234,1.0,0.75,1.0,1.0,0.8,1.0,0.6666666666666666,1.0,E2 불량 시기 안 (샷 0~60),공정 값 23 + pair_pos + 파생 전체,부스팅
GradientBoosting,15,0.035665457405565294,0.7254901960784313,0.6666666666666666,0.6666666666666666,0.6666666666666666,0.5,0.3333333333333333,1.0,0.7971014492753623,E2 불량 시기 안 (샷 0~60),공정 값 23 + pair_pos + 파생 전체,부스팅
GradientBoosting,16,0.02216122179679316,0.8611111111111112,0.75,0.75,0.75,0.75,0.75,0.75,0.9375,E2 불량 시기 안 (샷 0~60),공정 값 23 + pair_pos + 파생 전체,부스팅
GradientBoosting,17,0.09490177854672623,1.0,0.75,1.0,1.0,0.7272727272727273,1.0,0.5714285714285714,1.0,E2 불량 시기 안 (샷 0~60),공정 값 23 + pair_pos + 파생 전체,부스팅
GradientBoosting,18,0.15040740323851273,1.0,1.0,1.0,1.0,1.0,1.0,1.0,1.0,E2 불량 시기 안 (샷 0~60),공정 값 23 + pair_pos + 파생 전체,부스팅
GradientBoosting,19,0.007431132614966194,0.7916666666666666,0.6666666666666666,0.6666666666666666,1.0,0.375,1.0,0.23076923076923078,0.9242424242424242,E2 불량 시기 안 (샷 0~60),공정 값 23 + pair_pos + 파생 전체,부스팅
GradientBoosting,20,0.02836250663235615,0.8,0.75,0.75,0.75,0.6,0.75,0.5,0.8,E2 불량 시기 안 (샷 0~60),공정 값 23 + pair_pos + 파생 전체,부스팅
GradientBoosting,21,0.010836372069782605,0.6984126984126984,0.6666666666666666,0.6666666666666666,1.0,0.5,1.0,0.3333333333333333,0.927536231884058,E2 불량 시기 안 (샷 0~60),공정 값 23 + pair_pos + 파생 전체,부스팅
GradientBoosting,22,0.0633563634751277,1.0,0.75,1.0,1.0,0.8,1.0,0.6666666666666666,1.0,E2 불량 시기 안 (샷 0~60),공정 값 23 + pair_pos + 파생 전체,부스팅
GradientBoosting,23,0.25894242636963194,1.0,1.0,1.0,1.0,0.75,1.0,0.6,1.0,E2 불량 시기 안 (샷 0~60),공정 값 23 + pair_pos + 파생 전체,부스팅
GradientBoosting,24,0.13003655974072048,0.6324786324786325,0.6666666666666666,0.6666666666666666,0.6666666666666666,0.5,0.3333333333333333,1.0,0.8333333333333333,E2 불량 시기 안 (샷 0~60),공정 값 23 + pair_pos + 파생 전체,부스팅
GradientBoosting,25,0.04188671176753226,0.8214285714285714,0.75,0.75,0.75,0.6666666666666666,0.75,0.6,0.875,E2 불량 시기 안 (샷 0~60),공정 값 23 + pair_pos + 파생 전체,부스팅
GradientBoosting,26,0.0278702319999448,1.0,1.0,1.0,1.0,0.75,1.0,0.6,1.0,E2 불량 시기 안 (샷 0~60),공정 값 23 + pair_pos + 파생 전체,부스팅
GradientBoosting,27,0.07239853739926252,1.0,0.75,1.0,1.0,0.8,1.0,0.6666666666666666,1.0,E2 불량 시기 안 (샷 0~60),공정 값 23 + pair_pos + 파생 전체,부스팅
GradientBoosting,28,0.3156258090986945,0.6464646464646464,0.6666666666666666,0.6666666666666666,0.6666666666666666,0.5,0.3333333333333333,1.0,0.8695652173913044,E2 불량 시기 안 (샷 0~60),공정 값 23 + pair_pos + 파생 전체,부스팅
GradientBoosting,29,0.12247854715940434,1.0,1.0,1.0,1.0,0.8,0.6666666666666666,1.0,1.0,E2 불량 시기 안 (샷 0~60),공정 값 23 + pair_pos + 파생 전체,부스팅
GradientBoosting,30,0.011763730954379542,0.8026315789473684,0.75,0.75,0.75,0.6,0.75,0.5,0.8125,E2 불량 시기 안 (샷 0~60),공정 값 23 + pair_pos + 파생 전체,부스팅
GradientBoosting,31,0.10345423353762839,1.0,1.0,1.0,1.0,0.8,0.6666666666666666,1.0,1.0,E2 불량 시기 안 (샷 0~60),공정 값 23 + pair_pos + 파생 전체,부스팅
GradientBoosting,32,0.034176337298082275,0.41111111111111115,0.3333333333333333,1.0,1.0,0.6,1.0,0.42857142857142855,0.8840579710144927,E2 불량 시기 안 (샷 0~60),공정 값 23 + pair_pos + 파생 전체,부스팅
GradientBoosting,33,0.1617893882438957,0.95,0.75,1.0,1.0,0.75,0.75,0.75,0.9874999999999999,E2 불량 시기 안 (샷 0~60),공정 값 23 + pair_pos + 파생 전체,부스팅
GradientBoosting,34,0.6841830054416203,0.7380952380952381,0.6666666666666666,0.6666666666666666,0.6666666666666666,0.5,0.3333333333333333,1.0,0.8333333333333333,E2 불량 시기 안 (샷 0~60),공정 값 23 + pair_pos + 파생 전체,부스팅
GradientBoosting,35,0.6536753427257329,0.7976190476190477,0.75,0.75,0.75,0.8571428571428571,0.75,1.0,0.7875,E2 불량 시기 안 (샷 0~60),공정 값 23 + pair_pos + 파생 전체,부스팅
GradientBoosting,36,0.7304272385813846,0.7916666666666666,0.6666666666666666,0.6666666666666666,1.0,0.8,0.6666666666666666,1.0,0.927536231884058,E2 불량 시기 안 (샷 0~60),공정 값 23 + pair_pos + 파생 전체,부스팅
GradientBoosting,37,0.3870386463955438,1.0,0.75,1.0,1.0,0.8571428571428571,0.75,1.0,1.0,E2 불량 시기 안 (샷 0~60),공정 값 23 + pair_pos + 파생 전체,부스팅
GradientBoosting,38,0.9356105143111219,0.5666666666666667,0.3333333333333333,0.6666666666666666,0.6666666666666666,0.2857142857142857,0.3333333333333333,0.25,0.8245614035087718,E2 불량 시기 안 (샷 0~60),공정 값 23 + pair_pos + 파생 전체,부스팅
GradientBoosting,39,0.09455558866591128,0.5222222222222221,0.3333333333333333,0.6666666666666666,0.6666666666666666,0.4,0.3333333333333333,0.5,0.7272727272727273,E2 불량 시기 안 (샷 0~60),공정 값 23 + pair_pos + 파생 전체,부스팅
GradientBoosting,40,0.3262446899821723,0.69375,0.5,0.5,0.75,0.4444444444444444,0.5,0.4,0.8624999999999999,E2 불량 시기 안 (샷 0~60),공정 값 23 + pair_pos + 파생 전체,부스팅
GradientBoosting,41,0.07709536212837008,1.0,1.0,1.0,1.0,0.75,1.0,0.6,1.0,E2 불량 시기 안 (샷 0~60),공정 값 23 + pair_pos + 파생 전체,부스팅
GradientBoosting,42,0.6719141049391034,0.7066666666666666,0.6666666666666666,0.6666666666666666,0.6666666666666666,0.5,0.3333333333333333,1.0,0.681159420289855,E2 불량 시기 안 (샷 0~60),공정 값 23 + pair_pos + 파생 전체,부스팅
GradientBoosting,43,0.03857041446015262,1.0,0.75,1.0,1.0,1.0,1.0,1.0,1.0,E2 불량 시기 안 (샷 0~60),공정 값 23 + pair_pos + 파생 전체,부스팅
GradientBoosting,44,0.11382742274813777,0.3958333333333333,0.3333333333333333,0.6666666666666666,0.6666666666666666,0.4,0.3333333333333333,0.5,0.7575757575757576,E2 불량 시기 안 (샷 0~60),공정 값 23 + pair_pos + 파생 전체,부스팅
GradientBoosting,45,0.7163112231607269,1.0,0.75,1.0,1.0,0.6666666666666666,0.5,1.0,1.0,E2 불량 시기 안 (샷 0~60),공정 값 23 + pair_pos + 파생 전체,부스팅
GradientBoosting,46,0.06744297067285257,0.7333333333333334,0.6666666666666666,0.6666666666666666,0.6666666666666666,0.5714285714285714,0.6666666666666666,0.5,0.7894736842105263,E2 불량 시기 안 (샷 0~60),공정 값 23 + pair_pos + 파생 전체,부스팅
GradientBoosting,47,0.7983198230789962,0.7,0.3333333333333333,1.0,1.0,0.0,0.0,0.0,0.9420289855072465,E2 불량 시기 안 (샷 0~60),공정 값 23 + pair_pos + 파생 전체,부스팅
GradientBoosting,48,0.5932194807828377,0.5416666666666666,0.25,0.5,0.75,0.6,0.75,0.5,0.6875,E2 불량 시기 안 (샷 0~60),공정 값 23 + pair_pos + 파생 전체,부스팅
GradientBoosting,49,0.6764077444217439,1.0,1.0,1.0,1.0,0.0,0.0,0.0,1.0,E2 불량 시기 안 (샷 0~60),공정 값 23 + pair_pos + 파생 전체,부스팅
HistGradientBoosting,0,0.9438021320781085,1.0,0.75,1.0,1.0,0.8571428571428571,0.75,1.0,1.0,E2 불량 시기 안 (샷 0~60),공정 값 23 + pair_pos + 파생 전체,부스팅
HistGradientBoosting,1,0.002068427736492805,0.7291666666666666,0.6666666666666666,0.6666666666666666,0.6666666666666666,0.8,0.6666666666666666,1.0,0.7719298245614035,E2 불량 시기 안 (샷 0~60),공정 값 23 + pair_pos + 파생 전체,부스팅
HistGradientBoosting,2,0.2144157593359248,0.7142857142857142,0.6666666666666666,0.6666666666666666,0.6666666666666666,0.5,0.3333333333333333,1.0,0.7391304347826086,E2 불량 시기 안 (샷 0~60),공정 값 23 + pair_pos + 파생 전체,부스팅
HistGradientBoosting,3,0.5480870334550197,1.0,0.75,1.0,1.0,1.0,1.0,1.0,1.0,E2 불량 시기 안 (샷 0~60),공정 값 23 + pair_pos + 파생 전체,부스팅
HistGradientBoosting,4,0.16553426855616488,0.49831649831649827,0.3333333333333333,0.3333333333333333,0.3333333333333333,0.3333333333333333,0.3333333333333333,0.3333333333333333,0.7727272727272727,E2 불량 시기 안 (샷 0~60),공정 값 23 + pair_pos + 파생 전체,부스팅
HistGradientBoosting,5,0.41210713216705464,1.0,0.75,1.0,1.0,1.0,1.0,1.0,1.0,E2 불량 시기 안 (샷 0~60),공정 값 23 + pair_pos + 파생 전체,부스팅
HistGradientBoosting,6,0.03308000440510662,0.9166666666666665,0.6666666666666666,1.0,1.0,0.6666666666666666,0.6666666666666666,0.6666666666666666,0.9855072463768116,E2 불량 시기 안 (샷 0~60),공정 값 23 + pair_pos + 파생 전체,부스팅
HistGradientBoosting,7,0.006630024410772909,0.9166666666666666,0.75,0.75,1.0,0.6666666666666666,0.75,0.6,0.9750000000000001,E2 불량 시기 안 (샷 0~60),공정 값 23 + pair_pos + 파생 전체,부스팅
HistGradientBoosting,8,0.6131453553834476,0.9166666666666665,0.6666666666666666,1.0,1.0,0.75,1.0,0.6,0.9824561403508772,E2 불량 시기 안 (샷 0~60),공정 값 23 + pair_pos + 파생 전체,부스팅
HistGradientBoosting,9,0.9788573324810934,0.4201680672268907,0.3333333333333333,0.3333333333333333,0.3333333333333333,0.5,0.3333333333333333,1.0,0.5,E2 불량 시기 안 (샷 0~60),공정 값 23 + pair_pos + 파생 전체,부스팅
HistGradientBoosting,10,0.5302143010004085,1.0,0.75,1.0,1.0,1.0,1.0,1.0,1.0,E2 불량 시기 안 (샷 0~60),공정 값 23 + pair_pos + 파생 전체,부스팅
HistGradientBoosting,11,0.20695222558446066,0.8055555555555556,0.6666666666666666,1.0,1.0,0.8571428571428571,1.0,0.75,0.9649122807017545,E2 불량 시기 안 (샷 0~60),공정 값 23 + pair_pos + 파생 전체,부스팅
HistGradientBoosting,12,0.7751342706394164,0.7066666666666666,0.6666666666666666,0.6666666666666666,0.6666666666666666,0.0,0.0,0.0,0.681159420289855,E2 불량 시기 안 (샷 0~60),공정 값 23 + pair_pos + 파생 전체,부스팅
HistGradientBoosting,13,0.03377687485152383,0.7380952380952381,0.6666666666666666,0.6666666666666666,0.6666666666666666,0.8,0.6666666666666666,1.0,0.8333333333333333,E2 불량 시기 안 (샷 0~60),공정 값 23 + pair_pos + 파생 전체,부스팅
HistGradientBoosting,14,0.1778752068401764,0.8303571428571428,0.5,0.75,1.0,0.6666666666666666,0.75,0.6,0.95,E2 불량 시기 안 (샷 0~60),공정 값 23 + pair_pos + 파생 전체,부스팅
HistGradientBoosting,15,0.5610061710429516,0.7380952380952381,0.6666666666666666,0.6666666666666666,0.6666666666666666,0.5,0.3333333333333333,1.0,0.8405797101449275,E2 불량 시기 안 (샷 0~60),공정 값 23 + pair_pos + 파생 전체,부스팅
HistGradientBoosting,16,0.11290932136848617,0.8214285714285714,0.75,0.75,0.75,0.6666666666666666,0.5,1.0,0.875,E2 불량 시기 안 (샷 0~60),공정 값 23 + pair_pos + 파생 전체,부스팅
HistGradientBoosting,17,0.031103809704022527,1.0,0.75,1.0,1.0,0.8,1.0,0.6666666666666666,1.0,E2 불량 시기 안 (샷 0~60),공정 값 23 + pair_pos + 파생 전체,부스팅
HistGradientBoosting,18,0.637368996302587,1.0,1.0,1.0,1.0,1.0,1.0,1.0,1.0,E2 불량 시기 안 (샷 0~60),공정 값 23 + pair_pos + 파생 전체,부스팅
HistGradientBoosting,19,0.7500291373185446,1.0,1.0,1.0,1.0,0.8,0.6666666666666666,1.0,1.0,E2 불량 시기 안 (샷 0~60),공정 값 23 + pair_pos + 파생 전체,부스팅
HistGradientBoosting,20,0.8637372452299636,0.8333333333333333,0.75,0.75,0.75,0.6666666666666666,0.5,1.0,0.9,E2 불량 시기 안 (샷 0~60),공정 값 23 + pair_pos + 파생 전체,부스팅
HistGradientBoosting,21,0.477757357604084,1.0,1.0,1.0,1.0,0.8,0.6666666666666666,1.0,1.0,E2 불량 시기 안 (샷 0~60),공정 값 23 + pair_pos + 파생 전체,부스팅
HistGradientBoosting,22,0.12386997493501414,0.95,0.75,1.0,1.0,0.8888888888888888,1.0,0.8,0.9874999999999999,E2 불량 시기 안 (샷 0~60),공정 값 23 + pair_pos + 파생 전체,부스팅
HistGradientBoosting,23,0.15381363398234235,1.0,1.0,1.0,1.0,0.8571428571428571,1.0,0.75,1.0,E2 불량 시기 안 (샷 0~60),공정 값 23 + pair_pos + 파생 전체,부스팅
HistGradientBoosting,24,0.07875225855900385,0.5990338164251208,0.6666666666666666,0.6666666666666666,0.6666666666666666,0.6666666666666666,0.6666666666666666,0.6666666666666666,0.6818181818181818,E2 불량 시기 안 (샷 0~60),공정 값 23 + pair_pos + 파생 전체,부스팅
HistGradientBoosting,25,0.0270143942520515,0.8409090909090909,0.75,0.75,0.75,0.6666666666666666,0.75,0.6,0.9125,E2 불량 시기 안 (샷 0~60),공정 값 23 + pair_pos + 파생 전체,부스팅
HistGradientBoosting,26,0.34816293114670943,1.0,1.0,1.0,1.0,1.0,1.0,1.0,1.0,E2 불량 시기 안 (샷 0~60),공정 값 23 + pair_pos + 파생 전체,부스팅
HistGradientBoosting,27,0.04941466623718128,1.0,0.75,1.0,1.0,0.8,1.0,0.6666666666666666,1.0,E2 불량 시기 안 (샷 0~60),공정 값 23 + pair_pos + 파생 전체,부스팅
HistGradientBoosting,28,0.2879567153304436,0.626984126984127,0.6666666666666666,0.6666666666666666,0.6666666666666666,0.6666666666666666,0.6666666666666666,0.6666666666666666,0.8260869565217391,E2 불량 시기 안 (샷 0~60),공정 값 23 + pair_pos + 파생 전체,부스팅
HistGradientBoosting,29,0.8239748541709171,1.0,1.0,1.0,1.0,0.5,0.3333333333333333,1.0,1.0,E2 불량 시기 안 (샷 0~60),공정 값 23 + pair_pos + 파생 전체,부스팅
HistGradientBoosting,30,0.1686851894093398,0.8269230769230769,0.75,0.75,0.75,0.75,0.75,0.75,0.8875000000000001,E2 불량 시기 안 (샷 0~60),공정 값 23 + pair_pos + 파생 전체,부스팅
HistGradientBoosting,31,0.7071896542876356,1.0,1.0,1.0,1.0,1.0,1.0,1.0,1.0,E2 불량 시기 안 (샷 0~60),공정 값 23 + pair_pos + 파생 전체,부스팅
HistGradientBoosting,32,0.05705100511531503,0.8055555555555556,0.6666666666666666,1.0,1.0,0.4,0.3333333333333333,0.5,0.9710144927536232,E2 불량 시기 안 (샷 0~60),공정 값 23 + pair_pos + 파생 전체,부스팅
HistGradientBoosting,33,0.8505987560909133,1.0,0.75,1.0,1.0,1.0,1.0,1.0,1.0,E2 불량 시기 안 (샷 0~60),공정 값 23 + pair_pos + 파생 전체,부스팅
HistGradientBoosting,34,0.6807427629385085,0.6055555555555555,0.6666666666666666,0.6666666666666666,0.6666666666666666,0.5714285714285714,0.6666666666666666,0.5,0.7272727272727273,E2 불량 시기 안 (샷 0~60),공정 값 23 + pair_pos + 파생 전체,부스팅
HistGradientBoosting,35,0.7743982780292469,0.8214285714285714,0.75,0.75,0.75,0.8571428571428571,0.75,1.0,0.875,E2 불량 시기 안 (샷 0~60),공정 값 23 + pair_pos + 파생 전체,부스팅
HistGradientBoosting,36,0.14522818286827366,0.6388888888888888,0.6666666666666666,1.0,1.0,0.8571428571428571,1.0,0.75,0.9565217391304348,E2 불량 시기 안 (샷 0~60),공정 값 23 + pair_pos + 파생 전체,부스팅
HistGradientBoosting,37,0.16946411047744195,0.95,0.75,1.0,1.0,0.75,0.75,0.75,0.9874999999999999,E2 불량 시기 안 (샷 0~60),공정 값 23 + pair_pos + 파생 전체,부스팅
HistGradientBoosting,38,0.17689468713237352,0.8095238095238095,0.6666666666666666,0.6666666666666666,1.0,0.4444444444444444,0.6666666666666666,0.3333333333333333,0.9298245614035088,E2 불량 시기 안 (샷 0~60),공정 값 23 + pair_pos + 파생 전체,부스팅
HistGradientBoosting,39,0.7232051139820721,0.3416666666666667,0.3333333333333333,0.6666666666666666,0.6666666666666666,0.4,0.3333333333333333,0.5,0.6212121212121211,E2 불량 시기 안 (샷 0~60),공정 값 23 + pair_pos + 파생 전체,부스팅
HistGradientBoosting,40,0.08646671599666718,0.775,0.5,0.75,1.0,0.6,0.75,0.5,0.925,E2 불량 시기 안 (샷 0~60),공정 값 23 + pair_pos + 파생 전체,부스팅
HistGradientBoosting,41,0.15021859513300811,1.0,1.0,1.0,1.0,0.75,1.0,0.6,1.0,E2 불량 시기 안 (샷 0~60),공정 값 23 + pair_pos + 파생 전체,부스팅
HistGradientBoosting,42,0.7355328069733923,0.7192982456140351,0.6666666666666666,0.6666666666666666,0.6666666666666666,0.0,0.0,0.0,0.7681159420289855,E2 불량 시기 안 (샷 0~60),공정 값 23 + pair_pos + 파생 전체,부스팅
HistGradientBoosting,43,0.032054233599279905,1.0,0.75,1.0,1.0,1.0,1.0,1.0,1.0,E2 불량 시기 안 (샷 0~60),공정 값 23 + pair_pos + 파생 전체,부스팅
HistGradientBoosting,44,0.06021359557945533,0.6180555555555556,0.6666666666666666,0.6666666666666666,0.6666666666666666,0.4,0.3333333333333333,0.5,0.7878787878787878,E2 불량 시기 안 (샷 0~60),공정 값 23 + pair_pos + 파생 전체,부스팅
HistGradientBoosting,45,0.07558821784508582,0.8303571428571428,0.5,0.75,1.0,0.6666666666666666,0.75,0.6,0.95,E2 불량 시기 안 (샷 0~60),공정 값 23 + pair_pos + 파생 전체,부스팅
HistGradientBoosting,46,0.30490682431838007,0.7254901960784313,0.6666666666666666,0.6666666666666666,0.6666666666666666,0.5714285714285714,0.6666666666666666,0.5,0.7543859649122807,E2 불량 시기 안 (샷 0~60),공정 값 23 + pair_pos + 파생 전체,부스팅
HistGradientBoosting,47,0.5152548556470513,1.0,1.0,1.0,1.0,0.5,0.3333333333333333,1.0,1.0,E2 불량 시기 안 (샷 0~60),공정 값 23 + pair_pos + 파생 전체,부스팅
HistGradientBoosting,48,0.6848974597204482,0.7329545454545454,0.5,0.75,0.75,0.6666666666666666,0.5,1.0,0.7625,E2 불량 시기 안 (샷 0~60),공정 값 23 + pair_pos + 파생 전체,부스팅
HistGradientBoosting,49,0.4835208955193059,0.7555555555555555,0.6666666666666666,1.0,1.0,0.5,0.3333333333333333,1.0,0.9545454545454545,E2 불량 시기 안 (샷 0~60),공정 값 23 + pair_pos + 파생 전체,부스팅
XGBoost,0,0.6270443201065063,1.0,0.75,1.0,1.0,0.8888888888888888,1.0,0.8,1.0,E2 불량 시기 안 (샷 0~60),공정 값 23 + pair_pos + 파생 전체,부스팅
XGBoost,1,0.2397269308567047,0.75,0.6666666666666666,0.6666666666666666,0.6666666666666666,0.6666666666666666,0.6666666666666666,0.6666666666666666,0.8421052631578948,E2 불량 시기 안 (샷 0~60),공정 값 23 + pair_pos + 파생 전체,부스팅
XGBoost,2,0.6115854978561401,0.7222222222222222,0.6666666666666666,0.6666666666666666,0.6666666666666666,0.5,0.3333333333333333,1.0,0.7826086956521738,E2 불량 시기 안 (샷 0~60),공정 값 23 + pair_pos + 파생 전체,부스팅
XGBoost,3,0.14403283596038818,1.0,0.75,1.0,1.0,0.8,1.0,0.6666666666666666,1.0,E2 불량 시기 안 (샷 0~60),공정 값 23 + pair_pos + 파생 전체,부스팅
XGBoost,4,0.5256870985031128,0.7222222222222222,0.6666666666666666,0.6666666666666666,1.0,0.5714285714285714,0.6666666666666666,0.5,0.9393939393939394,E2 불량 시기 안 (샷 0~60),공정 값 23 + pair_pos + 파생 전체,부스팅
XGBoost,5,0.6130760312080383,1.0,0.75,1.0,1.0,1.0,1.0,1.0,1.0,E2 불량 시기 안 (샷 0~60),공정 값 23 + pair_pos + 파생 전체,부스팅
XGBoost,6,0.1783420294523239,1.0,1.0,1.0,1.0,0.8571428571428571,1.0,0.75,1.0,E2 불량 시기 안 (샷 0~60),공정 값 23 + pair_pos + 파생 전체,부스팅
XGBoost,7,0.2704029679298401,1.0,0.75,1.0,1.0,1.0,1.0,1.0,1.0,E2 불량 시기 안 (샷 0~60),공정 값 23 + pair_pos + 파생 전체,부스팅
XGBoost,8,0.5261498093605042,1.0,1.0,1.0,1.0,0.75,1.0,0.6,1.0,E2 불량 시기 안 (샷 0~60),공정 값 23 + pair_pos + 파생 전체,부스팅
XGBoost,9,0.7352982759475708,0.4471153846153846,0.3333333333333333,0.3333333333333333,0.3333333333333333,0.5,0.3333333333333333,1.0,0.6363636363636364,E2 불량 시기 안 (샷 0~60),공정 값 23 + pair_pos + 파생 전체,부스팅
XGBoost,10,0.37716710567474365,1.0,0.75,1.0,1.0,1.0,1.0,1.0,1.0,E2 불량 시기 안 (샷 0~60),공정 값 23 + pair_pos + 파생 전체,부스팅
XGBoost,11,0.8486628532409668,0.6388888888888888,0.6666666666666666,1.0,1.0,0.8571428571428571,1.0,0.75,0.9473684210526316,E2 불량 시기 안 (샷 0~60),공정 값 23 + pair_pos + 파생 전체,부스팅
XGBoost,12,0.8742501735687256,0.75,0.6666666666666666,0.6666666666666666,0.6666666666666666,0.5,0.3333333333333333,1.0,0.8695652173913044,E2 불량 시기 안 (샷 0~60),공정 값 23 + pair_pos + 파생 전체,부스팅
XGBoost,13,0.8999192118644714,0.7291666666666666,0.6666666666666666,0.6666666666666666,0.6666666666666666,0.8,0.6666666666666666,1.0,0.803030303030303,E2 불량 시기 안 (샷 0~60),공정 값 23 + pair_pos + 파생 전체,부스팅
XGBoost,14,0.3468896150588989,1.0,0.75,1.0,1.0,1.0,1.0,1.0,1.0,E2 불량 시기 안 (샷 0~60),공정 값 23 + pair_pos + 파생 전체,부스팅
XGBoost,15,0.5052874088287354,0.7291666666666666,0.6666666666666666,0.6666666666666666,0.6666666666666666,0.8,0.6666666666666666,1.0,0.8115942028985508,E2 불량 시기 안 (샷 0~60),공정 값 23 + pair_pos + 파생 전체,부스팅
XGBoost,16,0.12135866284370422,0.8611111111111112,0.75,0.75,0.75,0.8571428571428571,0.75,1.0,0.9375,E2 불량 시기 안 (샷 0~60),공정 값 23 + pair_pos + 파생 전체,부스팅
XGBoost,17,0.3478720188140869,1.0,0.75,1.0,1.0,0.8,1.0,0.6666666666666666,1.0,E2 불량 시기 안 (샷 0~60),공정 값 23 + pair_pos + 파생 전체,부스팅
XGBoost,18,0.6302167177200317,1.0,1.0,1.0,1.0,1.0,1.0,1.0,1.0,E2 불량 시기 안 (샷 0~60),공정 값 23 + pair_pos + 파생 전체,부스팅
XGBoost,19,0.330670028924942,1.0,1.0,1.0,1.0,0.6,1.0,0.42857142857142855,1.0,E2 불량 시기 안 (샷 0~60),공정 값 23 + pair_pos + 파생 전체,부스팅
XGBoost,20,0.28687843680381775,0.8166666666666667,0.75,0.75,0.75,0.8571428571428571,0.75,1.0,0.8625,E2 불량 시기 안 (샷 0~60),공정 값 23 + pair_pos + 파생 전체,부스팅
XGBoost,21,0.6623595952987671,0.8666666666666667,0.6666666666666666,1.0,1.0,0.5714285714285714,0.6666666666666666,0.5,0.9710144927536233,E2 불량 시기 안 (샷 0~60),공정 값 23 + pair_pos + 파생 전체,부스팅
XGBoost,22,0.17914462089538574,0.95,0.75,1.0,1.0,0.6666666666666666,1.0,0.5,0.9874999999999999,E2 불량 시기 안 (샷 0~60),공정 값 23 + pair_pos + 파생 전체,부스팅
XGBoost,23,0.4187885522842407,1.0,1.0,1.0,1.0,0.75,1.0,0.6,1.0,E2 불량 시기 안 (샷 0~60),공정 값 23 + pair_pos + 파생 전체,부스팅
XGBoost,24,0.8720417022705078,0.6388888888888888,0.6666666666666666,0.6666666666666666,0.6666666666666666,0.5,0.3333333333333333,1.0,0.8484848484848484,E2 불량 시기 안 (샷 0~60),공정 값 23 + pair_pos + 파생 전체,부스팅
XGBoost,25,0.555915892124176,0.8088235294117647,0.75,0.75,0.75,0.8571428571428571,0.75,1.0,0.8375,E2 불량 시기 안 (샷 0~60),공정 값 23 + pair_pos + 파생 전체,부스팅
XGBoost,26,0.09783201664686203,1.0,1.0,1.0,1.0,0.8571428571428571,1.0,0.75,1.0,E2 불량 시기 안 (샷 0~60),공정 값 23 + pair_pos + 파생 전체,부스팅
XGBoost,27,0.6749993562698364,1.0,0.75,1.0,1.0,1.0,1.0,1.0,1.0,E2 불량 시기 안 (샷 0~60),공정 값 23 + pair_pos + 파생 전체,부스팅
XGBoost,28,0.5004749298095703,0.6324786324786325,0.6666666666666666,0.6666666666666666,0.6666666666666666,0.6666666666666666,0.6666666666666666,0.6666666666666666,0.8405797101449275,E2 불량 시기 안 (샷 0~60),공정 값 23 + pair_pos + 파생 전체,부스팅
XGBoost,29,0.625693142414093,1.0,1.0,1.0,1.0,0.8,0.6666666666666666,1.0,1.0,E2 불량 시기 안 (샷 0~60),공정 값 23 + pair_pos + 파생 전체,부스팅
XGBoost,30,0.262525737285614,0.8088235294117647,0.75,0.75,0.75,0.6,0.75,0.5,0.8375,E2 불량 시기 안 (샷 0~60),공정 값 23 + pair_pos + 파생 전체,부스팅
XGBoost,31,0.7549352645874023,1.0,1.0,1.0,1.0,1.0,1.0,1.0,1.0,E2 불량 시기 안 (샷 0~60),공정 값 23 + pair_pos + 파생 전체,부스팅
XGBoost,32,0.556304931640625,0.5,0.3333333333333333,1.0,1.0,0.4,0.3333333333333333,0.5,0.9130434782608695,E2 불량 시기 안 (샷 0~60),공정 값 23 + pair_pos + 파생 전체,부스팅
XGBoost,33,0.418253630399704,0.95,0.75,1.0,1.0,0.8888888888888888,1.0,0.8,0.9874999999999999,E2 불량 시기 안 (샷 0~60),공정 값 23 + pair_pos + 파생 전체,부스팅
XGBoost,34,0.30506810545921326,0.7254901960784313,0.6666666666666666,0.6666666666666666,0.6666666666666666,0.6666666666666666,0.6666666666666666,0.6666666666666666,0.7878787878787878,E2 불량 시기 안 (샷 0~60),공정 값 23 + pair_pos + 파생 전체,부스팅
XGBoost,35,0.6740601062774658,0.8125,0.75,0.75,0.75,0.8571428571428571,0.75,1.0,0.85,E2 불량 시기 안 (샷 0~60),공정 값 23 + pair_pos + 파생 전체,부스팅
XGBoost,36,0.3888130187988281,1.0,1.0,1.0,1.0,0.6,1.0,0.42857142857142855,1.0,E2 불량 시기 안 (샷 0~60),공정 값 23 + pair_pos + 파생 전체,부스팅
XGBoost,37,0.17456267774105072,1.0,0.75,1.0,1.0,0.8571428571428571,0.75,1.0,1.0,E2 불량 시기 안 (샷 0~60),공정 값 23 + pair_pos + 파생 전체,부스팅
XGBoost,38,0.8355554938316345,0.7555555555555555,0.6666666666666666,1.0,1.0,0.4,0.3333333333333333,0.5,0.9473684210526316,E2 불량 시기 안 (샷 0~60),공정 값 23 + pair_pos + 파생 전체,부스팅
XGBoost,39,0.23057666420936584,0.5555555555555556,0.3333333333333333,0.6666666666666666,0.6666666666666666,0.5,0.6666666666666666,0.4,0.7424242424242424,E2 불량 시기 안 (샷 0~60),공정 값 23 + pair_pos + 파생 전체,부스팅
XGBoost,40,0.814552903175354,0.8928571428571428,0.75,0.75,1.0,0.75,0.75,0.75,0.9624999999999999,E2 불량 시기 안 (샷 0~60),공정 값 23 + pair_pos + 파생 전체,부스팅
XGBoost,41,0.6007941961288452,0.8095238095238095,0.6666666666666666,0.6666666666666666,1.0,0.5,0.6666666666666666,0.4,0.9298245614035088,E2 불량 시기 안 (샷 0~60),공정 값 23 + pair_pos + 파생 전체,부스팅
XGBoost,42,0.5918614864349365,0.7380952380952381,0.6666666666666666,0.6666666666666666,0.6666666666666666,0.8,0.6666666666666666,1.0,0.8405797101449275,E2 불량 시기 안 (샷 0~60),공정 값 23 + pair_pos + 파생 전체,부스팅
XGBoost,43,0.18841566145420074,1.0,0.75,1.0,1.0,0.8888888888888888,1.0,0.8,1.0,E2 불량 시기 안 (샷 0~60),공정 값 23 + pair_pos + 파생 전체,부스팅
XGBoost,44,0.10088660567998886,0.7254901960784313,0.6666666666666666,0.6666666666666666,0.6666666666666666,0.6666666666666666,0.6666666666666666,0.6666666666666666,0.7878787878787878,E2 불량 시기 안 (샷 0~60),공정 값 23 + pair_pos + 파생 전체,부스팅
XGBoost,45,0.48956260085105896,0.6428571428571428,0.25,0.5,1.0,0.5,0.5,0.5,0.9,E2 불량 시기 안 (샷 0~60),공정 값 23 + pair_pos + 파생 전체,부스팅
XGBoost,46,0.7078260183334351,0.7254901960784313,0.6666666666666666,0.6666666666666666,0.6666666666666666,0.6666666666666666,0.6666666666666666,0.6666666666666666,0.7543859649122807,E2 불량 시기 안 (샷 0~60),공정 값 23 + pair_pos + 파생 전체,부스팅
XGBoost,47,0.8965858817100525,0.4777777777777778,0.3333333333333333,1.0,1.0,0.0,0.0,0.0,0.9130434782608696,E2 불량 시기 안 (샷 0~60),공정 값 23 + pair_pos + 파생 전체,부스팅
XGBoost,48,0.9017937183380127,0.8214285714285714,0.75,0.75,0.75,0.8571428571428571,0.75,1.0,0.875,E2 불량 시기 안 (샷 0~60),공정 값 23 + pair_pos + 파생 전체,부스팅
XGBoost,49,0.7941008806228638,1.0,1.0,1.0,1.0,0.0,0.0,0.0,1.0,E2 불량 시기 안 (샷 0~60),공정 값 23 + pair_pos + 파생 전체,부스팅
LightGBM,0,0.04553860401621531,1.0,0.75,1.0,1.0,0.8888888888888888,1.0,0.8,1.0,E2 불량 시기 안 (샷 0~60),공정 값 23 + pair_pos + 파생 전체,부스팅
LightGBM,1,0.3847629478443426,0.7291666666666666,0.6666666666666666,0.6666666666666666,0.6666666666666666,0.8,0.6666666666666666,1.0,0.7719298245614035,E2 불량 시기 안 (샷 0~60),공정 값 23 + pair_pos + 파생 전체,부스팅
LightGBM,2,0.5115813328343992,0.7142857142857142,0.6666666666666666,0.6666666666666666,0.6666666666666666,0.5,0.3333333333333333,1.0,0.7391304347826086,E2 불량 시기 안 (샷 0~60),공정 값 23 + pair_pos + 파생 전체,부스팅
LightGBM,3,0.02969277875270255,1.0,0.75,1.0,1.0,1.0,1.0,1.0,1.0,E2 불량 시기 안 (샷 0~60),공정 값 23 + pair_pos + 파생 전체,부스팅
LightGBM,4,0.7125303239916677,0.8055555555555556,0.6666666666666666,1.0,1.0,0.0,0.0,0.0,0.9696969696969697,E2 불량 시기 안 (샷 0~60),공정 값 23 + pair_pos + 파생 전체,부스팅
LightGBM,5,0.11768235528694004,1.0,0.75,1.0,1.0,0.8888888888888888,1.0,0.8,1.0,E2 불량 시기 안 (샷 0~60),공정 값 23 + pair_pos + 파생 전체,부스팅
LightGBM,6,0.8720664122357319,1.0,1.0,1.0,1.0,0.8,0.6666666666666666,1.0,1.0,E2 불량 시기 안 (샷 0~60),공정 값 23 + pair_pos + 파생 전체,부스팅
LightGBM,7,0.04370688883491366,1.0,0.75,1.0,1.0,1.0,1.0,1.0,1.0,E2 불량 시기 안 (샷 0~60),공정 값 23 + pair_pos + 파생 전체,부스팅
LightGBM,8,0.5135294983497911,1.0,1.0,1.0,1.0,0.8571428571428571,1.0,0.75,1.0,E2 불량 시기 안 (샷 0~60),공정 값 23 + pair_pos + 파생 전체,부스팅
LightGBM,9,0.64539157930614,0.4512820512820513,0.3333333333333333,0.3333333333333333,0.3333333333333333,0.5,0.3333333333333333,1.0,0.6515151515151515,E2 불량 시기 안 (샷 0~60),공정 값 23 + pair_pos + 파생 전체,부스팅
LightGBM,10,0.04205398015196014,1.0,0.75,1.0,1.0,1.0,1.0,1.0,1.0,E2 불량 시기 안 (샷 0~60),공정 값 23 + pair_pos + 파생 전체,부스팅
LightGBM,11,0.2538324288894798,1.0,1.0,1.0,1.0,0.8571428571428571,1.0,0.75,1.0,E2 불량 시기 안 (샷 0~60),공정 값 23 + pair_pos + 파생 전체,부스팅
LightGBM,12,0.5417313991783272,0.7333333333333334,0.6666666666666666,0.6666666666666666,0.6666666666666666,0.5,0.3333333333333333,1.0,0.8260869565217391,E2 불량 시기 안 (샷 0~60),공정 값 23 + pair_pos + 파생 전체,부스팅
LightGBM,13,0.08976092378610846,0.7222222222222222,0.6666666666666666,0.6666666666666666,0.6666666666666666,0.6666666666666666,0.6666666666666666,0.6666666666666666,0.7727272727272727,E2 불량 시기 안 (샷 0~60),공정 값 23 + pair_pos + 파생 전체,부스팅
LightGBM,14,0.17946443521622982,1.0,0.75,1.0,1.0,0.8571428571428571,0.75,1.0,1.0,E2 불량 시기 안 (샷 0~60),공정 값 23 + pair_pos + 파생 전체,부스팅
LightGBM,15,0.6453565864025522,0.7291666666666666,0.6666666666666666,0.6666666666666666,0.6666666666666666,0.5,0.3333333333333333,1.0,0.8115942028985508,E2 불량 시기 안 (샷 0~60),공정 값 23 + pair_pos + 파생 전체,부스팅
LightGBM,16,0.057384788095219685,0.85,0.75,0.75,0.75,0.8571428571428571,0.75,1.0,0.9249999999999999,E2 불량 시기 안 (샷 0~60),공정 값 23 + pair_pos + 파생 전체,부스팅
LightGBM,17,0.1415039220953766,1.0,0.75,1.0,1.0,0.8888888888888888,1.0,0.8,1.0,E2 불량 시기 안 (샷 0~60),공정 값 23 + pair_pos + 파생 전체,부스팅
LightGBM,18,0.5733011255269584,1.0,1.0,1.0,1.0,1.0,1.0,1.0,1.0,E2 불량 시기 안 (샷 0~60),공정 값 23 + pair_pos + 파생 전체,부스팅
LightGBM,19,0.13361213772760086,1.0,1.0,1.0,1.0,0.8571428571428571,1.0,0.75,1.0,E2 불량 시기 안 (샷 0~60),공정 값 23 + pair_pos + 파생 전체,부스팅
LightGBM,20,0.08880661322107535,0.8125,0.75,0.75,0.75,0.8571428571428571,0.75,1.0,0.85,E2 불량 시기 안 (샷 0~60),공정 값 23 + pair_pos + 파생 전체,부스팅
LightGBM,21,0.23367427565738233,0.9166666666666665,0.6666666666666666,1.0,1.0,0.8571428571428571,1.0,0.75,0.9855072463768116,E2 불량 시기 안 (샷 0~60),공정 값 23 + pair_pos + 파생 전체,부스팅
LightGBM,22,0.04011790538042179,1.0,0.75,1.0,1.0,1.0,1.0,1.0,1.0,E2 불량 시기 안 (샷 0~60),공정 값 23 + pair_pos + 파생 전체,부스팅
LightGBM,23,0.042104535627821765,1.0,1.0,1.0,1.0,0.75,1.0,0.6,1.0,E2 불량 시기 안 (샷 0~60),공정 값 23 + pair_pos + 파생 전체,부스팅
LightGBM,24,0.6901048744592845,0.6324786324786325,0.6666666666666666,0.6666666666666666,0.6666666666666666,0.5,0.3333333333333333,1.0,0.8333333333333333,E2 불량 시기 안 (샷 0~60),공정 값 23 + pair_pos + 파생 전체,부스팅
LightGBM,25,0.025439676073178107,0.8166666666666667,0.75,0.75,0.75,0.75,0.75,0.75,0.8625,E2 불량 시기 안 (샷 0~60),공정 값 23 + pair_pos + 파생 전체,부스팅
LightGBM,26,0.015086872734317726,1.0,1.0,1.0,1.0,1.0,1.0,1.0,1.0,E2 불량 시기 안 (샷 0~60),공정 값 23 + pair_pos + 파생 전체,부스팅
LightGBM,27,0.09923825592127988,1.0,0.75,1.0,1.0,0.8888888888888888,1.0,0.8,1.0,E2 불량 시기 안 (샷 0~60),공정 값 23 + pair_pos + 파생 전체,부스팅
LightGBM,28,0.2415281892140252,0.6180555555555556,0.6666666666666666,0.6666666666666666,0.6666666666666666,0.4,0.3333333333333333,0.5,0.7971014492753623,E2 불량 시기 안 (샷 0~60),공정 값 23 + pair_pos + 파생 전체,부스팅
LightGBM,29,0.28669308811742983,1.0,1.0,1.0,1.0,1.0,1.0,1.0,1.0,E2 불량 시기 안 (샷 0~60),공정 값 23 + pair_pos + 파생 전체,부스팅
LightGBM,30,0.015500055272200958,0.8055555555555556,0.75,0.75,0.75,0.6666666666666666,0.75,0.6,0.825,E2 불량 시기 안 (샷 0~60),공정 값 23 + pair_pos + 파생 전체,부스팅
LightGBM,31,0.314715850534931,1.0,1.0,1.0,1.0,0.8,0.6666666666666666,1.0,1.0,E2 불량 시기 안 (샷 0~60),공정 값 23 + pair_pos + 파생 전체,부스팅
LightGBM,32,0.21967466249539533,0.5555555555555556,0.6666666666666666,1.0,1.0,0.4,0.3333333333333333,0.5,0.927536231884058,E2 불량 시기 안 (샷 0~60),공정 값 23 + pair_pos + 파생 전체,부스팅
LightGBM,33,0.008252777141294469,0.95,0.75,1.0,1.0,0.8888888888888888,1.0,0.8,0.9874999999999999,E2 불량 시기 안 (샷 0~60),공정 값 23 + pair_pos + 파생 전체,부스팅
LightGBM,34,0.06638440909120309,0.7380952380952381,0.6666666666666666,0.6666666666666666,0.6666666666666666,0.6666666666666666,0.6666666666666666,0.6666666666666666,0.8333333333333333,E2 불량 시기 안 (샷 0~60),공정 값 23 + pair_pos + 파생 전체,부스팅
LightGBM,35,0.5886681757767038,0.8125,0.75,0.75,0.75,0.8571428571428571,0.75,1.0,0.85,E2 불량 시기 안 (샷 0~60),공정 값 23 + pair_pos + 파생 전체,부스팅
LightGBM,36,0.06045977459355709,0.9166666666666665,0.6666666666666666,1.0,1.0,0.75,1.0,0.6,0.9855072463768116,E2 불량 시기 안 (샷 0~60),공정 값 23 + pair_pos + 파생 전체,부스팅
LightGBM,37,0.11450543413161361,1.0,0.75,1.0,1.0,1.0,1.0,1.0,1.0,E2 불량 시기 안 (샷 0~60),공정 값 23 + pair_pos + 파생 전체,부스팅
LightGBM,38,0.1484033690590943,1.0,1.0,1.0,1.0,1.0,1.0,1.0,1.0,E2 불량 시기 안 (샷 0~60),공정 값 23 + pair_pos + 파생 전체,부스팅
LightGBM,39,0.3173995275909424,0.626984126984127,0.6666666666666666,0.6666666666666666,0.6666666666666666,0.4,0.3333333333333333,0.5,0.8181818181818181,E2 불량 시기 안 (샷 0~60),공정 값 23 + pair_pos + 파생 전체,부스팅
LightGBM,40,0.2440631284975874,0.8928571428571428,0.75,0.75,1.0,0.6666666666666666,0.75,0.6,0.9624999999999999,E2 불량 시기 안 (샷 0~60),공정 값 23 + pair_pos + 파생 전체,부스팅
LightGBM,41,0.089881784865441,1.0,1.0,1.0,1.0,0.8571428571428571,1.0,0.75,1.0,E2 불량 시기 안 (샷 0~60),공정 값 23 + pair_pos + 파생 전체,부스팅
LightGBM,42,0.4526602543938071,0.7777777777777777,0.6666666666666666,0.6666666666666666,0.6666666666666666,0.8,0.6666666666666666,1.0,0.9130434782608695,E2 불량 시기 안 (샷 0~60),공정 값 23 + pair_pos + 파생 전체,부스팅
LightGBM,43,0.12302404728252299,1.0,0.75,1.0,1.0,1.0,1.0,1.0,1.0,E2 불량 시기 안 (샷 0~60),공정 값 23 + pair_pos + 파생 전체,부스팅
LightGBM,44,0.3267776791650042,0.7333333333333334,0.6666666666666666,0.6666666666666666,0.6666666666666666,0.8,0.6666666666666666,1.0,0.8181818181818181,E2 불량 시기 안 (샷 0~60),공정 값 23 + pair_pos + 파생 전체,부스팅
LightGBM,45,0.07618219083998526,0.95,0.75,1.0,1.0,0.8888888888888888,1.0,0.8,0.9874999999999999,E2 불량 시기 안 (샷 0~60),공정 값 23 + pair_pos + 파생 전체,부스팅
LightGBM,46,0.6619317450112461,0.7254901960784313,0.6666666666666666,0.6666666666666666,0.6666666666666666,0.6666666666666666,0.6666666666666666,0.6666666666666666,0.7543859649122807,E2 불량 시기 안 (샷 0~60),공정 값 23 + pair_pos + 파생 전체,부스팅
LightGBM,47,0.3218642111396983,0.8666666666666667,0.6666666666666666,1.0,1.0,0.0,0.0,0.0,0.9710144927536233,E2 불량 시기 안 (샷 0~60),공정 값 23 + pair_pos + 파생 전체,부스팅
LightGBM,48,0.10486304598034696,0.8055555555555556,0.75,0.75,0.75,0.75,0.75,0.75,0.825,E2 불량 시기 안 (샷 0~60),공정 값 23 + pair_pos + 파생 전체,부스팅
LightGBM,49,0.035640449284686994,1.0,1.0,1.0,1.0,1.0,1.0,1.0,1.0,E2 불량 시기 안 (샷 0~60),공정 값 23 + pair_pos + 파생 전체,부스팅
CatBoost,0,0.552692057945965,0.95,0.75,1.0,1.0,0.75,0.75,0.75,0.9874999999999999,E2 불량 시기 안 (샷 0~60),공정 값 23 + pair_pos + 파생 전체,부스팅
CatBoost,1,0.7436869966487573,0.7222222222222222,0.6666666666666666,0.6666666666666666,0.6666666666666666,0.8,0.6666666666666666,1.0,0.7368421052631579,E2 불량 시기 안 (샷 0~60),공정 값 23 + pair_pos + 파생 전체,부스팅
CatBoost,2,0.25745200040866933,0.5714285714285714,0.3333333333333333,0.6666666666666666,0.6666666666666666,0.5,0.3333333333333333,1.0,0.8115942028985508,E2 불량 시기 안 (샷 0~60),공정 값 23 + pair_pos + 파생 전체,부스팅
CatBoost,3,0.27604498763440505,1.0,0.75,1.0,1.0,0.8888888888888888,1.0,0.8,1.0,E2 불량 시기 안 (샷 0~60),공정 값 23 + pair_pos + 파생 전체,부스팅
CatBoost,4,0.5793838780968872,1.0,1.0,1.0,1.0,0.8,0.6666666666666666,1.0,1.0,E2 불량 시기 안 (샷 0~60),공정 값 23 + pair_pos + 파생 전체,부스팅
CatBoost,5,0.28112100616220104,1.0,0.75,1.0,1.0,1.0,1.0,1.0,1.0,E2 불량 시기 안 (샷 0~60),공정 값 23 + pair_pos + 파생 전체,부스팅
CatBoost,6,0.7426778278658225,1.0,1.0,1.0,1.0,0.8,0.6666666666666666,1.0,1.0,E2 불량 시기 안 (샷 0~60),공정 값 23 + pair_pos + 파생 전체,부스팅
CatBoost,7,0.16811835149574797,0.95,0.75,1.0,1.0,0.75,0.75,0.75,0.9874999999999999,E2 불량 시기 안 (샷 0~60),공정 값 23 + pair_pos + 파생 전체,부스팅
CatBoost,8,0.4398889228126819,0.8055555555555556,0.6666666666666666,1.0,1.0,0.8571428571428571,1.0,0.75,0.9649122807017545,E2 불량 시기 안 (샷 0~60),공정 값 23 + pair_pos + 파생 전체,부스팅
CatBoost,9,0.77788817250593,0.4583333333333333,0.3333333333333333,0.3333333333333333,0.6666666666666666,0.5,0.3333333333333333,1.0,0.5909090909090909,E2 불량 시기 안 (샷 0~60),공정 값 23 + pair_pos + 파생 전체,부스팅
CatBoost,10,0.21934538661530795,1.0,0.75,1.0,1.0,1.0,1.0,1.0,1.0,E2 불량 시기 안 (샷 0~60),공정 값 23 + pair_pos + 파생 전체,부스팅
CatBoost,11,0.16378358368263038,1.0,1.0,1.0,1.0,0.75,1.0,0.6,1.0,E2 불량 시기 안 (샷 0~60),공정 값 23 + pair_pos + 파생 전체,부스팅
CatBoost,12,0.6719085574598583,0.7222222222222222,0.6666666666666666,0.6666666666666666,0.6666666666666666,0.5,0.3333333333333333,1.0,0.7826086956521738,E2 불량 시기 안 (샷 0~60),공정 값 23 + pair_pos + 파생 전체,부스팅
CatBoost,13,0.4652353784201172,0.7575757575757576,0.6666666666666666,0.6666666666666666,0.6666666666666666,0.8,0.6666666666666666,1.0,0.8787878787878788,E2 불량 시기 안 (샷 0~60),공정 값 23 + pair_pos + 파생 전체,부스팅
CatBoost,14,0.06786268338926331,1.0,0.75,1.0,1.0,0.7272727272727273,1.0,0.5714285714285714,1.0,E2 불량 시기 안 (샷 0~60),공정 값 23 + pair_pos + 파생 전체,부스팅
CatBoost,15,0.5849923776239511,0.7435897435897436,0.6666666666666666,0.6666666666666666,0.6666666666666666,0.8,0.6666666666666666,1.0,0.855072463768116,E2 불량 시기 안 (샷 0~60),공정 값 23 + pair_pos + 파생 전체,부스팅
CatBoost,16,0.11831027025315817,0.8166666666666667,0.75,0.75,0.75,0.8571428571428571,0.75,1.0,0.8625,E2 불량 시기 안 (샷 0~60),공정 값 23 + pair_pos + 파생 전체,부스팅
CatBoost,17,0.2934589057422077,1.0,0.75,1.0,1.0,0.8,1.0,0.6666666666666666,1.0,E2 불량 시기 안 (샷 0~60),공정 값 23 + pair_pos + 파생 전체,부스팅
CatBoost,18,0.6593680722322577,1.0,1.0,1.0,1.0,1.0,1.0,1.0,1.0,E2 불량 시기 안 (샷 0~60),공정 값 23 + pair_pos + 파생 전체,부스팅
CatBoost,19,0.5149793239977228,0.9166666666666665,0.6666666666666666,1.0,1.0,0.6666666666666666,0.6666666666666666,0.6666666666666666,0.9848484848484849,E2 불량 시기 안 (샷 0~60),공정 값 23 + pair_pos + 파생 전체,부스팅
CatBoost,20,0.2372884415650417,0.8125,0.75,0.75,0.75,0.8571428571428571,0.75,1.0,0.85,E2 불량 시기 안 (샷 0~60),공정 값 23 + pair_pos + 파생 전체,부스팅
CatBoost,21,0.11279842735712338,1.0,1.0,1.0,1.0,0.6666666666666666,1.0,0.5,1.0,E2 불량 시기 안 (샷 0~60),공정 값 23 + pair_pos + 파생 전체,부스팅
CatBoost,22,0.4042952747667119,1.0,0.75,1.0,1.0,1.0,1.0,1.0,1.0,E2 불량 시기 안 (샷 0~60),공정 값 23 + pair_pos + 파생 전체,부스팅
CatBoost,23,0.5920701843480107,1.0,1.0,1.0,1.0,1.0,1.0,1.0,1.0,E2 불량 시기 안 (샷 0~60),공정 값 23 + pair_pos + 파생 전체,부스팅
CatBoost,24,0.31390391048897365,0.6081871345029239,0.6666666666666666,0.6666666666666666,0.6666666666666666,0.6666666666666666,0.6666666666666666,0.6666666666666666,0.7424242424242424,E2 불량 시기 안 (샷 0~60),공정 값 23 + pair_pos + 파생 전체,부스팅
CatBoost,25,0.13497543169364543,0.8214285714285714,0.75,0.75,0.75,0.75,0.75,0.75,0.875,E2 불량 시기 안 (샷 0~60),공정 값 23 + pair_pos + 파생 전체,부스팅
CatBoost,26,0.0931828620461257,1.0,1.0,1.0,1.0,0.75,1.0,0.6,1.0,E2 불량 시기 안 (샷 0~60),공정 값 23 + pair_pos + 파생 전체,부스팅
CatBoost,27,0.5489071624332634,0.95,0.75,1.0,1.0,0.75,0.75,0.75,0.9874999999999999,E2 불량 시기 안 (샷 0~60),공정 값 23 + pair_pos + 파생 전체,부스팅
CatBoost,28,0.7850659862018772,0.6464646464646464,0.6666666666666666,0.6666666666666666,0.6666666666666666,0.4,0.3333333333333333,0.5,0.8695652173913044,E2 불량 시기 안 (샷 0~60),공정 값 23 + pair_pos + 파생 전체,부스팅
CatBoost,29,0.5693261491077578,1.0,1.0,1.0,1.0,1.0,1.0,1.0,1.0,E2 불량 시기 안 (샷 0~60),공정 값 23 + pair_pos + 파생 전체,부스팅
CatBoost,30,0.049979257838532895,0.8214285714285714,0.75,0.75,0.75,0.6,0.75,0.5,0.875,E2 불량 시기 안 (샷 0~60),공정 값 23 + pair_pos + 파생 전체,부스팅
CatBoost,31,0.7306010815521581,1.0,1.0,1.0,1.0,1.0,1.0,1.0,1.0,E2 불량 시기 안 (샷 0~60),공정 값 23 + pair_pos + 파생 전체,부스팅
CatBoost,32,0.56119656905209,0.8055555555555556,0.6666666666666666,1.0,1.0,0.4,0.3333333333333333,0.5,0.9710144927536232,E2 불량 시기 안 (샷 0~60),공정 값 23 + pair_pos + 파생 전체,부스팅
CatBoost,33,0.33384714459378106,0.9166666666666666,0.75,0.75,1.0,0.75,0.75,0.75,0.9750000000000001,E2 불량 시기 안 (샷 0~60),공정 값 23 + pair_pos + 파생 전체,부스팅
CatBoost,34,0.8410837904872426,0.6081871345029239,0.6666666666666666,0.6666666666666666,0.6666666666666666,0.4,0.3333333333333333,0.5,0.7424242424242424,E2 불량 시기 안 (샷 0~60),공정 값 23 + pair_pos + 파생 전체,부스팅
CatBoost,35,0.4025345295316351,0.8333333333333333,0.75,0.75,0.75,0.8571428571428571,0.75,1.0,0.9,E2 불량 시기 안 (샷 0~60),공정 값 23 + pair_pos + 파생 전체,부스팅
CatBoost,36,0.29456603455352987,1.0,1.0,1.0,1.0,0.8571428571428571,1.0,0.75,1.0,E2 불량 시기 안 (샷 0~60),공정 값 23 + pair_pos + 파생 전체,부스팅
CatBoost,37,0.3499088690016573,1.0,0.75,1.0,1.0,1.0,1.0,1.0,1.0,E2 불량 시기 안 (샷 0~60),공정 값 23 + pair_pos + 파생 전체,부스팅
CatBoost,38,0.8122310341156975,0.6333333333333333,0.3333333333333333,0.6666666666666666,1.0,0.4,0.3333333333333333,0.5,0.894736842105263,E2 불량 시기 안 (샷 0~60),공정 값 23 + pair_pos + 파생 전체,부스팅
CatBoost,39,0.7608481682683252,0.6143790849673203,0.6666666666666666,0.6666666666666666,0.6666666666666666,0.6666666666666666,0.6666666666666666,0.6666666666666666,0.7727272727272727,E2 불량 시기 안 (샷 0~60),공정 값 23 + pair_pos + 파생 전체,부스팅
CatBoost,40,0.5099859468707664,0.95,0.75,1.0,1.0,0.8,1.0,0.6666666666666666,0.9874999999999999,E2 불량 시기 안 (샷 0~60),공정 값 23 + pair_pos + 파생 전체,부스팅
CatBoost,41,0.5738718625410943,1.0,1.0,1.0,1.0,0.8,0.6666666666666666,1.0,1.0,E2 불량 시기 안 (샷 0~60),공정 값 23 + pair_pos + 파생 전체,부스팅
CatBoost,42,0.37190745799483016,0.7435897435897436,0.6666666666666666,0.6666666666666666,0.6666666666666666,0.5,0.3333333333333333,1.0,0.855072463768116,E2 불량 시기 안 (샷 0~60),공정 값 23 + pair_pos + 파생 전체,부스팅
CatBoost,43,0.06306206256298405,1.0,0.75,1.0,1.0,0.8888888888888888,1.0,0.8,1.0,E2 불량 시기 안 (샷 0~60),공정 값 23 + pair_pos + 파생 전체,부스팅
CatBoost,44,0.6401606824481373,0.7777777777777777,0.6666666666666666,0.6666666666666666,0.6666666666666666,0.5,0.3333333333333333,1.0,0.9090909090909091,E2 불량 시기 안 (샷 0~60),공정 값 23 + pair_pos + 파생 전체,부스팅
CatBoost,45,0.3597776998376805,0.44047619047619047,0.25,0.5,1.0,0.0,0.0,0.0,0.8500000000000001,E2 불량 시기 안 (샷 0~60),공정 값 23 + pair_pos + 파생 전체,부스팅
CatBoost,46,0.4216851707004473,0.7916666666666666,0.6666666666666666,0.6666666666666666,0.6666666666666666,0.6666666666666666,0.6666666666666666,0.6666666666666666,0.912280701754386,E2 불량 시기 안 (샷 0~60),공정 값 23 + pair_pos + 파생 전체,부스팅
CatBoost,47,0.8043571892404688,0.8055555555555556,0.6666666666666666,1.0,1.0,0.0,0.0,0.0,0.9710144927536232,E2 불량 시기 안 (샷 0~60),공정 값 23 + pair_pos + 파생 전체,부스팅
CatBoost,48,0.5258940281811431,0.8055555555555556,0.75,0.75,0.75,0.6,0.75,0.5,0.825,E2 불량 시기 안 (샷 0~60),공정 값 23 + pair_pos + 파생 전체,부스팅
CatBoost,49,0.6699721902476643,1.0,1.0,1.0,1.0,0.5,0.3333333333333333,1.0,1.0,E2 불량 시기 안 (샷 0~60),공정 값 23 + pair_pos + 파생 전체,부스팅
[기준] 무작위,0,0.6643135403273875,0.05466269841269841,0.25,0.25,0.25,0.025,0.25,0.013157894736842105,0.7027310924369747,E1 전체 기간,-,기준선
[기준] 쌍 순서 규칙,0,1.0,0.022374817695673312,0.0,0.0,0.5,0.048,0.75,0.024793388429752067,0.5472689075630252,E1 전체 기간,-,기준선
[기준] 샷 순서,0,-59.0,0.10156430525995744,0.75,1.0,1.0,0.14285714285714285,0.5,0.08333333333333333,0.9096638655462185,E1 전체 기간,-,기준선
[기준] 무작위,1,0.9932259937973317,0.04921459921459922,0.3333333333333333,0.6666666666666666,0.6666666666666666,0.0,0.0,0.0,0.6901798063623789,E1 전체 기간,-,기준선
[기준] 쌍 순서 규칙,1,1.0,0.14263038548752832,0.6666666666666666,1.0,1.0,0.048,1.0,0.02459016393442623,0.91701244813278,E1 전체 기간,-,기준선
[기준] 샷 순서,1,-60.0,0.08481514228640666,0.3333333333333333,1.0,1.0,0.18181818181818182,1.0,0.1,0.9128630705394191,E1 전체 기간,-,기준선
[기준] 무작위,2,0.8240788630127213,0.013384094754653129,0.0,0.0,0.3333333333333333,0.0,0.0,0.0,0.33888888888888885,E1 전체 기간,-,기준선
[기준] 쌍 순서 규칙,2,1.0,0.12040816326530612,0.3333333333333333,1.0,1.0,0.048,1.0,0.02459016393442623,0.8791666666666667,E1 전체 기간,-,기준선
[기준] 샷 순서,2,-60.0,0.10231461005454814,1.0,1.0,1.0,0.25,1.0,0.14285714285714285,0.9291666666666667,E1 전체 기간,-,기준선
[기준] 무작위,3,0.0763593569640022,0.03408487390363723,0.25,0.25,0.5,0.03524229074889868,1.0,0.017937219730941704,0.6302521008403361,E1 전체 기간,-,기준선
[기준] 쌍 순서 규칙,3,1.0,0.020120373404450297,0.0,0.0,0.25,0.032,0.5,0.01652892561983471,0.4936974789915966,E1 전체 기간,-,기준선
[기준] 샷 순서,3,-60.0,0.15870098039215685,1.0,1.0,1.0,0.36363636363636365,1.0,0.2222222222222222,0.9474789915966386,E1 전체 기간,-,기준선
[기준] 무작위,4,0.35344914330266475,0.008717919021384832,0.0,0.0,0.0,0.0,0.0,0.0,0.057665260196905765,E1 전체 기간,-,기준선
[기준] 쌍 순서 규칙,4,1.0,0.015728415376116998,0.0,0.0,0.0,0.032520325203252036,0.6666666666666666,0.016666666666666666,0.4430379746835443,E1 전체 기간,-,기준선
[기준] 샷 순서,4,-60.0,0.07962095875139354,0.3333333333333333,1.0,1.0,0.20689655172413793,1.0,0.11538461538461539,0.9043600562587903,E1 전체 기간,-,기준선
[기준] 무작위,5,0.8748320706135237,0.022939426828943715,0.0,0.25,0.25,0.0,0.0,0.0,0.5021008403361344,E1 전체 기간,-,기준선
[기준] 쌍 순서 규칙,5,1.0,0.023322772699520027,0.0,0.0,0.5,0.048,0.75,0.024793388429752067,0.5430672268907563,E1 전체 기간,-,기준선
[기준] 샷 순서,5,-60.0,0.10950263504611331,1.0,1.0,1.0,0.2857142857142857,1.0,0.16666666666666666,0.917016806722689,E1 전체 기간,-,기준선
[기준] 무작위,6,0.7854573453677005,0.02437330457234369,0.0,0.3333333333333333,0.6666666666666666,0.06666666666666667,0.6666666666666666,0.03508771929824561,0.6019690576652602,E1 전체 기간,-,기준선
[기준] 쌍 순서 규칙,6,1.0,0.02490550880381389,0.0,0.3333333333333333,0.6666666666666666,0.032520325203252036,0.6666666666666666,0.016666666666666666,0.5443037974683544,E1 전체 기간,-,기준선
[기준] 샷 순서,6,-60.0,0.13075396825396823,1.0,1.0,1.0,0.3157894736842105,1.0,0.1875,0.9451476793248945,E1 전체 기간,-,기준선
[기준] 무작위,7,0.9230269712536513,0.045042034989912876,0.3333333333333333,0.3333333333333333,0.6666666666666666,0.09090909090909091,0.3333333333333333,0.05263157894736842,0.7012448132780082,E1 전체 기간,-,기준선
[기준] 쌍 순서 규칙,7,1.0,0.02488760134690269,0.0,0.0,0.6666666666666666,0.048,1.0,0.02459016393442623,0.6860304287690179,E1 전체 기간,-,기준선
[기준] 샷 순서,7,-60.0,0.09906078327130959,1.0,1.0,1.0,0.24,1.0,0.13636363636363635,0.9266943291839558,E1 전체 기간,-,기준선
[기준] 무작위,8,0.9530023307267167,0.27865326506630855,0.25,0.5,0.5,0.16666666666666666,0.25,0.125,0.713235294117647,E1 전체 기간,-,기준선
[기준] 쌍 순서 규칙,8,1.0,0.021789632022232924,0.0,0.0,0.5,0.032,0.5,0.01652892561983471,0.5357142857142857,E1 전체 기간,-,기준선
[기준] 샷 순서,8,-59.0,0.11475155279503105,1.0,1.0,1.0,0.15384615384615385,0.5,0.09090909090909091,0.9233193277310924,E1 전체 기간,-,기준선
[기준] 무작위,9,0.8148432599076612,0.013650740866470067,0.0,0.0,0.3333333333333333,0.0,0.0,0.0,0.3361111111111111,E1 전체 기간,-,기준선
[기준] 쌍 순서 규칙,9,1.0,0.07051282051282051,0.6666666666666666,0.6666666666666666,0.6666666666666666,0.048,1.0,0.02459016393442623,0.836111111111111,E1 전체 기간,-,기준선
[기준] 샷 순서,9,-60.0,0.0724673202614379,0.3333333333333333,1.0,1.0,0.15789473684210525,1.0,0.08571428571428572,0.8958333333333334,E1 전체 기간,-,기준선
[기준] 무작위,10,0.9446507406508987,0.10007763975155279,0.5,0.5,0.5,0.16666666666666666,0.5,0.1,0.7247899159663866,E1 전체 기간,-,기준선
[기준] 쌍 순서 규칙,10,1.0,0.3594193817878028,0.75,0.75,0.75,0.048,0.75,0.024793388429752067,0.8046218487394957,E1 전체 기간,-,기준선
[기준] 샷 순서,10,-59.0,0.12831795397584872,1.0,1.0,1.0,0.16666666666666666,0.5,0.1,0.9327731092436975,E1 전체 기간,-,기준선
[기준] 무작위,11,0.7680913546267399,0.026350312488521096,0.0,0.3333333333333333,0.3333333333333333,0.03773584905660377,0.3333333333333333,0.02,0.6286919831223629,E1 전체 기간,-,기준선
[기준] 쌍 순서 규칙,11,1.0,0.022381133994406305,0.0,0.3333333333333333,0.6666666666666666,0.032520325203252036,0.6666666666666666,0.016666666666666666,0.5344585091420535,E1 전체 기간,-,기준선
[기준] 샷 순서,11,-60.0,0.06822660098522168,0.0,1.0,1.0,0.18181818181818182,1.0,0.1,0.8860759493670887,E1 전체 기간,-,기준선
[기준] 무작위,12,0.12622384711348544,0.011483772769676437,0.0,0.0,0.0,0.0182648401826484,0.6666666666666666,0.009259259259259259,0.30013831258644535,E1 전체 기간,-,기준선
[기준] 쌍 순서 규칙,12,1.0,0.033936725375081536,0.0,0.3333333333333333,1.0,0.048,1.0,0.02459016393442623,0.7745504840940526,E1 전체 기간,-,기준선
[기준] 샷 순서,12,-60.0,0.11004901960784313,1.0,1.0,1.0,0.2608695652173913,1.0,0.15,0.9349930843706777,E1 전체 기간,-,기준선
[기준] 무작위,13,0.9444466061416191,0.028922115111373423,0.0,0.6666666666666666,0.6666666666666666,0.0,0.0,0.0,0.6541666666666666,E1 전체 기간,-,기준선
[기준] 쌍 순서 규칙,13,1.0,0.13175634053188306,0.3333333333333333,0.3333333333333333,0.6666666666666666,0.048,1.0,0.02459016393442623,0.773611111111111,E1 전체 기간,-,기준선
[기준] 샷 순서,13,-60.0,0.0947444368497,1.0,1.0,1.0,0.23076923076923078,1.0,0.13043478260869565,0.9222222222222223,E1 전체 기간,-,기준선
[기준] 무작위,14,0.9576945240366163,0.0403480167631111,0.25,0.5,0.5,0.0,0.0,0.0,0.6123949579831933,E1 전체 기간,-,기준선
[기준] 쌍 순서 규칙,14,1.0,0.02494936127467502,0.0,0.5,0.5,0.032,0.5,0.01652892561983471,0.46218487394957986,E1 전체 기간,-,기준선
[기준] 샷 순서,14,-60.0,0.10408955778520997,0.75,1.0,1.0,0.26666666666666666,1.0,0.15384615384615385,0.9138655462184874,E1 전체 기간,-,기준선
[기준] 무작위,15,0.08639240811607041,0.016296545856752248,0.0,0.0,0.0,0.035555555555555556,1.0,0.01809954751131222,0.3970588235294118,E1 전체 기간,-,기준선
[기준] 쌍 순서 규칙,15,1.0,0.02646569676868677,0.0,0.25,0.5,0.032,0.5,0.01652892561983471,0.5588235294117647,E1 전체 기간,-,기준선
[기준] 샷 순서,15,-59.0,0.08996735791090629,0.25,1.0,1.0,0.11764705882352941,0.5,0.06666666666666667,0.8991596638655461,E1 전체 기간,-,기준선
[기준] 무작위,16,0.9877320302169007,0.011514286605527481,0.0,0.0,0.0,0.0,0.0,0.0,0.3037974683544304,E1 전체 기간,-,기준선
[기준] 쌍 순서 규칙,16,1.0,0.03333906662080037,0.0,0.6666666666666666,0.6666666666666666,0.032520325203252036,0.6666666666666666,0.016666666666666666,0.6891701828410688,E1 전체 기간,-,기준선
[기준] 샷 순서,16,-60.0,0.09386724386724386,1.0,1.0,1.0,0.24,1.0,0.13636363636363635,0.919831223628692,E1 전체 기간,-,기준선
[기준] 무작위,17,0.9988341179439423,0.016309944054609053,0.0,0.0,0.0,0.0,0.0,0.0,0.5186721991701245,E1 전체 기간,-,기준선
[기준] 쌍 순서 규칙,17,1.0,0.14563492063492062,0.6666666666666666,0.6666666666666666,1.0,0.048,1.0,0.02459016393442623,0.904564315352697,E1 전체 기간,-,기준선
[기준] 샷 순서,17,-60.0,0.09947089947089947,1.0,1.0,1.0,0.24,1.0,0.13636363636363635,0.9266943291839558,E1 전체 기간,-,기준선
[기준] 무작위,18,0.9535322364138585,0.01799037716127324,0.0,0.25,0.25,0.0,0.0,0.0,0.39390756302521013,E1 전체 기간,-,기준선
[기준] 쌍 순서 규칙,18,1.0,0.022936725110638153,0.0,0.25,0.25,0.048,0.75,0.024793388429752067,0.5472689075630253,E1 전체 기간,-,기준선
[기준] 샷 순서,18,-60.0,0.12219050299545656,1.0,1.0,1.0,0.3076923076923077,1.0,0.18181818181818182,0.9275210084033614,E1 전체 기간,-,기준선
[기준] 무작위,19,0.16750077745849634,0.013559588831567661,0.0,0.0,0.3333333333333333,0.028037383177570093,1.0,0.014218009478672985,0.37777777777777777,E1 전체 기간,-,기준선
[기준] 쌍 순서 규칙,19,1.0,0.03006568144499179,0.0,0.0,0.6666666666666666,0.048,1.0,0.02459016393442623,0.7402777777777778,E1 전체 기간,-,기준선
[기준] 샷 순서,19,-60.0,0.09374281113411548,1.0,1.0,1.0,0.23076923076923078,1.0,0.13043478260869565,0.9222222222222222,E1 전체 기간,-,기준선
[기준] 무작위,20,0.8813289058490845,0.026308491146705602,0.0,0.3333333333333333,0.6666666666666666,0.0,0.0,0.0,0.623789764868603,E1 전체 기간,-,기준선
[기준] 쌍 순서 규칙,20,1.0,0.04284146437063942,0.3333333333333333,0.6666666666666666,1.0,0.048,1.0,0.02459016393442623,0.8118948824343015,E1 전체 기간,-,기준선
[기준] 샷 순서,20,-60.0,0.11744639376218324,1.0,1.0,1.0,0.2608695652173913,1.0,0.15,0.9405255878284924,E1 전체 기간,-,기준선
[기준] 무작위,21,0.7147583733837694,0.30546448087431693,0.6666666666666666,0.6666666666666666,0.6666666666666666,0.05333333333333334,0.6666666666666666,0.027777777777777776,0.7444444444444445,E1 전체 기간,-,기준선
[기준] 쌍 순서 규칙,21,1.0,0.0260514563467882,0.0,0.3333333333333333,0.6666666666666666,0.048,1.0,0.02459016393442623,0.6958333333333334,E1 전체 기간,-,기준선
[기준] 샷 순서,21,-60.0,0.10354010025062657,1.0,1.0,1.0,0.25,1.0,0.14285714285714285,0.9305555555555556,E1 전체 기간,-,기준선
[기준] 무작위,22,0.6167738550072687,0.026593191830901575,0.0,0.25,0.25,0.041666666666666664,0.5,0.021739130434782608,0.5304621848739496,E1 전체 기간,-,기준선
[기준] 쌍 순서 규칙,22,1.0,0.04468587318524267,0.25,0.25,0.5,0.032,0.5,0.01652892561983471,0.513655462184874,E1 전체 기간,-,기준선
[기준] 샷 순서,22,-59.0,0.09390873015873016,0.5,1.0,1.0,0.13333333333333333,0.5,0.07692307692307693,0.9012605042016807,E1 전체 기간,-,기준선
[기준] 무작위,23,0.8069587022149035,0.02590949762376344,0.0,0.0,0.5,0.034482758620689655,0.25,0.018518518518518517,0.615546218487395,E1 전체 기간,-,기준선
[기준] 쌍 순서 규칙,23,1.0,0.0946979517759917,0.5,0.5,0.75,0.048,0.75,0.024793388429752067,0.690126050420168,E1 전체 기간,-,기준선
[기준] 샷 순서,23,-60.0,0.12219050299545656,1.0,1.0,1.0,0.3076923076923077,1.0,0.18181818181818182,0.9275210084033614,E1 전체 기간,-,기준선
[기준] 무작위,24,0.9898897665298562,0.016943303133862882,0.0,0.0,0.0,0.0,0.0,0.0,0.5316455696202531,E1 전체 기간,-,기준선
[기준] 쌍 순서 규칙,24,1.0,0.02181818181818182,0.0,0.0,0.3333333333333333,0.032520325203252036,0.6666666666666666,0.016666666666666666,0.6132208157524613,E1 전체 기간,-,기준선
[기준] 샷 순서,24,-60.0,0.06914235190097259,0.0,1.0,1.0,0.18181818181818182,1.0,0.1,0.888888888888889,E1 전체 기간,-,기준선
[기준] 무작위,25,0.9843122691557108,0.03888130300032189,0.0,0.5,0.75,0.0,0.0,0.0,0.7478991596638656,E1 전체 기간,-,기준선
[기준] 쌍 순서 규칙,25,1.0,0.02481346473170273,0.0,0.25,0.25,0.032,0.5,0.01652892561983471,0.5798319327731092,E1 전체 기간,-,기준선
[기준] 샷 순서,25,-59.0,0.11366930171277997,1.0,1.0,1.0,0.15384615384615385,0.5,0.09090909090909091,0.9222689075630252,E1 전체 기간,-,기준선
[기준] 무작위,26,0.858066135848423,0.010726101609700812,0.0,0.0,0.0,0.0,0.0,0.0,0.24343015214384506,E1 전체 기간,-,기준선
[기준] 쌍 순서 규칙,26,1.0,0.027462922401620182,0.0,0.0,0.6666666666666666,0.048,1.0,0.02459016393442623,0.7164591977869986,E1 전체 기간,-,기준선
[기준] 샷 순서,26,-60.0,0.08516483516483517,0.3333333333333333,1.0,1.0,0.1935483870967742,1.0,0.10714285714285714,0.9142461964038727,E1 전체 기간,-,기준선
[기준] 무작위,27,0.7471610983171133,0.023984350132970605,0.0,0.0,0.25,0.03225806451612903,0.25,0.017241379310344827,0.5903361344537815,E1 전체 기간,-,기준선
[기준] 쌍 순서 규칙,27,1.0,0.050767490920162674,0.0,0.5,0.75,0.048,0.75,0.024793388429752067,0.7647058823529411,E1 전체 기간,-,기준선
[기준] 샷 순서,27,-60.0,0.1328764619883041,1.0,1.0,1.0,0.3333333333333333,1.0,0.2,0.9338235294117647,E1 전체 기간,-,기준선
[기준] 무작위,28,0.998715939950859,0.03446938732733865,0.3333333333333333,0.3333333333333333,0.6666666666666666,0.0,0.0,0.0,0.6666666666666665,E1 전체 기간,-,기준선
[기준] 쌍 순서 규칙,28,1.0,0.016377365891928997,0.0,0.0,0.3333333333333333,0.032520325203252036,0.6666666666666666,0.016666666666666666,0.48101265822784806,E1 전체 기간,-,기준선
[기준] 샷 순서,28,-60.0,0.10360623781676413,1.0,1.0,1.0,0.2608695652173913,1.0,0.15,0.9282700421940928,E1 전체 기간,-,기준선
[기준] 무작위,29,0.8814650524064219,0.013362135814777888,0.0,0.0,0.0,0.0,0.0,0.0,0.3902777777777777,E1 전체 기간,-,기준선
[기준] 쌍 순서 규칙,29,1.0,0.0756565584151791,0.3333333333333333,1.0,1.0,0.048,1.0,0.02459016393442623,0.8986111111111112,E1 전체 기간,-,기준선
[기준] 샷 순서,29,-60.0,0.07524420024420025,0.3333333333333333,1.0,1.0,0.1875,1.0,0.10344827586206896,0.9,E1 전체 기간,-,기준선
[기준] 무작위,30,0.35110726350820565,0.022167233034946263,0.0,0.0,0.0,0.05063291139240506,1.0,0.025974025974025976,0.5588235294117647,E1 전체 기간,-,기준선
[기준] 쌍 순서 규칙,30,1.0,0.05276114277379345,0.25,0.25,0.25,0.048,0.75,0.024793388429752067,0.5619747899159664,E1 전체 기간,-,기준선
[기준] 샷 순서,30,-59.0,0.08666792977137805,0.0,1.0,1.0,0.125,0.5,0.07142857142857142,0.8918067226890756,E1 전체 기간,-,기준선
[기준] 무작위,31,0.1458009311749402,0.10261707988980716,0.3333333333333333,0.6666666666666666,0.6666666666666666,0.019138755980861243,0.6666666666666666,0.009708737864077669,0.607192254495159,E1 전체 기간,-,기준선
[기준] 쌍 순서 규칙,31,1.0,0.18220245937637242,0.3333333333333333,0.3333333333333333,0.6666666666666666,0.032,0.6666666666666666,0.01639344262295082,0.6597510373443983,E1 전체 기간,-,기준선
[기준] 샷 순서,31,-60.0,0.08951355661881978,1.0,1.0,1.0,0.2222222222222222,1.0,0.125,0.9183955739972337,E1 전체 기간,-,기준선
[기준] 무작위,32,0.9188940152150024,0.01606873899913472,0.0,0.25,0.25,0.0,0.0,0.0,0.3046218487394958,E1 전체 기간,-,기준선
[기준] 쌍 순서 규칙,32,1.0,0.019835097332286236,0.0,0.0,0.0,0.048,0.75,0.024793388429752067,0.48844537815126055,E1 전체 기간,-,기준선
[기준] 샷 순서,32,-60.0,0.10805781175346393,0.75,1.0,1.0,0.26666666666666666,1.0,0.15384615384615385,0.9180672268907563,E1 전체 기간,-,기준선
[기준] 무작위,33,0.7761274287164415,0.041666666666666664,0.3333333333333333,0.6666666666666666,0.6666666666666666,0.06557377049180328,0.6666666666666666,0.034482758620689655,0.5921237693389592,E1 전체 기간,-,기준선
[기준] 쌍 순서 규칙,33,1.0,0.022139928957916402,0.0,0.3333333333333333,0.3333333333333333,0.032520325203252036,0.6666666666666666,0.016666666666666666,0.580872011251758,E1 전체 기간,-,기준선
[기준] 샷 순서,33,-60.0,0.11699346405228758,1.0,1.0,1.0,0.2857142857142857,1.0,0.16666666666666666,0.9381153305203938,E1 전체 기간,-,기준선
[기준] 무작위,34,0.5096897866002861,0.009618301842702348,0.0,0.0,0.0,0.0,0.0,0.0,0.17222222222222225,E1 전체 기간,-,기준선
[기준] 쌍 순서 규칙,34,1.0,0.030998061656604566,0.0,0.6666666666666666,0.6666666666666666,0.048,1.0,0.02459016393442623,0.7263888888888889,E1 전체 기간,-,기준선
[기준] 샷 순서,34,-60.0,0.09571909571909572,1.0,1.0,1.0,0.23076923076923078,1.0,0.13043478260869565,0.9236111111111112,E1 전체 기간,-,기준선
[기준] 무작위,35,0.9931461831666027,0.009540003698606483,0.0,0.0,0.0,0.0,0.0,0.0,0.1715076071922545,E1 전체 기간,-,기준선
[기준] 쌍 순서 규칙,35,1.0,0.03220042368978539,0.0,0.3333333333333333,0.6666666666666666,0.048,1.0,0.02459016393442623,0.7607192254495159,E1 전체 기간,-,기준선
[기준] 샷 순서,35,-60.0,0.08365079365079364,1.0,1.0,1.0,0.20689655172413793,1.0,0.11538461538461539,0.9114799446749654,E1 전체 기간,-,기준선
[기준] 무작위,36,0.959296894751572,0.014793643617983531,0.0,0.0,0.25,0.0,0.0,0.0,0.319327731092437,E1 전체 기간,-,기준선
[기준] 쌍 순서 규칙,36,1.0,0.018818777060178746,0.0,0.0,0.0,0.032,0.5,0.01652892561983471,0.476890756302521,E1 전체 기간,-,기준선
[기준] 샷 순서,36,-60.0,0.16663748832866482,1.0,1.0,1.0,0.36363636363636365,1.0,0.2222222222222222,0.9495798319327731,E1 전체 기간,-,기준선
[기준] 무작위,37,0.0062513684496235955,0.01430530358123206,0.0,0.0,0.0,0.03278688524590164,1.0,0.016666666666666666,0.3067226890756303,E1 전체 기간,-,기준선
[기준] 쌍 순서 규칙,37,1.0,0.2738154521477711,0.25,0.5,0.5,0.048,0.75,0.024793388429752067,0.6565126050420168,E1 전체 기간,-,기준선
[기준] 샷 순서,37,-60.0,0.10156430525995744,0.75,1.0,1.0,0.26666666666666666,1.0,0.15384615384615385,0.9096638655462185,E1 전체 기간,-,기준선
[기준] 무작위,38,0.9531968643841884,0.01067548538570667,0.0,0.0,0.0,0.0,0.0,0.0,0.2461322081575246,E1 전체 기간,-,기준선
[기준] 쌍 순서 규칙,38,1.0,0.0256346994852742,0.3333333333333333,0.3333333333333333,0.3333333333333333,0.032520325203252036,0.6666666666666666,0.016666666666666666,0.4992967651195499,E1 전체 기간,-,기준선
[기준] 샷 순서,38,-59.0,0.0732261565594899,0.0,1.0,1.0,0.06896551724137931,0.3333333333333333,0.038461538461538464,0.8945147679324894,E1 전체 기간,-,기준선
[기준] 무작위,39,0.9687850586253274,0.014961331841238792,0.0,0.0,0.0,0.0,0.0,0.0,0.46805555555555556,E1 전체 기간,-,기준선
[기준] 쌍 순서 규칙,39,1.0,0.03883090526926143,0.3333333333333333,0.3333333333333333,1.0,0.048,1.0,0.02459016393442623,0.7777777777777777,E1 전체 기간,-,기준선
[기준] 샷 순서,39,-60.0,0.11423761423761424,1.0,1.0,1.0,0.23076923076923078,1.0,0.13043478260869565,0.9361111111111111,E1 전체 기간,-,기준선
[기준] 무작위,40,0.6104187294293155,0.030419769897732322,0.25,0.25,0.25,0.05660377358490566,0.75,0.029411764705882353,0.6207983193277311,E1 전체 기간,-,기준선
[기준] 쌍 순서 규칙,40,1.0,0.07492414037092977,0.5,0.75,0.75,0.048,0.75,0.024793388429752067,0.7962184873949579,E1 전체 기간,-,기준선
[기준] 샷 순서,40,-60.0,0.09313949938949939,0.25,1.0,1.0,0.25,1.0,0.14285714285714285,0.9002100840336135,E1 전체 기간,-,기준선
[기준] 무작위,41,0.19205085089354512,0.3516169154228856,0.3333333333333333,0.3333333333333333,0.6666666666666666,0.03125,1.0,0.015873015873015872,0.7440225035161745,E1 전체 기간,-,기준선
[기준] 쌍 순서 규칙,41,1.0,0.017443667045691242,0.0,0.0,0.3333333333333333,0.016260162601626018,0.3333333333333333,0.008333333333333333,0.5344585091420535,E1 전체 기간,-,기준선
[기준] 샷 순서,41,-60.0,0.09026001705029839,1.0,1.0,1.0,0.2222222222222222,1.0,0.125,0.9184247538677918,E1 전체 기간,-,기준선
[기준] 무작위,42,0.908980114404364,0.021049783549783548,0.0,0.0,0.3333333333333333,0.0,0.0,0.0,0.6251728907330567,E1 전체 기간,-,기준선
[기준] 쌍 순서 규칙,42,1.0,0.0418600223697675,0.3333333333333333,0.3333333333333333,1.0,0.048,1.0,0.02459016393442623,0.8091286307053942,E1 전체 기간,-,기준선
[기준] 샷 순서,42,-60.0,0.0791256157635468,0.3333333333333333,1.0,1.0,0.18181818181818182,1.0,0.1,0.9073305670816043,E1 전체 기간,-,기준선
[기준] 무작위,43,0.895781033812348,0.016521236163768892,0.0,0.0,0.0,0.0,0.0,0.0,0.40756302521008403,E1 전체 기간,-,기준선
[기준] 쌍 순서 규칙,43,1.0,0.03956242659613068,0.25,0.25,0.5,0.048,0.75,0.024793388429752067,0.5766806722689075,E1 전체 기간,-,기준선
[기준] 샷 순서,43,-59.0,0.1011996336996337,0.75,1.0,1.0,0.14285714285714285,0.5,0.08333333333333333,0.9096638655462185,E1 전체 기간,-,기준선
[기준] 무작위,44,0.9866766948734939,0.010851984818754847,0.0,0.0,0.0,0.0,0.0,0.0,0.2666666666666666,E1 전체 기간,-,기준선
[기준] 쌍 순서 규칙,44,1.0,0.04813908685837204,0.3333333333333333,0.6666666666666666,0.6666666666666666,0.048,1.0,0.02459016393442623,0.8166666666666667,E1 전체 기간,-,기준선
[기준] 샷 순서,44,-60.0,0.18097643097643099,1.0,1.0,1.0,0.375,1.0,0.23076923076923078,0.9638888888888889,E1 전체 기간,-,기준선
[기준] 무작위,45,0.8903813021061991,0.03476536682088566,0.0,0.0,0.75,0.0,0.0,0.0,0.7226890756302521,E1 전체 기간,-,기준선
[기준] 쌍 순서 규칙,45,1.0,0.020885416810982205,0.0,0.0,0.25,0.048,0.75,0.024793388429752067,0.5042016806722689,E1 전체 기간,-,기준선
[기준] 샷 순서,45,-59.0,0.08666792977137805,0.0,1.0,1.0,0.125,0.5,0.07142857142857142,0.8918067226890756,E1 전체 기간,-,기준선
[기준] 무작위,46,0.8922858083154716,0.17328042328042326,0.6666666666666666,0.6666666666666666,1.0,0.12903225806451613,0.6666666666666666,0.07142857142857142,0.9031811894882433,E1 전체 기간,-,기준선
[기준] 쌍 순서 규칙,46,1.0,0.02329365686874872,0.0,0.0,0.6666666666666666,0.048,1.0,0.02459016393442623,0.6625172890733056,E1 전체 기간,-,기준선
[기준] 샷 순서,46,-60.0,0.126131221719457,1.0,1.0,1.0,0.2857142857142857,1.0,0.16666666666666666,0.9446749654218534,E1 전체 기간,-,기준선
[기준] 무작위,47,0.1909924898573473,0.024449457813428402,0.0,0.0,0.6666666666666666,0.03015075376884422,1.0,0.015306122448979591,0.6680555555555555,E1 전체 기간,-,기준선
[기준] 쌍 순서 규칙,47,1.0,0.024461072829935877,0.0,0.3333333333333333,0.3333333333333333,0.032,0.6666666666666666,0.01639344262295082,0.6124999999999999,E1 전체 기간,-,기준선
[기준] 샷 순서,47,-60.0,0.07650682650682651,0.3333333333333333,1.0,1.0,0.1875,1.0,0.10344827586206896,0.9027777777777778,E1 전체 기간,-,기준선
[기준] 무작위,48,0.9641816379259521,0.11717644610903039,0.5,0.5,0.5,0.2222222222222222,0.25,0.2,0.5724789915966386,E1 전체 기간,-,기준선
[기준] 쌍 순서 규칙,48,1.0,0.024246865498687698,0.0,0.25,0.25,0.048,0.75,0.024793388429752067,0.5819327731092436,E1 전체 기간,-,기준선
[기준] 샷 순서,48,-60.0,0.17873931623931624,1.0,1.0,1.0,0.4,1.0,0.25,0.9548319327731092,E1 전체 기간,-,기준선
[기준] 무작위,49,0.7262012005573615,0.013545332401726989,0.0,0.0,0.0,0.0,0.0,0.0,0.39662447257383965,E1 전체 기간,-,기준선
[기준] 쌍 순서 규칙,49,1.0,0.08432440812349123,0.3333333333333333,0.6666666666666666,0.6666666666666666,0.032520325203252036,0.6666666666666666,0.016666666666666666,0.7158931082981715,E1 전체 기간,-,기준선
[기준] 샷 순서,49,-60.0,0.0737389770723104,0.0,1.0,1.0,0.1935483870967742,1.0,0.10714285714285714,0.8959212376933896,E1 전체 기간,-,기준선
로지스틱 L2,0,0.9082266327330583,0.5555555555555556,0.75,0.75,1.0,0.4,0.5,0.3333333333333333,0.9128151260504201,E1 전체 기간,공정 값 23,선형
로지스틱 L2,1,0.9953016135500096,0.21713900134952765,0.6666666666666666,0.6666666666666666,1.0,0.4,0.3333333333333333,0.5,0.8893499308437067,E1 전체 기간,공정 값 23,선형
로지스틱 L2,2,0.984912804672644,0.22702702702702704,0.6666666666666666,1.0,1.0,0.0,0.0,0.0,0.9263888888888889,E1 전체 기간,공정 값 23,선형
로지스틱 L2,3,0.7985709785490622,0.5892857142857143,0.75,1.0,1.0,0.5,0.5,0.5,0.9632352941176471,E1 전체 기간,공정 값 23,선형
로지스틱 L2,4,0.7874839047353329,0.7575757575757576,1.0,1.0,1.0,0.2857142857142857,1.0,0.16666666666666666,0.9887482419127989,E1 전체 기간,공정 값 23,선형
로지스틱 L2,5,0.9764915221858498,0.6204545454545455,1.0,1.0,1.0,0.6666666666666666,0.5,1.0,0.9737394957983194,E1 전체 기간,공정 값 23,선형
로지스틱 L2,6,0.9898636732905896,0.7916666666666666,1.0,1.0,1.0,0.8,0.6666666666666666,1.0,0.9929676511954993,E1 전체 기간,공정 값 23,선형
로지스틱 L2,7,0.8445664633653603,0.2386759581881533,0.6666666666666666,1.0,1.0,0.4,0.3333333333333333,0.5,0.9294605809128631,E1 전체 기간,공정 값 23,선형
로지스틱 L2,8,0.9212846059205508,0.5645604395604396,0.5,1.0,1.0,0.3333333333333333,0.5,0.25,0.9506302521008404,E1 전체 기간,공정 값 23,선형
로지스틱 L2,9,0.9998321727299588,0.1280246913580247,0.3333333333333333,0.6666666666666666,1.0,0.0,0.0,0.0,0.8958333333333334,E1 전체 기간,공정 값 23,선형
로지스틱 L2,10,0.999789490016531,0.6964285714285714,1.0,1.0,1.0,0.0,0.0,0.0,0.9863445378151261,E1 전체 기간,공정 값 23,선형
로지스틱 L2,11,0.942993111109328,0.6862745098039216,0.6666666666666666,0.6666666666666666,1.0,0.4444444444444444,0.6666666666666666,0.3333333333333333,0.9324894514767933,E1 전체 기간,공정 값 23,선형
로지스틱 L2,12,0.8798023370277778,0.1225716282320056,0.6666666666666666,0.6666666666666666,1.0,0.0,0.0,0.0,0.9031811894882434,E1 전체 기간,공정 값 23,선형
로지스틱 L2,13,0.9984199456563786,0.5666666666666667,1.0,1.0,1.0,0.0,0.0,0.0,0.986111111111111,E1 전체 기간,공정 값 23,선형
로지스틱 L2,14,0.9258595488245017,0.5794314381270903,0.75,1.0,1.0,0.3333333333333333,0.5,0.25,0.9453781512605042,E1 전체 기간,공정 값 23,선형
로지스틱 L2,15,0.9999665213793875,0.68125,0.75,1.0,1.0,0.0,0.0,0.0,0.9684873949579832,E1 전체 기간,공정 값 23,선형
로지스틱 L2,16,0.9904964793481287,0.7291666666666666,1.0,1.0,1.0,0.8,0.6666666666666666,1.0,0.9817158931082982,E1 전체 기간,공정 값 23,선형
로지스틱 L2,17,0.9974757184338703,0.16737891737891736,0.6666666666666666,0.6666666666666666,1.0,0.0,0.0,0.0,0.9073305670816045,E1 전체 기간,공정 값 23,선형
로지스틱 L2,18,0.9953027462232297,0.75,1.0,1.0,1.0,0.5,0.5,0.5,0.9926470588235293,E1 전체 기간,공정 값 23,선형
로지스틱 L2,19,0.9701660944121865,0.03654427710617351,0.0,0.3333333333333333,1.0,0.0,0.0,0.0,0.7902777777777779,E1 전체 기간,공정 값 23,선형
로지스틱 L2,20,0.999665172635932,0.3666666666666667,0.6666666666666666,1.0,1.0,0.0,0.0,0.0,0.95850622406639,E1 전체 기간,공정 값 23,선형
로지스틱 L2,21,0.8955852305968817,0.20833333333333331,1.0,1.0,1.0,0.2857142857142857,0.3333333333333333,0.25,0.9541666666666666,E1 전체 기간,공정 값 23,선형
로지스틱 L2,22,0.4916490913605168,0.6553030303030303,0.75,1.0,1.0,0.2727272727272727,0.75,0.16666666666666666,0.9663865546218487,E1 전체 기간,공정 값 23,선형
로지스틱 L2,23,0.8908834349589672,0.28968253968253965,0.75,1.0,1.0,0.4,0.5,0.3333333333333333,0.9506302521008404,E1 전체 기간,공정 값 23,선형
로지스틱 L2,24,0.9943068856763911,0.689922480620155,0.6666666666666666,1.0,1.0,0.5714285714285714,0.6666666666666666,0.5,0.9437412095639944,E1 전체 기간,공정 값 23,선형
로지스틱 L2,25,0.9998722667332665,0.7351190476190477,1.0,1.0,1.0,0.0,0.0,0.0,0.98109243697479,E1 전체 기간,공정 값 23,선형
로지스틱 L2,26,0.9823943883843828,0.22348484848484848,0.6666666666666666,0.6666666666666666,1.0,0.4,0.3333333333333333,0.5,0.8921161825726142,E1 전체 기간,공정 값 23,선형
로지스틱 L2,27,0.878413390610954,0.599537037037037,0.75,1.0,1.0,0.5,0.5,0.5,0.9663865546218487,E1 전체 기간,공정 값 23,선형
로지스틱 L2,28,0.9352134149217568,0.7222222222222222,1.0,1.0,1.0,0.8,0.6666666666666666,1.0,0.9789029535864979,E1 전체 기간,공정 값 23,선형
로지스틱 L2,29,0.9258099401475091,0.12485380116959063,1.0,1.0,1.0,0.13333333333333333,0.3333333333333333,0.08333333333333333,0.9444444444444444,E1 전체 기간,공정 값 23,선형
로지스틱 L2,30,0.8940836939694169,0.3681077694235589,1.0,1.0,1.0,0.375,0.75,0.25,0.9758403361344538,E1 전체 기간,공정 값 23,선형
로지스틱 L2,31,0.9933473933074681,0.06489603638726446,0.3333333333333333,1.0,1.0,0.0,0.0,0.0,0.8852005532503457,E1 전체 기간,공정 값 23,선형
로지스틱 L2,32,0.9509277839996273,0.8041666666666667,1.0,1.0,1.0,0.8,1.0,0.6666666666666666,0.9968487394957983,E1 전체 기간,공정 값 23,선형
로지스틱 L2,33,0.9807709425428635,0.7777777777777777,1.0,1.0,1.0,0.8,0.6666666666666666,1.0,0.9915611814345991,E1 전체 기간,공정 값 23,선형
로지스틱 L2,34,0.9951919272724996,0.07975357975357976,0.3333333333333333,1.0,1.0,0.0,0.0,0.0,0.9069444444444443,E1 전체 기간,공정 값 23,선형
로지스틱 L2,35,0.9993955692840082,0.37858220211161386,0.3333333333333333,0.6666666666666666,1.0,0.0,0.0,0.0,0.9004149377593361,E1 전체 기간,공정 값 23,선형
로지스틱 L2,36,0.9907723820504788,0.6132478632478633,1.0,1.0,1.0,0.6666666666666666,0.5,1.0,0.9747899159663865,E1 전체 기간,공정 값 23,선형
로지스틱 L2,37,0.9756179051676752,0.6396103896103896,1.0,1.0,1.0,0.5,0.5,0.5,0.98109243697479,E1 전체 기간,공정 값 23,선형
로지스틱 L2,38,0.35668059564709154,0.3547008547008547,1.0,1.0,1.0,0.20689655172413793,1.0,0.11538461538461539,0.980309423347398,E1 전체 기간,공정 값 23,선형
로지스틱 L2,39,0.9935598028719785,0.3994708994708994,0.6666666666666666,0.6666666666666666,1.0,0.0,0.0,0.0,0.9125,E1 전체 기간,공정 값 23,선형
로지스틱 L2,40,0.8497711708968753,0.5397012578616351,0.5,0.75,1.0,0.25,0.5,0.16666666666666666,0.9138655462184875,E1 전체 기간,공정 값 23,선형
로지스틱 L2,41,0.973607425305487,0.712121212121212,1.0,1.0,1.0,0.8,0.6666666666666666,1.0,0.9732770745428974,E1 전체 기간,공정 값 23,선형
로지스틱 L2,42,0.9996837476966851,0.3055555555555556,1.0,1.0,1.0,0.0,0.0,0.0,0.9806362378976486,E1 전체 기간,공정 값 23,선형
로지스틱 L2,43,0.9940251112684291,0.6857142857142857,0.75,1.0,1.0,0.6666666666666666,0.5,1.0,0.9726890756302521,E1 전체 기간,공정 값 23,선형
로지스틱 L2,44,0.9490151372557571,0.18229166666666666,0.6666666666666666,0.6666666666666666,1.0,0.2857142857142857,0.3333333333333333,0.25,0.898611111111111,E1 전체 기간,공정 값 23,선형
로지스틱 L2,45,0.9829478241748054,0.6101190476190477,1.0,1.0,1.0,0.6666666666666666,0.5,1.0,0.9726890756302521,E1 전체 기간,공정 값 23,선형
로지스틱 L2,46,0.9951590473297178,0.25274725274725274,0.6666666666666666,1.0,1.0,0.0,0.0,0.0,0.950207468879668,E1 전체 기간,공정 값 23,선형
로지스틱 L2,47,0.9838959500754864,0.15476190476190474,0.6666666666666666,1.0,1.0,0.0,0.0,0.0,0.9249999999999999,E1 전체 기간,공정 값 23,선형
로지스틱 L2,48,0.9882837778923114,0.7678571428571428,1.0,1.0,1.0,0.6,0.75,0.5,0.9936974789915967,E1 전체 기간,공정 값 23,선형
로지스틱 L2,49,0.9865229345491956,0.6855345911949685,0.6666666666666666,0.6666666666666666,1.0,0.8,0.6666666666666666,1.0,0.929676511954993,E1 전체 기간,공정 값 23,선형
랜덤포레스트,0,0.2743200578913385,0.31076388888888884,1.0,1.0,1.0,0.3333333333333333,1.0,0.2,0.967436974789916,E1 전체 기간,공정 값 23,트리
랜덤포레스트,1,0.42066283907933993,0.15574074074074074,1.0,1.0,1.0,0.0,0.0,0.0,0.950207468879668,E1 전체 기간,공정 값 23,트리
랜덤포레스트,2,0.2979785241119661,0.15000000000000002,1.0,1.0,1.0,0.0,0.0,0.0,0.9458333333333333,E1 전체 기간,공정 값 23,트리
랜덤포레스트,3,0.16894320675516847,0.6322115384615384,0.75,1.0,1.0,0.3333333333333333,0.75,0.21428571428571427,0.9716386554621849,E1 전체 기간,공정 값 23,트리
랜덤포레스트,4,0.6264585406600968,0.34444444444444444,1.0,1.0,1.0,0.0,0.0,0.0,0.9774964838255977,E1 전체 기간,공정 값 23,트리
랜덤포레스트,5,0.49038585455320827,0.7875,1.0,1.0,1.0,0.6666666666666666,0.5,1.0,0.9926470588235294,E1 전체 기간,공정 값 23,트리
랜덤포레스트,6,0.18494351157129865,0.6979166666666666,0.6666666666666666,1.0,1.0,0.19047619047619047,0.6666666666666666,0.1111111111111111,0.9592123769338958,E1 전체 기간,공정 값 23,트리
랜덤포레스트,7,0.6316191773002171,0.20982142857142855,0.6666666666666666,1.0,1.0,0.0,0.0,0.0,0.9488243430152143,E1 전체 기간,공정 값 23,트리
랜덤포레스트,8,0.5267692539464293,0.5801282051282051,0.75,1.0,1.0,0.6666666666666666,0.5,1.0,0.9611344537815126,E1 전체 기간,공정 값 23,트리
랜덤포레스트,9,0.7683076371256455,0.13831908831908832,1.0,1.0,1.0,0.0,0.0,0.0,0.9500000000000001,E1 전체 기간,공정 값 23,트리
랜덤포레스트,10,0.2654659667594036,0.7589285714285714,1.0,1.0,1.0,0.375,0.75,0.25,0.9884453781512605,E1 전체 기간,공정 값 23,트리
랜덤포레스트,11,0.3590809443608095,0.7142857142857143,1.0,1.0,1.0,0.19047619047619047,0.6666666666666666,0.1111111111111111,0.9746835443037976,E1 전체 기간,공정 값 23,트리
랜덤포레스트,12,0.507687240797004,0.1434389140271493,1.0,1.0,1.0,0.0,0.0,0.0,0.9529737206085753,E1 전체 기간,공정 값 23,트리
랜덤포레스트,13,0.35333266995097534,0.11604010025062657,0.6666666666666666,1.0,1.0,0.0,0.0,0.0,0.9305555555555555,E1 전체 기간,공정 값 23,트리
랜덤포레스트,14,0.5703387276327996,0.5995065789473684,1.0,1.0,1.0,0.6666666666666666,0.5,1.0,0.9705882352941176,E1 전체 기간,공정 값 23,트리
랜덤포레스트,15,0.11187339956542704,0.5849282296650717,1.0,1.0,1.0,0.23529411764705882,1.0,0.13333333333333333,0.9642857142857143,E1 전체 기간,공정 값 23,트리
랜덤포레스트,16,0.252592229534579,0.7291666666666666,1.0,1.0,1.0,0.3076923076923077,0.6666666666666666,0.2,0.9817158931082982,E1 전체 기간,공정 값 23,트리
랜덤포레스트,17,0.5716708251042525,0.38888888888888884,1.0,1.0,1.0,0.0,0.0,0.0,0.9847856154910096,E1 전체 기간,공정 값 23,트리
랜덤포레스트,18,0.5229079479610497,0.2912878787878788,1.0,1.0,1.0,0.5,0.5,0.5,0.9590336134453782,E1 전체 기간,공정 값 23,트리
랜덤포레스트,19,0.4721650025246984,0.1357142857142857,0.6666666666666666,1.0,1.0,0.0,0.0,0.0,0.9402777777777778,E1 전체 기간,공정 값 23,트리
랜덤포레스트,20,0.6605698021880747,0.15277777777777776,1.0,1.0,1.0,0.0,0.0,0.0,0.9557399723374826,E1 전체 기간,공정 값 23,트리
랜덤포레스트,21,0.6064374074526329,0.13643790849673204,1.0,1.0,1.0,0.0,0.0,0.0,0.9430555555555555,E1 전체 기간,공정 값 23,트리
랜덤포레스트,22,0.1572083730880223,0.6413690476190477,1.0,1.0,1.0,0.25,1.0,0.14285714285714285,0.9768907563025211,E1 전체 기간,공정 값 23,트리
랜덤포레스트,23,0.25572231529690415,0.6091269841269842,1.0,1.0,1.0,0.3333333333333333,0.5,0.25,0.9737394957983193,E1 전체 기간,공정 값 23,트리
랜덤포레스트,24,0.6975383810910576,0.7777777777777777,1.0,1.0,1.0,0.0,0.0,0.0,0.9915611814345991,E1 전체 기간,공정 값 23,트리
랜덤포레스트,25,0.5434039909652306,0.6413690476190477,1.0,1.0,1.0,0.5,0.5,0.5,0.9768907563025211,E1 전체 기간,공정 값 23,트리
랜덤포레스트,26,0.7414714746547129,0.11560150375939848,0.6666666666666666,1.0,1.0,0.0,0.0,0.0,0.925311203319502,E1 전체 기간,공정 값 23,트리
랜덤포레스트,27,0.38765153854823303,0.6181818181818182,1.0,1.0,1.0,0.3333333333333333,0.5,0.25,0.9747899159663865,E1 전체 기간,공정 값 23,트리
랜덤포레스트,28,0.4568434014770096,0.37777777777777777,1.0,1.0,1.0,0.4444444444444444,0.6666666666666666,0.3333333333333333,0.9845288326300985,E1 전체 기간,공정 값 23,트리
랜덤포레스트,29,0.5561377715472845,0.601010101010101,1.0,1.0,1.0,0.0,0.0,0.0,0.9722222222222223,E1 전체 기간,공정 값 23,트리
랜덤포레스트,30,0.433449783565115,0.740909090909091,1.0,1.0,1.0,0.5,0.75,0.375,0.990546218487395,E1 전체 기간,공정 값 23,트리
랜덤포레스트,31,0.7881613046393056,0.06598806598806599,0.3333333333333333,1.0,1.0,0.0,0.0,0.0,0.8879668049792532,E1 전체 기간,공정 값 23,트리
랜덤포레스트,32,0.20811496420337355,0.5976923076923077,1.0,1.0,1.0,0.3,0.75,0.1875,0.967436974789916,E1 전체 기간,공정 값 23,트리
랜덤포레스트,33,0.39622170785726957,0.21777777777777776,0.6666666666666666,1.0,1.0,0.26666666666666666,0.6666666666666666,0.16666666666666666,0.9578059071729959,E1 전체 기간,공정 값 23,트리
랜덤포레스트,34,0.5308428731930818,0.3119047619047619,1.0,1.0,1.0,0.0,0.0,0.0,0.9680555555555556,E1 전체 기간,공정 값 23,트리
랜덤포레스트,35,0.7687473938291581,0.11081832820963256,1.0,1.0,1.0,0.0,0.0,0.0,0.9363762102351313,E1 전체 기간,공정 값 23,트리
랜덤포레스트,36,0.3099278531485886,0.606203007518797,1.0,1.0,1.0,0.25,0.5,0.16666666666666666,0.9726890756302521,E1 전체 기간,공정 값 23,트리
랜덤포레스트,37,0.48028813927432473,0.8303571428571428,1.0,1.0,1.0,0.6666666666666666,0.5,1.0,0.9957983193277311,E1 전체 기간,공정 값 23,트리
랜덤포레스트,38,0.13166314492578512,0.6952380952380952,0.6666666666666666,1.0,1.0,0.12121212121212122,0.6666666666666666,0.06666666666666667,0.9549929676511955,E1 전체 기간,공정 값 23,트리
랜덤포레스트,39,0.4618344953294376,0.13411371237458194,0.6666666666666666,1.0,1.0,0.0,0.0,0.0,0.9333333333333333,E1 전체 기간,공정 값 23,트리
랜덤포레스트,40,0.3421971635090484,0.6066433566433567,0.75,1.0,1.0,0.3333333333333333,0.75,0.21428571428571427,0.9684873949579832,E1 전체 기간,공정 값 23,트리
랜덤포레스트,41,0.40164174076614384,0.7,0.6666666666666666,1.0,1.0,0.3076923076923077,0.6666666666666666,0.2,0.9620253164556962,E1 전체 기간,공정 값 23,트리
랜덤포레스트,42,0.7880936793555223,0.30757575757575756,1.0,1.0,1.0,0.0,0.0,0.0,0.9806362378976486,E1 전체 기간,공정 값 23,트리
랜덤포레스트,43,0.1848923572741178,0.568287037037037,0.75,1.0,1.0,0.21428571428571427,0.75,0.125,0.9537815126050421,E1 전체 기간,공정 값 23,트리
랜덤포레스트,44,0.7051721077618535,0.31313131313131315,1.0,1.0,1.0,0.0,0.0,0.0,0.9805555555555555,E1 전체 기간,공정 값 23,트리
랜덤포레스트,45,0.15880556872881568,0.7784090909090909,1.0,1.0,1.0,0.21052631578947367,1.0,0.11764705882352941,0.9915966386554622,E1 전체 기간,공정 값 23,트리
랜덤포레스트,46,0.638627200605908,0.1597222222222222,1.0,1.0,1.0,0.0,0.0,0.0,0.95850622406639,E1 전체 기간,공정 값 23,트리
랜덤포레스트,47,0.6409994552378296,0.09682539682539683,0.6666666666666666,1.0,1.0,0.0,0.0,0.0,0.925,E1 전체 기간,공정 값 23,트리
랜덤포레스트,48,0.5741333371949183,0.5779352226720648,0.75,1.0,1.0,0.6666666666666666,0.5,1.0,0.9600840336134454,E1 전체 기간,공정 값 23,트리
랜덤포레스트,49,0.36016130039124933,0.7254901960784313,1.0,1.0,1.0,0.23529411764705882,0.6666666666666666,0.14285714285714285,0.9803094233473981,E1 전체 기간,공정 값 23,트리
엑스트라트리,0,0.3483274195185554,0.599025974025974,1.0,1.0,1.0,0.3333333333333333,0.5,0.25,0.9695378151260504,E1 전체 기간,공정 값 23,트리
엑스트라트리,1,0.6211971178723155,0.194271911663216,1.0,1.0,1.0,0.0,0.0,0.0,0.95850622406639,E1 전체 기간,공정 값 23,트리
엑스트라트리,2,0.6395648325419401,0.08474730888523993,0.6666666666666666,1.0,1.0,0.0,0.0,0.0,0.9138888888888889,E1 전체 기간,공정 값 23,트리
엑스트라트리,3,0.38358621877357235,0.6493055555555556,1.0,1.0,1.0,0.6666666666666666,0.5,1.0,0.9800420168067226,E1 전체 기간,공정 값 23,트리
엑스트라트리,4,0.333439377974038,0.7575757575757576,1.0,1.0,1.0,0.36363636363636365,0.6666666666666666,0.25,0.9887482419127989,E1 전체 기간,공정 값 23,트리
엑스트라트리,5,0.5833272036312336,0.6091269841269842,1.0,1.0,1.0,0.6666666666666666,0.5,1.0,0.9737394957983193,E1 전체 기간,공정 값 23,트리
엑스트라트리,6,0.19001617216939942,0.7166666666666667,1.0,1.0,1.0,0.19047619047619047,0.6666666666666666,0.1111111111111111,0.9760900140646976,E1 전체 기간,공정 값 23,트리
엑스트라트리,7,0.6624427896909729,0.2523809523809524,0.6666666666666666,1.0,1.0,0.0,0.0,0.0,0.9571230982019364,E1 전체 기간,공정 값 23,트리
엑스트라트리,8,0.3220644471204094,0.5885416666666666,1.0,1.0,1.0,0.3333333333333333,0.5,0.25,0.9653361344537815,E1 전체 기간,공정 값 23,트리
엑스트라트리,9,0.64870298952331,0.08222222222222222,0.6666666666666666,1.0,1.0,0.0,0.0,0.0,0.911111111111111,E1 전체 기간,공정 값 23,트리
엑스트라트리,10,0.2987618463333273,0.65625,1.0,1.0,1.0,0.5,0.75,0.375,0.9821428571428571,E1 전체 기간,공정 값 23,트리
엑스트라트리,11,0.21096667863121402,0.7333333333333333,1.0,1.0,1.0,0.1935483870967742,1.0,0.10714285714285714,0.9831223628691983,E1 전체 기간,공정 값 23,트리
엑스트라트리,12,0.6748918891492128,0.12436061381074169,1.0,1.0,1.0,0.0,0.0,0.0,0.9419087136929459,E1 전체 기간,공정 값 23,트리
엑스트라트리,13,0.6694275523956837,0.12422360248447206,0.6666666666666666,1.0,1.0,0.0,0.0,0.0,0.9208333333333334,E1 전체 기간,공정 값 23,트리
엑스트라트리,14,0.41252160869073323,0.5944940476190477,1.0,1.0,1.0,0.5,0.5,0.5,0.9684873949579832,E1 전체 기간,공정 값 23,트리
엑스트라트리,15,0.290450004026645,0.57125,1.0,1.0,1.0,0.2,0.5,0.125,0.9558823529411764,E1 전체 기간,공정 값 23,트리
엑스트라트리,16,0.15972550179855521,0.7,0.6666666666666666,1.0,1.0,0.21052631578947367,0.6666666666666666,0.125,0.9620253164556962,E1 전체 기간,공정 값 23,트리
엑스트라트리,17,0.701703546493815,0.1384032634032634,1.0,1.0,1.0,0.0,0.0,0.0,0.9488243430152145,E1 전체 기간,공정 값 23,트리
엑스트라트리,18,0.540845969803251,0.5757575757575757,1.0,1.0,1.0,0.6666666666666666,0.5,1.0,0.9590336134453781,E1 전체 기간,공정 값 23,트리
엑스트라트리,19,0.6488785083848606,0.1345307917888563,0.6666666666666666,1.0,1.0,0.0,0.0,0.0,0.9388888888888889,E1 전체 기간,공정 값 23,트리
엑스트라트리,20,0.6542839520747546,0.13650793650793652,1.0,1.0,1.0,0.0,0.0,0.0,0.950207468879668,E1 전체 기간,공정 값 23,트리
엑스트라트리,21,0.7141730180140047,0.09814814814814814,0.6666666666666666,1.0,1.0,0.0,0.0,0.0,0.9194444444444445,E1 전체 기간,공정 값 23,트리
엑스트라트리,22,0.3649873038780524,0.615,1.0,1.0,1.0,0.42857142857142855,0.75,0.3,0.9705882352941176,E1 전체 기간,공정 값 23,트리
엑스트라트리,23,0.4207034209743808,0.5916666666666667,1.0,1.0,1.0,0.5,0.5,0.5,0.967436974789916,E1 전체 기간,공정 값 23,트리
엑스트라트리,24,0.5934770772934692,0.7066666666666666,0.6666666666666666,1.0,1.0,0.8,0.6666666666666666,1.0,0.969057665260197,E1 전체 기간,공정 값 23,트리
엑스트라트리,25,0.49841806253875176,0.6838235294117647,1.0,1.0,1.0,0.6666666666666666,0.5,1.0,0.9831932773109243,E1 전체 기간,공정 값 23,트리
엑스트라트리,26,0.72440367010477,0.12735042735042734,0.6666666666666666,1.0,1.0,0.0,0.0,0.0,0.941908713692946,E1 전체 기간,공정 값 23,트리
엑스트라트리,27,0.40345465576725287,0.6076923076923078,1.0,1.0,1.0,0.4,0.5,0.3333333333333333,0.9726890756302521,E1 전체 기간,공정 값 23,트리
엑스트라트리,28,0.563183941153839,0.7083333333333333,1.0,1.0,1.0,0.5714285714285714,0.6666666666666666,0.5,0.970464135021097,E1 전체 기간,공정 값 23,트리
엑스트라트리,29,0.6743924831176106,0.4351851851851852,0.6666666666666666,1.0,1.0,0.0,0.0,0.0,0.9444444444444444,E1 전체 기간,공정 값 23,트리
엑스트라트리,30,0.36348841598087483,0.740909090909091,1.0,1.0,1.0,0.5,0.75,0.375,0.990546218487395,E1 전체 기간,공정 값 23,트리
엑스트라트리,31,0.7325572980156684,0.07306818181818181,0.6666666666666666,1.0,1.0,0.0,0.0,0.0,0.8990318118948825,E1 전체 기간,공정 값 23,트리
엑스트라트리,32,0.4538193971981332,0.59,1.0,1.0,1.0,0.6666666666666666,0.5,1.0,0.9653361344537815,E1 전체 기간,공정 값 23,트리
엑스트라트리,33,0.5530932060055112,0.7066666666666666,0.6666666666666666,1.0,1.0,0.8,0.6666666666666666,1.0,0.969057665260197,E1 전체 기간,공정 값 23,트리
엑스트라트리,34,0.6912814653913557,0.1725108225108225,0.6666666666666666,1.0,1.0,0.0,0.0,0.0,0.9388888888888889,E1 전체 기간,공정 값 23,트리
엑스트라트리,35,0.7572641589763274,0.08521825396825397,0.6666666666666666,1.0,1.0,0.0,0.0,0.0,0.9142461964038727,E1 전체 기간,공정 값 23,트리
엑스트라트리,36,0.31129757345434006,0.6098484848484849,1.0,1.0,1.0,0.4,0.5,0.3333333333333333,0.9705882352941176,E1 전체 기간,공정 값 23,트리
엑스트라트리,37,0.584087261074117,0.6396103896103896,1.0,1.0,1.0,0.6666666666666666,0.5,1.0,0.98109243697479,E1 전체 기간,공정 값 23,트리
엑스트라트리,38,0.3525960200178961,0.6989247311827956,0.6666666666666666,1.0,1.0,0.5714285714285714,0.6666666666666666,0.5,0.960618846694796,E1 전체 기간,공정 값 23,트리
엑스트라트리,39,0.7290202511503014,0.12485380116959063,1.0,1.0,1.0,0.0,0.0,0.0,0.9444444444444444,E1 전체 기간,공정 값 23,트리
엑스트라트리,40,0.3727602619268078,0.5521778584392014,0.5,1.0,1.0,0.2857142857142857,0.5,0.2,0.9369747899159664,E1 전체 기간,공정 값 23,트리
엑스트라트리,41,0.506260377697382,0.7083333333333333,1.0,1.0,1.0,0.8,0.6666666666666666,1.0,0.970464135021097,E1 전체 기간,공정 값 23,트리
엑스트라트리,42,0.6515949320971065,0.2935897435897436,1.0,1.0,1.0,0.0,0.0,0.0,0.9778699861687414,E1 전체 기간,공정 값 23,트리
엑스트라트리,43,0.3742707005044887,0.5651260504201681,0.75,1.0,1.0,0.6666666666666666,0.5,1.0,0.9495798319327731,E1 전체 기간,공정 값 23,트리
엑스트라트리,44,0.7392243894283053,0.2713675213675214,1.0,1.0,1.0,0.0,0.0,0.0,0.975,E1 전체 기간,공정 값 23,트리
엑스트라트리,45,0.3721634892697032,0.7048611111111112,1.0,1.0,1.0,0.4,0.5,0.3333333333333333,0.9894957983193277,E1 전체 기간,공정 값 23,트리
엑스트라트리,46,0.7410561990637945,0.15873015873015872,1.0,1.0,1.0,0.0,0.0,0.0,0.9557399723374826,E1 전체 기간,공정 값 23,트리
엑스트라트리,47,0.7171284417220408,0.10393772893772894,0.6666666666666666,1.0,1.0,0.0,0.0,0.0,0.9305555555555556,E1 전체 기간,공정 값 23,트리
엑스트라트리,48,0.5626147587195618,0.6396103896103896,1.0,1.0,1.0,0.6666666666666666,0.5,1.0,0.98109243697479,E1 전체 기간,공정 값 23,트리
엑스트라트리,49,0.46709286106913206,0.7254901960784313,1.0,1.0,1.0,0.5714285714285714,0.6666666666666666,0.5,0.9803094233473981,E1 전체 기간,공정 값 23,트리
GradientBoosting,0,0.9414606617477822,0.5916666666666667,1.0,1.0,1.0,0.6666666666666666,0.5,1.0,0.967436974789916,E1 전체 기간,공정 값 23,부스팅
GradientBoosting,1,0.4972483591608361,0.08784893267651889,0.3333333333333333,0.6666666666666666,1.0,0.0,0.0,0.0,0.8782849239280774,E1 전체 기간,공정 값 23,부스팅
GradientBoosting,2,0.2664443915411786,0.02920847924820733,0.3333333333333333,0.3333333333333333,0.3333333333333333,0.0,0.0,0.0,0.32638888888888884,E1 전체 기간,공정 값 23,부스팅
GradientBoosting,3,0.009068310553445376,0.6091269841269842,1.0,1.0,1.0,0.25,0.5,0.16666666666666666,0.9737394957983193,E1 전체 기간,공정 값 23,부스팅
GradientBoosting,4,0.013904610451906352,0.7037037037037037,0.6666666666666666,1.0,1.0,0.19047619047619047,0.6666666666666666,0.1111111111111111,0.9662447257383966,E1 전체 기간,공정 값 23,부스팅
GradientBoosting,5,0.16288781403264105,0.7083333333333333,1.0,1.0,1.0,0.5,0.5,0.5,0.9884453781512605,E1 전체 기간,공정 값 23,부스팅
GradientBoosting,6,0.0671345854557654,0.6979166666666666,0.6666666666666666,1.0,1.0,0.4444444444444444,0.6666666666666666,0.3333333333333333,0.9592123769338958,E1 전체 기간,공정 값 23,부스팅
GradientBoosting,7,0.8959386737001657,0.052941176470588235,0.3333333333333333,0.6666666666666666,0.6666666666666666,0.0,0.0,0.0,0.8298755186721992,E1 전체 기간,공정 값 23,부스팅
GradientBoosting,8,0.9449905294342,0.5916666666666667,1.0,1.0,1.0,0.6666666666666666,0.5,1.0,0.967436974789916,E1 전체 기간,공정 값 23,부스팅
GradientBoosting,9,0.9246641731642107,0.028385386431363444,0.0,0.3333333333333333,0.6666666666666666,0.0,0.0,0.0,0.5875,E1 전체 기간,공정 값 23,부스팅
GradientBoosting,10,0.9739315452482944,0.5967391304347827,0.75,1.0,1.0,0.0,0.0,0.0,0.9485294117647058,E1 전체 기간,공정 값 23,부스팅
GradientBoosting,11,0.6057828039444682,0.7435897435897436,1.0,1.0,1.0,0.8,0.6666666666666666,1.0,0.9859353023909986,E1 전체 기간,공정 값 23,부스팅
GradientBoosting,12,0.9094736678286457,0.13738156761412576,0.6666666666666666,0.6666666666666666,0.6666666666666666,0.0,0.0,0.0,0.8091286307053942,E1 전체 기간,공정 값 23,부스팅
GradientBoosting,13,0.9852665921612607,0.07669793621013132,0.6666666666666666,1.0,1.0,0.0,0.0,0.0,0.898611111111111,E1 전체 기간,공정 값 23,부스팅
GradientBoosting,14,0.9483837841771865,0.5798319327731092,0.75,1.0,1.0,0.0,0.0,0.0,0.9600840336134454,E1 전체 기간,공정 값 23,부스팅
GradientBoosting,15,0.2575009945589202,0.5580601092896175,0.75,0.75,1.0,0.6666666666666666,0.5,1.0,0.9243697478991596,E1 전체 기간,공정 값 23,부스팅
GradientBoosting,16,0.6896222305973009,0.738095238095238,1.0,1.0,1.0,0.8,0.6666666666666666,1.0,0.9845288326300985,E1 전체 기간,공정 값 23,부스팅
GradientBoosting,17,0.7343213820201613,0.10435178856231488,1.0,1.0,1.0,0.0,0.0,0.0,0.9322268326417704,E1 전체 기간,공정 값 23,부스팅
GradientBoosting,18,0.4150938126130587,0.5382553606237817,0.5,0.75,1.0,0.6666666666666666,0.5,1.0,0.9107142857142857,E1 전체 기간,공정 값 23,부스팅
GradientBoosting,19,0.9664804855584647,0.08335738335738335,0.6666666666666666,0.6666666666666666,0.6666666666666666,0.0,0.0,0.0,0.861111111111111,E1 전체 기간,공정 값 23,부스팅
GradientBoosting,20,0.7800975702083762,0.03249643874643875,0.0,0.3333333333333333,0.6666666666666666,0.0,0.0,0.0,0.7565698478561549,E1 전체 기간,공정 값 23,부스팅
GradientBoosting,21,0.9521303731248797,0.0633903133903134,0.3333333333333333,0.6666666666666666,1.0,0.0,0.0,0.0,0.8680555555555556,E1 전체 기간,공정 값 23,부스팅
GradientBoosting,22,0.984026371846706,0.6659090909090909,1.0,1.0,1.0,0.0,0.0,0.0,0.9852941176470588,E1 전체 기간,공정 값 23,부스팅
GradientBoosting,23,0.594549470085148,0.5674242424242424,0.75,1.0,1.0,0.6666666666666666,0.5,1.0,0.9527310924369747,E1 전체 기간,공정 값 23,부스팅
GradientBoosting,24,0.18294528058946577,0.7575757575757576,1.0,1.0,1.0,0.8,0.6666666666666666,1.0,0.9887482419127989,E1 전체 기간,공정 값 23,부스팅
GradientBoosting,25,0.986222412955438,0.6525735294117647,1.0,1.0,1.0,0.0,0.0,0.0,0.9810924369747899,E1 전체 기간,공정 값 23,부스팅
GradientBoosting,26,0.9011518057156256,0.05649848872355266,0.3333333333333333,1.0,1.0,0.0,0.0,0.0,0.8672199170124482,E1 전체 기간,공정 값 23,부스팅
GradientBoosting,27,0.7381268201022945,0.6132478632478633,1.0,1.0,1.0,0.6666666666666666,0.5,1.0,0.9747899159663865,E1 전체 기간,공정 값 23,부스팅
GradientBoosting,28,0.8974454252976036,0.6723484848484849,0.6666666666666666,0.6666666666666666,0.6666666666666666,0.8,0.6666666666666666,1.0,0.7566807313642756,E1 전체 기간,공정 값 23,부스팅
GradientBoosting,29,0.9463788688171714,0.07173181086224564,0.3333333333333333,0.6666666666666666,1.0,0.0,0.0,0.0,0.8541666666666666,E1 전체 기간,공정 값 23,부스팅
GradientBoosting,30,0.27555513618913696,0.6348484848484848,1.0,1.0,1.0,0.6666666666666666,0.5,1.0,0.9800420168067226,E1 전체 기간,공정 값 23,부스팅
GradientBoosting,31,0.9346240569455078,0.09532931946725051,0.6666666666666666,1.0,1.0,0.0,0.0,0.0,0.9239280774550483,E1 전체 기간,공정 값 23,부스팅
GradientBoosting,32,0.7367778239559345,0.5422555115884681,0.5,0.75,1.0,0.6666666666666666,0.5,1.0,0.9128151260504201,E1 전체 기간,공정 값 23,부스팅
GradientBoosting,33,0.3747454877459278,0.7011494252873562,0.6666666666666666,1.0,1.0,0.8,0.6666666666666666,1.0,0.9634317862165963,E1 전체 기간,공정 값 23,부스팅
GradientBoosting,34,0.4302759710708823,0.07814814814814815,0.6666666666666666,0.6666666666666666,0.6666666666666666,0.0,0.0,0.0,0.8583333333333333,E1 전체 기간,공정 값 23,부스팅
GradientBoosting,35,0.9141532014863324,0.07114284164564857,0.6666666666666666,0.6666666666666666,0.6666666666666666,0.0,0.0,0.0,0.6348547717842323,E1 전체 기간,공정 값 23,부스팅
GradientBoosting,36,0.0831962843408017,0.5484654731457801,0.75,0.75,0.75,0.5,0.5,0.5,0.7478991596638656,E1 전체 기간,공정 값 23,부스팅
GradientBoosting,37,0.7438445011117482,0.7019230769230769,1.0,1.0,1.0,0.6666666666666666,0.5,1.0,0.9873949579831933,E1 전체 기간,공정 값 23,부스팅
GradientBoosting,38,0.9369670838425367,0.6870748299319728,0.6666666666666666,0.6666666666666666,1.0,0.8,0.6666666666666666,1.0,0.9353023909985936,E1 전체 기간,공정 값 23,부스팅
GradientBoosting,39,0.5460762067245393,0.06795795795795795,0.6666666666666666,0.6666666666666666,0.6666666666666666,0.0,0.0,0.0,0.8541666666666666,E1 전체 기간,공정 값 23,부스팅
GradientBoosting,40,0.8960996666674635,0.5719827586206896,0.75,1.0,1.0,0.6666666666666666,0.5,1.0,0.9558823529411765,E1 전체 기간,공정 값 23,부스팅
GradientBoosting,41,0.05204458112848988,0.712121212121212,1.0,1.0,1.0,0.36363636363636365,0.6666666666666666,0.25,0.9732770745428974,E1 전체 기간,공정 값 23,부스팅
GradientBoosting,42,0.807564912511981,0.11434755720470006,0.6666666666666666,1.0,1.0,0.0,0.0,0.0,0.9114799446749654,E1 전체 기간,공정 값 23,부스팅
GradientBoosting,43,0.24001270371593222,0.5372815928484355,0.75,0.75,0.75,0.6666666666666666,0.5,1.0,0.7584033613445378,E1 전체 기간,공정 값 23,부스팅
GradientBoosting,44,0.7558548380032951,0.2362745098039216,0.6666666666666666,0.6666666666666666,1.0,0.0,0.0,0.0,0.925,E1 전체 기간,공정 값 23,부스팅
GradientBoosting,45,0.7146119609181093,0.6404761904761904,0.75,1.0,1.0,0.6666666666666666,0.5,1.0,0.9684873949579831,E1 전체 기간,공정 값 23,부스팅
GradientBoosting,46,0.9468938582397832,0.12198067632850242,0.6666666666666666,0.6666666666666666,0.6666666666666666,0.0,0.0,0.0,0.8561549100968188,E1 전체 기간,공정 값 23,부스팅
GradientBoosting,47,0.7522800315253775,0.09340094062316283,0.6666666666666666,0.6666666666666666,0.6666666666666666,0.0,0.0,0.0,0.6402777777777777,E1 전체 기간,공정 값 23,부스팅
GradientBoosting,48,0.0669045556828674,0.5678963893249608,0.75,0.75,0.75,0.5,0.5,0.5,0.8907563025210083,E1 전체 기간,공정 값 23,부스팅
GradientBoosting,49,0.8052563344385133,0.8666666666666667,1.0,1.0,1.0,0.8,0.6666666666666666,1.0,0.9971870604781997,E1 전체 기간,공정 값 23,부스팅
HistGradientBoosting,0,0.001939629417690279,0.625,1.0,1.0,1.0,0.3333333333333333,0.75,0.21428571428571427,0.9779411764705882,E1 전체 기간,공정 값 23,부스팅
HistGradientBoosting,1,0.6214642957156926,0.1619047619047619,1.0,1.0,1.0,0.0,0.0,0.0,0.9529737206085754,E1 전체 기간,공정 값 23,부스팅
HistGradientBoosting,2,0.9916693458196024,0.11755233494363929,1.0,1.0,1.0,0.0,0.0,0.0,0.9388888888888888,E1 전체 기간,공정 값 23,부스팅
HistGradientBoosting,3,0.014184345733137529,0.6009615384615384,0.75,1.0,1.0,0.6666666666666666,0.5,1.0,0.967436974789916,E1 전체 기간,공정 값 23,부스팅
HistGradientBoosting,4,0.9442561868742492,0.3686868686868687,1.0,1.0,1.0,0.0,0.0,0.0,0.9831223628691983,E1 전체 기간,공정 값 23,부스팅
HistGradientBoosting,5,0.8073638604549943,0.69375,1.0,1.0,1.0,0.6666666666666666,0.5,1.0,0.9884453781512604,E1 전체 기간,공정 값 23,부스팅
HistGradientBoosting,6,0.010427680911665668,0.7222222222222222,1.0,1.0,1.0,0.36363636363636365,0.6666666666666666,0.25,0.9789029535864979,E1 전체 기간,공정 값 23,부스팅
HistGradientBoosting,7,0.9765999153223146,0.1542022792022792,0.6666666666666666,1.0,1.0,0.0,0.0,0.0,0.9488243430152143,E1 전체 기간,공정 값 23,부스팅
HistGradientBoosting,8,0.9131533467424265,0.5382231404958677,0.75,0.75,0.75,0.6666666666666666,0.5,1.0,0.7300420168067226,E1 전체 기간,공정 값 23,부스팅
HistGradientBoosting,9,0.9653404961143053,0.11497326203208556,1.0,1.0,1.0,0.0,0.0,0.0,0.9388888888888889,E1 전체 기간,공정 값 23,부스팅
HistGradientBoosting,10,0.00863852391769413,0.8125,1.0,1.0,1.0,0.75,0.75,0.75,0.9947478991596638,E1 전체 기간,공정 값 23,부스팅
HistGradientBoosting,11,0.026923906968803642,0.7192982456140351,1.0,1.0,1.0,0.21052631578947367,0.6666666666666666,0.125,0.9774964838255978,E1 전체 기간,공정 값 23,부스팅
HistGradientBoosting,12,0.9563361887970483,0.09302054154995332,1.0,1.0,1.0,0.0,0.0,0.0,0.9225449515905947,E1 전체 기간,공정 값 23,부스팅
HistGradientBoosting,13,0.006426139641931437,0.1279102384291725,0.6666666666666666,1.0,1.0,0.18181818181818182,0.3333333333333333,0.125,0.9263888888888889,E1 전체 기간,공정 값 23,부스팅
HistGradientBoosting,14,0.8044592504387101,0.3145363408521303,1.0,1.0,1.0,0.0,0.0,0.0,0.9684873949579832,E1 전체 기간,공정 값 23,부스팅
HistGradientBoosting,15,0.9775747390625132,0.5884615384615385,0.75,1.0,1.0,0.6666666666666666,0.5,1.0,0.9642857142857143,E1 전체 기간,공정 값 23,부스팅
HistGradientBoosting,16,0.5692533874478398,0.7083333333333333,1.0,1.0,1.0,0.5714285714285714,0.6666666666666666,0.5,0.970464135021097,E1 전체 기간,공정 값 23,부스팅
HistGradientBoosting,17,0.8100346495336029,0.45138888888888884,1.0,1.0,1.0,0.0,0.0,0.0,0.979253112033195,E1 전체 기간,공정 값 23,부스팅
HistGradientBoosting,18,0.9813454494320037,0.17260558957450148,0.75,0.75,0.75,0.0,0.0,0.0,0.7731092436974789,E1 전체 기간,공정 값 23,부스팅
HistGradientBoosting,19,0.9494480430677503,0.06248271092669433,0.3333333333333333,0.3333333333333333,0.3333333333333333,0.0,0.0,0.0,0.3319444444444444,E1 전체 기간,공정 값 23,부스팅
HistGradientBoosting,20,0.932988606109133,0.23746556473829203,0.6666666666666666,0.6666666666666666,0.6666666666666666,0.0,0.0,0.0,0.6569847856154909,E1 전체 기간,공정 값 23,부스팅
HistGradientBoosting,21,0.5453640425039312,0.09220779220779221,0.6666666666666666,0.6666666666666666,1.0,0.0,0.0,0.0,0.8763888888888889,E1 전체 기간,공정 값 23,부스팅
HistGradientBoosting,22,0.03279677182937515,0.629149377593361,0.75,0.75,0.75,0.42857142857142855,0.75,0.3,0.7478991596638656,E1 전체 기간,공정 값 23,부스팅
HistGradientBoosting,23,0.051903973514035494,0.5725524475524475,0.75,1.0,1.0,0.6666666666666666,0.5,1.0,0.9569327731092437,E1 전체 기간,공정 값 23,부스팅
HistGradientBoosting,24,0.8262833469347944,0.23040935672514617,1.0,1.0,1.0,0.0,0.0,0.0,0.9662447257383967,E1 전체 기간,공정 값 23,부스팅
HistGradientBoosting,25,0.486013848265704,0.69168410041841,0.75,0.75,0.75,0.6666666666666666,0.5,1.0,0.7521008403361344,E1 전체 기간,공정 값 23,부스팅
HistGradientBoosting,26,0.9742183775952719,0.26666666666666666,0.6666666666666666,1.0,1.0,0.0,0.0,0.0,0.950207468879668,E1 전체 기간,공정 값 23,부스팅
HistGradientBoosting,27,0.3586434196032538,0.8333333333333333,1.0,1.0,1.0,0.6666666666666666,0.5,1.0,0.9915966386554622,E1 전체 기간,공정 값 23,부스팅
HistGradientBoosting,28,0.9313865109828535,0.7916666666666666,1.0,1.0,1.0,0.0,0.0,0.0,0.9929676511954993,E1 전체 기간,공정 값 23,부스팅
HistGradientBoosting,29,0.1774109836023415,0.41349206349206347,0.6666666666666666,1.0,1.0,0.0,0.0,0.0,0.9472222222222223,E1 전체 기간,공정 값 23,부스팅
HistGradientBoosting,30,0.0026272641652852723,0.8611111111111112,1.0,1.0,1.0,0.5714285714285714,1.0,0.4,0.9947478991596639,E1 전체 기간,공정 값 23,부스팅
HistGradientBoosting,31,0.7337230159634276,0.07987711213517665,0.3333333333333333,1.0,1.0,0.0,0.0,0.0,0.9073305670816044,E1 전체 기간,공정 값 23,부스팅
HistGradientBoosting,32,0.001112940025339793,0.5811546840958606,0.75,1.0,1.0,0.25,0.5,0.16666666666666666,0.9611344537815126,E1 전체 기간,공정 값 23,부스팅
HistGradientBoosting,33,0.3410703374282288,0.32125603864734303,1.0,1.0,1.0,0.5714285714285714,0.6666666666666666,0.5,0.9662447257383967,E1 전체 기간,공정 값 23,부스팅
HistGradientBoosting,34,0.9994510054874772,0.18888888888888888,1.0,1.0,1.0,0.0,0.0,0.0,0.9625,E1 전체 기간,공정 값 23,부스팅
HistGradientBoosting,35,0.9996903359607533,0.13400673400673402,0.6666666666666666,1.0,1.0,0.0,0.0,0.0,0.9308437067773168,E1 전체 기간,공정 값 23,부스팅
HistGradientBoosting,36,0.00019516894107916055,0.6413690476190477,1.0,1.0,1.0,0.3,0.75,0.1875,0.9768907563025211,E1 전체 기간,공정 값 23,부스팅
HistGradientBoosting,37,0.957586334903176,0.85,1.0,1.0,1.0,0.0,0.0,0.0,0.9936974789915967,E1 전체 기간,공정 값 23,부스팅
HistGradientBoosting,38,2.7127716827879105e-05,0.6989247311827956,0.6666666666666666,1.0,1.0,0.13953488372093023,1.0,0.075,0.960618846694796,E1 전체 기간,공정 값 23,부스팅
HistGradientBoosting,39,0.005891341870329119,0.20882352941176469,1.0,1.0,1.0,0.0,0.0,0.0,0.9666666666666667,E1 전체 기간,공정 값 23,부스팅
HistGradientBoosting,40,0.8054460899127005,0.5934065934065934,0.75,1.0,1.0,0.5,0.5,0.5,0.9642857142857143,E1 전체 기간,공정 값 23,부스팅
HistGradientBoosting,41,0.08153450221839602,0.7023809523809523,0.6666666666666666,1.0,1.0,0.5714285714285714,0.6666666666666666,0.5,0.9648382559774964,E1 전체 기간,공정 값 23,부스팅
HistGradientBoosting,42,0.949724186347575,0.28968253968253965,1.0,1.0,1.0,0.0,0.0,0.0,0.9778699861687413,E1 전체 기간,공정 값 23,부스팅
HistGradientBoosting,43,0.0021492875242774827,0.5910714285714286,0.75,1.0,1.0,0.3333333333333333,0.5,0.25,0.957983193277311,E1 전체 기간,공정 값 23,부스팅
HistGradientBoosting,44,0.8370882279170491,0.16052631578947368,0.6666666666666666,0.6666666666666666,0.6666666666666666,0.0,0.0,0.0,0.8583333333333334,E1 전체 기간,공정 값 23,부스팅
HistGradientBoosting,45,0.0002253220531055257,0.6237373737373737,1.0,1.0,1.0,0.23529411764705882,1.0,0.13333333333333333,0.976890756302521,E1 전체 기간,공정 값 23,부스팅
HistGradientBoosting,46,0.9756719129702505,0.1537878787878788,1.0,1.0,1.0,0.0,0.0,0.0,0.9529737206085754,E1 전체 기간,공정 값 23,부스팅
HistGradientBoosting,47,0.04054855781830792,0.03124954500848832,0.3333333333333333,0.3333333333333333,0.3333333333333333,0.0,0.0,0.0,0.3722222222222222,E1 전체 기간,공정 값 23,부스팅
HistGradientBoosting,48,0.998136296948441,0.6519230769230769,1.0,1.0,1.0,0.0,0.0,0.0,0.9831932773109244,E1 전체 기간,공정 값 23,부스팅
HistGradientBoosting,49,0.8113988137899067,0.7435897435897436,1.0,1.0,1.0,0.5714285714285714,0.6666666666666666,0.5,0.9859353023909986,E1 전체 기간,공정 값 23,부스팅
XGBoost,0,0.039041340351104736,0.25,1.0,1.0,1.0,0.25,0.75,0.15,0.963235294117647,E1 전체 기간,공정 값 23,부스팅
XGBoost,1,0.07414356619119644,0.21305418719211822,0.6666666666666666,1.0,1.0,0.2857142857142857,0.3333333333333333,0.25,0.9529737206085753,E1 전체 기간,공정 값 23,부스팅
XGBoost,2,0.13082937896251678,0.4357142857142857,0.6666666666666666,1.0,1.0,0.4,0.3333333333333333,0.5,0.9541666666666667,E1 전체 기간,공정 값 23,부스팅
XGBoost,3,0.20896559953689575,0.5871212121212122,1.0,1.0,1.0,0.5,0.5,0.5,0.9653361344537815,E1 전체 기간,공정 값 23,부스팅
XGBoost,4,0.6489704847335815,0.18937728937728937,1.0,1.0,1.0,0.0,0.0,0.0,0.9634317862165963,E1 전체 기간,공정 값 23,부스팅
XGBoost,5,0.5322855710983276,0.38888888888888884,1.0,1.0,1.0,0.0,0.0,0.0,0.9779411764705882,E1 전체 기간,공정 값 23,부스팅
XGBoost,6,0.020359132438898087,0.7083333333333333,1.0,1.0,1.0,0.26666666666666666,0.6666666666666666,0.16666666666666666,0.970464135021097,E1 전체 기간,공정 값 23,부스팅
XGBoost,7,0.0349310040473938,0.1399728997289973,0.6666666666666666,0.6666666666666666,0.6666666666666666,0.2857142857142857,0.3333333333333333,0.25,0.8686030428769018,E1 전체 기간,공정 값 23,부스팅
XGBoost,8,0.10762647539377213,0.36666666666666664,0.75,1.0,1.0,0.3333333333333333,0.75,0.21428571428571427,0.9653361344537814,E1 전체 기간,공정 값 23,부스팅
XGBoost,9,0.4825013279914856,0.1634032634032634,1.0,1.0,1.0,0.0,0.0,0.0,0.9527777777777778,E1 전체 기간,공정 값 23,부스팅
XGBoost,10,0.017222242429852486,0.7875,1.0,1.0,1.0,0.5,1.0,0.3333333333333333,0.9926470588235294,E1 전체 기간,공정 값 23,부스팅
XGBoost,11,0.0531994104385376,0.8666666666666667,1.0,1.0,1.0,0.35294117647058826,1.0,0.21428571428571427,0.9971870604781997,E1 전체 기간,공정 값 23,부스팅
XGBoost,12,0.31368911266326904,0.19914529914529916,1.0,1.0,1.0,0.0,0.0,0.0,0.966804979253112,E1 전체 기간,공정 값 23,부스팅
XGBoost,13,0.86577969789505,0.11543513957307061,0.6666666666666666,1.0,1.0,0.0,0.0,0.0,0.9305555555555556,E1 전체 기간,공정 값 23,부스팅
XGBoost,14,0.2175036072731018,0.6547619047619048,1.0,1.0,1.0,0.5,0.5,0.5,0.9831932773109244,E1 전체 기간,공정 값 23,부스팅
XGBoost,15,0.20846998691558838,0.5961538461538461,0.75,1.0,1.0,0.3333333333333333,0.5,0.25,0.9663865546218487,E1 전체 기간,공정 값 23,부스팅
XGBoost,16,0.01868320070207119,0.7666666666666666,1.0,1.0,1.0,0.2608695652173913,1.0,0.15,0.9901547116736991,E1 전체 기간,공정 값 23,부스팅
XGBoost,17,0.5891746282577515,0.234006734006734,0.6666666666666666,1.0,1.0,0.0,0.0,0.0,0.9377593360995851,E1 전체 기간,공정 값 23,부스팅
XGBoost,18,0.7601220607757568,0.11844519859225741,0.75,1.0,1.0,0.0,0.0,0.0,0.9254201680672269,E1 전체 기간,공정 값 23,부스팅
XGBoost,19,0.464122474193573,0.1516339869281046,0.6666666666666666,1.0,1.0,0.0,0.0,0.0,0.9388888888888889,E1 전체 기간,공정 값 23,부스팅
XGBoost,20,0.5355362296104431,0.2717391304347826,0.6666666666666666,1.0,1.0,0.0,0.0,0.0,0.9308437067773168,E1 전체 기간,공정 값 23,부스팅
XGBoost,21,0.2050120234489441,0.22670250896057348,0.6666666666666666,1.0,1.0,0.0,0.0,0.0,0.95,E1 전체 기간,공정 값 23,부스팅
XGBoost,22,0.21976444125175476,0.36874999999999997,1.0,1.0,1.0,0.5,0.5,0.5,0.9789915966386554,E1 전체 기간,공정 값 23,부스팅
XGBoost,23,0.4331611692905426,0.599025974025974,1.0,1.0,1.0,0.0,0.0,0.0,0.9695378151260504,E1 전체 기간,공정 값 23,부스팅
XGBoost,24,0.891871988773346,0.6333333333333333,1.0,1.0,1.0,0.0,0.0,0.0,0.9915611814345991,E1 전체 기간,공정 값 23,부스팅
XGBoost,25,0.3922503888607025,0.6776315789473684,1.0,1.0,1.0,0.5,0.5,0.5,0.9810924369747899,E1 전체 기간,공정 값 23,부스팅
XGBoost,26,0.3235055208206177,0.125,0.6666666666666666,1.0,1.0,0.0,0.0,0.0,0.9391424619640387,E1 전체 기간,공정 값 23,부스팅
XGBoost,27,0.1482461541891098,0.875,1.0,1.0,1.0,0.5714285714285714,1.0,0.4,0.995798319327731,E1 전체 기간,공정 값 23,부스팅
XGBoost,28,0.566104531288147,0.7916666666666666,1.0,1.0,1.0,0.0,0.0,0.0,0.9929676511954993,E1 전체 기간,공정 값 23,부스팅
XGBoost,29,0.029876312240958214,0.4230769230769231,0.6666666666666666,1.0,1.0,0.2857142857142857,0.3333333333333333,0.25,0.9527777777777778,E1 전체 기간,공정 값 23,부스팅
XGBoost,30,0.26531800627708435,0.3742997198879552,1.0,1.0,1.0,0.5,0.5,0.5,0.9779411764705882,E1 전체 기간,공정 값 23,부스팅
XGBoost,31,0.5628203749656677,0.23148148148148145,0.6666666666666666,1.0,1.0,0.0,0.0,0.0,0.9571230982019364,E1 전체 기간,공정 값 23,부스팅
XGBoost,32,0.08158883452415466,0.687037037037037,0.75,1.0,1.0,0.6,0.75,0.5,0.9737394957983193,E1 전체 기간,공정 값 23,부스팅
XGBoost,33,0.8531734943389893,0.09651588721356162,0.6666666666666666,1.0,1.0,0.0,0.0,0.0,0.909985935302391,E1 전체 기간,공정 값 23,부스팅
XGBoost,34,0.43035078048706055,0.4444444444444444,1.0,1.0,1.0,0.0,0.0,0.0,0.9874999999999999,E1 전체 기간,공정 값 23,부스팅
XGBoost,35,0.8501948118209839,0.12157809983896939,0.6666666666666666,1.0,1.0,0.0,0.0,0.0,0.9308437067773168,E1 전체 기간,공정 값 23,부스팅
XGBoost,36,0.28537094593048096,0.6684782608695652,1.0,1.0,1.0,0.5,0.5,0.5,0.9768907563025211,E1 전체 기간,공정 값 23,부스팅
XGBoost,37,0.46863511204719543,0.8,1.0,1.0,1.0,0.0,0.0,0.0,0.9831932773109244,E1 전체 기간,공정 값 23,부스팅
XGBoost,38,0.11063610017299652,0.6763754045307443,0.6666666666666666,0.6666666666666666,0.6666666666666666,0.8,0.6666666666666666,1.0,0.859353023909986,E1 전체 기간,공정 값 23,부스팅
XGBoost,39,0.10558246821165085,0.11386176092058445,0.6666666666666666,1.0,1.0,0.0,0.0,0.0,0.9236111111111112,E1 전체 기간,공정 값 23,부스팅
XGBoost,40,0.046137213706970215,0.31780303030303025,0.75,1.0,1.0,0.25,0.75,0.15,0.9600840336134454,E1 전체 기간,공정 값 23,부스팅
XGBoost,41,0.3821282684803009,0.738095238095238,1.0,1.0,1.0,0.5714285714285714,0.6666666666666666,0.5,0.9845288326300985,E1 전체 기간,공정 값 23,부스팅
XGBoost,42,0.14218845963478088,0.2343304843304843,1.0,1.0,1.0,0.2222222222222222,0.3333333333333333,0.16666666666666666,0.9723374827109267,E1 전체 기간,공정 값 23,부스팅
XGBoost,43,0.37369489669799805,0.6213235294117647,1.0,1.0,1.0,0.6666666666666666,0.5,1.0,0.976890756302521,E1 전체 기간,공정 값 23,부스팅
XGBoost,44,0.5617837905883789,0.5213675213675213,1.0,1.0,1.0,0.0,0.0,0.0,0.9805555555555556,E1 전체 기간,공정 값 23,부스팅
XGBoost,45,0.04266277700662613,0.6463815789473684,1.0,1.0,1.0,0.3,0.75,0.1875,0.9789915966386554,E1 전체 기간,공정 값 23,부스팅
XGBoost,46,0.5874379277229309,0.3,1.0,1.0,1.0,0.2857142857142857,0.3333333333333333,0.25,0.966804979253112,E1 전체 기간,공정 값 23,부스팅
XGBoost,47,0.11675740033388138,0.08357843137254903,0.6666666666666666,1.0,1.0,0.0,0.0,0.0,0.9111111111111111,E1 전체 기간,공정 값 23,부스팅
XGBoost,48,0.2378515601158142,0.630787037037037,0.75,1.0,1.0,0.6666666666666666,0.5,1.0,0.9705882352941176,E1 전체 기간,공정 값 23,부스팅
XGBoost,49,0.02799316681921482,0.3888888888888889,1.0,1.0,1.0,0.2608695652173913,1.0,0.15,0.9859353023909986,E1 전체 기간,공정 값 23,부스팅
LightGBM,0,0.5032222296678573,0.34226190476190477,1.0,1.0,1.0,0.3333333333333333,0.5,0.25,0.9758403361344538,E1 전체 기간,공정 값 23,부스팅
LightGBM,1,0.6880189168299032,0.22999691071980227,0.6666666666666666,0.6666666666666666,0.6666666666666666,0.0,0.0,0.0,0.8727524204702628,E1 전체 기간,공정 값 23,부스팅
LightGBM,2,0.9292485152841913,0.41428571428571426,0.6666666666666666,1.0,1.0,0.0,0.0,0.0,0.9458333333333333,E1 전체 기간,공정 값 23,부스팅
LightGBM,3,0.17273683861939057,0.6770833333333333,1.0,1.0,1.0,0.4,0.5,0.3333333333333333,0.9863445378151261,E1 전체 기간,공정 값 23,부스팅
LightGBM,4,0.9893143573034735,0.8666666666666667,1.0,1.0,1.0,0.0,0.0,0.0,0.9971870604781997,E1 전체 기간,공정 값 23,부스팅
LightGBM,5,0.9421734768025376,0.725,1.0,1.0,1.0,0.0,0.0,0.0,0.990546218487395,E1 전체 기간,공정 값 23,부스팅
LightGBM,6,0.046718896254758904,0.696078431372549,0.6666666666666666,1.0,1.0,0.3076923076923077,0.6666666666666666,0.2,0.9563994374120957,E1 전체 기간,공정 값 23,부스팅
LightGBM,7,0.8607993491625561,0.07773759292746633,0.3333333333333333,0.3333333333333333,0.6666666666666666,0.0,0.0,0.0,0.7939142461964039,E1 전체 기간,공정 값 23,부스팅
LightGBM,8,0.11827372969426306,0.7291666666666666,1.0,1.0,1.0,0.3333333333333333,0.75,0.21428571428571427,0.9779411764705882,E1 전체 기간,공정 값 23,부스팅
LightGBM,9,0.9593724286184964,0.2713675213675214,1.0,1.0,1.0,0.0,0.0,0.0,0.975,E1 전체 기간,공정 값 23,부스팅
LightGBM,10,0.05448233433273197,0.75,1.0,1.0,1.0,0.6666666666666666,1.0,0.5,0.9926470588235293,E1 전체 기간,공정 값 23,부스팅
LightGBM,11,0.6872875113647094,1.0,1.0,1.0,1.0,0.8571428571428571,1.0,0.75,1.0,E1 전체 기간,공정 값 23,부스팅
LightGBM,12,0.6852104749398118,0.19017094017094016,0.6666666666666666,1.0,1.0,0.0,0.0,0.0,0.9363762102351314,E1 전체 기간,공정 값 23,부스팅
LightGBM,13,0.09030477556080554,0.1489010989010989,1.0,1.0,1.0,0.0,0.0,0.0,0.9527777777777778,E1 전체 기간,공정 값 23,부스팅
LightGBM,14,0.7228202049754584,0.6666666666666666,1.0,1.0,1.0,0.5,0.5,0.5,0.9852941176470589,E1 전체 기간,공정 값 23,부스팅
LightGBM,15,0.19759526638099212,0.6190476190476191,0.75,1.0,1.0,0.42857142857142855,0.75,0.3,0.9684873949579832,E1 전체 기간,공정 값 23,부스팅
LightGBM,16,0.06882911738291894,0.9166666666666666,1.0,1.0,1.0,0.4,1.0,0.25,0.9985935302390999,E1 전체 기간,공정 값 23,부스팅
LightGBM,17,0.9849535153503697,0.4273504273504274,0.6666666666666666,1.0,1.0,0.0,0.0,0.0,0.9654218533886584,E1 전체 기간,공정 값 23,부스팅
LightGBM,18,0.3779534981888999,0.2537878787878788,1.0,1.0,1.0,0.0,0.0,0.0,0.9653361344537815,E1 전체 기간,공정 값 23,부스팅
LightGBM,19,0.571677683006865,0.273109243697479,1.0,1.0,1.0,0.4,0.3333333333333333,0.5,0.9625,E1 전체 기간,공정 값 23,부스팅
LightGBM,20,0.03565989462707393,0.3645833333333333,0.6666666666666666,1.0,1.0,0.4,0.3333333333333333,0.5,0.9557399723374826,E1 전체 기간,공정 값 23,부스팅
LightGBM,21,0.9234867586862837,0.4021592442645074,0.6666666666666666,0.6666666666666666,1.0,0.0,0.0,0.0,0.9097222222222222,E1 전체 기간,공정 값 23,부스팅
LightGBM,22,0.1699756788577731,0.4833333333333333,1.0,1.0,1.0,0.6666666666666666,1.0,0.5,0.9894957983193277,E1 전체 기간,공정 값 23,부스팅
LightGBM,23,0.40873337489218703,0.6204545454545455,1.0,1.0,1.0,0.6666666666666666,0.5,1.0,0.9737394957983194,E1 전체 기간,공정 값 23,부스팅
LightGBM,24,0.9657506646912675,0.8666666666666667,1.0,1.0,1.0,0.8,0.6666666666666666,1.0,0.9971870604781997,E1 전체 기간,공정 값 23,부스팅
LightGBM,25,0.5305214272118725,0.7401315789473684,1.0,1.0,1.0,0.75,0.75,0.75,0.9831932773109243,E1 전체 기간,공정 값 23,부스팅
LightGBM,26,0.4190258936339317,0.10092592592592592,0.6666666666666666,0.6666666666666666,0.6666666666666666,0.0,0.0,0.0,0.8091286307053942,E1 전체 기간,공정 값 23,부스팅
LightGBM,27,0.4368996649494307,0.8303571428571428,1.0,1.0,1.0,0.75,0.75,0.75,0.9957983193277311,E1 전체 기간,공정 값 23,부스팅
LightGBM,28,0.7255922610898065,0.712121212121212,1.0,1.0,1.0,0.8,0.6666666666666666,1.0,0.9732770745428974,E1 전체 기간,공정 값 23,부스팅
LightGBM,29,0.9215115677514096,0.21746031746031744,1.0,1.0,1.0,0.0,0.0,0.0,0.9666666666666667,E1 전체 기간,공정 값 23,부스팅
LightGBM,30,0.43599153268813523,0.6602564102564102,1.0,1.0,1.0,0.4,0.5,0.3333333333333333,0.9842436974789917,E1 전체 기간,공정 값 23,부스팅
LightGBM,31,0.704266309081071,0.22008547008547008,0.6666666666666666,1.0,1.0,0.0,0.0,0.0,0.9405255878284924,E1 전체 기간,공정 값 23,부스팅
LightGBM,32,0.15161587528234283,0.7269230769230769,1.0,1.0,1.0,0.5,0.5,0.5,0.9884453781512605,E1 전체 기간,공정 값 23,부스팅
LightGBM,33,0.9240722374649549,0.6855345911949685,0.6666666666666666,0.6666666666666666,1.0,0.0,0.0,0.0,0.929676511954993,E1 전체 기간,공정 값 23,부스팅
LightGBM,34,0.8839319010799646,0.5555555555555556,1.0,1.0,1.0,0.0,0.0,0.0,0.9930555555555556,E1 전체 기간,공정 값 23,부스팅
LightGBM,35,0.9870189788722856,0.2326892109500805,0.6666666666666666,1.0,1.0,0.0,0.0,0.0,0.9363762102351314,E1 전체 기간,공정 값 23,부스팅
LightGBM,36,0.02639270313992163,0.6785714285714286,1.0,1.0,1.0,0.5,0.75,0.375,0.9852941176470589,E1 전체 기간,공정 값 23,부스팅
LightGBM,37,0.9782850226502463,0.875,1.0,1.0,1.0,0.0,0.0,0.0,0.995798319327731,E1 전체 기간,공정 값 23,부스팅
LightGBM,38,0.014451339906973493,0.7037037037037037,0.6666666666666666,1.0,1.0,0.16,0.6666666666666666,0.09090909090909091,0.9662447257383966,E1 전체 기간,공정 값 23,부스팅
LightGBM,39,0.9280631723927557,0.1934563021519543,0.6666666666666666,1.0,1.0,0.0,0.0,0.0,0.9249999999999999,E1 전체 기간,공정 값 23,부스팅
LightGBM,40,0.02421876412269256,0.5077380952380952,0.75,1.0,1.0,0.2727272727272727,0.75,0.16666666666666666,0.9642857142857143,E1 전체 기간,공정 값 23,부스팅
LightGBM,41,0.2080583250653615,0.7666666666666666,1.0,1.0,1.0,0.8,0.6666666666666666,1.0,0.9901547116736991,E1 전체 기간,공정 값 23,부스팅
LightGBM,42,0.8046547958767575,0.22053872053872053,1.0,1.0,1.0,0.0,0.0,0.0,0.9723374827109267,E1 전체 기간,공정 값 23,부스팅
LightGBM,43,0.09921922987580839,0.6291666666666667,1.0,1.0,1.0,0.4,0.5,0.3333333333333333,0.9789915966386554,E1 전체 기간,공정 값 23,부스팅
LightGBM,44,0.34426589897642146,0.1413127413127413,0.6666666666666666,1.0,1.0,0.0,0.0,0.0,0.9305555555555556,E1 전체 기간,공정 값 23,부스팅
LightGBM,45,0.11759802081398296,0.6525735294117647,1.0,1.0,1.0,0.42857142857142855,0.75,0.3,0.9810924369747899,E1 전체 기간,공정 값 23,부스팅
LightGBM,46,0.8856504696004233,0.2642857142857143,1.0,1.0,1.0,0.4,0.3333333333333333,0.5,0.9585062240663901,E1 전체 기간,공정 값 23,부스팅
LightGBM,47,0.9195522489059286,0.09037037037037038,0.6666666666666666,0.6666666666666666,1.0,0.0,0.0,0.0,0.9,E1 전체 기간,공정 값 23,부스팅
LightGBM,48,0.8149894658106027,0.6706730769230769,1.0,1.0,1.0,0.6666666666666666,0.5,1.0,0.9852941176470589,E1 전체 기간,공정 값 23,부스팅
LightGBM,49,0.10490085315873084,0.8666666666666667,1.0,1.0,1.0,0.5454545454545454,1.0,0.375,0.9971870604781997,E1 전체 기간,공정 값 23,부스팅
CatBoost,0,0.5496415658968773,0.6009615384615384,0.75,1.0,1.0,0.4,0.5,0.3333333333333333,0.967436974789916,E1 전체 기간,공정 값 23,부스팅
CatBoost,1,0.8681593570589956,0.21746031746031746,1.0,1.0,1.0,0.0,0.0,0.0,0.9695712309820194,E1 전체 기간,공정 값 23,부스팅
CatBoost,2,0.6154757948330185,0.2102564102564103,1.0,1.0,1.0,0.0,0.0,0.0,0.9694444444444444,E1 전체 기간,공정 값 23,부스팅
CatBoost,3,0.3340329998945583,0.6091269841269842,1.0,1.0,1.0,0.5,0.5,0.5,0.9737394957983193,E1 전체 기간,공정 값 23,부스팅
CatBoost,4,0.9595444925161305,0.8095238095238095,1.0,1.0,1.0,0.0,0.0,0.0,0.9943741209563994,E1 전체 기간,공정 값 23,부스팅
CatBoost,5,0.5358002112420703,0.6651785714285714,1.0,1.0,1.0,0.5,0.5,0.5,0.9842436974789917,E1 전체 기간,공정 값 23,부스팅
CatBoost,6,0.06725303511330831,0.738095238095238,1.0,1.0,1.0,0.35294117647058826,1.0,0.21428571428571427,0.9845288326300985,E1 전체 기간,공정 값 23,부스팅
CatBoost,7,0.5372122368893942,0.19212962962962962,1.0,1.0,1.0,0.0,0.0,0.0,0.9654218533886584,E1 전체 기간,공정 값 23,부스팅
CatBoost,8,0.8639351568580524,0.6166666666666667,1.0,1.0,1.0,0.6666666666666666,0.5,1.0,0.9716386554621849,E1 전체 기간,공정 값 23,부스팅
CatBoost,9,0.9314616916899927,0.1748917748917749,1.0,1.0,1.0,0.0,0.0,0.0,0.9569444444444445,E1 전체 기간,공정 값 23,부스팅
CatBoost,10,0.20857878051245454,0.65625,1.0,1.0,1.0,0.5,0.75,0.375,0.9821428571428571,E1 전체 기간,공정 값 23,부스팅
CatBoost,11,0.49757994171078157,0.7435897435897436,1.0,1.0,1.0,0.3076923076923077,0.6666666666666666,0.2,0.9859353023909986,E1 전체 기간,공정 값 23,부스팅
CatBoost,12,0.5913657750189493,0.19120879120879122,1.0,1.0,1.0,0.0,0.0,0.0,0.966804979253112,E1 전체 기간,공정 값 23,부스팅
CatBoost,13,0.1640007247208989,0.17744883040935672,0.6666666666666666,1.0,1.0,0.15384615384615385,0.3333333333333333,0.1,0.9333333333333333,E1 전체 기간,공정 값 23,부스팅
CatBoost,14,0.740305584356992,0.6151315789473684,1.0,1.0,1.0,0.0,0.0,0.0,0.9747899159663865,E1 전체 기간,공정 값 23,부스팅
CatBoost,15,0.20102092544670602,0.6,1.0,1.0,1.0,0.4,0.5,0.3333333333333333,0.9705882352941176,E1 전체 기간,공정 값 23,부스팅
CatBoost,16,0.03523063324112116,0.7666666666666666,1.0,1.0,1.0,0.2857142857142857,1.0,0.16666666666666666,0.9901547116736991,E1 전체 기간,공정 값 23,부스팅
CatBoost,17,0.6279431806718724,0.1402116402116402,1.0,1.0,1.0,0.0,0.0,0.0,0.946058091286307,E1 전체 기간,공정 값 23,부스팅
CatBoost,18,0.915517014171139,0.2842948717948718,0.75,1.0,1.0,0.0,0.0,0.0,0.9548319327731093,E1 전체 기간,공정 값 23,부스팅
CatBoost,19,0.8800283141307997,0.164021164021164,1.0,1.0,1.0,0.0,0.0,0.0,0.9597222222222223,E1 전체 기간,공정 값 23,부스팅
CatBoost,20,0.5588884209792258,0.15317460317460319,1.0,1.0,1.0,0.0,0.0,0.0,0.9529737206085753,E1 전체 기간,공정 값 23,부스팅
CatBoost,21,0.6768258604060996,0.21031746031746035,1.0,1.0,1.0,0.0,0.0,0.0,0.9666666666666667,E1 전체 기간,공정 값 23,부스팅
CatBoost,22,0.10178812109611407,0.7019230769230769,1.0,1.0,1.0,0.42857142857142855,0.75,0.3,0.9873949579831933,E1 전체 기간,공정 값 23,부스팅
CatBoost,23,0.25890620696007294,0.5829831932773109,0.75,1.0,1.0,0.6666666666666666,0.5,1.0,0.9569327731092437,E1 전체 기간,공정 값 23,부스팅
CatBoost,24,0.8908381535162301,0.6333333333333333,1.0,1.0,1.0,0.0,0.0,0.0,0.9915611814345991,E1 전체 기간,공정 값 23,부스팅
CatBoost,25,0.42595603103650853,0.7463235294117647,1.0,1.0,1.0,0.75,0.75,0.75,0.9852941176470588,E1 전체 기간,공정 값 23,부스팅
CatBoost,26,0.9156594537455041,0.18472222222222223,1.0,1.0,1.0,0.0,0.0,0.0,0.9640387275242046,E1 전체 기간,공정 값 23,부스팅
CatBoost,27,0.20025491434582332,0.6201923076923077,1.0,1.0,1.0,0.4,0.5,0.3333333333333333,0.976890756302521,E1 전체 기간,공정 값 23,부스팅
CatBoost,28,0.6934630399499491,0.4444444444444445,1.0,1.0,1.0,0.0,0.0,0.0,0.9901547116736991,E1 전체 기간,공정 값 23,부스팅
CatBoost,29,0.578325430871388,0.6081871345029239,1.0,1.0,1.0,0.0,0.0,0.0,0.9763888888888889,E1 전체 기간,공정 값 23,부스팅
CatBoost,30,0.5358240995852341,0.7611111111111111,1.0,1.0,1.0,0.5,0.5,0.5,0.9926470588235293,E1 전체 기간,공정 값 23,부스팅
CatBoost,31,0.9136212880302353,0.07934472934472936,0.3333333333333333,1.0,1.0,0.0,0.0,0.0,0.9073305670816044,E1 전체 기간,공정 값 23,부스팅
CatBoost,32,0.0820218238131743,0.6742424242424243,1.0,1.0,1.0,0.5,1.0,0.3333333333333333,0.9863445378151261,E1 전체 기간,공정 값 23,부스팅
CatBoost,33,0.3022846870090199,0.24444444444444444,1.0,1.0,1.0,0.36363636363636365,0.6666666666666666,0.25,0.9718706047819972,E1 전체 기간,공정 값 23,부스팅
CatBoost,34,0.8607025726280567,0.3222222222222222,1.0,1.0,1.0,0.0,0.0,0.0,0.9819444444444444,E1 전체 기간,공정 값 23,부스팅
CatBoost,35,0.949679958177077,0.10798025503907857,0.6666666666666666,1.0,1.0,0.0,0.0,0.0,0.9336099585062241,E1 전체 기간,공정 값 23,부스팅
CatBoost,36,0.07860536735305632,0.6291666666666667,1.0,1.0,1.0,0.3333333333333333,0.75,0.21428571428571427,0.9789915966386554,E1 전체 기간,공정 값 23,부스팅
CatBoost,37,0.5809713635367444,0.775,1.0,1.0,1.0,0.0,0.0,0.0,0.9936974789915966,E1 전체 기간,공정 값 23,부스팅
CatBoost,38,0.04282722056696052,0.6936936936936937,0.6666666666666666,1.0,1.0,0.16,0.6666666666666666,0.09090909090909091,0.9521800281293952,E1 전체 기간,공정 값 23,부스팅
CatBoost,39,0.9256676119109699,0.14876847290640394,0.6666666666666666,1.0,1.0,0.0,0.0,0.0,0.9444444444444444,E1 전체 기간,공정 값 23,부스팅
CatBoost,40,0.22216847808149504,0.5961538461538461,0.75,1.0,1.0,0.3,0.75,0.1875,0.9663865546218487,E1 전체 기간,공정 값 23,부스팅
CatBoost,41,0.8433829612553764,0.7023809523809523,0.6666666666666666,1.0,1.0,0.8,0.6666666666666666,1.0,0.9648382559774964,E1 전체 기간,공정 값 23,부스팅
CatBoost,42,0.9053671993574439,0.28888888888888886,1.0,1.0,1.0,0.0,0.0,0.0,0.975103734439834,E1 전체 기간,공정 값 23,부스팅
CatBoost,43,0.14036245201870234,0.7178030303030303,0.75,1.0,1.0,0.42857142857142855,0.75,0.3,0.9684873949579832,E1 전체 기간,공정 값 23,부스팅
CatBoost,44,0.8318212527710429,0.373015873015873,1.0,1.0,1.0,0.0,0.0,0.0,0.9833333333333333,E1 전체 기간,공정 값 23,부스팅
CatBoost,45,0.17657140243221428,0.6904761904761905,1.0,1.0,1.0,0.36363636363636365,1.0,0.2222222222222222,0.9873949579831933,E1 전체 기간,공정 값 23,부스팅
CatBoost,46,0.696744207824465,0.19545454545454544,1.0,1.0,1.0,0.0,0.0,0.0,0.9585062240663901,E1 전체 기간,공정 값 23,부스팅
CatBoost,47,0.49192871000549804,0.1101449275362319,1.0,1.0,1.0,0.0,0.0,0.0,0.9347222222222221,E1 전체 기간,공정 값 23,부스팅
CatBoost,48,0.9502201866683533,0.5634920634920635,0.75,1.0,1.0,0.0,0.0,0.0,0.9474789915966386,E1 전체 기간,공정 값 23,부스팅
CatBoost,49,0.09895976343285846,0.7575757575757576,1.0,1.0,1.0,0.2857142857142857,1.0,0.16666666666666666,0.9887482419127989,E1 전체 기간,공정 값 23,부스팅
로지스틱 L2,0,0.48262124740933054,0.7022058823529411,0.75,0.75,1.0,0.75,0.75,0.75,0.9317226890756303,E1 전체 기간,공정 값 23 + 파생 전체,선형
로지스틱 L2,1,0.947612819252432,0.10267806267806268,1.0,1.0,1.0,0.0,0.0,0.0,0.9308437067773168,E1 전체 기간,공정 값 23 + 파생 전체,선형
로지스틱 L2,2,0.9000756091848223,0.15974025974025974,1.0,1.0,1.0,0.0,0.0,0.0,0.9541666666666667,E1 전체 기간,공정 값 23 + 파생 전체,선형
로지스틱 L2,3,0.6733417849597492,0.6031839622641509,0.75,0.75,0.75,0.5,0.5,0.5,0.8876050420168067,E1 전체 기간,공정 값 23 + 파생 전체,선형
로지스틱 L2,4,0.699333140007583,0.7777777777777777,1.0,1.0,1.0,0.4444444444444444,0.6666666666666666,0.3333333333333333,0.9915611814345991,E1 전체 기간,공정 값 23 + 파생 전체,선형
로지스틱 L2,5,0.37834760986316746,0.3458333333333333,1.0,1.0,1.0,0.36363636363636365,1.0,0.2222222222222222,0.9758403361344536,E1 전체 기간,공정 값 23 + 파생 전체,선형
로지스틱 L2,6,0.22200847306359947,0.37777777777777777,1.0,1.0,1.0,0.35294117647058826,1.0,0.21428571428571427,0.9845288326300985,E1 전체 기간,공정 값 23 + 파생 전체,선형
로지스틱 L2,7,0.7726293608980395,0.2542857142857143,1.0,1.0,1.0,0.4,0.3333333333333333,0.5,0.9515905947441217,E1 전체 기간,공정 값 23 + 파생 전체,선형
로지스틱 L2,8,0.8646498023569457,0.696590909090909,0.75,0.75,0.75,0.6666666666666666,0.5,1.0,0.8876050420168068,E1 전체 기간,공정 값 23 + 파생 전체,선형
로지스틱 L2,9,0.99930523016591,0.12693602693602693,1.0,1.0,1.0,0.0,0.0,0.0,0.9444444444444444,E1 전체 기간,공정 값 23 + 파생 전체,선형
로지스틱 L2,10,0.9072177149029053,0.6166666666666667,1.0,1.0,1.0,0.6666666666666666,0.5,1.0,0.9716386554621849,E1 전체 기간,공정 값 23 + 파생 전체,선형
로지스틱 L2,11,0.8941157744106738,0.7192982456140351,1.0,1.0,1.0,0.8,0.6666666666666666,1.0,0.9774964838255978,E1 전체 기간,공정 값 23 + 파생 전체,선형
로지스틱 L2,12,0.9163739631630599,0.5769230769230769,1.0,1.0,1.0,0.4,0.3333333333333333,0.5,0.9834024896265561,E1 전체 기간,공정 값 23 + 파생 전체,선형
로지스틱 L2,13,0.9885554279342103,0.7222222222222222,1.0,1.0,1.0,0.0,0.0,0.0,0.9944444444444445,E1 전체 기간,공정 값 23 + 파생 전체,선형
로지스틱 L2,14,0.8691165642745893,0.2584033613445378,0.75,0.75,0.75,0.3333333333333333,0.5,0.25,0.8592436974789915,E1 전체 기간,공정 값 23 + 파생 전체,선형
로지스틱 L2,15,0.9851844893120387,0.1271882879025736,0.75,0.75,0.75,0.0,0.0,0.0,0.7668067226890757,E1 전체 기간,공정 값 23 + 파생 전체,선형
로지스틱 L2,16,0.22629882386085387,0.9166666666666666,1.0,1.0,1.0,0.5454545454545454,1.0,0.375,0.9985935302390999,E1 전체 기간,공정 값 23 + 파생 전체,선형
로지스틱 L2,17,0.9985258858667222,0.13543123543123545,0.6666666666666666,1.0,1.0,0.0,0.0,0.0,0.9349930843706777,E1 전체 기간,공정 값 23 + 파생 전체,선형
로지스틱 L2,18,0.9484329259255032,0.75,1.0,1.0,1.0,0.6666666666666666,0.5,1.0,0.9926470588235293,E1 전체 기간,공정 값 23 + 파생 전체,선형
로지스틱 L2,19,0.3890947841555942,0.04852623358698219,0.3333333333333333,0.6666666666666666,0.6666666666666666,0.0,0.0,0.0,0.8180555555555555,E1 전체 기간,공정 값 23 + 파생 전체,선형
로지스틱 L2,20,0.9132645906484648,0.2103174603174603,1.0,1.0,1.0,0.0,0.0,0.0,0.966804979253112,E1 전체 기간,공정 값 23 + 파생 전체,선형
로지스틱 L2,21,0.9892812028799742,0.626984126984127,1.0,1.0,1.0,0.0,0.0,0.0,0.9833333333333334,E1 전체 기간,공정 값 23 + 파생 전체,선형
로지스틱 L2,22,0.17489738890204642,0.3443223443223443,0.75,0.75,0.75,0.3333333333333333,0.75,0.21428571428571427,0.9012605042016806,E1 전체 기간,공정 값 23 + 파생 전체,선형
로지스틱 L2,23,0.9136041703440634,0.5902777777777778,0.75,1.0,1.0,0.4,0.5,0.3333333333333333,0.9569327731092437,E1 전체 기간,공정 값 23 + 파생 전체,선형
로지스틱 L2,24,0.2721731497649143,0.6888888888888889,0.6666666666666666,1.0,1.0,0.23529411764705882,0.6666666666666666,0.14285714285714285,0.940928270042194,E1 전체 기간,공정 값 23 + 파생 전체,선형
로지스틱 L2,25,0.9996047654992412,0.48991935483870963,0.75,0.75,0.75,0.0,0.0,0.0,0.9033613445378151,E1 전체 기간,공정 값 23 + 파생 전체,선형
로지스틱 L2,26,0.7724991782181765,0.14267676767676768,1.0,1.0,1.0,0.0,0.0,0.0,0.9474412171507607,E1 전체 기간,공정 값 23 + 파생 전체,선형
로지스틱 L2,27,0.356416416199698,0.63375,1.0,1.0,1.0,0.5,0.75,0.375,0.9726890756302521,E1 전체 기간,공정 값 23 + 파생 전체,선형
로지스틱 L2,28,0.8995639567509106,0.34920634920634924,1.0,1.0,1.0,0.0,0.0,0.0,0.9789029535864979,E1 전체 기간,공정 값 23 + 파생 전체,선형
로지스틱 L2,29,0.9505308498594832,0.2240740740740741,1.0,1.0,1.0,0.2857142857142857,0.3333333333333333,0.25,0.9694444444444443,E1 전체 기간,공정 값 23 + 파생 전체,선형
로지스틱 L2,30,0.9340652368582527,0.38257575757575757,1.0,1.0,1.0,0.42857142857142855,0.75,0.3,0.9821428571428571,E1 전체 기간,공정 값 23 + 파생 전체,선형
로지스틱 L2,31,0.9996500292752161,0.07937937937937938,0.6666666666666666,0.6666666666666666,0.6666666666666666,0.0,0.0,0.0,0.8160442600276625,E1 전체 기간,공정 값 23 + 파생 전체,선형
로지스틱 L2,32,0.9999687024329386,0.7269230769230769,1.0,1.0,1.0,0.0,0.0,0.0,0.9884453781512605,E1 전체 기간,공정 값 23 + 파생 전체,선형
로지스틱 L2,33,0.8235850595692448,0.8095238095238095,1.0,1.0,1.0,0.4444444444444444,0.6666666666666666,0.3333333333333333,0.9943741209563994,E1 전체 기간,공정 값 23 + 파생 전체,선형
로지스틱 L2,34,0.9977365966530948,0.19924242424242425,1.0,1.0,1.0,0.0,0.0,0.0,0.9680555555555556,E1 전체 기간,공정 값 23 + 파생 전체,선형
로지스틱 L2,35,0.999994792472717,0.2037037037037037,0.6666666666666666,1.0,1.0,0.0,0.0,0.0,0.950207468879668,E1 전체 기간,공정 값 23 + 파생 전체,선형
로지스틱 L2,36,0.9318734464741042,0.6025995575221239,0.75,0.75,0.75,0.5,0.5,0.5,0.8802521008403362,E1 전체 기간,공정 값 23 + 파생 전체,선형
로지스틱 L2,37,0.9950921577003796,0.6706730769230769,1.0,1.0,1.0,0.6666666666666666,0.5,1.0,0.9852941176470589,E1 전체 기간,공정 값 23 + 파생 전체,선형
로지스틱 L2,38,0.11156551294368486,0.8095238095238095,1.0,1.0,1.0,0.2222222222222222,1.0,0.125,0.9943741209563994,E1 전체 기간,공정 값 23 + 파생 전체,선형
로지스틱 L2,39,0.8102995854851763,0.1388888888888889,0.6666666666666666,1.0,1.0,0.0,0.0,0.0,0.9152777777777779,E1 전체 기간,공정 값 23 + 파생 전체,선형
로지스틱 L2,40,0.35037823929705614,0.649390243902439,0.75,1.0,1.0,0.3,0.75,0.1875,0.957983193277311,E1 전체 기간,공정 값 23 + 파생 전체,선형
로지스틱 L2,41,0.8645690847052653,0.6794871794871794,0.6666666666666666,0.6666666666666666,0.6666666666666666,0.8,0.6666666666666666,1.0,0.8945147679324894,E1 전체 기간,공정 값 23 + 파생 전체,선형
로지스틱 L2,42,0.7031969101106019,0.4642857142857143,1.0,1.0,1.0,0.2857142857142857,0.3333333333333333,0.25,0.966804979253112,E1 전체 기간,공정 값 23 + 파생 전체,선형
로지스틱 L2,43,0.9050690370418025,0.3479437229437229,1.0,1.0,1.0,0.3333333333333333,0.5,0.25,0.976890756302521,E1 전체 기간,공정 값 23 + 파생 전체,선형
로지스틱 L2,44,0.9759256660488281,0.2369281045751634,0.6666666666666666,0.6666666666666666,1.0,0.0,0.0,0.0,0.9013888888888889,E1 전체 기간,공정 값 23 + 파생 전체,선형
로지스틱 L2,45,0.12819139590168074,0.45833333333333326,1.0,1.0,1.0,0.4,1.0,0.25,0.9873949579831932,E1 전체 기간,공정 값 23 + 파생 전체,선형
로지스틱 L2,46,0.9996739915812627,0.3611111111111111,1.0,1.0,1.0,0.0,0.0,0.0,0.9806362378976488,E1 전체 기간,공정 값 23 + 파생 전체,선형
로지스틱 L2,47,0.8516739862668202,0.12412587412587411,0.3333333333333333,0.6666666666666666,1.0,0.2857142857142857,0.3333333333333333,0.25,0.8750000000000001,E1 전체 기간,공정 값 23 + 파생 전체,선형
로지스틱 L2,48,0.8787612760297356,0.7916666666666667,1.0,1.0,1.0,0.6,0.75,0.5,0.9789915966386554,E1 전체 기간,공정 값 23 + 파생 전체,선형
로지스틱 L2,49,0.9884241832420699,0.6989247311827956,0.6666666666666666,1.0,1.0,0.8,0.6666666666666666,1.0,0.960618846694796,E1 전체 기간,공정 값 23 + 파생 전체,선형
랜덤포레스트,0,0.4762324258084496,0.39166666666666666,1.0,1.0,1.0,0.3333333333333333,0.25,0.5,0.9821428571428571,E1 전체 기간,공정 값 23 + 파생 전체,트리
랜덤포레스트,1,0.27055824179337,0.5740740740740741,0.6666666666666666,0.6666666666666666,1.0,0.36363636363636365,0.6666666666666666,0.25,0.9280774550484093,E1 전체 기간,공정 값 23 + 파생 전체,트리
랜덤포레스트,2,0.5342051419660067,0.5444444444444444,1.0,1.0,1.0,0.4,0.3333333333333333,0.5,0.9847222222222222,E1 전체 기간,공정 값 23 + 파생 전체,트리
랜덤포레스트,3,0.41373459705306054,0.71875,0.75,1.0,1.0,0.5,0.75,0.375,0.9695378151260504,E1 전체 기간,공정 값 23 + 파생 전체,트리
랜덤포레스트,4,0.6790594434154517,0.6333333333333333,1.0,1.0,1.0,0.4,0.3333333333333333,0.5,0.9915611814345991,E1 전체 기간,공정 값 23 + 파생 전체,트리
랜덤포레스트,5,0.4019947800275812,0.6458333333333333,1.0,1.0,1.0,0.5714285714285714,1.0,0.4,0.9947478991596639,E1 전체 기간,공정 값 23 + 파생 전체,트리
랜덤포레스트,6,0.40667454366743144,0.8333333333333333,1.0,1.0,1.0,0.6666666666666666,1.0,0.5,0.9957805907172996,E1 전체 기간,공정 값 23 + 파생 전체,트리
랜덤포레스트,7,0.3371830298997766,0.5555555555555556,1.0,1.0,1.0,0.6666666666666666,1.0,0.5,0.9930843706777317,E1 전체 기간,공정 값 23 + 파생 전체,트리
랜덤포레스트,8,0.41400493486041806,0.3235119047619047,0.75,1.0,1.0,0.3333333333333333,0.25,0.5,0.9611344537815125,E1 전체 기간,공정 값 23 + 파생 전체,트리
랜덤포레스트,9,0.5693215623777585,0.4434968017057569,0.6666666666666666,0.6666666666666666,1.0,0.4,0.3333333333333333,0.5,0.9041666666666667,E1 전체 기간,공정 값 23 + 파생 전체,트리
랜덤포레스트,10,0.5676646679677961,0.24646805896805896,0.75,0.75,0.75,0.3333333333333333,0.25,0.5,0.9065126050420168,E1 전체 기간,공정 값 23 + 파생 전체,트리
랜덤포레스트,11,0.4817616477007612,0.7435897435897436,1.0,1.0,1.0,0.36363636363636365,0.6666666666666666,0.25,0.9859353023909986,E1 전체 기간,공정 값 23 + 파생 전체,트리
랜덤포레스트,12,0.3463356424400464,0.7222222222222222,1.0,1.0,1.0,0.5454545454545454,1.0,0.375,0.9944674965421854,E1 전체 기간,공정 값 23 + 파생 전체,트리
랜덤포레스트,13,0.336102847728665,0.4588235294117647,1.0,1.0,1.0,0.18181818181818182,0.3333333333333333,0.125,0.9694444444444444,E1 전체 기간,공정 값 23 + 파생 전체,트리
랜덤포레스트,14,0.3685958494538997,0.38448275862068965,0.75,1.0,1.0,0.6,0.75,0.5,0.9663865546218487,E1 전체 기간,공정 값 23 + 파생 전체,트리
랜덤포레스트,15,0.24287520115650746,0.10161541889483065,0.75,0.75,1.0,0.0,0.0,0.0,0.9012605042016807,E1 전체 기간,공정 값 23 + 파생 전체,트리
랜덤포레스트,16,0.4425177210237063,0.8333333333333333,1.0,1.0,1.0,0.6666666666666666,1.0,0.5,0.9957805907172996,E1 전체 기간,공정 값 23 + 파생 전체,트리
랜덤포레스트,17,0.45677473450606876,0.5333333333333333,1.0,1.0,1.0,0.46153846153846156,1.0,0.3,0.9930843706777317,E1 전체 기간,공정 값 23 + 파생 전체,트리
랜덤포레스트,18,0.5422896687195681,0.33888888888888885,1.0,1.0,1.0,0.0,0.0,0.0,0.9737394957983193,E1 전체 기간,공정 값 23 + 파생 전체,트리
랜덤포레스트,19,0.4610127335632566,0.3032407407407407,1.0,1.0,1.0,0.2857142857142857,0.3333333333333333,0.25,0.9708333333333333,E1 전체 기간,공정 값 23 + 파생 전체,트리
랜덤포레스트,20,0.27433063437624106,0.3533333333333333,0.6666666666666666,0.6666666666666666,1.0,0.3076923076923077,0.6666666666666666,0.2,0.9308437067773168,E1 전체 기간,공정 값 23 + 파생 전체,트리
랜덤포레스트,21,0.4463387896312876,0.5317460317460317,1.0,1.0,1.0,0.5714285714285714,0.6666666666666666,0.5,0.9916666666666666,E1 전체 기간,공정 값 23 + 파생 전체,트리
랜덤포레스트,22,0.4399843638501283,0.25734478935698446,0.75,1.0,1.0,0.3333333333333333,0.25,0.5,0.9411764705882353,E1 전체 기간,공정 값 23 + 파생 전체,트리
랜덤포레스트,23,0.37164826482751784,0.8541666666666666,1.0,1.0,1.0,0.6666666666666666,1.0,0.5,0.9968487394957983,E1 전체 기간,공정 값 23 + 파생 전체,트리
랜덤포레스트,24,0.267542659135913,0.8666666666666667,1.0,1.0,1.0,0.4,1.0,0.25,0.9971870604781997,E1 전체 기간,공정 값 23 + 파생 전체,트리
랜덤포레스트,25,0.4430088830516445,0.17496639784946236,0.75,1.0,1.0,0.25,0.25,0.25,0.9411764705882352,E1 전체 기간,공정 값 23 + 파생 전체,트리
랜덤포레스트,26,0.5298557368081834,0.3464912280701754,0.6666666666666666,0.6666666666666666,0.6666666666666666,0.5714285714285714,0.6666666666666666,0.5,0.8948824343015214,E1 전체 기간,공정 값 23 + 파생 전체,트리
랜덤포레스트,27,0.5160836450966652,0.7784090909090909,1.0,1.0,1.0,0.75,0.75,0.75,0.9915966386554622,E1 전체 기간,공정 값 23 + 파생 전체,트리
랜덤포레스트,28,0.361417593424918,0.6388888888888888,1.0,1.0,1.0,0.6666666666666666,1.0,0.5,0.9957805907172996,E1 전체 기간,공정 값 23 + 파생 전체,트리
랜덤포레스트,29,0.45844459944920524,0.6805555555555556,1.0,1.0,1.0,0.5714285714285714,0.6666666666666666,0.5,0.9916666666666666,E1 전체 기간,공정 값 23 + 파생 전체,트리
랜덤포레스트,30,0.5909221971656625,0.5061403508771929,1.0,1.0,1.0,0.5,0.5,0.5,0.9653361344537815,E1 전체 기간,공정 값 23 + 파생 전체,트리
랜덤포레스트,31,0.42256434046501506,0.2636363636363636,0.6666666666666666,1.0,1.0,0.2857142857142857,0.3333333333333333,0.25,0.946058091286307,E1 전체 기간,공정 값 23 + 파생 전체,트리
랜덤포레스트,32,0.5136930810965774,0.6636986301369863,0.75,0.75,1.0,0.6666666666666666,0.5,1.0,0.9254201680672268,E1 전체 기간,공정 값 23 + 파생 전체,트리
랜덤포레스트,33,0.48904096507787725,0.8055555555555556,1.0,1.0,1.0,0.6666666666666666,1.0,0.5,0.9971870604781997,E1 전체 기간,공정 값 23 + 파생 전체,트리
랜덤포레스트,34,0.39289430499899597,0.5138888888888888,1.0,1.0,1.0,0.46153846153846156,1.0,0.3,0.9902777777777777,E1 전체 기간,공정 값 23 + 파생 전체,트리
랜덤포레스트,35,0.4599064561643498,0.5353535353535354,1.0,1.0,1.0,0.4444444444444444,0.6666666666666666,0.3333333333333333,0.9834024896265561,E1 전체 기간,공정 값 23 + 파생 전체,트리
랜덤포레스트,36,0.43149657389994367,0.7275,1.0,1.0,1.0,0.6,0.75,0.5,0.976890756302521,E1 전체 기간,공정 값 23 + 파생 전체,트리
랜덤포레스트,37,0.4951470213384689,0.6916666666666667,1.0,1.0,1.0,0.8,1.0,0.6666666666666666,0.9936974789915967,E1 전체 기간,공정 값 23 + 파생 전체,트리
랜덤포레스트,38,0.4071854676889794,0.3984615384615385,0.3333333333333333,1.0,1.0,0.2857142857142857,0.3333333333333333,0.25,0.9353023909985935,E1 전체 기간,공정 값 23 + 파생 전체,트리
랜덤포레스트,39,0.6038716539751645,0.4017094017094017,0.6666666666666666,0.6666666666666666,0.6666666666666666,0.4,0.3333333333333333,0.5,0.8930555555555555,E1 전체 기간,공정 값 23 + 파생 전체,트리
랜덤포레스트,40,0.44678421538806795,0.9166666666666666,1.0,1.0,1.0,0.6666666666666666,1.0,0.5,0.9978991596638656,E1 전체 기간,공정 값 23 + 파생 전체,트리
랜덤포레스트,41,0.45367116208181063,0.304093567251462,0.6666666666666666,1.0,1.0,0.4444444444444444,0.6666666666666666,0.3333333333333333,0.9451476793248945,E1 전체 기간,공정 값 23 + 파생 전체,트리
랜덤포레스트,42,0.5024605967590057,0.409297052154195,0.6666666666666666,1.0,1.0,0.5714285714285714,0.6666666666666666,0.5,0.9336099585062241,E1 전체 기간,공정 값 23 + 파생 전체,트리
랜덤포레스트,43,0.45969927991238696,0.4041666666666667,1.0,1.0,1.0,0.5,0.5,0.5,0.9726890756302521,E1 전체 기간,공정 값 23 + 파생 전체,트리
랜덤포레스트,44,0.5718985161206711,0.5888888888888889,1.0,1.0,1.0,0.4,0.3333333333333333,0.5,0.9944444444444445,E1 전체 기간,공정 값 23 + 파생 전체,트리
랜덤포레스트,45,0.4533141937571218,0.42078754578754574,1.0,1.0,1.0,0.4,0.5,0.3333333333333333,0.9768907563025211,E1 전체 기간,공정 값 23 + 파생 전체,트리
랜덤포레스트,46,0.4473133343737006,0.5,1.0,1.0,1.0,0.5454545454545454,1.0,0.375,0.991701244813278,E1 전체 기간,공정 값 23 + 파생 전체,트리
랜덤포레스트,47,0.33892856364013674,0.3,0.6666666666666666,1.0,1.0,0.4444444444444444,0.6666666666666666,0.3333333333333333,0.9347222222222221,E1 전체 기간,공정 값 23 + 파생 전체,트리
랜덤포레스트,48,0.3873105895373316,0.6202956989247311,0.75,0.75,1.0,0.75,0.75,0.75,0.9369747899159664,E1 전체 기간,공정 값 23 + 파생 전체,트리
랜덤포레스트,49,0.45435356135967053,0.8095238095238095,1.0,1.0,1.0,0.5714285714285714,0.6666666666666666,0.5,0.9943741209563994,E1 전체 기간,공정 값 23 + 파생 전체,트리
엑스트라트리,0,0.3052874531238,0.7708333333333333,1.0,1.0,1.0,0.75,0.75,0.75,0.990546218487395,E1 전체 기간,공정 값 23 + 파생 전체,트리
엑스트라트리,1,0.5035793398461375,0.5972222222222222,1.0,1.0,1.0,0.4,0.3333333333333333,0.5,0.9695712309820194,E1 전체 기간,공정 값 23 + 파생 전체,트리
엑스트라트리,2,0.3858602899678119,0.21666666666666667,1.0,1.0,1.0,0.0,0.0,0.0,0.9708333333333333,E1 전체 기간,공정 값 23 + 파생 전체,트리
엑스트라트리,3,0.27763628893966685,0.7152777777777778,0.75,1.0,1.0,0.75,0.75,0.75,0.9653361344537815,E1 전체 기간,공정 값 23 + 파생 전체,트리
엑스트라트리,4,0.4251460470945913,0.4777777777777778,1.0,1.0,1.0,0.5714285714285714,0.6666666666666666,0.5,0.9915611814345991,E1 전체 기간,공정 값 23 + 파생 전체,트리
엑스트라트리,5,0.3828929429745306,0.8541666666666666,1.0,1.0,1.0,0.8,1.0,0.6666666666666666,0.9968487394957983,E1 전체 기간,공정 값 23 + 파생 전체,트리
엑스트라트리,6,0.2363644142437539,0.7916666666666666,1.0,1.0,1.0,0.46153846153846156,1.0,0.3,0.9929676511954993,E1 전체 기간,공정 값 23 + 파생 전체,트리
엑스트라트리,7,0.5244471597969661,0.6666666666666667,1.0,1.0,1.0,0.4,0.3333333333333333,0.5,0.9930843706777317,E1 전체 기간,공정 값 23 + 파생 전체,트리
엑스트라트리,8,0.39805438261862186,0.7067307692307692,0.75,0.75,1.0,0.6666666666666666,0.5,1.0,0.948529411764706,E1 전체 기간,공정 값 23 + 파생 전체,트리
엑스트라트리,9,0.40914866609188605,0.49444444444444446,0.6666666666666666,1.0,1.0,0.4,0.3333333333333333,0.5,0.9500000000000001,E1 전체 기간,공정 값 23 + 파생 전체,트리
엑스트라트리,10,0.32437567885797614,0.7092391304347826,0.75,1.0,1.0,0.75,0.75,0.75,0.9548319327731092,E1 전체 기간,공정 값 23 + 파생 전체,트리
엑스트라트리,11,0.3004547046070244,0.8095238095238095,1.0,1.0,1.0,0.5714285714285714,0.6666666666666666,0.5,0.9943741209563994,E1 전체 기간,공정 값 23 + 파생 전체,트리
엑스트라트리,12,0.5901828839159159,0.5888888888888889,1.0,1.0,1.0,0.0,0.0,0.0,0.9944674965421854,E1 전체 기간,공정 값 23 + 파생 전체,트리
엑스트라트리,13,0.3437329166084018,0.5222222222222221,1.0,1.0,1.0,0.4,0.3333333333333333,0.5,0.975,E1 전체 기간,공정 값 23 + 파생 전체,트리
엑스트라트리,14,0.4505805997031185,0.711890243902439,0.75,1.0,1.0,0.6,0.75,0.5,0.9600840336134454,E1 전체 기간,공정 값 23 + 파생 전체,트리
엑스트라트리,15,0.2262742064356014,0.575187969924812,0.75,1.0,1.0,0.5,0.5,0.5,0.957983193277311,E1 전체 기간,공정 값 23 + 파생 전체,트리
엑스트라트리,16,0.2685658092475653,0.8333333333333333,1.0,1.0,1.0,0.5454545454545454,1.0,0.375,0.9957805907172996,E1 전체 기간,공정 값 23 + 파생 전체,트리
엑스트라트리,17,0.5966405587948821,0.5555555555555556,1.0,1.0,1.0,0.0,0.0,0.0,0.9930843706777317,E1 전체 기간,공정 값 23 + 파생 전체,트리
엑스트라트리,18,0.3506516044807617,0.8125,1.0,1.0,1.0,0.6666666666666666,0.5,1.0,0.9947478991596638,E1 전체 기간,공정 값 23 + 파생 전체,트리
엑스트라트리,19,0.5947075210685739,0.6666666666666667,1.0,1.0,1.0,0.0,0.0,0.0,0.9930555555555556,E1 전체 기간,공정 값 23 + 파생 전체,트리
엑스트라트리,20,0.3051750806203032,0.3717948717948718,0.6666666666666666,1.0,1.0,0.5714285714285714,0.6666666666666666,0.5,0.9640387275242047,E1 전체 기간,공정 값 23 + 파생 전체,트리
엑스트라트리,21,0.39405586481423405,0.7,1.0,1.0,1.0,0.0,0.0,0.0,0.9944444444444445,E1 전체 기간,공정 값 23 + 파생 전체,트리
엑스트라트리,22,0.2865859475836531,0.711890243902439,0.75,1.0,1.0,0.75,0.75,0.75,0.9600840336134454,E1 전체 기간,공정 값 23 + 파생 전체,트리
엑스트라트리,23,0.23414011492354642,0.8541666666666666,1.0,1.0,1.0,0.8,1.0,0.6666666666666666,0.9968487394957983,E1 전체 기간,공정 값 23 + 파생 전체,트리
엑스트라트리,24,0.3575465878299504,0.8666666666666667,1.0,1.0,1.0,0.5714285714285714,0.6666666666666666,0.5,0.9971870604781997,E1 전체 기간,공정 값 23 + 파생 전체,트리
엑스트라트리,25,0.27889608686534495,0.37037037037037035,0.75,1.0,1.0,0.6,0.75,0.5,0.9684873949579832,E1 전체 기간,공정 값 23 + 파생 전체,트리
엑스트라트리,26,0.38845366809123416,0.35416666666666663,0.6666666666666666,1.0,1.0,0.4,0.3333333333333333,0.5,0.9336099585062241,E1 전체 기간,공정 값 23 + 파생 전체,트리
엑스트라트리,27,0.2741356290489649,0.8303571428571428,1.0,1.0,1.0,0.75,0.75,0.75,0.9957983193277311,E1 전체 기간,공정 값 23 + 파생 전체,트리
엑스트라트리,28,0.35970620971369754,0.9166666666666666,1.0,1.0,1.0,0.8571428571428571,1.0,0.75,0.9985935302390999,E1 전체 기간,공정 값 23 + 파생 전체,트리
엑스트라트리,29,0.6009935077303009,0.7,1.0,1.0,1.0,0.0,0.0,0.0,0.9944444444444445,E1 전체 기간,공정 값 23 + 파생 전체,트리
엑스트라트리,30,0.40868819157723313,0.8928571428571428,1.0,1.0,1.0,0.6666666666666666,1.0,0.5,0.9968487394957983,E1 전체 기간,공정 값 23 + 파생 전체,트리
엑스트라트리,31,0.392565089852562,0.09580498866213152,0.6666666666666666,1.0,1.0,0.0,0.0,0.0,0.9045643153526971,E1 전체 기간,공정 값 23 + 파생 전체,트리
엑스트라트리,32,0.33123657674413787,0.7785714285714286,0.75,1.0,1.0,0.75,0.75,0.75,0.967436974789916,E1 전체 기간,공정 값 23 + 파생 전체,트리
엑스트라트리,33,0.3029664699671868,0.7777777777777777,1.0,1.0,1.0,0.5714285714285714,0.6666666666666666,0.5,0.9915611814345991,E1 전체 기간,공정 값 23 + 파생 전체,트리
엑스트라트리,34,0.5697297174708802,0.6666666666666667,1.0,1.0,1.0,0.0,0.0,0.0,0.9930555555555556,E1 전체 기간,공정 값 23 + 파생 전체,트리
엑스트라트리,35,0.47929589870916867,0.5666666666666667,1.0,1.0,1.0,0.2857142857142857,0.3333333333333333,0.25,0.9861687413554634,E1 전체 기간,공정 값 23 + 파생 전체,트리
엑스트라트리,36,0.3289179495603077,0.7178030303030303,0.75,1.0,1.0,0.75,0.75,0.75,0.9684873949579832,E1 전체 기간,공정 값 23 + 파생 전체,트리
엑스트라트리,37,0.37873388445529954,0.8875,1.0,1.0,1.0,0.8,1.0,0.6666666666666666,0.9978991596638656,E1 전체 기간,공정 값 23 + 파생 전체,트리
엑스트라트리,38,0.3362019727777323,1.0,1.0,1.0,1.0,0.8,0.6666666666666666,1.0,1.0,E1 전체 기간,공정 값 23 + 파생 전체,트리
엑스트라트리,39,0.2948678969764805,0.42013888888888884,0.6666666666666666,1.0,1.0,0.4,0.3333333333333333,0.5,0.9569444444444444,E1 전체 기간,공정 값 23 + 파생 전체,트리
엑스트라트리,40,0.2473415457574314,0.85,1.0,1.0,1.0,0.4444444444444444,1.0,0.2857142857142857,0.9936974789915967,E1 전체 기간,공정 값 23 + 파생 전체,트리
엑스트라트리,41,0.39173916639307066,0.6904761904761905,0.6666666666666666,1.0,1.0,0.5714285714285714,0.6666666666666666,0.5,0.9451476793248945,E1 전체 기간,공정 값 23 + 파생 전체,트리
엑스트라트리,42,0.36493011881631154,0.532258064516129,0.6666666666666666,1.0,1.0,0.5714285714285714,0.6666666666666666,0.5,0.95850622406639,E1 전체 기간,공정 값 23 + 파생 전체,트리
엑스트라트리,43,0.3013339844753113,0.8303571428571428,1.0,1.0,1.0,0.6,0.75,0.5,0.9957983193277311,E1 전체 기간,공정 값 23 + 파생 전체,트리
엑스트라트리,44,0.41456786021874037,0.5888888888888889,1.0,1.0,1.0,0.0,0.0,0.0,0.9944444444444445,E1 전체 기간,공정 값 23 + 파생 전체,트리
엑스트라트리,45,0.30110940526321855,0.875,1.0,1.0,1.0,0.6666666666666666,1.0,0.5,0.995798319327731,E1 전체 기간,공정 값 23 + 파생 전체,트리
엑스트라트리,46,0.5423409623905963,0.4027777777777778,1.0,1.0,1.0,0.0,0.0,0.0,0.9861687413554633,E1 전체 기간,공정 값 23 + 파생 전체,트리
엑스트라트리,47,0.3985332552885622,0.3508771929824561,0.6666666666666666,0.6666666666666666,1.0,0.5714285714285714,0.6666666666666666,0.5,0.9208333333333334,E1 전체 기간,공정 값 23 + 파생 전체,트리
엑스트라트리,48,0.29986849892077105,0.7884615384615384,0.75,1.0,1.0,0.75,0.75,0.75,0.976890756302521,E1 전체 기간,공정 값 23 + 파생 전체,트리
엑스트라트리,49,0.21613933347693925,1.0,1.0,1.0,1.0,0.46153846153846156,1.0,0.3,1.0,E1 전체 기간,공정 값 23 + 파생 전체,트리
GradientBoosting,0,0.03682946489178974,0.75,1.0,1.0,1.0,0.6666666666666666,0.5,1.0,0.9926470588235293,E1 전체 기간,공정 값 23 + 파생 전체,부스팅
GradientBoosting,1,0.8798697529974595,0.38207282913165264,0.6666666666666666,0.6666666666666666,0.6666666666666666,0.0,0.0,0.0,0.8381742738589211,E1 전체 기간,공정 값 23 + 파생 전체,부스팅
GradientBoosting,2,0.059109904133508265,0.2409090909090909,1.0,1.0,1.0,0.0,0.0,0.0,0.975,E1 전체 기간,공정 값 23 + 파생 전체,부스팅
GradientBoosting,3,0.02011822278500791,0.6805555555555556,1.0,1.0,1.0,0.6,0.75,0.5,0.9821428571428571,E1 전체 기간,공정 값 23 + 파생 전체,부스팅
GradientBoosting,4,0.16730481294479388,0.6709585121602288,0.6666666666666666,0.6666666666666666,0.6666666666666666,0.5714285714285714,0.6666666666666666,0.5,0.6765119549929676,E1 전체 기간,공정 값 23 + 파생 전체,부스팅
GradientBoosting,5,0.1947250252880689,0.6651785714285714,1.0,1.0,1.0,0.6666666666666666,0.5,1.0,0.9842436974789917,E1 전체 기간,공정 값 23 + 파생 전체,부스팅
GradientBoosting,6,0.03311624645062811,0.712121212121212,1.0,1.0,1.0,0.4444444444444444,0.6666666666666666,0.3333333333333333,0.9732770745428974,E1 전체 기간,공정 값 23 + 파생 전체,부스팅
GradientBoosting,7,0.7894923096393968,0.46944444444444444,0.6666666666666666,1.0,1.0,0.0,0.0,0.0,0.9432918395573997,E1 전체 기간,공정 값 23 + 파생 전체,부스팅
GradientBoosting,8,0.013219863654950058,0.7232142857142857,0.75,1.0,1.0,0.6,0.75,0.5,0.9737394957983194,E1 전체 기간,공정 값 23 + 파생 전체,부스팅
GradientBoosting,9,0.4831739048190475,0.37749287749287747,0.3333333333333333,0.6666666666666666,1.0,0.0,0.0,0.0,0.8958333333333333,E1 전체 기간,공정 값 23 + 파생 전체,부스팅
GradientBoosting,10,0.00503687175044742,0.5078074499030382,0.5,0.5,0.5,0.3333333333333333,0.5,0.25,0.5388655462184874,E1 전체 기간,공정 값 23 + 파생 전체,부스팅
GradientBoosting,11,0.03812214749792642,0.7777777777777777,1.0,1.0,1.0,0.8,0.6666666666666666,1.0,0.9915611814345991,E1 전체 기간,공정 값 23 + 파생 전체,부스팅
GradientBoosting,12,0.9611290081596124,0.6555555555555554,1.0,1.0,1.0,0.0,0.0,0.0,0.9889349930843707,E1 전체 기간,공정 값 23 + 파생 전체,부스팅
GradientBoosting,13,0.0809918089165922,0.3088235294117647,1.0,1.0,1.0,0.0,0.0,0.0,0.9708333333333333,E1 전체 기간,공정 값 23 + 파생 전체,부스팅
GradientBoosting,14,0.006966645842985436,0.7351190476190477,1.0,1.0,1.0,0.5,0.75,0.375,0.98109243697479,E1 전체 기간,공정 값 23 + 파생 전체,부스팅
GradientBoosting,15,0.16901731182590737,0.5511599005799503,0.75,0.75,0.75,0.6666666666666666,0.5,1.0,0.8403361344537815,E1 전체 기간,공정 값 23 + 파생 전체,부스팅
GradientBoosting,16,0.7491362421528686,0.9166666666666666,1.0,1.0,1.0,0.8,0.6666666666666666,1.0,0.9985935302390999,E1 전체 기간,공정 값 23 + 파생 전체,부스팅
GradientBoosting,17,0.11968540367953978,0.3930211202938475,0.6666666666666666,0.6666666666666666,0.6666666666666666,0.4,0.3333333333333333,0.5,0.6666666666666666,E1 전체 기간,공정 값 23 + 파생 전체,부스팅
GradientBoosting,18,0.5585821759199993,0.5853365384615384,0.75,1.0,1.0,0.6666666666666666,0.5,1.0,0.9632352941176471,E1 전체 기간,공정 값 23 + 파생 전체,부스팅
GradientBoosting,19,0.9728905797400225,0.3909090909090909,1.0,1.0,1.0,0.0,0.0,0.0,0.9833333333333334,E1 전체 기간,공정 값 23 + 파생 전체,부스팅
GradientBoosting,20,0.6168197074522461,0.20860566448801743,0.6666666666666666,0.6666666666666666,0.6666666666666666,0.0,0.0,0.0,0.6984785615491009,E1 전체 기간,공정 값 23 + 파생 전체,부스팅
GradientBoosting,21,0.9582277024647767,0.519298245614035,1.0,1.0,1.0,0.0,0.0,0.0,0.9736111111111111,E1 전체 기간,공정 값 23 + 파생 전체,부스팅
GradientBoosting,22,0.10861879012394099,0.6726190476190477,1.0,1.0,1.0,0.6666666666666666,0.5,1.0,0.9789915966386555,E1 전체 기간,공정 값 23 + 파생 전체,부스팅
GradientBoosting,23,0.6108770420703307,0.8541666666666666,1.0,1.0,1.0,0.6666666666666666,0.5,1.0,0.9968487394957983,E1 전체 기간,공정 값 23 + 파생 전체,부스팅
GradientBoosting,24,0.841912849122958,0.8666666666666667,1.0,1.0,1.0,0.8,0.6666666666666666,1.0,0.9971870604781997,E1 전체 기간,공정 값 23 + 파생 전체,부스팅
GradientBoosting,25,0.0066929766213857395,0.6838235294117647,1.0,1.0,1.0,0.5,0.75,0.375,0.9831932773109243,E1 전체 기간,공정 값 23 + 파생 전체,부스팅
GradientBoosting,26,0.9768745176222341,0.22370370370370368,0.6666666666666666,0.6666666666666666,1.0,0.0,0.0,0.0,0.9114799446749654,E1 전체 기간,공정 값 23 + 파생 전체,부스팅
GradientBoosting,27,0.02434635258111346,0.7309782608695652,1.0,1.0,1.0,0.75,0.75,0.75,0.9789915966386555,E1 전체 기간,공정 값 23 + 파생 전체,부스팅
GradientBoosting,28,0.2361797483793269,0.9166666666666666,1.0,1.0,1.0,0.8,0.6666666666666666,1.0,0.9985935302390999,E1 전체 기간,공정 값 23 + 파생 전체,부스팅
GradientBoosting,29,0.11068795447369367,0.12261904761904763,0.6666666666666666,1.0,1.0,0.0,0.0,0.0,0.936111111111111,E1 전체 기간,공정 값 23 + 파생 전체,부스팅
GradientBoosting,30,0.01416974884973242,0.6742424242424243,1.0,1.0,1.0,0.4,0.5,0.3333333333333333,0.9863445378151261,E1 전체 기간,공정 값 23 + 파생 전체,부스팅
GradientBoosting,31,0.9196009805568718,0.19761904761904764,1.0,1.0,1.0,0.0,0.0,0.0,0.9598893499308437,E1 전체 기간,공정 값 23 + 파생 전체,부스팅
GradientBoosting,32,0.34918661995209704,0.7756410256410257,0.75,1.0,1.0,0.75,0.75,0.75,0.963235294117647,E1 전체 기간,공정 값 23 + 파생 전체,부스팅
GradientBoosting,33,0.019546384299700934,0.3366013071895425,1.0,1.0,1.0,0.4444444444444444,0.6666666666666666,0.3333333333333333,0.9746835443037976,E1 전체 기간,공정 값 23 + 파생 전체,부스팅
GradientBoosting,34,0.973793733120955,0.5042194092827004,0.6666666666666666,0.6666666666666666,0.6666666666666666,0.0,0.0,0.0,0.6722222222222222,E1 전체 기간,공정 값 23 + 파생 전체,부스팅
GradientBoosting,35,0.9122102573937424,0.3595238095238095,1.0,1.0,1.0,0.0,0.0,0.0,0.9861687413554633,E1 전체 기간,공정 값 23 + 파생 전체,부스팅
GradientBoosting,36,0.00412385985641714,0.6276315789473684,1.0,1.0,1.0,0.3,0.75,0.1875,0.976890756302521,E1 전체 기간,공정 값 23 + 파생 전체,부스팅
GradientBoosting,37,0.018429164539775677,0.6133578431372548,0.75,0.75,1.0,0.4,0.5,0.3333333333333333,0.9453781512605042,E1 전체 기간,공정 값 23 + 파생 전체,부스팅
GradientBoosting,38,0.43061306588469217,0.7575757575757576,1.0,1.0,1.0,0.8,0.6666666666666666,1.0,0.9887482419127989,E1 전체 기간,공정 값 23 + 파생 전체,부스팅
GradientBoosting,39,0.004033716367706679,0.09354707792207792,0.6666666666666666,0.6666666666666666,1.0,0.2,0.3333333333333333,0.14285714285714285,0.8791666666666668,E1 전체 기간,공정 값 23 + 파생 전체,부스팅
GradientBoosting,40,0.06353160802135899,0.8875,1.0,1.0,1.0,0.8,1.0,0.6666666666666666,0.9978991596638656,E1 전체 기간,공정 값 23 + 파생 전체,부스팅
GradientBoosting,41,0.006447865126343063,0.7166666666666667,1.0,1.0,1.0,0.36363636363636365,0.6666666666666666,0.25,0.9760900140646976,E1 전체 기간,공정 값 23 + 파생 전체,부스팅
GradientBoosting,42,0.9576360231816466,0.12222125148038131,0.3333333333333333,0.3333333333333333,0.3333333333333333,0.0,0.0,0.0,0.5435684647302904,E1 전체 기간,공정 값 23 + 파생 전체,부스팅
GradientBoosting,43,0.010001597654515002,0.6916666666666667,1.0,1.0,1.0,0.5,0.75,0.375,0.9852941176470588,E1 전체 기간,공정 값 23 + 파생 전체,부스팅
GradientBoosting,44,0.9570705878510033,0.5714285714285714,1.0,1.0,1.0,0.0,0.0,0.0,0.9819444444444445,E1 전체 기간,공정 값 23 + 파생 전체,부스팅
GradientBoosting,45,0.46356115100528356,0.6542372881355932,0.75,0.75,0.75,0.5,0.5,0.5,0.7542016806722689,E1 전체 기간,공정 값 23 + 파생 전체,부스팅
GradientBoosting,46,0.9666289293834069,0.10119047619047619,0.6666666666666666,1.0,1.0,0.0,0.0,0.0,0.9280774550484094,E1 전체 기간,공정 값 23 + 파생 전체,부스팅
GradientBoosting,47,0.44908190214481564,0.2986111111111111,0.6666666666666666,1.0,1.0,0.2857142857142857,0.3333333333333333,0.25,0.9305555555555556,E1 전체 기간,공정 값 23 + 파생 전체,부스팅
GradientBoosting,48,0.8545238185896519,0.7578740157480315,0.75,0.75,0.75,0.6666666666666666,0.5,1.0,0.8707983193277311,E1 전체 기간,공정 값 23 + 파생 전체,부스팅
GradientBoosting,49,0.6926357818205742,1.0,1.0,1.0,1.0,0.8,0.6666666666666666,1.0,1.0,E1 전체 기간,공정 값 23 + 파생 전체,부스팅
HistGradientBoosting,0,0.16125279802658374,0.8541666666666666,1.0,1.0,1.0,0.6666666666666666,0.5,1.0,0.9968487394957983,E1 전체 기간,공정 값 23 + 파생 전체,부스팅
HistGradientBoosting,1,0.0020991623123507224,0.5888888888888888,0.6666666666666666,1.0,1.0,0.36363636363636365,0.6666666666666666,0.25,0.9612724757952973,E1 전체 기간,공정 값 23 + 파생 전체,부스팅
HistGradientBoosting,2,0.9896043210146873,0.5833333333333333,1.0,1.0,1.0,0.0,0.0,0.0,0.9847222222222223,E1 전체 기간,공정 값 23 + 파생 전체,부스팅
HistGradientBoosting,3,0.01238556952693127,0.6917372881355932,0.75,0.75,0.75,0.6,0.75,0.5,0.7552521008403361,E1 전체 기간,공정 값 23 + 파생 전체,부스팅
HistGradientBoosting,4,0.2117699069061149,0.8666666666666667,1.0,1.0,1.0,0.6666666666666666,1.0,0.5,0.9971870604781997,E1 전체 기간,공정 값 23 + 파생 전체,부스팅
HistGradientBoosting,5,0.001799520871465449,0.7708333333333333,1.0,1.0,1.0,0.5,0.75,0.375,0.990546218487395,E1 전체 기간,공정 값 23 + 파생 전체,부스팅
HistGradientBoosting,6,0.00033629048482675,0.9166666666666666,1.0,1.0,1.0,0.2857142857142857,1.0,0.16666666666666666,0.9985935302390999,E1 전체 기간,공정 값 23 + 파생 전체,부스팅
HistGradientBoosting,7,0.005865505286656804,0.625,1.0,1.0,1.0,0.5714285714285714,0.6666666666666666,0.5,0.9903181189488243,E1 전체 기간,공정 값 23 + 파생 전체,부스팅
HistGradientBoosting,8,0.09578307064886461,0.33563311688311687,1.0,1.0,1.0,0.3333333333333333,0.25,0.5,0.9695378151260504,E1 전체 기간,공정 값 23 + 파생 전체,부스팅
HistGradientBoosting,9,0.1450418738966769,0.4721311475409836,0.6666666666666666,0.6666666666666666,0.6666666666666666,0.4444444444444444,0.6666666666666666,0.3333333333333333,0.7458333333333333,E1 전체 기간,공정 값 23 + 파생 전체,부스팅
HistGradientBoosting,10,0.792576877640416,0.6959033613445378,0.75,0.75,0.75,0.6666666666666666,0.5,1.0,0.8781512605042017,E1 전체 기간,공정 값 23 + 파생 전체,부스팅
HistGradientBoosting,11,0.2357197826404622,0.7011494252873562,0.6666666666666666,1.0,1.0,0.5714285714285714,0.6666666666666666,0.5,0.9634317862165963,E1 전체 기간,공정 값 23 + 파생 전체,부스팅
HistGradientBoosting,12,0.6995447041876999,0.5888888888888889,1.0,1.0,1.0,0.0,0.0,0.0,0.9944674965421854,E1 전체 기간,공정 값 23 + 파생 전체,부스팅
HistGradientBoosting,13,0.6517531424611134,0.2409090909090909,1.0,1.0,1.0,0.0,0.0,0.0,0.975,E1 전체 기간,공정 값 23 + 파생 전체,부스팅
HistGradientBoosting,14,0.010262749226425933,0.6918668122270742,0.75,0.75,0.75,0.5,0.75,0.375,0.7626050420168067,E1 전체 기간,공정 값 23 + 파생 전체,부스팅
HistGradientBoosting,15,0.0007478067640558898,0.5467948717948719,0.75,0.75,0.75,0.6666666666666666,0.5,1.0,0.7836134453781513,E1 전체 기간,공정 값 23 + 파생 전체,부스팅
HistGradientBoosting,16,0.7502172647178248,0.8333333333333333,1.0,1.0,1.0,0.6666666666666666,1.0,0.5,0.9957805907172996,E1 전체 기간,공정 값 23 + 파생 전체,부스팅
HistGradientBoosting,17,0.5803581528982491,0.4444444444444444,1.0,1.0,1.0,0.4,0.3333333333333333,0.5,0.987551867219917,E1 전체 기간,공정 값 23 + 파생 전체,부스팅
HistGradientBoosting,18,0.017431581208137988,0.6024305555555556,1.0,1.0,1.0,0.4,0.5,0.3333333333333333,0.9716386554621849,E1 전체 기간,공정 값 23 + 파생 전체,부스팅
HistGradientBoosting,19,0.7827903604959005,0.234006734006734,0.6666666666666666,1.0,1.0,0.4,0.3333333333333333,0.5,0.9375,E1 전체 기간,공정 값 23 + 파생 전체,부스팅
HistGradientBoosting,20,0.004459134763727943,0.33879781420765026,0.6666666666666666,0.6666666666666666,0.6666666666666666,0.4444444444444444,0.6666666666666666,0.3333333333333333,0.7468879668049793,E1 전체 기간,공정 값 23 + 파생 전체,부스팅
HistGradientBoosting,21,0.9663938117346448,0.5888888888888889,1.0,1.0,1.0,0.0,0.0,0.0,0.9944444444444445,E1 전체 기간,공정 값 23 + 파생 전체,부스팅
HistGradientBoosting,22,0.5086450103927354,0.39761904761904765,1.0,1.0,1.0,0.3333333333333333,0.25,0.5,0.9747899159663865,E1 전체 기간,공정 값 23 + 파생 전체,부스팅
HistGradientBoosting,23,0.18880210835392924,0.8125,1.0,1.0,1.0,0.6,0.75,0.5,0.9947478991596638,E1 전체 기간,공정 값 23 + 파생 전체,부스팅
HistGradientBoosting,24,0.024416961064518957,0.7575757575757576,1.0,1.0,1.0,0.4444444444444444,0.6666666666666666,0.3333333333333333,0.9887482419127989,E1 전체 기간,공정 값 23 + 파생 전체,부스팅
HistGradientBoosting,25,0.21532567593895247,0.4409090909090909,1.0,1.0,1.0,0.25,0.25,0.25,0.9852941176470588,E1 전체 기간,공정 값 23 + 파생 전체,부스팅
HistGradientBoosting,26,0.31618154976888874,0.2939068100358423,0.6666666666666666,0.6666666666666666,1.0,0.2857142857142857,0.3333333333333333,0.25,0.9114799446749654,E1 전체 기간,공정 값 23 + 파생 전체,부스팅
HistGradientBoosting,27,0.8836441526051636,0.6659090909090909,1.0,1.0,1.0,0.6666666666666666,0.5,1.0,0.9852941176470588,E1 전체 기간,공정 값 23 + 파생 전체,부스팅
HistGradientBoosting,28,0.08014732260141583,0.6388888888888888,1.0,1.0,1.0,0.6666666666666666,1.0,0.5,0.9957805907172996,E1 전체 기간,공정 값 23 + 파생 전체,부스팅
HistGradientBoosting,29,0.7943656549487969,0.2240740740740741,1.0,1.0,1.0,0.0,0.0,0.0,0.9722222222222222,E1 전체 기간,공정 값 23 + 파생 전체,부스팅
HistGradientBoosting,30,0.00022498438131838086,0.8041666666666667,1.0,1.0,1.0,0.26666666666666666,1.0,0.15384615384615385,0.9968487394957983,E1 전체 기간,공정 값 23 + 파생 전체,부스팅
HistGradientBoosting,31,0.7847874779112364,0.2375886524822695,0.6666666666666666,0.6666666666666666,0.6666666666666666,0.4,0.3333333333333333,0.5,0.6666666666666666,E1 전체 기간,공정 값 23 + 파생 전체,부스팅
HistGradientBoosting,32,0.9852276990100274,0.7568493150684932,0.75,0.75,0.75,0.6666666666666666,0.5,1.0,0.8508403361344538,E1 전체 기간,공정 값 23 + 파생 전체,부스팅
HistGradientBoosting,33,0.008238676306190844,0.8666666666666667,1.0,1.0,1.0,0.5454545454545454,1.0,0.375,0.9971870604781997,E1 전체 기간,공정 값 23 + 파생 전체,부스팅
HistGradientBoosting,34,0.005342767856674597,0.3619047619047619,1.0,1.0,1.0,0.36363636363636365,0.6666666666666666,0.25,0.9819444444444444,E1 전체 기간,공정 값 23 + 파생 전체,부스팅
HistGradientBoosting,35,0.9992522549529536,0.3303030303030303,0.6666666666666666,1.0,1.0,0.0,0.0,0.0,0.9529737206085753,E1 전체 기간,공정 값 23 + 파생 전체,부스팅
HistGradientBoosting,36,0.007537823041303935,0.6918290043290043,0.75,0.75,0.75,0.75,0.75,0.75,0.7605042016806722,E1 전체 기간,공정 값 23 + 파생 전체,부스팅
HistGradientBoosting,37,0.12013181642431747,0.775,1.0,1.0,1.0,0.6666666666666666,1.0,0.5,0.9936974789915966,E1 전체 기간,공정 값 23 + 파생 전체,부스팅
HistGradientBoosting,38,0.0004433326093974433,0.8055555555555556,1.0,1.0,1.0,0.2608695652173913,1.0,0.15,0.9971870604781997,E1 전체 기간,공정 값 23 + 파생 전체,부스팅
HistGradientBoosting,39,0.9043936348137442,0.2851605758582503,0.6666666666666666,1.0,1.0,0.0,0.0,0.0,0.9361111111111111,E1 전체 기간,공정 값 23 + 파생 전체,부스팅
HistGradientBoosting,40,0.09832212791051093,0.7986111111111112,1.0,1.0,1.0,0.5,0.75,0.375,0.9936974789915966,E1 전체 기간,공정 값 23 + 파생 전체,부스팅
HistGradientBoosting,41,0.43798130806866997,0.6709770114942528,0.6666666666666666,0.6666666666666666,0.6666666666666666,0.5714285714285714,0.6666666666666666,0.5,0.6779184247538678,E1 전체 기간,공정 값 23 + 파생 전체,부스팅
HistGradientBoosting,42,0.7864556163085127,0.5454545454545454,1.0,1.0,1.0,0.4,0.3333333333333333,0.5,0.9709543568464731,E1 전체 기간,공정 값 23 + 파생 전체,부스팅
HistGradientBoosting,43,0.03917883739629608,0.5654761904761905,1.0,1.0,1.0,0.6666666666666666,1.0,0.5,0.9873949579831932,E1 전체 기간,공정 값 23 + 파생 전체,부스팅
HistGradientBoosting,44,0.38896569388245966,0.7,1.0,1.0,1.0,0.0,0.0,0.0,0.9944444444444445,E1 전체 기간,공정 값 23 + 파생 전체,부스팅
HistGradientBoosting,45,0.34464845146494233,0.4928571428571429,1.0,1.0,1.0,0.3333333333333333,0.25,0.5,0.9894957983193278,E1 전체 기간,공정 값 23 + 파생 전체,부스팅
HistGradientBoosting,46,0.9859217745547891,0.4027777777777778,1.0,1.0,1.0,0.0,0.0,0.0,0.9861687413554633,E1 전체 기간,공정 값 23 + 파생 전체,부스팅
HistGradientBoosting,47,0.9686861446308259,0.09479717813051146,0.3333333333333333,0.3333333333333333,0.3333333333333333,0.0,0.0,0.0,0.5902777777777777,E1 전체 기간,공정 값 23 + 파생 전체,부스팅
HistGradientBoosting,48,0.030163444224842642,0.7602040816326531,0.75,0.75,0.75,0.6,0.75,0.5,0.9012605042016808,E1 전체 기간,공정 값 23 + 파생 전체,부스팅
HistGradientBoosting,49,0.9375133164080581,0.8666666666666667,1.0,1.0,1.0,0.8,0.6666666666666666,1.0,0.9971870604781997,E1 전체 기간,공정 값 23 + 파생 전체,부스팅
XGBoost,0,0.23799608647823334,0.4125,1.0,1.0,1.0,0.3333333333333333,0.25,0.5,0.9800420168067226,E1 전체 기간,공정 값 23 + 파생 전체,부스팅
XGBoost,1,0.15800805389881134,0.5625978090766823,0.6666666666666666,0.6666666666666666,0.6666666666666666,0.5714285714285714,0.6666666666666666,0.5,0.8063623789764869,E1 전체 기간,공정 값 23 + 파생 전체,부스팅
XGBoost,2,0.8839361667633057,0.5714285714285714,1.0,1.0,1.0,0.0,0.0,0.0,0.9819444444444445,E1 전체 기간,공정 값 23 + 파생 전체,부스팅
XGBoost,3,0.06815486401319504,0.6354166666666666,1.0,1.0,1.0,0.42857142857142855,0.75,0.3,0.9737394957983193,E1 전체 기간,공정 값 23 + 파생 전체,부스팅
XGBoost,4,0.7423969507217407,0.6333333333333333,1.0,1.0,1.0,0.2857142857142857,0.3333333333333333,0.25,0.9915611814345991,E1 전체 기간,공정 값 23 + 파생 전체,부스팅
XGBoost,5,0.30465108156204224,0.5791666666666666,1.0,1.0,1.0,0.5,0.75,0.375,0.990546218487395,E1 전체 기간,공정 값 23 + 파생 전체,부스팅
XGBoost,6,0.018851982429623604,0.8333333333333333,1.0,1.0,1.0,0.35294117647058826,1.0,0.21428571428571427,0.9957805907172996,E1 전체 기간,공정 값 23 + 파생 전체,부스팅
XGBoost,7,0.5348519086837769,0.5555555555555556,1.0,1.0,1.0,0.5714285714285714,0.6666666666666666,0.5,0.9930843706777317,E1 전체 기간,공정 값 23 + 파생 전체,부스팅
XGBoost,8,0.6071737408638,0.38846153846153847,0.75,1.0,1.0,0.3333333333333333,0.25,0.5,0.9695378151260504,E1 전체 기간,공정 값 23 + 파생 전체,부스팅
XGBoost,9,0.06857025623321533,0.40598758671047824,0.6666666666666666,0.6666666666666666,0.6666666666666666,0.18181818181818182,0.3333333333333333,0.125,0.876388888888889,E1 전체 기간,공정 값 23 + 파생 전체,부스팅
XGBoost,10,0.4827250838279724,0.3611111111111111,0.75,0.75,0.75,0.3333333333333333,0.25,0.5,0.9023109243697478,E1 전체 기간,공정 값 23 + 파생 전체,부스팅
XGBoost,11,0.3639697730541229,0.7435897435897436,1.0,1.0,1.0,0.5714285714285714,0.6666666666666666,0.5,0.9859353023909986,E1 전체 기간,공정 값 23 + 파생 전체,부스팅
XGBoost,12,0.35494890809059143,0.6805555555555556,1.0,1.0,1.0,0.5714285714285714,0.6666666666666666,0.5,0.9917012448132779,E1 전체 기간,공정 값 23 + 파생 전체,부스팅
XGBoost,13,0.0861138105392456,0.4666666666666667,1.0,1.0,1.0,0.2222222222222222,0.3333333333333333,0.16666666666666666,0.9722222222222222,E1 전체 기간,공정 값 23 + 파생 전체,부스팅
XGBoost,14,0.09817960858345032,0.39761904761904765,1.0,1.0,1.0,0.6,0.75,0.5,0.9747899159663865,E1 전체 기간,공정 값 23 + 파생 전체,부스팅
XGBoost,15,0.030424682423472404,0.524452861952862,0.5,0.75,0.75,0.0,0.0,0.0,0.819327731092437,E1 전체 기간,공정 값 23 + 파생 전체,부스팅
XGBoost,16,0.6206088066101074,0.9166666666666666,1.0,1.0,1.0,0.8571428571428571,1.0,0.75,0.9985935302390999,E1 전체 기간,공정 값 23 + 파생 전체,부스팅
XGBoost,17,0.2076980620622635,0.4206349206349206,1.0,1.0,1.0,0.46153846153846156,1.0,0.3,0.987551867219917,E1 전체 기간,공정 값 23 + 파생 전체,부스팅
XGBoost,18,0.2508610486984253,0.40208333333333335,1.0,1.0,1.0,0.0,0.0,0.0,0.9842436974789915,E1 전체 기간,공정 값 23 + 파생 전체,부스팅
XGBoost,19,0.24803966283798218,0.2824074074074074,1.0,1.0,1.0,0.2857142857142857,0.3333333333333333,0.25,0.9597222222222221,E1 전체 기간,공정 값 23 + 파생 전체,부스팅
XGBoost,20,0.033176008611917496,0.34444444444444444,0.6666666666666666,0.6666666666666666,0.6666666666666666,0.26666666666666666,0.6666666666666666,0.16666666666666666,0.87551867219917,E1 전체 기간,공정 값 23 + 파생 전체,부스팅
XGBoost,21,0.23697522282600403,0.5,1.0,1.0,1.0,0.5714285714285714,0.6666666666666666,0.5,0.9888888888888888,E1 전체 기간,공정 값 23 + 파생 전체,부스팅
XGBoost,22,0.17290464043617249,0.261525974025974,0.75,1.0,1.0,0.3333333333333333,0.25,0.5,0.9474789915966386,E1 전체 기간,공정 값 23 + 파생 전체,부스팅
XGBoost,23,0.2498704344034195,0.8541666666666666,1.0,1.0,1.0,0.6666666666666666,1.0,0.5,0.9968487394957983,E1 전체 기간,공정 값 23 + 파생 전체,부스팅
XGBoost,24,0.05523553118109703,0.7777777777777777,1.0,1.0,1.0,0.35294117647058826,1.0,0.21428571428571427,0.9915611814345991,E1 전체 기간,공정 값 23 + 파생 전체,부스팅
XGBoost,25,0.2743687629699707,0.22335858585858587,0.75,1.0,1.0,0.25,0.25,0.25,0.9516806722689075,E1 전체 기간,공정 값 23 + 파생 전체,부스팅
XGBoost,26,0.5282183289527893,0.34037558685446007,0.6666666666666666,0.6666666666666666,0.6666666666666666,0.4,0.3333333333333333,0.5,0.8035961272475796,E1 전체 기간,공정 값 23 + 파생 전체,부스팅
XGBoost,27,0.21779681742191315,0.7784090909090909,1.0,1.0,1.0,0.75,0.75,0.75,0.9915966386554622,E1 전체 기간,공정 값 23 + 파생 전체,부스팅
XGBoost,28,0.030942406505346298,0.6388888888888888,1.0,1.0,1.0,0.5454545454545454,1.0,0.375,0.9957805907172996,E1 전체 기간,공정 값 23 + 파생 전체,부스팅
XGBoost,29,0.22745037078857422,0.6388888888888888,1.0,1.0,1.0,0.36363636363636365,0.6666666666666666,0.25,0.9861111111111112,E1 전체 기간,공정 값 23 + 파생 전체,부스팅
XGBoost,30,0.42049044370651245,0.29583333333333334,1.0,1.0,1.0,0.4,0.5,0.3333333333333333,0.9695378151260504,E1 전체 기간,공정 값 23 + 파생 전체,부스팅
XGBoost,31,0.45042669773101807,0.26222222222222225,1.0,1.0,1.0,0.4,0.3333333333333333,0.5,0.954356846473029,E1 전체 기간,공정 값 23 + 파생 전체,부스팅
XGBoost,32,0.09588471055030823,0.6681818181818182,0.75,0.75,1.0,0.6,0.75,0.5,0.944327731092437,E1 전체 기간,공정 값 23 + 파생 전체,부스팅
XGBoost,33,0.28041622042655945,0.8055555555555556,1.0,1.0,1.0,0.4,0.3333333333333333,0.5,0.9971870604781997,E1 전체 기간,공정 값 23 + 파생 전체,부스팅
XGBoost,34,0.1283034086227417,0.5555555555555556,1.0,1.0,1.0,0.46153846153846156,1.0,0.3,0.9930555555555556,E1 전체 기간,공정 값 23 + 파생 전체,부스팅
XGBoost,35,0.9460510015487671,0.2642857142857143,1.0,1.0,1.0,0.0,0.0,0.0,0.966804979253112,E1 전체 기간,공정 값 23 + 파생 전체,부스팅
XGBoost,36,0.278627872467041,0.5317982456140351,1.0,1.0,1.0,0.75,0.75,0.75,0.9810924369747899,E1 전체 기간,공정 값 23 + 파생 전체,부스팅
XGBoost,37,0.19964830577373505,0.7708333333333333,1.0,1.0,1.0,0.75,0.75,0.75,0.9957983193277311,E1 전체 기간,공정 값 23 + 파생 전체,부스팅
XGBoost,38,0.05120404437184334,0.45604395604395603,1.0,1.0,1.0,0.18181818181818182,0.3333333333333333,0.125,0.9690576652601969,E1 전체 기간,공정 값 23 + 파생 전체,부스팅
XGBoost,39,0.6798568367958069,0.23146223146223144,0.6666666666666666,0.6666666666666666,0.6666666666666666,0.4,0.3333333333333333,0.5,0.8847222222222222,E1 전체 기간,공정 값 23 + 파생 전체,부스팅
XGBoost,40,0.1699858158826828,0.9166666666666666,1.0,1.0,1.0,0.5,1.0,0.3333333333333333,0.9978991596638656,E1 전체 기간,공정 값 23 + 파생 전체,부스팅
XGBoost,41,0.059179726988077164,0.3611111111111111,1.0,1.0,1.0,0.36363636363636365,0.6666666666666666,0.25,0.9817158931082982,E1 전체 기간,공정 값 23 + 파생 전체,부스팅
XGBoost,42,0.5995628237724304,0.396640826873385,0.6666666666666666,0.6666666666666666,0.6666666666666666,0.4,0.3333333333333333,0.5,0.8229598893499308,E1 전체 기간,공정 값 23 + 파생 전체,부스팅
XGBoost,43,0.5003435611724854,0.6916666666666667,1.0,1.0,1.0,0.5,0.5,0.5,0.9936974789915967,E1 전체 기간,공정 값 23 + 파생 전체,부스팅
XGBoost,44,0.1800466626882553,0.5888888888888889,1.0,1.0,1.0,0.4,0.3333333333333333,0.5,0.9944444444444445,E1 전체 기간,공정 값 23 + 파생 전체,부스팅
XGBoost,45,0.3902232348918915,0.4083333333333333,1.0,1.0,1.0,0.4,0.5,0.3333333333333333,0.9831932773109243,E1 전체 기간,공정 값 23 + 파생 전체,부스팅
XGBoost,46,0.2848602831363678,0.5,1.0,1.0,1.0,0.6666666666666666,1.0,0.5,0.991701244813278,E1 전체 기간,공정 값 23 + 파생 전체,부스팅
XGBoost,47,0.32080134749412537,0.30277777777777776,0.6666666666666666,1.0,1.0,0.4,0.3333333333333333,0.5,0.9416666666666667,E1 전체 기간,공정 값 23 + 파생 전체,부스팅
XGBoost,48,0.6462002992630005,0.612641242937853,0.75,0.75,0.75,0.75,0.75,0.75,0.8781512605042017,E1 전체 기간,공정 값 23 + 파생 전체,부스팅
XGBoost,49,0.38237079977989197,0.7777777777777777,1.0,1.0,1.0,0.4444444444444444,0.6666666666666666,0.3333333333333333,0.9915611814345991,E1 전체 기간,공정 값 23 + 파생 전체,부스팅
LightGBM,0,0.5457395466471903,0.5416666666666666,1.0,1.0,1.0,0.75,0.75,0.75,0.9842436974789915,E1 전체 기간,공정 값 23 + 파생 전체,부스팅
LightGBM,1,0.47080763950269594,0.5702614379084967,0.6666666666666666,0.6666666666666666,1.0,0.4,0.3333333333333333,0.5,0.9087136929460582,E1 전체 기간,공정 값 23 + 파생 전체,부스팅
LightGBM,2,0.783882782619074,0.5333333333333333,0.6666666666666666,1.0,1.0,0.0,0.0,0.0,0.9597222222222221,E1 전체 기간,공정 값 23 + 파생 전체,부스팅
LightGBM,3,0.06250852789774505,0.5496951219512195,0.75,0.75,0.75,0.4,0.5,0.3333333333333333,0.9002100840336135,E1 전체 기간,공정 값 23 + 파생 전체,부스팅
LightGBM,4,0.44850510287216794,0.8666666666666667,1.0,1.0,1.0,0.8,0.6666666666666666,1.0,0.9971870604781997,E1 전체 기간,공정 값 23 + 파생 전체,부스팅
LightGBM,5,0.5993613004947523,0.5416666666666666,1.0,1.0,1.0,0.5,0.75,0.375,0.9842436974789915,E1 전체 기간,공정 값 23 + 파생 전체,부스팅
LightGBM,6,0.3694176237282119,0.9166666666666666,1.0,1.0,1.0,0.8571428571428571,1.0,0.75,0.9985935302390999,E1 전체 기간,공정 값 23 + 파생 전체,부스팅
LightGBM,7,0.7954902836230598,0.3936058700209643,0.6666666666666666,0.6666666666666666,0.6666666666666666,0.0,0.0,0.0,0.7081604426002766,E1 전체 기간,공정 값 23 + 파생 전체,부스팅
LightGBM,8,0.2796055078232507,0.5208333333333333,1.0,1.0,1.0,0.75,0.75,0.75,0.9758403361344538,E1 전체 기간,공정 값 23 + 파생 전체,부스팅
LightGBM,9,0.8147104941591521,0.4458689458689459,0.6666666666666666,1.0,1.0,0.4,0.3333333333333333,0.5,0.9583333333333334,E1 전체 기간,공정 값 23 + 파생 전체,부스팅
LightGBM,10,0.07167968898479772,0.7152777777777778,0.75,1.0,1.0,0.75,0.75,0.75,0.9653361344537815,E1 전체 기간,공정 값 23 + 파생 전체,부스팅
LightGBM,11,0.6318284717490557,0.7333333333333333,1.0,1.0,1.0,0.8,0.6666666666666666,1.0,0.9831223628691983,E1 전체 기간,공정 값 23 + 파생 전체,부스팅
LightGBM,12,0.8235268893742378,0.6805555555555556,1.0,1.0,1.0,0.4,0.3333333333333333,0.5,0.9917012448132779,E1 전체 기간,공정 값 23 + 파생 전체,부스팅
LightGBM,13,0.9656693439647013,0.4031746031746032,0.6666666666666666,1.0,1.0,0.0,0.0,0.0,0.9249999999999999,E1 전체 기간,공정 값 23 + 파생 전체,부스팅
LightGBM,14,0.4639124948502879,0.7644230769230769,1.0,1.0,1.0,0.6666666666666666,0.5,1.0,0.9894957983193278,E1 전체 기간,공정 값 23 + 파생 전체,부스팅
LightGBM,15,0.37891090195661586,0.5702380952380952,0.75,1.0,1.0,0.0,0.0,0.0,0.9516806722689076,E1 전체 기간,공정 값 23 + 파생 전체,부스팅
LightGBM,16,0.3158788313520772,0.9166666666666666,1.0,1.0,1.0,0.6666666666666666,1.0,0.5,0.9985935302390999,E1 전체 기간,공정 값 23 + 파생 전체,부스팅
LightGBM,17,0.48849468659500467,0.625,1.0,1.0,1.0,0.5714285714285714,0.6666666666666666,0.5,0.9903181189488243,E1 전체 기간,공정 값 23 + 파생 전체,부스팅
LightGBM,18,0.5741205358457533,0.7589285714285714,1.0,1.0,1.0,0.6666666666666666,0.5,1.0,0.9884453781512605,E1 전체 기간,공정 값 23 + 파생 전체,부스팅
LightGBM,19,0.21347467096071118,0.2657407407407407,0.6666666666666666,1.0,1.0,0.4,0.3333333333333333,0.5,0.9375,E1 전체 기간,공정 값 23 + 파생 전체,부스팅
LightGBM,20,0.915260839745144,0.3090277777777778,0.6666666666666666,1.0,1.0,0.4,0.3333333333333333,0.5,0.9529737206085753,E1 전체 기간,공정 값 23 + 파생 전체,부스팅
LightGBM,21,0.04455358741664327,0.42592592592592593,0.6666666666666666,1.0,1.0,0.5714285714285714,0.6666666666666666,0.5,0.9638888888888889,E1 전체 기간,공정 값 23 + 파생 전체,부스팅
LightGBM,22,0.28549838181946147,0.5035569105691057,0.75,1.0,1.0,0.75,0.75,0.75,0.9579831932773109,E1 전체 기간,공정 값 23 + 파생 전체,부스팅
LightGBM,23,0.7174246812457106,0.75,1.0,1.0,1.0,0.6666666666666666,0.5,1.0,0.986344537815126,E1 전체 기간,공정 값 23 + 파생 전체,부스팅
LightGBM,24,0.28899260749686995,0.7192982456140351,1.0,1.0,1.0,0.4444444444444444,0.6666666666666666,0.3333333333333333,0.9774964838255978,E1 전체 기간,공정 값 23 + 파생 전체,부스팅
LightGBM,25,0.05029632517826341,0.4928571428571429,1.0,1.0,1.0,0.6,0.75,0.5,0.9894957983193278,E1 전체 기간,공정 값 23 + 파생 전체,부스팅
LightGBM,26,0.4431771114873519,0.34276729559748426,0.6666666666666666,0.6666666666666666,0.6666666666666666,0.4,0.3333333333333333,0.5,0.8533886583679113,E1 전체 기간,공정 값 23 + 파생 전체,부스팅
LightGBM,27,0.3504736492866119,0.7784090909090909,1.0,1.0,1.0,0.6,0.75,0.5,0.9915966386554622,E1 전체 기간,공정 값 23 + 파생 전체,부스팅
LightGBM,28,0.9187793820013019,0.9166666666666666,1.0,1.0,1.0,0.8,0.6666666666666666,1.0,0.9985935302390999,E1 전체 기간,공정 값 23 + 파생 전체,부스팅
LightGBM,29,0.9881517213536913,0.23759920634920634,0.6666666666666666,1.0,1.0,0.0,0.0,0.0,0.95,E1 전체 기간,공정 값 23 + 파생 전체,부스팅
LightGBM,30,0.13671353995761007,0.5659090909090909,1.0,1.0,1.0,0.5,0.75,0.375,0.9863445378151261,E1 전체 기간,공정 값 23 + 파생 전체,부스팅
LightGBM,31,0.7203083514346318,0.26098901098901095,0.6666666666666666,0.6666666666666666,0.6666666666666666,0.4,0.3333333333333333,0.5,0.8686030428769017,E1 전체 기간,공정 값 23 + 파생 전체,부스팅
LightGBM,32,0.02348540094808394,0.6934782608695652,1.0,1.0,1.0,0.42857142857142855,0.75,0.3,0.9779411764705883,E1 전체 기간,공정 값 23 + 파생 전체,부스팅
LightGBM,33,0.3006500817661488,1.0,1.0,1.0,1.0,0.8571428571428571,1.0,0.75,1.0,E1 전체 기간,공정 값 23 + 파생 전체,부스팅
LightGBM,34,0.13246006789851755,0.47619047619047616,1.0,1.0,1.0,0.46153846153846156,1.0,0.3,0.9902777777777777,E1 전체 기간,공정 값 23 + 파생 전체,부스팅
LightGBM,35,0.9992781052105632,0.14666357738646896,0.6666666666666666,0.6666666666666666,0.6666666666666666,0.0,0.0,0.0,0.8699861687413555,E1 전체 기간,공정 값 23 + 파생 전체,부스팅
LightGBM,36,0.11989927080465297,0.7784090909090909,1.0,1.0,1.0,0.75,0.75,0.75,0.9915966386554622,E1 전체 기간,공정 값 23 + 파생 전체,부스팅
LightGBM,37,0.9576311397515694,0.7125,1.0,1.0,1.0,0.6666666666666666,0.5,1.0,0.9852941176470588,E1 전체 기간,공정 값 23 + 파생 전체,부스팅
LightGBM,38,0.29999449007801304,0.6333333333333333,1.0,1.0,1.0,0.6666666666666666,1.0,0.5,0.9915611814345991,E1 전체 기간,공정 값 23 + 파생 전체,부스팅
LightGBM,39,0.7756905578311285,0.4174603174603174,0.6666666666666666,1.0,1.0,0.4,0.3333333333333333,0.5,0.9527777777777778,E1 전체 기간,공정 값 23 + 파생 전체,부스팅
LightGBM,40,0.28409857502766844,0.7784090909090909,1.0,1.0,1.0,0.5,1.0,0.3333333333333333,0.9915966386554622,E1 전체 기간,공정 값 23 + 파생 전체,부스팅
LightGBM,41,0.08153825979066787,0.6944444444444444,0.6666666666666666,1.0,1.0,0.4444444444444444,0.6666666666666666,0.3333333333333333,0.9535864978902954,E1 전체 기간,공정 값 23 + 파생 전체,부스팅
LightGBM,42,0.3800229664719135,0.4555555555555555,1.0,1.0,1.0,0.4,0.3333333333333333,0.5,0.9806362378976486,E1 전체 기간,공정 값 23 + 파생 전체,부스팅
LightGBM,43,0.3645013606264209,0.9166666666666666,1.0,1.0,1.0,0.8,1.0,0.6666666666666666,0.9978991596638656,E1 전체 기간,공정 값 23 + 파생 전체,부스팅
LightGBM,44,0.9903831081507188,0.4174603174603174,0.6666666666666666,1.0,1.0,0.0,0.0,0.0,0.9527777777777778,E1 전체 기간,공정 값 23 + 파생 전체,부스팅
LightGBM,45,0.1530596818681088,0.47619047619047616,1.0,1.0,1.0,0.6,0.75,0.5,0.9894957983193278,E1 전체 기간,공정 값 23 + 파생 전체,부스팅
LightGBM,46,0.9528129246642736,0.5,1.0,1.0,1.0,0.4,0.3333333333333333,0.5,0.991701244813278,E1 전체 기간,공정 값 23 + 파생 전체,부스팅
LightGBM,47,0.13016936471355442,0.23015873015873015,0.6666666666666666,1.0,1.0,0.4,0.3333333333333333,0.5,0.9333333333333333,E1 전체 기간,공정 값 23 + 파생 전체,부스팅
LightGBM,48,0.6211420771322254,0.7954545454545454,1.0,1.0,1.0,0.75,0.75,0.75,0.98109243697479,E1 전체 기간,공정 값 23 + 파생 전체,부스팅
LightGBM,49,0.680849612089723,0.7435897435897436,1.0,1.0,1.0,0.8,0.6666666666666666,1.0,0.9859353023909986,E1 전체 기간,공정 값 23 + 파생 전체,부스팅
CatBoost,0,0.3560197746682561,0.5291666666666667,1.0,1.0,1.0,0.3333333333333333,0.25,0.5,0.9800420168067228,E1 전체 기간,공정 값 23 + 파생 전체,부스팅
CatBoost,1,0.2791839427951454,0.5669191919191918,0.6666666666666666,0.6666666666666666,0.6666666666666666,0.4444444444444444,0.6666666666666666,0.3333333333333333,0.8810511756569848,E1 전체 기간,공정 값 23 + 파생 전체,부스팅
CatBoost,2,0.26379580815063264,0.625,1.0,1.0,1.0,0.4,0.3333333333333333,0.5,0.9902777777777777,E1 전체 기간,공정 값 23 + 파생 전체,부스팅
CatBoost,3,0.3882308974684034,0.71875,0.75,1.0,1.0,0.75,0.75,0.75,0.9695378151260504,E1 전체 기간,공정 값 23 + 파생 전체,부스팅
CatBoost,4,0.4271211114907901,0.8666666666666667,1.0,1.0,1.0,0.6666666666666666,1.0,0.5,0.9971870604781997,E1 전체 기간,공정 값 23 + 파생 전체,부스팅
CatBoost,5,0.317563635934967,0.5666666666666667,1.0,1.0,1.0,0.6666666666666666,1.0,0.5,0.9926470588235294,E1 전체 기간,공정 값 23 + 파생 전체,부스팅
CatBoost,6,0.24342645717249778,0.8333333333333333,1.0,1.0,1.0,0.5454545454545454,1.0,0.375,0.9957805907172996,E1 전체 기간,공정 값 23 + 파생 전체,부스팅
CatBoost,7,0.5610141813688663,0.6666666666666667,1.0,1.0,1.0,0.5714285714285714,0.6666666666666666,0.5,0.9930843706777317,E1 전체 기간,공정 값 23 + 파생 전체,부스팅
CatBoost,8,0.43184587901277577,0.49529569892473113,0.75,0.75,1.0,0.3333333333333333,0.25,0.5,0.9359243697478992,E1 전체 기간,공정 값 23 + 파생 전체,부스팅
CatBoost,9,0.3973042021795548,0.4249512670565302,0.6666666666666666,0.6666666666666666,1.0,0.2857142857142857,0.3333333333333333,0.25,0.9152777777777777,E1 전체 기간,공정 값 23 + 파생 전체,부스팅
CatBoost,10,0.1238275514273247,0.4930555555555555,0.75,0.75,1.0,0.5,0.75,0.375,0.9254201680672269,E1 전체 기간,공정 값 23 + 파생 전체,부스팅
CatBoost,11,0.19849438555224924,0.7192982456140351,1.0,1.0,1.0,0.36363636363636365,0.6666666666666666,0.25,0.9774964838255978,E1 전체 기간,공정 값 23 + 파생 전체,부스팅
CatBoost,12,0.4369049897560466,0.7,1.0,1.0,1.0,0.6666666666666666,1.0,0.5,0.9944674965421854,E1 전체 기간,공정 값 23 + 파생 전체,부스팅
CatBoost,13,0.35277727217567484,0.5075757575757576,1.0,1.0,1.0,0.4,0.3333333333333333,0.5,0.9805555555555555,E1 전체 기간,공정 값 23 + 파생 전체,부스팅
CatBoost,14,0.3698004803993665,0.37127659574468086,0.75,1.0,1.0,0.6,0.75,0.5,0.9474789915966386,E1 전체 기간,공정 값 23 + 파생 전체,부스팅
CatBoost,15,0.17926216482958213,0.5334915611814346,0.5,0.75,0.75,0.0,0.0,0.0,0.8865546218487395,E1 전체 기간,공정 값 23 + 파생 전체,부스팅
CatBoost,16,0.5206845917374986,0.8333333333333333,1.0,1.0,1.0,0.6666666666666666,1.0,0.5,0.9957805907172996,E1 전체 기간,공정 값 23 + 파생 전체,부스팅
CatBoost,17,0.6615918406093912,0.5333333333333333,1.0,1.0,1.0,0.6666666666666666,1.0,0.5,0.9930843706777317,E1 전체 기간,공정 값 23 + 파생 전체,부스팅
CatBoost,18,0.5163883003126045,0.69375,1.0,1.0,1.0,0.0,0.0,0.0,0.9884453781512604,E1 전체 기간,공정 값 23 + 파생 전체,부스팅
CatBoost,19,0.49161776604987834,0.32440476190476186,1.0,1.0,1.0,0.4,0.3333333333333333,0.5,0.9736111111111111,E1 전체 기간,공정 값 23 + 파생 전체,부스팅
CatBoost,20,0.11789841254592445,0.3489583333333333,0.6666666666666666,0.6666666666666666,1.0,0.36363636363636365,0.6666666666666666,0.25,0.9114799446749654,E1 전체 기간,공정 값 23 + 파생 전체,부스팅
CatBoost,21,0.23738899639010422,0.7,1.0,1.0,1.0,0.5714285714285714,0.6666666666666666,0.5,0.9944444444444445,E1 전체 기간,공정 값 23 + 파생 전체,부스팅
CatBoost,22,0.29289649396001877,0.38448275862068965,0.75,1.0,1.0,0.3333333333333333,0.25,0.5,0.9663865546218487,E1 전체 기간,공정 값 23 + 파생 전체,부스팅
CatBoost,23,0.255217104119127,0.8541666666666666,1.0,1.0,1.0,0.8,1.0,0.6666666666666666,0.9968487394957983,E1 전체 기간,공정 값 23 + 파생 전체,부스팅
CatBoost,24,0.20648371158722828,0.8666666666666667,1.0,1.0,1.0,0.5454545454545454,1.0,0.375,0.9971870604781997,E1 전체 기간,공정 값 23 + 파생 전체,부스팅
CatBoost,25,0.24653526052769997,0.38225806451612904,0.75,1.0,1.0,0.6,0.75,0.5,0.9642857142857143,E1 전체 기간,공정 값 23 + 파생 전체,부스팅
CatBoost,26,0.3038444373734136,0.35416666666666663,0.6666666666666666,1.0,1.0,0.5714285714285714,0.6666666666666666,0.5,0.9336099585062241,E1 전체 기간,공정 값 23 + 파생 전체,부스팅
CatBoost,27,0.2557321733290551,0.7644230769230769,1.0,1.0,1.0,0.75,0.75,0.75,0.9894957983193278,E1 전체 기간,공정 값 23 + 파생 전체,부스팅
CatBoost,28,0.5080216932111558,0.6388888888888888,1.0,1.0,1.0,0.8571428571428571,1.0,0.75,0.9957805907172996,E1 전체 기간,공정 값 23 + 파생 전체,부스팅
CatBoost,29,0.24178748580746076,0.6555555555555554,1.0,1.0,1.0,0.35294117647058826,1.0,0.21428571428571427,0.9888888888888889,E1 전체 기간,공정 값 23 + 파생 전체,부스팅
CatBoost,30,0.41512947037823694,0.7333333333333333,1.0,1.0,1.0,0.6666666666666666,1.0,0.5,0.9947478991596639,E1 전체 기간,공정 값 23 + 파생 전체,부스팅
CatBoost,31,0.346609214235083,0.27040816326530615,0.6666666666666666,1.0,1.0,0.4,0.3333333333333333,0.5,0.9266943291839558,E1 전체 기간,공정 값 23 + 파생 전체,부스팅
CatBoost,32,0.5915661384364803,0.7712765957446808,0.75,1.0,1.0,0.6666666666666666,0.5,1.0,0.9548319327731092,E1 전체 기간,공정 값 23 + 파생 전체,부스팅
CatBoost,33,0.4419591178559516,0.5535714285714286,1.0,1.0,1.0,0.4,0.3333333333333333,0.5,0.9859353023909986,E1 전체 기간,공정 값 23 + 파생 전체,부스팅
CatBoost,34,0.28691403225358875,0.6666666666666667,1.0,1.0,1.0,0.46153846153846156,1.0,0.3,0.9930555555555556,E1 전체 기간,공정 값 23 + 파생 전체,부스팅
CatBoost,35,0.6366111035020312,0.31313131313131315,1.0,1.0,1.0,0.4444444444444444,0.6666666666666666,0.3333333333333333,0.9806362378976486,E1 전체 기간,공정 값 23 + 파생 전체,부스팅
CatBoost,36,0.22650179538644968,0.7784090909090909,1.0,1.0,1.0,0.75,0.75,0.75,0.9915966386554622,E1 전체 기간,공정 값 23 + 파생 전체,부스팅
CatBoost,37,0.44264217647643095,0.6083333333333333,1.0,1.0,1.0,0.8,1.0,0.6666666666666666,0.9936974789915967,E1 전체 기간,공정 값 23 + 파생 전체,부스팅
CatBoost,38,0.2862797758819254,0.18831168831168832,1.0,1.0,1.0,0.2857142857142857,0.3333333333333333,0.25,0.9437412095639943,E1 전체 기간,공정 값 23 + 파생 전체,부스팅
CatBoost,39,0.2779620024920127,0.27326839826839827,0.6666666666666666,0.6666666666666666,0.6666666666666666,0.4,0.3333333333333333,0.5,0.8736111111111111,E1 전체 기간,공정 값 23 + 파생 전체,부스팅
CatBoost,40,0.20578134324074385,0.9166666666666666,1.0,1.0,1.0,0.5714285714285714,1.0,0.4,0.9978991596638656,E1 전체 기간,공정 값 23 + 파생 전체,부스팅
CatBoost,41,0.454036054611801,0.6875,0.6666666666666666,1.0,1.0,0.5714285714285714,0.6666666666666666,0.5,0.9367088607594937,E1 전체 기간,공정 값 23 + 파생 전체,부스팅
CatBoost,42,0.3258093635463574,0.41214470284237725,0.6666666666666666,1.0,1.0,0.5714285714285714,0.6666666666666666,0.5,0.941908713692946,E1 전체 기간,공정 값 23 + 파생 전체,부스팅
CatBoost,43,0.37617733591240843,0.6083333333333333,1.0,1.0,1.0,0.8,1.0,0.6666666666666666,0.9936974789915967,E1 전체 기간,공정 값 23 + 파생 전체,부스팅
CatBoost,44,0.4487172191813122,0.5317460317460317,1.0,1.0,1.0,0.4,0.3333333333333333,0.5,0.9916666666666666,E1 전체 기간,공정 값 23 + 파생 전체,부스팅
CatBoost,45,0.19673158979422037,0.6071428571428572,1.0,1.0,1.0,0.6666666666666666,1.0,0.5,0.9894957983193277,E1 전체 기간,공정 값 23 + 파생 전체,부스팅
CatBoost,46,0.6321912123653894,0.5,1.0,1.0,1.0,0.6666666666666666,1.0,0.5,0.991701244813278,E1 전체 기간,공정 값 23 + 파생 전체,부스팅
CatBoost,47,0.5805675128561638,0.375,1.0,1.0,1.0,0.5714285714285714,0.6666666666666666,0.5,0.9666666666666667,E1 전체 기간,공정 값 23 + 파생 전체,부스팅
CatBoost,48,0.2575636672612581,0.6241666666666666,0.75,0.75,1.0,0.75,0.75,0.75,0.9495798319327731,E1 전체 기간,공정 값 23 + 파생 전체,부스팅
CatBoost,49,0.28778079716711574,0.7333333333333333,1.0,1.0,1.0,0.8,0.6666666666666666,1.0,0.9831223628691983,E1 전체 기간,공정 값 23 + 파생 전체,부스팅
로지스틱 L2,0,0.9479614067788152,0.5579922027290448,0.75,0.75,1.0,0.5,0.5,0.5,0.930672268907563,E1 전체 기간,공정 값 23 + pair_pos,선형
로지스틱 L2,1,0.984454898224001,0.3935185185185185,0.6666666666666666,0.6666666666666666,1.0,0.5,0.3333333333333333,1.0,0.9100968188105117,E1 전체 기간,공정 값 23 + pair_pos,선형
로지스틱 L2,2,0.9830358337270687,0.4095238095238095,0.6666666666666666,1.0,1.0,0.0,0.0,0.0,0.9388888888888889,E1 전체 기간,공정 값 23 + pair_pos,선형
로지스틱 L2,3,0.9819575923899139,0.5075396825396825,0.75,0.75,1.0,0.5714285714285714,0.5,0.6666666666666666,0.9296218487394957,E1 전체 기간,공정 값 23 + pair_pos,선형
로지스틱 L2,4,0.8875916904259747,0.8095238095238095,1.0,1.0,1.0,0.6,1.0,0.42857142857142855,0.9943741209563994,E1 전체 기간,공정 값 23 + pair_pos,선형
로지스틱 L2,5,0.8617351003565082,0.69375,1.0,1.0,1.0,0.4,0.5,0.3333333333333333,0.9884453781512604,E1 전체 기간,공정 값 23 + pair_pos,선형
로지스틱 L2,6,0.9254956297134026,0.9166666666666666,1.0,1.0,1.0,0.6666666666666666,0.6666666666666666,0.6666666666666666,0.9985935302390999,E1 전체 기간,공정 값 23 + pair_pos,선형
로지스틱 L2,7,0.9403959869223275,0.4407407407407407,0.6666666666666666,1.0,1.0,0.5,0.3333333333333333,1.0,0.9529737206085753,E1 전체 기간,공정 값 23 + pair_pos,선형
로지스틱 L2,8,0.9450031575925811,0.5644927536231884,0.75,0.75,1.0,0.4,0.5,0.3333333333333333,0.9191176470588236,E1 전체 기간,공정 값 23 + pair_pos,선형
로지스틱 L2,9,0.9995929268726594,0.1627450980392157,0.3333333333333333,1.0,1.0,0.0,0.0,0.0,0.9152777777777777,E1 전체 기간,공정 값 23 + pair_pos,선형
로지스틱 L2,10,0.9644559485836874,0.7152777777777777,1.0,1.0,1.0,0.6666666666666666,0.75,0.6,0.9926470588235293,E1 전체 기간,공정 값 23 + pair_pos,선형
로지스틱 L2,11,0.8900284344188872,0.7023809523809523,0.6666666666666666,1.0,1.0,0.4,0.6666666666666666,0.2857142857142857,0.9648382559774964,E1 전체 기간,공정 값 23 + pair_pos,선형
로지스틱 L2,12,0.9788914643285516,0.15658914728682172,0.6666666666666666,1.0,1.0,0.0,0.0,0.0,0.9280774550484094,E1 전체 기간,공정 값 23 + pair_pos,선형
로지스틱 L2,13,0.9965974436795758,0.5873015873015872,1.0,1.0,1.0,0.0,0.0,0.0,0.9888888888888888,E1 전체 기간,공정 값 23 + pair_pos,선형
로지스틱 L2,14,0.927001514672771,0.5500415282392026,0.5,1.0,1.0,0.4,0.5,0.3333333333333333,0.9327731092436975,E1 전체 기간,공정 값 23 + pair_pos,선형
로지스틱 L2,15,0.9998678436562313,0.7067307692307692,0.75,0.75,1.0,0.4,0.25,1.0,0.948529411764706,E1 전체 기간,공정 값 23 + pair_pos,선형
로지스틱 L2,16,0.9773492851568893,0.7575757575757576,1.0,1.0,1.0,0.8,0.6666666666666666,1.0,0.9887482419127989,E1 전체 기간,공정 값 23 + pair_pos,선형
로지스틱 L2,17,0.9339567428988829,0.12643041712809155,0.6666666666666666,1.0,1.0,0.0,0.0,0.0,0.9211618257261411,E1 전체 기간,공정 값 23 + pair_pos,선형
로지스틱 L2,18,0.9804769777839065,0.8541666666666666,1.0,1.0,1.0,0.75,0.75,0.75,0.9968487394957983,E1 전체 기간,공정 값 23 + pair_pos,선형
로지스틱 L2,19,0.9918368043113994,0.05841269841269841,0.6666666666666666,0.6666666666666666,1.0,0.0,0.0,0.0,0.8569444444444444,E1 전체 기간,공정 값 23 + pair_pos,선형
로지스틱 L2,20,0.9992419603259173,0.6952380952380952,0.6666666666666666,1.0,1.0,0.0,0.0,0.0,0.9557399723374828,E1 전체 기간,공정 값 23 + pair_pos,선형
로지스틱 L2,21,0.9266063955034343,0.47549019607843135,1.0,1.0,1.0,0.5,0.3333333333333333,1.0,0.9722222222222222,E1 전체 기간,공정 값 23 + pair_pos,선형
로지스틱 L2,22,0.8714160407986021,0.7038934426229508,0.75,0.75,1.0,0.6666666666666666,0.75,0.6,0.9390756302521008,E1 전체 기간,공정 값 23 + pair_pos,선형
로지스틱 L2,23,0.9736261443769738,0.36363636363636365,0.75,1.0,1.0,0.4444444444444444,0.5,0.4,0.9600840336134453,E1 전체 기간,공정 값 23 + pair_pos,선형
로지스틱 L2,24,0.9539545490418636,0.5972222222222222,1.0,1.0,1.0,0.4444444444444444,0.6666666666666666,0.3333333333333333,0.9690576652601969,E1 전체 기간,공정 값 23 + pair_pos,선형
로지스틱 L2,25,0.9996099127692917,0.7688679245283019,0.75,0.75,1.0,0.4,0.25,1.0,0.948529411764706,E1 전체 기간,공정 값 23 + pair_pos,선형
로지스틱 L2,26,0.9719073192665635,0.42,0.6666666666666666,0.6666666666666666,1.0,0.5,0.3333333333333333,1.0,0.9239280774550485,E1 전체 기간,공정 값 23 + pair_pos,선형
로지스틱 L2,27,0.9057148907636998,0.6776315789473684,1.0,1.0,1.0,0.5,0.5,0.5,0.9810924369747899,E1 전체 기간,공정 값 23 + pair_pos,선형
로지스틱 L2,28,0.9527566750150268,0.7192982456140351,1.0,1.0,1.0,0.8,0.6666666666666666,1.0,0.9774964838255978,E1 전체 기간,공정 값 23 + pair_pos,선형
로지스틱 L2,29,0.9747584989260586,0.16249999999999998,1.0,1.0,1.0,0.15384615384615385,0.3333333333333333,0.1,0.9569444444444444,E1 전체 기간,공정 값 23 + pair_pos,선형
로지스틱 L2,30,0.9286786669226383,0.5798611111111112,1.0,1.0,1.0,0.5,0.75,0.375,0.9873949579831932,E1 전체 기간,공정 값 23 + pair_pos,선형
로지스틱 L2,31,0.9820207103428307,0.07698412698412699,0.6666666666666666,0.6666666666666666,1.0,0.0,0.0,0.0,0.8769017980636238,E1 전체 기간,공정 값 23 + pair_pos,선형
로지스틱 L2,32,0.6761605867941098,1.0,1.0,1.0,1.0,0.42105263157894735,1.0,0.26666666666666666,1.0,E1 전체 기간,공정 값 23 + pair_pos,선형
로지스틱 L2,33,0.9915415269305073,0.8333333333333333,1.0,1.0,1.0,0.8,0.6666666666666666,1.0,0.9957805907172996,E1 전체 기간,공정 값 23 + pair_pos,선형
로지스틱 L2,34,0.9929349079405169,0.09513888888888888,0.3333333333333333,1.0,1.0,0.0,0.0,0.0,0.9111111111111111,E1 전체 기간,공정 값 23 + pair_pos,선형
로지스틱 L2,35,0.9982723823505942,0.3973973973973974,0.6666666666666666,1.0,1.0,0.0,0.0,0.0,0.9308437067773168,E1 전체 기간,공정 값 23 + pair_pos,선형
로지스틱 L2,36,0.8726129485588687,0.5944976076555024,0.75,1.0,1.0,0.5,0.5,0.5,0.9558823529411765,E1 전체 기간,공정 값 23 + pair_pos,선형
로지스틱 L2,37,0.9803123838473133,0.6215277777777778,1.0,1.0,1.0,0.5714285714285714,0.5,0.6666666666666666,0.9884453781512604,E1 전체 기간,공정 값 23 + pair_pos,선형
로지스틱 L2,38,0.998377012483568,0.6805555555555556,1.0,1.0,1.0,0.5,0.3333333333333333,1.0,0.9915611814345991,E1 전체 기간,공정 값 23 + pair_pos,선형
로지스틱 L2,39,0.9660094957173826,0.4337231968810916,0.6666666666666666,1.0,1.0,0.5,0.3333333333333333,1.0,0.9416666666666667,E1 전체 기간,공정 값 23 + pair_pos,선형
로지스틱 L2,40,0.9345491801025861,0.3825876504447933,0.5,1.0,1.0,0.4,0.5,0.3333333333333333,0.9243697478991596,E1 전체 기간,공정 값 23 + pair_pos,선형
로지스틱 L2,41,0.878386163521223,0.6845238095238095,0.6666666666666666,0.6666666666666666,1.0,0.5,0.6666666666666666,0.4,0.9254571026722926,E1 전체 기간,공정 값 23 + pair_pos,선형
로지스틱 L2,42,0.9885145801575859,0.4027777777777778,1.0,1.0,1.0,0.4,0.3333333333333333,0.5,0.9861687413554633,E1 전체 기간,공정 값 23 + pair_pos,선형
로지스틱 L2,43,0.9282708415722054,0.7785714285714286,0.75,1.0,1.0,0.6666666666666666,0.75,0.6,0.967436974789916,E1 전체 기간,공정 값 23 + pair_pos,선형
로지스틱 L2,44,0.9227642609122002,0.2490118577075099,0.6666666666666666,1.0,1.0,0.2857142857142857,0.3333333333333333,0.25,0.9263888888888888,E1 전체 기간,공정 값 23 + pair_pos,선형
로지스틱 L2,45,0.9776125573972334,0.7361111111111112,1.0,1.0,1.0,0.6666666666666666,0.5,1.0,0.9915966386554621,E1 전체 기간,공정 값 23 + pair_pos,선형
로지스틱 L2,46,0.9645830117286593,0.4621212121212121,1.0,1.0,1.0,0.4,0.3333333333333333,0.5,0.9654218533886584,E1 전체 기간,공정 값 23 + pair_pos,선형
로지스틱 L2,47,0.9800469774062538,0.2119155354449472,0.3333333333333333,0.6666666666666666,1.0,0.0,0.0,0.0,0.8986111111111111,E1 전체 기간,공정 값 23 + pair_pos,선형
로지스틱 L2,48,0.9711444986944316,0.8303571428571428,1.0,1.0,1.0,0.75,0.75,0.75,0.9957983193277311,E1 전체 기간,공정 값 23 + pair_pos,선형
로지스틱 L2,49,0.7414042192774487,0.7,0.6666666666666666,1.0,1.0,0.2857142857142857,0.6666666666666666,0.18181818181818182,0.9620253164556962,E1 전체 기간,공정 값 23 + pair_pos,선형
랜덤포레스트,0,0.3493587244753447,0.40984848484848485,1.0,1.0,1.0,0.375,0.75,0.25,0.9726890756302521,E1 전체 기간,공정 값 23 + pair_pos,트리
랜덤포레스트,1,0.45696550822204274,0.2722222222222222,1.0,1.0,1.0,0.0,0.0,0.0,0.970954356846473,E1 전체 기간,공정 값 23 + pair_pos,트리
랜덤포레스트,2,0.3870501692091253,0.1634032634032634,1.0,1.0,1.0,0.0,0.0,0.0,0.9527777777777778,E1 전체 기간,공정 값 23 + pair_pos,트리
랜덤포레스트,3,0.27310577932443775,0.6416256157635468,0.75,1.0,1.0,0.5454545454545454,0.75,0.42857142857142855,0.9695378151260504,E1 전체 기간,공정 값 23 + pair_pos,트리
랜덤포레스트,4,0.4946009822693996,0.35,1.0,1.0,1.0,0.36363636363636365,0.6666666666666666,0.25,0.980309423347398,E1 전체 기간,공정 값 23 + pair_pos,트리
랜덤포레스트,5,0.44866020710571625,1.0,1.0,1.0,1.0,0.8571428571428571,0.75,1.0,1.0,E1 전체 기간,공정 값 23 + pair_pos,트리
랜덤포레스트,6,0.26165691235244,0.712121212121212,1.0,1.0,1.0,0.25,0.6666666666666666,0.15384615384615385,0.9732770745428974,E1 전체 기간,공정 값 23 + pair_pos,트리
랜덤포레스트,7,0.6497027410459499,0.4841269841269841,1.0,1.0,1.0,0.0,0.0,0.0,0.9723374827109267,E1 전체 기간,공정 값 23 + pair_pos,트리
랜덤포레스트,8,0.49048334146504025,0.6015151515151516,0.75,1.0,1.0,0.5,0.5,0.5,0.9642857142857142,E1 전체 기간,공정 값 23 + pair_pos,트리
랜덤포레스트,9,0.8041954917907111,0.17414529914529916,1.0,1.0,1.0,0.0,0.0,0.0,0.9625,E1 전체 기간,공정 값 23 + pair_pos,트리
랜덤포레스트,10,0.23692641673791168,0.8409090909090909,1.0,1.0,1.0,0.47058823529411764,1.0,0.3076923076923077,0.9926470588235294,E1 전체 기간,공정 값 23 + pair_pos,트리
랜덤포레스트,11,0.45485897474727865,0.7166666666666667,1.0,1.0,1.0,0.3076923076923077,0.6666666666666666,0.2,0.9760900140646976,E1 전체 기간,공정 값 23 + pair_pos,트리
랜덤포레스트,12,0.44560680725792867,0.1703703703703704,1.0,1.0,1.0,0.0,0.0,0.0,0.9612724757952973,E1 전체 기간,공정 값 23 + pair_pos,트리
랜덤포레스트,13,0.36844533257258344,0.14281609195402298,0.6666666666666666,1.0,1.0,0.0,0.0,0.0,0.9388888888888888,E1 전체 기간,공정 값 23 + pair_pos,트리
랜덤포레스트,14,0.5463655595643672,0.687037037037037,0.75,1.0,1.0,0.6666666666666666,0.5,1.0,0.9737394957983193,E1 전체 기간,공정 값 23 + pair_pos,트리
랜덤포레스트,15,0.17066633051882252,0.612037037037037,0.75,1.0,1.0,0.23076923076923078,0.75,0.13636363636363635,0.9684873949579832,E1 전체 기간,공정 값 23 + pair_pos,트리
랜덤포레스트,16,0.1876624740879873,0.75,1.0,1.0,1.0,0.35294117647058826,1.0,0.21428571428571427,0.9873417721518988,E1 전체 기간,공정 값 23 + pair_pos,트리
랜덤포레스트,17,0.5378176731277016,0.7222222222222222,1.0,1.0,1.0,0.5,0.3333333333333333,1.0,0.9944674965421854,E1 전체 기간,공정 값 23 + pair_pos,트리
랜덤포레스트,18,0.5150143191649549,0.39736519607843135,1.0,1.0,1.0,0.5,0.5,0.5,0.9705882352941176,E1 전체 기간,공정 값 23 + pair_pos,트리
랜덤포레스트,19,0.47616896524774394,0.19381787802840433,1.0,1.0,1.0,0.0,0.0,0.0,0.9486111111111112,E1 전체 기간,공정 값 23 + pair_pos,트리
랜덤포레스트,20,0.6750655751308272,0.1915204678362573,1.0,1.0,1.0,0.0,0.0,0.0,0.9626556016597511,E1 전체 기간,공정 값 23 + pair_pos,트리
랜덤포레스트,21,0.5794152121732095,0.17678571428571427,1.0,1.0,1.0,0.0,0.0,0.0,0.9597222222222221,E1 전체 기간,공정 값 23 + pair_pos,트리
랜덤포레스트,22,0.29491150350959333,0.47392473118279566,0.75,1.0,1.0,0.3333333333333333,0.75,0.21428571428571427,0.967436974789916,E1 전체 기간,공정 값 23 + pair_pos,트리
랜덤포레스트,23,0.30732983027133093,0.6305555555555555,1.0,1.0,1.0,0.4444444444444444,0.5,0.4,0.9779411764705882,E1 전체 기간,공정 값 23 + pair_pos,트리
랜덤포레스트,24,0.6791648023843723,0.6555555555555556,1.0,1.0,1.0,0.0,0.0,0.0,0.9887482419127989,E1 전체 기간,공정 값 23 + pair_pos,트리
랜덤포레스트,25,0.3681352750076874,0.6583333333333333,0.75,1.0,1.0,0.5454545454545454,0.75,0.42857142857142855,0.9695378151260504,E1 전체 기간,공정 값 23 + pair_pos,트리
랜덤포레스트,26,0.6993981132277688,0.13593813593813595,0.6666666666666666,1.0,1.0,0.0,0.0,0.0,0.9432918395573997,E1 전체 기간,공정 값 23 + pair_pos,트리
랜덤포레스트,27,0.4449870741307271,0.6270053475935828,1.0,1.0,1.0,0.5,0.5,0.5,0.9779411764705882,E1 전체 기간,공정 값 23 + pair_pos,트리
랜덤포레스트,28,0.48245066975664663,0.3555555555555555,1.0,1.0,1.0,0.5,0.6666666666666666,0.4,0.9845288326300984,E1 전체 기간,공정 값 23 + pair_pos,트리
랜덤포레스트,29,0.574367816633671,0.7083333333333333,1.0,1.0,1.0,0.0,0.0,0.0,0.9708333333333333,E1 전체 기간,공정 값 23 + pair_pos,트리
랜덤포레스트,30,0.4072605702408384,0.7928571428571428,1.0,1.0,1.0,0.6666666666666666,1.0,0.5,0.9947478991596639,E1 전체 기간,공정 값 23 + pair_pos,트리
랜덤포레스트,31,0.7464717349061484,0.09098124098124097,0.6666666666666666,1.0,1.0,0.0,0.0,0.0,0.9073305670816043,E1 전체 기간,공정 값 23 + pair_pos,트리
랜덤포레스트,32,0.23536238608222926,0.6116600790513834,1.0,1.0,1.0,0.35294117647058826,0.75,0.23076923076923078,0.971638655462185,E1 전체 기간,공정 값 23 + pair_pos,트리
랜덤포레스트,33,0.41408986042992607,0.2898989898989899,1.0,1.0,1.0,0.36363636363636365,0.6666666666666666,0.25,0.9662447257383966,E1 전체 기간,공정 값 23 + pair_pos,트리
랜덤포레스트,34,0.5151977790558832,0.49206349206349204,1.0,1.0,1.0,0.0,0.0,0.0,0.9694444444444444,E1 전체 기간,공정 값 23 + pair_pos,트리
랜덤포레스트,35,0.7606117447069051,0.11871461871461872,1.0,1.0,1.0,0.0,0.0,0.0,0.9405255878284925,E1 전체 기간,공정 값 23 + pair_pos,트리
랜덤포레스트,36,0.3236211048937652,0.6294642857142857,0.75,1.0,1.0,0.5,0.75,0.375,0.9695378151260504,E1 전체 기간,공정 값 23 + pair_pos,트리
랜덤포레스트,37,0.4898682539947087,0.7470238095238095,1.0,1.0,1.0,0.4,0.25,1.0,0.9947478991596639,E1 전체 기간,공정 값 23 + pair_pos,트리
랜덤포레스트,38,0.13210498588043304,0.7,0.6666666666666666,1.0,1.0,0.12903225806451613,0.6666666666666666,0.07142857142857142,0.9620253164556962,E1 전체 기간,공정 값 23 + pair_pos,트리
랜덤포레스트,39,0.38103667365086374,0.18055555555555555,1.0,1.0,1.0,0.0,0.0,0.0,0.9555555555555555,E1 전체 기간,공정 값 23 + pair_pos,트리
랜덤포레스트,40,0.40050044409920754,0.6547619047619048,1.0,1.0,1.0,0.46153846153846156,0.75,0.3333333333333333,0.9779411764705883,E1 전체 기간,공정 값 23 + pair_pos,트리
랜덤포레스트,41,0.27520249546953535,0.5825825825825827,0.6666666666666666,1.0,1.0,0.25,0.6666666666666666,0.15384615384615385,0.9507735583684951,E1 전체 기간,공정 값 23 + pair_pos,트리
랜덤포레스트,42,0.8241466705004433,0.3686868686868687,1.0,1.0,1.0,0.0,0.0,0.0,0.9820193637621023,E1 전체 기간,공정 값 23 + pair_pos,트리
랜덤포레스트,43,0.19489933624273806,0.6103238866396761,1.0,1.0,1.0,0.3076923076923077,1.0,0.18181818181818182,0.9737394957983193,E1 전체 기간,공정 값 23 + pair_pos,트리
랜덤포레스트,44,0.6703068958173406,0.4,1.0,1.0,1.0,0.0,0.0,0.0,0.9847222222222222,E1 전체 기간,공정 값 23 + pair_pos,트리
랜덤포레스트,45,0.2068304695179595,0.8125,1.0,1.0,1.0,0.27586206896551724,1.0,0.16,0.9947478991596638,E1 전체 기간,공정 값 23 + pair_pos,트리
랜덤포레스트,46,0.6304320700286336,0.31025641025641026,1.0,1.0,1.0,0.0,0.0,0.0,0.9737206085753803,E1 전체 기간,공정 값 23 + pair_pos,트리
랜덤포레스트,47,0.527230926640246,0.13001949317738792,0.6666666666666666,1.0,1.0,0.0,0.0,0.0,0.9291666666666667,E1 전체 기간,공정 값 23 + pair_pos,트리
랜덤포레스트,48,0.6086636765469581,0.5934782608695652,1.0,1.0,1.0,0.6666666666666666,0.5,1.0,0.9674369747899161,E1 전체 기간,공정 값 23 + pair_pos,트리
랜덤포레스트,49,0.3252579671101729,0.7291666666666666,1.0,1.0,1.0,0.3157894736842105,1.0,0.1875,0.9817158931082982,E1 전체 기간,공정 값 23 + pair_pos,트리
엑스트라트리,0,0.33495183962381503,0.6604166666666667,1.0,1.0,1.0,0.4,0.75,0.2727272727272727,0.9831932773109243,E1 전체 기간,공정 값 23 + pair_pos,트리
엑스트라트리,1,0.63217004249093,0.3694444444444444,1.0,1.0,1.0,0.0,0.0,0.0,0.9861687413554633,E1 전체 기간,공정 값 23 + pair_pos,트리
엑스트라트리,2,0.6261333989257267,0.16140109890109888,1.0,1.0,1.0,0.0,0.0,0.0,0.9583333333333333,E1 전체 기간,공정 값 23 + pair_pos,트리
엑스트라트리,3,0.31864832523662845,0.6553030303030303,0.75,1.0,1.0,0.5454545454545454,0.75,0.42857142857142855,0.9663865546218487,E1 전체 기간,공정 값 23 + pair_pos,트리
엑스트라트리,4,0.38957750256138507,0.8333333333333333,1.0,1.0,1.0,0.6,1.0,0.42857142857142855,0.9957805907172996,E1 전체 기간,공정 값 23 + pair_pos,트리
엑스트라트리,5,0.504677746117041,0.7321428571428572,1.0,1.0,1.0,0.6666666666666666,0.5,1.0,0.9915966386554621,E1 전체 기간,공정 값 23 + pair_pos,트리
엑스트라트리,6,0.30861851082806263,0.75,1.0,1.0,1.0,0.3333333333333333,0.6666666666666666,0.2222222222222222,0.9873417721518988,E1 전체 기간,공정 값 23 + pair_pos,트리
엑스트라트리,7,0.6624793762768463,0.40476190476190477,1.0,1.0,1.0,0.0,0.0,0.0,0.9806362378976488,E1 전체 기간,공정 값 23 + pair_pos,트리
엑스트라트리,8,0.34440720726011975,0.5738095238095238,0.75,1.0,1.0,0.3076923076923077,0.5,0.2222222222222222,0.9474789915966386,E1 전체 기간,공정 값 23 + pair_pos,트리
엑스트라트리,9,0.637136135251173,0.1375180375180375,1.0,1.0,1.0,0.0,0.0,0.0,0.9472222222222222,E1 전체 기간,공정 값 23 + pair_pos,트리
엑스트라트리,10,0.22688807368849634,0.8333333333333333,1.0,1.0,1.0,0.42105263157894735,1.0,0.26666666666666666,0.9915966386554622,E1 전체 기간,공정 값 23 + pair_pos,트리
엑스트라트리,11,0.21363864416194536,0.7333333333333333,1.0,1.0,1.0,0.25,1.0,0.14285714285714285,0.9831223628691983,E1 전체 기간,공정 값 23 + pair_pos,트리
엑스트라트리,12,0.6174002305333876,0.1847222222222222,1.0,1.0,1.0,0.0,0.0,0.0,0.962655601659751,E1 전체 기간,공정 값 23 + pair_pos,트리
엑스트라트리,13,0.6431934563566342,0.2698412698412698,1.0,1.0,1.0,0.0,0.0,0.0,0.9611111111111111,E1 전체 기간,공정 값 23 + pair_pos,트리
엑스트라트리,14,0.48107801379671894,0.6071428571428572,0.75,1.0,1.0,0.5714285714285714,0.5,0.6666666666666666,0.9537815126050421,E1 전체 기간,공정 값 23 + pair_pos,트리
엑스트라트리,15,0.23815523362775418,0.59375,0.75,1.0,1.0,0.3,0.75,0.1875,0.9611344537815125,E1 전체 기간,공정 값 23 + pair_pos,트리
엑스트라트리,16,0.34262618642848375,0.7192982456140351,1.0,1.0,1.0,0.4444444444444444,0.6666666666666666,0.3333333333333333,0.9774964838255978,E1 전체 기간,공정 값 23 + pair_pos,트리
엑스트라트리,17,0.6726988224336193,0.28535353535353536,1.0,1.0,1.0,0.0,0.0,0.0,0.9778699861687413,E1 전체 기간,공정 값 23 + pair_pos,트리
엑스트라트리,18,0.4621700104236889,0.6125,1.0,1.0,1.0,0.5714285714285714,0.5,0.6666666666666666,0.9747899159663865,E1 전체 기간,공정 값 23 + pair_pos,트리
엑스트라트리,19,0.6808037932866047,0.15458937198067635,1.0,1.0,1.0,0.0,0.0,0.0,0.9486111111111111,E1 전체 기간,공정 값 23 + pair_pos,트리
엑스트라트리,20,0.674711828983032,0.21581196581196582,1.0,1.0,1.0,0.0,0.0,0.0,0.970954356846473,E1 전체 기간,공정 값 23 + pair_pos,트리
엑스트라트리,21,0.6923381119623819,0.18741765480895917,1.0,1.0,1.0,0.0,0.0,0.0,0.9555555555555555,E1 전체 기간,공정 값 23 + pair_pos,트리
엑스트라트리,22,0.18136207146079505,0.7092391304347826,0.75,1.0,1.0,0.2727272727272727,0.75,0.16666666666666666,0.9548319327731092,E1 전체 기간,공정 값 23 + pair_pos,트리
엑스트라트리,23,0.2426811070100839,0.6519230769230769,1.0,1.0,1.0,0.3333333333333333,0.5,0.25,0.9831932773109244,E1 전체 기간,공정 값 23 + pair_pos,트리
엑스트라트리,24,0.5680649818357054,0.7254901960784313,1.0,1.0,1.0,0.8,0.6666666666666666,1.0,0.9803094233473981,E1 전체 기간,공정 값 23 + pair_pos,트리
엑스트라트리,25,0.23219494534898175,0.724537037037037,0.75,1.0,1.0,0.35294117647058826,0.75,0.23076923076923078,0.9747899159663865,E1 전체 기간,공정 값 23 + pair_pos,트리
엑스트라트리,26,0.6596143872936439,0.33333333333333337,1.0,1.0,1.0,0.0,0.0,0.0,0.9764868603042878,E1 전체 기간,공정 값 23 + pair_pos,트리
엑스트라트리,27,0.3125570342243513,0.6464285714285714,1.0,1.0,1.0,0.4,0.5,0.3333333333333333,0.9821428571428572,E1 전체 기간,공정 값 23 + pair_pos,트리
엑스트라트리,28,0.45386659659067763,0.4722222222222222,1.0,1.0,1.0,0.6666666666666666,0.6666666666666666,0.6666666666666666,0.9845288326300985,E1 전체 기간,공정 값 23 + pair_pos,트리
엑스트라트리,29,0.6791835643884797,0.5,1.0,1.0,1.0,0.0,0.0,0.0,0.9777777777777779,E1 전체 기간,공정 값 23 + pair_pos,트리
엑스트라트리,30,0.39333792293248077,0.8166666666666667,1.0,1.0,1.0,0.7272727272727273,1.0,0.5714285714285714,0.9957983193277311,E1 전체 기간,공정 값 23 + pair_pos,트리
엑스트라트리,31,0.3415638822667212,0.08572874493927125,0.6666666666666666,1.0,1.0,0.0,0.0,0.0,0.9087136929460581,E1 전체 기간,공정 값 23 + pair_pos,트리
엑스트라트리,32,0.2857198201744084,0.7159090909090909,1.0,1.0,1.0,0.5,0.75,0.375,0.9894957983193278,E1 전체 기간,공정 값 23 + pair_pos,트리
엑스트라트리,33,0.323818793109,0.738095238095238,1.0,1.0,1.0,0.3076923076923077,0.6666666666666666,0.2,0.9845288326300985,E1 전체 기간,공정 값 23 + pair_pos,트리
엑스트라트리,34,0.6794641418480403,0.4273504273504274,0.6666666666666666,1.0,1.0,0.0,0.0,0.0,0.9652777777777778,E1 전체 기간,공정 값 23 + pair_pos,트리
엑스트라트리,35,0.7122058583997407,0.1430976430976431,1.0,1.0,1.0,0.0,0.0,0.0,0.9502074688796681,E1 전체 기간,공정 값 23 + pair_pos,트리
엑스트라트리,36,0.22331007983108417,0.5969827586206897,0.75,1.0,1.0,0.26666666666666666,0.5,0.18181818181818182,0.9642857142857143,E1 전체 기간,공정 값 23 + pair_pos,트리
엑스트라트리,37,0.5187484972727213,0.8928571428571428,1.0,1.0,1.0,0.6666666666666666,0.5,1.0,0.9968487394957983,E1 전체 기간,공정 값 23 + pair_pos,트리
엑스트라트리,38,0.2159909008738745,0.7222222222222222,1.0,1.0,1.0,0.25,1.0,0.14285714285714285,0.9789029535864979,E1 전체 기간,공정 값 23 + pair_pos,트리
엑스트라트리,39,0.6815989380006224,0.1508870214752568,1.0,1.0,1.0,0.0,0.0,0.0,0.9541666666666666,E1 전체 기간,공정 값 23 + pair_pos,트리
엑스트라트리,40,0.32351236205509765,0.5906084656084656,0.75,1.0,1.0,0.3333333333333333,0.75,0.21428571428571427,0.9642857142857143,E1 전체 기간,공정 값 23 + pair_pos,트리
엑스트라트리,41,0.3562897719928076,0.5782828282828283,0.6666666666666666,1.0,1.0,0.36363636363636365,0.6666666666666666,0.25,0.9409282700421941,E1 전체 기간,공정 값 23 + pair_pos,트리
엑스트라트리,42,0.6416848066145662,0.4444444444444444,1.0,1.0,1.0,0.0,0.0,0.0,0.987551867219917,E1 전체 기간,공정 값 23 + pair_pos,트리
엑스트라트리,43,0.3750461931562469,0.6116600790513834,1.0,1.0,1.0,0.5714285714285714,0.5,0.6666666666666666,0.971638655462185,E1 전체 기간,공정 값 23 + pair_pos,트리
엑스트라트리,44,0.5858412051043103,0.4027777777777778,1.0,1.0,1.0,0.0,0.0,0.0,0.986111111111111,E1 전체 기간,공정 값 23 + pair_pos,트리
엑스트라트리,45,0.2812312439017303,0.8303571428571428,1.0,1.0,1.0,0.4,1.0,0.25,0.9957983193277311,E1 전체 기간,공정 값 23 + pair_pos,트리
엑스트라트리,46,0.7084976922358301,0.2611111111111111,1.0,1.0,1.0,0.0,0.0,0.0,0.9737206085753803,E1 전체 기간,공정 값 23 + pair_pos,트리
엑스트라트리,47,0.6950183183883146,0.16074074074074074,0.6666666666666666,0.6666666666666666,1.0,0.0,0.0,0.0,0.9194444444444445,E1 전체 기간,공정 값 23 + pair_pos,트리
엑스트라트리,48,0.5136430545203168,0.7182539682539683,1.0,1.0,1.0,0.6666666666666666,0.5,1.0,0.9905462184873949,E1 전체 기간,공정 값 23 + pair_pos,트리
엑스트라트리,49,0.2731678018491924,0.7192982456140351,1.0,1.0,1.0,0.2222222222222222,0.6666666666666666,0.13333333333333333,0.9774964838255978,E1 전체 기간,공정 값 23 + pair_pos,트리
GradientBoosting,0,0.8288329647542277,0.6493055555555556,1.0,1.0,1.0,0.6666666666666666,0.5,1.0,0.9800420168067226,E1 전체 기간,공정 값 23 + pair_pos,부스팅
GradientBoosting,1,0.41917967569915987,0.12564102564102564,0.6666666666666666,1.0,1.0,0.0,0.0,0.0,0.925311203319502,E1 전체 기간,공정 값 23 + pair_pos,부스팅
GradientBoosting,2,0.14246450331772004,0.07120623721578276,0.3333333333333333,0.3333333333333333,0.6666666666666666,0.0,0.0,0.0,0.8041666666666667,E1 전체 기간,공정 값 23 + pair_pos,부스팅
GradientBoosting,3,0.11353212890360256,0.6572463768115943,0.75,0.75,0.75,0.5714285714285714,0.5,0.6666666666666666,0.8571428571428572,E1 전체 기간,공정 값 23 + pair_pos,부스팅
GradientBoosting,4,0.07170601389733997,0.7333333333333333,1.0,1.0,1.0,0.4444444444444444,0.6666666666666666,0.3333333333333333,0.9831223628691983,E1 전체 기간,공정 값 23 + pair_pos,부스팅
GradientBoosting,5,0.04909313940408185,0.7784090909090909,1.0,1.0,1.0,0.75,0.75,0.75,0.9915966386554622,E1 전체 기간,공정 값 23 + pair_pos,부스팅
GradientBoosting,6,0.7280651069270043,0.7575757575757576,1.0,1.0,1.0,0.8,0.6666666666666666,1.0,0.9887482419127989,E1 전체 기간,공정 값 23 + pair_pos,부스팅
GradientBoosting,7,0.9626248740066558,0.10655575361457714,0.6666666666666666,1.0,1.0,0.0,0.0,0.0,0.9322268326417704,E1 전체 기간,공정 값 23 + pair_pos,부스팅
GradientBoosting,8,0.01724215406524602,0.6566666666666667,0.75,0.75,0.75,0.6666666666666666,0.75,0.6,0.8445378151260504,E1 전체 기간,공정 값 23 + pair_pos,부스팅
GradientBoosting,9,0.7404574445457096,0.05033670033670033,0.3333333333333333,0.6666666666666666,1.0,0.0,0.0,0.0,0.8444444444444444,E1 전체 기간,공정 값 23 + pair_pos,부스팅
GradientBoosting,10,0.9368237212418475,0.6053030303030302,0.75,1.0,1.0,0.4,0.25,1.0,0.9621848739495799,E1 전체 기간,공정 값 23 + pair_pos,부스팅
GradientBoosting,11,0.47627435615693536,0.7777777777777777,1.0,1.0,1.0,0.8,0.6666666666666666,1.0,0.9915611814345991,E1 전체 기간,공정 값 23 + pair_pos,부스팅
GradientBoosting,12,0.7004496277861739,0.23073945025164536,0.6666666666666666,1.0,1.0,0.0,0.0,0.0,0.9377593360995851,E1 전체 기간,공정 값 23 + pair_pos,부스팅
GradientBoosting,13,0.43027434510162255,0.1563352826510721,1.0,1.0,1.0,0.0,0.0,0.0,0.9500000000000001,E1 전체 기간,공정 값 23 + pair_pos,부스팅
GradientBoosting,14,0.1955202627198402,0.5485159817351599,0.75,0.75,0.75,0.5714285714285714,0.5,0.6666666666666666,0.8350840336134454,E1 전체 기간,공정 값 23 + pair_pos,부스팅
GradientBoosting,15,0.09019744562686657,0.5301346801346801,0.5,0.75,0.75,0.5,0.5,0.5,0.8308823529411764,E1 전체 기간,공정 값 23 + pair_pos,부스팅
GradientBoosting,16,0.5035289257474659,0.7777777777777777,1.0,1.0,1.0,0.8,0.6666666666666666,1.0,0.9915611814345991,E1 전체 기간,공정 값 23 + pair_pos,부스팅
GradientBoosting,17,0.6389762301624428,0.16951566951566954,1.0,1.0,1.0,0.0,0.0,0.0,0.9612724757952974,E1 전체 기간,공정 값 23 + pair_pos,부스팅
GradientBoosting,18,0.16728915830221913,0.5683229813664596,0.75,1.0,1.0,0.6666666666666666,0.5,1.0,0.9537815126050421,E1 전체 기간,공정 값 23 + pair_pos,부스팅
GradientBoosting,19,0.9088480560977195,0.11146723646723647,0.6666666666666666,0.6666666666666666,1.0,0.0,0.0,0.0,0.9041666666666666,E1 전체 기간,공정 값 23 + pair_pos,부스팅
GradientBoosting,20,0.632673243356718,0.050256016385048646,0.3333333333333333,0.3333333333333333,1.0,0.0,0.0,0.0,0.8243430152143845,E1 전체 기간,공정 값 23 + pair_pos,부스팅
GradientBoosting,21,0.9377978338471984,0.1354326676907322,0.6666666666666666,1.0,1.0,0.0,0.0,0.0,0.9374999999999999,E1 전체 기간,공정 값 23 + pair_pos,부스팅
GradientBoosting,22,0.13512651145257729,0.6357142857142857,0.75,1.0,1.0,0.4444444444444444,0.5,0.4,0.9632352941176471,E1 전체 기간,공정 값 23 + pair_pos,부스팅
GradientBoosting,23,0.5051801027345842,0.6079545454545454,1.0,1.0,1.0,0.5714285714285714,0.5,0.6666666666666666,0.971638655462185,E1 전체 기간,공정 값 23 + pair_pos,부스팅
GradientBoosting,24,0.03139852813024446,0.8095238095238095,1.0,1.0,1.0,0.4444444444444444,0.6666666666666666,0.3333333333333333,0.9943741209563994,E1 전체 기간,공정 값 23 + pair_pos,부스팅
GradientBoosting,25,0.9756950528060326,0.7605263157894737,0.75,0.75,0.75,0.0,0.0,0.0,0.9044117647058824,E1 전체 기간,공정 값 23 + pair_pos,부스팅
GradientBoosting,26,0.9730880106763306,0.08199023199023199,0.6666666666666666,1.0,1.0,0.0,0.0,0.0,0.9087136929460581,E1 전체 기간,공정 값 23 + pair_pos,부스팅
GradientBoosting,27,0.17820119217158556,0.6515151515151515,1.0,1.0,1.0,0.5,0.5,0.5,0.9831932773109244,E1 전체 기간,공정 값 23 + pair_pos,부스팅
GradientBoosting,28,0.035580162523942464,0.6777777777777778,0.6666666666666666,0.6666666666666666,0.6666666666666666,0.5714285714285714,0.6666666666666666,0.5,0.8776371308016878,E1 전체 기간,공정 값 23 + pair_pos,부스팅
GradientBoosting,29,0.14502228591506044,0.10534262485481996,0.6666666666666666,1.0,1.0,0.0,0.0,0.0,0.913888888888889,E1 전체 기간,공정 값 23 + pair_pos,부스팅
GradientBoosting,30,0.06313471998411169,0.6904761904761905,1.0,1.0,1.0,0.4,0.5,0.3333333333333333,0.9873949579831933,E1 전체 기간,공정 값 23 + pair_pos,부스팅
GradientBoosting,31,0.983528779441682,0.16848370927318293,0.6666666666666666,0.6666666666666666,0.6666666666666666,0.0,0.0,0.0,0.7814661134163208,E1 전체 기간,공정 값 23 + pair_pos,부스팅
GradientBoosting,32,0.13300446421675066,0.5467032967032968,0.5,0.75,1.0,0.5714285714285714,0.5,0.6666666666666666,0.921218487394958,E1 전체 기간,공정 값 23 + pair_pos,부스팅
GradientBoosting,33,0.8161691849861268,0.7916666666666666,1.0,1.0,1.0,0.8,0.6666666666666666,1.0,0.9929676511954993,E1 전체 기간,공정 값 23 + pair_pos,부스팅
GradientBoosting,34,0.9757363159999889,0.09906417112299465,0.6666666666666666,0.6666666666666666,1.0,0.0,0.0,0.0,0.8972222222222221,E1 전체 기간,공정 값 23 + pair_pos,부스팅
GradientBoosting,35,0.9114690407489094,0.10491071428571427,0.6666666666666666,0.6666666666666666,1.0,0.0,0.0,0.0,0.8893499308437067,E1 전체 기간,공정 값 23 + pair_pos,부스팅
GradientBoosting,36,0.010785353817034764,0.535757453666398,0.5,0.75,1.0,0.3076923076923077,0.5,0.2222222222222222,0.8949579831932772,E1 전체 기간,공정 값 23 + pair_pos,부스팅
GradientBoosting,37,0.5662794767316718,0.69375,1.0,1.0,1.0,0.6666666666666666,0.5,1.0,0.9884453781512604,E1 전체 기간,공정 값 23 + pair_pos,부스팅
GradientBoosting,38,0.07829040652843546,0.7777777777777777,1.0,1.0,1.0,0.5714285714285714,0.6666666666666666,0.5,0.9915611814345991,E1 전체 기간,공정 값 23 + pair_pos,부스팅
GradientBoosting,39,0.2900681936247084,0.09485202906255538,0.6666666666666666,1.0,1.0,0.0,0.0,0.0,0.9083333333333332,E1 전체 기간,공정 값 23 + pair_pos,부스팅
GradientBoosting,40,0.7259747170788763,0.6088235294117648,1.0,1.0,1.0,0.6666666666666666,0.5,1.0,0.9737394957983193,E1 전체 기간,공정 값 23 + pair_pos,부스팅
GradientBoosting,41,0.12451999212224193,0.6769759450171822,0.6666666666666666,0.6666666666666666,0.6666666666666666,0.4444444444444444,0.6666666666666666,0.3333333333333333,0.8677918424753868,E1 전체 기간,공정 값 23 + pair_pos,부스팅
GradientBoosting,42,0.7834415440227595,0.19315476190476188,0.6666666666666666,1.0,1.0,0.0,0.0,0.0,0.9474412171507607,E1 전체 기간,공정 값 23 + pair_pos,부스팅
GradientBoosting,43,0.7133632493516482,0.6416666666666666,0.75,0.75,1.0,0.6666666666666666,0.5,1.0,0.9380252100840336,E1 전체 기간,공정 값 23 + pair_pos,부스팅
GradientBoosting,44,0.6069074190699426,0.2844827586206896,0.6666666666666666,1.0,1.0,0.0,0.0,0.0,0.9541666666666666,E1 전체 기간,공정 값 23 + pair_pos,부스팅
GradientBoosting,45,0.4385322700447517,0.6916666666666667,1.0,1.0,1.0,0.6666666666666666,0.5,1.0,0.9852941176470588,E1 전체 기간,공정 값 23 + pair_pos,부스팅
GradientBoosting,46,0.870064522014672,0.1446078431372549,0.6666666666666666,0.6666666666666666,1.0,0.0,0.0,0.0,0.9100968188105119,E1 전체 기간,공정 값 23 + pair_pos,부스팅
GradientBoosting,47,0.886434610448817,0.06413172234067757,0.3333333333333333,0.6666666666666666,1.0,0.0,0.0,0.0,0.8430555555555556,E1 전체 기간,공정 값 23 + pair_pos,부스팅
GradientBoosting,48,0.9706148594436192,0.590625,0.75,0.75,1.0,0.4,0.25,1.0,0.9296218487394958,E1 전체 기간,공정 값 23 + pair_pos,부스팅
GradientBoosting,49,0.8265992566585812,0.8095238095238095,1.0,1.0,1.0,0.8,0.6666666666666666,1.0,0.9943741209563994,E1 전체 기간,공정 값 23 + pair_pos,부스팅
HistGradientBoosting,0,0.03628643119788495,0.525,0.75,1.0,1.0,0.4,0.5,0.3333333333333333,0.9548319327731092,E1 전체 기간,공정 값 23 + pair_pos,부스팅
HistGradientBoosting,1,0.5536918704712555,0.4722222222222222,1.0,1.0,1.0,0.4,0.3333333333333333,0.5,0.970954356846473,E1 전체 기간,공정 값 23 + pair_pos,부스팅
HistGradientBoosting,2,0.018138180182661473,0.1297208538587849,0.6666666666666666,1.0,1.0,0.0,0.0,0.0,0.9388888888888888,E1 전체 기간,공정 값 23 + pair_pos,부스팅
HistGradientBoosting,3,0.007253479931003573,0.6493055555555556,1.0,1.0,1.0,0.5714285714285714,0.5,0.6666666666666666,0.9800420168067226,E1 전체 기간,공정 값 23 + pair_pos,부스팅
HistGradientBoosting,4,0.17464338443069663,0.5317460317460317,1.0,1.0,1.0,0.5,0.6666666666666666,0.4,0.9915611814345991,E1 전체 기간,공정 값 23 + pair_pos,부스팅
HistGradientBoosting,5,0.5135840029809304,0.8928571428571428,1.0,1.0,1.0,0.6666666666666666,0.5,1.0,0.9968487394957983,E1 전체 기간,공정 값 23 + pair_pos,부스팅
HistGradientBoosting,6,0.0006468208769322863,0.738095238095238,1.0,1.0,1.0,0.3157894736842105,1.0,0.1875,0.9845288326300985,E1 전체 기간,공정 값 23 + pair_pos,부스팅
HistGradientBoosting,7,0.004257876853760495,0.2819794584500467,0.6666666666666666,0.6666666666666666,0.6666666666666666,0.4,0.3333333333333333,0.5,0.6680497925311203,E1 전체 기간,공정 값 23 + pair_pos,부스팅
HistGradientBoosting,8,0.404527335793043,0.6374458874458875,0.75,1.0,1.0,0.5,0.5,0.5,0.9653361344537815,E1 전체 기간,공정 값 23 + pair_pos,부스팅
HistGradientBoosting,9,0.9925360481805967,0.3416666666666667,1.0,1.0,1.0,0.0,0.0,0.0,0.9847222222222222,E1 전체 기간,공정 값 23 + pair_pos,부스팅
HistGradientBoosting,10,0.000728046748014708,1.0,1.0,1.0,1.0,0.6153846153846154,1.0,0.4444444444444444,1.0,E1 전체 기간,공정 값 23 + pair_pos,부스팅
HistGradientBoosting,11,0.05297517122385667,0.738095238095238,1.0,1.0,1.0,0.2857142857142857,0.6666666666666666,0.18181818181818182,0.9845288326300985,E1 전체 기간,공정 값 23 + pair_pos,부스팅
HistGradientBoosting,12,0.14022942048702797,0.0775620760060594,0.6666666666666666,0.6666666666666666,0.6666666666666666,0.0,0.0,0.0,0.6348547717842323,E1 전체 기간,공정 값 23 + pair_pos,부스팅
HistGradientBoosting,13,0.9980071456183031,0.42300194931773877,1.0,1.0,1.0,0.0,0.0,0.0,0.9555555555555556,E1 전체 기간,공정 값 23 + pair_pos,부스팅
HistGradientBoosting,14,0.27150533135072813,0.40005274261603374,0.75,0.75,0.75,0.4,0.25,1.0,0.7415966386554621,E1 전체 기간,공정 값 23 + pair_pos,부스팅
HistGradientBoosting,15,0.0040666695323758216,0.665,1.0,1.0,1.0,0.46153846153846156,0.75,0.3333333333333333,0.9747899159663865,E1 전체 기간,공정 값 23 + pair_pos,부스팅
HistGradientBoosting,16,0.2883169472829223,0.7666666666666666,1.0,1.0,1.0,0.5,0.6666666666666666,0.4,0.9901547116736991,E1 전체 기간,공정 값 23 + pair_pos,부스팅
HistGradientBoosting,17,0.041216252893191224,0.5138888888888888,1.0,1.0,1.0,0.5,0.6666666666666666,0.4,0.9903181189488243,E1 전체 기간,공정 값 23 + pair_pos,부스팅
HistGradientBoosting,18,0.6485151481620217,0.31135531135531136,0.75,1.0,1.0,0.0,0.0,0.0,0.9411764705882353,E1 전체 기간,공정 값 23 + pair_pos,부스팅
HistGradientBoosting,19,0.03968823262218844,0.18068158903004639,0.6666666666666666,1.0,1.0,0.3333333333333333,0.3333333333333333,0.3333333333333333,0.9375,E1 전체 기간,공정 값 23 + pair_pos,부스팅
HistGradientBoosting,20,0.0009368545776536751,0.5666666666666667,1.0,1.0,1.0,0.3076923076923077,0.6666666666666666,0.2,0.9806362378976486,E1 전체 기간,공정 값 23 + pair_pos,부스팅
HistGradientBoosting,21,0.6978980562025151,0.18434343434343434,1.0,1.0,1.0,0.0,0.0,0.0,0.9583333333333334,E1 전체 기간,공정 값 23 + pair_pos,부스팅
HistGradientBoosting,22,0.025366387907908412,0.6776315789473684,1.0,1.0,1.0,0.5454545454545454,0.75,0.42857142857142855,0.9810924369747899,E1 전체 기간,공정 값 23 + pair_pos,부스팅
HistGradientBoosting,23,0.03140300189026832,0.665,1.0,1.0,1.0,0.4444444444444444,0.5,0.4,0.9747899159663865,E1 전체 기간,공정 값 23 + pair_pos,부스팅
HistGradientBoosting,24,0.0957213648288375,0.8666666666666667,1.0,1.0,1.0,0.75,1.0,0.6,0.9971870604781997,E1 전체 기간,공정 값 23 + pair_pos,부스팅
HistGradientBoosting,25,0.002271373208918695,0.6527777777777778,0.75,1.0,1.0,0.46153846153846156,0.75,0.3333333333333333,0.9632352941176471,E1 전체 기간,공정 값 23 + pair_pos,부스팅
HistGradientBoosting,26,0.07139813646206157,0.25277777777777777,1.0,1.0,1.0,0.3333333333333333,0.3333333333333333,0.3333333333333333,0.9515905947441217,E1 전체 기간,공정 값 23 + pair_pos,부스팅
HistGradientBoosting,27,0.0010607597775020357,0.7071428571428571,1.0,1.0,1.0,0.5,0.75,0.375,0.9894957983193277,E1 전체 기간,공정 값 23 + pair_pos,부스팅
HistGradientBoosting,28,0.6556287727065365,0.8666666666666667,1.0,1.0,1.0,0.0,0.0,0.0,0.9971870604781997,E1 전체 기간,공정 값 23 + pair_pos,부스팅
HistGradientBoosting,29,0.7482326697616268,0.43434343434343436,1.0,1.0,1.0,0.0,0.0,0.0,0.9708333333333334,E1 전체 기간,공정 값 23 + pair_pos,부스팅
HistGradientBoosting,30,0.010932860359251527,0.775,1.0,1.0,1.0,0.6,0.75,0.5,0.9936974789915966,E1 전체 기간,공정 값 23 + pair_pos,부스팅
HistGradientBoosting,31,0.40208200778863995,0.14812349435780398,0.6666666666666666,0.6666666666666666,0.6666666666666666,0.0,0.0,0.0,0.656984785615491,E1 전체 기간,공정 값 23 + pair_pos,부스팅
HistGradientBoosting,32,0.006409606869255848,0.674390243902439,0.75,1.0,1.0,0.6666666666666666,0.75,0.6,0.9590336134453782,E1 전체 기간,공정 값 23 + pair_pos,부스팅
HistGradientBoosting,33,0.6878696156156412,0.26666666666666666,1.0,1.0,1.0,0.0,0.0,0.0,0.9774964838255977,E1 전체 기간,공정 값 23 + pair_pos,부스팅
HistGradientBoosting,34,0.9965329988204031,0.35470085470085466,1.0,1.0,1.0,0.0,0.0,0.0,0.9791666666666667,E1 전체 기간,공정 값 23 + pair_pos,부스팅
HistGradientBoosting,35,0.010602003306295382,0.16666666666666669,0.6666666666666666,1.0,1.0,0.0,0.0,0.0,0.9446749654218534,E1 전체 기간,공정 값 23 + pair_pos,부스팅
HistGradientBoosting,36,0.009436271593643278,0.77,0.75,0.75,1.0,0.46153846153846156,0.75,0.3333333333333333,0.9516806722689076,E1 전체 기간,공정 값 23 + pair_pos,부스팅
HistGradientBoosting,37,0.9531251545884559,0.7986111111111112,1.0,1.0,1.0,0.0,0.0,0.0,0.9936974789915966,E1 전체 기간,공정 값 23 + pair_pos,부스팅
HistGradientBoosting,38,0.0008993134302290039,0.7222222222222222,1.0,1.0,1.0,0.2857142857142857,0.6666666666666666,0.18181818181818182,0.9789029535864979,E1 전체 기간,공정 값 23 + pair_pos,부스팅
HistGradientBoosting,39,0.6595359362281583,0.07649450606214901,0.3333333333333333,0.6666666666666666,0.6666666666666666,0.0,0.0,0.0,0.6291666666666667,E1 전체 기간,공정 값 23 + pair_pos,부스팅
HistGradientBoosting,40,0.28928881999290373,0.6964285714285714,1.0,1.0,1.0,0.4444444444444444,0.5,0.4,0.9863445378151261,E1 전체 기간,공정 값 23 + pair_pos,부스팅
HistGradientBoosting,41,0.8075870176685309,0.559774964838256,0.6666666666666666,0.6666666666666666,0.6666666666666666,0.4,0.3333333333333333,0.5,0.6694796061884669,E1 전체 기간,공정 값 23 + pair_pos,부스팅
HistGradientBoosting,42,0.9007767708388649,0.5138888888888888,1.0,1.0,1.0,0.4,0.3333333333333333,0.5,0.9903181189488243,E1 전체 기간,공정 값 23 + pair_pos,부스팅
HistGradientBoosting,43,0.11019217730021136,0.8214285714285714,1.0,1.0,1.0,0.6666666666666666,0.75,0.6,0.9894957983193278,E1 전체 기간,공정 값 23 + pair_pos,부스팅
HistGradientBoosting,44,0.9661078688734805,0.4365079365079365,1.0,1.0,1.0,0.0,0.0,0.0,0.9722222222222223,E1 전체 기간,공정 값 23 + pair_pos,부스팅
HistGradientBoosting,45,0.5316334349075907,0.6846590909090909,1.0,1.0,1.0,0.5714285714285714,0.5,0.6666666666666666,0.9873949579831933,E1 전체 기간,공정 값 23 + pair_pos,부스팅
HistGradientBoosting,46,0.9353225570879281,0.41111111111111115,1.0,1.0,1.0,0.0,0.0,0.0,0.9889349930843707,E1 전체 기간,공정 값 23 + pair_pos,부스팅
HistGradientBoosting,47,0.029865222735752758,0.04309327036599764,0.3333333333333333,0.6666666666666666,0.6666666666666666,0.0,0.0,0.0,0.6027777777777776,E1 전체 기간,공정 값 23 + pair_pos,부스팅
HistGradientBoosting,48,0.9836861884129989,0.6291666666666667,1.0,1.0,1.0,0.4,0.25,1.0,0.9789915966386554,E1 전체 기간,공정 값 23 + pair_pos,부스팅
HistGradientBoosting,49,0.007190487274536776,0.7666666666666666,1.0,1.0,1.0,0.3333333333333333,0.6666666666666666,0.2222222222222222,0.9901547116736991,E1 전체 기간,공정 값 23 + pair_pos,부스팅
XGBoost,0,0.04261879622936249,0.34375,1.0,1.0,1.0,0.36363636363636365,1.0,0.2222222222222222,0.9779411764705882,E1 전체 기간,공정 값 23 + pair_pos,부스팅
XGBoost,1,0.11668866127729416,0.37142857142857144,1.0,1.0,1.0,0.2857142857142857,0.3333333333333333,0.25,0.9792531120331951,E1 전체 기간,공정 값 23 + pair_pos,부스팅
XGBoost,2,0.3278612494468689,0.4841269841269841,1.0,1.0,1.0,0.5,0.3333333333333333,1.0,0.9722222222222222,E1 전체 기간,공정 값 23 + pair_pos,부스팅
XGBoost,3,0.3959362506866455,0.6397058823529411,0.75,0.75,1.0,0.5714285714285714,0.5,0.6666666666666666,0.9296218487394958,E1 전체 기간,공정 값 23 + pair_pos,부스팅
XGBoost,4,0.2656382918357849,0.26190476190476186,1.0,1.0,1.0,0.25,0.3333333333333333,0.2,0.9690576652601969,E1 전체 기간,공정 값 23 + pair_pos,부스팅
XGBoost,5,0.24982261657714844,0.6597744360902256,1.0,1.0,1.0,0.5714285714285714,0.5,0.6666666666666666,0.9800420168067226,E1 전체 기간,공정 값 23 + pair_pos,부스팅
XGBoost,6,0.07617773115634918,0.7192982456140351,1.0,1.0,1.0,0.36363636363636365,0.6666666666666666,0.25,0.9774964838255978,E1 전체 기간,공정 값 23 + pair_pos,부스팅
XGBoost,7,0.04571329802274704,0.25227272727272726,0.6666666666666666,1.0,1.0,0.2222222222222222,0.3333333333333333,0.16666666666666666,0.9349930843706777,E1 전체 기간,공정 값 23 + pair_pos,부스팅
XGBoost,8,0.11349617689847946,0.6111596736596736,0.75,0.75,0.75,0.46153846153846156,0.75,0.3333333333333333,0.851890756302521,E1 전체 기간,공정 값 23 + pair_pos,부스팅
XGBoost,9,0.7025431394577026,0.31587301587301586,1.0,1.0,1.0,0.0,0.0,0.0,0.9777777777777779,E1 전체 기간,공정 값 23 + pair_pos,부스팅
XGBoost,10,0.014349562115967274,0.9166666666666666,1.0,1.0,1.0,0.5,1.0,0.3333333333333333,0.9978991596638656,E1 전체 기간,공정 값 23 + pair_pos,부스팅
XGBoost,11,0.18897998332977295,0.8666666666666667,1.0,1.0,1.0,0.5454545454545454,1.0,0.375,0.9971870604781997,E1 전체 기간,공정 값 23 + pair_pos,부스팅
XGBoost,12,0.13769111037254333,0.34074074074074073,1.0,1.0,1.0,0.2,0.3333333333333333,0.14285714285714285,0.979253112033195,E1 전체 기간,공정 값 23 + pair_pos,부스팅
XGBoost,13,0.6082569360733032,0.23809523809523808,1.0,1.0,1.0,0.0,0.0,0.0,0.9680555555555556,E1 전체 기간,공정 값 23 + pair_pos,부스팅
XGBoost,14,0.21478627622127533,0.4592391304347826,0.75,1.0,1.0,0.5,0.5,0.5,0.944327731092437,E1 전체 기간,공정 값 23 + pair_pos,부스팅
XGBoost,15,0.05266471579670906,0.6019467213114754,0.75,0.75,0.75,0.46153846153846156,0.75,0.3333333333333333,0.8707983193277311,E1 전체 기간,공정 값 23 + pair_pos,부스팅
XGBoost,16,0.05807143449783325,0.6388888888888888,1.0,1.0,1.0,0.42857142857142855,1.0,0.2727272727272727,0.9957805907172996,E1 전체 기간,공정 값 23 + pair_pos,부스팅
XGBoost,17,0.34497687220573425,0.4304093567251462,1.0,1.0,1.0,0.4,0.3333333333333333,0.5,0.9598893499308437,E1 전체 기간,공정 값 23 + pair_pos,부스팅
XGBoost,18,0.2585063576698303,0.20795454545454545,1.0,1.0,1.0,0.0,0.0,0.0,0.9611344537815125,E1 전체 기간,공정 값 23 + pair_pos,부스팅
XGBoost,19,0.4314846098423004,0.35,1.0,1.0,1.0,0.0,0.0,0.0,0.9708333333333333,E1 전체 기간,공정 값 23 + pair_pos,부스팅
XGBoost,20,0.09913843870162964,0.375,1.0,1.0,1.0,0.5,0.6666666666666666,0.4,0.966804979253112,E1 전체 기간,공정 값 23 + pair_pos,부스팅
XGBoost,21,0.2886773347854614,0.4191919191919192,0.6666666666666666,1.0,1.0,0.0,0.0,0.0,0.9555555555555555,E1 전체 기간,공정 값 23 + pair_pos,부스팅
XGBoost,22,0.12166021019220352,0.48991935483870963,0.75,0.75,0.75,0.375,0.75,0.25,0.9033613445378151,E1 전체 기간,공정 값 23 + pair_pos,부스팅
XGBoost,23,0.21326719224452972,0.7361111111111112,1.0,1.0,1.0,0.4444444444444444,0.5,0.4,0.9915966386554621,E1 전체 기간,공정 값 23 + pair_pos,부스팅
XGBoost,24,0.5300212502479553,0.7666666666666666,1.0,1.0,1.0,0.6666666666666666,0.6666666666666666,0.6666666666666666,0.9901547116736991,E1 전체 기간,공정 값 23 + pair_pos,부스팅
XGBoost,25,0.6065511703491211,0.6992647058823529,0.75,0.75,0.75,0.5714285714285714,0.5,0.6666666666666666,0.9138655462184874,E1 전체 기간,공정 값 23 + pair_pos,부스팅
XGBoost,26,0.6101135015487671,0.18518518518518517,1.0,1.0,1.0,0.0,0.0,0.0,0.9626556016597511,E1 전체 기간,공정 값 23 + pair_pos,부스팅
XGBoost,27,0.12186342477798462,1.0,1.0,1.0,1.0,0.6666666666666666,1.0,0.5,1.0,E1 전체 기간,공정 값 23 + pair_pos,부스팅
XGBoost,28,0.321487158536911,0.7,1.0,1.0,1.0,0.5714285714285714,0.6666666666666666,0.5,0.9943741209563994,E1 전체 기간,공정 값 23 + pair_pos,부스팅
XGBoost,29,0.07106482237577438,0.49831649831649827,1.0,1.0,1.0,0.2857142857142857,0.3333333333333333,0.25,0.9791666666666666,E1 전체 기간,공정 값 23 + pair_pos,부스팅
XGBoost,30,0.32177841663360596,0.7041666666666666,1.0,1.0,1.0,0.75,0.75,0.75,0.9915966386554622,E1 전체 기간,공정 값 23 + pair_pos,부스팅
XGBoost,31,0.6113634705543518,0.34074074074074073,0.6666666666666666,0.6666666666666666,0.6666666666666666,0.0,0.0,0.0,0.8132780082987552,E1 전체 기간,공정 값 23 + pair_pos,부스팅
XGBoost,32,0.030815020203590393,0.7430555555555556,1.0,1.0,1.0,0.4,0.75,0.2727272727272727,0.9842436974789915,E1 전체 기간,공정 값 23 + pair_pos,부스팅
XGBoost,33,0.2941043972969055,0.13568376068376067,0.6666666666666666,1.0,1.0,0.0,0.0,0.0,0.940928270042194,E1 전체 기간,공정 값 23 + pair_pos,부스팅
XGBoost,34,0.5161253213882446,0.8666666666666667,1.0,1.0,1.0,0.5,0.3333333333333333,1.0,0.9972222222222222,E1 전체 기간,공정 값 23 + pair_pos,부스팅
XGBoost,35,0.8904746770858765,0.27350427350427353,1.0,1.0,1.0,0.0,0.0,0.0,0.9626556016597511,E1 전체 기간,공정 값 23 + pair_pos,부스팅
XGBoost,36,0.056611157953739166,0.5796536796536796,0.75,0.75,0.75,0.5,0.75,0.375,0.9201680672268907,E1 전체 기간,공정 값 23 + pair_pos,부스팅
XGBoost,37,0.5965892672538757,0.6339285714285714,1.0,1.0,1.0,0.0,0.0,0.0,0.9800420168067228,E1 전체 기간,공정 값 23 + pair_pos,부스팅
XGBoost,38,0.016539666801691055,0.696969696969697,0.6666666666666666,1.0,1.0,0.26666666666666666,0.6666666666666666,0.16666666666666666,0.9578059071729957,E1 전체 기간,공정 값 23 + pair_pos,부스팅
XGBoost,39,0.13498902320861816,0.18095238095238098,1.0,1.0,1.0,0.0,0.0,0.0,0.9583333333333334,E1 전체 기간,공정 값 23 + pair_pos,부스팅
XGBoost,40,0.055994968861341476,0.5004901960784314,1.0,1.0,1.0,0.35294117647058826,0.75,0.23076923076923078,0.9821428571428571,E1 전체 기간,공정 값 23 + pair_pos,부스팅
XGBoost,41,0.20724406838417053,0.48484848484848486,0.6666666666666666,0.6666666666666666,1.0,0.4444444444444444,0.6666666666666666,0.3333333333333333,0.9226441631504922,E1 전체 기간,공정 값 23 + pair_pos,부스팅
XGBoost,42,0.16668422520160675,0.5317460317460317,1.0,1.0,1.0,0.4444444444444444,0.6666666666666666,0.3333333333333333,0.9917012448132779,E1 전체 기간,공정 값 23 + pair_pos,부스팅
XGBoost,43,0.2596686780452728,0.7182539682539683,1.0,1.0,1.0,0.4,0.5,0.3333333333333333,0.9905462184873949,E1 전체 기간,공정 값 23 + pair_pos,부스팅
XGBoost,44,0.5461856722831726,0.7916666666666666,1.0,1.0,1.0,0.0,0.0,0.0,0.9930555555555555,E1 전체 기간,공정 값 23 + pair_pos,부스팅
XGBoost,45,0.01937650516629219,0.7214285714285714,1.0,1.0,1.0,0.36363636363636365,1.0,0.2222222222222222,0.9873949579831933,E1 전체 기간,공정 값 23 + pair_pos,부스팅
XGBoost,46,0.20251420140266418,0.6111111111111112,1.0,1.0,1.0,0.5714285714285714,0.6666666666666666,0.5,0.9889349930843706,E1 전체 기간,공정 값 23 + pair_pos,부스팅
XGBoost,47,0.21275940537452698,0.05998787248787249,0.3333333333333333,0.6666666666666666,0.6666666666666666,0.0,0.0,0.0,0.8430555555555556,E1 전체 기간,공정 값 23 + pair_pos,부스팅
XGBoost,48,0.046170152723789215,0.6575757575757576,1.0,1.0,1.0,0.6666666666666666,0.75,0.6,0.9894957983193278,E1 전체 기간,공정 값 23 + pair_pos,부스팅
XGBoost,49,0.08720517158508301,0.5555555555555556,1.0,1.0,1.0,0.4,1.0,0.25,0.9929676511954993,E1 전체 기간,공정 값 23 + pair_pos,부스팅
LightGBM,0,0.11534663298862115,0.47023809523809523,1.0,1.0,1.0,0.4444444444444444,0.5,0.4,0.9831932773109244,E1 전체 기간,공정 값 23 + pair_pos,부스팅
LightGBM,1,0.045725418775256536,0.48290598290598286,0.6666666666666666,1.0,1.0,0.5,0.3333333333333333,1.0,0.9626556016597511,E1 전체 기간,공정 값 23 + pair_pos,부스팅
LightGBM,2,0.31301110669848703,0.5714285714285714,1.0,1.0,1.0,0.0,0.0,0.0,0.9819444444444445,E1 전체 기간,공정 값 23 + pair_pos,부스팅
LightGBM,3,0.013571009938082586,0.624384236453202,0.75,0.75,1.0,0.5,0.5,0.5,0.9390756302521008,E1 전체 기간,공정 값 23 + pair_pos,부스팅
LightGBM,4,0.21411157088037053,0.4777777777777778,1.0,1.0,1.0,0.3333333333333333,0.3333333333333333,0.3333333333333333,0.9915611814345991,E1 전체 기간,공정 값 23 + pair_pos,부스팅
LightGBM,5,0.17607913619105922,0.8611111111111112,1.0,1.0,1.0,0.8571428571428571,0.75,1.0,0.9947478991596639,E1 전체 기간,공정 값 23 + pair_pos,부스팅
LightGBM,6,0.0037041093018324164,0.7435897435897436,1.0,1.0,1.0,0.4,0.6666666666666666,0.2857142857142857,0.9859353023909986,E1 전체 기간,공정 값 23 + pair_pos,부스팅
LightGBM,7,0.02342284229407692,0.22685185185185186,1.0,1.0,1.0,0.3333333333333333,0.3333333333333333,0.3333333333333333,0.95850622406639,E1 전체 기간,공정 값 23 + pair_pos,부스팅
LightGBM,8,0.0552152734038458,0.698252688172043,0.75,0.75,0.75,0.5,0.75,0.375,0.9054621848739496,E1 전체 기간,공정 값 23 + pair_pos,부스팅
LightGBM,9,0.576488521809975,0.4444444444444444,1.0,1.0,1.0,0.0,0.0,0.0,0.9874999999999999,E1 전체 기간,공정 값 23 + pair_pos,부스팅
LightGBM,10,0.0028066116180668396,0.95,1.0,1.0,1.0,0.8888888888888888,1.0,0.8,0.9989495798319328,E1 전체 기간,공정 값 23 + pair_pos,부스팅
LightGBM,11,0.022611984586749463,0.8095238095238095,1.0,1.0,1.0,0.4444444444444444,0.6666666666666666,0.3333333333333333,0.9943741209563994,E1 전체 기간,공정 값 23 + pair_pos,부스팅
LightGBM,12,0.05943815309438987,0.4,1.0,1.0,1.0,0.0,0.0,0.0,0.9847856154910096,E1 전체 기간,공정 값 23 + pair_pos,부스팅
LightGBM,13,0.01206224603584447,0.3611111111111111,1.0,1.0,1.0,0.25,0.3333333333333333,0.2,0.9819444444444444,E1 전체 기간,공정 값 23 + pair_pos,부스팅
LightGBM,14,0.9594227190600295,0.5824675324675325,0.75,0.75,1.0,0.6666666666666666,0.5,1.0,0.9222689075630253,E1 전체 기간,공정 값 23 + pair_pos,부스팅
LightGBM,15,0.00141193925501283,0.6586206896551724,0.75,0.75,0.75,0.42857142857142855,0.75,0.3,0.8802521008403361,E1 전체 기간,공정 값 23 + pair_pos,부스팅
LightGBM,16,0.0013027115604280954,0.8333333333333333,1.0,1.0,1.0,0.5,1.0,0.3333333333333333,0.9957805907172996,E1 전체 기간,공정 값 23 + pair_pos,부스팅
LightGBM,17,0.9481230280523761,0.75,1.0,1.0,1.0,0.0,0.0,0.0,0.9875518672199171,E1 전체 기간,공정 값 23 + pair_pos,부스팅
LightGBM,18,0.18112604326233606,0.3583333333333333,1.0,1.0,1.0,0.0,0.0,0.0,0.9779411764705881,E1 전체 기간,공정 값 23 + pair_pos,부스팅
LightGBM,19,0.2960445932713794,0.5222222222222221,1.0,1.0,1.0,0.0,0.0,0.0,0.975,E1 전체 기간,공정 값 23 + pair_pos,부스팅
LightGBM,20,0.06677101091430312,0.5435897435897437,1.0,1.0,1.0,0.5,0.3333333333333333,1.0,0.9820193637621024,E1 전체 기간,공정 값 23 + pair_pos,부스팅
LightGBM,21,0.2757823884073356,0.5909090909090908,1.0,1.0,1.0,0.0,0.0,0.0,0.9861111111111112,E1 전체 기간,공정 값 23 + pair_pos,부스팅
LightGBM,22,0.0016120651359960705,0.6230345911949685,0.75,0.75,1.0,0.35294117647058826,0.75,0.23076923076923078,0.9464285714285715,E1 전체 기간,공정 값 23 + pair_pos,부스팅
LightGBM,23,0.0031659059828586405,0.6840659340659341,1.0,1.0,1.0,0.5454545454545454,0.75,0.42857142857142855,0.9863445378151261,E1 전체 기간,공정 값 23 + pair_pos,부스팅
LightGBM,24,0.9933671262101066,1.0,1.0,1.0,1.0,0.0,0.0,0.0,1.0,E1 전체 기간,공정 값 23 + pair_pos,부스팅
LightGBM,25,0.010613547664681122,0.7013888888888888,0.75,0.75,1.0,0.5,0.75,0.375,0.9275210084033614,E1 전체 기간,공정 값 23 + pair_pos,부스팅
LightGBM,26,0.12336534908682548,0.2554945054945055,1.0,1.0,1.0,0.0,0.0,0.0,0.975103734439834,E1 전체 기간,공정 값 23 + pair_pos,부스팅
LightGBM,27,0.09981863608255041,0.95,1.0,1.0,1.0,0.6666666666666666,0.5,1.0,0.9989495798319328,E1 전체 기간,공정 값 23 + pair_pos,부스팅
LightGBM,28,0.3821927489707154,0.8333333333333333,1.0,1.0,1.0,0.5,0.3333333333333333,1.0,0.9957805907172996,E1 전체 기간,공정 값 23 + pair_pos,부스팅
LightGBM,29,0.5556646577400539,0.5694444444444444,1.0,1.0,1.0,0.0,0.0,0.0,0.9874999999999999,E1 전체 기간,공정 값 23 + pair_pos,부스팅
LightGBM,30,0.015157520717324844,0.7470238095238095,1.0,1.0,1.0,0.6666666666666666,1.0,0.5,0.9947478991596639,E1 전체 기간,공정 값 23 + pair_pos,부스팅
LightGBM,31,0.4152798940865669,0.39789789789789787,0.6666666666666666,0.6666666666666666,0.6666666666666666,0.0,0.0,0.0,0.8478561549100969,E1 전체 기간,공정 값 23 + pair_pos,부스팅
LightGBM,32,0.008685970653721654,0.8541666666666666,1.0,1.0,1.0,0.75,0.75,0.75,0.9968487394957983,E1 전체 기간,공정 값 23 + pair_pos,부스팅
LightGBM,33,0.0020288048132546827,0.4603174603174603,1.0,1.0,1.0,0.3076923076923077,0.6666666666666666,0.2,0.9817158931082982,E1 전체 기간,공정 값 23 + pair_pos,부스팅
LightGBM,34,0.814846536968508,1.0,1.0,1.0,1.0,0.0,0.0,0.0,1.0,E1 전체 기간,공정 값 23 + pair_pos,부스팅
LightGBM,35,0.9205466083688377,0.44545454545454544,1.0,1.0,1.0,0.0,0.0,0.0,0.9626556016597511,E1 전체 기간,공정 값 23 + pair_pos,부스팅
LightGBM,36,0.002291874865647462,0.6628205128205128,0.75,0.75,0.75,0.5454545454545454,0.75,0.42857142857142855,0.9201680672268907,E1 전체 기간,공정 값 23 + pair_pos,부스팅
LightGBM,37,0.33675384017567167,0.85,1.0,1.0,1.0,0.0,0.0,0.0,0.9936974789915967,E1 전체 기간,공정 값 23 + pair_pos,부스팅
LightGBM,38,0.0006119131676675343,0.7291666666666666,1.0,1.0,1.0,0.2222222222222222,0.6666666666666666,0.13333333333333333,0.9817158931082982,E1 전체 기간,공정 값 23 + pair_pos,부스팅
LightGBM,39,0.00872351317421806,0.20555555555555555,1.0,1.0,1.0,0.0,0.0,0.0,0.9652777777777778,E1 전체 기간,공정 값 23 + pair_pos,부스팅
LightGBM,40,0.004936432140981681,0.6626984126984127,1.0,1.0,1.0,0.4,0.75,0.2727272727272727,0.9810924369747899,E1 전체 기간,공정 값 23 + pair_pos,부스팅
LightGBM,41,0.022909477698734873,0.6785714285714285,0.6666666666666666,0.6666666666666666,0.6666666666666666,0.4444444444444444,0.6666666666666666,0.3333333333333333,0.8860759493670886,E1 전체 기간,공정 값 23 + pair_pos,부스팅
LightGBM,42,0.31016203012402993,0.6388888888888888,1.0,1.0,1.0,0.0,0.0,0.0,0.995850622406639,E1 전체 기간,공정 값 23 + pair_pos,부스팅
LightGBM,43,0.0323793198295851,0.8125,1.0,1.0,1.0,0.6666666666666666,0.75,0.6,0.9873949579831932,E1 전체 기간,공정 값 23 + pair_pos,부스팅
LightGBM,44,0.1907035860502136,0.5,1.0,1.0,1.0,0.0,0.0,0.0,0.9916666666666667,E1 전체 기간,공정 값 23 + pair_pos,부스팅
LightGBM,45,0.0005596621278529084,0.8166666666666667,1.0,1.0,1.0,0.36363636363636365,1.0,0.2222222222222222,0.9884453781512604,E1 전체 기간,공정 값 23 + pair_pos,부스팅
LightGBM,46,0.21022914214080904,0.5138888888888888,1.0,1.0,1.0,0.5714285714285714,0.6666666666666666,0.5,0.9903181189488243,E1 전체 기간,공정 값 23 + pair_pos,부스팅
LightGBM,47,0.7129616848554541,0.07785714285714285,0.6666666666666666,0.6666666666666666,0.6666666666666666,0.0,0.0,0.0,0.8166666666666667,E1 전체 기간,공정 값 23 + pair_pos,부스팅
LightGBM,48,0.29573034058570735,0.6738095238095239,1.0,1.0,1.0,0.6666666666666666,0.5,1.0,0.9842436974789915,E1 전체 기간,공정 값 23 + pair_pos,부스팅
LightGBM,49,0.0017196911406212362,0.9166666666666666,1.0,1.0,1.0,0.3333333333333333,1.0,0.2,0.9985935302390999,E1 전체 기간,공정 값 23 + pair_pos,부스팅
CatBoost,0,0.12258043190743384,0.5317982456140351,1.0,1.0,1.0,0.3333333333333333,0.5,0.25,0.9737394957983194,E1 전체 기간,공정 값 23 + pair_pos,부스팅
CatBoost,1,0.16726755571059754,0.6095238095238096,1.0,1.0,1.0,0.3333333333333333,0.3333333333333333,0.3333333333333333,0.9903181189488243,E1 전체 기간,공정 값 23 + pair_pos,부스팅
CatBoost,2,0.29777226411700586,0.3595238095238096,1.0,1.0,1.0,0.0,0.0,0.0,0.986111111111111,E1 전체 기간,공정 값 23 + pair_pos,부스팅
CatBoost,3,0.11706046980906219,0.5942028985507246,0.75,0.75,0.75,0.36363636363636365,0.5,0.2857142857142857,0.9012605042016806,E1 전체 기간,공정 값 23 + pair_pos,부스팅
CatBoost,4,0.669458358690957,0.5,1.0,1.0,1.0,0.4,0.3333333333333333,0.5,0.9887482419127989,E1 전체 기간,공정 값 23 + pair_pos,부스팅
CatBoost,5,0.6150187106974375,0.6916666666666667,1.0,1.0,1.0,0.2857142857142857,0.25,0.3333333333333333,0.9936974789915967,E1 전체 기간,공정 값 23 + pair_pos,부스팅
CatBoost,6,0.06658486150998881,0.7916666666666666,1.0,1.0,1.0,0.46153846153846156,1.0,0.3,0.9929676511954993,E1 전체 기간,공정 값 23 + pair_pos,부스팅
CatBoost,7,0.22782211848774458,0.5535714285714286,1.0,1.0,1.0,0.25,0.3333333333333333,0.2,0.9861687413554633,E1 전체 기간,공정 값 23 + pair_pos,부스팅
CatBoost,8,0.30826430933058224,0.6636986301369863,0.75,0.75,1.0,0.5,0.5,0.5,0.9254201680672268,E1 전체 기간,공정 값 23 + pair_pos,부스팅
CatBoost,9,0.2788643301260143,0.20740740740740743,1.0,1.0,1.0,0.2222222222222222,0.3333333333333333,0.16666666666666666,0.9680555555555554,E1 전체 기간,공정 값 23 + pair_pos,부스팅
CatBoost,10,0.03811748965786847,0.9166666666666666,1.0,1.0,1.0,0.5333333333333333,1.0,0.36363636363636365,0.9978991596638656,E1 전체 기간,공정 값 23 + pair_pos,부스팅
CatBoost,11,0.32230945937075073,0.7083333333333333,1.0,1.0,1.0,0.3333333333333333,0.6666666666666666,0.2222222222222222,0.970464135021097,E1 전체 기간,공정 값 23 + pair_pos,부스팅
CatBoost,12,0.741537146693031,0.3694444444444444,1.0,1.0,1.0,0.0,0.0,0.0,0.9861687413554633,E1 전체 기간,공정 값 23 + pair_pos,부스팅
CatBoost,13,0.16972577997020727,0.40476190476190477,1.0,1.0,1.0,0.4,0.6666666666666666,0.2857142857142857,0.9805555555555556,E1 전체 기간,공정 값 23 + pair_pos,부스팅
CatBoost,14,0.5048743276695851,0.4740530303030303,0.75,1.0,1.0,0.3333333333333333,0.25,0.5,0.9611344537815125,E1 전체 기간,공정 값 23 + pair_pos,부스팅
CatBoost,15,0.048335246391155065,0.5989583333333333,0.75,0.75,1.0,0.4,0.75,0.2727272727272727,0.930672268907563,E1 전체 기간,공정 값 23 + pair_pos,부스팅
CatBoost,16,0.11581337846999548,0.8333333333333333,1.0,1.0,1.0,0.5454545454545454,1.0,0.375,0.9957805907172996,E1 전체 기간,공정 값 23 + pair_pos,부스팅
CatBoost,17,0.6972663169933341,0.6555555555555554,1.0,1.0,1.0,0.0,0.0,0.0,0.9889349930843707,E1 전체 기간,공정 값 23 + pair_pos,부스팅
CatBoost,18,0.6475862818003306,0.3526785714285714,1.0,1.0,1.0,0.0,0.0,0.0,0.9758403361344538,E1 전체 기간,공정 값 23 + pair_pos,부스팅
CatBoost,19,0.698917982627075,0.19312169312169314,1.0,1.0,1.0,0.0,0.0,0.0,0.9666666666666667,E1 전체 기간,공정 값 23 + pair_pos,부스팅
CatBoost,20,0.5619401197276941,0.5285714285714286,1.0,1.0,1.0,0.5,0.3333333333333333,1.0,0.983402489626556,E1 전체 기간,공정 값 23 + pair_pos,부스팅
CatBoost,21,0.571462929043535,0.3194444444444444,1.0,1.0,1.0,0.0,0.0,0.0,0.9833333333333333,E1 전체 기간,공정 값 23 + pair_pos,부스팅
CatBoost,22,0.05444947387855834,0.7169117647058824,0.75,1.0,1.0,0.35294117647058826,0.75,0.23076923076923078,0.967436974789916,E1 전체 기간,공정 값 23 + pair_pos,부스팅
CatBoost,23,0.051381949703424294,0.6151315789473684,1.0,1.0,1.0,0.36363636363636365,0.5,0.2857142857142857,0.9747899159663865,E1 전체 기간,공정 값 23 + pair_pos,부스팅
CatBoost,24,0.31146042084556186,0.6388888888888888,1.0,1.0,1.0,0.3333333333333333,0.6666666666666666,0.2222222222222222,0.9859353023909986,E1 전체 기간,공정 값 23 + pair_pos,부스팅
CatBoost,25,0.055827003121591064,0.7036290322580645,0.75,0.75,1.0,0.35294117647058826,0.75,0.23076923076923078,0.9380252100840336,E1 전체 기간,공정 값 23 + pair_pos,부스팅
CatBoost,26,0.3686222577567187,0.30277777777777776,1.0,1.0,1.0,0.0,0.0,0.0,0.9820193637621023,E1 전체 기간,공정 값 23 + pair_pos,부스팅
CatBoost,27,0.059632417808644395,0.7644230769230769,1.0,1.0,1.0,0.4,0.75,0.2727272727272727,0.9894957983193278,E1 전체 기간,공정 값 23 + pair_pos,부스팅
CatBoost,28,0.8467195128536185,0.9166666666666666,1.0,1.0,1.0,0.5,0.3333333333333333,1.0,0.9985935302390999,E1 전체 기간,공정 값 23 + pair_pos,부스팅
CatBoost,29,0.530184431771706,1.0,1.0,1.0,1.0,0.5,0.3333333333333333,1.0,1.0,E1 전체 기간,공정 값 23 + pair_pos,부스팅
CatBoost,30,0.38110006301690286,0.8125,1.0,1.0,1.0,0.6,0.75,0.5,0.9947478991596638,E1 전체 기간,공정 값 23 + pair_pos,부스팅
CatBoost,31,0.5989490118177445,0.09200174825174826,0.6666666666666666,0.6666666666666666,0.6666666666666666,0.0,0.0,0.0,0.8423236514522822,E1 전체 기간,공정 값 23 + pair_pos,부스팅
CatBoost,32,0.08669633119974221,0.7321428571428572,1.0,1.0,1.0,0.6666666666666666,1.0,0.5,0.9915966386554621,E1 전체 기간,공정 값 23 + pair_pos,부스팅
CatBoost,33,0.103001247216276,0.2777777777777778,1.0,1.0,1.0,0.3076923076923077,0.6666666666666666,0.2,0.9760900140646976,E1 전체 기간,공정 값 23 + pair_pos,부스팅
CatBoost,34,0.46856139209031206,0.9166666666666665,1.0,1.0,1.0,0.0,0.0,0.0,0.9986111111111111,E1 전체 기간,공정 값 23 + pair_pos,부스팅
CatBoost,35,0.8671593414532973,0.2222222222222222,1.0,1.0,1.0,0.0,0.0,0.0,0.966804979253112,E1 전체 기간,공정 값 23 + pair_pos,부스팅
CatBoost,36,0.075835103470623,0.7208333333333333,0.75,1.0,1.0,0.35294117647058826,0.75,0.23076923076923078,0.9716386554621849,E1 전체 기간,공정 값 23 + pair_pos,부스팅
CatBoost,37,0.5186068459555894,0.8875,1.0,1.0,1.0,0.4,0.25,1.0,0.9978991596638656,E1 전체 기간,공정 값 23 + pair_pos,부스팅
CatBoost,38,0.05251743556006436,0.7435897435897436,1.0,1.0,1.0,0.3333333333333333,1.0,0.2,0.9859353023909986,E1 전체 기간,공정 값 23 + pair_pos,부스팅
CatBoost,39,0.4193134317958338,0.21766381766381768,1.0,1.0,1.0,0.0,0.0,0.0,0.9708333333333333,E1 전체 기간,공정 값 23 + pair_pos,부스팅
CatBoost,40,0.3143789581303552,0.6846590909090909,1.0,1.0,1.0,0.42857142857142855,0.75,0.3,0.9873949579831933,E1 전체 기간,공정 값 23 + pair_pos,부스팅
CatBoost,41,0.1917554475762024,0.6879432624113475,0.6666666666666666,1.0,1.0,0.36363636363636365,0.6666666666666666,0.25,0.9381153305203939,E1 전체 기간,공정 값 23 + pair_pos,부스팅
CatBoost,42,0.8774173981340201,0.5317460317460317,1.0,1.0,1.0,0.0,0.0,0.0,0.9917012448132779,E1 전체 기간,공정 값 23 + pair_pos,부스팅
CatBoost,43,0.12293051541670655,0.6840659340659341,1.0,1.0,1.0,0.42857142857142855,0.75,0.3,0.9863445378151261,E1 전체 기간,공정 값 23 + pair_pos,부스팅
CatBoost,44,0.5123458832721967,0.4797979797979798,1.0,1.0,1.0,0.0,0.0,0.0,0.9861111111111112,E1 전체 기간,공정 값 23 + pair_pos,부스팅
CatBoost,45,0.24794433634164764,0.740909090909091,1.0,1.0,1.0,0.42857142857142855,0.75,0.3,0.990546218487395,E1 전체 기간,공정 값 23 + pair_pos,부스팅
CatBoost,46,0.8435898702564343,0.6111111111111112,1.0,1.0,1.0,0.0,0.0,0.0,0.9889349930843706,E1 전체 기간,공정 값 23 + pair_pos,부스팅
CatBoost,47,0.18895237745892748,0.12136222910216718,0.6666666666666666,0.6666666666666666,1.0,0.25,0.3333333333333333,0.2,0.9041666666666668,E1 전체 기간,공정 값 23 + pair_pos,부스팅
CatBoost,48,0.16068452117048085,0.6515151515151515,1.0,1.0,1.0,0.5714285714285714,0.5,0.6666666666666666,0.9831932773109244,E1 전체 기간,공정 값 23 + pair_pos,부스팅
CatBoost,49,0.026594007917828913,0.7333333333333333,1.0,1.0,1.0,0.2857142857142857,1.0,0.16666666666666666,0.9831223628691983,E1 전체 기간,공정 값 23 + pair_pos,부스팅
로지스틱 L2,0,0.35881325325214586,0.7644927536231885,0.75,0.75,1.0,0.6,0.75,0.5,0.9317226890756303,E1 전체 기간,공정 값 23 + pair_pos + 파생 전체,선형
로지스틱 L2,1,0.7079234510775204,0.15633528265107213,1.0,1.0,1.0,0.0,0.0,0.0,0.9557399723374828,E1 전체 기간,공정 값 23 + pair_pos + 파생 전체,선형
로지스틱 L2,2,0.8593877710824883,0.2220496894409938,1.0,1.0,1.0,0.0,0.0,0.0,0.961111111111111,E1 전체 기간,공정 값 23 + pair_pos + 파생 전체,선형
로지스틱 L2,3,0.7849493283369513,0.5481182795698925,0.75,0.75,0.75,0.5,0.5,0.5,0.8371848739495799,E1 전체 기간,공정 값 23 + pair_pos + 파생 전체,선형
로지스틱 L2,4,0.4896321620814197,0.6666666666666667,1.0,1.0,1.0,0.46153846153846156,1.0,0.3,0.9929676511954993,E1 전체 기간,공정 값 23 + pair_pos + 파생 전체,선형
로지스틱 L2,5,0.5135375585785271,0.6215277777777778,1.0,1.0,1.0,0.5333333333333333,1.0,0.36363636363636365,0.9884453781512604,E1 전체 기간,공정 값 23 + pair_pos + 파생 전체,선형
로지스틱 L2,6,0.3458041040548894,0.4027777777777778,1.0,1.0,1.0,0.375,1.0,0.23076923076923078,0.9873417721518988,E1 전체 기간,공정 값 23 + pair_pos + 파생 전체,선형
로지스틱 L2,7,0.9318439986781364,0.4629629629629629,1.0,1.0,1.0,0.5,0.3333333333333333,1.0,0.9695712309820194,E1 전체 기간,공정 값 23 + pair_pos + 파생 전체,선형
로지스틱 L2,8,0.8561703749249107,0.6936349693251533,0.75,0.75,0.75,0.6666666666666666,0.5,1.0,0.8319327731092437,E1 전체 기간,공정 값 23 + pair_pos + 파생 전체,선형
로지스틱 L2,9,0.9966735963750837,0.1485042735042735,1.0,1.0,1.0,0.0,0.0,0.0,0.9541666666666666,E1 전체 기간,공정 값 23 + pair_pos + 파생 전체,선형
로지스틱 L2,10,0.48971110332429957,0.6602564102564102,1.0,1.0,1.0,0.46153846153846156,0.75,0.3333333333333333,0.9842436974789917,E1 전체 기간,공정 값 23 + pair_pos + 파생 전체,선형
로지스틱 L2,11,0.20674659542075396,0.738095238095238,1.0,1.0,1.0,0.25,0.6666666666666666,0.15384615384615385,0.9845288326300985,E1 전체 기간,공정 값 23 + pair_pos + 파생 전체,선형
로지스틱 L2,12,0.8468190254338941,0.5769230769230769,1.0,1.0,1.0,0.5,0.3333333333333333,1.0,0.9834024896265561,E1 전체 기간,공정 값 23 + pair_pos + 파생 전체,선형
로지스틱 L2,13,0.9762774205764413,0.9166666666666665,1.0,1.0,1.0,0.0,0.0,0.0,0.9986111111111111,E1 전체 기간,공정 값 23 + pair_pos + 파생 전체,선형
로지스틱 L2,14,0.9577833227472566,0.2350146198830409,0.75,0.75,0.75,0.36363636363636365,0.5,0.2857142857142857,0.8088235294117647,E1 전체 기간,공정 값 23 + pair_pos + 파생 전체,선형
로지스틱 L2,15,0.9812521306809708,0.20114740662685868,0.75,0.75,0.75,0.2857142857142857,0.25,0.3333333333333333,0.7542016806722689,E1 전체 기간,공정 값 23 + pair_pos + 파생 전체,선형
로지스틱 L2,16,0.9217295815800624,1.0,1.0,1.0,1.0,1.0,1.0,1.0,1.0,E1 전체 기간,공정 값 23 + pair_pos + 파생 전체,선형
로지스틱 L2,17,0.9965367699418113,0.1511111111111111,1.0,1.0,1.0,0.0,0.0,0.0,0.9488243430152143,E1 전체 기간,공정 값 23 + pair_pos + 파생 전체,선형
로지스틱 L2,18,0.3684431246207893,0.8875,1.0,1.0,1.0,0.8888888888888888,1.0,0.8,0.9978991596638656,E1 전체 기간,공정 값 23 + pair_pos + 파생 전체,선형
로지스틱 L2,19,0.9619493529728282,0.09016754850088184,0.3333333333333333,0.6666666666666666,1.0,0.0,0.0,0.0,0.8833333333333333,E1 전체 기간,공정 값 23 + pair_pos + 파생 전체,선형
로지스틱 L2,20,0.9227397696899896,0.3833333333333333,1.0,1.0,1.0,0.4,0.3333333333333333,0.5,0.9820193637621024,E1 전체 기간,공정 값 23 + pair_pos + 파생 전체,선형
로지스틱 L2,21,0.9819422963276369,0.7916666666666666,1.0,1.0,1.0,0.0,0.0,0.0,0.9930555555555555,E1 전체 기간,공정 값 23 + pair_pos + 파생 전체,선형
로지스틱 L2,22,0.3725552001160157,0.4068493150684932,0.75,0.75,0.75,0.5,0.75,0.375,0.8455882352941176,E1 전체 기간,공정 값 23 + pair_pos + 파생 전체,선형
로지스틱 L2,23,0.8296507561546214,0.6428571428571428,0.75,1.0,1.0,0.5,0.5,0.5,0.9705882352941176,E1 전체 기간,공정 값 23 + pair_pos + 파생 전체,선형
로지스틱 L2,24,0.22275504404580057,0.6936936936936937,0.6666666666666666,1.0,1.0,0.2857142857142857,0.6666666666666666,0.18181818181818182,0.9521800281293952,E1 전체 기간,공정 값 23 + pair_pos + 파생 전체,선형
로지스틱 L2,25,0.9982033961606274,0.6566666666666667,0.75,0.75,0.75,0.4,0.25,1.0,0.8445378151260504,E1 전체 기간,공정 값 23 + pair_pos + 파생 전체,선형
로지스틱 L2,26,0.8020170391757552,0.2272727272727273,1.0,1.0,1.0,0.0,0.0,0.0,0.970954356846473,E1 전체 기간,공정 값 23 + pair_pos + 파생 전체,선형
로지스틱 L2,27,0.06294300800673805,0.6934782608695652,1.0,1.0,1.0,0.3157894736842105,0.75,0.2,0.9779411764705883,E1 전체 기간,공정 값 23 + pair_pos + 파생 전체,선형
로지스틱 L2,28,0.48117741174532147,0.5575757575757575,1.0,1.0,1.0,0.4444444444444444,0.6666666666666666,0.3333333333333333,0.9845288326300984,E1 전체 기간,공정 값 23 + pair_pos + 파생 전체,선형
로지스틱 L2,29,0.9385644404728559,0.3277777777777778,1.0,1.0,1.0,0.5,0.6666666666666666,0.4,0.9805555555555556,E1 전체 기간,공정 값 23 + pair_pos + 파생 전체,선형
로지스틱 L2,30,0.5260964068467896,0.39880952380952384,1.0,1.0,1.0,0.5,1.0,0.3333333333333333,0.9852941176470588,E1 전체 기간,공정 값 23 + pair_pos + 파생 전체,선형
로지스틱 L2,31,0.9695667379855721,0.1354775828460039,0.6666666666666666,0.6666666666666666,0.6666666666666666,0.0,0.0,0.0,0.7510373443983402,E1 전체 기간,공정 값 23 + pair_pos + 파생 전체,선형
로지스틱 L2,32,0.7721613946150344,0.8125,1.0,1.0,1.0,0.75,0.75,0.75,0.9947478991596638,E1 전체 기간,공정 값 23 + pair_pos + 파생 전체,선형
로지스틱 L2,33,0.7391924613214638,0.7916666666666666,1.0,1.0,1.0,0.4444444444444444,0.6666666666666666,0.3333333333333333,0.9929676511954993,E1 전체 기간,공정 값 23 + pair_pos + 파생 전체,선형
로지스틱 L2,34,0.6459102654498762,0.2777777777777778,1.0,1.0,1.0,0.0,0.0,0.0,0.9791666666666666,E1 전체 기간,공정 값 23 + pair_pos + 파생 전체,선형
로지스틱 L2,35,0.9999802718403301,0.3416666666666667,1.0,1.0,1.0,0.0,0.0,0.0,0.9654218533886584,E1 전체 기간,공정 값 23 + pair_pos + 파생 전체,선형
로지스틱 L2,36,0.8067404633743684,0.6312111801242236,0.75,0.75,0.75,0.5,0.5,0.5,0.8319327731092437,E1 전체 기간,공정 값 23 + pair_pos + 파생 전체,선형
로지스틱 L2,37,0.949909013067329,0.6527777777777777,1.0,1.0,1.0,0.5,0.5,0.5,0.9905462184873949,E1 전체 기간,공정 값 23 + pair_pos + 파생 전체,선형
로지스틱 L2,38,0.29252498697656554,0.7555555555555555,1.0,1.0,1.0,0.5,1.0,0.3333333333333333,0.9957805907172995,E1 전체 기간,공정 값 23 + pair_pos + 파생 전체,선형
로지스틱 L2,39,0.958784476542211,0.2712765957446808,0.6666666666666666,1.0,1.0,0.0,0.0,0.0,0.9291666666666667,E1 전체 기간,공정 값 23 + pair_pos + 파생 전체,선형
로지스틱 L2,40,0.2847213318949409,0.6794117647058824,0.75,1.0,1.0,0.35294117647058826,0.75,0.23076923076923078,0.9663865546218487,E1 전체 기간,공정 값 23 + pair_pos + 파생 전체,선형
로지스틱 L2,41,0.9255433417507883,0.6741293532338308,0.6666666666666666,0.6666666666666666,0.6666666666666666,0.8,0.6666666666666666,1.0,0.8157524613220816,E1 전체 기간,공정 값 23 + pair_pos + 파생 전체,선형
로지스틱 L2,42,0.82958919909939,0.3833333333333333,1.0,1.0,1.0,0.3333333333333333,0.3333333333333333,0.3333333333333333,0.9820193637621024,E1 전체 기간,공정 값 23 + pair_pos + 파생 전체,선형
로지스틱 L2,43,0.12688492091950845,0.5173992673992673,1.0,1.0,1.0,0.4444444444444444,1.0,0.2857142857142857,0.9821428571428572,E1 전체 기간,공정 값 23 + pair_pos + 파생 전체,선형
로지스틱 L2,44,0.9933706697231606,0.3476190476190476,0.6666666666666666,0.6666666666666666,1.0,0.0,0.0,0.0,0.9027777777777777,E1 전체 기간,공정 값 23 + pair_pos + 파생 전체,선형
로지스틱 L2,45,0.5881957646276617,0.7291666666666666,1.0,1.0,1.0,0.6,0.75,0.5,0.9936974789915966,E1 전체 기간,공정 값 23 + pair_pos + 파생 전체,선형
로지스틱 L2,46,0.9991917289180908,0.5138888888888888,1.0,1.0,1.0,0.0,0.0,0.0,0.9903181189488243,E1 전체 기간,공정 값 23 + pair_pos + 파생 전체,선형
로지스틱 L2,47,0.9023250912537462,0.1589474870407933,0.6666666666666666,0.6666666666666666,0.6666666666666666,0.3333333333333333,0.3333333333333333,0.3333333333333333,0.8194444444444445,E1 전체 기간,공정 값 23 + pair_pos + 파생 전체,선형
로지스틱 L2,48,0.8037967589091588,0.7589285714285714,1.0,1.0,1.0,0.75,0.75,0.75,0.9884453781512605,E1 전체 기간,공정 값 23 + pair_pos + 파생 전체,선형
로지스틱 L2,49,0.7191333191876513,0.7,0.6666666666666666,1.0,1.0,0.6666666666666666,0.6666666666666666,0.6666666666666666,0.9620253164556962,E1 전체 기간,공정 값 23 + pair_pos + 파생 전체,선형
랜덤포레스트,0,0.5135305355848415,0.5166666666666666,1.0,1.0,1.0,0.3333333333333333,0.25,0.5,0.9831932773109243,E1 전체 기간,공정 값 23 + pair_pos + 파생 전체,트리
랜덤포레스트,1,0.5062981764975774,0.5722222222222222,0.6666666666666666,0.6666666666666666,1.0,0.5714285714285714,0.6666666666666666,0.5,0.9197786998616874,E1 전체 기간,공정 값 23 + pair_pos + 파생 전체,트리
랜덤포레스트,2,0.5463587426559681,0.6984126984126984,1.0,1.0,1.0,0.4,0.3333333333333333,0.5,0.9930555555555555,E1 전체 기간,공정 값 23 + pair_pos + 파생 전체,트리
랜덤포레스트,3,0.39556233444057715,0.7794117647058824,0.75,1.0,1.0,0.5,0.75,0.375,0.9684873949579832,E1 전체 기간,공정 값 23 + pair_pos + 파생 전체,트리
랜덤포레스트,4,0.598078390469029,0.6333333333333333,1.0,1.0,1.0,0.3333333333333333,0.3333333333333333,0.3333333333333333,0.9915611814345991,E1 전체 기간,공정 값 23 + pair_pos + 파생 전체,트리
랜덤포레스트,5,0.3572031986719552,0.8166666666666667,1.0,1.0,1.0,0.5714285714285714,1.0,0.4,0.9957983193277311,E1 전체 기간,공정 값 23 + pair_pos + 파생 전체,트리
랜덤포레스트,6,0.285284581074128,0.8666666666666667,1.0,1.0,1.0,0.4,1.0,0.25,0.9971870604781997,E1 전체 기간,공정 값 23 + pair_pos + 파생 전체,트리
랜덤포레스트,7,0.2368963799360639,0.7555555555555555,1.0,1.0,1.0,0.4,1.0,0.25,0.995850622406639,E1 전체 기간,공정 값 23 + pair_pos + 파생 전체,트리
랜덤포레스트,8,0.48213228824538873,0.43956881533101044,0.75,1.0,1.0,0.3333333333333333,0.25,0.5,0.9506302521008403,E1 전체 기간,공정 값 23 + pair_pos + 파생 전체,트리
랜덤포레스트,9,0.6237495154409688,0.42328042328042326,0.6666666666666666,0.6666666666666666,1.0,0.4,0.3333333333333333,0.5,0.9069444444444444,E1 전체 기간,공정 값 23 + pair_pos + 파생 전체,트리
랜덤포레스트,10,0.49381749180878304,0.38494152046783625,0.75,0.75,0.75,0.3333333333333333,0.25,0.5,0.75,E1 전체 기간,공정 값 23 + pair_pos + 파생 전체,트리
랜덤포레스트,11,0.46073884693578276,0.738095238095238,1.0,1.0,1.0,0.36363636363636365,0.6666666666666666,0.25,0.9845288326300985,E1 전체 기간,공정 값 23 + pair_pos + 파생 전체,트리
랜덤포레스트,12,0.3448997524487349,0.8055555555555556,1.0,1.0,1.0,0.6666666666666666,1.0,0.5,0.9972337482710927,E1 전체 기간,공정 값 23 + pair_pos + 파생 전체,트리
랜덤포레스트,13,0.5341919634960511,0.5194805194805194,1.0,1.0,1.0,0.4,0.3333333333333333,0.5,0.9819444444444444,E1 전체 기간,공정 값 23 + pair_pos + 파생 전체,트리
랜덤포레스트,14,0.3202416714663133,0.5006410256410256,0.75,1.0,1.0,0.5,0.75,0.375,0.9569327731092436,E1 전체 기간,공정 값 23 + pair_pos + 파생 전체,트리
랜덤포레스트,15,0.3139806121272652,0.15550595238095238,0.75,0.75,1.0,0.0,0.0,0.0,0.9086134453781513,E1 전체 기간,공정 값 23 + pair_pos + 파생 전체,트리
랜덤포레스트,16,0.39350039408889986,0.8666666666666667,1.0,1.0,1.0,0.6666666666666666,1.0,0.5,0.9971870604781997,E1 전체 기간,공정 값 23 + pair_pos + 파생 전체,트리
랜덤포레스트,17,0.49955860453392964,0.7555555555555555,1.0,1.0,1.0,0.6666666666666666,1.0,0.5,0.995850622406639,E1 전체 기간,공정 값 23 + pair_pos + 파생 전체,트리
랜덤포레스트,18,0.6594082547441389,0.36055194805194807,1.0,1.0,1.0,0.0,0.0,0.0,0.9821428571428571,E1 전체 기간,공정 값 23 + pair_pos + 파생 전체,트리
랜덤포레스트,19,0.4650187459605954,0.4880952380952381,1.0,1.0,1.0,0.3333333333333333,0.3333333333333333,0.3333333333333333,0.976388888888889,E1 전체 기간,공정 값 23 + pair_pos + 파생 전체,트리
랜덤포레스트,20,0.3492656610567482,0.5676037483266398,0.6666666666666666,0.6666666666666666,0.6666666666666666,0.36363636363636365,0.6666666666666666,0.25,0.8879668049792532,E1 전체 기간,공정 값 23 + pair_pos + 파생 전체,트리
랜덤포레스트,21,0.46423872265694777,0.7555555555555555,1.0,1.0,1.0,0.5714285714285714,0.6666666666666666,0.5,0.9958333333333333,E1 전체 기간,공정 값 23 + pair_pos + 파생 전체,트리
랜덤포레스트,22,0.45302371410681236,0.39090909090909093,0.75,1.0,1.0,0.3333333333333333,0.25,0.5,0.9411764705882353,E1 전체 기간,공정 값 23 + pair_pos + 파생 전체,트리
랜덤포레스트,23,0.34112557968853013,0.95,1.0,1.0,1.0,0.5,1.0,0.3333333333333333,0.9989495798319328,E1 전체 기간,공정 값 23 + pair_pos + 파생 전체,트리
랜덤포레스트,24,0.2772428932590742,0.7777777777777777,1.0,1.0,1.0,0.375,1.0,0.23076923076923078,0.9915611814345991,E1 전체 기간,공정 값 23 + pair_pos + 파생 전체,트리
랜덤포레스트,25,0.5170543659638629,0.374390243902439,0.75,1.0,1.0,0.25,0.25,0.25,0.953781512605042,E1 전체 기간,공정 값 23 + pair_pos + 파생 전체,트리
랜덤포레스트,26,0.5593948492614388,0.5700483091787439,0.6666666666666666,0.6666666666666666,1.0,0.5714285714285714,0.6666666666666666,0.5,0.9073305670816044,E1 전체 기간,공정 값 23 + pair_pos + 파생 전체,트리
랜덤포레스트,27,0.3139226081085332,0.8409090909090909,1.0,1.0,1.0,0.42857142857142855,0.75,0.3,0.9926470588235294,E1 전체 기간,공정 값 23 + pair_pos + 파생 전체,트리
랜덤포레스트,28,0.3826524741541391,0.8055555555555556,1.0,1.0,1.0,0.8571428571428571,1.0,0.75,0.9971870604781997,E1 전체 기간,공정 값 23 + pair_pos + 파생 전체,트리
랜덤포레스트,29,0.4221026307237631,0.7222222222222222,1.0,1.0,1.0,0.5454545454545454,1.0,0.375,0.9944444444444445,E1 전체 기간,공정 값 23 + pair_pos + 파생 전체,트리
랜덤포레스트,30,0.5568168499847936,0.5996732026143791,1.0,1.0,1.0,0.5,0.5,0.5,0.9705882352941176,E1 전체 기간,공정 값 23 + pair_pos + 파생 전체,트리
랜덤포레스트,31,0.39723155414663225,0.4282407407407407,0.6666666666666666,1.0,1.0,0.4,0.3333333333333333,0.5,0.9280774550484094,E1 전체 기간,공정 값 23 + pair_pos + 파생 전체,트리
랜덤포레스트,32,0.3809320610423882,0.7727272727272727,0.75,1.0,1.0,0.6666666666666666,0.5,1.0,0.9579831932773109,E1 전체 기간,공정 값 23 + pair_pos + 파생 전체,트리
랜덤포레스트,33,0.522461456194984,0.8055555555555556,1.0,1.0,1.0,0.6666666666666666,0.6666666666666666,0.6666666666666666,0.9971870604781997,E1 전체 기간,공정 값 23 + pair_pos + 파생 전체,트리
랜덤포레스트,34,0.38680651832086244,0.8095238095238095,1.0,1.0,1.0,0.42857142857142855,1.0,0.2727272727272727,0.9944444444444444,E1 전체 기간,공정 값 23 + pair_pos + 파생 전체,트리
랜덤포레스트,35,0.45916756088396293,0.6095238095238096,1.0,1.0,1.0,0.4444444444444444,0.6666666666666666,0.3333333333333333,0.9903181189488243,E1 전체 기간,공정 값 23 + pair_pos + 파생 전체,트리
랜덤포레스트,36,0.41944494060304466,0.7794117647058824,0.75,1.0,1.0,0.6666666666666666,0.75,0.6,0.9684873949579832,E1 전체 기간,공정 값 23 + pair_pos + 파생 전체,트리
랜덤포레스트,37,0.5005154421526712,0.7333333333333333,1.0,1.0,1.0,0.8,1.0,0.6666666666666666,0.9947478991596639,E1 전체 기간,공정 값 23 + pair_pos + 파생 전체,트리
랜덤포레스트,38,0.32596040990163627,0.42037037037037034,1.0,1.0,1.0,0.18181818181818182,0.3333333333333333,0.125,0.9535864978902954,E1 전체 기간,공정 값 23 + pair_pos + 파생 전체,트리
랜덤포레스트,39,0.4342534227130518,0.5685425685425685,0.6666666666666666,0.6666666666666666,0.6666666666666666,0.4,0.3333333333333333,0.5,0.8958333333333333,E1 전체 기간,공정 값 23 + pair_pos + 파생 전체,트리
랜덤포레스트,40,0.44693328640501734,0.95,1.0,1.0,1.0,0.6666666666666666,1.0,0.5,0.9989495798319328,E1 전체 기간,공정 값 23 + pair_pos + 파생 전체,트리
랜덤포레스트,41,0.45994723765789475,0.30216802168021684,0.6666666666666666,1.0,1.0,0.5714285714285714,0.6666666666666666,0.5,0.940928270042194,E1 전체 기간,공정 값 23 + pair_pos + 파생 전체,트리
랜덤포레스트,42,0.4999371865494115,0.5751633986928104,0.6666666666666666,0.6666666666666666,1.0,0.5714285714285714,0.6666666666666666,0.5,0.9322268326417704,E1 전체 기간,공정 값 23 + pair_pos + 파생 전체,트리
랜덤포레스트,43,0.43182516207902183,0.5457875457875457,1.0,1.0,1.0,0.5,0.5,0.5,0.9779411764705883,E1 전체 기간,공정 값 23 + pair_pos + 파생 전체,트리
랜덤포레스트,44,0.5583991232229073,0.7555555555555555,1.0,1.0,1.0,0.4,0.3333333333333333,0.5,0.9958333333333333,E1 전체 기간,공정 값 23 + pair_pos + 파생 전체,트리
랜덤포레스트,45,0.5012321292800682,0.5291666666666667,1.0,1.0,1.0,0.4,0.5,0.3333333333333333,0.9737394957983193,E1 전체 기간,공정 값 23 + pair_pos + 파생 전체,트리
랜덤포레스트,46,0.4467703500198146,0.8666666666666667,1.0,1.0,1.0,0.6,1.0,0.42857142857142855,0.9972337482710927,E1 전체 기간,공정 값 23 + pair_pos + 파생 전체,트리
랜덤포레스트,47,0.38265555670288326,0.5799457994579945,0.6666666666666666,1.0,1.0,0.6666666666666666,0.6666666666666666,0.6666666666666666,0.9458333333333333,E1 전체 기간,공정 값 23 + pair_pos + 파생 전체,트리
랜덤포레스트,48,0.44678055973559516,0.762987012987013,0.75,0.75,0.75,0.75,0.75,0.75,0.9233193277310925,E1 전체 기간,공정 값 23 + pair_pos + 파생 전체,트리
랜덤포레스트,49,0.5022738138880825,0.7916666666666666,1.0,1.0,1.0,0.6666666666666666,0.6666666666666666,0.6666666666666666,0.9929676511954993,E1 전체 기간,공정 값 23 + pair_pos + 파생 전체,트리
엑스트라트리,0,0.35842439906126783,1.0,1.0,1.0,1.0,0.8571428571428571,0.75,1.0,1.0,E1 전체 기간,공정 값 23 + pair_pos + 파생 전체,트리
엑스트라트리,1,0.2527897503829517,0.7051282051282051,0.6666666666666666,1.0,1.0,0.5,0.6666666666666666,0.4,0.9681881051175657,E1 전체 기간,공정 값 23 + pair_pos + 파생 전체,트리
엑스트라트리,2,0.4329710843568743,0.3194444444444444,1.0,1.0,1.0,0.0,0.0,0.0,0.9833333333333333,E1 전체 기간,공정 값 23 + pair_pos + 파생 전체,트리
엑스트라트리,3,0.29242826568529345,0.78125,0.75,1.0,1.0,0.8571428571428571,0.75,1.0,0.9705882352941176,E1 전체 기간,공정 값 23 + pair_pos + 파생 전체,트리
엑스트라트리,4,0.3540797323119764,0.6388888888888888,1.0,1.0,1.0,0.75,1.0,0.6,0.9957805907172996,E1 전체 기간,공정 값 23 + pair_pos + 파생 전체,트리
엑스트라트리,5,0.3585613020856244,1.0,1.0,1.0,1.0,1.0,1.0,1.0,1.0,E1 전체 기간,공정 값 23 + pair_pos + 파생 전체,트리
엑스트라트리,6,0.35805502333752154,0.8333333333333333,1.0,1.0,1.0,0.5714285714285714,0.6666666666666666,0.5,0.9957805907172996,E1 전체 기간,공정 값 23 + pair_pos + 파생 전체,트리
엑스트라트리,7,0.5667769967011251,0.9166666666666665,1.0,1.0,1.0,0.5,0.3333333333333333,1.0,0.9986168741355463,E1 전체 기간,공정 값 23 + pair_pos + 파생 전체,트리
엑스트라트리,8,0.42221399395508485,0.7794117647058824,0.75,1.0,1.0,0.6666666666666666,0.5,1.0,0.9684873949579832,E1 전체 기간,공정 값 23 + pair_pos + 파생 전체,트리
엑스트라트리,9,0.3929909009822784,0.5285714285714286,0.6666666666666666,1.0,1.0,0.5,0.3333333333333333,1.0,0.9527777777777778,E1 전체 기간,공정 값 23 + pair_pos + 파생 전체,트리
엑스트라트리,10,0.25991958438240376,0.775,0.75,1.0,1.0,0.75,0.75,0.75,0.9621848739495797,E1 전체 기간,공정 값 23 + pair_pos + 파생 전체,트리
엑스트라트리,11,0.31275953481865054,0.9166666666666666,1.0,1.0,1.0,0.8571428571428571,1.0,0.75,0.9985935302390999,E1 전체 기간,공정 값 23 + pair_pos + 파생 전체,트리
엑스트라트리,12,0.4055878513893317,1.0,1.0,1.0,1.0,0.5,0.3333333333333333,1.0,1.0,E1 전체 기간,공정 값 23 + pair_pos + 파생 전체,트리
엑스트라트리,13,0.3444872446054508,0.7916666666666666,1.0,1.0,1.0,0.5,0.3333333333333333,1.0,0.9930555555555555,E1 전체 기간,공정 값 23 + pair_pos + 파생 전체,트리
엑스트라트리,14,0.36500250848922633,0.6259057971014492,0.75,1.0,1.0,0.6666666666666666,0.75,0.6,0.953781512605042,E1 전체 기간,공정 값 23 + pair_pos + 파생 전체,트리
엑스트라트리,15,0.3523966541140635,0.6217948717948718,0.75,1.0,1.0,0.6666666666666666,0.5,1.0,0.9705882352941176,E1 전체 기간,공정 값 23 + pair_pos + 파생 전체,트리
엑스트라트리,16,0.34229481159565184,0.8666666666666667,1.0,1.0,1.0,0.6666666666666666,1.0,0.5,0.9971870604781997,E1 전체 기간,공정 값 23 + pair_pos + 파생 전체,트리
엑스트라트리,17,0.60402907332904,1.0,1.0,1.0,1.0,0.0,0.0,0.0,1.0,E1 전체 기간,공정 값 23 + pair_pos + 파생 전체,트리
엑스트라트리,18,0.37464259960003116,1.0,1.0,1.0,1.0,0.6666666666666666,0.5,1.0,1.0,E1 전체 기간,공정 값 23 + pair_pos + 파생 전체,트리
엑스트라트리,19,0.35193092423965194,0.8666666666666667,1.0,1.0,1.0,0.8,0.6666666666666666,1.0,0.9972222222222222,E1 전체 기간,공정 값 23 + pair_pos + 파생 전체,트리
엑스트라트리,20,0.4508125984902432,0.7121212121212122,1.0,1.0,1.0,0.5,0.3333333333333333,1.0,0.9737206085753805,E1 전체 기간,공정 값 23 + pair_pos + 파생 전체,트리
엑스트라트리,21,0.45813603638782513,0.9166666666666665,1.0,1.0,1.0,0.0,0.0,0.0,0.9986111111111111,E1 전체 기간,공정 값 23 + pair_pos + 파생 전체,트리
엑스트라트리,22,0.3322948359433527,0.7756410256410257,0.75,1.0,1.0,0.8571428571428571,0.75,1.0,0.963235294117647,E1 전체 기간,공정 값 23 + pair_pos + 파생 전체,트리
엑스트라트리,23,0.2536244104854725,1.0,1.0,1.0,1.0,1.0,1.0,1.0,1.0,E1 전체 기간,공정 값 23 + pair_pos + 파생 전체,트리
엑스트라트리,24,0.33505910141337786,0.8055555555555556,1.0,1.0,1.0,0.8571428571428571,1.0,0.75,0.9971870604781997,E1 전체 기간,공정 값 23 + pair_pos + 파생 전체,트리
엑스트라트리,25,0.27403406801945085,0.5077380952380952,0.75,1.0,1.0,0.6666666666666666,0.75,0.6,0.9642857142857143,E1 전체 기간,공정 값 23 + pair_pos + 파생 전체,트리
엑스트라트리,26,0.340816447722334,0.7051282051282051,0.6666666666666666,1.0,1.0,0.6666666666666666,0.6666666666666666,0.6666666666666666,0.9681881051175657,E1 전체 기간,공정 값 23 + pair_pos + 파생 전체,트리
엑스트라트리,27,0.2709591683915655,1.0,1.0,1.0,1.0,1.0,1.0,1.0,1.0,E1 전체 기간,공정 값 23 + pair_pos + 파생 전체,트리
엑스트라트리,28,0.37224949605992136,1.0,1.0,1.0,1.0,1.0,1.0,1.0,1.0,E1 전체 기간,공정 값 23 + pair_pos + 파생 전체,트리
엑스트라트리,29,0.3796598800707757,0.9166666666666665,1.0,1.0,1.0,0.8571428571428571,1.0,0.75,0.9986111111111111,E1 전체 기간,공정 값 23 + pair_pos + 파생 전체,트리
엑스트라트리,30,0.33965881315597296,0.95,1.0,1.0,1.0,0.7272727272727273,1.0,0.5714285714285714,0.9989495798319328,E1 전체 기간,공정 값 23 + pair_pos + 파생 전체,트리
엑스트라트리,31,0.37866566282021463,0.19664570230607967,0.6666666666666666,0.6666666666666666,1.0,0.0,0.0,0.0,0.9197786998616874,E1 전체 기간,공정 값 23 + pair_pos + 파생 전체,트리
엑스트라트리,32,0.3400490218922614,0.7954545454545454,1.0,1.0,1.0,0.8571428571428571,0.75,1.0,0.98109243697479,E1 전체 기간,공정 값 23 + pair_pos + 파생 전체,트리
엑스트라트리,33,0.2740142182173326,0.9166666666666666,1.0,1.0,1.0,0.6666666666666666,1.0,0.5,0.9985935302390999,E1 전체 기간,공정 값 23 + pair_pos + 파생 전체,트리
엑스트라트리,34,0.40705716161407346,1.0,1.0,1.0,1.0,0.5,0.3333333333333333,1.0,1.0,E1 전체 기간,공정 값 23 + pair_pos + 파생 전체,트리
엑스트라트리,35,0.6990991889986539,0.4206349206349206,1.0,1.0,1.0,0.0,0.0,0.0,0.987551867219917,E1 전체 기간,공정 값 23 + pair_pos + 파생 전체,트리
엑스트라트리,36,0.36910438198519,0.7794117647058824,0.75,1.0,1.0,0.8571428571428571,0.75,1.0,0.9684873949579832,E1 전체 기간,공정 값 23 + pair_pos + 파생 전체,트리
엑스트라트리,37,0.4036746963412462,1.0,1.0,1.0,1.0,1.0,1.0,1.0,1.0,E1 전체 기간,공정 값 23 + pair_pos + 파생 전체,트리
엑스트라트리,38,0.4019898257788648,1.0,1.0,1.0,1.0,0.8,0.6666666666666666,1.0,1.0,E1 전체 기간,공정 값 23 + pair_pos + 파생 전체,트리
엑스트라트리,39,0.35321106653582424,0.7023809523809523,0.6666666666666666,1.0,1.0,0.5,0.3333333333333333,1.0,0.9652777777777778,E1 전체 기간,공정 값 23 + pair_pos + 파생 전체,트리
엑스트라트리,40,0.2113237225973158,0.875,1.0,1.0,1.0,0.42105263157894735,1.0,0.26666666666666666,0.995798319327731,E1 전체 기간,공정 값 23 + pair_pos + 파생 전체,트리
엑스트라트리,41,0.382133480783554,0.40888888888888886,0.6666666666666666,0.6666666666666666,1.0,0.6666666666666666,0.6666666666666666,0.6666666666666666,0.9310829817158931,E1 전체 기간,공정 값 23 + pair_pos + 파생 전체,트리
엑스트라트리,42,0.35061648124786915,0.696078431372549,0.6666666666666666,1.0,1.0,0.6666666666666666,0.6666666666666666,0.6666666666666666,0.9571230982019364,E1 전체 기간,공정 값 23 + pair_pos + 파생 전체,트리
엑스트라트리,43,0.360014041648332,1.0,1.0,1.0,1.0,1.0,1.0,1.0,1.0,E1 전체 기간,공정 값 23 + pair_pos + 파생 전체,트리
엑스트라트리,44,0.3020996269997261,1.0,1.0,1.0,1.0,1.0,1.0,1.0,1.0,E1 전체 기간,공정 값 23 + pair_pos + 파생 전체,트리
엑스트라트리,45,0.3594040271050763,0.95,1.0,1.0,1.0,0.7272727272727273,1.0,0.5714285714285714,0.9989495798319328,E1 전체 기간,공정 값 23 + pair_pos + 파생 전체,트리
엑스트라트리,46,0.39830962095777467,0.9166666666666665,1.0,1.0,1.0,0.5,0.3333333333333333,1.0,0.9986168741355463,E1 전체 기간,공정 값 23 + pair_pos + 파생 전체,트리
엑스트라트리,47,0.3685790238582461,0.6870748299319728,0.6666666666666666,1.0,1.0,0.8,0.6666666666666666,1.0,0.9361111111111111,E1 전체 기간,공정 값 23 + pair_pos + 파생 전체,트리
엑스트라트리,48,0.32026374917835854,0.78125,0.75,1.0,1.0,0.8571428571428571,0.75,1.0,0.9705882352941176,E1 전체 기간,공정 값 23 + pair_pos + 파생 전체,트리
엑스트라트리,49,0.35100150902488403,1.0,1.0,1.0,1.0,0.8,0.6666666666666666,1.0,1.0,E1 전체 기간,공정 값 23 + pair_pos + 파생 전체,트리
GradientBoosting,0,0.04880931312429685,0.7269230769230769,1.0,1.0,1.0,0.6666666666666666,0.75,0.6,0.9884453781512605,E1 전체 기간,공정 값 23 + pair_pos + 파생 전체,부스팅
GradientBoosting,1,0.8254040219007579,0.4432773109243697,0.6666666666666666,0.6666666666666666,1.0,0.5,0.3333333333333333,1.0,0.9031811894882434,E1 전체 기간,공정 값 23 + pair_pos + 파생 전체,부스팅
GradientBoosting,2,0.44169076090601084,0.4666666666666667,1.0,1.0,1.0,0.0,0.0,0.0,0.9902777777777778,E1 전체 기간,공정 값 23 + pair_pos + 파생 전체,부스팅
GradientBoosting,3,0.1227706982396253,0.71875,0.75,1.0,1.0,0.5714285714285714,0.5,0.6666666666666666,0.9695378151260504,E1 전체 기간,공정 값 23 + pair_pos + 파생 전체,부스팅
GradientBoosting,4,0.03346666721681007,0.7066666666666666,0.6666666666666666,1.0,1.0,0.5,0.6666666666666666,0.4,0.969057665260197,E1 전체 기간,공정 값 23 + pair_pos + 파생 전체,부스팅
GradientBoosting,5,0.05536292872540136,1.0,1.0,1.0,1.0,0.6666666666666666,0.5,1.0,1.0,E1 전체 기간,공정 값 23 + pair_pos + 파생 전체,부스팅
GradientBoosting,6,0.005459604928692903,0.7222222222222222,1.0,1.0,1.0,0.23529411764705882,0.6666666666666666,0.14285714285714285,0.9789029535864979,E1 전체 기간,공정 값 23 + pair_pos + 파생 전체,부스팅
GradientBoosting,7,0.27083165511808355,0.4415204678362573,1.0,1.0,1.0,0.4,0.3333333333333333,0.5,0.975103734439834,E1 전체 기간,공정 값 23 + pair_pos + 파생 전체,부스팅
GradientBoosting,8,0.1426263195867783,0.782258064516129,0.75,1.0,1.0,0.8571428571428571,0.75,1.0,0.9716386554621849,E1 전체 기간,공정 값 23 + pair_pos + 파생 전체,부스팅
GradientBoosting,9,0.9553148024679088,0.3864734299516908,0.6666666666666666,0.6666666666666666,0.6666666666666666,0.0,0.0,0.0,0.8263888888888888,E1 전체 기간,공정 값 23 + pair_pos + 파생 전체,부스팅
GradientBoosting,10,0.7585313471695507,0.5320675641351282,0.5,0.75,0.75,0.6666666666666666,0.5,1.0,0.8413865546218487,E1 전체 기간,공정 값 23 + pair_pos + 파생 전체,부스팅
GradientBoosting,11,0.3960520344878919,0.7222222222222222,1.0,1.0,1.0,0.8,0.6666666666666666,1.0,0.9789029535864979,E1 전체 기간,공정 값 23 + pair_pos + 파생 전체,부스팅
GradientBoosting,12,0.9653620071873357,0.7555555555555555,1.0,1.0,1.0,0.0,0.0,0.0,0.995850622406639,E1 전체 기간,공정 값 23 + pair_pos + 파생 전체,부스팅
GradientBoosting,13,0.07253659878324635,0.40476190476190477,1.0,1.0,1.0,0.4,0.3333333333333333,0.5,0.9805555555555556,E1 전체 기간,공정 값 23 + pair_pos + 파생 전체,부스팅
GradientBoosting,14,0.07141513377224033,0.6576923076923077,0.75,0.75,0.75,0.6666666666666666,0.75,0.6,0.865546218487395,E1 전체 기간,공정 값 23 + pair_pos + 파생 전체,부스팅
GradientBoosting,15,0.01507600991062031,0.537098024021697,0.5,0.75,0.75,0.6666666666666666,0.5,1.0,0.8834033613445378,E1 전체 기간,공정 값 23 + pair_pos + 파생 전체,부스팅
GradientBoosting,16,0.043767899638113596,1.0,1.0,1.0,1.0,0.5,1.0,0.3333333333333333,1.0,E1 전체 기간,공정 값 23 + pair_pos + 파생 전체,부스팅
GradientBoosting,17,0.20953666591339715,0.7192982456140351,1.0,1.0,1.0,0.5,0.3333333333333333,1.0,0.9778699861687413,E1 전체 기간,공정 값 23 + pair_pos + 파생 전체,부스팅
GradientBoosting,18,0.0026844900219077277,0.6651785714285714,1.0,1.0,1.0,0.4,0.75,0.2727272727272727,0.9842436974789917,E1 전체 기간,공정 값 23 + pair_pos + 파생 전체,부스팅
GradientBoosting,19,0.5672990489337294,0.8095238095238095,1.0,1.0,1.0,0.0,0.0,0.0,0.9944444444444444,E1 전체 기간,공정 값 23 + pair_pos + 파생 전체,부스팅
GradientBoosting,20,0.9671871640036134,0.4188679245283019,0.6666666666666666,0.6666666666666666,1.0,0.0,0.0,0.0,0.9197786998616874,E1 전체 기간,공정 값 23 + pair_pos + 파생 전체,부스팅
GradientBoosting,21,0.9622701925172099,0.626984126984127,1.0,1.0,1.0,0.0,0.0,0.0,0.9833333333333334,E1 전체 기간,공정 값 23 + pair_pos + 파생 전체,부스팅
GradientBoosting,22,0.14463553092000728,0.6323529411764706,0.75,0.75,0.75,0.5714285714285714,0.5,0.6666666666666666,0.8581932773109244,E1 전체 기간,공정 값 23 + pair_pos + 파생 전체,부스팅
GradientBoosting,23,0.03455105836019946,1.0,1.0,1.0,1.0,0.8888888888888888,1.0,0.8,1.0,E1 전체 기간,공정 값 23 + pair_pos + 파생 전체,부스팅
GradientBoosting,24,0.055790884152403006,0.8333333333333333,1.0,1.0,1.0,0.6666666666666666,0.6666666666666666,0.6666666666666666,0.9957805907172996,E1 전체 기간,공정 값 23 + pair_pos + 파생 전체,부스팅
GradientBoosting,25,0.07537152149838953,0.7232142857142857,0.75,1.0,1.0,0.75,0.75,0.75,0.9737394957983194,E1 전체 기간,공정 값 23 + pair_pos + 파생 전체,부스팅
GradientBoosting,26,0.046655447248379174,0.42096642096642095,0.6666666666666666,1.0,1.0,0.2857142857142857,0.3333333333333333,0.25,0.9405255878284924,E1 전체 기간,공정 값 23 + pair_pos + 파생 전체,부스팅
GradientBoosting,27,0.003940385732129564,0.8166666666666667,1.0,1.0,1.0,0.42857142857142855,0.75,0.3,0.9884453781512604,E1 전체 기간,공정 값 23 + pair_pos + 파생 전체,부스팅
GradientBoosting,28,0.11590877051427607,1.0,1.0,1.0,1.0,1.0,1.0,1.0,1.0,E1 전체 기간,공정 값 23 + pair_pos + 파생 전체,부스팅
GradientBoosting,29,0.12794029645688448,0.19586894586894588,0.6666666666666666,1.0,1.0,0.25,0.3333333333333333,0.2,0.9541666666666666,E1 전체 기간,공정 값 23 + pair_pos + 파생 전체,부스팅
GradientBoosting,30,0.005165661334924366,0.69375,1.0,1.0,1.0,0.5,1.0,0.3333333333333333,0.9884453781512604,E1 전체 기간,공정 값 23 + pair_pos + 파생 전체,부스팅
GradientBoosting,31,0.09760447701455383,0.21297455152273675,0.6666666666666666,0.6666666666666666,0.6666666666666666,0.4,0.3333333333333333,0.5,0.7869986168741355,E1 전체 기간,공정 값 23 + pair_pos + 파생 전체,부스팅
GradientBoosting,32,0.032758500457202265,0.7756410256410257,0.75,1.0,1.0,0.8571428571428571,0.75,1.0,0.963235294117647,E1 전체 기간,공정 값 23 + pair_pos + 파생 전체,부스팅
GradientBoosting,33,0.02940921196818221,0.5138888888888888,1.0,1.0,1.0,0.4444444444444444,0.6666666666666666,0.3333333333333333,0.9901547116736991,E1 전체 기간,공정 값 23 + pair_pos + 파생 전체,부스팅
GradientBoosting,34,0.04850503283407246,0.6031746031746031,1.0,1.0,1.0,0.4,0.3333333333333333,0.5,0.9736111111111112,E1 전체 기간,공정 값 23 + pair_pos + 파생 전체,부스팅
GradientBoosting,35,0.9581474625777802,0.8055555555555556,1.0,1.0,1.0,0.0,0.0,0.0,0.9972337482710927,E1 전체 기간,공정 값 23 + pair_pos + 파생 전체,부스팅
GradientBoosting,36,0.06323996216523205,0.7954545454545454,1.0,1.0,1.0,0.8571428571428571,0.75,1.0,0.98109243697479,E1 전체 기간,공정 값 23 + pair_pos + 파생 전체,부스팅
GradientBoosting,37,0.15002561525462335,0.6634615384615384,0.75,1.0,1.0,0.5714285714285714,0.5,0.6666666666666666,0.9737394957983193,E1 전체 기간,공정 값 23 + pair_pos + 파생 전체,부스팅
GradientBoosting,38,0.29278117663769304,0.9166666666666666,1.0,1.0,1.0,0.8,0.6666666666666666,1.0,0.9985935302390999,E1 전체 기간,공정 값 23 + pair_pos + 파생 전체,부스팅
GradientBoosting,39,0.7773095458852212,0.16666666666666666,0.6666666666666666,0.6666666666666666,1.0,0.0,0.0,0.0,0.9041666666666667,E1 전체 기간,공정 값 23 + pair_pos + 파생 전체,부스팅
GradientBoosting,40,0.006956939941055206,1.0,1.0,1.0,1.0,0.5714285714285714,1.0,0.4,1.0,E1 전체 기간,공정 값 23 + pair_pos + 파생 전체,부스팅
GradientBoosting,41,0.018062493604314056,0.674074074074074,0.6666666666666666,0.6666666666666666,0.6666666666666666,0.5,0.6666666666666666,0.4,0.8143459915611815,E1 전체 기간,공정 값 23 + pair_pos + 파생 전체,부스팅
GradientBoosting,42,0.1747145349254259,0.19816849816849816,0.3333333333333333,0.6666666666666666,0.6666666666666666,0.0,0.0,0.0,0.7869986168741355,E1 전체 기간,공정 값 23 + pair_pos + 파생 전체,부스팅
GradientBoosting,43,0.03921122606710725,0.7784090909090909,1.0,1.0,1.0,0.75,0.75,0.75,0.9915966386554622,E1 전체 기간,공정 값 23 + pair_pos + 파생 전체,부스팅
GradientBoosting,44,0.06052146133527331,0.7916666666666666,1.0,1.0,1.0,0.8,0.6666666666666666,1.0,0.9930555555555555,E1 전체 기간,공정 값 23 + pair_pos + 파생 전체,부스팅
GradientBoosting,45,0.666400752669199,0.675,1.0,1.0,1.0,0.6666666666666666,0.5,1.0,0.9800420168067228,E1 전체 기간,공정 값 23 + pair_pos + 파생 전체,부스팅
GradientBoosting,46,0.28942184668862303,0.19345238095238093,1.0,1.0,1.0,0.0,0.0,0.0,0.9654218533886584,E1 전체 기간,공정 값 23 + pair_pos + 파생 전체,부스팅
GradientBoosting,47,0.9627756871467796,0.5068027210884354,0.6666666666666666,0.6666666666666666,0.6666666666666666,0.5,0.3333333333333333,1.0,0.7972222222222223,E1 전체 기간,공정 값 23 + pair_pos + 파생 전체,부스팅
GradientBoosting,48,0.48619052651547,0.7685185185185185,0.75,0.75,1.0,0.6666666666666666,0.5,1.0,0.9474789915966386,E1 전체 기간,공정 값 23 + pair_pos + 파생 전체,부스팅
GradientBoosting,49,0.10728455417827014,0.7575757575757576,1.0,1.0,1.0,0.8,0.6666666666666666,1.0,0.9887482419127989,E1 전체 기간,공정 값 23 + pair_pos + 파생 전체,부스팅
HistGradientBoosting,0,0.9837978194124997,0.6845238095238095,1.0,1.0,1.0,0.0,0.0,0.0,0.9926470588235294,E1 전체 기간,공정 값 23 + pair_pos + 파생 전체,부스팅
HistGradientBoosting,1,0.613525181959417,0.6944444444444444,0.6666666666666666,1.0,1.0,0.8,0.6666666666666666,1.0,0.9543568464730291,E1 전체 기간,공정 값 23 + pair_pos + 파생 전체,부스팅
HistGradientBoosting,2,0.8260129399611288,0.8666666666666667,1.0,1.0,1.0,0.8,0.6666666666666666,1.0,0.9972222222222222,E1 전체 기간,공정 값 23 + pair_pos + 파생 전체,부스팅
HistGradientBoosting,3,0.07127697884427125,0.7544444444444445,0.75,0.75,0.75,0.75,0.75,0.75,0.7678571428571428,E1 전체 기간,공정 값 23 + pair_pos + 파생 전체,부스팅
HistGradientBoosting,4,0.08745217472819183,0.9166666666666666,1.0,1.0,1.0,0.5454545454545454,1.0,0.375,0.9985935302390999,E1 전체 기간,공정 값 23 + pair_pos + 파생 전체,부스팅
HistGradientBoosting,5,0.41677531855361344,1.0,1.0,1.0,1.0,1.0,1.0,1.0,1.0,E1 전체 기간,공정 값 23 + pair_pos + 파생 전체,부스팅
HistGradientBoosting,6,0.024462175563620406,0.8055555555555556,1.0,1.0,1.0,0.6666666666666666,1.0,0.5,0.9971870604781997,E1 전체 기간,공정 값 23 + pair_pos + 파생 전체,부스팅
HistGradientBoosting,7,0.45791892553188046,1.0,1.0,1.0,1.0,1.0,1.0,1.0,1.0,E1 전체 기간,공정 값 23 + pair_pos + 파생 전체,부스팅
HistGradientBoosting,8,0.9957580729748252,0.33219031688504785,0.75,0.75,0.75,0.4,0.25,1.0,0.7542016806722689,E1 전체 기간,공정 값 23 + pair_pos + 파생 전체,부스팅
HistGradientBoosting,9,0.8180648188959954,0.5054945054945055,0.6666666666666666,0.6666666666666666,0.6666666666666666,0.4,0.3333333333333333,0.5,0.7486111111111111,E1 전체 기간,공정 값 23 + pair_pos + 파생 전체,부스팅
HistGradientBoosting,10,0.948727349950548,0.5334033613445379,0.75,0.75,0.75,0.4,0.25,1.0,0.8749999999999999,E1 전체 기간,공정 값 23 + pair_pos + 파생 전체,부스팅
HistGradientBoosting,11,0.43912555740398596,0.7666666666666666,1.0,1.0,1.0,0.6666666666666666,0.6666666666666666,0.6666666666666666,0.9901547116736991,E1 전체 기간,공정 값 23 + pair_pos + 파생 전체,부스팅
HistGradientBoosting,12,0.7374895773692016,1.0,1.0,1.0,1.0,1.0,1.0,1.0,1.0,E1 전체 기간,공정 값 23 + pair_pos + 파생 전체,부스팅
HistGradientBoosting,13,0.8408617553505888,0.7916666666666666,1.0,1.0,1.0,0.0,0.0,0.0,0.9930555555555555,E1 전체 기간,공정 값 23 + pair_pos + 파생 전체,부스팅
HistGradientBoosting,14,0.5560532367829989,0.596078431372549,0.75,1.0,1.0,0.6666666666666666,0.75,0.6,0.9653361344537815,E1 전체 기간,공정 값 23 + pair_pos + 파생 전체,부스팅
HistGradientBoosting,15,0.0032801913627307543,0.011496708602311414,0.0,0.0,0.0,0.0,0.0,0.0,0.12920168067226892,E1 전체 기간,공정 값 23 + pair_pos + 파생 전체,부스팅
HistGradientBoosting,16,0.09980552346570191,1.0,1.0,1.0,1.0,0.6,1.0,0.42857142857142855,1.0,E1 전체 기간,공정 값 23 + pair_pos + 파생 전체,부스팅
HistGradientBoosting,17,0.41689094629398615,0.8666666666666667,1.0,1.0,1.0,0.5714285714285714,0.6666666666666666,0.5,0.9972337482710927,E1 전체 기간,공정 값 23 + pair_pos + 파생 전체,부스팅
HistGradientBoosting,18,0.07688637899806408,0.725,1.0,1.0,1.0,0.5714285714285714,0.5,0.6666666666666666,0.990546218487395,E1 전체 기간,공정 값 23 + pair_pos + 파생 전체,부스팅
HistGradientBoosting,19,0.8117910087582354,0.4909090909090909,1.0,1.0,1.0,0.5,0.3333333333333333,1.0,0.9777777777777777,E1 전체 기간,공정 값 23 + pair_pos + 파생 전체,부스팅
HistGradientBoosting,20,0.0034677249233583426,0.6721014492753623,0.6666666666666666,0.6666666666666666,0.6666666666666666,0.5714285714285714,0.6666666666666666,0.5,0.7496542185338866,E1 전체 기간,공정 값 23 + pair_pos + 파생 전체,부스팅
HistGradientBoosting,21,0.07397878761138789,0.8333333333333333,1.0,1.0,1.0,0.8,0.6666666666666666,1.0,0.9958333333333333,E1 전체 기간,공정 값 23 + pair_pos + 파생 전체,부스팅
HistGradientBoosting,22,0.9750155355534177,0.3253157195081422,0.75,0.75,0.75,0.4,0.25,1.0,0.7247899159663865,E1 전체 기간,공정 값 23 + pair_pos + 파생 전체,부스팅
HistGradientBoosting,23,0.6378286761816048,1.0,1.0,1.0,1.0,1.0,1.0,1.0,1.0,E1 전체 기간,공정 값 23 + pair_pos + 파생 전체,부스팅
HistGradientBoosting,24,0.11883339858510909,0.6984126984126985,1.0,1.0,1.0,0.6666666666666666,0.6666666666666666,0.6666666666666666,0.9929676511954992,E1 전체 기간,공정 값 23 + pair_pos + 파생 전체,부스팅
HistGradientBoosting,25,0.008190130574419464,0.30432275556573873,0.5,0.75,0.75,0.2857142857142857,0.25,0.3333333333333333,0.7310924369747899,E1 전체 기간,공정 값 23 + pair_pos + 파생 전체,부스팅
HistGradientBoosting,26,0.9306998834031325,0.6825396825396826,0.6666666666666666,0.6666666666666666,1.0,0.8,0.6666666666666666,1.0,0.91701244813278,E1 전체 기간,공정 값 23 + pair_pos + 파생 전체,부스팅
HistGradientBoosting,27,0.7103739857032448,0.9166666666666666,1.0,1.0,1.0,0.8571428571428571,0.75,1.0,0.9978991596638656,E1 전체 기간,공정 값 23 + pair_pos + 파생 전체,부스팅
HistGradientBoosting,28,0.03826129906593739,0.8666666666666667,1.0,1.0,1.0,0.6666666666666666,1.0,0.5,0.9971870604781997,E1 전체 기간,공정 값 23 + pair_pos + 파생 전체,부스팅
HistGradientBoosting,29,0.9573574391271977,0.9166666666666665,1.0,1.0,1.0,0.5,0.3333333333333333,1.0,0.9986111111111111,E1 전체 기간,공정 값 23 + pair_pos + 파생 전체,부스팅
HistGradientBoosting,30,0.13805377214920886,0.75,1.0,1.0,1.0,0.5,0.5,0.5,0.9926470588235293,E1 전체 기간,공정 값 23 + pair_pos + 파생 전체,부스팅
HistGradientBoosting,31,0.9986637432167383,0.47161716171617163,0.6666666666666666,0.6666666666666666,0.6666666666666666,0.0,0.0,0.0,0.7206085753803596,E1 전체 기간,공정 값 23 + pair_pos + 파생 전체,부스팅
HistGradientBoosting,32,0.6486822408258723,0.7567114093959731,0.75,0.75,0.75,0.8571428571428571,0.75,1.0,0.8476890756302521,E1 전체 기간,공정 값 23 + pair_pos + 파생 전체,부스팅
HistGradientBoosting,33,0.9723086769914229,1.0,1.0,1.0,1.0,0.8,0.6666666666666666,1.0,1.0,E1 전체 기간,공정 값 23 + pair_pos + 파생 전체,부스팅
HistGradientBoosting,34,0.8230380374596482,1.0,1.0,1.0,1.0,1.0,1.0,1.0,1.0,E1 전체 기간,공정 값 23 + pair_pos + 파생 전체,부스팅
HistGradientBoosting,35,0.940877441932489,0.5555555555555556,1.0,1.0,1.0,0.3333333333333333,0.3333333333333333,0.3333333333333333,0.9764868603042877,E1 전체 기간,공정 값 23 + pair_pos + 파생 전체,부스팅
HistGradientBoosting,36,0.5572325434326822,0.754424778761062,0.75,0.75,0.75,0.8571428571428571,0.75,1.0,0.7668067226890756,E1 전체 기간,공정 값 23 + pair_pos + 파생 전체,부스팅
HistGradientBoosting,37,0.09636110608033305,1.0,1.0,1.0,1.0,0.8888888888888888,1.0,0.8,1.0,E1 전체 기간,공정 값 23 + pair_pos + 파생 전체,부스팅
HistGradientBoosting,38,0.927305270801663,0.4281045751633987,1.0,1.0,1.0,0.5,0.3333333333333333,1.0,0.9578059071729957,E1 전체 기간,공정 값 23 + pair_pos + 파생 전체,부스팅
HistGradientBoosting,39,0.5404503350053772,0.5793650793650793,0.6666666666666666,1.0,1.0,0.0,0.0,0.0,0.9444444444444444,E1 전체 기간,공정 값 23 + pair_pos + 파생 전체,부스팅
HistGradientBoosting,40,0.13114043838079317,1.0,1.0,1.0,1.0,0.8888888888888888,1.0,0.8,1.0,E1 전체 기간,공정 값 23 + pair_pos + 파생 전체,부스팅
HistGradientBoosting,41,0.8594592176602717,0.41666666666666663,0.6666666666666666,1.0,1.0,0.4,0.3333333333333333,0.5,0.9507735583684951,E1 전체 기간,공정 값 23 + pair_pos + 파생 전체,부스팅
HistGradientBoosting,42,0.5741811576234335,0.7023809523809523,0.6666666666666666,1.0,1.0,0.8,0.6666666666666666,1.0,0.9654218533886584,E1 전체 기간,공정 값 23 + pair_pos + 파생 전체,부스팅
HistGradientBoosting,43,0.2265651629143482,0.6696428571428572,1.0,1.0,1.0,0.6666666666666666,0.5,1.0,0.9831932773109243,E1 전체 기간,공정 값 23 + pair_pos + 파생 전체,부스팅
HistGradientBoosting,44,0.46321223996923744,1.0,1.0,1.0,1.0,0.5,0.3333333333333333,1.0,1.0,E1 전체 기간,공정 값 23 + pair_pos + 파생 전체,부스팅
HistGradientBoosting,45,0.05985681242021651,0.7361111111111112,1.0,1.0,1.0,0.5,0.5,0.5,0.9915966386554621,E1 전체 기간,공정 값 23 + pair_pos + 파생 전체,부스팅
HistGradientBoosting,46,0.9961818408982799,1.0,1.0,1.0,1.0,0.8,0.6666666666666666,1.0,1.0,E1 전체 기간,공정 값 23 + pair_pos + 파생 전체,부스팅
HistGradientBoosting,47,0.24453467292753883,0.3411846416330721,0.3333333333333333,0.3333333333333333,0.3333333333333333,0.4,0.3333333333333333,0.5,0.4222222222222222,E1 전체 기간,공정 값 23 + pair_pos + 파생 전체,부스팅
HistGradientBoosting,48,0.1737520422106499,0.76,0.75,0.75,0.75,0.75,0.75,0.75,0.8991596638655462,E1 전체 기간,공정 값 23 + pair_pos + 파생 전체,부스팅
HistGradientBoosting,49,0.12675456895760276,0.8666666666666667,1.0,1.0,1.0,0.8,0.6666666666666666,1.0,0.9971870604781997,E1 전체 기간,공정 값 23 + pair_pos + 파생 전체,부스팅
XGBoost,0,0.09174369275569916,0.7269230769230769,1.0,1.0,1.0,0.6666666666666666,0.75,0.6,0.9884453781512605,E1 전체 기간,공정 값 23 + pair_pos + 파생 전체,부스팅
XGBoost,1,0.3770335018634796,0.6848484848484848,0.6666666666666666,0.6666666666666666,1.0,0.6666666666666666,0.6666666666666666,0.6666666666666666,0.9280774550484094,E1 전체 기간,공정 값 23 + pair_pos + 파생 전체,부스팅
XGBoost,2,0.7721443176269531,0.8666666666666667,1.0,1.0,1.0,0.0,0.0,0.0,0.9972222222222222,E1 전체 기간,공정 값 23 + pair_pos + 파생 전체,부스팅
XGBoost,3,0.38969677686691284,0.7570921985815603,0.75,0.75,0.75,0.75,0.75,0.75,0.85609243697479,E1 전체 기간,공정 값 23 + pair_pos + 파생 전체,부스팅
XGBoost,4,0.7193490266799927,0.6984126984126985,1.0,1.0,1.0,0.6666666666666666,0.6666666666666666,0.6666666666666666,0.9929676511954992,E1 전체 기간,공정 값 23 + pair_pos + 파생 전체,부스팅
XGBoost,5,0.213004931807518,0.95,1.0,1.0,1.0,0.8,1.0,0.6666666666666666,0.9989495798319328,E1 전체 기간,공정 값 23 + pair_pos + 파생 전체,부스팅
XGBoost,6,0.07477007806301117,0.9166666666666666,1.0,1.0,1.0,0.6666666666666666,1.0,0.5,0.9985935302390999,E1 전체 기간,공정 값 23 + pair_pos + 파생 전체,부스팅
XGBoost,7,0.14353805780410767,0.9166666666666665,1.0,1.0,1.0,0.6666666666666666,0.6666666666666666,0.6666666666666666,0.9986168741355463,E1 전체 기간,공정 값 23 + pair_pos + 파생 전체,부스팅
XGBoost,8,0.8177399039268494,0.5330645161290323,0.75,0.75,0.75,0.4,0.25,1.0,0.8697478991596639,E1 전체 기간,공정 값 23 + pair_pos + 파생 전체,부스팅
XGBoost,9,0.099433533847332,0.4126984126984127,0.6666666666666666,1.0,1.0,0.2857142857142857,0.3333333333333333,0.25,0.9319444444444445,E1 전체 기간,공정 값 23 + pair_pos + 파생 전체,부스팅
XGBoost,10,0.25393983721733093,0.5818181818181818,0.75,0.75,1.0,0.5714285714285714,0.5,0.6666666666666666,0.9317226890756303,E1 전체 기간,공정 값 23 + pair_pos + 파생 전체,부스팅
XGBoost,11,0.42700982093811035,0.7916666666666666,1.0,1.0,1.0,0.6666666666666666,0.6666666666666666,0.6666666666666666,0.9929676511954993,E1 전체 기간,공정 값 23 + pair_pos + 파생 전체,부스팅
XGBoost,12,0.6400136351585388,1.0,1.0,1.0,1.0,1.0,1.0,1.0,1.0,E1 전체 기간,공정 값 23 + pair_pos + 파생 전체,부스팅
XGBoost,13,0.13422486186027527,0.5666666666666667,1.0,1.0,1.0,0.3333333333333333,0.3333333333333333,0.3333333333333333,0.986111111111111,E1 전체 기간,공정 값 23 + pair_pos + 파생 전체,부스팅
XGBoost,14,0.33483099937438965,0.5179354636591478,0.75,0.75,0.75,0.5714285714285714,0.5,0.6666666666666666,0.8581932773109243,E1 전체 기간,공정 값 23 + pair_pos + 파생 전체,부스팅
XGBoost,15,0.216775044798851,0.5307743658210948,0.5,0.75,0.75,0.0,0.0,0.0,0.8581932773109244,E1 전체 기간,공정 값 23 + pair_pos + 파생 전체,부스팅
XGBoost,16,0.8398936986923218,1.0,1.0,1.0,1.0,0.8571428571428571,1.0,0.75,1.0,E1 전체 기간,공정 값 23 + pair_pos + 파생 전체,부스팅
XGBoost,17,0.5237019658088684,1.0,1.0,1.0,1.0,1.0,1.0,1.0,1.0,E1 전체 기간,공정 값 23 + pair_pos + 파생 전체,부스팅
XGBoost,18,0.16948336362838745,0.5249999999999999,1.0,1.0,1.0,0.2857142857142857,0.25,0.3333333333333333,0.9915966386554622,E1 전체 기간,공정 값 23 + pair_pos + 파생 전체,부스팅
XGBoost,19,0.33720332384109497,0.47619047619047616,1.0,1.0,1.0,0.4,0.3333333333333333,0.5,0.9680555555555556,E1 전체 기간,공정 값 23 + pair_pos + 파생 전체,부스팅
XGBoost,20,0.15455976128578186,0.6836158192090396,0.6666666666666666,0.6666666666666666,1.0,0.5714285714285714,0.6666666666666666,0.5,0.9225449515905947,E1 전체 기간,공정 값 23 + pair_pos + 파생 전체,부스팅
XGBoost,21,0.37471526861190796,0.8333333333333333,1.0,1.0,1.0,0.8,0.6666666666666666,1.0,0.9958333333333333,E1 전체 기간,공정 값 23 + pair_pos + 파생 전체,부스팅
XGBoost,22,0.3560902178287506,0.4223214285714285,0.75,0.75,0.75,0.3333333333333333,0.25,0.5,0.8466386554621849,E1 전체 기간,공정 값 23 + pair_pos + 파생 전체,부스팅
XGBoost,23,0.12107864022254944,1.0,1.0,1.0,1.0,0.8,1.0,0.6666666666666666,1.0,E1 전체 기간,공정 값 23 + pair_pos + 파생 전체,부스팅
XGBoost,24,0.17396190762519836,0.5888888888888888,1.0,1.0,1.0,0.6,1.0,0.42857142857142855,0.9943741209563994,E1 전체 기간,공정 값 23 + pair_pos + 파생 전체,부스팅
XGBoost,25,0.6879196763038635,0.2914634146341463,0.75,0.75,0.75,0.3333333333333333,0.25,0.5,0.8623949579831932,E1 전체 기간,공정 값 23 + pair_pos + 파생 전체,부스팅
XGBoost,26,0.7254668474197388,0.6777777777777778,0.6666666666666666,0.6666666666666666,0.6666666666666666,0.8,0.6666666666666666,1.0,0.8796680497925311,E1 전체 기간,공정 값 23 + pair_pos + 파생 전체,부스팅
XGBoost,27,0.6174512505531311,0.875,1.0,1.0,1.0,0.8571428571428571,0.75,1.0,0.995798319327731,E1 전체 기간,공정 값 23 + pair_pos + 파생 전체,부스팅
XGBoost,28,0.05909204110503197,1.0,1.0,1.0,1.0,0.75,1.0,0.6,1.0,E1 전체 기간,공정 값 23 + pair_pos + 파생 전체,부스팅
XGBoost,29,0.6476800441741943,0.9166666666666665,1.0,1.0,1.0,0.8,0.6666666666666666,1.0,0.9986111111111111,E1 전체 기간,공정 값 23 + pair_pos + 파생 전체,부스팅
XGBoost,30,0.05568360537290573,0.4568452380952381,1.0,1.0,1.0,0.5,0.75,0.375,0.9821428571428572,E1 전체 기간,공정 값 23 + pair_pos + 파생 전체,부스팅
XGBoost,31,0.6285720467567444,0.47559523809523807,0.6666666666666666,0.6666666666666666,0.6666666666666666,0.4,0.3333333333333333,0.5,0.8450899031811895,E1 전체 기간,공정 값 23 + pair_pos + 파생 전체,부스팅
XGBoost,32,0.5980861783027649,0.7732558139534884,0.75,1.0,1.0,0.6666666666666666,0.5,1.0,0.9590336134453782,E1 전체 기간,공정 값 23 + pair_pos + 파생 전체,부스팅
XGBoost,33,0.5333316922187805,0.9166666666666666,1.0,1.0,1.0,0.8,0.6666666666666666,1.0,0.9985935302390999,E1 전체 기간,공정 값 23 + pair_pos + 파생 전체,부스팅
XGBoost,34,0.12819409370422363,1.0,1.0,1.0,1.0,0.6,1.0,0.42857142857142855,1.0,E1 전체 기간,공정 값 23 + pair_pos + 파생 전체,부스팅
XGBoost,35,0.6636946201324463,0.5138888888888888,1.0,1.0,1.0,0.6666666666666666,0.6666666666666666,0.6666666666666666,0.9903181189488243,E1 전체 기간,공정 값 23 + pair_pos + 파생 전체,부스팅
XGBoost,36,0.4735473394393921,0.760752688172043,0.75,0.75,0.75,0.8571428571428571,0.75,1.0,0.9065126050420168,E1 전체 기간,공정 값 23 + pair_pos + 파생 전체,부스팅
XGBoost,37,0.18558251857757568,1.0,1.0,1.0,1.0,0.8888888888888888,1.0,0.8,1.0,E1 전체 기간,공정 값 23 + pair_pos + 파생 전체,부스팅
XGBoost,38,0.16788244247436523,0.611111111111111,1.0,1.0,1.0,0.5,0.6666666666666666,0.4,0.9887482419127989,E1 전체 기간,공정 값 23 + pair_pos + 파생 전체,부스팅
XGBoost,39,0.1945030689239502,0.41033283656234476,0.6666666666666666,0.6666666666666666,1.0,0.5,0.3333333333333333,1.0,0.9069444444444444,E1 전체 기간,공정 값 23 + pair_pos + 파생 전체,부스팅
XGBoost,40,0.6369158029556274,1.0,1.0,1.0,1.0,1.0,1.0,1.0,1.0,E1 전체 기간,공정 값 23 + pair_pos + 파생 전체,부스팅
XGBoost,41,0.2316499948501587,0.3082644628099174,0.6666666666666666,0.6666666666666666,0.6666666666666666,0.2857142857142857,0.3333333333333333,0.25,0.8284106891701828,E1 전체 기간,공정 값 23 + pair_pos + 파생 전체,부스팅
XGBoost,42,0.3958730399608612,0.6781609195402298,0.6666666666666666,0.6666666666666666,0.6666666666666666,0.8,0.6666666666666666,1.0,0.8838174273858921,E1 전체 기간,공정 값 23 + pair_pos + 파생 전체,부스팅
XGBoost,43,0.4710470736026764,1.0,1.0,1.0,1.0,0.8571428571428571,0.75,1.0,1.0,E1 전체 기간,공정 값 23 + pair_pos + 파생 전체,부스팅
XGBoost,44,0.10437245666980743,1.0,1.0,1.0,1.0,0.8,0.6666666666666666,1.0,1.0,E1 전체 기간,공정 값 23 + pair_pos + 파생 전체,부스팅
XGBoost,45,0.29985740780830383,0.5166666666666666,1.0,1.0,1.0,0.5,0.5,0.5,0.9884453781512604,E1 전체 기간,공정 값 23 + pair_pos + 파생 전체,부스팅
XGBoost,46,0.6745588779449463,1.0,1.0,1.0,1.0,1.0,1.0,1.0,1.0,E1 전체 기간,공정 값 23 + pair_pos + 파생 전체,부스팅
XGBoost,47,0.43598148226737976,0.6735632183908046,0.6666666666666666,0.6666666666666666,0.6666666666666666,0.5,0.3333333333333333,1.0,0.8027777777777778,E1 전체 기간,공정 값 23 + pair_pos + 파생 전체,부스팅
XGBoost,48,0.6382443904876709,0.7626582278481013,0.75,0.75,0.75,0.6666666666666666,0.5,1.0,0.921218487394958,E1 전체 기간,공정 값 23 + pair_pos + 파생 전체,부스팅
XGBoost,49,0.30662813782691956,0.7777777777777777,1.0,1.0,1.0,0.5714285714285714,0.6666666666666666,0.5,0.9915611814345991,E1 전체 기간,공정 값 23 + pair_pos + 파생 전체,부스팅
LightGBM,0,0.0025746612214641654,0.95,1.0,1.0,1.0,0.75,0.75,0.75,0.9989495798319328,E1 전체 기간,공정 값 23 + pair_pos + 파생 전체,부스팅
LightGBM,1,0.03485251574260229,0.6825396825396826,0.6666666666666666,0.6666666666666666,1.0,0.8,0.6666666666666666,1.0,0.91701244813278,E1 전체 기간,공정 값 23 + pair_pos + 파생 전체,부스팅
LightGBM,2,0.1506250747768449,0.9166666666666665,1.0,1.0,1.0,0.8,0.6666666666666666,1.0,0.9986111111111111,E1 전체 기간,공정 값 23 + pair_pos + 파생 전체,부스팅
LightGBM,3,0.4399168305688174,0.7015845070422535,0.75,0.75,1.0,0.6666666666666666,0.5,1.0,0.9285714285714286,E1 전체 기간,공정 값 23 + pair_pos + 파생 전체,부스팅
LightGBM,4,0.7663344186854769,1.0,1.0,1.0,1.0,1.0,1.0,1.0,1.0,E1 전체 기간,공정 값 23 + pair_pos + 파생 전체,부스팅
LightGBM,5,0.044464002608074274,0.8928571428571428,1.0,1.0,1.0,0.6,0.75,0.5,0.9968487394957983,E1 전체 기간,공정 값 23 + pair_pos + 파생 전체,부스팅
LightGBM,6,0.003884419640360609,1.0,1.0,1.0,1.0,0.8571428571428571,1.0,0.75,1.0,E1 전체 기간,공정 값 23 + pair_pos + 파생 전체,부스팅
LightGBM,7,0.27117384392880445,1.0,1.0,1.0,1.0,0.8,0.6666666666666666,1.0,1.0,E1 전체 기간,공정 값 23 + pair_pos + 파생 전체,부스팅
LightGBM,8,0.14289840072803023,0.7649253731343284,0.75,0.75,1.0,0.6666666666666666,0.5,1.0,0.9338235294117647,E1 전체 기간,공정 값 23 + pair_pos + 파생 전체,부스팅
LightGBM,9,0.22587780362310134,0.446078431372549,0.6666666666666666,1.0,1.0,0.4,0.3333333333333333,0.5,0.9486111111111111,E1 전체 기간,공정 값 23 + pair_pos + 파생 전체,부스팅
LightGBM,10,0.015482046129391334,0.7678571428571428,0.75,0.75,1.0,0.75,0.75,0.75,0.9453781512605042,E1 전체 기간,공정 값 23 + pair_pos + 파생 전체,부스팅
LightGBM,11,0.5466427948303513,0.9166666666666666,1.0,1.0,1.0,0.8,0.6666666666666666,1.0,0.9985935302390999,E1 전체 기간,공정 값 23 + pair_pos + 파생 전체,부스팅
LightGBM,12,0.04384981445159057,0.9166666666666665,1.0,1.0,1.0,0.6666666666666666,0.6666666666666666,0.6666666666666666,0.9986168741355463,E1 전체 기간,공정 값 23 + pair_pos + 파생 전체,부스팅
LightGBM,13,0.0070266516807482565,0.7,1.0,1.0,1.0,0.4,0.3333333333333333,0.5,0.9944444444444445,E1 전체 기간,공정 값 23 + pair_pos + 파생 전체,부스팅
LightGBM,14,0.06507145333584052,0.7678571428571428,0.75,0.75,1.0,0.75,0.75,0.75,0.9453781512605042,E1 전체 기간,공정 값 23 + pair_pos + 파생 전체,부스팅
LightGBM,15,0.0059071664691230956,0.5184246112237998,0.5,0.5,0.5,0.4,0.25,1.0,0.8088235294117647,E1 전체 기간,공정 값 23 + pair_pos + 파생 전체,부스팅
LightGBM,16,0.1972634923763728,1.0,1.0,1.0,1.0,0.8571428571428571,1.0,0.75,1.0,E1 전체 기간,공정 값 23 + pair_pos + 파생 전체,부스팅
LightGBM,17,0.14661000607585156,1.0,1.0,1.0,1.0,1.0,1.0,1.0,1.0,E1 전체 기간,공정 값 23 + pair_pos + 파생 전체,부스팅
LightGBM,18,0.10338815943115752,1.0,1.0,1.0,1.0,0.6666666666666666,0.5,1.0,1.0,E1 전체 기간,공정 값 23 + pair_pos + 파생 전체,부스팅
LightGBM,19,0.011571413006842158,0.55,1.0,1.0,1.0,0.3333333333333333,0.3333333333333333,0.3333333333333333,0.9833333333333334,E1 전체 기간,공정 값 23 + pair_pos + 파생 전체,부스팅
LightGBM,20,0.03812185086207431,0.6842105263157894,0.6666666666666666,0.6666666666666666,1.0,0.6666666666666666,0.6666666666666666,0.6666666666666666,0.9253112033195021,E1 전체 기간,공정 값 23 + pair_pos + 파생 전체,부스팅
LightGBM,21,0.051123649112665544,0.8666666666666667,1.0,1.0,1.0,0.8,0.6666666666666666,1.0,0.9972222222222222,E1 전체 기간,공정 값 23 + pair_pos + 파생 전체,부스팅
LightGBM,22,0.04960892852760755,0.6968457943925234,0.75,0.75,0.75,0.5714285714285714,0.5,0.6666666666666666,0.8907563025210083,E1 전체 기간,공정 값 23 + pair_pos + 파생 전체,부스팅
LightGBM,23,0.052724163599329514,1.0,1.0,1.0,1.0,0.8571428571428571,0.75,1.0,1.0,E1 전체 기간,공정 값 23 + pair_pos + 파생 전체,부스팅
LightGBM,24,0.08609360885345169,0.9166666666666666,1.0,1.0,1.0,0.8571428571428571,1.0,0.75,0.9985935302390999,E1 전체 기간,공정 값 23 + pair_pos + 파생 전체,부스팅
LightGBM,25,0.0034846781505182985,0.6129385964912281,0.75,0.75,0.75,0.75,0.75,0.75,0.8823529411764706,E1 전체 기간,공정 값 23 + pair_pos + 파생 전체,부스팅
LightGBM,26,0.09252144083817357,0.6904761904761905,0.6666666666666666,1.0,1.0,0.8,0.6666666666666666,1.0,0.946058091286307,E1 전체 기간,공정 값 23 + pair_pos + 파생 전체,부스팅
LightGBM,27,0.1229453622095028,0.9166666666666666,1.0,1.0,1.0,0.8571428571428571,0.75,1.0,0.9978991596638656,E1 전체 기간,공정 값 23 + pair_pos + 파생 전체,부스팅
LightGBM,28,0.21369550383182828,1.0,1.0,1.0,1.0,1.0,1.0,1.0,1.0,E1 전체 기간,공정 값 23 + pair_pos + 파생 전체,부스팅
LightGBM,29,0.013517406441274292,0.7555555555555555,1.0,1.0,1.0,0.75,1.0,0.6,0.9958333333333333,E1 전체 기간,공정 값 23 + pair_pos + 파생 전체,부스팅
LightGBM,30,0.0014821023527253326,0.7708333333333333,1.0,1.0,1.0,0.6666666666666666,1.0,0.5,0.9957983193277311,E1 전체 기간,공정 값 23 + pair_pos + 파생 전체,부스팅
LightGBM,31,0.20784615130390452,0.513157894736842,0.6666666666666666,0.6666666666666666,0.6666666666666666,0.4,0.3333333333333333,0.5,0.896265560165975,E1 전체 기간,공정 값 23 + pair_pos + 파생 전체,부스팅
LightGBM,32,0.033868239081004656,0.7732558139534884,0.75,1.0,1.0,0.8571428571428571,0.75,1.0,0.9590336134453782,E1 전체 기간,공정 값 23 + pair_pos + 파생 전체,부스팅
LightGBM,33,0.02042487247072246,1.0,1.0,1.0,1.0,0.75,1.0,0.6,1.0,E1 전체 기간,공정 값 23 + pair_pos + 파생 전체,부스팅
LightGBM,34,0.0034691412160937555,1.0,1.0,1.0,1.0,0.75,1.0,0.6,1.0,E1 전체 기간,공정 값 23 + pair_pos + 파생 전체,부스팅
LightGBM,35,0.1049282210421442,0.8666666666666667,1.0,1.0,1.0,0.6666666666666666,0.6666666666666666,0.6666666666666666,0.9972337482710927,E1 전체 기간,공정 값 23 + pair_pos + 파생 전체,부스팅
LightGBM,36,0.02273300018550827,0.7678571428571428,0.75,0.75,1.0,0.8571428571428571,0.75,1.0,0.9453781512605042,E1 전체 기간,공정 값 23 + pair_pos + 파생 전체,부스팅
LightGBM,37,0.16182907568838292,1.0,1.0,1.0,1.0,0.8571428571428571,0.75,1.0,1.0,E1 전체 기간,공정 값 23 + pair_pos + 파생 전체,부스팅
LightGBM,38,0.048964284811802206,0.8666666666666667,1.0,1.0,1.0,0.75,1.0,0.6,0.9971870604781997,E1 전체 기간,공정 값 23 + pair_pos + 파생 전체,부스팅
LightGBM,39,0.02945696555517687,0.5811965811965811,0.6666666666666666,1.0,1.0,0.5,0.3333333333333333,1.0,0.9486111111111111,E1 전체 기간,공정 값 23 + pair_pos + 파생 전체,부스팅
LightGBM,40,0.08622066948110557,1.0,1.0,1.0,1.0,1.0,1.0,1.0,1.0,E1 전체 기간,공정 값 23 + pair_pos + 파생 전체,부스팅
LightGBM,41,0.046765684925090346,0.4047619047619047,0.6666666666666666,0.6666666666666666,1.0,0.5714285714285714,0.6666666666666666,0.5,0.9127988748241913,E1 전체 기간,공정 값 23 + pair_pos + 파생 전체,부스팅
LightGBM,42,0.2063041076560514,0.7011494252873562,0.6666666666666666,1.0,1.0,0.5,0.3333333333333333,1.0,0.9640387275242046,E1 전체 기간,공정 값 23 + pair_pos + 파생 전체,부스팅
LightGBM,43,0.04964788156066011,1.0,1.0,1.0,1.0,1.0,1.0,1.0,1.0,E1 전체 기간,공정 값 23 + pair_pos + 파생 전체,부스팅
LightGBM,44,0.006390272510785697,1.0,1.0,1.0,1.0,0.8,0.6666666666666666,1.0,1.0,E1 전체 기간,공정 값 23 + pair_pos + 파생 전체,부스팅
LightGBM,45,0.3632938691380438,0.8041666666666667,1.0,1.0,1.0,0.5714285714285714,0.5,0.6666666666666666,0.9968487394957983,E1 전체 기간,공정 값 23 + pair_pos + 파생 전체,부스팅
LightGBM,46,0.5140305005685681,1.0,1.0,1.0,1.0,1.0,1.0,1.0,1.0,E1 전체 기간,공정 값 23 + pair_pos + 파생 전체,부스팅
LightGBM,47,0.012493823495472284,0.6762820512820513,0.6666666666666666,0.6666666666666666,0.6666666666666666,0.8,0.6666666666666666,1.0,0.8597222222222222,E1 전체 기간,공정 값 23 + pair_pos + 파생 전체,부스팅
LightGBM,48,0.27036643032090757,0.774390243902439,0.75,1.0,1.0,0.8571428571428571,0.75,1.0,0.9611344537815126,E1 전체 기간,공정 값 23 + pair_pos + 파생 전체,부스팅
LightGBM,49,0.05233445200709246,0.8333333333333333,1.0,1.0,1.0,0.6666666666666666,0.6666666666666666,0.6666666666666666,0.9957805907172996,E1 전체 기간,공정 값 23 + pair_pos + 파생 전체,부스팅
CatBoost,0,0.2731903051563442,0.9166666666666666,1.0,1.0,1.0,0.8571428571428571,0.75,1.0,0.9978991596638656,E1 전체 기간,공정 값 23 + pair_pos + 파생 전체,부스팅
CatBoost,1,0.3336551203679346,0.6944444444444444,0.6666666666666666,1.0,1.0,0.8,0.6666666666666666,1.0,0.9543568464730291,E1 전체 기간,공정 값 23 + pair_pos + 파생 전체,부스팅
CatBoost,2,0.42123811192475086,1.0,1.0,1.0,1.0,0.8,0.6666666666666666,1.0,1.0,E1 전체 기간,공정 값 23 + pair_pos + 파생 전체,부스팅
CatBoost,3,0.7052054860614506,0.77,0.75,0.75,1.0,0.8571428571428571,0.75,1.0,0.9516806722689076,E1 전체 기간,공정 값 23 + pair_pos + 파생 전체,부스팅
CatBoost,4,0.10288876146992071,0.5555555555555556,1.0,1.0,1.0,0.5,1.0,0.3333333333333333,0.9929676511954993,E1 전체 기간,공정 값 23 + pair_pos + 파생 전체,부스팅
CatBoost,5,0.40076443931559463,0.8928571428571428,1.0,1.0,1.0,0.75,0.75,0.75,0.9968487394957983,E1 전체 기간,공정 값 23 + pair_pos + 파생 전체,부스팅
CatBoost,6,0.42182866445507755,0.8055555555555556,1.0,1.0,1.0,0.8571428571428571,1.0,0.75,0.9971870604781997,E1 전체 기간,공정 값 23 + pair_pos + 파생 전체,부스팅
CatBoost,7,0.22089404780387403,1.0,1.0,1.0,1.0,0.6666666666666666,1.0,0.5,1.0,E1 전체 기간,공정 값 23 + pair_pos + 파생 전체,부스팅
CatBoost,8,0.8555803027465676,0.7614942528735632,0.75,0.75,0.75,0.4,0.25,1.0,0.9128151260504201,E1 전체 기간,공정 값 23 + pair_pos + 파생 전체,부스팅
CatBoost,9,0.12295370395574085,0.5185185185185185,0.6666666666666666,0.6666666666666666,1.0,0.4444444444444444,0.6666666666666666,0.3333333333333333,0.9263888888888888,E1 전체 기간,공정 값 23 + pair_pos + 파생 전체,부스팅
CatBoost,10,0.181291777702228,0.7636986301369864,0.75,0.75,1.0,0.6666666666666666,0.75,0.6,0.9275210084033613,E1 전체 기간,공정 값 23 + pair_pos + 파생 전체,부스팅
CatBoost,11,0.39846197703460695,0.8095238095238095,1.0,1.0,1.0,0.6666666666666666,0.6666666666666666,0.6666666666666666,0.9943741209563994,E1 전체 기간,공정 값 23 + pair_pos + 파생 전체,부스팅
CatBoost,12,0.2466780393062874,1.0,1.0,1.0,1.0,0.8571428571428571,1.0,0.75,1.0,E1 전체 기간,공정 값 23 + pair_pos + 파생 전체,부스팅
CatBoost,13,0.3083225510706866,0.8666666666666667,1.0,1.0,1.0,0.5,0.3333333333333333,1.0,0.9972222222222222,E1 전체 기간,공정 값 23 + pair_pos + 파생 전체,부스팅
CatBoost,14,0.38361016721280283,0.7017857142857142,0.75,0.75,1.0,0.75,0.75,0.75,0.9296218487394958,E1 전체 기간,공정 값 23 + pair_pos + 파생 전체,부스팅
CatBoost,15,0.22108045284984507,0.5335708927231808,0.5,0.75,1.0,0.6666666666666666,0.5,1.0,0.8970588235294117,E1 전체 기간,공정 값 23 + pair_pos + 파생 전체,부스팅
CatBoost,16,0.38709048964483206,0.8055555555555556,1.0,1.0,1.0,0.8571428571428571,1.0,0.75,0.9971870604781997,E1 전체 기간,공정 값 23 + pair_pos + 파생 전체,부스팅
CatBoost,17,0.2288860944122805,1.0,1.0,1.0,1.0,0.5,1.0,0.3333333333333333,1.0,E1 전체 기간,공정 값 23 + pair_pos + 파생 전체,부스팅
CatBoost,18,0.3137610681434009,0.5666666666666667,1.0,1.0,1.0,0.0,0.0,0.0,0.9926470588235294,E1 전체 기간,공정 값 23 + pair_pos + 파생 전체,부스팅
CatBoost,19,0.2629267485274677,0.9166666666666665,1.0,1.0,1.0,0.6666666666666666,0.6666666666666666,0.6666666666666666,0.9986111111111111,E1 전체 기간,공정 값 23 + pair_pos + 파생 전체,부스팅
CatBoost,20,0.37124153727735104,0.6815920398009949,0.6666666666666666,0.6666666666666666,1.0,0.6666666666666666,0.6666666666666666,0.6666666666666666,0.9114799446749655,E1 전체 기간,공정 값 23 + pair_pos + 파생 전체,부스팅
CatBoost,21,0.2962812588406411,1.0,1.0,1.0,1.0,1.0,1.0,1.0,1.0,E1 전체 기간,공정 값 23 + pair_pos + 파생 전체,부스팅
CatBoost,22,0.6502163130521591,0.7647058823529411,0.75,0.75,1.0,0.4,0.25,1.0,0.9327731092436975,E1 전체 기간,공정 값 23 + pair_pos + 파생 전체,부스팅
CatBoost,23,0.45996619360742075,1.0,1.0,1.0,1.0,1.0,1.0,1.0,1.0,E1 전체 기간,공정 값 23 + pair_pos + 파생 전체,부스팅
CatBoost,24,0.48426560914234934,0.6388888888888888,1.0,1.0,1.0,0.8571428571428571,1.0,0.75,0.9957805907172996,E1 전체 기간,공정 값 23 + pair_pos + 파생 전체,부스팅
CatBoost,25,0.28584075920204477,0.537987012987013,0.75,0.75,0.75,0.5,0.5,0.5,0.9191176470588235,E1 전체 기간,공정 값 23 + pair_pos + 파생 전체,부스팅
CatBoost,26,0.47402548083997287,0.6904761904761905,0.6666666666666666,1.0,1.0,0.6666666666666666,0.6666666666666666,0.6666666666666666,0.946058091286307,E1 전체 기간,공정 값 23 + pair_pos + 파생 전체,부스팅
CatBoost,27,0.12449521677890994,0.875,1.0,1.0,1.0,0.6,0.75,0.5,0.995798319327731,E1 전체 기간,공정 값 23 + pair_pos + 파생 전체,부스팅
CatBoost,28,0.10024755253675698,0.9166666666666666,1.0,1.0,1.0,0.75,1.0,0.6,0.9985935302390999,E1 전체 기간,공정 값 23 + pair_pos + 파생 전체,부스팅
CatBoost,29,0.17268535007420951,1.0,1.0,1.0,1.0,0.5454545454545454,1.0,0.375,1.0,E1 전체 기간,공정 값 23 + pair_pos + 파생 전체,부스팅
CatBoost,30,0.179523653146944,0.8166666666666667,1.0,1.0,1.0,0.8,1.0,0.6666666666666666,0.9957983193277311,E1 전체 기간,공정 값 23 + pair_pos + 파생 전체,부스팅
CatBoost,31,0.478280029729128,0.46444444444444444,0.6666666666666666,0.6666666666666666,1.0,0.5,0.3333333333333333,1.0,0.9294605809128631,E1 전체 기간,공정 값 23 + pair_pos + 파생 전체,부스팅
CatBoost,32,0.4840609304278888,0.7934782608695652,1.0,1.0,1.0,0.8571428571428571,0.75,1.0,0.9800420168067228,E1 전체 기간,공정 값 23 + pair_pos + 파생 전체,부스팅
CatBoost,33,0.20623761804155677,0.6666666666666667,1.0,1.0,1.0,0.3333333333333333,0.3333333333333333,0.3333333333333333,0.9929676511954993,E1 전체 기간,공정 값 23 + pair_pos + 파생 전체,부스팅
CatBoost,34,0.21823725928271692,1.0,1.0,1.0,1.0,0.75,1.0,0.6,1.0,E1 전체 기간,공정 값 23 + pair_pos + 파생 전체,부스팅
CatBoost,35,0.519614630215741,0.6388888888888888,1.0,1.0,1.0,0.8571428571428571,1.0,0.75,0.995850622406639,E1 전체 기간,공정 값 23 + pair_pos + 파생 전체,부스팅
CatBoost,36,0.1296857818131235,0.7681818181818182,0.75,0.75,1.0,0.8571428571428571,0.75,1.0,0.9464285714285714,E1 전체 기간,공정 값 23 + pair_pos + 파생 전체,부스팅
CatBoost,37,0.544450729766976,1.0,1.0,1.0,1.0,0.8571428571428571,0.75,1.0,1.0,E1 전체 기간,공정 값 23 + pair_pos + 파생 전체,부스팅
CatBoost,38,0.3370049783583568,0.9166666666666666,1.0,1.0,1.0,0.6666666666666666,1.0,0.5,0.9985935302390999,E1 전체 기간,공정 값 23 + pair_pos + 파생 전체,부스팅
CatBoost,39,0.27729420146113143,0.5782828282828283,0.6666666666666666,1.0,1.0,0.5,0.3333333333333333,1.0,0.9416666666666667,E1 전체 기간,공정 값 23 + pair_pos + 파생 전체,부스팅
CatBoost,40,0.1996867899305605,1.0,1.0,1.0,1.0,0.6153846153846154,1.0,0.4444444444444444,1.0,E1 전체 기간,공정 값 23 + pair_pos + 파생 전체,부스팅
CatBoost,41,0.1318694005162244,0.41919191919191917,0.6666666666666666,1.0,1.0,0.5,0.6666666666666666,0.4,0.9549929676511955,E1 전체 기간,공정 값 23 + pair_pos + 파생 전체,부스팅
CatBoost,42,0.5468342465285977,0.6820512820512821,0.6666666666666666,0.6666666666666666,1.0,0.8,0.6666666666666666,1.0,0.9142461964038727,E1 전체 기간,공정 값 23 + pair_pos + 파생 전체,부스팅
CatBoost,43,0.3570016157552042,0.95,1.0,1.0,1.0,0.7272727272727273,1.0,0.5714285714285714,0.9989495798319328,E1 전체 기간,공정 값 23 + pair_pos + 파생 전체,부스팅
CatBoost,44,0.19900164980203733,1.0,1.0,1.0,1.0,0.8,0.6666666666666666,1.0,1.0,E1 전체 기간,공정 값 23 + pair_pos + 파생 전체,부스팅
CatBoost,45,0.23464561613629645,0.8875,1.0,1.0,1.0,0.8888888888888888,1.0,0.8,0.9978991596638656,E1 전체 기간,공정 값 23 + pair_pos + 파생 전체,부스팅
CatBoost,46,0.3758286741230171,1.0,1.0,1.0,1.0,0.75,1.0,0.6,1.0,E1 전체 기간,공정 값 23 + pair_pos + 파생 전체,부스팅
CatBoost,47,0.309926597877074,0.6929824561403508,0.6666666666666666,1.0,1.0,0.8,0.6666666666666666,1.0,0.9513888888888888,E1 전체 기간,공정 값 23 + pair_pos + 파생 전체,부스팅
CatBoost,48,0.2041124120253368,0.7608695652173914,0.75,0.75,0.75,0.8571428571428571,0.75,1.0,0.907563025210084,E1 전체 기간,공정 값 23 + pair_pos + 파생 전체,부스팅
CatBoost,49,0.3067049728982278,0.7916666666666666,1.0,1.0,1.0,0.5,0.6666666666666666,0.4,0.9929676511954993,E1 전체 기간,공정 값 23 + pair_pos + 파생 전체,부스팅
