model,repeat,검사율@재현율1,검사율@재현율0.9,eval,features,family
[기준] 무작위,0,0.9843104872006606,0.9512799339388934,E1 전체 기간,-,기준선
[기준] 무작위,1,0.87943848059455,0.8753096614368291,E1 전체 기간,-,기준선
[기준] 무작위,2,0.8967795210569777,0.8736581337737407,E1 전체 기간,-,기준선
[기준] 무작위,3,0.9653179190751445,0.8645747316267548,E1 전체 기간,-,기준선
[기준] 무작위,4,0.976878612716763,0.7514450867052023,E1 전체 기간,-,기준선
[기준] 무작위,5,0.9669694467382328,0.9248554913294798,E1 전체 기간,-,기준선
[기준] 무작위,6,0.9966969446738233,0.9917423616845582,E1 전체 기간,-,기준선
[기준] 무작위,7,0.9686209744013212,0.9603633360858794,E1 전체 기간,-,기준선
[기준] 무작위,8,0.8918249380677127,0.7456647398843931,E1 전체 기간,-,기준선
[기준] 무작위,9,0.8901734104046243,0.7572254335260116,E1 전체 기간,-,기준선
[기준] 쌍 순서 규칙,0,0.7299752270850537,0.7093311312964492,E1 전체 기간,-,기준선
[기준] 쌍 순서 규칙,1,0.7745664739884393,0.7233691164327003,E1 전체 기간,-,기준선
[기준] 쌍 순서 규칙,2,0.7663088356729976,0.7291494632535095,E1 전체 기간,-,기준선
[기준] 쌍 순서 규칙,3,0.7415359207266722,0.7043765483071841,E1 전체 기간,-,기준선
[기준] 쌍 순서 규칙,4,0.7043765483071841,0.6895127993393889,E1 전체 기간,-,기준선
[기준] 쌍 순서 규칙,5,0.7720891824938068,0.7052023121387283,E1 전체 기간,-,기준선
[기준] 쌍 순서 규칙,6,0.8505367464905037,0.763831544178365,E1 전체 기간,-,기준선
[기준] 쌍 순서 규칙,7,0.763831544178365,0.7299752270850537,E1 전체 기간,-,기준선
[기준] 쌍 순서 규칙,8,0.7993393889347646,0.6267547481420314,E1 전체 기간,-,기준선
[기준] 쌍 순서 규칙,9,0.930635838150289,0.7630057803468208,E1 전체 기간,-,기준선
[기준] 샷 순서,0,0.11725846407927333,0.10982658959537572,E1 전체 기간,-,기준선
[기준] 샷 순서,1,0.14037985136251033,0.1329479768786127,E1 전체 기간,-,기준선
[기준] 샷 순서,2,0.12303881090008258,0.1222130470685384,E1 전체 기간,-,기준선
[기준] 샷 순서,3,0.12881915772089184,0.12716763005780346,E1 전체 기간,-,기준선
[기준] 샷 순서,4,0.12303881090008258,0.1222130470685384,E1 전체 기간,-,기준선
[기준] 샷 순서,5,0.11560693641618497,0.10900082576383155,E1 전체 기간,-,기준선
[기준] 샷 순서,6,0.11973575557390587,0.11890999174236168,E1 전체 기간,-,기준선
[기준] 샷 순서,7,0.1147811725846408,0.11395540875309662,E1 전체 기간,-,기준선
[기준] 샷 순서,8,0.11725846407927333,0.11147811725846409,E1 전체 기간,-,기준선
[기준] 샷 순서,9,0.12138728323699421,0.11890999174236168,E1 전체 기간,-,기준선
로지스틱 L2,0,0.2939719240297275,0.2667217175887696,E1 전체 기간,공정 값 23,선형
로지스틱 L2,1,0.20726672171758878,0.16680429397192403,E1 전체 기간,공정 값 23,선형
로지스틱 L2,2,0.2171758876961189,0.21469859620148637,E1 전체 기간,공정 값 23,선형
로지스틱 L2,3,0.27250206440957886,0.20809248554913296,E1 전체 기간,공정 값 23,선형
로지스틱 L2,4,0.18001651527663087,0.1453344343517754,E1 전체 기간,공정 값 23,선형
로지스틱 L2,5,0.2658959537572254,0.11312964492155243,E1 전체 기간,공정 값 23,선형
로지스틱 L2,6,0.15028901734104047,0.13542526837324526,E1 전체 기간,공정 값 23,선형
로지스틱 L2,7,0.22295623451692817,0.20891824938067713,E1 전체 기간,공정 값 23,선형
로지스틱 L2,8,0.26424442609413706,0.2180016515276631,E1 전체 기간,공정 값 23,선형
로지스틱 L2,9,0.22213047068538397,0.1676300578034682,E1 전체 기간,공정 값 23,선형
로지스틱 L1,0,0.2857142857142857,0.2749793559042114,E1 전체 기간,공정 값 23,선형
로지스틱 L1,1,0.1907514450867052,0.1750619322873658,E1 전체 기간,공정 값 23,선형
로지스틱 L1,2,0.19240297274979357,0.18662262592898432,E1 전체 기간,공정 값 23,선형
로지스틱 L1,3,0.24938067712634188,0.2477291494632535,E1 전체 기간,공정 값 23,선형
로지스틱 L1,4,0.17093311312964493,0.15524360033030554,E1 전체 기간,공정 값 23,선형
로지스틱 L1,5,0.2906688687035508,0.15359207266721717,E1 전체 기간,공정 값 23,선형
로지스틱 L1,6,0.18497109826589594,0.11725846407927333,E1 전체 기간,공정 값 23,선형
로지스틱 L1,7,0.23947151114781173,0.17588769611891,E1 전체 기간,공정 값 23,선형
로지스틱 L1,8,0.23121387283236994,0.21882741535920727,E1 전체 기간,공정 값 23,선형
로지스틱 L1,9,0.17341040462427745,0.15111478117258464,E1 전체 기간,공정 값 23,선형
로지스틱 ElasticNet,0,0.3104872006606111,0.2667217175887696,E1 전체 기간,공정 값 23,선형
로지스틱 ElasticNet,1,0.18249380677126342,0.1750619322873658,E1 전체 기간,공정 값 23,선형
로지스틱 ElasticNet,2,0.20066061106523533,0.19735755573905864,E1 전체 기간,공정 값 23,선형
로지스틱 ElasticNet,3,0.2477291494632535,0.20809248554913296,E1 전체 기간,공정 값 23,선형
로지스틱 ElasticNet,4,0.18827415359207267,0.17093311312964493,E1 전체 기간,공정 값 23,선형
로지스틱 ElasticNet,5,0.2906688687035508,0.1222130470685384,E1 전체 기간,공정 값 23,선형
로지스틱 ElasticNet,6,0.14368290668868702,0.1337737407101569,E1 전체 기간,공정 값 23,선형
로지스틱 ElasticNet,7,0.23947151114781173,0.19240297274979357,E1 전체 기간,공정 값 23,선형
로지스틱 ElasticNet,8,0.26424442609413706,0.2180016515276631,E1 전체 기간,공정 값 23,선형
로지스틱 ElasticNet,9,0.19735755573905864,0.14285714285714285,E1 전체 기간,공정 값 23,선형
LDA (shrinkage),0,0.5127993393889347,0.3187448389760528,E1 전체 기간,공정 값 23,선형
LDA (shrinkage),1,0.44508670520231214,0.3897605284888522,E1 전체 기간,공정 값 23,선형
LDA (shrinkage),2,0.22708505367464904,0.21139554087530965,E1 전체 기간,공정 값 23,선형
LDA (shrinkage),3,0.35672997522708505,0.3278282411230388,E1 전체 기간,공정 값 23,선형
LDA (shrinkage),4,0.2675474814203138,0.2526837324525186,E1 전체 기간,공정 값 23,선형
LDA (shrinkage),5,0.5450041288191577,0.2444260941370768,E1 전체 기간,공정 값 23,선형
LDA (shrinkage),6,0.4037985136251032,0.33278282411230387,E1 전체 기간,공정 값 23,선형
LDA (shrinkage),7,0.4690338563170933,0.3988439306358382,E1 전체 기간,공정 값 23,선형
LDA (shrinkage),8,0.5516102394715111,0.3014037985136251,E1 전체 기간,공정 값 23,선형
LDA (shrinkage),9,0.3781998348472337,0.34516928158546656,E1 전체 기간,공정 값 23,선형
나이브 베이즈,0,0.5458298926507019,0.2898431048720066,E1 전체 기간,공정 값 23,확률
나이브 베이즈,1,0.3270024772914946,0.27663088356729976,E1 전체 기간,공정 값 23,확률
나이브 베이즈,2,0.5631709331131296,0.2832369942196532,E1 전체 기간,공정 값 23,확률
나이브 베이즈,3,0.45334434351775393,0.3831544178364988,E1 전체 기간,공정 값 23,확률
나이브 베이즈,4,0.3666391412056152,0.2906688687035508,E1 전체 기간,공정 값 23,확률
나이브 베이즈,5,0.4269199009083402,0.28075970272502065,E1 전체 기간,공정 값 23,확률
나이브 베이즈,6,0.3583815028901734,0.2708505367464905,E1 전체 기간,공정 값 23,확률
나이브 베이즈,7,0.40214698596201487,0.2658959537572254,E1 전체 기간,공정 값 23,확률
나이브 베이즈,8,0.4087530966143683,0.28075970272502065,E1 전체 기간,공정 값 23,확률
나이브 베이즈,9,0.35755573905862925,0.28736581337737405,E1 전체 기간,공정 값 23,확률
kNN (k=15),0,0.9372419488026424,0.7555739058629232,E1 전체 기간,공정 값 23,거리
kNN (k=15),1,0.8191577208918249,0.7753922378199835,E1 전체 기간,공정 값 23,거리
kNN (k=15),2,0.8753096614368291,0.64822460776218,E1 전체 기간,공정 값 23,거리
kNN (k=15),3,0.9454995871180842,0.49050371593724196,E1 전체 기간,공정 값 23,거리
kNN (k=15),4,0.8265895953757225,0.5755573905862923,E1 전체 기간,공정 값 23,거리
kNN (k=15),5,0.8109000825763831,0.5136251032204789,E1 전체 기간,공정 값 23,거리
kNN (k=15),6,0.8769611890999174,0.629232039636664,E1 전체 기간,공정 값 23,거리
kNN (k=15),7,0.7192402972749794,0.6606110652353427,E1 전체 기간,공정 값 23,거리
kNN (k=15),8,0.8711808422791082,0.6597853014037985,E1 전체 기간,공정 값 23,거리
kNN (k=15),9,0.9595375722543352,0.685383980181668,E1 전체 기간,공정 값 23,거리
SVM 선형,0,0.3278282411230388,0.2320396366639141,E1 전체 기간,공정 값 23,커널
SVM 선형,1,0.2320396366639141,0.1750619322873658,E1 전체 기간,공정 값 23,커널
SVM 선형,2,0.2667217175887696,0.2551610239471511,E1 전체 기간,공정 값 23,커널
SVM 선형,3,0.305532617671346,0.22460776218001652,E1 전체 기간,공정 값 23,커널
SVM 선형,4,0.24607762180016515,0.17010734929810073,E1 전체 기간,공정 값 23,커널
SVM 선형,5,0.2906688687035508,0.19653179190751446,E1 전체 기간,공정 값 23,커널
SVM 선형,6,0.17671345995045418,0.1750619322873658,E1 전체 기간,공정 값 23,커널
SVM 선형,7,0.305532617671346,0.20066061106523533,E1 전체 기간,공정 값 23,커널
SVM 선형,8,0.49380677126341865,0.24360033030553263,E1 전체 기간,공정 값 23,커널
SVM 선형,9,0.24690338563170933,0.18166804293971925,E1 전체 기간,공정 값 23,커널
SVM RBF,0,0.9091659785301404,0.8001651527663088,E1 전체 기간,공정 값 23,커널
SVM RBF,1,0.9248554913294798,0.47233691164327,E1 전체 기간,공정 값 23,커널
SVM RBF,2,0.9091659785301404,0.4995871180842279,E1 전체 기간,공정 값 23,커널
SVM RBF,3,0.9314616019818331,0.800990916597853,E1 전체 기간,공정 값 23,커널
SVM RBF,4,0.9066886870355079,0.8720066061106524,E1 전체 기간,공정 값 23,커널
SVM RBF,5,0.916597853014038,0.5144508670520231,E1 전체 기간,공정 값 23,커널
SVM RBF,6,0.8654004954582989,0.8579686209744013,E1 전체 기간,공정 값 23,커널
SVM RBF,7,0.7935590421139554,0.7167630057803468,E1 전체 기간,공정 값 23,커널
SVM RBF,8,0.870355078447564,0.6176713459950454,E1 전체 기간,공정 값 23,커널
SVM RBF,9,0.7167630057803468,0.3831544178364988,E1 전체 기간,공정 값 23,커널
MLP,0,0.5243600330305532,0.34104046242774566,E1 전체 기간,공정 값 23,신경망
MLP,1,0.24855491329479767,0.14203137902559868,E1 전체 기간,공정 값 23,신경망
MLP,2,0.43022295623451695,0.250206440957886,E1 전체 기간,공정 값 23,신경망
MLP,3,0.36168455821635015,0.25681255161023947,E1 전체 기간,공정 값 23,신경망
MLP,4,0.236168455821635,0.18414533443435177,E1 전체 기간,공정 값 23,신경망
MLP,5,0.24938067712634188,0.1948802642444261,E1 전체 기간,공정 값 23,신경망
MLP,6,0.250206440957886,0.15854665565648224,E1 전체 기간,공정 값 23,신경망
MLP,7,0.4772914946325351,0.19240297274979357,E1 전체 기간,공정 값 23,신경망
MLP,8,0.518579686209744,0.24360033030553263,E1 전체 기간,공정 값 23,신경망
MLP,9,0.27167630057803466,0.1263418662262593,E1 전체 기간,공정 값 23,신경망
결정트리 (depth 4),0,0.9777043765483072,0.9611890999174236,E1 전체 기간,공정 값 23,트리
결정트리 (depth 4),1,0.9777043765483072,0.9529314616019818,E1 전체 기간,공정 값 23,트리
결정트리 (depth 4),2,0.6548307184145334,0.6515276630883567,E1 전체 기간,공정 값 23,트리
결정트리 (depth 4),3,0.9463253509496284,0.8026424442609413,E1 전체 기간,공정 값 23,트리
결정트리 (depth 4),4,0.8422791081750619,0.8274153592072667,E1 전체 기간,공정 값 23,트리
결정트리 (depth 4),5,0.9405450041288191,0.7365813377374071,E1 전체 기간,공정 값 23,트리
결정트리 (depth 4),6,0.9149463253509497,0.8926507018992568,E1 전체 기간,공정 값 23,트리
결정트리 (depth 4),7,0.990916597853014,0.9380677126341866,E1 전체 기간,공정 값 23,트리
결정트리 (depth 4),8,0.9636663914120561,0.6985962014863749,E1 전체 기간,공정 값 23,트리
결정트리 (depth 4),9,0.5177539223781998,0.4805945499587118,E1 전체 기간,공정 값 23,트리
랜덤포레스트,0,0.10487200660611065,0.09991742361684558,E1 전체 기간,공정 값 23,트리
랜덤포레스트,1,0.13047068538398018,0.1263418662262593,E1 전체 기간,공정 값 23,트리
랜덤포레스트,2,0.1180842279108175,0.09083402146985962,E1 전체 기간,공정 값 23,트리
랜덤포레스트,3,0.10982658959537572,0.08918249380677126,E1 전체 기간,공정 값 23,트리
랜덤포레스트,4,0.0990916597853014,0.08670520231213873,E1 전체 기간,공정 값 23,트리
랜덤포레스트,5,0.1494632535094963,0.0875309661436829,E1 전체 기간,공정 값 23,트리
랜덤포레스트,6,0.15111478117258464,0.10817506193228736,E1 전체 기간,공정 값 23,트리
랜덤포레스트,7,0.14698596201486375,0.10817506193228736,E1 전체 기간,공정 값 23,트리
랜덤포레스트,8,0.12303881090008258,0.11230388109000826,E1 전체 기간,공정 값 23,트리
랜덤포레스트,9,0.10982658959537572,0.10487200660611065,E1 전체 기간,공정 값 23,트리
엑스트라트리,0,0.11643270024772914,0.09248554913294797,E1 전체 기간,공정 값 23,트리
엑스트라트리,1,0.12386457473162675,0.10982658959537572,E1 전체 기간,공정 값 23,트리
엑스트라트리,2,0.14037985136251033,0.09331131296449216,E1 전체 기간,공정 값 23,트리
엑스트라트리,3,0.12386457473162675,0.1222130470685384,E1 전체 기간,공정 값 23,트리
엑스트라트리,4,0.1486374896779521,0.10569777043765483,E1 전체 기간,공정 값 23,트리
엑스트라트리,5,0.14285714285714285,0.09991742361684558,E1 전체 기간,공정 값 23,트리
엑스트라트리,6,0.14037985136251033,0.1255161023947151,E1 전체 기간,공정 값 23,트리
엑스트라트리,7,0.13047068538398018,0.1263418662262593,E1 전체 기간,공정 값 23,트리
엑스트라트리,8,0.15441783649876134,0.13542526837324526,E1 전체 기간,공정 값 23,트리
엑스트라트리,9,0.10156895127993394,0.07431874483897605,E1 전체 기간,공정 값 23,트리
AdaBoost,0,0.11890999174236168,0.09744013212221304,E1 전체 기간,공정 값 23,부스팅
AdaBoost,1,0.18414533443435177,0.09413707679603633,E1 전체 기간,공정 값 23,부스팅
AdaBoost,2,0.10982658959537572,0.10734929810074319,E1 전체 기간,공정 값 23,부스팅
AdaBoost,3,0.10569777043765483,0.09331131296449216,E1 전체 기간,공정 값 23,부스팅
AdaBoost,4,0.09661436829066887,0.09331131296449216,E1 전체 기간,공정 값 23,부스팅
AdaBoost,5,0.10817506193228736,0.09661436829066887,E1 전체 기간,공정 값 23,부스팅
AdaBoost,6,0.1263418662262593,0.10900082576383155,E1 전체 기간,공정 값 23,부스팅
AdaBoost,7,0.13459950454170108,0.10156895127993394,E1 전체 기간,공정 값 23,부스팅
AdaBoost,8,0.11312964492155243,0.10900082576383155,E1 전체 기간,공정 값 23,부스팅
AdaBoost,9,0.2138728323699422,0.1948802642444261,E1 전체 기간,공정 값 23,부스팅
GradientBoosting,0,0.9917423616845582,0.9719240297274979,E1 전체 기간,공정 값 23,부스팅
GradientBoosting,1,0.9331131296449215,0.32452518579686207,E1 전체 기간,공정 값 23,부스팅
GradientBoosting,2,0.5260115606936416,0.18662262592898432,E1 전체 기간,공정 값 23,부스팅
GradientBoosting,3,0.3137902559867878,0.2535094962840628,E1 전체 기간,공정 값 23,부스팅
GradientBoosting,4,0.31626754748142033,0.2906688687035508,E1 전체 기간,공정 값 23,부스팅
GradientBoosting,5,0.694467382328654,0.28075970272502065,E1 전체 기간,공정 값 23,부스팅
GradientBoosting,6,0.305532617671346,0.2543352601156069,E1 전체 기간,공정 값 23,부스팅
GradientBoosting,7,0.9917423616845582,0.9504541701073493,E1 전체 기간,공정 값 23,부스팅
GradientBoosting,8,0.9149463253509497,0.20891824938067713,E1 전체 기간,공정 값 23,부스팅
GradientBoosting,9,0.9991742361684558,0.40214698596201487,E1 전체 기간,공정 값 23,부스팅
HistGradientBoosting,0,0.10239471511147812,0.0916597853014038,E1 전체 기간,공정 값 23,부스팅
HistGradientBoosting,1,0.9950454170107349,0.10074318744838975,E1 전체 기간,공정 값 23,부스팅
HistGradientBoosting,2,0.11230388109000826,0.09331131296449216,E1 전체 기간,공정 값 23,부스팅
HistGradientBoosting,3,0.9925681255161024,0.9851362510322048,E1 전체 기간,공정 값 23,부스팅
HistGradientBoosting,4,0.9942196531791907,0.990916597853014,E1 전체 기간,공정 값 23,부스팅
HistGradientBoosting,5,0.9876135425268373,0.10982658959537572,E1 전체 기간,공정 값 23,부스팅
HistGradientBoosting,6,0.11643270024772914,0.10652353426919901,E1 전체 기간,공정 값 23,부스팅
HistGradientBoosting,7,0.1263418662262593,0.12056151940545004,E1 전체 기간,공정 값 23,부스팅
HistGradientBoosting,8,0.7200660611065235,0.14781172584640792,E1 전체 기간,공정 값 23,부스팅
HistGradientBoosting,9,0.9760528488852188,0.5474814203137902,E1 전체 기간,공정 값 23,부스팅
XGBoost,0,0.11643270024772914,0.1106523534269199,E1 전체 기간,공정 값 23,부스팅
XGBoost,1,0.33278282411230387,0.11973575557390587,E1 전체 기간,공정 값 23,부스팅
XGBoost,2,0.1180842279108175,0.07679603633360858,E1 전체 기간,공정 값 23,부스팅
XGBoost,3,0.1412056151940545,0.10982658959537572,E1 전체 기간,공정 값 23,부스팅
XGBoost,4,0.1833195706028076,0.1263418662262593,E1 전체 기간,공정 값 23,부스팅
XGBoost,5,0.10817506193228736,0.10156895127993394,E1 전체 기간,공정 값 23,부스팅
XGBoost,6,0.18001651527663087,0.11230388109000826,E1 전체 기간,공정 값 23,부스팅
XGBoost,7,0.42939719240297275,0.1486374896779521,E1 전체 기간,공정 값 23,부스팅
XGBoost,8,0.13625103220478943,0.07018992568125516,E1 전체 기간,공정 값 23,부스팅
XGBoost,9,0.13459950454170108,0.11230388109000826,E1 전체 기간,공정 값 23,부스팅
LightGBM,0,0.34021469859620146,0.11890999174236168,E1 전체 기간,공정 값 23,부스팅
LightGBM,1,0.3228736581337737,0.282411230388109,E1 전체 기간,공정 값 23,부스팅
LightGBM,2,0.14203137902559868,0.07679603633360858,E1 전체 기간,공정 값 23,부스팅
LightGBM,3,0.11395540875309662,0.09991742361684558,E1 전체 기간,공정 값 23,부스팅
LightGBM,4,0.23121387283236994,0.12469033856317094,E1 전체 기간,공정 값 23,부스팅
LightGBM,5,0.4880264244426094,0.09083402146985962,E1 전체 기간,공정 값 23,부스팅
LightGBM,6,0.22213047068538397,0.15854665565648224,E1 전체 기간,공정 값 23,부스팅
LightGBM,7,0.18414533443435177,0.1147811725846408,E1 전체 기간,공정 값 23,부스팅
LightGBM,8,0.15111478117258464,0.1453344343517754,E1 전체 기간,공정 값 23,부스팅
LightGBM,9,0.20066061106523533,0.07514450867052024,E1 전체 기간,공정 값 23,부스팅
CatBoost,0,0.10487200660611065,0.07018992568125516,E1 전체 기간,공정 값 23,부스팅
CatBoost,1,0.09413707679603633,0.08340214698596202,E1 전체 기간,공정 값 23,부스팅
CatBoost,2,0.1263418662262593,0.08009909165978531,E1 전체 기간,공정 값 23,부스팅
CatBoost,3,0.10569777043765483,0.08422791081750619,E1 전체 기간,공정 값 23,부스팅
CatBoost,4,0.13790255986787778,0.07597027250206441,E1 전체 기간,공정 값 23,부스팅
CatBoost,5,0.07431874483897605,0.06936416184971098,E1 전체 기간,공정 값 23,부스팅
CatBoost,6,0.10982658959537572,0.10156895127993394,E1 전체 기간,공정 값 23,부스팅
CatBoost,7,0.15524360033030554,0.11560693641618497,E1 전체 기간,공정 값 23,부스팅
CatBoost,8,0.13625103220478943,0.11395540875309662,E1 전체 기간,공정 값 23,부스팅
CatBoost,9,0.1453344343517754,0.09083402146985962,E1 전체 기간,공정 값 23,부스팅
SMOTE + 로지스틱,0,0.29149463253509494,0.2700247729149463,E1 전체 기간,공정 값 23,불균형
SMOTE + 로지스틱,1,0.20809248554913296,0.19900908340214699,E1 전체 기간,공정 값 23,불균형
SMOTE + 로지스틱,2,0.2171758876961189,0.20313790255986788,E1 전체 기간,공정 값 23,불균형
SMOTE + 로지스틱,3,0.28075970272502065,0.25763831544178367,E1 전체 기간,공정 값 23,불균형
SMOTE + 로지스틱,4,0.1948802642444261,0.13459950454170108,E1 전체 기간,공정 값 23,불균형
SMOTE + 로지스틱,5,0.2658959537572254,0.13212221304706853,E1 전체 기간,공정 값 23,불균형
SMOTE + 로지스틱,6,0.20066061106523533,0.16845582163501238,E1 전체 기간,공정 값 23,불균형
SMOTE + 로지스틱,7,0.20891824938067713,0.18992568125516102,E1 전체 기간,공정 값 23,불균형
SMOTE + 로지스틱,8,0.22625928984310487,0.1981833195706028,E1 전체 기간,공정 값 23,불균형
SMOTE + 로지스틱,9,0.18414533443435177,0.14037985136251033,E1 전체 기간,공정 값 23,불균형
ADASYN + 로지스틱,0,0.2832369942196532,0.2700247729149463,E1 전체 기간,공정 값 23,불균형
ADASYN + 로지스틱,1,0.20809248554913296,0.1907514450867052,E1 전체 기간,공정 값 23,불균형
ADASYN + 로지스틱,2,0.2171758876961189,0.19405450041288191,E1 전체 기간,공정 값 23,불균형
ADASYN + 로지스틱,3,0.28075970272502065,0.23286540049545829,E1 전체 기간,공정 값 23,불균형
ADASYN + 로지스틱,4,0.1948802642444261,0.10982658959537572,E1 전체 기간,공정 값 23,불균형
ADASYN + 로지스틱,5,0.2658959537572254,0.10734929810074319,E1 전체 기간,공정 값 23,불균형
ADASYN + 로지스틱,6,0.1593724194880264,0.15194054500412882,E1 전체 기간,공정 값 23,불균형
ADASYN + 로지스틱,7,0.2171758876961189,0.1981833195706028,E1 전체 기간,공정 값 23,불균형
ADASYN + 로지스틱,8,0.21882741535920727,0.1981833195706028,E1 전체 기간,공정 값 23,불균형
ADASYN + 로지스틱,9,0.19240297274979357,0.14037985136251033,E1 전체 기간,공정 값 23,불균형
SMOTE + 랜덤포레스트,0,0.1494632535094963,0.11890999174236168,E1 전체 기간,공정 값 23,불균형
SMOTE + 랜덤포레스트,1,0.2402972749793559,0.16928158546655656,E1 전체 기간,공정 값 23,불균형
SMOTE + 랜덤포레스트,2,0.19240297274979357,0.16928158546655656,E1 전체 기간,공정 값 23,불균형
SMOTE + 랜덤포레스트,3,0.15359207266721717,0.129644921552436,E1 전체 기간,공정 값 23,불균형
SMOTE + 랜덤포레스트,4,0.18166804293971925,0.14368290668868702,E1 전체 기간,공정 값 23,불균형
SMOTE + 랜덤포레스트,5,0.18414533443435177,0.13625103220478943,E1 전체 기간,공정 값 23,불균형
SMOTE + 랜덤포레스트,6,0.2584640792733278,0.13459950454170108,E1 전체 기간,공정 값 23,불균형
SMOTE + 랜덤포레스트,7,0.20066061106523533,0.1907514450867052,E1 전체 기간,공정 값 23,불균형
SMOTE + 랜덤포레스트,8,0.1568951279933939,0.13129644921552436,E1 전체 기간,공정 값 23,불균형
SMOTE + 랜덤포레스트,9,0.236168455821635,0.1593724194880264,E1 전체 기간,공정 값 23,불균형
Balanced 랜덤포레스트,0,0.22378199834847234,0.17671345995045418,E1 전체 기간,공정 값 23,불균형
Balanced 랜덤포레스트,1,0.17588769611891,0.15194054500412882,E1 전체 기간,공정 값 23,불균형
Balanced 랜덤포레스트,2,0.1180842279108175,0.08257638315441784,E1 전체 기간,공정 값 23,불균형
Balanced 랜덤포레스트,3,0.10652353426919901,0.0957886044591247,E1 전체 기간,공정 값 23,불균형
Balanced 랜덤포레스트,4,0.14285714285714285,0.08340214698596202,E1 전체 기간,공정 값 23,불균형
Balanced 랜덤포레스트,5,0.10982658959537572,0.10900082576383155,E1 전체 기간,공정 값 23,불균형
Balanced 랜덤포레스트,6,0.17836498761354252,0.10817506193228736,E1 전체 기간,공정 값 23,불균형
Balanced 랜덤포레스트,7,0.18414533443435177,0.12469033856317094,E1 전체 기간,공정 값 23,불균형
Balanced 랜덤포레스트,8,0.10982658959537572,0.10817506193228736,E1 전체 기간,공정 값 23,불균형
Balanced 랜덤포레스트,9,0.20891824938067713,0.20066061106523533,E1 전체 기간,공정 값 23,불균형
EasyEnsemble,0,0.2815854665565648,0.16019818331957061,E1 전체 기간,공정 값 23,불균형
EasyEnsemble,1,0.29149463253509494,0.18249380677126342,E1 전체 기간,공정 값 23,불균형
EasyEnsemble,2,0.21469859620148637,0.129644921552436,E1 전체 기간,공정 값 23,불균형
EasyEnsemble,3,0.21056977704376548,0.13212221304706853,E1 전체 기간,공정 값 23,불균형
EasyEnsemble,4,0.1981833195706028,0.0990916597853014,E1 전체 기간,공정 값 23,불균형
EasyEnsemble,5,0.2171758876961189,0.21635012386457472,E1 전체 기간,공정 값 23,불균형
EasyEnsemble,6,0.29232039636663915,0.17753922378199835,E1 전체 기간,공정 값 23,불균형
EasyEnsemble,7,0.29975227085053674,0.10239471511147812,E1 전체 기간,공정 값 23,불균형
EasyEnsemble,8,0.20644095788604458,0.15028901734104047,E1 전체 기간,공정 값 23,불균형
EasyEnsemble,9,0.305532617671346,0.11312964492155243,E1 전체 기간,공정 값 23,불균형
RUSBoost,0,0.24855491329479767,0.17423616845582163,E1 전체 기간,공정 값 23,불균형
RUSBoost,1,0.10817506193228736,0.08175061932287365,E1 전체 기간,공정 값 23,불균형
RUSBoost,2,0.15359207266721717,0.1370767960363336,E1 전체 기간,공정 값 23,불균형
RUSBoost,3,0.1676300578034682,0.13459950454170108,E1 전체 기간,공정 값 23,불균형
RUSBoost,4,0.14616019818331957,0.1453344343517754,E1 전체 기간,공정 값 23,불균형
RUSBoost,5,0.495458298926507,0.16184971098265896,E1 전체 기간,공정 값 23,불균형
RUSBoost,7,0.19900908340214699,0.10982658959537572,E1 전체 기간,공정 값 23,불균형
RUSBoost,8,0.3014037985136251,0.08092485549132948,E1 전체 기간,공정 값 23,불균형
RUSBoost,9,0.2056151940545004,0.18001651527663087,E1 전체 기간,공정 값 23,불균형
스태킹 (LR·SVM·RF → LR),0,0.12056151940545004,0.10900082576383155,E1 전체 기간,공정 값 23,앙상블
스태킹 (LR·SVM·RF → LR),1,0.12138728323699421,0.10239471511147812,E1 전체 기간,공정 값 23,앙상블
스태킹 (LR·SVM·RF → LR),2,0.22708505367464904,0.0990916597853014,E1 전체 기간,공정 값 23,앙상블
스태킹 (LR·SVM·RF → LR),3,0.13459950454170108,0.10487200660611065,E1 전체 기간,공정 값 23,앙상블
스태킹 (LR·SVM·RF → LR),4,0.129644921552436,0.11230388109000826,E1 전체 기간,공정 값 23,앙상블
스태킹 (LR·SVM·RF → LR),5,0.11643270024772914,0.10156895127993394,E1 전체 기간,공정 값 23,앙상블
스태킹 (LR·SVM·RF → LR),6,0.44921552436003304,0.19240297274979357,E1 전체 기간,공정 값 23,앙상블
스태킹 (LR·SVM·RF → LR),7,0.1593724194880264,0.08918249380677126,E1 전체 기간,공정 값 23,앙상블
스태킹 (LR·SVM·RF → LR),8,0.12303881090008258,0.1222130470685384,E1 전체 기간,공정 값 23,앙상블
스태킹 (LR·SVM·RF → LR),9,0.10982658959537572,0.0990916597853014,E1 전체 기간,공정 값 23,앙상블
로지스틱 (튜닝),0,0.31626754748142033,0.16184971098265896,E1 전체 기간,공정 값 23,튜닝
로지스틱 (튜닝),1,0.19983484723369116,0.15772089182493806,E1 전체 기간,공정 값 23,튜닝
로지스틱 (튜닝),2,0.2254335260115607,0.17671345995045418,E1 전체 기간,공정 값 23,튜닝
로지스틱 (튜닝),3,0.24938067712634188,0.129644921552436,E1 전체 기간,공정 값 23,튜닝
로지스틱 (튜닝),4,0.18579686209744012,0.14698596201486375,E1 전체 기간,공정 값 23,튜닝
로지스틱 (튜닝),5,0.2180016515276631,0.12138728323699421,E1 전체 기간,공정 값 23,튜닝
로지스틱 (튜닝),6,0.13625103220478943,0.1263418662262593,E1 전체 기간,공정 값 23,튜닝
로지스틱 (튜닝),7,0.17588769611891,0.10734929810074319,E1 전체 기간,공정 값 23,튜닝
로지스틱 (튜닝),8,0.28075970272502065,0.18497109826589594,E1 전체 기간,공정 값 23,튜닝
로지스틱 (튜닝),9,0.12386457473162675,0.1106523534269199,E1 전체 기간,공정 값 23,튜닝
랜덤포레스트 (튜닝),0,0.09991742361684558,0.09413707679603633,E1 전체 기간,공정 값 23,튜닝
랜덤포레스트 (튜닝),1,0.10156895127993394,0.09000825763831544,E1 전체 기간,공정 값 23,튜닝
랜덤포레스트 (튜닝),2,0.09331131296449216,0.08505367464905036,E1 전체 기간,공정 값 23,튜닝
랜덤포레스트 (튜닝),3,0.10982658959537572,0.0957886044591247,E1 전체 기간,공정 값 23,튜닝
랜덤포레스트 (튜닝),4,0.0957886044591247,0.09248554913294797,E1 전체 기간,공정 값 23,튜닝
랜덤포레스트 (튜닝),5,0.1412056151940545,0.09331131296449216,E1 전체 기간,공정 값 23,튜닝
랜덤포레스트 (튜닝),6,0.1412056151940545,0.11643270024772914,E1 전체 기간,공정 값 23,튜닝
랜덤포레스트 (튜닝),7,0.10652353426919901,0.09331131296449216,E1 전체 기간,공정 값 23,튜닝
랜덤포레스트 (튜닝),8,0.10569777043765483,0.09826589595375723,E1 전체 기간,공정 값 23,튜닝
랜덤포레스트 (튜닝),9,0.09331131296449216,0.0875309661436829,E1 전체 기간,공정 값 23,튜닝
XGBoost (튜닝),0,0.129644921552436,0.10817506193228736,E1 전체 기간,공정 값 23,튜닝
XGBoost (튜닝),1,0.2749793559042114,0.18497109826589594,E1 전체 기간,공정 값 23,튜닝
XGBoost (튜닝),2,0.1180842279108175,0.09331131296449216,E1 전체 기간,공정 값 23,튜닝
XGBoost (튜닝),3,0.1222130470685384,0.09661436829066887,E1 전체 기간,공정 값 23,튜닝
XGBoost (튜닝),4,0.18166804293971925,0.16928158546655656,E1 전체 기간,공정 값 23,튜닝
XGBoost (튜닝),5,0.11560693641618497,0.08422791081750619,E1 전체 기간,공정 값 23,튜닝
XGBoost (튜닝),6,0.14698596201486375,0.1255161023947151,E1 전체 기간,공정 값 23,튜닝
XGBoost (튜닝),7,0.20891824938067713,0.12386457473162675,E1 전체 기간,공정 값 23,튜닝
XGBoost (튜닝),8,0.21056977704376548,0.1593724194880264,E1 전체 기간,공정 값 23,튜닝
XGBoost (튜닝),9,0.10982658959537572,0.05202312138728324,E1 전체 기간,공정 값 23,튜닝
LightGBM (튜닝),0,0.15028901734104047,0.1412056151940545,E1 전체 기간,공정 값 23,튜닝
LightGBM (튜닝),1,0.1833195706028076,0.10817506193228736,E1 전체 기간,공정 값 23,튜닝
LightGBM (튜닝),2,0.10982658959537572,0.05532617671345995,E1 전체 기간,공정 값 23,튜닝
LightGBM (튜닝),3,0.1222130470685384,0.09744013212221304,E1 전체 기간,공정 값 23,튜닝
LightGBM (튜닝),4,0.14037985136251033,0.09661436829066887,E1 전체 기간,공정 값 23,튜닝
LightGBM (튜닝),5,0.42609413707679605,0.10074318744838975,E1 전체 기간,공정 값 23,튜닝
LightGBM (튜닝),6,0.20066061106523533,0.09000825763831544,E1 전체 기간,공정 값 23,튜닝
LightGBM (튜닝),7,0.13459950454170108,0.0990916597853014,E1 전체 기간,공정 값 23,튜닝
LightGBM (튜닝),8,0.09496284062758051,0.06771263418662263,E1 전체 기간,공정 값 23,튜닝
LightGBM (튜닝),9,0.1180842279108175,0.07927332782824112,E1 전체 기간,공정 값 23,튜닝
CatBoost (튜닝),0,0.08009909165978531,0.07018992568125516,E1 전체 기간,공정 값 23,튜닝
CatBoost (튜닝),1,0.09991742361684558,0.0875309661436829,E1 전체 기간,공정 값 23,튜닝
CatBoost (튜닝),2,0.13459950454170108,0.08835672997522709,E1 전체 기간,공정 값 23,튜닝
CatBoost (튜닝),3,0.10487200660611065,0.09331131296449216,E1 전체 기간,공정 값 23,튜닝
CatBoost (튜닝),4,0.13790255986787778,0.08587943848059455,E1 전체 기간,공정 값 23,튜닝
CatBoost (튜닝),5,0.09331131296449216,0.06771263418662263,E1 전체 기간,공정 값 23,튜닝
CatBoost (튜닝),6,0.10900082576383155,0.10074318744838975,E1 전체 기간,공정 값 23,튜닝
CatBoost (튜닝),7,0.10652353426919901,0.09331131296449216,E1 전체 기간,공정 값 23,튜닝
CatBoost (튜닝),8,0.13872832369942195,0.129644921552436,E1 전체 기간,공정 값 23,튜닝
CatBoost (튜닝),9,0.10322047894302229,0.0990916597853014,E1 전체 기간,공정 값 23,튜닝
Isolation Forest,0,0.4310487200660611,0.30305532617671344,E1 전체 기간,공정 값 23,이상탐지
Isolation Forest,1,0.36498761354252685,0.27580511973575556,E1 전체 기간,공정 값 23,이상탐지
Isolation Forest,2,0.3592072667217176,0.3344343517753922,E1 전체 기간,공정 값 23,이상탐지
Isolation Forest,3,0.3187448389760528,0.29975227085053674,E1 전체 기간,공정 값 23,이상탐지
Isolation Forest,4,0.3014037985136251,0.2658959537572254,E1 전체 기간,공정 값 23,이상탐지
Isolation Forest,5,0.319570602807597,0.3104872006606111,E1 전체 기간,공정 값 23,이상탐지
Isolation Forest,6,0.342691990090834,0.3104872006606111,E1 전체 기간,공정 값 23,이상탐지
Isolation Forest,7,0.29149463253509494,0.2815854665565648,E1 전체 기간,공정 값 23,이상탐지
Isolation Forest,8,0.37324525185796864,0.28901734104046245,E1 전체 기간,공정 값 23,이상탐지
Isolation Forest,9,0.3022295623451693,0.2931461601981833,E1 전체 기간,공정 값 23,이상탐지
LOF (novelty),0,0.4805945499587118,0.4467382328654005,E1 전체 기간,공정 값 23,이상탐지
LOF (novelty),1,0.6069364161849711,0.5450041288191577,E1 전체 기간,공정 값 23,이상탐지
LOF (novelty),2,0.5491329479768786,0.5317919075144508,E1 전체 기간,공정 값 23,이상탐지
LOF (novelty),3,0.5450041288191577,0.40214698596201487,E1 전체 기간,공정 값 23,이상탐지
LOF (novelty),4,0.5582163501238646,0.4921552436003303,E1 전체 기간,공정 값 23,이상탐지
LOF (novelty),5,0.49710982658959535,0.3938893476465731,E1 전체 기간,공정 값 23,이상탐지
LOF (novelty),6,0.643270024772915,0.4649050371593724,E1 전체 기간,공정 값 23,이상탐지
LOF (novelty),7,0.5871180842279108,0.4838976052848885,E1 전체 기간,공정 값 23,이상탐지
LOF (novelty),8,0.6143682906688687,0.3625103220478943,E1 전체 기간,공정 값 23,이상탐지
LOF (novelty),9,0.555739058629232,0.5499587118084228,E1 전체 기간,공정 값 23,이상탐지
One-Class SVM,0,0.652353426919901,0.6077621800165153,E1 전체 기간,공정 값 23,이상탐지
One-Class SVM,1,0.7010734929810074,0.6317093311312965,E1 전체 기간,공정 값 23,이상탐지
One-Class SVM,2,0.7563996696944674,0.5706028075970272,E1 전체 기간,공정 값 23,이상탐지
One-Class SVM,3,0.7654830718414534,0.6407927332782825,E1 전체 기간,공정 값 23,이상탐지
One-Class SVM,4,0.7101568951279934,0.5904211395540875,E1 전체 기간,공정 값 23,이상탐지
One-Class SVM,5,0.7935590421139554,0.43682906688687034,E1 전체 기간,공정 값 23,이상탐지
One-Class SVM,6,0.7877786952931461,0.5375722543352601,E1 전체 기간,공정 값 23,이상탐지
One-Class SVM,7,0.7010734929810074,0.5920726672171759,E1 전체 기간,공정 값 23,이상탐지
One-Class SVM,8,0.652353426919901,0.5218827415359207,E1 전체 기간,공정 값 23,이상탐지
One-Class SVM,9,0.6820809248554913,0.5598678777869529,E1 전체 기간,공정 값 23,이상탐지
Elliptic Envelope,0,0.6597853014037985,0.4921552436003303,E1 전체 기간,공정 값 23,이상탐지
Elliptic Envelope,1,0.6069364161849711,0.4995871180842279,E1 전체 기간,공정 값 23,이상탐지
Elliptic Envelope,2,0.6696944673823286,0.48307184145334436,E1 전체 기간,공정 값 23,이상탐지
Elliptic Envelope,3,0.6044591246903386,0.5202312138728323,E1 전체 기간,공정 값 23,이상탐지
Elliptic Envelope,4,0.5598678777869529,0.5243600330305532,E1 전체 기간,공정 값 23,이상탐지
Elliptic Envelope,5,0.6746490503715937,0.5582163501238646,E1 전체 기간,공정 값 23,이상탐지
Elliptic Envelope,6,0.6193228736581338,0.4649050371593724,E1 전체 기간,공정 값 23,이상탐지
Elliptic Envelope,7,0.5540875309661437,0.4682080924855491,E1 전체 기간,공정 값 23,이상탐지
Elliptic Envelope,8,0.5012386457473162,0.42939719240297275,E1 전체 기간,공정 값 23,이상탐지
Elliptic Envelope,9,0.4731626754748142,0.4087530966143683,E1 전체 기간,공정 값 23,이상탐지
"순위 평균 앙상블 (5종, 사전 고정)",0,0.19900908340214699,0.1676300578034682,E1 전체 기간,공정 값 23,앙상블
"순위 평균 앙상블 (5종, 사전 고정)",1,0.14203137902559868,0.11395540875309662,E1 전체 기간,공정 값 23,앙상블
"순위 평균 앙상블 (5종, 사전 고정)",2,0.14616019818331957,0.10982658959537572,E1 전체 기간,공정 값 23,앙상블
"순위 평균 앙상블 (5종, 사전 고정)",3,0.21469859620148637,0.15524360033030554,E1 전체 기간,공정 값 23,앙상블
"순위 평균 앙상블 (5종, 사전 고정)",4,0.1593724194880264,0.1180842279108175,E1 전체 기간,공정 값 23,앙상블
"순위 평균 앙상블 (5종, 사전 고정)",5,0.15772089182493806,0.11560693641618497,E1 전체 기간,공정 값 23,앙상블
"순위 평균 앙상블 (5종, 사전 고정)",6,0.14037985136251033,0.1263418662262593,E1 전체 기간,공정 값 23,앙상블
"순위 평균 앙상블 (5종, 사전 고정)",7,0.17588769611891,0.13212221304706853,E1 전체 기간,공정 값 23,앙상블
"순위 평균 앙상블 (5종, 사전 고정)",8,0.2023121387283237,0.1263418662262593,E1 전체 기간,공정 값 23,앙상블
"순위 평균 앙상블 (5종, 사전 고정)",9,0.1486374896779521,0.11973575557390587,E1 전체 기간,공정 값 23,앙상블
부스팅 튜닝 3종 평균 (사후 선택),0,0.08009909165978531,0.06771263418662263,E1 전체 기간,공정 값 23,앙상블
부스팅 튜닝 3종 평균 (사후 선택),1,0.14285714285714285,0.10322047894302229,E1 전체 기간,공정 값 23,앙상블
부스팅 튜닝 3종 평균 (사후 선택),2,0.10156895127993394,0.07597027250206441,E1 전체 기간,공정 값 23,앙상블
부스팅 튜닝 3종 평균 (사후 선택),3,0.09248554913294797,0.08092485549132948,E1 전체 기간,공정 값 23,앙상블
부스팅 튜닝 3종 평균 (사후 선택),4,0.12799339388934763,0.10074318744838975,E1 전체 기간,공정 값 23,앙상블
부스팅 튜닝 3종 평균 (사후 선택),5,0.18827415359207267,0.0685383980181668,E1 전체 기간,공정 값 23,앙상블
부스팅 튜닝 3종 평균 (사후 선택),6,0.10074318744838975,0.08835672997522709,E1 전체 기간,공정 값 23,앙상블
부스팅 튜닝 3종 평균 (사후 선택),7,0.1263418662262593,0.09744013212221304,E1 전체 기간,공정 값 23,앙상블
부스팅 튜닝 3종 평균 (사후 선택),8,0.12056151940545004,0.09000825763831544,E1 전체 기간,공정 값 23,앙상블
부스팅 튜닝 3종 평균 (사후 선택),9,0.08670520231213873,0.08257638315441784,E1 전체 기간,공정 값 23,앙상블
로지스틱 L2,0,0.259289843104872,0.2213047068538398,E1 전체 기간,공정 값 23 + pair_pos,선형
로지스틱 L2,1,0.2832369942196532,0.13790255986787778,E1 전체 기간,공정 값 23 + pair_pos,선형
로지스틱 L2,2,0.17671345995045418,0.17423616845582163,E1 전체 기간,공정 값 23 + pair_pos,선형
로지스틱 L2,3,0.25763831544178367,0.2138728323699422,E1 전체 기간,공정 값 23 + pair_pos,선형
로지스틱 L2,4,0.250206440957886,0.1412056151940545,E1 전체 기간,공정 값 23 + pair_pos,선형
로지스틱 L2,5,0.2180016515276631,0.20313790255986788,E1 전체 기간,공정 값 23 + pair_pos,선형
로지스틱 L2,6,0.25598678777869527,0.129644921552436,E1 전체 기간,공정 값 23 + pair_pos,선형
로지스틱 L2,7,0.15606936416184972,0.15441783649876134,E1 전체 기간,공정 값 23 + pair_pos,선형
로지스틱 L2,8,0.23121387283236994,0.20066061106523533,E1 전체 기간,공정 값 23 + pair_pos,선형
로지스틱 L2,9,0.20809248554913296,0.12386457473162675,E1 전체 기간,공정 값 23 + pair_pos,선형
로지스틱 L1,0,0.3170933113129645,0.2320396366639141,E1 전체 기간,공정 값 23 + pair_pos,선형
로지스틱 L1,1,0.30800990916597853,0.14203137902559868,E1 전체 기간,공정 값 23 + pair_pos,선형
로지스틱 L1,2,0.2213047068538398,0.1494632535094963,E1 전체 기간,공정 값 23 + pair_pos,선형
로지스틱 L1,3,0.28819157720891825,0.22873658133773742,E1 전체 기간,공정 값 23 + pair_pos,선형
로지스틱 L1,4,0.2832369942196532,0.16019818331957061,E1 전체 기간,공정 값 23 + pair_pos,선형
로지스틱 L1,5,0.27993393889347645,0.21552436003303055,E1 전체 기간,공정 값 23 + pair_pos,선형
로지스틱 L1,6,0.33030553261767137,0.1255161023947151,E1 전체 기간,공정 값 23 + pair_pos,선형
로지스틱 L1,7,0.19735755573905864,0.15441783649876134,E1 전체 기간,공정 값 23 + pair_pos,선형
로지스틱 L1,8,0.2774566473988439,0.18414533443435177,E1 전체 기간,공정 값 23 + pair_pos,선형
로지스틱 L1,9,0.2535094962840628,0.09496284062758051,E1 전체 기간,공정 값 23 + pair_pos,선형
로지스틱 ElasticNet,0,0.27993393889347645,0.22213047068538397,E1 전체 기간,공정 값 23 + pair_pos,선형
로지스틱 ElasticNet,1,0.28736581337737405,0.14203137902559868,E1 전체 기간,공정 값 23 + pair_pos,선형
로지스틱 ElasticNet,2,0.18827415359207267,0.16597853014037986,E1 전체 기간,공정 값 23 + pair_pos,선형
로지스틱 ElasticNet,3,0.24690338563170933,0.24112303881090008,E1 전체 기간,공정 값 23 + pair_pos,선형
로지스틱 ElasticNet,4,0.24607762180016515,0.15606936416184972,E1 전체 기간,공정 값 23 + pair_pos,선형
로지스틱 ElasticNet,5,0.2543352601156069,0.20726672171758878,E1 전체 기간,공정 값 23 + pair_pos,선형
로지스틱 ElasticNet,6,0.26424442609413706,0.11725846407927333,E1 전체 기간,공정 값 23 + pair_pos,선형
로지스틱 ElasticNet,7,0.18909991742361684,0.16267547481420314,E1 전체 기간,공정 값 23 + pair_pos,선형
로지스틱 ElasticNet,8,0.2518579686209744,0.1874483897605285,E1 전체 기간,공정 값 23 + pair_pos,선형
로지스틱 ElasticNet,9,0.21635012386457472,0.11147811725846409,E1 전체 기간,공정 값 23 + pair_pos,선형
LDA (shrinkage),0,0.4500412881915772,0.3707679603633361,E1 전체 기간,공정 값 23 + pair_pos,선형
LDA (shrinkage),1,0.38480594549958713,0.3385631709331131,E1 전체 기간,공정 값 23 + pair_pos,선형
LDA (shrinkage),2,0.3088356729975227,0.16928158546655656,E1 전체 기간,공정 값 23 + pair_pos,선형
LDA (shrinkage),3,0.3872832369942196,0.305532617671346,E1 전체 기간,공정 값 23 + pair_pos,선형
LDA (shrinkage),4,0.34104046242774566,0.2056151940545004,E1 전체 기간,공정 값 23 + pair_pos,선형
LDA (shrinkage),5,0.4624277456647399,0.34104046242774566,E1 전체 기간,공정 값 23 + pair_pos,선형
LDA (shrinkage),6,0.43765483071841454,0.35177539223782,E1 전체 기간,공정 값 23 + pair_pos,선형
LDA (shrinkage),7,0.42196531791907516,0.3468208092485549,E1 전체 기간,공정 값 23 + pair_pos,선형
LDA (shrinkage),8,0.4549958711808423,0.34434351775392236,E1 전체 기간,공정 값 23 + pair_pos,선형
LDA (shrinkage),9,0.42609413707679605,0.30718414533443433,E1 전체 기간,공정 값 23 + pair_pos,선형
나이브 베이즈,0,0.5458298926507019,0.28736581337737405,E1 전체 기간,공정 값 23 + pair_pos,확률
나이브 베이즈,1,0.3270024772914946,0.2741535920726672,E1 전체 기간,공정 값 23 + pair_pos,확률
나이브 베이즈,2,0.5631709331131296,0.2832369942196532,E1 전체 기간,공정 값 23 + pair_pos,확률
나이브 베이즈,3,0.45334434351775393,0.3831544178364988,E1 전체 기간,공정 값 23 + pair_pos,확률
나이브 베이즈,4,0.3666391412056152,0.28901734104046245,E1 전체 기간,공정 값 23 + pair_pos,확률
나이브 베이즈,5,0.4269199009083402,0.27580511973575556,E1 전체 기간,공정 값 23 + pair_pos,확률
나이브 베이즈,6,0.3583815028901734,0.2625928984310487,E1 전체 기간,공정 값 23 + pair_pos,확률
나이브 베이즈,7,0.40214698596201487,0.2625928984310487,E1 전체 기간,공정 값 23 + pair_pos,확률
나이브 베이즈,8,0.4087530966143683,0.27993393889347645,E1 전체 기간,공정 값 23 + pair_pos,확률
나이브 베이즈,9,0.35755573905862925,0.28736581337737405,E1 전체 기간,공정 값 23 + pair_pos,확률
kNN (k=15),0,0.9364161849710982,0.7522708505367465,E1 전체 기간,공정 값 23 + pair_pos,거리
kNN (k=15),1,0.6366639141205616,0.5937241948802643,E1 전체 기간,공정 값 23 + pair_pos,거리
kNN (k=15),2,0.9810074318744839,0.7654830718414534,E1 전체 기간,공정 값 23 + pair_pos,거리
kNN (k=15),3,0.9454995871180842,0.7241948802642444,E1 전체 기간,공정 값 23 + pair_pos,거리
kNN (k=15),4,0.8389760528488852,0.6424442609413707,E1 전체 기간,공정 값 23 + pair_pos,거리
kNN (k=15),5,0.9174236168455822,0.7192402972749794,E1 전체 기간,공정 값 23 + pair_pos,거리
kNN (k=15),6,0.9364161849710982,0.44508670520231214,E1 전체 기간,공정 값 23 + pair_pos,거리
kNN (k=15),7,0.7184145334434352,0.6589595375722543,E1 전체 기간,공정 값 23 + pair_pos,거리
kNN (k=15),8,0.8728323699421965,0.6606110652353427,E1 전체 기간,공정 값 23 + pair_pos,거리
kNN (k=15),9,0.9611890999174236,0.6845582163501238,E1 전체 기간,공정 값 23 + pair_pos,거리
SVM 선형,0,0.33773740710156896,0.259289843104872,E1 전체 기간,공정 값 23 + pair_pos,커널
SVM 선형,1,0.29975227085053674,0.15441783649876134,E1 전체 기간,공정 값 23 + pair_pos,커널
SVM 선형,2,0.25598678777869527,0.17258464079273328,E1 전체 기간,공정 값 23 + pair_pos,커널
SVM 선형,3,0.2675474814203138,0.2658959537572254,E1 전체 기간,공정 값 23 + pair_pos,커널
SVM 선형,4,0.24607762180016515,0.20313790255986788,E1 전체 기간,공정 값 23 + pair_pos,커널
SVM 선형,5,0.2634186622625929,0.18249380677126342,E1 전체 기간,공정 값 23 + pair_pos,커널
SVM 선형,6,0.21965317919075145,0.15441783649876134,E1 전체 기간,공정 값 23 + pair_pos,커널
SVM 선형,7,0.2617671345995045,0.18249380677126342,E1 전체 기간,공정 값 23 + pair_pos,커널
SVM 선형,8,0.3393889347646573,0.21882741535920727,E1 전체 기간,공정 값 23 + pair_pos,커널
SVM 선형,9,0.19983484723369116,0.13625103220478943,E1 전체 기간,공정 값 23 + pair_pos,커널
SVM RBF,0,0.8992568125516103,0.8348472336911643,E1 전체 기간,공정 값 23 + pair_pos,커널
SVM RBF,1,0.861271676300578,0.5218827415359207,E1 전체 기간,공정 값 23 + pair_pos,커널
SVM RBF,2,0.8967795210569777,0.5854665565648225,E1 전체 기간,공정 값 23 + pair_pos,커널
SVM RBF,3,0.9083402146985962,0.8777869529314616,E1 전체 기간,공정 값 23 + pair_pos,커널
SVM RBF,4,0.7349298100743188,0.639141205615194,E1 전체 기간,공정 값 23 + pair_pos,커널
SVM RBF,5,0.7753922378199835,0.7324525185796862,E1 전체 기간,공정 값 23 + pair_pos,커널
SVM RBF,6,0.8885218827415359,0.3476465730800991,E1 전체 기간,공정 값 23 + pair_pos,커널
SVM RBF,7,0.833195706028076,0.6251032204789431,E1 전체 기간,공정 값 23 + pair_pos,커널
SVM RBF,8,0.9058629232039637,0.7547481420313791,E1 전체 기간,공정 값 23 + pair_pos,커널
SVM RBF,9,0.7142857142857143,0.20809248554913296,E1 전체 기간,공정 값 23 + pair_pos,커널
MLP,0,0.8943022295623452,0.6630883567299752,E1 전체 기간,공정 값 23 + pair_pos,신경망
MLP,1,0.8777869529314616,0.2171758876961189,E1 전체 기간,공정 값 23 + pair_pos,신경망
MLP,2,0.6705202312138728,0.5813377374071016,E1 전체 기간,공정 값 23 + pair_pos,신경망
MLP,3,0.653179190751445,0.6267547481420314,E1 전체 기간,공정 값 23 + pair_pos,신경망
MLP,4,0.6796036333608588,0.27663088356729976,E1 전체 기간,공정 값 23 + pair_pos,신경망
MLP,5,0.6961189099917423,0.24277456647398843,E1 전체 기간,공정 값 23 + pair_pos,신경망
MLP,6,0.9009083402146986,0.4632535094962841,E1 전체 기간,공정 값 23 + pair_pos,신경망
MLP,7,0.6763005780346821,0.6449215524360034,E1 전체 기간,공정 값 23 + pair_pos,신경망
MLP,8,0.7109826589595376,0.6490503715937241,E1 전체 기간,공정 값 23 + pair_pos,신경망
MLP,9,0.5747316267547481,0.4310487200660611,E1 전체 기간,공정 값 23 + pair_pos,신경망
결정트리 (depth 4),0,0.9777043765483072,0.9611890999174236,E1 전체 기간,공정 값 23 + pair_pos,트리
결정트리 (depth 4),1,0.9777043765483072,0.9529314616019818,E1 전체 기간,공정 값 23 + pair_pos,트리
결정트리 (depth 4),2,0.6564822460776218,0.653179190751445,E1 전체 기간,공정 값 23 + pair_pos,트리
결정트리 (depth 4),3,0.9463253509496284,0.8026424442609413,E1 전체 기간,공정 값 23 + pair_pos,트리
결정트리 (depth 4),4,0.8422791081750619,0.8274153592072667,E1 전체 기간,공정 값 23 + pair_pos,트리
결정트리 (depth 4),5,0.9405450041288191,0.7365813377374071,E1 전체 기간,공정 값 23 + pair_pos,트리
결정트리 (depth 4),6,0.9149463253509497,0.8926507018992568,E1 전체 기간,공정 값 23 + pair_pos,트리
결정트리 (depth 4),7,0.990916597853014,0.9380677126341866,E1 전체 기간,공정 값 23 + pair_pos,트리
결정트리 (depth 4),8,0.9636663914120561,0.6985962014863749,E1 전체 기간,공정 값 23 + pair_pos,트리
결정트리 (depth 4),9,0.5177539223781998,0.4805945499587118,E1 전체 기간,공정 값 23 + pair_pos,트리
랜덤포레스트,0,0.11890999174236168,0.08835672997522709,E1 전체 기간,공정 값 23 + pair_pos,트리
랜덤포레스트,1,0.12303881090008258,0.09083402146985962,E1 전체 기간,공정 값 23 + pair_pos,트리
랜덤포레스트,2,0.11725846407927333,0.1106523534269199,E1 전체 기간,공정 값 23 + pair_pos,트리
랜덤포레스트,3,0.1106523534269199,0.08422791081750619,E1 전체 기간,공정 값 23 + pair_pos,트리
랜덤포레스트,4,0.1263418662262593,0.07514450867052024,E1 전체 기간,공정 값 23 + pair_pos,트리
랜덤포레스트,5,0.1222130470685384,0.10817506193228736,E1 전체 기간,공정 값 23 + pair_pos,트리
랜덤포레스트,6,0.17836498761354252,0.09413707679603633,E1 전체 기간,공정 값 23 + pair_pos,트리
랜덤포레스트,7,0.12386457473162675,0.1147811725846408,E1 전체 기간,공정 값 23 + pair_pos,트리
랜덤포레스트,8,0.152766308835673,0.08587943848059455,E1 전체 기간,공정 값 23 + pair_pos,트리
랜덤포레스트,9,0.15441783649876134,0.09331131296449216,E1 전체 기간,공정 값 23 + pair_pos,트리
엑스트라트리,0,0.13542526837324526,0.06358381502890173,E1 전체 기간,공정 값 23 + pair_pos,트리
엑스트라트리,1,0.1717588769611891,0.08835672997522709,E1 전체 기간,공정 값 23 + pair_pos,트리
엑스트라트리,2,0.17258464079273328,0.07184145334434351,E1 전체 기간,공정 값 23 + pair_pos,트리
엑스트라트리,3,0.13129644921552436,0.09248554913294797,E1 전체 기간,공정 값 23 + pair_pos,트리
엑스트라트리,4,0.18827415359207267,0.09248554913294797,E1 전체 기간,공정 값 23 + pair_pos,트리
엑스트라트리,5,0.1106523534269199,0.05697770437654831,E1 전체 기간,공정 값 23 + pair_pos,트리
엑스트라트리,6,0.16184971098265896,0.10487200660611065,E1 전체 기간,공정 값 23 + pair_pos,트리
엑스트라트리,7,0.1180842279108175,0.0875309661436829,E1 전체 기간,공정 값 23 + pair_pos,트리
엑스트라트리,8,0.18166804293971925,0.1106523534269199,E1 전체 기간,공정 값 23 + pair_pos,트리
엑스트라트리,9,0.20396366639141206,0.07844756399669695,E1 전체 기간,공정 값 23 + pair_pos,트리
AdaBoost,0,0.23038810900082576,0.08422791081750619,E1 전체 기간,공정 값 23 + pair_pos,부스팅
AdaBoost,1,0.2625928984310487,0.12881915772089184,E1 전체 기간,공정 값 23 + pair_pos,부스팅
AdaBoost,2,0.26424442609413706,0.08092485549132948,E1 전체 기간,공정 값 23 + pair_pos,부스팅
AdaBoost,3,0.2180016515276631,0.08422791081750619,E1 전체 기간,공정 값 23 + pair_pos,부스팅
AdaBoost,4,0.15111478117258464,0.07514450867052024,E1 전체 기간,공정 값 23 + pair_pos,부스팅
AdaBoost,5,0.2014863748967795,0.11312964492155243,E1 전체 기간,공정 값 23 + pair_pos,부스팅
AdaBoost,6,0.2402972749793559,0.08257638315441784,E1 전체 기간,공정 값 23 + pair_pos,부스팅
AdaBoost,7,0.15194054500412882,0.11230388109000826,E1 전체 기간,공정 값 23 + pair_pos,부스팅
AdaBoost,8,0.2295623451692816,0.08092485549132948,E1 전체 기간,공정 값 23 + pair_pos,부스팅
AdaBoost,9,0.27332782824112306,0.19653179190751446,E1 전체 기간,공정 값 23 + pair_pos,부스팅
GradientBoosting,0,0.564822460776218,0.3278282411230388,E1 전체 기간,공정 값 23 + pair_pos,부스팅
GradientBoosting,1,0.6176713459950454,0.21965317919075145,E1 전체 기간,공정 값 23 + pair_pos,부스팅
GradientBoosting,2,0.6011560693641619,0.16680429397192403,E1 전체 기간,공정 값 23 + pair_pos,부스팅
GradientBoosting,3,0.5573905862923204,0.2213047068538398,E1 전체 기간,공정 값 23 + pair_pos,부스팅
GradientBoosting,4,0.2535094962840628,0.23038810900082576,E1 전체 기간,공정 값 23 + pair_pos,부스팅
GradientBoosting,5,0.38067712634186623,0.36829066886870354,E1 전체 기간,공정 값 23 + pair_pos,부스팅
GradientBoosting,6,0.6218001651527663,0.23038810900082576,E1 전체 기간,공정 값 23 + pair_pos,부스팅
GradientBoosting,7,0.2939719240297275,0.26094137076796037,E1 전체 기간,공정 값 23 + pair_pos,부스팅
GradientBoosting,8,0.39719240297274977,0.24607762180016515,E1 전체 기간,공정 값 23 + pair_pos,부스팅
GradientBoosting,9,0.27332782824112306,0.2634186622625929,E1 전체 기간,공정 값 23 + pair_pos,부스팅
HistGradientBoosting,0,0.16184971098265896,0.11643270024772914,E1 전체 기간,공정 값 23 + pair_pos,부스팅
HistGradientBoosting,1,0.9752270850536746,0.12881915772089184,E1 전체 기간,공정 값 23 + pair_pos,부스팅
HistGradientBoosting,2,0.9876135425268373,0.976878612716763,E1 전체 기간,공정 값 23 + pair_pos,부스팅
HistGradientBoosting,3,0.16019818331957061,0.11725846407927333,E1 전체 기간,공정 값 23 + pair_pos,부스팅
HistGradientBoosting,4,0.10239471511147812,0.08835672997522709,E1 전체 기간,공정 값 23 + pair_pos,부스팅
HistGradientBoosting,5,0.14781172584640792,0.0957886044591247,E1 전체 기간,공정 값 23 + pair_pos,부스팅
HistGradientBoosting,6,0.9785301403798513,0.16515276630883569,E1 전체 기간,공정 값 23 + pair_pos,부스팅
HistGradientBoosting,7,0.9826589595375722,0.1874483897605285,E1 전체 기간,공정 값 23 + pair_pos,부스팅
HistGradientBoosting,8,0.9843104872006606,0.08422791081750619,E1 전체 기간,공정 값 23 + pair_pos,부스팅
HistGradientBoosting,9,0.9950454170107349,0.11312964492155243,E1 전체 기간,공정 값 23 + pair_pos,부스팅
XGBoost,0,0.2791081750619323,0.07431874483897605,E1 전체 기간,공정 값 23 + pair_pos,부스팅
XGBoost,1,0.5887696118909992,0.16184971098265896,E1 전체 기간,공정 값 23 + pair_pos,부스팅
XGBoost,2,0.18827415359207267,0.05532617671345995,E1 전체 기간,공정 값 23 + pair_pos,부스팅
XGBoost,3,0.5020644095788604,0.08009909165978531,E1 전체 기간,공정 값 23 + pair_pos,부스팅
XGBoost,4,0.3823286540049546,0.1337737407101569,E1 전체 기간,공정 값 23 + pair_pos,부스팅
XGBoost,5,0.3501238645747316,0.07101568951279934,E1 전체 기간,공정 값 23 + pair_pos,부스팅
XGBoost,6,0.550784475639967,0.10734929810074319,E1 전체 기간,공정 값 23 + pair_pos,부스팅
XGBoost,7,0.3170933113129645,0.13625103220478943,E1 전체 기간,공정 값 23 + pair_pos,부스팅
XGBoost,8,0.22708505367464904,0.06936416184971098,E1 전체 기간,공정 값 23 + pair_pos,부스팅
XGBoost,9,0.30305532617671344,0.129644921552436,E1 전체 기간,공정 값 23 + pair_pos,부스팅
LightGBM,0,0.23864574731626756,0.10404624277456648,E1 전체 기간,공정 값 23 + pair_pos,부스팅
LightGBM,1,0.3823286540049546,0.0957886044591247,E1 전체 기간,공정 값 23 + pair_pos,부스팅
LightGBM,2,0.28819157720891825,0.04376548307184145,E1 전체 기간,공정 값 23 + pair_pos,부스팅
LightGBM,3,0.4772914946325351,0.07184145334434351,E1 전체 기간,공정 값 23 + pair_pos,부스팅
LightGBM,4,0.2171758876961189,0.05202312138728324,E1 전체 기간,공정 값 23 + pair_pos,부스팅
LightGBM,5,0.29562345169281584,0.05037159372419488,E1 전체 기간,공정 값 23 + pair_pos,부스팅
LightGBM,6,0.4541701073492981,0.057803468208092484,E1 전체 기간,공정 값 23 + pair_pos,부스팅
LightGBM,7,0.3212221304706854,0.0875309661436829,E1 전체 기간,공정 값 23 + pair_pos,부스팅
LightGBM,8,0.34847233691164325,0.0726672171758877,E1 전체 기간,공정 값 23 + pair_pos,부스팅
LightGBM,9,0.43022295623451695,0.10074318744838975,E1 전체 기간,공정 값 23 + pair_pos,부스팅
CatBoost,0,0.3790255986787779,0.07762180016515277,E1 전체 기간,공정 값 23 + pair_pos,부스팅
CatBoost,1,0.29975227085053674,0.05945499587118084,E1 전체 기간,공정 값 23 + pair_pos,부스팅
CatBoost,2,0.13542526837324526,0.0990916597853014,E1 전체 기간,공정 값 23 + pair_pos,부스팅
CatBoost,3,0.2634186622625929,0.06440957886044592,E1 전체 기간,공정 값 23 + pair_pos,부스팅
CatBoost,4,0.13872832369942195,0.07762180016515277,E1 전체 기간,공정 값 23 + pair_pos,부스팅
CatBoost,5,0.2551610239471511,0.05202312138728324,E1 전체 기간,공정 값 23 + pair_pos,부스팅
CatBoost,6,0.3922378199834847,0.05037159372419488,E1 전체 기간,공정 값 23 + pair_pos,부스팅
CatBoost,7,0.12303881090008258,0.07101568951279934,E1 전체 기간,공정 값 23 + pair_pos,부스팅
CatBoost,8,0.19405450041288191,0.05202312138728324,E1 전체 기간,공정 값 23 + pair_pos,부스팅
CatBoost,9,0.20809248554913296,0.07597027250206441,E1 전체 기간,공정 값 23 + pair_pos,부스팅
SMOTE + 로지스틱,0,0.2171758876961189,0.21139554087530965,E1 전체 기간,공정 값 23 + pair_pos,불균형
SMOTE + 로지스틱,1,0.27993393889347645,0.16184971098265896,E1 전체 기간,공정 값 23 + pair_pos,불균형
SMOTE + 로지스틱,2,0.18827415359207267,0.17010734929810073,E1 전체 기간,공정 값 23 + pair_pos,불균형
SMOTE + 로지스틱,3,0.2658959537572254,0.21139554087530965,E1 전체 기간,공정 값 23 + pair_pos,불균형
SMOTE + 로지스틱,4,0.2254335260115607,0.14698596201486375,E1 전체 기간,공정 값 23 + pair_pos,불균형
SMOTE + 로지스틱,5,0.21139554087530965,0.20891824938067713,E1 전체 기간,공정 값 23 + pair_pos,불균형
SMOTE + 로지스틱,6,0.236168455821635,0.15028901734104047,E1 전체 기간,공정 값 23 + pair_pos,불균형
SMOTE + 로지스틱,7,0.16432700247729148,0.15772089182493806,E1 전체 기간,공정 값 23 + pair_pos,불균형
SMOTE + 로지스틱,8,0.21469859620148637,0.19653179190751446,E1 전체 기간,공정 값 23 + pair_pos,불균형
SMOTE + 로지스틱,9,0.22047894302229562,0.10074318744838975,E1 전체 기간,공정 값 23 + pair_pos,불균형
ADASYN + 로지스틱,0,0.2171758876961189,0.21552436003303055,E1 전체 기간,공정 값 23 + pair_pos,불균형
ADASYN + 로지스틱,1,0.2667217175887696,0.15359207266721717,E1 전체 기간,공정 값 23 + pair_pos,불균형
ADASYN + 로지스틱,2,0.18497109826589594,0.17423616845582163,E1 전체 기간,공정 값 23 + pair_pos,불균형
ADASYN + 로지스틱,3,0.2617671345995045,0.19900908340214699,E1 전체 기간,공정 값 23 + pair_pos,불균형
ADASYN + 로지스틱,4,0.2213047068538398,0.14285714285714285,E1 전체 기간,공정 값 23 + pair_pos,불균형
ADASYN + 로지스틱,5,0.21139554087530965,0.20066061106523533,E1 전체 기간,공정 값 23 + pair_pos,불균형
ADASYN + 로지스틱,6,0.236168455821635,0.14616019818331957,E1 전체 기간,공정 값 23 + pair_pos,불균형
ADASYN + 로지스틱,7,0.16184971098265896,0.1593724194880264,E1 전체 기간,공정 값 23 + pair_pos,불균형
ADASYN + 로지스틱,8,0.21056977704376548,0.18827415359207267,E1 전체 기간,공정 값 23 + pair_pos,불균형
ADASYN + 로지스틱,9,0.22047894302229562,0.10074318744838975,E1 전체 기간,공정 값 23 + pair_pos,불균형
SMOTE + 랜덤포레스트,0,0.1874483897605285,0.11395540875309662,E1 전체 기간,공정 값 23 + pair_pos,불균형
SMOTE + 랜덤포레스트,1,0.1948802642444261,0.18001651527663087,E1 전체 기간,공정 값 23 + pair_pos,불균형
SMOTE + 랜덤포레스트,2,0.18497109826589594,0.1833195706028076,E1 전체 기간,공정 값 23 + pair_pos,불균형
SMOTE + 랜덤포레스트,3,0.14781172584640792,0.1147811725846408,E1 전체 기간,공정 값 23 + pair_pos,불균형
SMOTE + 랜덤포레스트,4,0.19570602807597026,0.1635012386457473,E1 전체 기간,공정 값 23 + pair_pos,불균형
SMOTE + 랜덤포레스트,5,0.15028901734104047,0.14285714285714285,E1 전체 기간,공정 값 23 + pair_pos,불균형
SMOTE + 랜덤포레스트,6,0.2444260941370768,0.10817506193228736,E1 전체 기간,공정 값 23 + pair_pos,불균형
SMOTE + 랜덤포레스트,7,0.17836498761354252,0.11890999174236168,E1 전체 기간,공정 값 23 + pair_pos,불균형
SMOTE + 랜덤포레스트,8,0.18992568125516102,0.129644921552436,E1 전체 기간,공정 값 23 + pair_pos,불균형
SMOTE + 랜덤포레스트,9,0.14203137902559868,0.129644921552436,E1 전체 기간,공정 값 23 + pair_pos,불균형
Balanced 랜덤포레스트,0,0.236168455821635,0.20313790255986788,E1 전체 기간,공정 값 23 + pair_pos,불균형
Balanced 랜덤포레스트,1,0.16184971098265896,0.15524360033030554,E1 전체 기간,공정 값 23 + pair_pos,불균형
Balanced 랜덤포레스트,2,0.12138728323699421,0.07927332782824112,E1 전체 기간,공정 값 23 + pair_pos,불균형
Balanced 랜덤포레스트,3,0.13047068538398018,0.11395540875309662,E1 전체 기간,공정 값 23 + pair_pos,불균형
Balanced 랜덤포레스트,4,0.12716763005780346,0.1263418662262593,E1 전체 기간,공정 값 23 + pair_pos,불균형
Balanced 랜덤포레스트,5,0.11312964492155243,0.08835672997522709,E1 전체 기간,공정 값 23 + pair_pos,불균형
Balanced 랜덤포레스트,6,0.16515276630883569,0.14450867052023122,E1 전체 기간,공정 값 23 + pair_pos,불균형
Balanced 랜덤포레스트,7,0.15028901734104047,0.10569777043765483,E1 전체 기간,공정 값 23 + pair_pos,불균형
Balanced 랜덤포레스트,8,0.12386457473162675,0.0957886044591247,E1 전체 기간,공정 값 23 + pair_pos,불균형
Balanced 랜덤포레스트,9,0.1915772089182494,0.18001651527663087,E1 전체 기간,공정 값 23 + pair_pos,불균형
EasyEnsemble,0,0.2535094962840628,0.15028901734104047,E1 전체 기간,공정 값 23 + pair_pos,불균형
EasyEnsemble,1,0.2931461601981833,0.16267547481420314,E1 전체 기간,공정 값 23 + pair_pos,불균형
EasyEnsemble,2,0.21222130470685385,0.10652353426919901,E1 전체 기간,공정 값 23 + pair_pos,불균형
EasyEnsemble,3,0.18414533443435177,0.1337737407101569,E1 전체 기간,공정 값 23 + pair_pos,불균형
EasyEnsemble,4,0.11973575557390587,0.09248554913294797,E1 전체 기간,공정 값 23 + pair_pos,불균형
EasyEnsemble,5,0.15028901734104047,0.0875309661436829,E1 전체 기간,공정 값 23 + pair_pos,불균형
EasyEnsemble,6,0.2832369942196532,0.17258464079273328,E1 전체 기간,공정 값 23 + pair_pos,불균형
EasyEnsemble,7,0.3014037985136251,0.08835672997522709,E1 전체 기간,공정 값 23 + pair_pos,불균형
EasyEnsemble,8,0.10156895127993394,0.09496284062758051,E1 전체 기간,공정 값 23 + pair_pos,불균형
EasyEnsemble,9,0.2865400495458299,0.09331131296449216,E1 전체 기간,공정 값 23 + pair_pos,불균형
RUSBoost,0,0.17341040462427745,0.10652353426919901,E1 전체 기간,공정 값 23 + pair_pos,불균형
RUSBoost,1,0.20066061106523533,0.11643270024772914,E1 전체 기간,공정 값 23 + pair_pos,불균형
RUSBoost,2,0.129644921552436,0.09661436829066887,E1 전체 기간,공정 값 23 + pair_pos,불균형
RUSBoost,3,0.1568951279933939,0.09744013212221304,E1 전체 기간,공정 값 23 + pair_pos,불균형
RUSBoost,4,0.15028901734104047,0.1494632535094963,E1 전체 기간,공정 값 23 + pair_pos,불균형
RUSBoost,5,0.2477291494632535,0.24525185796862098,E1 전체 기간,공정 값 23 + pair_pos,불균형
RUSBoost,7,0.20313790255986788,0.1981833195706028,E1 전체 기간,공정 값 23 + pair_pos,불균형
RUSBoost,8,0.09826589595375723,0.09248554913294797,E1 전체 기간,공정 값 23 + pair_pos,불균형
RUSBoost,9,0.25598678777869527,0.14368290668868702,E1 전체 기간,공정 값 23 + pair_pos,불균형
스태킹 (LR·SVM·RF → LR),0,0.13542526837324526,0.1106523534269199,E1 전체 기간,공정 값 23 + pair_pos,앙상블
스태킹 (LR·SVM·RF → LR),1,0.2675474814203138,0.09248554913294797,E1 전체 기간,공정 값 23 + pair_pos,앙상블
스태킹 (LR·SVM·RF → LR),2,0.13872832369942195,0.10156895127993394,E1 전체 기간,공정 값 23 + pair_pos,앙상블
스태킹 (LR·SVM·RF → LR),3,0.1833195706028076,0.14368290668868702,E1 전체 기간,공정 값 23 + pair_pos,앙상블
스태킹 (LR·SVM·RF → LR),4,0.13872832369942195,0.11890999174236168,E1 전체 기간,공정 값 23 + pair_pos,앙상블
스태킹 (LR·SVM·RF → LR),5,0.2658959537572254,0.13459950454170108,E1 전체 기간,공정 값 23 + pair_pos,앙상블
스태킹 (LR·SVM·RF → LR),6,0.18249380677126342,0.10074318744838975,E1 전체 기간,공정 값 23 + pair_pos,앙상블
스태킹 (LR·SVM·RF → LR),7,0.22625928984310487,0.12469033856317094,E1 전체 기간,공정 값 23 + pair_pos,앙상블
스태킹 (LR·SVM·RF → LR),8,0.8521882741535921,0.09826589595375723,E1 전체 기간,공정 값 23 + pair_pos,앙상블
스태킹 (LR·SVM·RF → LR),9,0.16680429397192403,0.07844756399669695,E1 전체 기간,공정 값 23 + pair_pos,앙상블
로지스틱 (튜닝),0,0.29232039636663915,0.2402972749793559,E1 전체 기간,공정 값 23 + pair_pos,튜닝
로지스틱 (튜닝),1,0.3129644921552436,0.15441783649876134,E1 전체 기간,공정 값 23 + pair_pos,튜닝
로지스틱 (튜닝),2,0.2675474814203138,0.15359207266721717,E1 전체 기간,공정 값 23 + pair_pos,튜닝
로지스틱 (튜닝),3,0.23864574731626756,0.20726672171758878,E1 전체 기간,공정 값 23 + pair_pos,튜닝
로지스틱 (튜닝),4,0.18827415359207267,0.15194054500412882,E1 전체 기간,공정 값 23 + pair_pos,튜닝
로지스틱 (튜닝),5,0.15772089182493806,0.11973575557390587,E1 전체 기간,공정 값 23 + pair_pos,튜닝
로지스틱 (튜닝),6,0.12469033856317094,0.09661436829066887,E1 전체 기간,공정 값 23 + pair_pos,튜닝
로지스틱 (튜닝),7,0.17258464079273328,0.1453344343517754,E1 전체 기간,공정 값 23 + pair_pos,튜닝
로지스틱 (튜닝),8,0.23947151114781173,0.1915772089182494,E1 전체 기간,공정 값 23 + pair_pos,튜닝
로지스틱 (튜닝),9,0.1222130470685384,0.0990916597853014,E1 전체 기간,공정 값 23 + pair_pos,튜닝
랜덤포레스트 (튜닝),0,0.13625103220478943,0.0726672171758877,E1 전체 기간,공정 값 23 + pair_pos,튜닝
랜덤포레스트 (튜닝),1,0.14616019818331957,0.08670520231213873,E1 전체 기간,공정 값 23 + pair_pos,튜닝
랜덤포레스트 (튜닝),2,0.11973575557390587,0.09661436829066887,E1 전체 기간,공정 값 23 + pair_pos,튜닝
랜덤포레스트 (튜닝),3,0.18249380677126342,0.14368290668868702,E1 전체 기간,공정 값 23 + pair_pos,튜닝
랜덤포레스트 (튜닝),4,0.1147811725846408,0.09413707679603633,E1 전체 기간,공정 값 23 + pair_pos,튜닝
랜덤포레스트 (튜닝),5,0.1568951279933939,0.10569777043765483,E1 전체 기간,공정 값 23 + pair_pos,튜닝
랜덤포레스트 (튜닝),6,0.6614368290668868,0.10982658959537572,E1 전체 기간,공정 값 23 + pair_pos,튜닝
랜덤포레스트 (튜닝),7,0.0875309661436829,0.08587943848059455,E1 전체 기간,공정 값 23 + pair_pos,튜닝
랜덤포레스트 (튜닝),8,0.1717588769611891,0.08670520231213873,E1 전체 기간,공정 값 23 + pair_pos,튜닝
랜덤포레스트 (튜닝),9,0.09413707679603633,0.0875309661436829,E1 전체 기간,공정 값 23 + pair_pos,튜닝
XGBoost (튜닝),0,0.1180842279108175,0.08009909165978531,E1 전체 기간,공정 값 23 + pair_pos,튜닝
XGBoost (튜닝),1,0.30470685383980184,0.22791081750619324,E1 전체 기간,공정 값 23 + pair_pos,튜닝
XGBoost (튜닝),2,0.10569777043765483,0.08835672997522709,E1 전체 기간,공정 값 23 + pair_pos,튜닝
XGBoost (튜닝),3,0.27580511973575556,0.11890999174236168,E1 전체 기간,공정 값 23 + pair_pos,튜닝
XGBoost (튜닝),4,0.15111478117258464,0.10074318744838975,E1 전체 기간,공정 값 23 + pair_pos,튜닝
XGBoost (튜닝),5,0.6771263418662262,0.10074318744838975,E1 전체 기간,공정 값 23 + pair_pos,튜닝
XGBoost (튜닝),6,0.19735755573905864,0.15772089182493806,E1 전체 기간,공정 값 23 + pair_pos,튜닝
XGBoost (튜닝),7,0.2014863748967795,0.1453344343517754,E1 전체 기간,공정 값 23 + pair_pos,튜닝
XGBoost (튜닝),8,0.23121387283236994,0.038810900082576386,E1 전체 기간,공정 값 23 + pair_pos,튜닝
XGBoost (튜닝),9,0.19983484723369116,0.09744013212221304,E1 전체 기간,공정 값 23 + pair_pos,튜닝
LightGBM (튜닝),0,0.17423616845582163,0.1263418662262593,E1 전체 기간,공정 값 23 + pair_pos,튜닝
LightGBM (튜닝),1,0.3014037985136251,0.0957886044591247,E1 전체 기간,공정 값 23 + pair_pos,튜닝
LightGBM (튜닝),2,0.34104046242774566,0.05037159372419488,E1 전체 기간,공정 값 23 + pair_pos,튜닝
LightGBM (튜닝),3,0.10652353426919901,0.10156895127993394,E1 전체 기간,공정 값 23 + pair_pos,튜닝
LightGBM (튜닝),4,0.5846407927332783,0.14616019818331957,E1 전체 기간,공정 값 23 + pair_pos,튜닝
LightGBM (튜닝),5,0.14781172584640792,0.06275805119735756,E1 전체 기간,공정 값 23 + pair_pos,튜닝
LightGBM (튜닝),6,0.1453344343517754,0.08587943848059455,E1 전체 기간,공정 값 23 + pair_pos,튜닝
LightGBM (튜닝),7,0.10817506193228736,0.09000825763831544,E1 전체 기간,공정 값 23 + pair_pos,튜닝
LightGBM (튜닝),8,0.08670520231213873,0.07597027250206441,E1 전체 기간,공정 값 23 + pair_pos,튜닝
LightGBM (튜닝),9,0.28736581337737405,0.129644921552436,E1 전체 기간,공정 값 23 + pair_pos,튜닝
CatBoost (튜닝),0,0.20066061106523533,0.1106523534269199,E1 전체 기간,공정 값 23 + pair_pos,튜닝
CatBoost (튜닝),1,0.13872832369942195,0.06771263418662263,E1 전체 기간,공정 값 23 + pair_pos,튜닝
CatBoost (튜닝),2,0.27580511973575556,0.10156895127993394,E1 전체 기간,공정 값 23 + pair_pos,튜닝
CatBoost (튜닝),3,0.12716763005780346,0.06936416184971098,E1 전체 기간,공정 값 23 + pair_pos,튜닝
CatBoost (튜닝),4,0.13047068538398018,0.07679603633360858,E1 전체 기간,공정 값 23 + pair_pos,튜닝
CatBoost (튜닝),5,0.13129644921552436,0.07349298100743187,E1 전체 기간,공정 값 23 + pair_pos,튜닝
CatBoost (튜닝),6,0.1412056151940545,0.061932287365813375,E1 전체 기간,공정 값 23 + pair_pos,튜닝
CatBoost (튜닝),7,0.15194054500412882,0.11560693641618497,E1 전체 기간,공정 값 23 + pair_pos,튜닝
CatBoost (튜닝),8,0.11560693641618497,0.04046242774566474,E1 전체 기간,공정 값 23 + pair_pos,튜닝
CatBoost (튜닝),9,0.22047894302229562,0.061932287365813375,E1 전체 기간,공정 값 23 + pair_pos,튜닝
Isolation Forest,0,0.3872832369942196,0.3509496284062758,E1 전체 기간,공정 값 23 + pair_pos,이상탐지
Isolation Forest,1,0.3781998348472337,0.2741535920726672,E1 전체 기간,공정 값 23 + pair_pos,이상탐지
Isolation Forest,2,0.3278282411230388,0.3212221304706854,E1 전체 기간,공정 값 23 + pair_pos,이상탐지
Isolation Forest,3,0.2477291494632535,0.2444260941370768,E1 전체 기간,공정 값 23 + pair_pos,이상탐지
Isolation Forest,4,0.3592072667217176,0.32865400495458297,E1 전체 기간,공정 값 23 + pair_pos,이상탐지
Isolation Forest,5,0.3707679603633361,0.26424442609413706,E1 전체 기간,공정 값 23 + pair_pos,이상탐지
Isolation Forest,6,0.34516928158546656,0.2749793559042114,E1 전체 기간,공정 값 23 + pair_pos,이상탐지
Isolation Forest,7,0.3236994219653179,0.2972749793559042,E1 전체 기간,공정 값 23 + pair_pos,이상탐지
Isolation Forest,8,0.3014037985136251,0.2535094962840628,E1 전체 기간,공정 값 23 + pair_pos,이상탐지
Isolation Forest,9,0.3212221304706854,0.31626754748142033,E1 전체 기간,공정 값 23 + pair_pos,이상탐지
LOF (novelty),0,0.48720066061106526,0.44508670520231214,E1 전체 기간,공정 값 23 + pair_pos,이상탐지
LOF (novelty),1,0.5755573905862923,0.5127993393889347,E1 전체 기간,공정 값 23 + pair_pos,이상탐지
LOF (novelty),2,0.5359207266721717,0.4194880264244426,E1 전체 기간,공정 값 23 + pair_pos,이상탐지
LOF (novelty),3,0.4913294797687861,0.35755573905862925,E1 전체 기간,공정 값 23 + pair_pos,이상탐지
LOF (novelty),4,0.45664739884393063,0.4244426094137077,E1 전체 기간,공정 값 23 + pair_pos,이상탐지
LOF (novelty),5,0.3856317093311313,0.342691990090834,E1 전체 기간,공정 값 23 + pair_pos,이상탐지
LOF (novelty),6,0.5697770437654831,0.4731626754748142,E1 전체 기간,공정 값 23 + pair_pos,이상탐지
LOF (novelty),7,0.555739058629232,0.47068538398018167,E1 전체 기간,공정 값 23 + pair_pos,이상탐지
LOF (novelty),8,0.597027250206441,0.374896779521057,E1 전체 기간,공정 값 23 + pair_pos,이상탐지
LOF (novelty),9,0.5441783649876135,0.35260115606936415,E1 전체 기간,공정 값 23 + pair_pos,이상탐지
One-Class SVM,0,0.6416184971098265,0.6102394715111478,E1 전체 기간,공정 값 23 + pair_pos,이상탐지
One-Class SVM,1,0.6936416184971098,0.6350123864574732,E1 전체 기간,공정 값 23 + pair_pos,이상탐지
One-Class SVM,2,0.7539223781998349,0.5631709331131296,E1 전체 기간,공정 값 23 + pair_pos,이상탐지
One-Class SVM,3,0.7630057803468208,0.6383154417836499,E1 전체 기간,공정 값 23 + pair_pos,이상탐지
One-Class SVM,4,0.7076796036333609,0.5895953757225434,E1 전체 기간,공정 값 23 + pair_pos,이상탐지
One-Class SVM,5,0.7894302229562346,0.43682906688687034,E1 전체 기간,공정 값 23 + pair_pos,이상탐지
One-Class SVM,6,0.7786952931461602,0.5342691990090834,E1 전체 기간,공정 값 23 + pair_pos,이상탐지
One-Class SVM,7,0.6895127993393889,0.5854665565648225,E1 전체 기간,공정 값 23 + pair_pos,이상탐지
One-Class SVM,8,0.6581337737407101,0.5161023947151114,E1 전체 기간,공정 값 23 + pair_pos,이상탐지
One-Class SVM,9,0.6804293971924029,0.5540875309661437,E1 전체 기간,공정 값 23 + pair_pos,이상탐지
Elliptic Envelope,0,0.653179190751445,0.49050371593724196,E1 전체 기간,공정 값 23 + pair_pos,이상탐지
Elliptic Envelope,1,0.5846407927332783,0.48720066061106526,E1 전체 기간,공정 값 23 + pair_pos,이상탐지
Elliptic Envelope,2,0.6663914120561519,0.5020644095788604,E1 전체 기간,공정 값 23 + pair_pos,이상탐지
Elliptic Envelope,3,0.5780346820809249,0.5194054500412882,E1 전체 기간,공정 값 23 + pair_pos,이상탐지
Elliptic Envelope,4,0.5623451692815855,0.5227085053674649,E1 전체 기간,공정 값 23 + pair_pos,이상탐지
Elliptic Envelope,5,0.643270024772915,0.5606936416184971,E1 전체 기간,공정 값 23 + pair_pos,이상탐지
Elliptic Envelope,6,0.6168455821635013,0.4500412881915772,E1 전체 기간,공정 값 23 + pair_pos,이상탐지
Elliptic Envelope,7,0.550784475639967,0.4607762180016515,E1 전체 기간,공정 값 23 + pair_pos,이상탐지
Elliptic Envelope,8,0.5037159372419489,0.4360033030553262,E1 전체 기간,공정 값 23 + pair_pos,이상탐지
Elliptic Envelope,9,0.47068538398018167,0.4236168455821635,E1 전체 기간,공정 값 23 + pair_pos,이상탐지
"순위 평균 앙상블 (5종, 사전 고정)",0,0.22625928984310487,0.13955408753096615,E1 전체 기간,공정 값 23 + pair_pos,앙상블
"순위 평균 앙상블 (5종, 사전 고정)",1,0.2254335260115607,0.08670520231213873,E1 전체 기간,공정 값 23 + pair_pos,앙상블
"순위 평균 앙상블 (5종, 사전 고정)",2,0.15606936416184972,0.11230388109000826,E1 전체 기간,공정 값 23 + pair_pos,앙상블
"순위 평균 앙상블 (5종, 사전 고정)",3,0.19900908340214699,0.18827415359207267,E1 전체 기간,공정 값 23 + pair_pos,앙상블
"순위 평균 앙상블 (5종, 사전 고정)",4,0.16680429397192403,0.09991742361684558,E1 전체 기간,공정 값 23 + pair_pos,앙상블
"순위 평균 앙상블 (5종, 사전 고정)",5,0.17588769611891,0.1255161023947151,E1 전체 기간,공정 값 23 + pair_pos,앙상블
"순위 평균 앙상블 (5종, 사전 고정)",6,0.24855491329479767,0.08835672997522709,E1 전체 기간,공정 값 23 + pair_pos,앙상블
"순위 평균 앙상블 (5종, 사전 고정)",7,0.1453344343517754,0.13459950454170108,E1 전체 기간,공정 값 23 + pair_pos,앙상블
"순위 평균 앙상블 (5종, 사전 고정)",8,0.20644095788604458,0.17258464079273328,E1 전체 기간,공정 값 23 + pair_pos,앙상블
"순위 평균 앙상블 (5종, 사전 고정)",9,0.20396366639141206,0.06936416184971098,E1 전체 기간,공정 값 23 + pair_pos,앙상블
부스팅 튜닝 3종 평균 (사후 선택),0,0.12799339388934763,0.05945499587118084,E1 전체 기간,공정 값 23 + pair_pos,앙상블
부스팅 튜닝 3종 평균 (사후 선택),1,0.20809248554913296,0.10487200660611065,E1 전체 기간,공정 값 23 + pair_pos,앙상블
부스팅 튜닝 3종 평균 (사후 선택),2,0.20313790255986788,0.04789430222956235,E1 전체 기간,공정 값 23 + pair_pos,앙상블
부스팅 튜닝 3종 평균 (사후 선택),3,0.15606936416184972,0.05615194054500413,E1 전체 기간,공정 값 23 + pair_pos,앙상블
부스팅 튜닝 3종 평균 (사후 선택),4,0.23781998348472336,0.08422791081750619,E1 전체 기간,공정 값 23 + pair_pos,앙상블
부스팅 튜닝 3종 평균 (사후 선택),5,0.2708505367464905,0.042113955408753095,E1 전체 기간,공정 값 23 + pair_pos,앙상블
부스팅 튜닝 3종 평균 (사후 선택),6,0.1453344343517754,0.09331131296449216,E1 전체 기간,공정 값 23 + pair_pos,앙상블
부스팅 튜닝 3종 평균 (사후 선택),7,0.1370767960363336,0.07101568951279934,E1 전체 기간,공정 값 23 + pair_pos,앙상블
부스팅 튜닝 3종 평균 (사후 선택),8,0.12386457473162675,0.03550784475639967,E1 전체 기간,공정 값 23 + pair_pos,앙상블
부스팅 튜닝 3종 평균 (사후 선택),9,0.17093311312964493,0.11312964492155243,E1 전체 기간,공정 값 23 + pair_pos,앙상블
[기준] 무작위,0,0.9421487603305785,0.8264462809917356,E2 불량 시기 안 (샷 0~60),-,기준선
[기준] 무작위,1,0.9669421487603306,0.859504132231405,E2 불량 시기 안 (샷 0~60),-,기준선
[기준] 무작위,2,1.0,0.9834710743801653,E2 불량 시기 안 (샷 0~60),-,기준선
[기준] 무작위,3,0.9752066115702479,0.9586776859504132,E2 불량 시기 안 (샷 0~60),-,기준선
[기준] 무작위,4,0.9752066115702479,0.9090909090909091,E2 불량 시기 안 (샷 0~60),-,기준선
[기준] 무작위,5,0.9504132231404959,0.8181818181818182,E2 불량 시기 안 (샷 0~60),-,기준선
[기준] 무작위,6,0.9752066115702479,0.9173553719008265,E2 불량 시기 안 (샷 0~60),-,기준선
[기준] 무작위,7,0.8925619834710744,0.8842975206611571,E2 불량 시기 안 (샷 0~60),-,기준선
[기준] 무작위,8,0.9504132231404959,0.9338842975206612,E2 불량 시기 안 (샷 0~60),-,기준선
[기준] 무작위,9,0.9917355371900827,0.9669421487603306,E2 불량 시기 안 (샷 0~60),-,기준선
[기준] 쌍 순서 규칙,0,0.8677685950413223,0.7520661157024794,E2 불량 시기 안 (샷 0~60),-,기준선
[기준] 쌍 순서 규칙,1,0.9338842975206612,0.7107438016528925,E2 불량 시기 안 (샷 0~60),-,기준선
[기준] 쌍 순서 규칙,2,0.9586776859504132,0.768595041322314,E2 불량 시기 안 (샷 0~60),-,기준선
[기준] 쌍 순서 규칙,3,0.8677685950413223,0.743801652892562,E2 불량 시기 안 (샷 0~60),-,기준선
[기준] 쌍 순서 규칙,4,0.7355371900826446,0.6528925619834711,E2 불량 시기 안 (샷 0~60),-,기준선
[기준] 쌍 순서 규칙,5,0.7520661157024794,0.7107438016528925,E2 불량 시기 안 (샷 0~60),-,기준선
[기준] 쌍 순서 규칙,6,0.7768595041322314,0.7024793388429752,E2 불량 시기 안 (샷 0~60),-,기준선
[기준] 쌍 순서 규칙,7,0.7272727272727273,0.7107438016528925,E2 불량 시기 안 (샷 0~60),-,기준선
[기준] 쌍 순서 규칙,8,0.9256198347107438,0.7933884297520661,E2 불량 시기 안 (샷 0~60),-,기준선
[기준] 쌍 순서 규칙,9,0.768595041322314,0.6033057851239669,E2 불량 시기 안 (샷 0~60),-,기준선
[기준] 샷 순서,0,0.5867768595041323,0.256198347107438,E2 불량 시기 안 (샷 0~60),-,기준선
[기준] 샷 순서,1,0.4462809917355372,0.23140495867768596,E2 불량 시기 안 (샷 0~60),-,기준선
[기준] 샷 순서,2,0.33884297520661155,0.2727272727272727,E2 불량 시기 안 (샷 0~60),-,기준선
[기준] 샷 순서,3,0.7272727272727273,0.2809917355371901,E2 불량 시기 안 (샷 0~60),-,기준선
[기준] 샷 순서,4,0.5206611570247934,0.23140495867768596,E2 불량 시기 안 (샷 0~60),-,기준선
[기준] 샷 순서,5,0.4297520661157025,0.3884297520661157,E2 불량 시기 안 (샷 0~60),-,기준선
[기준] 샷 순서,6,0.7520661157024794,0.39669421487603307,E2 불량 시기 안 (샷 0~60),-,기준선
[기준] 샷 순서,7,0.6942148760330579,0.23140495867768596,E2 불량 시기 안 (샷 0~60),-,기준선
[기준] 샷 순서,8,0.4214876033057851,0.2975206611570248,E2 불량 시기 안 (샷 0~60),-,기준선
[기준] 샷 순서,9,0.7107438016528925,0.32231404958677684,E2 불량 시기 안 (샷 0~60),-,기준선
로지스틱 L2,0,0.7851239669421488,0.628099173553719,E2 불량 시기 안 (샷 0~60),공정 값 23,선형
로지스틱 L2,1,0.6446280991735537,0.628099173553719,E2 불량 시기 안 (샷 0~60),공정 값 23,선형
로지스틱 L2,2,0.7851239669421488,0.628099173553719,E2 불량 시기 안 (샷 0~60),공정 값 23,선형
로지스틱 L2,3,0.7024793388429752,0.6859504132231405,E2 불량 시기 안 (샷 0~60),공정 값 23,선형
로지스틱 L2,4,0.71900826446281,0.5041322314049587,E2 불량 시기 안 (샷 0~60),공정 값 23,선형
로지스틱 L2,5,0.5785123966942148,0.5454545454545454,E2 불량 시기 안 (샷 0~60),공정 값 23,선형
로지스틱 L2,6,0.6446280991735537,0.5702479338842975,E2 불량 시기 안 (샷 0~60),공정 값 23,선형
로지스틱 L2,7,0.8347107438016529,0.6611570247933884,E2 불량 시기 안 (샷 0~60),공정 값 23,선형
로지스틱 L2,8,0.628099173553719,0.6115702479338843,E2 불량 시기 안 (샷 0~60),공정 값 23,선형
로지스틱 L2,9,0.5702479338842975,0.45454545454545453,E2 불량 시기 안 (샷 0~60),공정 값 23,선형
로지스틱 L1,0,0.6528925619834711,0.5537190082644629,E2 불량 시기 안 (샷 0~60),공정 값 23,선형
로지스틱 L1,1,0.8016528925619835,0.6198347107438017,E2 불량 시기 안 (샷 0~60),공정 값 23,선형
로지스틱 L1,2,0.8099173553719008,0.7024793388429752,E2 불량 시기 안 (샷 0~60),공정 값 23,선형
로지스틱 L1,3,0.7851239669421488,0.6859504132231405,E2 불량 시기 안 (샷 0~60),공정 값 23,선형
로지스틱 L1,4,0.7272727272727273,0.628099173553719,E2 불량 시기 안 (샷 0~60),공정 값 23,선형
로지스틱 L1,5,0.6942148760330579,0.5619834710743802,E2 불량 시기 안 (샷 0~60),공정 값 23,선형
로지스틱 L1,6,0.6446280991735537,0.6033057851239669,E2 불량 시기 안 (샷 0~60),공정 값 23,선형
로지스틱 L1,7,0.8347107438016529,0.7933884297520661,E2 불량 시기 안 (샷 0~60),공정 값 23,선형
로지스틱 L1,8,0.6859504132231405,0.628099173553719,E2 불량 시기 안 (샷 0~60),공정 값 23,선형
로지스틱 L1,9,0.5785123966942148,0.512396694214876,E2 불량 시기 안 (샷 0~60),공정 값 23,선형
로지스틱 ElasticNet,0,0.5619834710743802,0.5537190082644629,E2 불량 시기 안 (샷 0~60),공정 값 23,선형
로지스틱 ElasticNet,1,0.6363636363636364,0.5619834710743802,E2 불량 시기 안 (샷 0~60),공정 값 23,선형
로지스틱 ElasticNet,2,0.7851239669421488,0.7107438016528925,E2 불량 시기 안 (샷 0~60),공정 값 23,선형
로지스틱 ElasticNet,3,0.7024793388429752,0.6859504132231405,E2 불량 시기 안 (샷 0~60),공정 값 23,선형
로지스틱 ElasticNet,4,0.71900826446281,0.5867768595041323,E2 불량 시기 안 (샷 0~60),공정 값 23,선형
로지스틱 ElasticNet,5,0.5619834710743802,0.5454545454545454,E2 불량 시기 안 (샷 0~60),공정 값 23,선형
로지스틱 ElasticNet,6,0.6446280991735537,0.5702479338842975,E2 불량 시기 안 (샷 0~60),공정 값 23,선형
로지스틱 ElasticNet,7,0.7107438016528925,0.6859504132231405,E2 불량 시기 안 (샷 0~60),공정 값 23,선형
로지스틱 ElasticNet,8,0.628099173553719,0.6115702479338843,E2 불량 시기 안 (샷 0~60),공정 값 23,선형
로지스틱 ElasticNet,9,0.5702479338842975,0.5041322314049587,E2 불량 시기 안 (샷 0~60),공정 값 23,선형
LDA (shrinkage),0,0.8016528925619835,0.71900826446281,E2 불량 시기 안 (샷 0~60),공정 값 23,선형
LDA (shrinkage),1,0.8760330578512396,0.8264462809917356,E2 불량 시기 안 (샷 0~60),공정 값 23,선형
LDA (shrinkage),2,0.8677685950413223,0.7272727272727273,E2 불량 시기 안 (샷 0~60),공정 값 23,선형
LDA (shrinkage),3,0.8677685950413223,0.6859504132231405,E2 불량 시기 안 (샷 0~60),공정 값 23,선형
LDA (shrinkage),4,0.71900826446281,0.628099173553719,E2 불량 시기 안 (샷 0~60),공정 값 23,선형
LDA (shrinkage),5,0.7603305785123967,0.6694214876033058,E2 불량 시기 안 (샷 0~60),공정 값 23,선형
LDA (shrinkage),6,0.8016528925619835,0.6033057851239669,E2 불량 시기 안 (샷 0~60),공정 값 23,선형
LDA (shrinkage),7,0.8347107438016529,0.8264462809917356,E2 불량 시기 안 (샷 0~60),공정 값 23,선형
LDA (shrinkage),8,0.7851239669421488,0.628099173553719,E2 불량 시기 안 (샷 0~60),공정 값 23,선형
LDA (shrinkage),9,0.743801652892562,0.6776859504132231,E2 불량 시기 안 (샷 0~60),공정 값 23,선형
나이브 베이즈,0,0.7768595041322314,0.7520661157024794,E2 불량 시기 안 (샷 0~60),공정 값 23,확률
나이브 베이즈,1,0.8347107438016529,0.7851239669421488,E2 불량 시기 안 (샷 0~60),공정 값 23,확률
나이브 베이즈,2,0.859504132231405,0.7024793388429752,E2 불량 시기 안 (샷 0~60),공정 값 23,확률
나이브 베이즈,3,0.8429752066115702,0.71900826446281,E2 불량 시기 안 (샷 0~60),공정 값 23,확률
나이브 베이즈,4,0.8264462809917356,0.743801652892562,E2 불량 시기 안 (샷 0~60),공정 값 23,확률
나이브 베이즈,5,0.8842975206611571,0.5537190082644629,E2 불량 시기 안 (샷 0~60),공정 값 23,확률
나이브 베이즈,6,0.8347107438016529,0.7933884297520661,E2 불량 시기 안 (샷 0~60),공정 값 23,확률
나이브 베이즈,7,0.9256198347107438,0.7933884297520661,E2 불량 시기 안 (샷 0~60),공정 값 23,확률
나이브 베이즈,8,0.9008264462809917,0.8181818181818182,E2 불량 시기 안 (샷 0~60),공정 값 23,확률
나이브 베이즈,9,0.8099173553719008,0.7520661157024794,E2 불량 시기 안 (샷 0~60),공정 값 23,확률
kNN (k=15),0,0.9421487603305785,0.9090909090909091,E2 불량 시기 안 (샷 0~60),공정 값 23,거리
kNN (k=15),1,0.9917355371900827,0.9834710743801653,E2 불량 시기 안 (샷 0~60),공정 값 23,거리
kNN (k=15),2,0.9173553719008265,0.8842975206611571,E2 불량 시기 안 (샷 0~60),공정 값 23,거리
kNN (k=15),3,0.9917355371900827,0.8760330578512396,E2 불량 시기 안 (샷 0~60),공정 값 23,거리
kNN (k=15),4,0.9504132231404959,0.7355371900826446,E2 불량 시기 안 (샷 0~60),공정 값 23,거리
kNN (k=15),5,0.8925619834710744,0.8429752066115702,E2 불량 시기 안 (샷 0~60),공정 값 23,거리
kNN (k=15),6,1.0,0.8181818181818182,E2 불량 시기 안 (샷 0~60),공정 값 23,거리
kNN (k=15),7,0.9008264462809917,0.8347107438016529,E2 불량 시기 안 (샷 0~60),공정 값 23,거리
kNN (k=15),8,0.9173553719008265,0.8925619834710744,E2 불량 시기 안 (샷 0~60),공정 값 23,거리
kNN (k=15),9,0.8925619834710744,0.8429752066115702,E2 불량 시기 안 (샷 0~60),공정 값 23,거리
SVM 선형,0,0.8677685950413223,0.8016528925619835,E2 불량 시기 안 (샷 0~60),공정 값 23,커널
SVM 선형,1,0.6363636363636364,0.4793388429752066,E2 불량 시기 안 (샷 0~60),공정 값 23,커널
SVM 선형,2,0.7851239669421488,0.7272727272727273,E2 불량 시기 안 (샷 0~60),공정 값 23,커널
SVM 선형,3,0.7768595041322314,0.6859504132231405,E2 불량 시기 안 (샷 0~60),공정 값 23,커널
SVM 선형,4,0.71900826446281,0.628099173553719,E2 불량 시기 안 (샷 0~60),공정 값 23,커널
SVM 선형,5,0.5454545454545454,0.5371900826446281,E2 불량 시기 안 (샷 0~60),공정 값 23,커널
SVM 선형,6,0.71900826446281,0.6115702479338843,E2 불량 시기 안 (샷 0~60),공정 값 23,커널
SVM 선형,7,0.8925619834710744,0.5867768595041323,E2 불량 시기 안 (샷 0~60),공정 값 23,커널
SVM 선형,8,0.6942148760330579,0.6363636363636364,E2 불량 시기 안 (샷 0~60),공정 값 23,커널
SVM 선형,9,0.5785123966942148,0.4462809917355372,E2 불량 시기 안 (샷 0~60),공정 값 23,커널
SVM RBF,0,0.9504132231404959,0.8429752066115702,E2 불량 시기 안 (샷 0~60),공정 값 23,커널
SVM RBF,1,0.9586776859504132,0.6859504132231405,E2 불량 시기 안 (샷 0~60),공정 값 23,커널
SVM RBF,2,0.8347107438016529,0.8264462809917356,E2 불량 시기 안 (샷 0~60),공정 값 23,커널
SVM RBF,3,0.8925619834710744,0.859504132231405,E2 불량 시기 안 (샷 0~60),공정 값 23,커널
SVM RBF,4,0.9834710743801653,0.9586776859504132,E2 불량 시기 안 (샷 0~60),공정 값 23,커널
SVM RBF,5,0.8760330578512396,0.6611570247933884,E2 불량 시기 안 (샷 0~60),공정 값 23,커널
SVM RBF,6,0.9669421487603306,0.8181818181818182,E2 불량 시기 안 (샷 0~60),공정 값 23,커널
SVM RBF,7,0.9173553719008265,0.8677685950413223,E2 불량 시기 안 (샷 0~60),공정 값 23,커널
SVM RBF,8,0.8677685950413223,0.8347107438016529,E2 불량 시기 안 (샷 0~60),공정 값 23,커널
SVM RBF,9,0.9917355371900827,0.7933884297520661,E2 불량 시기 안 (샷 0~60),공정 값 23,커널
MLP,0,0.9504132231404959,0.8347107438016529,E2 불량 시기 안 (샷 0~60),공정 값 23,신경망
MLP,1,0.9669421487603306,0.8760330578512396,E2 불량 시기 안 (샷 0~60),공정 값 23,신경망
MLP,2,1.0,0.9504132231404959,E2 불량 시기 안 (샷 0~60),공정 값 23,신경망
MLP,3,0.859504132231405,0.8181818181818182,E2 불량 시기 안 (샷 0~60),공정 값 23,신경망
MLP,4,0.9752066115702479,0.743801652892562,E2 불량 시기 안 (샷 0~60),공정 값 23,신경망
MLP,5,1.0,0.7768595041322314,E2 불량 시기 안 (샷 0~60),공정 값 23,신경망
MLP,6,0.8016528925619835,0.71900826446281,E2 불량 시기 안 (샷 0~60),공정 값 23,신경망
MLP,7,0.9752066115702479,0.743801652892562,E2 불량 시기 안 (샷 0~60),공정 값 23,신경망
MLP,8,0.8677685950413223,0.7768595041322314,E2 불량 시기 안 (샷 0~60),공정 값 23,신경망
MLP,9,0.743801652892562,0.628099173553719,E2 불량 시기 안 (샷 0~60),공정 값 23,신경망
결정트리 (depth 4),0,0.9834710743801653,0.9421487603305785,E2 불량 시기 안 (샷 0~60),공정 값 23,트리
결정트리 (depth 4),1,1.0,0.9669421487603306,E2 불량 시기 안 (샷 0~60),공정 값 23,트리
결정트리 (depth 4),2,0.8842975206611571,0.8016528925619835,E2 불량 시기 안 (샷 0~60),공정 값 23,트리
결정트리 (depth 4),3,0.9669421487603306,0.9421487603305785,E2 불량 시기 안 (샷 0~60),공정 값 23,트리
결정트리 (depth 4),4,0.8099173553719008,0.6611570247933884,E2 불량 시기 안 (샷 0~60),공정 값 23,트리
결정트리 (depth 4),5,0.9669421487603306,0.8264462809917356,E2 불량 시기 안 (샷 0~60),공정 값 23,트리
결정트리 (depth 4),6,0.7520661157024794,0.6033057851239669,E2 불량 시기 안 (샷 0~60),공정 값 23,트리
결정트리 (depth 4),7,0.8760330578512396,0.8264462809917356,E2 불량 시기 안 (샷 0~60),공정 값 23,트리
결정트리 (depth 4),8,0.9752066115702479,0.8842975206611571,E2 불량 시기 안 (샷 0~60),공정 값 23,트리
결정트리 (depth 4),9,0.9173553719008265,0.7603305785123967,E2 불량 시기 안 (샷 0~60),공정 값 23,트리
랜덤포레스트,0,0.4049586776859504,0.39669421487603307,E2 불량 시기 안 (샷 0~60),공정 값 23,트리
랜덤포레스트,1,0.47107438016528924,0.4628099173553719,E2 불량 시기 안 (샷 0~60),공정 값 23,트리
랜덤포레스트,2,1.0,0.5371900826446281,E2 불량 시기 안 (샷 0~60),공정 값 23,트리
랜덤포레스트,3,0.7024793388429752,0.512396694214876,E2 불량 시기 안 (샷 0~60),공정 값 23,트리
랜덤포레스트,4,0.7024793388429752,0.6611570247933884,E2 불량 시기 안 (샷 0~60),공정 값 23,트리
랜덤포레스트,5,0.47107438016528924,0.4297520661157025,E2 불량 시기 안 (샷 0~60),공정 값 23,트리
랜덤포레스트,6,0.6611570247933884,0.6446280991735537,E2 불량 시기 안 (샷 0~60),공정 값 23,트리
랜덤포레스트,7,0.7272727272727273,0.6528925619834711,E2 불량 시기 안 (샷 0~60),공정 값 23,트리
랜덤포레스트,8,0.628099173553719,0.4628099173553719,E2 불량 시기 안 (샷 0~60),공정 값 23,트리
랜덤포레스트,9,0.7603305785123967,0.7024793388429752,E2 불량 시기 안 (샷 0~60),공정 값 23,트리
엑스트라트리,0,0.7851239669421488,0.6611570247933884,E2 불량 시기 안 (샷 0~60),공정 값 23,트리
엑스트라트리,1,0.5537190082644629,0.5454545454545454,E2 불량 시기 안 (샷 0~60),공정 값 23,트리
엑스트라트리,2,0.7768595041322314,0.7024793388429752,E2 불량 시기 안 (샷 0~60),공정 값 23,트리
엑스트라트리,3,0.9421487603305785,0.8264462809917356,E2 불량 시기 안 (샷 0~60),공정 값 23,트리
엑스트라트리,4,0.7107438016528925,0.6942148760330579,E2 불량 시기 안 (샷 0~60),공정 값 23,트리
엑스트라트리,5,0.8099173553719008,0.512396694214876,E2 불량 시기 안 (샷 0~60),공정 값 23,트리
엑스트라트리,6,0.8264462809917356,0.743801652892562,E2 불량 시기 안 (샷 0~60),공정 값 23,트리
엑스트라트리,7,0.8842975206611571,0.7355371900826446,E2 불량 시기 안 (샷 0~60),공정 값 23,트리
엑스트라트리,8,0.71900826446281,0.6859504132231405,E2 불량 시기 안 (샷 0~60),공정 값 23,트리
엑스트라트리,9,0.7851239669421488,0.7272727272727273,E2 불량 시기 안 (샷 0~60),공정 값 23,트리
AdaBoost,0,0.5867768595041323,0.5702479338842975,E2 불량 시기 안 (샷 0~60),공정 값 23,부스팅
AdaBoost,1,0.7520661157024794,0.5537190082644629,E2 불량 시기 안 (샷 0~60),공정 값 23,부스팅
AdaBoost,2,0.6611570247933884,0.5702479338842975,E2 불량 시기 안 (샷 0~60),공정 값 23,부스팅
AdaBoost,3,0.9586776859504132,0.7603305785123967,E2 불량 시기 안 (샷 0~60),공정 값 23,부스팅
AdaBoost,4,0.8760330578512396,0.6694214876033058,E2 불량 시기 안 (샷 0~60),공정 값 23,부스팅
AdaBoost,5,0.6363636363636364,0.5785123966942148,E2 불량 시기 안 (샷 0~60),공정 값 23,부스팅
AdaBoost,6,0.7107438016528925,0.6528925619834711,E2 불량 시기 안 (샷 0~60),공정 값 23,부스팅
AdaBoost,7,0.9090909090909091,0.7107438016528925,E2 불량 시기 안 (샷 0~60),공정 값 23,부스팅
AdaBoost,8,0.7520661157024794,0.5454545454545454,E2 불량 시기 안 (샷 0~60),공정 값 23,부스팅
AdaBoost,9,0.859504132231405,0.8429752066115702,E2 불량 시기 안 (샷 0~60),공정 값 23,부스팅
GradientBoosting,0,0.768595041322314,0.5619834710743802,E2 불량 시기 안 (샷 0~60),공정 값 23,부스팅
GradientBoosting,1,0.8760330578512396,0.6694214876033058,E2 불량 시기 안 (샷 0~60),공정 값 23,부스팅
GradientBoosting,2,1.0,0.9338842975206612,E2 불량 시기 안 (샷 0~60),공정 값 23,부스팅
GradientBoosting,3,0.743801652892562,0.6033057851239669,E2 불량 시기 안 (샷 0~60),공정 값 23,부스팅
GradientBoosting,4,0.8099173553719008,0.5785123966942148,E2 불량 시기 안 (샷 0~60),공정 값 23,부스팅
GradientBoosting,5,0.5867768595041323,0.5619834710743802,E2 불량 시기 안 (샷 0~60),공정 값 23,부스팅
GradientBoosting,6,0.8016528925619835,0.7272727272727273,E2 불량 시기 안 (샷 0~60),공정 값 23,부스팅
GradientBoosting,7,0.9008264462809917,0.8099173553719008,E2 불량 시기 안 (샷 0~60),공정 값 23,부스팅
GradientBoosting,8,0.5454545454545454,0.48760330578512395,E2 불량 시기 안 (샷 0~60),공정 값 23,부스팅
GradientBoosting,9,0.8677685950413223,0.7603305785123967,E2 불량 시기 안 (샷 0~60),공정 값 23,부스팅
HistGradientBoosting,0,0.5702479338842975,0.5619834710743802,E2 불량 시기 안 (샷 0~60),공정 값 23,부스팅
HistGradientBoosting,1,0.8099173553719008,0.7851239669421488,E2 불량 시기 안 (샷 0~60),공정 값 23,부스팅
HistGradientBoosting,2,0.9090909090909091,0.8925619834710744,E2 불량 시기 안 (샷 0~60),공정 값 23,부스팅
HistGradientBoosting,3,0.9504132231404959,0.9256198347107438,E2 불량 시기 안 (샷 0~60),공정 값 23,부스팅
HistGradientBoosting,4,0.9504132231404959,0.8429752066115702,E2 불량 시기 안 (샷 0~60),공정 값 23,부스팅
HistGradientBoosting,5,0.8677685950413223,0.6776859504132231,E2 불량 시기 안 (샷 0~60),공정 값 23,부스팅
HistGradientBoosting,6,0.8925619834710744,0.8760330578512396,E2 불량 시기 안 (샷 0~60),공정 값 23,부스팅
HistGradientBoosting,7,0.71900826446281,0.6528925619834711,E2 불량 시기 안 (샷 0~60),공정 값 23,부스팅
HistGradientBoosting,8,0.9008264462809917,0.8760330578512396,E2 불량 시기 안 (샷 0~60),공정 값 23,부스팅
HistGradientBoosting,9,0.9090909090909091,0.8429752066115702,E2 불량 시기 안 (샷 0~60),공정 값 23,부스팅
XGBoost,0,0.7355371900826446,0.4793388429752066,E2 불량 시기 안 (샷 0~60),공정 값 23,부스팅
XGBoost,1,0.7520661157024794,0.4793388429752066,E2 불량 시기 안 (샷 0~60),공정 값 23,부스팅
XGBoost,2,0.8264462809917356,0.6859504132231405,E2 불량 시기 안 (샷 0~60),공정 값 23,부스팅
XGBoost,3,0.6942148760330579,0.5206611570247934,E2 불량 시기 안 (샷 0~60),공정 값 23,부스팅
XGBoost,4,0.6942148760330579,0.5702479338842975,E2 불량 시기 안 (샷 0~60),공정 값 23,부스팅
XGBoost,5,0.5537190082644629,0.34710743801652894,E2 불량 시기 안 (샷 0~60),공정 값 23,부스팅
XGBoost,6,0.8842975206611571,0.7768595041322314,E2 불량 시기 안 (샷 0~60),공정 값 23,부스팅
XGBoost,7,0.7272727272727273,0.71900826446281,E2 불량 시기 안 (샷 0~60),공정 값 23,부스팅
XGBoost,8,0.7024793388429752,0.628099173553719,E2 불량 시기 안 (샷 0~60),공정 값 23,부스팅
XGBoost,9,0.7768595041322314,0.6776859504132231,E2 불량 시기 안 (샷 0~60),공정 값 23,부스팅
LightGBM,0,0.39669421487603307,0.36363636363636365,E2 불량 시기 안 (샷 0~60),공정 값 23,부스팅
LightGBM,1,0.5206611570247934,0.30578512396694213,E2 불량 시기 안 (샷 0~60),공정 값 23,부스팅
LightGBM,2,0.4380165289256198,0.4297520661157025,E2 불량 시기 안 (샷 0~60),공정 값 23,부스팅
LightGBM,3,0.6115702479338843,0.4380165289256198,E2 불량 시기 안 (샷 0~60),공정 값 23,부스팅
LightGBM,4,0.5041322314049587,0.4628099173553719,E2 불량 시기 안 (샷 0~60),공정 값 23,부스팅
LightGBM,5,0.5537190082644629,0.32231404958677684,E2 불량 시기 안 (샷 0~60),공정 값 23,부스팅
LightGBM,6,0.7272727272727273,0.5702479338842975,E2 불량 시기 안 (샷 0~60),공정 값 23,부스팅
LightGBM,7,0.8099173553719008,0.6033057851239669,E2 불량 시기 안 (샷 0~60),공정 값 23,부스팅
LightGBM,8,0.5371900826446281,0.2975206611570248,E2 불량 시기 안 (샷 0~60),공정 값 23,부스팅
LightGBM,9,0.7024793388429752,0.6528925619834711,E2 불량 시기 안 (샷 0~60),공정 값 23,부스팅
CatBoost,0,0.5289256198347108,0.4793388429752066,E2 불량 시기 안 (샷 0~60),공정 값 23,부스팅
CatBoost,1,0.628099173553719,0.5537190082644629,E2 불량 시기 안 (샷 0~60),공정 값 23,부스팅
CatBoost,2,0.9173553719008265,0.5371900826446281,E2 불량 시기 안 (샷 0~60),공정 값 23,부스팅
CatBoost,3,0.6611570247933884,0.6446280991735537,E2 불량 시기 안 (샷 0~60),공정 값 23,부스팅
CatBoost,4,0.7768595041322314,0.6611570247933884,E2 불량 시기 안 (샷 0~60),공정 값 23,부스팅
CatBoost,5,0.45454545454545453,0.4297520661157025,E2 불량 시기 안 (샷 0~60),공정 값 23,부스팅
CatBoost,6,0.7355371900826446,0.7107438016528925,E2 불량 시기 안 (샷 0~60),공정 값 23,부스팅
CatBoost,7,0.8099173553719008,0.7355371900826446,E2 불량 시기 안 (샷 0~60),공정 값 23,부스팅
CatBoost,8,0.5867768595041323,0.5454545454545454,E2 불량 시기 안 (샷 0~60),공정 값 23,부스팅
CatBoost,9,0.9090909090909091,0.7024793388429752,E2 불량 시기 안 (샷 0~60),공정 값 23,부스팅
SMOTE + 로지스틱,0,0.7107438016528925,0.6363636363636364,E2 불량 시기 안 (샷 0~60),공정 값 23,불균형
SMOTE + 로지스틱,1,0.6446280991735537,0.628099173553719,E2 불량 시기 안 (샷 0~60),공정 값 23,불균형
SMOTE + 로지스틱,2,0.7851239669421488,0.6611570247933884,E2 불량 시기 안 (샷 0~60),공정 값 23,불균형
SMOTE + 로지스틱,3,0.7024793388429752,0.6859504132231405,E2 불량 시기 안 (샷 0~60),공정 값 23,불균형
SMOTE + 로지스틱,4,0.6446280991735537,0.6363636363636364,E2 불량 시기 안 (샷 0~60),공정 값 23,불균형
SMOTE + 로지스틱,5,0.6611570247933884,0.5454545454545454,E2 불량 시기 안 (샷 0~60),공정 값 23,불균형
SMOTE + 로지스틱,6,0.5702479338842975,0.5619834710743802,E2 불량 시기 안 (샷 0~60),공정 값 23,불균형
SMOTE + 로지스틱,7,0.8347107438016529,0.6611570247933884,E2 불량 시기 안 (샷 0~60),공정 값 23,불균형
SMOTE + 로지스틱,8,0.6942148760330579,0.628099173553719,E2 불량 시기 안 (샷 0~60),공정 값 23,불균형
SMOTE + 로지스틱,9,0.5702479338842975,0.4628099173553719,E2 불량 시기 안 (샷 0~60),공정 값 23,불균형
ADASYN + 로지스틱,0,0.7851239669421488,0.6363636363636364,E2 불량 시기 안 (샷 0~60),공정 값 23,불균형
ADASYN + 로지스틱,1,0.6446280991735537,0.628099173553719,E2 불량 시기 안 (샷 0~60),공정 값 23,불균형
ADASYN + 로지스틱,2,0.7851239669421488,0.6611570247933884,E2 불량 시기 안 (샷 0~60),공정 값 23,불균형
ADASYN + 로지스틱,3,0.7024793388429752,0.6859504132231405,E2 불량 시기 안 (샷 0~60),공정 값 23,불균형
ADASYN + 로지스틱,4,0.6363636363636364,0.5619834710743802,E2 불량 시기 안 (샷 0~60),공정 값 23,불균형
ADASYN + 로지스틱,5,0.743801652892562,0.5454545454545454,E2 불량 시기 안 (샷 0~60),공정 값 23,불균형
ADASYN + 로지스틱,6,0.5702479338842975,0.5619834710743802,E2 불량 시기 안 (샷 0~60),공정 값 23,불균형
ADASYN + 로지스틱,7,0.8347107438016529,0.6611570247933884,E2 불량 시기 안 (샷 0~60),공정 값 23,불균형
ADASYN + 로지스틱,8,0.6942148760330579,0.628099173553719,E2 불량 시기 안 (샷 0~60),공정 값 23,불균형
ADASYN + 로지스틱,9,0.5702479338842975,0.4628099173553719,E2 불량 시기 안 (샷 0~60),공정 값 23,불균형
SMOTE + 랜덤포레스트,0,0.7355371900826446,0.6776859504132231,E2 불량 시기 안 (샷 0~60),공정 값 23,불균형
SMOTE + 랜덤포레스트,1,0.6033057851239669,0.5537190082644629,E2 불량 시기 안 (샷 0~60),공정 값 23,불균형
SMOTE + 랜덤포레스트,2,0.6859504132231405,0.6611570247933884,E2 불량 시기 안 (샷 0~60),공정 값 23,불균형
SMOTE + 랜덤포레스트,3,0.6446280991735537,0.5206611570247934,E2 불량 시기 안 (샷 0~60),공정 값 23,불균형
SMOTE + 랜덤포레스트,4,0.9504132231404959,0.7933884297520661,E2 불량 시기 안 (샷 0~60),공정 값 23,불균형
SMOTE + 랜덤포레스트,5,0.628099173553719,0.6198347107438017,E2 불량 시기 안 (샷 0~60),공정 값 23,불균형
SMOTE + 랜덤포레스트,6,0.8016528925619835,0.743801652892562,E2 불량 시기 안 (샷 0~60),공정 값 23,불균형
SMOTE + 랜덤포레스트,7,0.8181818181818182,0.8016528925619835,E2 불량 시기 안 (샷 0~60),공정 값 23,불균형
SMOTE + 랜덤포레스트,8,0.7933884297520661,0.7851239669421488,E2 불량 시기 안 (샷 0~60),공정 값 23,불균형
SMOTE + 랜덤포레스트,9,0.8099173553719008,0.7851239669421488,E2 불량 시기 안 (샷 0~60),공정 값 23,불균형
Balanced 랜덤포레스트,0,0.5702479338842975,0.4793388429752066,E2 불량 시기 안 (샷 0~60),공정 값 23,불균형
Balanced 랜덤포레스트,1,0.47107438016528924,0.4628099173553719,E2 불량 시기 안 (샷 0~60),공정 값 23,불균형
Balanced 랜덤포레스트,2,0.743801652892562,0.7024793388429752,E2 불량 시기 안 (샷 0~60),공정 값 23,불균형
Balanced 랜덤포레스트,3,0.7851239669421488,0.5454545454545454,E2 불량 시기 안 (샷 0~60),공정 값 23,불균형
Balanced 랜덤포레스트,4,0.7768595041322314,0.7107438016528925,E2 불량 시기 안 (샷 0~60),공정 값 23,불균형
Balanced 랜덤포레스트,5,0.5785123966942148,0.38016528925619836,E2 불량 시기 안 (샷 0~60),공정 값 23,불균형
Balanced 랜덤포레스트,6,0.743801652892562,0.6611570247933884,E2 불량 시기 안 (샷 0~60),공정 값 23,불균형
Balanced 랜덤포레스트,7,0.7933884297520661,0.6942148760330579,E2 불량 시기 안 (샷 0~60),공정 값 23,불균형
Balanced 랜덤포레스트,8,0.7107438016528925,0.5371900826446281,E2 불량 시기 안 (샷 0~60),공정 값 23,불균형
Balanced 랜덤포레스트,9,0.7603305785123967,0.743801652892562,E2 불량 시기 안 (샷 0~60),공정 값 23,불균형
EasyEnsemble,0,0.5041322314049587,0.4462809917355372,E2 불량 시기 안 (샷 0~60),공정 값 23,불균형
EasyEnsemble,1,0.6033057851239669,0.5041322314049587,E2 불량 시기 안 (샷 0~60),공정 값 23,불균형
EasyEnsemble,2,0.8264462809917356,0.7355371900826446,E2 불량 시기 안 (샷 0~60),공정 값 23,불균형
EasyEnsemble,3,0.6611570247933884,0.5371900826446281,E2 불량 시기 안 (샷 0~60),공정 값 23,불균형
EasyEnsemble,4,0.859504132231405,0.6942148760330579,E2 불량 시기 안 (샷 0~60),공정 값 23,불균형
EasyEnsemble,5,0.4628099173553719,0.4297520661157025,E2 불량 시기 안 (샷 0~60),공정 값 23,불균형
EasyEnsemble,6,0.7107438016528925,0.6528925619834711,E2 불량 시기 안 (샷 0~60),공정 값 23,불균형
EasyEnsemble,7,0.8925619834710744,0.7107438016528925,E2 불량 시기 안 (샷 0~60),공정 값 23,불균형
EasyEnsemble,8,0.7024793388429752,0.6859504132231405,E2 불량 시기 안 (샷 0~60),공정 값 23,불균형
EasyEnsemble,9,0.7768595041322314,0.7603305785123967,E2 불량 시기 안 (샷 0~60),공정 값 23,불균형
RUSBoost,1,0.7107438016528925,0.48760330578512395,E2 불량 시기 안 (샷 0~60),공정 값 23,불균형
RUSBoost,2,0.768595041322314,0.7107438016528925,E2 불량 시기 안 (샷 0~60),공정 값 23,불균형
RUSBoost,3,0.8512396694214877,0.7603305785123967,E2 불량 시기 안 (샷 0~60),공정 값 23,불균형
RUSBoost,6,0.8429752066115702,0.7024793388429752,E2 불량 시기 안 (샷 0~60),공정 값 23,불균형
RUSBoost,8,0.8264462809917356,0.628099173553719,E2 불량 시기 안 (샷 0~60),공정 값 23,불균형
RUSBoost,9,0.7768595041322314,0.6776859504132231,E2 불량 시기 안 (샷 0~60),공정 값 23,불균형
스태킹 (LR·SVM·RF → LR),0,0.8760330578512396,0.49586776859504134,E2 불량 시기 안 (샷 0~60),공정 값 23,앙상블
스태킹 (LR·SVM·RF → LR),1,0.5702479338842975,0.5619834710743802,E2 불량 시기 안 (샷 0~60),공정 값 23,앙상블
스태킹 (LR·SVM·RF → LR),2,0.7768595041322314,0.5867768595041323,E2 불량 시기 안 (샷 0~60),공정 값 23,앙상블
스태킹 (LR·SVM·RF → LR),3,0.512396694214876,0.49586776859504134,E2 불량 시기 안 (샷 0~60),공정 값 23,앙상블
스태킹 (LR·SVM·RF → LR),4,0.7272727272727273,0.7024793388429752,E2 불량 시기 안 (샷 0~60),공정 값 23,앙상블
스태킹 (LR·SVM·RF → LR),5,0.6942148760330579,0.6115702479338843,E2 불량 시기 안 (샷 0~60),공정 값 23,앙상블
스태킹 (LR·SVM·RF → LR),6,0.743801652892562,0.7272727272727273,E2 불량 시기 안 (샷 0~60),공정 값 23,앙상블
스태킹 (LR·SVM·RF → LR),7,0.8181818181818182,0.7272727272727273,E2 불량 시기 안 (샷 0~60),공정 값 23,앙상블
스태킹 (LR·SVM·RF → LR),8,0.859504132231405,0.5454545454545454,E2 불량 시기 안 (샷 0~60),공정 값 23,앙상블
스태킹 (LR·SVM·RF → LR),9,0.8677685950413223,0.6776859504132231,E2 불량 시기 안 (샷 0~60),공정 값 23,앙상블
로지스틱 (튜닝),0,0.71900826446281,0.6942148760330579,E2 불량 시기 안 (샷 0~60),공정 값 23,튜닝
로지스틱 (튜닝),1,0.71900826446281,0.6528925619834711,E2 불량 시기 안 (샷 0~60),공정 값 23,튜닝
로지스틱 (튜닝),2,0.8842975206611571,0.8099173553719008,E2 불량 시기 안 (샷 0~60),공정 값 23,튜닝
로지스틱 (튜닝),3,0.7768595041322314,0.6859504132231405,E2 불량 시기 안 (샷 0~60),공정 값 23,튜닝
로지스틱 (튜닝),4,0.6446280991735537,0.5371900826446281,E2 불량 시기 안 (샷 0~60),공정 값 23,튜닝
로지스틱 (튜닝),5,0.6942148760330579,0.5454545454545454,E2 불량 시기 안 (샷 0~60),공정 값 23,튜닝
로지스틱 (튜닝),6,0.6528925619834711,0.5619834710743802,E2 불량 시기 안 (샷 0~60),공정 값 23,튜닝
로지스틱 (튜닝),7,0.8925619834710744,0.7603305785123967,E2 불량 시기 안 (샷 0~60),공정 값 23,튜닝
로지스틱 (튜닝),8,0.7520661157024794,0.6942148760330579,E2 불량 시기 안 (샷 0~60),공정 값 23,튜닝
로지스틱 (튜닝),9,0.6776859504132231,0.6198347107438017,E2 불량 시기 안 (샷 0~60),공정 값 23,튜닝
랜덤포레스트 (튜닝),0,0.7603305785123967,0.39669421487603307,E2 불량 시기 안 (샷 0~60),공정 값 23,튜닝
랜덤포레스트 (튜닝),1,0.5702479338842975,0.4793388429752066,E2 불량 시기 안 (샷 0~60),공정 값 23,튜닝
랜덤포레스트 (튜닝),2,0.9173553719008265,0.5371900826446281,E2 불량 시기 안 (샷 0~60),공정 값 23,튜닝
랜덤포레스트 (튜닝),3,0.7024793388429752,0.6115702479338843,E2 불량 시기 안 (샷 0~60),공정 값 23,튜닝
랜덤포레스트 (튜닝),4,0.628099173553719,0.6198347107438017,E2 불량 시기 안 (샷 0~60),공정 값 23,튜닝
랜덤포레스트 (튜닝),5,0.5206611570247934,0.512396694214876,E2 불량 시기 안 (샷 0~60),공정 값 23,튜닝
랜덤포레스트 (튜닝),6,0.7355371900826446,0.628099173553719,E2 불량 시기 안 (샷 0~60),공정 값 23,튜닝
랜덤포레스트 (튜닝),7,0.8181818181818182,0.6446280991735537,E2 불량 시기 안 (샷 0~60),공정 값 23,튜닝
랜덤포레스트 (튜닝),8,0.7107438016528925,0.45454545454545453,E2 불량 시기 안 (샷 0~60),공정 값 23,튜닝
랜덤포레스트 (튜닝),9,0.7768595041322314,0.7603305785123967,E2 불량 시기 안 (샷 0~60),공정 값 23,튜닝
XGBoost (튜닝),0,0.6528925619834711,0.5867768595041323,E2 불량 시기 안 (샷 0~60),공정 값 23,튜닝
XGBoost (튜닝),1,0.6446280991735537,0.6363636363636364,E2 불량 시기 안 (샷 0~60),공정 값 23,튜닝
XGBoost (튜닝),2,0.743801652892562,0.6198347107438017,E2 불량 시기 안 (샷 0~60),공정 값 23,튜닝
XGBoost (튜닝),3,0.6198347107438017,0.6033057851239669,E2 불량 시기 안 (샷 0~60),공정 값 23,튜닝
XGBoost (튜닝),4,0.5785123966942148,0.4793388429752066,E2 불량 시기 안 (샷 0~60),공정 값 23,튜닝
XGBoost (튜닝),5,0.7768595041322314,0.4628099173553719,E2 불량 시기 안 (샷 0~60),공정 값 23,튜닝
XGBoost (튜닝),6,0.7933884297520661,0.7851239669421488,E2 불량 시기 안 (샷 0~60),공정 값 23,튜닝
XGBoost (튜닝),7,0.7272727272727273,0.6363636363636364,E2 불량 시기 안 (샷 0~60),공정 값 23,튜닝
XGBoost (튜닝),8,0.7107438016528925,0.7024793388429752,E2 불량 시기 안 (샷 0~60),공정 값 23,튜닝
XGBoost (튜닝),9,0.8429752066115702,0.6611570247933884,E2 불량 시기 안 (샷 0~60),공정 값 23,튜닝
LightGBM (튜닝),0,0.2809917355371901,0.256198347107438,E2 불량 시기 안 (샷 0~60),공정 값 23,튜닝
LightGBM (튜닝),1,0.7272727272727273,0.5206611570247934,E2 불량 시기 안 (샷 0~60),공정 값 23,튜닝
LightGBM (튜닝),2,0.6859504132231405,0.6776859504132231,E2 불량 시기 안 (샷 0~60),공정 값 23,튜닝
LightGBM (튜닝),3,0.6859504132231405,0.5785123966942148,E2 불량 시기 안 (샷 0~60),공정 값 23,튜닝
LightGBM (튜닝),4,0.7768595041322314,0.5785123966942148,E2 불량 시기 안 (샷 0~60),공정 값 23,튜닝
LightGBM (튜닝),5,0.5454545454545454,0.4049586776859504,E2 불량 시기 안 (샷 0~60),공정 값 23,튜닝
LightGBM (튜닝),6,0.71900826446281,0.512396694214876,E2 불량 시기 안 (샷 0~60),공정 값 23,튜닝
LightGBM (튜닝),7,0.7933884297520661,0.7355371900826446,E2 불량 시기 안 (샷 0~60),공정 값 23,튜닝
LightGBM (튜닝),8,0.5371900826446281,0.4628099173553719,E2 불량 시기 안 (샷 0~60),공정 값 23,튜닝
LightGBM (튜닝),9,0.7024793388429752,0.6942148760330579,E2 불량 시기 안 (샷 0~60),공정 값 23,튜닝
CatBoost (튜닝),0,0.7603305785123967,0.5537190082644629,E2 불량 시기 안 (샷 0~60),공정 값 23,튜닝
CatBoost (튜닝),1,0.5537190082644629,0.5454545454545454,E2 불량 시기 안 (샷 0~60),공정 값 23,튜닝
CatBoost (튜닝),2,0.8347107438016529,0.4628099173553719,E2 불량 시기 안 (샷 0~60),공정 값 23,튜닝
CatBoost (튜닝),3,0.7851239669421488,0.6611570247933884,E2 불량 시기 안 (샷 0~60),공정 값 23,튜닝
CatBoost (튜닝),4,0.6776859504132231,0.6611570247933884,E2 불량 시기 안 (샷 0~60),공정 값 23,튜닝
CatBoost (튜닝),5,0.38016528925619836,0.371900826446281,E2 불량 시기 안 (샷 0~60),공정 값 23,튜닝
CatBoost (튜닝),6,0.9504132231404959,0.8264462809917356,E2 불량 시기 안 (샷 0~60),공정 값 23,튜닝
CatBoost (튜닝),7,0.8925619834710744,0.8760330578512396,E2 불량 시기 안 (샷 0~60),공정 값 23,튜닝
CatBoost (튜닝),8,0.7272727272727273,0.5702479338842975,E2 불량 시기 안 (샷 0~60),공정 값 23,튜닝
CatBoost (튜닝),9,0.9090909090909091,0.7603305785123967,E2 불량 시기 안 (샷 0~60),공정 값 23,튜닝
Isolation Forest,0,0.9008264462809917,0.8760330578512396,E2 불량 시기 안 (샷 0~60),공정 값 23,이상탐지
Isolation Forest,1,0.9586776859504132,0.8099173553719008,E2 불량 시기 안 (샷 0~60),공정 값 23,이상탐지
Isolation Forest,2,1.0,0.9752066115702479,E2 불량 시기 안 (샷 0~60),공정 값 23,이상탐지
Isolation Forest,3,0.9752066115702479,0.9173553719008265,E2 불량 시기 안 (샷 0~60),공정 값 23,이상탐지
Isolation Forest,4,0.8842975206611571,0.8099173553719008,E2 불량 시기 안 (샷 0~60),공정 값 23,이상탐지
Isolation Forest,5,0.9586776859504132,0.9008264462809917,E2 불량 시기 안 (샷 0~60),공정 값 23,이상탐지
Isolation Forest,6,0.9586776859504132,0.9090909090909091,E2 불량 시기 안 (샷 0~60),공정 값 23,이상탐지
Isolation Forest,7,0.9669421487603306,0.9173553719008265,E2 불량 시기 안 (샷 0~60),공정 값 23,이상탐지
Isolation Forest,8,0.8925619834710744,0.859504132231405,E2 불량 시기 안 (샷 0~60),공정 값 23,이상탐지
Isolation Forest,9,0.9090909090909091,0.8181818181818182,E2 불량 시기 안 (샷 0~60),공정 값 23,이상탐지
LOF (novelty),0,0.9834710743801653,0.9504132231404959,E2 불량 시기 안 (샷 0~60),공정 값 23,이상탐지
LOF (novelty),1,0.9008264462809917,0.8347107438016529,E2 불량 시기 안 (샷 0~60),공정 값 23,이상탐지
LOF (novelty),2,1.0,0.9090909090909091,E2 불량 시기 안 (샷 0~60),공정 값 23,이상탐지
LOF (novelty),3,1.0,0.8925619834710744,E2 불량 시기 안 (샷 0~60),공정 값 23,이상탐지
LOF (novelty),4,0.9917355371900827,0.859504132231405,E2 불량 시기 안 (샷 0~60),공정 값 23,이상탐지
LOF (novelty),5,0.9834710743801653,0.9669421487603306,E2 불량 시기 안 (샷 0~60),공정 값 23,이상탐지
LOF (novelty),6,0.9917355371900827,0.9256198347107438,E2 불량 시기 안 (샷 0~60),공정 값 23,이상탐지
LOF (novelty),7,0.8842975206611571,0.8677685950413223,E2 불량 시기 안 (샷 0~60),공정 값 23,이상탐지
LOF (novelty),8,0.9917355371900827,0.9834710743801653,E2 불량 시기 안 (샷 0~60),공정 값 23,이상탐지
LOF (novelty),9,0.9917355371900827,0.8677685950413223,E2 불량 시기 안 (샷 0~60),공정 값 23,이상탐지
One-Class SVM,0,0.9834710743801653,0.7851239669421488,E2 불량 시기 안 (샷 0~60),공정 값 23,이상탐지
One-Class SVM,1,0.8760330578512396,0.8016528925619835,E2 불량 시기 안 (샷 0~60),공정 값 23,이상탐지
One-Class SVM,2,0.8264462809917356,0.8099173553719008,E2 불량 시기 안 (샷 0~60),공정 값 23,이상탐지
One-Class SVM,3,0.8099173553719008,0.7933884297520661,E2 불량 시기 안 (샷 0~60),공정 값 23,이상탐지
One-Class SVM,4,0.9256198347107438,0.8842975206611571,E2 불량 시기 안 (샷 0~60),공정 값 23,이상탐지
One-Class SVM,5,0.9669421487603306,0.7603305785123967,E2 불량 시기 안 (샷 0~60),공정 값 23,이상탐지
One-Class SVM,6,0.9917355371900827,0.8264462809917356,E2 불량 시기 안 (샷 0~60),공정 값 23,이상탐지
One-Class SVM,7,0.8677685950413223,0.8512396694214877,E2 불량 시기 안 (샷 0~60),공정 값 23,이상탐지
One-Class SVM,8,0.8925619834710744,0.8677685950413223,E2 불량 시기 안 (샷 0~60),공정 값 23,이상탐지
One-Class SVM,9,0.8264462809917356,0.8181818181818182,E2 불량 시기 안 (샷 0~60),공정 값 23,이상탐지
Elliptic Envelope,0,0.9834710743801653,0.7107438016528925,E2 불량 시기 안 (샷 0~60),공정 값 23,이상탐지
Elliptic Envelope,1,0.9917355371900827,0.9173553719008265,E2 불량 시기 안 (샷 0~60),공정 값 23,이상탐지
Elliptic Envelope,2,0.9504132231404959,0.7851239669421488,E2 불량 시기 안 (샷 0~60),공정 값 23,이상탐지
Elliptic Envelope,3,0.9421487603305785,0.7107438016528925,E2 불량 시기 안 (샷 0~60),공정 값 23,이상탐지
Elliptic Envelope,4,0.9256198347107438,0.743801652892562,E2 불량 시기 안 (샷 0~60),공정 값 23,이상탐지
Elliptic Envelope,5,0.9669421487603306,0.9008264462809917,E2 불량 시기 안 (샷 0~60),공정 값 23,이상탐지
Elliptic Envelope,6,0.9917355371900827,0.8677685950413223,E2 불량 시기 안 (샷 0~60),공정 값 23,이상탐지
Elliptic Envelope,7,0.9586776859504132,0.7272727272727273,E2 불량 시기 안 (샷 0~60),공정 값 23,이상탐지
Elliptic Envelope,8,0.9586776859504132,0.768595041322314,E2 불량 시기 안 (샷 0~60),공정 값 23,이상탐지
Elliptic Envelope,9,0.9834710743801653,0.8264462809917356,E2 불량 시기 안 (샷 0~60),공정 값 23,이상탐지
"순위 평균 앙상블 (5종, 사전 고정)",0,0.7107438016528925,0.5289256198347108,E2 불량 시기 안 (샷 0~60),공정 값 23,앙상블
"순위 평균 앙상블 (5종, 사전 고정)",1,0.628099173553719,0.5619834710743802,E2 불량 시기 안 (샷 0~60),공정 값 23,앙상블
"순위 평균 앙상블 (5종, 사전 고정)",2,0.8264462809917356,0.7851239669421488,E2 불량 시기 안 (샷 0~60),공정 값 23,앙상블
"순위 평균 앙상블 (5종, 사전 고정)",3,0.859504132231405,0.5454545454545454,E2 불량 시기 안 (샷 0~60),공정 값 23,앙상블
"순위 평균 앙상블 (5종, 사전 고정)",4,0.7107438016528925,0.6528925619834711,E2 불량 시기 안 (샷 0~60),공정 값 23,앙상블
"순위 평균 앙상블 (5종, 사전 고정)",5,0.5537190082644629,0.4462809917355372,E2 불량 시기 안 (샷 0~60),공정 값 23,앙상블
"순위 평균 앙상블 (5종, 사전 고정)",6,0.7355371900826446,0.6528925619834711,E2 불량 시기 안 (샷 0~60),공정 값 23,앙상블
"순위 평균 앙상블 (5종, 사전 고정)",7,0.6694214876033058,0.6363636363636364,E2 불량 시기 안 (샷 0~60),공정 값 23,앙상블
"순위 평균 앙상블 (5종, 사전 고정)",8,0.628099173553719,0.5619834710743802,E2 불량 시기 안 (샷 0~60),공정 값 23,앙상블
"순위 평균 앙상블 (5종, 사전 고정)",9,0.6776859504132231,0.6115702479338843,E2 불량 시기 안 (샷 0~60),공정 값 23,앙상블
부스팅 튜닝 3종 평균 (사후 선택),0,0.5206611570247934,0.5041322314049587,E2 불량 시기 안 (샷 0~60),공정 값 23,앙상블
부스팅 튜닝 3종 평균 (사후 선택),1,0.5950413223140496,0.48760330578512395,E2 불량 시기 안 (샷 0~60),공정 값 23,앙상블
부스팅 튜닝 3종 평균 (사후 선택),2,0.8264462809917356,0.5371900826446281,E2 불량 시기 안 (샷 0~60),공정 값 23,앙상블
부스팅 튜닝 3종 평균 (사후 선택),3,0.6033057851239669,0.5537190082644629,E2 불량 시기 안 (샷 0~60),공정 값 23,앙상블
부스팅 튜닝 3종 평균 (사후 선택),4,0.6115702479338843,0.5702479338842975,E2 불량 시기 안 (샷 0~60),공정 값 23,앙상블
부스팅 튜닝 3종 평균 (사후 선택),5,0.45454545454545453,0.4297520661157025,E2 불량 시기 안 (샷 0~60),공정 값 23,앙상블
부스팅 튜닝 3종 평균 (사후 선택),6,0.743801652892562,0.7024793388429752,E2 불량 시기 안 (샷 0~60),공정 값 23,앙상블
부스팅 튜닝 3종 평균 (사후 선택),7,0.8677685950413223,0.8099173553719008,E2 불량 시기 안 (샷 0~60),공정 값 23,앙상블
부스팅 튜닝 3종 평균 (사후 선택),8,0.6198347107438017,0.5537190082644629,E2 불량 시기 안 (샷 0~60),공정 값 23,앙상블
부스팅 튜닝 3종 평균 (사후 선택),9,0.8099173553719008,0.7603305785123967,E2 불량 시기 안 (샷 0~60),공정 값 23,앙상블
로지스틱 L2,0,0.5702479338842975,0.4380165289256198,E2 불량 시기 안 (샷 0~60),공정 값 23 + pair_pos,선형
로지스틱 L2,1,0.628099173553719,0.4462809917355372,E2 불량 시기 안 (샷 0~60),공정 값 23 + pair_pos,선형
로지스틱 L2,2,0.5619834710743802,0.4297520661157025,E2 불량 시기 안 (샷 0~60),공정 값 23 + pair_pos,선형
로지스틱 L2,3,0.6694214876033058,0.5371900826446281,E2 불량 시기 안 (샷 0~60),공정 값 23 + pair_pos,선형
로지스틱 L2,4,0.6446280991735537,0.5619834710743802,E2 불량 시기 안 (샷 0~60),공정 값 23 + pair_pos,선형
로지스틱 L2,5,0.6115702479338843,0.4049586776859504,E2 불량 시기 안 (샷 0~60),공정 값 23 + pair_pos,선형
로지스틱 L2,6,0.5702479338842975,0.45454545454545453,E2 불량 시기 안 (샷 0~60),공정 값 23 + pair_pos,선형
로지스틱 L2,7,0.6942148760330579,0.5867768595041323,E2 불량 시기 안 (샷 0~60),공정 값 23 + pair_pos,선형
로지스틱 L2,8,0.628099173553719,0.4462809917355372,E2 불량 시기 안 (샷 0~60),공정 값 23 + pair_pos,선형
로지스틱 L2,9,0.6611570247933884,0.5537190082644629,E2 불량 시기 안 (샷 0~60),공정 값 23 + pair_pos,선형
로지스틱 L1,0,0.71900826446281,0.5041322314049587,E2 불량 시기 안 (샷 0~60),공정 값 23 + pair_pos,선형
로지스틱 L1,1,0.8264462809917356,0.36363636363636365,E2 불량 시기 안 (샷 0~60),공정 값 23 + pair_pos,선형
로지스틱 L1,2,0.7024793388429752,0.6528925619834711,E2 불량 시기 안 (샷 0~60),공정 값 23 + pair_pos,선형
로지스틱 L1,3,0.71900826446281,0.628099173553719,E2 불량 시기 안 (샷 0~60),공정 값 23 + pair_pos,선형
로지스틱 L1,4,0.8099173553719008,0.5206611570247934,E2 불량 시기 안 (샷 0~60),공정 값 23 + pair_pos,선형
로지스틱 L1,5,0.7272727272727273,0.36363636363636365,E2 불량 시기 안 (샷 0~60),공정 값 23 + pair_pos,선형
로지스틱 L1,6,0.6528925619834711,0.5041322314049587,E2 불량 시기 안 (샷 0~60),공정 값 23 + pair_pos,선형
로지스틱 L1,7,0.8181818181818182,0.6363636363636364,E2 불량 시기 안 (샷 0~60),공정 값 23 + pair_pos,선형
로지스틱 L1,8,0.8264462809917356,0.4462809917355372,E2 불량 시기 안 (샷 0~60),공정 값 23 + pair_pos,선형
로지스틱 L1,9,0.7107438016528925,0.49586776859504134,E2 불량 시기 안 (샷 0~60),공정 값 23 + pair_pos,선형
로지스틱 ElasticNet,0,0.6776859504132231,0.4049586776859504,E2 불량 시기 안 (샷 0~60),공정 값 23 + pair_pos,선형
로지스틱 ElasticNet,1,0.7851239669421488,0.36363636363636365,E2 불량 시기 안 (샷 0~60),공정 값 23 + pair_pos,선형
로지스틱 ElasticNet,2,0.628099173553719,0.512396694214876,E2 불량 시기 안 (샷 0~60),공정 값 23 + pair_pos,선형
로지스틱 ElasticNet,3,0.6776859504132231,0.628099173553719,E2 불량 시기 안 (샷 0~60),공정 값 23 + pair_pos,선형
로지스틱 ElasticNet,4,0.768595041322314,0.5289256198347108,E2 불량 시기 안 (샷 0~60),공정 값 23 + pair_pos,선형
로지스틱 ElasticNet,5,0.6859504132231405,0.36363636363636365,E2 불량 시기 안 (샷 0~60),공정 값 23 + pair_pos,선형
로지스틱 ElasticNet,6,0.6942148760330579,0.4462809917355372,E2 불량 시기 안 (샷 0~60),공정 값 23 + pair_pos,선형
로지스틱 ElasticNet,7,0.7272727272727273,0.5289256198347108,E2 불량 시기 안 (샷 0~60),공정 값 23 + pair_pos,선형
로지스틱 ElasticNet,8,0.743801652892562,0.4462809917355372,E2 불량 시기 안 (샷 0~60),공정 값 23 + pair_pos,선형
로지스틱 ElasticNet,9,0.7107438016528925,0.5537190082644629,E2 불량 시기 안 (샷 0~60),공정 값 23 + pair_pos,선형
LDA (shrinkage),0,0.7603305785123967,0.5371900826446281,E2 불량 시기 안 (샷 0~60),공정 값 23 + pair_pos,선형
LDA (shrinkage),1,0.8264462809917356,0.5371900826446281,E2 불량 시기 안 (샷 0~60),공정 값 23 + pair_pos,선형
LDA (shrinkage),2,0.6033057851239669,0.5454545454545454,E2 불량 시기 안 (샷 0~60),공정 값 23 + pair_pos,선형
LDA (shrinkage),3,0.6363636363636364,0.5867768595041323,E2 불량 시기 안 (샷 0~60),공정 값 23 + pair_pos,선형
LDA (shrinkage),4,0.8099173553719008,0.6033057851239669,E2 불량 시기 안 (샷 0~60),공정 값 23 + pair_pos,선형
LDA (shrinkage),5,0.6033057851239669,0.5454545454545454,E2 불량 시기 안 (샷 0~60),공정 값 23 + pair_pos,선형
LDA (shrinkage),6,0.7272727272727273,0.5371900826446281,E2 불량 시기 안 (샷 0~60),공정 값 23 + pair_pos,선형
LDA (shrinkage),7,0.8181818181818182,0.6776859504132231,E2 불량 시기 안 (샷 0~60),공정 값 23 + pair_pos,선형
LDA (shrinkage),8,0.6694214876033058,0.6033057851239669,E2 불량 시기 안 (샷 0~60),공정 값 23 + pair_pos,선형
LDA (shrinkage),9,0.7520661157024794,0.512396694214876,E2 불량 시기 안 (샷 0~60),공정 값 23 + pair_pos,선형
나이브 베이즈,0,0.768595041322314,0.743801652892562,E2 불량 시기 안 (샷 0~60),공정 값 23 + pair_pos,확률
나이브 베이즈,1,0.8181818181818182,0.6611570247933884,E2 불량 시기 안 (샷 0~60),공정 값 23 + pair_pos,확률
나이브 베이즈,2,0.859504132231405,0.6033057851239669,E2 불량 시기 안 (샷 0~60),공정 값 23 + pair_pos,확률
나이브 베이즈,3,0.859504132231405,0.6942148760330579,E2 불량 시기 안 (샷 0~60),공정 값 23 + pair_pos,확률
나이브 베이즈,4,0.8099173553719008,0.7024793388429752,E2 불량 시기 안 (샷 0~60),공정 값 23 + pair_pos,확률
나이브 베이즈,5,0.8842975206611571,0.5041322314049587,E2 불량 시기 안 (샷 0~60),공정 값 23 + pair_pos,확률
나이브 베이즈,6,0.8429752066115702,0.7355371900826446,E2 불량 시기 안 (샷 0~60),공정 값 23 + pair_pos,확률
나이브 베이즈,7,0.9256198347107438,0.768595041322314,E2 불량 시기 안 (샷 0~60),공정 값 23 + pair_pos,확률
나이브 베이즈,8,0.8842975206611571,0.8181818181818182,E2 불량 시기 안 (샷 0~60),공정 값 23 + pair_pos,확률
나이브 베이즈,9,0.8016528925619835,0.7024793388429752,E2 불량 시기 안 (샷 0~60),공정 값 23 + pair_pos,확률
kNN (k=15),0,0.9421487603305785,0.8842975206611571,E2 불량 시기 안 (샷 0~60),공정 값 23 + pair_pos,거리
kNN (k=15),1,0.9669421487603306,0.8512396694214877,E2 불량 시기 안 (샷 0~60),공정 값 23 + pair_pos,거리
kNN (k=15),2,0.9669421487603306,0.8512396694214877,E2 불량 시기 안 (샷 0~60),공정 값 23 + pair_pos,거리
kNN (k=15),3,0.9090909090909091,0.8347107438016529,E2 불량 시기 안 (샷 0~60),공정 값 23 + pair_pos,거리
kNN (k=15),4,1.0,0.9173553719008265,E2 불량 시기 안 (샷 0~60),공정 값 23 + pair_pos,거리
kNN (k=15),5,0.9008264462809917,0.8842975206611571,E2 불량 시기 안 (샷 0~60),공정 값 23 + pair_pos,거리
kNN (k=15),6,0.9338842975206612,0.71900826446281,E2 불량 시기 안 (샷 0~60),공정 값 23 + pair_pos,거리
kNN (k=15),7,0.9834710743801653,0.9338842975206612,E2 불량 시기 안 (샷 0~60),공정 값 23 + pair_pos,거리
kNN (k=15),8,0.8842975206611571,0.8677685950413223,E2 불량 시기 안 (샷 0~60),공정 값 23 + pair_pos,거리
kNN (k=15),9,0.9421487603305785,0.7603305785123967,E2 불량 시기 안 (샷 0~60),공정 값 23 + pair_pos,거리
SVM 선형,0,0.5289256198347108,0.5206611570247934,E2 불량 시기 안 (샷 0~60),공정 값 23 + pair_pos,커널
SVM 선형,1,0.628099173553719,0.48760330578512395,E2 불량 시기 안 (샷 0~60),공정 값 23 + pair_pos,커널
SVM 선형,2,0.5867768595041323,0.4793388429752066,E2 불량 시기 안 (샷 0~60),공정 값 23 + pair_pos,커널
SVM 선형,3,0.628099173553719,0.5206611570247934,E2 불량 시기 안 (샷 0~60),공정 값 23 + pair_pos,커널
SVM 선형,4,0.768595041322314,0.5289256198347108,E2 불량 시기 안 (샷 0~60),공정 값 23 + pair_pos,커널
SVM 선형,5,0.6033057851239669,0.3305785123966942,E2 불량 시기 안 (샷 0~60),공정 값 23 + pair_pos,커널
SVM 선형,6,0.6942148760330579,0.4132231404958678,E2 불량 시기 안 (샷 0~60),공정 값 23 + pair_pos,커널
SVM 선형,7,0.6115702479338843,0.45454545454545453,E2 불량 시기 안 (샷 0~60),공정 값 23 + pair_pos,커널
SVM 선형,8,0.7024793388429752,0.4462809917355372,E2 불량 시기 안 (샷 0~60),공정 값 23 + pair_pos,커널
SVM 선형,9,0.6198347107438017,0.5537190082644629,E2 불량 시기 안 (샷 0~60),공정 값 23 + pair_pos,커널
SVM RBF,0,0.768595041322314,0.6942148760330579,E2 불량 시기 안 (샷 0~60),공정 값 23 + pair_pos,커널
SVM RBF,1,0.8264462809917356,0.7768595041322314,E2 불량 시기 안 (샷 0~60),공정 값 23 + pair_pos,커널
SVM RBF,2,0.768595041322314,0.6694214876033058,E2 불량 시기 안 (샷 0~60),공정 값 23 + pair_pos,커널
SVM RBF,3,0.7933884297520661,0.6694214876033058,E2 불량 시기 안 (샷 0~60),공정 값 23 + pair_pos,커널
SVM RBF,4,0.7851239669421488,0.7768595041322314,E2 불량 시기 안 (샷 0~60),공정 값 23 + pair_pos,커널
SVM RBF,5,0.859504132231405,0.7272727272727273,E2 불량 시기 안 (샷 0~60),공정 값 23 + pair_pos,커널
SVM RBF,6,0.6528925619834711,0.5371900826446281,E2 불량 시기 안 (샷 0~60),공정 값 23 + pair_pos,커널
SVM RBF,7,0.7272727272727273,0.71900826446281,E2 불량 시기 안 (샷 0~60),공정 값 23 + pair_pos,커널
SVM RBF,8,0.9504132231404959,0.8512396694214877,E2 불량 시기 안 (샷 0~60),공정 값 23 + pair_pos,커널
SVM RBF,9,0.7933884297520661,0.7107438016528925,E2 불량 시기 안 (샷 0~60),공정 값 23 + pair_pos,커널
MLP,0,0.49586776859504134,0.35537190082644626,E2 불량 시기 안 (샷 0~60),공정 값 23 + pair_pos,신경망
MLP,1,0.7355371900826446,0.5619834710743802,E2 불량 시기 안 (샷 0~60),공정 값 23 + pair_pos,신경망
MLP,2,0.7933884297520661,0.4793388429752066,E2 불량 시기 안 (샷 0~60),공정 값 23 + pair_pos,신경망
MLP,3,0.6859504132231405,0.6363636363636364,E2 불량 시기 안 (샷 0~60),공정 값 23 + pair_pos,신경망
MLP,4,0.8264462809917356,0.6363636363636364,E2 불량 시기 안 (샷 0~60),공정 값 23 + pair_pos,신경망
MLP,5,0.6363636363636364,0.6033057851239669,E2 불량 시기 안 (샷 0~60),공정 값 23 + pair_pos,신경망
MLP,6,0.7355371900826446,0.6694214876033058,E2 불량 시기 안 (샷 0~60),공정 값 23 + pair_pos,신경망
MLP,7,0.8677685950413223,0.6446280991735537,E2 불량 시기 안 (샷 0~60),공정 값 23 + pair_pos,신경망
MLP,8,0.7272727272727273,0.628099173553719,E2 불량 시기 안 (샷 0~60),공정 값 23 + pair_pos,신경망
MLP,9,0.6446280991735537,0.6198347107438017,E2 불량 시기 안 (샷 0~60),공정 값 23 + pair_pos,신경망
결정트리 (depth 4),0,0.9834710743801653,0.9338842975206612,E2 불량 시기 안 (샷 0~60),공정 값 23 + pair_pos,트리
결정트리 (depth 4),1,1.0,0.9669421487603306,E2 불량 시기 안 (샷 0~60),공정 값 23 + pair_pos,트리
결정트리 (depth 4),2,0.8842975206611571,0.859504132231405,E2 불량 시기 안 (샷 0~60),공정 값 23 + pair_pos,트리
결정트리 (depth 4),3,0.9669421487603306,0.9421487603305785,E2 불량 시기 안 (샷 0~60),공정 값 23 + pair_pos,트리
결정트리 (depth 4),4,0.9173553719008265,0.8099173553719008,E2 불량 시기 안 (샷 0~60),공정 값 23 + pair_pos,트리
결정트리 (depth 4),5,0.9669421487603306,0.8264462809917356,E2 불량 시기 안 (샷 0~60),공정 값 23 + pair_pos,트리
결정트리 (depth 4),6,0.7107438016528925,0.6694214876033058,E2 불량 시기 안 (샷 0~60),공정 값 23 + pair_pos,트리
결정트리 (depth 4),7,0.9752066115702479,0.9256198347107438,E2 불량 시기 안 (샷 0~60),공정 값 23 + pair_pos,트리
결정트리 (depth 4),8,0.9752066115702479,0.8677685950413223,E2 불량 시기 안 (샷 0~60),공정 값 23 + pair_pos,트리
결정트리 (depth 4),9,0.9338842975206612,0.768595041322314,E2 불량 시기 안 (샷 0~60),공정 값 23 + pair_pos,트리
랜덤포레스트,0,0.5537190082644629,0.4297520661157025,E2 불량 시기 안 (샷 0~60),공정 값 23 + pair_pos,트리
랜덤포레스트,1,0.7024793388429752,0.4462809917355372,E2 불량 시기 안 (샷 0~60),공정 값 23 + pair_pos,트리
랜덤포레스트,2,0.6694214876033058,0.5950413223140496,E2 불량 시기 안 (샷 0~60),공정 값 23 + pair_pos,트리
랜덤포레스트,3,0.5950413223140496,0.512396694214876,E2 불량 시기 안 (샷 0~60),공정 값 23 + pair_pos,트리
랜덤포레스트,4,0.768595041322314,0.5950413223140496,E2 불량 시기 안 (샷 0~60),공정 값 23 + pair_pos,트리
랜덤포레스트,5,0.6033057851239669,0.2892561983471074,E2 불량 시기 안 (샷 0~60),공정 값 23 + pair_pos,트리
랜덤포레스트,6,0.6363636363636364,0.6033057851239669,E2 불량 시기 안 (샷 0~60),공정 값 23 + pair_pos,트리
랜덤포레스트,7,0.628099173553719,0.5867768595041323,E2 불량 시기 안 (샷 0~60),공정 값 23 + pair_pos,트리
랜덤포레스트,8,0.5702479338842975,0.5454545454545454,E2 불량 시기 안 (샷 0~60),공정 값 23 + pair_pos,트리
랜덤포레스트,9,0.8429752066115702,0.5206611570247934,E2 불량 시기 안 (샷 0~60),공정 값 23 + pair_pos,트리
엑스트라트리,0,0.8347107438016529,0.4628099173553719,E2 불량 시기 안 (샷 0~60),공정 값 23 + pair_pos,트리
엑스트라트리,1,0.6694214876033058,0.4049586776859504,E2 불량 시기 안 (샷 0~60),공정 값 23 + pair_pos,트리
엑스트라트리,2,0.6694214876033058,0.5289256198347108,E2 불량 시기 안 (샷 0~60),공정 값 23 + pair_pos,트리
엑스트라트리,3,0.768595041322314,0.49586776859504134,E2 불량 시기 안 (샷 0~60),공정 값 23 + pair_pos,트리
엑스트라트리,4,0.6528925619834711,0.6363636363636364,E2 불량 시기 안 (샷 0~60),공정 값 23 + pair_pos,트리
엑스트라트리,5,0.6033057851239669,0.48760330578512395,E2 불량 시기 안 (샷 0~60),공정 값 23 + pair_pos,트리
엑스트라트리,6,0.6528925619834711,0.5537190082644629,E2 불량 시기 안 (샷 0~60),공정 값 23 + pair_pos,트리
엑스트라트리,7,0.768595041322314,0.6859504132231405,E2 불량 시기 안 (샷 0~60),공정 값 23 + pair_pos,트리
엑스트라트리,8,0.6033057851239669,0.5867768595041323,E2 불량 시기 안 (샷 0~60),공정 값 23 + pair_pos,트리
엑스트라트리,9,0.7520661157024794,0.4793388429752066,E2 불량 시기 안 (샷 0~60),공정 값 23 + pair_pos,트리
AdaBoost,0,0.6776859504132231,0.47107438016528924,E2 불량 시기 안 (샷 0~60),공정 값 23 + pair_pos,부스팅
AdaBoost,1,0.9090909090909091,0.3140495867768595,E2 불량 시기 안 (샷 0~60),공정 값 23 + pair_pos,부스팅
AdaBoost,2,0.8677685950413223,0.5371900826446281,E2 불량 시기 안 (샷 0~60),공정 값 23 + pair_pos,부스팅
AdaBoost,3,0.8760330578512396,0.7272727272727273,E2 불량 시기 안 (샷 0~60),공정 값 23 + pair_pos,부스팅
AdaBoost,4,0.8925619834710744,0.5289256198347108,E2 불량 시기 안 (샷 0~60),공정 값 23 + pair_pos,부스팅
AdaBoost,5,0.768595041322314,0.4462809917355372,E2 불량 시기 안 (샷 0~60),공정 값 23 + pair_pos,부스팅
AdaBoost,6,0.8925619834710744,0.628099173553719,E2 불량 시기 안 (샷 0~60),공정 값 23 + pair_pos,부스팅
AdaBoost,7,0.7768595041322314,0.71900826446281,E2 불량 시기 안 (샷 0~60),공정 값 23 + pair_pos,부스팅
AdaBoost,8,0.7851239669421488,0.4132231404958678,E2 불량 시기 안 (샷 0~60),공정 값 23 + pair_pos,부스팅
AdaBoost,9,0.9256198347107438,0.6033057851239669,E2 불량 시기 안 (샷 0~60),공정 값 23 + pair_pos,부스팅
GradientBoosting,0,0.6776859504132231,0.2975206611570248,E2 불량 시기 안 (샷 0~60),공정 값 23 + pair_pos,부스팅
GradientBoosting,1,0.9504132231404959,0.5371900826446281,E2 불량 시기 안 (샷 0~60),공정 값 23 + pair_pos,부스팅
GradientBoosting,2,0.71900826446281,0.628099173553719,E2 불량 시기 안 (샷 0~60),공정 값 23 + pair_pos,부스팅
GradientBoosting,3,0.6776859504132231,0.4214876033057851,E2 불량 시기 안 (샷 0~60),공정 값 23 + pair_pos,부스팅
GradientBoosting,4,0.7272727272727273,0.48760330578512395,E2 불량 시기 안 (샷 0~60),공정 값 23 + pair_pos,부스팅
GradientBoosting,5,0.7355371900826446,0.39669421487603307,E2 불량 시기 안 (샷 0~60),공정 값 23 + pair_pos,부스팅
GradientBoosting,6,0.6446280991735537,0.5454545454545454,E2 불량 시기 안 (샷 0~60),공정 값 23 + pair_pos,부스팅
GradientBoosting,7,0.8099173553719008,0.628099173553719,E2 불량 시기 안 (샷 0~60),공정 값 23 + pair_pos,부스팅
GradientBoosting,8,0.743801652892562,0.5206611570247934,E2 불량 시기 안 (샷 0~60),공정 값 23 + pair_pos,부스팅
GradientBoosting,9,0.8016528925619835,0.5950413223140496,E2 불량 시기 안 (샷 0~60),공정 값 23 + pair_pos,부스팅
HistGradientBoosting,0,0.5537190082644629,0.5371900826446281,E2 불량 시기 안 (샷 0~60),공정 값 23 + pair_pos,부스팅
HistGradientBoosting,1,0.9917355371900827,0.5702479338842975,E2 불량 시기 안 (샷 0~60),공정 값 23 + pair_pos,부스팅
HistGradientBoosting,2,0.9173553719008265,0.8760330578512396,E2 불량 시기 안 (샷 0~60),공정 값 23 + pair_pos,부스팅
HistGradientBoosting,3,0.9504132231404959,0.8925619834710744,E2 불량 시기 안 (샷 0~60),공정 값 23 + pair_pos,부스팅
HistGradientBoosting,4,0.8099173553719008,0.45454545454545453,E2 불량 시기 안 (샷 0~60),공정 값 23 + pair_pos,부스팅
HistGradientBoosting,5,0.6528925619834711,0.45454545454545453,E2 불량 시기 안 (샷 0~60),공정 값 23 + pair_pos,부스팅
HistGradientBoosting,6,0.5702479338842975,0.5289256198347108,E2 불량 시기 안 (샷 0~60),공정 값 23 + pair_pos,부스팅
HistGradientBoosting,7,0.6694214876033058,0.5867768595041323,E2 불량 시기 안 (샷 0~60),공정 값 23 + pair_pos,부스팅
HistGradientBoosting,8,0.6942148760330579,0.6776859504132231,E2 불량 시기 안 (샷 0~60),공정 값 23 + pair_pos,부스팅
HistGradientBoosting,9,0.8760330578512396,0.7933884297520661,E2 불량 시기 안 (샷 0~60),공정 값 23 + pair_pos,부스팅
XGBoost,0,0.8760330578512396,0.2396694214876033,E2 불량 시기 안 (샷 0~60),공정 값 23 + pair_pos,부스팅
XGBoost,1,0.9090909090909091,0.32231404958677684,E2 불량 시기 안 (샷 0~60),공정 값 23 + pair_pos,부스팅
XGBoost,2,0.7851239669421488,0.49586776859504134,E2 불량 시기 안 (샷 0~60),공정 값 23 + pair_pos,부스팅
XGBoost,3,0.7603305785123967,0.5867768595041323,E2 불량 시기 안 (샷 0~60),공정 값 23 + pair_pos,부스팅
XGBoost,4,0.859504132231405,0.2892561983471074,E2 불량 시기 안 (샷 0~60),공정 값 23 + pair_pos,부스팅
XGBoost,5,0.6528925619834711,0.2644628099173554,E2 불량 시기 안 (샷 0~60),공정 값 23 + pair_pos,부스팅
XGBoost,6,0.6942148760330579,0.5206611570247934,E2 불량 시기 안 (샷 0~60),공정 값 23 + pair_pos,부스팅
XGBoost,7,0.7355371900826446,0.5454545454545454,E2 불량 시기 안 (샷 0~60),공정 값 23 + pair_pos,부스팅
XGBoost,8,0.5867768595041323,0.4793388429752066,E2 불량 시기 안 (샷 0~60),공정 값 23 + pair_pos,부스팅
XGBoost,9,0.9256198347107438,0.512396694214876,E2 불량 시기 안 (샷 0~60),공정 값 23 + pair_pos,부스팅
LightGBM,0,0.7603305785123967,0.2809917355371901,E2 불량 시기 안 (샷 0~60),공정 값 23 + pair_pos,부스팅
LightGBM,1,0.743801652892562,0.4462809917355372,E2 불량 시기 안 (샷 0~60),공정 값 23 + pair_pos,부스팅
LightGBM,2,0.6694214876033058,0.3140495867768595,E2 불량 시기 안 (샷 0~60),공정 값 23 + pair_pos,부스팅
LightGBM,3,0.71900826446281,0.5867768595041323,E2 불량 시기 안 (샷 0~60),공정 값 23 + pair_pos,부스팅
LightGBM,4,0.8099173553719008,0.36363636363636365,E2 불량 시기 안 (샷 0~60),공정 값 23 + pair_pos,부스팅
LightGBM,5,0.6859504132231405,0.3140495867768595,E2 불량 시기 안 (샷 0~60),공정 값 23 + pair_pos,부스팅
LightGBM,6,0.7272727272727273,0.371900826446281,E2 불량 시기 안 (샷 0~60),공정 값 23 + pair_pos,부스팅
LightGBM,7,0.7768595041322314,0.2892561983471074,E2 불량 시기 안 (샷 0~60),공정 값 23 + pair_pos,부스팅
LightGBM,8,0.7024793388429752,0.2396694214876033,E2 불량 시기 안 (샷 0~60),공정 값 23 + pair_pos,부스팅
LightGBM,9,0.9256198347107438,0.5537190082644629,E2 불량 시기 안 (샷 0~60),공정 값 23 + pair_pos,부스팅
CatBoost,0,0.5950413223140496,0.32231404958677684,E2 불량 시기 안 (샷 0~60),공정 값 23 + pair_pos,부스팅
CatBoost,1,0.5867768595041323,0.48760330578512395,E2 불량 시기 안 (샷 0~60),공정 값 23 + pair_pos,부스팅
CatBoost,2,0.628099173553719,0.49586776859504134,E2 불량 시기 안 (샷 0~60),공정 값 23 + pair_pos,부스팅
CatBoost,3,0.6363636363636364,0.4214876033057851,E2 불량 시기 안 (샷 0~60),공정 값 23 + pair_pos,부스팅
CatBoost,4,0.8512396694214877,0.3305785123966942,E2 불량 시기 안 (샷 0~60),공정 값 23 + pair_pos,부스팅
CatBoost,5,0.5289256198347108,0.35537190082644626,E2 불량 시기 안 (샷 0~60),공정 값 23 + pair_pos,부스팅
CatBoost,6,0.5454545454545454,0.4793388429752066,E2 불량 시기 안 (샷 0~60),공정 값 23 + pair_pos,부스팅
CatBoost,7,0.628099173553719,0.5702479338842975,E2 불량 시기 안 (샷 0~60),공정 값 23 + pair_pos,부스팅
CatBoost,8,0.743801652892562,0.33884297520661155,E2 불량 시기 안 (샷 0~60),공정 값 23 + pair_pos,부스팅
CatBoost,9,0.5785123966942148,0.512396694214876,E2 불량 시기 안 (샷 0~60),공정 값 23 + pair_pos,부스팅
SMOTE + 로지스틱,0,0.5206611570247934,0.4462809917355372,E2 불량 시기 안 (샷 0~60),공정 값 23 + pair_pos,불균형
SMOTE + 로지스틱,1,0.628099173553719,0.4462809917355372,E2 불량 시기 안 (샷 0~60),공정 값 23 + pair_pos,불균형
SMOTE + 로지스틱,2,0.5619834710743802,0.5041322314049587,E2 불량 시기 안 (샷 0~60),공정 값 23 + pair_pos,불균형
SMOTE + 로지스틱,3,0.5454545454545454,0.5289256198347108,E2 불량 시기 안 (샷 0~60),공정 값 23 + pair_pos,불균형
SMOTE + 로지스틱,4,0.6446280991735537,0.5619834710743802,E2 불량 시기 안 (샷 0~60),공정 값 23 + pair_pos,불균형
SMOTE + 로지스틱,5,0.6115702479338843,0.4132231404958678,E2 불량 시기 안 (샷 0~60),공정 값 23 + pair_pos,불균형
SMOTE + 로지스틱,6,0.5702479338842975,0.49586776859504134,E2 불량 시기 안 (샷 0~60),공정 값 23 + pair_pos,불균형
SMOTE + 로지스틱,7,0.6942148760330579,0.628099173553719,E2 불량 시기 안 (샷 0~60),공정 값 23 + pair_pos,불균형
SMOTE + 로지스틱,8,0.628099173553719,0.4462809917355372,E2 불량 시기 안 (샷 0~60),공정 값 23 + pair_pos,불균형
SMOTE + 로지스틱,9,0.6611570247933884,0.5537190082644629,E2 불량 시기 안 (샷 0~60),공정 값 23 + pair_pos,불균형
ADASYN + 로지스틱,0,0.5702479338842975,0.45454545454545453,E2 불량 시기 안 (샷 0~60),공정 값 23 + pair_pos,불균형
ADASYN + 로지스틱,1,0.628099173553719,0.4462809917355372,E2 불량 시기 안 (샷 0~60),공정 값 23 + pair_pos,불균형
ADASYN + 로지스틱,2,0.5619834710743802,0.5041322314049587,E2 불량 시기 안 (샷 0~60),공정 값 23 + pair_pos,불균형
ADASYN + 로지스틱,3,0.5950413223140496,0.5454545454545454,E2 불량 시기 안 (샷 0~60),공정 값 23 + pair_pos,불균형
ADASYN + 로지스틱,4,0.6033057851239669,0.5619834710743802,E2 불량 시기 안 (샷 0~60),공정 값 23 + pair_pos,불균형
ADASYN + 로지스틱,5,0.6033057851239669,0.49586776859504134,E2 불량 시기 안 (샷 0~60),공정 값 23 + pair_pos,불균형
ADASYN + 로지스틱,6,0.5702479338842975,0.5371900826446281,E2 불량 시기 안 (샷 0~60),공정 값 23 + pair_pos,불균형
ADASYN + 로지스틱,7,0.6942148760330579,0.628099173553719,E2 불량 시기 안 (샷 0~60),공정 값 23 + pair_pos,불균형
ADASYN + 로지스틱,8,0.628099173553719,0.48760330578512395,E2 불량 시기 안 (샷 0~60),공정 값 23 + pair_pos,불균형
ADASYN + 로지스틱,9,0.6198347107438017,0.5537190082644629,E2 불량 시기 안 (샷 0~60),공정 값 23 + pair_pos,불균형
SMOTE + 랜덤포레스트,0,0.7603305785123967,0.7024793388429752,E2 불량 시기 안 (샷 0~60),공정 값 23 + pair_pos,불균형
SMOTE + 랜덤포레스트,1,0.743801652892562,0.5206611570247934,E2 불량 시기 안 (샷 0~60),공정 값 23 + pair_pos,불균형
SMOTE + 랜덤포레스트,2,0.5867768595041323,0.5041322314049587,E2 불량 시기 안 (샷 0~60),공정 값 23 + pair_pos,불균형
SMOTE + 랜덤포레스트,3,0.7933884297520661,0.4462809917355372,E2 불량 시기 안 (샷 0~60),공정 값 23 + pair_pos,불균형
SMOTE + 랜덤포레스트,4,0.9834710743801653,0.5950413223140496,E2 불량 시기 안 (샷 0~60),공정 값 23 + pair_pos,불균형
SMOTE + 랜덤포레스트,5,0.6942148760330579,0.371900826446281,E2 불량 시기 안 (샷 0~60),공정 값 23 + pair_pos,불균형
SMOTE + 랜덤포레스트,6,0.859504132231405,0.5950413223140496,E2 불량 시기 안 (샷 0~60),공정 값 23 + pair_pos,불균형
SMOTE + 랜덤포레스트,7,0.9421487603305785,0.6446280991735537,E2 불량 시기 안 (샷 0~60),공정 값 23 + pair_pos,불균형
SMOTE + 랜덤포레스트,8,0.743801652892562,0.6859504132231405,E2 불량 시기 안 (샷 0~60),공정 값 23 + pair_pos,불균형
SMOTE + 랜덤포레스트,9,0.8429752066115702,0.5950413223140496,E2 불량 시기 안 (샷 0~60),공정 값 23 + pair_pos,불균형
Balanced 랜덤포레스트,0,0.5537190082644629,0.5206611570247934,E2 불량 시기 안 (샷 0~60),공정 값 23 + pair_pos,불균형
Balanced 랜덤포레스트,1,0.7603305785123967,0.4380165289256198,E2 불량 시기 안 (샷 0~60),공정 값 23 + pair_pos,불균형
Balanced 랜덤포레스트,2,0.6694214876033058,0.6033057851239669,E2 불량 시기 안 (샷 0~60),공정 값 23 + pair_pos,불균형
Balanced 랜덤포레스트,3,0.5950413223140496,0.4297520661157025,E2 불량 시기 안 (샷 0~60),공정 값 23 + pair_pos,불균형
Balanced 랜덤포레스트,4,0.8016528925619835,0.6198347107438017,E2 불량 시기 안 (샷 0~60),공정 값 23 + pair_pos,불균형
Balanced 랜덤포레스트,5,0.6115702479338843,0.3305785123966942,E2 불량 시기 안 (샷 0~60),공정 값 23 + pair_pos,불균형
Balanced 랜덤포레스트,6,0.6446280991735537,0.5950413223140496,E2 불량 시기 안 (샷 0~60),공정 값 23 + pair_pos,불균형
Balanced 랜덤포레스트,7,0.7355371900826446,0.6694214876033058,E2 불량 시기 안 (샷 0~60),공정 값 23 + pair_pos,불균형
Balanced 랜덤포레스트,8,0.5785123966942148,0.5206611570247934,E2 불량 시기 안 (샷 0~60),공정 값 23 + pair_pos,불균형
Balanced 랜덤포레스트,9,0.8429752066115702,0.5619834710743802,E2 불량 시기 안 (샷 0~60),공정 값 23 + pair_pos,불균형
EasyEnsemble,0,0.7603305785123967,0.3884297520661157,E2 불량 시기 안 (샷 0~60),공정 값 23 + pair_pos,불균형
EasyEnsemble,1,0.7851239669421488,0.4132231404958678,E2 불량 시기 안 (샷 0~60),공정 값 23 + pair_pos,불균형
EasyEnsemble,2,0.6694214876033058,0.6363636363636364,E2 불량 시기 안 (샷 0~60),공정 값 23 + pair_pos,불균형
EasyEnsemble,3,0.8347107438016529,0.4628099173553719,E2 불량 시기 안 (샷 0~60),공정 값 23 + pair_pos,불균형
EasyEnsemble,4,0.9338842975206612,0.512396694214876,E2 불량 시기 안 (샷 0~60),공정 값 23 + pair_pos,불균형
EasyEnsemble,5,0.6528925619834711,0.32231404958677684,E2 불량 시기 안 (샷 0~60),공정 값 23 + pair_pos,불균형
EasyEnsemble,6,0.6942148760330579,0.6694214876033058,E2 불량 시기 안 (샷 0~60),공정 값 23 + pair_pos,불균형
EasyEnsemble,7,0.7768595041322314,0.7024793388429752,E2 불량 시기 안 (샷 0~60),공정 값 23 + pair_pos,불균형
EasyEnsemble,8,0.743801652892562,0.48760330578512395,E2 불량 시기 안 (샷 0~60),공정 값 23 + pair_pos,불균형
EasyEnsemble,9,0.7520661157024794,0.6033057851239669,E2 불량 시기 안 (샷 0~60),공정 값 23 + pair_pos,불균형
RUSBoost,1,0.7024793388429752,0.512396694214876,E2 불량 시기 안 (샷 0~60),공정 값 23 + pair_pos,불균형
RUSBoost,2,0.8099173553719008,0.7768595041322314,E2 불량 시기 안 (샷 0~60),공정 값 23 + pair_pos,불균형
RUSBoost,4,0.9090909090909091,0.8429752066115702,E2 불량 시기 안 (샷 0~60),공정 값 23 + pair_pos,불균형
RUSBoost,6,0.8429752066115702,0.6363636363636364,E2 불량 시기 안 (샷 0~60),공정 값 23 + pair_pos,불균형
RUSBoost,8,0.9008264462809917,0.743801652892562,E2 불량 시기 안 (샷 0~60),공정 값 23 + pair_pos,불균형
스태킹 (LR·SVM·RF → LR),0,0.6942148760330579,0.6776859504132231,E2 불량 시기 안 (샷 0~60),공정 값 23 + pair_pos,앙상블
스태킹 (LR·SVM·RF → LR),1,0.5867768595041323,0.49586776859504134,E2 불량 시기 안 (샷 0~60),공정 값 23 + pair_pos,앙상블
스태킹 (LR·SVM·RF → LR),2,0.7851239669421488,0.5619834710743802,E2 불량 시기 안 (샷 0~60),공정 값 23 + pair_pos,앙상블
스태킹 (LR·SVM·RF → LR),3,0.5537190082644629,0.5206611570247934,E2 불량 시기 안 (샷 0~60),공정 값 23 + pair_pos,앙상블
스태킹 (LR·SVM·RF → LR),4,0.8512396694214877,0.6033057851239669,E2 불량 시기 안 (샷 0~60),공정 값 23 + pair_pos,앙상블
스태킹 (LR·SVM·RF → LR),5,0.6115702479338843,0.4214876033057851,E2 불량 시기 안 (샷 0~60),공정 값 23 + pair_pos,앙상블
스태킹 (LR·SVM·RF → LR),6,0.7355371900826446,0.5867768595041323,E2 불량 시기 안 (샷 0~60),공정 값 23 + pair_pos,앙상블
스태킹 (LR·SVM·RF → LR),7,0.9090909090909091,0.743801652892562,E2 불량 시기 안 (샷 0~60),공정 값 23 + pair_pos,앙상블
스태킹 (LR·SVM·RF → LR),8,0.5867768595041323,0.5206611570247934,E2 불량 시기 안 (샷 0~60),공정 값 23 + pair_pos,앙상블
스태킹 (LR·SVM·RF → LR),9,0.8429752066115702,0.6033057851239669,E2 불량 시기 안 (샷 0~60),공정 값 23 + pair_pos,앙상블
로지스틱 (튜닝),0,0.6363636363636364,0.48760330578512395,E2 불량 시기 안 (샷 0~60),공정 값 23 + pair_pos,튜닝
로지스틱 (튜닝),1,0.8264462809917356,0.49586776859504134,E2 불량 시기 안 (샷 0~60),공정 값 23 + pair_pos,튜닝
로지스틱 (튜닝),2,0.7851239669421488,0.5702479338842975,E2 불량 시기 안 (샷 0~60),공정 값 23 + pair_pos,튜닝
로지스틱 (튜닝),3,0.7272727272727273,0.7024793388429752,E2 불량 시기 안 (샷 0~60),공정 값 23 + pair_pos,튜닝
로지스틱 (튜닝),4,0.768595041322314,0.6115702479338843,E2 불량 시기 안 (샷 0~60),공정 값 23 + pair_pos,튜닝
로지스틱 (튜닝),5,0.6115702479338843,0.4628099173553719,E2 불량 시기 안 (샷 0~60),공정 값 23 + pair_pos,튜닝
로지스틱 (튜닝),6,0.6859504132231405,0.5950413223140496,E2 불량 시기 안 (샷 0~60),공정 값 23 + pair_pos,튜닝
로지스틱 (튜닝),7,0.6942148760330579,0.6694214876033058,E2 불량 시기 안 (샷 0~60),공정 값 23 + pair_pos,튜닝
로지스틱 (튜닝),8,0.628099173553719,0.48760330578512395,E2 불량 시기 안 (샷 0~60),공정 값 23 + pair_pos,튜닝
로지스틱 (튜닝),9,0.8429752066115702,0.5950413223140496,E2 불량 시기 안 (샷 0~60),공정 값 23 + pair_pos,튜닝
랜덤포레스트 (튜닝),0,0.71900826446281,0.33884297520661155,E2 불량 시기 안 (샷 0~60),공정 값 23 + pair_pos,튜닝
랜덤포레스트 (튜닝),1,0.628099173553719,0.32231404958677684,E2 불량 시기 안 (샷 0~60),공정 값 23 + pair_pos,튜닝
랜덤포레스트 (튜닝),2,0.7933884297520661,0.7520661157024794,E2 불량 시기 안 (샷 0~60),공정 값 23 + pair_pos,튜닝
랜덤포레스트 (튜닝),3,0.5867768595041323,0.512396694214876,E2 불량 시기 안 (샷 0~60),공정 값 23 + pair_pos,튜닝
랜덤포레스트 (튜닝),4,0.7272727272727273,0.5289256198347108,E2 불량 시기 안 (샷 0~60),공정 값 23 + pair_pos,튜닝
랜덤포레스트 (튜닝),5,0.6446280991735537,0.5371900826446281,E2 불량 시기 안 (샷 0~60),공정 값 23 + pair_pos,튜닝
랜덤포레스트 (튜닝),6,0.6446280991735537,0.5454545454545454,E2 불량 시기 안 (샷 0~60),공정 값 23 + pair_pos,튜닝
랜덤포레스트 (튜닝),7,0.6528925619834711,0.628099173553719,E2 불량 시기 안 (샷 0~60),공정 값 23 + pair_pos,튜닝
랜덤포레스트 (튜닝),8,0.7272727272727273,0.5702479338842975,E2 불량 시기 안 (샷 0~60),공정 값 23 + pair_pos,튜닝
랜덤포레스트 (튜닝),9,0.8099173553719008,0.7933884297520661,E2 불량 시기 안 (샷 0~60),공정 값 23 + pair_pos,튜닝
XGBoost (튜닝),0,0.8347107438016529,0.32231404958677684,E2 불량 시기 안 (샷 0~60),공정 값 23 + pair_pos,튜닝
XGBoost (튜닝),1,0.8264462809917356,0.32231404958677684,E2 불량 시기 안 (샷 0~60),공정 값 23 + pair_pos,튜닝
XGBoost (튜닝),2,0.6694214876033058,0.39669421487603307,E2 불량 시기 안 (샷 0~60),공정 값 23 + pair_pos,튜닝
XGBoost (튜닝),3,0.71900826446281,0.5619834710743802,E2 불량 시기 안 (샷 0~60),공정 값 23 + pair_pos,튜닝
XGBoost (튜닝),4,0.9338842975206612,0.2644628099173554,E2 불량 시기 안 (샷 0~60),공정 값 23 + pair_pos,튜닝
XGBoost (튜닝),5,0.6528925619834711,0.19834710743801653,E2 불량 시기 안 (샷 0~60),공정 값 23 + pair_pos,튜닝
XGBoost (튜닝),6,0.7355371900826446,0.5454545454545454,E2 불량 시기 안 (샷 0~60),공정 값 23 + pair_pos,튜닝
XGBoost (튜닝),7,0.628099173553719,0.5289256198347108,E2 불량 시기 안 (샷 0~60),공정 값 23 + pair_pos,튜닝
XGBoost (튜닝),8,0.6694214876033058,0.5619834710743802,E2 불량 시기 안 (샷 0~60),공정 값 23 + pair_pos,튜닝
XGBoost (튜닝),9,0.7107438016528925,0.5537190082644629,E2 불량 시기 안 (샷 0~60),공정 값 23 + pair_pos,튜닝
LightGBM (튜닝),0,0.6363636363636364,0.2809917355371901,E2 불량 시기 안 (샷 0~60),공정 값 23 + pair_pos,튜닝
LightGBM (튜닝),1,0.7851239669421488,0.4462809917355372,E2 불량 시기 안 (샷 0~60),공정 값 23 + pair_pos,튜닝
LightGBM (튜닝),2,0.7024793388429752,0.45454545454545453,E2 불량 시기 안 (샷 0~60),공정 값 23 + pair_pos,튜닝
LightGBM (튜닝),3,0.7603305785123967,0.5454545454545454,E2 불량 시기 안 (샷 0~60),공정 값 23 + pair_pos,튜닝
LightGBM (튜닝),4,0.8512396694214877,0.256198347107438,E2 불량 시기 안 (샷 0~60),공정 값 23 + pair_pos,튜닝
LightGBM (튜닝),5,0.6528925619834711,0.23140495867768596,E2 불량 시기 안 (샷 0~60),공정 값 23 + pair_pos,튜닝
LightGBM (튜닝),6,0.6859504132231405,0.5041322314049587,E2 불량 시기 안 (샷 0~60),공정 값 23 + pair_pos,튜닝
LightGBM (튜닝),7,0.7272727272727273,0.4214876033057851,E2 불량 시기 안 (샷 0~60),공정 값 23 + pair_pos,튜닝
LightGBM (튜닝),8,0.7024793388429752,0.39669421487603307,E2 불량 시기 안 (샷 0~60),공정 값 23 + pair_pos,튜닝
LightGBM (튜닝),9,0.8429752066115702,0.5950413223140496,E2 불량 시기 안 (샷 0~60),공정 값 23 + pair_pos,튜닝
CatBoost (튜닝),0,0.5289256198347108,0.33884297520661155,E2 불량 시기 안 (샷 0~60),공정 값 23 + pair_pos,튜닝
CatBoost (튜닝),1,0.6694214876033058,0.5371900826446281,E2 불량 시기 안 (샷 0~60),공정 값 23 + pair_pos,튜닝
CatBoost (튜닝),2,0.7024793388429752,0.5950413223140496,E2 불량 시기 안 (샷 0~60),공정 값 23 + pair_pos,튜닝
CatBoost (튜닝),3,0.71900826446281,0.4214876033057851,E2 불량 시기 안 (샷 0~60),공정 값 23 + pair_pos,튜닝
CatBoost (튜닝),4,0.8512396694214877,0.5206611570247934,E2 불량 시기 안 (샷 0~60),공정 값 23 + pair_pos,튜닝
CatBoost (튜닝),5,0.5702479338842975,0.23140495867768596,E2 불량 시기 안 (샷 0~60),공정 값 23 + pair_pos,튜닝
CatBoost (튜닝),6,0.7355371900826446,0.45454545454545453,E2 불량 시기 안 (샷 0~60),공정 값 23 + pair_pos,튜닝
CatBoost (튜닝),7,0.7272727272727273,0.6694214876033058,E2 불량 시기 안 (샷 0~60),공정 값 23 + pair_pos,튜닝
CatBoost (튜닝),8,0.628099173553719,0.36363636363636365,E2 불량 시기 안 (샷 0~60),공정 값 23 + pair_pos,튜닝
CatBoost (튜닝),9,0.7107438016528925,0.5619834710743802,E2 불량 시기 안 (샷 0~60),공정 값 23 + pair_pos,튜닝
Isolation Forest,0,0.8512396694214877,0.8429752066115702,E2 불량 시기 안 (샷 0~60),공정 값 23 + pair_pos,이상탐지
Isolation Forest,1,0.8760330578512396,0.8347107438016529,E2 불량 시기 안 (샷 0~60),공정 값 23 + pair_pos,이상탐지
Isolation Forest,2,1.0,0.9090909090909091,E2 불량 시기 안 (샷 0~60),공정 값 23 + pair_pos,이상탐지
Isolation Forest,3,0.9917355371900827,0.8760330578512396,E2 불량 시기 안 (샷 0~60),공정 값 23 + pair_pos,이상탐지
Isolation Forest,4,0.9256198347107438,0.859504132231405,E2 불량 시기 안 (샷 0~60),공정 값 23 + pair_pos,이상탐지
Isolation Forest,5,0.8925619834710744,0.8677685950413223,E2 불량 시기 안 (샷 0~60),공정 값 23 + pair_pos,이상탐지
Isolation Forest,6,0.8760330578512396,0.8429752066115702,E2 불량 시기 안 (샷 0~60),공정 값 23 + pair_pos,이상탐지
Isolation Forest,7,0.8842975206611571,0.859504132231405,E2 불량 시기 안 (샷 0~60),공정 값 23 + pair_pos,이상탐지
Isolation Forest,8,0.9090909090909091,0.8512396694214877,E2 불량 시기 안 (샷 0~60),공정 값 23 + pair_pos,이상탐지
Isolation Forest,9,0.9173553719008265,0.768595041322314,E2 불량 시기 안 (샷 0~60),공정 값 23 + pair_pos,이상탐지
LOF (novelty),0,0.8925619834710744,0.859504132231405,E2 불량 시기 안 (샷 0~60),공정 값 23 + pair_pos,이상탐지
LOF (novelty),1,0.8677685950413223,0.8347107438016529,E2 불량 시기 안 (샷 0~60),공정 값 23 + pair_pos,이상탐지
LOF (novelty),2,0.9752066115702479,0.9586776859504132,E2 불량 시기 안 (샷 0~60),공정 값 23 + pair_pos,이상탐지
LOF (novelty),3,1.0,0.9090909090909091,E2 불량 시기 안 (샷 0~60),공정 값 23 + pair_pos,이상탐지
LOF (novelty),4,0.9586776859504132,0.859504132231405,E2 불량 시기 안 (샷 0~60),공정 값 23 + pair_pos,이상탐지
LOF (novelty),5,0.9090909090909091,0.9008264462809917,E2 불량 시기 안 (샷 0~60),공정 값 23 + pair_pos,이상탐지
LOF (novelty),6,0.8842975206611571,0.859504132231405,E2 불량 시기 안 (샷 0~60),공정 값 23 + pair_pos,이상탐지
LOF (novelty),7,0.9834710743801653,0.8925619834710744,E2 불량 시기 안 (샷 0~60),공정 값 23 + pair_pos,이상탐지
LOF (novelty),8,0.9504132231404959,0.9338842975206612,E2 불량 시기 안 (샷 0~60),공정 값 23 + pair_pos,이상탐지
LOF (novelty),9,1.0,0.9090909090909091,E2 불량 시기 안 (샷 0~60),공정 값 23 + pair_pos,이상탐지
One-Class SVM,0,0.9504132231404959,0.768595041322314,E2 불량 시기 안 (샷 0~60),공정 값 23 + pair_pos,이상탐지
One-Class SVM,1,0.8181818181818182,0.743801652892562,E2 불량 시기 안 (샷 0~60),공정 값 23 + pair_pos,이상탐지
One-Class SVM,2,0.7933884297520661,0.7851239669421488,E2 불량 시기 안 (샷 0~60),공정 값 23 + pair_pos,이상탐지
One-Class SVM,3,0.7933884297520661,0.7851239669421488,E2 불량 시기 안 (샷 0~60),공정 값 23 + pair_pos,이상탐지
One-Class SVM,4,0.9256198347107438,0.859504132231405,E2 불량 시기 안 (샷 0~60),공정 값 23 + pair_pos,이상탐지
One-Class SVM,5,0.9421487603305785,0.743801652892562,E2 불량 시기 안 (샷 0~60),공정 값 23 + pair_pos,이상탐지
One-Class SVM,6,0.9586776859504132,0.7933884297520661,E2 불량 시기 안 (샷 0~60),공정 값 23 + pair_pos,이상탐지
One-Class SVM,7,0.8512396694214877,0.8429752066115702,E2 불량 시기 안 (샷 0~60),공정 값 23 + pair_pos,이상탐지
One-Class SVM,8,0.9090909090909091,0.8099173553719008,E2 불량 시기 안 (샷 0~60),공정 값 23 + pair_pos,이상탐지
One-Class SVM,9,0.7933884297520661,0.7851239669421488,E2 불량 시기 안 (샷 0~60),공정 값 23 + pair_pos,이상탐지
Elliptic Envelope,0,0.9504132231404959,0.6859504132231405,E2 불량 시기 안 (샷 0~60),공정 값 23 + pair_pos,이상탐지
Elliptic Envelope,1,0.9586776859504132,0.8677685950413223,E2 불량 시기 안 (샷 0~60),공정 값 23 + pair_pos,이상탐지
Elliptic Envelope,2,0.9338842975206612,0.8099173553719008,E2 불량 시기 안 (샷 0~60),공정 값 23 + pair_pos,이상탐지
Elliptic Envelope,3,0.9338842975206612,0.7520661157024794,E2 불량 시기 안 (샷 0~60),공정 값 23 + pair_pos,이상탐지
Elliptic Envelope,4,0.9256198347107438,0.7603305785123967,E2 불량 시기 안 (샷 0~60),공정 값 23 + pair_pos,이상탐지
Elliptic Envelope,5,0.9834710743801653,0.9090909090909091,E2 불량 시기 안 (샷 0~60),공정 값 23 + pair_pos,이상탐지
Elliptic Envelope,6,0.9586776859504132,0.8925619834710744,E2 불량 시기 안 (샷 0~60),공정 값 23 + pair_pos,이상탐지
Elliptic Envelope,7,0.9752066115702479,0.7024793388429752,E2 불량 시기 안 (샷 0~60),공정 값 23 + pair_pos,이상탐지
Elliptic Envelope,8,0.9421487603305785,0.7520661157024794,E2 불량 시기 안 (샷 0~60),공정 값 23 + pair_pos,이상탐지
Elliptic Envelope,9,0.9504132231404959,0.7933884297520661,E2 불량 시기 안 (샷 0~60),공정 값 23 + pair_pos,이상탐지
"순위 평균 앙상블 (5종, 사전 고정)",0,0.5950413223140496,0.45454545454545453,E2 불량 시기 안 (샷 0~60),공정 값 23 + pair_pos,앙상블
"순위 평균 앙상블 (5종, 사전 고정)",1,0.7272727272727273,0.4049586776859504,E2 불량 시기 안 (샷 0~60),공정 값 23 + pair_pos,앙상블
"순위 평균 앙상블 (5종, 사전 고정)",2,0.5867768595041323,0.5206611570247934,E2 불량 시기 안 (샷 0~60),공정 값 23 + pair_pos,앙상블
"순위 평균 앙상블 (5종, 사전 고정)",3,0.6363636363636364,0.4793388429752066,E2 불량 시기 안 (샷 0~60),공정 값 23 + pair_pos,앙상블
"순위 평균 앙상블 (5종, 사전 고정)",4,0.6859504132231405,0.5289256198347108,E2 불량 시기 안 (샷 0~60),공정 값 23 + pair_pos,앙상블
"순위 평균 앙상블 (5종, 사전 고정)",5,0.6446280991735537,0.35537190082644626,E2 불량 시기 안 (샷 0~60),공정 값 23 + pair_pos,앙상블
"순위 평균 앙상블 (5종, 사전 고정)",6,0.5702479338842975,0.4049586776859504,E2 불량 시기 안 (샷 0~60),공정 값 23 + pair_pos,앙상블
"순위 평균 앙상블 (5종, 사전 고정)",7,0.6115702479338843,0.4462809917355372,E2 불량 시기 안 (샷 0~60),공정 값 23 + pair_pos,앙상블
"순위 평균 앙상블 (5종, 사전 고정)",8,0.7024793388429752,0.5289256198347108,E2 불량 시기 안 (샷 0~60),공정 값 23 + pair_pos,앙상블
"순위 평균 앙상블 (5종, 사전 고정)",9,0.7107438016528925,0.5537190082644629,E2 불량 시기 안 (샷 0~60),공정 값 23 + pair_pos,앙상블
부스팅 튜닝 3종 평균 (사후 선택),0,0.6859504132231405,0.32231404958677684,E2 불량 시기 안 (샷 0~60),공정 값 23 + pair_pos,앙상블
부스팅 튜닝 3종 평균 (사후 선택),1,0.7768595041322314,0.36363636363636365,E2 불량 시기 안 (샷 0~60),공정 값 23 + pair_pos,앙상블
부스팅 튜닝 3종 평균 (사후 선택),2,0.743801652892562,0.4297520661157025,E2 불량 시기 안 (샷 0~60),공정 값 23 + pair_pos,앙상블
부스팅 튜닝 3종 평균 (사후 선택),3,0.7520661157024794,0.48760330578512395,E2 불량 시기 안 (샷 0~60),공정 값 23 + pair_pos,앙상블
부스팅 튜닝 3종 평균 (사후 선택),4,0.9834710743801653,0.3140495867768595,E2 불량 시기 안 (샷 0~60),공정 값 23 + pair_pos,앙상블
부스팅 튜닝 3종 평균 (사후 선택),5,0.5537190082644629,0.17355371900826447,E2 불량 시기 안 (샷 0~60),공정 값 23 + pair_pos,앙상블
부스팅 튜닝 3종 평균 (사후 선택),6,0.7024793388429752,0.512396694214876,E2 불량 시기 안 (샷 0~60),공정 값 23 + pair_pos,앙상블
부스팅 튜닝 3종 평균 (사후 선택),7,0.6776859504132231,0.6611570247933884,E2 불량 시기 안 (샷 0~60),공정 값 23 + pair_pos,앙상블
부스팅 튜닝 3종 평균 (사후 선택),8,0.5950413223140496,0.39669421487603307,E2 불량 시기 안 (샷 0~60),공정 값 23 + pair_pos,앙상블
부스팅 튜닝 3종 평균 (사후 선택),9,0.7355371900826446,0.5619834710743802,E2 불량 시기 안 (샷 0~60),공정 값 23 + pair_pos,앙상블
