model,fold,threshold,PR-AUC,Recall@10%,Recall@20%,Recall@30%,F1,Recall,Precision,ROC-AUC,eval
[기준] 무작위,0,0.6648508565920321,0.028978607487379418,0.0,0.0,0.3333333333333333,0.046511627906976744,0.3333333333333333,0.025,0.3837535014005602,S1 전체 기간 (샷 단위)
[기준] 샷 순서,0,-60.0,0.17414529914529916,1.0,1.0,1.0,0.375,1.0,0.23076923076923078,0.9243697478991596,S1 전체 기간 (샷 단위)
[기준] 무작위,1,0.9978817442741205,0.01897163120567376,0.0,0.0,0.0,0.0,0.0,0.0,0.31092436974789917,S1 전체 기간 (샷 단위)
[기준] 샷 순서,1,-60.0,0.1736111111111111,1.0,1.0,1.0,0.36363636363636365,1.0,0.2222222222222222,0.9411764705882353,S1 전체 기간 (샷 단위)
[기준] 무작위,2,0.704514892740968,0.03190519286409697,0.0,0.0,0.3333333333333333,0.0,0.0,0.0,0.5,S1 전체 기간 (샷 단위)
[기준] 샷 순서,2,-59.0,0.21574074074074073,1.0,1.0,1.0,0.3333333333333333,0.6666666666666666,0.2222222222222222,0.940677966101695,S1 전체 기간 (샷 단위)
[기준] 무작위,3,0.3159870206437968,0.031425765095119934,0.0,0.0,0.3333333333333333,0.05263157894736842,0.6666666666666666,0.0273972602739726,0.47457627118644063,S1 전체 기간 (샷 단위)
[기준] 샷 순서,3,-60.0,0.1504884004884005,0.6666666666666666,1.0,1.0,0.35294117647058826,1.0,0.21428571428571427,0.9067796610169492,S1 전체 기간 (샷 단위)
[기준] 무작위,4,0.9442665852203636,0.03480963480963481,0.0,0.0,0.0,0.0,0.0,0.0,0.5508474576271186,S1 전체 기간 (샷 단위)
[기준] 샷 순서,4,-60.0,0.154985754985755,0.6666666666666666,1.0,1.0,0.3333333333333333,1.0,0.2,0.9124293785310735,S1 전체 기간 (샷 단위)
[기준] 무작위,5,0.4271678766422278,0.06070460704607046,0.3333333333333333,0.3333333333333333,0.3333333333333333,0.04938271604938271,0.6666666666666666,0.02564102564102564,0.6218487394957983,S1 전체 기간 (샷 단위)
[기준] 샷 순서,5,-60.0,0.2869047619047619,1.0,1.0,1.0,0.5454545454545454,1.0,0.375,0.9607843137254902,S1 전체 기간 (샷 단위)
[기준] 무작위,6,0.9443019952765757,0.02560908084163898,0.0,0.0,0.0,0.0,0.0,0.0,0.3587570621468926,S1 전체 기간 (샷 단위)
[기준] 샷 순서,6,-60.0,0.15604395604395604,0.6666666666666666,1.0,1.0,0.35294117647058826,1.0,0.21428571428571427,0.9124293785310734,S1 전체 기간 (샷 단위)
[기준] 무작위,7,0.8843029518316241,0.07779087021035175,0.3333333333333333,0.6666666666666666,0.6666666666666666,0.0,0.0,0.0,0.7401129943502824,S1 전체 기간 (샷 단위)
[기준] 샷 순서,7,-60.0,0.19461279461279463,1.0,1.0,1.0,0.42857142857142855,1.0,0.2727272727272727,0.9322033898305084,S1 전체 기간 (샷 단위)
[기준] 무작위,8,0.8048341461278204,0.057539682539682536,0.5,0.5,0.5,0.07407407407407407,0.5,0.04,0.6974789915966386,S1 전체 기간 (샷 단위)
[기준] 샷 순서,8,-60.0,0.11858974358974358,1.0,1.0,1.0,0.26666666666666666,1.0,0.15384615384615385,0.907563025210084,S1 전체 기간 (샷 단위)
[기준] 무작위,9,0.9685212592963088,0.02786350803515645,0.0,0.0,0.3333333333333333,0.0,0.0,0.0,0.38418079096045193,S1 전체 기간 (샷 단위)
[기준] 샷 순서,9,-59.0,0.13992673992673993,0.3333333333333333,1.0,1.0,0.23529411764705882,0.6666666666666666,0.14285714285714285,0.8983050847457628,S1 전체 기간 (샷 단위)
[기준] 무작위,10,0.5052707781449857,0.027164502164502162,0.0,0.0,0.0,0.030303030303030304,0.3333333333333333,0.015873015873015872,0.42296918767507,S1 전체 기간 (샷 단위)
[기준] 샷 순서,10,-60.0,0.18009768009768012,1.0,1.0,1.0,0.375,1.0,0.23076923076923078,0.9271708683473389,S1 전체 기간 (샷 단위)
[기준] 무작위,11,0.9805550322072,0.027091298724593354,0.0,0.0,0.0,0.0,0.0,0.0,0.4124293785310734,S1 전체 기간 (샷 단위)
[기준] 샷 순서,11,-60.0,0.17727272727272728,1.0,1.0,1.0,0.4,1.0,0.25,0.923728813559322,S1 전체 기간 (샷 단위)
[기준] 무작위,12,0.9691071339202366,0.05808080808080808,0.0,0.5,1.0,0.0,0.0,0.0,0.7983193277310925,S1 전체 기간 (샷 단위)
[기준] 샷 순서,12,-60.0,0.15555555555555556,1.0,1.0,1.0,0.3333333333333333,1.0,0.2,0.9327731092436975,S1 전체 기간 (샷 단위)
[기준] 무작위,13,0.6826376655557247,0.037469086141652515,0.0,0.0,0.6666666666666666,0.0,0.0,0.0,0.5028248587570621,S1 전체 기간 (샷 단위)
[기준] 샷 순서,13,-60.0,0.24206349206349206,1.0,1.0,1.0,0.5,1.0,0.3333333333333333,0.9491525423728814,S1 전체 기간 (샷 단위)
[기준] 무작위,14,0.5088066608867216,0.09072039072039072,0.3333333333333333,0.6666666666666666,0.6666666666666666,0.10526315789473684,1.0,0.05555555555555555,0.8192090395480225,S1 전체 기간 (샷 단위)
[기준] 샷 순서,14,-59.0,0.1227124183006536,0.0,1.0,1.0,0.21052631578947367,0.6666666666666666,0.125,0.8813559322033898,S1 전체 기간 (샷 단위)
[기준] 무작위,15,0.19671438054986967,0.059198209198209194,0.3333333333333333,0.3333333333333333,0.3333333333333333,0.06060606060606061,1.0,0.03125,0.5742296918767507,S1 전체 기간 (샷 단위)
[기준] 샷 순서,15,-59.0,0.13075396825396823,0.0,1.0,1.0,0.2222222222222222,0.6666666666666666,0.13333333333333333,0.8907563025210083,S1 전체 기간 (샷 단위)
[기준] 무작위,16,0.800668906994404,0.5066666666666666,0.6666666666666666,1.0,1.0,0.19047619047619047,0.6666666666666666,0.1111111111111111,0.9293785310734464,S1 전체 기간 (샷 단위)
[기준] 샷 순서,16,-60.0,0.1627816627816628,1.0,1.0,1.0,0.375,1.0,0.23076923076923078,0.9152542372881356,S1 전체 기간 (샷 단위)
[기준] 무작위,17,0.18860401216441036,0.03683629267455824,0.0,0.0,0.3333333333333333,0.05825242718446602,1.0,0.03,0.5734463276836158,S1 전체 기간 (샷 단위)
[기준] 샷 순서,17,-60.0,0.22962962962962963,1.0,1.0,1.0,0.46153846153846156,1.0,0.3,0.9463276836158192,S1 전체 기간 (샷 단위)
[기준] 무작위,18,0.9842339385871469,0.04286437246963563,0.0,0.0,0.3333333333333333,0.0,0.0,0.0,0.6101694915254237,S1 전체 기간 (샷 단위)
[기준] 샷 순서,18,-60.0,0.1627816627816628,1.0,1.0,1.0,0.375,1.0,0.23076923076923078,0.9152542372881356,S1 전체 기간 (샷 단위)
[기준] 무작위,19,0.9885650289029052,0.06408450704225352,0.5,0.5,0.5,0.0,0.0,0.0,0.6722689075630253,S1 전체 기간 (샷 단위)
[기준] 샷 순서,19,-60.0,0.18253968253968253,1.0,1.0,1.0,0.36363636363636365,1.0,0.2222222222222222,0.9453781512605042,S1 전체 기간 (샷 단위)
[기준] 무작위,20,0.9000349411579093,0.043337510442773605,0.0,0.0,0.3333333333333333,0.0,0.0,0.0,0.6442577030812325,S1 전체 기간 (샷 단위)
[기준] 샷 순서,20,-59.0,0.13075396825396823,0.0,1.0,1.0,0.2222222222222222,0.6666666666666666,0.13333333333333333,0.8907563025210083,S1 전체 기간 (샷 단위)
[기준] 무작위,21,0.03569954360227523,0.0355743394536498,0.0,0.0,0.3333333333333333,0.05042016806722689,1.0,0.02586206896551724,0.49435028248587576,S1 전체 기간 (샷 단위)
[기준] 샷 순서,21,-60.0,0.19461279461279463,1.0,1.0,1.0,0.42857142857142855,1.0,0.2727272727272727,0.9322033898305084,S1 전체 기간 (샷 단위)
[기준] 무작위,22,0.876679575276755,0.036318317511257255,0.0,0.0,0.3333333333333333,0.0,0.0,0.0,0.5621468926553672,S1 전체 기간 (샷 단위)
[기준] 샷 순서,22,-60.0,0.1504884004884005,0.6666666666666666,1.0,1.0,0.35294117647058826,1.0,0.21428571428571427,0.9067796610169492,S1 전체 기간 (샷 단위)
[기준] 무작위,23,0.8911706803860757,0.02255392256923182,0.0,0.0,0.0,0.0,0.0,0.0,0.28248587570621464,S1 전체 기간 (샷 단위)
[기준] 샷 순서,23,-60.0,0.2619047619047619,1.0,1.0,1.0,0.46153846153846156,1.0,0.3,0.9548022598870057,S1 전체 기간 (샷 단위)
[기준] 무작위,24,0.9733069348652877,0.024955436720142603,0.0,0.0,0.5,0.0,0.0,0.0,0.4453781512605042,S1 전체 기간 (샷 단위)
[기준] 샷 순서,24,-60.0,0.1625,1.0,1.0,1.0,0.3333333333333333,1.0,0.2,0.9369747899159664,S1 전체 기간 (샷 단위)
[기준] 무작위,25,0.0008548934687260257,0.03185453079925335,0.0,0.0,0.3333333333333333,0.048,1.0,0.02459016393442623,0.49579831932773105,S1 전체 기간 (샷 단위)
[기준] 샷 순서,25,-58.0,0.19924242424242425,1.0,1.0,1.0,0.16666666666666666,0.3333333333333333,0.1111111111111111,0.9355742296918768,S1 전체 기간 (샷 단위)
[기준] 무작위,26,0.9970954645850677,0.039926739926739924,0.0,0.0,0.5,0.0,0.0,0.0,0.7016806722689075,S1 전체 기간 (샷 단위)
[기준] 샷 순서,26,-60.0,0.14090909090909093,1.0,1.0,1.0,0.3076923076923077,1.0,0.18181818181818182,0.9243697478991597,S1 전체 기간 (샷 단위)
[기준] 무작위,27,0.1290696507362762,0.05198681242408468,0.3333333333333333,0.3333333333333333,0.3333333333333333,0.03773584905660377,0.6666666666666666,0.019417475728155338,0.4774011299435028,S1 전체 기간 (샷 단위)
[기준] 샷 순서,27,-60.0,0.19914529914529916,1.0,1.0,1.0,0.375,1.0,0.23076923076923078,0.9322033898305084,S1 전체 기간 (샷 단위)
[기준] 무작위,28,0.7899271236119348,0.02080962363981232,0.0,0.0,0.0,0.0,0.0,0.0,0.22598870056497175,S1 전체 기간 (샷 단위)
[기준] 샷 순서,28,-60.0,0.1627816627816628,1.0,1.0,1.0,0.375,1.0,0.23076923076923078,0.9152542372881356,S1 전체 기간 (샷 단위)
[기준] 무작위,29,0.9510193750314692,0.025340548705034688,0.0,0.0,0.3333333333333333,0.0,0.0,0.0,0.307909604519774,S1 전체 기간 (샷 단위)
[기준] 샷 순서,29,-60.0,0.1627816627816628,1.0,1.0,1.0,0.375,1.0,0.23076923076923078,0.9152542372881356,S1 전체 기간 (샷 단위)
[기준] 무작위,30,0.9917436651735647,0.024833147942157956,0.0,0.0,0.3333333333333333,0.0,0.0,0.0,0.2689075630252101,S1 전체 기간 (샷 단위)
[기준] 샷 순서,30,-60.0,0.2388888888888889,1.0,1.0,1.0,0.46153846153846156,1.0,0.3,0.9495798319327731,S1 전체 기간 (샷 단위)
[기준] 무작위,31,0.986193678623771,0.025531899414719672,0.0,0.0,0.0,0.0,0.0,0.0,0.3531073446327683,S1 전체 기간 (샷 단위)
[기준] 샷 순서,31,-60.0,0.1227124183006536,0.0,1.0,1.0,0.3,1.0,0.17647058823529413,0.8813559322033898,S1 전체 기간 (샷 단위)
[기준] 무작위,32,0.9789365169909225,0.1375086266390614,0.3333333333333333,0.3333333333333333,0.3333333333333333,0.0,0.0,0.0,0.6412429378531074,S1 전체 기간 (샷 단위)
[기준] 샷 순서,32,-59.0,0.15301365301365302,0.6666666666666666,1.0,1.0,0.25,0.6666666666666666,0.15384615384615385,0.9096045197740114,S1 전체 기간 (샷 단위)
[기준] 무작위,33,0.6479739002003769,0.0394993894993895,0.0,0.0,0.6666666666666666,0.1,0.6666666666666666,0.05405405405405406,0.5084745762711864,S1 전체 기간 (샷 단위)
[기준] 샷 순서,33,-60.0,0.24206349206349206,1.0,1.0,1.0,0.5,1.0,0.3333333333333333,0.9491525423728814,S1 전체 기간 (샷 단위)
[기준] 무작위,34,0.6686411815622736,0.04060150375939849,0.0,0.5,0.5,0.045454545454545456,0.5,0.023809523809523808,0.6386554621848739,S1 전체 기간 (샷 단위)
[기준] 샷 순서,34,-60.0,0.14090909090909093,1.0,1.0,1.0,0.3076923076923077,1.0,0.18181818181818182,0.9243697478991597,S1 전체 기간 (샷 단위)
[기준] 무작위,35,0.8624627114949158,0.020318236124687736,0.0,0.0,0.0,0.0,0.0,0.0,0.19887955182072828,S1 전체 기간 (샷 단위)
[기준] 샷 순서,35,-60.0,0.21313131313131312,1.0,1.0,1.0,0.42857142857142855,1.0,0.2727272727272727,0.9411764705882353,S1 전체 기간 (샷 단위)
[기준] 무작위,36,0.2626116604041746,0.020718816067653276,0.0,0.0,0.0,0.041666666666666664,1.0,0.02127659574468085,0.4201680672268907,S1 전체 기간 (샷 단위)
[기준] 샷 순서,36,-59.0,0.11858974358974358,1.0,1.0,1.0,0.14285714285714285,0.5,0.08333333333333333,0.907563025210084,S1 전체 기간 (샷 단위)
[기준] 무작위,37,0.8073609637640053,0.03680123101073003,0.0,0.3333333333333333,0.3333333333333333,0.06896551724137931,0.3333333333333333,0.038461538461538464,0.4943502824858757,S1 전체 기간 (샷 단위)
[기준] 샷 순서,37,-60.0,0.2051948051948052,1.0,1.0,1.0,0.42857142857142855,1.0,0.2727272727272727,0.9378531073446327,S1 전체 기간 (샷 단위)
[기준] 무작위,38,0.701954438526825,0.03491784037558686,0.0,0.0,0.3333333333333333,0.0,0.0,0.0,0.5451977401129943,S1 전체 기간 (샷 단위)
[기준] 샷 순서,38,-60.0,0.1627816627816628,1.0,1.0,1.0,0.375,1.0,0.23076923076923078,0.9152542372881356,S1 전체 기간 (샷 단위)
[기준] 무작위,39,0.9920235967978611,0.029439696106362774,0.0,0.0,0.3333333333333333,0.0,0.0,0.0,0.3898305084745763,S1 전체 기간 (샷 단위)
[기준] 샷 순서,39,-60.0,0.1627816627816628,1.0,1.0,1.0,0.375,1.0,0.23076923076923078,0.9152542372881356,S1 전체 기간 (샷 단위)
[기준] 무작위,40,0.4727665159725257,0.03216123499142367,0.0,0.5,0.5,0.03278688524590164,0.5,0.01694915254237288,0.47478991596638653,S1 전체 기간 (샷 단위)
[기준] 샷 순서,40,-59.0,0.15,0.5,1.0,1.0,0.125,0.5,0.07142857142857142,0.9243697478991596,S1 전체 기간 (샷 단위)
[기준] 무작위,41,0.8250219483908161,0.04938271604938271,0.0,0.0,0.6666666666666666,0.0,0.0,0.0,0.6890756302521008,S1 전체 기간 (샷 단위)
[기준] 샷 순서,41,-60.0,0.19461279461279463,1.0,1.0,1.0,0.42857142857142855,1.0,0.2727272727272727,0.9327731092436975,S1 전체 기간 (샷 단위)
[기준] 무작위,42,0.022532541708068066,0.10833333333333334,0.3333333333333333,0.3333333333333333,0.6666666666666666,0.04838709677419355,1.0,0.024793388429752067,0.7655367231638418,S1 전체 기간 (샷 단위)
[기준] 샷 순서,42,-60.0,0.17727272727272728,1.0,1.0,1.0,0.4,1.0,0.25,0.923728813559322,S1 전체 기간 (샷 단위)
[기준] 무작위,43,0.9237055217395452,0.043575028510466095,0.3333333333333333,0.3333333333333333,0.3333333333333333,0.0,0.0,0.0,0.46045197740113,S1 전체 기간 (샷 단위)
[기준] 샷 순서,43,-60.0,0.19461279461279463,1.0,1.0,1.0,0.42857142857142855,1.0,0.2727272727272727,0.9322033898305084,S1 전체 기간 (샷 단위)
[기준] 무작위,44,0.9073617803059257,0.024356345408976986,0.0,0.0,0.0,0.0,0.0,0.0,0.35028248587570615,S1 전체 기간 (샷 단위)
[기준] 샷 순서,44,-60.0,0.17727272727272728,1.0,1.0,1.0,0.4,1.0,0.25,0.923728813559322,S1 전체 기간 (샷 단위)
[기준] 무작위,45,0.5629621029924634,0.026150756873648436,0.0,0.0,0.0,0.0,0.0,0.0,0.39265536723163846,S1 전체 기간 (샷 단위)
[기준] 샷 순서,45,-58.0,0.24206349206349206,1.0,1.0,1.0,0.2,0.3333333333333333,0.14285714285714285,0.9491525423728814,S1 전체 기간 (샷 단위)
[기준] 무작위,46,0.8813153782923908,0.02802806381896771,0.0,0.0,0.0,0.0,0.0,0.0,0.43137254901960786,S1 전체 기간 (샷 단위)
[기준] 샷 순서,46,-60.0,0.13992673992673993,0.3333333333333333,1.0,1.0,0.3333333333333333,1.0,0.2,0.8991596638655462,S1 전체 기간 (샷 단위)
[기준] 무작위,47,0.7569571756451362,0.06448412698412698,0.5,0.5,0.5,0.06060606060606061,0.5,0.03225806451612903,0.5042016806722689,S1 전체 기간 (샷 단위)
[기준] 샷 순서,47,-60.0,0.14090909090909093,1.0,1.0,1.0,0.3076923076923077,1.0,0.18181818181818182,0.9243697478991597,S1 전체 기간 (샷 단위)
[기준] 무작위,48,0.06306684605022628,0.10160523719845754,0.3333333333333333,0.6666666666666666,0.6666666666666666,0.05217391304347826,1.0,0.026785714285714284,0.7796610169491524,S1 전체 기간 (샷 단위)
[기준] 샷 순서,48,-60.0,0.19461279461279463,1.0,1.0,1.0,0.42857142857142855,1.0,0.2727272727272727,0.9322033898305084,S1 전체 기간 (샷 단위)
[기준] 무작위,49,0.7535952209850031,0.030043361853209938,0.0,0.0,0.0,0.0,0.0,0.0,0.47457627118644063,S1 전체 기간 (샷 단위)
[기준] 샷 순서,49,-60.0,0.17777777777777778,0.6666666666666666,1.0,1.0,0.3333333333333333,1.0,0.2,0.9237288135593221,S1 전체 기간 (샷 단위)
로지스틱 L2,0,0.8256191179151732,0.75,1.0,1.0,1.0,0.4444444444444444,0.6666666666666666,0.3333333333333333,0.9747899159663866,S1 전체 기간 (샷 단위)
로지스틱 L2,1,0.9222922485622517,0.14835164835164835,1.0,1.0,1.0,0.0,0.0,0.0,0.9285714285714286,S1 전체 기간 (샷 단위)
로지스틱 L2,2,0.9418353645894278,0.4944444444444444,0.6666666666666666,1.0,1.0,0.4,0.3333333333333333,0.5,0.9406779661016949,S1 전체 기간 (샷 단위)
로지스틱 L2,3,0.9949309950549409,0.38333333333333336,1.0,1.0,1.0,0.0,0.0,0.0,0.9745762711864406,S1 전체 기간 (샷 단위)
로지스틱 L2,4,0.7037217706984361,0.17592592592592593,0.3333333333333333,0.6666666666666666,1.0,0.2222222222222222,0.3333333333333333,0.16666666666666666,0.8559322033898306,S1 전체 기간 (샷 단위)
로지스틱 L2,5,0.8533066563575208,0.37777777777777777,1.0,1.0,1.0,0.4,0.3333333333333333,0.5,0.9663865546218487,S1 전체 기간 (샷 단위)
로지스틱 L2,6,0.9168311824325328,0.5694444444444444,1.0,1.0,1.0,0.4,0.6666666666666666,0.2857142857142857,0.9745762711864406,S1 전체 기간 (샷 단위)
로지스틱 L2,7,0.8210555873620456,0.5222222222222221,0.6666666666666666,1.0,1.0,0.3333333333333333,0.3333333333333333,0.3333333333333333,0.9491525423728814,S1 전체 기간 (샷 단위)
로지스틱 L2,8,0.44540686602865476,0.3611111111111111,1.0,1.0,1.0,0.36363636363636365,1.0,0.2222222222222222,0.9663865546218487,S1 전체 기간 (샷 단위)
로지스틱 L2,9,0.3390185721781745,0.41602728047740833,0.3333333333333333,1.0,1.0,0.15384615384615385,0.3333333333333333,0.1,0.9011299435028248,S1 전체 기간 (샷 단위)
로지스틱 L2,10,0.7712718331727008,0.7333333333333334,0.6666666666666666,1.0,1.0,0.5714285714285714,0.6666666666666666,0.5,0.9663865546218487,S1 전체 기간 (샷 단위)
로지스틱 L2,11,0.8270301849354442,0.4444444444444444,1.0,1.0,1.0,0.5,0.6666666666666666,0.4,0.9745762711864407,S1 전체 기간 (샷 단위)
로지스틱 L2,12,0.8618624657675181,0.5588235294117647,0.5,1.0,1.0,0.6666666666666666,0.5,1.0,0.9369747899159664,S1 전체 기간 (샷 단위)
로지스틱 L2,13,0.8423671769962027,0.20787545787545786,1.0,1.0,1.0,0.0,0.0,0.0,0.9378531073446328,S1 전체 기간 (샷 단위)
로지스틱 L2,14,0.34240952561280125,0.6143790849673203,0.6666666666666666,1.0,1.0,0.2857142857142857,1.0,0.16666666666666666,0.9576271186440678,S1 전체 기간 (샷 단위)
로지스틱 L2,15,0.7379701409500242,0.4232323232323232,0.3333333333333333,1.0,1.0,0.18181818181818182,0.3333333333333333,0.125,0.9103641456582633,S1 전체 기간 (샷 단위)
로지스틱 L2,16,0.3195241126660593,0.3769230769230769,1.0,1.0,1.0,0.35294117647058826,1.0,0.21428571428571427,0.96045197740113,S1 전체 기간 (샷 단위)
로지스틱 L2,17,0.7810677938465611,0.5955555555555555,0.6666666666666666,1.0,1.0,0.4,0.6666666666666666,0.2857142857142857,0.9350282485875707,S1 전체 기간 (샷 단위)
로지스틱 L2,18,0.9799670561278889,0.16767676767676767,0.6666666666666666,1.0,1.0,0.0,0.0,0.0,0.9067796610169491,S1 전체 기간 (샷 단위)
로지스틱 L2,19,0.8657449498390489,0.375,1.0,1.0,1.0,0.5,0.5,0.5,0.9705882352941176,S1 전체 기간 (샷 단위)
로지스틱 L2,20,0.6535350184266214,0.8095238095238095,1.0,1.0,1.0,0.4444444444444444,0.6666666666666666,0.3333333333333333,0.988795518207283,S1 전체 기간 (샷 단위)
로지스틱 L2,21,0.9802411117700562,0.3055555555555556,1.0,1.0,1.0,0.3333333333333333,0.3333333333333333,0.3333333333333333,0.9576271186440677,S1 전체 기간 (샷 단위)
로지스틱 L2,22,0.3815491523444019,0.5575757575757576,1.0,1.0,1.0,0.3333333333333333,0.6666666666666666,0.2222222222222222,0.9689265536723164,S1 전체 기간 (샷 단위)
로지스틱 L2,23,0.9665151443552353,0.5075757575757576,1.0,1.0,1.0,0.4,0.3333333333333333,0.5,0.9604519774011299,S1 전체 기간 (샷 단위)
로지스틱 L2,24,0.9673417383739926,0.16666666666666666,1.0,1.0,1.0,0.0,0.0,0.0,0.9369747899159664,S1 전체 기간 (샷 단위)
로지스틱 L2,25,0.9360237597605755,0.4242424242424242,1.0,1.0,1.0,0.5714285714285714,0.6666666666666666,0.5,0.969187675070028,S1 전체 기간 (샷 단위)
로지스틱 L2,26,0.9112917637103339,1.0,1.0,1.0,1.0,1.0,1.0,1.0,1.0,S1 전체 기간 (샷 단위)
로지스틱 L2,27,0.9105575134828661,0.4226190476190476,0.3333333333333333,1.0,1.0,0.5,0.3333333333333333,1.0,0.9096045197740112,S1 전체 기간 (샷 단위)
로지스틱 L2,28,0.45702474578608104,0.8333333333333333,1.0,1.0,1.0,0.5,1.0,0.3333333333333333,0.9915254237288135,S1 전체 기간 (샷 단위)
로지스틱 L2,29,0.5173189508839234,0.2833333333333333,0.6666666666666666,1.0,1.0,0.3076923076923077,0.6666666666666666,0.2,0.9265536723163841,S1 전체 기간 (샷 단위)
로지스틱 L2,30,0.9158964271507558,0.75,1.0,1.0,1.0,0.6666666666666666,0.6666666666666666,0.6666666666666666,0.9747899159663866,S1 전체 기간 (샷 단위)
로지스틱 L2,31,0.9672802994191823,0.27299880525686976,0.6666666666666666,0.6666666666666666,1.0,0.4,0.3333333333333333,0.5,0.8983050847457626,S1 전체 기간 (샷 단위)
로지스틱 L2,32,0.2814157391718879,0.29,0.6666666666666666,1.0,1.0,0.2857142857142857,0.6666666666666666,0.18181818181818182,0.9180790960451978,S1 전체 기간 (샷 단위)
로지스틱 L2,33,0.9320185627679295,0.32857142857142857,0.6666666666666666,1.0,1.0,0.0,0.0,0.0,0.9491525423728814,S1 전체 기간 (샷 단위)
로지스틱 L2,34,0.9771789039306836,0.625,1.0,1.0,1.0,0.5,0.5,0.5,0.9747899159663865,S1 전체 기간 (샷 단위)
로지스틱 L2,35,0.9496518843829019,0.7222222222222222,1.0,1.0,1.0,0.6666666666666666,0.6666666666666666,0.6666666666666666,0.9887955182072828,S1 전체 기간 (샷 단위)
로지스틱 L2,36,0.15357288375269645,0.5625,0.5,1.0,1.0,0.18181818181818182,1.0,0.1,0.9411764705882353,S1 전체 기간 (샷 단위)
로지스틱 L2,37,0.976608436951352,0.425,0.6666666666666666,0.6666666666666666,0.6666666666666666,0.0,0.0,0.0,0.8728813559322033,S1 전체 기간 (샷 단위)
로지스틱 L2,38,0.9580340969342619,0.425,1.0,1.0,1.0,0.3333333333333333,0.3333333333333333,0.3333333333333333,0.9745762711864406,S1 전체 기간 (샷 단위)
로지스틱 L2,39,0.5708052438212299,0.31453634085213034,0.6666666666666666,1.0,1.0,0.2222222222222222,0.3333333333333333,0.16666666666666666,0.9378531073446328,S1 전체 기간 (샷 단위)
로지스틱 L2,40,0.8793963684718374,1.0,1.0,1.0,1.0,0.5714285714285714,1.0,0.4,1.0,S1 전체 기간 (샷 단위)
로지스틱 L2,41,0.25031304865617054,0.2733333333333333,0.6666666666666666,1.0,1.0,0.3076923076923077,0.6666666666666666,0.2,0.9131652661064426,S1 전체 기간 (샷 단위)
로지스틱 L2,42,0.8677342432820383,0.45138888888888884,0.6666666666666666,1.0,1.0,0.6666666666666666,0.6666666666666666,0.6666666666666666,0.9576271186440677,S1 전체 기간 (샷 단위)
로지스틱 L2,43,0.9726341401199626,0.2685185185185185,1.0,1.0,1.0,0.0,0.0,0.0,0.9491525423728814,S1 전체 기간 (샷 단위)
로지스틱 L2,44,0.7844083841863722,0.4656084656084656,0.6666666666666666,0.6666666666666666,1.0,0.25,0.3333333333333333,0.2,0.9180790960451978,S1 전체 기간 (샷 단위)
로지스틱 L2,45,0.4623113093648138,0.44285714285714284,1.0,1.0,1.0,0.5,1.0,0.3333333333333333,0.9774011299435028,S1 전체 기간 (샷 단위)
로지스틱 L2,46,0.24957099994318083,0.14652014652014653,0.6666666666666666,1.0,1.0,0.15384615384615385,0.3333333333333333,0.1,0.9019607843137254,S1 전체 기간 (샷 단위)
로지스틱 L2,47,0.8240184985904139,0.39285714285714285,1.0,1.0,1.0,0.2857142857142857,0.5,0.2,0.9747899159663866,S1 전체 기간 (샷 단위)
로지스틱 L2,48,0.930469356349304,0.5277777777777778,1.0,1.0,1.0,0.5,0.3333333333333333,1.0,0.963276836158192,S1 전체 기간 (샷 단위)
로지스틱 L2,49,0.9779402495774819,0.4555555555555555,0.6666666666666666,1.0,1.0,0.0,0.0,0.0,0.96045197740113,S1 전체 기간 (샷 단위)
랜덤포레스트,0,0.35660318578296524,0.26587301587301587,0.6666666666666666,1.0,1.0,0.3333333333333333,0.6666666666666666,0.2222222222222222,0.9467787114845938,S1 전체 기간 (샷 단위)
랜덤포레스트,1,0.7165166246491496,0.41666666666666663,1.0,1.0,1.0,0.0,0.0,0.0,0.9789915966386554,S1 전체 기간 (샷 단위)
랜덤포레스트,2,0.3210807864972353,0.6984126984126984,1.0,1.0,1.0,0.5454545454545454,1.0,0.375,0.9858757062146892,S1 전체 기간 (샷 단위)
랜덤포레스트,3,0.4345478124599925,0.5111111111111111,0.6666666666666666,1.0,1.0,0.2857142857142857,0.3333333333333333,0.25,0.9548022598870057,S1 전체 기간 (샷 단위)
랜덤포레스트,4,0.2894191254734969,0.14155982905982906,0.6666666666666666,1.0,1.0,0.13333333333333333,0.3333333333333333,0.08333333333333333,0.9011299435028248,S1 전체 기간 (샷 단위)
랜덤포레스트,5,0.3412598943912737,0.6388888888888888,1.0,1.0,1.0,0.4,1.0,0.25,0.9719887955182073,S1 전체 기간 (샷 단위)
랜덤포레스트,6,0.36208186062379427,0.3075757575757576,1.0,1.0,1.0,0.0,0.0,0.0,0.9604519774011299,S1 전체 기간 (샷 단위)
랜덤포레스트,7,0.3223307033498498,0.49831649831649827,1.0,1.0,1.0,0.3333333333333333,0.6666666666666666,0.2222222222222222,0.9576271186440678,S1 전체 기간 (샷 단위)
랜덤포레스트,8,0.3165481781612092,0.1534090909090909,1.0,1.0,1.0,0.2,0.5,0.125,0.9327731092436975,S1 전체 기간 (샷 단위)
랜덤포레스트,9,0.3431330719040016,0.28888888888888886,1.0,1.0,1.0,0.5,1.0,0.3333333333333333,0.96045197740113,S1 전체 기간 (샷 단위)
랜덤포레스트,10,0.35878367235364306,0.17083333333333334,0.6666666666666666,1.0,1.0,0.0,0.0,0.0,0.9215686274509803,S1 전체 기간 (샷 단위)
랜덤포레스트,11,0.29530340223332585,0.3873015873015873,1.0,1.0,1.0,0.46153846153846156,1.0,0.3,0.9745762711864406,S1 전체 기간 (샷 단위)
랜덤포레스트,12,0.3576544130957923,0.6666666666666666,1.0,1.0,1.0,0.4,1.0,0.25,0.9831932773109244,S1 전체 기간 (샷 단위)
랜덤포레스트,13,0.2853960139843293,0.5555555555555556,1.0,1.0,1.0,0.6666666666666666,1.0,0.5,0.9858757062146892,S1 전체 기간 (샷 단위)
랜덤포레스트,14,0.3384937197665649,0.19914529914529916,1.0,1.0,1.0,0.375,1.0,0.23076923076923078,0.9350282485875706,S1 전체 기간 (샷 단위)
랜덤포레스트,15,0.29002249848024336,0.3888888888888889,1.0,1.0,1.0,0.35294117647058826,1.0,0.21428571428571427,0.9719887955182073,S1 전체 기간 (샷 단위)
랜덤포레스트,16,0.311876052254218,0.3242424242424242,1.0,1.0,1.0,0.16666666666666666,0.3333333333333333,0.1111111111111111,0.9519774011299434,S1 전체 기간 (샷 단위)
랜덤포레스트,17,0.3603330248147085,0.5555555555555556,1.0,1.0,1.0,0.36363636363636365,0.6666666666666666,0.25,0.9717514124293786,S1 전체 기간 (샷 단위)
랜덤포레스트,18,0.4076163408474105,0.4206349206349207,1.0,1.0,1.0,0.3333333333333333,0.3333333333333333,0.3333333333333333,0.9774011299435028,S1 전체 기간 (샷 단위)
랜덤포레스트,19,0.24491313747431184,0.2361111111111111,1.0,1.0,1.0,0.3076923076923077,1.0,0.18181818181818182,0.957983193277311,S1 전체 기간 (샷 단위)
랜덤포레스트,20,0.3803635418556843,0.5353535353535354,1.0,1.0,1.0,0.3333333333333333,0.6666666666666666,0.2222222222222222,0.9663865546218487,S1 전체 기간 (샷 단위)
랜덤포레스트,21,0.3687482381577252,0.12564102564102564,0.3333333333333333,1.0,1.0,0.0,0.0,0.0,0.8870056497175142,S1 전체 기간 (샷 단위)
랜덤포레스트,22,0.18878612697690475,0.8333333333333333,1.0,1.0,1.0,0.375,1.0,0.23076923076923078,0.9915254237288135,S1 전체 기간 (샷 단위)
랜덤포레스트,23,0.31295997420068733,0.2785714285714286,1.0,1.0,1.0,0.36363636363636365,0.6666666666666666,0.25,0.9576271186440678,S1 전체 기간 (샷 단위)
랜덤포레스트,24,0.500016559514263,0.41666666666666663,1.0,1.0,1.0,0.4,0.5,0.3333333333333333,0.9831932773109243,S1 전체 기간 (샷 단위)
랜덤포레스트,25,0.3096838232502402,0.3416666666666667,1.0,1.0,1.0,0.4,0.6666666666666666,0.2857142857142857,0.969187675070028,S1 전체 기간 (샷 단위)
랜덤포레스트,26,0.41383415048540917,0.25,1.0,1.0,1.0,0.2222222222222222,0.5,0.14285714285714285,0.9495798319327731,S1 전체 기간 (샷 단위)
랜덤포레스트,27,0.5820633693055917,0.3595238095238096,1.0,1.0,1.0,0.0,0.0,0.0,0.9717514124293785,S1 전체 기간 (샷 단위)
랜덤포레스트,28,0.39634273246953666,0.8666666666666667,1.0,1.0,1.0,0.5454545454545454,1.0,0.375,0.9943502824858758,S1 전체 기간 (샷 단위)
랜덤포레스트,29,0.4080123605779189,0.20555555555555555,0.6666666666666666,1.0,1.0,0.3076923076923077,0.6666666666666666,0.2,0.9350282485875707,S1 전체 기간 (샷 단위)
랜덤포레스트,30,0.3628344975604891,0.2103174603174603,0.6666666666666666,1.0,1.0,0.2222222222222222,0.3333333333333333,0.16666666666666666,0.938375350140056,S1 전체 기간 (샷 단위)
랜덤포레스트,31,0.4398300017931342,0.14484126984126983,0.6666666666666666,1.0,1.0,0.0,0.0,0.0,0.9011299435028248,S1 전체 기간 (샷 단위)
랜덤포레스트,32,0.27242136048013593,0.6666666666666667,1.0,1.0,1.0,0.35294117647058826,1.0,0.21428571428571427,0.9858757062146892,S1 전체 기간 (샷 단위)
랜덤포레스트,33,0.14163247240570803,0.9166666666666665,1.0,1.0,1.0,0.3333333333333333,1.0,0.2,0.9971751412429378,S1 전체 기간 (샷 단위)
랜덤포레스트,34,0.2597368927014793,0.41666666666666663,1.0,1.0,1.0,0.3333333333333333,1.0,0.2,0.9789915966386554,S1 전체 기간 (샷 단위)
랜덤포레스트,35,0.2806741069402224,0.35,1.0,1.0,1.0,0.2222222222222222,0.3333333333333333,0.16666666666666666,0.9607843137254902,S1 전체 기간 (샷 단위)
랜덤포레스트,36,0.35209073430445736,0.15476190476190477,1.0,1.0,1.0,0.15384615384615385,0.5,0.09090909090909091,0.9327731092436975,S1 전체 기간 (샷 단위)
랜덤포레스트,37,0.4276614736290844,0.19027777777777777,0.3333333333333333,1.0,1.0,0.25,0.3333333333333333,0.2,0.9180790960451977,S1 전체 기간 (샷 단위)
랜덤포레스트,38,0.3639725207508771,0.4722222222222222,1.0,1.0,1.0,0.36363636363636365,0.6666666666666666,0.25,0.9689265536723164,S1 전체 기간 (샷 단위)
랜덤포레스트,39,0.33854247035994145,0.6555555555555554,1.0,1.0,1.0,0.46153846153846156,1.0,0.3,0.9774011299435029,S1 전체 기간 (샷 단위)
랜덤포레스트,40,0.39974576945288104,0.24358974358974358,1.0,1.0,1.0,0.18181818181818182,0.5,0.1111111111111111,0.9453781512605042,S1 전체 기간 (샷 단위)
랜덤포레스트,41,0.3012476867769776,0.6805555555555556,1.0,1.0,1.0,0.42857142857142855,1.0,0.2727272727272727,0.9831932773109244,S1 전체 기간 (샷 단위)
랜덤포레스트,42,0.3083652588206005,0.21746031746031746,0.6666666666666666,1.0,1.0,0.25,0.3333333333333333,0.2,0.9322033898305085,S1 전체 기간 (샷 단위)
랜덤포레스트,43,0.44449660190355045,0.5,1.0,1.0,1.0,0.25,0.3333333333333333,0.2,0.9576271186440678,S1 전체 기간 (샷 단위)
랜덤포레스트,44,0.3804164359217955,0.5396825396825397,1.0,1.0,1.0,0.5,1.0,0.3333333333333333,0.9689265536723164,S1 전체 기간 (샷 단위)
랜덤포레스트,45,0.29464435991787025,0.21574074074074073,1.0,1.0,1.0,0.3333333333333333,0.6666666666666666,0.2222222222222222,0.940677966101695,S1 전체 기간 (샷 단위)
랜덤포레스트,46,0.7181883306072685,0.28809523809523807,0.6666666666666666,1.0,1.0,0.0,0.0,0.0,0.9523809523809523,S1 전체 기간 (샷 단위)
랜덤포레스트,47,0.32896018300617913,0.41666666666666663,1.0,1.0,1.0,0.36363636363636365,1.0,0.2222222222222222,0.9789915966386554,S1 전체 기간 (샷 단위)
랜덤포레스트,48,0.44648308294650557,0.2417027417027417,1.0,1.0,1.0,0.0,0.0,0.0,0.9491525423728813,S1 전체 기간 (샷 단위)
랜덤포레스트,49,0.3431223070233131,0.175,0.6666666666666666,1.0,1.0,0.18181818181818182,0.3333333333333333,0.125,0.9237288135593221,S1 전체 기간 (샷 단위)
XGBoost,0,0.7812020182609558,0.3055555555555556,1.0,1.0,1.0,0.3333333333333333,0.3333333333333333,0.3333333333333333,0.9607843137254901,S1 전체 기간 (샷 단위)
XGBoost,1,0.14246906340122223,0.45,1.0,1.0,1.0,0.4,0.5,0.3333333333333333,0.9831932773109243,S1 전체 기간 (샷 단위)
XGBoost,2,0.01812697760760784,0.8333333333333333,1.0,1.0,1.0,0.5454545454545454,1.0,0.375,0.9915254237288135,S1 전체 기간 (샷 단위)
XGBoost,3,0.3122433125972748,0.55,1.0,1.0,1.0,0.4,0.3333333333333333,0.5,0.9661016949152542,S1 전체 기간 (샷 단위)
XGBoost,4,0.05391683429479599,0.16367521367521368,0.3333333333333333,0.6666666666666666,0.6666666666666666,0.14285714285714285,0.3333333333333333,0.09090909090909091,0.8050847457627118,S1 전체 기간 (샷 단위)
XGBoost,5,0.2024606168270111,0.4111111111111111,1.0,1.0,1.0,0.36363636363636365,0.6666666666666666,0.25,0.9719887955182073,S1 전체 기간 (샷 단위)
XGBoost,6,0.12212775647640228,0.2212166918049271,0.6666666666666666,1.0,1.0,0.0,0.0,0.0,0.923728813559322,S1 전체 기간 (샷 단위)
XGBoost,7,0.17986269295215607,0.6805555555555556,1.0,1.0,1.0,0.5454545454545454,1.0,0.375,0.9830508474576272,S1 전체 기간 (샷 단위)
XGBoost,8,0.4992057681083679,0.22916666666666666,0.5,1.0,1.0,0.0,0.0,0.0,0.9327731092436975,S1 전체 기간 (샷 단위)
XGBoost,9,0.0396215096116066,0.3222222222222222,1.0,1.0,1.0,0.42857142857142855,1.0,0.2727272727272727,0.963276836158192,S1 전체 기간 (샷 단위)
XGBoost,10,0.22620539367198944,0.1495726495726496,0.3333333333333333,0.6666666666666666,1.0,0.0,0.0,0.0,0.8879551820728292,S1 전체 기간 (샷 단위)
XGBoost,11,0.7758447527885437,0.5317460317460317,1.0,1.0,1.0,0.0,0.0,0.0,0.983050847457627,S1 전체 기간 (샷 단위)
XGBoost,12,0.6615628004074097,0.45,1.0,1.0,1.0,0.0,0.0,0.0,0.9831932773109243,S1 전체 기간 (샷 단위)
XGBoost,13,0.6169642806053162,0.47619047619047616,1.0,1.0,1.0,0.0,0.0,0.0,0.980225988700565,S1 전체 기간 (샷 단위)
XGBoost,14,0.14778229594230652,0.1694139194139194,0.6666666666666666,0.6666666666666666,1.0,0.3333333333333333,0.6666666666666666,0.2222222222222222,0.9011299435028248,S1 전체 기간 (샷 단위)
XGBoost,15,0.044024378061294556,0.4206349206349207,1.0,1.0,1.0,0.42857142857142855,1.0,0.2727272727272727,0.9775910364145658,S1 전체 기간 (샷 단위)
XGBoost,16,0.01650857739150524,0.17518059855521156,0.3333333333333333,1.0,1.0,0.125,0.3333333333333333,0.07692307692307693,0.903954802259887,S1 전체 기간 (샷 단위)
XGBoost,17,0.11654847115278244,0.6333333333333333,1.0,1.0,1.0,0.6,1.0,0.42857142857142855,0.983050847457627,S1 전체 기간 (샷 단위)
XGBoost,18,0.4350602328777313,0.6984126984126984,1.0,1.0,1.0,0.4,0.3333333333333333,0.5,0.9858757062146892,S1 전체 기간 (샷 단위)
XGBoost,19,0.644131600856781,0.625,1.0,1.0,1.0,0.6666666666666666,0.5,1.0,0.9747899159663865,S1 전체 기간 (샷 단위)
XGBoost,20,0.08177927881479263,0.5254901960784314,0.6666666666666666,1.0,1.0,0.3333333333333333,0.6666666666666666,0.2222222222222222,0.9523809523809523,S1 전체 기간 (샷 단위)
XGBoost,21,0.09256154298782349,0.1558061821219716,0.6666666666666666,1.0,1.0,0.2,0.3333333333333333,0.14285714285714285,0.9096045197740114,S1 전체 기간 (샷 단위)
XGBoost,22,0.02445489540696144,0.9166666666666665,1.0,1.0,1.0,0.5454545454545454,1.0,0.375,0.9971751412429378,S1 전체 기간 (샷 단위)
XGBoost,23,0.7132577896118164,0.3833333333333333,1.0,1.0,1.0,0.0,0.0,0.0,0.963276836158192,S1 전체 기간 (샷 단위)
XGBoost,24,0.1315760314464569,0.8333333333333333,1.0,1.0,1.0,0.6666666666666666,1.0,0.5,0.9957983193277311,S1 전체 기간 (샷 단위)
XGBoost,25,0.22002887725830078,0.373015873015873,1.0,1.0,1.0,0.0,0.0,0.0,0.9663865546218487,S1 전체 기간 (샷 단위)
XGBoost,26,0.1958034783601761,0.1625,0.5,1.0,1.0,0.2857142857142857,0.5,0.2,0.9243697478991596,S1 전체 기간 (샷 단위)
XGBoost,27,0.5576906204223633,1.0,1.0,1.0,1.0,0.0,0.0,0.0,1.0,S1 전체 기간 (샷 단위)
XGBoost,28,0.12295430898666382,0.6984126984126984,1.0,1.0,1.0,0.6,1.0,0.42857142857142855,0.9858757062146892,S1 전체 기간 (샷 단위)
XGBoost,29,0.18806076049804688,0.5588235294117647,0.6666666666666666,1.0,1.0,0.36363636363636365,0.6666666666666666,0.25,0.9548022598870056,S1 전체 기간 (샷 단위)
XGBoost,30,0.7277714610099792,0.17498514557338088,0.6666666666666666,1.0,1.0,0.0,0.0,0.0,0.9215686274509803,S1 전체 기간 (샷 단위)
XGBoost,31,0.5947868227958679,0.1537037037037037,0.6666666666666666,1.0,1.0,0.0,0.0,0.0,0.9067796610169491,S1 전체 기간 (샷 단위)
XGBoost,32,0.044811807572841644,0.7222222222222222,1.0,1.0,1.0,0.5,1.0,0.3333333333333333,0.9887005649717514,S1 전체 기간 (샷 단위)
XGBoost,33,0.04773994907736778,1.0,1.0,1.0,1.0,0.8571428571428571,1.0,0.75,1.0,S1 전체 기간 (샷 단위)
XGBoost,34,0.45235496759414673,1.0,1.0,1.0,1.0,0.8,1.0,0.6666666666666666,1.0,S1 전체 기간 (샷 단위)
XGBoost,35,0.3969329297542572,0.4,0.6666666666666666,1.0,1.0,0.4,0.3333333333333333,0.5,0.957983193277311,S1 전체 기간 (샷 단위)
XGBoost,36,0.11447986215353012,0.3333333333333333,1.0,1.0,1.0,0.2,0.5,0.125,0.953781512605042,S1 전체 기간 (샷 단위)
XGBoost,37,0.1701042354106903,0.33730158730158727,1.0,1.0,1.0,0.4444444444444444,0.6666666666666666,0.3333333333333333,0.9689265536723164,S1 전체 기간 (샷 단위)
XGBoost,38,0.22099459171295166,0.5357142857142857,0.6666666666666666,0.6666666666666666,1.0,0.5714285714285714,0.6666666666666666,0.5,0.923728813559322,S1 전체 기간 (샷 단위)
XGBoost,39,0.03062789887189865,0.8095238095238095,1.0,1.0,1.0,0.6,1.0,0.42857142857142855,0.9887005649717514,S1 전체 기간 (샷 단위)
XGBoost,40,0.30577579140663147,0.2777777777777778,1.0,1.0,1.0,0.25,0.5,0.16666666666666666,0.9621848739495799,S1 전체 기간 (샷 단위)
XGBoost,41,0.0503435917198658,0.7575757575757576,1.0,1.0,1.0,0.3076923076923077,0.6666666666666666,0.2,0.9775910364145658,S1 전체 기간 (샷 단위)
XGBoost,42,0.3835891783237457,0.25396825396825395,0.6666666666666666,1.0,1.0,0.0,0.0,0.0,0.9293785310734463,S1 전체 기간 (샷 단위)
XGBoost,43,0.3948350250720978,0.48333333333333334,0.6666666666666666,1.0,1.0,0.3333333333333333,0.3333333333333333,0.3333333333333333,0.9491525423728814,S1 전체 기간 (샷 단위)
XGBoost,44,0.053413961082696915,0.5694444444444444,1.0,1.0,1.0,0.5,1.0,0.3333333333333333,0.9745762711864406,S1 전체 기간 (샷 단위)
XGBoost,45,0.041829124093055725,0.1841931216931217,0.6666666666666666,1.0,1.0,0.0,0.0,0.0,0.9265536723163842,S1 전체 기간 (샷 단위)
XGBoost,46,0.033698670566082,0.4206349206349207,1.0,1.0,1.0,0.35294117647058826,1.0,0.21428571428571427,0.9775910364145658,S1 전체 기간 (샷 단위)
XGBoost,47,0.08897872269153595,0.41666666666666663,1.0,1.0,1.0,0.4,1.0,0.25,0.9789915966386554,S1 전체 기간 (샷 단위)
XGBoost,48,0.033571209758520126,0.3686868686868687,1.0,1.0,1.0,0.3076923076923077,0.6666666666666666,0.2,0.963276836158192,S1 전체 기간 (샷 단위)
XGBoost,49,0.1090998575091362,0.14444444444444443,0.6666666666666666,1.0,1.0,0.0,0.0,0.0,0.903954802259887,S1 전체 기간 (샷 단위)
LightGBM,0,0.004337144092370651,0.3472222222222222,1.0,1.0,1.0,0.5454545454545454,1.0,0.375,0.969187675070028,S1 전체 기간 (샷 단위)
LightGBM,1,0.016960351386986892,0.45,1.0,1.0,1.0,0.4,0.5,0.3333333333333333,0.9831932773109243,S1 전체 기간 (샷 단위)
LightGBM,2,0.00012564883358892167,0.9166666666666665,1.0,1.0,1.0,0.5454545454545454,1.0,0.375,0.9971751412429378,S1 전체 기간 (샷 단위)
LightGBM,3,0.013913838463398366,0.6222222222222222,0.6666666666666666,1.0,1.0,0.4,0.3333333333333333,0.5,0.9632768361581922,S1 전체 기간 (샷 단위)
LightGBM,4,0.001978061388357406,0.20588235294117646,0.3333333333333333,1.0,1.0,0.18181818181818182,0.3333333333333333,0.125,0.9096045197740112,S1 전체 기간 (샷 단위)
LightGBM,5,0.0005061831568190573,0.5317460317460317,1.0,1.0,1.0,0.46153846153846156,1.0,0.3,0.9831932773109244,S1 전체 기간 (샷 단위)
LightGBM,6,0.0002873491093667497,0.23095238095238094,1.0,1.0,1.0,0.0,0.0,0.0,0.9463276836158192,S1 전체 기간 (샷 단위)
LightGBM,7,0.1375848854610655,0.8055555555555556,1.0,1.0,1.0,0.4,0.3333333333333333,0.5,0.9943502824858758,S1 전체 기간 (샷 단위)
LightGBM,8,0.011829025074566527,0.225,1.0,1.0,1.0,0.25,0.5,0.16666666666666666,0.9537815126050421,S1 전체 기간 (샷 단위)
LightGBM,9,0.0009877992186046265,0.6333333333333333,1.0,1.0,1.0,0.5,1.0,0.3333333333333333,0.983050847457627,S1 전체 기간 (샷 단위)
LightGBM,10,0.022254093672489053,0.20555555555555557,0.6666666666666666,1.0,1.0,0.0,0.0,0.0,0.9299719887955182,S1 전체 기간 (샷 단위)
LightGBM,11,0.021297562348362793,0.5555555555555556,1.0,1.0,1.0,0.4,0.3333333333333333,0.5,0.9858757062146892,S1 전체 기간 (샷 단위)
LightGBM,12,0.05081114736050011,0.6111111111111112,1.0,1.0,1.0,0.6666666666666666,0.5,1.0,0.9705882352941176,S1 전체 기간 (샷 단위)
LightGBM,13,0.0008393484313487101,0.6666666666666667,1.0,1.0,1.0,0.6,1.0,0.42857142857142855,0.9858757062146892,S1 전체 기간 (샷 단위)
LightGBM,14,0.00031145772436522477,0.221256038647343,0.6666666666666666,1.0,1.0,0.2222222222222222,0.6666666666666666,0.13333333333333333,0.92090395480226,S1 전체 기간 (샷 단위)
LightGBM,15,0.0005358555033905206,0.4777777777777778,1.0,1.0,1.0,0.5454545454545454,1.0,0.375,0.9831932773109243,S1 전체 기간 (샷 단위)
LightGBM,16,0.00013111274880050745,0.2851851851851852,1.0,1.0,1.0,0.4,1.0,0.25,0.9548022598870057,S1 전체 기간 (샷 단위)
LightGBM,17,4.972337452909348e-05,0.6428571428571428,1.0,1.0,1.0,0.42857142857142855,1.0,0.2727272727272727,0.983050847457627,S1 전체 기간 (샷 단위)
LightGBM,18,0.5770526655914875,0.8055555555555556,1.0,1.0,1.0,0.0,0.0,0.0,0.9943502824858758,S1 전체 기간 (샷 단위)
LightGBM,19,0.1338947888399706,0.6428571428571428,1.0,1.0,1.0,0.6666666666666666,0.5,1.0,0.9789915966386555,S1 전체 기간 (샷 단위)
LightGBM,20,0.0009195324185867615,0.5444444444444444,1.0,1.0,1.0,0.36363636363636365,0.6666666666666666,0.25,0.969187675070028,S1 전체 기간 (샷 단위)
LightGBM,21,0.006848028229595886,0.19365079365079363,0.6666666666666666,1.0,1.0,0.0,0.0,0.0,0.9322033898305084,S1 전체 기간 (샷 단위)
LightGBM,22,0.00013048935966576686,1.0,1.0,1.0,1.0,0.5,1.0,0.3333333333333333,1.0,S1 전체 기간 (샷 단위)
LightGBM,23,0.0383786225966077,0.38690476190476186,1.0,1.0,1.0,0.4,0.3333333333333333,0.5,0.9689265536723164,S1 전체 기간 (샷 단위)
LightGBM,24,0.008030604361488294,0.5,1.0,1.0,1.0,0.5,0.5,0.5,0.9873949579831932,S1 전체 기간 (샷 단위)
LightGBM,25,0.004023907903441755,0.6388888888888888,1.0,1.0,1.0,0.6666666666666666,0.6666666666666666,0.6666666666666666,0.9915966386554622,S1 전체 기간 (샷 단위)
LightGBM,26,0.0039287190696304,0.39285714285714285,1.0,1.0,1.0,0.2857142857142857,0.5,0.2,0.9747899159663866,S1 전체 기간 (샷 단위)
LightGBM,27,0.030015874534676367,1.0,1.0,1.0,1.0,0.5,0.3333333333333333,1.0,1.0,S1 전체 기간 (샷 단위)
LightGBM,28,0.0028171920163577798,0.6388888888888888,1.0,1.0,1.0,0.5454545454545454,1.0,0.375,0.9915254237288136,S1 전체 기간 (샷 단위)
LightGBM,29,0.0008528641502252298,0.31666666666666665,0.6666666666666666,1.0,1.0,0.26666666666666666,0.6666666666666666,0.16666666666666666,0.9463276836158192,S1 전체 기간 (샷 단위)
LightGBM,30,0.0333417628473622,0.2611111111111111,1.0,1.0,1.0,0.0,0.0,0.0,0.9467787114845939,S1 전체 기간 (샷 단위)
LightGBM,31,0.004850807819776031,0.21249999999999997,0.6666666666666666,1.0,1.0,0.2,0.3333333333333333,0.14285714285714285,0.9350282485875705,S1 전체 기간 (샷 단위)
LightGBM,32,0.0006244010238238769,0.8333333333333333,1.0,1.0,1.0,0.46153846153846156,1.0,0.3,0.9915254237288135,S1 전체 기간 (샷 단위)
LightGBM,33,9.702611565404968e-05,0.7777777777777777,1.0,1.0,1.0,0.42857142857142855,1.0,0.2727272727272727,0.9830508474576272,S1 전체 기간 (샷 단위)
LightGBM,34,0.12097246776114491,1.0,1.0,1.0,1.0,1.0,1.0,1.0,1.0,S1 전체 기간 (샷 단위)
LightGBM,35,0.0034704849284819895,0.7222222222222222,0.6666666666666666,1.0,1.0,0.6666666666666666,0.6666666666666666,0.6666666666666666,0.957983193277311,S1 전체 기간 (샷 단위)
LightGBM,36,0.014797565894432957,0.8333333333333333,1.0,1.0,1.0,0.5,1.0,0.3333333333333333,0.9957983193277311,S1 전체 기간 (샷 단위)
LightGBM,37,0.002137631702805364,0.3472222222222222,1.0,1.0,1.0,0.4444444444444444,0.6666666666666666,0.3333333333333333,0.9689265536723163,S1 전체 기간 (샷 단위)
LightGBM,38,0.009501077803165702,0.34920634920634924,0.6666666666666666,1.0,1.0,0.5714285714285714,0.6666666666666666,0.5,0.9576271186440678,S1 전체 기간 (샷 단위)
LightGBM,39,0.0007435414965679508,0.7777777777777777,1.0,1.0,1.0,0.5,0.6666666666666666,0.4,0.9830508474576272,S1 전체 기간 (샷 단위)
LightGBM,40,0.010655842346186913,0.45,1.0,1.0,1.0,0.4444444444444444,1.0,0.2857142857142857,0.9831932773109243,S1 전체 기간 (샷 단위)
LightGBM,41,0.009813251063638872,0.75,1.0,1.0,1.0,0.8,0.6666666666666666,1.0,0.9747899159663866,S1 전체 기간 (샷 단위)
LightGBM,42,0.001476194513844889,0.33134920634920634,1.0,1.0,1.0,0.3333333333333333,0.3333333333333333,0.3333333333333333,0.9661016949152542,S1 전체 기간 (샷 단위)
LightGBM,43,0.026004219642568823,0.5054945054945055,1.0,1.0,1.0,0.3333333333333333,0.3333333333333333,0.3333333333333333,0.9576271186440678,S1 전체 기간 (샷 단위)
LightGBM,44,0.015904074078838724,0.7222222222222222,1.0,1.0,1.0,0.5714285714285714,0.6666666666666666,0.5,0.9887005649717514,S1 전체 기간 (샷 단위)
LightGBM,45,0.0012502321926531497,0.30277777777777776,1.0,1.0,1.0,0.4444444444444444,0.6666666666666666,0.3333333333333333,0.963276836158192,S1 전체 기간 (샷 단위)
LightGBM,46,0.0038691532359253354,0.5,1.0,1.0,1.0,0.5,1.0,0.3333333333333333,0.9831932773109243,S1 전체 기간 (샷 단위)
LightGBM,47,0.0031450046454500925,0.45,1.0,1.0,1.0,0.5,1.0,0.3333333333333333,0.9831932773109243,S1 전체 기간 (샷 단위)
LightGBM,48,0.0011112908285619554,0.3611111111111111,1.0,1.0,1.0,0.36363636363636365,0.6666666666666666,0.25,0.96045197740113,S1 전체 기간 (샷 단위)
LightGBM,49,0.1116911089430725,0.1643772893772894,0.6666666666666666,1.0,1.0,0.0,0.0,0.0,0.9180790960451978,S1 전체 기간 (샷 단위)
CatBoost,0,0.7096437770064955,0.31313131313131315,1.0,1.0,1.0,0.25,0.3333333333333333,0.2,0.9607843137254902,S1 전체 기간 (샷 단위)
CatBoost,1,0.4998745390635938,0.5,1.0,1.0,1.0,0.5,0.5,0.5,0.9873949579831932,S1 전체 기간 (샷 단위)
CatBoost,2,0.05286893819512891,0.7222222222222222,1.0,1.0,1.0,0.5,1.0,0.3333333333333333,0.9887005649717514,S1 전체 기간 (샷 단위)
CatBoost,3,0.09090067003986241,0.5694444444444444,1.0,1.0,1.0,0.4,0.6666666666666666,0.2857142857142857,0.9745762711864406,S1 전체 기간 (샷 단위)
CatBoost,4,0.42238314449554326,0.13741765480895915,0.6666666666666666,1.0,1.0,0.0,0.0,0.0,0.8926553672316384,S1 전체 기간 (샷 단위)
CatBoost,5,0.031146490631372866,0.5353535353535354,1.0,1.0,1.0,0.375,1.0,0.23076923076923078,0.9663865546218487,S1 전체 기간 (샷 단위)
CatBoost,6,0.24062384048355745,0.2409090909090909,1.0,1.0,1.0,0.0,0.0,0.0,0.9463276836158192,S1 전체 기간 (샷 단위)
CatBoost,7,0.1557708156044916,0.30357142857142855,1.0,1.0,1.0,0.2222222222222222,0.3333333333333333,0.16666666666666666,0.963276836158192,S1 전체 기간 (샷 단위)
CatBoost,8,0.40405220395917607,0.29166666666666663,1.0,1.0,1.0,0.3333333333333333,0.5,0.25,0.9663865546218487,S1 전체 기간 (샷 단위)
CatBoost,9,0.05491936391460988,0.625,1.0,1.0,1.0,0.35294117647058826,1.0,0.21428571428571427,0.980225988700565,S1 전체 기간 (샷 단위)
CatBoost,10,0.3752508066216785,0.2528138528138528,1.0,1.0,1.0,0.0,0.0,0.0,0.9523809523809523,S1 전체 기간 (샷 단위)
CatBoost,11,0.13202244828659332,0.4666666666666667,1.0,1.0,1.0,0.5,1.0,0.3333333333333333,0.9802259887005649,S1 전체 기간 (샷 단위)
CatBoost,12,0.05870102960041408,0.6428571428571428,1.0,1.0,1.0,0.4,1.0,0.25,0.9789915966386555,S1 전체 기간 (샷 단위)
CatBoost,13,0.04492848530022278,0.6388888888888888,1.0,1.0,1.0,0.5,1.0,0.3333333333333333,0.9915254237288136,S1 전체 기간 (샷 단위)
CatBoost,14,0.2041492790548679,0.19337231968810917,0.6666666666666666,1.0,1.0,0.3076923076923077,0.6666666666666666,0.2,0.923728813559322,S1 전체 기간 (샷 단위)
CatBoost,15,0.027107876461339792,0.3873015873015873,1.0,1.0,1.0,0.3333333333333333,1.0,0.2,0.9747899159663865,S1 전체 기간 (샷 단위)
CatBoost,16,0.029116496676496243,0.28044871794871795,0.6666666666666666,1.0,1.0,0.3157894736842105,1.0,0.1875,0.9293785310734463,S1 전체 기간 (샷 단위)
CatBoost,17,0.08842570526608622,0.5166666666666666,1.0,1.0,1.0,0.3333333333333333,0.6666666666666666,0.2222222222222222,0.9632768361581922,S1 전체 기간 (샷 단위)
CatBoost,18,0.8812432618261118,0.30357142857142855,1.0,1.0,1.0,0.0,0.0,0.0,0.963276836158192,S1 전체 기간 (샷 단위)
CatBoost,19,0.7567878870735172,0.2777777777777778,1.0,1.0,1.0,0.0,0.0,0.0,0.9621848739495799,S1 전체 기간 (샷 단위)
CatBoost,20,0.08062226872991114,0.5285714285714286,1.0,1.0,1.0,0.375,1.0,0.23076923076923078,0.9663865546218487,S1 전체 기간 (샷 단위)
CatBoost,21,0.19594345153055648,0.2611111111111111,1.0,1.0,1.0,0.2,0.3333333333333333,0.14285714285714285,0.9548022598870056,S1 전체 기간 (샷 단위)
CatBoost,22,0.04073734094397766,0.7555555555555555,1.0,1.0,1.0,0.5,1.0,0.3333333333333333,0.9915254237288136,S1 전체 기간 (샷 단위)
CatBoost,23,0.02648595855474296,0.4027777777777778,1.0,1.0,1.0,0.4,1.0,0.25,0.9717514124293786,S1 전체 기간 (샷 단위)
CatBoost,24,0.10549260697406268,0.3333333333333333,1.0,1.0,1.0,0.5,1.0,0.3333333333333333,0.9747899159663865,S1 전체 기간 (샷 단위)
CatBoost,25,0.024071204438263164,0.3222222222222222,1.0,1.0,1.0,0.4,1.0,0.25,0.9635854341736695,S1 전체 기간 (샷 단위)
CatBoost,26,0.022268977535604098,0.26785714285714285,1.0,1.0,1.0,0.23529411764705882,1.0,0.13333333333333333,0.9663865546218487,S1 전체 기간 (샷 단위)
CatBoost,27,0.09324318385015457,0.8666666666666667,1.0,1.0,1.0,0.75,1.0,0.6,0.9943502824858758,S1 전체 기간 (샷 단위)
CatBoost,28,0.3446560524128286,0.8055555555555556,1.0,1.0,1.0,0.75,1.0,0.6,0.9943502824858758,S1 전체 기간 (샷 단위)
CatBoost,29,0.1143807737025553,0.19914529914529916,1.0,1.0,1.0,0.3333333333333333,1.0,0.2,0.9350282485875706,S1 전체 기간 (샷 단위)
CatBoost,30,0.9133291605790015,0.1616161616161616,0.6666666666666666,1.0,1.0,0.0,0.0,0.0,0.907563025210084,S1 전체 기간 (샷 단위)
CatBoost,31,0.44068974172517467,0.11173222912353348,0.0,1.0,1.0,0.0,0.0,0.0,0.8700564971751412,S1 전체 기간 (샷 단위)
CatBoost,32,0.10872291320277203,0.9166666666666665,1.0,1.0,1.0,0.5,1.0,0.3333333333333333,0.9971751412429378,S1 전체 기간 (샷 단위)
CatBoost,33,0.07230388387256169,0.8095238095238095,1.0,1.0,1.0,0.6,1.0,0.42857142857142855,0.9887005649717514,S1 전체 기간 (샷 단위)
CatBoost,34,0.02694751940321821,0.45,1.0,1.0,1.0,0.3333333333333333,1.0,0.2,0.9831932773109243,S1 전체 기간 (샷 단위)
CatBoost,35,0.063840857796173,0.6,1.0,1.0,1.0,0.36363636363636365,0.6666666666666666,0.25,0.9747899159663865,S1 전체 기간 (샷 단위)
CatBoost,36,0.05926512805467029,0.35,1.0,1.0,1.0,0.26666666666666666,1.0,0.15384615384615385,0.9621848739495799,S1 전체 기간 (샷 단위)
CatBoost,37,0.3252351258794441,0.34920634920634924,0.6666666666666666,1.0,1.0,0.0,0.0,0.0,0.9576271186440678,S1 전체 기간 (샷 단위)
CatBoost,38,0.2238640348708014,0.5138888888888888,1.0,1.0,1.0,0.4,0.6666666666666666,0.2857142857142857,0.980225988700565,S1 전체 기간 (샷 단위)
CatBoost,39,0.2341504536450711,0.5396825396825397,1.0,1.0,1.0,0.25,0.3333333333333333,0.2,0.9689265536723164,S1 전체 기간 (샷 단위)
CatBoost,40,0.4493249105017824,0.5833333333333334,1.0,1.0,1.0,0.2857142857142857,0.5,0.2,0.9579831932773109,S1 전체 기간 (샷 단위)
CatBoost,41,0.03428108537196771,0.6666666666666666,1.0,1.0,1.0,0.42857142857142855,1.0,0.2727272727272727,0.9803921568627451,S1 전체 기간 (샷 단위)
CatBoost,42,0.14695421320973703,0.1984126984126984,0.6666666666666666,1.0,1.0,0.0,0.0,0.0,0.9209039548022598,S1 전체 기간 (샷 단위)
CatBoost,43,0.8464164956984636,0.21717171717171718,0.6666666666666666,1.0,1.0,0.0,0.0,0.0,0.9152542372881356,S1 전체 기간 (샷 단위)
CatBoost,44,0.2852186143346254,0.6555555555555554,1.0,1.0,1.0,0.5714285714285714,0.6666666666666666,0.5,0.9774011299435029,S1 전체 기간 (샷 단위)
CatBoost,45,0.009752801050174783,0.2297979797979798,1.0,1.0,1.0,0.35294117647058826,1.0,0.21428571428571427,0.9463276836158192,S1 전체 기간 (샷 단위)
CatBoost,46,0.4598826337420204,0.2777777777777778,1.0,1.0,1.0,0.2857142857142857,0.3333333333333333,0.25,0.9579831932773109,S1 전체 기간 (샷 단위)
CatBoost,47,0.04274641296769122,0.8333333333333333,1.0,1.0,1.0,0.3076923076923077,1.0,0.18181818181818182,0.9957983193277311,S1 전체 기간 (샷 단위)
CatBoost,48,0.06862171502992498,0.2388888888888889,1.0,1.0,1.0,0.46153846153846156,1.0,0.3,0.9491525423728814,S1 전체 기간 (샷 단위)
CatBoost,49,0.05415536882237552,0.15574074074074074,0.6666666666666666,1.0,1.0,0.18181818181818182,0.3333333333333333,0.125,0.8983050847457628,S1 전체 기간 (샷 단위)
Isolation Forest,0,0.5341758202155064,0.18308080808080807,0.3333333333333333,0.6666666666666666,1.0,0.3333333333333333,0.3333333333333333,0.3333333333333333,0.8711484593837535,S1 전체 기간 (샷 단위)
Isolation Forest,1,0.5466314258934285,0.24358974358974358,1.0,1.0,1.0,0.0,0.0,0.0,0.9453781512605042,S1 전체 기간 (샷 단위)
Isolation Forest,2,0.5392057498340757,0.4020979020979021,0.3333333333333333,0.6666666666666666,1.0,0.4,0.3333333333333333,0.5,0.8785310734463276,S1 전체 기간 (샷 단위)
Isolation Forest,3,0.5431396261008831,0.4489247311827957,0.6666666666666666,0.6666666666666666,1.0,0.5,0.3333333333333333,1.0,0.903954802259887,S1 전체 기간 (샷 단위)
Isolation Forest,4,0.5633483045209207,0.2357142857142857,0.3333333333333333,0.6666666666666666,1.0,0.0,0.0,0.0,0.8757062146892656,S1 전체 기간 (샷 단위)
Isolation Forest,5,0.5346618029437994,0.19277777777777777,0.3333333333333333,1.0,1.0,0.3333333333333333,0.3333333333333333,0.3333333333333333,0.8935574229691877,S1 전체 기간 (샷 단위)
Isolation Forest,6,0.5444222409927654,0.072370041882237,0.3333333333333333,0.3333333333333333,0.6666666666666666,0.0,0.0,0.0,0.7740112994350282,S1 전체 기간 (샷 단위)
Isolation Forest,7,0.565340134614545,0.7254901960784313,0.6666666666666666,1.0,1.0,0.0,0.0,0.0,0.96045197740113,S1 전체 기간 (샷 단위)
Isolation Forest,8,0.532723438575703,0.13095238095238093,0.5,1.0,1.0,0.0,0.0,0.0,0.8991596638655462,S1 전체 기간 (샷 단위)
Isolation Forest,9,0.5533889098892703,0.29166666666666663,0.6666666666666666,1.0,1.0,0.4,0.3333333333333333,0.5,0.92090395480226,S1 전체 기간 (샷 단위)
Isolation Forest,10,0.5348953873142255,0.11452991452991453,0.6666666666666666,0.6666666666666666,0.6666666666666666,0.0,0.0,0.0,0.8459383753501399,S1 전체 기간 (샷 단위)
Isolation Forest,11,0.539751001801517,0.41666666666666663,0.3333333333333333,1.0,1.0,0.5,0.3333333333333333,1.0,0.9011299435028248,S1 전체 기간 (샷 단위)
Isolation Forest,12,0.5315851253048234,0.5434782608695652,0.5,1.0,1.0,0.6666666666666666,0.5,1.0,0.9117647058823529,S1 전체 기간 (샷 단위)
Isolation Forest,13,0.5555942042713905,0.1635113815641199,0.3333333333333333,0.3333333333333333,1.0,0.2857142857142857,0.3333333333333333,0.25,0.8305084745762712,S1 전체 기간 (샷 단위)
Isolation Forest,14,0.5491697783639912,0.55,1.0,1.0,1.0,0.5,0.3333333333333333,1.0,0.9661016949152542,S1 전체 기간 (샷 단위)
Isolation Forest,15,0.5387299079677209,0.47549019607843135,0.6666666666666666,1.0,1.0,0.4,0.3333333333333333,0.5,0.9439775910364145,S1 전체 기간 (샷 단위)
Isolation Forest,16,0.5299688690140796,0.22692307692307695,1.0,1.0,1.0,0.0,0.0,0.0,0.943502824858757,S1 전체 기간 (샷 단위)
Isolation Forest,17,0.5642332149053001,0.43650793650793646,0.6666666666666666,1.0,1.0,0.4,0.3333333333333333,0.5,0.943502824858757,S1 전체 기간 (샷 단위)
Isolation Forest,18,0.5478871356588897,0.06002665624467626,0.0,0.0,1.0,0.0,0.0,0.0,0.7429378531073446,S1 전체 기간 (샷 단위)
Isolation Forest,19,0.5515062964028308,0.6,1.0,1.0,1.0,0.6666666666666666,0.5,1.0,0.9663865546218487,S1 전체 기간 (샷 단위)
Isolation Forest,20,0.5290118891646224,0.2936507936507936,0.6666666666666666,1.0,1.0,0.3333333333333333,0.3333333333333333,0.3333333333333333,0.938375350140056,S1 전체 기간 (샷 단위)
Isolation Forest,21,0.549132687981698,0.4658119658119658,1.0,1.0,1.0,0.5,0.3333333333333333,1.0,0.943502824858757,S1 전체 기간 (샷 단위)
Isolation Forest,22,0.5347413462192668,0.3946886446886447,0.3333333333333333,0.3333333333333333,1.0,0.4,0.3333333333333333,0.5,0.8615819209039548,S1 전체 기간 (샷 단위)
Isolation Forest,23,0.5446056145852788,0.09846431797651309,0.3333333333333333,0.6666666666666666,0.6666666666666666,0.0,0.0,0.0,0.8248587570621468,S1 전체 기간 (샷 단위)
Isolation Forest,24,0.5278587030433756,0.2803030303030303,0.5,0.5,1.0,0.5,0.5,0.5,0.865546218487395,S1 전체 기간 (샷 단위)
Isolation Forest,25,0.5525197238827357,0.7051282051282051,0.6666666666666666,0.6666666666666666,1.0,0.8,0.6666666666666666,1.0,0.9355742296918768,S1 전체 기간 (샷 단위)
Isolation Forest,26,0.5489264166781231,0.6666666666666666,1.0,1.0,1.0,0.6666666666666666,0.5,1.0,0.9831932773109244,S1 전체 기간 (샷 단위)
Isolation Forest,27,0.5400624331716428,0.16041540633192175,0.3333333333333333,0.3333333333333333,0.6666666666666666,0.0,0.0,0.0,0.8192090395480226,S1 전체 기간 (샷 단위)
Isolation Forest,28,0.5561693477801224,0.07967631497043262,0.0,0.6666666666666666,1.0,0.0,0.0,0.0,0.8107344632768362,S1 전체 기간 (샷 단위)
Isolation Forest,29,0.563220443809842,0.18903318903318903,0.3333333333333333,0.6666666666666666,1.0,0.0,0.0,0.0,0.8757062146892655,S1 전체 기간 (샷 단위)
Isolation Forest,30,0.5494685378199223,0.06300451214968747,0.0,0.3333333333333333,0.6666666666666666,0.0,0.0,0.0,0.7507002801120449,S1 전체 기간 (샷 단위)
Isolation Forest,31,0.5389985063842405,0.13011063011063012,0.3333333333333333,1.0,1.0,0.0,0.0,0.0,0.8841807909604519,S1 전체 기간 (샷 단위)
Isolation Forest,32,0.5460819081310219,0.44771241830065356,0.6666666666666666,1.0,1.0,0.6666666666666666,0.6666666666666666,0.6666666666666666,0.9548022598870056,S1 전체 기간 (샷 단위)
Isolation Forest,33,0.5360898114240861,0.473015873015873,0.6666666666666666,0.6666666666666666,1.0,0.5,0.3333333333333333,1.0,0.8983050847457628,S1 전체 기간 (샷 단위)
Isolation Forest,34,0.5628829305650052,0.2833333333333333,0.5,0.5,1.0,0.0,0.0,0.0,0.8781512605042017,S1 전체 기간 (샷 단위)
Isolation Forest,35,0.5423714959233467,0.32380952380952377,0.6666666666666666,0.6666666666666666,0.6666666666666666,0.4,0.3333333333333333,0.5,0.8795518207282913,S1 전체 기간 (샷 단위)
Isolation Forest,36,0.51080522597402,0.6428571428571428,1.0,1.0,1.0,0.3333333333333333,0.5,0.25,0.9789915966386555,S1 전체 기간 (샷 단위)
Isolation Forest,37,0.5664619753778984,0.23015873015873017,0.3333333333333333,0.6666666666666666,1.0,0.0,0.0,0.0,0.864406779661017,S1 전체 기간 (샷 단위)
Isolation Forest,38,0.5468147184154512,0.12592592592592594,0.6666666666666666,0.6666666666666666,1.0,0.0,0.0,0.0,0.8785310734463277,S1 전체 기간 (샷 단위)
Isolation Forest,39,0.5359837748531512,0.39814814814814814,0.3333333333333333,0.6666666666666666,1.0,0.5,0.3333333333333333,1.0,0.8700564971751412,S1 전체 기간 (샷 단위)
Isolation Forest,40,0.5365359159060893,0.5256410256410257,0.5,0.5,0.5,0.5,0.5,0.5,0.8445378151260504,S1 전체 기간 (샷 단위)
Isolation Forest,41,0.5355749843504777,0.392258064516129,0.3333333333333333,0.6666666666666666,1.0,0.5,0.3333333333333333,1.0,0.8571428571428571,S1 전체 기간 (샷 단위)
Isolation Forest,42,0.5501280892085242,0.2096171802054155,0.6666666666666666,1.0,1.0,0.0,0.0,0.0,0.9322033898305084,S1 전체 기간 (샷 단위)
Isolation Forest,43,0.5357611428603125,0.1258916522074417,0.3333333333333333,1.0,1.0,0.0,0.0,0.0,0.8870056497175142,S1 전체 기간 (샷 단위)
Isolation Forest,44,0.5697248024636764,0.4444444444444444,0.6666666666666666,1.0,1.0,0.0,0.0,0.0,0.9519774011299436,S1 전체 기간 (샷 단위)
Isolation Forest,45,0.5394222368408359,0.4444444444444444,0.6666666666666666,1.0,1.0,0.6666666666666666,0.6666666666666666,0.6666666666666666,0.9519774011299436,S1 전체 기간 (샷 단위)
Isolation Forest,46,0.570842249710514,0.2707509881422925,0.6666666666666666,1.0,1.0,0.0,0.0,0.0,0.9159663865546218,S1 전체 기간 (샷 단위)
Isolation Forest,47,0.5319680502958452,0.20833333333333331,0.5,1.0,1.0,0.3333333333333333,0.5,0.25,0.8991596638655462,S1 전체 기간 (샷 단위)
Isolation Forest,48,0.5438375713871676,0.2525252525252525,0.6666666666666666,0.6666666666666666,1.0,0.0,0.0,0.0,0.8983050847457626,S1 전체 기간 (샷 단위)
Isolation Forest,49,0.5457583658574762,0.06392496392496393,0.0,0.3333333333333333,1.0,0.0,0.0,0.0,0.7627118644067796,S1 전체 기간 (샷 단위)
[기준] 무작위,0,0.007362269751005512,0.2777777777777778,0.0,0.0,0.3333333333333333,0.375,1.0,0.23076923076923078,0.5,"S2 불량 시기 안 (샷 0~60, 샷 단위)"
[기준] 샷 순서,0,50.0,1.0,0.6666666666666666,1.0,1.0,0.8,0.6666666666666666,1.0,1.0,"S2 불량 시기 안 (샷 0~60, 샷 단위)"
[기준] 무작위,1,0.15153183039967943,0.3333333333333333,0.5,0.5,0.5,0.2222222222222222,0.5,0.14285714285714285,0.45,"S2 불량 시기 안 (샷 0~60, 샷 단위)"
[기준] 샷 순서,1,48.0,1.0,1.0,1.0,1.0,1.0,1.0,1.0,1.0,"S2 불량 시기 안 (샷 0~60, 샷 단위)"
[기준] 무작위,2,0.20342388329822425,0.2417027417027417,0.0,0.0,0.0,0.42857142857142855,1.0,0.2727272727272727,0.3333333333333333,"S2 불량 시기 안 (샷 0~60, 샷 단위)"
[기준] 샷 순서,2,48.0,1.0,0.6666666666666666,1.0,1.0,0.8571428571428571,1.0,0.75,1.0,"S2 불량 시기 안 (샷 0~60, 샷 단위)"
[기준] 무작위,3,0.12433075952154748,0.6333333333333333,0.3333333333333333,0.3333333333333333,0.3333333333333333,0.5454545454545454,1.0,0.375,0.7777777777777779,"S2 불량 시기 안 (샷 0~60, 샷 단위)"
[기준] 샷 순서,3,48.0,0.8095238095238095,0.6666666666666666,0.6666666666666666,0.6666666666666666,0.8,0.6666666666666666,1.0,0.8518518518518519,"S2 불량 시기 안 (샷 0~60, 샷 단위)"
[기준] 무작위,4,0.09983781865864105,0.4444444444444445,0.0,0.3333333333333333,0.6666666666666666,0.5,1.0,0.3333333333333333,0.7407407407407408,"S2 불량 시기 안 (샷 0~60, 샷 단위)"
[기준] 샷 순서,4,48.0,0.8666666666666667,0.6666666666666666,0.6666666666666666,0.6666666666666666,0.8,0.6666666666666666,1.0,0.9259259259259259,"S2 불량 시기 안 (샷 0~60, 샷 단위)"
[기준] 무작위,5,0.17284409383096078,0.2216931216931217,0.0,0.0,0.0,0.375,1.0,0.23076923076923078,0.33333333333333337,"S2 불량 시기 안 (샷 0~60, 샷 단위)"
[기준] 샷 순서,5,48.0,0.7777777777777777,0.6666666666666666,0.6666666666666666,0.6666666666666666,0.8,0.6666666666666666,1.0,0.8,"S2 불량 시기 안 (샷 0~60, 샷 단위)"
[기준] 무작위,6,0.2702249278519363,0.6984126984126984,0.3333333333333333,0.6666666666666666,0.6666666666666666,0.46153846153846156,1.0,0.3,0.8148148148148149,"S2 불량 시기 안 (샷 0~60, 샷 단위)"
[기준] 샷 순서,6,48.0,1.0,0.6666666666666666,1.0,1.0,1.0,1.0,1.0,1.0,"S2 불량 시기 안 (샷 0~60, 샷 단위)"
[기준] 무작위,7,0.7136144512606716,0.6111111111111112,0.3333333333333333,0.3333333333333333,0.6666666666666666,0.3333333333333333,0.3333333333333333,0.3333333333333333,0.7037037037037037,"S2 불량 시기 안 (샷 0~60, 샷 단위)"
[기준] 샷 순서,7,50.0,0.8666666666666667,0.6666666666666666,0.6666666666666666,0.6666666666666666,0.5,0.3333333333333333,1.0,0.9259259259259259,"S2 불량 시기 안 (샷 0~60, 샷 단위)"
[기준] 무작위,8,0.41442843002889296,0.3242424242424242,0.3333333333333333,0.3333333333333333,0.3333333333333333,0.2,0.3333333333333333,0.14285714285714285,0.37037037037037035,"S2 불량 시기 안 (샷 0~60, 샷 단위)"
[기준] 샷 순서,8,48.0,1.0,0.6666666666666666,1.0,1.0,0.8571428571428571,1.0,0.75,1.0,"S2 불량 시기 안 (샷 0~60, 샷 단위)"
[기준] 무작위,9,0.022470350342600698,0.19444444444444442,0.0,0.0,0.0,0.2857142857142857,1.0,0.16666666666666666,0.4,"S2 불량 시기 안 (샷 0~60, 샷 단위)"
[기준] 샷 순서,9,48.0,1.0,1.0,1.0,1.0,1.0,1.0,1.0,1.0,"S2 불량 시기 안 (샷 0~60, 샷 단위)"
[기준] 무작위,10,0.49697984886100877,0.2388278388278388,0.0,0.0,0.0,0.36363636363636365,0.6666666666666666,0.25,0.36666666666666664,"S2 불량 시기 안 (샷 0~60, 샷 단위)"
[기준] 샷 순서,10,48.0,0.7777777777777777,0.6666666666666666,0.6666666666666666,0.6666666666666666,0.8,0.6666666666666666,1.0,0.8,"S2 불량 시기 안 (샷 0~60, 샷 단위)"
[기준] 무작위,11,0.17093827813571094,0.14646464646464646,0.0,0.0,0.0,0.3076923076923077,1.0,0.18181818181818182,0.14999999999999997,"S2 불량 시기 안 (샷 0~60, 샷 단위)"
[기준] 샷 순서,11,48.0,0.8333333333333333,0.5,1.0,1.0,0.6666666666666666,0.5,1.0,0.9500000000000001,"S2 불량 시기 안 (샷 0~60, 샷 단위)"
[기준] 무작위,12,0.27936515548535057,0.28968253968253965,0.0,0.3333333333333333,0.3333333333333333,0.2222222222222222,0.3333333333333333,0.16666666666666666,0.4074074074074074,"S2 불량 시기 안 (샷 0~60, 샷 단위)"
[기준] 샷 순서,12,48.0,1.0,0.6666666666666666,1.0,1.0,1.0,1.0,1.0,1.0,"S2 불량 시기 안 (샷 0~60, 샷 단위)"
[기준] 무작위,13,0.04763504233074267,0.33730158730158727,0.0,0.0,0.3333333333333333,0.4,1.0,0.25,0.5925925925925926,"S2 불량 시기 안 (샷 0~60, 샷 단위)"
[기준] 샷 순서,13,48.0,1.0,0.6666666666666666,1.0,1.0,1.0,1.0,1.0,1.0,"S2 불량 시기 안 (샷 0~60, 샷 단위)"
[기준] 무작위,14,0.5088066608867216,0.6805555555555556,0.3333333333333333,0.6666666666666666,0.6666666666666666,0.5714285714285714,0.6666666666666666,0.5,0.7777777777777777,"S2 불량 시기 안 (샷 0~60, 샷 단위)"
[기준] 샷 순서,14,50.0,0.9166666666666665,0.6666666666666666,0.6666666666666666,1.0,0.8,0.6666666666666666,1.0,0.9629629629629629,"S2 불량 시기 안 (샷 0~60, 샷 단위)"
[기준] 무작위,15,0.19671438054986967,0.24831649831649832,0.0,0.0,0.3333333333333333,0.42857142857142855,1.0,0.2727272727272727,0.39999999999999997,"S2 불량 시기 안 (샷 0~60, 샷 단위)"
[기준] 샷 순서,15,48.0,0.8333333333333333,0.6666666666666666,0.6666666666666666,0.6666666666666666,0.8,0.6666666666666666,1.0,0.8999999999999999,"S2 불량 시기 안 (샷 0~60, 샷 단위)"
[기준] 무작위,16,0.6818400899035224,0.5777777777777777,0.3333333333333333,0.3333333333333333,0.3333333333333333,0.5,0.6666666666666666,0.4,0.6666666666666667,"S2 불량 시기 안 (샷 0~60, 샷 단위)"
[기준] 샷 순서,16,48.0,0.8666666666666667,0.6666666666666666,0.6666666666666666,0.6666666666666666,0.6666666666666666,0.6666666666666666,0.6666666666666666,0.9259259259259259,"S2 불량 시기 안 (샷 0~60, 샷 단위)"
[기준] 무작위,17,0.18860401216441036,0.3277777777777778,0.0,0.0,0.3333333333333333,0.4444444444444444,0.6666666666666666,0.3333333333333333,0.5555555555555556,"S2 불량 시기 안 (샷 0~60, 샷 단위)"
[기준] 샷 순서,17,48.0,1.0,0.6666666666666666,1.0,1.0,1.0,1.0,1.0,1.0,"S2 불량 시기 안 (샷 0~60, 샷 단위)"
[기준] 무작위,18,0.08363171859660168,0.1856060606060606,0.0,0.0,0.0,0.4,1.0,0.25,0.07407407407407407,"S2 불량 시기 안 (샷 0~60, 샷 단위)"
[기준] 샷 순서,18,50.0,1.0,0.6666666666666666,1.0,1.0,0.8,0.6666666666666666,1.0,1.0,"S2 불량 시기 안 (샷 0~60, 샷 단위)"
[기준] 무작위,19,0.1114932303799635,0.625,0.5,0.5,0.5,0.3333333333333333,1.0,0.2,0.7,"S2 불량 시기 안 (샷 0~60, 샷 단위)"
[기준] 샷 순서,19,48.0,1.0,1.0,1.0,1.0,1.0,1.0,1.0,1.0,"S2 불량 시기 안 (샷 0~60, 샷 단위)"
[기준] 무작위,20,0.10602369482528018,0.19914529914529916,0.0,0.0,0.0,0.375,1.0,0.23076923076923078,0.2333333333333333,"S2 불량 시기 안 (샷 0~60, 샷 단위)"
[기준] 샷 순서,20,48.0,0.8333333333333333,0.6666666666666666,0.6666666666666666,0.6666666666666666,0.8,0.6666666666666666,1.0,0.8999999999999999,"S2 불량 시기 안 (샷 0~60, 샷 단위)"
[기준] 무작위,21,0.07301235131956973,0.1388888888888889,0.0,0.0,0.0,0.16666666666666666,0.5,0.1,0.09999999999999998,"S2 불량 시기 안 (샷 0~60, 샷 단위)"
[기준] 샷 순서,21,50.0,1.0,1.0,1.0,1.0,0.6666666666666666,0.5,1.0,1.0,"S2 불량 시기 안 (샷 0~60, 샷 단위)"
[기준] 무작위,22,0.2252533043891849,0.2777777777777778,0.0,0.0,0.0,0.46153846153846156,1.0,0.3,0.4444444444444444,"S2 불량 시기 안 (샷 0~60, 샷 단위)"
[기준] 샷 순서,22,48.0,1.0,0.6666666666666666,1.0,1.0,1.0,1.0,1.0,1.0,"S2 불량 시기 안 (샷 0~60, 샷 단위)"
[기준] 무작위,23,0.44532619537453355,0.7916666666666666,0.6666666666666666,0.6666666666666666,0.6666666666666666,0.4444444444444444,0.6666666666666666,0.3333333333333333,0.8148148148148148,"S2 불량 시기 안 (샷 0~60, 샷 단위)"
[기준] 샷 순서,23,48.0,1.0,0.6666666666666666,1.0,1.0,0.8571428571428571,1.0,0.75,1.0,"S2 불량 시기 안 (샷 0~60, 샷 단위)"
[기준] 무작위,24,0.14460627575743012,0.33535353535353535,0.0,0.3333333333333333,0.3333333333333333,0.42857142857142855,1.0,0.2727272727272727,0.5185185185185186,"S2 불량 시기 안 (샷 0~60, 샷 단위)"
[기준] 샷 순서,24,48.0,1.0,0.6666666666666666,1.0,1.0,0.8,0.6666666666666666,1.0,1.0,"S2 불량 시기 안 (샷 0~60, 샷 단위)"
[기준] 무작위,25,0.0008548934687260257,0.22962962962962963,0.0,0.0,0.0,0.375,1.0,0.23076923076923078,0.3666666666666667,"S2 불량 시기 안 (샷 0~60, 샷 단위)"
[기준] 샷 순서,25,48.0,1.0,0.6666666666666666,1.0,1.0,0.8,0.6666666666666666,1.0,1.0,"S2 불량 시기 안 (샷 0~60, 샷 단위)"
[기준] 무작위,26,0.18258346524492375,0.4206349206349206,0.3333333333333333,0.3333333333333333,0.3333333333333333,0.42857142857142855,1.0,0.2727272727272727,0.6666666666666667,"S2 불량 시기 안 (샷 0~60, 샷 단위)"
[기준] 샷 순서,26,48.0,0.7916666666666666,0.6666666666666666,0.6666666666666666,0.6666666666666666,0.8,0.6666666666666666,1.0,0.8148148148148148,"S2 불량 시기 안 (샷 0~60, 샷 단위)"
[기준] 무작위,27,0.07092868360798643,0.2126022126022126,0.0,0.0,0.0,0.42857142857142855,1.0,0.2727272727272727,0.2222222222222222,"S2 불량 시기 안 (샷 0~60, 샷 단위)"
[기준] 샷 순서,27,48.0,1.0,0.6666666666666666,1.0,1.0,0.8571428571428571,1.0,0.75,1.0,"S2 불량 시기 안 (샷 0~60, 샷 단위)"
[기준] 무작위,28,0.06239865214830487,0.49831649831649827,0.3333333333333333,0.3333333333333333,0.3333333333333333,0.3076923076923077,0.6666666666666666,0.2,0.4444444444444444,"S2 불량 시기 안 (샷 0~60, 샷 단위)"
[기준] 샷 순서,28,48.0,1.0,0.6666666666666666,1.0,1.0,1.0,1.0,1.0,1.0,"S2 불량 시기 안 (샷 0~60, 샷 단위)"
[기준] 무작위,29,0.6223596076904172,0.1388888888888889,0.0,0.0,0.0,0.0,0.0,0.0,0.09999999999999998,"S2 불량 시기 안 (샷 0~60, 샷 단위)"
[기준] 샷 순서,29,50.0,1.0,1.0,1.0,1.0,0.6666666666666666,0.5,1.0,1.0,"S2 불량 시기 안 (샷 0~60, 샷 단위)"
[기준] 무작위,30,0.7448448121802099,0.1627816627816628,0.0,0.0,0.0,0.0,0.0,0.0,0.0,"S2 불량 시기 안 (샷 0~60, 샷 단위)"
[기준] 샷 순서,30,50.0,0.5555555555555556,0.3333333333333333,0.6666666666666666,0.6666666666666666,0.0,0.0,0.0,0.8333333333333333,"S2 불량 시기 안 (샷 0~60, 샷 단위)"
[기준] 무작위,31,0.11944922001336677,0.18333333333333335,0.0,0.0,0.0,0.3076923076923077,1.0,0.18181818181818182,0.35,"S2 불량 시기 안 (샷 0~60, 샷 단위)"
[기준] 샷 순서,31,48.0,1.0,1.0,1.0,1.0,1.0,1.0,1.0,1.0,"S2 불량 시기 안 (샷 0~60, 샷 단위)"
[기준] 무작위,32,0.36534599392852196,0.22424242424242424,0.0,0.0,0.0,0.42857142857142855,1.0,0.2727272727272727,0.2592592592592593,"S2 불량 시기 안 (샷 0~60, 샷 단위)"
[기준] 샷 순서,32,48.0,1.0,0.6666666666666666,1.0,1.0,1.0,1.0,1.0,1.0,"S2 불량 시기 안 (샷 0~60, 샷 단위)"
[기준] 무작위,33,0.49351552068438553,0.25,0.0,0.0,0.0,0.36363636363636365,0.6666666666666666,0.25,0.3703703703703704,"S2 불량 시기 안 (샷 0~60, 샷 단위)"
[기준] 샷 순서,33,48.0,1.0,0.6666666666666666,1.0,1.0,1.0,1.0,1.0,1.0,"S2 불량 시기 안 (샷 0~60, 샷 단위)"
[기준] 무작위,34,0.35197377643518535,0.37777777777777777,0.3333333333333333,0.3333333333333333,0.3333333333333333,0.36363636363636365,0.6666666666666666,0.25,0.5555555555555556,"S2 불량 시기 안 (샷 0~60, 샷 단위)"
[기준] 샷 순서,34,48.0,1.0,0.6666666666666666,1.0,1.0,1.0,1.0,1.0,1.0,"S2 불량 시기 안 (샷 0~60, 샷 단위)"
[기준] 무작위,35,0.14196964870020923,0.3909090909090909,0.3333333333333333,0.3333333333333333,0.3333333333333333,0.4,1.0,0.25,0.5999999999999999,"S2 불량 시기 안 (샷 0~60, 샷 단위)"
[기준] 샷 순서,35,48.0,0.7916666666666666,0.6666666666666666,0.6666666666666666,0.6666666666666666,0.6666666666666666,0.6666666666666666,0.6666666666666666,0.8333333333333333,"S2 불량 시기 안 (샷 0~60, 샷 단위)"
[기준] 무작위,36,0.2626116604041746,0.34444444444444444,0.0,0.3333333333333333,0.3333333333333333,0.46153846153846156,1.0,0.3,0.5555555555555556,"S2 불량 시기 안 (샷 0~60, 샷 단위)"
[기준] 샷 순서,36,48.0,1.0,0.6666666666666666,1.0,1.0,1.0,1.0,1.0,1.0,"S2 불량 시기 안 (샷 0~60, 샷 단위)"
[기준] 무작위,37,0.017402448305324003,0.4777777777777778,0.0,0.3333333333333333,0.6666666666666666,0.4,1.0,0.25,0.7777777777777778,"S2 불량 시기 안 (샷 0~60, 샷 단위)"
[기준] 샷 순서,37,48.0,0.9166666666666665,0.6666666666666666,0.6666666666666666,1.0,0.8,0.6666666666666666,1.0,0.9629629629629629,"S2 불량 시기 안 (샷 0~60, 샷 단위)"
[기준] 무작위,38,0.12939575074248555,0.25,0.0,0.0,0.0,0.4,1.0,0.25,0.37037037037037035,"S2 불량 시기 안 (샷 0~60, 샷 단위)"
[기준] 샷 순서,38,48.0,1.0,0.6666666666666666,1.0,1.0,1.0,1.0,1.0,1.0,"S2 불량 시기 안 (샷 0~60, 샷 단위)"
[기준] 무작위,39,0.5415540184299765,0.2777777777777778,0.0,0.5,0.5,0.4,0.5,0.3333333333333333,0.55,"S2 불량 시기 안 (샷 0~60, 샷 단위)"
[기준] 샷 순서,39,51.0,1.0,1.0,1.0,1.0,0.0,0.0,0.0,1.0,"S2 불량 시기 안 (샷 0~60, 샷 단위)"
[기준] 무작위,40,0.4727665159725257,0.2528138528138528,0.0,0.0,0.0,0.36363636363636365,0.6666666666666666,0.25,0.37037037037037035,"S2 불량 시기 안 (샷 0~60, 샷 단위)"
[기준] 샷 순서,40,48.0,0.8333333333333333,0.6666666666666666,0.6666666666666666,0.6666666666666666,0.6666666666666666,0.6666666666666666,0.6666666666666666,0.888888888888889,"S2 불량 시기 안 (샷 0~60, 샷 단위)"
[기준] 무작위,41,0.3576979332247695,0.4444444444444445,0.0,0.3333333333333333,0.6666666666666666,0.4,1.0,0.25,0.7666666666666666,"S2 불량 시기 안 (샷 0~60, 샷 단위)"
[기준] 샷 순서,41,50.0,1.0,0.6666666666666666,1.0,1.0,0.8,0.6666666666666666,1.0,1.0,"S2 불량 시기 안 (샷 0~60, 샷 단위)"
[기준] 무작위,42,0.39694815466572553,0.14583333333333331,0.0,0.0,0.0,0.0,0.0,0.0,0.15000000000000002,"S2 불량 시기 안 (샷 0~60, 샷 단위)"
[기준] 샷 순서,42,48.0,1.0,1.0,1.0,1.0,1.0,1.0,1.0,1.0,"S2 불량 시기 안 (샷 0~60, 샷 단위)"
[기준] 무작위,43,0.8169231135284825,0.4027777777777778,0.3333333333333333,0.3333333333333333,0.3333333333333333,0.3333333333333333,0.3333333333333333,0.3333333333333333,0.6296296296296297,"S2 불량 시기 안 (샷 0~60, 샷 단위)"
[기준] 샷 순서,43,48.0,1.0,0.6666666666666666,1.0,1.0,1.0,1.0,1.0,1.0,"S2 불량 시기 안 (샷 0~60, 샷 단위)"
[기준] 무작위,44,0.03367303078642736,0.6984126984126984,0.3333333333333333,0.6666666666666666,0.6666666666666666,0.4,1.0,0.25,0.8148148148148149,"S2 불량 시기 안 (샷 0~60, 샷 단위)"
[기준] 샷 순서,44,48.0,0.7916666666666666,0.6666666666666666,0.6666666666666666,0.6666666666666666,0.8,0.6666666666666666,1.0,0.8148148148148148,"S2 불량 시기 안 (샷 0~60, 샷 단위)"
[기준] 무작위,45,0.03462234527274166,0.21428571428571427,0.0,0.0,0.0,0.2857142857142857,0.6666666666666666,0.18181818181818182,0.22222222222222224,"S2 불량 시기 안 (샷 0~60, 샷 단위)"
[기준] 샷 순서,45,50.0,0.9166666666666665,0.6666666666666666,0.6666666666666666,1.0,0.8,0.6666666666666666,1.0,0.9629629629629629,"S2 불량 시기 안 (샷 0~60, 샷 단위)"
[기준] 무작위,46,0.31515370132963383,0.5074074074074074,0.3333333333333333,0.3333333333333333,0.3333333333333333,0.2,0.3333333333333333,0.14285714285714285,0.48148148148148145,"S2 불량 시기 안 (샷 0~60, 샷 단위)"
[기준] 샷 순서,46,48.0,1.0,0.6666666666666666,1.0,1.0,0.8,0.6666666666666666,1.0,1.0,"S2 불량 시기 안 (샷 0~60, 샷 단위)"
[기준] 무작위,47,0.014294066456855603,0.5873015873015872,0.3333333333333333,0.3333333333333333,0.3333333333333333,0.375,1.0,0.23076923076923078,0.7333333333333333,"S2 불량 시기 안 (샷 0~60, 샷 단위)"
[기준] 샷 순서,47,48.0,1.0,0.6666666666666666,1.0,1.0,1.0,1.0,1.0,1.0,"S2 불량 시기 안 (샷 0~60, 샷 단위)"
[기준] 무작위,48,0.06306684605022628,0.35,0.3333333333333333,0.3333333333333333,0.3333333333333333,0.4,1.0,0.25,0.4814814814814815,"S2 불량 시기 안 (샷 0~60, 샷 단위)"
[기준] 샷 순서,48,48.0,1.0,0.6666666666666666,1.0,1.0,1.0,1.0,1.0,1.0,"S2 불량 시기 안 (샷 0~60, 샷 단위)"
[기준] 무작위,49,0.03510288053837207,0.19444444444444442,0.0,0.0,0.0,0.2857142857142857,1.0,0.16666666666666666,0.4,"S2 불량 시기 안 (샷 0~60, 샷 단위)"
[기준] 샷 순서,49,48.0,0.625,0.5,0.5,0.5,0.6666666666666666,0.5,1.0,0.7,"S2 불량 시기 안 (샷 0~60, 샷 단위)"
로지스틱 L2,0,0.8212767538330359,0.4444444444444445,0.0,0.3333333333333333,0.6666666666666666,0.0,0.0,0.0,0.7666666666666666,"S2 불량 시기 안 (샷 0~60, 샷 단위)"
로지스틱 L2,1,0.40904742919726095,0.7,0.5,0.5,0.5,0.5714285714285714,1.0,0.4,0.85,"S2 불량 시기 안 (샷 0~60, 샷 단위)"
로지스틱 L2,2,0.09094081417604521,0.8666666666666667,0.6666666666666666,0.6666666666666666,0.6666666666666666,0.5,1.0,0.3333333333333333,0.9259259259259259,"S2 불량 시기 안 (샷 0~60, 샷 단위)"
로지스틱 L2,3,0.3392076370266066,0.5535714285714286,0.3333333333333333,0.3333333333333333,0.3333333333333333,0.3333333333333333,0.3333333333333333,0.3333333333333333,0.6296296296296295,"S2 불량 시기 안 (샷 0~60, 샷 단위)"
로지스틱 L2,4,0.8557428805724361,0.19907407407407407,0.0,0.0,0.0,0.0,0.0,0.0,0.14814814814814814,"S2 불량 시기 안 (샷 0~60, 샷 단위)"
로지스틱 L2,5,0.8606861486626874,0.31313131313131315,0.0,0.3333333333333333,0.3333333333333333,0.0,0.0,0.0,0.5333333333333333,"S2 불량 시기 안 (샷 0~60, 샷 단위)"
로지스틱 L2,6,0.10011171328260668,0.5777777777777777,0.3333333333333333,0.3333333333333333,0.3333333333333333,0.46153846153846156,1.0,0.3,0.6666666666666667,"S2 불량 시기 안 (샷 0~60, 샷 단위)"
로지스틱 L2,7,0.774481010442708,0.4777777777777778,0.0,0.3333333333333333,0.6666666666666666,0.0,0.0,0.0,0.7777777777777778,"S2 불량 시기 안 (샷 0~60, 샷 단위)"
로지스틱 L2,8,0.8919016146999438,0.6333333333333333,0.3333333333333333,0.3333333333333333,0.3333333333333333,0.5,0.3333333333333333,1.0,0.7777777777777779,"S2 불량 시기 안 (샷 0~60, 샷 단위)"
로지스틱 L2,9,0.16283010936666734,1.0,1.0,1.0,1.0,0.5714285714285714,1.0,0.4,1.0,"S2 불량 시기 안 (샷 0~60, 샷 단위)"
로지스틱 L2,10,0.2249901936523564,0.6428571428571428,0.3333333333333333,0.3333333333333333,0.6666666666666666,0.5714285714285714,0.6666666666666666,0.5,0.8,"S2 불량 시기 안 (샷 0~60, 샷 단위)"
로지스틱 L2,11,0.6685424311968271,0.45,0.5,0.5,0.5,0.5,0.5,0.5,0.7999999999999999,"S2 불량 시기 안 (샷 0~60, 샷 단위)"
로지스틱 L2,12,0.6560137547051365,0.5777777777777777,0.3333333333333333,0.3333333333333333,0.3333333333333333,0.2857142857142857,0.3333333333333333,0.25,0.6666666666666667,"S2 불량 시기 안 (샷 0~60, 샷 단위)"
로지스틱 L2,13,0.8031795489441815,0.8666666666666667,0.6666666666666666,0.6666666666666666,0.6666666666666666,0.8,0.6666666666666666,1.0,0.9259259259259259,"S2 불량 시기 안 (샷 0~60, 샷 단위)"
로지스틱 L2,14,0.4220444312552245,0.6333333333333333,0.3333333333333333,0.3333333333333333,0.3333333333333333,0.5,0.6666666666666666,0.4,0.7777777777777779,"S2 불량 시기 안 (샷 0~60, 샷 단위)"
로지스틱 L2,15,0.3037428762256874,0.6111111111111112,0.3333333333333333,0.3333333333333333,0.6666666666666666,0.5,0.6666666666666666,0.4,0.7333333333333333,"S2 불량 시기 안 (샷 0~60, 샷 단위)"
로지스틱 L2,16,0.04182773507965074,0.4666666666666667,0.3333333333333333,0.3333333333333333,0.3333333333333333,0.6,1.0,0.42857142857142855,0.7407407407407408,"S2 불량 시기 안 (샷 0~60, 샷 단위)"
로지스틱 L2,17,0.031457553021879955,1.0,0.6666666666666666,1.0,1.0,0.6666666666666666,1.0,0.5,1.0,"S2 불량 시기 안 (샷 0~60, 샷 단위)"
로지스틱 L2,18,0.2047348366250891,0.33333333333333337,0.3333333333333333,0.3333333333333333,0.3333333333333333,0.2222222222222222,0.3333333333333333,0.16666666666666666,0.40740740740740744,"S2 불량 시기 안 (샷 0~60, 샷 단위)"
로지스틱 L2,19,0.4426184963917049,0.6428571428571428,0.5,0.5,0.5,0.2857142857142857,0.5,0.2,0.75,"S2 불량 시기 안 (샷 0~60, 샷 단위)"
로지스틱 L2,20,0.11436706050759361,0.6428571428571428,0.3333333333333333,0.3333333333333333,0.6666666666666666,0.6,1.0,0.42857142857142855,0.8,"S2 불량 시기 안 (샷 0~60, 샷 단위)"
로지스틱 L2,21,0.6000062329986744,0.625,0.5,0.5,0.5,0.3333333333333333,0.5,0.25,0.7,"S2 불량 시기 안 (샷 0~60, 샷 단위)"
로지스틱 L2,22,0.07808043840781666,0.9166666666666665,0.6666666666666666,0.6666666666666666,1.0,0.5454545454545454,1.0,0.375,0.9629629629629629,"S2 불량 시기 안 (샷 0~60, 샷 단위)"
로지스틱 L2,23,0.4050553353530408,0.7,0.3333333333333333,0.3333333333333333,0.6666666666666666,0.3333333333333333,0.3333333333333333,0.3333333333333333,0.8518518518518519,"S2 불량 시기 안 (샷 0~60, 샷 단위)"
로지스틱 L2,24,0.22949919408943223,0.7,0.3333333333333333,0.3333333333333333,0.6666666666666666,0.75,1.0,0.6,0.8518518518518519,"S2 불량 시기 안 (샷 0~60, 샷 단위)"
로지스틱 L2,25,0.9009559040041093,0.9166666666666665,0.6666666666666666,0.6666666666666666,1.0,0.0,0.0,0.0,0.9666666666666667,"S2 불량 시기 안 (샷 0~60, 샷 단위)"
로지스틱 L2,26,0.27105211056081263,0.4027777777777778,0.3333333333333333,0.3333333333333333,0.3333333333333333,0.4444444444444444,0.6666666666666666,0.3333333333333333,0.6296296296296297,"S2 불량 시기 안 (샷 0~60, 샷 단위)"
로지스틱 L2,27,0.1401513075353988,0.6333333333333333,0.3333333333333333,0.3333333333333333,0.3333333333333333,0.5454545454545454,1.0,0.375,0.7777777777777779,"S2 불량 시기 안 (샷 0~60, 샷 단위)"
로지스틱 L2,28,0.021112960021607462,0.8095238095238095,0.6666666666666666,0.6666666666666666,0.6666666666666666,0.6,1.0,0.42857142857142855,0.8518518518518519,"S2 불량 시기 안 (샷 0~60, 샷 단위)"
로지스틱 L2,29,0.09485414718140933,0.41666666666666663,0.0,0.5,1.0,0.36363636363636365,1.0,0.2222222222222222,0.8,"S2 불량 시기 안 (샷 0~60, 샷 단위)"
로지스틱 L2,30,0.7208261662373047,0.4666666666666667,0.3333333333333333,0.3333333333333333,0.3333333333333333,0.0,0.0,0.0,0.7666666666666666,"S2 불량 시기 안 (샷 0~60, 샷 단위)"
로지스틱 L2,31,0.2042441901448851,0.20833333333333331,0.0,0.0,0.0,0.0,0.0,0.0,0.45,"S2 불량 시기 안 (샷 0~60, 샷 단위)"
로지스틱 L2,32,0.7181292974903514,0.5535714285714286,0.3333333333333333,0.3333333333333333,0.3333333333333333,0.3333333333333333,0.3333333333333333,0.3333333333333333,0.6296296296296295,"S2 불량 시기 안 (샷 0~60, 샷 단위)"
로지스틱 L2,33,0.4337609032595201,0.6666666666666666,0.3333333333333333,0.6666666666666666,0.6666666666666666,0.4,0.3333333333333333,0.5,0.7407407407407407,"S2 불량 시기 안 (샷 0~60, 샷 단위)"
로지스틱 L2,34,0.06479514888565487,0.8666666666666667,0.6666666666666666,0.6666666666666666,0.6666666666666666,0.5,1.0,0.3333333333333333,0.9259259259259259,"S2 불량 시기 안 (샷 0~60, 샷 단위)"
로지스틱 L2,35,0.20535603081046502,0.5694444444444444,0.3333333333333333,0.3333333333333333,0.3333333333333333,0.4,0.6666666666666666,0.2857142857142857,0.7,"S2 불량 시기 안 (샷 0~60, 샷 단위)"
로지스틱 L2,36,0.13554099637875974,0.625,0.3333333333333333,0.3333333333333333,0.6666666666666666,0.5,1.0,0.3333333333333333,0.7407407407407407,"S2 불량 시기 안 (샷 0~60, 샷 단위)"
로지스틱 L2,37,0.8561903613031863,0.5138888888888888,0.3333333333333333,0.6666666666666666,0.6666666666666666,0.0,0.0,0.0,0.7407407407407407,"S2 불량 시기 안 (샷 0~60, 샷 단위)"
로지스틱 L2,38,0.37530372061802436,0.3873015873015873,0.0,0.3333333333333333,0.3333333333333333,0.0,0.0,0.0,0.6666666666666667,"S2 불량 시기 안 (샷 0~60, 샷 단위)"
로지스틱 L2,39,0.7871039315769388,0.325,0.0,0.0,0.5,0.0,0.0,0.0,0.7,"S2 불량 시기 안 (샷 0~60, 샷 단위)"
로지스틱 L2,40,0.6807460120105602,0.38888888888888884,0.3333333333333333,0.3333333333333333,0.3333333333333333,0.2857142857142857,0.3333333333333333,0.25,0.5925925925925926,"S2 불량 시기 안 (샷 0~60, 샷 단위)"
로지스틱 L2,41,0.5516303405648576,0.8055555555555556,0.3333333333333333,0.6666666666666666,1.0,0.6666666666666666,0.6666666666666666,0.6666666666666666,0.9333333333333333,"S2 불량 시기 안 (샷 0~60, 샷 단위)"
로지스틱 L2,42,0.09985223215909837,0.8333333333333333,0.5,1.0,1.0,0.36363636363636365,1.0,0.2222222222222222,0.9500000000000001,"S2 불량 시기 안 (샷 0~60, 샷 단위)"
로지스틱 L2,43,0.9391154918549318,0.6388888888888888,0.3333333333333333,0.6666666666666666,1.0,0.0,0.0,0.0,0.8888888888888888,"S2 불량 시기 안 (샷 0~60, 샷 단위)"
로지스틱 L2,44,0.5685097030975587,0.6095238095238096,0.3333333333333333,0.3333333333333333,0.3333333333333333,0.2857142857142857,0.3333333333333333,0.25,0.7407407407407407,"S2 불량 시기 안 (샷 0~60, 샷 단위)"
로지스틱 L2,45,0.3466800544270104,0.33134920634920634,0.0,0.3333333333333333,0.3333333333333333,0.2857142857142857,0.3333333333333333,0.25,0.5555555555555556,"S2 불량 시기 안 (샷 0~60, 샷 단위)"
로지스틱 L2,46,0.810448614185681,0.8055555555555556,0.3333333333333333,0.6666666666666666,1.0,0.4,0.3333333333333333,0.5,0.9259259259259258,"S2 불량 시기 안 (샷 0~60, 샷 단위)"
로지스틱 L2,47,0.08878268383558242,0.5873015873015872,0.3333333333333333,0.3333333333333333,0.3333333333333333,0.5454545454545454,1.0,0.375,0.7333333333333333,"S2 불량 시기 안 (샷 0~60, 샷 단위)"
로지스틱 L2,48,0.20206093629284697,0.7,0.3333333333333333,0.3333333333333333,0.6666666666666666,0.6666666666666666,1.0,0.5,0.8518518518518519,"S2 불량 시기 안 (샷 0~60, 샷 단위)"
로지스틱 L2,49,0.19371484783501824,0.22619047619047616,0.0,0.0,0.0,0.36363636363636365,1.0,0.2222222222222222,0.5,"S2 불량 시기 안 (샷 0~60, 샷 단위)"
랜덤포레스트,0,0.38308863358863365,0.4444444444444444,0.3333333333333333,0.3333333333333333,0.6666666666666666,0.4,0.6666666666666666,0.2857142857142857,0.7,"S2 불량 시기 안 (샷 0~60, 샷 단위)"
랜덤포레스트,1,0.5226460900210897,1.0,1.0,1.0,1.0,1.0,1.0,1.0,1.0,"S2 불량 시기 안 (샷 0~60, 샷 단위)"
랜덤포레스트,2,0.4917790496540492,0.625,0.3333333333333333,0.3333333333333333,0.6666666666666666,0.5,0.6666666666666666,0.4,0.7407407407407407,"S2 불량 시기 안 (샷 0~60, 샷 단위)"
랜덤포레스트,3,0.542535353535354,0.6388888888888888,0.3333333333333333,0.6666666666666666,1.0,0.0,0.0,0.0,0.8888888888888888,"S2 불량 시기 안 (샷 0~60, 샷 단위)"
랜덤포레스트,4,0.37591936766936773,0.3194444444444444,0.0,0.0,0.3333333333333333,0.25,0.3333333333333333,0.2,0.5555555555555556,"S2 불량 시기 안 (샷 0~60, 샷 단위)"
랜덤포레스트,5,0.3263031783031783,0.4111111111111111,0.3333333333333333,0.3333333333333333,0.3333333333333333,0.46153846153846156,1.0,0.3,0.6666666666666666,"S2 불량 시기 안 (샷 0~60, 샷 단위)"
랜덤포레스트,6,0.38436381844276574,0.5888888888888889,0.3333333333333333,0.6666666666666666,0.6666666666666666,0.6,1.0,0.42857142857142855,0.8518518518518519,"S2 불량 시기 안 (샷 0~60, 샷 단위)"
랜덤포레스트,7,0.32282479591844915,0.7555555555555555,0.3333333333333333,0.6666666666666666,0.6666666666666666,0.75,1.0,0.6,0.8888888888888888,"S2 불량 시기 안 (샷 0~60, 샷 단위)"
랜덤포레스트,8,0.44337221112221104,0.6666666666666667,0.3333333333333333,0.3333333333333333,0.6666666666666666,0.5714285714285714,0.6666666666666666,0.5,0.8148148148148149,"S2 불량 시기 안 (샷 0~60, 샷 단위)"
랜덤포레스트,9,0.40803177378177363,1.0,1.0,1.0,1.0,0.6666666666666666,1.0,0.5,1.0,"S2 불량 시기 안 (샷 0~60, 샷 단위)"
랜덤포레스트,10,0.3325756465756465,0.5694444444444444,0.3333333333333333,0.3333333333333333,0.3333333333333333,0.2857142857142857,0.3333333333333333,0.25,0.7,"S2 불량 시기 안 (샷 0~60, 샷 단위)"
랜덤포레스트,11,0.46206871369371366,0.6428571428571428,0.5,0.5,0.5,0.5,0.5,0.5,0.75,"S2 불량 시기 안 (샷 0~60, 샷 단위)"
랜덤포레스트,12,0.4850935314685312,0.6666666666666667,0.3333333333333333,0.3333333333333333,0.6666666666666666,0.5,0.6666666666666666,0.4,0.8148148148148149,"S2 불량 시기 안 (샷 0~60, 샷 단위)"
랜덤포레스트,13,0.40773332277744034,0.373015873015873,0.3333333333333333,0.3333333333333333,0.3333333333333333,0.4,0.6666666666666666,0.2857142857142857,0.5555555555555556,"S2 불량 시기 안 (샷 0~60, 샷 단위)"
랜덤포레스트,14,0.39635107485107485,0.7222222222222222,0.3333333333333333,0.6666666666666666,0.6666666666666666,0.5714285714285714,0.6666666666666666,0.5,0.8518518518518519,"S2 불량 시기 안 (샷 0~60, 샷 단위)"
랜덤포레스트,15,0.4262646816690934,0.7555555555555555,0.3333333333333333,0.6666666666666666,0.6666666666666666,0.6666666666666666,1.0,0.5,0.9,"S2 불량 시기 안 (샷 0~60, 샷 단위)"
랜덤포레스트,16,0.29938268077238667,0.2619047619047619,0.0,0.0,0.0,0.5,1.0,0.3333333333333333,0.4074074074074074,"S2 불량 시기 안 (샷 0~60, 샷 단위)"
랜덤포레스트,17,0.40044194831656116,0.9166666666666665,0.6666666666666666,0.6666666666666666,1.0,0.8,0.6666666666666666,1.0,0.9629629629629629,"S2 불량 시기 안 (샷 0~60, 샷 단위)"
랜덤포레스트,18,0.354586961527751,0.5873015873015872,0.3333333333333333,0.3333333333333333,0.3333333333333333,0.5,1.0,0.3333333333333333,0.7037037037037037,"S2 불량 시기 안 (샷 0~60, 샷 단위)"
랜덤포레스트,19,0.3114138824138824,0.5,0.5,0.5,1.0,0.4,1.0,0.25,0.8500000000000001,"S2 불량 시기 안 (샷 0~60, 샷 단위)"
랜덤포레스트,20,0.4253552128699187,1.0,0.6666666666666666,1.0,1.0,0.8,0.6666666666666666,1.0,1.0,"S2 불량 시기 안 (샷 0~60, 샷 단위)"
랜덤포레스트,21,0.5076646640396639,0.39285714285714285,0.5,0.5,0.5,0.3333333333333333,0.5,0.25,0.7,"S2 불량 시기 안 (샷 0~60, 샷 단위)"
랜덤포레스트,22,0.302012025012025,0.5,0.3333333333333333,0.6666666666666666,0.6666666666666666,0.46153846153846156,1.0,0.3,0.7037037037037037,"S2 불량 시기 안 (샷 0~60, 샷 단위)"
랜덤포레스트,23,0.3646755466755465,0.6388888888888888,0.3333333333333333,0.6666666666666666,1.0,0.75,1.0,0.6,0.8888888888888888,"S2 불량 시기 안 (샷 0~60, 샷 단위)"
랜덤포레스트,24,0.3366134004884004,0.7,0.3333333333333333,0.3333333333333333,0.6666666666666666,0.75,1.0,0.6,0.8518518518518519,"S2 불량 시기 안 (샷 0~60, 샷 단위)"
랜덤포레스트,25,0.3945961954711956,0.7222222222222222,0.3333333333333333,0.6666666666666666,0.6666666666666666,0.6666666666666666,0.6666666666666666,0.6666666666666666,0.8666666666666666,"S2 불량 시기 안 (샷 0~60, 샷 단위)"
랜덤포레스트,26,0.4332227633477634,0.3194444444444444,0.0,0.0,0.3333333333333333,0.25,0.3333333333333333,0.2,0.5555555555555556,"S2 불량 시기 안 (샷 0~60, 샷 단위)"
랜덤포레스트,27,0.38957424982424976,0.4206349206349206,0.3333333333333333,0.3333333333333333,0.3333333333333333,0.6,1.0,0.42857142857142855,0.6666666666666667,"S2 불량 시기 안 (샷 0~60, 샷 단위)"
랜덤포레스트,28,0.3344549127343246,1.0,0.6666666666666666,1.0,1.0,0.6,1.0,0.42857142857142855,1.0,"S2 불량 시기 안 (샷 0~60, 샷 단위)"
랜덤포레스트,29,0.46177657527657495,0.8333333333333333,0.5,1.0,1.0,0.6666666666666666,0.5,1.0,0.9500000000000001,"S2 불량 시기 안 (샷 0~60, 샷 단위)"
랜덤포레스트,30,0.3718356735856737,0.6095238095238096,0.3333333333333333,0.3333333333333333,0.3333333333333333,0.3333333333333333,0.3333333333333333,0.3333333333333333,0.7666666666666666,"S2 불량 시기 안 (샷 0~60, 샷 단위)"
랜덤포레스트,31,0.3488466070966072,0.5,0.5,0.5,1.0,0.5714285714285714,1.0,0.4,0.8500000000000001,"S2 불량 시기 안 (샷 0~60, 샷 단위)"
랜덤포레스트,32,0.45830007955007934,0.4111111111111111,0.3333333333333333,0.3333333333333333,0.3333333333333333,0.2857142857142857,0.3333333333333333,0.25,0.6296296296296297,"S2 불량 시기 안 (샷 0~60, 샷 단위)"
랜덤포레스트,33,0.44587238687238684,0.5888888888888889,0.3333333333333333,0.6666666666666666,0.6666666666666666,0.4,0.3333333333333333,0.5,0.8518518518518519,"S2 불량 시기 안 (샷 0~60, 샷 단위)"
랜덤포레스트,34,0.4318096644640762,0.7916666666666666,0.6666666666666666,0.6666666666666666,0.6666666666666666,0.5,0.6666666666666666,0.4,0.8148148148148148,"S2 불량 시기 안 (샷 0~60, 샷 단위)"
랜덤포레스트,35,0.4333090645737705,0.4666666666666667,0.3333333333333333,0.3333333333333333,0.3333333333333333,0.3333333333333333,0.3333333333333333,0.3333333333333333,0.7666666666666666,"S2 불량 시기 안 (샷 0~60, 샷 단위)"
랜덤포레스트,36,0.3965899979649978,0.8055555555555556,0.3333333333333333,0.6666666666666666,1.0,0.8571428571428571,1.0,0.75,0.9259259259259258,"S2 불량 시기 안 (샷 0~60, 샷 단위)"
랜덤포레스트,37,0.4590983460983459,0.7666666666666666,0.6666666666666666,0.6666666666666666,0.6666666666666666,0.6666666666666666,0.6666666666666666,0.6666666666666666,0.7407407407407407,"S2 불량 시기 안 (샷 0~60, 샷 단위)"
랜덤포레스트,38,0.43153905353905336,0.3416666666666666,0.0,0.0,0.3333333333333333,0.2857142857142857,0.3333333333333333,0.25,0.5925925925925926,"S2 불량 시기 안 (샷 0~60, 샷 단위)"
랜덤포레스트,39,0.42606766381766364,0.8333333333333333,0.5,1.0,1.0,0.6666666666666666,1.0,0.5,0.9500000000000001,"S2 불량 시기 안 (샷 0~60, 샷 단위)"
랜덤포레스트,40,0.5090795718442775,0.30277777777777776,0.0,0.0,0.0,0.25,0.3333333333333333,0.2,0.5185185185185185,"S2 불량 시기 안 (샷 0~60, 샷 단위)"
랜덤포레스트,41,0.45777904829375426,0.8095238095238095,0.6666666666666666,0.6666666666666666,0.6666666666666666,0.5,0.6666666666666666,0.4,0.8666666666666667,"S2 불량 시기 안 (샷 0~60, 샷 단위)"
랜덤포레스트,42,0.33513081363081343,0.6428571428571428,0.5,0.5,0.5,0.25,0.5,0.16666666666666666,0.75,"S2 불량 시기 안 (샷 0~60, 샷 단위)"
랜덤포레스트,43,0.4148529188676246,0.9166666666666665,0.6666666666666666,0.6666666666666666,1.0,0.8,0.6666666666666666,1.0,0.9629629629629629,"S2 불량 시기 안 (샷 0~60, 샷 단위)"
랜덤포레스트,44,0.2719609834609836,0.5555555555555556,0.3333333333333333,0.6666666666666666,0.6666666666666666,0.5,1.0,0.3333333333333333,0.8148148148148149,"S2 불량 시기 안 (샷 0~60, 샷 단위)"
랜덤포레스트,45,0.37127749429220014,0.8333333333333333,0.6666666666666666,0.6666666666666666,0.6666666666666666,0.6666666666666666,1.0,0.5,0.888888888888889,"S2 불량 시기 안 (샷 0~60, 샷 단위)"
랜덤포레스트,46,0.46563787138787127,0.6333333333333333,0.3333333333333333,0.3333333333333333,0.3333333333333333,0.3333333333333333,0.3333333333333333,0.3333333333333333,0.7777777777777779,"S2 불량 시기 안 (샷 0~60, 샷 단위)"
랜덤포레스트,47,0.43815083990083964,0.5555555555555556,0.3333333333333333,0.6666666666666666,0.6666666666666666,0.6666666666666666,0.6666666666666666,0.6666666666666666,0.8333333333333333,"S2 불량 시기 안 (샷 0~60, 샷 단위)"
랜덤포레스트,48,0.4573542514130749,0.8055555555555556,0.3333333333333333,0.6666666666666666,1.0,0.6666666666666666,0.6666666666666666,0.6666666666666666,0.9259259259259258,"S2 불량 시기 안 (샷 0~60, 샷 단위)"
랜덤포레스트,49,0.4757174307174306,0.2361111111111111,0.0,0.0,0.5,0.25,0.5,0.16666666666666666,0.5,"S2 불량 시기 안 (샷 0~60, 샷 단위)"
XGBoost,0,0.346315860748291,0.5555555555555556,0.3333333333333333,0.6666666666666666,0.6666666666666666,0.6,1.0,0.42857142857142855,0.8333333333333333,"S2 불량 시기 안 (샷 0~60, 샷 단위)"
XGBoost,1,0.8533512949943542,1.0,1.0,1.0,1.0,0.6666666666666666,0.5,1.0,1.0,"S2 불량 시기 안 (샷 0~60, 샷 단위)"
XGBoost,2,0.5105746388435364,0.8666666666666667,0.6666666666666666,0.6666666666666666,0.6666666666666666,0.75,1.0,0.6,0.9259259259259259,"S2 불량 시기 안 (샷 0~60, 샷 단위)"
XGBoost,3,0.8113431334495544,1.0,0.6666666666666666,1.0,1.0,0.0,0.0,0.0,1.0,"S2 불량 시기 안 (샷 0~60, 샷 단위)"
XGBoost,4,0.736189603805542,0.33134920634920634,0.0,0.3333333333333333,0.3333333333333333,0.0,0.0,0.0,0.5555555555555556,"S2 불량 시기 안 (샷 0~60, 샷 단위)"
XGBoost,5,0.9706776738166809,0.5694444444444444,0.3333333333333333,0.3333333333333333,0.3333333333333333,0.0,0.0,0.0,0.7,"S2 불량 시기 안 (샷 0~60, 샷 단위)"
XGBoost,6,0.21241727471351624,0.6388888888888888,0.3333333333333333,0.6666666666666666,1.0,0.6,1.0,0.42857142857142855,0.8888888888888888,"S2 불량 시기 안 (샷 0~60, 샷 단위)"
XGBoost,7,0.6682289242744446,0.6111111111111112,0.3333333333333333,0.3333333333333333,0.6666666666666666,0.0,0.0,0.0,0.7037037037037037,"S2 불량 시기 안 (샷 0~60, 샷 단위)"
XGBoost,8,0.134016752243042,0.47619047619047616,0.3333333333333333,0.3333333333333333,0.6666666666666666,0.4444444444444444,0.6666666666666666,0.3333333333333333,0.7407407407407407,"S2 불량 시기 안 (샷 0~60, 샷 단위)"
XGBoost,9,0.22164015471935272,1.0,1.0,1.0,1.0,0.6666666666666666,1.0,0.5,1.0,"S2 불량 시기 안 (샷 0~60, 샷 단위)"
XGBoost,10,0.3537338078022003,0.7575757575757576,0.6666666666666666,0.6666666666666666,0.6666666666666666,0.0,0.0,0.0,0.7333333333333333,"S2 불량 시기 안 (샷 0~60, 샷 단위)"
XGBoost,11,0.38562411069869995,0.6111111111111112,0.5,0.5,0.5,0.4,0.5,0.3333333333333333,0.65,"S2 불량 시기 안 (샷 0~60, 샷 단위)"
XGBoost,12,0.6680697202682495,0.6388888888888888,0.3333333333333333,0.6666666666666666,1.0,0.8571428571428571,1.0,0.75,0.8888888888888888,"S2 불량 시기 안 (샷 0~60, 샷 단위)"
XGBoost,13,0.753059983253479,0.3686868686868687,0.0,0.3333333333333333,0.6666666666666666,0.0,0.0,0.0,0.5555555555555556,"S2 불량 시기 안 (샷 0~60, 샷 단위)"
XGBoost,14,0.4030405879020691,0.8333333333333333,0.6666666666666666,0.6666666666666666,0.6666666666666666,0.5714285714285714,0.6666666666666666,0.5,0.888888888888889,"S2 불량 시기 안 (샷 0~60, 샷 단위)"
XGBoost,15,0.5936576128005981,0.7555555555555555,0.3333333333333333,0.6666666666666666,0.6666666666666666,0.6666666666666666,0.6666666666666666,0.6666666666666666,0.9,"S2 불량 시기 안 (샷 0~60, 샷 단위)"
XGBoost,16,0.05153222009539604,0.3909090909090909,0.3333333333333333,0.3333333333333333,0.3333333333333333,0.42857142857142855,1.0,0.2727272727272727,0.5555555555555556,"S2 불량 시기 안 (샷 0~60, 샷 단위)"
XGBoost,17,0.7819825410842896,0.9166666666666665,0.6666666666666666,0.6666666666666666,1.0,0.8,0.6666666666666666,1.0,0.9629629629629629,"S2 불량 시기 안 (샷 0~60, 샷 단위)"
XGBoost,18,0.10262872278690338,0.6428571428571428,0.3333333333333333,0.3333333333333333,0.6666666666666666,0.5454545454545454,1.0,0.375,0.7777777777777778,"S2 불량 시기 안 (샷 0~60, 샷 단위)"
XGBoost,19,0.28735822439193726,0.5833333333333333,0.5,1.0,1.0,0.6666666666666666,1.0,0.5,0.9,"S2 불량 시기 안 (샷 0~60, 샷 단위)"
XGBoost,20,0.09937073290348053,0.9166666666666665,0.6666666666666666,0.6666666666666666,1.0,0.6666666666666666,1.0,0.5,0.9666666666666667,"S2 불량 시기 안 (샷 0~60, 샷 단위)"
XGBoost,21,0.6626632809638977,0.45,0.5,0.5,0.5,0.4444444444444444,1.0,0.2857142857142857,0.7999999999999999,"S2 불량 시기 안 (샷 0~60, 샷 단위)"
XGBoost,22,0.07760021090507507,0.6388888888888888,0.3333333333333333,0.6666666666666666,1.0,0.5,1.0,0.3333333333333333,0.8888888888888888,"S2 불량 시기 안 (샷 0~60, 샷 단위)"
XGBoost,23,0.17525653541088104,0.5888888888888889,0.3333333333333333,0.6666666666666666,0.6666666666666666,0.75,1.0,0.6,0.8518518518518519,"S2 불량 시기 안 (샷 0~60, 샷 단위)"
XGBoost,24,0.8430755734443665,0.7555555555555555,0.3333333333333333,0.6666666666666666,0.6666666666666666,0.4,0.3333333333333333,0.5,0.8888888888888888,"S2 불량 시기 안 (샷 0~60, 샷 단위)"
XGBoost,25,0.35839641094207764,0.3909090909090909,0.3333333333333333,0.3333333333333333,0.3333333333333333,0.2857142857142857,0.3333333333333333,0.25,0.5999999999999999,"S2 불량 시기 안 (샷 0~60, 샷 단위)"
XGBoost,26,0.18939122557640076,0.4666666666666667,0.3333333333333333,0.3333333333333333,0.3333333333333333,0.6,1.0,0.42857142857142855,0.7407407407407408,"S2 불량 시기 안 (샷 0~60, 샷 단위)"
XGBoost,27,0.17583738267421722,0.5888888888888889,0.3333333333333333,0.6666666666666666,0.6666666666666666,0.6666666666666666,1.0,0.5,0.8518518518518519,"S2 불량 시기 안 (샷 0~60, 샷 단위)"
XGBoost,28,0.6954324245452881,0.9166666666666665,0.6666666666666666,0.6666666666666666,1.0,0.8,0.6666666666666666,1.0,0.9629629629629629,"S2 불량 시기 안 (샷 0~60, 샷 단위)"
XGBoost,29,0.5703169107437134,0.5,0.5,0.5,1.0,0.0,0.0,0.0,0.8500000000000001,"S2 불량 시기 안 (샷 0~60, 샷 단위)"
XGBoost,30,0.3533824384212494,0.5138888888888888,0.3333333333333333,0.6666666666666666,0.6666666666666666,0.0,0.0,0.0,0.7666666666666666,"S2 불량 시기 안 (샷 0~60, 샷 단위)"
XGBoost,31,0.7605435848236084,0.5,0.5,0.5,1.0,0.0,0.0,0.0,0.8500000000000001,"S2 불량 시기 안 (샷 0~60, 샷 단위)"
XGBoost,32,0.6507901549339294,0.5317460317460317,0.3333333333333333,0.6666666666666666,0.6666666666666666,0.5714285714285714,0.6666666666666666,0.5,0.7777777777777778,"S2 불량 시기 안 (샷 0~60, 샷 단위)"
XGBoost,33,0.4822487533092499,0.6388888888888888,0.3333333333333333,0.6666666666666666,1.0,0.4,0.3333333333333333,0.5,0.8888888888888888,"S2 불량 시기 안 (샷 0~60, 샷 단위)"
XGBoost,34,0.22588635981082916,0.8333333333333333,0.6666666666666666,0.6666666666666666,0.6666666666666666,0.6666666666666666,1.0,0.5,0.888888888888889,"S2 불량 시기 안 (샷 0~60, 샷 단위)"
XGBoost,35,0.3686680495738983,0.45833333333333326,0.3333333333333333,0.3333333333333333,0.6666666666666666,0.3333333333333333,0.3333333333333333,0.3333333333333333,0.7333333333333333,"S2 불량 시기 안 (샷 0~60, 샷 단위)"
XGBoost,36,0.29811057448387146,0.9166666666666665,0.6666666666666666,0.6666666666666666,1.0,0.6666666666666666,0.6666666666666666,0.6666666666666666,0.9629629629629629,"S2 불량 시기 안 (샷 0~60, 샷 단위)"
XGBoost,37,0.42536914348602295,0.7575757575757576,0.6666666666666666,0.6666666666666666,0.6666666666666666,0.5,0.6666666666666666,0.4,0.7037037037037037,"S2 불량 시기 안 (샷 0~60, 샷 단위)"
XGBoost,38,0.18903836607933044,0.3472222222222222,0.0,0.3333333333333333,0.3333333333333333,0.4444444444444444,0.6666666666666666,0.3333333333333333,0.5925925925925926,"S2 불량 시기 안 (샷 0~60, 샷 단위)"
XGBoost,39,0.6995865106582642,1.0,1.0,1.0,1.0,1.0,1.0,1.0,1.0,"S2 불량 시기 안 (샷 0~60, 샷 단위)"
XGBoost,40,0.39213263988494873,0.33134920634920634,0.0,0.3333333333333333,0.3333333333333333,0.5454545454545454,1.0,0.375,0.5555555555555556,"S2 불량 시기 안 (샷 0~60, 샷 단위)"
XGBoost,41,0.6477295160293579,0.7916666666666666,0.6666666666666666,0.6666666666666666,0.6666666666666666,0.8,0.6666666666666666,1.0,0.8333333333333333,"S2 불량 시기 안 (샷 0~60, 샷 단위)"
XGBoost,42,0.6694443821907043,0.39285714285714285,0.5,0.5,0.5,0.5,0.5,0.5,0.7,"S2 불량 시기 안 (샷 0~60, 샷 단위)"
XGBoost,43,0.3380357325077057,0.8666666666666667,0.6666666666666666,0.6666666666666666,0.6666666666666666,0.6666666666666666,0.6666666666666666,0.6666666666666666,0.9259259259259259,"S2 불량 시기 안 (샷 0~60, 샷 단위)"
XGBoost,44,0.861687421798706,1.0,0.6666666666666666,1.0,1.0,0.5,0.3333333333333333,1.0,1.0,"S2 불량 시기 안 (샷 0~60, 샷 단위)"
XGBoost,45,0.8607315421104431,0.8666666666666667,0.6666666666666666,0.6666666666666666,0.6666666666666666,0.8,0.6666666666666666,1.0,0.9259259259259259,"S2 불량 시기 안 (샷 0~60, 샷 단위)"
XGBoost,46,0.45742174983024597,0.6666666666666667,0.3333333333333333,0.3333333333333333,0.6666666666666666,0.5,0.6666666666666666,0.4,0.8148148148148149,"S2 불량 시기 안 (샷 0~60, 샷 단위)"
XGBoost,47,0.7325201034545898,0.6388888888888888,0.3333333333333333,0.6666666666666666,1.0,0.6666666666666666,0.6666666666666666,0.6666666666666666,0.9,"S2 불량 시기 안 (샷 0~60, 샷 단위)"
XGBoost,48,0.08569696545600891,1.0,0.6666666666666666,1.0,1.0,0.75,1.0,0.6,1.0,"S2 불량 시기 안 (샷 0~60, 샷 단위)"
XGBoost,49,0.8075767159461975,0.30952380952380953,0.0,0.5,0.5,0.4,0.5,0.3333333333333333,0.65,"S2 불량 시기 안 (샷 0~60, 샷 단위)"
LightGBM,0,0.06904199121238887,0.5317460317460317,0.3333333333333333,0.6666666666666666,0.6666666666666666,0.5,0.6666666666666666,0.4,0.8,"S2 불량 시기 안 (샷 0~60, 샷 단위)"
LightGBM,1,0.833305351686712,1.0,1.0,1.0,1.0,0.0,0.0,0.0,1.0,"S2 불량 시기 안 (샷 0~60, 샷 단위)"
LightGBM,2,0.0008848116629283381,0.9166666666666665,0.6666666666666666,0.6666666666666666,1.0,0.46153846153846156,1.0,0.3,0.9629629629629629,"S2 불량 시기 안 (샷 0~60, 샷 단위)"
LightGBM,3,0.6189162389953784,1.0,0.6666666666666666,1.0,1.0,0.5,0.3333333333333333,1.0,1.0,"S2 불량 시기 안 (샷 0~60, 샷 단위)"
LightGBM,4,0.7995321950816275,0.3277777777777778,0.0,0.0,0.3333333333333333,0.0,0.0,0.0,0.5555555555555556,"S2 불량 시기 안 (샷 0~60, 샷 단위)"
LightGBM,5,0.5327327502095814,0.5694444444444444,0.3333333333333333,0.3333333333333333,0.3333333333333333,0.5,0.3333333333333333,1.0,0.7,"S2 불량 시기 안 (샷 0~60, 샷 단위)"
LightGBM,6,0.003443018716455276,0.6388888888888888,0.3333333333333333,0.6666666666666666,1.0,0.6,1.0,0.42857142857142855,0.8888888888888888,"S2 불량 시기 안 (샷 0~60, 샷 단위)"
LightGBM,7,0.0011885856354596168,0.5555555555555556,0.3333333333333333,0.6666666666666666,0.6666666666666666,0.6666666666666666,0.6666666666666666,0.6666666666666666,0.8148148148148149,"S2 불량 시기 안 (샷 0~60, 샷 단위)"
LightGBM,8,0.005541217263419363,0.7222222222222222,0.3333333333333333,0.6666666666666666,0.6666666666666666,0.6666666666666666,1.0,0.5,0.8518518518518519,"S2 불량 시기 안 (샷 0~60, 샷 단위)"
LightGBM,9,0.0004255729682616573,1.0,1.0,1.0,1.0,0.5714285714285714,1.0,0.4,1.0,"S2 불량 시기 안 (샷 0~60, 샷 단위)"
LightGBM,10,0.011663203628179538,0.6666666666666666,0.3333333333333333,0.6666666666666666,0.6666666666666666,0.5,0.3333333333333333,1.0,0.7666666666666666,"S2 불량 시기 안 (샷 0~60, 샷 단위)"
LightGBM,11,0.09185601953489161,0.6428571428571428,0.5,0.5,0.5,0.5,0.5,0.5,0.75,"S2 불량 시기 안 (샷 0~60, 샷 단위)"
LightGBM,12,0.22225992478702267,0.8055555555555556,0.3333333333333333,0.6666666666666666,1.0,0.8571428571428571,1.0,0.75,0.9259259259259258,"S2 불량 시기 안 (샷 0~60, 샷 단위)"
LightGBM,13,0.7394914552015306,0.4444444444444444,0.3333333333333333,0.3333333333333333,0.6666666666666666,0.0,0.0,0.0,0.6666666666666667,"S2 불량 시기 안 (샷 0~60, 샷 단위)"
LightGBM,14,0.11614454516563244,0.5317460317460317,0.3333333333333333,0.6666666666666666,0.6666666666666666,0.6666666666666666,0.6666666666666666,0.6666666666666666,0.7777777777777778,"S2 불량 시기 안 (샷 0~60, 샷 단위)"
LightGBM,15,0.08254000075138214,0.8333333333333333,0.6666666666666666,0.6666666666666666,0.6666666666666666,0.8,0.6666666666666666,1.0,0.8999999999999999,"S2 불량 시기 안 (샷 0~60, 샷 단위)"
LightGBM,16,9.198499132638715e-05,0.5138888888888888,0.3333333333333333,0.6666666666666666,0.6666666666666666,0.42857142857142855,1.0,0.2727272727272727,0.7407407407407407,"S2 불량 시기 안 (샷 0~60, 샷 단위)"
LightGBM,17,0.002423883644688164,1.0,0.6666666666666666,1.0,1.0,0.8571428571428571,1.0,0.75,1.0,"S2 불량 시기 안 (샷 0~60, 샷 단위)"
LightGBM,18,0.20367005286335946,0.8666666666666667,0.6666666666666666,0.6666666666666666,0.6666666666666666,0.5,0.3333333333333333,1.0,0.9259259259259259,"S2 불량 시기 안 (샷 0~60, 샷 단위)"
LightGBM,19,0.0007067923763856001,0.5833333333333333,0.5,1.0,1.0,0.4444444444444444,1.0,0.2857142857142857,0.9,"S2 불량 시기 안 (샷 0~60, 샷 단위)"
LightGBM,20,0.019383273390736293,0.9166666666666665,0.6666666666666666,0.6666666666666666,1.0,0.6666666666666666,0.6666666666666666,0.6666666666666666,0.9666666666666667,"S2 불량 시기 안 (샷 0~60, 샷 단위)"
LightGBM,21,0.004578596561534885,0.625,0.5,0.5,0.5,0.4,1.0,0.25,0.7,"S2 불량 시기 안 (샷 0~60, 샷 단위)"
LightGBM,22,0.00038293024053213037,0.6388888888888888,0.3333333333333333,0.6666666666666666,1.0,0.46153846153846156,1.0,0.3,0.8888888888888888,"S2 불량 시기 안 (샷 0~60, 샷 단위)"
LightGBM,23,0.006434046817093548,0.7555555555555555,0.3333333333333333,0.6666666666666666,0.6666666666666666,0.5714285714285714,0.6666666666666666,0.5,0.8888888888888888,"S2 불량 시기 안 (샷 0~60, 샷 단위)"
LightGBM,24,0.7788816871513053,0.7222222222222222,0.3333333333333333,0.6666666666666666,0.6666666666666666,0.5,0.3333333333333333,1.0,0.8518518518518519,"S2 불량 시기 안 (샷 0~60, 샷 단위)"
LightGBM,25,0.18966193899553876,0.4444444444444445,0.0,0.3333333333333333,0.6666666666666666,0.0,0.0,0.0,0.7666666666666666,"S2 불량 시기 안 (샷 0~60, 샷 단위)"
LightGBM,26,0.02536955207022727,0.6388888888888888,0.3333333333333333,0.6666666666666666,1.0,0.6,1.0,0.42857142857142855,0.8888888888888888,"S2 불량 시기 안 (샷 0~60, 샷 단위)"
LightGBM,27,0.021053522678983302,0.8055555555555556,0.3333333333333333,0.6666666666666666,1.0,0.6,1.0,0.42857142857142855,0.9259259259259258,"S2 불량 시기 안 (샷 0~60, 샷 단위)"
LightGBM,28,0.00693186424640862,0.8095238095238095,0.6666666666666666,0.6666666666666666,0.6666666666666666,0.6666666666666666,0.6666666666666666,0.6666666666666666,0.8518518518518519,"S2 불량 시기 안 (샷 0~60, 샷 단위)"
LightGBM,29,0.2657578339038796,0.6666666666666666,0.5,0.5,0.5,0.0,0.0,0.0,0.8,"S2 불량 시기 안 (샷 0~60, 샷 단위)"
LightGBM,30,0.0015275011208646864,0.7916666666666666,0.6666666666666666,0.6666666666666666,0.6666666666666666,0.5,0.6666666666666666,0.4,0.8333333333333333,"S2 불량 시기 안 (샷 0~60, 샷 단위)"
LightGBM,31,0.19714005009647037,0.5833333333333333,0.5,1.0,1.0,0.0,0.0,0.0,0.9,"S2 불량 시기 안 (샷 0~60, 샷 단위)"
LightGBM,32,0.075856532487869,0.5333333333333333,0.3333333333333333,0.3333333333333333,0.6666666666666666,0.75,1.0,0.6,0.8148148148148149,"S2 불량 시기 안 (샷 0~60, 샷 단위)"
LightGBM,33,0.024726673332196546,0.5317460317460317,0.3333333333333333,0.6666666666666666,0.6666666666666666,0.5,0.6666666666666666,0.4,0.7777777777777778,"S2 불량 시기 안 (샷 0~60, 샷 단위)"
LightGBM,34,0.002140735615466831,0.8666666666666667,0.6666666666666666,0.6666666666666666,0.6666666666666666,0.6,1.0,0.42857142857142855,0.9259259259259259,"S2 불량 시기 안 (샷 0~60, 샷 단위)"
LightGBM,35,0.1269860452814894,0.6,0.3333333333333333,0.3333333333333333,0.6666666666666666,0.4,0.3333333333333333,0.5,0.7,"S2 불량 시기 안 (샷 0~60, 샷 단위)"
LightGBM,36,0.1730412734521724,0.8055555555555556,0.3333333333333333,0.6666666666666666,1.0,0.5,0.3333333333333333,1.0,0.9259259259259258,"S2 불량 시기 안 (샷 0~60, 샷 단위)"
LightGBM,37,0.04481250619841162,0.7666666666666666,0.6666666666666666,0.6666666666666666,0.6666666666666666,0.5,0.6666666666666666,0.4,0.7407407407407407,"S2 불량 시기 안 (샷 0~60, 샷 단위)"
LightGBM,38,0.003419560173423858,0.44285714285714284,0.3333333333333333,0.3333333333333333,0.3333333333333333,0.6,1.0,0.42857142857142855,0.7037037037037037,"S2 불량 시기 안 (샷 0~60, 샷 단위)"
LightGBM,39,0.2792953624405166,1.0,1.0,1.0,1.0,0.0,0.0,0.0,1.0,"S2 불량 시기 안 (샷 0~60, 샷 단위)"
LightGBM,40,0.09048264194941788,0.38690476190476186,0.3333333333333333,0.3333333333333333,0.3333333333333333,0.4,0.6666666666666666,0.2857142857142857,0.5925925925925926,"S2 불량 시기 안 (샷 0~60, 샷 단위)"
LightGBM,41,0.6375502293667905,0.7555555555555555,0.3333333333333333,0.6666666666666666,0.6666666666666666,0.5,0.3333333333333333,1.0,0.9,"S2 불량 시기 안 (샷 0~60, 샷 단위)"
LightGBM,42,0.0011260310303341289,0.75,0.5,0.5,1.0,0.3333333333333333,1.0,0.2,0.9,"S2 불량 시기 안 (샷 0~60, 샷 단위)"
LightGBM,43,0.0071834361382451676,0.9166666666666665,0.6666666666666666,0.6666666666666666,1.0,0.6666666666666666,1.0,0.5,0.9629629629629629,"S2 불량 시기 안 (샷 0~60, 샷 단위)"
LightGBM,44,0.42743698027009025,0.8666666666666667,0.6666666666666666,0.6666666666666666,0.6666666666666666,0.5,0.3333333333333333,1.0,0.9259259259259259,"S2 불량 시기 안 (샷 0~60, 샷 단위)"
LightGBM,45,0.11019550933019695,0.8333333333333333,0.6666666666666666,0.6666666666666666,0.6666666666666666,0.5714285714285714,0.6666666666666666,0.5,0.888888888888889,"S2 불량 시기 안 (샷 0~60, 샷 단위)"
LightGBM,46,0.008634784139533794,0.6333333333333333,0.3333333333333333,0.3333333333333333,0.3333333333333333,0.5,0.6666666666666666,0.4,0.7777777777777779,"S2 불량 시기 안 (샷 0~60, 샷 단위)"
LightGBM,47,0.05204973958038496,0.6388888888888888,0.3333333333333333,0.6666666666666666,1.0,0.8571428571428571,1.0,0.75,0.9,"S2 불량 시기 안 (샷 0~60, 샷 단위)"
LightGBM,48,0.003067483345162834,0.7555555555555555,0.3333333333333333,0.6666666666666666,0.6666666666666666,0.6666666666666666,1.0,0.5,0.8888888888888888,"S2 불량 시기 안 (샷 0~60, 샷 단위)"
LightGBM,49,0.20540019009284186,0.26785714285714285,0.0,0.0,0.5,0.3333333333333333,0.5,0.25,0.6,"S2 불량 시기 안 (샷 0~60, 샷 단위)"
CatBoost,0,0.7774918199150438,0.44285714285714284,0.3333333333333333,0.3333333333333333,0.3333333333333333,0.0,0.0,0.0,0.7333333333333333,"S2 불량 시기 안 (샷 0~60, 샷 단위)"
CatBoost,1,0.20146051616754526,1.0,1.0,1.0,1.0,0.8,1.0,0.6666666666666666,1.0,"S2 불량 시기 안 (샷 0~60, 샷 단위)"
CatBoost,2,0.1757185666662471,0.8095238095238095,0.6666666666666666,0.6666666666666666,0.6666666666666666,0.5454545454545454,1.0,0.375,0.8518518518518519,"S2 불량 시기 안 (샷 0~60, 샷 단위)"
CatBoost,3,0.7878795114380572,0.8095238095238095,0.6666666666666666,0.6666666666666666,0.6666666666666666,0.0,0.0,0.0,0.8518518518518519,"S2 불량 시기 안 (샷 0~60, 샷 단위)"
CatBoost,4,0.19309104881428804,0.22962962962962963,0.0,0.0,0.0,0.0,0.0,0.0,0.2962962962962963,"S2 불량 시기 안 (샷 0~60, 샷 단위)"
CatBoost,5,0.13427252514573026,0.5444444444444444,0.3333333333333333,0.3333333333333333,0.3333333333333333,0.4,0.6666666666666666,0.2857142857142857,0.6333333333333333,"S2 불량 시기 안 (샷 0~60, 샷 단위)"
CatBoost,6,0.03621948870559117,0.5333333333333333,0.3333333333333333,0.3333333333333333,0.6666666666666666,0.5454545454545454,1.0,0.375,0.8148148148148149,"S2 불량 시기 안 (샷 0~60, 샷 단위)"
CatBoost,7,0.0192710385467018,0.6333333333333333,0.3333333333333333,0.3333333333333333,0.3333333333333333,0.5454545454545454,1.0,0.375,0.7777777777777779,"S2 불량 시기 안 (샷 0~60, 샷 단위)"
CatBoost,8,0.06443927362113869,0.6111111111111112,0.3333333333333333,0.3333333333333333,0.6666666666666666,0.36363636363636365,0.6666666666666666,0.25,0.7037037037037037,"S2 불량 시기 안 (샷 0~60, 샷 단위)"
CatBoost,9,0.23198599012161603,0.75,0.5,0.5,1.0,0.6666666666666666,1.0,0.5,0.9,"S2 불량 시기 안 (샷 0~60, 샷 단위)"
CatBoost,10,0.07686172960653428,0.3611111111111111,0.3333333333333333,0.3333333333333333,0.3333333333333333,0.0,0.0,0.0,0.5666666666666667,"S2 불량 시기 안 (샷 0~60, 샷 단위)"
CatBoost,11,0.16749584692422517,0.29166666666666663,0.0,0.5,0.5,0.4,0.5,0.3333333333333333,0.6,"S2 불량 시기 안 (샷 0~60, 샷 단위)"
CatBoost,12,0.07852276910194646,0.7222222222222222,0.3333333333333333,0.6666666666666666,0.6666666666666666,0.46153846153846156,1.0,0.3,0.8518518518518519,"S2 불량 시기 안 (샷 0~60, 샷 단위)"
CatBoost,13,0.11750588632741212,0.31666666666666665,0.0,0.0,0.3333333333333333,0.4444444444444444,0.6666666666666666,0.3333333333333333,0.5185185185185185,"S2 불량 시기 안 (샷 0~60, 샷 단위)"
CatBoost,14,0.05188324834853697,0.8333333333333333,0.6666666666666666,0.6666666666666666,0.6666666666666666,0.6,1.0,0.42857142857142855,0.888888888888889,"S2 불량 시기 안 (샷 0~60, 샷 단위)"
CatBoost,15,0.09809944857011722,0.6666666666666667,0.3333333333333333,0.3333333333333333,0.6666666666666666,0.6,1.0,0.42857142857142855,0.8333333333333333,"S2 불량 시기 안 (샷 0~60, 샷 단위)"
CatBoost,16,0.03256520245281047,0.38888888888888884,0.3333333333333333,0.3333333333333333,0.3333333333333333,0.5,1.0,0.3333333333333333,0.5925925925925926,"S2 불량 시기 안 (샷 0~60, 샷 단위)"
CatBoost,17,0.05113842096523351,1.0,0.6666666666666666,1.0,1.0,0.75,1.0,0.6,1.0,"S2 불량 시기 안 (샷 0~60, 샷 단위)"
CatBoost,18,0.02231929658808984,0.7222222222222222,0.3333333333333333,0.6666666666666666,0.6666666666666666,0.42857142857142855,1.0,0.2727272727272727,0.8518518518518519,"S2 불량 시기 안 (샷 0~60, 샷 단위)"
CatBoost,19,0.06791420351159662,0.41666666666666663,0.0,0.5,1.0,0.5714285714285714,1.0,0.4,0.8,"S2 불량 시기 안 (샷 0~60, 샷 단위)"
CatBoost,20,0.0051503745626753925,0.5916666666666666,0.3333333333333333,0.3333333333333333,0.3333333333333333,0.42857142857142855,1.0,0.2727272727272727,0.7333333333333334,"S2 불량 시기 안 (샷 0~60, 샷 단위)"
CatBoost,21,0.022902052776563497,0.30952380952380953,0.0,0.5,0.5,0.3333333333333333,1.0,0.2,0.65,"S2 불량 시기 안 (샷 0~60, 샷 단위)"
CatBoost,22,0.015802487661673255,0.4206349206349206,0.3333333333333333,0.3333333333333333,0.3333333333333333,0.42857142857142855,1.0,0.2727272727272727,0.6666666666666667,"S2 불량 시기 안 (샷 0~60, 샷 단위)"
CatBoost,23,0.04372362857578992,0.7222222222222222,0.3333333333333333,0.6666666666666666,0.6666666666666666,0.6666666666666666,1.0,0.5,0.8518518518518519,"S2 불량 시기 안 (샷 0~60, 샷 단위)"
CatBoost,24,0.6576811822002002,0.7222222222222222,0.3333333333333333,0.6666666666666666,0.6666666666666666,0.5,0.3333333333333333,1.0,0.8518518518518519,"S2 불량 시기 안 (샷 0~60, 샷 단위)"
CatBoost,25,0.14809128849613062,0.6666666666666666,0.3333333333333333,0.6666666666666666,0.6666666666666666,0.5,0.6666666666666666,0.4,0.7666666666666666,"S2 불량 시기 안 (샷 0~60, 샷 단위)"
CatBoost,26,0.18184831806084326,0.3694444444444444,0.0,0.3333333333333333,0.3333333333333333,0.4444444444444444,0.6666666666666666,0.3333333333333333,0.6296296296296295,"S2 불량 시기 안 (샷 0~60, 샷 단위)"
CatBoost,27,0.5228367313120557,0.6095238095238096,0.3333333333333333,0.3333333333333333,0.3333333333333333,0.3333333333333333,0.3333333333333333,0.3333333333333333,0.7407407407407407,"S2 불량 시기 안 (샷 0~60, 샷 단위)"
CatBoost,28,0.2079783644793518,0.8333333333333333,0.6666666666666666,0.6666666666666666,0.6666666666666666,0.8,0.6666666666666666,1.0,0.888888888888889,"S2 불량 시기 안 (샷 0~60, 샷 단위)"
CatBoost,29,0.017875734926265603,0.8333333333333333,0.5,1.0,1.0,0.36363636363636365,1.0,0.2222222222222222,0.9500000000000001,"S2 불량 시기 안 (샷 0~60, 샷 단위)"
CatBoost,30,0.050262311013431975,0.42063492063492064,0.0,0.3333333333333333,0.6666666666666666,0.5714285714285714,0.6666666666666666,0.5,0.7333333333333333,"S2 불량 시기 안 (샷 0~60, 샷 단위)"
CatBoost,31,0.09966358900315335,0.41666666666666663,0.5,0.5,0.5,0.3333333333333333,0.5,0.25,0.75,"S2 불량 시기 안 (샷 0~60, 샷 단위)"
CatBoost,32,0.2153040272045541,0.6428571428571428,0.3333333333333333,0.3333333333333333,0.6666666666666666,0.5,0.6666666666666666,0.4,0.7777777777777778,"S2 불량 시기 안 (샷 0~60, 샷 단위)"
CatBoost,33,0.1855152362631195,0.42499999999999993,0.3333333333333333,0.3333333333333333,0.3333333333333333,0.3333333333333333,0.3333333333333333,0.3333333333333333,0.6666666666666666,"S2 불량 시기 안 (샷 0~60, 샷 단위)"
CatBoost,34,0.12073962324533166,0.8666666666666667,0.6666666666666666,0.6666666666666666,0.6666666666666666,0.6666666666666666,1.0,0.5,0.9259259259259259,"S2 불량 시기 안 (샷 0~60, 샷 단위)"
CatBoost,35,0.29526586308051417,0.5535714285714286,0.3333333333333333,0.3333333333333333,0.3333333333333333,0.3333333333333333,0.3333333333333333,0.3333333333333333,0.6666666666666666,"S2 불량 시기 안 (샷 0~60, 샷 단위)"
CatBoost,36,0.05957885198084731,0.4666666666666667,0.3333333333333333,0.3333333333333333,0.3333333333333333,0.5,0.6666666666666666,0.4,0.7407407407407408,"S2 불량 시기 안 (샷 0~60, 샷 단위)"
CatBoost,37,0.04364493707055252,0.7916666666666666,0.6666666666666666,0.6666666666666666,0.6666666666666666,0.46153846153846156,1.0,0.3,0.8148148148148148,"S2 불량 시기 안 (샷 0~60, 샷 단위)"
CatBoost,38,0.04195107598900494,0.41111111111111115,0.0,0.3333333333333333,0.3333333333333333,0.5454545454545454,1.0,0.375,0.7037037037037037,"S2 불량 시기 안 (샷 0~60, 샷 단위)"
CatBoost,39,0.39233257248051506,1.0,1.0,1.0,1.0,0.6666666666666666,0.5,1.0,1.0,"S2 불량 시기 안 (샷 0~60, 샷 단위)"
CatBoost,40,0.33085229477523087,0.3277777777777778,0.0,0.0,0.3333333333333333,0.2857142857142857,0.3333333333333333,0.25,0.5555555555555556,"S2 불량 시기 안 (샷 0~60, 샷 단위)"
CatBoost,41,0.07456396514671665,0.6984126984126984,0.3333333333333333,0.6666666666666666,0.6666666666666666,0.5714285714285714,0.6666666666666666,0.5,0.8333333333333333,"S2 불량 시기 안 (샷 0~60, 샷 단위)"
CatBoost,42,0.05738362390346675,0.29166666666666663,0.0,0.5,0.5,0.4,1.0,0.25,0.6,"S2 불량 시기 안 (샷 0~60, 샷 단위)"
CatBoost,43,0.8601004991999315,0.7555555555555555,0.3333333333333333,0.6666666666666666,0.6666666666666666,0.0,0.0,0.0,0.8888888888888888,"S2 불량 시기 안 (샷 0~60, 샷 단위)"
CatBoost,44,0.4745873190808076,0.7222222222222222,0.3333333333333333,0.6666666666666666,0.6666666666666666,0.5,0.3333333333333333,1.0,0.8518518518518519,"S2 불량 시기 안 (샷 0~60, 샷 단위)"
CatBoost,45,0.5457368170442004,0.6666666666666667,0.3333333333333333,0.3333333333333333,0.6666666666666666,0.5,0.3333333333333333,1.0,0.8148148148148149,"S2 불량 시기 안 (샷 0~60, 샷 단위)"
CatBoost,46,0.5178889820591388,0.47619047619047616,0.3333333333333333,0.3333333333333333,0.6666666666666666,0.4,0.3333333333333333,0.5,0.7407407407407407,"S2 불량 시기 안 (샷 0~60, 샷 단위)"
CatBoost,47,0.024267040952737195,0.5555555555555556,0.3333333333333333,0.6666666666666666,0.6666666666666666,0.5454545454545454,1.0,0.375,0.8333333333333333,"S2 불량 시기 안 (샷 0~60, 샷 단위)"
CatBoost,48,0.039001055568469854,0.6428571428571428,0.3333333333333333,0.3333333333333333,0.6666666666666666,0.6,1.0,0.42857142857142855,0.7777777777777778,"S2 불량 시기 안 (샷 0~60, 샷 단위)"
CatBoost,49,0.2283216862333063,0.2361111111111111,0.0,0.0,0.5,0.2857142857142857,0.5,0.2,0.5,"S2 불량 시기 안 (샷 0~60, 샷 단위)"
Isolation Forest,0,0.4630005380406492,0.7222222222222222,0.3333333333333333,0.6666666666666666,0.6666666666666666,0.4,1.0,0.25,0.8666666666666666,"S2 불량 시기 안 (샷 0~60, 샷 단위)"
Isolation Forest,1,0.46720170733654126,0.29166666666666663,0.0,0.5,0.5,0.3076923076923077,1.0,0.18181818181818182,0.6,"S2 불량 시기 안 (샷 0~60, 샷 단위)"
Isolation Forest,2,0.4812540564692268,0.6555555555555554,0.3333333333333333,0.6666666666666666,0.6666666666666666,0.3333333333333333,0.6666666666666666,0.2222222222222222,0.7037037037037037,"S2 불량 시기 안 (샷 0~60, 샷 단위)"
Isolation Forest,3,0.5012790849092447,0.19924242424242425,0.0,0.0,0.0,0.0,0.0,0.0,0.14814814814814817,"S2 불량 시기 안 (샷 0~60, 샷 단위)"
Isolation Forest,4,0.48570622151817167,0.2686868686868687,0.0,0.3333333333333333,0.3333333333333333,0.2,0.3333333333333333,0.14285714285714285,0.33333333333333337,"S2 불량 시기 안 (샷 0~60, 샷 단위)"
Isolation Forest,5,0.4735294507399924,0.2240740740740741,0.0,0.0,0.0,0.18181818181818182,0.3333333333333333,0.125,0.3333333333333333,"S2 불량 시기 안 (샷 0~60, 샷 단위)"
Isolation Forest,6,0.4630603368071757,0.38888888888888884,0.3333333333333333,0.3333333333333333,0.3333333333333333,0.4,1.0,0.25,0.5925925925925926,"S2 불량 시기 안 (샷 0~60, 샷 단위)"
Isolation Forest,7,0.5169084640489235,0.5555555555555556,0.3333333333333333,0.3333333333333333,0.3333333333333333,0.2857142857142857,0.3333333333333333,0.25,0.6296296296296297,"S2 불량 시기 안 (샷 0~60, 샷 단위)"
Isolation Forest,8,0.47368777513253196,0.6666666666666666,0.3333333333333333,0.6666666666666666,0.6666666666666666,0.4,1.0,0.25,0.7407407407407407,"S2 불량 시기 안 (샷 0~60, 샷 단위)"
Isolation Forest,9,0.4717920147535848,0.45,0.5,0.5,0.5,0.3333333333333333,1.0,0.2,0.7999999999999999,"S2 불량 시기 안 (샷 0~60, 샷 단위)"
Isolation Forest,10,0.5029551670877089,0.1856060606060606,0.0,0.0,0.0,0.0,0.0,0.0,0.16666666666666666,"S2 불량 시기 안 (샷 0~60, 샷 단위)"
Isolation Forest,11,0.4870339241021535,0.35,0.5,0.5,0.5,0.2,0.5,0.125,0.55,"S2 불량 시기 안 (샷 0~60, 샷 단위)"
Isolation Forest,12,0.4771400840999329,0.4242424242424242,0.3333333333333333,0.3333333333333333,0.6666666666666666,0.3333333333333333,0.6666666666666666,0.2222222222222222,0.5925925925925926,"S2 불량 시기 안 (샷 0~60, 샷 단위)"
Isolation Forest,13,0.4752905273435099,0.7,0.3333333333333333,0.3333333333333333,0.6666666666666666,0.42857142857142855,1.0,0.2727272727272727,0.8518518518518519,"S2 불량 시기 안 (샷 0~60, 샷 단위)"
Isolation Forest,14,0.4482622123934672,0.6095238095238096,0.3333333333333333,0.3333333333333333,0.3333333333333333,0.42857142857142855,1.0,0.2727272727272727,0.7407407407407407,"S2 불량 시기 안 (샷 0~60, 샷 단위)"
Isolation Forest,15,0.5196634359789936,0.2051948051948052,0.0,0.0,0.0,0.0,0.0,0.0,0.2666666666666666,"S2 불량 시기 안 (샷 0~60, 샷 단위)"
Isolation Forest,16,0.5197135000865916,0.2528138528138528,0.0,0.0,0.0,0.0,0.0,0.0,0.37037037037037035,"S2 불량 시기 안 (샷 0~60, 샷 단위)"
Isolation Forest,17,0.4697236577788291,0.3686868686868687,0.3333333333333333,0.3333333333333333,0.3333333333333333,0.3076923076923077,0.6666666666666666,0.2,0.5185185185185186,"S2 불량 시기 안 (샷 0~60, 샷 단위)"
Isolation Forest,18,0.4707447634599787,1.0,0.6666666666666666,1.0,1.0,0.46153846153846156,1.0,0.3,1.0,"S2 불량 시기 안 (샷 0~60, 샷 단위)"
Isolation Forest,19,0.47615939518887496,0.3666666666666667,0.0,0.5,0.5,0.3333333333333333,1.0,0.2,0.75,"S2 불량 시기 안 (샷 0~60, 샷 단위)"
Isolation Forest,20,0.4782269754607424,0.3269230769230769,0.3333333333333333,0.3333333333333333,0.3333333333333333,0.2857142857142857,0.6666666666666666,0.18181818181818182,0.43333333333333335,"S2 불량 시기 안 (샷 0~60, 샷 단위)"
Isolation Forest,21,0.48040208637335324,0.5909090909090909,0.5,0.5,0.5,0.16666666666666666,0.5,0.1,0.55,"S2 불량 시기 안 (샷 0~60, 샷 단위)"
Isolation Forest,22,0.47747483391048956,0.43333333333333335,0.3333333333333333,0.3333333333333333,0.6666666666666666,0.36363636363636365,0.6666666666666666,0.25,0.6296296296296295,"S2 불량 시기 안 (샷 0~60, 샷 단위)"
Isolation Forest,23,0.4787543681870707,0.42063492063492064,0.0,0.3333333333333333,0.6666666666666666,0.5454545454545454,1.0,0.375,0.7037037037037037,"S2 불량 시기 안 (샷 0~60, 샷 단위)"
Isolation Forest,24,0.46050566175673535,0.3611111111111111,0.3333333333333333,0.3333333333333333,0.3333333333333333,0.4,1.0,0.25,0.48148148148148145,"S2 불량 시기 안 (샷 0~60, 샷 단위)"
Isolation Forest,25,0.5137585385720549,0.19120879120879122,0.0,0.0,0.0,0.0,0.0,0.0,0.19999999999999998,"S2 불량 시기 안 (샷 0~60, 샷 단위)"
Isolation Forest,26,0.5156563631857713,0.31746031746031744,0.0,0.3333333333333333,0.3333333333333333,0.0,0.0,0.0,0.5185185185185185,"S2 불량 시기 안 (샷 0~60, 샷 단위)"
Isolation Forest,27,0.48815817461714883,0.5873015873015872,0.3333333333333333,0.3333333333333333,0.3333333333333333,0.4444444444444444,0.6666666666666666,0.3333333333333333,0.7037037037037037,"S2 불량 시기 안 (샷 0~60, 샷 단위)"
Isolation Forest,28,0.4787070200900143,0.6464646464646464,0.3333333333333333,0.6666666666666666,0.6666666666666666,0.3333333333333333,0.6666666666666666,0.2222222222222222,0.6666666666666665,"S2 불량 시기 안 (샷 0~60, 샷 단위)"
Isolation Forest,29,0.4645029852980211,0.5833333333333333,0.5,1.0,1.0,0.3076923076923077,1.0,0.18181818181818182,0.9,"S2 불량 시기 안 (샷 0~60, 샷 단위)"
Isolation Forest,30,0.48484410679794915,0.49831649831649827,0.3333333333333333,0.3333333333333333,0.3333333333333333,0.3076923076923077,0.6666666666666666,0.2,0.5,"S2 불량 시기 안 (샷 0~60, 샷 단위)"
Isolation Forest,31,0.48253979444702116,0.2,0.0,0.0,0.0,0.3076923076923077,1.0,0.18181818181818182,0.39999999999999997,"S2 불량 시기 안 (샷 0~60, 샷 단위)"
Isolation Forest,32,0.47838975000977396,0.31313131313131315,0.0,0.3333333333333333,0.3333333333333333,0.36363636363636365,0.6666666666666666,0.25,0.4814814814814815,"S2 불량 시기 안 (샷 0~60, 샷 단위)"
Isolation Forest,33,0.4698073135562974,0.4722222222222222,0.3333333333333333,0.6666666666666666,0.6666666666666666,0.3333333333333333,0.6666666666666666,0.2222222222222222,0.5925925925925926,"S2 불량 시기 안 (샷 0~60, 샷 단위)"
Isolation Forest,34,0.47336067336860477,0.5777777777777777,0.3333333333333333,0.3333333333333333,0.3333333333333333,0.36363636363636365,0.6666666666666666,0.25,0.6666666666666667,"S2 불량 시기 안 (샷 0~60, 샷 단위)"
Isolation Forest,35,0.5038190134811514,0.2619047619047619,0.0,0.0,0.0,0.25,0.3333333333333333,0.2,0.4666666666666667,"S2 불량 시기 안 (샷 0~60, 샷 단위)"
Isolation Forest,36,0.4939420868436385,0.4797979797979798,0.3333333333333333,0.6666666666666666,0.6666666666666666,0.4444444444444444,0.6666666666666666,0.3333333333333333,0.6296296296296295,"S2 불량 시기 안 (샷 0~60, 샷 단위)"
Isolation Forest,37,0.4991182957858291,0.3333333333333333,0.0,0.3333333333333333,0.3333333333333333,0.4444444444444444,0.6666666666666666,0.3333333333333333,0.5555555555555556,"S2 불량 시기 안 (샷 0~60, 샷 단위)"
Isolation Forest,38,0.482829600976615,0.34523809523809523,0.3333333333333333,0.3333333333333333,0.3333333333333333,0.36363636363636365,0.6666666666666666,0.25,0.4444444444444444,"S2 불량 시기 안 (샷 0~60, 샷 단위)"
Isolation Forest,39,0.5040700039039357,0.5909090909090909,0.5,0.5,0.5,0.4,0.5,0.3333333333333333,0.55,"S2 불량 시기 안 (샷 0~60, 샷 단위)"
Isolation Forest,40,0.48178092495524744,0.7575757575757576,0.6666666666666666,0.6666666666666666,0.6666666666666666,0.4,0.6666666666666666,0.2857142857142857,0.7037037037037037,"S2 불량 시기 안 (샷 0~60, 샷 단위)"
Isolation Forest,41,0.4798391039279192,0.6388888888888888,0.3333333333333333,0.6666666666666666,1.0,0.5454545454545454,1.0,0.375,0.9,"S2 불량 시기 안 (샷 0~60, 샷 단위)"
Isolation Forest,42,0.45869853189993964,0.2159090909090909,0.0,0.0,0.5,0.2857142857142857,1.0,0.16666666666666666,0.4,"S2 불량 시기 안 (샷 0~60, 샷 단위)"
Isolation Forest,43,0.5110322281235229,0.2528138528138528,0.0,0.0,0.0,0.0,0.0,0.0,0.37037037037037035,"S2 불량 시기 안 (샷 0~60, 샷 단위)"
Isolation Forest,44,0.4829046048874324,0.3106060606060606,0.3333333333333333,0.3333333333333333,0.3333333333333333,0.15384615384615385,0.3333333333333333,0.1,0.2962962962962963,"S2 불량 시기 안 (샷 0~60, 샷 단위)"
Isolation Forest,45,0.48113287889634593,0.4027777777777778,0.3333333333333333,0.3333333333333333,0.3333333333333333,0.4,1.0,0.25,0.6296296296296297,"S2 불량 시기 안 (샷 0~60, 샷 단위)"
Isolation Forest,46,0.45731940054753256,0.4907407407407407,0.3333333333333333,0.3333333333333333,0.3333333333333333,0.4,1.0,0.25,0.4074074074074074,"S2 불량 시기 안 (샷 0~60, 샷 단위)"
Isolation Forest,47,0.4911965498781431,0.3176638176638177,0.3333333333333333,0.3333333333333333,0.3333333333333333,0.2,0.3333333333333333,0.14285714285714285,0.4,"S2 불량 시기 안 (샷 0~60, 샷 단위)"
Isolation Forest,48,0.46189697503812616,0.6984126984126984,0.3333333333333333,0.6666666666666666,0.6666666666666666,0.46153846153846156,1.0,0.3,0.8148148148148149,"S2 불량 시기 안 (샷 0~60, 샷 단위)"
Isolation Forest,49,0.47335391830428675,0.26666666666666666,0.0,0.5,0.5,0.3333333333333333,1.0,0.2,0.5,"S2 불량 시기 안 (샷 0~60, 샷 단위)"
