set,model_name,algo,imbalance,fold,n_features_used,prauc,roc_auc,prevalence,n_test,n_pos_test,recall_at_5,recall_at_10,recall_at_20,thr_F1max,f1_F1max,recall_F1max,precision_F1max,flag_rate_F1max,thr_Recall80,f1_Recall80,recall_Recall80,precision_Recall80,flag_rate_Recall80
S0 원본,LogReg,LogReg,class_weight|feat=S0,0,21,0.08184192291543717,0.6543859649122807,0.04201680672268908,119,5,0.0,0.0,0.4,0.952962307067555,0.0,0.0,0.0,0.008403361344537815,0.021614657225203115,0.08130081300813008,1.0,0.0423728813559322,0.9915966386554622
S0 원본,LogReg,LogReg,class_weight|feat=S0,1,21,0.03435471300527587,0.2920353982300885,0.0423728813559322,118,5,0.0,0.0,0.0,0.6659442997760018,0.0,0.0,0.0,0.23728813559322035,0.15223020711884652,0.0625,0.6,0.03296703296703297,0.7711864406779662
S0 원본,LogReg,LogReg,class_weight|feat=S0,2,21,0.03632703694402004,0.27433628318584075,0.0423728813559322,118,5,0.0,0.0,0.2,0.6971849905264381,0.0,0.0,0.0,0.1694915254237288,0.10031453663544818,0.07079646017699115,0.8,0.037037037037037035,0.9152542372881356
S0 원본,LogReg,LogReg,class_weight|feat=S0,3,21,0.0381752486419326,0.37345132743362836,0.0423728813559322,118,5,0.0,0.0,0.0,0.030654529632875797,0.08130081300813008,1.0,0.0423728813559322,1.0,0.048500924072116765,0.08130081300813008,1.0,0.0423728813559322,1.0
S0 원본,LogReg,LogReg,class_weight|feat=S0,4,21,0.05833676427640343,0.5274336283185841,0.0423728813559322,118,5,0.0,0.0,0.2,0.2576568133164339,0.07142857142857142,0.6,0.0379746835443038,0.6694915254237288,0.07384286887334388,0.08403361344537816,1.0,0.043859649122807015,0.9661016949152542
S0 원본,LogReg,LogReg,class_weight|feat=S0,5,21,0.07621607263595093,0.6175438596491228,0.04201680672268908,119,5,0.0,0.0,0.4,0.49183890549041803,0.12,0.6,0.06666666666666667,0.37815126050420167,0.10710612460316749,0.0847457627118644,1.0,0.04424778761061947,0.9495798319327731
S0 원본,LogReg,LogReg,class_weight|feat=S0,6,21,0.03719440621293093,0.31327433628318585,0.0423728813559322,118,5,0.0,0.0,0.2,0.3081869846059977,0.03333333333333333,0.2,0.01818181818181818,0.4661016949152542,0.24348856222533014,0.028985507246376812,0.2,0.015625,0.5423728813559322
S0 원본,LogReg,LogReg,class_weight|feat=S0,7,21,0.05305261909861395,0.5061946902654867,0.0423728813559322,118,5,0.0,0.0,0.2,0.25081199443581903,0.0851063829787234,0.8,0.0449438202247191,0.7542372881355932,0.13397331961989375,0.08771929824561403,1.0,0.045871559633027525,0.923728813559322
S0 원본,LogReg,LogReg,class_weight|feat=S0,8,21,0.06122878117279013,0.5964601769911504,0.0423728813559322,118,5,0.0,0.0,0.2,0.0058000617092249665,0.08130081300813008,1.0,0.0423728813559322,1.0,0.022992818728133944,0.08130081300813008,1.0,0.0423728813559322,1.0
S0 원본,LogReg,LogReg,class_weight|feat=S0,9,21,0.0646996996996997,0.5716814159292035,0.0423728813559322,118,5,0.0,0.2,0.2,0.015269053501401293,0.08196721311475409,1.0,0.042735042735042736,0.9915254237288136,0.056489272509960796,0.0847457627118644,1.0,0.04424778761061947,0.9576271186440678
S0 원본,LogReg,LogReg,class_weight|feat=S0,10,21,0.042417953667953666,0.4298245614035088,0.04201680672268908,119,5,0.0,0.0,0.0,0.0025856222497200256,0.08064516129032258,1.0,0.04201680672268908,1.0,0.05387633331813984,0.08064516129032258,1.0,0.04201680672268908,1.0
S0 원본,LogReg,LogReg,class_weight|feat=S0,11,21,0.045557664857867705,0.4690265486725664,0.0423728813559322,118,5,0.0,0.0,0.0,0.0030923086485953113,0.08196721311475409,1.0,0.042735042735042736,0.9915254237288136,0.033287421703139364,0.08196721311475409,1.0,0.042735042735042736,0.9915254237288136
S0 원본,LogReg,LogReg,class_weight|feat=S0,12,21,0.0511144883485309,0.49203539823008846,0.0423728813559322,118,5,0.0,0.0,0.2,0.6026927748050042,0.0625,0.2,0.037037037037037035,0.2288135593220339,0.1121834808363987,0.09174311926605505,1.0,0.04807692307692308,0.8813559322033898
S0 원본,LogReg,LogReg,class_weight|feat=S0,13,21,0.03668819484608958,0.2991150442477876,0.0423728813559322,118,5,0.0,0.0,0.2,0.03585448968950315,0.06666666666666667,0.8,0.034782608695652174,0.9745762711864406,0.1361107256898172,0.042105263157894736,0.4,0.022222222222222223,0.7627118644067796
S0 원본,LogReg,LogReg,class_weight|feat=S0,14,21,0.04690838780863554,0.4566371681415929,0.0423728813559322,118,5,0.0,0.0,0.2,0.6571866255353724,0.0,0.0,0.0,0.1440677966101695,0.027990216851542297,0.08333333333333333,1.0,0.043478260869565216,0.9745762711864406
S0 원본,LogReg,LogReg,class_weight|feat=S0,15,21,0.04319110981963766,0.443859649122807,0.04201680672268908,119,5,0.0,0.0,0.0,0.058192090611945343,0.08771929824561403,1.0,0.045871559633027525,0.9159663865546218,0.11206141013886825,0.09259259259259259,1.0,0.04854368932038835,0.865546218487395
S0 원본,LogReg,LogReg,class_weight|feat=S0,16,21,0.06438311688311689,0.4831858407079646,0.0423728813559322,118,5,0.0,0.2,0.2,0.00571371473919323,0.08130081300813008,1.0,0.0423728813559322,1.0,0.02774779180543591,0.08130081300813008,1.0,0.0423728813559322,1.0
S0 원본,LogReg,LogReg,class_weight|feat=S0,17,21,0.03193693481352283,0.2442477876106195,0.0423728813559322,118,5,0.0,0.0,0.0,0.8367661050892522,0.0,0.0,0.0,0.025423728813559324,0.04806470313104104,0.08264462809917356,1.0,0.04310344827586207,0.9830508474576272
S0 원본,LogReg,LogReg,class_weight|feat=S0,18,21,0.09734428362335339,0.6017699115044247,0.0423728813559322,118,5,0.0,0.2,0.6,0.00460828222015433,0.08130081300813008,1.0,0.0423728813559322,1.0,0.06304587688368736,0.08130081300813008,1.0,0.0423728813559322,1.0
S0 원본,LogReg,LogReg,class_weight|feat=S0,19,21,0.05534663527973894,0.5345132743362833,0.0423728813559322,118,5,0.0,0.0,0.2,0.011396058983722554,0.08196721311475409,1.0,0.042735042735042736,0.9915254237288136,0.05790793059109579,0.08333333333333333,1.0,0.043478260869565216,0.9745762711864406
S0 원본,LogReg,LogReg,class_weight|feat=S0,20,21,0.04605691794070603,0.4649122807017544,0.04201680672268908,119,5,0.0,0.0,0.0,0.8295035792634008,0.0,0.0,0.0,0.01680672268907563,0.05228127965509894,0.08130081300813008,1.0,0.0423728813559322,0.9915966386554622
S0 원본,LogReg,LogReg,class_weight|feat=S0,21,21,0.06474413635801188,0.5876106194690265,0.0423728813559322,118,5,0.0,0.0,0.2,0.007006538804845696,0.08196721311475409,1.0,0.042735042735042736,0.9915254237288136,0.03661594719980849,0.08196721311475409,1.0,0.042735042735042736,0.9915254237288136
S0 원본,LogReg,LogReg,class_weight|feat=S0,22,21,0.0616667745473366,0.5079646017699115,0.0423728813559322,118,5,0.0,0.0,0.4,0.004282330375698327,0.08196721311475409,1.0,0.042735042735042736,0.9915254237288136,0.07309172812034546,0.08403361344537816,1.0,0.043859649122807015,0.9661016949152542
S0 원본,LogReg,LogReg,class_weight|feat=S0,23,21,0.06453100889720609,0.5610619469026549,0.0423728813559322,118,5,0.0,0.0,0.2,0.5154212257048255,0.1276595744680851,0.6,0.07142857142857142,0.3559322033898305,0.12195634617803966,0.07339449541284404,0.8,0.038461538461538464,0.8813559322033898
S0 원본,LogReg,LogReg,class_weight|feat=S0,24,21,0.0461033171065352,0.4584070796460177,0.0423728813559322,118,5,0.0,0.0,0.0,0.03190623500827393,0.08264462809917356,1.0,0.04310344827586207,0.9830508474576272,0.05100198684763824,0.08333333333333333,1.0,0.043478260869565216,0.9745762711864406
S0 원본,LogReg,LogReg,class_weight|feat=S0,25,21,0.05983878615457563,0.4526315789473684,0.04201680672268908,119,5,0.0,0.2,0.2,0.5748099638948868,0.05128205128205128,0.2,0.029411764705882353,0.2857142857142857,0.1257114154386899,0.057692307692307696,0.6,0.030303030303030304,0.8319327731092437
S0 원본,LogReg,LogReg,class_weight|feat=S0,26,21,0.057888486836815106,0.5557522123893806,0.0423728813559322,118,5,0.0,0.0,0.2,0.006545318445015471,0.08130081300813008,1.0,0.0423728813559322,1.0,0.052996660182184706,0.08264462809917356,1.0,0.04310344827586207,0.9830508474576272
S0 원본,LogReg,LogReg,class_weight|feat=S0,27,21,0.05822451215396799,0.4955752212389381,0.0423728813559322,118,5,0.0,0.0,0.2,0.008857076155237328,0.08264462809917356,1.0,0.04310344827586207,0.9830508474576272,0.11819072184516012,0.08620689655172414,1.0,0.04504504504504504,0.940677966101695
S0 원본,LogReg,LogReg,class_weight|feat=S0,28,21,0.06861516927652875,0.3415929203539823,0.0423728813559322,118,5,0.2,0.2,0.2,0.7204414883798813,0.13333333333333333,0.2,0.1,0.0847457627118644,0.04805671018242733,0.08196721311475409,1.0,0.042735042735042736,0.9915254237288136
S0 원본,LogReg,LogReg,class_weight|feat=S0,29,21,0.038120528782668,0.36106194690265486,0.0423728813559322,118,5,0.0,0.0,0.0,0.20895745615834782,0.06896551724137931,0.6,0.036585365853658534,0.6949152542372882,0.023768839869028825,0.08264462809917356,1.0,0.04310344827586207,0.9830508474576272
S0 원본,LogReg,LogReg,class_weight|feat=S0,30,21,0.0609482884265493,0.4859649122807018,0.04201680672268908,119,5,0.0,0.2,0.2,0.005881579122263879,0.08064516129032258,1.0,0.04201680672268908,1.0,0.04691840347478791,0.08196721311475409,1.0,0.042735042735042736,0.9831932773109243
S0 원본,LogReg,LogReg,class_weight|feat=S0,31,21,0.03399045151472336,0.2867256637168142,0.0423728813559322,118,5,0.0,0.0,0.0,0.0026027765746077804,0.08196721311475409,1.0,0.042735042735042736,0.9915254237288136,0.058824405209166465,0.08264462809917356,1.0,0.04310344827586207,0.9830508474576272
S0 원본,LogReg,LogReg,class_weight|feat=S0,32,21,0.038652646933539384,0.3752212389380531,0.0423728813559322,118,5,0.0,0.0,0.0,0.33384318735647467,0.05555555555555555,0.4,0.029850746268656716,0.5677966101694916,0.03150896888901784,0.08196721311475409,1.0,0.042735042735042736,0.9915254237288136
S0 원본,LogReg,LogReg,class_weight|feat=S0,33,21,0.04628725956233891,0.3858407079646018,0.0423728813559322,118,5,0.0,0.0,0.2,0.007300242008196657,0.08130081300813008,1.0,0.0423728813559322,1.0,0.05163347938230159,0.08264462809917356,1.0,0.04310344827586207,0.9830508474576272
S0 원본,LogReg,LogReg,class_weight|feat=S0,34,21,0.056678043304715216,0.536283185840708,0.0423728813559322,118,5,0.0,0.0,0.2,0.231863650575874,0.06521739130434782,0.6,0.034482758620689655,0.7372881355932204,0.09440382549935293,0.08771929824561403,1.0,0.045871559633027525,0.923728813559322
S0 원본,LogReg,LogReg,class_weight|feat=S0,35,21,0.040331470005309476,0.3508771929824561,0.04201680672268908,119,5,0.0,0.0,0.2,0.06467153455302938,0.08333333333333333,1.0,0.043478260869565216,0.9663865546218487,0.07702086934609165,0.08403361344537816,1.0,0.043859649122807015,0.957983193277311
S0 원본,LogReg,LogReg,class_weight|feat=S0,36,21,0.05094276910915281,0.511504424778761,0.0423728813559322,118,5,0.0,0.0,0.0,0.8070395634851326,0.0,0.0,0.0,0.059322033898305086,0.10105539396638379,0.08403361344537816,1.0,0.043859649122807015,0.9661016949152542
S0 원본,LogReg,LogReg,class_weight|feat=S0,37,21,0.04697976924292714,0.47079646017699117,0.0423728813559322,118,5,0.0,0.0,0.2,0.26689045532646954,0.1,0.8,0.05333333333333334,0.635593220338983,0.06407996918857216,0.08547008547008547,1.0,0.044642857142857144,0.9491525423728814
S0 원본,LogReg,LogReg,class_weight|feat=S0,38,21,0.03528964863673001,0.3132743362831859,0.0423728813559322,118,5,0.0,0.0,0.0,0.4527776931849657,0.0,0.0,0.0,0.3813559322033898,0.07057763229527131,0.07547169811320754,0.8,0.039603960396039604,0.8559322033898306
S0 원본,LogReg,LogReg,class_weight|feat=S0,39,21,0.05387148798913505,0.5486725663716814,0.0423728813559322,118,5,0.0,0.0,0.2,0.2520458758425357,0.10869565217391304,1.0,0.05747126436781609,0.7372881355932204,0.05976274354515387,0.08196721311475409,1.0,0.042735042735042736,0.9915254237288136
S0 원본,LogReg,LogReg,class_weight|feat=S0,40,21,0.06522588522588522,0.6456140350877193,0.04201680672268908,119,5,0.0,0.0,0.2,0.3434792725042017,0.1282051282051282,1.0,0.0684931506849315,0.6134453781512605,0.13530178849875024,0.0847457627118644,1.0,0.04424778761061947,0.9495798319327731
S0 원본,LogReg,LogReg,class_weight|feat=S0,41,21,0.036019510255034005,0.3327433628318584,0.0423728813559322,118,5,0.0,0.0,0.0,0.10351079471948328,0.0784313725490196,0.8,0.041237113402061855,0.8220338983050848,0.1195241630618435,0.0784313725490196,0.8,0.041237113402061855,0.8220338983050848
S0 원본,LogReg,LogReg,class_weight|feat=S0,42,21,0.03856678522626798,0.368141592920354,0.0423728813559322,118,5,0.0,0.0,0.0,0.4464233430384832,0.03636363636363636,0.2,0.02,0.423728813559322,0.21038576726330777,0.06741573033707865,0.6,0.03571428571428571,0.711864406779661
S0 원본,LogReg,LogReg,class_weight|feat=S0,43,21,0.039002278359971124,0.3769911504424779,0.0423728813559322,118,5,0.0,0.0,0.0,0.9730055204720035,0.0,0.0,0.0,0.0,0.06442534187590648,0.08196721311475409,1.0,0.042735042735042736,0.9915254237288136
S0 원본,LogReg,LogReg,class_weight|feat=S0,44,21,0.04598955564573495,0.4283185840707965,0.0423728813559322,118,5,0.0,0.0,0.2,0.8120346856617363,0.0,0.0,0.0,0.03389830508474576,0.07062303929975228,0.08547008547008547,1.0,0.044642857142857144,0.9491525423728814
S0 원본,LogReg,LogReg,class_weight|feat=S0,45,21,0.03468577312605989,0.29824561403508776,0.04201680672268908,119,5,0.0,0.0,0.0,0.4107519911100846,0.03508771929824561,0.2,0.019230769230769232,0.4369747899159664,0.04115445810485594,0.08547008547008547,1.0,0.044642857142857144,0.9411764705882353
S0 원본,LogReg,LogReg,class_weight|feat=S0,46,21,0.054842034523797066,0.5539823008849558,0.0423728813559322,118,5,0.0,0.0,0.0,0.018425198903728287,0.08196721311475409,1.0,0.042735042735042736,0.9915254237288136,0.060857759903307676,0.08196721311475409,1.0,0.042735042735042736,0.9915254237288136
S0 원본,LogReg,LogReg,class_weight|feat=S0,47,21,0.033680456964039054,0.2831858407079646,0.0423728813559322,118,5,0.0,0.0,0.0,0.8867324416291092,0.0,0.0,0.0,0.00847457627118644,0.09640782559153965,0.05504587155963303,0.6,0.028846153846153848,0.8813559322033898
S0 원본,LogReg,LogReg,class_weight|feat=S0,48,21,0.061230882938200004,0.5575221238938053,0.0423728813559322,118,5,0.0,0.0,0.2,0.006540027624609598,0.08196721311475409,1.0,0.042735042735042736,0.9915254237288136,0.06302661466344282,0.08264462809917356,1.0,0.04310344827586207,0.9830508474576272
S0 원본,LogReg,LogReg,class_weight|feat=S0,49,21,0.03484539129956553,0.2938053097345133,0.0423728813559322,118,5,0.0,0.0,0.0,0.11864884779916575,0.06,0.6,0.031578947368421054,0.8050847457627118,0.12175425437077773,0.06060606060606061,0.6,0.031914893617021274,0.7966101694915254
S0 원본,RF,RF,class_weight|feat=S0,0,21,0.12884684684684686,0.6850877192982456,0.04201680672268908,119,5,0.2,0.4,0.4,0.013333333333333334,0.08196721311475409,1.0,0.042735042735042736,0.9831932773109243,0.03333333333333333,0.09345794392523364,1.0,0.049019607843137254,0.8571428571428571
S0 원본,RF,RF,class_weight|feat=S0,1,21,0.03800555379681499,0.2557522123893805,0.0423728813559322,118,5,0.0,0.0,0.2,0.1,0.034482758620689655,0.2,0.018867924528301886,0.4491525423728814,0.05333333333333334,0.024096385542168676,0.2,0.01282051282051282,0.6610169491525424
S0 원본,RF,RF,class_weight|feat=S0,2,21,0.039696969696969696,0.40353982300884955,0.0423728813559322,118,5,0.0,0.0,0.0,0.03,0.09523809523809523,1.0,0.05,0.847457627118644,0.03333333333333333,0.10101010101010101,1.0,0.05319148936170213,0.7966101694915254
S0 원본,RF,RF,class_weight|feat=S0,3,21,0.07394865213763142,0.5566371681415929,0.0423728813559322,118,5,0.0,0.2,0.4,0.2966666666666667,0.0,0.0,0.0,0.025423728813559324,0.016666666666666666,0.08771929824561403,1.0,0.045871559633027525,0.923728813559322
S0 원본,RF,RF,class_weight|feat=S0,4,21,0.0378317760486786,0.37522123893805315,0.0423728813559322,118,5,0.0,0.0,0.0,0.21666666666666667,0.0,0.0,0.0,0.11016949152542373,0.04666666666666667,0.05194805194805195,0.4,0.027777777777777776,0.6101694915254238
S0 원본,RF,RF,class_weight|feat=S0,5,21,0.3224761901590708,0.46315789473684205,0.04201680672268908,119,5,0.4,0.4,0.4,0.16666666666666666,0.36363636363636365,0.4,0.3333333333333333,0.05042016806722689,0.04666666666666667,0.04938271604938271,0.4,0.02631578947368421,0.6386554621848739
S0 원본,RF,RF,class_weight|feat=S0,6,21,0.035990009447379886,0.32831858407079645,0.0423728813559322,118,5,0.0,0.0,0.0,0.14666666666666667,0.0,0.0,0.0,0.1694915254237288,0.05,0.07317073170731707,0.6,0.03896103896103896,0.652542372881356
S0 원본,RF,RF,class_weight|feat=S0,7,21,0.04877101533621375,0.47699115044247786,0.0423728813559322,118,5,0.0,0.0,0.2,0.04,0.10309278350515463,1.0,0.05434782608695652,0.7796610169491526,0.043333333333333335,0.0851063829787234,0.8,0.0449438202247191,0.7542372881355932
S0 원본,RF,RF,class_weight|feat=S0,8,21,0.08342261079896193,0.6876106194690266,0.0423728813559322,118,5,0.0,0.2,0.4,0.04666666666666667,0.125,1.0,0.06666666666666667,0.635593220338983,0.023333333333333334,0.09900990099009901,1.0,0.052083333333333336,0.8135593220338984
S0 원본,RF,RF,class_weight|feat=S0,9,21,0.06196594810803158,0.504424778761062,0.0423728813559322,118,5,0.0,0.2,0.2,0.29333333333333333,0.0,0.0,0.0,0.0423728813559322,0.03,0.09615384615384616,1.0,0.050505050505050504,0.8389830508474576
S0 원본,RF,RF,class_weight|feat=S0,10,21,0.0348544266191325,0.27192982456140347,0.04201680672268908,119,5,0.0,0.0,0.0,0.07333333333333333,0.0,0.0,0.0,0.42857142857142855,0.02666666666666667,0.07692307692307693,0.8,0.04040404040404041,0.8319327731092437
S0 원본,RF,RF,class_weight|feat=S0,11,21,0.16025964531253245,0.6008849557522125,0.0423728813559322,118,5,0.2,0.2,0.4,0.006666666666666667,0.08130081300813008,1.0,0.0423728813559322,1.0,0.016666666666666666,0.08547008547008547,1.0,0.044642857142857144,0.9491525423728814
S0 원본,RF,RF,class_weight|feat=S0,12,21,0.0405303622041118,0.37433628318584067,0.0423728813559322,118,5,0.0,0.0,0.2,0.08666666666666667,0.07407407407407407,0.4,0.04081632653061224,0.4152542372881356,0.03,0.05660377358490566,0.6,0.0297029702970297,0.8559322033898306
S0 원본,RF,RF,class_weight|feat=S0,13,21,0.03595344461950632,0.32123893805309733,0.0423728813559322,118,5,0.0,0.0,0.0,0.2866666666666667,0.0,0.0,0.0,0.05084745762711865,0.03666666666666667,0.047058823529411764,0.4,0.025,0.6779661016949152
S0 원본,RF,RF,class_weight|feat=S0,14,21,0.07287284610814022,0.6212389380530974,0.0423728813559322,118,5,0.0,0.2,0.2,0.24,0.0,0.0,0.0,0.025423728813559324,0.02666666666666667,0.09433962264150944,1.0,0.04950495049504951,0.8559322033898306
S0 원본,RF,RF,class_weight|feat=S0,15,21,0.08306878306878307,0.5096491228070176,0.04201680672268908,119,5,0.0,0.2,0.4,0.10666666666666667,0.09090909090909091,0.4,0.05128205128205128,0.3277310924369748,0.023333333333333334,0.07272727272727272,0.8,0.0380952380952381,0.8823529411764706
S0 원본,RF,RF,class_weight|feat=S0,16,21,0.04120736008545625,0.4185840707964602,0.0423728813559322,118,5,0.0,0.0,0.0,0.08,0.03076923076923077,0.2,0.016666666666666666,0.5084745762711864,0.03333333333333333,0.0784313725490196,0.8,0.041237113402061855,0.8220338983050848
S0 원본,RF,RF,class_weight|feat=S0,17,21,0.05115715654967464,0.4690265486725664,0.0423728813559322,118,5,0.0,0.0,0.2,0.11,0.10256410256410256,0.4,0.058823529411764705,0.288135593220339,0.05333333333333334,0.09523809523809523,0.8,0.05063291139240506,0.6694915254237288
S0 원본,RF,RF,class_weight|feat=S0,18,21,0.042234971601168785,0.43805309734513276,0.0423728813559322,118,5,0.0,0.0,0.0,0.25333333333333335,0.0,0.0,0.0,0.05084745762711865,0.016666666666666666,0.08695652173913043,1.0,0.045454545454545456,0.9322033898305084
S0 원본,RF,RF,class_weight|feat=S0,19,21,0.11233483223797995,0.6734513274336283,0.0423728813559322,118,5,0.2,0.2,0.4,0.02666666666666667,0.08928571428571429,1.0,0.04672897196261682,0.9067796610169492,0.03333333333333333,0.09433962264150944,1.0,0.04950495049504951,0.8559322033898306
S0 원본,RF,RF,class_weight|feat=S0,20,21,0.0498131546754339,0.4815789473684211,0.04201680672268908,119,5,0.0,0.0,0.2,0.13333333333333333,0.06896551724137931,0.2,0.041666666666666664,0.20168067226890757,0.02666666666666667,0.09345794392523364,1.0,0.049019607843137254,0.8571428571428571
S0 원본,RF,RF,class_weight|feat=S0,21,21,0.08556842249094761,0.5787610619469026,0.0423728813559322,118,5,0.2,0.2,0.2,0.18,0.09090909090909091,0.2,0.058823529411764705,0.1440677966101695,0.02666666666666667,0.09900990099009901,1.0,0.052083333333333336,0.8135593220338984
S0 원본,RF,RF,class_weight|feat=S0,22,21,0.04628949837069221,0.4884955752212389,0.0423728813559322,118,5,0.0,0.0,0.0,0.016666666666666666,0.08695652173913043,1.0,0.045454545454545456,0.9322033898305084,0.03,0.08080808080808081,0.8,0.0425531914893617,0.7966101694915254
S0 원본,RF,RF,class_weight|feat=S0,23,21,0.04645562770562771,0.4964601769911504,0.0423728813559322,118,5,0.0,0.0,0.0,0.15666666666666668,0.0,0.0,0.0,0.17796610169491525,0.02666666666666667,0.09615384615384616,1.0,0.050505050505050504,0.8389830508474576
S0 원본,RF,RF,class_weight|feat=S0,24,21,0.06131104680678241,0.5814159292035398,0.0423728813559322,118,5,0.0,0.0,0.2,0.06666666666666667,0.10526315789473684,0.8,0.056338028169014086,0.6016949152542372,0.04,0.0970873786407767,1.0,0.05102040816326531,0.8305084745762712
S0 원본,RF,RF,class_weight|feat=S0,25,21,0.06259864806291895,0.5964912280701755,0.04201680672268908,119,5,0.0,0.0,0.4,0.006666666666666667,0.08130081300813008,1.0,0.0423728813559322,0.9915966386554622,0.016666666666666666,0.0847457627118644,1.0,0.04424778761061947,0.9495798319327731
S0 원본,RF,RF,class_weight|feat=S0,26,21,0.048051886169643926,0.44247787610619466,0.0423728813559322,118,5,0.0,0.0,0.2,0.13666666666666666,0.058823529411764705,0.2,0.034482758620689655,0.2457627118644068,0.02666666666666667,0.07766990291262135,0.8,0.04081632653061224,0.8305084745762712
S0 원본,RF,RF,class_weight|feat=S0,27,21,0.0528275068966158,0.5079646017699115,0.0423728813559322,118,5,0.0,0.0,0.2,0.0033333333333333335,0.08196721311475409,1.0,0.042735042735042736,0.9915254237288136,0.023333333333333334,0.07692307692307693,0.8,0.04040404040404041,0.8389830508474576
S0 원본,RF,RF,class_weight|feat=S0,28,21,0.07268203964674086,0.41061946902654867,0.0423728813559322,118,5,0.2,0.2,0.2,0.21,0.10526315789473684,0.2,0.07142857142857142,0.11864406779661017,0.03666666666666667,0.06060606060606061,0.6,0.031914893617021274,0.7966101694915254
S0 원본,RF,RF,class_weight|feat=S0,29,21,0.08472305472305472,0.5557522123893806,0.0423728813559322,118,5,0.0,0.2,0.4,0.11,0.17142857142857143,0.6,0.1,0.2542372881355932,0.02,0.07272727272727272,0.8,0.0380952380952381,0.8898305084745762
S0 원본,RF,RF,class_weight|feat=S0,30,21,0.05857267258317815,0.4789473684210526,0.04201680672268908,119,5,0.0,0.2,0.2,0.10666666666666667,0.05555555555555555,0.2,0.03225806451612903,0.2605042016806723,0.04666666666666667,0.07228915662650602,0.6,0.038461538461538464,0.6554621848739496
S0 원본,RF,RF,class_weight|feat=S0,31,21,0.04390098905830997,0.4557522123893806,0.0423728813559322,118,5,0.0,0.0,0.0,0.09333333333333334,0.0,0.0,0.0,0.4322033898305085,0.03333333333333333,0.10309278350515463,1.0,0.05434782608695652,0.7796610169491526
S0 원본,RF,RF,class_weight|feat=S0,32,21,0.07968557556579337,0.3752212389380531,0.0423728813559322,118,5,0.2,0.2,0.2,0.02,0.07339449541284404,0.8,0.038461538461538464,0.8813559322033898,0.023333333333333334,0.0761904761904762,0.8,0.04,0.847457627118644
S0 원본,RF,RF,class_weight|feat=S0,33,21,0.04959982071374476,0.4168141592920354,0.0423728813559322,118,5,0.0,0.2,0.2,0.3,0.0,0.0,0.0,0.0423728813559322,0.03333333333333333,0.08080808080808081,0.8,0.0425531914893617,0.7966101694915254
S0 원본,RF,RF,class_weight|feat=S0,34,21,0.09664605105315313,0.6778761061946903,0.0423728813559322,118,5,0.2,0.2,0.4,0.01,0.08264462809917356,1.0,0.04310344827586207,0.9830508474576272,0.02666666666666667,0.09523809523809523,1.0,0.05,0.847457627118644
S0 원본,RF,RF,class_weight|feat=S0,35,21,0.12072621697809104,0.613157894736842,0.04201680672268908,119,5,0.2,0.4,0.4,0.2866666666666667,0.2222222222222222,0.2,0.25,0.03361344537815126,0.03333333333333333,0.07920792079207921,0.8,0.041666666666666664,0.8067226890756303
S0 원본,RF,RF,class_weight|feat=S0,36,21,0.036065268065268066,0.3424778761061947,0.0423728813559322,118,5,0.0,0.0,0.0,0.41,0.0,0.0,0.0,0.01694915254237288,0.013333333333333334,0.08695652173913043,1.0,0.045454545454545456,0.9322033898305084
S0 원본,RF,RF,class_weight|feat=S0,37,21,0.050506712060664066,0.48938053097345136,0.0423728813559322,118,5,0.0,0.0,0.2,0.07,0.09375,0.6,0.05084745762711865,0.5,0.02666666666666667,0.08,0.8,0.042105263157894736,0.8050847457627118
S0 원본,RF,RF,class_weight|feat=S0,38,21,0.10227632896205363,0.4707964601769911,0.0423728813559322,118,5,0.2,0.2,0.2,0.013333333333333334,0.08403361344537816,1.0,0.043859649122807015,0.9661016949152542,0.03,0.07547169811320754,0.8,0.039603960396039604,0.8559322033898306
S0 원본,RF,RF,class_weight|feat=S0,39,21,0.06030966805237204,0.5867256637168141,0.0423728813559322,118,5,0.0,0.0,0.2,0.013333333333333334,0.08620689655172414,1.0,0.04504504504504504,0.940677966101695,0.03,0.10526315789473684,1.0,0.05555555555555555,0.7627118644067796
S0 원본,RF,RF,class_weight|feat=S0,40,21,0.11294306452201189,0.6114035087719298,0.04201680672268908,119,5,0.2,0.2,0.2,0.08666666666666667,0.06451612903225806,0.4,0.03508771929824561,0.4789915966386555,0.02666666666666667,0.08547008547008547,1.0,0.044642857142857144,0.9411764705882353
S0 원본,RF,RF,class_weight|feat=S0,41,21,0.03214987380828965,0.2628318584070797,0.0423728813559322,118,5,0.0,0.0,0.0,0.07,0.0,0.0,0.0,0.4322033898305085,0.05,0.0,0.0,0.0,0.5084745762711864
S0 원본,RF,RF,class_weight|feat=S0,42,21,0.03429385672189906,0.31327433628318585,0.0423728813559322,118,5,0.0,0.0,0.0,0.25333333333333335,0.0,0.0,0.0,0.03389830508474576,0.04666666666666667,0.05263157894736842,0.4,0.028169014084507043,0.6016949152542372
S0 원본,RF,RF,class_weight|feat=S0,43,21,0.05484470231774814,0.5061946902654868,0.0423728813559322,118,5,0.0,0.0,0.2,0.09666666666666666,0.08888888888888889,0.4,0.05,0.3389830508474576,0.03666666666666667,0.06741573033707865,0.6,0.03571428571428571,0.711864406779661
S0 원본,RF,RF,class_weight|feat=S0,44,21,0.08413585884866356,0.4424778761061947,0.0423728813559322,118,5,0.2,0.2,0.2,0.10333333333333333,0.04878048780487805,0.2,0.027777777777777776,0.3050847457627119,0.03,0.061224489795918366,0.6,0.03225806451612903,0.788135593220339
S0 원본,RF,RF,class_weight|feat=S0,45,21,0.04633580705009276,0.487719298245614,0.04201680672268908,119,5,0.0,0.0,0.0,0.25333333333333335,0.0,0.0,0.0,0.01680672268907563,0.03,0.1,1.0,0.05263157894736842,0.7983193277310925
S0 원본,RF,RF,class_weight|feat=S0,46,21,0.060927096479018276,0.4823008849557522,0.0423728813559322,118,5,0.0,0.0,0.4,0.006666666666666667,0.08130081300813008,1.0,0.0423728813559322,1.0,0.02,0.0847457627118644,1.0,0.04424778761061947,0.9576271186440678
S0 원본,RF,RF,class_weight|feat=S0,47,21,0.08291535245182827,0.5398230088495576,0.0423728813559322,118,5,0.2,0.2,0.2,0.18333333333333332,0.15384615384615385,0.2,0.125,0.06779661016949153,0.043333333333333335,0.0975609756097561,0.8,0.05194805194805195,0.652542372881356
S0 원본,RF,RF,class_weight|feat=S0,48,21,0.053352007469654524,0.5407079646017698,0.0423728813559322,118,5,0.0,0.0,0.2,0.02666666666666667,0.10416666666666667,1.0,0.054945054945054944,0.7711864406779662,0.03333333333333333,0.08791208791208792,0.8,0.046511627906976744,0.7288135593220338
S0 원본,RF,RF,class_weight|feat=S0,49,21,0.03823088023088023,0.3088495575221239,0.0423728813559322,118,5,0.0,0.0,0.2,0.3,0.0,0.0,0.0,0.03389830508474576,0.03333333333333333,0.041666666666666664,0.4,0.02197802197802198,0.7711864406779662
S0 원본,HGB,HGB,class_weight|feat=S0,0,21,0.08847331240188383,0.5929824561403509,0.04201680672268908,119,5,0.0,0.2,0.4,0.12101788130081446,0.10344827586206896,0.6,0.05660377358490566,0.44537815126050423,0.001861328400256154,0.08547008547008547,1.0,0.044642857142857144,0.9411764705882353
S0 원본,HGB,HGB,class_weight|feat=S0,1,21,0.03981924422192977,0.23893805309734514,0.0423728813559322,118,5,0.0,0.0,0.2,0.5470868803726207,0.0,0.0,0.0,0.06779661016949153,0.008553676624705126,0.021052631578947368,0.2,0.011111111111111112,0.7627118644067796
S0 원본,HGB,HGB,class_weight|feat=S0,2,21,0.056563633253506676,0.5769911504424778,0.0423728813559322,118,5,0.0,0.0,0.0,0.17119084324724415,0.0,0.0,0.0,0.2457627118644068,0.0014283446508202011,0.08333333333333333,1.0,0.043478260869565216,0.9745762711864406
S0 원본,HGB,HGB,class_weight|feat=S0,3,21,0.24579373927200016,0.5132743362831859,0.0423728813559322,118,5,0.2,0.2,0.4,7.928470424182373e-05,0.08130081300813008,1.0,0.0423728813559322,1.0,0.001059975567270535,0.08196721311475409,1.0,0.042735042735042736,0.9915254237288136
S0 원본,HGB,HGB,class_weight|feat=S0,4,21,0.04220089334870428,0.4336283185840708,0.0423728813559322,118,5,0.0,0.0,0.0,0.040989288286055345,0.03333333333333333,0.2,0.01818181818181818,0.4661016949152542,0.0037498944626591503,0.09174311926605505,1.0,0.04807692307692308,0.8813559322033898
S0 원본,HGB,HGB,class_weight|feat=S0,5,21,0.11513708513708514,0.6421052631578947,0.04201680672268908,119,5,0.2,0.2,0.4,0.029298169609638044,0.09090909090909091,0.6,0.04918032786885246,0.5126050420168067,0.00503782302655187,0.09345794392523364,1.0,0.049019607843137254,0.8571428571428571
S0 원본,HGB,HGB,class_weight|feat=S0,6,21,0.06073016593207156,0.5203539823008849,0.0423728813559322,118,5,0.0,0.0,0.4,0.08403543089578835,0.09302325581395349,0.4,0.05263157894736842,0.3220338983050847,0.017243709045606306,0.075,0.6,0.04,0.635593220338983
S0 원본,HGB,HGB,class_weight|feat=S0,7,21,0.053615593267492,0.536283185840708,0.0423728813559322,118,5,0.0,0.0,0.0,0.022438871054598585,0.075,0.6,0.04,0.635593220338983,0.004076892401967083,0.09259259259259259,1.0,0.04854368932038835,0.8728813559322034
S0 원본,HGB,HGB,class_weight|feat=S0,8,21,0.06404985981853806,0.6035398230088496,0.0423728813559322,118,5,0.0,0.0,0.2,0.10525812033920119,0.09090909090909091,0.4,0.05128205128205128,0.3305084745762712,0.0017085112992223572,0.08620689655172414,1.0,0.04504504504504504,0.940677966101695
S0 원본,HGB,HGB,class_weight|feat=S0,9,21,0.08378684245307957,0.5345132743362833,0.0423728813559322,118,5,0.0,0.2,0.4,0.12482024609850394,0.0784313725490196,0.4,0.043478260869565216,0.3898305084745763,0.0020968842511995415,0.08264462809917356,1.0,0.04310344827586207,0.9830508474576272
S0 원본,HGB,HGB,class_weight|feat=S0,10,21,0.034500545437262754,0.2842105263157895,0.04201680672268908,119,5,0.0,0.0,0.0,0.057836954557201746,0.06779661016949153,0.4,0.037037037037037035,0.453781512605042,0.0041127342780254705,0.05172413793103448,0.6,0.02702702702702703,0.9327731092436975
S0 원본,HGB,HGB,class_weight|feat=S0,11,21,0.07313965911349632,0.5309734513274337,0.0423728813559322,118,5,0.2,0.2,0.2,0.006554347918986056,0.09433962264150944,1.0,0.04950495049504951,0.8559322033898306,0.007025205949692023,0.09523809523809523,1.0,0.05,0.847457627118644
S0 원본,HGB,HGB,class_weight|feat=S0,12,21,0.06167384360981757,0.5716814159292035,0.0423728813559322,118,5,0.0,0.0,0.2,0.2862631438003218,0.0,0.0,0.0,0.09322033898305085,0.0027519153920530716,0.08620689655172414,1.0,0.04504504504504504,0.940677966101695
S0 원본,HGB,HGB,class_weight|feat=S0,13,21,0.029207440090436264,0.16991150442477876,0.0423728813559322,118,5,0.0,0.0,0.0,0.36526159709780565,0.0,0.0,0.0,0.1271186440677966,0.006086716186487007,0.022727272727272728,0.2,0.012048192771084338,0.7033898305084746
S0 원본,HGB,HGB,class_weight|feat=S0,14,21,0.11889884735994576,0.6407079646017699,0.0423728813559322,118,5,0.2,0.2,0.6,0.17876002996483942,0.2,0.6,0.12,0.211864406779661,0.0024879027339989256,0.08333333333333333,1.0,0.043478260869565216,0.9745762711864406
S0 원본,HGB,HGB,class_weight|feat=S0,15,21,0.1061488677160319,0.6824561403508771,0.04201680672268908,119,5,0.0,0.4,0.4,0.5937503559800795,0.0,0.0,0.0,0.01680672268907563,0.002260669876726731,0.0847457627118644,1.0,0.04424778761061947,0.9495798319327731
S0 원본,HGB,HGB,class_weight|feat=S0,16,21,0.04277131391909011,0.40884955752212393,0.0423728813559322,118,5,0.0,0.0,0.2,0.5258155847253198,0.0,0.0,0.0,0.0423728813559322,0.0031433579105317835,0.08695652173913043,1.0,0.045454545454545456,0.9322033898305084
S0 원본,HGB,HGB,class_weight|feat=S0,17,21,0.08836757182355405,0.4938053097345133,0.0423728813559322,118,5,0.2,0.2,0.4,0.043416033673921335,0.06779661016949153,0.4,0.037037037037037035,0.4576271186440678,0.007954527120331671,0.061224489795918366,0.6,0.03225806451612903,0.788135593220339
S0 원본,HGB,HGB,class_weight|feat=S0,18,21,0.03712815495548455,0.34690265486725663,0.0423728813559322,118,5,0.0,0.0,0.0,0.90642286417653,0.0,0.0,0.0,0.0,0.0009973120242143222,0.08264462809917356,1.0,0.04310344827586207,0.9830508474576272
S0 원본,HGB,HGB,class_weight|feat=S0,19,21,0.12777731219591687,0.6353982300884956,0.0423728813559322,118,5,0.2,0.4,0.4,0.0005763566969947598,0.08130081300813008,1.0,0.0423728813559322,1.0,0.0017136124081808203,0.08403361344537816,1.0,0.043859649122807015,0.9661016949152542
S0 원본,HGB,HGB,class_weight|feat=S0,20,21,0.048871338746777904,0.4701754385964912,0.04201680672268908,119,5,0.0,0.0,0.2,0.00047553846549409077,0.08064516129032258,1.0,0.04201680672268908,1.0,0.0008672707086445847,0.08264462809917356,1.0,0.04310344827586207,0.9747899159663865
S0 원본,HGB,HGB,class_weight|feat=S0,21,21,0.06357063593683313,0.5575221238938053,0.0423728813559322,118,5,0.0,0.2,0.2,0.05402126467274861,0.10909090909090909,0.6,0.06,0.423728813559322,0.002123622364446822,0.08547008547008547,1.0,0.044642857142857144,0.9491525423728814
S0 원본,HGB,HGB,class_weight|feat=S0,22,21,0.07447285181352561,0.5345132743362832,0.0423728813559322,118,5,0.2,0.2,0.2,0.002472502456127396,0.08928571428571429,1.0,0.04672897196261682,0.9067796610169492,0.0030034472975321745,0.09090909090909091,1.0,0.047619047619047616,0.8898305084745762
S0 원본,HGB,HGB,class_weight|feat=S0,23,21,0.03917366946778711,0.38053097345132747,0.0423728813559322,118,5,0.0,0.0,0.0,0.08525406084094153,0.038461538461538464,0.2,0.02127659574468085,0.3983050847457627,0.011235482010959466,0.08888888888888889,0.8,0.047058823529411764,0.7203389830508474
S0 원본,HGB,HGB,class_weight|feat=S0,24,21,0.06403846153846154,0.5557522123893806,0.0423728813559322,118,5,0.0,0.2,0.2,0.2665217681645624,0.09523809523809523,0.2,0.0625,0.13559322033898305,0.0030761877885739693,0.08620689655172414,1.0,0.04504504504504504,0.940677966101695
S0 원본,HGB,HGB,class_weight|feat=S0,25,21,0.046939978282997424,0.4807017543859649,0.04201680672268908,119,5,0.0,0.0,0.0,0.21522916264579972,0.0,0.0,0.0,0.13445378151260504,0.0045497400229332395,0.09345794392523364,1.0,0.049019607843137254,0.8571428571428571
S0 원본,HGB,HGB,class_weight|feat=S0,26,21,0.08490425026267073,0.5876106194690265,0.0423728813559322,118,5,0.2,0.2,0.4,0.002446184914380722,0.08771929824561403,1.0,0.045871559633027525,0.923728813559322,0.0034328434667583087,0.08928571428571429,1.0,0.04672897196261682,0.9067796610169492
S0 원본,HGB,HGB,class_weight|feat=S0,27,21,0.06776696095348482,0.5964601769911504,0.0423728813559322,118,5,0.0,0.2,0.2,0.2672220760997017,0.1,0.2,0.06666666666666667,0.1271186440677966,0.0012408726375050059,0.08264462809917356,1.0,0.04310344827586207,0.9830508474576272
S0 원본,HGB,HGB,class_weight|feat=S0,28,21,0.04421581358277876,0.35575221238938054,0.0423728813559322,118,5,0.0,0.0,0.2,0.1697934757575944,0.05128205128205128,0.2,0.029411764705882353,0.288135593220339,0.0027241445790955787,0.08771929824561403,1.0,0.045871559633027525,0.923728813559322
S0 원본,HGB,HGB,class_weight|feat=S0,29,21,0.06805761555606059,0.5079646017699115,0.0423728813559322,118,5,0.0,0.0,0.4,0.04675752494855481,0.10909090909090909,0.6,0.06,0.423728813559322,0.0016213202431514578,0.06956521739130435,0.8,0.03636363636363636,0.9322033898305084
S0 원본,HGB,HGB,class_weight|feat=S0,30,21,0.07874299185755682,0.5964912280701754,0.04201680672268908,119,5,0.0,0.2,0.2,0.22930346456563291,0.09523809523809523,0.2,0.0625,0.13445378151260504,0.004398554441279004,0.08928571428571429,1.0,0.04672897196261682,0.8991596638655462
S0 원본,HGB,HGB,class_weight|feat=S0,31,21,0.05404423693897378,0.5008849557522124,0.0423728813559322,118,5,0.0,0.0,0.2,0.051684952959550896,0.10714285714285714,0.6,0.058823529411764705,0.4322033898305085,0.0027748765663796722,0.07142857142857142,0.8,0.037383177570093455,0.9067796610169492
S0 원본,HGB,HGB,class_weight|feat=S0,32,21,0.04540403008931336,0.39292035398230096,0.0423728813559322,118,5,0.0,0.0,0.2,0.025290576092851028,0.05063291139240506,0.4,0.02702702702702703,0.6271186440677966,0.010621015034779956,0.0625,0.6,0.03296703296703297,0.7711864406779662
S0 원본,HGB,HGB,class_weight|feat=S0,33,21,0.04479798311873823,0.4,0.0423728813559322,118,5,0.0,0.0,0.2,0.15928827485112465,0.04878048780487805,0.2,0.027777777777777776,0.3050847457627119,0.005980210007728354,0.09009009009009009,1.0,0.04716981132075472,0.8983050847457628
S0 원본,HGB,HGB,class_weight|feat=S0,34,21,0.07848272593066385,0.6566371681415929,0.0423728813559322,118,5,0.0,0.2,0.2,0.0014200332007286297,0.08130081300813008,1.0,0.0423728813559322,1.0,0.002641956525579319,0.0847457627118644,1.0,0.04424778761061947,0.9576271186440678
S0 원본,HGB,HGB,class_weight|feat=S0,35,21,0.08329097809698935,0.5228070175438597,0.04201680672268908,119,5,0.0,0.4,0.4,0.03710728182096309,0.05714285714285714,0.4,0.03076923076923077,0.5462184873949579,0.002080950559318059,0.08771929824561403,1.0,0.045871559633027525,0.9159663865546218
S0 원본,HGB,HGB,class_weight|feat=S0,36,21,0.050044917139870373,0.39823008849557523,0.0423728813559322,118,5,0.0,0.2,0.2,0.2240884588870726,0.07142857142857142,0.2,0.043478260869565216,0.19491525423728814,0.002691860457234691,0.09090909090909091,1.0,0.047619047619047616,0.8898305084745762
S0 원본,HGB,HGB,class_weight|feat=S0,37,21,0.052154389272899414,0.2991150442477876,0.0423728813559322,118,5,0.0,0.2,0.2,0.03364943081044878,0.05263157894736842,0.4,0.028169014084507043,0.6016949152542372,0.007140136466076267,0.056074766355140186,0.6,0.029411764705882353,0.864406779661017
S0 원본,HGB,HGB,class_weight|feat=S0,38,21,0.29971988795518206,0.7221238938053097,0.0423728813559322,118,5,0.4,0.4,0.6,0.8602722731861595,0.0,0.0,0.0,0.0,0.0024325472515400446,0.09009009009009009,1.0,0.04716981132075472,0.8983050847457628
S0 원본,HGB,HGB,class_weight|feat=S0,39,21,0.04936944896535689,0.4849557522123894,0.0423728813559322,118,5,0.0,0.0,0.0,0.10360824312041375,0.08888888888888889,0.4,0.05,0.3389830508474576,0.003525287739246547,0.09259259259259259,1.0,0.04854368932038835,0.8728813559322034
S0 원본,HGB,HGB,class_weight|feat=S0,40,21,0.1626305038069744,0.6456140350877193,0.04201680672268908,119,5,0.2,0.2,0.2,0.4196852107420827,0.125,0.2,0.09090909090909091,0.09243697478991597,0.0022670752406382063,0.06666666666666667,0.8,0.034782608695652174,0.9663865546218487
S0 원본,HGB,HGB,class_weight|feat=S0,41,21,0.03702239040274852,0.3486725663716814,0.0423728813559322,118,5,0.0,0.0,0.0,0.02309815199712606,0.06060606060606061,0.4,0.03278688524590164,0.5169491525423728,0.0031649034185438577,0.061224489795918366,0.6,0.03225806451612903,0.788135593220339
S0 원본,HGB,HGB,class_weight|feat=S0,42,21,0.03806756174012811,0.2761061946902655,0.0423728813559322,118,5,0.0,0.0,0.2,0.5427226466773679,0.0,0.0,0.0,0.00847457627118644,0.005980558021098014,0.05504587155963303,0.6,0.028846153846153848,0.8813559322033898
S0 원본,HGB,HGB,class_weight|feat=S0,43,21,0.07029595483727369,0.5628318584070796,0.0423728813559322,118,5,0.0,0.0,0.4,0.12111404065731522,0.09523809523809523,0.4,0.05405405405405406,0.3135593220338983,0.0025697157566247097,0.0847457627118644,1.0,0.04424778761061947,0.9576271186440678
S0 원본,HGB,HGB,class_weight|feat=S0,44,21,0.07289162112932605,0.5061946902654868,0.0423728813559322,118,5,0.0,0.2,0.4,0.017410864505847015,0.08,0.6,0.04285714285714286,0.5932203389830508,0.007688502301392987,0.08247422680412371,0.8,0.043478260869565216,0.7796610169491526
S0 원본,HGB,HGB,class_weight|feat=S0,45,21,0.051924027984189394,0.5350877192982456,0.04201680672268908,119,5,0.0,0.0,0.0,0.396203712343527,0.0,0.0,0.0,0.06722689075630252,0.00246877458162055,0.08196721311475409,1.0,0.042735042735042736,0.9831932773109243
S0 원본,HGB,HGB,class_weight|feat=S0,46,21,0.04669751301330249,0.4247787610619469,0.0423728813559322,118,5,0.0,0.0,0.2,0.029151383577919084,0.06521739130434782,0.6,0.034482758620689655,0.7372881355932204,0.0047157058829820665,0.06837606837606838,0.8,0.03571428571428571,0.9491525423728814
S0 원본,HGB,HGB,class_weight|feat=S0,47,21,0.0459830739349088,0.35575221238938054,0.0423728813559322,118,5,0.0,0.0,0.2,0.0010789508211941931,0.0847457627118644,1.0,0.04424778761061947,0.9576271186440678,0.0020664418472709323,0.05405405405405406,0.6,0.02830188679245283,0.8983050847457628
S0 원본,HGB,HGB,class_weight|feat=S0,48,21,0.04262327146537673,0.4247787610619469,0.0423728813559322,118,5,0.0,0.0,0.0,0.14497604034054032,0.05714285714285714,0.2,0.03333333333333333,0.2542372881355932,0.0054627840639015325,0.08421052631578947,0.8,0.044444444444444446,0.7627118644067796
S0 원본,HGB,HGB,class_weight|feat=S0,49,21,0.056752598752598755,0.4460176991150443,0.0423728813559322,118,5,0.0,0.2,0.2,0.5109260400253303,0.0,0.0,0.0,0.0423728813559322,0.004681162702873205,0.06,0.6,0.031578947368421054,0.8050847457627118
S1 정리,LogReg,LogReg,class_weight|feat=S1,0,22,0.0836619615566984,0.6666666666666667,0.04201680672268908,119,5,0.0,0.0,0.4,0.0012688185544318595,0.08130081300813008,1.0,0.0423728813559322,0.9915966386554622,0.022180091914004014,0.08130081300813008,1.0,0.0423728813559322,0.9915966386554622
S1 정리,LogReg,LogReg,class_weight|feat=S1,1,22,0.0340745937635026,0.2831858407079646,0.0423728813559322,118,5,0.0,0.0,0.0,0.72590456185783,0.0,0.0,0.0,0.1864406779661017,0.1442036536234623,0.06315789473684211,0.6,0.03333333333333333,0.7627118644067796
S1 정리,LogReg,LogReg,class_weight|feat=S1,2,22,0.03305090438613903,0.25486725663716814,0.0423728813559322,118,5,0.0,0.0,0.0,0.058205140744105335,0.06779661016949153,0.8,0.035398230088495575,0.9576271186440678,0.09474779237905132,0.07207207207207207,0.8,0.03773584905660377,0.8983050847457628
S1 정리,LogReg,LogReg,class_weight|feat=S1,3,22,0.041666640778208607,0.42300884955752216,0.0423728813559322,118,5,0.0,0.0,0.0,0.005561943898005313,0.08130081300813008,1.0,0.0423728813559322,1.0,0.03361512561666288,0.08130081300813008,1.0,0.0423728813559322,1.0
S1 정리,LogReg,LogReg,class_weight|feat=S1,4,22,0.05333822424655057,0.5150442477876107,0.0423728813559322,118,5,0.0,0.0,0.2,0.22824080134645705,0.08602150537634409,0.8,0.045454545454545456,0.7457627118644068,0.05634106903096076,0.0847457627118644,1.0,0.04424778761061947,0.9576271186440678
S1 정리,LogReg,LogReg,class_weight|feat=S1,5,22,0.06935222831879367,0.6157894736842106,0.04201680672268908,119,5,0.0,0.0,0.4,0.5684610893546481,0.1,0.4,0.05714285714285714,0.29411764705882354,0.08570186241288949,0.08264462809917356,1.0,0.04310344827586207,0.9747899159663865
S1 정리,LogReg,LogReg,class_weight|feat=S1,6,22,0.03182031303607688,0.23716814159292035,0.0423728813559322,118,5,0.0,0.0,0.0,0.28403679640170365,0.03389830508474576,0.2,0.018518518518518517,0.4576271186440678,0.28403679640170365,0.03389830508474576,0.2,0.018518518518518517,0.4576271186440678
S1 정리,LogReg,LogReg,class_weight|feat=S1,7,22,0.05441215732721395,0.5168141592920354,0.0423728813559322,118,5,0.0,0.0,0.2,0.2730276652086313,0.09195402298850575,0.8,0.04878048780487805,0.6949152542372882,0.12670672459038756,0.08849557522123894,1.0,0.046296296296296294,0.9152542372881356
S1 정리,LogReg,LogReg,class_weight|feat=S1,8,22,0.06763342188395931,0.6141592920353983,0.0423728813559322,118,5,0.0,0.0,0.2,0.002968366290316789,0.08130081300813008,1.0,0.0423728813559322,1.0,0.01626677196655012,0.08130081300813008,1.0,0.0423728813559322,1.0
S1 정리,LogReg,LogReg,class_weight|feat=S1,9,22,0.0646946142032442,0.5752212389380531,0.0423728813559322,118,5,0.0,0.0,0.2,0.009602218427183312,0.08196721311475409,1.0,0.042735042735042736,0.9915254237288136,0.043896182763000384,0.0847457627118644,1.0,0.04424778761061947,0.9576271186440678
S1 정리,LogReg,LogReg,class_weight|feat=S1,10,22,0.04385143691947285,0.456140350877193,0.04201680672268908,119,5,0.0,0.0,0.0,0.00384275556874405,0.08064516129032258,1.0,0.04201680672268908,1.0,0.0235645614852203,0.08064516129032258,1.0,0.04201680672268908,1.0
S1 정리,LogReg,LogReg,class_weight|feat=S1,11,22,0.04364879372048977,0.4424778761061947,0.0423728813559322,118,5,0.0,0.0,0.0,0.00275018444592611,0.08196721311475409,1.0,0.042735042735042736,0.9915254237288136,0.024756768250650197,0.08196721311475409,1.0,0.042735042735042736,0.9915254237288136
S1 정리,LogReg,LogReg,class_weight|feat=S1,12,22,0.05045667456845638,0.504424778761062,0.0423728813559322,118,5,0.0,0.0,0.0,0.6275301964778517,0.0,0.0,0.0,0.211864406779661,0.06508327678622941,0.08196721311475409,1.0,0.042735042735042736,0.9915254237288136
S1 정리,LogReg,LogReg,class_weight|feat=S1,13,22,0.03376286219563867,0.24955752212389382,0.0423728813559322,118,5,0.0,0.0,0.0,0.20634045031986145,0.04878048780487805,0.4,0.025974025974025976,0.652542372881356,0.11054794843418486,0.043478260869565216,0.4,0.022988505747126436,0.7372881355932204
S1 정리,LogReg,LogReg,class_weight|feat=S1,14,22,0.045573317707566036,0.41769911504424784,0.0423728813559322,118,5,0.0,0.0,0.2,0.8789251152979813,0.0,0.0,0.0,0.025423728813559324,0.026646135463136104,0.08333333333333333,1.0,0.043478260869565216,0.9745762711864406
S1 정리,LogReg,LogReg,class_weight|feat=S1,15,22,0.04436346351702157,0.456140350877193,0.04201680672268908,119,5,0.0,0.0,0.0,0.05715787784860977,0.08771929824561403,1.0,0.045871559633027525,0.9159663865546218,0.08619998685906131,0.09174311926605505,1.0,0.04807692307692308,0.8739495798319328
S1 정리,LogReg,LogReg,class_weight|feat=S1,16,22,0.054817908346134155,0.504424778761062,0.0423728813559322,118,5,0.0,0.0,0.2,0.0018571396980803442,0.08130081300813008,1.0,0.0423728813559322,1.0,0.013968523099275296,0.08130081300813008,1.0,0.0423728813559322,1.0
S1 정리,LogReg,LogReg,class_weight|feat=S1,17,22,0.031559349879716016,0.23716814159292038,0.0423728813559322,118,5,0.0,0.0,0.0,0.8216146281361808,0.0,0.0,0.0,0.06779661016949153,0.06929795839266424,0.05084745762711865,0.6,0.02654867256637168,0.9576271186440678
S1 정리,LogReg,LogReg,class_weight|feat=S1,18,22,0.09071101854120722,0.6035398230088496,0.0423728813559322,118,5,0.0,0.2,0.6,0.0028990304594872568,0.08130081300813008,1.0,0.0423728813559322,1.0,0.043983678713022833,0.08130081300813008,1.0,0.0423728813559322,1.0
S1 정리,LogReg,LogReg,class_weight|feat=S1,19,22,0.05992315059571697,0.552212389380531,0.0423728813559322,118,5,0.0,0.0,0.0,0.0027811170162437004,0.08196721311475409,1.0,0.042735042735042736,0.9915254237288136,0.03943543070909074,0.08264462809917356,1.0,0.04310344827586207,0.9830508474576272
S1 정리,LogReg,LogReg,class_weight|feat=S1,20,22,0.04555984475201121,0.4596491228070176,0.04201680672268908,119,5,0.0,0.0,0.0,0.29899342563255626,0.10126582278481013,0.8,0.05405405405405406,0.6218487394957983,0.05684724417954118,0.08196721311475409,1.0,0.042735042735042736,0.9831932773109243
S1 정리,LogReg,LogReg,class_weight|feat=S1,21,22,0.06515216906434705,0.5929203539823009,0.0423728813559322,118,5,0.0,0.0,0.2,0.008878223043591798,0.08196721311475409,1.0,0.042735042735042736,0.9915254237288136,0.04506545959640403,0.08196721311475409,1.0,0.042735042735042736,0.9915254237288136
S1 정리,LogReg,LogReg,class_weight|feat=S1,22,22,0.057141061552826264,0.48141592920353976,0.0423728813559322,118,5,0.0,0.0,0.4,0.004183605829634166,0.08196721311475409,1.0,0.042735042735042736,0.9915254237288136,0.06325132243414842,0.08264462809917356,1.0,0.04310344827586207,0.9830508474576272
S1 정리,LogReg,LogReg,class_weight|feat=S1,23,22,0.06272559171685126,0.504424778761062,0.0423728813559322,118,5,0.0,0.2,0.2,0.8854122692387504,0.0,0.0,0.0,0.05084745762711865,0.06981393927470474,0.07079646017699115,0.8,0.037037037037037035,0.9152542372881356
S1 정리,LogReg,LogReg,class_weight|feat=S1,24,22,0.049285955580832125,0.4796460176991151,0.0423728813559322,118,5,0.0,0.0,0.2,0.0372378795500015,0.08264462809917356,1.0,0.04310344827586207,0.9830508474576272,0.043956389837796456,0.08333333333333333,1.0,0.043478260869565216,0.9745762711864406
S1 정리,LogReg,LogReg,class_weight|feat=S1,25,22,0.06275521127437503,0.4543859649122807,0.04201680672268908,119,5,0.0,0.2,0.2,0.4809810699038329,0.08163265306122448,0.4,0.045454545454545456,0.3697478991596639,0.09218774325366595,0.05714285714285714,0.6,0.03,0.8403361344537815
S1 정리,LogReg,LogReg,class_weight|feat=S1,26,22,0.05415311051957015,0.5486725663716814,0.0423728813559322,118,5,0.0,0.0,0.2,0.00520252469780591,0.08130081300813008,1.0,0.0423728813559322,1.0,0.03287451191821758,0.08196721311475409,1.0,0.042735042735042736,0.9915254237288136
S1 정리,LogReg,LogReg,class_weight|feat=S1,27,22,0.05421946169772257,0.4920353982300885,0.0423728813559322,118,5,0.0,0.0,0.2,0.04743559329254454,0.08403361344537816,1.0,0.043859649122807015,0.9661016949152542,0.06759404729119639,0.08403361344537816,1.0,0.043859649122807015,0.9661016949152542
S1 정리,LogReg,LogReg,class_weight|feat=S1,28,22,0.06972129319955407,0.36460176991150445,0.0423728813559322,118,5,0.2,0.2,0.2,0.000390218629279012,0.08130081300813008,1.0,0.0423728813559322,1.0,0.03213234593670877,0.08130081300813008,1.0,0.0423728813559322,1.0
S1 정리,LogReg,LogReg,class_weight|feat=S1,29,22,0.03806028656592346,0.35398230088495575,0.0423728813559322,118,5,0.0,0.0,0.0,0.0025453191376035708,0.08130081300813008,1.0,0.0423728813559322,1.0,0.016345962470125625,0.08264462809917356,1.0,0.04310344827586207,0.9830508474576272
S1 정리,LogReg,LogReg,class_weight|feat=S1,30,22,0.04281870545116971,0.4087719298245614,0.04201680672268908,119,5,0.0,0.0,0.0,0.007836162875950275,0.08064516129032258,1.0,0.04201680672268908,1.0,0.05445901822507914,0.06956521739130435,0.8,0.03636363636363636,0.9243697478991597
S1 정리,LogReg,LogReg,class_weight|feat=S1,31,22,0.0337256915661171,0.2831858407079646,0.0423728813559322,118,5,0.0,0.0,0.0,0.004978959463869499,0.08196721311475409,1.0,0.042735042735042736,0.9915254237288136,0.03658711684463874,0.08196721311475409,1.0,0.042735042735042736,0.9915254237288136
S1 정리,LogReg,LogReg,class_weight|feat=S1,32,22,0.038570955087290165,0.36991150442477877,0.0423728813559322,118,5,0.0,0.0,0.0,0.004353203227122806,0.08130081300813008,1.0,0.0423728813559322,1.0,0.028881327593522778,0.08196721311475409,1.0,0.042735042735042736,0.9915254237288136
S1 정리,LogReg,LogReg,class_weight|feat=S1,33,22,0.04252943054507459,0.35929203539823007,0.0423728813559322,118,5,0.0,0.0,0.2,0.005303959404334165,0.08130081300813008,1.0,0.0423728813559322,1.0,0.05762431425946244,0.06896551724137931,0.8,0.036036036036036036,0.940677966101695
S1 정리,LogReg,LogReg,class_weight|feat=S1,34,22,0.05842527978933509,0.5238938053097345,0.0423728813559322,118,5,0.0,0.0,0.2,0.15197432997034732,0.09433962264150944,1.0,0.04950495049504951,0.8559322033898306,0.09486335292045117,0.08771929824561403,1.0,0.045871559633027525,0.923728813559322
S1 정리,LogReg,LogReg,class_weight|feat=S1,35,22,0.039979180478406484,0.3175438596491228,0.04201680672268908,119,5,0.0,0.0,0.2,0.06628002939390595,0.08403361344537816,1.0,0.043859649122807015,0.957983193277311,0.0699469636107026,0.08403361344537816,1.0,0.043859649122807015,0.957983193277311
S1 정리,LogReg,LogReg,class_weight|feat=S1,36,22,0.047057704200561344,0.4831858407079646,0.0423728813559322,118,5,0.0,0.0,0.0,0.002999635991804249,0.08196721311475409,1.0,0.042735042735042736,0.9915254237288136,0.07722661221313644,0.08333333333333333,1.0,0.043478260869565216,0.9745762711864406
S1 정리,LogReg,LogReg,class_weight|feat=S1,37,22,0.04885676672354955,0.4902654867256637,0.0423728813559322,118,5,0.0,0.0,0.0,0.13603279307223928,0.0761904761904762,0.8,0.04,0.847457627118644,0.0533526639096353,0.0847457627118644,1.0,0.04424778761061947,0.9576271186440678
S1 정리,LogReg,LogReg,class_weight|feat=S1,38,22,0.034997556242127276,0.304424778761062,0.0423728813559322,118,5,0.0,0.0,0.0,0.07845025422136515,0.041666666666666664,0.4,0.02197802197802198,0.7711864406779662,0.05873510044084783,0.06,0.6,0.031578947368421054,0.8050847457627118
S1 정리,LogReg,LogReg,class_weight|feat=S1,39,22,0.048801917525620186,0.49557522123893805,0.0423728813559322,118,5,0.0,0.0,0.2,0.33857913973995873,0.0821917808219178,0.6,0.04411764705882353,0.576271186440678,0.0357015505354924,0.08130081300813008,1.0,0.0423728813559322,1.0
S1 정리,LogReg,LogReg,class_weight|feat=S1,40,22,0.06762177762177762,0.6578947368421053,0.04201680672268908,119,5,0.0,0.0,0.2,0.00824936309685741,0.08064516129032258,1.0,0.04201680672268908,1.0,0.08374127181381788,0.08196721311475409,1.0,0.042735042735042736,0.9831932773109243
S1 정리,LogReg,LogReg,class_weight|feat=S1,41,22,0.03722530965093894,0.35398230088495575,0.0423728813559322,118,5,0.0,0.0,0.0,0.9861972500482025,0.0,0.0,0.0,0.0,0.07622199378190458,0.07407407407407407,0.8,0.038834951456310676,0.8728813559322034
S1 정리,LogReg,LogReg,class_weight|feat=S1,42,22,0.039474902192750336,0.3858407079646018,0.0423728813559322,118,5,0.0,0.0,0.0,0.3995254774979506,0.034482758620689655,0.2,0.018867924528301886,0.4491525423728814,0.14043176951388112,0.07692307692307693,0.8,0.04040404040404041,0.8389830508474576
S1 정리,LogReg,LogReg,class_weight|feat=S1,43,22,0.03636964484790572,0.3327433628318584,0.0423728813559322,118,5,0.0,0.0,0.0,0.656846908081808,0.0,0.0,0.0,0.13559322033898305,0.04314345621149389,0.06611570247933884,0.8,0.034482758620689655,0.9830508474576272
S1 정리,LogReg,LogReg,class_weight|feat=S1,44,22,0.042115839162568135,0.41238938053097346,0.0423728813559322,118,5,0.0,0.0,0.0,0.8858338590397633,0.0,0.0,0.0,0.00847457627118644,0.03891719117681155,0.0847457627118644,1.0,0.04424778761061947,0.9576271186440678
S1 정리,LogReg,LogReg,class_weight|feat=S1,45,22,0.03526448918893669,0.3140350877192982,0.04201680672268908,119,5,0.0,0.0,0.0,0.002926573611353073,0.08130081300813008,1.0,0.0423728813559322,0.9915966386554622,0.04362151968524515,0.08547008547008547,1.0,0.044642857142857144,0.9411764705882353
S1 정리,LogReg,LogReg,class_weight|feat=S1,46,22,0.05426064412715093,0.552212389380531,0.0423728813559322,118,5,0.0,0.0,0.0,0.022877693155191996,0.08196721311475409,1.0,0.042735042735042736,0.9915254237288136,0.06880387832824873,0.08264462809917356,1.0,0.04310344827586207,0.9830508474576272
S1 정리,LogReg,LogReg,class_weight|feat=S1,47,22,0.03422961364075083,0.29557522123893804,0.0423728813559322,118,5,0.0,0.0,0.0,0.05188393497792814,0.07017543859649122,0.8,0.03669724770642202,0.923728813559322,0.05532743485785271,0.07017543859649122,0.8,0.03669724770642202,0.923728813559322
S1 정리,LogReg,LogReg,class_weight|feat=S1,48,22,0.06355146638165507,0.5734513274336284,0.0423728813559322,118,5,0.0,0.0,0.2,0.003954409824736265,0.08196721311475409,1.0,0.042735042735042736,0.9915254237288136,0.07038940338406394,0.08264462809917356,1.0,0.04310344827586207,0.9830508474576272
S1 정리,LogReg,LogReg,class_weight|feat=S1,49,22,0.03697565450532296,0.32035398230088497,0.0423728813559322,118,5,0.0,0.0,0.0,0.0475943036697739,0.05263157894736842,0.6,0.027522935779816515,0.923728813559322,0.1028889734845583,0.06,0.6,0.031578947368421054,0.8050847457627118
S1 정리,RF,RF,class_weight|feat=S1,0,22,0.061841269841269836,0.6008771929824562,0.04201680672268908,119,5,0.0,0.0,0.2,0.01,0.08130081300813008,1.0,0.0423728813559322,0.9915966386554622,0.02666666666666667,0.08771929824561403,1.0,0.045871559633027525,0.9159663865546218
S1 정리,RF,RF,class_weight|feat=S1,1,22,0.03477047739173642,0.15575221238938053,0.0423728813559322,118,5,0.0,0.0,0.0,0.12333333333333334,0.0,0.0,0.0,0.2966101694915254,0.06,0.0,0.0,0.0,0.559322033898305
S1 정리,RF,RF,class_weight|feat=S1,2,22,0.03588846420992875,0.3247787610619469,0.0423728813559322,118,5,0.0,0.0,0.0,0.08333333333333333,0.0,0.0,0.0,0.4491525423728814,0.03,0.1,1.0,0.05263157894736842,0.8050847457627118
S1 정리,RF,RF,class_weight|feat=S1,3,22,0.05682748873640882,0.4221238938053098,0.0423728813559322,118,5,0.0,0.2,0.2,0.016666666666666666,0.08403361344537816,1.0,0.043859649122807015,0.9661016949152542,0.023333333333333334,0.08771929824561403,1.0,0.045871559633027525,0.923728813559322
S1 정리,RF,RF,class_weight|feat=S1,4,22,0.03939267488481234,0.4,0.0423728813559322,118,5,0.0,0.0,0.0,0.21333333333333335,0.0,0.0,0.0,0.1016949152542373,0.06666666666666667,0.06557377049180328,0.4,0.03571428571428571,0.4745762711864407
S1 정리,RF,RF,class_weight|feat=S1,5,22,0.23688564346486235,0.3850877192982456,0.04201680672268908,119,5,0.2,0.2,0.2,0.20333333333333334,0.0,0.0,0.0,0.0,0.04666666666666667,0.04597701149425287,0.4,0.024390243902439025,0.6890756302521008
S1 정리,RF,RF,class_weight|feat=S1,6,22,0.03802623764105789,0.3707964601769911,0.0423728813559322,118,5,0.0,0.0,0.0,0.07333333333333333,0.058823529411764705,0.4,0.031746031746031744,0.5338983050847458,0.04666666666666667,0.0449438202247191,0.4,0.023809523809523808,0.711864406779661
S1 정리,RF,RF,class_weight|feat=S1,7,22,0.04233045726651865,0.4451327433628319,0.0423728813559322,118,5,0.0,0.0,0.0,0.06666666666666667,0.0963855421686747,0.8,0.05128205128205128,0.6610169491525424,0.03666666666666667,0.09345794392523364,1.0,0.049019607843137254,0.864406779661017
S1 정리,RF,RF,class_weight|feat=S1,8,22,0.0800066344893931,0.6707964601769911,0.0423728813559322,118,5,0.0,0.2,0.2,0.03666666666666667,0.10869565217391304,1.0,0.05747126436781609,0.7372881355932204,0.03666666666666667,0.10869565217391304,1.0,0.05747126436781609,0.7372881355932204
S1 정리,RF,RF,class_weight|feat=S1,9,22,0.04990399032402677,0.4672566371681416,0.0423728813559322,118,5,0.0,0.0,0.0,0.21333333333333335,0.0,0.0,0.0,0.1016949152542373,0.043333333333333335,0.06382978723404255,0.6,0.033707865168539325,0.7542372881355932
S1 정리,RF,RF,class_weight|feat=S1,10,22,0.03556914265457975,0.2789473684210526,0.04201680672268908,119,5,0.0,0.0,0.0,0.03,0.09523809523809523,1.0,0.05,0.8403361344537815,0.03,0.09523809523809523,1.0,0.05,0.8403361344537815
S1 정리,RF,RF,class_weight|feat=S1,11,22,0.09271035652892193,0.584070796460177,0.0423728813559322,118,5,0.2,0.2,0.4,0.06333333333333334,0.07692307692307693,0.6,0.0410958904109589,0.6186440677966102,0.02,0.08695652173913043,1.0,0.045454545454545456,0.9322033898305084
S1 정리,RF,RF,class_weight|feat=S1,12,22,0.04266245639301246,0.42743362831858406,0.0423728813559322,118,5,0.0,0.0,0.0,0.02666666666666667,0.07017543859649122,0.8,0.03669724770642202,0.923728813559322,0.03333333333333333,0.07476635514018691,0.8,0.0392156862745098,0.864406779661017
S1 정리,RF,RF,class_weight|feat=S1,13,22,0.039968546878857904,0.39557522123893807,0.0423728813559322,118,5,0.0,0.0,0.0,0.02,0.07476635514018691,0.8,0.0392156862745098,0.864406779661017,0.03333333333333333,0.06315789473684211,0.6,0.03333333333333333,0.7627118644067796
S1 정리,RF,RF,class_weight|feat=S1,14,22,0.05039091053551566,0.5283185840707965,0.0423728813559322,118,5,0.0,0.0,0.0,0.2633333333333333,0.0,0.0,0.0,0.03389830508474576,0.023333333333333334,0.09090909090909091,1.0,0.047619047619047616,0.8898305084745762
S1 정리,RF,RF,class_weight|feat=S1,15,22,0.04474377474377474,0.40175438596491236,0.04201680672268908,119,5,0.0,0.0,0.2,0.11,0.045454545454545456,0.2,0.02564102564102564,0.3277310924369748,0.02,0.08849557522123894,1.0,0.046296296296296294,0.907563025210084
S1 정리,RF,RF,class_weight|feat=S1,16,22,0.03732672063415682,0.284070796460177,0.0423728813559322,118,5,0.0,0.0,0.0,0.11333333333333333,0.045454545454545456,0.2,0.02564102564102564,0.3305084745762712,0.02666666666666667,0.08928571428571429,1.0,0.04672897196261682,0.9067796610169492
S1 정리,RF,RF,class_weight|feat=S1,17,22,0.04476408133976128,0.3946902654867257,0.0423728813559322,118,5,0.0,0.0,0.2,0.043333333333333335,0.08163265306122448,0.8,0.043010752688172046,0.788135593220339,0.05333333333333334,0.06818181818181818,0.6,0.03614457831325301,0.7033898305084746
S1 정리,RF,RF,class_weight|feat=S1,18,22,0.04334125621319726,0.4575221238938053,0.0423728813559322,118,5,0.0,0.0,0.0,0.21666666666666667,0.0,0.0,0.0,0.1271186440677966,0.023333333333333334,0.08771929824561403,1.0,0.045871559633027525,0.923728813559322
S1 정리,RF,RF,class_weight|feat=S1,19,22,0.1473197621510915,0.6026548672566372,0.0423728813559322,118,5,0.2,0.2,0.2,0.02666666666666667,0.09259259259259259,1.0,0.04854368932038835,0.8728813559322034,0.03,0.09433962264150944,1.0,0.04950495049504951,0.8559322033898306
S1 정리,RF,RF,class_weight|feat=S1,20,22,0.0589770200148258,0.5087719298245614,0.04201680672268908,119,5,0.0,0.2,0.2,0.023333333333333334,0.09009009009009009,1.0,0.04716981132075472,0.8907563025210085,0.03,0.09523809523809523,1.0,0.05,0.8403361344537815
S1 정리,RF,RF,class_weight|feat=S1,21,22,0.09019775801300403,0.6345132743362831,0.0423728813559322,118,5,0.2,0.2,0.2,0.16666666666666666,0.09090909090909091,0.2,0.058823529411764705,0.1440677966101695,0.016666666666666666,0.09009009009009009,1.0,0.04716981132075472,0.8983050847457628
S1 정리,RF,RF,class_weight|feat=S1,22,22,0.038771235830059356,0.3902654867256637,0.0423728813559322,118,5,0.0,0.0,0.0,0.26666666666666666,0.0,0.0,0.0,0.03389830508474576,0.02666666666666667,0.0761904761904762,0.8,0.04,0.847457627118644
S1 정리,RF,RF,class_weight|feat=S1,23,22,0.03740265098188596,0.3584070796460177,0.0423728813559322,118,5,0.0,0.0,0.0,0.03333333333333333,0.08080808080808081,0.8,0.0425531914893617,0.7966101694915254,0.043333333333333335,0.08602150537634409,0.8,0.045454545454545456,0.7457627118644068
S1 정리,RF,RF,class_weight|feat=S1,24,22,0.04802137730162759,0.4230088495575222,0.0423728813559322,118,5,0.0,0.0,0.2,0.1,0.08163265306122448,0.4,0.045454545454545456,0.3728813559322034,0.03,0.0761904761904762,0.8,0.04,0.847457627118644
S1 정리,RF,RF,class_weight|feat=S1,25,22,0.04597123626535391,0.46842105263157896,0.04201680672268908,119,5,0.0,0.0,0.0,0.01,0.08196721311475409,1.0,0.042735042735042736,0.9831932773109243,0.02666666666666667,0.0761904761904762,0.8,0.04,0.8403361344537815
S1 정리,RF,RF,class_weight|feat=S1,26,22,0.054014515949999814,0.5150442477876105,0.0423728813559322,118,5,0.0,0.0,0.0,0.04,0.06382978723404255,0.6,0.033707865168539325,0.7542372881355932,0.043333333333333335,0.06666666666666667,0.6,0.03529411764705882,0.7203389830508474
S1 정리,RF,RF,class_weight|feat=S1,27,22,0.044594516594516596,0.436283185840708,0.0423728813559322,118,5,0.0,0.0,0.2,0.09333333333333334,0.06779661016949153,0.4,0.037037037037037035,0.4576271186440678,0.03333333333333333,0.08,0.8,0.042105263157894736,0.8050847457627118
S1 정리,RF,RF,class_weight|feat=S1,28,22,0.10064975199565993,0.39999999999999997,0.0423728813559322,118,5,0.2,0.2,0.2,0.03666666666666667,0.041666666666666664,0.4,0.02197802197802198,0.7711864406779662,0.04,0.0425531914893617,0.4,0.02247191011235955,0.7542372881355932
S1 정리,RF,RF,class_weight|feat=S1,29,22,0.04639396191140412,0.4345132743362831,0.0423728813559322,118,5,0.0,0.0,0.2,0.03333333333333333,0.0625,0.6,0.03296703296703297,0.7711864406779662,0.03333333333333333,0.0625,0.6,0.03296703296703297,0.7711864406779662
S1 정리,RF,RF,class_weight|feat=S1,30,22,0.0388025709855738,0.34122807017543866,0.04201680672268908,119,5,0.0,0.0,0.2,0.2,0.0,0.0,0.0,0.06722689075630252,0.03333333333333333,0.058823529411764705,0.6,0.030927835051546393,0.8151260504201681
S1 정리,RF,RF,class_weight|feat=S1,31,22,0.048507149722955195,0.504424778761062,0.0423728813559322,118,5,0.0,0.0,0.0,0.03333333333333333,0.07920792079207921,0.8,0.041666666666666664,0.8135593220338984,0.03333333333333333,0.07920792079207921,0.8,0.041666666666666664,0.8135593220338984
S1 정리,RF,RF,class_weight|feat=S1,32,22,0.05903528346122082,0.39469026548672564,0.0423728813559322,118,5,0.0,0.2,0.2,0.023333333333333334,0.07207207207207207,0.8,0.03773584905660377,0.8983050847457628,0.03,0.07692307692307693,0.8,0.04040404040404041,0.8389830508474576
S1 정리,RF,RF,class_weight|feat=S1,33,22,0.04032627195813167,0.39292035398230085,0.0423728813559322,118,5,0.0,0.0,0.0,0.26,0.0,0.0,0.0,0.03389830508474576,0.04,0.08421052631578947,0.8,0.044444444444444446,0.7627118644067796
S1 정리,RF,RF,class_weight|feat=S1,34,22,0.13328498685253976,0.6442477876106195,0.0423728813559322,118,5,0.2,0.2,0.6,0.03,0.09803921568627451,1.0,0.05154639175257732,0.8220338983050848,0.03,0.09803921568627451,1.0,0.05154639175257732,0.8220338983050848
S1 정리,RF,RF,class_weight|feat=S1,35,22,0.05546331432082395,0.5122807017543859,0.04201680672268908,119,5,0.0,0.0,0.2,0.0033333333333333335,0.08064516129032258,1.0,0.04201680672268908,1.0,0.016666666666666666,0.06896551724137931,0.8,0.036036036036036036,0.9327731092436975
S1 정리,RF,RF,class_weight|feat=S1,36,22,0.04917184265010352,0.4371681415929204,0.0423728813559322,118,5,0.0,0.0,0.2,0.21,0.08,0.2,0.05,0.1694915254237288,0.023333333333333334,0.09433962264150944,1.0,0.04950495049504951,0.8559322033898306
S1 정리,RF,RF,class_weight|feat=S1,37,22,0.04756766917293233,0.404424778761062,0.0423728813559322,118,5,0.0,0.0,0.2,0.016666666666666666,0.05263157894736842,0.6,0.027522935779816515,0.923728813559322,0.03,0.05825242718446602,0.6,0.030612244897959183,0.8305084745762712
S1 정리,RF,RF,class_weight|feat=S1,38,22,0.0501515296297905,0.4654867256637168,0.0423728813559322,118,5,0.0,0.0,0.2,0.21333333333333335,0.0,0.0,0.0,0.06779661016949153,0.02,0.07142857142857142,0.8,0.037383177570093455,0.9067796610169492
S1 정리,RF,RF,class_weight|feat=S1,39,22,0.05632819506961383,0.570796460176991,0.0423728813559322,118,5,0.0,0.0,0.2,0.06,0.08108108108108109,0.6,0.043478260869565216,0.5847457627118644,0.03333333333333333,0.10989010989010989,1.0,0.05813953488372093,0.7288135593220338
S1 정리,RF,RF,class_weight|feat=S1,40,22,0.08151515151515151,0.6087719298245614,0.04201680672268908,119,5,0.2,0.2,0.2,0.02666666666666667,0.08547008547008547,1.0,0.044642857142857144,0.9411764705882353,0.03,0.08695652173913043,1.0,0.045454545454545456,0.9243697478991597
S1 정리,RF,RF,class_weight|feat=S1,41,22,0.03163750752604926,0.1690265486725664,0.0423728813559322,118,5,0.0,0.0,0.0,0.03666666666666667,0.0,0.0,0.0,0.6694915254237288,0.043333333333333335,0.0,0.0,0.0,0.6101694915254238
S1 정리,RF,RF,class_weight|feat=S1,42,22,0.03310220510049594,0.27964601769911507,0.0423728813559322,118,5,0.0,0.0,0.0,0.24333333333333335,0.0,0.0,0.0,0.09322033898305085,0.07,0.0,0.0,0.0,0.4915254237288136
S1 정리,RF,RF,class_weight|feat=S1,43,22,0.05392785610961866,0.524778761061947,0.0423728813559322,118,5,0.0,0.0,0.2,0.08666666666666667,0.12,0.6,0.06666666666666667,0.3813559322033898,0.03666666666666667,0.09195402298850575,0.8,0.04878048780487805,0.6949152542372882
S1 정리,RF,RF,class_weight|feat=S1,44,22,0.04992992126277109,0.37168141592920356,0.0423728813559322,118,5,0.0,0.2,0.2,0.013333333333333334,0.08620689655172414,1.0,0.04504504504504504,0.940677966101695,0.03666666666666667,0.06382978723404255,0.6,0.033707865168539325,0.7542372881355932
S1 정리,RF,RF,class_weight|feat=S1,45,22,0.046339911421263105,0.4885964912280702,0.04201680672268908,119,5,0.0,0.0,0.0,0.02,0.08547008547008547,1.0,0.044642857142857144,0.9411764705882353,0.023333333333333334,0.08547008547008547,1.0,0.044642857142857144,0.9411764705882353
S1 정리,RF,RF,class_weight|feat=S1,46,22,0.06461564440287845,0.4893805309734514,0.0423728813559322,118,5,0.0,0.2,0.4,0.023333333333333334,0.08547008547008547,1.0,0.044642857142857144,0.9491525423728814,0.02666666666666667,0.08620689655172414,1.0,0.04504504504504504,0.940677966101695
S1 정리,RF,RF,class_weight|feat=S1,47,22,0.07011805511650016,0.45132743362831856,0.0423728813559322,118,5,0.2,0.2,0.2,0.013333333333333334,0.07017543859649122,0.8,0.03669724770642202,0.923728813559322,0.02666666666666667,0.05825242718446602,0.6,0.030612244897959183,0.8305084745762712
S1 정리,RF,RF,class_weight|feat=S1,48,22,0.051940993788819875,0.511504424778761,0.0423728813559322,118,5,0.0,0.0,0.0,0.03333333333333333,0.08695652173913043,0.8,0.04597701149425287,0.7372881355932204,0.043333333333333335,0.09523809523809523,0.8,0.05063291139240506,0.6694915254237288
S1 정리,RF,RF,class_weight|feat=S1,49,22,0.03291058240789105,0.215929203539823,0.0423728813559322,118,5,0.0,0.0,0.0,0.14666666666666667,0.0,0.0,0.0,0.1271186440677966,0.03333333333333333,0.041237113402061855,0.4,0.021739130434782608,0.7796610169491526
S1 정리,HGB,HGB,class_weight|feat=S1,0,22,0.12346826054365408,0.6614035087719299,0.04201680672268908,119,5,0.2,0.2,0.4,0.040708363111232264,0.12345679012345678,1.0,0.06578947368421052,0.6386554621848739,0.0017514321356319222,0.08196721311475409,1.0,0.042735042735042736,0.9831932773109243
S1 정리,HGB,HGB,class_weight|feat=S1,1,22,0.02918951050655438,0.16460176991150444,0.0423728813559322,118,5,0.0,0.0,0.0,0.15511945800971125,0.0,0.0,0.0,0.2796610169491525,0.009063710894046567,0.041666666666666664,0.4,0.02197802197802198,0.7711864406779662
S1 정리,HGB,HGB,class_weight|feat=S1,2,22,0.04368780997939511,0.4371681415929204,0.0423728813559322,118,5,0.0,0.0,0.2,0.0002582617542065017,0.08130081300813008,1.0,0.0423728813559322,1.0,0.0011747520891271857,0.08333333333333333,1.0,0.043478260869565216,0.9745762711864406
S1 정리,HGB,HGB,class_weight|feat=S1,3,22,0.07413094933859053,0.5203539823008849,0.0423728813559322,118,5,0.2,0.2,0.2,0.00014027493928312208,0.08130081300813008,1.0,0.0423728813559322,1.0,0.0007944432855912407,0.08130081300813008,1.0,0.0423728813559322,1.0
S1 정리,HGB,HGB,class_weight|feat=S1,4,22,0.038057402440251686,0.35752212389380533,0.0423728813559322,118,5,0.0,0.0,0.0,0.03384218265790093,0.0,0.0,0.0,0.5169491525423728,0.0038858417624883625,0.09174311926605505,1.0,0.04807692307692308,0.8813559322033898
S1 정리,HGB,HGB,class_weight|feat=S1,5,22,0.2362773636353641,0.48596491228070177,0.04201680672268908,119,5,0.2,0.2,0.2,0.11843769407315503,0.10526315789473684,0.2,0.07142857142857142,0.11764705882352941,0.006334458072413827,0.07766990291262135,0.8,0.04081632653061224,0.8235294117647058
S1 정리,HGB,HGB,class_weight|feat=S1,6,22,0.046093217127699884,0.4212389380530973,0.0423728813559322,118,5,0.0,0.0,0.2,0.025706567565236493,0.08,0.6,0.04285714285714286,0.5932203389830508,0.009413948426369577,0.061855670103092786,0.6,0.03260869565217391,0.7796610169491526
S1 정리,HGB,HGB,class_weight|feat=S1,7,22,0.041521745362268984,0.4247787610619469,0.0423728813559322,118,5,0.0,0.0,0.0,0.00400032083992059,0.08771929824561403,1.0,0.045871559633027525,0.923728813559322,0.004279823865230606,0.08849557522123894,1.0,0.046296296296296294,0.9152542372881356
S1 정리,HGB,HGB,class_weight|feat=S1,8,22,0.06709257127604558,0.6300884955752213,0.0423728813559322,118,5,0.0,0.0,0.2,0.00045988072018478986,0.08196721311475409,1.0,0.042735042735042736,0.9915254237288136,0.0011979810183268252,0.08403361344537816,1.0,0.043859649122807015,0.9661016949152542
S1 정리,HGB,HGB,class_weight|feat=S1,9,22,0.06519551007885144,0.5274336283185841,0.0423728813559322,118,5,0.0,0.0,0.4,0.03104503647474111,0.07692307692307693,0.6,0.0410958904109589,0.6186440677966102,0.005032819406654413,0.07476635514018691,0.8,0.0392156862745098,0.864406779661017
S1 정리,HGB,HGB,class_weight|feat=S1,10,22,0.03622727193367539,0.34035087719298246,0.04201680672268908,119,5,0.0,0.0,0.0,0.00019341637632296768,0.08064516129032258,1.0,0.04201680672268908,1.0,0.0024815298497738885,0.08196721311475409,1.0,0.042735042735042736,0.9831932773109243
S1 정리,HGB,HGB,class_weight|feat=S1,11,22,0.06920331568040525,0.47256637168141596,0.0423728813559322,118,5,0.2,0.2,0.2,0.009281751734676396,0.0851063829787234,0.8,0.0449438202247191,0.7542372881355932,0.009281751734676396,0.0851063829787234,0.8,0.0449438202247191,0.7542372881355932
S1 정리,HGB,HGB,class_weight|feat=S1,12,22,0.05599240065850557,0.5150442477876106,0.0423728813559322,118,5,0.0,0.0,0.2,0.0010671090277067875,0.08264462809917356,1.0,0.04310344827586207,0.9830508474576272,0.001236789568605446,0.08333333333333333,1.0,0.043478260869565216,0.9745762711864406
S1 정리,HGB,HGB,class_weight|feat=S1,13,22,0.030499373977634848,0.20707964601769913,0.0423728813559322,118,5,0.0,0.0,0.0,0.5896075339706155,0.0,0.0,0.0,0.01694915254237288,0.0035565292191393418,0.0380952380952381,0.4,0.02,0.847457627118644
S1 정리,HGB,HGB,class_weight|feat=S1,14,22,0.06029430220795222,0.552212389380531,0.0423728813559322,118,5,0.0,0.0,0.2,0.49235158779612787,0.0,0.0,0.0,0.03389830508474576,0.002049119913706565,0.06896551724137931,0.8,0.036036036036036036,0.940677966101695
S1 정리,HGB,HGB,class_weight|feat=S1,15,22,0.05127116015955001,0.5263157894736842,0.04201680672268908,119,5,0.0,0.0,0.2,0.238529732650536,0.0,0.0,0.0,0.15966386554621848,0.0011683088541184373,0.08264462809917356,1.0,0.04310344827586207,0.9747899159663865
S1 정리,HGB,HGB,class_weight|feat=S1,16,22,0.038386224296830376,0.3380530973451328,0.0423728813559322,118,5,0.0,0.0,0.0,0.19974585996283556,0.0,0.0,0.0,0.211864406779661,0.001736839305784358,0.06611570247933884,0.8,0.034482758620689655,0.9830508474576272
S1 정리,HGB,HGB,class_weight|feat=S1,17,22,0.04044702670351766,0.3752212389380531,0.0423728813559322,118,5,0.0,0.0,0.0,0.1412840600983936,0.0,0.0,0.0,0.211864406779661,0.011557335340545583,0.07317073170731707,0.6,0.03896103896103896,0.652542372881356
S1 정리,HGB,HGB,class_weight|feat=S1,18,22,0.03490354674565201,0.30796460176991153,0.0423728813559322,118,5,0.0,0.0,0.0,0.9191135967732185,0.0,0.0,0.0,0.0,0.0008739716413234972,0.08196721311475409,1.0,0.042735042735042736,0.9915254237288136
S1 정리,HGB,HGB,class_weight|feat=S1,19,22,0.17490922294843864,0.5929203539823009,0.0423728813559322,118,5,0.2,0.4,0.4,0.0006626271723563074,0.08196721311475409,1.0,0.042735042735042736,0.9915254237288136,0.0018260615474799881,0.0847457627118644,1.0,0.04424778761061947,0.9576271186440678
S1 정리,HGB,HGB,class_weight|feat=S1,20,22,0.053350845552680416,0.45964912280701753,0.04201680672268908,119,5,0.0,0.0,0.2,0.0002784289966397631,0.08064516129032258,1.0,0.04201680672268908,1.0,0.0008299181483888709,0.08196721311475409,1.0,0.042735042735042736,0.9831932773109243
S1 정리,HGB,HGB,class_weight|feat=S1,21,22,0.11296723289705746,0.5982300884955752,0.0423728813559322,118,5,0.2,0.2,0.2,0.1916711280764583,0.07142857142857142,0.2,0.043478260869565216,0.19491525423728814,0.0020422452135206042,0.08849557522123894,1.0,0.046296296296296294,0.9152542372881356
S1 정리,HGB,HGB,class_weight|feat=S1,22,22,0.03533867694082107,0.3185840707964602,0.0423728813559322,118,5,0.0,0.0,0.0,0.00014040735717907869,0.08130081300813008,1.0,0.0423728813559322,1.0,0.001542591885956721,0.08333333333333333,1.0,0.043478260869565216,0.9745762711864406
S1 정리,HGB,HGB,class_weight|feat=S1,23,22,0.049663340490926695,0.5115044247787611,0.0423728813559322,118,5,0.0,0.0,0.0,0.15657808900469355,0.05555555555555555,0.2,0.03225806451612903,0.2627118644067797,0.009574455870957304,0.10101010101010101,1.0,0.05319148936170213,0.7966101694915254
S1 정리,HGB,HGB,class_weight|feat=S1,24,22,0.04509336320956039,0.46017699115044247,0.0423728813559322,118,5,0.0,0.0,0.0,0.0005034349108972791,0.08130081300813008,1.0,0.0423728813559322,1.0,0.0015459787763811143,0.08333333333333333,1.0,0.043478260869565216,0.9745762711864406
S1 정리,HGB,HGB,class_weight|feat=S1,25,22,0.04806379092146032,0.431578947368421,0.04201680672268908,119,5,0.0,0.0,0.2,0.20603025698788036,0.09090909090909091,0.2,0.058823529411764705,0.14285714285714285,0.0030428679369146794,0.08403361344537816,1.0,0.043859649122807015,0.957983193277311
S1 정리,HGB,HGB,class_weight|feat=S1,26,22,0.07218919355563394,0.5911504424778762,0.0423728813559322,118,5,0.0,0.2,0.2,0.004162042957853156,0.08695652173913043,1.0,0.045454545454545456,0.9322033898305084,0.0057355463491751526,0.09009009009009009,1.0,0.04716981132075472,0.8983050847457628
S1 정리,HGB,HGB,class_weight|feat=S1,27,22,0.04525902038979516,0.4194690265486726,0.0423728813559322,118,5,0.0,0.0,0.2,0.17082492800011048,0.05714285714285714,0.2,0.03333333333333333,0.2542372881355932,0.002498227834217015,0.08620689655172414,1.0,0.04504504504504504,0.940677966101695
S1 정리,HGB,HGB,class_weight|feat=S1,28,22,0.039814732931899605,0.3327433628318584,0.0423728813559322,118,5,0.0,0.0,0.2,0.003950861154648504,0.05405405405405406,0.6,0.02830188679245283,0.8983050847457628,0.005558340174685373,0.05504587155963303,0.6,0.028846153846153848,0.8813559322033898
S1 정리,HGB,HGB,class_weight|feat=S1,29,22,0.05054873180412568,0.46902654867256643,0.0423728813559322,118,5,0.0,0.0,0.2,0.014690953824088124,0.07692307692307693,0.6,0.0410958904109589,0.6186440677966102,0.0015646757916935343,0.07017543859649122,0.8,0.03669724770642202,0.923728813559322
S1 정리,HGB,HGB,class_weight|feat=S1,30,22,0.05477481582744741,0.47017543859649125,0.04201680672268908,119,5,0.0,0.0,0.2,0.6168925294584724,0.0,0.0,0.0,0.0,0.003079794020752239,0.06956521739130435,0.8,0.03636363636363636,0.9243697478991597
S1 정리,HGB,HGB,class_weight|feat=S1,31,22,0.050743750836735727,0.4336283185840708,0.0423728813559322,118,5,0.0,0.2,0.2,0.004064766948372244,0.07766990291262135,0.8,0.04081632653061224,0.8305084745762712,0.0019953514931039997,0.07142857142857142,0.8,0.037383177570093455,0.9067796610169492
S1 정리,HGB,HGB,class_weight|feat=S1,32,22,0.03467884701232861,0.30088495575221236,0.0423728813559322,118,5,0.0,0.0,0.0,0.022527618704874963,0.047619047619047616,0.4,0.02531645569620253,0.6694915254237288,0.005428312349020738,0.06837606837606838,0.8,0.03571428571428571,0.9491525423728814
S1 정리,HGB,HGB,class_weight|feat=S1,33,22,0.035964610645461706,0.3292035398230089,0.0423728813559322,118,5,0.0,0.0,0.0,0.010272999869879632,0.08080808080808081,0.8,0.0425531914893617,0.7966101694915254,0.010272999869879632,0.08080808080808081,0.8,0.0425531914893617,0.7966101694915254
S1 정리,HGB,HGB,class_weight|feat=S1,34,22,0.08029401028704165,0.6867256637168142,0.0423728813559322,118,5,0.0,0.2,0.2,0.0011533402316888618,0.08333333333333333,1.0,0.043478260869565216,0.9745762711864406,0.0021336325101367543,0.08547008547008547,1.0,0.044642857142857144,0.9491525423728814
S1 정리,HGB,HGB,class_weight|feat=S1,35,22,0.19052128427128429,0.4877192982456141,0.04201680672268908,119,5,0.4,0.4,0.4,0.03674918875543932,0.056338028169014086,0.4,0.030303030303030304,0.5546218487394958,0.0032114721879741358,0.08849557522123894,1.0,0.046296296296296294,0.907563025210084
S1 정리,HGB,HGB,class_weight|feat=S1,36,22,0.047167891770800524,0.42300884955752216,0.0423728813559322,118,5,0.0,0.0,0.2,0.032241416760298035,0.056338028169014086,0.4,0.030303030303030304,0.559322033898305,0.0016600884033571859,0.08695652173913043,1.0,0.045454545454545456,0.9322033898305084
S1 정리,HGB,HGB,class_weight|feat=S1,37,22,0.05126806546173446,0.27610619469026554,0.0423728813559322,118,5,0.0,0.2,0.2,0.0009373269431978006,0.05042016806722689,0.6,0.02631578947368421,0.9661016949152542,0.0021250372490040953,0.05263157894736842,0.6,0.027522935779816515,0.923728813559322
S1 정리,HGB,HGB,class_weight|feat=S1,38,22,0.07636326338413625,0.6407079646017699,0.0423728813559322,118,5,0.0,0.2,0.4,0.8931941057296653,0.0,0.0,0.0,0.0,0.00240240161658131,0.08333333333333333,1.0,0.043478260869565216,0.9745762711864406
S1 정리,HGB,HGB,class_weight|feat=S1,39,22,0.05940099691487039,0.5663716814159292,0.0423728813559322,118,5,0.0,0.0,0.2,0.023061634455473694,0.08333333333333333,0.6,0.04477611940298507,0.5677966101694916,0.0026167451551998592,0.09090909090909091,1.0,0.047619047619047616,0.8898305084745762
S1 정리,HGB,HGB,class_weight|feat=S1,40,22,0.11303912619546501,0.6456140350877193,0.04201680672268908,119,5,0.2,0.2,0.4,0.15655856597586146,0.1,0.4,0.05714285714285714,0.29411764705882354,0.0024075112530482883,0.08620689655172414,1.0,0.04504504504504504,0.9327731092436975
S1 정리,HGB,HGB,class_weight|feat=S1,41,22,0.03684524035179235,0.3486725663716814,0.0423728813559322,118,5,0.0,0.0,0.0,0.010206652496940038,0.05063291139240506,0.4,0.02702702702702703,0.6271186440677966,0.0027884470563430365,0.057692307692307696,0.6,0.030303030303030304,0.8389830508474576
S1 정리,HGB,HGB,class_weight|feat=S1,42,22,0.030485992466726307,0.20353982300884954,0.0423728813559322,118,5,0.0,0.0,0.0,0.22988841428695886,0.0,0.0,0.0,0.17796610169491525,0.0022708594230374138,0.06837606837606838,0.8,0.03571428571428571,0.9491525423728814
S1 정리,HGB,HGB,class_weight|feat=S1,43,22,0.06772158229989556,0.552212389380531,0.0423728813559322,118,5,0.0,0.0,0.4,0.07291692723949374,0.08333333333333333,0.4,0.046511627906976744,0.3644067796610169,0.003164042863567388,0.08695652173913043,1.0,0.045454545454545456,0.9322033898305084
S1 정리,HGB,HGB,class_weight|feat=S1,44,22,0.08563881653643224,0.4778761061946903,0.0423728813559322,118,5,0.2,0.2,0.2,0.004271648484986532,0.08928571428571429,1.0,0.04672897196261682,0.9067796610169492,0.006368779379303923,0.09803921568627451,1.0,0.05154639175257732,0.8220338983050848
S1 정리,HGB,HGB,class_weight|feat=S1,45,22,0.05062101491160071,0.5087719298245614,0.04201680672268908,119,5,0.0,0.0,0.2,0.0026475187971434625,0.08196721311475409,1.0,0.042735042735042736,0.9831932773109243,0.0029139113869366107,0.08264462809917356,1.0,0.04310344827586207,0.9747899159663865
S1 정리,HGB,HGB,class_weight|feat=S1,46,22,0.05969355034730337,0.47433628318584076,0.0423728813559322,118,5,0.0,0.2,0.2,0.00011406354216428128,0.08130081300813008,1.0,0.0423728813559322,1.0,0.0016517604932975373,0.06557377049180328,0.8,0.03418803418803419,0.9915254237288136
S1 정리,HGB,HGB,class_weight|feat=S1,47,22,0.056248565338580095,0.38230088495575226,0.0423728813559322,118,5,0.0,0.2,0.2,0.0015151406595500113,0.07079646017699115,0.8,0.037037037037037035,0.9152542372881356,0.0037921239653993582,0.039603960396039604,0.4,0.020833333333333332,0.8135593220338984
S1 정리,HGB,HGB,class_weight|feat=S1,48,22,0.051373298651865254,0.5238938053097345,0.0423728813559322,118,5,0.0,0.0,0.0,0.009501835381407399,0.07142857142857142,0.6,0.0379746835443038,0.6694915254237288,0.009501835381407399,0.07142857142857142,0.6,0.0379746835443038,0.6694915254237288
S1 정리,HGB,HGB,class_weight|feat=S1,49,22,0.033829998663415996,0.2902654867256637,0.0423728813559322,118,5,0.0,0.0,0.0,0.07261706883982234,0.0,0.0,0.0,0.2966101694915254,0.0021446725318294644,0.06896551724137931,0.8,0.036036036036036036,0.940677966101695
S2 정리+공정 파생,LogReg,LogReg,class_weight|feat=S2,0,29,0.08307117718882424,0.612280701754386,0.04201680672268908,119,5,0.0,0.2,0.4,4.3020988716229255e-05,0.08130081300813008,1.0,0.0423728813559322,0.9915966386554622,0.0077275957045242205,0.08130081300813008,1.0,0.0423728813559322,0.9915966386554622
S2 정리+공정 파생,LogReg,LogReg,class_weight|feat=S2,1,29,0.0334137791272865,0.2761061946902655,0.0423728813559322,118,5,0.0,0.0,0.0,0.31413689730927297,0.030303030303030304,0.2,0.01639344262295082,0.5169491525423728,0.06886869774113308,0.0594059405940594,0.6,0.03125,0.8135593220338984
S2 정리+공정 파생,LogReg,LogReg,class_weight|feat=S2,2,29,0.032250259056172015,0.2530973451327434,0.0423728813559322,118,5,0.0,0.0,0.0,0.24960517612893213,0.025974025974025976,0.2,0.013888888888888888,0.6101694915254238,0.050095572070667845,0.07017543859649122,0.8,0.03669724770642202,0.923728813559322
S2 정리+공정 파생,LogReg,LogReg,class_weight|feat=S2,3,29,0.053116844293124965,0.5132743362831859,0.0423728813559322,118,5,0.0,0.0,0.2,0.001224456203390674,0.08130081300813008,1.0,0.0423728813559322,1.0,0.017424326168321284,0.08130081300813008,1.0,0.0423728813559322,1.0
S2 정리+공정 파생,LogReg,LogReg,class_weight|feat=S2,4,29,0.05875443315843902,0.5168141592920354,0.0423728813559322,118,5,0.0,0.2,0.2,0.8167798229661832,0.0,0.0,0.0,0.05084745762711865,0.06823513310393103,0.08620689655172414,1.0,0.04504504504504504,0.940677966101695
S2 정리+공정 파생,LogReg,LogReg,class_weight|feat=S2,5,29,0.06825593226370223,0.6228070175438597,0.04201680672268908,119,5,0.0,0.0,0.0,0.8885432396536891,0.0,0.0,0.0,0.03361344537815126,0.05938374051261501,0.08130081300813008,1.0,0.0423728813559322,0.9915966386554622
S2 정리+공정 파생,LogReg,LogReg,class_weight|feat=S2,6,29,0.03319482398207561,0.25663716814159293,0.0423728813559322,118,5,0.0,0.0,0.0,0.23642799602492195,0.031746031746031744,0.2,0.017241379310344827,0.4915254237288136,0.07817635855226457,0.043478260869565216,0.4,0.022988505747126436,0.7372881355932204
S2 정리+공정 파생,LogReg,LogReg,class_weight|feat=S2,7,29,0.04880976592204129,0.4920353982300885,0.0423728813559322,118,5,0.0,0.0,0.0,0.01856466274484952,0.08264462809917356,1.0,0.04310344827586207,0.9830508474576272,0.06015272906656185,0.0847457627118644,1.0,0.04424778761061947,0.9576271186440678
S2 정리+공정 파생,LogReg,LogReg,class_weight|feat=S2,8,29,0.06684543454345435,0.5893805309734513,0.0423728813559322,118,5,0.0,0.0,0.4,0.0005945793646856453,0.08130081300813008,1.0,0.0423728813559322,1.0,0.01706171130111457,0.08264462809917356,1.0,0.04310344827586207,0.9830508474576272
S2 정리+공정 파생,LogReg,LogReg,class_weight|feat=S2,9,29,0.09542600013357377,0.5557522123893806,0.0423728813559322,118,5,0.2,0.2,0.2,0.009469575444666983,0.08333333333333333,1.0,0.043478260869565216,0.9745762711864406,0.01445949016435718,0.0847457627118644,1.0,0.04424778761061947,0.9576271186440678
S2 정리+공정 파생,LogReg,LogReg,class_weight|feat=S2,10,29,0.03633080602388135,0.34385964912280703,0.04201680672268908,119,5,0.0,0.0,0.0,0.1301021358412738,0.0784313725490196,0.8,0.041237113402061855,0.8151260504201681,0.030414555056767295,0.08264462809917356,1.0,0.04310344827586207,0.9747899159663865
S2 정리+공정 파생,LogReg,LogReg,class_weight|feat=S2,11,29,0.050173604096146296,0.47433628318584076,0.0423728813559322,118,5,0.0,0.0,0.2,0.0012932060867702892,0.08196721311475409,1.0,0.042735042735042736,0.9915254237288136,0.02060932716987897,0.08333333333333333,1.0,0.043478260869565216,0.9745762711864406
S2 정리+공정 파생,LogReg,LogReg,class_weight|feat=S2,12,29,0.055397175099752755,0.5185840707964602,0.0423728813559322,118,5,0.0,0.0,0.2,0.7719875139734912,0.0,0.0,0.0,0.1016949152542373,0.037015956260767736,0.08130081300813008,1.0,0.0423728813559322,1.0
S2 정리+공정 파생,LogReg,LogReg,class_weight|feat=S2,13,29,0.03326769349929141,0.2530973451327434,0.0423728813559322,118,5,0.0,0.0,0.0,0.20650666404884702,0.029411764705882353,0.2,0.015873015873015872,0.5338983050847458,0.013108893490619826,0.05555555555555555,0.6,0.02912621359223301,0.8728813559322034
S2 정리+공정 파생,LogReg,LogReg,class_weight|feat=S2,14,29,0.04318366421581496,0.43539823008849554,0.0423728813559322,118,5,0.0,0.0,0.0,0.44760068099963507,0.08163265306122448,0.4,0.045454545454545456,0.3728813559322034,0.014261522418176456,0.08196721311475409,1.0,0.042735042735042736,0.9915254237288136
S2 정리+공정 파생,LogReg,LogReg,class_weight|feat=S2,15,29,0.04783079004612688,0.4964912280701754,0.04201680672268908,119,5,0.0,0.0,0.0,0.017808674688380436,0.08547008547008547,1.0,0.044642857142857144,0.9411764705882353,0.04568933376830337,0.08771929824561403,1.0,0.045871559633027525,0.9159663865546218
S2 정리+공정 파생,LogReg,LogReg,class_weight|feat=S2,16,29,0.062104072398190054,0.49557522123893805,0.0423728813559322,118,5,0.0,0.0,0.4,0.9073320771900428,0.0,0.0,0.0,0.0,0.008940610602641615,0.08130081300813008,1.0,0.0423728813559322,1.0
S2 정리+공정 파생,LogReg,LogReg,class_weight|feat=S2,17,29,0.035315332304029605,0.2991150442477876,0.0423728813559322,118,5,0.0,0.0,0.0,0.07869044371108451,0.05504587155963303,0.6,0.028846153846153848,0.8813559322033898,0.07869044371108451,0.05504587155963303,0.6,0.028846153846153848,0.8813559322033898
S2 정리+공정 파생,LogReg,LogReg,class_weight|feat=S2,18,29,0.06339219114219113,0.5486725663716814,0.0423728813559322,118,5,0.0,0.0,0.2,0.0005291148974996089,0.08130081300813008,1.0,0.0423728813559322,1.0,0.027946317569564907,0.08196721311475409,1.0,0.042735042735042736,0.9915254237288136
S2 정리+공정 파생,LogReg,LogReg,class_weight|feat=S2,19,29,0.0684595755122071,0.5504424778761062,0.0423728813559322,118,5,0.0,0.2,0.2,0.0017748326543354231,0.08196721311475409,1.0,0.042735042735042736,0.9915254237288136,0.037436843094290344,0.07079646017699115,0.8,0.037037037037037035,0.9152542372881356
S2 정리+공정 파생,LogReg,LogReg,class_weight|feat=S2,20,29,0.04569796914833212,0.4614035087719298,0.04201680672268908,119,5,0.0,0.0,0.2,0.927484689784832,0.0,0.0,0.0,0.008403361344537815,0.04374453491195362,0.08196721311475409,1.0,0.042735042735042736,0.9831932773109243
S2 정리+공정 파생,LogReg,LogReg,class_weight|feat=S2,21,29,0.0710847228513701,0.5575221238938053,0.0423728813559322,118,5,0.0,0.2,0.4,0.0013032406021029782,0.08196721311475409,1.0,0.042735042735042736,0.9915254237288136,0.029447622803906857,0.08547008547008547,1.0,0.044642857142857144,0.9491525423728814
S2 정리+공정 파생,LogReg,LogReg,class_weight|feat=S2,22,29,0.06687488673245795,0.536283185840708,0.0423728813559322,118,5,0.0,0.2,0.2,0.10952181842980147,0.09259259259259259,1.0,0.04854368932038835,0.8728813559322034,0.05151024233760672,0.08620689655172414,1.0,0.04504504504504504,0.940677966101695
S2 정리+공정 파생,LogReg,LogReg,class_weight|feat=S2,23,29,0.04877181826372827,0.47256637168141596,0.0423728813559322,118,5,0.0,0.0,0.2,0.8190779284036394,0.0,0.0,0.0,0.06779661016949153,0.029828740008767323,0.0847457627118644,1.0,0.04424778761061947,0.9576271186440678
S2 정리+공정 파생,LogReg,LogReg,class_weight|feat=S2,24,29,0.05204594797584498,0.5132743362831859,0.0423728813559322,118,5,0.0,0.0,0.2,0.002488323674199488,0.08196721311475409,1.0,0.042735042735042736,0.9915254237288136,0.023779351092948688,0.0847457627118644,1.0,0.04424778761061947,0.9576271186440678
S2 정리+공정 파생,LogReg,LogReg,class_weight|feat=S2,25,29,0.06568874100962302,0.4824561403508772,0.04201680672268908,119,5,0.0,0.2,0.2,0.20343010149653099,0.075,0.6,0.04,0.6302521008403361,0.04633121353957744,0.07272727272727272,0.8,0.0380952380952381,0.8823529411764706
S2 정리+공정 파생,LogReg,LogReg,class_weight|feat=S2,26,29,0.05764779207191918,0.5681415929203539,0.0423728813559322,118,5,0.0,0.0,0.2,0.0020703154898891857,0.08130081300813008,1.0,0.0423728813559322,1.0,0.03898044230691102,0.08264462809917356,1.0,0.04310344827586207,0.9830508474576272
S2 정리+공정 파생,LogReg,LogReg,class_weight|feat=S2,27,29,0.052781036218141036,0.5026548672566371,0.0423728813559322,118,5,0.0,0.0,0.2,0.005913128115376843,0.08264462809917356,1.0,0.04310344827586207,0.9830508474576272,0.036500270693635366,0.0847457627118644,1.0,0.04424778761061947,0.9576271186440678
S2 정리+공정 파생,LogReg,LogReg,class_weight|feat=S2,28,29,0.042211083263714845,0.36991150442477877,0.0423728813559322,118,5,0.0,0.0,0.2,0.07361147524522059,0.05357142857142857,0.6,0.028037383177570093,0.9067796610169492,0.018946481161949785,0.08264462809917356,1.0,0.04310344827586207,0.9830508474576272
S2 정리+공정 파생,LogReg,LogReg,class_weight|feat=S2,29,29,0.043223166645093555,0.41415929203539825,0.0423728813559322,118,5,0.0,0.0,0.2,0.0002597083679889063,0.08130081300813008,1.0,0.0423728813559322,1.0,0.014828744490908034,0.08264462809917356,1.0,0.04310344827586207,0.9830508474576272
S2 정리+공정 파생,LogReg,LogReg,class_weight|feat=S2,30,29,0.045157910083283216,0.44912280701754387,0.04201680672268908,119,5,0.0,0.0,0.0,0.40467059817490353,0.08,0.4,0.044444444444444446,0.37815126050420167,0.02665585853578252,0.06779661016949153,0.8,0.035398230088495575,0.9495798319327731
S2 정리+공정 파생,LogReg,LogReg,class_weight|feat=S2,31,29,0.039517320689743785,0.327433628318584,0.0423728813559322,118,5,0.0,0.0,0.2,0.24748471672754713,0.047619047619047616,0.4,0.02531645569620253,0.6694915254237288,0.017281187179565238,0.08333333333333333,1.0,0.043478260869565216,0.9745762711864406
S2 정리+공정 파생,LogReg,LogReg,class_weight|feat=S2,32,29,0.03554340263404767,0.3221238938053097,0.0423728813559322,118,5,0.0,0.0,0.0,0.0005086921165547574,0.08130081300813008,1.0,0.0423728813559322,1.0,0.017898179944899548,0.08403361344537816,1.0,0.043859649122807015,0.9661016949152542
S2 정리+공정 파생,LogReg,LogReg,class_weight|feat=S2,33,29,0.04348854027592345,0.36991150442477877,0.0423728813559322,118,5,0.0,0.0,0.2,0.9032870460608677,0.0,0.0,0.0,0.06779661016949153,0.03306937993373076,0.07079646017699115,0.8,0.037037037037037035,0.9152542372881356
S2 정리+공정 파생,LogReg,LogReg,class_weight|feat=S2,34,29,0.06736367746297195,0.5840707964601769,0.0423728813559322,118,5,0.0,0.0,0.4,0.020133437028566452,0.08196721311475409,1.0,0.042735042735042736,0.9915254237288136,0.07278038795531618,0.08771929824561403,1.0,0.045871559633027525,0.923728813559322
S2 정리+공정 파생,LogReg,LogReg,class_weight|feat=S2,35,29,0.047242331739640375,0.35789473684210527,0.04201680672268908,119,5,0.0,0.2,0.2,0.12025864469119983,0.04,0.4,0.021052631578947368,0.7983193277310925,0.01334255717960786,0.08196721311475409,1.0,0.042735042735042736,0.9831932773109243
S2 정리+공정 파생,LogReg,LogReg,class_weight|feat=S2,36,29,0.04742148411321343,0.46548672566371685,0.0423728813559322,118,5,0.0,0.0,0.2,0.6209212358425549,0.0625,0.2,0.037037037037037035,0.2288135593220339,0.023486412271783132,0.08264462809917356,1.0,0.04310344827586207,0.9830508474576272
S2 정리+공정 파생,LogReg,LogReg,class_weight|feat=S2,37,29,0.04676909608878865,0.45663716814159294,0.0423728813559322,118,5,0.0,0.0,0.2,0.019876917504965393,0.07272727272727272,0.8,0.0380952380952381,0.8898305084745762,0.03790696004546796,0.07547169811320754,0.8,0.039603960396039604,0.8559322033898306
S2 정리+공정 파생,LogReg,LogReg,class_weight|feat=S2,38,29,0.035004300697456234,0.3008849557522124,0.0423728813559322,118,5,0.0,0.0,0.0,0.020593099757751854,0.08547008547008547,1.0,0.044642857142857144,0.9491525423728814,0.02710629709823722,0.08695652173913043,1.0,0.045454545454545456,0.9322033898305084
S2 정리+공정 파생,LogReg,LogReg,class_weight|feat=S2,39,29,0.05063960985557564,0.5309734513274336,0.0423728813559322,118,5,0.0,0.0,0.0,0.23795190819450937,0.12048192771084337,1.0,0.0641025641025641,0.6610169491525424,0.07556437403929443,0.08620689655172414,1.0,0.04504504504504504,0.940677966101695
S2 정리+공정 파생,LogReg,LogReg,class_weight|feat=S2,40,29,0.07209421575295241,0.6666666666666666,0.04201680672268908,119,5,0.0,0.0,0.0,0.0027097903843454636,0.08064516129032258,1.0,0.04201680672268908,1.0,0.06746153651485902,0.08264462809917356,1.0,0.04310344827586207,0.9747899159663865
S2 정리+공정 파생,LogReg,LogReg,class_weight|feat=S2,41,29,0.035346660676849356,0.31504424778761064,0.0423728813559322,118,5,0.0,0.0,0.0,0.39040399362052,0.0,0.0,0.0,0.3474576271186441,0.016760729921007193,0.0847457627118644,1.0,0.04424778761061947,0.9576271186440678
S2 정리+공정 파생,LogReg,LogReg,class_weight|feat=S2,42,29,0.0348787747022655,0.30619469026548674,0.0423728813559322,118,5,0.0,0.0,0.0,0.20508335162341623,0.05194805194805195,0.4,0.027777777777777776,0.6101694915254238,0.11801282629153075,0.04597701149425287,0.4,0.024390243902439025,0.6949152542372882
S2 정리+공정 파생,LogReg,LogReg,class_weight|feat=S2,43,29,0.03795074490726665,0.35929203539823007,0.0423728813559322,118,5,0.0,0.0,0.0,0.9091830532641031,0.0,0.0,0.0,0.01694915254237288,0.02719102954612794,0.08196721311475409,1.0,0.042735042735042736,0.9915254237288136
S2 정리+공정 파생,LogReg,LogReg,class_weight|feat=S2,44,29,0.04755850082242444,0.42477876106194695,0.0423728813559322,118,5,0.0,0.0,0.0,0.6413965351651695,0.0,0.0,0.0,0.11016949152542373,0.029125100783434135,0.0847457627118644,1.0,0.04424778761061947,0.9576271186440678
S2 정리+공정 파생,LogReg,LogReg,class_weight|feat=S2,45,29,0.03652097870387036,0.34385964912280703,0.04201680672268908,119,5,0.0,0.0,0.0,0.0010111928234918094,0.08130081300813008,1.0,0.0423728813559322,0.9915966386554622,0.02287538665160379,0.08547008547008547,1.0,0.044642857142857144,0.9411764705882353
S2 정리+공정 파생,LogReg,LogReg,class_weight|feat=S2,46,29,0.05778099186293265,0.5150442477876107,0.0423728813559322,118,5,0.0,0.2,0.2,0.032756727997435155,0.08264462809917356,1.0,0.04310344827586207,0.9830508474576272,0.0890665181680766,0.0847457627118644,1.0,0.04424778761061947,0.9576271186440678
S2 정리+공정 파생,LogReg,LogReg,class_weight|feat=S2,47,29,0.037671337262105795,0.2920353982300885,0.0423728813559322,118,5,0.0,0.0,0.2,0.738604412989491,0.0,0.0,0.0,0.06779661016949153,0.040167852715642306,0.05555555555555555,0.6,0.02912621359223301,0.8728813559322034
S2 정리+공정 파생,LogReg,LogReg,class_weight|feat=S2,48,29,0.06038809144564246,0.5681415929203539,0.0423728813559322,118,5,0.0,0.0,0.2,0.0012087576250051678,0.08196721311475409,1.0,0.042735042735042736,0.9915254237288136,0.014024814769032404,0.08264462809917356,1.0,0.04310344827586207,0.9830508474576272
S2 정리+공정 파생,LogReg,LogReg,class_weight|feat=S2,49,29,0.03525690491467288,0.3097345132743363,0.0423728813559322,118,5,0.0,0.0,0.0,0.01343628155637416,0.06666666666666667,0.8,0.034782608695652174,0.9745762711864406,0.02082495961844846,0.06779661016949153,0.8,0.035398230088495575,0.9576271186440678
S2 정리+공정 파생,RF,RF,class_weight|feat=S2,0,29,0.04272022658249422,0.4131578947368421,0.04201680672268908,119,5,0.0,0.0,0.0,0.006666666666666667,0.08064516129032258,1.0,0.04201680672268908,1.0,0.016666666666666666,0.08620689655172414,1.0,0.04504504504504504,0.9327731092436975
S2 정리+공정 파생,RF,RF,class_weight|feat=S2,1,29,0.027360226808213126,0.10265486725663717,0.0423728813559322,118,5,0.0,0.0,0.0,0.06333333333333334,0.0,0.0,0.0,0.576271186440678,0.04,0.0,0.0,0.0,0.7033898305084746
S2 정리+공정 파생,RF,RF,class_weight|feat=S2,2,29,0.031679829547343163,0.19646017699115045,0.0423728813559322,118,5,0.0,0.0,0.0,0.006666666666666667,0.08130081300813008,1.0,0.0423728813559322,1.0,0.02666666666666667,0.056074766355140186,0.6,0.029411764705882353,0.864406779661017
S2 정리+공정 파생,RF,RF,class_weight|feat=S2,3,29,0.06127354740445047,0.5442477876106195,0.0423728813559322,118,5,0.0,0.0,0.4,0.0033333333333333335,0.08130081300813008,1.0,0.0423728813559322,1.0,0.023333333333333334,0.08849557522123894,1.0,0.046296296296296294,0.9152542372881356
S2 정리+공정 파생,RF,RF,class_weight|feat=S2,4,29,0.03751211254930291,0.37168141592920356,0.0423728813559322,118,5,0.0,0.0,0.0,0.07333333333333333,0.06060606060606061,0.4,0.03278688524590164,0.5169491525423728,0.04666666666666667,0.08695652173913043,0.8,0.04597701149425287,0.7372881355932204
S2 정리+공정 파생,RF,RF,class_weight|feat=S2,5,29,0.03867347647835452,0.3447368421052632,0.04201680672268908,119,5,0.0,0.0,0.0,0.38,0.0,0.0,0.0,0.0,0.03333333333333333,0.0761904761904762,0.8,0.04,0.8403361344537815
S2 정리+공정 파생,RF,RF,class_weight|feat=S2,6,29,0.03434737658309641,0.2672566371681416,0.0423728813559322,118,5,0.0,0.0,0.0,0.06,0.05128205128205128,0.4,0.0273972602739726,0.6186440677966102,0.02,0.056074766355140186,0.6,0.029411764705882353,0.864406779661017
S2 정리+공정 파생,RF,RF,class_weight|feat=S2,7,29,0.03366934913424477,0.28584070796460176,0.0423728813559322,118,5,0.0,0.0,0.0,0.04666666666666667,0.08,0.8,0.042105263157894736,0.8050847457627118,0.04666666666666667,0.08,0.8,0.042105263157894736,0.8050847457627118
S2 정리+공정 파생,RF,RF,class_weight|feat=S2,8,29,0.0594997457411645,0.5858407079646017,0.0423728813559322,118,5,0.0,0.0,0.2,0.006666666666666667,0.08264462809917356,1.0,0.04310344827586207,0.9830508474576272,0.02666666666666667,0.09090909090909091,1.0,0.047619047619047616,0.8898305084745762
S2 정리+공정 파생,RF,RF,class_weight|feat=S2,9,29,0.06825747152793701,0.531858407079646,0.0423728813559322,118,5,0.0,0.2,0.2,0.006666666666666667,0.08130081300813008,1.0,0.0423728813559322,1.0,0.023333333333333334,0.08695652173913043,1.0,0.045454545454545456,0.9322033898305084
S2 정리+공정 파생,RF,RF,class_weight|feat=S2,10,29,0.035663874518907915,0.28771929824561404,0.04201680672268908,119,5,0.0,0.0,0.0,0.0,0.08064516129032258,1.0,0.04201680672268908,1.0,0.03,0.07547169811320754,0.8,0.039603960396039604,0.8487394957983193
S2 정리+공정 파생,RF,RF,class_weight|feat=S2,11,29,0.24951982205111956,0.5185840707964602,0.0423728813559322,118,5,0.2,0.2,0.4,0.01,0.08130081300813008,1.0,0.0423728813559322,1.0,0.023333333333333334,0.08547008547008547,1.0,0.044642857142857144,0.9491525423728814
S2 정리+공정 파생,RF,RF,class_weight|feat=S2,12,29,0.04049171261209343,0.3920353982300885,0.0423728813559322,118,5,0.0,0.0,0.2,0.016666666666666666,0.08333333333333333,1.0,0.043478260869565216,0.9745762711864406,0.03333333333333333,0.07407407407407407,0.8,0.038834951456310676,0.8728813559322034
S2 정리+공정 파생,RF,RF,class_weight|feat=S2,13,29,0.03163863337134046,0.23716814159292035,0.0423728813559322,118,5,0.0,0.0,0.0,0.2966666666666667,0.0,0.0,0.0,0.05084745762711865,0.02666666666666667,0.042105263157894736,0.4,0.022222222222222223,0.7627118644067796
S2 정리+공정 파생,RF,RF,class_weight|feat=S2,14,29,0.03632773357949701,0.2778761061946903,0.0423728813559322,118,5,0.0,0.0,0.0,0.31666666666666665,0.0,0.0,0.0,0.01694915254237288,0.023333333333333334,0.09009009009009009,1.0,0.04716981132075472,0.8983050847457628
S2 정리+공정 파생,RF,RF,class_weight|feat=S2,15,29,0.2375962693928796,0.40438596491228074,0.04201680672268908,119,5,0.2,0.2,0.2,0.006666666666666667,0.08064516129032258,1.0,0.04201680672268908,1.0,0.023333333333333334,0.07017543859649122,0.8,0.03669724770642202,0.9159663865546218
S2 정리+공정 파생,RF,RF,class_weight|feat=S2,16,29,0.040995358308786777,0.33274336283185846,0.0423728813559322,118,5,0.0,0.0,0.2,0.01,0.08264462809917356,1.0,0.04310344827586207,0.9830508474576272,0.02666666666666667,0.07142857142857142,0.8,0.037383177570093455,0.9067796610169492
S2 정리+공정 파생,RF,RF,class_weight|feat=S2,17,29,0.044801265413750666,0.2938053097345133,0.0423728813559322,118,5,0.0,0.2,0.2,0.03333333333333333,0.041666666666666664,0.4,0.02197802197802198,0.7711864406779662,0.03666666666666667,0.043478260869565216,0.4,0.022988505747126436,0.7372881355932204
S2 정리+공정 파생,RF,RF,class_weight|feat=S2,18,29,0.032707914055162636,0.2628318584070797,0.0423728813559322,118,5,0.0,0.0,0.0,0.01,0.08264462809917356,1.0,0.04310344827586207,0.9830508474576272,0.016666666666666666,0.08264462809917356,1.0,0.04310344827586207,0.9830508474576272
S2 정리+공정 파생,RF,RF,class_weight|feat=S2,19,29,0.056649816711928515,0.5787610619469026,0.0423728813559322,118,5,0.0,0.0,0.2,0.36333333333333334,0.0,0.0,0.0,0.00847457627118644,0.013333333333333334,0.08547008547008547,1.0,0.044642857142857144,0.9491525423728814
S2 정리+공정 파생,RF,RF,class_weight|feat=S2,20,29,0.03378992990230918,0.29649122807017547,0.04201680672268908,119,5,0.0,0.0,0.0,0.023333333333333334,0.09009009009009009,1.0,0.04716981132075472,0.8907563025210085,0.02666666666666667,0.09090909090909091,1.0,0.047619047619047616,0.8823529411764706
S2 정리+공정 파생,RF,RF,class_weight|feat=S2,21,29,0.05844721879378087,0.43185840707964596,0.0423728813559322,118,5,0.0,0.2,0.2,0.013333333333333334,0.08403361344537816,1.0,0.043859649122807015,0.9661016949152542,0.02666666666666667,0.0761904761904762,0.8,0.04,0.847457627118644
S2 정리+공정 파생,RF,RF,class_weight|feat=S2,22,29,0.060280810748283196,0.44867256637168146,0.0423728813559322,118,5,0.0,0.2,0.2,0.01,0.08130081300813008,1.0,0.0423728813559322,1.0,0.023333333333333334,0.06722689075630252,0.8,0.03508771929824561,0.9661016949152542
S2 정리+공정 파생,RF,RF,class_weight|feat=S2,23,29,0.03859849479499705,0.3486725663716814,0.0423728813559322,118,5,0.0,0.0,0.2,0.0,0.08130081300813008,1.0,0.0423728813559322,1.0,0.013333333333333334,0.08547008547008547,1.0,0.044642857142857144,0.9491525423728814
S2 정리+공정 파생,RF,RF,class_weight|feat=S2,24,29,0.23289454338788923,0.3991150442477876,0.0423728813559322,118,5,0.2,0.2,0.2,0.013333333333333334,0.06666666666666667,0.8,0.034782608695652174,0.9745762711864406,0.03,0.05660377358490566,0.6,0.0297029702970297,0.8559322033898306
S2 정리+공정 파생,RF,RF,class_weight|feat=S2,25,29,0.037095395078588354,0.3201754385964912,0.04201680672268908,119,5,0.0,0.0,0.0,0.013333333333333334,0.08333333333333333,1.0,0.043478260869565216,0.9663865546218487,0.023333333333333334,0.07207207207207207,0.8,0.03773584905660377,0.8907563025210085
S2 정리+공정 파생,RF,RF,class_weight|feat=S2,26,29,0.04962920778239125,0.468141592920354,0.0423728813559322,118,5,0.0,0.0,0.2,0.02,0.06722689075630252,0.8,0.03508771929824561,0.9661016949152542,0.043333333333333335,0.07547169811320754,0.8,0.039603960396039604,0.8559322033898306
S2 정리+공정 파생,RF,RF,class_weight|feat=S2,27,29,0.05119614953684806,0.452212389380531,0.0423728813559322,118,5,0.0,0.2,0.2,0.0033333333333333335,0.08130081300813008,1.0,0.0423728813559322,1.0,0.03,0.08928571428571429,1.0,0.04672897196261682,0.9067796610169492
S2 정리+공정 파생,RF,RF,class_weight|feat=S2,28,29,0.23112206140113117,0.3787610619469027,0.0423728813559322,118,5,0.2,0.2,0.2,0.03,0.04,0.4,0.021052631578947368,0.8050847457627118,0.03333333333333333,0.04040404040404041,0.4,0.02127659574468085,0.7966101694915254
S2 정리+공정 파생,RF,RF,class_weight|feat=S2,29,29,0.0327248590652846,0.22300884955752212,0.0423728813559322,118,5,0.0,0.0,0.0,0.4033333333333333,0.0,0.0,0.0,0.0,0.016666666666666666,0.08547008547008547,1.0,0.044642857142857144,0.9491525423728814
S2 정리+공정 파생,RF,RF,class_weight|feat=S2,30,29,0.04161181707893817,0.41491228070175434,0.04201680672268908,119,5,0.0,0.0,0.0,0.0033333333333333335,0.08064516129032258,1.0,0.04201680672268908,1.0,0.02,0.08771929824561403,1.0,0.045871559633027525,0.9159663865546218
S2 정리+공정 파생,RF,RF,class_weight|feat=S2,31,29,0.03225175017442659,0.2610619469026549,0.0423728813559322,118,5,0.0,0.0,0.0,0.006666666666666667,0.08196721311475409,1.0,0.042735042735042736,0.9915254237288136,0.023333333333333334,0.07407407407407407,0.8,0.038834951456310676,0.8728813559322034
S2 정리+공정 파생,RF,RF,class_weight|feat=S2,32,29,0.07561923161463152,0.2646017699115044,0.0423728813559322,118,5,0.2,0.2,0.2,0.006666666666666667,0.08196721311475409,1.0,0.042735042735042736,0.9915254237288136,0.02,0.05172413793103448,0.6,0.02702702702702703,0.940677966101695
S2 정리+공정 파생,RF,RF,class_weight|feat=S2,33,29,0.03521944165014072,0.27256637168141595,0.0423728813559322,118,5,0.0,0.0,0.0,0.12,0.0,0.0,0.0,0.2966101694915254,0.02666666666666667,0.07272727272727272,0.8,0.0380952380952381,0.8898305084745762
S2 정리+공정 파생,RF,RF,class_weight|feat=S2,34,29,0.0503108976517746,0.431858407079646,0.0423728813559322,118,5,0.0,0.2,0.2,0.016666666666666666,0.08695652173913043,1.0,0.045454545454545456,0.9322033898305084,0.03,0.0594059405940594,0.6,0.03125,0.8135593220338984
S2 정리+공정 파생,RF,RF,class_weight|feat=S2,35,29,0.04145960115302409,0.42105263157894735,0.04201680672268908,119,5,0.0,0.0,0.0,0.3933333333333333,0.0,0.0,0.0,0.0,0.02,0.06837606837606838,0.8,0.03571428571428571,0.9411764705882353
S2 정리+공정 파생,RF,RF,class_weight|feat=S2,36,29,0.03823914431673052,0.37256637168141593,0.0423728813559322,118,5,0.0,0.0,0.0,0.18666666666666668,0.0,0.0,0.0,0.22033898305084745,0.013333333333333334,0.08403361344537816,1.0,0.043859649122807015,0.9661016949152542
S2 정리+공정 파생,RF,RF,class_weight|feat=S2,37,29,0.03784762716850918,0.3256637168141593,0.0423728813559322,118,5,0.0,0.0,0.2,0.5266666666666666,0.0,0.0,0.0,0.0,0.013333333333333334,0.06722689075630252,0.8,0.03508771929824561,0.9661016949152542
S2 정리+공정 파생,RF,RF,class_weight|feat=S2,38,29,0.22840623573581603,0.3008849557522124,0.0423728813559322,118,5,0.2,0.2,0.2,0.01,0.08333333333333333,1.0,0.043478260869565216,0.9745762711864406,0.02,0.05714285714285714,0.6,0.03,0.847457627118644
S2 정리+공정 파생,RF,RF,class_weight|feat=S2,39,29,0.047092630155510476,0.4601769911504425,0.0423728813559322,118,5,0.0,0.0,0.0,0.016666666666666666,0.08849557522123894,1.0,0.046296296296296294,0.9152542372881356,0.03,0.09900990099009901,1.0,0.052083333333333336,0.8135593220338984
S2 정리+공정 파생,RF,RF,class_weight|feat=S2,40,29,0.055266354513633535,0.5,0.04201680672268908,119,5,0.0,0.0,0.2,0.03,0.06837606837606838,0.8,0.03571428571428571,0.9411764705882353,0.03,0.06837606837606838,0.8,0.03571428571428571,0.9411764705882353
S2 정리+공정 파생,RF,RF,class_weight|feat=S2,41,29,0.029708231118534368,0.1327433628318584,0.0423728813559322,118,5,0.0,0.0,0.0,0.013333333333333334,0.05357142857142857,0.6,0.028037383177570093,0.9067796610169492,0.03666666666666667,0.022222222222222223,0.2,0.011764705882352941,0.7203389830508474
S2 정리+공정 파생,RF,RF,class_weight|feat=S2,42,29,0.031241984049842218,0.23628318584070795,0.0423728813559322,118,5,0.0,0.0,0.0,0.19666666666666666,0.0,0.0,0.0,0.11864406779661017,0.04666666666666667,0.022727272727272728,0.2,0.012048192771084338,0.7033898305084746
S2 정리+공정 파생,RF,RF,class_weight|feat=S2,43,29,0.04319530399474299,0.41327433628318583,0.0423728813559322,118,5,0.0,0.0,0.0,0.04,0.0851063829787234,0.8,0.0449438202247191,0.7542372881355932,0.043333333333333335,0.08602150537634409,0.8,0.045454545454545456,0.7457627118644068
S2 정리+공정 파생,RF,RF,class_weight|feat=S2,44,29,0.23361534487212607,0.4123893805309735,0.0423728813559322,118,5,0.2,0.2,0.2,0.006666666666666667,0.08196721311475409,1.0,0.042735042735042736,0.9915254237288136,0.03,0.05825242718446602,0.6,0.030612244897959183,0.8305084745762712
S2 정리+공정 파생,RF,RF,class_weight|feat=S2,45,29,0.037203869620183586,0.20614035087719298,0.04201680672268908,119,5,0.0,0.0,0.0,0.006666666666666667,0.08130081300813008,1.0,0.0423728813559322,0.9915966386554622,0.02666666666666667,0.05172413793103448,0.6,0.02702702702702703,0.9327731092436975
S2 정리+공정 파생,RF,RF,class_weight|feat=S2,46,29,0.047575853281369866,0.38849557522123895,0.0423728813559322,118,5,0.0,0.2,0.2,0.01,0.08196721311475409,1.0,0.042735042735042736,0.9915254237288136,0.03333333333333333,0.07142857142857142,0.8,0.037383177570093455,0.9067796610169492
S2 정리+공정 파생,RF,RF,class_weight|feat=S2,47,29,0.2321238966201416,0.4247787610619469,0.0423728813559322,118,5,0.2,0.2,0.2,0.02666666666666667,0.07766990291262135,0.8,0.04081632653061224,0.8305084745762712,0.03,0.08163265306122448,0.8,0.043010752688172046,0.788135593220339
S2 정리+공정 파생,RF,RF,class_weight|feat=S2,48,29,0.04621236894305161,0.47256637168141596,0.0423728813559322,118,5,0.0,0.0,0.0,0.02,0.07079646017699115,0.8,0.037037037037037035,0.9152542372881356,0.03,0.07920792079207921,0.8,0.041666666666666664,0.8135593220338984
S2 정리+공정 파생,RF,RF,class_weight|feat=S2,49,29,0.034046655099286685,0.13628318584070798,0.0423728813559322,118,5,0.0,0.0,0.0,0.2966666666666667,0.0,0.0,0.0,0.03389830508474576,0.04,0.0,0.0,0.0,0.652542372881356
S2 정리+공정 파생,HGB,HGB,class_weight|feat=S2,0,29,0.03914731409805301,0.3912280701754386,0.04201680672268908,119,5,0.0,0.0,0.0,0.00010594353214867753,0.08064516129032258,1.0,0.04201680672268908,1.0,0.0015959949914526835,0.0847457627118644,1.0,0.04424778761061947,0.9495798319327731
S2 정리+공정 파생,HGB,HGB,class_weight|feat=S2,1,29,0.02944665966211999,0.16283185840707964,0.0423728813559322,118,5,0.0,0.0,0.0,0.0038326747942246035,0.05660377358490566,0.6,0.0297029702970297,0.8559322033898306,0.0038916423507567564,0.05660377358490566,0.6,0.0297029702970297,0.8559322033898306
S2 정리+공정 파생,HGB,HGB,class_weight|feat=S2,2,29,0.0324226489774708,0.2530973451327434,0.0423728813559322,118,5,0.0,0.0,0.0,0.0003450940640919199,0.08130081300813008,1.0,0.0423728813559322,1.0,0.0008389024571208931,0.08130081300813008,1.0,0.0423728813559322,1.0
S2 정리+공정 파생,HGB,HGB,class_weight|feat=S2,3,29,0.09158108686350022,0.6106194690265487,0.0423728813559322,118,5,0.0,0.4,0.4,0.00028685911604892143,0.08130081300813008,1.0,0.0423728813559322,1.0,0.0008826502015322364,0.08130081300813008,1.0,0.0423728813559322,1.0
S2 정리+공정 파생,HGB,HGB,class_weight|feat=S2,4,29,0.032762026844981404,0.2601769911504425,0.0423728813559322,118,5,0.0,0.0,0.0,0.009568460107351899,0.0784313725490196,0.8,0.041237113402061855,0.8220338983050848,0.006971686569650357,0.07407407407407407,0.8,0.038834951456310676,0.8728813559322034
S2 정리+공정 파생,HGB,HGB,class_weight|feat=S2,5,29,0.046482215890762,0.4614035087719298,0.04201680672268908,119,5,0.0,0.0,0.0,0.010747701721268084,0.06818181818181818,0.6,0.03614457831325301,0.6974789915966386,0.0031019458788988457,0.09345794392523364,1.0,0.049019607843137254,0.8571428571428571
S2 정리+공정 파생,HGB,HGB,class_weight|feat=S2,6,29,0.03228694960105037,0.25486725663716814,0.0423728813559322,118,5,0.0,0.0,0.0,0.0035113182134928777,0.05454545454545454,0.6,0.02857142857142857,0.8898305084745762,0.0011700844150107,0.06837606837606838,0.8,0.03571428571428571,0.9491525423728814
S2 정리+공정 파생,HGB,HGB,class_weight|feat=S2,7,29,0.03381800172920899,0.2867256637168142,0.0423728813559322,118,5,0.0,0.0,0.0,0.00030450513475361706,0.08130081300813008,1.0,0.0423728813559322,1.0,0.001550192061642853,0.08547008547008547,1.0,0.044642857142857144,0.9491525423728814
S2 정리+공정 파생,HGB,HGB,class_weight|feat=S2,8,29,0.05255349929031554,0.5504424778761061,0.0423728813559322,118,5,0.0,0.0,0.0,0.00020948767112518514,0.08130081300813008,1.0,0.0423728813559322,1.0,0.001090204283721389,0.08264462809917356,1.0,0.04310344827586207,0.9830508474576272
S2 정리+공정 파생,HGB,HGB,class_weight|feat=S2,9,29,0.059990064691899554,0.4884955752212389,0.0423728813559322,118,5,0.0,0.0,0.2,0.00105047286365588,0.08130081300813008,1.0,0.0423728813559322,1.0,0.003255379473977982,0.08333333333333333,1.0,0.043478260869565216,0.9745762711864406
S2 정리+공정 파생,HGB,HGB,class_weight|feat=S2,10,29,0.03982452148816588,0.39824561403508774,0.04201680672268908,119,5,0.0,0.0,0.0,0.00014975749574769142,0.08064516129032258,1.0,0.04201680672268908,1.0,0.0013625758084391405,0.08196721311475409,1.0,0.042735042735042736,0.9831932773109243
S2 정리+공정 파생,HGB,HGB,class_weight|feat=S2,11,29,0.16543427230046948,0.6106194690265486,0.0423728813559322,118,5,0.2,0.2,0.4,0.0007211089364897658,0.08264462809917356,1.0,0.04310344827586207,0.9830508474576272,0.0025209192987291564,0.07079646017699115,0.8,0.037037037037037035,0.9152542372881356
S2 정리+공정 파생,HGB,HGB,class_weight|feat=S2,12,29,0.03851113424676426,0.368141592920354,0.0423728813559322,118,5,0.0,0.0,0.0,0.007467618363760735,0.08,0.8,0.042105263157894736,0.8050847457627118,0.0016807486054807503,0.08333333333333333,1.0,0.043478260869565216,0.9745762711864406
S2 정리+공정 파생,HGB,HGB,class_weight|feat=S2,13,29,0.0312936269464513,0.22123893805309733,0.0423728813559322,118,5,0.0,0.0,0.0,0.014158488690983347,0.0,0.0,0.0,0.576271186440678,0.0017602980342799207,0.056074766355140186,0.6,0.029411764705882353,0.864406779661017
S2 정리+공정 파생,HGB,HGB,class_weight|feat=S2,14,29,0.03426385285218235,0.2991150442477876,0.0423728813559322,118,5,0.0,0.0,0.0,0.6063535733564441,0.0,0.0,0.0,0.01694915254237288,0.0013682600742168454,0.08196721311475409,1.0,0.042735042735042736,0.9915254237288136
S2 정리+공정 파생,HGB,HGB,class_weight|feat=S2,15,29,0.08202097599324318,0.4210526315789474,0.04201680672268908,119,5,0.2,0.2,0.2,0.00018583174573285466,0.08064516129032258,1.0,0.04201680672268908,1.0,0.002114802688349801,0.08264462809917356,1.0,0.04310344827586207,0.9747899159663865
S2 정리+공정 파생,HGB,HGB,class_weight|feat=S2,16,29,0.03131142931557676,0.23008849557522126,0.0423728813559322,118,5,0.0,0.0,0.0,0.0003472356325345484,0.08130081300813008,1.0,0.0423728813559322,1.0,0.0017098577643569794,0.06722689075630252,0.8,0.03508771929824561,0.9661016949152542
S2 정리+공정 파생,HGB,HGB,class_weight|feat=S2,17,29,0.035832807599919095,0.32212389380530976,0.0423728813559322,118,5,0.0,0.0,0.0,0.016582520413890085,0.05555555555555555,0.4,0.029850746268656716,0.5677966101694916,0.0023881638072265517,0.08771929824561403,1.0,0.045871559633027525,0.923728813559322
S2 정리+공정 파생,HGB,HGB,class_weight|feat=S2,18,29,0.03792150938781024,0.28495575221238933,0.0423728813559322,118,5,0.0,0.0,0.2,0.00016570152553310242,0.08130081300813008,1.0,0.0423728813559322,1.0,0.0006037273361107142,0.08130081300813008,1.0,0.0423728813559322,1.0
S2 정리+공정 파생,HGB,HGB,class_weight|feat=S2,19,29,0.0942820512820513,0.5575221238938053,0.0423728813559322,118,5,0.2,0.2,0.4,0.00038238369674606907,0.08130081300813008,1.0,0.0423728813559322,1.0,0.0007794619683657599,0.08130081300813008,1.0,0.0423728813559322,1.0
S2 정리+공정 파생,HGB,HGB,class_weight|feat=S2,20,29,0.0380226266861487,0.37543859649122807,0.04201680672268908,119,5,0.0,0.0,0.0,0.0002033804724294259,0.08130081300813008,1.0,0.0423728813559322,0.9915966386554622,0.0009089079165113013,0.08333333333333333,1.0,0.043478260869565216,0.9663865546218487
S2 정리+공정 파생,HGB,HGB,class_weight|feat=S2,21,29,0.05539965840173652,0.5044247787610621,0.0423728813559322,118,5,0.0,0.0,0.2,0.003013141967284742,0.07692307692307693,0.8,0.04040404040404041,0.8389830508474576,0.003013141967284742,0.07692307692307693,0.8,0.04040404040404041,0.8389830508474576
S2 정리+공정 파생,HGB,HGB,class_weight|feat=S2,22,29,0.03365771435661724,0.2778761061946903,0.0423728813559322,118,5,0.0,0.0,0.0,0.00015939551837234776,0.08130081300813008,1.0,0.0423728813559322,1.0,0.0006997111123512866,0.08130081300813008,1.0,0.0423728813559322,1.0
S2 정리+공정 파생,HGB,HGB,class_weight|feat=S2,23,29,0.03753309301478633,0.35929203539823007,0.0423728813559322,118,5,0.0,0.0,0.0,0.01576781646365142,0.06382978723404255,0.6,0.033707865168539325,0.7542372881355932,0.001688129554473246,0.08196721311475409,1.0,0.042735042735042736,0.9915254237288136
S2 정리+공정 파생,HGB,HGB,class_weight|feat=S2,24,29,0.14500503499028883,0.48141592920353987,0.0423728813559322,118,5,0.2,0.2,0.4,0.0010765617758864018,0.08196721311475409,1.0,0.042735042735042736,0.9915254237288136,0.001588676123050123,0.08196721311475409,1.0,0.042735042735042736,0.9915254237288136
S2 정리+공정 파생,HGB,HGB,class_weight|feat=S2,25,29,0.043107579053398674,0.38070175438596493,0.04201680672268908,119,5,0.0,0.0,0.2,0.0005772402229201123,0.08064516129032258,1.0,0.04201680672268908,1.0,0.001141458934121954,0.08196721311475409,1.0,0.042735042735042736,0.9831932773109243
S2 정리+공정 파생,HGB,HGB,class_weight|feat=S2,26,29,0.04642525680581887,0.4743362831858407,0.0423728813559322,118,5,0.0,0.0,0.0,0.0009702161171926556,0.08196721311475409,1.0,0.042735042735042736,0.9915254237288136,0.002262615364053223,0.08403361344537816,1.0,0.043859649122807015,0.9661016949152542
S2 정리+공정 파생,HGB,HGB,class_weight|feat=S2,27,29,0.04493729294488308,0.46371681415929206,0.0423728813559322,118,5,0.0,0.0,0.0,0.0006658267723391887,0.08196721311475409,1.0,0.042735042735042736,0.9915254237288136,0.0014426077755337807,0.08196721311475409,1.0,0.042735042735042736,0.9915254237288136
S2 정리+공정 파생,HGB,HGB,class_weight|feat=S2,28,29,0.09619453604996975,0.3398230088495575,0.0423728813559322,118,5,0.2,0.2,0.2,0.0021547443964526026,0.05357142857142857,0.6,0.028037383177570093,0.9067796610169492,0.0022736559064555724,0.05454545454545454,0.6,0.02857142857142857,0.8898305084745762
S2 정리+공정 파생,HGB,HGB,class_weight|feat=S2,29,29,0.036386755651283194,0.3380530973451328,0.0423728813559322,118,5,0.0,0.0,0.0,8.539623069332751e-05,0.08130081300813008,1.0,0.0423728813559322,1.0,0.001174283213299585,0.08196721311475409,1.0,0.042735042735042736,0.9915254237288136
S2 정리+공정 파생,HGB,HGB,class_weight|feat=S2,30,29,0.04730638354780231,0.4754385964912281,0.04201680672268908,119,5,0.0,0.0,0.0,0.03798276314396642,0.046511627906976744,0.2,0.02631578947368421,0.31932773109243695,0.0010757671150306652,0.08264462809917356,1.0,0.04310344827586207,0.9747899159663865
S2 정리+공정 파생,HGB,HGB,class_weight|feat=S2,31,29,0.039037687629122464,0.3787610619469027,0.0423728813559322,118,5,0.0,0.0,0.0,0.020438414043007096,0.0821917808219178,0.6,0.04411764705882353,0.576271186440678,0.0006743286710457704,0.08264462809917356,1.0,0.04310344827586207,0.9830508474576272
S2 정리+공정 파생,HGB,HGB,class_weight|feat=S2,32,29,0.04699765019664894,0.37168141592920356,0.0423728813559322,118,5,0.0,0.0,0.2,0.002796714150031501,0.07142857142857142,0.8,0.037383177570093455,0.9067796610169492,0.002796714150031501,0.07142857142857142,0.8,0.037383177570093455,0.9067796610169492
S2 정리+공정 파생,HGB,HGB,class_weight|feat=S2,33,29,0.03357257210093917,0.28141592920353986,0.0423728813559322,118,5,0.0,0.0,0.0,0.07260329493459176,0.0,0.0,0.0,0.3559322033898305,0.0017748277996802008,0.0847457627118644,1.0,0.04424778761061947,0.9576271186440678
S2 정리+공정 파생,HGB,HGB,class_weight|feat=S2,34,29,0.040177838854119526,0.3982300884955753,0.0423728813559322,118,5,0.0,0.0,0.0,0.0006913243524834259,0.08130081300813008,1.0,0.0423728813559322,1.0,0.0017814819984140822,0.08403361344537816,1.0,0.043859649122807015,0.9661016949152542
S2 정리+공정 파생,HGB,HGB,class_weight|feat=S2,35,29,0.03901702625897964,0.37894736842105264,0.04201680672268908,119,5,0.0,0.0,0.0,0.5217544714627963,0.0,0.0,0.0,0.025210084033613446,0.0016151564218426433,0.08333333333333333,1.0,0.043478260869565216,0.9663865546218487
S2 정리+공정 파생,HGB,HGB,class_weight|feat=S2,36,29,0.039728497459589895,0.384070796460177,0.0423728813559322,118,5,0.0,0.0,0.0,0.49248693312105873,0.0,0.0,0.0,0.059322033898305086,0.0022133005294002832,0.07476635514018691,0.8,0.0392156862745098,0.864406779661017
S2 정리+공정 파생,HGB,HGB,class_weight|feat=S2,37,29,0.03642185982582096,0.30265486725663715,0.0423728813559322,118,5,0.0,0.0,0.0,0.056091855459048365,0.06779661016949153,0.4,0.037037037037037035,0.4576271186440678,0.0003995394809361015,0.08130081300813008,1.0,0.0423728813559322,1.0
S2 정리+공정 파생,HGB,HGB,class_weight|feat=S2,38,29,0.06854466004300193,0.3398230088495575,0.0423728813559322,118,5,0.2,0.2,0.2,0.0003079781094460067,0.08130081300813008,1.0,0.0423728813559322,1.0,0.0013856195318814172,0.08403361344537816,1.0,0.043859649122807015,0.9661016949152542
S2 정리+공정 파생,HGB,HGB,class_weight|feat=S2,39,29,0.04159161724351598,0.4212389380530973,0.0423728813559322,118,5,0.0,0.0,0.0,0.0029586939587371896,0.09259259259259259,1.0,0.04854368932038835,0.8728813559322034,0.0031511625501322326,0.09345794392523364,1.0,0.049019607843137254,0.864406779661017
S2 정리+공정 파생,HGB,HGB,class_weight|feat=S2,40,29,0.05732746823069403,0.5403508771929825,0.04201680672268908,119,5,0.0,0.0,0.0,0.00023548794602752687,0.08064516129032258,1.0,0.04201680672268908,1.0,0.0013541251601973433,0.08196721311475409,1.0,0.042735042735042736,0.9831932773109243
S2 정리+공정 파생,HGB,HGB,class_weight|feat=S2,41,29,0.03625731407684015,0.31327433628318585,0.0423728813559322,118,5,0.0,0.0,0.0,0.008535520112361077,0.04878048780487805,0.4,0.025974025974025976,0.652542372881356,0.0014324881479579785,0.06837606837606838,0.8,0.03571428571428571,0.9491525423728814
S2 정리+공정 파생,HGB,HGB,class_weight|feat=S2,42,29,0.027880052068969662,0.11858407079646019,0.0423728813559322,118,5,0.0,0.0,0.0,0.2080459012916001,0.0,0.0,0.0,0.13559322033898305,0.000922564364720828,0.08130081300813008,1.0,0.0423728813559322,1.0
S2 정리+공정 파생,HGB,HGB,class_weight|feat=S2,43,29,0.054388538369043116,0.5345132743362832,0.0423728813559322,118,5,0.0,0.0,0.2,0.041223940780152075,0.06779661016949153,0.4,0.037037037037037035,0.4576271186440678,0.002079500182345812,0.0847457627118644,1.0,0.04424778761061947,0.9576271186440678
S2 정리+공정 파생,HGB,HGB,class_weight|feat=S2,44,29,0.09858182868738474,0.40530973451327434,0.0423728813559322,118,5,0.2,0.2,0.2,0.018649398051091517,0.05063291139240506,0.4,0.02702702702702703,0.6271186440677966,0.0018351964321377016,0.0847457627118644,1.0,0.04424778761061947,0.9576271186440678
S2 정리+공정 파생,HGB,HGB,class_weight|feat=S2,45,29,0.035708578300763225,0.33333333333333337,0.04201680672268908,119,5,0.0,0.0,0.0,0.001850723479965739,0.08196721311475409,1.0,0.042735042735042736,0.9831932773109243,0.0024849851606617212,0.08196721311475409,1.0,0.042735042735042736,0.9831932773109243
S2 정리+공정 파생,HGB,HGB,class_weight|feat=S2,46,29,0.04337072305414037,0.3486725663716814,0.0423728813559322,118,5,0.0,0.0,0.2,0.0003656076999310196,0.08130081300813008,1.0,0.0423728813559322,1.0,0.001421099333449084,0.08196721311475409,1.0,0.042735042735042736,0.9915254237288136
S2 정리+공정 파생,HGB,HGB,class_weight|feat=S2,47,29,0.2335753486279802,0.39823008849557523,0.0423728813559322,118,5,0.2,0.2,0.2,0.0007857711167055865,0.06779661016949153,0.8,0.035398230088495575,0.9576271186440678,0.000940630973569771,0.06779661016949153,0.8,0.035398230088495575,0.9576271186440678
S2 정리+공정 파생,HGB,HGB,class_weight|feat=S2,48,29,0.051884413574086644,0.5309734513274337,0.0423728813559322,118,5,0.0,0.0,0.0,0.055748506117879654,0.04,0.2,0.022222222222222223,0.3813559322033898,0.005059361109132176,0.10204081632653061,1.0,0.053763440860215055,0.788135593220339
S2 정리+공정 파생,HGB,HGB,class_weight|feat=S2,49,29,0.030111681627325675,0.1946902654867257,0.0423728813559322,118,5,0.0,0.0,0.0,0.1094017676968682,0.0,0.0,0.0,0.23728813559322035,0.0015801390421630473,0.07142857142857142,0.8,0.037383177570093455,0.9067796610169492
S3 S2+시간 파생,LogReg,LogReg,class_weight|feat=S3,0,37,0.09257127231330387,0.631578947368421,0.04201680672268908,119,5,0.0,0.2,0.4,1.1197089552670573e-05,0.08130081300813008,1.0,0.0423728813559322,0.9915966386554622,0.0017983357180046935,0.08130081300813008,1.0,0.0423728813559322,0.9915966386554622
S3 S2+시간 파생,LogReg,LogReg,class_weight|feat=S3,1,37,0.038055545521318734,0.36106194690265486,0.0423728813559322,118,5,0.0,0.0,0.0,0.23628976754798245,0.08108108108108109,0.6,0.043478260869565216,0.5847457627118644,0.011693990033391478,0.06896551724137931,0.8,0.036036036036036036,0.940677966101695
S3 S2+시간 파생,LogReg,LogReg,class_weight|feat=S3,2,37,0.042492287771050255,0.4035398230088496,0.0423728813559322,118,5,0.0,0.0,0.0,0.3607421767311152,0.08333333333333333,0.4,0.046511627906976744,0.3644067796610169,0.017424199158615424,0.07142857142857142,0.8,0.037383177570093455,0.9067796610169492
S3 S2+시간 파생,LogReg,LogReg,class_weight|feat=S3,3,37,0.03699270290340013,0.3504424778761062,0.0423728813559322,118,5,0.0,0.0,0.0,0.0006491354258168704,0.08130081300813008,1.0,0.0423728813559322,1.0,0.009754296899533624,0.08333333333333333,1.0,0.043478260869565216,0.9745762711864406
S3 S2+시간 파생,LogReg,LogReg,class_weight|feat=S3,4,37,0.060736961451247164,0.584070796460177,0.0423728813559322,118,5,0.0,0.0,0.2,0.0909197364435547,0.1,1.0,0.05263157894736842,0.8050847457627118,0.02932302374043248,0.08928571428571429,1.0,0.04672897196261682,0.9067796610169492
S3 S2+시간 파생,LogReg,LogReg,class_weight|feat=S3,5,37,0.08043958238627177,0.6877192982456141,0.04201680672268908,119,5,0.0,0.0,0.4,0.12249642121307454,0.10101010101010101,1.0,0.05319148936170213,0.7899159663865546,0.026990786655420776,0.0847457627118644,1.0,0.04424778761061947,0.9495798319327731
S3 S2+시간 파생,LogReg,LogReg,class_weight|feat=S3,6,37,0.036980392958653824,0.30265486725663715,0.0423728813559322,118,5,0.0,0.0,0.2,0.140391855232279,0.029850746268656716,0.2,0.016129032258064516,0.5254237288135594,0.007070396207147622,0.06896551724137931,0.8,0.036036036036036036,0.940677966101695
S3 S2+시간 파생,LogReg,LogReg,class_weight|feat=S3,7,37,0.0522649424075611,0.5221238938053098,0.0423728813559322,118,5,0.0,0.0,0.0,0.2343224901798515,0.10810810810810811,0.8,0.057971014492753624,0.5847457627118644,0.006851446919151098,0.08264462809917356,1.0,0.04310344827586207,0.9830508474576272
S3 S2+시간 파생,LogReg,LogReg,class_weight|feat=S3,8,37,0.06841698463741545,0.6141592920353982,0.0423728813559322,118,5,0.0,0.0,0.2,0.00012059204311000064,0.08196721311475409,1.0,0.042735042735042736,0.9915254237288136,0.005217798728519997,0.08196721311475409,1.0,0.042735042735042736,0.9915254237288136
S3 S2+시간 파생,LogReg,LogReg,class_weight|feat=S3,9,37,0.05507928012553749,0.5079646017699115,0.0423728813559322,118,5,0.0,0.0,0.2,0.005191783393924123,0.08695652173913043,1.0,0.045454545454545456,0.9322033898305084,0.006374581737583232,0.08928571428571429,1.0,0.04672897196261682,0.9067796610169492
S3 S2+시간 파생,LogReg,LogReg,class_weight|feat=S3,10,37,0.05312511686285103,0.5280701754385966,0.04201680672268908,119,5,0.0,0.0,0.2,0.0066348325517700405,0.08064516129032258,1.0,0.04201680672268908,1.0,0.014879321212339784,0.08130081300813008,1.0,0.0423728813559322,0.9915966386554622
S3 S2+시간 파생,LogReg,LogReg,class_weight|feat=S3,11,37,0.04326663545622157,0.4194690265486726,0.0423728813559322,118,5,0.0,0.0,0.2,0.02253710435044412,0.07407407407407407,0.8,0.038834951456310676,0.8728813559322034,0.02253710435044412,0.07407407407407407,0.8,0.038834951456310676,0.8728813559322034
S3 S2+시간 파생,LogReg,LogReg,class_weight|feat=S3,12,37,0.0522615960818208,0.5309734513274336,0.0423728813559322,118,5,0.0,0.0,0.0,0.022712840859500264,0.09174311926605505,1.0,0.04807692307692308,0.8813559322033898,0.03020193521061734,0.09433962264150944,1.0,0.04950495049504951,0.8559322033898306
S3 S2+시간 파생,LogReg,LogReg,class_weight|feat=S3,13,37,0.031882718816743406,0.22477876106194689,0.0423728813559322,118,5,0.0,0.0,0.0,0.5524267595129295,0.0,0.0,0.0,0.2711864406779661,0.011331705946643043,0.02040816326530612,0.2,0.010752688172043012,0.788135593220339
S3 S2+시간 파생,LogReg,LogReg,class_weight|feat=S3,14,37,0.04760155371920077,0.4300884955752212,0.0423728813559322,118,5,0.0,0.0,0.2,0.8151837272079475,0.0,0.0,0.0,0.059322033898305086,0.006287974174525215,0.08264462809917356,1.0,0.04310344827586207,0.9830508474576272
S3 S2+시간 파생,LogReg,LogReg,class_weight|feat=S3,15,37,0.05261658164182709,0.5385964912280702,0.04201680672268908,119,5,0.0,0.0,0.2,0.0008409413924911197,0.08130081300813008,1.0,0.0423728813559322,0.9915966386554622,0.012521085218382985,0.08620689655172414,1.0,0.04504504504504504,0.9327731092436975
S3 S2+시간 파생,LogReg,LogReg,class_weight|feat=S3,16,37,0.06052389626160118,0.5061946902654867,0.0423728813559322,118,5,0.0,0.2,0.2,0.06602953872529717,0.07920792079207921,0.8,0.041666666666666664,0.8135593220338984,0.009962036798402893,0.08333333333333333,1.0,0.043478260869565216,0.9745762711864406
S3 S2+시간 파생,LogReg,LogReg,class_weight|feat=S3,17,37,0.03889717607026192,0.35398230088495575,0.0423728813559322,118,5,0.0,0.0,0.0,0.6679910569059102,0.0,0.0,0.0,0.1694915254237288,0.0029924318548004165,0.08130081300813008,1.0,0.0423728813559322,1.0
S3 S2+시간 파생,LogReg,LogReg,class_weight|feat=S3,18,37,0.07357034210659383,0.6407079646017699,0.0423728813559322,118,5,0.0,0.2,0.2,0.27844627559827023,0.13157894736842105,1.0,0.07042253521126761,0.6016949152542372,0.01563336282712833,0.08264462809917356,1.0,0.04310344827586207,0.9830508474576272
S3 S2+시간 파생,LogReg,LogReg,class_weight|feat=S3,19,37,0.05521188912849375,0.5327433628318584,0.0423728813559322,118,5,0.0,0.0,0.2,0.2588385584883437,0.09375,0.6,0.05084745762711865,0.5,0.003334148818393705,0.08403361344537816,1.0,0.043859649122807015,0.9661016949152542
S3 S2+시간 파생,LogReg,LogReg,class_weight|feat=S3,20,37,0.041519296306530354,0.4192982456140351,0.04201680672268908,119,5,0.0,0.0,0.0,0.9489584424378226,0.0,0.0,0.0,0.04201680672268908,0.01978917300935531,0.07017543859649122,0.8,0.03669724770642202,0.9159663865546218
S3 S2+시간 파생,LogReg,LogReg,class_weight|feat=S3,21,37,0.08979124858967408,0.631858407079646,0.0423728813559322,118,5,0.0,0.2,0.4,0.00044993150606497333,0.08196721311475409,1.0,0.042735042735042736,0.9915254237288136,0.006166395269642027,0.08264462809917356,1.0,0.04310344827586207,0.9830508474576272
S3 S2+시간 파생,LogReg,LogReg,class_weight|feat=S3,22,37,0.07814220866852445,0.6619469026548672,0.0423728813559322,118,5,0.0,0.0,0.4,9.182169736316873e-06,0.08196721311475409,1.0,0.042735042735042736,0.9915254237288136,0.004430131918737778,0.08403361344537816,1.0,0.043859649122807015,0.9661016949152542
S3 S2+시간 파생,LogReg,LogReg,class_weight|feat=S3,23,37,0.050909489541953505,0.5008849557522124,0.0423728813559322,118,5,0.0,0.0,0.0,0.10418353294968347,0.06818181818181818,0.6,0.03614457831325301,0.7033898305084746,0.008688876525957553,0.08196721311475409,1.0,0.042735042735042736,0.9915254237288136
S3 S2+시간 파생,LogReg,LogReg,class_weight|feat=S3,24,37,0.06289512320311433,0.5168141592920354,0.0423728813559322,118,5,0.0,0.2,0.2,0.0006480116838311285,0.08196721311475409,1.0,0.042735042735042736,0.9915254237288136,0.004802535991654397,0.08333333333333333,1.0,0.043478260869565216,0.9745762711864406
S3 S2+시간 파생,LogReg,LogReg,class_weight|feat=S3,25,37,0.08362152133580705,0.5140350877192983,0.04201680672268908,119,5,0.2,0.2,0.2,0.12314671443243136,0.07142857142857142,0.6,0.0379746835443038,0.6638655462184874,0.010704805176913074,0.07017543859649122,0.8,0.03669724770642202,0.9159663865546218
S3 S2+시간 파생,LogReg,LogReg,class_weight|feat=S3,26,37,0.050475137767193874,0.5115044247787611,0.0423728813559322,118,5,0.0,0.0,0.0,0.0007622732756548934,0.08130081300813008,1.0,0.0423728813559322,1.0,0.005956929308234133,0.08196721311475409,1.0,0.042735042735042736,0.9915254237288136
S3 S2+시간 파생,LogReg,LogReg,class_weight|feat=S3,27,37,0.054093396791416594,0.5061946902654867,0.0423728813559322,118,5,0.0,0.0,0.0,0.002733983184822458,0.0847457627118644,1.0,0.04424778761061947,0.9576271186440678,0.00610463499946061,0.08620689655172414,1.0,0.04504504504504504,0.940677966101695
S3 S2+시간 파생,LogReg,LogReg,class_weight|feat=S3,28,37,0.03674754858965386,0.3433628318584071,0.0423728813559322,118,5,0.0,0.0,0.0,0.028016954979757005,0.07407407407407407,0.8,0.038834951456310676,0.8728813559322034,0.010932068379337316,0.08403361344537816,1.0,0.043859649122807015,0.9661016949152542
S3 S2+시간 파생,LogReg,LogReg,class_weight|feat=S3,29,37,0.06028791996533932,0.5026548672566371,0.0423728813559322,118,5,0.0,0.2,0.2,5.85573576546129e-05,0.08130081300813008,1.0,0.0423728813559322,1.0,0.0131358660533223,0.08547008547008547,1.0,0.044642857142857144,0.9491525423728814
S3 S2+시간 파생,LogReg,LogReg,class_weight|feat=S3,30,37,0.047111905381179715,0.44912280701754387,0.04201680672268908,119,5,0.0,0.0,0.0,0.014189037628098988,0.07017543859649122,0.8,0.03669724770642202,0.9159663865546218,0.01838762762727722,0.07339449541284404,0.8,0.038461538461538464,0.8739495798319328
S3 S2+시간 파생,LogReg,LogReg,class_weight|feat=S3,31,37,0.044377216867901546,0.3433628318584071,0.0423728813559322,118,5,0.0,0.0,0.2,0.05262121547327167,0.041237113402061855,0.4,0.021739130434782608,0.7796610169491526,0.008762304887818359,0.05172413793103448,0.6,0.02702702702702703,0.940677966101695
S3 S2+시간 파생,LogReg,LogReg,class_weight|feat=S3,32,37,0.04289029756110262,0.43539823008849554,0.0423728813559322,118,5,0.0,0.0,0.0,3.151292721085456e-06,0.08130081300813008,1.0,0.0423728813559322,1.0,0.0008173256559730827,0.08264462809917356,1.0,0.04310344827586207,0.9830508474576272
S3 S2+시간 파생,LogReg,LogReg,class_weight|feat=S3,33,37,0.047216541532994476,0.3911504424778761,0.0423728813559322,118,5,0.0,0.0,0.2,0.002389682297333102,0.08403361344537816,1.0,0.043859649122807015,0.9661016949152542,0.006161171574201923,0.06956521739130435,0.8,0.03636363636363636,0.9322033898305084
S3 S2+시간 파생,LogReg,LogReg,class_weight|feat=S3,34,37,0.05749550102114437,0.5557522123893806,0.0423728813559322,118,5,0.0,0.0,0.2,0.003059525102400913,0.08196721311475409,1.0,0.042735042735042736,0.9915254237288136,0.011078347633342563,0.08264462809917356,1.0,0.04310344827586207,0.9830508474576272
S3 S2+시간 파생,LogReg,LogReg,class_weight|feat=S3,35,37,0.06364581571690384,0.45789473684210524,0.04201680672268908,119,5,0.0,0.2,0.2,0.05148054193146823,0.09259259259259259,1.0,0.04854368932038835,0.865546218487395,0.003157754726886588,0.08130081300813008,1.0,0.0423728813559322,0.9915966386554622
S3 S2+시간 파생,LogReg,LogReg,class_weight|feat=S3,36,37,0.051991707994605854,0.5185840707964602,0.0423728813559322,118,5,0.0,0.0,0.2,0.43289652098466264,0.07692307692307693,0.4,0.0425531914893617,0.3983050847457627,0.004857397960515173,0.08264462809917356,1.0,0.04310344827586207,0.9830508474576272
S3 S2+시간 파생,LogReg,LogReg,class_weight|feat=S3,37,37,0.05017482922676915,0.504424778761062,0.0423728813559322,118,5,0.0,0.0,0.0,0.10802488139231782,0.09876543209876543,0.8,0.05263157894736842,0.6440677966101694,0.001005844757540406,0.08196721311475409,1.0,0.042735042735042736,0.9915254237288136
S3 S2+시간 파생,LogReg,LogReg,class_weight|feat=S3,38,37,0.0392180213608785,0.3823008849557522,0.0423728813559322,118,5,0.0,0.0,0.0,0.005026696958459279,0.08333333333333333,1.0,0.043478260869565216,0.9745762711864406,0.008873703797912856,0.08849557522123894,1.0,0.046296296296296294,0.9152542372881356
S3 S2+시간 파생,LogReg,LogReg,class_weight|feat=S3,39,37,0.06290249839463585,0.5309734513274336,0.0423728813559322,118,5,0.0,0.2,0.2,0.15548694877995567,0.07407407407407407,0.6,0.039473684210526314,0.6440677966101694,0.034513557227878446,0.08928571428571429,1.0,0.04672897196261682,0.9067796610169492
S3 S2+시간 파생,LogReg,LogReg,class_weight|feat=S3,40,37,0.06990490762350439,0.6368421052631579,0.04201680672268908,119,5,0.0,0.2,0.2,0.0008399641562394222,0.08196721311475409,1.0,0.042735042735042736,0.9831932773109243,0.010432991529639973,0.08403361344537816,1.0,0.043859649122807015,0.957983193277311
S3 S2+시간 파생,LogReg,LogReg,class_weight|feat=S3,41,37,0.039869230255718285,0.40176991150442476,0.0423728813559322,118,5,0.0,0.0,0.0,0.6174507209044945,0.0,0.0,0.0,0.13559322033898305,0.003810054032611586,0.08264462809917356,1.0,0.04310344827586207,0.9830508474576272
S3 S2+시간 파생,LogReg,LogReg,class_weight|feat=S3,42,37,0.035013352213652815,0.30973451327433627,0.0423728813559322,118,5,0.0,0.0,0.0,0.04231277602489132,0.06315789473684211,0.6,0.03333333333333333,0.7627118644067796,0.04304796752083805,0.06315789473684211,0.6,0.03333333333333333,0.7627118644067796
S3 S2+시간 파생,LogReg,LogReg,class_weight|feat=S3,43,37,0.043650453799923425,0.4123893805309734,0.0423728813559322,118,5,0.0,0.0,0.2,0.2347307653965771,0.03636363636363636,0.2,0.02,0.423728813559322,0.021747071391686752,0.07272727272727272,0.8,0.0380952380952381,0.8898305084745762
S3 S2+시간 파생,LogReg,LogReg,class_weight|feat=S3,44,37,0.05312091503267974,0.488495575221239,0.0423728813559322,118,5,0.0,0.0,0.2,0.04728674966218869,0.09803921568627451,1.0,0.05154639175257732,0.8220338983050848,0.013786286748626376,0.08849557522123894,1.0,0.046296296296296294,0.9152542372881356
S3 S2+시간 파생,LogReg,LogReg,class_weight|feat=S3,45,37,0.04369941137360614,0.39649122807017545,0.04201680672268908,119,5,0.0,0.0,0.2,0.0014000394914072596,0.08403361344537816,1.0,0.043859649122807015,0.957983193277311,0.016341571470560052,0.09090909090909091,1.0,0.047619047619047616,0.8823529411764706
S3 S2+시간 파생,LogReg,LogReg,class_weight|feat=S3,46,37,0.045228117163601034,0.4513274336283186,0.0423728813559322,118,5,0.0,0.0,0.0,0.35110487802631324,0.09090909090909091,0.6,0.04918032786885246,0.5169491525423728,0.00777278870316493,0.08264462809917356,1.0,0.04310344827586207,0.9830508474576272
S3 S2+시간 파생,LogReg,LogReg,class_weight|feat=S3,47,37,0.03772896799169106,0.3504424778761062,0.0423728813559322,118,5,0.0,0.0,0.0,0.9585135832048784,0.0,0.0,0.0,0.03389830508474576,0.022463617908076106,0.07476635514018691,0.8,0.0392156862745098,0.864406779661017
S3 S2+시간 파생,LogReg,LogReg,class_weight|feat=S3,48,37,0.07954954954954954,0.6230088495575221,0.0423728813559322,118,5,0.0,0.2,0.4,0.0002231801422140671,0.08196721311475409,1.0,0.042735042735042736,0.9915254237288136,0.005163219713449658,0.08264462809917356,1.0,0.04310344827586207,0.9830508474576272
S3 S2+시간 파생,LogReg,LogReg,class_weight|feat=S3,49,37,0.03934051027111379,0.37522123893805315,0.0423728813559322,118,5,0.0,0.0,0.0,0.00139630991820703,0.08196721311475409,1.0,0.042735042735042736,0.9915254237288136,0.014794356875248368,0.06722689075630252,0.8,0.03508771929824561,0.9661016949152542
S3 S2+시간 파생,RF,RF,class_weight|feat=S3,0,37,0.04119842146157935,0.4035087719298246,0.04201680672268908,119,5,0.0,0.0,0.0,0.0,0.08064516129032258,1.0,0.04201680672268908,1.0,0.016666666666666666,0.08333333333333333,1.0,0.043478260869565216,0.9663865546218487
S3 S2+시간 파생,RF,RF,class_weight|feat=S3,1,37,0.032472217665116265,0.20265486725663717,0.0423728813559322,118,5,0.0,0.0,0.0,0.28,0.0,0.0,0.0,0.05084745762711865,0.04666666666666667,0.024390243902439025,0.2,0.012987012987012988,0.652542372881356
S3 S2+시간 파생,RF,RF,class_weight|feat=S3,2,37,0.03215043247759471,0.25486725663716814,0.0423728813559322,118,5,0.0,0.0,0.0,0.016666666666666666,0.0847457627118644,1.0,0.04424778761061947,0.9576271186440678,0.023333333333333334,0.08771929824561403,1.0,0.045871559633027525,0.923728813559322
S3 S2+시간 파생,RF,RF,class_weight|feat=S3,3,37,0.07576878558613717,0.6044247787610619,0.0423728813559322,118,5,0.0,0.2,0.2,0.023333333333333334,0.08695652173913043,1.0,0.045454545454545456,0.9322033898305084,0.02666666666666667,0.08771929824561403,1.0,0.045871559633027525,0.923728813559322
S3 S2+시간 파생,RF,RF,class_weight|feat=S3,4,37,0.035393847250854524,0.24513274336283186,0.0423728813559322,118,5,0.0,0.0,0.0,0.1,0.0,0.0,0.0,0.423728813559322,0.043333333333333335,0.039603960396039604,0.4,0.020833333333333332,0.8135593220338984
S3 S2+시간 파생,RF,RF,class_weight|feat=S3,5,37,0.0485277083071042,0.40175438596491225,0.04201680672268908,119,5,0.0,0.0,0.2,0.023333333333333334,0.05217391304347826,0.6,0.02727272727272727,0.9243697478991597,0.043333333333333335,0.05714285714285714,0.6,0.03,0.8403361344537815
S3 S2+시간 파생,RF,RF,class_weight|feat=S3,6,37,0.03370917757854461,0.2424778761061947,0.0423728813559322,118,5,0.0,0.0,0.0,0.03666666666666667,0.043478260869565216,0.4,0.022988505747126436,0.7372881355932204,0.03,0.039603960396039604,0.4,0.020833333333333332,0.8135593220338984
S3 S2+시간 파생,RF,RF,class_weight|feat=S3,7,37,0.03375501765339048,0.2884955752212389,0.0423728813559322,118,5,0.0,0.0,0.0,0.3433333333333333,0.0,0.0,0.0,0.0,0.056666666666666664,0.058823529411764705,0.6,0.030927835051546393,0.8220338983050848
S3 S2+시간 파생,RF,RF,class_weight|feat=S3,8,37,0.045139565503620804,0.4610619469026549,0.0423728813559322,118,5,0.0,0.0,0.2,0.0,0.08130081300813008,1.0,0.0423728813559322,1.0,0.03,0.09090909090909091,1.0,0.047619047619047616,0.8898305084745762
S3 S2+시간 파생,RF,RF,class_weight|feat=S3,9,37,0.06620935235787234,0.5451327433628319,0.0423728813559322,118,5,0.0,0.2,0.4,0.006666666666666667,0.08130081300813008,1.0,0.0423728813559322,1.0,0.02666666666666667,0.08771929824561403,1.0,0.045871559633027525,0.923728813559322
S3 S2+시간 파생,RF,RF,class_weight|feat=S3,10,37,0.034704362878123694,0.3201754385964912,0.04201680672268908,119,5,0.0,0.0,0.0,0.22333333333333333,0.0,0.0,0.0,0.025210084033613446,0.02,0.08333333333333333,1.0,0.043478260869565216,0.9663865546218487
S3 S2+시간 파생,RF,RF,class_weight|feat=S3,11,37,0.1297653256704981,0.6433628318584071,0.0423728813559322,118,5,0.2,0.4,0.4,0.016666666666666666,0.08196721311475409,1.0,0.042735042735042736,0.9915254237288136,0.02666666666666667,0.0847457627118644,1.0,0.04424778761061947,0.9576271186440678
S3 S2+시간 파생,RF,RF,class_weight|feat=S3,12,37,0.034914206235171504,0.31327433628318585,0.0423728813559322,118,5,0.0,0.0,0.0,0.023333333333333334,0.07142857142857142,0.8,0.037383177570093455,0.9067796610169492,0.04,0.06382978723404255,0.6,0.033707865168539325,0.7542372881355932
S3 S2+시간 파생,RF,RF,class_weight|feat=S3,13,37,0.04175193706748684,0.3433628318584071,0.0423728813559322,118,5,0.0,0.0,0.0,0.17333333333333334,0.0,0.0,0.0,0.19491525423728814,0.03333333333333333,0.0625,0.6,0.03296703296703297,0.7711864406779662
S3 S2+시간 파생,RF,RF,class_weight|feat=S3,14,37,0.039266870606500595,0.39646017699115044,0.0423728813559322,118,5,0.0,0.0,0.0,0.16333333333333333,0.0,0.0,0.0,0.1440677966101695,0.03,0.08620689655172414,1.0,0.04504504504504504,0.940677966101695
S3 S2+시간 파생,RF,RF,class_weight|feat=S3,15,37,0.10409248565614909,0.49912280701754386,0.04201680672268908,119,5,0.2,0.2,0.2,0.0,0.08064516129032258,1.0,0.04201680672268908,1.0,0.02666666666666667,0.06896551724137931,0.8,0.036036036036036036,0.9327731092436975
S3 S2+시간 파생,RF,RF,class_weight|feat=S3,16,37,0.04005222636290188,0.315929203539823,0.0423728813559322,118,5,0.0,0.0,0.2,0.05,0.04395604395604396,0.4,0.023255813953488372,0.7288135593220338,0.05,0.04395604395604396,0.4,0.023255813953488372,0.7288135593220338
S3 S2+시간 파생,RF,RF,class_weight|feat=S3,17,37,0.03568266377426491,0.3283185840707965,0.0423728813559322,118,5,0.0,0.0,0.0,0.21333333333333335,0.0,0.0,0.0,0.07627118644067797,0.03,0.09345794392523364,1.0,0.049019607843137254,0.864406779661017
S3 S2+시간 파생,RF,RF,class_weight|feat=S3,18,37,0.03923469387755101,0.38672566371681416,0.0423728813559322,118,5,0.0,0.0,0.0,0.0033333333333333335,0.08130081300813008,1.0,0.0423728813559322,1.0,0.016666666666666666,0.08333333333333333,1.0,0.043478260869565216,0.9745762711864406
S3 S2+시간 파생,RF,RF,class_weight|feat=S3,19,37,0.08738508518161363,0.55929203539823,0.0423728813559322,118,5,0.2,0.2,0.4,0.31333333333333335,0.0,0.0,0.0,0.01694915254237288,0.02,0.08771929824561403,1.0,0.045871559633027525,0.923728813559322
S3 S2+시간 파생,RF,RF,class_weight|feat=S3,20,37,0.033991747169087067,0.256140350877193,0.04201680672268908,119,5,0.0,0.0,0.0,0.08666666666666667,0.0,0.0,0.0,0.44537815126050423,0.03333333333333333,0.07476635514018691,0.8,0.0392156862745098,0.8571428571428571
S3 S2+시간 파생,RF,RF,class_weight|feat=S3,21,37,0.06440016039229474,0.47433628318584076,0.0423728813559322,118,5,0.0,0.2,0.2,0.006666666666666667,0.08130081300813008,1.0,0.0423728813559322,1.0,0.02,0.06896551724137931,0.8,0.036036036036036036,0.940677966101695
S3 S2+시간 파생,RF,RF,class_weight|feat=S3,22,37,0.06307374707604066,0.5672566371681416,0.0423728813559322,118,5,0.0,0.0,0.2,0.0,0.08130081300813008,1.0,0.0423728813559322,1.0,0.013333333333333334,0.08196721311475409,1.0,0.042735042735042736,0.9915254237288136
S3 S2+시간 파생,RF,RF,class_weight|feat=S3,23,37,0.03990426157790535,0.404424778761062,0.0423728813559322,118,5,0.0,0.0,0.0,0.0,0.08130081300813008,1.0,0.0423728813559322,1.0,0.02,0.08695652173913043,1.0,0.045454545454545456,0.9322033898305084
S3 S2+시간 파생,RF,RF,class_weight|feat=S3,24,37,0.13224725849695665,0.38849557522123895,0.0423728813559322,118,5,0.2,0.2,0.2,0.03666666666666667,0.09433962264150944,1.0,0.04950495049504951,0.8559322033898306,0.03666666666666667,0.09433962264150944,1.0,0.04950495049504951,0.8559322033898306
S3 S2+시간 파생,RF,RF,class_weight|feat=S3,25,37,0.03367517321121298,0.3,0.04201680672268908,119,5,0.0,0.0,0.0,0.016666666666666666,0.06666666666666667,0.8,0.034782608695652174,0.9663865546218487,0.03333333333333333,0.07476635514018691,0.8,0.0392156862745098,0.8571428571428571
S3 S2+시간 파생,RF,RF,class_weight|feat=S3,26,37,0.036598376279474154,0.3460176991150442,0.0423728813559322,118,5,0.0,0.0,0.0,0.02,0.06722689075630252,0.8,0.03508771929824561,0.9661016949152542,0.03333333333333333,0.07272727272727272,0.8,0.0380952380952381,0.8898305084745762
S3 S2+시간 파생,RF,RF,class_weight|feat=S3,27,37,0.055460775522404276,0.5690265486725664,0.0423728813559322,118,5,0.0,0.0,0.0,0.013333333333333334,0.08130081300813008,1.0,0.0423728813559322,1.0,0.023333333333333334,0.08333333333333333,1.0,0.043478260869565216,0.9745762711864406
S3 S2+시간 파생,RF,RF,class_weight|feat=S3,28,37,0.23211093990755008,0.35929203539823007,0.0423728813559322,118,5,0.2,0.2,0.2,0.016666666666666666,0.06896551724137931,0.8,0.036036036036036036,0.940677966101695,0.03333333333333333,0.039603960396039604,0.4,0.020833333333333332,0.8135593220338984
S3 S2+시간 파생,RF,RF,class_weight|feat=S3,29,37,0.038420683381530936,0.3858407079646018,0.0423728813559322,118,5,0.0,0.0,0.0,0.0,0.08130081300813008,1.0,0.0423728813559322,1.0,0.016666666666666666,0.08620689655172414,1.0,0.04504504504504504,0.940677966101695
S3 S2+시간 파생,RF,RF,class_weight|feat=S3,30,37,0.03892468497882679,0.3868421052631579,0.04201680672268908,119,5,0.0,0.0,0.0,0.016666666666666666,0.06611570247933884,0.8,0.034482758620689655,0.9747899159663865,0.02666666666666667,0.07017543859649122,0.8,0.03669724770642202,0.9159663865546218
S3 S2+시간 파생,RF,RF,class_weight|feat=S3,31,37,0.037199507707674676,0.352212389380531,0.0423728813559322,118,5,0.0,0.0,0.0,0.09666666666666666,0.0,0.0,0.0,0.2966101694915254,0.043333333333333335,0.06451612903225806,0.6,0.03409090909090909,0.7457627118644068
S3 S2+시간 파생,RF,RF,class_weight|feat=S3,32,37,0.09266248371511529,0.2761061946902655,0.0423728813559322,118,5,0.2,0.2,0.2,0.0033333333333333335,0.08130081300813008,1.0,0.0423728813559322,1.0,0.013333333333333334,0.08333333333333333,1.0,0.043478260869565216,0.9745762711864406
S3 S2+시간 파생,RF,RF,class_weight|feat=S3,33,37,0.03155189796779543,0.24513274336283186,0.0423728813559322,118,5,0.0,0.0,0.0,0.10333333333333333,0.0,0.0,0.0,0.4067796610169492,0.043333333333333335,0.05825242718446602,0.6,0.030612244897959183,0.8305084745762712
S3 S2+시간 파생,RF,RF,class_weight|feat=S3,34,37,0.07164080087761712,0.6238938053097346,0.0423728813559322,118,5,0.0,0.2,0.2,0.006666666666666667,0.08130081300813008,1.0,0.0423728813559322,1.0,0.02,0.0847457627118644,1.0,0.04424778761061947,0.9576271186440678
S3 S2+시간 파생,RF,RF,class_weight|feat=S3,35,37,0.045976694718113484,0.4359649122807018,0.04201680672268908,119,5,0.0,0.0,0.2,0.29333333333333333,0.0,0.0,0.0,0.025210084033613446,0.016666666666666666,0.08196721311475409,1.0,0.042735042735042736,0.9831932773109243
S3 S2+시간 파생,RF,RF,class_weight|feat=S3,36,37,0.036375732639183436,0.3345132743362832,0.0423728813559322,118,5,0.0,0.0,0.0,0.16333333333333333,0.0,0.0,0.0,0.2033898305084746,0.03666666666666667,0.06,0.6,0.031578947368421054,0.8050847457627118
S3 S2+시간 파생,RF,RF,class_weight|feat=S3,37,37,0.03922361775919783,0.3761061946902655,0.0423728813559322,118,5,0.0,0.0,0.0,0.51,0.0,0.0,0.0,0.0,0.016666666666666666,0.08403361344537816,1.0,0.043859649122807015,0.9661016949152542
S3 S2+시간 파생,RF,RF,class_weight|feat=S3,38,37,0.09854610027984641,0.42300884955752216,0.0423728813559322,118,5,0.2,0.2,0.2,0.02,0.0847457627118644,1.0,0.04424778761061947,0.9576271186440678,0.03,0.09009009009009009,1.0,0.04716981132075472,0.8983050847457628
S3 S2+시간 파생,RF,RF,class_weight|feat=S3,39,37,0.044674406107923025,0.4814159292035398,0.0423728813559322,118,5,0.0,0.0,0.0,0.06333333333333334,0.0963855421686747,0.8,0.05128205128205128,0.6610169491525424,0.03333333333333333,0.09900990099009901,1.0,0.052083333333333336,0.8135593220338984
S3 S2+시간 파생,RF,RF,class_weight|feat=S3,40,37,0.05623977209343063,0.49298245614035086,0.04201680672268908,119,5,0.0,0.0,0.2,0.013333333333333334,0.08196721311475409,1.0,0.042735042735042736,0.9831932773109243,0.023333333333333334,0.0847457627118644,1.0,0.04424778761061947,0.9495798319327731
S3 S2+시간 파생,RF,RF,class_weight|feat=S3,41,37,0.029228345400911772,0.17433628318584068,0.0423728813559322,118,5,0.0,0.0,0.0,0.05333333333333334,0.0,0.0,0.0,0.5423728813559322,0.04,0.0,0.0,0.0,0.6440677966101694
S3 S2+시간 파생,RF,RF,class_weight|feat=S3,42,37,0.03245399134085895,0.2274336283185841,0.0423728813559322,118,5,0.0,0.0,0.0,0.17666666666666667,0.0,0.0,0.0,0.11864406779661017,0.05,0.024390243902439025,0.2,0.012987012987012988,0.652542372881356
S3 S2+시간 파생,RF,RF,class_weight|feat=S3,43,37,0.065289510125701,0.5283185840707965,0.0423728813559322,118,5,0.0,0.2,0.4,0.22666666666666666,0.0,0.0,0.0,0.06779661016949153,0.03333333333333333,0.05825242718446602,0.6,0.030612244897959183,0.8305084745762712
S3 S2+시간 파생,RF,RF,class_weight|feat=S3,44,37,0.23927268419805733,0.5176991150442478,0.0423728813559322,118,5,0.2,0.2,0.2,0.013333333333333334,0.08196721311475409,1.0,0.042735042735042736,0.9915254237288136,0.03666666666666667,0.08,0.8,0.042105263157894736,0.8050847457627118
S3 S2+시간 파생,RF,RF,class_weight|feat=S3,45,37,0.031121459045056674,0.24210526315789477,0.04201680672268908,119,5,0.0,0.0,0.0,0.02,0.08695652173913043,1.0,0.045454545454545456,0.9243697478991597,0.03666666666666667,0.06,0.6,0.031578947368421054,0.7983193277310925
S3 S2+시간 파생,RF,RF,class_weight|feat=S3,46,37,0.04720218183361234,0.43539823008849554,0.0423728813559322,118,5,0.0,0.0,0.2,0.02,0.08403361344537816,1.0,0.043859649122807015,0.9661016949152542,0.03333333333333333,0.09009009009009009,1.0,0.04716981132075472,0.8983050847457628
S3 S2+시간 파생,RF,RF,class_weight|feat=S3,47,37,0.1027344088591924,0.447787610619469,0.0423728813559322,118,5,0.2,0.2,0.2,0.09333333333333334,0.07692307692307693,0.4,0.0425531914893617,0.3983050847457627,0.03666666666666667,0.08,0.8,0.042105263157894736,0.8050847457627118
S3 S2+시간 파생,RF,RF,class_weight|feat=S3,48,37,0.0604876724231563,0.5221238938053097,0.0423728813559322,118,5,0.0,0.0,0.4,0.02666666666666667,0.08849557522123894,1.0,0.046296296296296294,0.9152542372881356,0.03333333333333333,0.07766990291262135,0.8,0.04081632653061224,0.8305084745762712
S3 S2+시간 파생,RF,RF,class_weight|feat=S3,49,37,0.03572986234155649,0.2424778761061947,0.0423728813559322,118,5,0.0,0.0,0.0,0.21666666666666667,0.0,0.0,0.0,0.07627118644067797,0.03,0.06315789473684211,0.6,0.03333333333333333,0.7627118644067796
S3 S2+시간 파생,HGB,HGB,class_weight|feat=S3,0,37,0.049311113610318535,0.4929824561403509,0.04201680672268908,119,5,0.0,0.0,0.2,9.530873712064674e-05,0.08064516129032258,1.0,0.04201680672268908,1.0,0.0005849828601845836,0.08333333333333333,1.0,0.043478260869565216,0.9663865546218487
S3 S2+시간 파생,HGB,HGB,class_weight|feat=S3,1,37,0.036086321962305185,0.32212389380530976,0.0423728813559322,118,5,0.0,0.0,0.0,0.0037234463507995327,0.07017543859649122,0.8,0.03669724770642202,0.923728813559322,0.0007651025768898803,0.06557377049180328,0.8,0.03418803418803419,0.9915254237288136
S3 S2+시간 파생,HGB,HGB,class_weight|feat=S3,2,37,0.035516698629663966,0.3221238938053097,0.0423728813559322,118,5,0.0,0.0,0.0,0.0001638300032422705,0.08130081300813008,1.0,0.0423728813559322,1.0,0.0003808295328034994,0.08264462809917356,1.0,0.04310344827586207,0.9830508474576272
S3 S2+시간 파생,HGB,HGB,class_weight|feat=S3,3,37,0.1430379903864409,0.5486725663716814,0.0423728813559322,118,5,0.2,0.2,0.2,0.00045502664279943025,0.08196721311475409,1.0,0.042735042735042736,0.9915254237288136,0.0012192105346906293,0.08333333333333333,1.0,0.043478260869565216,0.9745762711864406
S3 S2+시간 파생,HGB,HGB,class_weight|feat=S3,4,37,0.04439609431866069,0.44778761061946903,0.0423728813559322,118,5,0.0,0.0,0.0,0.02900582769178107,0.06153846153846154,0.4,0.03333333333333333,0.5084745762711864,0.0032143379905036308,0.07407407407407407,0.8,0.038834951456310676,0.8728813559322034
S3 S2+시간 파생,HGB,HGB,class_weight|feat=S3,5,37,0.07721958834412582,0.4964912280701754,0.04201680672268908,119,5,0.2,0.2,0.2,0.0065356791668466935,0.06976744186046512,0.6,0.037037037037037035,0.680672268907563,0.0018323356437403321,0.09433962264150944,1.0,0.04950495049504951,0.8487394957983193
S3 S2+시간 파생,HGB,HGB,class_weight|feat=S3,6,37,0.037649491576790775,0.35575221238938054,0.0423728813559322,118,5,0.0,0.0,0.0,3.782172996222867e-05,0.08130081300813008,1.0,0.0423728813559322,1.0,0.00044631476885600833,0.08196721311475409,1.0,0.042735042735042736,0.9915254237288136
S3 S2+시간 파생,HGB,HGB,class_weight|feat=S3,7,37,0.034251882828440355,0.26548672566371684,0.0423728813559322,118,5,0.0,0.0,0.0,0.21579386347985843,0.0,0.0,0.0,0.09322033898305085,0.001921256982486796,0.08403361344537816,1.0,0.043859649122807015,0.9661016949152542
S3 S2+시간 파생,HGB,HGB,class_weight|feat=S3,8,37,0.052857369008216956,0.5486725663716814,0.0423728813559322,118,5,0.0,0.0,0.0,5.534743546095458e-05,0.08130081300813008,1.0,0.0423728813559322,1.0,0.0003254288628219185,0.08196721311475409,1.0,0.042735042735042736,0.9915254237288136
S3 S2+시간 파생,HGB,HGB,class_weight|feat=S3,9,37,0.05256400482815578,0.4761061946902655,0.0423728813559322,118,5,0.0,0.0,0.2,0.00017550159536110807,0.08130081300813008,1.0,0.0423728813559322,1.0,0.0010371659793029404,0.08130081300813008,1.0,0.0423728813559322,1.0
S3 S2+시간 파생,HGB,HGB,class_weight|feat=S3,10,37,0.03990518866010812,0.4,0.04201680672268908,119,5,0.0,0.0,0.0,0.8412094988395621,0.0,0.0,0.0,0.0,0.0007883176540014331,0.08130081300813008,1.0,0.0423728813559322,0.9915966386554622
S3 S2+시간 파생,HGB,HGB,class_weight|feat=S3,11,37,0.0732348672415265,0.6176991150442478,0.0423728813559322,118,5,0.0,0.0,0.2,0.0008783236918953996,0.08264462809917356,1.0,0.04310344827586207,0.9830508474576272,0.0023787602220521494,0.08403361344537816,1.0,0.043859649122807015,0.9661016949152542
S3 S2+시간 파생,HGB,HGB,class_weight|feat=S3,12,37,0.041391347235968344,0.42300884955752216,0.0423728813559322,118,5,0.0,0.0,0.0,0.1959295405446521,0.0,0.0,0.0,0.11864406779661017,0.0016566666522138673,0.08849557522123894,1.0,0.046296296296296294,0.9152542372881356
S3 S2+시간 파생,HGB,HGB,class_weight|feat=S3,13,37,0.0372523573760242,0.34513274336283184,0.0423728813559322,118,5,0.0,0.0,0.0,0.34315573719022113,0.0,0.0,0.0,0.06779661016949153,0.001449535740031331,0.07407407407407407,0.8,0.038834951456310676,0.8728813559322034
S3 S2+시간 파생,HGB,HGB,class_weight|feat=S3,14,37,0.04524587891582965,0.45486725663716815,0.0423728813559322,118,5,0.0,0.0,0.2,2.115249081184256e-05,0.08130081300813008,1.0,0.0423728813559322,1.0,0.0011718605264805144,0.08196721311475409,1.0,0.042735042735042736,0.9915254237288136
S3 S2+시간 파생,HGB,HGB,class_weight|feat=S3,15,37,0.10171824629271439,0.6666666666666667,0.04201680672268908,119,5,0.2,0.2,0.4,0.0002900842683230949,0.08064516129032258,1.0,0.04201680672268908,1.0,0.0015730293110163248,0.08264462809917356,1.0,0.04310344827586207,0.9747899159663865
S3 S2+시간 파생,HGB,HGB,class_weight|feat=S3,16,37,0.0389942018686031,0.32035398230088497,0.0423728813559322,118,5,0.0,0.0,0.2,0.028345102437345237,0.06451612903225806,0.4,0.03508771929824561,0.4830508474576271,0.0012748983565729864,0.06896551724137931,0.8,0.036036036036036036,0.940677966101695
S3 S2+시간 파생,HGB,HGB,class_weight|feat=S3,17,37,0.04016250822227628,0.38584070796460174,0.0423728813559322,118,5,0.0,0.0,0.0,0.0025005502301597505,0.07079646017699115,0.8,0.037037037037037035,0.9152542372881356,0.0028147535308802865,0.07339449541284404,0.8,0.038461538461538464,0.8813559322033898
S3 S2+시간 파생,HGB,HGB,class_weight|feat=S3,18,37,0.04933768195275234,0.4300884955752212,0.0423728813559322,118,5,0.0,0.0,0.2,0.02402786317891033,0.046511627906976744,0.4,0.024691358024691357,0.6864406779661016,0.0010854209258834,0.08130081300813008,1.0,0.0423728813559322,1.0
S3 S2+시간 파생,HGB,HGB,class_weight|feat=S3,19,37,0.24276306529871478,0.5292035398230088,0.0423728813559322,118,5,0.2,0.2,0.2,0.0001201250272962479,0.08130081300813008,1.0,0.0423728813559322,1.0,0.0005007108532164369,0.08264462809917356,1.0,0.04310344827586207,0.9830508474576272
S3 S2+시간 파생,HGB,HGB,class_weight|feat=S3,20,37,0.03165541466607306,0.24210526315789474,0.04201680672268908,119,5,0.0,0.0,0.0,0.18507195446161348,0.0,0.0,0.0,0.15126050420168066,0.0010675048427583344,0.0847457627118644,1.0,0.04424778761061947,0.9495798319327731
S3 S2+시간 파생,HGB,HGB,class_weight|feat=S3,21,37,0.07158269626354734,0.5752212389380531,0.0423728813559322,118,5,0.0,0.2,0.4,0.0004308674387681674,0.08130081300813008,1.0,0.0423728813559322,1.0,0.0012191127642552258,0.0847457627118644,1.0,0.04424778761061947,0.9576271186440678
S3 S2+시간 파생,HGB,HGB,class_weight|feat=S3,22,37,0.03982512816562645,0.3787610619469027,0.0423728813559322,118,5,0.0,0.0,0.0,0.0001286556567125563,0.08130081300813008,1.0,0.0423728813559322,1.0,0.00044938640311835036,0.08130081300813008,1.0,0.0423728813559322,1.0
S3 S2+시간 파생,HGB,HGB,class_weight|feat=S3,23,37,0.04852139504450429,0.48672566371681414,0.0423728813559322,118,5,0.0,0.0,0.0,0.00014032590347976332,0.08130081300813008,1.0,0.0423728813559322,1.0,0.0005379997954511709,0.08130081300813008,1.0,0.0423728813559322,1.0
S3 S2+시간 파생,HGB,HGB,class_weight|feat=S3,24,37,0.05351898335091612,0.4955752212389381,0.0423728813559322,118,5,0.0,0.0,0.2,0.0010316238081421417,0.08196721311475409,1.0,0.042735042735042736,0.9915254237288136,0.001053070774208398,0.08196721311475409,1.0,0.042735042735042736,0.9915254237288136
S3 S2+시간 파생,HGB,HGB,class_weight|feat=S3,25,37,0.04025666219214606,0.3666666666666667,0.04201680672268908,119,5,0.0,0.0,0.2,0.0029232894867815017,0.07142857142857142,0.8,0.037383177570093455,0.8991596638655462,0.0034749838192456232,0.07476635514018691,0.8,0.0392156862745098,0.8571428571428571
S3 S2+시간 파생,HGB,HGB,class_weight|feat=S3,26,37,0.04917063878843454,0.48849557522123893,0.0423728813559322,118,5,0.0,0.0,0.0,0.0002908533314323937,0.08130081300813008,1.0,0.0423728813559322,1.0,0.0007895445430859174,0.08196721311475409,1.0,0.042735042735042736,0.9915254237288136
S3 S2+시간 파생,HGB,HGB,class_weight|feat=S3,27,37,0.051900371614657326,0.5132743362831858,0.0423728813559322,118,5,0.0,0.0,0.0,0.3834280782453535,0.0,0.0,0.0,0.03389830508474576,0.0011575100614265841,0.08333333333333333,1.0,0.043478260869565216,0.9745762711864406
S3 S2+시간 파생,HGB,HGB,class_weight|feat=S3,28,37,0.13633947042821543,0.4,0.0423728813559322,118,5,0.2,0.2,0.2,0.13649391350670234,0.08333333333333333,0.2,0.05263157894736842,0.16101694915254236,0.00046889733654836347,0.05,0.6,0.02608695652173913,0.9745762711864406
S3 S2+시간 파생,HGB,HGB,class_weight|feat=S3,29,37,0.03674046381213856,0.3469026548672567,0.0423728813559322,118,5,0.0,0.0,0.0,3.995298313974327e-05,0.08130081300813008,1.0,0.0423728813559322,1.0,0.0005744216059896668,0.08130081300813008,1.0,0.0423728813559322,1.0
S3 S2+시간 파생,HGB,HGB,class_weight|feat=S3,30,37,0.042414525618859986,0.3631578947368421,0.04201680672268908,119,5,0.0,0.0,0.2,0.0001490086443215568,0.08064516129032258,1.0,0.04201680672268908,1.0,0.000665110968844489,0.06666666666666667,0.8,0.034782608695652174,0.9663865546218487
S3 S2+시간 파생,HGB,HGB,class_weight|feat=S3,31,37,0.06797900640312557,0.415929203539823,0.0423728813559322,118,5,0.2,0.2,0.2,0.0016195448360812662,0.07079646017699115,0.8,0.037037037037037035,0.9152542372881356,0.0017444638475458854,0.07079646017699115,0.8,0.037037037037037035,0.9152542372881356
S3 S2+시간 파생,HGB,HGB,class_weight|feat=S3,32,37,0.13822670649085744,0.5168141592920354,0.0423728813559322,118,5,0.2,0.2,0.2,0.00022086091930437709,0.08130081300813008,1.0,0.0423728813559322,1.0,0.00029999010243497227,0.08130081300813008,1.0,0.0423728813559322,1.0
S3 S2+시간 파생,HGB,HGB,class_weight|feat=S3,33,37,0.03897356152846128,0.3823008849557522,0.0423728813559322,118,5,0.0,0.0,0.0,0.05881350209613789,0.045454545454545456,0.2,0.02564102564102564,0.3305084745762712,0.0020329158071403087,0.08403361344537816,1.0,0.043859649122807015,0.9661016949152542
S3 S2+시간 파생,HGB,HGB,class_weight|feat=S3,34,37,0.042465695932777166,0.431858407079646,0.0423728813559322,118,5,0.0,0.0,0.0,9.695364078687807e-05,0.08130081300813008,1.0,0.0423728813559322,1.0,0.0004124481487364477,0.08130081300813008,1.0,0.0423728813559322,1.0
S3 S2+시간 파생,HGB,HGB,class_weight|feat=S3,35,37,0.04390731975172203,0.4035087719298246,0.04201680672268908,119,5,0.0,0.0,0.0,0.273315335098203,0.0,0.0,0.0,0.06722689075630252,0.0008828824633418548,0.06611570247933884,0.8,0.034482758620689655,0.9747899159663865
S3 S2+시간 파생,HGB,HGB,class_weight|feat=S3,36,37,0.059587075558037446,0.5557522123893806,0.0423728813559322,118,5,0.0,0.0,0.2,0.005906967705334767,0.08080808080808081,0.8,0.0425531914893617,0.7966101694915254,0.002367995555916191,0.07272727272727272,0.8,0.0380952380952381,0.8898305084745762
S3 S2+시간 파생,HGB,HGB,class_weight|feat=S3,37,37,0.0335533023479297,0.2761061946902655,0.0423728813559322,118,5,0.0,0.0,0.0,7.945804755858349e-05,0.08130081300813008,1.0,0.0423728813559322,1.0,0.00044504514869172026,0.08130081300813008,1.0,0.0423728813559322,1.0
S3 S2+시간 파생,HGB,HGB,class_weight|feat=S3,38,37,0.060374605842078294,0.4548672566371681,0.0423728813559322,118,5,0.0,0.2,0.4,0.0018672181744217222,0.06722689075630252,0.8,0.03508771929824561,0.9661016949152542,0.001927826828294745,0.06722689075630252,0.8,0.03508771929824561,0.9661016949152542
S3 S2+시간 파생,HGB,HGB,class_weight|feat=S3,39,37,0.053126632244279305,0.5469026548672566,0.0423728813559322,118,5,0.0,0.0,0.2,0.00010532965926935998,0.08130081300813008,1.0,0.0423728813559322,1.0,0.001596204518184162,0.08547008547008547,1.0,0.044642857142857144,0.9491525423728814
S3 S2+시간 파생,HGB,HGB,class_weight|feat=S3,40,37,0.03792575946066168,0.36491228070175435,0.04201680672268908,119,5,0.0,0.0,0.0,0.00014065009896791053,0.08064516129032258,1.0,0.04201680672268908,1.0,0.0007840765025143415,0.08064516129032258,1.0,0.04201680672268908,1.0
S3 S2+시간 파생,HGB,HGB,class_weight|feat=S3,41,37,0.03598148027712701,0.32743362831858414,0.0423728813559322,118,5,0.0,0.0,0.0,0.0042816639840663005,0.0449438202247191,0.4,0.023809523809523808,0.711864406779661,0.001513326617882196,0.09259259259259259,1.0,0.04854368932038835,0.8728813559322034
S3 S2+시간 파생,HGB,HGB,class_weight|feat=S3,42,37,0.03184408087766297,0.23893805309734517,0.0423728813559322,118,5,0.0,0.0,0.0,0.03216819087569195,0.0,0.0,0.0,0.4576271186440678,0.0011549227073145174,0.06611570247933884,0.8,0.034482758620689655,0.9830508474576272
S3 S2+시간 파생,HGB,HGB,class_weight|feat=S3,43,37,0.05217380320828597,0.41769911504424784,0.0423728813559322,118,5,0.0,0.2,0.2,0.3004024899208514,0.0,0.0,0.0,0.059322033898305086,0.001643085485179915,0.06779661016949153,0.8,0.035398230088495575,0.9576271186440678
S3 S2+시간 파생,HGB,HGB,class_weight|feat=S3,44,37,0.0806072170420386,0.5079646017699115,0.0423728813559322,118,5,0.2,0.2,0.2,0.0013500761649925975,0.06896551724137931,0.8,0.036036036036036036,0.940677966101695,0.002073501214119535,0.07142857142857142,0.8,0.037383177570093455,0.9067796610169492
S3 S2+시간 파생,HGB,HGB,class_weight|feat=S3,45,37,0.03242057052562222,0.2596491228070176,0.04201680672268908,119,5,0.0,0.0,0.0,0.06032666544720641,0.0,0.0,0.0,0.2605042016806723,0.0006886973643127975,0.08064516129032258,1.0,0.04201680672268908,1.0
S3 S2+시간 파생,HGB,HGB,class_weight|feat=S3,46,37,0.04281879730935534,0.41769911504424784,0.0423728813559322,118,5,0.0,0.0,0.0,8.025707098313261e-05,0.08130081300813008,1.0,0.0423728813559322,1.0,0.001242379886608364,0.08264462809917356,1.0,0.04310344827586207,0.9830508474576272
S3 S2+시간 파생,HGB,HGB,class_weight|feat=S3,47,37,0.12160205611479975,0.48849557522123904,0.0423728813559322,118,5,0.2,0.4,0.4,0.01049750455435687,0.04878048780487805,0.4,0.025974025974025976,0.652542372881356,0.0010885247976427231,0.06722689075630252,0.8,0.03508771929824561,0.9661016949152542
S3 S2+시간 파생,HGB,HGB,class_weight|feat=S3,48,37,0.12207636207636209,0.5451327433628319,0.0423728813559322,118,5,0.2,0.4,0.4,0.05136707163438807,0.09302325581395349,0.4,0.05263157894736842,0.3220338983050847,0.002011772841557759,0.07476635514018691,0.8,0.0392156862745098,0.864406779661017
S3 S2+시간 파생,HGB,HGB,class_weight|feat=S3,49,37,0.034038029335363304,0.2884955752212389,0.0423728813559322,118,5,0.0,0.0,0.0,0.2326251498221102,0.0,0.0,0.0,0.06779661016949153,0.0025861865183506743,0.06315789473684211,0.6,0.03333333333333333,0.7627118644067796
