Original_Index,PassOrFail,Injection_Time,Filling_Time,Plasticizing_Time,Cycle_Time,Clamp_Close_Time,Cushion_Position,Plasticizing_Position,Clamp_Open_Position,Max_Injection_Speed,Max_Screw_RPM,Average_Screw_RPM,Max_Injection_Pressure,Max_Switch_Over_Pressure,Max_Back_Pressure,Average_Back_Pressure,Barrel_Temperature_1,Barrel_Temperature_2,Barrel_Temperature_3,Barrel_Temperature_4,Barrel_Temperature_5,Barrel_Temperature_6,Hopper_Temperature,Mold_Temperature_3,Mold_Temperature_4,shot_id,Virtual_ID,EMA_Injection_Time,EMA_Mold_Temp_3
0,0,1.6791231457990747,1.4913973266059182,-0.4780166405694042,0.3610474934661032,0.978580361513066,-0.7111644212715653,1.532018306645547,0.0,-1.152397931452831,-0.7957303657393812,-0.1320216408453801,0.6352098982042783,1.256517846341055,-0.9166764570729355,-0.5337734380587921,0.7290726830027427,-1.598067666144733,-0.6723496009936615,-1.5366198413650238,0.0081329123687887,-1.352970421883273,-1.780462779332781,1.0230939995192114,1.2875735186304924,0,0,1.6791231457990747,1.0230939995192114
1,0,2.080358148834239,1.8943715670255628,-0.5271002318901759,1.886261212458589,0.978580361513066,-0.7111644212715653,1.4716080594590133,0.0,-1.3470951335030374,0.0495531864788385,-0.1320216408453801,0.6352098982042783,1.5732314042730364,-0.740752302019579,-0.5337734380587921,0.0561532265506022,0.6225566488328472,0.914107037788434,0.5040506141306441,-0.9150982058149448,-2.263699609058966,-0.8740180134372624,1.0230939995192114,1.3373391758428137,1,0,1.752074964532741,1.0230939995192114
2,0,2.080358148834239,1.8943715670255628,-0.5271002318901759,1.886261212458589,0.978580361513066,-0.7111644212715653,1.4716080594590133,0.0,-1.3470951335030374,0.0495531864788385,-0.1320216408453801,0.6352098982042783,1.5732314042730364,-0.740752302019579,-0.5337734380587921,0.0561532265506022,0.6225566488328472,0.914107037788434,0.5040506141306441,-0.9150982058149448,-2.263699609058966,-0.8740180134372624,1.0230939995192114,1.3373391758428137,1,1,1.752074964532741,1.0230939995192114
3,0,1.6791231457990747,1.8943715670255628,-0.5271002318901759,1.3778566394610936,0.978580361513066,1.2025024719774604,1.4716080594590133,0.0,-1.3470951335030374,1.7401525364158583,-0.1320216408453801,0.6352098982042783,1.256517846341055,-0.740752302019579,-0.5337734380587921,0.7290726830027427,-0.7653547258750445,1.2314177314706196,0.8867055170065484,-0.2996264461875506,0.0131581009717891,-1.176163707375902,1.1661623978132605,1.3373391758428137,2,0,1.7388109974902561,1.049106435572675
4,0,1.6791231457990747,1.8943715670255628,-0.5271002318901759,1.3778566394610936,0.978580361513066,1.2025024719774604,1.4716080594590133,0.0,-1.3470951335030374,1.7401525364158583,-0.1320216408453801,0.6352098982042783,1.256517846341055,-0.740752302019579,-0.5337734380587921,0.7290726830027427,-0.7653547258750445,1.2314177314706196,0.8867055170065484,-0.2996264461875506,0.0131581009717891,-1.176163707375902,1.1661623978132605,1.3373391758428137,2,1,1.7388109974902561,1.049106435572675
5,0,1.2778881427639106,1.0884423010556434,-0.5761838232109475,1.886261212458589,0.978580361513066,-0.7111644212715653,1.4716080594590133,0.0,-0.7630183812301254,0.8948528614473485,-0.1320216408453801,-0.409975441194734,-0.0104813786226104,-0.3888972808365303,-0.1526344120765995,0.2804140749063715,0.0673582143946439,0.5968931737350806,1.2693214965884974,0.0081329123687887,0.0131581009717891,-0.571864635419023,1.1661623978132605,1.3373391758428137,3,0,1.655006842085466,1.0703893377982359
6,0,1.2778881427639106,1.0884423010556434,-0.5761838232109475,1.886261212458589,0.978580361513066,-0.7111644212715653,1.4716080594590133,0.0,-0.7630183812301254,0.8948528614473485,-0.1320216408453801,-0.409975441194734,-0.0104813786226104,-0.3888972808365303,-0.1526344120765995,0.2804140749063715,0.0673582143946439,0.5968931737350806,1.2693214965884974,0.0081329123687887,0.0131581009717891,-0.571864635419023,1.1661623978132605,1.3373391758428137,3,1,1.655006842085466,1.0703893377982359
7,0,1.2778881427639106,1.0884423010556434,-0.4780166405694042,1.3778566394610936,0.978580361513066,-0.7111644212715653,1.532018306645547,0.0,-0.9577081563414782,-1.641030040707891,-1.2905901162753592,0.6352098982042783,0.9397559573304936,-0.9166764570729355,-0.5337734380587921,-0.8411639896421402,0.3449574316137456,-0.0377282136292905,1.141769862296529,0.0081329123687887,0.0131581009717891,-1.075448476063022,1.1661623978132605,1.3373391758428137,4,0,1.5864398058451832,1.087802621437331
8,0,1.2778881427639106,1.0884423010556434,-0.4780166405694042,1.3778566394610936,0.978580361513066,-0.7111644212715653,1.532018306645547,0.0,-0.9577081563414782,-1.641030040707891,-1.2905901162753592,0.6352098982042783,0.9397559573304936,-0.9166764570729355,-0.5337734380587921,-0.8411639896421402,0.3449574316137456,-0.0377282136292905,1.141769862296529,0.0081329123687887,0.0131581009717891,-1.075448476063022,1.1661623978132605,1.3373391758428137,4,1,1.5864398058451832,1.087802621437331
9,0,0.8766531397287465,0.6854680606359991,-0.5271002318901759,0.3610474934661032,2.8595367380268515,-0.7111644212715653,1.411243891789784,0.0,-0.5683211791799189,0.0495531864788385,-0.1320216408453801,-1.4550013077009485,-0.0104813786226104,-1.444462344385676,-1.2960369510559453,-1.0654248379979097,-1.042953943094146,-0.6723496009936615,0.5040506141306441,1.239076431623577,0.4685574366511583,-1.3776018540812611,1.0230939995192114,1.2875735186304924,5,0,1.4573876847331038,1.0760374174522183
10,0,0.8766531397287465,0.6854680606359991,-0.5271002318901759,0.3610474934661032,2.8595367380268515,-0.7111644212715653,1.411243891789784,0.0,-0.5683211791799189,0.0495531864788385,-0.1320216408453801,-1.4550013077009485,-0.0104813786226104,-1.444462344385676,-1.2960369510559453,-1.0654248379979097,-1.042953943094146,-0.6723496009936615,0.5040506141306441,1.239076431623577,0.4685574366511583,-1.3776018540812611,1.0230939995192114,1.2875735186304924,5,1,1.4573876847331038,1.0760374174522183
11,0,0.4754564005695154,0.6854680606359991,-0.5761838232109475,0.3610474934661032,2.8595367380268515,-0.7111644212715653,1.4716080594590133,0.0,-0.5683211791799189,-0.7957303657393812,-0.1320216408453801,-1.4550013077009485,-0.327194936554592,-1.7963106544923897,-1.677161438070906,0.0561532265506022,-0.2101562914368412,-1.6241848524113862,-0.1336686340352409,0.0081329123687887,0.4685574366511583,-1.075448476063022,1.1661623978132605,1.3373391758428137,6,0,1.2788547239760877,1.0924237775178622
12,0,0.4754564005695154,0.6854680606359991,-0.5761838232109475,0.3610474934661032,2.8595367380268515,-0.7111644212715653,1.4716080594590133,0.0,-0.5683211791799189,-0.7957303657393812,-0.1320216408453801,-1.4550013077009485,-0.327194936554592,-1.7963106544923897,-1.677161438070906,0.0561532265506022,-0.2101562914368412,-1.6241848524113862,-0.1336686340352409,0.0081329123687887,0.4685574366511583,-1.075448476063022,1.1661623978132605,1.3373391758428137,6,1,1.2788547239760877,1.0924237775178622
13,0,0.8766531397287465,0.6854680606359991,-0.5761838232109475,0.3610474934661032,0.978580361513066,-0.7111644212715653,1.4716080594590133,0.0,-0.5683211791799189,0.0495531864788385,-0.1320216408453801,-0.409975441194734,-1.277432272507696,-1.7963106544923897,-1.677161438070906,0.5047433789545571,-1.320553160313248,-0.0377282136292905,-1.281555496075043,1.239076431623577,-1.352970421883273,-0.0682807947750239,1.1661623978132605,1.3373391758428137,7,0,1.2057271632038438,1.1058307993897527
14,0,0.8766531397287465,0.6854680606359991,-0.5761838232109475,0.3610474934661032,0.978580361513066,-0.7111644212715653,1.4716080594590133,0.0,-0.5683211791799189,0.0495531864788385,-0.1320216408453801,-0.409975441194734,-1.277432272507696,-1.7963106544923897,-1.677161438070906,0.5047433789545571,-1.320553160313248,-0.0377282136292905,-1.281555496075043,1.239076431623577,-1.352970421883273,-0.0682807947750239,1.1661623978132605,1.3373391758428137,7,1,1.2057271632038438,1.1058307993897527
15,0,1.2778881427639106,1.4913973266059182,-0.4780166405694042,0.3610474934661032,0.978580361513066,-0.7111644212715653,1.532018306645547,0.0,-1.152397931452831,-0.7957303657393812,-1.2905901162753592,0.6352098982042783,0.9397559573304936,-1.620386499439033,-1.2960369510559453,-0.1681760774975834,-0.7653547258750445,0.914107037788434,-1.79172310994896,1.239076431623577,0.0131581009717891,-1.176163707375902,1.0230939995192114,1.2378078614181711,8,0,1.218847341305674,1.090787744867836
16,0,1.2778881427639106,1.4913973266059182,-0.4780166405694042,0.3610474934661032,0.978580361513066,-0.7111644212715653,1.532018306645547,0.0,-1.152397931452831,-0.7957303657393812,-1.2905901162753592,0.6352098982042783,0.9397559573304936,-1.620386499439033,-1.2960369510559453,-0.1681760774975834,-0.7653547258750445,0.914107037788434,-1.79172310994896,1.239076431623577,0.0131581009717891,-1.176163707375902,1.0230939995192114,1.2378078614181711,8,1,1.218847341305674,1.090787744867836
17,0,1.2778881427639106,1.4913973266059182,-0.4780166405694042,0.3610474934661032,0.978580361513066,-0.7111644212715653,1.4716080594590133,0.0,-0.9577081563414782,-0.7957303657393812,-1.2905901162753592,-0.409975441194734,1.256517846341055,-1.444462344385676,-1.2960369510559453,0.5047433789545571,-0.7653547258750445,2.50056367657053,-1.664171475656992,-1.8383293239986784,-0.8975710862039038,-0.2697112574007837,0.9515611647735516,1.3373391758428137,9,0,1.2295820324798987,1.0654738212143298
18,0,1.2778881427639106,1.4913973266059182,-0.4780166405694042,0.3610474934661032,0.978580361513066,-0.7111644212715653,1.4716080594590133,0.0,-0.9577081563414782,-0.7957303657393812,-1.2905901162753592,-0.409975441194734,1.256517846341055,-1.444462344385676,-1.2960369510559453,0.5047433789545571,-0.7653547258750445,2.50056367657053,-1.664171475656992,-1.8383293239986784,-0.8975710862039038,-0.2697112574007837,0.9515611647735516,1.3373391758428137,9,1,1.2295820324798987,1.0654738212143298
19,0,1.2778881427639106,1.4913973266059182,-0.3307658666070892,0.3610474934661032,0.978580361513066,-0.7111644212715653,1.4716080594590133,0.0,-0.9577081563414782,-0.7957303657393812,-1.2905901162753592,-0.409975441194734,0.9397559573304936,-0.9166764570729355,-0.5337734380587921,1.626321443503069,-0.4877555086559428,0.279582480052895,-1.409107130367011,-0.2996264461875506,0.0131581009717891,-0.4711494041061431,0.9515611647735516,1.18804220420585,10,0,1.2383649616224464,1.0447624291341882
20,0,1.2778881427639106,1.4913973266059182,-0.3307658666070892,0.3610474934661032,0.978580361513066,-0.7111644212715653,1.4716080594590133,0.0,-0.9577081563414782,-0.7957303657393812,-1.2905901162753592,-0.409975441194734,0.9397559573304936,-0.9166764570729355,-0.5337734380587921,1.626321443503069,-0.4877555086559428,0.279582480052895,-1.409107130367011,-0.2996264461875506,0.0131581009717891,-0.4711494041061431,0.9515611647735516,1.18804220420585,10,1,1.2383649616224464,1.0447624291341882
21,0,1.6791231457990747,1.8943715670255628,-0.5761838232109475,0.3610474934661032,0.978580361513066,-0.7111644212715653,1.4716080594590133,0.0,-1.152397931452831,0.0495531864788385,-0.1320216408453801,0.6352098982042783,0.623042399398512,-0.740752302019579,-0.5337734380587921,0.2804140749063715,0.3449574316137456,0.279582480052895,0.3765379031326314,-1.2228106068859994,-0.8975710862039038,-1.9819009260381404,1.0946281986662358,1.3373391758428137,11,0,1.3185028132909242,1.0538289326854695
22,0,1.6791231457990747,1.8943715670255628,-0.5761838232109475,0.3610474934661032,0.978580361513066,-0.7111644212715653,1.4716080594590133,0.0,-1.152397931452831,0.0495531864788385,-0.1320216408453801,0.6352098982042783,0.623042399398512,-0.740752302019579,-0.5337734380587921,0.2804140749063715,0.3449574316137456,0.279582480052895,0.3765379031326314,-1.2228106068859994,-0.8975710862039038,-1.9819009260381404,1.0946281986662358,1.3373391758428137,11,1,1.3185028132909242,1.0538289326854695
23,0,1.6791231457990747,1.4913973266059182,-0.5271002318901759,1.3778566394610936,0.978580361513066,-0.7111644212715653,1.592428553832081,0.0,-1.152397931452831,-1.641030040707891,-0.1320216408453801,0.6352098982042783,1.256517846341055,-0.3888972808365303,-0.1526344120765995,-0.1681760774975834,-1.320553160313248,-1.6241848524113862,1.5244247651724334,-1.5305699654423388,-1.8083002733795968,-0.9747332447501422,1.0946281986662358,1.2875735186304924,12,0,1.3840701464742242,1.0612469810456089
24,0,1.6791231457990747,1.4913973266059182,-0.5271002318901759,1.3778566394610936,0.978580361513066,-0.7111644212715653,1.592428553832081,0.0,-1.152397931452831,-1.641030040707891,-0.1320216408453801,0.6352098982042783,1.256517846341055,-0.3888972808365303,-0.1526344120765995,-0.1681760774975834,-1.320553160313248,-1.6241848524113862,1.5244247651724334,-1.5305699654423388,-1.8083002733795968,-0.9747332447501422,1.0946281986662358,1.2875735186304924,12,1,1.3840701464742242,1.0612469810456089
25,0,1.6791231457990747,1.4913973266059182,-0.5761838232109475,1.886261212458589,0.978580361513066,-0.7111644212715653,1.411243891789784,0.0,-1.152397931452831,-1.641030040707891,-0.1320216408453801,-0.409975441194734,1.256517846341055,-0.740752302019579,-0.5337734380587921,0.0561532265506022,-0.7653547258750445,1.2314177314706196,1.7794891104624142,0.0081329123687887,0.4685574366511583,-0.571864635419023,1.0946281986662358,1.2875735186304924,13,0,1.4377161463514698,1.0673162933402682
26,0,1.6791231457990747,1.4913973266059182,-0.5761838232109475,1.886261212458589,0.978580361513066,-0.7111644212715653,1.411243891789784,0.0,-1.152397931452831,-1.641030040707891,-0.1320216408453801,-0.409975441194734,1.256517846341055,-0.740752302019579,-0.5337734380587921,0.0561532265506022,-0.7653547258750445,1.2314177314706196,1.7794891104624142,0.0081329123687887,0.4685574366511583,-0.571864635419023,1.0946281986662358,1.2875735186304924,13,1,1.4377161463514698,1.0673162933402682
27,0,0.4754564005695154,0.6854680606359991,-0.6252674145317192,1.3778566394610936,0.978580361513066,-0.7111644212715653,1.4716080594590133,0.0,-0.3736314040685661,0.0495531864788385,-0.1320216408453801,-1.4550013077009485,-0.9606703834971348,-1.2685314782559842,-0.9148979250737528,-1.2897541420460952,-0.2101562914368412,0.279582480052895,1.9070407447543825,1.239076431623577,0.923887288147482,-1.780462779332781,1.0946281986662358,1.2875735186304924,14,0,1.262759828936569,1.072282094308626
28,0,0.4754564005695154,0.6854680606359991,-0.6252674145317192,1.3778566394610936,0.978580361513066,-0.7111644212715653,1.4716080594590133,0.0,-0.3736314040685661,0.0495531864788385,-0.1320216408453801,-1.4550013077009485,-0.9606703834971348,-1.2685314782559842,-0.9148979250737528,-1.2897541420460952,-0.2101562914368412,0.279582480052895,1.9070407447543825,1.239076431623577,0.923887288147482,-1.780462779332781,1.0946281986662358,1.2875735186304924,14,1,1.262759828936569,1.072282094308626
29,0,0.4754564005695154,0.6854680606359991,-0.6743510058524909,0.3610474934661032,0.978580361513066,1.2025024719774604,1.4716080594590133,0.0,-0.5683211791799189,0.0495531864788385,-0.1320216408453801,-0.409975441194734,-1.594194161518257,-1.620386499439033,-1.677161438070906,0.5047433789545571,-0.7653547258750445,2.183349812517176,1.0142571512985166,0.9313640305525224,0.4685574366511583,-1.075448476063022,1.0946281986662358,1.2875735186304924,15,0,1.11961375105165,1.076345022373646
30,0,0.4754564005695154,0.6854680606359991,-0.6743510058524909,0.3610474934661032,0.978580361513066,1.2025024719774604,1.4716080594590133,0.0,-0.5683211791799189,0.0495531864788385,-0.1320216408453801,-0.409975441194734,-1.594194161518257,-1.620386499439033,-1.677161438070906,0.5047433789545571,-0.7653547258750445,2.183349812517176,1.0142571512985166,0.9313640305525224,0.4685574366511583,-1.075448476063022,1.0946281986662358,1.2875735186304924,15,1,1.11961375105165,1.076345022373646
31,0,0.4754564005695154,0.6854680606359991,-0.5761838232109475,0.3610474934661032,2.8595367380268515,-0.7111644212715653,1.592428553832081,0.0,-0.5683211791799189,0.8948528614473485,-0.1320216408453801,-2.5001866470999605,-0.6439568255651532,-1.444462344385676,-1.2960369510559453,1.401992139454883,0.3449574316137456,-0.0377282136292905,0.3765379031326314,0.3158922709251282,1.3792866238268513,-0.9747332447501422,0.9515611647735516,1.2378078614181711,16,0,1.0024942327821709,1.0536570482645378
32,0,0.4754564005695154,0.6854680606359991,-0.5761838232109475,0.3610474934661032,2.8595367380268515,-0.7111644212715653,1.592428553832081,0.0,-0.5683211791799189,0.8948528614473485,-0.1320216408453801,-2.5001866470999605,-0.6439568255651532,-1.444462344385676,-1.2960369510559453,1.401992139454883,0.3449574316137456,-0.0377282136292905,0.3765379031326314,0.3158922709251282,1.3792866238268513,-0.9747332447501422,0.9515611647735516,1.2378078614181711,16,1,1.0024942327821709,1.0536570482645378
33,0,0.8766531397287465,0.6854680606359991,-0.6252674145317192,0.3610474934661032,2.8595367380268515,-0.7111644212715653,1.4716080594590133,0.0,-0.7630183812301254,0.0495531864788385,-1.2905901162753592,-0.409975441194734,-0.327194936554592,-1.7963106544923897,-1.677161438070906,-0.1681760774975834,2.010468023540739,-0.355038907311476,-0.3887329793252218,-0.6073388472586053,0.0131581009717891,-1.176163707375902,1.0946281986662358,1.2378078614181711,17,0,0.9796140340451845,1.0611063483375738
34,0,0.8766531397287465,0.6854680606359991,-0.6252674145317192,0.3610474934661032,2.8595367380268515,-0.7111644212715653,1.4716080594590133,0.0,-0.7630183812301254,0.0495531864788385,-1.2905901162753592,-0.409975441194734,-0.327194936554592,-1.7963106544923897,-1.677161438070906,-0.1681760774975834,2.010468023540739,-0.355038907311476,-0.3887329793252218,-0.6073388472586053,0.0131581009717891,-1.176163707375902,1.0946281986662358,1.2378078614181711,17,1,0.9796140340451845,1.0611063483375738
35,0,0.8766531397287465,0.6854680606359991,-0.6252674145317192,0.3610474934661032,0.978580361513066,-0.7111644212715653,1.4716080594590133,0.0,-0.5683211791799189,0.0495531864788385,-1.2905901162753592,0.6352098982042783,-0.6439568255651532,-1.7963106544923897,-1.677161438070906,0.2804140749063715,-1.320553160313248,-1.3068741587292003,-1.79172310994896,2.7777793094347043,-0.8975710862039038,-0.9747332447501422,1.0230939995192114,1.2378078614181711,18,0,0.9608938714421957,1.0541950121887806
36,0,0.8766531397287465,0.6854680606359991,-0.6252674145317192,0.3610474934661032,0.978580361513066,-0.7111644212715653,1.4716080594590133,0.0,-0.5683211791799189,0.0495531864788385,-1.2905901162753592,0.6352098982042783,-0.6439568255651532,-1.7963106544923897,-1.677161438070906,0.2804140749063715,-1.320553160313248,-1.3068741587292003,-1.79172310994896,2.7777793094347043,-0.8975710862039038,-0.9747332447501422,1.0230939995192114,1.2378078614181711,18,1,0.9608938714421957,1.0541950121887806
37,0,1.2778881427639106,1.0884423010556434,-0.7234252354354558,0.3610474934661032,2.8595367380268515,-0.7111644212715653,1.532018306645547,0.0,-0.7630183812301254,1.7401525364158583,-0.1320216408453801,-0.409975441194734,-0.0104813786226104,-1.444462344385676,-1.2960369510559453,-0.1681760774975834,0.6225566488328472,-0.6723496009936615,-1.154003861783075,0.0081329123687887,-0.8975710862039038,-0.9747332447501422,1.0230939995192114,1.2378078614181711,19,0,1.0185291935006893,1.0485402826124952
38,0,1.2778881427639106,1.0884423010556434,-0.7234252354354558,0.3610474934661032,2.8595367380268515,-0.7111644212715653,1.532018306645547,0.0,-0.7630183812301254,1.7401525364158583,-0.1320216408453801,-0.409975441194734,-0.0104813786226104,-1.444462344385676,-1.2960369510559453,-0.1681760774975834,0.6225566488328472,-0.6723496009936615,-1.154003861783075,0.0081329123687887,-0.8975710862039038,-0.9747332447501422,1.0230939995192114,1.2378078614181711,19,1,1.0185291935006893,1.0485402826124952
39,0,2.080358148834239,1.8943715670255628,-0.5761838232109475,1.886261212458589,2.8595367380268515,1.2025024719774604,1.4716080594590133,0.0,-1.5417849086143902,0.0495531864788385,-1.2905901162753592,0.6352098982042783,1.5732314042730364,-0.9166764570729355,-0.5337734380587921,-1.0654248379979097,0.9001558660519489,-0.6723496009936615,-0.8989005931991387,-0.2996264461875506,-0.8975710862039038,-1.8811856947252603,1.0946281986662358,1.2378078614181711,20,0,1.2115890035613346,1.0569199037131753
40,0,2.080358148834239,1.8943715670255628,-0.5761838232109475,1.886261212458589,2.8595367380268515,1.2025024719774604,1.4716080594590133,0.0,-1.5417849086143902,0.0495531864788385,-1.2905901162753592,0.6352098982042783,1.5732314042730364,-0.9166764570729355,-0.5337734380587921,-1.0654248379979097,0.9001558660519489,-0.6723496009936615,-0.8989005931991387,-0.2996264461875506,-0.8975710862039038,-1.8811856947252603,1.0946281986662358,1.2378078614181711,20,1,1.2115890035613346,1.0569199037131753
41,0,1.6791231457990747,1.8943715670255628,-0.6743510058524909,1.3778566394610936,0.978580361513066,-0.7111644212715653,1.411243891789784,0.0,-1.152397931452831,-0.7957303657393812,-1.2905901162753592,0.6352098982042783,1.5732314042730364,-0.740752302019579,-0.1526344120765995,0.0561532265506022,-0.7653547258750445,-0.6723496009936615,-0.3887329793252218,2.4700669083636497,-1.8083002733795968,-1.075448476063022,1.0946281986662358,1.2875735186304924,21,0,1.2965952112409236,1.0637759573410044
42,0,1.6791231457990747,1.8943715670255628,-0.6743510058524909,1.3778566394610936,0.978580361513066,-0.7111644212715653,1.411243891789784,0.0,-1.152397931452831,-0.7957303657393812,-1.2905901162753592,0.6352098982042783,1.5732314042730364,-0.740752302019579,-0.1526344120765995,0.0561532265506022,-0.7653547258750445,-0.6723496009936615,-0.3887329793252218,2.4700669083636497,-1.8083002733795968,-1.075448476063022,1.0946281986662358,1.2875735186304924,21,1,1.2965952112409236,1.0637759573410044
43,0,2.080358148834239,1.8943715670255628,-0.7234252354354558,1.886261212458589,0.978580361513066,-0.7111644212715653,1.4716080594590133,0.0,-1.3470951335030374,0.8948528614473485,-1.2905901162753592,0.6352098982042783,1.5732314042730364,-0.9166764570729355,-0.5337734380587921,0.2804140749063715,-0.2101562914368412,1.2314177314706196,0.7591538827145803,-1.8383293239986784,0.923887288147482,-1.176163707375902,1.1661623978132605,1.2875735186304924,22,0,1.4390975635306171,1.0823916737905055
44,0,2.080358148834239,1.8943715670255628,-0.7234252354354558,1.886261212458589,0.978580361513066,-0.7111644212715653,1.4716080594590133,0.0,-1.3470951335030374,0.8948528614473485,-1.2905901162753592,0.6352098982042783,1.5732314042730364,-0.9166764570729355,-0.5337734380587921,0.2804140749063715,-0.2101562914368412,1.2314177314706196,0.7591538827145803,-1.8383293239986784,0.923887288147482,-1.176163707375902,1.1661623978132605,1.2875735186304924,22,1,1.4390975635306171,1.0823916737905055
45,0,1.2778881427639106,1.4913973266059182,-0.6743510058524909,1.3778566394610936,0.978580361513066,-0.7111644212715653,1.592428553832081,0.0,-1.152397931452831,-0.7957303657393812,-0.1320216408453801,0.6352098982042783,1.5732314042730364,-0.5648281469662223,-0.1526344120765995,2.2993093556476256,0.6225566488328472,1.2314177314706196,1.2693214965884974,-0.2996264461875506,-0.8975710862039038,-1.075448476063022,1.0946281986662358,1.2875735186304924,23,0,1.4097867597548523,1.0846164964951837
46,0,1.2778881427639106,1.4913973266059182,-0.6743510058524909,1.3778566394610936,0.978580361513066,-0.7111644212715653,1.592428553832081,0.0,-1.152397931452831,-0.7957303657393812,-0.1320216408453801,0.6352098982042783,1.5732314042730364,-0.5648281469662223,-0.1526344120765995,2.2993093556476256,0.6225566488328472,1.2314177314706196,1.2693214965884974,-0.2996264461875506,-0.8975710862039038,-1.075448476063022,1.0946281986662358,1.2875735186304924,23,1,1.4097867597548523,1.0846164964951837
47,1,1.2778881427639106,1.4913973266059182,-0.6252674145317192,0.3610474934661032,0.978580361513066,-0.7111644212715653,1.4716080594590133,0.0,-1.152397931452831,-1.641030040707891,-0.1320216408453801,0.6352098982042783,0.623042399398512,-0.5648281469662223,-0.1526344120765995,-0.1681760774975834,-0.2101562914368412,0.279582480052895,1.2693214965884974,0.6236046719961829,0.923887288147482,-0.2697112574007837,1.1661623978132605,1.2875735186304924,24,0,1.3858051930292266,1.0994430240075612
48,0,1.2778881427639106,1.4913973266059182,-0.6252674145317192,0.3610474934661032,0.978580361513066,-0.7111644212715653,1.4716080594590133,0.0,-1.152397931452831,-1.641030040707891,-0.1320216408453801,0.6352098982042783,0.623042399398512,-0.5648281469662223,-0.1526344120765995,-0.1681760774975834,-0.2101562914368412,0.279582480052895,1.2693214965884974,0.6236046719961829,0.923887288147482,-0.2697112574007837,1.1661623978132605,1.2875735186304924,24,1,1.3858051930292266,1.0994430240075612
49,0,0.8766531397287465,0.6854680606359991,-0.5761838232109475,0.3610474934661032,0.978580361513066,-0.7111644212715653,1.4716080594590133,0.0,-0.7630183812301254,-1.641030040707891,-1.2905901162753592,-0.409975441194734,-0.0104813786226104,-1.444462344385676,-1.2960369510559453,0.2804140749063715,-0.2101562914368412,-0.0377282136292905,0.7591538827145803,-1.2228106068859994,1.3792866238268513,-1.075448476063022,1.0230939995192114,1.2378078614181711,25,0,1.2932320924291392,1.0855613831914974
50,0,0.8766531397287465,0.6854680606359991,-0.5761838232109475,0.3610474934661032,0.978580361513066,-0.7111644212715653,1.4716080594590133,0.0,-0.7630183812301254,-1.641030040707891,-1.2905901162753592,-0.409975441194734,-0.0104813786226104,-1.444462344385676,-1.2960369510559453,0.2804140749063715,-0.2101562914368412,-0.0377282136292905,0.7591538827145803,-1.2228106068859994,1.3792866238268513,-1.075448476063022,1.0230939995192114,1.2378078614181711,25,1,1.2932320924291392,1.0855613831914974
51,0,0.4754564005695154,0.2825130350857242,-0.5271002318901759,0.3610474934661032,0.978580361513066,-0.7111644212715653,1.4716080594590133,0.0,-0.3736314040685661,0.0495531864788385,-0.1320216408453801,-1.4550013077009485,-0.9606703834971348,-1.620386499439033,-1.2960369510559453,-1.514083446094281,2.010468023540739,-1.3068741587292003,-0.0061169997432728,2.1623075498073105,-0.8975710862039038,-0.9747332447501422,1.0230939995192114,1.2875735186304924,26,0,1.1445456030001167,1.0742036770692636
52,0,0.4754564005695154,0.2825130350857242,-0.5271002318901759,0.3610474934661032,0.978580361513066,-0.7111644212715653,1.4716080594590133,0.0,-0.3736314040685661,0.0495531864788385,-0.1320216408453801,-1.4550013077009485,-0.9606703834971348,-1.620386499439033,-1.2960369510559453,-1.514083446094281,2.010468023540739,-1.3068741587292003,-0.0061169997432728,2.1623075498073105,-0.8975710862039038,-0.9747332447501422,1.0230939995192114,1.2875735186304924,26,1,1.1445456030001167,1.0742036770692636
53,0,0.8766531397287465,0.6854680606359991,-0.4289330492486325,0.3610474934661032,0.978580361513066,-0.7111644212715653,1.532018306645547,0.0,-0.7630183812301254,0.0495531864788385,-1.2905901162753592,-0.409975441194734,0.9397559573304936,-1.620386499439033,-1.677161438070906,-0.8411639896421402,0.3449574316137456,-0.0377282136292905,-0.7713878822011261,0.3158922709251282,0.4685574366511583,-1.176163707375902,1.0230939995192114,1.2378078614181711,27,0,1.095837882405322,1.0649110084237994
54,0,0.8766531397287465,0.6854680606359991,-0.4289330492486325,0.3610474934661032,0.978580361513066,-0.7111644212715653,1.532018306645547,0.0,-0.7630183812301254,0.0495531864788385,-1.2905901162753592,-0.409975441194734,0.9397559573304936,-1.620386499439033,-1.677161438070906,-0.8411639896421402,0.3449574316137456,-0.0377282136292905,-0.7713878822011261,0.3158922709251282,0.4685574366511583,-1.176163707375902,1.0230939995192114,1.2378078614181711,27,1,1.095837882405322,1.0649110084237994
55,0,1.2778881427639106,1.4913973266059182,-0.5271002318901759,0.3610474934661032,0.978580361513066,-0.7111644212715653,1.4716080594590133,0.0,-1.152397931452831,0.0495531864788385,-1.2905901162753592,0.6352098982042783,0.9397559573304936,-1.2685314782559842,-0.9148979250737528,-0.392505381545769,0.0673582143946439,-0.0377282136292905,-1.154003861783075,-1.2228106068859994,0.4685574366511583,-0.571864635419023,1.237696596960285,1.3871048330551343,28,0,1.1289379297432471,1.0963265699758875
56,0,1.2778881427639106,1.4913973266059182,-0.5271002318901759,0.3610474934661032,0.978580361513066,-0.7111644212715653,1.4716080594590133,0.0,-1.152397931452831,0.0495531864788385,-1.2905901162753592,0.6352098982042783,0.9397559573304936,-1.2685314782559842,-0.9148979250737528,-0.392505381545769,0.0673582143946439,-0.0377282136292905,-1.154003861783075,-1.2228106068859994,0.4685574366511583,-0.571864635419023,1.237696596960285,1.3871048330551343,28,1,1.1289379297432471,1.0963265699758875
57,0,1.2778881427639106,1.4913973266059182,-0.4780166405694042,0.3610474934661032,0.978580361513066,-0.7111644212715653,1.411243891789784,0.0,-1.152397931452831,0.0495531864788385,-1.2905901162753592,0.6352098982042783,1.256517846341055,-1.2685314782559842,-0.9148979250737528,0.9534019870509284,1.1777550832710504,2.183349812517176,-1.919274744240928,0.0081329123687887,0.4685574366511583,-1.075448476063022,1.309230796107309,1.3373391758428137,29,0,1.156019786656095,1.1350364292725095
58,0,1.2778881427639106,1.4913973266059182,-0.4780166405694042,0.3610474934661032,0.978580361513066,-0.7111644212715653,1.411243891789784,0.0,-1.152397931452831,0.0495531864788385,-1.2905901162753592,0.6352098982042783,1.256517846341055,-1.2685314782559842,-0.9148979250737528,0.9534019870509284,1.1777550832710504,2.183349812517176,-1.919274744240928,0.0081329123687887,0.4685574366511583,-1.075448476063022,1.309230796107309,1.3373391758428137,29,1,1.156019786656095,1.1350364292725095
59,0,1.6791231457990747,1.4913973266059182,-0.4289330492486325,0.3610474934661032,0.978580361513066,-0.7111644212715653,1.4716080594590133,0.0,-0.9577081563414782,0.8948528614473485,-0.1320216408453801,0.6352098982042783,0.3062805103879508,-1.0926073232026277,-0.9148979250737528,2.2993093556476256,-0.2101562914368412,-0.0377282136292905,-0.3887329793252218,0.6236046719961829,-0.44224123470758,-0.7732950980447828,1.237696596960285,1.3871048330551343,30,0,1.251129488318455,1.1537019143066505
60,0,1.6791231457990747,1.4913973266059182,-0.4289330492486325,0.3610474934661032,0.978580361513066,-0.7111644212715653,1.4716080594590133,0.0,-0.9577081563414782,0.8948528614473485,-0.1320216408453801,0.6352098982042783,0.3062805103879508,-1.0926073232026277,-0.9148979250737528,2.2993093556476256,-0.2101562914368412,-0.0377282136292905,-0.3887329793252218,0.6236046719961829,-0.44224123470758,-0.7732950980447828,1.237696596960285,1.3871048330551343,30,1,1.251129488318455,1.1537019143066505
61,0,1.6791231457990747,1.4913973266059182,-0.6252674145317192,1.886261212458589,0.978580361513066,-0.7111644212715653,1.592428553832081,0.0,-0.9577081563414782,0.8948528614473485,-0.1320216408453801,-0.409975441194734,1.256517846341055,-0.5648281469662223,-0.5337734380587921,-0.1681760774975834,0.9001558660519489,-0.0377282136292905,1.141769862296529,0.3158922709251282,-2.263699609058966,-1.075448476063022,1.309230796107309,1.3871048330551343,31,0,1.3289465169512948,1.1819798928158611
62,0,1.6791231457990747,1.4913973266059182,-0.6252674145317192,1.886261212458589,0.978580361513066,-0.7111644212715653,1.592428553832081,0.0,-0.9577081563414782,0.8948528614473485,-0.1320216408453801,-0.409975441194734,1.256517846341055,-0.5648281469662223,-0.5337734380587921,-0.1681760774975834,0.9001558660519489,-0.0377282136292905,1.141769862296529,0.3158922709251282,-2.263699609058966,-1.075448476063022,1.309230796107309,1.3871048330551343,31,1,1.3289465169512948,1.1819798928158611
63,0,2.080358148834239,1.8943715670255628,-0.6743510058524909,1.3778566394610936,0.978580361513066,-0.7111644212715653,1.411243891789784,0.0,-1.3470951335030374,0.0495531864788385,-0.1320216408453801,0.6352098982042783,0.9397559573304936,-0.5648281469662223,-0.1526344120765995,-0.8411639896421402,-0.7653547258750445,1.8660391188349903,1.3968731308804654,0.6236046719961829,-0.8975710862039038,-1.8811856947252603,1.0946281986662358,1.3373391758428137,32,0,1.4655668136572846,1.1660977666068384
64,0,2.080358148834239,1.8943715670255628,-0.6743510058524909,1.3778566394610936,0.978580361513066,-0.7111644212715653,1.411243891789784,0.0,-1.3470951335030374,0.0495531864788385,-0.1320216408453801,0.6352098982042783,0.9397559573304936,-0.5648281469662223,-0.1526344120765995,-0.8411639896421402,-0.7653547258750445,1.8660391188349903,1.3968731308804654,0.6236046719961829,-0.8975710862039038,-1.8811856947252603,1.0946281986662358,1.3373391758428137,32,1,1.4655668136572846,1.1660977666068384
65,0,0.8766531397287465,1.0884423010556434,-0.7234252354354558,1.886261212458589,0.978580361513066,-0.7111644212715653,1.4716080594590133,0.0,-0.9577081563414782,0.0495531864788385,-1.2905901162753592,0.6352098982042783,-0.0104813786226104,-0.9166764570729355,-0.5337734380587921,0.2804140749063715,0.0673582143946439,-1.3068741587292003,1.5244247651724334,-0.6073388472586053,-0.44224123470758,-1.075448476063022,1.1661623978132605,1.2875735186304924,33,0,1.3584916002157321,1.1661095177352787
66,0,0.8766531397287465,1.0884423010556434,-0.7234252354354558,1.886261212458589,0.978580361513066,-0.7111644212715653,1.4716080594590133,0.0,-0.9577081563414782,0.0495531864788385,-1.2905901162753592,0.6352098982042783,-0.0104813786226104,-0.9166764570729355,-0.5337734380587921,0.2804140749063715,0.0673582143946439,-1.3068741587292003,1.5244247651724334,-0.6073388472586053,-0.44224123470758,-1.075448476063022,1.1661623978132605,1.2875735186304924,33,1,1.3584916002157321,1.1661095177352787
67,0,0.4754564005695154,0.2825130350857242,-0.6252674145317192,0.3610474934661032,0.978580361513066,-0.7111644212715653,1.4716080594590133,0.0,-0.3736314040685661,0.0495531864788385,-0.1320216408453801,-1.4550013077009485,-1.594194161518257,-1.444462344385676,-1.2960369510559453,0.2804140749063715,0.0673582143946439,0.914107037788434,1.0142571512985166,0.0081329123687887,-1.352970421883273,-1.9819009260381404,1.0946281986662358,1.3373391758428137,34,0,1.1979397457346017,1.15311291426818
68,0,0.4754564005695154,0.2825130350857242,-0.6252674145317192,0.3610474934661032,0.978580361513066,-0.7111644212715653,1.4716080594590133,0.0,-0.3736314040685661,0.0495531864788385,-0.1320216408453801,-1.4550013077009485,-1.594194161518257,-1.444462344385676,-1.2960369510559453,0.2804140749063715,0.0673582143946439,0.914107037788434,1.0142571512985166,0.0081329123687887,-1.352970421883273,-1.9819009260381404,1.0946281986662358,1.3373391758428137,34,1,1.1979397457346017,1.15311291426818
69,0,0.4754564005695154,0.6854680606359991,-0.3307658666070892,0.3610474934661032,0.978580361513066,-0.7111644212715653,1.592428553832081,0.0,-0.5683211791799189,-0.7957303657393812,-1.2905901162753592,-1.4550013077009485,-0.0104813786226104,-1.620386499439033,-1.677161438070906,0.0561532265506022,-0.7653547258750445,1.2314177314706196,0.3765379031326314,0.0081329123687887,1.3792866238268513,-1.176163707375902,1.309230796107309,1.4368695410664942,35,0,1.0665791375227678,1.181497983693476
70,0,0.4754564005695154,0.6854680606359991,-0.3307658666070892,0.3610474934661032,0.978580361513066,-0.7111644212715653,1.592428553832081,0.0,-0.5683211791799189,-0.7957303657393812,-1.2905901162753592,-1.4550013077009485,-0.0104813786226104,-1.620386499439033,-1.677161438070906,0.0561532265506022,-0.7653547258750445,1.2314177314706196,0.3765379031326314,0.0081329123687887,1.3792866238268513,-1.176163707375902,1.309230796107309,1.4368695410664942,35,1,1.0665791375227678,1.181497983693476
71,0,0.8766531397287465,0.6854680606359991,-0.3307658666070892,12.562466340634105,0.978580361513066,-0.7111644212715653,1.4716080594590133,0.0,-0.5683211791799189,-0.7957303657393812,-0.1320216408453801,-0.409975441194734,-0.0104813786226104,-1.620386499439033,-1.677161438070906,2.0749800515994403,-2.153266100582936,-0.9895634650470152,-0.3887329793252218,-0.6073388472586053,0.4685574366511583,-0.9747332447501422,1.309230796107309,1.3871048330551343,36,0,1.0320471379238547,1.204722131405082
72,0,0.8766531397287465,0.6854680606359991,-0.3307658666070892,12.562466340634105,0.978580361513066,-0.7111644212715653,1.4716080594590133,0.0,-0.5683211791799189,-0.7957303657393812,-0.1320216408453801,-0.409975441194734,-0.0104813786226104,-1.620386499439033,-1.677161438070906,2.0749800515994403,-2.153266100582936,-0.9895634650470152,-0.3887329793252218,-0.6073388472586053,0.4685574366511583,-0.9747332447501422,1.309230796107309,1.3871048330551343,36,1,1.0320471379238547,1.204722131405082
73,0,0.4754564005695154,0.6854680606359991,-0.2326080457033526,0.3610474934661032,0.978580361513066,-0.7111644212715653,1.411243891789784,0.0,-0.5683211791799189,-1.641030040707891,-1.2905901162753592,-1.4550013077009485,-0.0104813786226104,-1.9722415206220811,-1.677161438070906,-0.1681760774975834,-0.2101562914368412,0.914107037788434,-1.5366198413650238,2.4700669083636497,0.0131581009717891,-1.075448476063022,1.309230796107309,1.3871048330551343,37,0,0.9308488220412475,1.223723706805487
74,0,0.4754564005695154,0.6854680606359991,-0.2326080457033526,0.3610474934661032,0.978580361513066,-0.7111644212715653,1.411243891789784,0.0,-0.5683211791799189,-1.641030040707891,-1.2905901162753592,-1.4550013077009485,-0.0104813786226104,-1.9722415206220811,-1.677161438070906,-0.1681760774975834,-0.2101562914368412,0.914107037788434,-1.5366198413650238,2.4700669083636497,0.0131581009717891,-1.075448476063022,1.309230796107309,1.3871048330551343,37,1,0.9308488220412475,1.223723706805487
75,0,0.8766531397287465,1.0884423010556434,-0.3798494579278609,0.3610474934661032,0.978580361513066,-0.7111644212715653,1.4716080594590133,0.0,-0.5683211791799189,-0.7957303657393812,-0.1320216408453801,0.6352098982042783,0.3062805103879508,-1.7963106544923897,-1.677161438070906,-0.1681760774975834,0.0673582143946439,-0.6723496009936615,-1.0264522274911068,-0.9150982058149448,0.923887288147482,-0.2697112574007837,1.309230796107309,1.3871048330551343,38,0,0.9209950616207927,1.239270450314909
76,0,0.8766531397287465,1.0884423010556434,-0.3798494579278609,0.3610474934661032,0.978580361513066,-0.7111644212715653,1.4716080594590133,0.0,-0.5683211791799189,-0.7957303657393812,-0.1320216408453801,0.6352098982042783,0.3062805103879508,-1.7963106544923897,-1.677161438070906,-0.1681760774975834,0.0673582143946439,-0.6723496009936615,-1.0264522274911068,-0.9150982058149448,0.923887288147482,-0.2697112574007837,1.309230796107309,1.3871048330551343,38,1,0.9209950616207927,1.239270450314909
77,0,1.2778881427639106,1.4913973266059182,-0.5271002318901759,0.3610474934661032,0.978580361513066,-0.7111644212715653,1.532018306645547,0.0,-0.9577081563414782,0.8948528614473485,-0.1320216408453801,-0.409975441194734,0.9397559573304936,-1.0926073232026277,-0.9148979250737528,-1.0654248379979097,0.0673582143946439,2.50056367657053,-1.154003861783075,0.6236046719961829,0.0131581009717891,-1.075448476063022,1.309230796107309,1.3871048330551343,39,0,0.9858847127377233,1.2519905131862545
78,0,1.2778881427639106,1.4913973266059182,-0.5271002318901759,0.3610474934661032,0.978580361513066,-0.7111644212715653,1.532018306645547,0.0,-0.9577081563414782,0.8948528614473485,-0.1320216408453801,-0.409975441194734,0.9397559573304936,-1.0926073232026277,-0.9148979250737528,-1.0654248379979097,0.0673582143946439,2.50056367657053,-1.154003861783075,0.6236046719961829,0.0131581009717891,-1.075448476063022,1.309230796107309,1.3871048330551343,39,1,0.9858847127377233,1.2519905131862545
79,0,2.080358148834239,1.8943715670255628,-0.4780166405694042,0.3610474934661032,0.978580361513066,-0.7111644212715653,1.4716080594590133,0.0,-1.3470951335030374,0.0495531864788385,-0.1320216408453801,0.6352098982042783,1.256517846341055,-0.740752302019579,-0.5337734380587921,-0.392505381545769,0.9001558660519489,-0.0377282136292905,-0.3887329793252218,1.5468357901799163,0.923887288147482,-1.276878938688782,1.309230796107309,1.3871048330551343,40,0,1.1848798829370897,1.262397837353719
80,1,2.080358148834239,1.8943715670255628,-0.4780166405694042,0.3610474934661032,0.978580361513066,-0.7111644212715653,1.4716080594590133,0.0,-1.3470951335030374,0.0495531864788385,-0.1320216408453801,0.6352098982042783,1.256517846341055,-0.740752302019579,-0.5337734380587921,-0.392505381545769,0.9001558660519489,-0.0377282136292905,-0.3887329793252218,1.5468357901799163,0.923887288147482,-1.276878938688782,1.309230796107309,1.3871048330551343,40,1,1.1848798829370897,1.262397837353719
81,0,1.6791231457990747,1.8943715670255628,-0.5271002318901759,1.3778566394610936,0.978580361513066,-0.7111644212715653,1.411243891789784,0.0,-1.3470951335030374,-0.7957303657393812,-0.1320216408453801,0.6352098982042783,1.256517846341055,-0.740752302019579,-0.1526344120765995,-0.6168346855939546,2.010468023540739,-0.0377282136292905,0.5040506141306441,-0.2996264461875506,-0.44224123470758,-1.176163707375902,1.380763630852969,1.3871048330551343,41,0,1.2747422943665414,1.283918890717219
82,0,1.6791231457990747,1.8943715670255628,-0.5271002318901759,1.3778566394610936,0.978580361513066,-0.7111644212715653,1.411243891789784,0.0,-1.3470951335030374,-0.7957303657393812,-0.1320216408453801,0.6352098982042783,1.256517846341055,-0.740752302019579,-0.1526344120765995,-0.6168346855939546,2.010468023540739,-0.0377282136292905,0.5040506141306441,-0.2996264461875506,-0.44224123470758,-1.176163707375902,1.380763630852969,1.3871048330551343,41,1,1.2747422943665414,1.283918890717219
83,0,1.2778881427639106,1.0884423010556434,-0.5761838232109475,1.886261212458589,0.978580361513066,-0.7111644212715653,1.4716080594590133,0.0,-0.9577081563414782,0.0495531864788385,-0.1320216408453801,-0.409975441194734,0.3062805103879508,-0.740752302019579,-0.5337734380587921,1.177731291099114,0.0673582143946439,-0.0377282136292905,1.0142571512985166,0.0081329123687887,-0.8975710862039038,-0.0682807947750239,1.309230796107309,1.3871048330551343,42,0,1.2753142668024267,1.288521055333599
84,0,1.2778881427639106,1.0884423010556434,-0.5761838232109475,1.886261212458589,0.978580361513066,-0.7111644212715653,1.4716080594590133,0.0,-0.9577081563414782,0.0495531864788385,-0.1320216408453801,-0.409975441194734,0.3062805103879508,-0.740752302019579,-0.5337734380587921,1.177731291099114,0.0673582143946439,-0.0377282136292905,1.0142571512985166,0.0081329123687887,-0.8975710862039038,-0.0682807947750239,1.309230796107309,1.3871048330551343,42,1,1.2753142668024267,1.288521055333599
85,0,0.8766531397287465,1.0884423010556434,-0.5761838232109475,0.3610474934661032,0.978580361513066,-0.7111644212715653,1.532018306645547,0.0,-0.7630183812301254,0.0495531864788385,-1.2905901162753592,0.6352098982042783,0.623042399398512,-0.740752302019579,-0.5337734380587921,-0.6168346855939546,0.0673582143946439,-0.0377282136292905,0.8867055170065484,-0.2996264461875506,-0.8975710862039038,-0.9747332447501422,1.309230796107309,1.4368695410664942,43,0,1.202830425516303,1.2922864627470008
86,0,0.8766531397287465,1.0884423010556434,-0.5761838232109475,0.3610474934661032,0.978580361513066,-0.7111644212715653,1.532018306645547,0.0,-0.7630183812301254,0.0495531864788385,-1.2905901162753592,0.6352098982042783,0.623042399398512,-0.740752302019579,-0.5337734380587921,-0.6168346855939546,0.0673582143946439,-0.0377282136292905,0.8867055170065484,-0.2996264461875506,-0.8975710862039038,-0.9747332447501422,1.309230796107309,1.4368695410664942,43,1,1.202830425516303,1.2922864627470008
87,0,0.8766531397287465,1.0884423010556434,-0.3798494579278609,0.3610474934661032,2.8595367380268515,-0.7111644212715653,1.4716080594590133,0.0,-0.9577081563414782,-1.641030040707891,-0.1320216408453801,-0.409975441194734,-0.0104813786226104,-1.2685314782559842,-1.2960369510559453,0.9534019870509284,1.1777550832710504,-0.0377282136292905,0.6316022484226123,-0.6073388472586053,0.923887288147482,-2.0826161573510205,1.309230796107309,1.3871048330551343,44,0,1.1435254644640198,1.2953672506306932
88,0,0.8766531397287465,1.0884423010556434,-0.3798494579278609,0.3610474934661032,2.8595367380268515,-0.7111644212715653,1.4716080594590133,0.0,-0.9577081563414782,-1.641030040707891,-0.1320216408453801,-0.409975441194734,-0.0104813786226104,-1.2685314782559842,-1.2960369510559453,0.9534019870509284,1.1777550832710504,-0.0377282136292905,0.6316022484226123,-0.6073388472586053,0.923887288147482,-2.0826161573510205,1.309230796107309,1.3871048330551343,44,1,1.1435254644640198,1.2953672506306932
89,0,0.8766531397287465,0.6854680606359991,-0.5271002318901759,0.3610474934661032,2.8595367380268515,-0.7111644212715653,1.411243891789784,0.0,-0.7630183812301254,-0.7957303657393812,-0.1320216408453801,-0.409975441194734,0.3062805103879508,-1.620386499439033,-1.2960369510559453,-0.6168346855939546,-2.153266100582936,-0.0377282136292905,-0.2611813450332536,0.6236046719961829,0.4685574366511583,-1.075448476063022,1.309230796107309,1.3871048330551343,45,0,1.095003223603061,1.2978878952628052
90,0,0.8766531397287465,0.6854680606359991,-0.5271002318901759,0.3610474934661032,2.8595367380268515,-0.7111644212715653,1.411243891789784,0.0,-0.7630183812301254,-0.7957303657393812,-0.1320216408453801,-0.409975441194734,0.3062805103879508,-1.620386499439033,-1.2960369510559453,-0.6168346855939546,-2.153266100582936,-0.0377282136292905,-0.2611813450332536,0.6236046719961829,0.4685574366511583,-1.075448476063022,1.309230796107309,1.3871048330551343,45,1,1.095003223603061,1.2978878952628052
91,0,0.4754564005695154,0.6854680606359991,-0.4780166405694042,0.3610474934661032,0.978580361513066,-0.7111644212715653,1.411243891789784,0.0,-0.5683211791799189,-0.7957303657393812,-0.1320216408453801,-0.409975441194734,-0.327194936554592,-1.620386499439033,-1.2960369510559453,-0.8411639896421402,-1.042953943094146,-1.941495546093572,-0.8989005931991387,0.0081329123687887,0.4685574366511583,-1.780462779332781,1.309230796107309,1.3871048330551343,46,0,0.9823583466878708,1.2999502408708967
92,0,0.4754564005695154,0.6854680606359991,-0.4780166405694042,0.3610474934661032,0.978580361513066,-0.7111644212715653,1.411243891789784,0.0,-0.5683211791799189,-0.7957303657393812,-0.1320216408453801,-0.409975441194734,-0.327194936554592,-1.620386499439033,-1.2960369510559453,-0.8411639896421402,-1.042953943094146,-1.941495546093572,-0.8989005931991387,0.0081329123687887,0.4685574366511583,-1.780462779332781,1.309230796107309,1.3871048330551343,46,1,0.9823583466878708,1.2999502408708967
93,0,0.8766531397287465,0.6854680606359991,-0.4289330492486325,0.3610474934661032,0.978580361513066,-0.7111644212715653,1.4716080594590133,0.0,-0.5683211791799189,-0.7957303657393812,-0.1320216408453801,0.6352098982042783,0.3062805103879508,-1.0926073232026277,-0.9148979250737528,-0.392505381545769,-0.2101562914368412,0.279582480052895,-1.154003861783075,-0.9150982058149448,-0.44224123470758,-1.075448476063022,1.309230796107309,1.3871048330551343,47,0,0.9631392181498482,1.3016376145502444
94,0,0.8766531397287465,0.6854680606359991,-0.4289330492486325,0.3610474934661032,0.978580361513066,-0.7111644212715653,1.4716080594590133,0.0,-0.5683211791799189,-0.7957303657393812,-0.1320216408453801,0.6352098982042783,0.3062805103879508,-1.0926073232026277,-0.9148979250737528,-0.392505381545769,-0.2101562914368412,0.279582480052895,-1.154003861783075,-0.9150982058149448,-0.44224123470758,-1.075448476063022,1.309230796107309,1.3871048330551343,47,1,0.9631392181498482,1.3016376145502444
95,1,1.6791231457990747,1.8943715670255628,-0.3307658666070892,0.3610474934661032,0.978580361513066,1.2025024719774604,1.4716080594590133,0.0,-1.3470951335030374,-0.7957303657393812,-0.1320216408453801,0.6352098982042783,1.5732314042730364,-1.0926073232026277,-0.9148979250737528,-0.1681760774975834,2.8431809638104277,0.5968931737350806,-0.5162846136171899,-2.7615134846971268,1.834616475323175,0.4353030458689751,1.309230796107309,1.3871048330551343,48,0,1.093318114086071,1.3030181930151652
96,0,1.6791231457990747,1.8943715670255628,-0.3307658666070892,0.3610474934661032,0.978580361513066,1.2025024719774604,1.4716080594590133,0.0,-1.3470951335030374,-0.7957303657393812,-0.1320216408453801,0.6352098982042783,1.5732314042730364,-1.0926073232026277,-0.9148979250737528,-0.1681760774975834,2.8431809638104277,0.5968931737350806,-0.5162846136171899,-2.7615134846971268,1.834616475323175,0.4353030458689751,1.309230796107309,1.3871048330551343,48,1,1.093318114086071,1.3030181930151652
97,0,1.6791231457990747,1.4913973266059182,-0.4289330492486325,1.886261212458589,0.978580361513066,-0.7111644212715653,1.4716080594590133,0.0,-1.152397931452831,-1.641030040707891,-0.1320216408453801,0.6352098982042783,1.256517846341055,-0.5648281469662223,-0.1526344120765995,0.7290726830027427,-1.8756668833638344,0.5968931737350806,-0.6438362479091579,0.0081329123687887,0.4685574366511583,-1.075448476063022,1.309230796107309,1.3871048330551343,49,0,1.1998281198520717,1.3041477572137368
98,0,1.6791231457990747,1.4913973266059182,-0.4289330492486325,1.886261212458589,0.978580361513066,-0.7111644212715653,1.4716080594590133,0.0,-1.152397931452831,-1.641030040707891,-0.1320216408453801,0.6352098982042783,1.256517846341055,-0.5648281469662223,-0.1526344120765995,0.7290726830027427,-1.8756668833638344,0.5968931737350806,-0.6438362479091579,0.0081329123687887,0.4685574366511583,-1.075448476063022,1.309230796107309,1.3871048330551343,49,1,1.1998281198520717,1.3041477572137368
99,1,1.6791231457990747,1.4913973266059182,-0.4289330492486325,1.3778566394610936,0.978580361513066,-0.7111644212715653,1.4716080594590133,0.0,-0.9577081563414782,-1.641030040707891,-0.1320216408453801,0.6352098982042783,0.623042399398512,-0.5648281469662223,-0.5337734380587921,-1.0654248379979097,0.3449574316137456,-1.941495546093572,0.6316022484226123,0.3158922709251282,-1.352970421883273,-0.7732950980447828,1.237696596960285,1.3871048330551343,50,0,1.286972670024254,1.2920657280767456
100,0,1.6791231457990747,1.4913973266059182,-0.4289330492486325,1.3778566394610936,0.978580361513066,-0.7111644212715653,1.4716080594590133,0.0,-0.9577081563414782,-1.641030040707891,-0.1320216408453801,0.6352098982042783,0.623042399398512,-0.5648281469662223,-0.5337734380587921,-1.0654248379979097,0.3449574316137456,-1.941495546093572,0.6316022484226123,0.3158922709251282,-1.352970421883273,-0.7732950980447828,1.237696596960285,1.3871048330551343,50,1,1.286972670024254,1.2920657280767456
101,1,1.2778881427639106,1.4913973266059182,-0.4289330492486325,1.3778566394610936,0.978580361513066,-0.7111644212715653,1.4716080594590133,0.0,-0.9577081563414782,0.8948528614473485,-0.1320216408453801,-0.409975441194734,-0.0104813786226104,-0.740752302019579,-0.5337734380587921,1.177731291099114,-1.320553160313248,0.279582480052895,1.141769862296529,0.3158922709251282,-1.352970421883273,-1.075448476063022,1.309230796107309,1.3871048330551343,51,0,1.2853209377951007,1.295186649536848
102,0,1.2778881427639106,1.4913973266059182,-0.4289330492486325,1.3778566394610936,0.978580361513066,-0.7111644212715653,1.4716080594590133,0.0,-0.9577081563414782,0.8948528614473485,-0.1320216408453801,-0.409975441194734,-0.0104813786226104,-0.740752302019579,-0.5337734380587921,1.177731291099114,-1.320553160313248,0.279582480052895,1.141769862296529,0.3158922709251282,-1.352970421883273,-1.075448476063022,1.309230796107309,1.3871048330551343,51,1,1.2853209377951007,1.295186649536848
103,1,0.8766531397287465,1.0884423010556434,-0.5761838232109475,0.3610474934661032,0.978580361513066,-0.7111644212715653,1.532018306645547,0.0,-0.9577081563414782,-2.486329715676401,-0.1320216408453801,-0.409975441194734,0.3062805103879508,-0.740752302019579,-0.5337734380587921,0.9534019870509284,-0.2101562914368412,0.279582480052895,1.2693214965884974,-0.9150982058149448,0.4685574366511583,-0.1689960260879038,1.237696596960285,1.3871048330551343,52,0,1.2110177017830364,1.2847339127047457
104,0,0.8766531397287465,1.0884423010556434,-0.5761838232109475,0.3610474934661032,0.978580361513066,-0.7111644212715653,1.532018306645547,0.0,-0.9577081563414782,-2.486329715676401,-0.1320216408453801,-0.409975441194734,0.3062805103879508,-0.740752302019579,-0.5337734380587921,0.9534019870509284,-0.2101562914368412,0.279582480052895,1.2693214965884974,-0.9150982058149448,0.4685574366511583,-0.1689960260879038,1.237696596960285,1.3871048330551343,52,1,1.2110177017830364,1.2847339127047457
105,1,0.8766531397287465,1.0884423010556434,-0.4780166405694042,0.3610474934661032,0.978580361513066,-0.7111644212715653,1.4716080594590133,0.0,-0.9577081563414782,-0.7957303657393812,-1.2905901162753592,-0.409975441194734,0.623042399398512,-1.2685314782559842,-0.9148979250737528,-0.6168346855939546,-1.042953943094146,1.8660391188349903,0.7591538827145803,1.239076431623577,1.3792866238268513,-0.9747332447501422,1.237696596960285,1.3871048330551343,53,0,1.1502241450458928,1.27618167347848
106,0,0.8766531397287465,1.0884423010556434,-0.4780166405694042,0.3610474934661032,0.978580361513066,-0.7111644212715653,1.4716080594590133,0.0,-0.9577081563414782,-0.7957303657393812,-1.2905901162753592,-0.409975441194734,0.623042399398512,-1.2685314782559842,-0.9148979250737528,-0.6168346855939546,-1.042953943094146,1.8660391188349903,0.7591538827145803,1.239076431623577,1.3792866238268513,-0.9747332447501422,1.237696596960285,1.3871048330551343,53,1,1.1502241450458928,1.27618167347848
107,1,0.4754564005695154,0.2825130350857242,-0.4780166405694042,0.3610474934661032,0.978580361513066,-0.7111644212715653,1.4716080594590133,0.0,-0.3736314040685661,-0.7957303657393812,-0.1320216408453801,-1.4550013077009485,-0.9606703834971348,-1.620386499439033,-1.677161438070906,-2.1870029025464213,-1.598067666144733,-2.2588062397757573,0.1214346345486952,-0.9150982058149448,0.4685574366511583,-0.571864635419023,1.1661623978132605,1.3373391758428137,54,0,1.0275391005956422,1.2561781688120763
108,0,0.4754564005695154,0.2825130350857242,-0.4780166405694042,0.3610474934661032,0.978580361513066,-0.7111644212715653,1.4716080594590133,0.0,-0.3736314040685661,-0.7957303657393812,-0.1320216408453801,-1.4550013077009485,-0.9606703834971348,-1.620386499439033,-1.677161438070906,-2.1870029025464213,-1.598067666144733,-2.2588062397757573,0.1214346345486952,-0.9150982058149448,0.4685574366511583,-0.571864635419023,1.1661623978132605,1.3373391758428137,54,1,1.0275391005956422,1.2561781688120763
109,1,0.4754564005695154,0.6854680606359991,-0.4780166405694042,0.3610474934661032,2.8595367380268515,-0.7111644212715653,1.4716080594590133,0.0,-0.3736314040685661,0.8948528614473485,-0.1320216408453801,-0.409975441194734,-0.6439568255651532,-1.444462344385676,-1.2960369510559453,0.0561532265506022,-0.2101562914368412,0.5968931737350806,-0.5162846136171899,0.3158922709251282,1.834616475323175,-0.9747332447501422,1.0230939995192114,1.2875735186304924,55,0,0.9271604278636192,1.2137992289406463
110,0,0.4754564005695154,0.6854680606359991,-0.4780166405694042,0.3610474934661032,2.8595367380268515,-0.7111644212715653,1.4716080594590133,0.0,-0.3736314040685661,0.8948528614473485,-0.1320216408453801,-0.409975441194734,-0.6439568255651532,-1.444462344385676,-1.2960369510559453,0.0561532265506022,-0.2101562914368412,0.5968931737350806,-0.5162846136171899,0.3158922709251282,1.834616475323175,-0.9747332447501422,1.0230939995192114,1.2875735186304924,55,1,0.9271604278636192,1.2137992289406463
111,1,1.2778881427639106,1.0884423010556434,-0.3307658666070892,0.3610474934661032,2.8595367380268515,-0.7111644212715653,1.592428553832081,0.0,-0.9577081563414782,0.8948528614473485,-0.1320216408453801,0.6352098982042783,0.3062805103879508,-1.444462344385676,-1.2960369510559453,2.0749800515994403,0.0673582143946439,0.279582480052895,-1.154003861783075,0.9313640305525224,-0.8975710862039038,-0.2697112574007837,1.1661623978132605,1.3871048330551343,56,0,0.9909291033000358,1.2051379869174852
112,0,1.2778881427639106,1.0884423010556434,-0.3307658666070892,0.3610474934661032,2.8595367380268515,-0.7111644212715653,1.592428553832081,0.0,-0.9577081563414782,0.8948528614473485,-0.1320216408453801,0.6352098982042783,0.3062805103879508,-1.444462344385676,-1.2960369510559453,2.0749800515994403,0.0673582143946439,0.279582480052895,-1.154003861783075,0.9313640305525224,-0.8975710862039038,-0.2697112574007837,1.1661623978132605,1.3871048330551343,56,1,0.9909291033000358,1.2051379869174852
113,1,1.2778881427639106,1.0884423010556434,-0.2816916370241243,0.3610474934661032,0.978580361513066,-0.7111644212715653,1.4716080594590133,0.0,-0.3736314040685661,0.8948528614473485,-0.1320216408453801,0.6352098982042783,1.256517846341055,-1.2685314782559842,-1.2960369510559453,-0.392505381545769,-1.598067666144733,2.183349812517176,-1.0264522274911068,-1.5305699654423388,1.3792866238268513,-0.9747332447501422,1.237696596960285,1.3871048330551343,57,0,1.0431034741116494,1.2110577341979942
114,0,1.2778881427639106,1.0884423010556434,-0.2816916370241243,0.3610474934661032,0.978580361513066,-0.7111644212715653,1.4716080594590133,0.0,-0.3736314040685661,0.8948528614473485,-0.1320216408453801,0.6352098982042783,1.256517846341055,-1.2685314782559842,-1.2960369510559453,-0.392505381545769,-1.598067666144733,2.183349812517176,-1.0264522274911068,-1.5305699654423388,1.3792866238268513,-0.9747332447501422,1.237696596960285,1.3871048330551343,57,1,1.0431034741116494,1.2110577341979942
115,1,-3.938052105065424,-4.150107535183516,-0.2816916370241243,1.886261212458589,0.978580361513066,-2.6131626139519994,1.4716080594590133,0.0,9.166316115164792,0.0495531864788385,-0.1320216408453801,-3.545371986498973,1.256517846341055,-1.444462344385676,-1.2960369510559453,-1.962742054190652,0.0673582143946439,0.279582480052895,-0.7713878822011261,0.0081329123687887,0.4685574366511583,-0.0682807947750239,1.1661623978132605,1.3871048330551343,58,0,0.1374388233521815,1.2028949457644063
116,1,-3.938052105065424,-4.150107535183516,-0.2816916370241243,1.886261212458589,0.978580361513066,-2.6131626139519994,1.4716080594590133,0.0,9.166316115164792,0.0495531864788385,-0.1320216408453801,-3.545371986498973,1.256517846341055,-1.444462344385676,-1.2960369510559453,-1.962742054190652,0.0673582143946439,0.279582480052895,-0.7713878822011261,0.0081329123687887,0.4685574366511583,-0.0682807947750239,1.1661623978132605,1.3871048330551343,58,1,0.1374388233521815,1.2028949457644063
117,1,-3.938052105065424,-4.150107535183516,-0.4289330492486325,-2.1809753715213724,0.978580361513066,-2.6131626139519994,1.4716080594590133,0.0,9.555703092326354,0.8948528614473485,-0.1320216408453801,-3.545371986498973,1.5732314042730364,-2.8518757180415357,-2.82054943808302,1.177731291099114,-1.042953943094146,-0.355038907311476,-0.0061169997432728,-0.2996264461875506,-0.8975710862039038,-1.075448476063022,1.237696596960285,1.3871048330551343,59,0,-0.6035595272692013,1.2092225187091115
118,1,-3.938052105065424,-4.150107535183516,-0.4289330492486325,-2.1809753715213724,0.978580361513066,-2.6131626139519994,1.4716080594590133,0.0,9.555703092326354,0.8948528614473485,-0.1320216408453801,-3.545371986498973,1.5732314042730364,-2.8518757180415357,-2.82054943808302,1.177731291099114,-1.042953943094146,-0.355038907311476,-0.0061169997432728,-0.2996264461875506,-0.8975710862039038,-1.075448476063022,1.237696596960285,1.3871048330551343,59,1,-0.6035595272692013,1.2092225187091115
119,1,-4.339287108100588,-4.150107535183516,-0.4780166405694042,-1.6725707985238774,0.978580361513066,-2.6131626139519994,1.592428553832081,0.0,9.361005890276148,-0.7957303657393812,-0.1320216408453801,-3.545371986498973,1.8899932932835977,-2.5000206968584866,-2.4394249510680592,-0.392505381545769,-0.2101562914368412,-0.6723496009936615,0.8867055170065484,-0.9150982058149448,-0.8975710862039038,-1.075448476063022,1.237696596960285,1.3373391758428137,60,0,-1.2827827237839988,1.2143996238456884
120,1,-4.339287108100588,-4.150107535183516,-0.4780166405694042,-1.6725707985238774,0.978580361513066,-2.6131626139519994,1.592428553832081,0.0,9.361005890276148,-0.7957303657393812,-0.1320216408453801,-3.545371986498973,1.8899932932835977,-2.5000206968584866,-2.4394249510680592,-0.392505381545769,-0.2101562914368412,-0.6723496009936615,0.8867055170065484,-0.9150982058149448,-0.8975710862039038,-1.075448476063022,1.237696596960285,1.3373391758428137,60,1,-1.2827827237839988,1.2143996238456884
121,0,1.2778881427639106,1.0884423010556434,-0.5761838232109475,-2.689282976261573,0.978580361513066,-0.7111644212715653,1.4716080594590133,0.0,-0.7630183812301254,-1.641030040707891,-0.1320216408453801,0.6352098982042783,0.9397559573304936,-2.675944851911843,-2.4394249510680592,-0.1681760774975834,0.3449574316137456,-1.6241848524113862,1.2693214965884974,0.9313640305525224,-1.352970421883273,-1.276878938688782,1.1661623978132605,1.3871048330551343,61,0,-0.8172062025934697,1.2056292191125197
122,0,1.2778881427639106,1.0884423010556434,-0.5761838232109475,-2.689282976261573,0.978580361513066,-0.7111644212715653,1.4716080594590133,0.0,-0.7630183812301254,-1.641030040707891,-0.1320216408453801,0.6352098982042783,0.9397559573304936,-2.675944851911843,-2.4394249510680592,-0.1681760774975834,0.3449574316137456,-1.6241848524113862,1.2693214965884974,0.9313640305525224,-1.352970421883273,-1.276878938688782,1.1661623978132605,1.3871048330551343,61,1,-0.8172062025934697,1.2056292191125197
123,0,0.8766531397287465,0.6854680606359991,-0.4780166405694042,0.3610474934661032,0.978580361513066,-0.7111644212715653,1.411243891789784,0.0,-0.5683211791799189,-1.641030040707891,-0.1320216408453801,-0.409975441194734,-0.327194936554592,-1.0926073232026277,-0.9148979250737528,1.626321443503069,-0.2101562914368412,0.279582480052895,1.0142571512985166,0.0081329123687887,0.0131581009717891,-1.8811856947252603,1.1661623978132605,1.3373391758428137,62,0,-0.509231776716703,1.1984534334217452
124,0,0.8766531397287465,0.6854680606359991,-0.4780166405694042,0.3610474934661032,0.978580361513066,-0.7111644212715653,1.411243891789784,0.0,-0.5683211791799189,-1.641030040707891,-0.1320216408453801,-0.409975441194734,-0.327194936554592,-1.0926073232026277,-0.9148979250737528,1.626321443503069,-0.2101562914368412,0.279582480052895,1.0142571512985166,0.0081329123687887,0.0131581009717891,-1.8811856947252603,1.1661623978132605,1.3373391758428137,62,1,-0.509231776716703,1.1984534334217452
125,0,0.4754564005695154,0.2825130350857242,-0.5761838232109475,0.3610474934661032,0.978580361513066,1.2025024719774604,1.4716080594590133,0.0,-0.3736314040685661,0.8948528614473485,-0.1320216408453801,-1.4550013077009485,-1.594194161518257,-1.444462344385676,-1.2960369510559453,2.0749800515994403,0.3449574316137456,-0.0377282136292905,0.5040506141306441,-1.2228106068859994,0.4685574366511583,-1.075448476063022,1.237696596960285,1.3871048330551343,63,0,-0.3301975626646633,1.205588554065116
126,0,0.4754564005695154,0.2825130350857242,-0.5761838232109475,0.3610474934661032,0.978580361513066,1.2025024719774604,1.4716080594590133,0.0,-0.3736314040685661,0.8948528614473485,-0.1320216408453801,-1.4550013077009485,-1.594194161518257,-1.444462344385676,-1.2960369510559453,2.0749800515994403,0.3449574316137456,-0.0377282136292905,0.5040506141306441,-1.2228106068859994,0.4685574366511583,-1.075448476063022,1.237696596960285,1.3871048330551343,63,1,-0.3301975626646633,1.205588554065116
127,0,0.4754564005695154,0.6854680606359991,-0.3798494579278609,0.3610474934661032,0.978580361513066,-0.7111644212715653,1.592428553832081,0.0,-0.5683211791799189,-0.7957303657393812,-0.1320216408453801,-0.409975441194734,0.3062805103879508,-1.444462344385676,-1.2960369510559453,0.0561532265506022,-0.2101562914368412,0.279582480052895,-0.0061169997432728,-0.9150982058149448,0.4685574366511583,-1.4783170853941414,1.1661623978132605,1.3871048330551343,64,0,-0.18371502389481265,1.198420162019324
128,0,0.4754564005695154,0.6854680606359991,-0.3798494579278609,0.3610474934661032,0.978580361513066,-0.7111644212715653,1.592428553832081,0.0,-0.5683211791799189,-0.7957303657393812,-0.1320216408453801,-0.409975441194734,0.3062805103879508,-1.444462344385676,-1.2960369510559453,0.0561532265506022,-0.2101562914368412,0.279582480052895,-0.0061169997432728,-0.9150982058149448,0.4685574366511583,-1.4783170853941414,1.1661623978132605,1.3871048330551343,64,1,-0.18371502389481265,1.198420162019324
129,0,1.2778881427639106,1.0884423010556434,-0.4780166405694042,0.3610474934661032,0.978580361513066,-0.7111644212715653,1.4716080594590133,0.0,-0.9577081563414782,1.7401525364158583,-0.1320216408453801,-0.409975441194734,0.3062805103879508,-1.444462344385676,-1.2960369510559453,-0.1681760774975834,-0.2101562914368412,-1.6241848524113862,-0.7713878822011261,-0.2996264461875506,0.4685574366511583,-1.075448476063022,1.237696596960285,1.3871048330551343,65,0,0.08203100640677341,1.2055613320085896
130,0,1.2778881427639106,1.0884423010556434,-0.4780166405694042,0.3610474934661032,0.978580361513066,-0.7111644212715653,1.4716080594590133,0.0,-0.9577081563414782,1.7401525364158583,-0.1320216408453801,-0.409975441194734,0.3062805103879508,-1.444462344385676,-1.2960369510559453,-0.1681760774975834,-0.2101562914368412,-1.6241848524113862,-0.7713878822011261,-0.2996264461875506,0.4685574366511583,-1.075448476063022,1.237696596960285,1.3871048330551343,65,1,0.08203100640677341,1.2055613320085896
131,0,0.8766531397287465,1.0884423010556434,-0.5271002318901759,0.3610474934661032,0.978580361513066,-0.7111644212715653,1.4716080594590133,0.0,-0.7630183812301254,0.0495531864788385,-1.2905901162753592,0.6352098982042783,0.623042399398512,-1.620386499439033,-1.2960369510559453,-0.1681760774975834,-0.7653547258750445,0.5968931737350806,-0.7713878822011261,0.6236046719961829,1.834616475323175,-0.4711494041061431,1.237696596960285,1.3871048330551343,66,0,0.22650775791985941,1.2114041074543525
132,0,0.8766531397287465,1.0884423010556434,-0.5271002318901759,0.3610474934661032,0.978580361513066,-0.7111644212715653,1.4716080594590133,0.0,-0.7630183812301254,0.0495531864788385,-1.2905901162753592,0.6352098982042783,0.623042399398512,-1.620386499439033,-1.2960369510559453,-0.1681760774975834,-0.7653547258750445,0.5968931737350806,-0.7713878822011261,0.6236046719961829,1.834616475323175,-0.4711494041061431,1.237696596960285,1.3871048330551343,66,1,0.22650775791985941,1.2114041074543525
133,0,1.2778881427639106,1.0884423010556434,-0.3798494579278609,0.3610474934661032,0.978580361513066,-0.7111644212715653,1.4716080594590133,0.0,-0.7630183812301254,0.0495531864788385,-1.2905901162753592,0.6352098982042783,-0.0104813786226104,-1.2685314782559842,-1.2960369510559453,-0.1681760774975834,-0.4877555086559428,0.279582480052895,-1.79172310994896,3.085538667991044,0.4685574366511583,-0.9747332447501422,1.237696596960285,1.3871048330551343,67,0,0.4176678278915051,1.2161845600917947
134,0,1.2778881427639106,1.0884423010556434,-0.3798494579278609,0.3610474934661032,0.978580361513066,-0.7111644212715653,1.4716080594590133,0.0,-0.7630183812301254,0.0495531864788385,-1.2905901162753592,0.6352098982042783,-0.0104813786226104,-1.2685314782559842,-1.2960369510559453,-0.1681760774975834,-0.4877555086559428,0.279582480052895,-1.79172310994896,3.085538667991044,0.4685574366511583,-0.9747332447501422,1.237696596960285,1.3871048330551343,67,1,0.4176678278915051,1.2161845600917947
135,0,1.2778881427639106,1.4913973266059182,-0.3798494579278609,0.8694520664635984,0.978580361513066,-0.7111644212715653,1.592428553832081,0.0,-0.9577081563414782,0.0495531864788385,-0.1320216408453801,0.6352098982042783,1.256517846341055,-0.740752302019579,-0.9148979250737528,1.177731291099114,-1.320553160313248,-0.6723496009936615,-1.0264522274911068,2.1623075498073105,1.834616475323175,-1.9819009260381404,1.309230796107309,1.3871048330551343,68,0,0.5740715215046697,1.233102057549161
136,0,1.2778881427639106,1.4913973266059182,-0.3798494579278609,0.8694520664635984,0.978580361513066,-0.7111644212715653,1.592428553832081,0.0,-0.9577081563414782,0.0495531864788385,-0.1320216408453801,0.6352098982042783,1.256517846341055,-0.740752302019579,-0.9148979250737528,1.177731291099114,-1.320553160313248,-0.6723496009936615,-1.0264522274911068,2.1623075498073105,1.834616475323175,-1.9819009260381404,1.309230796107309,1.3871048330551343,68,1,0.5740715215046697,1.233102057549161
137,0,2.080358148834239,2.2973265925758373,-0.6252674145317192,1.3778566394610936,0.978580361513066,-0.7111644212715653,1.4716080594590133,0.0,-1.5417849086143902,0.0495531864788385,-0.1320216408453801,0.6352098982042783,1.5732314042730364,-0.5648281469662223,-0.5337734380587921,0.5047433789545571,-0.7653547258750445,0.279582480052895,-0.0061169997432728,-0.2996264461875506,0.0131581009717891,-1.075448476063022,1.309230796107309,1.3871048330551343,69,0,0.8479418173827732,1.246943646377915
138,0,2.080358148834239,2.2973265925758373,-0.6252674145317192,1.3778566394610936,0.978580361513066,-0.7111644212715653,1.4716080594590133,0.0,-1.5417849086143902,0.0495531864788385,-0.1320216408453801,0.6352098982042783,1.5732314042730364,-0.5648281469662223,-0.5337734380587921,0.5047433789545571,-0.7653547258750445,0.279582480052895,-0.0061169997432728,-0.2996264461875506,0.0131581009717891,-1.075448476063022,1.309230796107309,1.3871048330551343,69,1,0.8479418173827732,1.246943646377915
139,0,1.2778881427639106,1.4913973266059182,-0.5761838232109475,1.3778566394610936,0.978580361513066,-0.7111644212715653,1.411243891789784,0.0,-0.9577081563414782,-0.7957303657393812,-1.2905901162753592,0.6352098982042783,0.3062805103879508,-0.740752302019579,-0.5337734380587921,-0.8411639896421402,0.0673582143946439,0.5968931737350806,0.8867055170065484,1.239076431623577,0.4685574366511583,-1.3776018540812611,1.0946281986662358,1.3373391758428137,70,0,0.9261138765429799,1.2192499286121552
140,0,1.2778881427639106,1.4913973266059182,-0.5761838232109475,1.3778566394610936,0.978580361513066,-0.7111644212715653,1.411243891789784,0.0,-0.9577081563414782,-0.7957303657393812,-1.2905901162753592,0.6352098982042783,0.3062805103879508,-0.740752302019579,-0.5337734380587921,-0.8411639896421402,0.0673582143946439,0.5968931737350806,0.8867055170065484,1.239076431623577,0.4685574366511583,-1.3776018540812611,1.0946281986662358,1.3373391758428137,70,1,0.9261138765429799,1.2192499286121552
141,0,1.2778881427639106,1.0884423010556434,-0.6252674145317192,1.886261212458589,0.978580361513066,-0.7111644212715653,1.4716080594590133,0.0,-0.9577081563414782,0.8948528614473485,-1.2905901162753592,0.6352098982042783,-0.0104813786226104,-0.9166764570729355,-0.5337734380587921,1.177731291099114,1.4552695891025356,0.5968931737350806,0.7591538827145803,0.0081329123687887,-0.8975710862039038,-0.3704341727932632,1.0946281986662358,1.3373391758428137,71,0,0.9900728340376945,1.1965914322583515
142,0,1.2778881427639106,1.0884423010556434,-0.6252674145317192,1.886261212458589,0.978580361513066,-0.7111644212715653,1.4716080594590133,0.0,-0.9577081563414782,0.8948528614473485,-1.2905901162753592,0.6352098982042783,-0.0104813786226104,-0.9166764570729355,-0.5337734380587921,1.177731291099114,1.4552695891025356,0.5968931737350806,0.7591538827145803,0.0081329123687887,-0.8975710862039038,-0.3704341727932632,1.0946281986662358,1.3373391758428137,71,1,0.9900728340376945,1.1965914322583515
143,0,0.8766531397287465,0.6854680606359991,-0.5271002318901759,0.3610474934661032,0.978580361513066,-0.7111644212715653,1.592428553832081,0.0,-0.7630183812301254,-0.7957303657393812,-0.1320216408453801,-0.409975441194734,-0.0104813786226104,-1.2685314782559842,-1.2960369510559453,-0.1681760774975834,-0.4877555086559428,0.5968931737350806,0.6316022484226123,0.3158922709251282,-1.352970421883273,-0.8740180134372624,1.237696596960285,1.3871048330551343,72,0,0.9694510714360676,1.2040650985677939
144,0,0.8766531397287465,0.6854680606359991,-0.5271002318901759,0.3610474934661032,0.978580361513066,-0.7111644212715653,1.592428553832081,0.0,-0.7630183812301254,-0.7957303657393812,-0.1320216408453801,-0.409975441194734,-0.0104813786226104,-1.2685314782559842,-1.2960369510559453,-0.1681760774975834,-0.4877555086559428,0.5968931737350806,0.6316022484226123,0.3158922709251282,-1.352970421883273,-0.8740180134372624,1.237696596960285,1.3871048330551343,72,1,0.9694510714360676,1.2040650985677939
145,0,1.2778881427639106,1.0884423010556434,-0.3798494579278609,0.3610474934661032,0.978580361513066,1.2025024719774604,1.4716080594590133,0.0,-1.152397931452831,0.0495531864788385,-0.1320216408453801,0.6352098982042783,0.3062805103879508,-1.0926073232026277,-0.9148979250737528,0.9534019870509284,0.9001558660519489,-0.6723496009936615,-0.1336686340352409,0.0081329123687887,-0.8975710862039038,-0.9747332447501422,1.0946281986662358,1.2875735186304924,73,0,1.0255305389502207,1.1841674804038742
146,0,1.2778881427639106,1.0884423010556434,-0.3798494579278609,0.3610474934661032,0.978580361513066,1.2025024719774604,1.4716080594590133,0.0,-1.152397931452831,0.0495531864788385,-0.1320216408453801,0.6352098982042783,0.3062805103879508,-1.0926073232026277,-0.9148979250737528,0.9534019870509284,0.9001558660519489,-0.6723496009936615,-0.1336686340352409,0.0081329123687887,-0.8975710862039038,-0.9747332447501422,1.0946281986662358,1.2875735186304924,73,1,1.0255305389502207,1.1841674804038742
147,0,0.8766531397287465,0.6854680606359991,-0.4289330492486325,0.3610474934661032,0.978580361513066,-0.7111644212715653,1.4716080594590133,0.0,-0.5683211791799189,0.0495531864788385,-1.2905901162753592,-0.409975441194734,-0.327194936554592,-1.444462344385676,-1.2960369510559453,0.9534019870509284,-0.4877555086559428,2.183349812517176,-1.0264522274911068,-1.5305699654423388,1.3792866238268513,-0.571864635419023,1.309230796107309,1.3871048330551343,74,0,0.9984619209099526,1.206906265077226
148,0,0.8766531397287465,0.6854680606359991,-0.4289330492486325,0.3610474934661032,0.978580361513066,-0.7111644212715653,1.4716080594590133,0.0,-0.5683211791799189,0.0495531864788385,-1.2905901162753592,-0.409975441194734,-0.327194936554592,-1.444462344385676,-1.2960369510559453,0.9534019870509284,-0.4877555086559428,2.183349812517176,-1.0264522274911068,-1.5305699654423388,1.3792866238268513,-0.571864635419023,1.309230796107309,1.3871048330551343,74,1,0.9984619209099526,1.206906265077226
149,0,0.8766531397287465,1.0884423010556434,-0.4780166405694042,0.3610474934661032,0.978580361513066,-0.7111644212715653,1.4716080594590133,0.0,-0.7630183812301254,-0.7957303657393812,-0.1320216408453801,-0.409975441194734,-0.0104813786226104,-1.620386499439033,-1.677161438070906,-0.6168346855939546,0.0673582143946439,0.914107037788434,-1.281555496075043,-0.2996264461875506,0.923887288147482,-0.9747332447501422,1.309230796107309,1.3871048330551343,75,0,0.9763148697860968,1.2255107252645137
150,0,0.8766531397287465,1.0884423010556434,-0.4780166405694042,0.3610474934661032,0.978580361513066,-0.7111644212715653,1.4716080594590133,0.0,-0.7630183812301254,-0.7957303657393812,-0.1320216408453801,-0.409975441194734,-0.0104813786226104,-1.620386499439033,-1.677161438070906,-0.6168346855939546,0.0673582143946439,0.914107037788434,-1.281555496075043,-0.2996264461875506,0.923887288147482,-0.9747332447501422,1.309230796107309,1.3871048330551343,75,1,0.9763148697860968,1.2255107252645137
151,0,1.2778881427639106,1.0884423010556434,-0.3798494579278609,0.3610474934661032,0.978580361513066,-0.7111644212715653,1.532018306645547,0.0,-0.7630183812301254,0.0495531864788385,-0.1320216408453801,0.6352098982042783,1.256517846341055,-0.9166764570729355,-0.9148979250737528,0.7290726830027427,0.3449574316137456,-0.355038907311476,-1.281555496075043,-1.8383293239986784,0.4685574366511583,-0.7732950980447828,1.309230796107309,1.3871048330551343,76,0,1.031146373963881,1.24073255632684
152,0,1.2778881427639106,1.0884423010556434,-0.3798494579278609,0.3610474934661032,0.978580361513066,-0.7111644212715653,1.532018306645547,0.0,-0.7630183812301254,0.0495531864788385,-0.1320216408453801,0.6352098982042783,1.256517846341055,-0.9166764570729355,-0.9148979250737528,0.7290726830027427,0.3449574316137456,-0.355038907311476,-1.281555496075043,-1.8383293239986784,0.4685574366511583,-0.7732950980447828,1.309230796107309,1.3871048330551343,76,1,1.031146373963881,1.24073255632684
153,0,1.6791231457990747,1.8943715670255628,-0.2816916370241243,0.3610474934661032,0.978580361513066,-0.7111644212715653,1.4716080594590133,0.0,-1.3470951335030374,0.0495531864788385,-1.2905901162753592,0.6352098982042783,0.9397559573304936,-0.740752302019579,-0.5337734380587921,-0.8411639896421402,0.3449574316137456,-0.0377282136292905,-0.3887329793252218,-0.9150982058149448,1.834616475323175,-1.075448476063022,1.309230796107309,1.3871048330551343,77,0,1.1489603324793707,1.2531867817414708
154,0,1.6791231457990747,1.8943715670255628,-0.2816916370241243,0.3610474934661032,0.978580361513066,-0.7111644212715653,1.4716080594590133,0.0,-1.3470951335030374,0.0495531864788385,-1.2905901162753592,0.6352098982042783,0.9397559573304936,-0.740752302019579,-0.5337734380587921,-0.8411639896421402,0.3449574316137456,-0.0377282136292905,-0.3887329793252218,-0.9150982058149448,1.834616475323175,-1.075448476063022,1.309230796107309,1.3871048330551343,77,1,1.1489603324793707,1.2531867817414708
155,0,1.6791231457990747,1.4913973266059182,-0.6252674145317192,0.3610474934661032,-0.9024657082140384,-0.7111644212715653,1.4716080594590133,0.0,-1.152397931452831,-0.7957303657393812,-1.2905901162753592,0.6352098982042783,1.256517846341055,-0.9166764570729355,-0.5337734380587921,0.2804140749063715,-1.598067666144733,-0.0377282136292905,-0.2611813450332536,-0.9150982058149448,2.290015811002544,-0.672579866731903,1.309230796107309,1.3871048330551343,78,0,1.2453535712647714,1.2633766025352595
156,0,1.6791231457990747,1.4913973266059182,-0.6252674145317192,0.3610474934661032,-0.9024657082140384,-0.7111644212715653,1.4716080594590133,0.0,-1.152397931452831,-0.7957303657393812,-1.2905901162753592,0.6352098982042783,1.256517846341055,-0.9166764570729355,-0.5337734380587921,0.2804140749063715,-1.598067666144733,-0.0377282136292905,-0.2611813450332536,-0.9150982058149448,2.290015811002544,-0.672579866731903,1.309230796107309,1.3871048330551343,78,1,1.2453535712647714,1.2633766025352595
157,0,1.2778881427639106,1.4913973266059182,-0.5761838232109475,0.3610474934661032,-0.9024657082140384,-0.7111644212715653,1.4716080594590133,0.0,-1.152397931452831,0.0495531864788385,-1.2905901162753592,0.6352098982042783,0.623042399398512,-0.9166764570729355,-0.5337734380587921,-1.0654248379979097,1.1777550832710504,-1.941495546093572,1.141769862296529,-0.6073388472586053,-0.8975710862039038,-1.075448476063022,1.309230796107309,1.3871048330551343,79,0,1.2512689479009784,1.2717137286392686
158,0,1.2778881427639106,1.4913973266059182,-0.5761838232109475,0.3610474934661032,-0.9024657082140384,-0.7111644212715653,1.4716080594590133,0.0,-1.152397931452831,0.0495531864788385,-1.2905901162753592,0.6352098982042783,0.623042399398512,-0.9166764570729355,-0.5337734380587921,-1.0654248379979097,1.1777550832710504,-1.941495546093572,1.141769862296529,-0.6073388472586053,-0.8975710862039038,-1.075448476063022,1.309230796107309,1.3871048330551343,79,1,1.2512689479009784,1.2717137286392686
159,0,1.2778881427639106,1.0884423010556434,-0.6252674145317192,0.3610474934661032,-0.9024657082140384,-0.7111644212715653,1.592428553832081,0.0,-0.9577081563414782,0.0495531864788385,-1.2905901162753592,-0.409975441194734,0.623042399398512,-0.740752302019579,-0.5337734380587921,-0.392505381545769,-0.7653547258750445,-0.0377282136292905,1.141769862296529,-1.2228106068859994,-2.263699609058966,-0.1689960260879038,1.309230796107309,1.3871048330551343,80,0,1.2561088015124207,1.2785350136334577
160,0,1.2778881427639106,1.0884423010556434,-0.6252674145317192,0.3610474934661032,-0.9024657082140384,-0.7111644212715653,1.592428553832081,0.0,-0.9577081563414782,0.0495531864788385,-1.2905901162753592,-0.409975441194734,0.623042399398512,-0.740752302019579,-0.5337734380587921,-0.392505381545769,-0.7653547258750445,-0.0377282136292905,1.141769862296529,-1.2228106068859994,-2.263699609058966,-0.1689960260879038,1.309230796107309,1.3871048330551343,80,1,1.2561088015124207,1.2785350136334577
161,0,0.8766531397287465,1.0884423010556434,-0.4780166405694042,0.3610474934661032,-0.9024657082140384,-0.7111644212715653,1.4716080594590133,0.0,-0.7630183812301254,-0.7957303657393812,-0.1320216408453801,-0.409975441194734,-0.6439568255651532,-1.2685314782559842,-0.9148979250737528,-0.8411639896421402,0.9001558660519489,0.5968931737350806,1.0142571512985166,0.9313640305525224,0.0131581009717891,-0.9747332447501422,1.309230796107309,1.3871048330551343,81,0,1.187116863006298,1.2841160649923398
162,0,0.8766531397287465,1.0884423010556434,-0.4780166405694042,0.3610474934661032,-0.9024657082140384,-0.7111644212715653,1.4716080594590133,0.0,-0.7630183812301254,-0.7957303657393812,-0.1320216408453801,-0.409975441194734,-0.6439568255651532,-1.2685314782559842,-0.9148979250737528,-0.8411639896421402,0.9001558660519489,0.5968931737350806,1.0142571512985166,0.9313640305525224,0.0131581009717891,-0.9747332447501422,1.309230796107309,1.3871048330551343,81,1,1.187116863006298,1.2841160649923398
163,0,0.4754564005695154,0.6854680606359991,-0.3798494579278609,0.3610474934661032,-0.9024657082140384,-0.7111644212715653,1.411243891789784,0.0,-0.5683211791799189,-0.7957303657393812,-1.2905901162753592,-1.4550013077009485,-0.6439568255651532,-1.7963106544923897,-1.677161438070906,-0.392505381545769,-0.2101562914368412,1.8660391188349903,0.3765379031326314,-2.453801083626072,0.4685574366511583,-1.6797475480199011,1.380763630852969,1.3871048330551343,82,0,1.0577240516541557,1.3016883496942724
164,0,0.4754564005695154,0.6854680606359991,-0.3798494579278609,0.3610474934661032,-0.9024657082140384,-0.7111644212715653,1.411243891789784,0.0,-0.5683211791799189,-0.7957303657393812,-1.2905901162753592,-1.4550013077009485,-0.6439568255651532,-1.7963106544923897,-1.677161438070906,-0.392505381545769,-0.2101562914368412,1.8660391188349903,0.3765379031326314,-2.453801083626072,0.4685574366511583,-1.6797475480199011,1.380763630852969,1.3871048330551343,82,1,1.0577240516541557,1.3016883496942724
165,0,0.8766531397287465,0.6854680606359991,-0.4780166405694042,0.3610474934661032,-0.9024657082140384,-0.7111644212715653,1.4716080594590133,0.0,-0.5683211791799189,-0.7957303657393812,-0.1320216408453801,-0.409975441194734,-0.6439568255651532,-1.9722415206220811,-2.0582859250858667,-1.514083446094281,0.9001558660519489,-0.6723496009936615,-0.3887329793252218,-1.2228106068859994,-1.352970421883273,-0.9747332447501422,1.1661623978132605,1.3373391758428137,83,0,1.0248020676677176,1.2770472675340883
166,0,0.8766531397287465,0.6854680606359991,-0.4780166405694042,0.3610474934661032,-0.9024657082140384,-0.7111644212715653,1.4716080594590133,0.0,-0.5683211791799189,-0.7957303657393812,-0.1320216408453801,-0.409975441194734,-0.6439568255651532,-1.9722415206220811,-2.0582859250858667,-1.514083446094281,0.9001558660519489,-0.6723496009936615,-0.3887329793252218,-1.2228106068859994,-1.352970421883273,-0.9747332447501422,1.1661623978132605,1.3373391758428137,83,1,1.0248020676677176,1.2770472675340883
167,0,0.8766531397287465,0.6854680606359991,-0.4780166405694042,0.3610474934661032,-0.9024657082140384,-0.7111644212715653,1.532018306645547,0.0,-0.5683211791799189,0.0495531864788385,-1.2905901162753592,-0.409975441194734,-0.0104813786226104,-1.620386499439033,-1.2960369510559453,0.7290726830027427,-0.7653547258750445,0.279582480052895,-1.5366198413650238,0.0081329123687887,-1.352970421883273,0.0324344365378559,1.309230796107309,1.3871048330551343,84,0,0.997865898951541,1.2828988181837648
168,0,0.8766531397287465,0.6854680606359991,-0.4780166405694042,0.3610474934661032,-0.9024657082140384,-0.7111644212715653,1.532018306645547,0.0,-0.5683211791799189,0.0495531864788385,-1.2905901162753592,-0.409975441194734,-0.0104813786226104,-1.620386499439033,-1.2960369510559453,0.7290726830027427,-0.7653547258750445,0.279582480052895,-1.5366198413650238,0.0081329123687887,-1.352970421883273,0.0324344365378559,1.309230796107309,1.3871048330551343,84,1,0.997865898951541,1.2828988181837648
169,0,1.6791231457990747,1.4913973266059182,-0.4289330492486325,0.3610474934661032,-0.9024657082140384,-0.7111644212715653,1.4716080594590133,0.0,-1.3470951335030374,-0.7957303657393812,-0.1320216408453801,-0.409975441194734,0.9397559573304936,-1.620386499439033,-1.677161438070906,1.401992139454883,0.6225566488328472,-0.0377282136292905,-1.409107130367011,-0.2996264461875506,0.4685574366511583,-1.075448476063022,1.1661623978132605,1.3373391758428137,85,0,1.1217308529238197,1.2616740144800367
170,0,1.6791231457990747,1.4913973266059182,-0.4289330492486325,0.3610474934661032,-0.9024657082140384,-0.7111644212715653,1.4716080594590133,0.0,-1.3470951335030374,-0.7957303657393812,-0.1320216408453801,-0.409975441194734,0.9397559573304936,-1.620386499439033,-1.677161438070906,1.401992139454883,0.6225566488328472,-0.0377282136292905,-1.409107130367011,-0.2996264461875506,0.4685574366511583,-1.075448476063022,1.1661623978132605,1.3373391758428137,85,1,1.1217308529238197,1.2616740144800367
171,0,1.2778881427639106,1.4913973266059182,-0.2816916370241243,0.8694520664635984,-0.9024657082140384,-0.7111644212715653,1.4716080594590133,0.0,-0.9577081563414782,-0.7957303657393812,-1.2905901162753592,0.6352098982042783,0.9397559573304936,-1.444462344385676,-1.2960369510559453,-0.8411639896421402,-1.042953943094146,-0.355038907311476,-1.281555496075043,2.1623075498073105,0.923887288147482,0.3345878145560952,1.1661623978132605,1.3373391758428137,86,0,1.1501230874401998,1.244308265995168
172,0,1.2778881427639106,1.4913973266059182,-0.2816916370241243,0.8694520664635984,-0.9024657082140384,-0.7111644212715653,1.4716080594590133,0.0,-0.9577081563414782,-0.7957303657393812,-1.2905901162753592,0.6352098982042783,0.9397559573304936,-1.444462344385676,-1.2960369510559453,-0.8411639896421402,-1.042953943094146,-0.355038907311476,-1.281555496075043,2.1623075498073105,0.923887288147482,0.3345878145560952,1.1661623978132605,1.3373391758428137,86,1,1.1501230874401998,1.244308265995168
173,0,1.2778881427639106,1.4913973266059182,-0.3798494579278609,1.3778566394610936,-0.9024657082140384,-0.7111644212715653,1.411243891789784,0.0,-0.9577081563414782,0.0495531864788385,-0.1320216408453801,0.6352098982042783,0.9397559573304936,-1.2685314782559842,-1.2960369510559453,-0.6168346855939546,-1.042953943094146,-0.355038907311476,-0.8989005931991387,-0.9150982058149448,0.923887288147482,-0.4711494041061431,1.1661623978132605,1.3871048330551343,87,0,1.1733530974990563,1.2300999263257302
174,0,1.2778881427639106,1.4913973266059182,-0.3798494579278609,1.3778566394610936,-0.9024657082140384,-0.7111644212715653,1.411243891789784,0.0,-0.9577081563414782,0.0495531864788385,-0.1320216408453801,0.6352098982042783,0.9397559573304936,-1.2685314782559842,-1.2960369510559453,-0.6168346855939546,-1.042953943094146,-0.355038907311476,-0.8989005931991387,-0.9150982058149448,0.923887288147482,-0.4711494041061431,1.1661623978132605,1.3871048330551343,87,1,1.1733530974990563,1.2300999263257302
175,0,1.6791231457990747,1.4913973266059182,-0.4780166405694042,0.3610474934661032,-0.9024657082140384,-0.7111644212715653,1.532018306645547,0.0,-0.9577081563414782,-0.7957303657393812,-0.1320216408453801,0.6352098982042783,0.9397559573304936,-0.9166764570729355,-0.5337734380587921,-0.6168346855939546,0.9001558660519489,-0.355038907311476,0.8867055170065484,-1.2228106068859994,0.0131581009717891,-0.9747332447501422,1.380763630852969,1.4368695410664942,88,0,1.2653112880990596,1.2574933271488644
176,0,1.6791231457990747,1.4913973266059182,-0.4780166405694042,0.3610474934661032,-0.9024657082140384,-0.7111644212715653,1.532018306645547,0.0,-0.9577081563414782,-0.7957303657393812,-0.1320216408453801,0.6352098982042783,0.9397559573304936,-0.9166764570729355,-0.5337734380587921,-0.6168346855939546,0.9001558660519489,-0.355038907311476,0.8867055170065484,-1.2228106068859994,0.0131581009717891,-0.9747332447501422,1.380763630852969,1.4368695410664942,88,1,1.2653112880990596,1.2574933271488644
177,0,1.6791231457990747,1.4913973266059182,-0.5761838232109475,0.3610474934661032,-0.9024657082140384,-0.7111644212715653,1.532018306645547,0.0,-1.152397931452831,-1.641030040707891,-0.1320216408453801,0.6352098982042783,0.9397559573304936,-1.0926073232026277,-0.9148979250737528,0.7290726830027427,-1.042953943094146,1.2314177314706196,1.141769862296529,-0.2996264461875506,0.0131581009717891,-1.780462779332781,1.380763630852969,1.3373391758428137,89,0,1.3405498076808804,1.2799061096405198
178,0,1.6791231457990747,1.4913973266059182,-0.5761838232109475,0.3610474934661032,-0.9024657082140384,-0.7111644212715653,1.532018306645547,0.0,-1.152397931452831,-1.641030040707891,-0.1320216408453801,0.6352098982042783,0.9397559573304936,-1.0926073232026277,-0.9148979250737528,0.7290726830027427,-1.042953943094146,1.2314177314706196,1.141769862296529,-0.2996264461875506,0.0131581009717891,-1.780462779332781,1.380763630852969,1.3373391758428137,89,1,1.3405498076808804,1.2799061096405198
179,0,0.8766531397287465,1.0884423010556434,-0.6252674145317192,0.3610474934661032,-0.9024657082140384,-0.7111644212715653,1.4716080594590133,0.0,-0.9577081563414782,-0.7957303657393812,-1.2905901162753592,-0.409975441194734,0.623042399398512,-1.444462344385676,-0.9148979250737528,0.0561532265506022,0.9001558660519489,-0.6723496009936615,0.8867055170065484,0.0081329123687887,-1.352970421883273,-1.075448476063022,1.1661623978132605,1.3871048330551343,90,0,1.2562049589623105,1.2592254347628362
180,0,0.8766531397287465,1.0884423010556434,-0.6252674145317192,0.3610474934661032,-0.9024657082140384,-0.7111644212715653,1.4716080594590133,0.0,-0.9577081563414782,-0.7957303657393812,-1.2905901162753592,-0.409975441194734,0.623042399398512,-1.444462344385676,-0.9148979250737528,0.0561532265506022,0.9001558660519489,-0.6723496009936615,0.8867055170065484,0.0081329123687887,-1.352970421883273,-1.075448476063022,1.1661623978132605,1.3871048330551343,90,1,1.2562049589623105,1.2592254347628362
181,0,0.4754564005695154,0.6854680606359991,-0.5271002318901759,0.3610474934661032,-0.9024657082140384,-0.7111644212715653,1.4716080594590133,0.0,-0.5683211791799189,0.0495531864788385,-0.1320216408453801,-0.409975441194734,-0.6439568255651532,-1.620386499439033,-1.677161438070906,-0.392505381545769,0.3449574316137456,-0.0377282136292905,-0.0061169997432728,0.3158922709251282,0.4685574366511583,-0.1689960260879038,1.1661623978132605,1.3373391758428137,91,0,1.114250675618166,1.242304882590186
182,0,0.4754564005695154,0.6854680606359991,-0.5271002318901759,0.3610474934661032,-0.9024657082140384,-0.7111644212715653,1.4716080594590133,0.0,-0.5683211791799189,0.0495531864788385,-0.1320216408453801,-0.409975441194734,-0.6439568255651532,-1.620386499439033,-1.677161438070906,-0.392505381545769,0.3449574316137456,-0.0377282136292905,-0.0061169997432728,0.3158922709251282,0.4685574366511583,-0.1689960260879038,1.1661623978132605,1.3373391758428137,91,1,1.114250675618166,1.242304882590186
183,0,0.8766531397287465,0.6854680606359991,-0.4289330492486325,0.3610474934661032,-0.9024657082140384,-0.7111644212715653,1.4716080594590133,0.0,-0.5683211791799189,-0.7957303657393812,-0.1320216408453801,-0.409975441194734,-0.327194936554592,-1.620386499439033,-1.677161438070906,-0.1681760774975834,0.9001558660519489,1.548728425152805,-0.3887329793252218,0.6236046719961829,-1.352970421883273,-1.075448476063022,1.1661623978132605,1.3373391758428137,92,0,1.0710511236382716,1.2284607944489265
184,0,0.8766531397287465,0.6854680606359991,-0.4289330492486325,0.3610474934661032,-0.9024657082140384,-0.7111644212715653,1.4716080594590133,0.0,-0.5683211791799189,-0.7957303657393812,-0.1320216408453801,-0.409975441194734,-0.327194936554592,-1.620386499439033,-1.677161438070906,-0.1681760774975834,0.9001558660519489,1.548728425152805,-0.3887329793252218,0.6236046719961829,-1.352970421883273,-1.075448476063022,1.1661623978132605,1.3373391758428137,92,1,1.0710511236382716,1.2284607944489265
185,0,1.2778881427639106,1.0884423010556434,-0.4780166405694042,0.3610474934661032,-0.9024657082140384,-0.7111644212715653,1.532018306645547,0.0,-0.9577081563414782,-2.486329715676401,-0.1320216408453801,0.6352098982042783,0.623042399398512,-1.7963106544923897,-1.677161438070906,0.9534019870509284,-1.042953943094146,-0.355038907311476,-1.664171475656992,0.0081329123687887,0.0131581009717891,-1.3776018540812611,1.1661623978132605,1.3373391758428137,93,0,1.1086578543883878,1.2171338132424416
186,0,1.2778881427639106,1.0884423010556434,-0.4780166405694042,0.3610474934661032,-0.9024657082140384,-0.7111644212715653,1.532018306645547,0.0,-0.9577081563414782,-2.486329715676401,-0.1320216408453801,0.6352098982042783,0.623042399398512,-1.7963106544923897,-1.677161438070906,0.9534019870509284,-1.042953943094146,-0.355038907311476,-1.664171475656992,0.0081329123687887,0.0131581009717891,-1.3776018540812611,1.1661623978132605,1.3373391758428137,93,1,1.1086578543883878,1.2171338132424416
187,0,1.2778881427639106,1.0884423010556434,-0.4780166405694042,0.3610474934661032,-0.9024657082140384,-0.7111644212715653,1.411243891789784,0.0,-0.9577081563414782,0.0495531864788385,-1.2905901162753592,0.6352098982042783,0.9397559573304936,-1.444462344385676,-1.2960369510559453,-1.514083446094281,2.2880672407598404,-0.6723496009936615,-1.0264522274911068,0.9313640305525224,-0.8975710862039038,-0.9747332447501422,1.1661623978132605,1.3373391758428137,94,0,1.1394269977293918,1.2078662831644087
188,0,1.2778881427639106,1.0884423010556434,-0.4780166405694042,0.3610474934661032,-0.9024657082140384,-0.7111644212715653,1.411243891789784,0.0,-0.9577081563414782,0.0495531864788385,-1.2905901162753592,0.6352098982042783,0.9397559573304936,-1.444462344385676,-1.2960369510559453,-1.514083446094281,2.2880672407598404,-0.6723496009936615,-1.0264522274911068,0.9313640305525224,-0.8975710862039038,-0.9747332447501422,1.1661623978132605,1.3373391758428137,94,1,1.1394269977293918,1.2078662831644087
189,0,1.2778881427639106,1.4913973266059182,-0.3798494579278609,0.3610474934661032,-0.9024657082140384,-0.7111644212715653,1.4716080594590133,0.0,-1.152397931452831,-0.7957303657393812,-1.2905901162753592,0.6352098982042783,1.256517846341055,-1.2685314782559842,-1.2960369510559453,-0.8411639896421402,-1.320553160313248,-0.9895634650470152,-1.79172310994896,2.1623075498073105,2.290015811002544,-0.4711494041061431,1.1661623978132605,1.3373391758428137,95,0,1.1646017513720315,1.200283758555109
190,0,1.2778881427639106,1.4913973266059182,-0.3798494579278609,0.3610474934661032,-0.9024657082140384,-0.7111644212715653,1.4716080594590133,0.0,-1.152397931452831,-0.7957303657393812,-1.2905901162753592,0.6352098982042783,1.256517846341055,-1.2685314782559842,-1.2960369510559453,-0.8411639896421402,-1.320553160313248,-0.9895634650470152,-1.79172310994896,2.1623075498073105,2.290015811002544,-0.4711494041061431,1.1661623978132605,1.3373391758428137,95,1,1.1646017513720315,1.200283758555109
191,0,1.6791231457990747,1.4913973266059182,-0.3307658666070892,0.3610474934661032,-0.9024657082140384,-0.7111644212715653,1.4716080594590133,0.0,-0.9577081563414782,0.0495531864788385,-0.1320216408453801,0.6352098982042783,1.256517846341055,-1.0926073232026277,-0.9148979250737528,-0.6168346855939546,-0.7653547258750445,1.548728425152805,-0.2611813450332536,-0.2996264461875506,0.4685574366511583,-1.075448476063022,1.1661623978132605,1.3373391758428137,96,0,1.258151095813312,1.1940798747838637
192,0,1.6791231457990747,1.4913973266059182,-0.3307658666070892,0.3610474934661032,-0.9024657082140384,-0.7111644212715653,1.4716080594590133,0.0,-0.9577081563414782,0.0495531864788385,-0.1320216408453801,0.6352098982042783,1.256517846341055,-1.0926073232026277,-0.9148979250737528,-0.6168346855939546,-0.7653547258750445,1.548728425152805,-0.2611813450332536,-0.2996264461875506,0.4685574366511583,-1.075448476063022,1.1661623978132605,1.3373391758428137,96,1,1.258151095813312,1.1940798747838637
193,0,1.6791231457990747,1.4913973266059182,-0.5271002318901759,1.3778566394610936,-0.9024657082140384,-0.7111644212715653,1.532018306645547,0.0,-1.3470951335030374,-0.7957303657393812,-0.1320216408453801,0.6352098982042783,1.8899932932835977,-0.740752302019579,-0.9148979250737528,-0.6168346855939546,-1.598067666144733,0.279582480052895,1.0142571512985166,-0.2996264461875506,0.4685574366511583,-1.3776018540812611,1.1661623978132605,1.3373391758428137,97,0,1.334691468537996,1.1890039698801176
194,0,1.6791231457990747,1.4913973266059182,-0.5271002318901759,1.3778566394610936,-0.9024657082140384,-0.7111644212715653,1.532018306645547,0.0,-1.3470951335030374,-0.7957303657393812,-0.1320216408453801,0.6352098982042783,1.8899932932835977,-0.740752302019579,-0.9148979250737528,-0.6168346855939546,-1.598067666144733,0.279582480052895,1.0142571512985166,-0.2996264461875506,0.4685574366511583,-1.3776018540812611,1.1661623978132605,1.3373391758428137,97,1,1.334691468537996,1.1890039698801176
195,0,1.6791231457990747,1.4913973266059182,-0.5761838232109475,0.3610474934661032,-0.9024657082140384,-0.7111644212715653,1.4716080594590133,0.0,-1.3470951335030374,-1.641030040707891,-0.1320216408453801,-0.409975441194734,1.8899932932835977,-1.0926073232026277,-0.9148979250737528,-0.8411639896421402,0.0673582143946439,0.279582480052895,1.6519763994644017,-0.6073388472586053,1.3792866238268513,-1.075448476063022,1.1661623978132605,1.3373391758428137,98,0,1.3973154098581921,1.1848509567770527
196,0,1.6791231457990747,1.4913973266059182,-0.5761838232109475,0.3610474934661032,-0.9024657082140384,-0.7111644212715653,1.4716080594590133,0.0,-1.3470951335030374,-1.641030040707891,-0.1320216408453801,-0.409975441194734,1.8899932932835977,-1.0926073232026277,-0.9148979250737528,-0.8411639896421402,0.0673582143946439,0.279582480052895,1.6519763994644017,-0.6073388472586053,1.3792866238268513,-1.075448476063022,1.1661623978132605,1.3373391758428137,98,1,1.3973154098581921,1.1848509567770527
197,0,0.8766531397287465,0.6854680606359991,-0.6743510058524909,0.3610474934661032,-0.9024657082140384,-0.7111644212715653,1.4716080594590133,0.0,-0.7630183812301254,-0.7957303657393812,-0.1320216408453801,-0.409975441194734,-0.327194936554592,-1.444462344385676,-1.2960369510559453,-0.1681760774975834,0.9001558660519489,0.914107037788434,1.6519763994644017,-1.5305699654423388,-0.44224123470758,-0.9747332447501422,1.1661623978132605,1.3373391758428137,99,0,1.3026495425619293,1.181453036965454
198,0,0.8766531397287465,0.6854680606359991,-0.6743510058524909,0.3610474934661032,-0.9024657082140384,-0.7111644212715653,1.4716080594590133,0.0,-0.7630183812301254,-0.7957303657393812,-0.1320216408453801,-0.409975441194734,-0.327194936554592,-1.444462344385676,-1.2960369510559453,-0.1681760774975834,0.9001558660519489,0.914107037788434,1.6519763994644017,-1.5305699654423388,-0.44224123470758,-0.9747332447501422,1.1661623978132605,1.3373391758428137,99,1,1.3026495425619293,1.181453036965454
199,0,0.4754564005695154,0.6854680606359991,-0.3798494579278609,0.3610474934661032,-0.9024657082140384,-0.7111644212715653,1.4716080594590133,0.0,-0.5683211791799189,1.7401525364158583,-0.1320216408453801,-0.409975441194734,-0.9606703834971348,-1.2685314782559842,-0.9148979250737528,-1.514083446094281,-1.042953943094146,-1.3068741587292003,1.2693214965884974,0.0081329123687887,-1.352970421883273,-1.075448476063022,1.1661623978132605,1.2875735186304924,100,0,1.1522507894723995,1.178672920755964
200,0,0.4754564005695154,0.6854680606359991,-0.3798494579278609,0.3610474934661032,-0.9024657082140384,-0.7111644212715653,1.4716080594590133,0.0,-0.5683211791799189,1.7401525364158583,-0.1320216408453801,-0.409975441194734,-0.9606703834971348,-1.2685314782559842,-0.9148979250737528,-1.514083446094281,-1.042953943094146,-1.3068741587292003,1.2693214965884974,0.0081329123687887,-1.352970421883273,-1.075448476063022,1.1661623978132605,1.2875735186304924,100,1,1.1522507894723995,1.178672920755964
201,0,0.4754564005695154,0.2825130350857242,-0.4289330492486325,0.3610474934661032,-0.9024657082140384,-0.7111644212715653,1.532018306645547,0.0,-0.5683211791799189,-1.641030040707891,-1.2905901162753592,-2.5001866470999605,-0.6439568255651532,-1.7963106544923897,-1.677161438070906,-0.392505381545769,0.0673582143946439,-0.0377282136292905,0.5040506141306441,-0.6073388472586053,-2.719098944738335,0.0324344365378559,1.309230796107309,1.2875735186304924,101,0,1.0291972642173295,1.2024107162743904
202,0,0.4754564005695154,0.2825130350857242,-0.4289330492486325,0.3610474934661032,-0.9024657082140384,-0.7111644212715653,1.532018306645547,0.0,-0.5683211791799189,-1.641030040707891,-1.2905901162753592,-2.5001866470999605,-0.6439568255651532,-1.7963106544923897,-1.677161438070906,-0.392505381545769,0.0673582143946439,-0.0377282136292905,0.5040506141306441,-0.6073388472586053,-2.719098944738335,0.0324344365378559,1.309230796107309,1.2875735186304924,101,1,1.0291972642173295,1.2024107162743904
203,0,0.4754564005695154,0.6854680606359991,-0.3798494579278609,0.3610474934661032,-0.9024657082140384,-0.7111644212715653,1.4716080594590133,0.0,-0.5683211791799189,-0.7957303657393812,-0.1320216408453801,-1.4550013077009485,-0.0104813786226104,-1.9722415206220811,-2.0582859250858667,0.2804140749063715,1.1777550832710504,-0.0377282136292905,-0.2611813450332536,0.6236046719961829,0.4685574366511583,-0.9747332447501422,1.0946281986662358,1.2875735186304924,102,0,0.9285171071904542,1.1828138948910896
204,0,0.4754564005695154,0.6854680606359991,-0.3798494579278609,0.3610474934661032,-0.9024657082140384,-0.7111644212715653,1.4716080594590133,0.0,-0.5683211791799189,-0.7957303657393812,-0.1320216408453801,-1.4550013077009485,-0.0104813786226104,-1.9722415206220811,-2.0582859250858667,0.2804140749063715,1.1777550832710504,-0.0377282136292905,-0.2611813450332536,0.6236046719961829,0.4685574366511583,-0.9747332447501422,1.0946281986662358,1.2875735186304924,102,1,0.9285171071904542,1.1828138948910896
205,0,0.4754564005695154,0.6854680606359991,-0.5271002318901759,0.3610474934661032,-0.9024657082140384,-0.7111644212715653,1.4716080594590133,0.0,-0.5683211791799189,0.8948528614473485,-0.1320216408453801,-0.409975441194734,-0.327194936554592,-2.148165675675438,-2.0582859250858667,0.9534019870509284,-2.153266100582936,0.5968931737350806,-1.79172310994896,0.0081329123687887,2.745415146681913,-2.0826161573510205,1.237696596960285,1.3373391758428137,103,0,0.8461424332593744,1.1927925679945797
206,0,0.4754564005695154,0.6854680606359991,-0.5271002318901759,0.3610474934661032,-0.9024657082140384,-0.7111644212715653,1.4716080594590133,0.0,-0.5683211791799189,0.8948528614473485,-0.1320216408453801,-0.409975441194734,-0.327194936554592,-2.148165675675438,-2.0582859250858667,0.9534019870509284,-2.153266100582936,0.5968931737350806,-1.79172310994896,0.0081329123687887,2.745415146681913,-2.0826161573510205,1.237696596960285,1.3373391758428137,103,1,0.8461424332593744,1.1927925679945797
207,0,0.8766531397287465,1.0884423010556434,-0.4780166405694042,0.8694520664635984,-0.9024657082140384,-0.7111644212715653,1.4716080594590133,0.0,-0.5683211791799189,0.0495531864788385,-1.2905901162753592,0.6352098982042783,-0.6439568255651532,-1.620386499439033,-1.2960369510559453,1.401992139454883,1.732868806321637,1.548728425152805,-1.919274744240928,0.0081329123687887,0.0131581009717891,-1.5790323167070213,1.0946281986662358,1.2875735186304924,104,0,0.8516898344356238,1.1749445008439716
208,0,0.8766531397287465,1.0884423010556434,-0.4780166405694042,0.8694520664635984,-0.9024657082140384,-0.7111644212715653,1.4716080594590133,0.0,-0.5683211791799189,0.0495531864788385,-1.2905901162753592,0.6352098982042783,-0.6439568255651532,-1.620386499439033,-1.2960369510559453,1.401992139454883,1.732868806321637,1.548728425152805,-1.919274744240928,0.0081329123687887,0.0131581009717891,-1.5790323167070213,1.0946281986662358,1.2875735186304924,104,1,0.8516898344356238,1.1749445008439716
209,0,1.2778881427639106,1.4913973266059182,-0.4289330492486325,0.3610474934661032,-0.9024657082140384,-0.7111644212715653,1.592428553832081,0.0,-0.9577081563414782,-0.7957303657393812,-1.2905901162753592,0.6352098982042783,1.256517846341055,-1.444462344385676,-1.2960369510559453,-1.962742054190652,3.120780181029529,-0.355038907311476,-1.281555496075043,-0.9150982058149448,-0.8975710862039038,-0.3704341727932632,1.1661623978132605,1.3871048330551343,105,0,0.9291804359498577,1.1733477548383877
210,0,1.2778881427639106,1.4913973266059182,-0.4289330492486325,0.3610474934661032,-0.9024657082140384,-0.7111644212715653,1.592428553832081,0.0,-0.9577081563414782,-0.7957303657393812,-1.2905901162753592,0.6352098982042783,1.256517846341055,-1.444462344385676,-1.2960369510559453,-1.962742054190652,3.120780181029529,-0.355038907311476,-1.281555496075043,-0.9150982058149448,-0.8975710862039038,-0.3704341727932632,1.1661623978132605,1.3871048330551343,105,1,0.9291804359498577,1.1733477548383877
211,0,1.6791231457990747,1.8943715670255628,-0.4289330492486325,0.3610474934661032,-0.9024657082140384,-0.7111644212715653,1.4716080594590133,0.0,-1.3470951335030374,0.0495531864788385,-1.2905901162753592,0.6352098982042783,1.5732314042730364,-1.2685314782559842,-0.9148979250737528,0.0561532265506022,0.6225566488328472,-0.0377282136292905,-0.1336686340352409,-0.9150982058149448,0.923887288147482,-0.9747332447501422,1.1661623978132605,1.3871048330551343,106,0,1.0655336559224424,1.1720413262883644
212,0,1.6791231457990747,1.8943715670255628,-0.4289330492486325,0.3610474934661032,-0.9024657082140384,-0.7111644212715653,1.4716080594590133,0.0,-1.3470951335030374,0.0495531864788385,-1.2905901162753592,0.6352098982042783,1.5732314042730364,-1.2685314782559842,-0.9148979250737528,0.0561532265506022,0.6225566488328472,-0.0377282136292905,-0.1336686340352409,-0.9150982058149448,0.923887288147482,-0.9747332447501422,1.1661623978132605,1.3871048330551343,106,1,1.0655336559224424,1.1720413262883644
213,0,1.6791231457990747,1.8943715670255628,-0.5271002318901759,0.3610474934661032,-0.9024657082140384,-0.7111644212715653,1.4716080594590133,0.0,-1.152397931452831,0.0495531864788385,-0.1320216408453801,0.6352098982042783,1.256517846341055,-0.9166764570729355,-0.9148979250737528,-2.6356615106427927,-0.7653547258750445,-0.0377282136292905,0.8867055170065484,-0.2996264461875506,0.4685574366511583,-1.8811856947252603,1.1661623978132605,1.3871048330551343,107,0,1.1770953813545573,1.1709724302019817
214,0,1.6791231457990747,1.8943715670255628,-0.5271002318901759,0.3610474934661032,-0.9024657082140384,-0.7111644212715653,1.4716080594590133,0.0,-1.152397931452831,0.0495531864788385,-0.1320216408453801,0.6352098982042783,1.256517846341055,-0.9166764570729355,-0.9148979250737528,-2.6356615106427927,-0.7653547258750445,-0.0377282136292905,0.8867055170065484,-0.2996264461875506,0.4685574366511583,-1.8811856947252603,1.1661623978132605,1.3871048330551343,107,1,1.1770953813545573,1.1709724302019817
215,0,1.2778881427639106,1.4913973266059182,-0.6743510058524909,1.3778566394610936,-0.9024657082140384,-0.7111644212715653,1.532018306645547,0.0,-0.9577081563414782,0.8948528614473485,-0.1320216408453801,0.6352098982042783,0.3062805103879508,-0.9166764570729355,-0.9148979250737528,0.5047433789545571,0.3449574316137456,0.279582480052895,2.1621440133383185,0.3158922709251282,-0.44224123470758,-0.9747332447501422,1.1661623978132605,1.3373391758428137,108,0,1.1954213379744396,1.1700978788585779
216,0,1.2778881427639106,1.4913973266059182,-0.6743510058524909,1.3778566394610936,-0.9024657082140384,-0.7111644212715653,1.532018306645547,0.0,-0.9577081563414782,0.8948528614473485,-0.1320216408453801,0.6352098982042783,0.3062805103879508,-0.9166764570729355,-0.9148979250737528,0.5047433789545571,0.3449574316137456,0.279582480052895,2.1621440133383185,0.3158922709251282,-0.44224123470758,-0.9747332447501422,1.1661623978132605,1.3373391758428137,108,1,1.1954213379744396,1.1700978788585779
217,0,1.2778881427639106,1.0884423010556434,-0.6252674145317192,0.3610474934661032,-0.9024657082140384,-0.7111644212715653,1.532018306645547,0.0,-1.152397931452831,0.8948528614473485,-0.1320216408453801,0.6352098982042783,0.623042399398512,-1.2685314782559842,-0.9148979250737528,1.8506507475512544,-1.042953943094146,-0.0377282136292905,1.6519763994644017,0.9313640305525224,-1.352970421883273,-0.571864635419023,1.1661623978132605,1.3373391758428137,109,0,1.210415302481616,1.1693823368503382
218,0,1.2778881427639106,1.0884423010556434,-0.6252674145317192,0.3610474934661032,-0.9024657082140384,-0.7111644212715653,1.532018306645547,0.0,-1.152397931452831,0.8948528614473485,-0.1320216408453801,0.6352098982042783,0.623042399398512,-1.2685314782559842,-0.9148979250737528,1.8506507475512544,-1.042953943094146,-0.0377282136292905,1.6519763994644017,0.9313640305525224,-1.352970421883273,-0.571864635419023,1.1661623978132605,1.3373391758428137,109,1,1.210415302481616,1.1693823368503382
219,0,0.4754564005695154,0.6854680606359991,-0.5761838232109475,0.3610474934661032,-0.9024657082140384,-0.7111644212715653,1.4716080594590133,0.0,-0.5683211791799189,-0.7957303657393812,-1.2905901162753592,-2.5001866470999605,-0.327194936554592,-1.620386499439033,-1.2960369510559453,0.5047433789545571,-2.153266100582936,2.183349812517176,1.5244247651724334,0.3158922709251282,0.0131581009717891,-0.9747332447501422,1.1661623978132605,1.3373391758428137,110,0,1.0767864112248704,1.1687968933890514
220,0,0.4754564005695154,0.6854680606359991,-0.5761838232109475,0.3610474934661032,-0.9024657082140384,-0.7111644212715653,1.4716080594590133,0.0,-0.5683211791799189,-0.7957303657393812,-1.2905901162753592,-2.5001866470999605,-0.327194936554592,-1.620386499439033,-1.2960369510559453,0.5047433789545571,-2.153266100582936,2.183349812517176,1.5244247651724334,0.3158922709251282,0.0131581009717891,-0.9747332447501422,1.1661623978132605,1.3373391758428137,110,1,1.0767864112248704,1.1687968933890514
221,0,0.4754564005695154,0.2825130350857242,-0.5761838232109475,0.3610474934661032,-0.9024657082140384,-0.7111644212715653,1.4716080594590133,0.0,-0.5683211791799189,0.0495531864788385,-0.1320216408453801,-2.5001866470999605,-0.9606703834971348,-1.9722415206220811,-2.0582859250858667,0.7290726830027427,-0.2101562914368412,0.279582480052895,1.0142571512985166,0.3158922709251282,0.0131581009717891,0.1331496678507358,1.1661623978132605,1.3373391758428137,111,0,0.9674536820148059,1.1683178941934529
222,0,0.4754564005695154,0.2825130350857242,-0.5761838232109475,0.3610474934661032,-0.9024657082140384,-0.7111644212715653,1.4716080594590133,0.0,-0.5683211791799189,0.0495531864788385,-0.1320216408453801,-2.5001866470999605,-0.9606703834971348,-1.9722415206220811,-2.0582859250858667,0.7290726830027427,-0.2101562914368412,0.279582480052895,1.0142571512985166,0.3158922709251282,0.0131581009717891,0.1331496678507358,1.1661623978132605,1.3373391758428137,111,1,0.9674536820148059,1.1683178941934529
223,0,0.0742213975343513,0.2825130350857242,-0.7234252354354558,0.3610474934661032,-0.9024657082140384,-0.7111644212715653,1.4716080594590133,0.0,-0.3736314040685661,1.7401525364158583,-0.1320216408453801,-2.5001866470999605,-1.594194161518257,-2.148165675675438,-2.0582859250858667,-0.1681760774975834,-0.7653547258750445,-0.0377282136292905,0.6316022484226123,-1.2228106068859994,-2.263699609058966,-0.9747332447501422,1.0946281986662358,1.3373391758428137,112,0,0.8050478121092686,1.1549197677339589
224,0,0.0742213975343513,0.2825130350857242,-0.7234252354354558,0.3610474934661032,-0.9024657082140384,-0.7111644212715653,1.4716080594590133,0.0,-0.3736314040685661,1.7401525364158583,-0.1320216408453801,-2.5001866470999605,-1.594194161518257,-2.148165675675438,-2.0582859250858667,-0.1681760774975834,-0.7653547258750445,-0.0377282136292905,0.6316022484226123,-1.2228106068859994,-2.263699609058966,-0.9747332447501422,1.0946281986662358,1.3373391758428137,112,1,0.8050478121092686,1.1549197677339589
225,0,0.8766531397287465,0.6854680606359991,-0.2816916370241243,-0.6557616525288871,-0.9024657082140384,-0.7111644212715653,1.532018306645547,0.0,-0.7630183812301254,-1.641030040707891,-1.2905901162753592,-1.4550013077009485,-0.327194936554592,-1.9722415206220811,-1.677161438070906,0.5047433789545571,-0.4877555086559428,0.5968931737350806,-0.6438362479091579,0.3158922709251282,0.0131581009717891,-1.4783170853941414,1.1661623978132605,1.2875735186304924,113,0,0.8180669625855372,1.1569638822938317
226,0,0.8766531397287465,0.6854680606359991,-0.2816916370241243,-0.6557616525288871,-0.9024657082140384,-0.7111644212715653,1.532018306645547,0.0,-0.7630183812301254,-1.641030040707891,-1.2905901162753592,-1.4550013077009485,-0.327194936554592,-1.9722415206220811,-1.677161438070906,0.5047433789545571,-0.4877555086559428,0.5968931737350806,-0.6438362479091579,0.3158922709251282,0.0131581009717891,-1.4783170853941414,1.1661623978132605,1.2875735186304924,113,1,0.8180669625855372,1.1569638822938317
227,0,0.8766531397287465,0.6854680606359991,-0.3798494579278609,0.3610474934661032,-0.9024657082140384,-0.7111644212715653,1.4716080594590133,0.0,-0.5683211791799189,-0.7957303657393812,-0.1320216408453801,-0.409975441194734,0.3062805103879508,-1.9722415206220811,-1.677161438070906,-0.392505381545769,-0.2101562914368412,-1.6241848524113862,-1.154003861783075,-0.2996264461875506,0.0131581009717891,-0.8740180134372624,1.1661623978132605,1.2875735186304924,114,0,0.8287189947933934,1.1586363396610004
228,0,0.8766531397287465,0.6854680606359991,-0.3798494579278609,0.3610474934661032,-0.9024657082140384,-0.7111644212715653,1.4716080594590133,0.0,-0.5683211791799189,-0.7957303657393812,-0.1320216408453801,-0.409975441194734,0.3062805103879508,-1.9722415206220811,-1.677161438070906,-0.392505381545769,-0.2101562914368412,-1.6241848524113862,-1.154003861783075,-0.2996264461875506,0.0131581009717891,-0.8740180134372624,1.1661623978132605,1.2875735186304924,114,1,0.8287189947933934,1.1586363396610004
229,0,1.2778881427639106,1.0884423010556434,-0.2816916370241243,0.3610474934661032,-0.9024657082140384,-0.7111644212715653,1.4716080594590133,0.0,-0.9577081563414782,-0.7957303657393812,-0.1320216408453801,0.6352098982042783,0.9397559573304936,-1.620386499439033,-1.677161438070906,-0.1681760774975834,-1.042953943094146,-0.355038907311476,-1.281555496075043,0.3158922709251282,1.3792866238268513,-0.8740180134372624,1.0946281986662358,1.2875735186304924,115,0,0.9103861126062147,1.1469984958437704
230,0,1.2778881427639106,1.0884423010556434,-0.2816916370241243,0.3610474934661032,-0.9024657082140384,-0.7111644212715653,1.4716080594590133,0.0,-0.9577081563414782,-0.7957303657393812,-0.1320216408453801,0.6352098982042783,0.9397559573304936,-1.620386499439033,-1.677161438070906,-0.1681760774975834,-1.042953943094146,-0.355038907311476,-1.281555496075043,0.3158922709251282,1.3792866238268513,-0.8740180134372624,1.0946281986662358,1.2875735186304924,115,1,0.9103861126062147,1.1469984958437704
231,0,1.6791231457990747,1.4913973266059182,-0.4289330492486325,0.3610474934661032,-0.9024657082140384,-0.7111644212715653,1.4716080594590133,0.0,-0.9577081563414782,-0.7957303657393812,-0.1320216408453801,0.6352098982042783,0.623042399398512,-1.444462344385676,-1.2960369510559453,0.5047433789545571,-0.2101562914368412,-0.9895634650470152,-1.664171475656992,1.854595148736256,1.3792866238268513,-0.4711494041061431,1.1661623978132605,1.2875735186304924,116,0,1.0501564822776437,1.150482841656405
232,0,1.6791231457990747,1.4913973266059182,-0.4289330492486325,0.3610474934661032,-0.9024657082140384,-0.7111644212715653,1.4716080594590133,0.0,-0.9577081563414782,-0.7957303657393812,-0.1320216408453801,0.6352098982042783,0.623042399398512,-1.444462344385676,-1.2960369510559453,0.5047433789545571,-0.2101562914368412,-0.9895634650470152,-1.664171475656992,1.854595148736256,1.3792866238268513,-0.4711494041061431,1.1661623978132605,1.2875735186304924,116,1,1.0501564822776437,1.150482841656405
233,0,2.080358148834239,1.8943715670255628,-0.2816916370241243,0.3610474934661032,-0.9024657082140384,-0.7111644212715653,1.592428553832081,0.0,-1.3470951335030374,-0.7957303657393812,-1.2905901162753592,0.6352098982042783,1.8899932932835977,-0.9166764570729355,-0.5337734380587921,0.2804140749063715,1.732868806321637,2.183349812517176,-0.0061169997432728,1.239076431623577,0.4685574366511583,-0.8740180134372624,1.1661623978132605,1.2875735186304924,117,0,1.2374658761970248,1.1533336700485606
234,0,2.080358148834239,1.8943715670255628,-0.2816916370241243,0.3610474934661032,-0.9024657082140384,-0.7111644212715653,1.592428553832081,0.0,-1.3470951335030374,-0.7957303657393812,-1.2905901162753592,0.6352098982042783,1.8899932932835977,-0.9166764570729355,-0.5337734380587921,0.2804140749063715,1.732868806321637,2.183349812517176,-0.0061169997432728,1.239076431623577,0.4685574366511583,-0.8740180134372624,1.1661623978132605,1.2875735186304924,117,1,1.2374658761970248,1.1533336700485606
235,0,1.6791231457990747,1.4913973266059182,-0.4780166405694042,1.886261212458589,-0.9024657082140384,-0.7111644212715653,1.4716080594590133,0.0,-1.152397931452831,-0.7957303657393812,-0.1320216408453801,0.6352098982042783,1.5732314042730364,-0.740752302019579,-0.5337734380587921,-1.7384127501424664,-0.7653547258750445,-0.355038907311476,0.8867055170065484,-0.2996264461875506,0.4685574366511583,-1.780462779332781,1.1661623978132605,1.2875735186304924,118,0,1.317767197942852,1.1556661660057788
236,0,1.6791231457990747,1.4913973266059182,-0.4780166405694042,1.886261212458589,-0.9024657082140384,-0.7111644212715653,1.4716080594590133,0.0,-1.152397931452831,-0.7957303657393812,-0.1320216408453801,0.6352098982042783,1.5732314042730364,-0.740752302019579,-0.5337734380587921,-1.7384127501424664,-0.7653547258750445,-0.355038907311476,0.8867055170065484,-0.2996264461875506,0.4685574366511583,-1.780462779332781,1.1661623978132605,1.2875735186304924,118,1,1.317767197942852,1.1556661660057788
237,0,1.2778881427639106,1.0884423010556434,-0.5761838232109475,1.3778566394610936,-0.9024657082140384,-0.7111644212715653,1.411243891789784,0.0,-0.9577081563414782,-0.7957303657393812,-0.1320216408453801,-0.409975441194734,0.3062805103879508,-1.2685314782559842,-0.9148979250737528,-1.2897541420460952,0.3449574316137456,0.5968931737350806,1.141769862296529,0.3158922709251282,-0.44224123470758,-0.8740180134372624,1.0946281986662358,1.2875735186304924,119,0,1.3105164606375899,1.1445683537622255
238,0,1.2778881427639106,1.0884423010556434,-0.5761838232109475,1.3778566394610936,-0.9024657082140384,-0.7111644212715653,1.411243891789784,0.0,-0.9577081563414782,-0.7957303657393812,-0.1320216408453801,-0.409975441194734,0.3062805103879508,-1.2685314782559842,-0.9148979250737528,-1.2897541420460952,0.3449574316137456,0.5968931737350806,1.141769862296529,0.3158922709251282,-0.44224123470758,-0.8740180134372624,1.0946281986662358,1.2875735186304924,119,1,1.3105164606375899,1.1445683537622255
239,0,0.8766531397287465,1.0884423010556434,-0.5271002318901759,0.3610474934661032,-0.9024657082140384,-0.7111644212715653,1.532018306645547,0.0,-0.7630183812301254,-0.7957303657393812,-1.2905901162753592,-0.409975441194734,-0.9606703834971348,-1.444462344385676,-0.9148979250737528,0.2804140749063715,-1.042953943094146,0.914107037788434,1.3968731308804654,-0.6073388472586053,-2.719098944738335,-0.8740180134372624,1.0946281986662358,1.2875735186304924,120,0,1.2316322204723456,1.1354883255629546
240,0,0.8766531397287465,1.0884423010556434,-0.5271002318901759,0.3610474934661032,-0.9024657082140384,-0.7111644212715653,1.532018306645547,0.0,-0.7630183812301254,-0.7957303657393812,-1.2905901162753592,-0.409975441194734,-0.9606703834971348,-1.444462344385676,-0.9148979250737528,0.2804140749063715,-1.042953943094146,0.914107037788434,1.3968731308804654,-0.6073388472586053,-2.719098944738335,-0.8740180134372624,1.0946281986662358,1.2875735186304924,120,1,1.2316322204723456,1.1354883255629546
241,0,0.8766531397287465,1.0884423010556434,-0.6252674145317192,0.3610474934661032,-0.9024657082140384,-0.7111644212715653,1.592428553832081,0.0,-0.7630183812301254,-0.7957303657393812,-0.1320216408453801,-0.409975441194734,0.623042399398512,-1.620386499439033,-1.677161438070906,-0.6168346855939546,0.0673582143946439,0.914107037788434,0.5040506141306441,0.0081329123687887,-0.44224123470758,-0.9747332447501422,1.0946281986662358,1.2875735186304924,121,0,1.167090569428055,1.128059211581733
242,0,0.8766531397287465,1.0884423010556434,-0.6252674145317192,0.3610474934661032,-0.9024657082140384,-0.7111644212715653,1.592428553832081,0.0,-0.7630183812301254,-0.7957303657393812,-0.1320216408453801,-0.409975441194734,0.623042399398512,-1.620386499439033,-1.677161438070906,-0.6168346855939546,0.0673582143946439,0.914107037788434,0.5040506141306441,0.0081329123687887,-0.44224123470758,-0.9747332447501422,1.0946281986662358,1.2875735186304924,121,1,1.167090569428055,1.128059211581733
243,0,0.8766531397287465,1.0884423010556434,-0.5271002318901759,0.3610474934661032,-0.9024657082140384,-0.7111644212715653,1.4716080594590133,0.0,-0.7630183812301254,-1.641030040707891,-0.1320216408453801,-0.409975441194734,-0.327194936554592,-1.620386499439033,-1.2960369510559453,0.9534019870509284,1.732868806321637,0.279582480052895,-0.1336686340352409,0.3158922709251282,-0.8975710862039038,-1.276878938688782,1.0946281986662358,1.2875735186304924,122,0,1.1142837640281806,1.121980845597097
244,0,0.8766531397287465,1.0884423010556434,-0.5271002318901759,0.3610474934661032,-0.9024657082140384,-0.7111644212715653,1.4716080594590133,0.0,-0.7630183812301254,-1.641030040707891,-0.1320216408453801,-0.409975441194734,-0.327194936554592,-1.620386499439033,-1.2960369510559453,0.9534019870509284,1.732868806321637,0.279582480052895,-0.1336686340352409,0.3158922709251282,-0.8975710862039038,-1.276878938688782,1.0946281986662358,1.2875735186304924,122,1,1.1142837640281806,1.121980845597097
245,0,0.8766531397287465,0.6854680606359991,-0.3307658666070892,0.3610474934661032,-0.9024657082140384,-0.7111644212715653,1.411243891789784,0.0,-0.7630183812301254,-0.7957303657393812,-1.2905901162753592,-0.409975441194734,-0.327194936554592,-1.7963106544923897,-1.677161438070906,1.8506507475512544,-0.4877555086559428,-1.3068741587292003,-0.8989005931991387,-0.2996264461875506,-0.44224123470758,-0.9747332447501422,1.0946281986662358,1.2875735186304924,123,0,1.071078195973738,1.117007637064213
246,0,0.8766531397287465,0.6854680606359991,-0.3307658666070892,0.3610474934661032,-0.9024657082140384,-0.7111644212715653,1.411243891789784,0.0,-0.7630183812301254,-0.7957303657393812,-1.2905901162753592,-0.409975441194734,-0.327194936554592,-1.7963106544923897,-1.677161438070906,1.8506507475512544,-0.4877555086559428,-1.3068741587292003,-0.8989005931991387,-0.2996264461875506,-0.44224123470758,-0.9747332447501422,1.0946281986662358,1.2875735186304924,123,1,1.071078195973738,1.117007637064213
247,0,0.8766531397287465,1.0884423010556434,-0.3307658666070892,0.3610474934661032,-0.9024657082140384,-0.7111644212715653,1.411243891789784,0.0,-0.5683211791799189,0.8948528614473485,-0.1320216408453801,0.6352098982042783,-0.6439568255651532,-1.7963106544923897,-1.677161438070906,0.0561532265506022,0.6225566488328472,0.5968931737350806,-0.7713878822011261,0.9313640305525224,-1.352970421883273,-1.3776018540812611,1.1661623978132605,1.2875735186304924,124,0,1.035728185747376,1.1259448662913125
248,0,0.8766531397287465,1.0884423010556434,-0.3307658666070892,0.3610474934661032,-0.9024657082140384,-0.7111644212715653,1.411243891789784,0.0,-0.5683211791799189,0.8948528614473485,-0.1320216408453801,0.6352098982042783,-0.6439568255651532,-1.7963106544923897,-1.677161438070906,0.0561532265506022,0.6225566488328472,0.5968931737350806,-0.7713878822011261,0.9313640305525224,-1.352970421883273,-1.3776018540812611,1.1661623978132605,1.2875735186304924,124,1,1.035728185747376,1.1259448662913125
249,0,1.2778881427639106,1.4913973266059182,-0.1835244543825809,0.3610474934661032,-0.9024657082140384,-0.7111644212715653,1.532018306645547,0.0,-0.9577081563414782,-0.7957303657393812,-0.1320216408453801,0.6352098982042783,1.256517846341055,-1.2685314782559842,-1.2960369510559453,1.626321443503069,0.3449574316137456,1.2314177314706196,-1.5366198413650238,-0.2996264461875506,0.923887288147482,-0.8740180134372624,1.1661623978132605,1.2875735186304924,125,0,1.0797572688412913,1.1332571447498485
250,0,1.2778881427639106,1.4913973266059182,-0.1835244543825809,0.3610474934661032,-0.9024657082140384,-0.7111644212715653,1.532018306645547,0.0,-0.9577081563414782,-0.7957303657393812,-0.1320216408453801,0.6352098982042783,1.256517846341055,-1.2685314782559842,-1.2960369510559453,1.626321443503069,0.3449574316137456,1.2314177314706196,-1.5366198413650238,-0.2996264461875506,0.923887288147482,-0.8740180134372624,1.1661623978132605,1.2875735186304924,125,1,1.0797572688412913,1.1332571447498485
251,0,2.080358148834239,1.8943715670255628,-0.2326080457033526,0.3610474934661032,-0.9024657082140384,-0.7111644212715653,1.4716080594590133,0.0,-1.3470951335030374,0.0495531864788385,-0.1320216408453801,0.6352098982042783,1.256517846341055,-1.0926073232026277,-0.9148979250737528,-1.2897541420460952,-0.2101562914368412,-0.355038907311476,-0.3887329793252218,-1.2228106068859994,0.923887288147482,0.1331496678507358,1.1661623978132605,1.2875735186304924,126,0,1.2616847015672819,1.139239918034105
252,0,2.080358148834239,1.8943715670255628,-0.2326080457033526,0.3610474934661032,-0.9024657082140384,-0.7111644212715653,1.4716080594590133,0.0,-1.3470951335030374,0.0495531864788385,-0.1320216408453801,0.6352098982042783,1.256517846341055,-1.0926073232026277,-0.9148979250737528,-1.2897541420460952,-0.2101562914368412,-0.355038907311476,-0.3887329793252218,-1.2228106068859994,0.923887288147482,0.1331496678507358,1.1661623978132605,1.2875735186304924,126,1,1.2616847015672819,1.139239918034105
253,0,1.6791231457990747,1.8943715670255628,-0.4780166405694042,1.3778566394610936,-0.9024657082140384,-0.7111644212715653,1.411243891789784,0.0,-1.3470951335030374,0.0495531864788385,-0.1320216408453801,-0.409975441194734,1.5732314042730364,-1.2685314782559842,-1.2960369510559453,1.8506507475512544,-0.2101562914368412,-0.0377282136292905,0.1214346345486952,-0.2996264461875506,0.923887288147482,-0.8740180134372624,1.1661623978132605,1.2875735186304924,127,0,1.337582600518517,1.1441349143575879
254,0,1.6791231457990747,1.8943715670255628,-0.4780166405694042,1.3778566394610936,-0.9024657082140384,-0.7111644212715653,1.411243891789784,0.0,-1.3470951335030374,0.0495531864788385,-0.1320216408453801,-0.409975441194734,1.5732314042730364,-1.2685314782559842,-1.2960369510559453,1.8506507475512544,-0.2101562914368412,-0.0377282136292905,0.1214346345486952,-0.2996264461875506,0.923887288147482,-0.8740180134372624,1.1661623978132605,1.2875735186304924,127,1,1.337582600518517,1.1441349143575879
255,0,1.2778881427639106,1.4913973266059182,-0.5271002318901759,0.3610474934661032,-0.9024657082140384,-0.7111644212715653,1.4716080594590133,0.0,-1.152397931452831,-0.7957303657393812,-0.1320216408453801,0.6352098982042783,0.3062805103879508,-1.0926073232026277,-0.9148979250737528,0.0561532265506022,0.3449574316137456,0.279582480052895,0.8867055170065484,-0.6073388472586053,0.4685574366511583,-1.075448476063022,1.1661623978132605,1.2875735186304924,128,0,1.3267290627449522,1.1481399113495283
256,0,1.2778881427639106,1.4913973266059182,-0.5271002318901759,0.3610474934661032,-0.9024657082140384,-0.7111644212715653,1.4716080594590133,0.0,-1.152397931452831,-0.7957303657393812,-0.1320216408453801,0.6352098982042783,0.3062805103879508,-1.0926073232026277,-0.9148979250737528,0.0561532265506022,0.3449574316137456,0.279582480052895,0.8867055170065484,-0.6073388472586053,0.4685574366511583,-1.075448476063022,1.1661623978132605,1.2875735186304924,128,1,1.3267290627449522,1.1481399113495283
257,0,1.2778881427639106,1.0884423010556434,-0.5271002318901759,0.3610474934661032,-0.9024657082140384,-0.7111644212715653,1.532018306645547,0.0,-0.9577081563414782,0.8948528614473485,-0.1320216408453801,-0.409975441194734,0.9397559573304936,-1.0926073232026277,-0.9148979250737528,0.0561532265506022,0.9001558660519489,-0.0377282136292905,1.141769862296529,1.5468357901799163,0.0131581009717891,-0.7732950980447828,1.1661623978132605,1.2875735186304924,129,0,1.317848895475672,1.1514167270702067
258,0,1.2778881427639106,1.0884423010556434,-0.5271002318901759,0.3610474934661032,-0.9024657082140384,-0.7111644212715653,1.532018306645547,0.0,-0.9577081563414782,0.8948528614473485,-0.1320216408453801,-0.409975441194734,0.9397559573304936,-1.0926073232026277,-0.9148979250737528,0.0561532265506022,0.9001558660519489,-0.0377282136292905,1.141769862296529,1.5468357901799163,0.0131581009717891,-0.7732950980447828,1.1661623978132605,1.2875735186304924,129,1,1.317848895475672,1.1514167270702067
259,0,1.2778881427639106,1.0884423010556434,-0.4780166405694042,0.3610474934661032,-0.9024657082140384,-0.7111644212715653,1.4716080594590133,0.0,-0.9577081563414782,-1.641030040707891,-0.1320216408453801,-0.409975441194734,0.3062805103879508,-1.444462344385676,-1.2960369510559453,-0.6168346855939546,-0.7653547258750445,0.279582480052895,0.6316022484226123,0.9313640305525224,-1.8083002733795968,-0.2697112574007837,1.1661623978132605,1.2875735186304924,130,0,1.3105833040735335,1.1540977581143983
260,0,1.2778881427639106,1.0884423010556434,-0.4780166405694042,0.3610474934661032,-0.9024657082140384,-0.7111644212715653,1.4716080594590133,0.0,-0.9577081563414782,-1.641030040707891,-0.1320216408453801,-0.409975441194734,0.3062805103879508,-1.444462344385676,-1.2960369510559453,-0.6168346855939546,-0.7653547258750445,0.279582480052895,0.6316022484226123,0.9313640305525224,-1.8083002733795968,-0.2697112574007837,1.1661623978132605,1.2875735186304924,130,1,1.3105833040735335,1.1540977581143983
261,0,0.8766531397287465,0.6854680606359991,-0.4289330492486325,0.3610474934661032,-0.9024657082140384,-0.7111644212715653,1.411243891789784,0.0,-0.5683211791799189,-0.7957303657393812,-0.1320216408453801,-0.409975441194734,-0.0104813786226104,-1.620386499439033,-1.2960369510559453,-0.1681760774975834,0.0673582143946439,0.5968931737350806,0.1214346345486952,0.0081329123687887,0.0131581009717891,-0.8740180134372624,1.1661623978132605,1.2875735186304924,131,0,1.2316869105562995,1.1562913289687369
262,0,0.8766531397287465,0.6854680606359991,-0.4289330492486325,0.3610474934661032,-0.9024657082140384,-0.7111644212715653,1.411243891789784,0.0,-0.5683211791799189,-0.7957303657393812,-0.1320216408453801,-0.409975441194734,-0.0104813786226104,-1.620386499439033,-1.2960369510559453,-0.1681760774975834,0.0673582143946439,0.5968931737350806,0.1214346345486952,0.0081329123687887,0.0131581009717891,-0.8740180134372624,1.1661623978132605,1.2875735186304924,131,1,1.2316869105562995,1.1562913289687369
263,0,0.8766531397287465,1.0884423010556434,-0.4289330492486325,0.3610474934661032,-0.9024657082140384,-0.7111644212715653,1.4716080594590133,0.0,-0.7630183812301254,0.0495531864788385,-0.1320216408453801,0.6352098982042783,-0.0104813786226104,-1.620386499439033,-1.677161438070906,0.5047433789545571,1.1777550832710504,-0.0377282136292905,-0.5162846136171899,-0.6073388472586053,0.0131581009717891,-0.7732950980447828,1.1661623978132605,1.2875735186304924,132,0,1.1671353158603808,1.1580860687586503
264,0,0.8766531397287465,1.0884423010556434,-0.4289330492486325,0.3610474934661032,-0.9024657082140384,-0.7111644212715653,1.4716080594590133,0.0,-0.7630183812301254,0.0495531864788385,-0.1320216408453801,0.6352098982042783,-0.0104813786226104,-1.620386499439033,-1.677161438070906,0.5047433789545571,1.1777550832710504,-0.0377282136292905,-0.5162846136171899,-0.6073388472586053,0.0131581009717891,-0.7732950980447828,1.1661623978132605,1.2875735186304924,132,1,1.1671353158603808,1.1580860687586503
265,0,0.8766531397287465,0.6854680606359991,-0.3798494579278609,0.3610474934661032,-0.9024657082140384,-0.7111644212715653,1.4716080594590133,0.0,-0.5683211791799189,-0.7957303657393812,-0.1320216408453801,0.6352098982042783,0.3062805103879508,-1.620386499439033,-1.2960369510559453,1.177731291099114,-0.4877555086559428,-0.6723496009936615,-1.5366198413650238,3.393298026547383,-0.8975710862039038,-1.176163707375902,1.1661623978132605,1.2875735186304924,133,0,1.1143203747455381,1.1595544922231247
266,0,0.8766531397287465,0.6854680606359991,-0.3798494579278609,0.3610474934661032,-0.9024657082140384,-0.7111644212715653,1.4716080594590133,0.0,-0.5683211791799189,-0.7957303657393812,-0.1320216408453801,0.6352098982042783,0.3062805103879508,-1.620386499439033,-1.2960369510559453,1.177731291099114,-0.4877555086559428,-0.6723496009936615,-1.5366198413650238,3.393298026547383,-0.8975710862039038,-1.176163707375902,1.1661623978132605,1.2875735186304924,133,1,1.1143203747455381,1.1595544922231247
267,0,1.6791231457990747,1.4913973266059182,-0.1344408630618093,0.3610474934661032,-0.9024657082140384,-0.7111644212715653,1.532018306645547,0.0,-1.152397931452831,-0.7957303657393812,-0.1320216408453801,0.6352098982042783,0.9397559573304936,-1.444462344385676,-1.2960369510559453,0.2804140749063715,-1.320553160313248,-0.355038907311476,-1.5366198413650238,1.854595148736256,0.4685574366511583,-1.6797475480199011,1.1661623978132605,1.2875735186304924,134,0,1.217011787664363,1.1607559296031493
268,0,1.6791231457990747,1.4913973266059182,-0.1344408630618093,0.3610474934661032,-0.9024657082140384,-0.7111644212715653,1.532018306645547,0.0,-1.152397931452831,-0.7957303657393812,-0.1320216408453801,0.6352098982042783,0.9397559573304936,-1.444462344385676,-1.2960369510559453,0.2804140749063715,-1.320553160313248,-0.355038907311476,-1.5366198413650238,1.854595148736256,0.4685574366511583,-1.6797475480199011,1.1661623978132605,1.2875735186304924,134,1,1.217011787664363,1.1607559296031493
269,0,1.6791231457990747,1.8943715670255628,-0.3307658666070892,0.8694520664635984,-0.9024657082140384,-0.7111644212715653,1.4716080594590133,0.0,-1.152397931452831,0.0495531864788385,-0.1320216408453801,0.6352098982042783,2.206755182294159,-1.2685314782559842,-1.2960369510559453,-0.392505381545769,-1.042953943094146,-2.2588062397757573,-1.0264522274911068,0.3158922709251282,0.923887288147482,-0.7732950980447828,1.1661623978132605,1.2875735186304924,135,0,1.3010320345979467,1.1617389238231695
270,0,1.6791231457990747,1.8943715670255628,-0.3307658666070892,0.8694520664635984,-0.9024657082140384,-0.7111644212715653,1.4716080594590133,0.0,-1.152397931452831,0.0495531864788385,-0.1320216408453801,0.6352098982042783,2.206755182294159,-1.2685314782559842,-1.2960369510559453,-0.392505381545769,-1.042953943094146,-2.2588062397757573,-1.0264522274911068,0.3158922709251282,0.923887288147482,-0.7732950980447828,1.1661623978132605,1.2875735186304924,135,1,1.3010320345979467,1.1617389238231695
271,0,2.080358148834239,1.8943715670255628,-0.3798494579278609,0.3610474934661032,-0.9024657082140384,-0.7111644212715653,1.4716080594590133,0.0,-1.3470951335030374,-0.7957303657393812,-1.2905901162753592,0.6352098982042783,1.256517846341055,-1.0926073232026277,-0.9148979250737528,1.177731291099114,-0.2101562914368412,-0.355038907311476,-0.0061169997432728,0.6236046719961829,0.923887288147482,-0.3704341727932632,1.237696596960285,1.2875735186304924,136,0,1.442727691731818,1.1755494098480994
272,0,2.080358148834239,1.8943715670255628,-0.3798494579278609,0.3610474934661032,-0.9024657082140384,-0.7111644212715653,1.4716080594590133,0.0,-1.3470951335030374,-0.7957303657393812,-1.2905901162753592,0.6352098982042783,1.256517846341055,-1.0926073232026277,-0.9148979250737528,1.177731291099114,-0.2101562914368412,-0.355038907311476,-0.0061169997432728,0.6236046719961829,0.923887288147482,-0.3704341727932632,1.237696596960285,1.2875735186304924,136,1,1.442727691731818,1.1755494098480994
273,0,1.6791231457990747,1.8943715670255628,-0.5271002318901759,1.3778566394610936,-0.9024657082140384,-0.7111644212715653,1.4716080594590133,0.0,-1.152397931452831,-0.7957303657393812,-0.1320216408453801,0.6352098982042783,0.9397559573304936,-0.740752302019579,-0.5337734380587921,0.5047433789545571,-0.7653547258750445,0.279582480052895,0.7591538827145803,1.5468357901799163,0.4685574366511583,-0.9747332447501422,1.237696596960285,1.3373391758428137,137,0,1.48570868338041,1.1868488984139514
274,0,1.6791231457990747,1.8943715670255628,-0.5271002318901759,1.3778566394610936,-0.9024657082140384,-0.7111644212715653,1.4716080594590133,0.0,-1.152397931452831,-0.7957303657393812,-0.1320216408453801,0.6352098982042783,0.9397559573304936,-0.740752302019579,-0.5337734380587921,0.5047433789545571,-0.7653547258750445,0.279582480052895,0.7591538827145803,1.5468357901799163,0.4685574366511583,-0.9747332447501422,1.237696596960285,1.3373391758428137,137,1,1.48570868338041,1.1868488984139514
275,0,1.6791231457990747,1.4913973266059182,-0.5271002318901759,0.3610474934661032,-0.9024657082140384,-0.7111644212715653,1.532018306645547,0.0,-1.3470951335030374,0.0495531864788385,-0.1320216408453801,0.6352098982042783,1.256517846341055,-0.5648281469662223,-0.1526344120765995,-1.0654248379979097,0.0673582143946439,-1.6241848524113862,1.6519763994644017,-0.9150982058149448,-0.44224123470758,-0.3704341727932632,1.237696596960285,1.3373391758428137,138,0,1.5208749492747127,1.1960939345132846
276,0,1.6791231457990747,1.4913973266059182,-0.5271002318901759,0.3610474934661032,-0.9024657082140384,-0.7111644212715653,1.532018306645547,0.0,-1.3470951335030374,0.0495531864788385,-0.1320216408453801,0.6352098982042783,1.256517846341055,-0.5648281469662223,-0.1526344120765995,-1.0654248379979097,0.0673582143946439,-1.6241848524113862,1.6519763994644017,-0.9150982058149448,-0.44224123470758,-0.3704341727932632,1.237696596960285,1.3373391758428137,138,1,1.5208749492747127,1.1960939345132846
277,0,0.8766531397287465,1.0884423010556434,-0.4780166405694042,0.3610474934661032,-0.9024657082140384,-0.7111644212715653,1.411243891789784,0.0,-0.7630183812301254,-0.7957303657393812,-1.2905901162753592,-0.409975441194734,-0.0104813786226104,-1.2685314782559842,-0.9148979250737528,0.2804140749063715,0.3449574316137456,1.2314177314706196,1.5244247651724334,0.6236046719961829,0.4685574366511583,-0.8740180134372624,1.237696596960285,1.3373391758428137,139,0,1.403743711175446,1.2036580549581937
278,0,0.8766531397287465,1.0884423010556434,-0.4780166405694042,0.3610474934661032,-0.9024657082140384,-0.7111644212715653,1.411243891789784,0.0,-0.7630183812301254,-0.7957303657393812,-1.2905901162753592,-0.409975441194734,-0.0104813786226104,-1.2685314782559842,-0.9148979250737528,0.2804140749063715,0.3449574316137456,1.2314177314706196,1.5244247651724334,0.6236046719961829,0.4685574366511583,-0.8740180134372624,1.237696596960285,1.3373391758428137,139,1,1.403743711175446,1.2036580549581937
279,0,0.4754564005695154,0.2825130350857242,-0.5271002318901759,0.3610474934661032,-0.9024657082140384,-0.7111644212715653,1.4716080594590133,0.0,-0.5683211791799189,-0.7957303657393812,-0.1320216408453801,-1.4550013077009485,-1.277432272507696,-1.7963106544923897,-1.677161438070906,-1.514083446094281,-1.042953943094146,0.5968931737350806,1.0142571512985166,0.3158922709251282,-1.352970421883273,-1.276878938688782,1.237696596960285,1.3373391758428137,140,0,1.2349642001561858,1.2098468807767557
280,0,0.4754564005695154,0.2825130350857242,-0.5271002318901759,0.3610474934661032,-0.9024657082140384,-0.7111644212715653,1.4716080594590133,0.0,-0.5683211791799189,-0.7957303657393812,-0.1320216408453801,-1.4550013077009485,-1.277432272507696,-1.7963106544923897,-1.677161438070906,-1.514083446094281,-1.042953943094146,0.5968931737350806,1.0142571512985166,0.3158922709251282,-1.352970421883273,-1.276878938688782,1.237696596960285,1.3373391758428137,140,1,1.2349642001561858,1.2098468807767557
281,0,0.4754564005695154,0.2825130350857242,-0.3798494579278609,0.3610474934661032,-0.9024657082140384,-0.7111644212715653,1.4716080594590133,0.0,-0.3736314040685661,0.8948528614473485,-0.1320216408453801,-1.4550013077009485,-1.9109077194502389,-1.9722415206220811,-2.0582859250858667,-0.8411639896421402,0.3449574316137456,-0.355038907311476,0.2489862688406633,1.5468357901799163,0.0131581009717891,-0.7732950980447828,1.1661623978132605,1.3373391758428137,141,0,1.0968718729586093,1.2019042475106656
282,0,0.4754564005695154,0.2825130350857242,-0.3798494579278609,0.3610474934661032,-0.9024657082140384,-0.7111644212715653,1.4716080594590133,0.0,-0.3736314040685661,0.8948528614473485,-0.1320216408453801,-1.4550013077009485,-1.9109077194502389,-1.9722415206220811,-2.0582859250858667,-0.8411639896421402,0.3449574316137456,-0.355038907311476,0.2489862688406633,1.5468357901799163,0.0131581009717891,-0.7732950980447828,1.1661623978132605,1.3373391758428137,141,1,1.0968718729586093,1.2019042475106656
283,0,0.4754564005695154,0.2825130350857242,-0.3307658666070892,0.3610474934661032,-0.9024657082140384,-0.7111644212715653,1.592428553832081,0.0,-0.3736314040685661,-1.641030040707891,-0.1320216408453801,-2.5001866470999605,-0.6439568255651532,-1.9722415206220811,-1.677161438070906,2.2993093556476256,1.1777550832710504,1.8660391188349903,-0.5162846136171899,0.6236046719961829,0.0131581009717891,-1.6797475480199011,1.237696596960285,1.3373391758428137,142,0,0.9838872416151376,1.2084119474105963
284,0,0.4754564005695154,0.2825130350857242,-0.3307658666070892,0.3610474934661032,-0.9024657082140384,-0.7111644212715653,1.592428553832081,0.0,-0.3736314040685661,-1.641030040707891,-0.1320216408453801,-2.5001866470999605,-0.6439568255651532,-1.9722415206220811,-1.677161438070906,2.2993093556476256,1.1777550832710504,1.8660391188349903,-0.5162846136171899,0.6236046719961829,0.0131581009717891,-1.6797475480199011,1.237696596960285,1.3373391758428137,142,1,0.9838872416151376,1.2084119474105963
285,0,0.8766531397287465,1.0884423010556434,-0.2816916370241243,0.3610474934661032,-0.9024657082140384,-0.7111644212715653,1.4716080594590133,0.0,-0.7630183812301254,0.0495531864788385,-0.1320216408453801,-0.409975441194734,0.623042399398512,-2.148165675675438,-2.0582859250858667,-1.962742054190652,-0.7653547258750445,-0.0377282136292905,-1.0264522274911068,-0.2996264461875506,0.0131581009717891,-0.8740180134372624,1.1661623978132605,1.3373391758428137,143,0,0.9643901321812482,1.2007302111201716
286,0,0.8766531397287465,1.0884423010556434,-0.2816916370241243,0.3610474934661032,-0.9024657082140384,-0.7111644212715653,1.4716080594590133,0.0,-0.7630183812301254,0.0495531864788385,-0.1320216408453801,-0.409975441194734,0.623042399398512,-2.148165675675438,-2.0582859250858667,-1.962742054190652,-0.7653547258750445,-0.0377282136292905,-1.0264522274911068,-0.2996264461875506,0.0131581009717891,-0.8740180134372624,1.1661623978132605,1.3373391758428137,143,1,0.9643901321812482,1.2007302111201716
287,0,1.2778881427639106,1.0884423010556434,-0.2816916370241243,0.3610474934661032,-0.9024657082140384,-0.7111644212715653,1.411243891789784,0.0,-0.9577081563414782,0.0495531864788385,-0.1320216408453801,0.6352098982042783,0.623042399398512,-1.9722415206220811,-1.677161438070906,-0.392505381545769,0.9001558660519489,-0.6723496009936615,-1.281555496075043,-0.2996264461875506,1.3792866238268513,-0.3704341727932632,1.237696596960285,1.3373391758428137,144,0,1.021389770469005,1.2074513721820104
288,0,1.2778881427639106,1.0884423010556434,-0.2816916370241243,0.3610474934661032,-0.9024657082140384,-0.7111644212715653,1.411243891789784,0.0,-0.9577081563414782,0.0495531864788385,-0.1320216408453801,0.6352098982042783,0.623042399398512,-1.9722415206220811,-1.677161438070906,-0.392505381545769,0.9001558660519489,-0.6723496009936615,-1.281555496075043,-0.2996264461875506,1.3792866238268513,-0.3704341727932632,1.237696596960285,1.3373391758428137,144,1,1.021389770469005,1.2074513721820104
289,0,1.2778881427639106,1.4913973266059182,-0.3798494579278609,0.3610474934661032,-0.9024657082140384,-0.7111644212715653,1.411243891789784,0.0,-0.7630183812301254,-0.7957303657393812,-0.1320216408453801,0.6352098982042783,0.3062805103879508,-1.444462344385676,-1.2960369510559453,-1.514083446094281,0.0673582143946439,-0.6723496009936615,-0.6438362479091579,-0.2996264461875506,0.0131581009717891,-1.176163707375902,1.237696596960285,1.3373391758428137,145,0,1.0680258381589878,1.2129505039598785
290,0,1.2778881427639106,1.4913973266059182,-0.3798494579278609,0.3610474934661032,-0.9024657082140384,-0.7111644212715653,1.411243891789784,0.0,-0.7630183812301254,-0.7957303657393812,-0.1320216408453801,0.6352098982042783,0.3062805103879508,-1.444462344385676,-1.2960369510559453,-1.514083446094281,0.0673582143946439,-0.6723496009936615,-0.6438362479091579,-0.2996264461875506,0.0131581009717891,-1.176163707375902,1.237696596960285,1.3373391758428137,145,1,1.0680258381589878,1.2129505039598785
291,0,1.6791231457990747,1.4913973266059182,-0.3307658666070892,0.8694520664635984,-0.9024657082140384,-0.7111644212715653,1.532018306645547,0.0,-0.9577081563414782,-0.7957303657393812,-1.2905901162753592,0.6352098982042783,1.5732314042730364,-1.0926073232026277,-0.9148979250737528,0.2804140749063715,-0.7653547258750445,-0.355038907311476,-0.1336686340352409,0.0081329123687887,-1.352970421883273,-0.571864635419023,1.309230796107309,1.3373391758428137,146,0,1.1791344395480945,1.2304560116230476
292,0,1.6791231457990747,1.4913973266059182,-0.3307658666070892,0.8694520664635984,-0.9024657082140384,-0.7111644212715653,1.532018306645547,0.0,-0.9577081563414782,-0.7957303657393812,-1.2905901162753592,0.6352098982042783,1.5732314042730364,-1.0926073232026277,-0.9148979250737528,0.2804140749063715,-0.7653547258750445,-0.355038907311476,-0.1336686340352409,0.0081329123687887,-1.352970421883273,-0.571864635419023,1.309230796107309,1.3373391758428137,146,1,1.1791344395480945,1.2304560116230476
293,0,2.080358148834239,2.2973265925758373,-0.4289330492486325,1.3778566394610936,-0.9024657082140384,-0.7111644212715653,1.4716080594590133,0.0,-1.5417849086143902,0.0495531864788385,-1.2905901162753592,0.6352098982042783,1.5732314042730364,-0.9166764570729355,-0.5337734380587921,-1.2897541420460952,-1.320553160313248,-0.0377282136292905,0.8867055170065484,0.3158922709251282,0.0131581009717891,-0.8740180134372624,1.237696596960285,1.3373391758428137,147,0,1.3429932957819388,1.2317724816843636
294,0,2.080358148834239,2.2973265925758373,-0.4289330492486325,1.3778566394610936,-0.9024657082140384,-0.7111644212715653,1.4716080594590133,0.0,-1.5417849086143902,0.0495531864788385,-1.2905901162753592,0.6352098982042783,1.5732314042730364,-0.9166764570729355,-0.5337734380587921,-1.2897541420460952,-1.320553160313248,-0.0377282136292905,0.8867055170065484,0.3158922709251282,0.0131581009717891,-0.8740180134372624,1.237696596960285,1.3373391758428137,147,1,1.3429932957819388,1.2317724816843636
295,0,1.2778881427639106,1.4913973266059182,-0.5271002318901759,1.3778566394610936,-0.9024657082140384,-0.7111644212715653,1.411243891789784,0.0,-1.152397931452831,-0.7957303657393812,-0.1320216408453801,-0.409975441194734,0.9397559573304936,-1.0926073232026277,-0.5337734380587921,-1.2897541420460952,0.9001558660519489,-1.6241848524113862,1.5244247651724334,-1.2228106068859994,0.0131581009717891,0.1331496678507358,1.1661623978132605,1.3373391758428137,148,0,1.3311559952332064,1.219843375525981
296,0,0.8766531397287465,0.6854680606359991,-0.5761838232109475,0.3610474934661032,-0.9024657082140384,-0.7111644212715653,1.4716080594590133,0.0,-0.7630183812301254,0.0495531864788385,-0.1320216408453801,-0.409975441194734,-0.6439568255651532,-1.2685314782559842,-0.9148979250737528,-2.6356615106427927,-0.4877555086559428,-1.6241848524113862,1.5244247651724334,-0.9150982058149448,-1.352970421883273,-1.780462779332781,1.1661623978132605,1.3871048330551343,149,0,1.2485191124142136,1.2100831977600317
297,0,0.8766531397287465,0.6854680606359991,-0.5761838232109475,0.3610474934661032,-0.9024657082140384,-0.7111644212715653,1.4716080594590133,0.0,-0.7630183812301254,0.0495531864788385,-0.1320216408453801,-0.409975441194734,-0.6439568255651532,-1.2685314782559842,-0.9148979250737528,-2.6356615106427927,-0.4877555086559428,-1.6241848524113862,1.5244247651724334,-0.9150982058149448,-1.352970421883273,-1.780462779332781,1.1661623978132605,1.3871048330551343,149,1,1.2485191124142136,1.2100831977600317
298,0,0.4754564005695154,0.6854680606359991,-0.5271002318901759,0.3610474934661032,-0.9024657082140384,-0.7111644212715653,1.532018306645547,0.0,-0.5683211791799189,0.0495531864788385,-1.2905901162753592,-1.4550013077009485,-0.327194936554592,-1.7963106544923897,-1.677161438070906,0.2804140749063715,-0.7653547258750445,0.5968931737350806,1.0142571512985166,1.239076431623577,-0.44224123470758,-1.6797475480199011,1.1661623978132605,1.3871048330551343,150,0,1.1079622557151776,1.2020975977697095
299,0,1.2778881427639106,1.4913973266059182,-0.5271002318901759,1.3778566394610936,-0.9024657082140384,-0.7111644212715653,1.411243891789784,0.0,-1.152397931452831,-0.7957303657393812,-0.1320216408453801,-0.409975441194734,0.9397559573304936,-1.0926073232026277,-0.5337734380587921,-1.2897541420460952,0.9001558660519489,-1.6241848524113862,1.5244247651724334,-1.2228106068859994,0.0131581009717891,0.1331496678507358,1.1661623978132605,1.3373391758428137,148,1,1.3311559952332064,1.219843375525981
300,0,0.4754564005695154,0.6854680606359991,-0.5271002318901759,0.3610474934661032,-0.9024657082140384,-0.7111644212715653,1.532018306645547,0.0,-0.5683211791799189,0.0495531864788385,-1.2905901162753592,-1.4550013077009485,-0.327194936554592,-1.7963106544923897,-1.677161438070906,0.2804140749063715,-0.7653547258750445,0.5968931737350806,1.0142571512985166,1.239076431623577,-0.44224123470758,-1.6797475480199011,1.1661623978132605,1.3871048330551343,150,1,1.1079622557151776,1.2020975977697095
301,0,0.8766531397287465,0.6854680606359991,-0.4780166405694042,0.3610474934661032,-0.9024657082140384,-0.7111644212715653,1.411243891789784,0.0,-0.7630183812301254,-1.641030040707891,-0.1320216408453801,-1.4550013077009485,-0.6439568255651532,-1.620386499439033,-1.2960369510559453,0.7290726830027427,-1.320553160313248,-0.355038907311476,0.2489862688406633,0.6236046719961829,-0.8975710862039038,-1.780462779332781,1.237696596960285,1.3871048330551343,151,0,1.0659060528085538,1.2085701430770868
302,0,0.8766531397287465,0.6854680606359991,-0.4780166405694042,0.3610474934661032,-0.9024657082140384,-0.7111644212715653,1.411243891789784,0.0,-0.7630183812301254,-1.641030040707891,-0.1320216408453801,-1.4550013077009485,-0.6439568255651532,-1.620386499439033,-1.2960369510559453,0.7290726830027427,-1.320553160313248,-0.355038907311476,0.2489862688406633,0.6236046719961829,-0.8975710862039038,-1.780462779332781,1.237696596960285,1.3871048330551343,151,1,1.0659060528085538,1.2085701430770868
303,0,0.4754564005695154,0.6854680606359991,-0.3798494579278609,0.3610474934661032,-0.9024657082140384,-0.7111644212715653,1.411243891789784,0.0,-0.5683211791799189,0.0495531864788385,-0.1320216408453801,-1.4550013077009485,-0.0104813786226104,-1.9722415206220811,-2.0582859250858667,0.0561532265506022,0.6225566488328472,0.914107037788434,-0.5162846136171899,-0.2996264461875506,0.923887288147482,0.2338725832432154,1.237696596960285,1.3871048330551343,152,0,0.958551570583274,1.213865861964941
304,0,0.4754564005695154,0.6854680606359991,-0.3798494579278609,0.3610474934661032,-0.9024657082140384,-0.7111644212715653,1.411243891789784,0.0,-0.5683211791799189,0.0495531864788385,-0.1320216408453801,-1.4550013077009485,-0.0104813786226104,-1.9722415206220811,-2.0582859250858667,0.0561532265506022,0.6225566488328472,0.914107037788434,-0.5162846136171899,-0.2996264461875506,0.923887288147482,0.2338725832432154,1.237696596960285,1.3871048330551343,152,1,0.958551570583274,1.213865861964941
305,0,0.4754564005695154,0.6854680606359991,-0.3307658666070892,0.3610474934661032,-0.9024657082140384,-0.7111644212715653,1.411243891789784,0.0,-0.5683211791799189,-0.7957303657393812,-0.1320216408453801,-0.409975441194734,-0.9606703834971348,-1.9722415206220811,-2.0582859250858667,2.0749800515994403,-1.042953943094146,-0.0377282136292905,-1.0264522274911068,0.6236046719961829,0.923887288147482,-0.9747332447501422,1.1661623978132605,1.3871048330551343,153,0,0.870716085126227,1.2051925048464536
306,0,0.4754564005695154,0.6854680606359991,-0.3307658666070892,0.3610474934661032,-0.9024657082140384,-0.7111644212715653,1.411243891789784,0.0,-0.5683211791799189,-0.7957303657393812,-0.1320216408453801,-0.409975441194734,-0.9606703834971348,-1.9722415206220811,-2.0582859250858667,2.0749800515994403,-1.042953943094146,-0.0377282136292905,-1.0264522274911068,0.6236046719961829,0.923887288147482,-0.9747332447501422,1.1661623978132605,1.3871048330551343,153,1,0.870716085126227,1.2051925048464536
307,0,0.8766531397287465,1.0884423010556434,-0.3798494579278609,0.3610474934661032,-0.9024657082140384,-0.7111644212715653,1.532018306645547,0.0,-0.5683211791799189,-0.7957303657393812,-0.1320216408453801,0.6352098982042783,0.623042399398512,-1.7963106544923897,-1.677161438070906,0.0561532265506022,0.6225566488328472,0.914107037788434,-1.154003861783075,-4.6079757210645935,-0.44224123470758,-1.176163707375902,1.1661623978132605,1.3373391758428137,154,0,0.8717955495994123,1.1980961217495092
308,0,0.8766531397287465,1.0884423010556434,-0.3798494579278609,0.3610474934661032,-0.9024657082140384,-0.7111644212715653,1.532018306645547,0.0,-0.5683211791799189,-0.7957303657393812,-0.1320216408453801,0.6352098982042783,0.623042399398512,-1.7963106544923897,-1.677161438070906,0.0561532265506022,0.6225566488328472,0.914107037788434,-1.154003861783075,-4.6079757210645935,-0.44224123470758,-1.176163707375902,1.1661623978132605,1.3373391758428137,154,1,0.8717955495994123,1.1980961217495092
309,0,2.080358148834239,1.8943715670255628,-0.2326080457033526,0.3610474934661032,-0.9024657082140384,-0.7111644212715653,1.4716080594590133,0.0,-1.3470951335030374,0.0495531864788385,-0.1320216408453801,0.6352098982042783,1.256517846341055,-1.2685314782559842,-1.2960369510559453,-0.1681760774975834,0.0673582143946439,-0.6723496009936615,-1.664171475656992,3.085538667991044,0.4685574366511583,-0.4711494041061431,1.1661623978132605,1.3871048330551343,155,0,1.0915342040057445,1.1922899901247366
310,0,2.080358148834239,1.8943715670255628,-0.2816916370241243,1.886261212458589,-0.9024657082140384,-0.7111644212715653,1.4716080594590133,0.0,-1.152397931452831,-0.7957303657393812,-0.1320216408453801,0.6352098982042783,1.5732314042730364,-1.2685314782559842,-0.9148979250737528,-0.6168346855939546,1.1777550832710504,-2.8933307975112963,0.1214346345486952,1.5468357901799163,0.0131581009717891,-0.672579866731903,1.1661623978132605,1.3871048330551343,156,0,1.2713203757927436,1.1875395187953772
311,0,2.080358148834239,1.8943715670255628,-0.2816916370241243,1.886261212458589,-0.9024657082140384,-0.7111644212715653,1.4716080594590133,0.0,-1.152397931452831,-0.7957303657393812,-0.1320216408453801,0.6352098982042783,1.5732314042730364,-1.2685314782559842,-0.9148979250737528,-0.6168346855939546,1.1777550832710504,-2.8933307975112963,0.1214346345486952,1.5468357901799163,0.0131581009717891,-0.672579866731903,1.1661623978132605,1.3871048330551343,156,1,1.2713203757927436,1.1875395187953772
312,0,2.080358148834239,1.8943715670255628,-0.2326080457033526,0.3610474934661032,-0.9024657082140384,-0.7111644212715653,1.4716080594590133,0.0,-1.3470951335030374,0.0495531864788385,-0.1320216408453801,0.6352098982042783,1.256517846341055,-1.2685314782559842,-1.2960369510559453,-0.1681760774975834,0.0673582143946439,-0.6723496009936615,-1.664171475656992,3.085538667991044,0.4685574366511583,-0.4711494041061431,1.1661623978132605,1.3871048330551343,155,1,1.0915342040057445,1.1922899901247366
313,0,1.6791231457990747,1.4913973266059182,-0.4289330492486325,1.3778566394610936,-0.9024657082140384,-0.7111644212715653,1.4716080594590133,0.0,-0.9577081563414782,-0.7957303657393812,-0.1320216408453801,0.6352098982042783,0.623042399398512,-1.0926073232026277,-0.9148979250737528,0.7290726830027427,0.3449574316137456,-0.0377282136292905,0.8867055170065484,-0.2996264461875506,0.4685574366511583,-0.8740180134372624,1.1661623978132605,1.3871048330551343,157,0,1.345466333975713,1.1836527695259014
314,0,1.6791231457990747,1.4913973266059182,-0.4289330492486325,1.3778566394610936,-0.9024657082140384,-0.7111644212715653,1.4716080594590133,0.0,-0.9577081563414782,-0.7957303657393812,-0.1320216408453801,0.6352098982042783,0.623042399398512,-1.0926073232026277,-0.9148979250737528,0.7290726830027427,0.3449574316137456,-0.0377282136292905,0.8867055170065484,-0.2996264461875506,0.4685574366511583,-0.8740180134372624,1.1661623978132605,1.3871048330551343,157,1,1.345466333975713,1.1836527695259014
315,0,1.2778881427639106,1.4913973266059182,-0.5761838232109475,0.3610474934661032,-0.9024657082140384,-0.7111644212715653,1.4716080594590133,0.0,-0.9577081563414782,0.0495531864788385,-0.1320216408453801,0.6352098982042783,-0.327194936554592,-0.740752302019579,-0.5337734380587921,0.7290726830027427,1.4552695891025356,-0.0377282136292905,1.7794891104624142,-2.453801083626072,-1.352970421883273,-0.8740180134372624,1.1661623978132605,1.3871048330551343,158,0,1.3331793901190216,1.1804727019417847
316,0,1.2778881427639106,1.4913973266059182,-0.5761838232109475,0.3610474934661032,-0.9024657082140384,-0.7111644212715653,1.4716080594590133,0.0,-0.9577081563414782,0.0495531864788385,-0.1320216408453801,0.6352098982042783,-0.327194936554592,-0.740752302019579,-0.5337734380587921,0.7290726830027427,1.4552695891025356,-0.0377282136292905,1.7794891104624142,-2.453801083626072,-1.352970421883273,-0.8740180134372624,1.1661623978132605,1.3871048330551343,158,1,1.3331793901190216,1.1804727019417847
317,0,1.2778881427639106,1.0884423010556434,-0.5271002318901759,0.3610474934661032,-0.9024657082140384,-0.7111644212715653,1.532018306645547,0.0,-0.9577081563414782,-0.7957303657393812,-1.2905901162753592,-0.409975441194734,0.3062805103879508,-1.2685314782559842,-0.9148979250737528,-0.1681760774975834,0.9001558660519489,0.914107037788434,1.5244247651724334,1.239076431623577,-0.44224123470758,-0.9747332447501422,1.1661623978132605,1.3871048330551343,159,0,1.323126436054456,1.177870828463871
318,0,1.2778881427639106,1.0884423010556434,-0.5271002318901759,0.3610474934661032,-0.9024657082140384,-0.7111644212715653,1.532018306645547,0.0,-0.9577081563414782,-0.7957303657393812,-1.2905901162753592,-0.409975441194734,0.3062805103879508,-1.2685314782559842,-0.9148979250737528,-0.1681760774975834,0.9001558660519489,0.914107037788434,1.5244247651724334,1.239076431623577,-0.44224123470758,-0.9747332447501422,1.1661623978132605,1.3871048330551343,159,1,1.323126436054456,1.177870828463871
319,0,0.8766531397287465,0.6854680606359991,-0.4780166405694042,0.3610474934661032,-0.9024657082140384,-0.7111644212715653,1.411243891789784,0.0,-0.7630183812301254,-1.641030040707891,-0.1320216408453801,-1.4550013077009485,-0.0104813786226104,-1.7963106544923897,-1.677161438070906,2.2993093556476256,-0.4877555086559428,1.2314177314706196,1.141769862296529,0.3158922709251282,0.0131581009717891,-1.9819009260381404,1.0946281986662358,1.3871048330551343,160,0,1.2419494730861451,1.1627358048643008
320,0,0.8766531397287465,0.6854680606359991,-0.4780166405694042,0.3610474934661032,-0.9024657082140384,-0.7111644212715653,1.411243891789784,0.0,-0.7630183812301254,-1.641030040707891,-0.1320216408453801,-1.4550013077009485,-0.0104813786226104,-1.7963106544923897,-1.677161438070906,2.2993093556476256,-0.4877555086559428,1.2314177314706196,1.141769862296529,0.3158922709251282,0.0131581009717891,-1.9819009260381404,1.0946281986662358,1.3871048330551343,160,1,1.2419494730861451,1.1627358048643008
321,0,0.4754564005695154,0.2825130350857242,-0.4780166405694042,0.3610474934661032,-0.9024657082140384,-0.7111644212715653,1.4716080594590133,0.0,-0.3736314040685661,0.0495531864788385,-0.1320216408453801,-1.4550013077009485,-0.6439568255651532,-1.7963106544923897,-1.677161438070906,0.2804140749063715,0.0673582143946439,0.279582480052895,0.3765379031326314,-0.2996264461875506,0.0131581009717891,-0.8740180134372624,1.1661623978132605,1.3871048330551343,161,0,1.1025870962649398,1.1633588217641115
322,0,0.4754564005695154,0.2825130350857242,-0.4780166405694042,0.3610474934661032,-0.9024657082140384,-0.7111644212715653,1.4716080594590133,0.0,-0.3736314040685661,0.0495531864788385,-0.1320216408453801,-1.4550013077009485,-0.6439568255651532,-1.7963106544923897,-1.677161438070906,0.2804140749063715,0.0673582143946439,0.279582480052895,0.3765379031326314,-0.2996264461875506,0.0131581009717891,-0.8740180134372624,1.1661623978132605,1.3871048330551343,161,1,1.1025870962649398,1.1633588217641115
323,0,0.4754564005695154,0.2825130350857242,-0.4780166405694042,0.3610474934661032,-0.9024657082140384,-0.7111644212715653,1.4716080594590133,0.0,-0.3736314040685661,0.0495531864788385,-0.1320216408453801,-1.4550013077009485,-0.9606703834971348,-2.148165675675438,-2.0582859250858667,-0.392505381545769,0.3449574316137456,0.5968931737350806,-0.0061169997432728,-1.5305699654423388,-1.352970421883273,-0.672579866731903,1.1661623978132605,1.3871048330551343,162,0,0.9885633334112263,1.1638685628639567
324,0,0.4754564005695154,0.2825130350857242,-0.4780166405694042,0.3610474934661032,-0.9024657082140384,-0.7111644212715653,1.4716080594590133,0.0,-0.3736314040685661,0.0495531864788385,-0.1320216408453801,-1.4550013077009485,-0.9606703834971348,-2.148165675675438,-2.0582859250858667,-0.392505381545769,0.3449574316137456,0.5968931737350806,-0.0061169997432728,-1.5305699654423388,-1.352970421883273,-0.672579866731903,1.1661623978132605,1.3871048330551343,162,1,0.9885633334112263,1.1638685628639567
325,0,1.2778881427639106,1.0884423010556434,-0.3307658666070892,0.3610474934661032,-0.9024657082140384,-0.7111644212715653,1.532018306645547,0.0,-1.152397931452831,-1.641030040707891,-0.1320216408453801,0.6352098982042783,0.623042399398512,-1.9722415206220811,-2.0582859250858667,1.401992139454883,-1.320553160313248,-0.9895634650470152,-1.154003861783075,-2.453801083626072,0.4685574366511583,-0.672579866731903,1.1661623978132605,1.3871048330551343,163,0,1.0411678442026233,1.16428562376383
326,0,1.2778881427639106,1.0884423010556434,-0.3307658666070892,0.3610474934661032,-0.9024657082140384,-0.7111644212715653,1.532018306645547,0.0,-1.152397931452831,-1.641030040707891,-0.1320216408453801,0.6352098982042783,0.623042399398512,-1.9722415206220811,-2.0582859250858667,1.401992139454883,-1.320553160313248,-0.9895634650470152,-1.154003861783075,-2.453801083626072,0.4685574366511583,-0.672579866731903,1.1661623978132605,1.3871048330551343,163,1,1.0411678442026233,1.16428562376383
327,0,1.2778881427639106,1.0884423010556434,-0.3798494579278609,10.020540443903922,-0.9024657082140384,-0.7111644212715653,1.4716080594590133,0.0,-0.9577081563414782,0.0495531864788385,-0.1320216408453801,0.6352098982042783,1.256517846341055,-1.7963106544923897,-1.677161438070906,0.0561532265506022,0.3449574316137456,-0.355038907311476,-1.154003861783075,-0.9150982058149448,0.4685574366511583,-0.8740180134372624,1.1661623978132605,1.3871048330551343,164,0,1.0842078984864936,1.1646268554091808
328,0,1.2778881427639106,1.0884423010556434,-0.3798494579278609,10.020540443903922,-0.9024657082140384,-0.7111644212715653,1.4716080594590133,0.0,-0.9577081563414782,0.0495531864788385,-0.1320216408453801,0.6352098982042783,1.256517846341055,-1.7963106544923897,-1.677161438070906,0.0561532265506022,0.3449574316137456,-0.355038907311476,-1.154003861783075,-0.9150982058149448,0.4685574366511583,-0.8740180134372624,1.1661623978132605,1.3871048330551343,164,1,1.0842078984864936,1.1646268554091808
329,0,0.8766531397287465,1.0884423010556434,-0.3798494579278609,0.8694520664635984,-0.9024657082140384,-0.7111644212715653,1.411243891789784,0.0,-0.7630183812301254,-0.7957303657393812,-0.1320216408453801,-0.409975441194734,0.9397559573304936,-1.620386499439033,-1.2960369510559453,-0.6168346855939546,1.1777550832710504,-0.355038907311476,-0.6438362479091579,-1.5305699654423388,0.923887288147482,-0.9747332447501422,1.0946281986662358,1.3871048330551343,165,0,1.0464706696214485,1.1518998269104634
330,0,0.8766531397287465,1.0884423010556434,-0.3798494579278609,0.8694520664635984,-0.9024657082140384,-0.7111644212715653,1.411243891789784,0.0,-0.7630183812301254,-0.7957303657393812,-0.1320216408453801,-0.409975441194734,0.9397559573304936,-1.620386499439033,-1.2960369510559453,-0.6168346855939546,1.1777550832710504,-0.355038907311476,-0.6438362479091579,-1.5305699654423388,0.923887288147482,-0.9747332447501422,1.0946281986662358,1.3871048330551343,165,1,1.0464706696214485,1.1518998269104634
331,0,1.6791231457990747,1.4913973266059182,-0.5271002318901759,0.3610474934661032,-0.9024657082140384,-0.7111644212715653,1.4716080594590133,0.0,-1.152397931452831,0.0495531864788385,-0.1320216408453801,0.6352098982042783,0.623042399398512,-1.2685314782559842,-1.2960369510559453,0.9534019870509284,-0.2101562914368412,-0.6723496009936615,-0.2611813450332536,-0.2996264461875506,0.4685574366511583,-0.8740180134372624,1.0946281986662358,1.3871048330551343,166,0,1.161498392562835,1.141486803593331
332,0,1.6791231457990747,1.4913973266059182,-0.5271002318901759,0.3610474934661032,-0.9024657082140384,-0.7111644212715653,1.4716080594590133,0.0,-1.152397931452831,0.0495531864788385,-0.1320216408453801,0.6352098982042783,0.623042399398512,-1.2685314782559842,-1.2960369510559453,0.9534019870509284,-0.2101562914368412,-0.6723496009936615,-0.2611813450332536,-0.2996264461875506,0.4685574366511583,-0.8740180134372624,1.0946281986662358,1.3871048330551343,166,1,1.161498392562835,1.141486803593331
333,0,1.6791231457990747,1.4913973266059182,-0.5271002318901759,0.3610474934661032,-0.9024657082140384,-0.7111644212715653,1.592428553832081,0.0,-1.3470951335030374,0.0495531864788385,-1.2905901162753592,0.6352098982042783,1.8899932932835977,-0.9166764570729355,-0.5337734380587921,-0.1681760774975834,-0.4877555086559428,-0.355038907311476,0.2489862688406633,-0.9150982058149448,-0.8975710862039038,-1.075448476063022,1.1661623978132605,1.3871048330551343,167,0,1.255611984060333,1.1459732752696816
334,0,1.6791231457990747,1.4913973266059182,-0.5271002318901759,0.3610474934661032,-0.9024657082140384,-0.7111644212715653,1.592428553832081,0.0,-1.3470951335030374,0.0495531864788385,-1.2905901162753592,0.6352098982042783,1.8899932932835977,-0.9166764570729355,-0.5337734380587921,-0.1681760774975834,-0.4877555086559428,-0.355038907311476,0.2489862688406633,-0.9150982058149448,-0.8975710862039038,-1.075448476063022,1.1661623978132605,1.3871048330551343,167,1,1.255611984060333,1.1459732752696816
335,0,1.6791231457990747,1.8943715670255628,-0.6252674145317192,0.3610474934661032,-0.9024657082140384,-0.7111644212715653,1.4716080594590133,0.0,-1.3470951335030374,-0.7957303657393812,-0.1320216408453801,-0.409975441194734,2.206755182294159,-1.0926073232026277,-0.9148979250737528,-0.392505381545769,-1.320553160313248,-0.6723496009936615,0.3765379031326314,0.3158922709251282,0.923887288147482,-1.176163707375902,1.0946281986662358,1.3871048330551343,168,0,1.332614013467377,1.1366378067963279
336,0,1.6791231457990747,1.8943715670255628,-0.6252674145317192,0.3610474934661032,-0.9024657082140384,-0.7111644212715653,1.4716080594590133,0.0,-1.3470951335030374,-0.7957303657393812,-0.1320216408453801,-0.409975441194734,2.206755182294159,-1.0926073232026277,-0.9148979250737528,-0.392505381545769,-1.320553160313248,-0.6723496009936615,0.3765379031326314,0.3158922709251282,0.923887288147482,-1.176163707375902,1.0946281986662358,1.3871048330551343,168,1,1.332614013467377,1.1366378067963279
337,0,0.8766531397287465,0.6854680606359991,-0.5271002318901759,0.3610474934661032,-0.9024657082140384,-0.7111644212715653,1.4716080594590133,0.0,-0.7630183812301254,-1.641030040707891,-1.2905901162753592,-0.409975441194734,-0.0104813786226104,-1.0926073232026277,-0.5337734380587921,0.2804140749063715,0.0673582143946439,-0.6723496009936615,0.5040506141306441,0.3158922709251282,0.0131581009717891,-1.276878938688782,1.1661623978132605,1.3871048330551343,169,0,1.2497120364239895,1.1420059142539518
338,0,0.8766531397287465,0.6854680606359991,-0.5271002318901759,0.3610474934661032,-0.9024657082140384,-0.7111644212715653,1.4716080594590133,0.0,-0.7630183812301254,-1.641030040707891,-1.2905901162753592,-0.409975441194734,-0.0104813786226104,-1.0926073232026277,-0.5337734380587921,0.2804140749063715,0.0673582143946439,-0.6723496009936615,0.5040506141306441,0.3158922709251282,0.0131581009717891,-1.276878938688782,1.1661623978132605,1.3871048330551343,169,1,1.2497120364239895,1.1420059142539518
339,0,0.8766531397287465,0.6854680606359991,-0.4780166405694042,0.3610474934661032,-0.9024657082140384,-0.7111644212715653,1.4716080594590133,0.0,-0.7630183812301254,1.7401525364158583,-0.1320216408453801,-0.409975441194734,-0.327194936554592,-1.444462344385676,-1.677161438070906,-1.0654248379979097,0.0673582143946439,-1.941495546093572,0.1214346345486952,-0.2996264461875506,-1.352970421883273,-0.9747332447501422,1.1661623978132605,1.3871048330551343,170,0,1.1818831461157635,1.146398002173826
340,0,0.8766531397287465,0.6854680606359991,-0.4780166405694042,0.3610474934661032,-0.9024657082140384,-0.7111644212715653,1.4716080594590133,0.0,-0.7630183812301254,1.7401525364158583,-0.1320216408453801,-0.409975441194734,-0.327194936554592,-1.444462344385676,-1.677161438070906,-1.0654248379979097,0.0673582143946439,-1.941495546093572,0.1214346345486952,-0.2996264461875506,-1.352970421883273,-0.9747332447501422,1.1661623978132605,1.3871048330551343,170,1,1.1818831461157635,1.146398002173826
341,0,0.8766531397287465,0.6854680606359991,-0.4289330492486325,0.3610474934661032,-0.9024657082140384,-0.7111644212715653,1.592428553832081,0.0,-0.5683211791799189,-0.7957303657393812,-0.1320216408453801,-0.409975441194734,0.3062805103879508,-1.620386499439033,-1.2960369510559453,-0.8411639896421402,0.0673582143946439,-0.355038907311476,-0.3887329793252218,-0.2996264461875506,-0.8975710862039038,-0.8740180134372624,1.1661623978132605,1.3871048330551343,171,0,1.126386781318124,1.1499915286537232
342,0,0.8766531397287465,0.6854680606359991,-0.4289330492486325,0.3610474934661032,-0.9024657082140384,-0.7111644212715653,1.592428553832081,0.0,-0.5683211791799189,-0.7957303657393812,-0.1320216408453801,-0.409975441194734,0.3062805103879508,-1.620386499439033,-1.2960369510559453,-0.8411639896421402,0.0673582143946439,-0.355038907311476,-0.3887329793252218,-0.2996264461875506,-0.8975710862039038,-0.8740180134372624,1.1661623978132605,1.3871048330551343,171,1,1.126386781318124,1.1499915286537232
343,0,1.2778881427639106,1.0884423010556434,-0.5271002318901759,0.3610474934661032,-0.9024657082140384,-0.7111644212715653,1.4716080594590133,0.0,-0.9577081563414782,0.0495531864788385,-0.1320216408453801,0.6352098982042783,0.623042399398512,-1.444462344385676,-1.2960369510559453,0.0561532265506022,0.0673582143946439,0.914107037788434,-1.0264522274911068,-1.8383293239986784,0.4685574366511583,-1.075448476063022,1.1661623978132605,1.3871048330551343,172,0,1.1539324833991762,1.15293168668273
344,0,1.2778881427639106,1.0884423010556434,-0.5271002318901759,0.3610474934661032,-0.9024657082140384,-0.7111644212715653,1.4716080594590133,0.0,-0.9577081563414782,0.0495531864788385,-0.1320216408453801,0.6352098982042783,0.623042399398512,-1.444462344385676,-1.2960369510559453,0.0561532265506022,0.0673582143946439,0.914107037788434,-1.0264522274911068,-1.8383293239986784,0.4685574366511583,-1.075448476063022,1.1661623978132605,1.3871048330551343,172,1,1.1539324833991762,1.15293168668273
345,0,1.2778881427639106,1.0884423010556434,-0.4289330492486325,0.3610474934661032,-0.9024657082140384,-0.7111644212715653,1.411243891789784,0.0,-0.9577081563414782,0.0495531864788385,-0.1320216408453801,-0.409975441194734,-0.0104813786226104,-1.0926073232026277,-0.9148979250737528,0.0561532265506022,2.010468023540739,-0.355038907311476,-0.7713878822011261,-2.146041725069733,0.4685574366511583,-0.9747332447501422,1.1661623978132605,1.3871048330551343,173,0,1.176469876010946,1.1553372705246445
346,0,1.2778881427639106,1.0884423010556434,-0.4289330492486325,0.3610474934661032,-0.9024657082140384,-0.7111644212715653,1.411243891789784,0.0,-0.9577081563414782,0.0495531864788385,-0.1320216408453801,-0.409975441194734,-0.0104813786226104,-1.0926073232026277,-0.9148979250737528,0.0561532265506022,2.010468023540739,-0.355038907311476,-0.7713878822011261,-2.146041725069733,0.4685574366511583,-0.9747332447501422,1.1661623978132605,1.3871048330551343,173,1,1.176469876010946,1.1553372705246445
347,0,1.6791231457990747,1.4913973266059182,-0.4289330492486325,0.3610474934661032,-0.9024657082140384,-0.7111644212715653,1.532018306645547,0.0,-1.152397931452831,0.0495531864788385,-0.1320216408453801,0.6352098982042783,1.8899932932835977,-0.5648281469662223,-0.1526344120765995,-1.2897541420460952,-0.2101562914368412,-0.0377282136292905,-0.0061169997432728,-0.9150982058149448,1.3792866238268513,-1.4783170853941414,1.1661623978132605,1.3871048330551343,174,0,1.2678613796087874,1.1573054754862109
348,0,1.6791231457990747,1.4913973266059182,-0.4289330492486325,0.3610474934661032,-0.9024657082140384,-0.7111644212715653,1.532018306645547,0.0,-1.152397931452831,0.0495531864788385,-0.1320216408453801,0.6352098982042783,1.8899932932835977,-0.5648281469662223,-0.1526344120765995,-1.2897541420460952,-0.2101562914368412,-0.0377282136292905,-0.0061169997432728,-0.9150982058149448,1.3792866238268513,-1.4783170853941414,1.1661623978132605,1.3871048330551343,174,1,1.2678613796087874,1.1573054754862109
349,0,2.080358148834239,1.8943715670255628,-0.5271002318901759,0.3610474934661032,-0.9024657082140384,-0.7111644212715653,1.4716080594590133,0.0,-1.3470951335030374,0.8948528614473485,-0.1320216408453801,0.6352098982042783,1.5732314042730364,-0.9166764570729355,-0.9148979250737528,-0.6168346855939546,0.0673582143946439,-1.3068741587292003,0.2489862688406633,1.854595148736256,0.4685574366511583,-0.8740180134372624,1.1661623978132605,1.3871048330551343,175,0,1.4155880649225059,1.1589158250002198
350,0,2.080358148834239,1.8943715670255628,-0.5271002318901759,0.3610474934661032,-0.9024657082140384,-0.7111644212715653,1.4716080594590133,0.0,-1.3470951335030374,0.8948528614473485,-0.1320216408453801,0.6352098982042783,1.5732314042730364,-0.9166764570729355,-0.9148979250737528,-0.6168346855939546,0.0673582143946439,-1.3068741587292003,0.2489862688406633,1.854595148736256,0.4685574366511583,-0.8740180134372624,1.1661623978132605,1.3871048330551343,175,1,1.4155880649225059,1.1589158250002198
351,0,1.2778881427639106,1.0884423010556434,-0.5271002318901759,1.3778566394610936,-0.9024657082140384,-0.7111644212715653,1.411243891789784,0.0,-0.9577081563414782,0.0495531864788385,-1.2905901162753592,0.6352098982042783,-0.0104813786226104,-1.0926073232026277,-0.9148979250737528,0.7290726830027427,1.1777550832710504,0.279582480052895,1.0142571512985166,0.3158922709251282,0.4685574366511583,-0.8740180134372624,1.1661623978132605,1.3871048330551343,176,0,1.390551715439125,1.1602333836935
352,0,1.2778881427639106,1.0884423010556434,-0.5271002318901759,1.3778566394610936,-0.9024657082140384,-0.7111644212715653,1.411243891789784,0.0,-0.9577081563414782,0.0495531864788385,-1.2905901162753592,0.6352098982042783,-0.0104813786226104,-1.0926073232026277,-0.9148979250737528,0.7290726830027427,1.1777550832710504,0.279582480052895,1.0142571512985166,0.3158922709251282,0.4685574366511583,-0.8740180134372624,1.1661623978132605,1.3871048330551343,176,1,1.390551715439125,1.1602333836935
353,0,0.8766531397287465,0.6854680606359991,-0.5761838232109475,0.3610474934661032,-0.9024657082140384,-0.7111644212715653,1.4716080594590133,0.0,-0.5683211791799189,0.8948528614473485,-0.1320216408453801,0.6352098982042783,-0.9606703834971348,-1.0926073232026277,-1.2960369510559453,-1.962742054190652,0.0673582143946439,-0.0377282136292905,0.7591538827145803,-0.9150982058149448,-1.352970421883273,-0.8740180134372624,1.1661623978132605,1.3871048330551343,177,0,1.2971156107645108,1.161311386260729
354,0,0.8766531397287465,0.6854680606359991,-0.5761838232109475,0.3610474934661032,-0.9024657082140384,-0.7111644212715653,1.4716080594590133,0.0,-0.5683211791799189,0.8948528614473485,-0.1320216408453801,0.6352098982042783,-0.9606703834971348,-1.0926073232026277,-1.2960369510559453,-1.962742054190652,0.0673582143946439,-0.0377282136292905,0.7591538827145803,-0.9150982058149448,-1.352970421883273,-0.8740180134372624,1.1661623978132605,1.3871048330551343,177,1,1.2971156107645108,1.161311386260729
355,0,0.4754564005695154,0.6854680606359991,-0.4289330492486325,0.3610474934661032,-0.9024657082140384,-0.7111644212715653,1.592428553832081,0.0,-0.5683211791799189,0.0495531864788385,-0.1320216408453801,-1.4550013077009485,-0.0104813786226104,-1.620386499439033,-1.677161438070906,0.2804140749063715,0.0673582143946439,0.279582480052895,0.5040506141306441,-0.9150982058149448,-0.8975710862039038,-0.8740180134372624,1.237696596960285,1.3871048330551343,178,0,1.1477230270926935,1.1751996063879209
356,0,0.4754564005695154,0.6854680606359991,-0.4289330492486325,0.3610474934661032,-0.9024657082140384,-0.7111644212715653,1.592428553832081,0.0,-0.5683211791799189,0.0495531864788385,-0.1320216408453801,-1.4550013077009485,-0.0104813786226104,-1.620386499439033,-1.677161438070906,0.2804140749063715,0.0673582143946439,0.279582480052895,0.5040506141306441,-0.9150982058149448,-0.8975710862039038,-0.8740180134372624,1.237696596960285,1.3871048330551343,178,1,1.1477230270926935,1.1751996063879209
357,0,0.8766531397287465,1.0884423010556434,-0.4780166405694042,0.3610474934661032,-0.9024657082140384,-0.7111644212715653,1.4716080594590133,0.0,-0.9577081563414782,-0.7957303657393812,-0.1320216408453801,-0.409975441194734,-0.0104813786226104,-1.444462344385676,-1.2960369510559453,0.0561532265506022,-0.4877555086559428,0.914107037788434,-0.3887329793252218,0.0081329123687887,0.4685574366511583,-0.8740180134372624,1.1661623978132605,1.3871048330551343,179,0,1.0984375930265213,1.1735564775561644
358,0,0.8766531397287465,1.0884423010556434,-0.4780166405694042,0.3610474934661032,-0.9024657082140384,-0.7111644212715653,1.4716080594590133,0.0,-0.9577081563414782,-0.7957303657393812,-0.1320216408453801,-0.409975441194734,-0.0104813786226104,-1.444462344385676,-1.2960369510559453,0.0561532265506022,-0.4877555086559428,0.914107037788434,-0.3887329793252218,0.0081329123687887,0.4685574366511583,-0.8740180134372624,1.1661623978132605,1.3871048330551343,179,1,1.0984375930265213,1.1735564775561644
359,0,0.4754564005695154,0.6854680606359991,-0.3307658666070892,0.3610474934661032,-0.9024657082140384,-0.7111644212715653,1.4716080594590133,0.0,-0.5683211791799189,0.8948528614473485,-0.1320216408453801,-1.4550013077009485,-0.327194936554592,-1.7963106544923897,-1.677161438070906,-0.6168346855939546,0.3449574316137456,-0.355038907311476,-0.7713878822011261,0.6236046719961829,0.4685574366511583,-0.9747332447501422,1.1661623978132605,1.3871048330551343,180,0,0.9851682853070657,1.172212099421091
360,0,0.4754564005695154,0.6854680606359991,-0.3307658666070892,0.3610474934661032,-0.9024657082140384,-0.7111644212715653,1.4716080594590133,0.0,-0.5683211791799189,0.8948528614473485,-0.1320216408453801,-1.4550013077009485,-0.327194936554592,-1.7963106544923897,-1.677161438070906,-0.6168346855939546,0.3449574316137456,-0.355038907311476,-0.7713878822011261,0.6236046719961829,0.4685574366511583,-0.9747332447501422,1.1661623978132605,1.3871048330551343,180,1,0.9851682853070657,1.172212099421091
361,0,0.8766531397287465,0.6854680606359991,-0.4780166405694042,0.3610474934661032,-0.9024657082140384,-0.7111644212715653,1.4716080594590133,0.0,-0.5683211791799189,0.0495531864788385,-0.1320216408453801,0.6352098982042783,-0.0104813786226104,-1.620386499439033,-1.677161438070906,0.0561532265506022,1.1777550832710504,-0.355038907311476,-1.281555496075043,2.7777793094347043,-0.44224123470758,-0.8740180134372624,1.1661623978132605,1.2875735186304924,181,0,0.9654382588382803,1.1711121536742126
362,0,0.8766531397287465,0.6854680606359991,-0.4780166405694042,0.3610474934661032,-0.9024657082140384,-0.7111644212715653,1.4716080594590133,0.0,-0.5683211791799189,0.0495531864788385,-0.1320216408453801,0.6352098982042783,-0.0104813786226104,-1.620386499439033,-1.677161438070906,0.0561532265506022,1.1777550832710504,-0.355038907311476,-1.281555496075043,2.7777793094347043,-0.44224123470758,-0.8740180134372624,1.1661623978132605,1.2875735186304924,181,1,0.9654382588382803,1.1711121536742126
363,0,1.2778881427639106,1.0884423010556434,-0.1344408630618093,0.3610474934661032,-0.9024657082140384,-0.7111644212715653,1.592428553832081,0.0,-0.7630183812301254,-0.7957303657393812,-0.1320216408453801,-0.409975441194734,1.5732314042730364,-1.444462344385676,-1.677161438070906,0.7290726830027427,0.6225566488328472,1.2314177314706196,-1.0264522274911068,1.239076431623577,-1.352970421883273,-0.9747332447501422,1.237696596960285,1.3871048330551343,182,0,1.0222473286429403,1.183218416089862
364,0,1.2778881427639106,1.0884423010556434,-0.1344408630618093,0.3610474934661032,-0.9024657082140384,-0.7111644212715653,1.592428553832081,0.0,-0.7630183812301254,-0.7957303657393812,-0.1320216408453801,-0.409975441194734,1.5732314042730364,-1.444462344385676,-1.677161438070906,0.7290726830027427,0.6225566488328472,1.2314177314706196,-1.0264522274911068,1.239076431623577,-1.352970421883273,-0.9747332447501422,1.237696596960285,1.3871048330551343,182,1,1.0222473286429403,1.183218416089862
365,0,1.2778881427639106,1.4913973266059182,-0.4289330492486325,0.8694520664635984,-0.9024657082140384,-0.7111644212715653,1.411243891789784,0.0,-0.9577081563414782,0.0495531864788385,-0.1320216408453801,0.6352098982042783,0.9397559573304936,-0.9166764570729355,-0.9148979250737528,-0.1681760774975834,0.9001558660519489,0.279582480052895,0.3765379031326314,-0.9150982058149448,0.0131581009717891,-0.9747332447501422,1.1661623978132605,1.3871048330551343,183,0,1.0687274766649348,1.1801173218577525
366,0,1.2778881427639106,1.4913973266059182,-0.4289330492486325,0.8694520664635984,-0.9024657082140384,-0.7111644212715653,1.411243891789784,0.0,-0.9577081563414782,0.0495531864788385,-0.1320216408453801,0.6352098982042783,0.9397559573304936,-0.9166764570729355,-0.9148979250737528,-0.1681760774975834,0.9001558660519489,0.279582480052895,0.3765379031326314,-0.9150982058149448,0.0131581009717891,-0.9747332447501422,1.1661623978132605,1.3871048330551343,183,1,1.0687274766649348,1.1801173218577525
367,0,1.2778881427639106,1.4913973266059182,-0.4289330492486325,0.3610474934661032,-0.9024657082140384,-0.7111644212715653,1.4716080594590133,0.0,-0.9577081563414782,-0.7957303657393812,-0.1320216408453801,-0.409975441194734,0.623042399398512,-0.9166764570729355,-0.9148979250737528,-0.392505381545769,-1.042953943094146,-0.0377282136292905,0.7591538827145803,-0.9150982058149448,0.0131581009717891,-0.9747332447501422,1.237696596960285,1.3373391758428137,184,0,1.1067566886829303,1.1905862809673038
368,0,1.2778881427639106,1.4913973266059182,-0.4289330492486325,0.3610474934661032,-0.9024657082140384,-0.7111644212715653,1.4716080594590133,0.0,-0.9577081563414782,-0.7957303657393812,-0.1320216408453801,-0.409975441194734,0.623042399398512,-0.9166764570729355,-0.9148979250737528,-0.392505381545769,-1.042953943094146,-0.0377282136292905,0.7591538827145803,-0.9150982058149448,0.0131581009717891,-0.9747332447501422,1.237696596960285,1.3373391758428137,184,1,1.1067566886829303,1.1905862809673038
369,0,0.8766531397287465,1.0884423010556434,-0.5271002318901759,0.3610474934661032,-0.9024657082140384,-0.7111644212715653,1.532018306645547,0.0,-0.7630183812301254,0.0495531864788385,-0.1320216408453801,-0.409975441194734,-0.327194936554592,-0.9166764570729355,-0.9148979250737528,1.626321443503069,-1.320553160313248,-0.9895634650470152,0.7591538827145803,0.3158922709251282,0.0131581009717891,-0.9747332447501422,1.1661623978132605,1.3373391758428137,185,0,1.0649196797821696,1.1861455749392957
370,0,0.8766531397287465,1.0884423010556434,-0.5271002318901759,0.3610474934661032,-0.9024657082140384,-0.7111644212715653,1.532018306645547,0.0,-0.7630183812301254,0.0495531864788385,-0.1320216408453801,-0.409975441194734,-0.327194936554592,-0.9166764570729355,-0.9148979250737528,1.626321443503069,-1.320553160313248,-0.9895634650470152,0.7591538827145803,0.3158922709251282,0.0131581009717891,-0.9747332447501422,1.1661623978132605,1.3373391758428137,185,1,1.0649196797821696,1.1861455749392957
371,0,1.2778881427639106,1.0884423010556434,-0.5271002318901759,0.3610474934661032,-0.9024657082140384,-0.7111644212715653,1.4716080594590133,0.0,-1.152397931452831,-0.7957303657393812,-0.1320216408453801,0.6352098982042783,0.3062805103879508,-1.2685314782559842,-1.2960369510559453,0.5047433789545571,0.3449574316137456,0.279582480052895,0.2489862688406633,0.3158922709251282,-0.8975710862039038,-0.9747332447501422,1.1661623978132605,1.3373391758428137,186,0,1.1036412185061224,1.1825122700072892
372,0,1.2778881427639106,1.0884423010556434,-0.5271002318901759,0.3610474934661032,-0.9024657082140384,-0.7111644212715653,1.4716080594590133,0.0,-1.152397931452831,-0.7957303657393812,-0.1320216408453801,0.6352098982042783,0.3062805103879508,-1.2685314782559842,-1.2960369510559453,0.5047433789545571,0.3449574316137456,0.279582480052895,0.2489862688406633,0.3158922709251282,-0.8975710862039038,-0.9747332447501422,1.1661623978132605,1.3373391758428137,186,1,1.1036412185061224,1.1825122700072892
373,0,0.8766531397287465,0.6854680606359991,-0.5761838232109475,0.3610474934661032,-0.9024657082140384,-0.7111644212715653,1.4716080594590133,0.0,-0.5683211791799189,0.0495531864788385,-0.1320216408453801,-0.409975441194734,-0.0104813786226104,-1.620386499439033,-1.2960369510559453,-0.392505381545769,0.0673582143946439,-0.355038907311476,-0.3887329793252218,0.9313640305525224,-0.44224123470758,-0.8740180134372624,1.1661623978132605,1.3373391758428137,187,0,1.0623706587284176,1.1795395659720112
374,0,0.8766531397287465,0.6854680606359991,-0.5761838232109475,0.3610474934661032,-0.9024657082140384,-0.7111644212715653,1.4716080594590133,0.0,-0.5683211791799189,0.0495531864788385,-0.1320216408453801,-0.409975441194734,-0.0104813786226104,-1.620386499439033,-1.2960369510559453,-0.392505381545769,0.0673582143946439,-0.355038907311476,-0.3887329793252218,0.9313640305525224,-0.44224123470758,-0.8740180134372624,1.1661623978132605,1.3373391758428137,187,1,1.0623706587284176,1.1795395659720112
375,0,-0.3270136055008128,-0.1204612053339201,-0.1344408630618093,0.3610474934661032,0.978580361513066,1.2025024719774604,-0.7026539645658552,0.0,0.0157555730929931,-0.7957303657393812,-0.1320216408453801,0.6352098982042783,-0.6439568255651532,0.8425919377659722,0.9907535879355144,0.0561532265506022,0.0673582143946439,-1.3068741587292003,1.2693214965884974,0.3158922709251282,0.4685574366511583,-0.571864635419023,-1.838263051150848,-1.5490585012612352,188,0,0.8097553379594665,0.6308481810405822
376,0,-0.3270136055008128,-0.1204612053339201,-0.1344408630618093,0.3610474934661032,0.978580361513066,1.2025024719774604,-0.7026539645658552,0.0,0.0157555730929931,-0.7957303657393812,-0.1320216408453801,0.6352098982042783,-0.6439568255651532,0.8425919377659722,0.9907535879355144,0.0561532265506022,0.0673582143946439,-1.3068741587292003,1.2693214965884974,0.3158922709251282,0.4685574366511583,-0.571864635419023,-1.838263051150848,-1.5490585012612352,188,1,0.8097553379594665,0.6308481810405822
377,0,-0.728248608535977,-0.523416230884195,-0.1344408630618093,0.3610474934661032,0.978580361513066,1.2025024719774604,-0.642289796896626,0.0,0.2104453482043458,0.8948528614473485,-0.1320216408453801,0.6352098982042783,-1.277432272507696,0.6666610716362802,0.6096145619533219,-2.411332206594607,0.3449574316137456,-1.3068741587292003,0.6316022484226123,-0.2996264461875506,-0.8975710862039038,-0.4711494041061431,-1.909795885896508,-1.598823209272595,189,0,0.5301182567784768,0.16891289614292931
378,0,-0.728248608535977,-0.523416230884195,-0.1344408630618093,0.3610474934661032,0.978580361513066,1.2025024719774604,-0.642289796896626,0.0,0.2104453482043458,0.8948528614473485,-0.1320216408453801,0.6352098982042783,-1.277432272507696,0.6666610716362802,0.6096145619533219,-2.411332206594607,0.3449574316137456,-1.3068741587292003,0.6316022484226123,-0.2996264461875506,-0.8975710862039038,-0.4711494041061431,-1.909795885896508,-1.598823209272595,189,1,0.5301182567784768,0.16891289614292931
379,0,-0.3270136055008128,-0.523416230884195,-0.1344408630618093,0.3610474934661032,0.978580361513066,1.2025024719774604,-0.5818795497100921,0.0,0.0157555730929931,-0.7957303657393812,-0.1320216408453801,0.6352098982042783,-0.327194936554592,0.4907369165829235,0.6096145619533219,0.5047433789545571,-0.2101562914368412,-0.355038907311476,-0.2611813450332536,0.6236046719961829,-1.8083002733795968,-0.571864635419023,-1.909795885896508,-1.598823209272595,190,0,0.3742761000004241,-0.20903415513696844
380,0,-0.3270136055008128,-0.523416230884195,-0.1344408630618093,0.3610474934661032,0.978580361513066,1.2025024719774604,-0.5818795497100921,0.0,0.0157555730929931,-0.7957303657393812,-0.1320216408453801,0.6352098982042783,-0.327194936554592,0.4907369165829235,0.6096145619533219,0.5047433789545571,-0.2101562914368412,-0.355038907311476,-0.2611813450332536,0.6236046719961829,-1.8083002733795968,-0.571864635419023,-1.909795885896508,-1.598823209272595,190,1,0.3742761000004241,-0.20903415513696844
381,0,-0.3270136055008128,-0.1204612053339201,-0.0853572717410376,0.3610474934661032,0.978580361513066,1.2025024719774604,-0.7026539645658552,0.0,0.0157555730929931,-1.641030040707891,-0.1320216408453801,0.6352098982042783,0.3062805103879508,0.3148060504532315,0.6096145619533219,0.0561532265506022,0.6225566488328472,0.914107037788434,-0.7713878822011261,-1.5305699654423388,0.923887288147482,-0.672579866731903,-1.909795885896508,-1.598823209272595,191,0,0.24676888081838103,-0.518263560729612
382,0,-0.3270136055008128,-0.1204612053339201,-0.0853572717410376,0.3610474934661032,0.978580361513066,1.2025024719774604,-0.7026539645658552,0.0,0.0157555730929931,-1.641030040707891,-0.1320216408453801,0.6352098982042783,0.3062805103879508,0.3148060504532315,0.6096145619533219,0.0561532265506022,0.6225566488328472,0.914107037788434,-0.7713878822011261,-1.5305699654423388,0.923887288147482,-0.672579866731903,-1.909795885896508,-1.598823209272595,191,1,0.24676888081838103,-0.518263560729612
383,0,-0.3270136055008128,-0.523416230884195,-0.0362736804202659,-1.1641662255263825,0.978580361513066,1.2025024719774604,-0.7026539645658552,0.0,0.2104453482043458,-0.7957303657393812,-0.1320216408453801,0.6352098982042783,-0.0104813786226104,0.4907369165829235,0.6096145619533219,-1.514083446094281,1.1777550832710504,-2.2588062397757573,-1.0264522274911068,-0.2996264461875506,0.0131581009717891,0.4353030458689751,-1.909795885896508,-1.598823209272595,192,0,0.1424447923967094,-0.771269438032684
384,0,-0.3270136055008128,-0.523416230884195,-0.0362736804202659,-1.1641662255263825,0.978580361513066,1.2025024719774604,-0.7026539645658552,0.0,0.2104453482043458,-0.7957303657393812,-0.1320216408453801,0.6352098982042783,-0.0104813786226104,0.4907369165829235,0.6096145619533219,-1.514083446094281,1.1777550832710504,-2.2588062397757573,-1.0264522274911068,-0.2996264461875506,0.0131581009717891,0.4353030458689751,-1.909795885896508,-1.598823209272595,192,1,0.1424447923967094,-0.771269438032684
385,0,0.0742213975343513,0.2825130350857242,-0.0853572717410376,-0.6557616525288871,0.978580361513066,1.2025024719774604,-0.642289796896626,0.0,0.0157555730929931,-0.7957303657393812,-0.1320216408453801,0.6352098982042783,-0.327194936554592,0.4907369165829235,0.2284900749383611,-1.0654248379979097,-1.598067666144733,-2.2588062397757573,-1.5366198413650238,1.239076431623577,0.0131581009717891,0.8381716552000944,-1.909795885896508,-1.598823209272595,193,0,0.13004053878537156,-0.9782742467351975
386,0,0.0742213975343513,0.2825130350857242,-0.0853572717410376,-0.6557616525288871,0.978580361513066,1.2025024719774604,-0.642289796896626,0.0,0.0157555730929931,-0.7957303657393812,-0.1320216408453801,0.6352098982042783,-0.327194936554592,0.4907369165829235,0.2284900749383611,-1.0654248379979097,-1.598067666144733,-2.2588062397757573,-1.5366198413650238,1.239076431623577,0.0131581009717891,0.8381716552000944,-1.909795885896508,-1.598823209272595,193,1,0.13004053878537156,-0.9782742467351975
387,0,0.0742213975343513,0.2825130350857242,-0.1344408630618093,0.3610474934661032,0.978580361513066,-0.7111644212715653,-0.5818795497100921,0.0,0.0157555730929931,-0.7957303657393812,-0.1320216408453801,1.6802357647104924,0.9397559573304936,1.1944402478726854,1.371878074950475,0.0561532265506022,0.3449574316137456,-0.6723496009936615,-0.8989005931991387,2.1623075498073105,-1.8083002733795968,0.4353030458689751,-1.909795885896508,-1.648588866484916,194,0,0.11989160401245877,-1.1476418174917993
388,0,0.0742213975343513,0.2825130350857242,-0.1344408630618093,0.3610474934661032,0.978580361513066,-0.7111644212715653,-0.5818795497100921,0.0,0.0157555730929931,-0.7957303657393812,-0.1320216408453801,1.6802357647104924,0.9397559573304936,1.1944402478726854,1.371878074950475,0.0561532265506022,0.3449574316137456,-0.6723496009936615,-0.8989005931991387,2.1623075498073105,-1.8083002733795968,0.4353030458689751,-1.909795885896508,-1.648588866484916,194,1,0.11989160401245877,-1.1476418174917993
389,0,0.8766531397287465,0.6854680606359991,0.0128099109005057,0.3610474934661032,0.978580361513066,1.2025024719774604,-0.642289796896626,0.0,-0.3736314040685661,-0.7957303657393812,-0.1320216408453801,1.6802357647104924,0.623042399398512,1.546295269055734,1.371878074950475,1.401992139454883,0.0673582143946439,0.914107037788434,0.1214346345486952,-2.146041725069733,-1.352970421883273,-0.672579866731903,-1.838263051150848,-1.598823209272595,195,0,0.25748461050632926,-1.273209314520717
390,0,0.8766531397287465,0.6854680606359991,0.0128099109005057,0.3610474934661032,0.978580361513066,1.2025024719774604,-0.642289796896626,0.0,-0.3736314040685661,-0.7957303657393812,-0.1320216408453801,1.6802357647104924,0.623042399398512,1.546295269055734,1.371878074950475,1.401992139454883,0.0673582143946439,0.914107037788434,0.1214346345486952,-2.146041725069733,-1.352970421883273,-0.672579866731903,-1.838263051150848,-1.598823209272595,195,1,0.25748461050632926,-1.273209314520717
391,0,0.4754564005695154,0.6854680606359991,-0.0853572717410376,0.3610474934661032,0.978580361513066,1.2025024719774604,-0.7026539645658552,0.0,-0.3736314040685661,0.0495531864788385,-0.1320216408453801,1.6802357647104924,1.256517846341055,1.370371114002377,1.371878074950475,-0.6168346855939546,-0.7653547258750445,-1.6241848524113862,0.5040506141306441,-0.2996264461875506,0.0131581009717891,-0.571864635419023,-1.909795885896508,-1.5490585012612352,196,0,0.2971158450632722,-1.3889523274981335
392,0,0.4754564005695154,0.6854680606359991,-0.0853572717410376,0.3610474934661032,0.978580361513066,1.2025024719774604,-0.7026539645658552,0.0,-0.3736314040685661,0.0495531864788385,-0.1320216408453801,1.6802357647104924,1.256517846341055,1.370371114002377,1.371878074950475,-0.6168346855939546,-0.7653547258750445,-1.6241848524113862,0.5040506141306441,-0.2996264461875506,0.0131581009717891,-0.571864635419023,-1.909795885896508,-1.5490585012612352,196,1,0.2971158450632722,-1.3889523274981335
393,0,0.0742213975343513,-0.1204612053339201,-0.1835244543825809,0.3610474934661032,0.978580361513066,1.2025024719774604,-0.7026539645658552,0.0,-0.1789342020183596,0.8948528614473485,-0.1320216408453801,0.6352098982042783,0.3062805103879508,1.0185160928193289,0.9907535879355144,-0.8411639896421402,-1.042953943094146,-0.0377282136292905,1.2693214965884974,1.239076431623577,0.0131581009717891,-0.571864635419023,-1.909795885896508,-1.598823209272595,197,0,0.2565895818761957,-1.4836511562978378
394,0,0.0742213975343513,-0.1204612053339201,-0.1835244543825809,0.3610474934661032,0.978580361513066,1.2025024719774604,-0.7026539645658552,0.0,-0.1789342020183596,0.8948528614473485,-0.1320216408453801,0.6352098982042783,0.3062805103879508,1.0185160928193289,0.9907535879355144,-0.8411639896421402,-1.042953943094146,-0.0377282136292905,1.2693214965884974,1.239076431623577,0.0131581009717891,-0.571864635419023,-1.909795885896508,-1.598823209272595,197,1,0.2565895818761957,-1.4836511562978378
395,0,0.4754564005695154,0.6854680606359991,-0.2326080457033526,0.3610474934661032,0.978580361513066,1.2025024719774604,-0.7026539645658552,0.0,-0.1789342020183596,-0.7957303657393812,-0.1320216408453801,1.6802357647104924,0.623042399398512,1.370371114002377,1.371878074950475,-0.6168346855939546,0.6225566488328472,-0.0377282136292905,1.141769862296529,0.3158922709251282,-0.8975710862039038,-0.571864635419023,-1.909795885896508,-1.598823209272595,198,0,0.2963835489113447,-1.5611320162248687
396,0,0.4754564005695154,0.2825130350857242,-0.1344408630618093,0.3610474934661032,0.978580361513066,1.2025024719774604,-0.5818795497100921,0.0,-0.1789342020183596,0.0495531864788385,-0.1320216408453801,1.6802357647104924,0.9397559573304936,1.370371114002377,1.7530171009326676,-1.7384127501424664,0.0673582143946439,-0.0377282136292905,0.3765379031326314,-1.2228106068859994,-0.8975710862039038,-0.4711494041061431,-1.838263051150848,-1.5490585012612352,199,0,0.3289422492128303,-1.6115194771205013
397,0,0.4754564005695154,0.2825130350857242,-0.1344408630618093,0.3610474934661032,0.978580361513066,1.2025024719774604,-0.5818795497100921,0.0,-0.1789342020183596,0.0495531864788385,-0.1320216408453801,1.6802357647104924,0.9397559573304936,1.370371114002377,1.7530171009326676,-1.7384127501424664,0.0673582143946439,-0.0377282136292905,0.3765379031326314,-1.2228106068859994,-0.8975710862039038,-0.4711494041061431,-1.838263051150848,-1.5490585012612352,199,1,0.3289422492128303,-1.6115194771205013
398,0,0.4754564005695154,0.6854680606359991,-0.2326080457033526,0.3610474934661032,0.978580361513066,1.2025024719774604,-0.7026539645658552,0.0,-0.1789342020183596,-0.7957303657393812,-0.1320216408453801,1.6802357647104924,0.623042399398512,1.370371114002377,1.371878074950475,-0.6168346855939546,0.6225566488328472,-0.0377282136292905,1.141769862296529,0.3158922709251282,-0.8975710862039038,-0.571864635419023,-1.909795885896508,-1.598823209272595,198,1,0.2963835489113447,-1.5611320162248687
399,0,0.4754564005695154,0.2825130350857242,-0.1344408630618093,0.3610474934661032,0.978580361513066,1.2025024719774604,-0.642289796896626,0.0,0.0157555730929931,-0.7957303657393812,-0.1320216408453801,1.6802357647104924,-0.0104813786226104,1.1944402478726854,1.371878074950475,2.0749800515994403,-1.320553160313248,-1.941495546093572,-0.6438362479091579,-0.6073388472586053,-0.8975710862039038,-0.571864635419023,-1.909795885896508,-1.598823209272595,200,0,0.35558118582313664,-1.6657515514434114
400,0,0.4754564005695154,0.2825130350857242,-0.1344408630618093,0.3610474934661032,0.978580361513066,1.2025024719774604,-0.642289796896626,0.0,0.0157555730929931,-0.7957303657393812,-0.1320216408453801,1.6802357647104924,-0.0104813786226104,1.1944402478726854,1.371878074950475,2.0749800515994403,-1.320553160313248,-1.941495546093572,-0.6438362479091579,-0.6073388472586053,-0.8975710862039038,-0.571864635419023,-1.909795885896508,-1.598823209272595,200,1,0.35558118582313664,-1.6657515514434114
401,0,0.0742213975343513,-0.1204612053339201,-0.0853572717410376,0.3610474934661032,0.978580361513066,1.2025024719774604,-0.7026539645658552,0.0,0.0157555730929931,-0.7957303657393812,-0.1320216408453801,0.6352098982042783,0.3062805103879508,0.8425919377659722,0.9907535879355144,-0.8411639896421402,0.6225566488328472,-1.3068741587292003,-1.0264522274911068,0.9313640305525224,0.923887288147482,-0.9747332447501422,-1.909795885896508,-1.598823209272595,201,0,0.30442486067972113,-1.7101232486167015
402,0,-0.3270136055008128,-0.1204612053339201,-0.0853572717410376,0.3610474934661032,0.978580361513066,1.2025024719774604,-0.7026539645658552,0.0,0.0157555730929931,-0.7957303657393812,-0.1320216408453801,0.6352098982042783,0.3062805103879508,0.6666610716362802,0.9907535879355144,0.7290726830027427,1.732868806321637,-0.0377282136292905,-1.919274744240928,0.9313640305525224,-0.44224123470758,-0.4711494041061431,-1.909795885896508,-1.598823209272595,202,0,0.18961786682871493,-1.746427364485757
403,0,0.0742213975343513,-0.1204612053339201,-0.0853572717410376,0.3610474934661032,0.978580361513066,1.2025024719774604,-0.7026539645658552,0.0,0.0157555730929931,-0.7957303657393812,-0.1320216408453801,0.6352098982042783,0.3062805103879508,0.8425919377659722,0.9907535879355144,-0.8411639896421402,0.6225566488328472,-1.3068741587292003,-1.0264522274911068,0.9313640305525224,0.923887288147482,-0.9747332447501422,-1.909795885896508,-1.598823209272595,201,1,0.30442486067972113,-1.7101232486167015
404,0,-0.3270136055008128,-0.1204612053339201,-0.0853572717410376,0.3610474934661032,0.978580361513066,1.2025024719774604,-0.7026539645658552,0.0,0.0157555730929931,-0.7957303657393812,-0.1320216408453801,0.6352098982042783,0.3062805103879508,0.6666610716362802,0.9907535879355144,0.7290726830027427,1.732868806321637,-0.0377282136292905,-1.919274744240928,0.9313640305525224,-0.44224123470758,-0.4711494041061431,-1.909795885896508,-1.598823209272595,202,1,0.18961786682871493,-1.746427364485757
405,0,-0.728248608535977,-0.523416230884195,-0.2326080457033526,-0.6557616525288871,0.978580361513066,1.2025024719774604,-0.5818795497100921,0.0,0.2104453482043458,0.0495531864788385,-0.1320216408453801,-0.409975441194734,-0.0104813786226104,0.8425919377659722,0.6096145619533219,2.2993093556476256,-0.4877555086559428,1.2314177314706196,-0.2611813450332536,0.3158922709251282,0.923887288147482,-0.4711494041061431,-1.909795885896508,-1.598823209272595,203,0,0.02273305312604365,-1.7761307320149844
406,0,0.0742213975343513,-0.1204612053339201,-0.0853572717410376,0.3610474934661032,0.978580361513066,1.2025024719774604,-0.642289796896626,0.0,-0.1789342020183596,0.0495531864788385,-0.1320216408453801,0.6352098982042783,-0.327194936554592,0.8425919377659722,0.6096145619533219,-1.514083446094281,-0.2101562914368412,-0.0377282136292905,-0.7713878822011261,-0.2996264461875506,0.0131581009717891,0.536018277181855,-1.909795885896508,-1.598823209272595,204,0,0.03209457029119049,-1.8004334872661705
407,0,0.0742213975343513,-0.1204612053339201,-0.0853572717410376,0.3610474934661032,0.978580361513066,1.2025024719774604,-0.642289796896626,0.0,-0.1789342020183596,0.0495531864788385,-0.1320216408453801,0.6352098982042783,-0.327194936554592,0.8425919377659722,0.6096145619533219,-1.514083446094281,-0.2101562914368412,-0.0377282136292905,-0.7713878822011261,-0.2996264461875506,0.0131581009717891,0.536018277181855,-1.909795885896508,-1.598823209272595,204,1,0.03209457029119049,-1.8004334872661705
408,0,-0.3270136055008128,-0.1204612053339201,-0.1344408630618093,0.3610474934661032,0.978580361513066,1.2025024719774604,-0.642289796896626,0.0,0.2104453482043458,0.0495531864788385,-0.1320216408453801,0.6352098982042783,-0.6439568255651532,1.0185160928193289,0.9907535879355144,0.7290726830027427,0.0673582143946439,0.279582480052895,-0.2611813450332536,3.085538667991044,0.4685574366511583,-1.9819009260381404,-1.909795885896508,-1.598823209272595,205,0,-0.03319782530735557,-1.8203175597444134
409,0,-0.3270136055008128,-0.1204612053339201,-0.1344408630618093,0.3610474934661032,0.978580361513066,1.2025024719774604,-0.642289796896626,0.0,0.2104453482043458,0.0495531864788385,-0.1320216408453801,0.6352098982042783,-0.6439568255651532,1.0185160928193289,0.9907535879355144,0.7290726830027427,0.0673582143946439,0.279582480052895,-0.2611813450332536,3.085538667991044,0.4685574366511583,-1.9819009260381404,-1.909795885896508,-1.598823209272595,205,1,-0.03319782530735557,-1.8203175597444134
410,0,-0.728248608535977,-0.523416230884195,-0.2326080457033526,-0.6557616525288871,0.978580361513066,1.2025024719774604,-0.5818795497100921,0.0,0.2104453482043458,0.0495531864788385,-0.1320216408453801,-0.409975441194734,-0.0104813786226104,0.8425919377659722,0.6096145619533219,2.2993093556476256,-0.4877555086559428,1.2314177314706196,-0.2611813450332536,0.3158922709251282,0.923887288147482,-0.4711494041061431,-1.909795885896508,-1.598823209272595,203,1,0.02273305312604365,-1.7761307320149844
411,0,0.4754564005695154,0.2825130350857242,-0.1835244543825809,0.3610474934661032,0.978580361513066,1.2025024719774604,-0.7026539645658552,0.0,-0.3736314040685661,0.8948528614473485,-0.1320216408453801,0.6352098982042783,0.3062805103879508,1.1944402478726854,1.371878074950475,-1.7384127501424664,0.0673582143946439,0.279582480052895,0.6316022484226123,0.0081329123687887,-0.8975710862039038,-0.4711494041061431,-1.909795885896508,-1.598823209272595,206,0,0.059284761215711884,-1.8365863463175214
412,0,0.4754564005695154,0.2825130350857242,-0.1835244543825809,0.3610474934661032,0.978580361513066,1.2025024719774604,-0.7026539645658552,0.0,-0.3736314040685661,0.8948528614473485,-0.1320216408453801,0.6352098982042783,0.3062805103879508,1.1944402478726854,1.371878074950475,-1.7384127501424664,0.0673582143946439,0.279582480052895,0.6316022484226123,0.0081329123687887,-0.8975710862039038,-0.4711494041061431,-1.909795885896508,-1.598823209272595,206,1,0.059284761215711884,-1.8365863463175214
413,0,0.8766531397287465,0.6854680606359991,-0.3798494579278609,0.3610474934661032,0.978580361513066,1.2025024719774604,-0.642289796896626,0.0,-0.3736314040685661,-0.7957303657393812,-0.1320216408453801,1.6802357647104924,0.9397559573304936,1.546295269055734,1.7530171009326676,1.8506507475512544,0.9001558660519489,-0.0377282136292905,0.7591538827145803,0.3158922709251282,0.0131581009717891,0.4353030458689751,-1.909795885896508,-1.598823209272595,207,0,0.20789719367262727,-1.8498971716955188
414,0,0.8766531397287465,0.6854680606359991,-0.3798494579278609,0.3610474934661032,0.978580361513066,1.2025024719774604,-0.642289796896626,0.0,-0.3736314040685661,-0.7957303657393812,-0.1320216408453801,1.6802357647104924,0.9397559573304936,1.546295269055734,1.7530171009326676,1.8506507475512544,0.9001558660519489,-0.0377282136292905,0.7591538827145803,0.3158922709251282,0.0131581009717891,0.4353030458689751,-1.909795885896508,-1.598823209272595,207,1,0.20789719367262727,-1.8498971716955188
415,0,0.4754564005695154,0.2825130350857242,-0.2326080457033526,0.3610474934661032,0.978580361513066,1.2025024719774604,-0.642289796896626,0.0,-0.1789342020183596,-0.7957303657393812,-0.1320216408453801,1.6802357647104924,0.623042399398512,1.370371114002377,1.7530171009326676,0.7290726830027427,2.8431809638104277,0.5968931737350806,-0.7713878822011261,0.3158922709251282,-0.44224123470758,-0.571864635419023,-1.909795885896508,-1.648588866484916,208,0,0.2565443221993342,-1.8607878470047894
416,0,0.4754564005695154,0.6854680606359991,-0.3798494579278609,0.3610474934661032,0.978580361513066,1.2025024719774604,-0.5214693025235582,0.0,-0.5683211791799189,0.0495531864788385,-0.1320216408453801,1.6802357647104924,1.256517846341055,1.546295269055734,1.7530171009326676,0.5047433789545571,1.4552695891025356,0.279582480052895,0.2489862688406633,-0.2996264461875506,-0.8975710862039038,-0.4711494041061431,-1.909795885896508,-1.598823209272595,209,0,0.2963465182666399,-1.8696983995305563
417,0,0.4754564005695154,0.6854680606359991,-0.3798494579278609,0.3610474934661032,0.978580361513066,1.2025024719774604,-0.5214693025235582,0.0,-0.5683211791799189,0.0495531864788385,-0.1320216408453801,1.6802357647104924,1.256517846341055,1.546295269055734,1.7530171009326676,0.5047433789545571,1.4552695891025356,0.279582480052895,0.2489862688406633,-0.2996264461875506,-0.8975710862039038,-0.4711494041061431,-1.909795885896508,-1.598823209272595,209,1,0.2963465182666399,-1.8696983995305563
418,0,0.4754564005695154,0.2825130350857242,-0.2326080457033526,0.3610474934661032,0.978580361513066,1.2025024719774604,-0.642289796896626,0.0,-0.1789342020183596,-0.7957303657393812,-0.1320216408453801,1.6802357647104924,0.623042399398512,1.370371114002377,1.7530171009326676,0.7290726830027427,2.8431809638104277,0.5968931737350806,-0.7713878822011261,0.3158922709251282,-0.44224123470758,-0.571864635419023,-1.909795885896508,-1.648588866484916,208,1,0.2565443221993342,-1.8607878470047894
419,0,0.0742213975343513,0.2825130350857242,-0.1344408630618093,0.3610474934661032,0.978580361513066,1.2025024719774604,-0.642289796896626,0.0,-0.1789342020183596,-0.7957303657393812,-0.1320216408453801,1.6802357647104924,0.3062805103879508,0.6666610716362802,0.6096145619533219,2.0749800515994403,0.3449574316137456,-0.355038907311476,-0.7713878822011261,-2.146041725069733,-0.8975710862039038,0.2338725832432154,-1.909795885896508,-1.648588866484916,210,0,0.255960132678951,-1.8769888515970927
420,0,0.0742213975343513,0.2825130350857242,-0.1344408630618093,0.3610474934661032,0.978580361513066,1.2025024719774604,-0.642289796896626,0.0,-0.1789342020183596,-0.7957303657393812,-0.1320216408453801,1.6802357647104924,0.3062805103879508,0.6666610716362802,0.6096145619533219,2.0749800515994403,0.3449574316137456,-0.355038907311476,-0.7713878822011261,-2.146041725069733,-0.8975710862039038,0.2338725832432154,-1.909795885896508,-1.648588866484916,210,1,0.255960132678951,-1.8769888515970927
421,0,-0.3270136055008128,-0.1204612053339201,-0.0853572717410376,-0.6557616525288871,0.978580361513066,1.2025024719774604,-0.7026539645658552,0.0,0.0157555730929931,-2.486329715676401,-0.1320216408453801,0.6352098982042783,-0.0104813786226104,0.3148060504532315,0.2284900749383611,0.7290726830027427,-0.7653547258750445,2.50056367657053,-1.409107130367011,0.6236046719961829,2.290015811002544,-0.7732950980447828,-1.909795885896508,-1.598823209272595,211,0,0.14996490755535757,-1.882953766924259
422,0,-0.3270136055008128,-0.1204612053339201,-0.0853572717410376,-0.6557616525288871,0.978580361513066,1.2025024719774604,-0.7026539645658552,0.0,0.2104453482043458,-0.7957303657393812,-0.1320216408453801,0.6352098982042783,0.3062805103879508,0.3148060504532315,0.6096145619533219,0.5047433789545571,-0.4877555086559428,0.914107037788434,-1.409107130367011,-0.2996264461875506,1.3792866238268513,-0.4711494041061431,-1.909795885896508,-1.598823209272595,212,0,0.06324154154514476,-1.8878341521919406
423,0,-0.3270136055008128,-0.1204612053339201,-0.0853572717410376,-0.6557616525288871,0.978580361513066,1.2025024719774604,-0.7026539645658552,0.0,0.2104453482043458,-0.7957303657393812,-0.1320216408453801,0.6352098982042783,0.3062805103879508,0.3148060504532315,0.6096145619533219,0.5047433789545571,-0.4877555086559428,0.914107037788434,-1.409107130367011,-0.2996264461875506,1.3792866238268513,-0.4711494041061431,-1.909795885896508,-1.598823209272595,212,1,0.06324154154514476,-1.8878341521919406
424,0,-0.3270136055008128,-0.1204612053339201,-0.0853572717410376,-0.6557616525288871,0.978580361513066,1.2025024719774604,-0.7026539645658552,0.0,0.0157555730929931,-2.486329715676401,-0.1320216408453801,0.6352098982042783,-0.0104813786226104,0.3148060504532315,0.2284900749383611,0.7290726830027427,-0.7653547258750445,2.50056367657053,-1.409107130367011,0.6236046719961829,2.290015811002544,-0.7732950980447828,-1.909795885896508,-1.598823209272595,211,1,0.14996490755535757,-1.882953766924259
425,0,-0.728248608535977,-0.9263904713038392,-0.0853572717410376,-1.1641662255263825,0.978580361513066,1.2025024719774604,-0.5818795497100921,0.0,0.4051425502545523,0.0495531864788385,-0.1320216408453801,0.6352098982042783,-0.0104813786226104,0.4907369165829235,0.2284900749383611,-0.1681760774975834,1.4552695891025356,-0.0377282136292905,-0.3887329793252218,-1.2228106068859994,0.923887288147482,-0.0682807947750239,-1.909795885896508,-1.648588866484916,213,0,-0.08066575846960466,-1.89182719468368
426,0,-0.728248608535977,-0.9263904713038392,-0.0853572717410376,-1.1641662255263825,0.978580361513066,1.2025024719774604,-0.5818795497100921,0.0,0.4051425502545523,0.0495531864788385,-0.1320216408453801,0.6352098982042783,-0.0104813786226104,0.4907369165829235,0.2284900749383611,-0.1681760774975834,1.4552695891025356,-0.0377282136292905,-0.3887329793252218,-1.2228106068859994,0.923887288147482,-0.0682807947750239,-1.909795885896508,-1.648588866484916,213,1,-0.08066575846960466,-1.89182719468368
427,0,-0.728248608535977,-0.523416230884195,-0.2816916370241243,-0.6557616525288871,0.978580361513066,1.2025024719774604,-0.642289796896626,0.0,0.4051425502545523,-0.7957303657393812,-0.1320216408453801,0.6352098982042783,-0.9606703834971348,0.6666610716362802,0.2284900749383611,0.7290726830027427,-0.7653547258750445,-0.6723496009936615,1.0142571512985166,0.0081329123687887,-0.44224123470758,-1.3776018540812611,-1.909795885896508,-1.598823209272595,214,0,-0.19840809484530872,-1.8950942294496487
428,0,-0.728248608535977,-0.523416230884195,-0.1835244543825809,0.3610474934661032,0.978580361513066,1.2025024719774604,-0.642289796896626,0.0,0.2104453482043458,0.0495531864788385,-0.1320216408453801,-0.409975441194734,-1.594194161518257,0.4907369165829235,0.6096145619533219,-0.392505381545769,-0.7653547258750445,-0.355038907311476,0.3765379031326314,0.3158922709251282,-1.8083002733795968,-0.571864635419023,-1.909795885896508,-1.598823209272595,215,0,-0.2947427336981575,-1.8977672578945322
429,0,-0.728248608535977,-0.523416230884195,-0.1835244543825809,0.3610474934661032,0.978580361513066,1.2025024719774604,-0.642289796896626,0.0,0.2104453482043458,0.0495531864788385,-0.1320216408453801,-0.409975441194734,-1.594194161518257,0.4907369165829235,0.6096145619533219,-0.392505381545769,-0.7653547258750445,-0.355038907311476,0.3765379031326314,0.3158922709251282,-1.8083002733795968,-0.571864635419023,-1.909795885896508,-1.598823209272595,215,1,-0.2947427336981575,-1.8977672578945322
430,0,-0.728248608535977,-0.523416230884195,-0.2816916370241243,-0.6557616525288871,0.978580361513066,1.2025024719774604,-0.642289796896626,0.0,0.4051425502545523,-0.7957303657393812,-0.1320216408453801,0.6352098982042783,-0.9606703834971348,0.6666610716362802,0.2284900749383611,0.7290726830027427,-0.7653547258750445,-0.6723496009936615,1.0142571512985166,0.0081329123687887,-0.44224123470758,-1.3776018540812611,-1.909795885896508,-1.598823209272595,214,1,-0.19840809484530872,-1.8950942294496487
431,0,-0.3270136055008128,-0.523416230884195,-0.2326080457033526,0.3610474934661032,0.978580361513066,1.2025024719774604,-0.642289796896626,0.0,0.0157555730929931,0.0495531864788385,-1.2905901162753592,0.6352098982042783,-0.327194936554592,1.0185160928193289,1.371878074950475,-0.392505381545769,0.0673582143946439,-0.9895634650470152,1.3968731308804654,-0.2996264461875506,-0.8975710862039038,-0.4711494041061431,-1.909795885896508,-1.648588866484916,216,0,-0.3006101649350039,-1.8999542811676184
432,0,-0.3270136055008128,-0.523416230884195,-0.2326080457033526,0.3610474934661032,0.978580361513066,1.2025024719774604,-0.642289796896626,0.0,0.0157555730929931,0.0495531864788385,-1.2905901162753592,0.6352098982042783,-0.327194936554592,1.0185160928193289,1.371878074950475,-0.392505381545769,0.0673582143946439,-0.9895634650470152,1.3968731308804654,-0.2996264461875506,-0.8975710862039038,-0.4711494041061431,-1.909795885896508,-1.648588866484916,216,1,-0.3006101649350039,-1.8999542811676184
433,0,-0.3270136055008128,-0.1204612053339201,-0.2816916370241243,0.3610474934661032,0.978580361513066,1.2025024719774604,-0.7026539645658552,0.0,0.0157555730929931,-0.7957303657393812,-0.1320216408453801,0.6352098982042783,0.3062805103879508,1.0185160928193289,1.371878074950475,-1.0654248379979097,0.0673582143946439,-0.0377282136292905,0.7591538827145803,-0.2996264461875506,0.0131581009717891,0.4353030458689751,-1.909795885896508,-1.598823209272595,217,0,-0.3054107904924237,-1.9017436638455982
434,0,-0.3270136055008128,-0.1204612053339201,-0.2816916370241243,0.3610474934661032,0.978580361513066,1.2025024719774604,-0.7026539645658552,0.0,0.0157555730929931,-0.7957303657393812,-0.1320216408453801,0.6352098982042783,0.3062805103879508,1.0185160928193289,1.371878074950475,-1.0654248379979097,0.0673582143946439,-0.0377282136292905,0.7591538827145803,-0.2996264461875506,0.0131581009717891,0.4353030458689751,-1.909795885896508,-1.598823209272595,217,1,-0.3054107904924237,-1.9017436638455982
435,0,-0.3270136055008128,-0.1204612053339201,-0.1344408630618093,-0.6557616525288871,0.978580361513066,1.2025024719774604,-0.642289796896626,0.0,-0.1789342020183596,0.0495531864788385,-0.1320216408453801,0.6352098982042783,-0.6439568255651532,0.8425919377659722,0.9907535879355144,1.401992139454883,1.1777550832710504,-0.0377282136292905,0.5040506141306441,-0.2996264461875506,0.923887288147482,-0.571864635419023,-1.909795885896508,-1.598823209272595,218,0,-0.30933857503940354,-1.9032077042184907
436,0,-0.3270136055008128,-0.1204612053339201,-0.1344408630618093,-0.6557616525288871,0.978580361513066,1.2025024719774604,-0.642289796896626,0.0,-0.1789342020183596,0.0495531864788385,-0.1320216408453801,0.6352098982042783,-0.6439568255651532,0.8425919377659722,0.9907535879355144,1.401992139454883,1.1777550832710504,-0.0377282136292905,0.5040506141306441,-0.2996264461875506,0.923887288147482,-0.571864635419023,-1.909795885896508,-1.598823209272595,218,1,-0.30933857503940354,-1.9032077042184907
437,0,-0.3270136055008128,-0.523416230884195,-0.1344408630618093,-1.1641662255263825,0.978580361513066,1.2025024719774604,-0.5818795497100921,0.0,0.2104453482043458,-1.641030040707891,-0.1320216408453801,0.6352098982042783,-0.0104813786226104,0.8425919377659722,0.6096145619533219,0.5047433789545571,-2.70846453502114,1.2314177314706196,-0.3887329793252218,-0.2996264461875506,0.4685574366511583,-0.7732950980447828,-1.909795885896508,-1.5490585012612352,219,0,-0.31255221694147794,-1.9044055554326755
438,0,-0.3270136055008128,-0.523416230884195,-0.1344408630618093,-1.1641662255263825,0.978580361513066,1.2025024719774604,-0.5818795497100921,0.0,0.2104453482043458,-1.641030040707891,-0.1320216408453801,0.6352098982042783,-0.0104813786226104,0.8425919377659722,0.6096145619533219,0.5047433789545571,-2.70846453502114,1.2314177314706196,-0.3887329793252218,-0.2996264461875506,0.4685574366511583,-0.7732950980447828,-1.909795885896508,-1.5490585012612352,219,1,-0.31255221694147794,-1.9044055554326755
439,0,0.0742213975343513,-0.1204612053339201,-0.1344408630618093,-0.6557616525288871,0.978580361513066,1.2025024719774604,-0.642289796896626,0.0,-0.1789342020183596,-0.7957303657393812,-0.1320216408453801,0.6352098982042783,-0.327194936554592,0.8425919377659722,0.9907535879355144,-0.6168346855939546,-1.042953943094146,-1.6241848524113862,-0.6438362479091579,-0.2996264461875506,0.4685574366511583,-0.3704341727932632,-1.909795885896508,-1.598823209272595,220,0,-0.24222974158223626,-1.9053856155170086
440,0,0.0742213975343513,-0.1204612053339201,-0.1344408630618093,-0.6557616525288871,0.978580361513066,1.2025024719774604,-0.642289796896626,0.0,-0.1789342020183596,-0.7957303657393812,-0.1320216408453801,0.6352098982042783,-0.327194936554592,0.8425919377659722,0.9907535879355144,-0.6168346855939546,-1.042953943094146,-1.6241848524113862,-0.6438362479091579,-0.2996264461875506,0.4685574366511583,-0.3704341727932632,-1.909795885896508,-1.598823209272595,220,1,-0.24222974158223626,-1.9053856155170086
441,0,0.0742213975343513,-0.1204612053339201,-0.0853572717410376,0.3610474934661032,0.978580361513066,1.2025024719774604,-0.7026539645658552,0.0,0.0157555730929931,-0.7957303657393812,-0.1320216408453801,0.6352098982042783,0.3062805103879508,0.6666610716362802,0.9907535879355144,-2.1870029025464213,1.4552695891025356,-0.0377282136292905,-0.8989005931991387,-0.9150982058149448,0.0131581009717891,0.2338725832432154,-1.909795885896508,-1.598823209272595,221,0,-0.18469317083376577,-1.9061874828587355
442,0,0.0742213975343513,-0.1204612053339201,-0.0853572717410376,0.3610474934661032,0.978580361513066,1.2025024719774604,-0.7026539645658552,0.0,0.0157555730929931,-0.7957303657393812,-0.1320216408453801,0.6352098982042783,0.3062805103879508,0.6666610716362802,0.9907535879355144,-2.1870029025464213,1.4552695891025356,-0.0377282136292905,-0.8989005931991387,-0.9150982058149448,0.0131581009717891,0.2338725832432154,-1.909795885896508,-1.598823209272595,221,1,-0.18469317083376577,-1.9061874828587355
443,0,0.0742213975343513,-0.1204612053339201,-0.0362736804202659,0.3610474934661032,0.978580361513066,1.2025024719774604,-0.642289796896626,0.0,0.0157555730929931,-0.7957303657393812,-0.1320216408453801,0.6352098982042783,-0.327194936554592,0.8425919377659722,0.6096145619533219,-0.6168346855939546,0.0673582143946439,-0.355038907311476,-0.8989005931991387,-0.6073388472586053,0.4685574366511583,0.4353030458689751,-1.909795885896508,-1.598823209272595,222,0,-0.1376177947668354,-1.9068435561383303
444,0,0.0742213975343513,-0.1204612053339201,-0.0362736804202659,0.3610474934661032,0.978580361513066,1.2025024719774604,-0.642289796896626,0.0,0.0157555730929931,-0.7957303657393812,-0.1320216408453801,0.6352098982042783,-0.327194936554592,0.8425919377659722,0.6096145619533219,-0.6168346855939546,0.0673582143946439,-0.355038907311476,-0.8989005931991387,-0.6073388472586053,0.4685574366511583,0.4353030458689751,-1.909795885896508,-1.598823209272595,222,1,-0.1376177947668354,-1.9068435561383303
445,0,0.0742213975343513,0.2825130350857242,-0.1344408630618093,-0.6557616525288871,0.978580361513066,1.2025024719774604,-0.7026539645658552,0.0,0.0157555730929931,1.7401525364158583,-0.1320216408453801,1.6802357647104924,-0.327194936554592,1.370371114002377,1.371878074950475,1.626321443503069,0.0673582143946439,-0.355038907311476,-0.3887329793252218,-0.9150982058149448,-2.719098944738335,-0.2697112574007837,-1.909795885896508,-1.598823209272595,223,0,-0.09910157798480143,-1.9073803433670897
446,0,0.0742213975343513,0.2825130350857242,-0.1344408630618093,-0.6557616525288871,0.978580361513066,1.2025024719774604,-0.7026539645658552,0.0,0.0157555730929931,1.7401525364158583,-0.1320216408453801,1.6802357647104924,-0.327194936554592,1.370371114002377,1.371878074950475,1.626321443503069,0.0673582143946439,-0.355038907311476,-0.3887329793252218,-0.9150982058149448,-2.719098944738335,-0.2697112574007837,-1.909795885896508,-1.598823209272595,223,1,-0.09910157798480143,-1.9073803433670897
447,0,0.0742213975343513,0.2825130350857242,-0.0362736804202659,0.3610474934661032,0.978580361513066,1.2025024719774604,-0.5818795497100921,0.0,0.2104453482043458,-0.7957303657393812,-0.1320216408453801,0.6352098982042783,0.9397559573304936,1.546295269055734,1.7530171009326676,-0.1681760774975834,1.1777550832710504,-1.6241848524113862,-0.1336686340352409,-0.2996264461875506,-0.8975710862039038,0.536018277181855,-1.838263051150848,-1.5490585012612352,224,0,-0.06758830970859184,-1.8948135629641365
448,0,0.0742213975343513,0.2825130350857242,-0.0362736804202659,0.3610474934661032,0.978580361513066,1.2025024719774604,-0.5818795497100921,0.0,0.2104453482043458,-0.7957303657393812,-0.1320216408453801,0.6352098982042783,0.9397559573304936,1.546295269055734,1.7530171009326676,-0.1681760774975834,1.1777550832710504,-1.6241848524113862,-0.1336686340352409,-0.2996264461875506,-0.8975710862039038,0.536018277181855,-1.838263051150848,-1.5490585012612352,224,1,-0.06758830970859184,-1.8948135629641365
449,0,0.4754564005695154,0.6854680606359991,-0.0853572717410376,0.3610474934661032,0.978580361513066,1.2025024719774604,-0.7026539645658552,0.0,-0.3736314040685661,-0.7957303657393812,-0.1320216408453801,0.6352098982042783,0.623042399398512,1.370371114002377,1.371878074950475,0.5047433789545571,2.2880672407598404,-0.0377282136292905,0.2489862688406633,0.0081329123687887,0.4685574366511583,-0.4711494041061431,-1.909795885896508,-1.5490585012612352,225,0,0.03114709216015494,-1.897537621679113
450,0,0.4754564005695154,0.6854680606359991,-0.0853572717410376,0.3610474934661032,0.978580361513066,1.2025024719774604,-0.7026539645658552,0.0,-0.3736314040685661,-0.7957303657393812,-0.1320216408453801,0.6352098982042783,0.623042399398512,1.370371114002377,1.371878074950475,0.5047433789545571,2.2880672407598404,-0.0377282136292905,0.2489862688406633,0.0081329123687887,0.4685574366511583,-0.4711494041061431,-1.909795885896508,-1.5490585012612352,225,1,0.03114709216015494,-1.897537621679113
451,0,-0.3270136055008128,-0.1204612053339201,-0.0853572717410376,0.3610474934661032,0.978580361513066,1.2025024719774604,-0.7026539645658552,0.0,0.2104453482043458,-1.641030040707891,-0.1320216408453801,0.6352098982042783,0.3062805103879508,1.1944402478726854,1.371878074950475,-0.1681760774975834,-0.7653547258750445,0.5968931737350806,0.3765379031326314,-0.6073388472586053,1.3792866238268513,-0.7732950980447828,-1.838263051150848,-1.5490585012612352,226,0,-0.03397303468729375,-1.8867604270376102
452,0,-0.3270136055008128,-0.1204612053339201,-0.0853572717410376,0.3610474934661032,0.978580361513066,1.2025024719774604,-0.7026539645658552,0.0,0.2104453482043458,-1.641030040707891,-0.1320216408453801,0.6352098982042783,0.3062805103879508,1.1944402478726854,1.371878074950475,-0.1681760774975834,-0.7653547258750445,0.5968931737350806,0.3765379031326314,-0.6073388472586053,1.3792866238268513,-0.7732950980447828,-1.838263051150848,-1.5490585012612352,226,1,-0.03397303468729375,-1.8867604270376102
453,0,-0.3270136055008128,-0.1204612053339201,-0.0362736804202659,-0.6557616525288871,0.978580361513066,1.2025024719774604,-0.642289796896626,0.0,0.0157555730929931,-0.7957303657393812,-0.1320216408453801,0.6352098982042783,-0.327194936554592,0.8425919377659722,0.6096145619533219,-0.1681760774975834,1.1777550832710504,-0.0377282136292905,0.5040506141306441,-2.146041725069733,0.4685574366511583,-0.3704341727932632,-1.838263051150848,-1.5490585012612352,227,0,-0.08725313847156994,-1.877942722330926
454,0,-0.3270136055008128,-0.1204612053339201,-0.0362736804202659,-0.6557616525288871,0.978580361513066,1.2025024719774604,-0.642289796896626,0.0,0.0157555730929931,-0.7957303657393812,-0.1320216408453801,0.6352098982042783,-0.327194936554592,0.8425919377659722,0.6096145619533219,-0.1681760774975834,1.1777550832710504,-0.0377282136292905,0.5040506141306441,-2.146041725069733,0.4685574366511583,-0.3704341727932632,-1.838263051150848,-1.5490585012612352,227,1,-0.08725313847156994,-1.877942722330926
455,0,-0.3270136055008128,-0.523416230884195,-0.0853572717410376,0.3610474934661032,0.978580361513066,1.2025024719774604,-0.642289796896626,0.0,0.4051425502545523,-0.7957303657393812,-0.1320216408453801,-0.409975441194734,-0.9606703834971348,1.0185160928193289,0.9907535879355144,0.7290726830027427,1.1777550832710504,2.183349812517176,-0.1336686340352409,0.3158922709251282,0.923887288147482,-0.2697112574007837,-1.838263051150848,-1.5490585012612352,228,0,-0.13084595065870502,-1.8707282366618208
456,0,-0.3270136055008128,-0.523416230884195,-0.0853572717410376,0.3610474934661032,0.978580361513066,1.2025024719774604,-0.642289796896626,0.0,0.4051425502545523,-0.7957303657393812,-0.1320216408453801,-0.409975441194734,-0.9606703834971348,1.0185160928193289,0.9907535879355144,0.7290726830027427,1.1777550832710504,2.183349812517176,-0.1336686340352409,0.3158922709251282,0.923887288147482,-0.2697112574007837,-1.838263051150848,-1.5490585012612352,228,1,-0.13084595065870502,-1.8707282366618208
457,0,-0.3270136055008128,-0.523416230884195,-0.3307658666070892,0.3610474934661032,0.978580361513066,1.2025024719774604,-0.5214693025235582,0.0,0.2104453482043458,0.0495531864788385,-0.1320216408453801,-0.409975441194734,-0.0104813786226104,0.8425919377659722,0.9907535879355144,0.5047433789545571,-0.7653547258750445,-0.0377282136292905,-0.6438362479091579,0.6236046719961829,0.4685574366511583,-0.7732950980447828,-1.909795885896508,-1.5490585012612352,229,0,-0.1665127969936337,-1.8778314456135818
458,0,-0.3270136055008128,-0.523416230884195,-0.3307658666070892,0.3610474934661032,0.978580361513066,1.2025024719774604,-0.5214693025235582,0.0,0.2104453482043458,0.0495531864788385,-0.1320216408453801,-0.409975441194734,-0.0104813786226104,0.8425919377659722,0.9907535879355144,0.5047433789545571,-0.7653547258750445,-0.0377282136292905,-0.6438362479091579,0.6236046719961829,0.4685574366511583,-0.7732950980447828,-1.909795885896508,-1.5490585012612352,229,1,-0.1665127969936337,-1.8778314456135818
459,0,0.4754564005695154,0.2825130350857242,-0.1344408630618093,0.3610474934661032,0.978580361513066,1.2025024719774604,-0.642289796896626,0.0,-0.3736314040685661,0.0495531864788385,-0.1320216408453801,0.6352098982042783,0.9397559573304936,0.8425919377659722,0.9907535879355144,1.401992139454883,0.9001558660519489,-0.355038907311476,-0.8989005931991387,-0.2996264461875506,1.3792866238268513,-0.3704341727932632,-1.909795885896508,-1.5490585012612352,230,0,-0.04979112470942475,-1.8836431620286591
460,0,0.4754564005695154,0.2825130350857242,-0.1344408630618093,0.3610474934661032,0.978580361513066,1.2025024719774604,-0.642289796896626,0.0,-0.3736314040685661,0.0495531864788385,-0.1320216408453801,0.6352098982042783,0.9397559573304936,0.8425919377659722,0.9907535879355144,1.401992139454883,0.9001558660519489,-0.355038907311476,-0.8989005931991387,-0.2996264461875506,1.3792866238268513,-0.3704341727932632,-1.909795885896508,-1.5490585012612352,230,1,-0.04979112470942475,-1.8836431620286591
461,0,0.0742213975343513,0.2825130350857242,-0.0853572717410376,0.3610474934661032,0.978580361513066,1.2025024719774604,-0.7026539645658552,0.0,-0.1789342020183596,-0.7957303657393812,-0.1320216408453801,0.6352098982042783,0.623042399398512,0.8425919377659722,0.9907535879355144,0.7290726830027427,-0.4877555086559428,1.548728425152805,-1.664171475656992,-2.146041725069733,-1.352970421883273,-0.9747332447501422,-1.838263051150848,-1.5490585012612352,231,0,-0.027243393392374554,-1.8753922327781478
462,0,0.0742213975343513,0.2825130350857242,-0.0853572717410376,0.3610474934661032,0.978580361513066,1.2025024719774604,-0.7026539645658552,0.0,-0.1789342020183596,-0.7957303657393812,-0.1320216408453801,0.6352098982042783,0.623042399398512,0.8425919377659722,0.9907535879355144,0.7290726830027427,-0.4877555086559428,1.548728425152805,-1.664171475656992,-2.146041725069733,-1.352970421883273,-0.9747332447501422,-1.838263051150848,-1.5490585012612352,231,1,-0.027243393392374554,-1.8753922327781478
463,0,0.4754564005695154,0.6854680606359991,-0.0853572717410376,0.3610474934661032,0.978580361513066,1.2025024719774604,-0.642289796896626,0.0,-0.1789342020183596,0.8948528614473485,-0.1320216408453801,1.6802357647104924,0.3062805103879508,0.8425919377659722,0.9907535879355144,0.0561532265506022,-1.598067666144733,-0.9895634650470152,-0.7713878822011261,-0.6073388472586053,0.0131581009717891,-0.3704341727932632,-1.7667288520038238,-1.4992928440489142,232,0,0.0641565691461509,-1.8556352544555434
464,0,0.4754564005695154,0.6854680606359991,-0.0853572717410376,0.3610474934661032,0.978580361513066,1.2025024719774604,-0.642289796896626,0.0,-0.1789342020183596,0.8948528614473485,-0.1320216408453801,1.6802357647104924,0.3062805103879508,0.8425919377659722,0.9907535879355144,0.0561532265506022,-1.598067666144733,-0.9895634650470152,-0.7713878822011261,-0.6073388472586053,0.0131581009717891,-0.3704341727932632,-1.7667288520038238,-1.4992928440489142,232,1,0.0641565691461509,-1.8556352544555434
465,0,0.4754564005695154,0.2825130350857242,-0.1344408630618093,0.3610474934661032,0.978580361513066,1.2025024719774604,-0.642289796896626,0.0,-0.1789342020183596,-1.641030040707891,-0.1320216408453801,1.6802357647104924,0.623042399398512,1.546295269055734,1.7530171009326676,2.2993093556476256,0.6225566488328472,-0.0377282136292905,-0.1336686340352409,0.3158922709251282,0.0131581009717891,-0.4711494041061431,-1.7667288520038238,-1.4992928440489142,233,0,0.1389383566776717,-1.8394704540097762
466,0,0.4754564005695154,0.6854680606359991,-0.1344408630618093,0.3610474934661032,0.978580361513066,1.2025024719774604,-0.5214693025235582,0.0,-0.3736314040685661,-0.7957303657393812,-0.1320216408453801,1.6802357647104924,1.5732314042730364,1.370371114002377,1.371878074950475,0.5047433789545571,0.3449574316137456,0.279582480052895,0.5040506141306441,0.6236046719961829,-1.8083002733795968,-0.3704341727932632,-1.7667288520038238,-1.4992928440489142,234,0,0.20012345556709782,-1.826244708190512
467,0,0.4754564005695154,0.2825130350857242,-0.1344408630618093,0.3610474934661032,0.978580361513066,1.2025024719774604,-0.642289796896626,0.0,-0.1789342020183596,-1.641030040707891,-0.1320216408453801,1.6802357647104924,0.623042399398512,1.546295269055734,1.7530171009326676,2.2993093556476256,0.6225566488328472,-0.0377282136292905,-0.1336686340352409,0.3158922709251282,0.0131581009717891,-0.4711494041061431,-1.7667288520038238,-1.4992928440489142,233,1,0.1389383566776717,-1.8394704540097762
468,0,0.4754564005695154,0.6854680606359991,-0.1344408630618093,0.3610474934661032,0.978580361513066,1.2025024719774604,-0.5214693025235582,0.0,-0.3736314040685661,-0.7957303657393812,-0.1320216408453801,1.6802357647104924,1.5732314042730364,1.370371114002377,1.371878074950475,0.5047433789545571,0.3449574316137456,0.279582480052895,0.5040506141306441,0.6236046719961829,-1.8083002733795968,-0.3704341727932632,-1.7667288520038238,-1.4992928440489142,234,1,0.20012345556709782,-1.826244708190512
469,0,0.4754564005695154,0.2825130350857242,-0.0853572717410376,0.3610474934661032,0.978580361513066,1.2025024719774604,-0.642289796896626,0.0,-0.3736314040685661,-0.7957303657393812,-0.1320216408453801,0.6352098982042783,0.9397559573304936,1.0185160928193289,1.371878074950475,-0.392505381545769,-1.598067666144733,1.2314177314706196,0.7591538827145803,1.239076431623577,0.0131581009717891,-0.4711494041061431,-1.7667288520038238,-1.4495271868365929,235,0,0.25018399102208283,-1.8154236434292959
470,0,0.4754564005695154,0.2825130350857242,-0.0853572717410376,0.3610474934661032,0.978580361513066,1.2025024719774604,-0.642289796896626,0.0,-0.3736314040685661,-0.7957303657393812,-0.1320216408453801,0.6352098982042783,0.9397559573304936,1.0185160928193289,1.371878074950475,-0.392505381545769,-1.598067666144733,1.2314177314706196,0.7591538827145803,1.239076431623577,0.0131581009717891,-0.4711494041061431,-1.7667288520038238,-1.4495271868365929,235,1,0.25018399102208283,-1.8154236434292959
471,0,-0.3270136055008128,-0.523416230884195,-0.1344408630618093,0.3610474934661032,0.978580361513066,1.2025024719774604,-0.7026539645658552,0.0,0.2104453482043458,0.0495531864788385,-0.1320216408453801,0.6352098982042783,-0.0104813786226104,1.0185160928193289,1.371878074950475,1.177731291099114,-0.2101562914368412,-0.9895634650470152,0.7591538827145803,0.0081329123687887,-0.44224123470758,0.2338725832432154,-1.7667288520038238,-1.4495271868365929,236,0,0.14523897347246542,-1.8065700449883009
472,0,-0.3270136055008128,-0.523416230884195,-0.1344408630618093,0.3610474934661032,0.978580361513066,1.2025024719774604,-0.7026539645658552,0.0,0.2104453482043458,0.0495531864788385,-0.1320216408453801,0.6352098982042783,-0.0104813786226104,1.0185160928193289,1.371878074950475,1.177731291099114,-0.2101562914368412,-0.9895634650470152,0.7591538827145803,0.0081329123687887,-0.44224123470758,0.2338725832432154,-1.7667288520038238,-1.4495271868365929,236,1,0.14523897347246542,-1.8065700449883009
473,0,-0.728248608535977,-0.523416230884195,0.0128099109005057,0.3610474934661032,0.978580361513066,1.2025024719774604,-0.642289796896626,0.0,0.2104453482043458,0.0495531864788385,-0.1320216408453801,0.6352098982042783,-1.594194161518257,0.6666610716362802,0.6096145619533219,0.5047433789545571,1.4552695891025356,0.5968931737350806,0.5040506141306441,0.9313640305525224,1.834616475323175,-0.3704341727932632,-1.6951946528567994,-1.4495271868365929,237,0,-0.01357695052906957,-1.786319973691664
474,0,-0.728248608535977,-0.523416230884195,0.0128099109005057,0.3610474934661032,0.978580361513066,1.2025024719774604,-0.642289796896626,0.0,0.2104453482043458,0.0495531864788385,-0.1320216408453801,0.6352098982042783,-1.594194161518257,0.6666610716362802,0.6096145619533219,0.5047433789545571,1.4552695891025356,0.5968931737350806,0.5040506141306441,0.9313640305525224,1.834616475323175,-0.3704341727932632,-1.6951946528567994,-1.4495271868365929,237,1,-0.01357695052906957,-1.786319973691664
475,0,-0.728248608535977,-0.523416230884195,-0.1344408630618093,0.3610474934661032,0.978580361513066,1.2025024719774604,-0.642289796896626,0.0,0.4051425502545523,0.8948528614473485,-0.1320216408453801,0.6352098982042783,-0.6439568255651532,0.8425919377659722,0.6096145619533219,0.7290726830027427,-0.7653547258750445,-0.355038907311476,-0.3887329793252218,1.239076431623577,-1.352970421883273,-0.2697112574007837,-1.7667288520038238,-1.4495271868365929,238,0,-0.14351725198487092,-1.782757951566602
476,0,-0.728248608535977,-0.523416230884195,-0.1344408630618093,0.3610474934661032,0.978580361513066,1.2025024719774604,-0.642289796896626,0.0,0.4051425502545523,0.8948528614473485,-0.1320216408453801,0.6352098982042783,-0.6439568255651532,0.8425919377659722,0.6096145619533219,0.7290726830027427,-0.7653547258750445,-0.355038907311476,-0.3887329793252218,1.239076431623577,-1.352970421883273,-0.2697112574007837,-1.7667288520038238,-1.4495271868365929,238,1,-0.14351725198487092,-1.782757951566602
477,0,-0.3270136055008128,-0.523416230884195,0.0128099109005057,-1.1641662255263825,0.978580361513066,1.2025024719774604,-0.5818795497100921,0.0,0.2104453482043458,-0.7957303657393812,-0.1320216408453801,0.6352098982042783,0.3062805103879508,0.6666610716362802,0.6096145619533219,1.177731291099114,0.6225566488328472,1.8660391188349903,-0.5162846136171899,-0.2996264461875506,-2.263699609058966,-0.0682807947750239,-1.6951946528567994,-1.3997615296242718,239,0,-0.1768802253514058,-1.7668373518011835
478,0,-0.3270136055008128,-0.523416230884195,0.0128099109005057,-1.1641662255263825,0.978580361513066,1.2025024719774604,-0.5818795497100921,0.0,0.2104453482043458,-0.7957303657393812,-0.1320216408453801,0.6352098982042783,0.3062805103879508,0.6666610716362802,0.6096145619533219,1.177731291099114,0.6225566488328472,1.8660391188349903,-0.5162846136171899,-0.2996264461875506,-2.263699609058966,-0.0682807947750239,-1.6951946528567994,-1.3997615296242718,239,1,-0.1768802253514058,-1.7668373518011835
479,0,0.0742213975343513,-0.1204612053339201,-0.0853572717410376,-0.6557616525288871,0.978580361513066,1.2025024719774604,-0.7026539645658552,0.0,0.0157555730929931,-1.641030040707891,-0.1320216408453801,0.6352098982042783,0.623042399398512,0.4907369165829235,0.6096145619533219,0.0561532265506022,-1.320553160313248,-0.9895634650470152,-1.919274744240928,0.6236046719961829,0.4685574366511583,-0.672579866731903,-1.6951946528567994,-1.3997615296242718,240,0,-0.13122538482672266,-1.753811406538568
480,0,0.0742213975343513,-0.1204612053339201,-0.0853572717410376,-0.6557616525288871,0.978580361513066,1.2025024719774604,-0.7026539645658552,0.0,0.0157555730929931,-1.641030040707891,-0.1320216408453801,0.6352098982042783,0.623042399398512,0.4907369165829235,0.6096145619533219,0.0561532265506022,-1.320553160313248,-0.9895634650470152,-1.919274744240928,0.6236046719961829,0.4685574366511583,-0.672579866731903,-1.6951946528567994,-1.3997615296242718,240,1,-0.13122538482672266,-1.753811406538568
481,0,-0.3270136055008128,-0.1204612053339201,-0.0362736804202659,0.3610474934661032,0.978580361513066,1.2025024719774604,-0.7026539645658552,0.0,0.0157555730929931,-0.7957303657393812,-0.1320216408453801,0.6352098982042783,0.3062805103879508,0.6666610716362802,0.6096145619533219,-2.1870029025464213,0.3449574316137456,-0.6723496009936615,-1.281555496075043,-0.9150982058149448,-1.352970421883273,0.7374564238872144,-1.623660453709775,-1.3997615296242718,241,0,-0.1668232431311027,-1.7301475969333326
482,0,-0.3270136055008128,-0.1204612053339201,-0.0362736804202659,0.3610474934661032,0.978580361513066,1.2025024719774604,-0.7026539645658552,0.0,0.0157555730929931,-0.7957303657393812,-0.1320216408453801,0.6352098982042783,0.3062805103879508,0.6666610716362802,0.6096145619533219,-2.1870029025464213,0.3449574316137456,-0.6723496009936615,-1.281555496075043,-0.9150982058149448,-1.352970421883273,0.7374564238872144,-1.623660453709775,-1.3997615296242718,241,1,-0.1668232431311027,-1.7301475969333326
483,0,0.4754564005695154,0.2825130350857242,-0.0853572717410376,-0.6557616525288871,0.978580361513066,3.1161693652264866,-0.642289796896626,0.0,0.0157555730929931,-0.7957303657393812,-0.1320216408453801,1.6802357647104924,-0.327194936554592,1.0185160928193289,0.9907535879355144,0.7290726830027427,2.8431809638104277,0.5968931737350806,-0.8989005931991387,0.3158922709251282,-0.44224123470758,-0.4711494041061431,-1.6951946528567994,-1.3997615296242718,242,0,-0.05004512609462665,-1.7237925161921446
484,0,0.4754564005695154,0.2825130350857242,-0.0853572717410376,-0.6557616525288871,0.978580361513066,3.1161693652264866,-0.642289796896626,0.0,0.0157555730929931,-0.7957303657393812,-0.1320216408453801,1.6802357647104924,-0.327194936554592,1.0185160928193289,0.9907535879355144,0.7290726830027427,2.8431809638104277,0.5968931737350806,-0.8989005931991387,0.3158922709251282,-0.44224123470758,-0.4711494041061431,-1.6951946528567994,-1.3997615296242718,242,1,-0.05004512609462665,-1.7237925161921446
485,0,0.0742213975343513,0.2825130350857242,-0.1344408630618093,0.3610474934661032,0.978580361513066,1.2025024719774604,-0.5818795497100921,0.0,0.0157555730929931,0.0495531864788385,-0.1320216408453801,0.6352098982042783,0.9397559573304936,1.370371114002377,1.371878074950475,0.2804140749063715,-0.7653547258750445,-1.3068741587292003,0.6316022484226123,0.3158922709251282,0.0131581009717891,-0.4711494041061431,-1.623660453709775,-1.3997615296242718,243,0,-0.027451212707539745,-1.7055866866498954
486,0,0.0742213975343513,0.2825130350857242,-0.1344408630618093,0.3610474934661032,0.978580361513066,1.2025024719774604,-0.5818795497100921,0.0,0.0157555730929931,0.0495531864788385,-0.1320216408453801,0.6352098982042783,0.9397559573304936,1.370371114002377,1.371878074950475,0.2804140749063715,-0.7653547258750445,-1.3068741587292003,0.6316022484226123,0.3158922709251282,0.0131581009717891,-0.4711494041061431,-1.623660453709775,-1.3997615296242718,243,1,-0.027451212707539745,-1.7055866866498954
487,0,0.0742213975343513,0.2825130350857242,-0.1835244543825809,0.3610474934661032,0.978580361513066,1.2025024719774604,-0.642289796896626,0.0,-0.1789342020183596,0.0495531864788385,-0.1320216408453801,0.6352098982042783,0.623042399398512,1.370371114002377,1.371878074950475,-1.962742054190652,0.3449574316137456,-0.355038907311476,1.6519763994644017,0.0081329123687887,-0.44224123470758,-0.4711494041061431,-1.623660453709775,-1.3997615296242718,244,0,-0.008965283572650463,-1.6906910079335098
488,0,0.0742213975343513,0.2825130350857242,-0.1835244543825809,0.3610474934661032,0.978580361513066,1.2025024719774604,-0.642289796896626,0.0,-0.1789342020183596,0.0495531864788385,-0.1320216408453801,0.6352098982042783,0.623042399398512,1.370371114002377,1.371878074950475,-1.962742054190652,0.3449574316137456,-0.355038907311476,1.6519763994644017,0.0081329123687887,-0.44224123470758,-0.4711494041061431,-1.623660453709775,-1.3997615296242718,244,1,-0.008965283572650463,-1.6906910079335098
489,0,-0.3270136055008128,-0.523416230884195,-0.2816916370241243,0.3610474934661032,0.978580361513066,1.2025024719774604,-0.642289796896626,0.0,0.0157555730929931,0.0495531864788385,-0.1320216408453801,0.6352098982042783,-0.327194936554592,1.0185160928193289,0.9907535879355144,-1.7384127501424664,0.0673582143946439,0.5968931737350806,1.3968731308804654,-1.2228106068859994,0.0131581009717891,-0.3704341727932632,-1.5521262545627506,-1.3499958724119507,245,0,-0.06679225119595271,-1.6654974164115535
490,0,-0.3270136055008128,-0.523416230884195,-0.2816916370241243,0.3610474934661032,0.978580361513066,1.2025024719774604,-0.642289796896626,0.0,0.0157555730929931,0.0495531864788385,-0.1320216408453801,0.6352098982042783,-0.327194936554592,1.0185160928193289,0.9907535879355144,-1.7384127501424664,0.0673582143946439,0.5968931737350806,1.3968731308804654,-1.2228106068859994,0.0131581009717891,-0.3704341727932632,-1.5521262545627506,-1.3499958724119507,245,1,-0.06679225119595271,-1.6654974164115535
491,0,-0.728248608535977,-0.9263904713038392,-0.2816916370241243,0.3610474934661032,0.978580361513066,1.2025024719774604,-0.7026539645658552,0.0,0.4051425502545523,0.0495531864788385,-0.1320216408453801,0.6352098982042783,-1.594194161518257,0.3148060504532315,0.2284900749383611,-0.8411639896421402,-0.7653547258750445,-0.355038907311476,0.8867055170065484,0.6236046719961829,-1.352970421883273,-0.9747332447501422,-1.5521262545627506,-1.3499958724119507,246,0,-0.18705704343959348,-1.6448844778935892
492,0,-0.728248608535977,-0.9263904713038392,-0.2816916370241243,0.3610474934661032,0.978580361513066,1.2025024719774604,-0.7026539645658552,0.0,0.4051425502545523,0.0495531864788385,-0.1320216408453801,0.6352098982042783,-1.594194161518257,0.3148060504532315,0.2284900749383611,-0.8411639896421402,-0.7653547258750445,-0.355038907311476,0.8867055170065484,0.6236046719961829,-1.352970421883273,-0.9747332447501422,-1.5521262545627506,-1.3499958724119507,246,1,-0.18705704343959348,-1.6448844778935892
493,0,-0.728248608535977,-0.9263904713038392,-0.2816916370241243,-1.1641662255263825,0.978580361513066,3.1161693652264866,-0.7026539645658552,0.0,0.4051425502545523,0.8948528614473485,-0.1320216408453801,0.6352098982042783,-2.2276696084608,0.3148060504532315,0.2284900749383611,-0.392505381545769,-0.2101562914368412,1.2314177314706196,0.3765379031326314,0.9313640305525224,0.923887288147482,-0.2697112574007837,-1.5521262545627506,-1.3499958724119507,247,0,-0.28545550982075407,-1.6280193463788912
494,0,-0.728248608535977,-0.9263904713038392,-0.2816916370241243,-1.1641662255263825,0.978580361513066,3.1161693652264866,-0.7026539645658552,0.0,0.4051425502545523,0.8948528614473485,-0.1320216408453801,0.6352098982042783,-2.2276696084608,0.3148060504532315,0.2284900749383611,-0.392505381545769,-0.2101562914368412,1.2314177314706196,0.3765379031326314,0.9313640305525224,0.923887288147482,-0.2697112574007837,-1.5521262545627506,-1.3499958724119507,247,1,-0.28545550982075407,-1.6280193463788912
495,0,-0.728248608535977,-0.9263904713038392,-0.1835244543825809,-0.6557616525288871,0.978580361513066,1.2025024719774604,-0.5214693025235582,0.0,0.4051425502545523,-0.7957303657393812,-0.1320216408453801,0.6352098982042783,-0.327194936554592,0.3148060504532315,0.2284900749383611,1.8506507475512544,-1.042953943094146,1.2314177314706196,-0.2611813450332536,0.3158922709251282,0.0131581009717891,0.2338725832432154,-1.5521262545627506,-1.3499958724119507,248,0,-0.3659633459507946,-1.6142206024123202
496,0,-0.728248608535977,-0.9263904713038392,-0.1835244543825809,-0.6557616525288871,0.978580361513066,1.2025024719774604,-0.5214693025235582,0.0,0.4051425502545523,-0.7957303657393812,-0.1320216408453801,0.6352098982042783,-0.327194936554592,0.3148060504532315,0.2284900749383611,1.8506507475512544,-1.042953943094146,1.2314177314706196,-0.2611813450332536,0.3158922709251282,0.0131581009717891,0.2338725832432154,-1.5521262545627506,-1.3499958724119507,248,1,-0.3659633459507946,-1.6142206024123202
497,0,-0.3270136055008128,-0.1204612053339201,-0.2816916370241243,-0.6557616525288871,0.978580361513066,1.2025024719774604,-0.7026539645658552,0.0,0.0157555730929931,-1.641030040707891,-0.1320216408453801,0.6352098982042783,-0.0104813786226104,0.3148060504532315,0.2284900749383611,-1.514083446094281,0.0673582143946439,0.279582480052895,-1.664171475656992,0.3158922709251282,-0.44224123470758,-0.3704341727932632,-1.4805934198170907,-1.25046550718827,249,0,-0.3588815749598888,-1.5899247510313694
498,0,-0.3270136055008128,-0.1204612053339201,-0.2816916370241243,-0.6557616525288871,0.978580361513066,1.2025024719774604,-0.7026539645658552,0.0,0.0157555730929931,-1.641030040707891,-0.1320216408453801,0.6352098982042783,-0.0104813786226104,0.3148060504532315,0.2284900749383611,-1.514083446094281,0.0673582143946439,0.279582480052895,-1.664171475656992,0.3158922709251282,-0.44224123470758,-0.3704341727932632,-1.4805934198170907,-1.25046550718827,249,1,-0.3588815749598888,-1.5899247510313694
499,0,-0.3270136055008128,-0.523416230884195,-0.1835244543825809,0.3610474934661032,0.978580361513066,1.2025024719774604,-0.7026539645658552,0.0,0.2104453482043458,-0.7957303657393812,-0.1320216408453801,0.6352098982042783,-0.327194936554592,0.3148060504532315,0.6096145619533219,-0.6168346855939546,0.9001558660519489,-0.355038907311476,-1.281555496075043,-1.2228106068859994,0.4685574366511583,-0.3704341727932632,-1.5521262545627506,-1.300231164400591,250,0,-0.35308739869460226,-1.5830522971279841
500,0,-0.3270136055008128,-0.523416230884195,-0.1835244543825809,0.3610474934661032,0.978580361513066,1.2025024719774604,-0.7026539645658552,0.0,0.2104453482043458,-0.7957303657393812,-0.1320216408453801,0.6352098982042783,-0.327194936554592,0.3148060504532315,0.6096145619533219,-0.6168346855939546,0.9001558660519489,-0.355038907311476,-1.281555496075043,-1.2228106068859994,0.4685574366511583,-0.3704341727932632,-1.5521262545627506,-1.300231164400591,250,1,-0.35308739869460226,-1.5830522971279841
501,0,0.0742213975343513,-0.1204612053339201,-0.0853572717410376,0.3610474934661032,0.978580361513066,1.2025024719774604,-0.642289796896626,0.0,0.0157555730929931,-0.7957303657393812,-0.1320216408453801,0.6352098982042783,-0.6439568255651532,0.3148060504532315,0.2284900749383611,0.0561532265506022,0.6225566488328472,-2.8933307975112963,-0.6438362479091579,-1.8383293239986784,0.0131581009717891,0.4353030458689751,-1.5521262545627506,-1.300231164400591,251,0,-0.27539489028933795,-1.5774293802979416
502,0,0.0742213975343513,-0.1204612053339201,-0.0853572717410376,0.3610474934661032,0.978580361513066,1.2025024719774604,-0.642289796896626,0.0,0.0157555730929931,-0.7957303657393812,-0.1320216408453801,0.6352098982042783,-0.6439568255651532,0.3148060504532315,0.2284900749383611,0.0561532265506022,0.6225566488328472,-2.8933307975112963,-0.6438362479091579,-1.8383293239986784,0.0131581009717891,0.4353030458689751,-1.5521262545627506,-1.300231164400591,251,1,-0.27539489028933795,-1.5774293802979416
503,0,-0.3270136055008128,-0.1204612053339201,-0.0853572717410376,0.3610474934661032,0.978580361513066,1.2025024719774604,-0.5818795497100921,0.0,0.2104453482043458,0.0495531864788385,-1.2905901162753592,0.6352098982042783,0.3062805103879508,0.8425919377659722,0.9907535879355144,2.0749800515994403,0.6225566488328472,1.8660391188349903,-0.2611813450332536,0.0081329123687887,-0.8975710862039038,-0.3704341727932632,-1.4090592206700665,-1.25046550718827,252,0,-0.28478011123687885,-1.5468166240019643
504,0,-0.3270136055008128,-0.1204612053339201,-0.0853572717410376,0.3610474934661032,0.978580361513066,1.2025024719774604,-0.5818795497100921,0.0,0.2104453482043458,0.0495531864788385,-1.2905901162753592,0.6352098982042783,0.3062805103879508,0.8425919377659722,0.9907535879355144,2.0749800515994403,0.6225566488328472,1.8660391188349903,-0.2611813450332536,0.0081329123687887,-0.8975710862039038,-0.3704341727932632,-1.4090592206700665,-1.25046550718827,252,1,-0.28478011123687885,-1.5468166240019643
505,0,0.0742213975343513,0.2825130350857242,-0.2326080457033526,0.3610474934661032,0.978580361513066,1.2025024719774604,-0.5818795497100921,0.0,0.0157555730929931,-0.7957303657393812,-0.1320216408453801,0.6352098982042783,0.623042399398512,1.370371114002377,1.371878074950475,0.2804140749063715,0.9001558660519489,-0.0377282136292905,0.6316022484226123,0.9313640305525224,-0.8975710862039038,-0.3704341727932632,-1.4090592206700665,-1.25046550718827,253,0,-0.2195071096421097,-1.5217698233961647
506,0,0.0742213975343513,0.2825130350857242,-0.2326080457033526,0.3610474934661032,0.978580361513066,1.2025024719774604,-0.5818795497100921,0.0,0.0157555730929931,-0.7957303657393812,-0.1320216408453801,0.6352098982042783,0.623042399398512,1.370371114002377,1.371878074950475,0.2804140749063715,0.9001558660519489,-0.0377282136292905,0.6316022484226123,0.9313640305525224,-0.8975710862039038,-0.3704341727932632,-1.4090592206700665,-1.25046550718827,253,1,-0.2195071096421097,-1.5217698233961647
507,0,0.0742213975343513,0.2825130350857242,-0.1344408630618093,0.3610474934661032,0.978580361513066,1.2025024719774604,-0.642289796896626,0.0,-0.1789342020183596,0.8948528614473485,-0.1320216408453801,0.6352098982042783,-0.0104813786226104,1.1944402478726854,1.371878074950475,-1.7384127501424664,0.0673582143946439,-0.9895634650470152,1.3968731308804654,-0.2996264461875506,0.923887288147482,-0.3704341727932632,-1.4090592206700665,-1.25046550718827,254,0,-0.1661019265191168,-1.501276986536874
508,0,0.0742213975343513,0.2825130350857242,-0.1344408630618093,0.3610474934661032,0.978580361513066,1.2025024719774604,-0.642289796896626,0.0,-0.1789342020183596,0.8948528614473485,-0.1320216408453801,0.6352098982042783,-0.0104813786226104,1.1944402478726854,1.371878074950475,-1.7384127501424664,0.0673582143946439,-0.9895634650470152,1.3968731308804654,-0.2996264461875506,0.923887288147482,-0.3704341727932632,-1.4090592206700665,-1.25046550718827,254,1,-0.1661019265191168,-1.501276986536874
509,0,-0.728248608535977,-0.523416230884195,-0.0362736804202659,0.3610474934661032,0.978580361513066,1.2025024719774604,-0.7026539645658552,0.0,0.4051425502545523,0.0495531864788385,-0.1320216408453801,0.6352098982042783,-0.9606703834971348,0.6666610716362802,0.6096145619533219,0.5047433789545571,-1.042953943094146,-0.0377282136292905,1.2693214965884974,0.6236046719961829,1.3792866238268513,-0.3704341727932632,-1.4090592206700665,-1.200699849975949,255,0,-0.2683104141585459,-1.4845101200156363
510,0,-0.728248608535977,-0.523416230884195,-0.0362736804202659,0.3610474934661032,0.978580361513066,1.2025024719774604,-0.7026539645658552,0.0,0.4051425502545523,0.0495531864788385,-0.1320216408453801,0.6352098982042783,-0.9606703834971348,0.6666610716362802,0.6096145619533219,0.5047433789545571,-1.042953943094146,-0.0377282136292905,1.2693214965884974,0.6236046719961829,1.3792866238268513,-0.3704341727932632,-1.4090592206700665,-1.200699849975949,255,1,-0.2683104141585459,-1.4845101200156363
511,0,-0.728248608535977,-0.9263904713038392,-0.1344408630618093,-0.6557616525288871,0.978580361513066,1.2025024719774604,-0.642289796896626,0.0,0.5998323253659051,0.8948528614473485,-0.1320216408453801,0.6352098982042783,-1.9109077194502389,0.4907369165829235,0.2284900749383611,1.8506507475512544,0.9001558660519489,0.279582480052895,0.8867055170065484,0.3158922709251282,-0.8975710862039038,0.3345878145560952,-1.4090592206700665,-1.200699849975949,256,0,-0.3519355404089879,-1.4707917746800783
512,0,-0.728248608535977,-0.9263904713038392,-0.1344408630618093,-0.6557616525288871,0.978580361513066,1.2025024719774604,-0.642289796896626,0.0,0.5998323253659051,0.8948528614473485,-0.1320216408453801,0.6352098982042783,-1.9109077194502389,0.4907369165829235,0.2284900749383611,1.8506507475512544,0.9001558660519489,0.279582480052895,0.8867055170065484,0.3158922709251282,-0.8975710862039038,0.3345878145560952,-1.4090592206700665,-1.200699849975949,256,1,-0.3519355404089879,-1.4707917746800783
513,0,-1.129445347695208,-1.329345496854114,0.0128099109005057,0.3610474934661032,0.978580361513066,1.2025024719774604,-0.5818795497100921,0.0,0.7945295274161116,0.0495531864788385,-0.1320216408453801,-0.409975441194734,-0.6439568255651532,0.3148060504532315,0.2284900749383611,-0.6168346855939546,1.1777550832710504,-0.0377282136292905,-0.0061169997432728,0.6236046719961829,-0.8975710862039038,0.3345878145560952,-1.337525021523042,-1.1509341927636276,257,0,-0.4933009599155733,-1.4465614559242534
514,0,-1.129445347695208,-1.329345496854114,0.0128099109005057,0.3610474934661032,0.978580361513066,1.2025024719774604,-0.5818795497100921,0.0,0.7945295274161116,0.0495531864788385,-0.1320216408453801,-0.409975441194734,-0.6439568255651532,0.3148060504532315,0.2284900749383611,-0.6168346855939546,1.1777550832710504,-0.0377282136292905,-0.0061169997432728,0.6236046719961829,-0.8975710862039038,0.3345878145560952,-1.337525021523042,-1.1509341927636276,257,1,-0.4933009599155733,-1.4465614559242534
515,0,-0.728248608535977,-0.523416230884195,-0.0362736804202659,-1.1641662255263825,0.978580361513066,1.2025024719774604,-0.642289796896626,0.0,0.5998323253659051,-0.7957303657393812,-0.1320216408453801,-0.409975441194734,-1.277432272507696,0.1388818953998749,-0.1526344120765995,-0.1681760774975834,0.3449574316137456,-0.6723496009936615,-0.3887329793252218,-0.2996264461875506,0.4685574366511583,-0.9747332447501422,-1.4090592206700665,-1.200699849975949,258,0,-0.5360187142101922,-1.4397428676962194
516,0,-0.728248608535977,-0.523416230884195,-0.0362736804202659,-1.1641662255263825,0.978580361513066,1.2025024719774604,-0.642289796896626,0.0,0.5998323253659051,-0.7957303657393812,-0.1320216408453801,-0.409975441194734,-1.277432272507696,0.1388818953998749,-0.1526344120765995,-0.1681760774975834,0.3449574316137456,-0.6723496009936615,-0.3887329793252218,-0.2996264461875506,0.4685574366511583,-0.9747332447501422,-1.4090592206700665,-1.200699849975949,258,1,-0.5360187142101922,-1.4397428676962194
517,0,-0.728248608535977,-0.523416230884195,0.110977093542049,-0.6557616525288871,0.978580361513066,1.2025024719774604,-0.7026539645658552,0.0,0.4051425502545523,-1.641030040707891,-0.1320216408453801,0.6352098982042783,-0.6439568255651532,-0.0370422596534817,0.2284900749383611,0.5047433789545571,0.3449574316137456,0.914107037788434,-0.8989005931991387,0.3158922709251282,1.3792866238268513,-0.3704341727932632,-1.4090592206700665,-1.200699849975949,259,0,-0.5709696040876076,-1.4341640227823733
518,0,-0.728248608535977,-0.523416230884195,0.110977093542049,-0.6557616525288871,0.978580361513066,1.2025024719774604,-0.7026539645658552,0.0,0.4051425502545523,-1.641030040707891,-0.1320216408453801,0.6352098982042783,-0.6439568255651532,-0.0370422596534817,0.2284900749383611,0.5047433789545571,0.3449574316137456,0.914107037788434,-0.8989005931991387,0.3158922709251282,1.3792866238268513,-0.3704341727932632,-1.4090592206700665,-1.200699849975949,259,1,-0.5709696040876076,-1.4341640227823733
519,0,-0.3270136055008128,-0.523416230884195,0.0128099109005057,0.3610474934661032,0.978580361513066,1.2025024719774604,-0.7026539645658552,0.0,0.4051425502545523,0.0495531864788385,1.026546834584599,0.6352098982042783,-0.6439568255651532,0.3148060504532315,-0.1526344120765995,1.401992139454883,0.0673582143946439,-0.355038907311476,-0.6438362479091579,-2.146041725069733,0.923887288147482,-0.3704341727932632,-1.4090592206700665,-1.25046550718827,260,0,-0.5266139679809175,-1.4295995133074084
520,0,-0.3270136055008128,-0.523416230884195,0.0128099109005057,0.3610474934661032,0.978580361513066,1.2025024719774604,-0.7026539645658552,0.0,0.4051425502545523,0.0495531864788385,1.026546834584599,0.6352098982042783,-0.6439568255651532,0.3148060504532315,-0.1526344120765995,1.401992139454883,0.0673582143946439,-0.355038907311476,-0.6438362479091579,-2.146041725069733,0.923887288147482,-0.3704341727932632,-1.4090592206700665,-1.25046550718827,260,1,-0.5266139679809175,-1.4295995133074084
521,0,0.0742213975343513,-0.1204612053339201,-0.0362736804202659,0.3610474934661032,0.978580361513066,1.2025024719774604,-0.642289796896626,0.0,0.0157555730929931,1.7401525364158583,-0.1320216408453801,0.6352098982042783,-0.0104813786226104,0.6666610716362802,0.6096145619533219,0.2804140749063715,-1.598067666144733,1.8660391188349903,-1.5366198413650238,0.6236046719961829,-1.352970421883273,-0.9747332447501422,-1.337525021523042,-1.200699849975949,261,0,-0.4173711742508686,-1.4128586966193417
522,0,0.0742213975343513,-0.1204612053339201,-0.0362736804202659,0.3610474934661032,0.978580361513066,1.2025024719774604,-0.642289796896626,0.0,0.0157555730929931,1.7401525364158583,-0.1320216408453801,0.6352098982042783,-0.0104813786226104,0.6666610716362802,0.6096145619533219,0.2804140749063715,-1.598067666144733,1.8660391188349903,-1.5366198413650238,0.6236046719961829,-1.352970421883273,-0.9747332447501422,-1.337525021523042,-1.200699849975949,261,1,-0.4173711742508686,-1.4128586966193417
523,0,-0.3270136055008128,-0.1204612053339201,-0.0362736804202659,0.3610474934661032,0.978580361513066,1.2025024719774604,-0.5818795497100921,0.0,0.2104453482043458,-0.7957303657393812,-0.1320216408453801,0.6352098982042783,0.9397559573304936,1.1944402478726854,0.9907535879355144,1.401992139454883,0.0673582143946439,1.548728425152805,-0.3887329793252218,-0.2996264461875506,0.0131581009717891,-0.3704341727932632,-1.337525021523042,-1.200699849975949,262,0,-0.4009425253872221,-1.3991616647836507
524,0,-0.3270136055008128,-0.1204612053339201,-0.0362736804202659,0.3610474934661032,0.978580361513066,1.2025024719774604,-0.5818795497100921,0.0,0.2104453482043458,-0.7957303657393812,-0.1320216408453801,0.6352098982042783,0.9397559573304936,1.1944402478726854,0.9907535879355144,1.401992139454883,0.0673582143946439,1.548728425152805,-0.3887329793252218,-0.2996264461875506,0.0131581009717891,-0.3704341727932632,-1.337525021523042,-1.200699849975949,262,1,-0.4009425253872221,-1.3991616647836507
525,0,0.4754564005695154,0.2825130350857242,-0.1344408630618093,-0.6557616525288871,0.978580361513066,1.2025024719774604,-0.5818795497100921,0.0,-0.1789342020183596,-0.7957303657393812,-0.1320216408453801,0.6352098982042783,0.623042399398512,1.1944402478726854,1.371878074950475,0.7290726830027427,0.9001558660519489,-0.0377282136292905,0.3765379031326314,-0.2996264461875506,0.0131581009717891,0.536018277181855,-1.337525021523042,-1.200699849975949,263,0,-0.2415972661223607,-1.3879550023726308
526,0,0.4754564005695154,0.2825130350857242,-0.1344408630618093,-0.6557616525288871,0.978580361513066,1.2025024719774604,-0.5818795497100921,0.0,-0.1789342020183596,-0.7957303657393812,-0.1320216408453801,0.6352098982042783,0.623042399398512,1.1944402478726854,1.371878074950475,0.7290726830027427,0.9001558660519489,-0.0377282136292905,0.3765379031326314,-0.2996264461875506,0.0131581009717891,0.536018277181855,-1.337525021523042,-1.200699849975949,263,1,-0.2415972661223607,-1.3879550023726308
527,0,0.0742213975343513,-0.1204612053339201,-0.1835244543825809,0.3610474934661032,0.978580361513066,1.2025024719774604,-0.7026539645658552,0.0,-0.1789342020183596,-1.641030040707891,-0.1320216408453801,0.6352098982042783,0.623042399398512,0.8425919377659722,0.9907535879355144,-0.8411639896421402,-1.320553160313248,0.5968931737350806,1.0142571512985166,0.3158922709251282,-0.44224123470758,-0.8740180134372624,-1.337525021523042,-1.200699849975949,264,0,-0.1841756909120494,-1.3787859149454327
528,0,0.0742213975343513,-0.1204612053339201,-0.1835244543825809,0.3610474934661032,0.978580361513066,1.2025024719774604,-0.7026539645658552,0.0,-0.1789342020183596,-1.641030040707891,-0.1320216408453801,0.6352098982042783,0.623042399398512,0.8425919377659722,0.9907535879355144,-0.8411639896421402,-1.320553160313248,0.5968931737350806,1.0142571512985166,0.3158922709251282,-0.44224123470758,-0.8740180134372624,-1.337525021523042,-1.200699849975949,264,1,-0.1841756909120494,-1.3787859149454327
529,0,-0.3270136055008128,-0.523416230884195,-0.1835244543825809,0.3610474934661032,0.978580361513066,1.2025024719774604,-0.642289796896626,0.0,0.0157555730929931,0.0495531864788385,-1.2905901162753592,0.6352098982042783,-0.327194936554592,0.8425919377659722,0.9907535879355144,1.401992139454883,0.3449574316137456,-0.9895634650470152,0.6316022484226123,0.0081329123687887,-0.8975710862039038,-0.4711494041061431,-1.2659908223760177,-1.1509341927636276,265,0,-0.2101462208372791,-1.3582777162964481
530,0,-0.3270136055008128,-0.523416230884195,-0.1835244543825809,0.3610474934661032,0.978580361513066,1.2025024719774604,-0.642289796896626,0.0,0.0157555730929931,0.0495531864788385,-1.2905901162753592,0.6352098982042783,-0.327194936554592,0.8425919377659722,0.9907535879355144,1.401992139454883,0.3449574316137456,-0.9895634650470152,0.6316022484226123,0.0081329123687887,-0.8975710862039038,-0.4711494041061431,-1.2659908223760177,-1.1509341927636276,265,1,-0.2101462208372791,-1.3582777162964481
531,0,-0.728248608535977,-0.523416230884195,-0.0362736804202659,0.3610474934661032,0.978580361513066,1.2025024719774604,-0.642289796896626,0.0,0.4051425502545523,0.0495531864788385,-0.1320216408453801,0.6352098982042783,-1.594194161518257,0.8425919377659722,0.9907535879355144,0.7290726830027427,0.0673582143946439,1.8660391188349903,0.1214346345486952,0.0081329123687887,0.0131581009717891,0.536018277181855,-1.337525021523042,-1.200699849975949,266,0,-0.30434665496431507,-1.3545044990649195
532,0,-0.728248608535977,-0.523416230884195,-0.0362736804202659,0.3610474934661032,0.978580361513066,1.2025024719774604,-0.642289796896626,0.0,0.4051425502545523,0.0495531864788385,-0.1320216408453801,0.6352098982042783,-1.594194161518257,0.8425919377659722,0.9907535879355144,0.7290726830027427,0.0673582143946439,1.8660391188349903,0.1214346345486952,0.0081329123687887,0.0131581009717891,0.536018277181855,-1.337525021523042,-1.200699849975949,266,1,-0.30434665496431507,-1.3545044990649195
533,0,-0.728248608535977,-0.9263904713038392,-0.1344408630618093,0.3610474934661032,0.978580361513066,1.2025024719774604,-0.5818795497100921,0.0,0.4051425502545523,0.0495531864788385,-0.1320216408453801,0.6352098982042783,-0.6439568255651532,0.8425919377659722,0.6096145619533219,-0.8411639896421402,-1.320553160313248,-0.355038907311476,-0.5162846136171899,0.0081329123687887,1.3792866238268513,-0.4711494041061431,-1.337525021523042,-1.200699849975949,267,0,-0.38141973743188995,-1.3514173213300327
534,0,-0.728248608535977,-0.9263904713038392,-0.1344408630618093,0.3610474934661032,0.978580361513066,1.2025024719774604,-0.5818795497100921,0.0,0.4051425502545523,0.0495531864788385,-0.1320216408453801,0.6352098982042783,-0.6439568255651532,0.8425919377659722,0.6096145619533219,-0.8411639896421402,-1.320553160313248,-0.355038907311476,-0.5162846136171899,0.0081329123687887,1.3792866238268513,-0.4711494041061431,-1.337525021523042,-1.200699849975949,267,1,-0.38141973743188995,-1.3514173213300327
535,0,-0.3270136055008128,-0.1204612053339201,-0.2326080457033526,0.3610474934661032,0.978580361513066,1.2025024719774604,-0.642289796896626,0.0,0.0157555730929931,0.0495531864788385,-0.1320216408453801,-0.409975441194734,-0.327194936554592,0.6666610716362802,0.6096145619533219,0.5047433789545571,0.9001558660519489,0.914107037788434,-0.6438362479091579,-1.5305699654423388,-1.8083002733795968,-0.4711494041061431,-1.2659908223760177,-1.1509341927636276,268,0,-0.37152771344442137,-1.3358852306111209
536,0,-0.3270136055008128,-0.1204612053339201,-0.2326080457033526,0.3610474934661032,0.978580361513066,1.2025024719774604,-0.642289796896626,0.0,0.0157555730929931,0.0495531864788385,-0.1320216408453801,-0.409975441194734,-0.327194936554592,0.6666610716362802,0.6096145619533219,0.5047433789545571,0.9001558660519489,0.914107037788434,-0.6438362479091579,-1.5305699654423388,-1.8083002733795968,-0.4711494041061431,-1.2659908223760177,-1.1509341927636276,268,1,-0.37152771344442137,-1.3358852306111209
537,0,-0.3270136055008128,-0.1204612053339201,-0.0853572717410376,0.3610474934661032,0.978580361513066,1.2025024719774604,-0.7026539645658552,0.0,0.0157555730929931,0.0495531864788385,-1.2905901162753592,0.6352098982042783,0.3062805103879508,0.4907369165829235,0.6096145619533219,0.2804140749063715,-0.4877555086559428,-1.6241848524113862,-1.0264522274911068,-0.9150982058149448,0.0131581009717891,-0.3704341727932632,-1.2659908223760177,-1.1509341927636276,269,0,-0.3634342392728561,-1.3231771563865566
538,0,-0.3270136055008128,-0.1204612053339201,-0.0853572717410376,0.3610474934661032,0.978580361513066,1.2025024719774604,-0.7026539645658552,0.0,0.0157555730929931,0.0495531864788385,-1.2905901162753592,0.6352098982042783,0.3062805103879508,0.4907369165829235,0.6096145619533219,0.2804140749063715,-0.4877555086559428,-1.6241848524113862,-1.0264522274911068,-0.9150982058149448,0.0131581009717891,-0.3704341727932632,-1.2659908223760177,-1.1509341927636276,269,1,-0.3634342392728561,-1.3231771563865566
539,0,-0.3270136055008128,-0.1204612053339201,-0.0853572717410376,0.3610474934661032,0.978580361513066,1.2025024719774604,-0.7026539645658552,0.0,0.0157555730929931,0.8948528614473485,-0.1320216408453801,0.6352098982042783,0.3062805103879508,0.6666610716362802,0.6096145619533219,-0.392505381545769,0.0673582143946439,-0.6723496009936615,-0.8989005931991387,-0.2996264461875506,0.4685574366511583,-0.4711494041061431,-1.2659908223760177,-1.1509341927636276,270,0,-0.3568123058597573,-1.312779641111913
540,0,-0.3270136055008128,-0.1204612053339201,-0.0853572717410376,0.3610474934661032,0.978580361513066,1.2025024719774604,-0.7026539645658552,0.0,0.0157555730929931,0.8948528614473485,-0.1320216408453801,0.6352098982042783,0.3062805103879508,0.6666610716362802,0.6096145619533219,-0.392505381545769,0.0673582143946439,-0.6723496009936615,-0.8989005931991387,-0.2996264461875506,0.4685574366511583,-0.4711494041061431,-1.2659908223760177,-1.1509341927636276,270,1,-0.3568123058597573,-1.312779641111913
541,0,0.0742213975343513,0.2825130350857242,-0.1344408630618093,0.3610474934661032,0.978580361513066,1.2025024719774604,-0.642289796896626,0.0,0.0157555730929931,-1.641030040707891,-0.1320216408453801,0.6352098982042783,-0.0104813786226104,1.0185160928193289,0.9907535879355144,0.9534019870509284,0.9001558660519489,-0.355038907311476,-0.1336686340352409,0.0081329123687887,0.4685574366511583,-0.1689960260879038,-1.194456623228993,-1.051403827539947,271,0,-0.278442541606283,-1.2912663651332001
542,0,0.0742213975343513,0.2825130350857242,-0.1344408630618093,0.3610474934661032,0.978580361513066,1.2025024719774604,-0.642289796896626,0.0,0.0157555730929931,-1.641030040707891,-0.1320216408453801,0.6352098982042783,-0.0104813786226104,1.0185160928193289,0.9907535879355144,0.9534019870509284,0.9001558660519489,-0.355038907311476,-0.1336686340352409,0.0081329123687887,0.4685574366511583,-0.1689960260879038,-1.194456623228993,-1.051403827539947,271,1,-0.278442541606283,-1.2912663651332001
543,0,0.0742213975343513,0.2825130350857242,-0.1344408630618093,0.3610474934661032,0.978580361513066,1.2025024719774604,-0.5214693025235582,0.0,-0.1789342020183596,-0.7957303657393812,-0.1320216408453801,0.6352098982042783,0.9397559573304936,1.1944402478726854,1.371878074950475,0.9534019870509284,0.3449574316137456,-0.6723496009936615,0.1214346345486952,0.6236046719961829,0.4685574366511583,-0.571864635419023,-1.194456623228993,-1.051403827539947,272,0,-0.21432182539889494,-1.2736645938778897
544,0,0.0742213975343513,0.2825130350857242,-0.1344408630618093,0.3610474934661032,0.978580361513066,1.2025024719774604,-0.5214693025235582,0.0,-0.1789342020183596,-0.7957303657393812,-0.1320216408453801,0.6352098982042783,0.9397559573304936,1.1944402478726854,1.371878074950475,0.9534019870509284,0.3449574316137456,-0.6723496009936615,0.1214346345486952,0.6236046719961829,0.4685574366511583,-0.571864635419023,-1.194456623228993,-1.051403827539947,272,1,-0.21432182539889494,-1.2736645938778897
545,0,0.4754564005695154,0.2825130350857242,-0.1835244543825809,0.3610474934661032,0.978580361513066,1.2025024719774604,-0.642289796896626,0.0,-0.1789342020183596,-0.7957303657393812,-0.1320216408453801,0.6352098982042783,0.3062805103879508,1.0185160928193289,1.371878074950475,-1.0654248379979097,-1.042953943094146,-1.6241848524113862,1.0142571512985166,-1.2228106068859994,-0.44224123470758,0.3345878145560952,-1.2659908223760177,-1.1509341927636276,273,0,-0.08890760249554759,-1.272269362695731
546,0,0.4754564005695154,0.2825130350857242,-0.1835244543825809,0.3610474934661032,0.978580361513066,1.2025024719774604,-0.642289796896626,0.0,-0.1789342020183596,-0.7957303657393812,-0.1320216408453801,0.6352098982042783,0.3062805103879508,1.0185160928193289,1.371878074950475,-1.0654248379979097,-1.042953943094146,-1.6241848524113862,1.0142571512985166,-1.2228106068859994,-0.44224123470758,0.3345878145560952,-1.2659908223760177,-1.1509341927636276,273,1,-0.08890760249554759,-1.272269362695731
547,0,-0.3270136055008128,-0.523416230884195,-0.0853572717410376,0.3610474934661032,0.978580361513066,1.2025024719774604,-0.642289796896626,0.0,0.0157555730929931,0.0495531864788385,-0.1320216408453801,-0.409975441194734,-0.0104813786226104,0.8425919377659722,0.9907535879355144,-1.514083446094281,-0.2101562914368412,-2.576020103829111,0.8867055170065484,0.9313640305525224,-0.44224123470758,0.1331496678507358,-1.337525021523042,-1.1509341927636276,274,0,-0.13219960304195943,-1.2841340279370603
548,0,-0.3270136055008128,-0.523416230884195,-0.0853572717410376,0.3610474934661032,0.978580361513066,1.2025024719774604,-0.642289796896626,0.0,0.0157555730929931,0.0495531864788385,-0.1320216408453801,-0.409975441194734,-0.0104813786226104,0.8425919377659722,0.9907535879355144,-1.514083446094281,-0.2101562914368412,-2.576020103829111,0.8867055170065484,0.9313640305525224,-0.44224123470758,0.1331496678507358,-1.337525021523042,-1.1509341927636276,274,1,-0.13219960304195943,-1.2841340279370603
549,0,-0.3270136055008128,-0.523416230884195,-0.1344408630618093,-0.6557616525288871,0.978580361513066,1.2025024719774604,-0.642289796896626,0.0,0.2104453482043458,-0.7957303657393812,-0.1320216408453801,0.6352098982042783,-0.9606703834971348,0.4907369165829235,0.2284900749383611,-0.1681760774975834,-0.4877555086559428,-0.0377282136292905,0.5040506141306441,0.6236046719961829,0.923887288147482,-0.3704341727932632,-1.194456623228993,-1.051403827539947,275,0,-0.16762033076175095,-1.2678290452628662
550,0,-0.3270136055008128,-0.523416230884195,-0.1344408630618093,-0.6557616525288871,0.978580361513066,1.2025024719774604,-0.642289796896626,0.0,0.2104453482043458,-0.7957303657393812,-0.1320216408453801,0.6352098982042783,-0.9606703834971348,0.4907369165829235,0.2284900749383611,-0.1681760774975834,-0.4877555086559428,-0.0377282136292905,0.5040506141306441,0.6236046719961829,0.923887288147482,-0.3704341727932632,-1.194456623228993,-1.051403827539947,275,1,-0.16762033076175095,-1.2678290452628662
551,0,-0.728248608535977,-0.523416230884195,-0.1344408630618093,0.3610474934661032,0.978580361513066,1.2025024719774604,-0.642289796896626,0.0,0.4051425502545523,0.8948528614473485,-0.1320216408453801,0.6352098982042783,-0.9606703834971348,0.6666610716362802,0.6096145619533219,-0.1681760774975834,-1.598067666144733,-0.6723496009936615,-0.7713878822011261,0.9313640305525224,0.4685574366511583,0.1331496678507358,-1.194456623228993,-1.051403827539947,276,0,-0.26955274490251935,-1.254488604893071
552,0,-0.728248608535977,-0.523416230884195,-0.1344408630618093,0.3610474934661032,0.978580361513066,1.2025024719774604,-0.642289796896626,0.0,0.4051425502545523,0.8948528614473485,-0.1320216408453801,0.6352098982042783,-0.9606703834971348,0.6666610716362802,0.6096145619533219,-0.1681760774975834,-1.598067666144733,-0.6723496009936615,-0.7713878822011261,0.9313640305525224,0.4685574366511583,0.1331496678507358,-1.194456623228993,-1.051403827539947,276,1,-0.26955274490251935,-1.254488604893071
553,0,-0.3270136055008128,-0.523416230884195,-0.1835244543825809,-1.1641662255263825,0.978580361513066,1.2025024719774604,-0.5818795497100921,0.0,0.2104453482043458,-0.7957303657393812,-0.1320216408453801,0.6352098982042783,-0.327194936554592,0.4907369165829235,0.6096145619533219,0.7290726830027427,-1.8756668833638344,-0.355038907311476,-1.0264522274911068,0.0081329123687887,0.0131581009717891,-0.4711494041061431,-1.2659908223760177,-1.051403827539947,277,0,-0.28000017410220907,-1.2565799171626977
554,0,-0.3270136055008128,-0.523416230884195,-0.1835244543825809,-1.1641662255263825,0.978580361513066,1.2025024719774604,-0.5818795497100921,0.0,0.2104453482043458,-0.7957303657393812,-0.1320216408453801,0.6352098982042783,-0.327194936554592,0.4907369165829235,0.6096145619533219,0.7290726830027427,-1.8756668833638344,-0.355038907311476,-1.0264522274911068,0.0081329123687887,0.0131581009717891,-0.4711494041061431,-1.2659908223760177,-1.051403827539947,277,1,-0.28000017410220907,-1.2565799171626977
555,0,0.0742213975343513,-0.1204612053339201,-0.0362736804202659,-0.6557616525288871,0.978580361513066,1.2025024719774604,-0.7026539645658552,0.0,0.0157555730929931,0.0495531864788385,-0.1320216408453801,-0.409975441194734,-0.0104813786226104,0.4907369165829235,0.6096145619533219,2.2993093556476256,-0.4877555086559428,-0.0377282136292905,-1.0264522274911068,0.6236046719961829,0.923887288147482,-1.4783170853941414,-1.2659908223760177,-1.1011685355513066,278,0,-0.21559625198647078,-1.2582909908378468
556,0,0.0742213975343513,-0.1204612053339201,-0.0362736804202659,-0.6557616525288871,0.978580361513066,1.2025024719774604,-0.7026539645658552,0.0,0.0157555730929931,0.0495531864788385,-0.1320216408453801,-0.409975441194734,-0.0104813786226104,0.4907369165829235,0.6096145619533219,2.2993093556476256,-0.4877555086559428,-0.0377282136292905,-1.0264522274911068,0.6236046719961829,0.923887288147482,-1.4783170853941414,-1.2659908223760177,-1.1011685355513066,278,1,-0.21559625198647078,-1.2582909908378468
557,0,-0.3270136055008128,-0.523416230884195,-0.2326080457033526,0.3610474934661032,0.978580361513066,-0.7111644212715653,-0.7026539645658552,0.0,0.2104453482043458,-0.7957303657393812,-0.1320216408453801,0.6352098982042783,-0.0104813786226104,0.6666610716362802,0.6096145619533219,-1.514083446094281,-1.320553160313248,0.279582480052895,-1.409107130367011,1.239076431623577,0.0131581009717891,-0.571864635419023,-1.194456623228993,-1.051403827539947,279,0,-0.23585395262544206,-1.2466847421816913
558,0,-0.3270136055008128,-0.523416230884195,-0.2326080457033526,0.3610474934661032,0.978580361513066,-0.7111644212715653,-0.7026539645658552,0.0,0.2104453482043458,-0.7957303657393812,-0.1320216408453801,0.6352098982042783,-0.0104813786226104,0.6666610716362802,0.6096145619533219,-1.514083446094281,-1.320553160313248,0.279582480052895,-1.409107130367011,1.239076431623577,0.0131581009717891,-0.571864635419023,-1.194456623228993,-1.051403827539947,279,1,-0.23585395262544206,-1.2466847421816913
559,0,0.0742213975343513,0.2825130350857242,-0.0853572717410376,0.3610474934661032,0.978580361513066,1.2025024719774604,-0.642289796896626,0.0,-0.1789342020183596,-0.7957303657393812,-0.1320216408453801,1.6802357647104924,-0.0104813786226104,0.6666610716362802,0.6096145619533219,1.177731291099114,-1.042953943094146,-1.3068741587292003,-1.0264522274911068,-0.9150982058149448,1.3792866238268513,-0.672579866731903,-1.194456623228993,-1.1011685355513066,280,0,-0.17947661623275235,-1.2371887205539278
560,0,0.0742213975343513,0.2825130350857242,-0.0853572717410376,0.3610474934661032,0.978580361513066,1.2025024719774604,-0.642289796896626,0.0,-0.1789342020183596,-0.7957303657393812,-0.1320216408453801,1.6802357647104924,-0.0104813786226104,0.6666610716362802,0.6096145619533219,1.177731291099114,-1.042953943094146,-1.3068741587292003,-1.0264522274911068,-0.9150982058149448,1.3792866238268513,-0.672579866731903,-1.194456623228993,-1.1011685355513066,280,1,-0.17947661623275235,-1.2371887205539278
561,0,-0.3270136055008128,-0.1204612053339201,-0.1344408630618093,0.3610474934661032,0.978580361513066,1.2025024719774604,-0.5818795497100921,0.0,0.2104453482043458,-0.7957303657393812,-0.1320216408453801,0.6352098982042783,0.3062805103879508,1.1944402478726854,1.371878074950475,0.7290726830027427,-1.8756668833638344,0.914107037788434,0.5040506141306441,0.0081329123687887,0.0131581009717891,-1.4783170853941414,-1.2659908223760177,-1.1011685355513066,281,0,-0.2063015233723997,-1.2424254663397623
562,0,-0.3270136055008128,-0.1204612053339201,-0.1344408630618093,0.3610474934661032,0.978580361513066,1.2025024719774604,-0.5818795497100921,0.0,0.2104453482043458,-0.7957303657393812,-0.1320216408453801,0.6352098982042783,0.3062805103879508,1.1944402478726854,1.371878074950475,0.7290726830027427,-1.8756668833638344,0.914107037788434,0.5040506141306441,0.0081329123687887,0.0131581009717891,-1.4783170853941414,-1.2659908223760177,-1.1011685355513066,281,1,-0.2063015233723997,-1.2424254663397623
563,0,0.0742213975343513,-0.1204612053339201,-0.2326080457033526,-0.6557616525288871,0.978580361513066,1.2025024719774604,-0.5818795497100921,0.0,0.0157555730929931,-0.7957303657393812,-0.1320216408453801,0.6352098982042783,-0.6439568255651532,1.1944402478726854,0.9907535879355144,-1.7384127501424664,0.3449574316137456,-1.3068741587292003,1.0142571512985166,-0.9150982058149448,-0.8975710862039038,-0.4711494041061431,-1.2659908223760177,-1.1011685355513066,282,0,-0.1552973559348086,-1.2467100765281722
564,0,0.0742213975343513,-0.1204612053339201,-0.2326080457033526,-0.6557616525288871,0.978580361513066,1.2025024719774604,-0.5818795497100921,0.0,0.0157555730929931,-0.7957303657393812,-0.1320216408453801,0.6352098982042783,-0.6439568255651532,1.1944402478726854,0.9907535879355144,-1.7384127501424664,0.3449574316137456,-1.3068741587292003,1.0142571512985166,-0.9150982058149448,-0.8975710862039038,-0.4711494041061431,-1.2659908223760177,-1.1011685355513066,282,1,-0.1552973559348086,-1.2467100765281722
565,0,-0.3270136055008128,-0.1204612053339201,-0.1835244543825809,0.3610474934661032,0.978580361513066,1.2025024719774604,-0.7026539645658552,0.0,0.2104453482043458,0.8948528614473485,-0.1320216408453801,0.6352098982042783,-0.6439568255651532,0.8425919377659722,0.9907535879355144,0.0561532265506022,0.6225566488328472,-0.0377282136292905,0.8867055170065484,0.3158922709251282,0.4685574366511583,0.3345878145560952,-1.194456623228993,-1.051403827539947,283,0,-0.18651849221953662,-1.237209448655594
566,0,-0.3270136055008128,-0.1204612053339201,-0.1835244543825809,0.3610474934661032,0.978580361513066,1.2025024719774604,-0.7026539645658552,0.0,0.2104453482043458,0.8948528614473485,-0.1320216408453801,0.6352098982042783,-0.6439568255651532,0.8425919377659722,0.9907535879355144,0.0561532265506022,0.6225566488328472,-0.0377282136292905,0.8867055170065484,0.3158922709251282,0.4685574366511583,0.3345878145560952,-1.194456623228993,-1.051403827539947,283,1,-0.18651849221953662,-1.237209448655594
567,0,-0.728248608535977,-0.9263904713038392,-0.0853572717410376,0.3610474934661032,0.978580361513066,1.2025024719774604,-0.7026539645658552,0.0,0.5998323253659051,0.8948528614473485,-0.1320216408453801,0.6352098982042783,-0.9606703834971348,0.4907369165829235,0.2284900749383611,0.0561532265506022,-1.042953943094146,-0.355038907311476,0.2489862688406633,-0.2996264461875506,1.3792866238268513,-0.3704341727932632,-1.194456623228993,-1.051403827539947,284,0,-0.2850148770043439,-1.2294362076689391
568,0,-0.728248608535977,-0.9263904713038392,-0.0853572717410376,0.3610474934661032,0.978580361513066,1.2025024719774604,-0.7026539645658552,0.0,0.5998323253659051,0.8948528614473485,-0.1320216408453801,0.6352098982042783,-0.9606703834971348,0.4907369165829235,0.2284900749383611,0.0561532265506022,-1.042953943094146,-0.355038907311476,0.2489862688406633,-0.2996264461875506,1.3792866238268513,-0.3704341727932632,-1.194456623228993,-1.051403827539947,284,1,-0.2850148770043439,-1.2294362076689391
569,0,-0.728248608535977,-0.9263904713038392,-0.1344408630618093,0.3610474934661032,0.978580361513066,1.2025024719774604,-0.642289796896626,0.0,0.5998323253659051,0.0495531864788385,-0.1320216408453801,-0.409975441194734,-1.594194161518257,0.4907369165829235,0.2284900749383611,0.2804140749063715,0.3449574316137456,-1.941495546093572,-0.1336686340352409,0.0081329123687887,0.0131581009717891,-0.4711494041061431,-1.194456623228993,-1.0016381703276258,285,0,-0.3656028281919136,-1.2230762832253124
570,0,-0.728248608535977,-0.9263904713038392,-0.1344408630618093,0.3610474934661032,0.978580361513066,1.2025024719774604,-0.642289796896626,0.0,0.5998323253659051,0.0495531864788385,-0.1320216408453801,-0.409975441194734,-1.594194161518257,0.4907369165829235,0.2284900749383611,0.2804140749063715,0.3449574316137456,-1.941495546093572,-0.1336686340352409,0.0081329123687887,0.0131581009717891,-0.4711494041061431,-1.194456623228993,-1.0016381703276258,285,1,-0.3656028281919136,-1.2230762832253124
571,0,-0.728248608535977,-0.9263904713038392,-0.0362736804202659,0.3610474934661032,0.978580361513066,1.2025024719774604,-0.5818795497100921,0.0,0.4051425502545523,-0.7957303657393812,-0.1320216408453801,-0.409975441194734,-0.327194936554592,0.4907369165829235,0.2284900749383611,-0.392505381545769,0.9001558660519489,-0.6723496009936615,-0.8989005931991387,0.0081329123687887,0.0131581009717891,0.536018277181855,-1.1229237884833332,-1.0016381703276258,286,0,-0.43153842461810693,-1.2048667387267704
572,0,-0.728248608535977,-0.9263904713038392,-0.0362736804202659,0.3610474934661032,0.978580361513066,1.2025024719774604,-0.5818795497100921,0.0,0.4051425502545523,-0.7957303657393812,-0.1320216408453801,-0.409975441194734,-0.327194936554592,0.4907369165829235,0.2284900749383611,-0.392505381545769,0.9001558660519489,-0.6723496009936615,-0.8989005931991387,0.0081329123687887,0.0131581009717891,0.536018277181855,-1.1229237884833332,-1.0016381703276258,286,1,-0.43153842461810693,-1.2048667387267704
573,0,-0.3270136055008128,-0.1204612053339201,-0.0853572717410376,0.3610474934661032,0.978580361513066,1.2025024719774604,-0.642289796896626,0.0,0.2104453482043458,-1.641030040707891,-0.1320216408453801,0.6352098982042783,-0.327194936554592,0.4907369165829235,0.2284900749383611,1.626321443503069,-0.2101562914368412,-0.0377282136292905,-1.0264522274911068,-0.9150982058149448,1.834616475323175,-0.4711494041061431,-1.194456623228993,-1.051403827539947,287,0,-0.41253391205132617,-1.2029739904544472
574,0,-0.3270136055008128,-0.1204612053339201,-0.0853572717410376,0.3610474934661032,0.978580361513066,1.2025024719774604,-0.642289796896626,0.0,0.2104453482043458,-1.641030040707891,-0.1320216408453801,0.6352098982042783,-0.327194936554592,0.4907369165829235,0.2284900749383611,1.626321443503069,-0.2101562914368412,-0.0377282136292905,-1.0264522274911068,-0.9150982058149448,1.834616475323175,-0.4711494041061431,-1.194456623228993,-1.051403827539947,287,1,-0.41253391205132617,-1.2029739904544472
575,0,-0.3270136055008128,-0.1204612053339201,0.110977093542049,0.3610474934661032,0.978580361513066,1.2025024719774604,-0.642289796896626,0.0,0.0157555730929931,-0.7957303657393812,-0.1320216408453801,0.6352098982042783,0.3062805103879508,0.4907369165829235,0.6096145619533219,-0.8411639896421402,-0.2101562914368412,-0.355038907311476,-1.281555496075043,0.9313640305525224,0.923887288147482,-0.672579866731903,-1.194456623228993,-1.051403827539947,288,0,-0.3969847654057783,-1.2014253782316373
576,0,-0.3270136055008128,-0.1204612053339201,0.110977093542049,0.3610474934661032,0.978580361513066,1.2025024719774604,-0.642289796896626,0.0,0.0157555730929931,-0.7957303657393812,-0.1320216408453801,0.6352098982042783,0.3062805103879508,0.4907369165829235,0.6096145619533219,-0.8411639896421402,-0.2101562914368412,-0.355038907311476,-1.281555496075043,0.9313640305525224,0.923887288147482,-0.672579866731903,-1.194456623228993,-1.051403827539947,288,1,-0.3969847654057783,-1.2014253782316373
577,0,0.0742213975343513,-0.1204612053339201,0.0128099109005057,0.3610474934661032,0.978580361513066,1.2025024719774604,-0.7026539645658552,0.0,0.2104453482043458,-0.7957303657393812,-0.1320216408453801,0.6352098982042783,-0.327194936554592,0.6666610716362802,0.6096145619533219,0.7290726830027427,-0.7653547258750445,0.5968931737350806,-0.6438362479091579,-0.2996264461875506,0.4685574366511583,-0.4711494041061431,-1.1229237884833332,-1.0016381703276258,289,0,-0.311310917598482,-1.1871523619137636
578,0,0.0742213975343513,-0.1204612053339201,0.0128099109005057,0.3610474934661032,0.978580361513066,1.2025024719774604,-0.7026539645658552,0.0,0.2104453482043458,-0.7957303657393812,-0.1320216408453801,0.6352098982042783,-0.327194936554592,0.6666610716362802,0.6096145619533219,0.7290726830027427,-0.7653547258750445,0.5968931737350806,-0.6438362479091579,-0.2996264461875506,0.4685574366511583,-0.4711494041061431,-1.1229237884833332,-1.0016381703276258,289,1,-0.311310917598482,-1.1871523619137636
579,0,0.0742213975343513,-0.1204612053339201,-0.1344408630618093,0.3610474934661032,0.978580361513066,1.2025024719774604,-0.642289796896626,0.0,0.2104453482043458,2.5854522113843683,-0.1320216408453801,0.6352098982042783,-0.6439568255651532,1.1944402478726854,0.9907535879355144,-0.392505381545769,-0.2101562914368412,-0.9895634650470152,0.3765379031326314,0.0081329123687887,0.0131581009717891,-0.4711494041061431,-1.1229237884833332,-1.0016381703276258,290,0,-0.2412141330288759,-1.1754744394718672
580,0,0.0742213975343513,-0.1204612053339201,-0.1344408630618093,0.3610474934661032,0.978580361513066,1.2025024719774604,-0.642289796896626,0.0,0.2104453482043458,2.5854522113843683,-0.1320216408453801,0.6352098982042783,-0.6439568255651532,1.1944402478726854,0.9907535879355144,-0.392505381545769,-0.2101562914368412,-0.9895634650470152,0.3765379031326314,0.0081329123687887,0.0131581009717891,-0.4711494041061431,-1.1229237884833332,-1.0016381703276258,290,1,-0.2412141330288759,-1.1754744394718672
581,0,-0.3270136055008128,-0.1204612053339201,-0.0362736804202659,0.3610474934661032,0.978580361513066,1.2025024719774604,-0.5214693025235582,0.0,0.2104453482043458,-0.7957303657393812,-0.1320216408453801,-0.409975441194734,0.3062805103879508,1.370371114002377,1.371878074950475,-1.2897541420460952,-0.2101562914368412,0.279582480052895,1.2693214965884974,0.0081329123687887,0.0131581009717891,0.4353030458689751,-1.1229237884833332,-1.0016381703276258,291,0,-0.2568140371146826,-1.16591977565577
582,0,-0.3270136055008128,-0.1204612053339201,-0.0362736804202659,0.3610474934661032,0.978580361513066,1.2025024719774604,-0.5214693025235582,0.0,0.2104453482043458,-0.7957303657393812,-0.1320216408453801,-0.409975441194734,0.3062805103879508,1.370371114002377,1.371878074950475,-1.2897541420460952,-0.2101562914368412,0.279582480052895,1.2693214965884974,0.0081329123687887,0.0131581009717891,0.4353030458689751,-1.1229237884833332,-1.0016381703276258,291,1,-0.2568140371146826,-1.16591977565577
583,0,-0.3270136055008128,-0.1204612053339201,-0.1835244543825809,0.3610474934661032,0.978580361513066,1.2025024719774604,-0.7026539645658552,0.0,0.0157555730929931,1.7401525364158583,-0.1320216408453801,0.6352098982042783,-0.6439568255651532,1.1944402478726854,1.371878074950475,2.2993093556476256,0.6225566488328472,0.5968931737350806,1.7794891104624142,0.0081329123687887,0.923887288147482,-0.4711494041061431,-1.1229237884833332,-1.0016381703276258,292,0,-0.2695775950030699,-1.1581023234425996
584,0,-0.3270136055008128,-0.1204612053339201,-0.1835244543825809,0.3610474934661032,0.978580361513066,1.2025024719774604,-0.7026539645658552,0.0,0.0157555730929931,1.7401525364158583,-0.1320216408453801,0.6352098982042783,-0.6439568255651532,1.1944402478726854,1.371878074950475,2.2993093556476256,0.6225566488328472,0.5968931737350806,1.7794891104624142,0.0081329123687887,0.923887288147482,-0.4711494041061431,-1.1229237884833332,-1.0016381703276258,292,1,-0.2695775950030699,-1.1581023234425996
585,0,-0.728248608535977,-0.9263904713038392,-0.0362736804202659,0.3610474934661032,0.978580361513066,1.2025024719774604,-0.7026539645658552,0.0,0.4051425502545523,-1.641030040707891,-0.1320216408453801,-0.409975441194734,-0.9606703834971348,0.6666610716362802,0.9907535879355144,0.0561532265506022,-0.4877555086559428,2.50056367657053,1.0142571512985166,0.6236046719961829,1.3792866238268513,-0.3704341727932632,-0.9798553901892844,-0.9518725131153049,293,0,-0.35297232473632567,-1.1256937901238149
586,0,-0.728248608535977,-0.9263904713038392,-0.0362736804202659,0.3610474934661032,0.978580361513066,1.2025024719774604,-0.7026539645658552,0.0,0.4051425502545523,-1.641030040707891,-0.1320216408453801,-0.409975441194734,-0.9606703834971348,0.6666610716362802,0.9907535879355144,0.0561532265506022,-0.4877555086559428,2.50056367657053,1.0142571512985166,0.6236046719961829,1.3792866238268513,-0.3704341727932632,-0.9798553901892844,-0.9518725131153049,293,1,-0.35297232473632567,-1.1256937901238149
587,0,-1.129445347695208,-0.9263904713038392,-0.0853572717410376,0.3610474934661032,0.978580361513066,1.2025024719774604,-0.642289796896626,0.0,0.5998323253659051,0.0495531864788385,-0.1320216408453801,-0.409975441194734,-1.277432272507696,-0.0370422596534817,-0.1526344120765995,-0.6168346855939546,-0.4877555086559428,-0.0377282136292905,0.5040506141306441,-0.6073388472586053,-0.44224123470758,-0.3704341727932632,-1.1229237884833332,-0.9518725131153049,294,0,-0.49414923800157695,-1.125190153461909
588,0,-1.129445347695208,-0.9263904713038392,-0.0853572717410376,0.3610474934661032,0.978580361513066,1.2025024719774604,-0.642289796896626,0.0,0.5998323253659051,0.0495531864788385,-0.1320216408453801,-0.409975441194734,-1.277432272507696,-0.0370422596534817,-0.1526344120765995,-0.6168346855939546,-0.4877555086559428,-0.0377282136292905,0.5040506141306441,-0.6073388472586053,-0.44224123470758,-0.3704341727932632,-1.1229237884833332,-0.9518725131153049,294,1,-0.49414923800157695,-1.125190153461909
589,0,-1.129445347695208,-1.329345496854114,-0.1835244543825809,-1.1641662255263825,0.978580361513066,1.2025024719774604,-0.642289796896626,0.0,0.7945295274161116,-0.7957303657393812,-0.1320216408453801,-0.409975441194734,-1.9109077194502389,0.3148060504532315,0.2284900749383611,0.7290726830027427,0.0673582143946439,-0.0377282136292905,-0.2611813450332536,-0.2996264461875506,-0.8975710862039038,-0.3704341727932632,-0.9798553901892844,-0.9021068559029836,295,0,-0.6096576215822371,-1.0987656510487045
590,0,-1.129445347695208,-1.329345496854114,-0.1835244543825809,-1.1641662255263825,0.978580361513066,1.2025024719774604,-0.642289796896626,0.0,0.7945295274161116,-0.7957303657393812,-0.1320216408453801,-0.409975441194734,-1.9109077194502389,0.3148060504532315,0.2284900749383611,0.7290726830027427,0.0673582143946439,-0.0377282136292905,-0.2611813450332536,-0.2996264461875506,-0.8975710862039038,-0.3704341727932632,-0.9798553901892844,-0.9021068559029836,295,1,-0.6096576215822371,-1.0987656510487045
591,0,-1.129445347695208,-0.9263904713038392,0.0128099109005057,-0.6557616525288871,0.978580361513066,1.2025024719774604,-0.5214693025235582,0.0,0.5998323253659051,-0.7957303657393812,-0.1320216408453801,-0.409975441194734,-0.0104813786226104,0.3148060504532315,0.2284900749383611,0.7290726830027427,0.0673582143946439,1.548728425152805,-0.7713878822011261,-1.5305699654423388,-0.44224123470758,0.2338725832432154,-0.9798553901892844,-0.9021068559029836,296,0,-0.7041644808755045,-1.077145603619719
592,0,-1.129445347695208,-0.9263904713038392,0.0128099109005057,-0.6557616525288871,0.978580361513066,1.2025024719774604,-0.5214693025235582,0.0,0.5998323253659051,-0.7957303657393812,-0.1320216408453801,-0.409975441194734,-0.0104813786226104,0.3148060504532315,0.2284900749383611,0.7290726830027427,0.0673582143946439,1.548728425152805,-0.7713878822011261,-1.5305699654423388,-0.44224123470758,0.2338725832432154,-0.9798553901892844,-0.9021068559029836,296,1,-0.7041644808755045,-1.077145603619719
593,0,-0.3270136055008128,-0.523416230884195,-0.1344408630618093,-0.6557616525288871,0.978580361513066,1.2025024719774604,-0.642289796896626,0.0,0.2104453482043458,0.0495531864788385,-0.1320216408453801,0.6352098982042783,-0.327194936554592,0.3148060504532315,0.2284900749383611,0.5047433789545571,0.3449574316137456,0.5968931737350806,-1.154003861783075,0.0081329123687887,0.923887288147482,-0.4711494041061431,-0.9798553901892844,-0.9021068559029836,297,0,-0.6355915944437424,-1.0594564739050945
594,0,-0.3270136055008128,-0.523416230884195,-0.1344408630618093,-0.6557616525288871,0.978580361513066,1.2025024719774604,-0.642289796896626,0.0,0.2104453482043458,0.0495531864788385,-0.1320216408453801,0.6352098982042783,-0.327194936554592,0.3148060504532315,0.2284900749383611,0.5047433789545571,0.3449574316137456,0.5968931737350806,-1.154003861783075,0.0081329123687887,0.923887288147482,-0.4711494041061431,-0.9798553901892844,-0.9021068559029836,297,1,-0.6355915944437424,-1.0594564739050945
595,0,-0.3270136055008128,-0.1204612053339201,0.0618935022212773,0.3610474934661032,0.978580361513066,1.2025024719774604,-0.7026539645658552,0.0,0.2104453482043458,0.0495531864788385,-0.1320216408453801,0.6352098982042783,-0.0104813786226104,0.4907369165829235,0.6096145619533219,1.626321443503069,-1.320553160313248,-0.355038907311476,-1.0264522274911068,0.3158922709251282,0.4685574366511583,-1.276878938688782,-0.9798553901892844,-0.9021068559029836,298,0,-0.5794865055450279,-1.044983549593129
596,0,-0.3270136055008128,-0.1204612053339201,0.0618935022212773,0.3610474934661032,0.978580361513066,1.2025024719774604,-0.7026539645658552,0.0,0.2104453482043458,0.0495531864788385,-0.1320216408453801,0.6352098982042783,-0.0104813786226104,0.4907369165829235,0.6096145619533219,1.626321443503069,-1.320553160313248,-0.355038907311476,-1.0264522274911068,0.3158922709251282,0.4685574366511583,-1.276878938688782,-0.9798553901892844,-0.9021068559029836,298,1,-0.5794865055450279,-1.044983549593129
597,0,-0.3270136055008128,-0.1204612053339201,-0.0853572717410376,0.3610474934661032,0.978580361513066,1.2025024719774604,-0.7026539645658552,0.0,0.2104453482043458,1.7401525364158583,-0.1320216408453801,0.6352098982042783,-0.0104813786226104,0.6666610716362802,0.6096145619533219,1.401992139454883,1.1777550832710504,-0.355038907311476,-0.8989005931991387,2.4700669083636497,-0.8975710862039038,-0.4711494041061431,-0.9798553901892844,-0.9021068559029836,299,0,-0.5335823419006251,-1.0331420660651571
598,0,-0.3270136055008128,-0.1204612053339201,-0.0853572717410376,0.3610474934661032,0.978580361513066,1.2025024719774604,-0.7026539645658552,0.0,0.2104453482043458,1.7401525364158583,-0.1320216408453801,0.6352098982042783,-0.0104813786226104,0.6666610716362802,0.6096145619533219,1.401992139454883,1.1777550832710504,-0.355038907311476,-0.8989005931991387,2.4700669083636497,-0.8975710862039038,-0.4711494041061431,-0.9798553901892844,-0.9021068559029836,299,1,-0.5335823419006251,-1.0331420660651571
599,0,-0.3270136055008128,-0.1204612053339201,-0.0853572717410376,0.3610474934661032,0.978580361513066,1.2025024719774604,-0.642289796896626,0.0,0.2104453482043458,-1.641030040707891,-0.1320216408453801,0.6352098982042783,-0.0104813786226104,1.1944402478726854,0.9907535879355144,-0.8411639896421402,-1.042953943094146,-0.6723496009936615,0.6316022484226123,0.9313640305525224,0.4685574366511583,-0.2697112574007837,-0.9798553901892844,-0.9518725131153049,300,0,-0.49602438982793196,-1.023453579542271
600,0,-0.3270136055008128,-0.1204612053339201,-0.0853572717410376,0.3610474934661032,0.978580361513066,1.2025024719774604,-0.642289796896626,0.0,0.2104453482043458,-1.641030040707891,-0.1320216408453801,0.6352098982042783,-0.0104813786226104,1.1944402478726854,0.9907535879355144,-0.8411639896421402,-1.042953943094146,-0.6723496009936615,0.6316022484226123,0.9313640305525224,0.4685574366511583,-0.2697112574007837,-0.9798553901892844,-0.9518725131153049,300,1,-0.49602438982793196,-1.023453579542271
601,0,-0.3270136055008128,-0.1204612053339201,-0.0853572717410376,0.3610474934661032,0.978580361513066,1.2025024719774604,-0.5214693025235582,0.0,0.2104453482043458,-0.7957303657393812,-0.1320216408453801,0.6352098982042783,0.623042399398512,1.1944402478726854,1.371878074950475,0.2804140749063715,-1.8756668833638344,-0.355038907311476,0.8867055170065484,-0.2996264461875506,-0.8975710862039038,-1.176163707375902,-0.9798553901892844,-1.051403827539947,301,0,-0.4652951563139103,-1.0155266360235462
602,0,-0.3270136055008128,-0.1204612053339201,-0.0853572717410376,0.3610474934661032,0.978580361513066,1.2025024719774604,-0.5214693025235582,0.0,0.2104453482043458,-0.7957303657393812,-0.1320216408453801,0.6352098982042783,0.623042399398512,1.1944402478726854,1.371878074950475,0.2804140749063715,-1.8756668833638344,-0.355038907311476,0.8867055170065484,-0.2996264461875506,-0.8975710862039038,-1.176163707375902,-0.9798553901892844,-1.051403827539947,301,1,-0.4652951563139103,-1.0155266360235462
603,0,-0.3270136055008128,-0.1204612053339201,-0.1344408630618093,-1.1641662255263825,0.978580361513066,1.2025024719774604,-0.642289796896626,0.0,0.2104453482043458,-0.7957303657393812,-0.1320216408453801,-0.409975441194734,-0.327194936554592,0.8425919377659722,0.9907535879355144,-1.2897541420460952,0.3449574316137456,-0.355038907311476,0.8867055170065484,0.0081329123687887,-0.8975710862039038,-0.0682807947750239,-0.9798553901892844,-0.9518725131153049,302,0,-0.44015305616607436,-1.0090409549627712
604,0,-0.3270136055008128,-0.1204612053339201,-0.1344408630618093,-1.1641662255263825,0.978580361513066,1.2025024719774604,-0.642289796896626,0.0,0.2104453482043458,-0.7957303657393812,-0.1320216408453801,-0.409975441194734,-0.327194936554592,0.8425919377659722,0.9907535879355144,-1.2897541420460952,0.3449574316137456,-0.355038907311476,0.8867055170065484,0.0081329123687887,-0.8975710862039038,-0.0682807947750239,-0.9798553901892844,-0.9518725131153049,302,1,-0.44015305616607436,-1.0090409549627712
605,0,-0.728248608535977,-0.9263904713038392,-0.1835244543825809,-0.6557616525288871,0.978580361513066,1.2025024719774604,-0.7026539645658552,0.0,0.4051425502545523,-0.7957303657393812,-0.1320216408453801,-0.409975441194734,-0.9606703834971348,0.6666610716362802,0.6096145619533219,-1.0654248379979097,1.1777550832710504,-0.0377282136292905,0.3765379031326314,0.3158922709251282,-0.8975710862039038,0.2338725832432154,-0.90832119104226,-0.9021068559029836,303,0,-0.49253406568787483,-0.9907282706135874
606,0,-0.728248608535977,-0.9263904713038392,-0.1835244543825809,-0.6557616525288871,0.978580361513066,1.2025024719774604,-0.7026539645658552,0.0,0.4051425502545523,-0.7957303657393812,-0.1320216408453801,-0.409975441194734,-0.9606703834971348,0.6666610716362802,0.6096145619533219,-1.0654248379979097,1.1777550832710504,-0.0377282136292905,0.3765379031326314,0.3158922709251282,-0.8975710862039038,0.2338725832432154,-0.90832119104226,-0.9021068559029836,303,1,-0.49253406568787483,-0.9907282706135874
607,0,-0.728248608535977,-0.9263904713038392,-0.1344408630618093,-0.6557616525288871,0.978580361513066,1.2025024719774604,-0.642289796896626,0.0,0.5998323253659051,0.0495531864788385,-0.1320216408453801,0.6352098982042783,-1.277432272507696,0.1388818953998749,0.2284900749383611,-0.6168346855939546,1.1777550832710504,0.914107037788434,-0.5162846136171899,-0.9150982058149448,0.0131581009717891,-0.672579866731903,-0.90832119104226,-0.9021068559029836,304,0,-0.5353912552966207,-0.9757451652369824
608,0,-0.728248608535977,-0.9263904713038392,-0.1344408630618093,-0.6557616525288871,0.978580361513066,1.2025024719774604,-0.642289796896626,0.0,0.5998323253659051,0.0495531864788385,-0.1320216408453801,0.6352098982042783,-1.277432272507696,0.1388818953998749,0.2284900749383611,-0.6168346855939546,1.1777550832710504,0.914107037788434,-0.5162846136171899,-0.9150982058149448,0.0131581009717891,-0.672579866731903,-0.90832119104226,-0.9021068559029836,304,1,-0.5353912552966207,-0.9757451652369824
609,0,-0.728248608535977,-0.9263904713038392,0.1600513231250139,0.3610474934661032,0.978580361513066,1.2025024719774604,-0.642289796896626,0.0,0.5998323253659051,0.0495531864788385,-0.1320216408453801,-0.409975441194734,-0.327194936554592,0.4907369165829235,0.2284900749383611,-1.514083446094281,0.0673582143946439,-1.6241848524113862,-0.7713878822011261,-0.2996264461875506,-0.44224123470758,-0.3704341727932632,-0.90832119104226,-0.9021068559029836,305,0,-0.5704562286128673,-0.963486260837942
610,0,-0.728248608535977,-0.9263904713038392,0.1600513231250139,0.3610474934661032,0.978580361513066,1.2025024719774604,-0.642289796896626,0.0,0.5998323253659051,0.0495531864788385,-0.1320216408453801,-0.409975441194734,-0.327194936554592,0.4907369165829235,0.2284900749383611,-1.514083446094281,0.0673582143946439,-1.6241848524113862,-0.7713878822011261,-0.2996264461875506,-0.44224123470758,-0.3704341727932632,-0.90832119104226,-0.9021068559029836,305,1,-0.5704562286128673,-0.963486260837942
611,0,-0.728248608535977,-0.523416230884195,0.110977093542049,0.3610474934661032,0.978580361513066,1.2025024719774604,-0.5214693025235582,0.0,0.4051425502545523,0.8948528614473485,1.026546834584599,-0.409975441194734,0.3062805103879508,0.6666610716362802,0.6096145619533219,0.0561532265506022,0.6225566488328472,-0.0377282136292905,-1.154003861783075,-1.5305699654423388,0.0131581009717891,-1.276878938688782,-0.90832119104226,-0.9021068559029836,306,0,-0.5991457522352508,-0.9534562481478179
612,0,-0.728248608535977,-0.523416230884195,0.110977093542049,0.3610474934661032,0.978580361513066,1.2025024719774604,-0.5214693025235582,0.0,0.4051425502545523,0.8948528614473485,1.026546834584599,-0.409975441194734,0.3062805103879508,0.6666610716362802,0.6096145619533219,0.0561532265506022,0.6225566488328472,-0.0377282136292905,-1.154003861783075,-1.5305699654423388,0.0131581009717891,-1.276878938688782,-0.90832119104226,-0.9021068559029836,306,1,-0.5991457522352508,-0.9534562481478179
613,0,-0.3270136055008128,-0.1204612053339201,0.2091349144457856,0.3610474934661032,0.978580361513066,1.2025024719774604,-0.7026539645658552,0.0,0.2104453482043458,-1.641030040707891,-0.1320216408453801,0.6352098982042783,0.623042399398512,0.6666610716362802,0.6096145619533219,0.0561532265506022,0.9001558660519489,-0.355038907311476,-0.6438362479091579,-2.453801083626072,0.923887288147482,-0.9747332447501422,-0.90832119104226,-0.8523411986906625,307,0,-0.5496671801017166,-0.9452498741286255
614,0,-0.3270136055008128,-0.1204612053339201,0.2091349144457856,0.3610474934661032,0.978580361513066,1.2025024719774604,-0.7026539645658552,0.0,0.2104453482043458,-1.641030040707891,-0.1320216408453801,0.6352098982042783,0.623042399398512,0.6666610716362802,0.6096145619533219,0.0561532265506022,0.9001558660519489,-0.355038907311476,-0.6438362479091579,-2.453801083626072,0.923887288147482,-0.9747332447501422,-0.90832119104226,-0.8523411986906625,307,1,-0.5496671801017166,-0.9452498741286255
615,0,-0.3270136055008128,-0.1204612053339201,0.110977093542049,0.3610474934661032,0.978580361513066,1.2025024719774604,-0.7026539645658552,0.0,0.2104453482043458,0.8948528614473485,1.026546834584599,0.6352098982042783,0.3062805103879508,0.6666610716362802,0.2284900749383611,-0.392505381545769,1.1777550832710504,-0.0377282136292905,-0.5162846136171899,-1.8383293239986784,-1.352970421883273,-0.3704341727932632,-0.90832119104226,-0.9021068559029836,308,0,-0.5091847119924613,-0.9385355681129226
616,0,-0.3270136055008128,-0.1204612053339201,0.110977093542049,0.3610474934661032,0.978580361513066,1.2025024719774604,-0.7026539645658552,0.0,0.2104453482043458,0.8948528614473485,1.026546834584599,0.6352098982042783,0.3062805103879508,0.6666610716362802,0.2284900749383611,-0.392505381545769,1.1777550832710504,-0.0377282136292905,-0.5162846136171899,-1.8383293239986784,-1.352970421883273,-0.3704341727932632,-0.90832119104226,-0.9021068559029836,308,1,-0.5091847119924613,-0.9385355681129226
617,0,0.0742213975343513,-0.1204612053339201,0.1600513231250139,-1.1641662255263825,0.978580361513066,1.2025024719774604,-0.7026539645658552,0.0,0.0157555730929931,0.0495531864788385,-0.1320216408453801,0.6352098982042783,0.3062805103879508,0.8425919377659722,0.9907535879355144,0.0561532265506022,-1.598067666144733,-0.355038907311476,-0.0061169997432728,-0.2996264461875506,0.4685574366511583,0.4353030458689751,-0.90832119104226,-0.9021068559029836,309,0,-0.40311087389667716,-0.9330420450091658
618,0,0.0742213975343513,-0.1204612053339201,0.1600513231250139,-1.1641662255263825,0.978580361513066,1.2025024719774604,-0.7026539645658552,0.0,0.0157555730929931,0.0495531864788385,-0.1320216408453801,0.6352098982042783,0.3062805103879508,0.8425919377659722,0.9907535879355144,0.0561532265506022,-1.598067666144733,-0.355038907311476,-0.0061169997432728,-0.2996264461875506,0.4685574366511583,0.4353030458689751,-0.90832119104226,-0.9021068559029836,309,1,-0.40311087389667716,-0.9330420450091658
619,0,0.0742213975343513,0.2825130350857242,0.0128099109005057,0.8694520664635984,0.978580361513066,1.2025024719774604,-0.642289796896626,0.0,0.0157555730929931,1.7401525364158583,-0.1320216408453801,0.6352098982042783,-0.0104813786226104,1.370371114002377,1.371878074950475,-0.392505381545769,-1.320553160313248,0.279582480052895,1.0142571512985166,0.3158922709251282,0.4685574366511583,-0.4711494041061431,-0.90832119104226,-0.9021068559029836,310,0,-0.31632318818194466,-0.9285473442879101
620,0,0.0742213975343513,0.2825130350857242,0.0128099109005057,0.8694520664635984,0.978580361513066,1.2025024719774604,-0.642289796896626,0.0,0.0157555730929931,1.7401525364158583,-0.1320216408453801,0.6352098982042783,-0.0104813786226104,1.370371114002377,1.371878074950475,-0.392505381545769,-1.320553160313248,0.279582480052895,1.0142571512985166,0.3158922709251282,0.4685574366511583,-0.4711494041061431,-0.90832119104226,-0.9021068559029836,310,1,-0.31632318818194466,-0.9285473442879101
621,0,-0.3270136055008128,-0.523416230884195,-0.1344408630618093,0.3610474934661032,0.978580361513066,1.2025024719774604,-0.5214693025235582,0.0,0.2104453482043458,-1.641030040707891,-0.1320216408453801,0.6352098982042783,0.3062805103879508,1.1944402478726854,1.371878074950475,0.0561532265506022,-0.2101562914368412,0.5968931737350806,1.3968731308804654,0.3158922709251282,0.4685574366511583,0.4353030458689751,-0.90832119104226,-0.9021068559029836,311,0,-0.3182669004217389,-0.9248698618796101
622,0,-0.3270136055008128,-0.523416230884195,-0.1344408630618093,0.3610474934661032,0.978580361513066,1.2025024719774604,-0.5214693025235582,0.0,0.2104453482043458,-1.641030040707891,-0.1320216408453801,0.6352098982042783,0.3062805103879508,1.1944402478726854,1.371878074950475,0.0561532265506022,-0.2101562914368412,0.5968931737350806,1.3968731308804654,0.3158922709251282,0.4685574366511583,0.4353030458689751,-0.90832119104226,-0.9021068559029836,311,1,-0.3182669004217389,-0.9248698618796101
623,0,-0.728248608535977,-0.523416230884195,-0.1344408630618093,0.3610474934661032,0.978580361513066,1.2025024719774604,-0.642289796896626,0.0,0.2104453482043458,-0.7957303657393812,-0.1320216408453801,-0.409975441194734,-0.327194936554592,0.6666610716362802,0.6096145619533219,0.9534019870509284,-1.042953943094146,-1.3068741587292003,0.8867055170065484,1.854595148736256,0.923887288147482,-0.3704341727932632,-0.8367869918952355,-0.8523411986906625,312,0,-0.39280902916978216,-0.9088547946097237
624,0,-0.728248608535977,-0.523416230884195,-0.1344408630618093,0.3610474934661032,0.978580361513066,1.2025024719774604,-0.642289796896626,0.0,0.2104453482043458,-0.7957303657393812,-0.1320216408453801,-0.409975441194734,-0.327194936554592,0.6666610716362802,0.6096145619533219,0.9534019870509284,-1.042953943094146,-1.3068741587292003,0.8867055170065484,1.854595148736256,0.923887288147482,-0.3704341727932632,-0.8367869918952355,-0.8523411986906625,312,1,-0.39280902916978216,-0.9088547946097237
625,0,-1.129445347695208,-0.9263904713038392,-0.0362736804202659,0.3610474934661032,0.978580361513066,1.2025024719774604,-0.7026539645658552,0.0,0.5998323253659051,0.0495531864788385,-0.1320216408453801,-0.409975441194734,-0.6439568255651532,0.1388818953998749,0.2284900749383611,-1.514083446094281,-2.153266100582936,-0.0377282136292905,0.7591538827145803,0.0081329123687887,0.4685574366511583,0.636733508494735,-0.8367869918952355,-0.8523411986906625,313,0,-0.5267429052653141,-0.895751557752544
626,0,-1.129445347695208,-0.9263904713038392,-0.0362736804202659,0.3610474934661032,0.978580361513066,1.2025024719774604,-0.7026539645658552,0.0,0.5998323253659051,0.0495531864788385,-0.1320216408453801,-0.409975441194734,-0.6439568255651532,0.1388818953998749,0.2284900749383611,-1.514083446094281,-2.153266100582936,-0.0377282136292905,0.7591538827145803,0.0081329123687887,0.4685574366511583,0.636733508494735,-0.8367869918952355,-0.8523411986906625,313,1,-0.5267429052653141,-0.895751557752544
627,0,-1.530680350730372,-1.329345496854114,0.0128099109005057,-1.1641662255263825,0.978580361513066,1.2025024719774604,-0.7026539645658552,0.0,0.7945295274161116,0.0495531864788385,-0.1320216408453801,-1.4550013077009485,-1.594194161518257,-0.0370422596534817,-0.1526344120765995,-0.8411639896421402,-1.042953943094146,-0.6723496009936615,0.6316022484226123,0.0081329123687887,0.4685574366511583,-0.0682807947750239,-0.8367869918952355,-0.8523411986906625,314,0,-0.709276986258961,-0.8850307275966697
628,0,-1.530680350730372,-1.329345496854114,0.0128099109005057,-1.1641662255263825,0.978580361513066,1.2025024719774604,-0.7026539645658552,0.0,0.7945295274161116,0.0495531864788385,-0.1320216408453801,-1.4550013077009485,-1.594194161518257,-0.0370422596534817,-0.1526344120765995,-0.8411639896421402,-1.042953943094146,-0.6723496009936615,0.6316022484226123,0.0081329123687887,0.4685574366511583,-0.0682807947750239,-0.8367869918952355,-0.8523411986906625,314,1,-0.709276986258961,-0.8850307275966697
629,0,-1.129445347695208,-0.9263904713038392,-0.1344408630618093,-1.1641662255263825,0.978580361513066,1.2025024719774604,-0.642289796896626,0.0,0.5998323253659051,-0.7957303657393812,-0.1320216408453801,-0.409975441194734,-1.594194161518257,-0.0370422596534817,-0.1526344120765995,-1.2897541420460952,-0.2101562914368412,-0.0377282136292905,-0.1336686340352409,0.0081329123687887,0.0131581009717891,-0.3704341727932632,-0.90832119104226,-0.8523411986906625,315,0,-0.785671233792824,-0.8892653573140497
630,0,-1.129445347695208,-0.9263904713038392,-0.1344408630618093,-1.1641662255263825,0.978580361513066,1.2025024719774604,-0.642289796896626,0.0,0.5998323253659051,-0.7957303657393812,-0.1320216408453801,-0.409975441194734,-1.594194161518257,-0.0370422596534817,-0.1526344120765995,-1.2897541420460952,-0.2101562914368412,-0.0377282136292905,-0.1336686340352409,0.0081329123687887,0.0131581009717891,-0.3704341727932632,-0.90832119104226,-0.8523411986906625,315,1,-0.785671233792824,-0.8892653573140497
631,0,-0.728248608535977,-0.9263904713038392,-0.0362736804202659,-0.6557616525288871,0.978580361513066,1.2025024719774604,-0.7026539645658552,0.0,0.5998323253659051,1.7401525364158583,-0.1320216408453801,0.6352098982042783,-1.277432272507696,0.3148060504532315,0.2284900749383611,0.2804140749063715,-0.4877555086559428,-0.0377282136292905,-0.7713878822011261,0.6236046719961829,-0.8975710862039038,-0.3704341727932632,-0.90832119104226,-0.8523411986906625,316,0,-0.7752307564733972,-0.8927300543555424
632,0,-0.728248608535977,-0.9263904713038392,-0.0362736804202659,-0.6557616525288871,0.978580361513066,1.2025024719774604,-0.7026539645658552,0.0,0.5998323253659051,1.7401525364158583,-0.1320216408453801,0.6352098982042783,-1.277432272507696,0.3148060504532315,0.2284900749383611,0.2804140749063715,-0.4877555086559428,-0.0377282136292905,-0.7713878822011261,0.6236046719961829,-0.8975710862039038,-0.3704341727932632,-0.90832119104226,-0.8523411986906625,316,1,-0.7752307564733972,-0.8927300543555424
633,0,-0.728248608535977,-0.9263904713038392,0.0128099109005057,-1.1641662255263825,0.978580361513066,1.2025024719774604,-0.5214693025235582,0.0,0.4051425502545523,-1.641030040707891,-0.1320216408453801,-0.409975441194734,-0.327194936554592,0.4907369165829235,0.2284900749383611,0.0561532265506022,0.0673582143946439,1.548728425152805,-0.8989005931991387,-0.9150982058149448,-1.8083002733795968,0.2338725832432154,-0.90832119104226,-0.8523411986906625,317,0,-0.7666885477575026,-0.8955648064804002
634,0,-0.728248608535977,-0.9263904713038392,0.0128099109005057,-1.1641662255263825,0.978580361513066,1.2025024719774604,-0.5214693025235582,0.0,0.4051425502545523,-1.641030040707891,-0.1320216408453801,-0.409975441194734,-0.327194936554592,0.4907369165829235,0.2284900749383611,0.0561532265506022,0.0673582143946439,1.548728425152805,-0.8989005931991387,-0.9150982058149448,-1.8083002733795968,0.2338725832432154,-0.90832119104226,-0.8523411986906625,317,1,-0.7666885477575026,-0.8955648064804002
635,0,-0.3270136055008128,-0.1204612053339201,0.0128099109005057,-0.1473570795313919,0.978580361513066,1.2025024719774604,-0.7026539645658552,0.0,0.0157555730929931,-1.641030040707891,-0.1320216408453801,0.6352098982042783,0.623042399398512,0.3148060504532315,0.2284900749383611,-0.8411639896421402,0.0673582143946439,-1.941495546093572,-1.281555496075043,0.6236046719961829,-0.44224123470758,-0.3704341727932632,-0.90832119104226,-0.8523411986906625,318,0,-0.6867476491653772,-0.897884149128011
636,0,-0.3270136055008128,-0.1204612053339201,0.0128099109005057,-0.1473570795313919,0.978580361513066,1.2025024719774604,-0.7026539645658552,0.0,0.0157555730929931,-1.641030040707891,-0.1320216408453801,0.6352098982042783,0.623042399398512,0.3148060504532315,0.2284900749383611,-0.8411639896421402,0.0673582143946439,-1.941495546093572,-1.281555496075043,0.6236046719961829,-0.44224123470758,-0.3704341727932632,-0.90832119104226,-0.8523411986906625,318,1,-0.6867476491653772,-0.897884149128011
637,0,-0.3270136055008128,-0.1204612053339201,0.110977093542049,-0.1473570795313919,0.978580361513066,1.2025024719774604,-0.7026539645658552,0.0,0.2104453482043458,-0.7957303657393812,-0.1320216408453801,0.6352098982042783,0.623042399398512,0.4907369165829235,0.6096145619533219,0.9534019870509284,-1.042953943094146,-0.355038907311476,-0.6438362479091579,0.0081329123687887,0.923887288147482,-0.3704341727932632,-0.90832119104226,-0.8523411986906625,319,0,-0.6213414594081836,-0.8997817931124198
638,0,-0.3270136055008128,-0.1204612053339201,0.110977093542049,-0.1473570795313919,0.978580361513066,1.2025024719774604,-0.7026539645658552,0.0,0.2104453482043458,-0.7957303657393812,-0.1320216408453801,0.6352098982042783,0.623042399398512,0.4907369165829235,0.6096145619533219,0.9534019870509284,-1.042953943094146,-0.355038907311476,-0.6438362479091579,0.0081329123687887,0.923887288147482,-0.3704341727932632,-0.90832119104226,-0.8523411986906625,319,1,-0.6213414594081836,-0.8997817931124198
639,0,0.0742213975343513,-0.1204612053339201,-0.1344408630618093,-0.6557616525288871,0.978580361513066,1.2025024719774604,-0.642289796896626,0.0,0.0157555730929931,0.0495531864788385,-0.1320216408453801,0.6352098982042783,-0.0104813786226104,0.4907369165829235,0.2284900749383611,-0.8411639896421402,0.3449574316137456,0.279582480052895,0.5040506141306441,-0.2996264461875506,1.3792866238268513,-0.8740180134372624,-0.90832119104226,-0.8523411986906625,320,0,-0.49487548541863174,-0.9013344109178453
640,0,0.0742213975343513,-0.1204612053339201,-0.1344408630618093,-0.6557616525288871,0.978580361513066,1.2025024719774604,-0.642289796896626,0.0,0.0157555730929931,0.0495531864788385,-0.1320216408453801,0.6352098982042783,-0.0104813786226104,0.4907369165829235,0.2284900749383611,-0.8411639896421402,0.3449574316137456,0.279582480052895,0.5040506141306441,-0.2996264461875506,1.3792866238268513,-0.8740180134372624,-0.90832119104226,-0.8523411986906625,320,1,-0.49487548541863174,-0.9013344109178453
641,0,-0.3270136055008128,-0.1204612053339201,-0.1344408630618093,0.3610474934661032,0.978580361513066,1.2025024719774604,-0.642289796896626,0.0,0.2104453482043458,0.8948528614473485,-0.1320216408453801,0.6352098982042783,-0.6439568255651532,1.370371114002377,1.371878074950475,-0.392505381545769,-0.4877555086559428,-0.0377282136292905,1.0142571512985166,-1.2228106068859994,0.4685574366511583,-0.2697112574007837,-0.90832119104226,-0.9021068559029836,321,0,-0.4643551436153919,-0.9026047345768298
642,0,-0.3270136055008128,-0.1204612053339201,-0.1344408630618093,0.3610474934661032,0.978580361513066,1.2025024719774604,-0.642289796896626,0.0,0.2104453482043458,0.8948528614473485,-0.1320216408453801,0.6352098982042783,-0.6439568255651532,1.370371114002377,1.371878074950475,-0.392505381545769,-0.4877555086559428,-0.0377282136292905,1.0142571512985166,-1.2228106068859994,0.4685574366511583,-0.2697112574007837,-0.90832119104226,-0.9021068559029836,321,1,-0.4643551436153919,-0.9026047345768298
643,0,-0.728248608535977,-0.523416230884195,-0.1344408630618093,0.3610474934661032,0.978580361513066,1.2025024719774604,-0.5214693025235582,0.0,0.4051425502545523,0.0495531864788385,-0.1320216408453801,-0.409975441194734,-0.6439568255651532,1.1944402478726854,1.371878074950475,0.2804140749063715,-0.2101562914368412,0.5968931737350806,1.5244247651724334,-0.2996264461875506,0.0131581009717891,-0.9747332447501422,-0.90832119104226,-0.8523411986906625,322,0,-0.5123357736009528,-0.903644090297817
644,0,-0.728248608535977,-0.523416230884195,-0.1344408630618093,0.3610474934661032,0.978580361513066,1.2025024719774604,-0.5214693025235582,0.0,0.4051425502545523,0.0495531864788385,-0.1320216408453801,-0.409975441194734,-0.6439568255651532,1.1944402478726854,1.371878074950475,0.2804140749063715,-0.2101562914368412,0.5968931737350806,1.5244247651724334,-0.2996264461875506,0.0131581009717891,-0.9747332447501422,-0.90832119104226,-0.8523411986906625,322,1,-0.5123357736009528,-0.903644090297817
645,0,-0.728248608535977,-0.523416230884195,-0.0362736804202659,0.3610474934661032,0.978580361513066,1.2025024719774604,-0.7026539645658552,0.0,0.2104453482043458,0.8948528614473485,-0.1320216408453801,0.6352098982042783,-0.9606703834971348,0.4907369165829235,0.6096145619533219,0.0561532265506022,0.6225566488328472,-0.0377282136292905,1.141769862296529,0.9313640305525224,-1.352970421883273,-0.2697112574007837,-0.8367869918952355,-0.8523411986906625,323,0,-0.5515926526800481,-0.8914882542246203
646,0,-0.728248608535977,-0.523416230884195,-0.0362736804202659,0.3610474934661032,0.978580361513066,1.2025024719774604,-0.7026539645658552,0.0,0.2104453482043458,0.8948528614473485,-0.1320216408453801,0.6352098982042783,-0.9606703834971348,0.4907369165829235,0.6096145619533219,0.0561532265506022,0.6225566488328472,-0.0377282136292905,1.141769862296529,0.9313640305525224,-1.352970421883273,-0.2697112574007837,-0.8367869918952355,-0.8523411986906625,323,1,-0.5515926526800481,-0.8914882542246203
647,0,-1.129445347695208,-1.329345496854114,0.0618935022212773,-0.6557616525288871,0.978580361513066,1.2025024719774604,-0.642289796896626,0.0,0.5998323253659051,0.0495531864788385,-0.1320216408453801,-0.409975441194734,-1.594194161518257,-0.3888972808365303,-0.5337734380587921,-1.962742054190652,0.0673582143946439,-1.6241848524113862,-0.2611813450332536,0.9313640305525224,-0.44224123470758,0.2338725832432154,-0.8367869918952355,-0.8523411986906625,324,0,-0.6566567790464408,-0.8815425701647321
648,0,-1.129445347695208,-1.329345496854114,0.0618935022212773,-0.6557616525288871,0.978580361513066,1.2025024719774604,-0.642289796896626,0.0,0.5998323253659051,0.0495531864788385,-0.1320216408453801,-0.409975441194734,-1.594194161518257,-0.3888972808365303,-0.5337734380587921,-1.962742054190652,0.0673582143946439,-1.6241848524113862,-0.2611813450332536,0.9313640305525224,-0.44224123470758,0.2338725832432154,-0.8367869918952355,-0.8523411986906625,324,1,-0.6566567790464408,-0.8815425701647321
649,0,-1.129445347695208,-1.329345496854114,0.0618935022212773,-0.6557616525288871,0.978580361513066,-0.7111644212715653,-0.642289796896626,0.0,0.9892193025274644,0.0495531864788385,-1.2905901162753592,-0.409975441194734,-1.9109077194502389,0.1388818953998749,0.2284900749383611,-0.8411639896421402,0.6225566488328472,0.5968931737350806,-1.154003861783075,0.9313640305525224,-0.8975710862039038,-0.3704341727932632,-0.8367869918952355,-0.8523411986906625,325,0,-0.7426183369825803,-0.8734051922975509
650,0,-1.129445347695208,-1.329345496854114,0.0618935022212773,-0.6557616525288871,0.978580361513066,-0.7111644212715653,-0.642289796896626,0.0,0.9892193025274644,0.0495531864788385,-1.2905901162753592,-0.409975441194734,-1.9109077194502389,0.1388818953998749,0.2284900749383611,-0.8411639896421402,0.6225566488328472,0.5968931737350806,-1.154003861783075,0.9313640305525224,-0.8975710862039038,-0.3704341727932632,-0.8367869918952355,-0.8523411986906625,325,1,-0.7426183369825803,-0.8734051922975509
651,0,-0.728248608535977,-0.9263904713038392,0.0618935022212773,-1.1641662255263825,0.978580361513066,1.2025024719774604,-0.5214693025235582,0.0,0.5998323253659051,0.0495531864788385,-0.1320216408453801,0.6352098982042783,-0.327194936554592,0.3148060504532315,0.2284900749383611,-0.1681760774975834,-1.042953943094146,-0.355038907311476,-1.0264522274911068,-0.9150982058149448,0.0131581009717891,-1.3776018540812611,-0.8367869918952355,-0.8523411986906625,326,0,-0.7400056590831978,-0.8667473376789481
652,0,-0.728248608535977,-0.9263904713038392,0.0618935022212773,-1.1641662255263825,0.978580361513066,1.2025024719774604,-0.5214693025235582,0.0,0.5998323253659051,0.0495531864788385,-0.1320216408453801,0.6352098982042783,-0.327194936554592,0.3148060504532315,0.2284900749383611,-0.1681760774975834,-1.042953943094146,-0.355038907311476,-1.0264522274911068,-0.9150982058149448,0.0131581009717891,-1.3776018540812611,-0.8367869918952355,-0.8523411986906625,326,1,-0.7400056590831978,-0.8667473376789481
653,0,0.0742213975343513,-0.1204612053339201,-0.0362736804202659,-0.6557616525288871,0.978580361513066,1.2025024719774604,-0.642289796896626,0.0,0.0157555730929931,-0.7957303657393812,-0.1320216408453801,0.6352098982042783,-0.0104813786226104,0.4907369165829235,0.6096145619533219,-0.1681760774975834,0.3449574316137456,1.8660391188349903,-1.154003861783075,0.6236046719961829,0.4685574366511583,-0.3704341727932632,-0.90832119104226,-0.8523411986906625,327,0,-0.5919643760618253,-0.8743062201086411
654,0,0.0742213975343513,-0.1204612053339201,-0.0362736804202659,-0.6557616525288871,0.978580361513066,1.2025024719774604,-0.642289796896626,0.0,0.0157555730929931,-0.7957303657393812,-0.1320216408453801,0.6352098982042783,-0.0104813786226104,0.4907369165829235,0.6096145619533219,-0.1681760774975834,0.3449574316137456,1.8660391188349903,-1.154003861783075,0.6236046719961829,0.4685574366511583,-0.3704341727932632,-0.90832119104226,-0.8523411986906625,327,1,-0.5919643760618253,-0.8743062201086411
655,0,-0.3270136055008128,-0.1204612053339201,0.0618935022212773,0.3610474934661032,0.978580361513066,1.2025024719774604,-0.7026539645658552,0.0,0.2104453482043458,0.8948528614473485,-0.1320216408453801,0.6352098982042783,0.3062805103879508,0.6666610716362802,0.9907535879355144,0.9534019870509284,1.4552695891025356,2.183349812517176,-0.5162846136171899,0.0081329123687887,0.0131581009717891,-0.9747332447501422,-0.90832119104226,-0.8523411986906625,328,0,-0.5437915086870957,-0.88049076027839
656,0,-0.3270136055008128,-0.1204612053339201,0.0618935022212773,0.3610474934661032,0.978580361513066,1.2025024719774604,-0.7026539645658552,0.0,0.2104453482043458,0.8948528614473485,-0.1320216408453801,0.6352098982042783,0.3062805103879508,0.6666610716362802,0.9907535879355144,0.9534019870509284,1.4552695891025356,2.183349812517176,-0.5162846136171899,0.0081329123687887,0.0131581009717891,-0.9747332447501422,-0.90832119104226,-0.8523411986906625,328,1,-0.5437915086870957,-0.88049076027839
657,0,0.0742213975343513,-0.1204612053339201,-0.0853572717410376,-0.6557616525288871,0.978580361513066,1.2025024719774604,-0.642289796896626,0.0,0.0157555730929931,0.0495531864788385,-0.1320216408453801,0.6352098982042783,0.3062805103879508,0.6666610716362802,0.6096145619533219,0.7290726830027427,1.732868806321637,-0.0377282136292905,-0.1336686340352409,0.0081329123687887,0.923887288147482,0.4353030458689751,-0.8367869918952355,-0.8025764906793029,329,0,-0.4314255257377417,-0.8725446205723619
658,0,0.0742213975343513,-0.1204612053339201,-0.0853572717410376,-0.6557616525288871,0.978580361513066,1.2025024719774604,-0.642289796896626,0.0,0.0157555730929931,0.0495531864788385,-0.1320216408453801,0.6352098982042783,0.3062805103879508,0.6666610716362802,0.6096145619533219,0.7290726830027427,1.732868806321637,-0.0377282136292905,-0.1336686340352409,0.0081329123687887,0.923887288147482,0.4353030458689751,-0.8367869918952355,-0.8025764906793029,329,1,-0.4314255257377417,-0.8725446205723619
659,0,0.0742213975343513,-0.1204612053339201,-0.0362736804202659,0.3610474934661032,0.978580361513066,1.2025024719774604,-0.642289796896626,0.0,0.2104453482043458,0.0495531864788385,-0.1320216408453801,0.6352098982042783,-0.6439568255651532,1.0185160928193289,0.9907535879355144,-0.392505381545769,1.1777550832710504,-0.0377282136292905,0.7591538827145803,-0.9150982058149448,0.0131581009717891,-0.3704341727932632,-0.7652541571495758,-0.8025764906793029,330,0,-0.339489721506452,-0.8530372635864008
660,0,0.0742213975343513,-0.1204612053339201,-0.0362736804202659,0.3610474934661032,0.978580361513066,1.2025024719774604,-0.642289796896626,0.0,0.2104453482043458,0.0495531864788385,-0.1320216408453801,0.6352098982042783,-0.6439568255651532,1.0185160928193289,0.9907535879355144,-0.392505381545769,1.1777550832710504,-0.0377282136292905,0.7591538827145803,-0.9150982058149448,0.0131581009717891,-0.3704341727932632,-0.7652541571495758,-0.8025764906793029,330,1,-0.339489721506452,-0.8530372635864008
661,0,-0.3270136055008128,-0.523416230884195,0.110977093542049,0.3610474934661032,0.978580361513066,1.2025024719774604,-0.5214693025235582,0.0,0.2104453482043458,0.0495531864788385,-0.1320216408453801,0.6352098982042783,0.623042399398512,1.1944402478726854,1.371878074950475,0.0561532265506022,-0.7653547258750445,0.914107037788434,0.7591538827145803,0.0081329123687887,-0.44224123470758,0.1331496678507358,-0.8367869918952355,-0.8025764906793029,331,0,-0.3372213367781539,-0.8500826687334616
662,0,-0.3270136055008128,-0.523416230884195,0.110977093542049,0.3610474934661032,0.978580361513066,1.2025024719774604,-0.5214693025235582,0.0,0.2104453482043458,0.0495531864788385,-0.1320216408453801,0.6352098982042783,0.623042399398512,1.1944402478726854,1.371878074950475,0.0561532265506022,-0.7653547258750445,0.914107037788434,0.7591538827145803,0.0081329123687887,-0.44224123470758,0.1331496678507358,-0.8367869918952355,-0.8025764906793029,331,1,-0.3372213367781539,-0.8500826687334616
663,0,-0.3270136055008128,-0.1204612053339201,-0.0853572717410376,0.3610474934661032,0.978580361513066,1.2025024719774604,-0.642289796896626,0.0,0.0157555730929931,0.0495531864788385,-0.1320216408453801,-0.409975441194734,-0.327194936554592,0.8425919377659722,0.9907535879355144,-2.411332206594607,0.3449574316137456,-0.355038907311476,0.7591538827145803,-0.6073388472586053,0.923887288147482,-0.3704341727932632,-0.8367869918952355,-0.8025764906793029,332,0,-0.33536538563681917,-0.8476652729446932
664,0,-0.3270136055008128,-0.1204612053339201,-0.0853572717410376,0.3610474934661032,0.978580361513066,1.2025024719774604,-0.642289796896626,0.0,0.0157555730929931,0.0495531864788385,-0.1320216408453801,-0.409975441194734,-0.327194936554592,0.8425919377659722,0.9907535879355144,-2.411332206594607,0.3449574316137456,-0.355038907311476,0.7591538827145803,-0.6073388472586053,0.923887288147482,-0.3704341727932632,-0.8367869918952355,-0.8025764906793029,332,1,-0.33536538563681917,-0.8476652729446932
665,0,-0.728248608535977,-0.9263904713038392,0.110977093542049,0.3610474934661032,0.978580361513066,-0.7111644212715653,-0.7026539645658552,0.0,0.4051425502545523,0.8948528614473485,-0.1320216408453801,0.6352098982042783,-0.327194936554592,0.6666610716362802,0.6096145619533219,-0.392505381545769,1.1777550832710504,-0.0377282136292905,0.3765379031326314,0.6236046719961829,1.834616475323175,0.2338725832432154,-0.7652541571495758,-0.8025764906793029,333,0,-0.4067986988912115,-0.8326814337092172
666,0,-0.728248608535977,-0.9263904713038392,0.110977093542049,0.3610474934661032,0.978580361513066,-0.7111644212715653,-0.7026539645658552,0.0,0.4051425502545523,0.8948528614473485,-0.1320216408453801,0.6352098982042783,-0.327194936554592,0.6666610716362802,0.6096145619533219,-0.392505381545769,1.1777550832710504,-0.0377282136292905,0.3765379031326314,0.6236046719961829,1.834616475323175,0.2338725832432154,-0.7652541571495758,-0.8025764906793029,333,1,-0.4067986988912115,-0.8326814337092172
667,0,-1.129445347695208,-0.9263904713038392,0.0618935022212773,0.3610474934661032,0.978580361513066,1.2025024719774604,-0.7026539645658552,0.0,0.5998323253659051,-0.7957303657393812,-0.1320216408453801,-0.409975441194734,-0.9606703834971348,0.1388818953998749,-0.1526344120765995,-0.6168346855939546,0.0673582143946439,0.5968931737350806,-0.1336686340352409,0.3158922709251282,0.0131581009717891,-0.2697112574007837,-0.8367869918952355,-0.8025764906793029,334,0,-0.5381889986737562,-0.8334278988339477
668,0,-1.129445347695208,-0.9263904713038392,0.0618935022212773,0.3610474934661032,0.978580361513066,1.2025024719774604,-0.7026539645658552,0.0,0.5998323253659051,-0.7957303657393812,-0.1320216408453801,-0.409975441194734,-0.9606703834971348,0.1388818953998749,-0.1526344120765995,-0.6168346855939546,0.0673582143946439,0.5968931737350806,-0.1336686340352409,0.3158922709251282,0.0131581009717891,-0.2697112574007837,-0.8367869918952355,-0.8025764906793029,334,1,-0.5381889986737562,-0.8334278988339477
669,0,-0.728248608535977,-0.9263904713038392,0.0618935022212773,-1.1641662255263825,0.978580361513066,1.2025024719774604,-0.642289796896626,0.0,0.5998323253659051,0.0495531864788385,-0.1320216408453801,0.6352098982042783,-1.9109077194502389,0.3148060504532315,0.2284900749383611,-0.8411639896421402,-0.2101562914368412,-2.2588062397757573,-0.5162846136171899,0.0081329123687887,-1.8083002733795968,-0.0682807947750239,-0.8367869918952355,-0.8025764906793029,335,0,-0.5727452913759782,-0.8340386430269091
670,0,-0.728248608535977,-0.9263904713038392,0.0618935022212773,-1.1641662255263825,0.978580361513066,1.2025024719774604,-0.642289796896626,0.0,0.5998323253659051,0.0495531864788385,-0.1320216408453801,0.6352098982042783,-1.9109077194502389,0.3148060504532315,0.2284900749383611,-0.8411639896421402,-0.2101562914368412,-2.2588062397757573,-0.5162846136171899,0.0081329123687887,-1.8083002733795968,-0.0682807947750239,-0.8367869918952355,-0.8025764906793029,335,1,-0.5727452913759782,-0.8340386430269091
671,0,-0.728248608535977,-0.9263904713038392,0.110977093542049,-0.6557616525288871,0.978580361513066,-0.7111644212715653,-0.5818795497100921,0.0,0.5998323253659051,-0.7957303657393812,-0.1320216408453801,0.6352098982042783,0.3062805103879508,0.6666610716362802,0.6096145619533219,-0.6168346855939546,-0.2101562914368412,0.5968931737350806,-1.154003861783075,0.0081329123687887,-2.263699609058966,0.1331496678507358,-0.8367869918952355,-0.8025764906793029,336,0,-0.6010186217687052,-0.8345383428211502
672,0,-0.728248608535977,-0.9263904713038392,0.110977093542049,-0.6557616525288871,0.978580361513066,-0.7111644212715653,-0.5818795497100921,0.0,0.5998323253659051,-0.7957303657393812,-0.1320216408453801,0.6352098982042783,0.3062805103879508,0.6666610716362802,0.6096145619533219,-0.6168346855939546,-0.2101562914368412,0.5968931737350806,-1.154003861783075,0.0081329123687887,-2.263699609058966,0.1331496678507358,-0.8367869918952355,-0.8025764906793029,336,1,-0.6010186217687052,-0.8345383428211502
673,0,0.0742213975343513,-0.1204612053339201,0.0128099109005057,-0.6557616525288871,0.978580361513066,1.2025024719774604,-0.642289796896626,0.0,-0.1789342020183596,0.0495531864788385,1.026546834584599,0.6352098982042783,0.623042399398512,0.8425919377659722,0.6096145619533219,-0.392505381545769,0.3449574316137456,-0.355038907311476,-1.154003861783075,-0.6073388472586053,0.4685574366511583,-0.2697112574007837,-0.7652541571495758,-0.7528108334669817,337,0,-0.47824770916814946,-0.8219412181535912
674,0,0.0742213975343513,-0.1204612053339201,0.0128099109005057,-0.6557616525288871,0.978580361513066,1.2025024719774604,-0.642289796896626,0.0,-0.1789342020183596,0.0495531864788385,1.026546834584599,0.6352098982042783,0.623042399398512,0.8425919377659722,0.6096145619533219,-0.392505381545769,0.3449574316137456,-0.355038907311476,-1.154003861783075,-0.6073388472586053,0.4685574366511583,-0.2697112574007837,-0.7652541571495758,-0.7528108334669817,337,1,-0.47824770916814946,-0.8219412181535912
675,0,0.0742213975343513,0.2825130350857242,0.1600513231250139,0.3610474934661032,0.978580361513066,1.2025024719774604,-0.7026539645658552,0.0,-0.1789342020183596,0.0495531864788385,-0.1320216408453801,0.6352098982042783,1.256517846341055,0.6666610716362802,0.6096145619533219,-0.6168346855939546,0.9001558660519489,1.2314177314706196,-1.281555496075043,0.0081329123687887,0.923887288147482,0.3345878145560952,-0.7652541571495758,-0.7528108334669817,338,0,-0.37779878067678563,-0.8116344797892248
676,0,0.0742213975343513,0.2825130350857242,0.1600513231250139,0.3610474934661032,0.978580361513066,1.2025024719774604,-0.7026539645658552,0.0,-0.1789342020183596,0.0495531864788385,-0.1320216408453801,0.6352098982042783,1.256517846341055,0.6666610716362802,0.6096145619533219,-0.6168346855939546,0.9001558660519489,1.2314177314706196,-1.281555496075043,0.0081329123687887,0.923887288147482,0.3345878145560952,-0.7652541571495758,-0.7528108334669817,338,1,-0.37779878067678563,-0.8116344797892248
677,0,0.0742213975343513,-0.1204612053339201,0.110977093542049,0.3610474934661032,0.978580361513066,1.2025024719774604,-0.7026539645658552,0.0,0.0157555730929931,-0.7957303657393812,-0.1320216408453801,0.6352098982042783,0.623042399398512,0.8425919377659722,0.9907535879355144,1.401992139454883,0.0673582143946439,0.914107037788434,0.3765379031326314,-0.2996264461875506,0.923887288147482,-0.2697112574007837,-0.7652541571495758,-0.7528108334669817,339,0,-0.29561329372930617,-0.803201693854743
678,0,0.0742213975343513,-0.1204612053339201,0.110977093542049,0.3610474934661032,0.978580361513066,1.2025024719774604,-0.7026539645658552,0.0,0.0157555730929931,-0.7957303657393812,-0.1320216408453801,0.6352098982042783,0.623042399398512,0.8425919377659722,0.9907535879355144,1.401992139454883,0.0673582143946439,0.914107037788434,0.3765379031326314,-0.2996264461875506,0.923887288147482,-0.2697112574007837,-0.7652541571495758,-0.7528108334669817,339,1,-0.29561329372930617,-0.803201693854743
679,0,0.0742213975343513,-0.1204612053339201,-0.0853572717410376,0.3610474934661032,0.978580361513066,1.2025024719774604,-0.642289796896626,0.0,0.0157555730929931,1.7401525364158583,1.026546834584599,0.6352098982042783,-0.6439568255651532,1.0185160928193289,0.6096145619533219,-0.8411639896421402,1.4552695891025356,0.914107037788434,1.2693214965884974,0.9313640305525224,-1.8083002733795968,0.0324344365378559,-0.7652541571495758,-0.7528108334669817,340,0,-0.22837062259045934,-0.7963021417265308
680,0,0.0742213975343513,-0.1204612053339201,-0.0853572717410376,0.3610474934661032,0.978580361513066,1.2025024719774604,-0.642289796896626,0.0,0.0157555730929931,1.7401525364158583,1.026546834584599,0.6352098982042783,-0.6439568255651532,1.0185160928193289,0.6096145619533219,-0.8411639896421402,1.4552695891025356,0.914107037788434,1.2693214965884974,0.9313640305525224,-1.8083002733795968,0.0324344365378559,-0.7652541571495758,-0.7528108334669817,340,1,-0.22837062259045934,-0.7963021417265308
681,0,-0.728248608535977,-0.523416230884195,-0.0362736804202659,0.3610474934661032,0.978580361513066,-0.7111644212715653,-0.642289796896626,0.0,0.5998323253659051,-0.7957303657393812,-0.1320216408453801,-0.409975441194734,-0.6439568255651532,1.1944402478726854,0.9907535879355144,-0.1681760774975834,-1.320553160313248,0.279582480052895,1.6519763994644017,-0.6073388472586053,0.4685574366511583,0.636733508494735,-0.7652541571495758,-0.7528108334669817,341,0,-0.319257529126008,-0.7906570536216297
682,0,-0.728248608535977,-0.523416230884195,-0.0362736804202659,0.3610474934661032,0.978580361513066,-0.7111644212715653,-0.642289796896626,0.0,0.5998323253659051,-0.7957303657393812,-0.1320216408453801,-0.409975441194734,-0.6439568255651532,1.1944402478726854,0.9907535879355144,-0.1681760774975834,-1.320553160313248,0.279582480052895,1.6519763994644017,-0.6073388472586053,0.4685574366511583,0.636733508494735,-0.7652541571495758,-0.7528108334669817,341,1,-0.319257529126008,-0.7906570536216297
683,0,-0.728248608535977,-0.9263904713038392,0.0618935022212773,-1.1641662255263825,0.978580361513066,1.2025024719774604,-0.5818795497100921,0.0,0.2104453482043458,0.8948528614473485,-0.1320216408453801,-0.409975441194734,-0.9606703834971348,0.8425919377659722,0.9907535879355144,-1.0654248379979097,0.3449574316137456,2.50056367657053,1.2693214965884974,1.239076431623577,0.923887288147482,-0.1689960260879038,-0.7652541571495758,-0.7528108334669817,342,0,-0.39361954356418416,-0.7860383451721653
684,0,-0.728248608535977,-0.9263904713038392,0.0618935022212773,-1.1641662255263825,0.978580361513066,1.2025024719774604,-0.5818795497100921,0.0,0.2104453482043458,0.8948528614473485,-0.1320216408453801,-0.409975441194734,-0.9606703834971348,0.8425919377659722,0.9907535879355144,-1.0654248379979097,0.3449574316137456,2.50056367657053,1.2693214965884974,1.239076431623577,0.923887288147482,-0.1689960260879038,-0.7652541571495758,-0.7528108334669817,342,1,-0.39361954356418416,-0.7860383451721653
685,0,-1.129445347695208,-0.9263904713038392,0.0128099109005057,-0.6557616525288871,0.978580361513066,1.2025024719774604,-0.7026539645658552,0.0,0.5998323253659051,0.0495531864788385,-0.1320216408453801,-1.4550013077009485,-1.277432272507696,0.3148060504532315,0.2284900749383611,-1.514083446094281,1.1777550832710504,-0.9895634650470152,0.7591538827145803,0.6236046719961829,0.923887288147482,-0.8740180134372624,-0.6937199580025514,-0.7528108334669817,343,0,-0.5274060534061884,-0.7692531838685991
686,0,-1.129445347695208,-0.9263904713038392,0.0128099109005057,-0.6557616525288871,0.978580361513066,1.2025024719774604,-0.7026539645658552,0.0,0.5998323253659051,0.0495531864788385,-0.1320216408453801,-1.4550013077009485,-1.277432272507696,0.3148060504532315,0.2284900749383611,-1.514083446094281,1.1777550832710504,-0.9895634650470152,0.7591538827145803,0.6236046719961829,0.923887288147482,-0.8740180134372624,-0.6937199580025514,-0.7528108334669817,343,1,-0.5274060534061884,-0.7692531838685991
687,0,-1.530680350730372,-1.329345496854114,0.0618935022212773,-0.6557616525288871,0.978580361513066,1.2025024719774604,-0.7026539645658552,0.0,0.7945295274161116,-0.7957303657393812,-0.1320216408453801,-1.4550013077009485,-1.277432272507696,-0.2129731257831736,-0.1526344120765995,-0.392505381545769,-0.7653547258750445,0.279582480052895,-0.0061169997432728,-0.2996264461875506,-0.8975710862039038,-0.0682807947750239,-0.7652541571495758,-0.7528108334669817,344,0,-0.7098195620105854,-0.7685260881015039
688,0,-1.530680350730372,-1.329345496854114,0.0618935022212773,-0.6557616525288871,0.978580361513066,1.2025024719774604,-0.7026539645658552,0.0,0.7945295274161116,-0.7957303657393812,-0.1320216408453801,-1.4550013077009485,-1.277432272507696,-0.2129731257831736,-0.1526344120765995,-0.392505381545769,-0.7653547258750445,0.279582480052895,-0.0061169997432728,-0.2996264461875506,-0.8975710862039038,-0.0682807947750239,-0.7652541571495758,-0.7528108334669817,344,1,-0.7098195620105854,-0.7685260881015039
689,0,-0.728248608535977,-0.9263904713038392,0.110977093542049,-1.1641662255263825,0.978580361513066,1.2025024719774604,-0.7026539645658552,0.0,0.5998323253659051,0.8948528614473485,-0.1320216408453801,0.6352098982042783,-1.594194161518257,-0.2129731257831736,-0.5337734380587921,-1.514083446094281,0.0673582143946439,-0.355038907311476,-0.5162846136171899,-0.9150982058149448,0.4685574366511583,0.7374564238872144,-0.6937199580025514,-0.7030451762546606,345,0,-0.7131702977424748,-0.754924973538058
690,0,-0.728248608535977,-0.9263904713038392,0.110977093542049,-1.1641662255263825,0.978580361513066,1.2025024719774604,-0.7026539645658552,0.0,0.5998323253659051,0.8948528614473485,-0.1320216408453801,0.6352098982042783,-1.594194161518257,-0.2129731257831736,-0.5337734380587921,-1.514083446094281,0.0673582143946439,-0.355038907311476,-0.5162846136171899,-0.9150982058149448,0.4685574366511583,0.7374564238872144,-0.6937199580025514,-0.7030451762546606,345,1,-0.7131702977424748,-0.754924973538058
691,0,-0.728248608535977,-0.9263904713038392,0.110977093542049,-0.6557616525288871,0.978580361513066,1.2025024719774604,-0.642289796896626,0.0,0.5998323253659051,0.0495531864788385,-0.1320216408453801,0.6352098982042783,-0.327194936554592,0.4907369165829235,0.2284900749383611,-0.392505381545769,0.0673582143946439,-1.6241848524113862,-1.409107130367011,0.9313640305525224,-0.8975710862039038,0.3345878145560952,-0.622185758855527,-0.7030451762546606,346,0,-0.7159118087958387,-0.7307905708685069
692,0,-0.728248608535977,-0.9263904713038392,0.110977093542049,-0.6557616525288871,0.978580361513066,1.2025024719774604,-0.642289796896626,0.0,0.5998323253659051,0.0495531864788385,-0.1320216408453801,0.6352098982042783,-0.327194936554592,0.4907369165829235,0.2284900749383611,-0.392505381545769,0.0673582143946439,-1.6241848524113862,-1.409107130367011,0.9313640305525224,-0.8975710862039038,0.3345878145560952,-0.622185758855527,-0.7030451762546606,346,1,-0.7159118087958387,-0.7307905708685069
693,0,0.0742213975343513,-0.1204612053339201,0.0618935022212773,-0.6557616525288871,0.978580361513066,1.2025024719774604,-0.5214693025235582,0.0,0.0157555730929931,0.8948528614473485,-0.1320216408453801,0.6352098982042783,0.623042399398512,0.6666610716362802,0.6096145619533219,1.8506507475512544,0.3449574316137456,-0.0377282136292905,-1.0264522274911068,0.9313640305525224,0.4685574366511583,-0.1689960260879038,-0.622185758855527,-0.7030451762546606,347,0,-0.5722512258267133,-0.7110442414116014
694,0,0.0742213975343513,-0.1204612053339201,0.0618935022212773,-0.6557616525288871,0.978580361513066,1.2025024719774604,-0.5214693025235582,0.0,0.0157555730929931,0.8948528614473485,-0.1320216408453801,0.6352098982042783,0.623042399398512,0.6666610716362802,0.6096145619533219,1.8506507475512544,0.3449574316137456,-0.0377282136292905,-1.0264522274911068,0.9313640305525224,0.4685574366511583,-0.1689960260879038,-0.622185758855527,-0.7030451762546606,347,1,-0.5722512258267133,-0.7110442414116014
695,0,0.0742213975343513,0.2825130350857242,0.1600513231250139,0.3610474934661032,0.978580361513066,1.2025024719774604,-0.7026539645658552,0.0,-0.1789342020183596,-1.641030040707891,-0.1320216408453801,0.6352098982042783,0.623042399398512,0.8425919377659722,0.9907535879355144,-0.8411639896421402,-0.4877555086559428,-0.355038907311476,-0.6438362479091579,-2.453801083626072,-0.44224123470758,-0.7732950980447828,-0.622185758855527,-0.7030451762546606,348,0,-0.4547107488519742,-0.6948881536741333
696,0,0.0742213975343513,0.2825130350857242,0.1600513231250139,0.3610474934661032,0.978580361513066,1.2025024719774604,-0.7026539645658552,0.0,-0.1789342020183596,-1.641030040707891,-0.1320216408453801,0.6352098982042783,0.623042399398512,0.8425919377659722,0.9907535879355144,-0.8411639896421402,-0.4877555086559428,-0.355038907311476,-0.6438362479091579,-2.453801083626072,-0.44224123470758,-0.7732950980447828,-0.622185758855527,-0.7030451762546606,348,1,-0.4547107488519742,-0.6948881536741333
697,0,0.0742213975343513,-0.1204612053339201,0.110977093542049,0.3610474934661032,0.978580361513066,-0.7111644212715653,-0.7026539645658552,0.0,0.0157555730929931,-0.7957303657393812,-0.1320216408453801,0.6352098982042783,0.3062805103879508,0.8425919377659722,0.9907535879355144,0.7290726830027427,-1.042953943094146,1.548728425152805,-0.0061169997432728,0.6236046719961829,0.4685574366511583,-0.0682807947750239,-0.622185758855527,-0.6532795190423395,349,0,-0.35854126769082406,-0.6816695364343867
698,0,0.0742213975343513,-0.1204612053339201,0.110977093542049,0.3610474934661032,0.978580361513066,-0.7111644212715653,-0.7026539645658552,0.0,0.0157555730929931,-0.7957303657393812,-0.1320216408453801,0.6352098982042783,0.3062805103879508,0.8425919377659722,0.9907535879355144,0.7290726830027427,-1.042953943094146,1.548728425152805,-0.0061169997432728,0.6236046719961829,0.4685574366511583,-0.0682807947750239,-0.622185758855527,-0.6532795190423395,349,1,-0.35854126769082406,-0.6816695364343867
699,0,0.0742213975343513,-0.1204612053339201,-0.0362736804202659,0.3610474934661032,0.978580361513066,1.2025024719774604,-0.642289796896626,0.0,0.0157555730929931,0.0495531864788385,-0.1320216408453801,0.6352098982042783,-0.327194936554592,0.8425919377659722,0.9907535879355144,-0.1681760774975834,0.0673582143946439,-1.6241848524113862,0.7591538827145803,-0.9150982058149448,-0.8975710862039038,-0.0682807947750239,-0.622185758855527,-0.6532795190423395,350,0,-0.27985714674079215,-0.6708543041473213
700,0,0.0742213975343513,-0.1204612053339201,-0.0362736804202659,0.3610474934661032,0.978580361513066,1.2025024719774604,-0.642289796896626,0.0,0.0157555730929931,0.0495531864788385,-0.1320216408453801,0.6352098982042783,-0.327194936554592,0.8425919377659722,0.9907535879355144,-0.1681760774975834,0.0673582143946439,-1.6241848524113862,0.7591538827145803,-0.9150982058149448,-0.8975710862039038,-0.0682807947750239,-0.622185758855527,-0.6532795190423395,350,1,-0.27985714674079215,-0.6708543041473213
701,0,-0.3270136055008128,-0.523416230884195,0.0128099109005057,0.3610474934661032,0.978580361513066,1.2025024719774604,-0.642289796896626,0.0,0.4051425502545523,0.8948528614473485,-0.1320216408453801,-0.409975441194734,-0.9606703834971348,1.1944402478726854,1.371878074950475,-1.514083446094281,1.4552695891025356,-0.0377282136292905,1.141769862296529,-0.2996264461875506,-1.352970421883273,0.0324344365378559,-0.622185758855527,-0.7030451762546606,351,0,-0.2884310483335232,-0.6620054777306313
702,0,-0.3270136055008128,-0.523416230884195,0.0128099109005057,0.3610474934661032,0.978580361513066,1.2025024719774604,-0.642289796896626,0.0,0.4051425502545523,0.8948528614473485,-0.1320216408453801,-0.409975441194734,-0.9606703834971348,1.1944402478726854,1.371878074950475,-1.514083446094281,1.4552695891025356,-0.0377282136292905,1.141769862296529,-0.2996264461875506,-1.352970421883273,0.0324344365378559,-0.622185758855527,-0.7030451762546606,351,1,-0.2884310483335232,-0.6620054777306313
703,0,-0.728248608535977,-0.9263904713038392,-0.0362736804202659,0.3610474934661032,0.978580361513066,-0.7111644212715653,-0.5214693025235582,0.0,0.4051425502545523,0.0495531864788385,1.026546834584599,-0.409975441194734,-0.327194936554592,0.8425919377659722,0.9907535879355144,0.2804140749063715,-1.320553160313248,0.5968931737350806,1.2693214965884974,0.9313640305525224,0.0131581009717891,0.9388868865129744,-0.5506515597085025,-0.6035138618300183,352,0,-0.36839787746124203,-0.6417593108175169
704,0,-0.728248608535977,-0.9263904713038392,-0.0362736804202659,0.3610474934661032,0.978580361513066,-0.7111644212715653,-0.5214693025235582,0.0,0.4051425502545523,0.0495531864788385,1.026546834584599,-0.409975441194734,-0.327194936554592,0.8425919377659722,0.9907535879355144,0.2804140749063715,-1.320553160313248,0.5968931737350806,1.2693214965884974,0.9313640305525224,0.0131581009717891,0.9388868865129744,-0.5506515597085025,-0.6035138618300183,352,1,-0.36839787746124203,-0.6417593108175169
705,0,-0.728248608535977,-0.523416230884195,0.0618935022212773,0.3610474934661032,0.978580361513066,1.2025024719774604,-0.7026539645658552,0.0,0.4051425502545523,-1.641030040707891,-0.1320216408453801,-0.409975441194734,-0.6439568255651532,0.3148060504532315,0.2284900749383611,0.2804140749063715,1.1777550832710504,1.548728425152805,0.3765379031326314,0.0081329123687887,0.0131581009717891,-0.0682807947750239,-0.622185758855527,-0.6532795190423395,353,0,-0.43382528311119384,-0.6382004831880642
706,0,-0.728248608535977,-0.523416230884195,0.0618935022212773,0.3610474934661032,0.978580361513066,1.2025024719774604,-0.7026539645658552,0.0,0.4051425502545523,-1.641030040707891,-0.1320216408453801,-0.409975441194734,-0.6439568255651532,0.3148060504532315,0.2284900749383611,0.2804140749063715,1.1777550832710504,1.548728425152805,0.3765379031326314,0.0081329123687887,0.0131581009717891,-0.0682807947750239,-0.622185758855527,-0.6532795190423395,353,1,-0.43382528311119384,-0.6382004831880642
707,0,-1.129445347695208,-0.9263904713038392,0.110977093542049,0.3610474934661032,0.978580361513066,1.2025024719774604,-0.642289796896626,0.0,0.5998323253659051,-0.7957303657393812,-0.1320216408453801,-0.409975441194734,-0.6439568255651532,-0.0370422596534817,-0.1526344120765995,-1.2897541420460952,1.1777550832710504,0.279582480052895,-0.2611813450332536,0.3158922709251282,1.3792866238268513,0.0324344365378559,-0.5506515597085025,-0.6532795190423395,354,0,-0.5603016584901055,-0.6222824971008711
708,0,-1.129445347695208,-0.9263904713038392,0.110977093542049,0.3610474934661032,0.978580361513066,1.2025024719774604,-0.642289796896626,0.0,0.5998323253659051,-0.7957303657393812,-0.1320216408453801,-0.409975441194734,-0.6439568255651532,-0.0370422596534817,-0.1526344120765995,-1.2897541420460952,1.1777550832710504,0.279582480052895,-0.2611813450332536,0.3158922709251282,1.3792866238268513,0.0324344365378559,-0.5506515597085025,-0.6532795190423395,354,1,-0.5603016584901055,-0.6222824971008711
709,0,-0.728248608535977,-0.523416230884195,0.1600513231250139,-1.1641662255263825,0.978580361513066,1.2025024719774604,-0.7026539645658552,0.0,0.4051425502545523,0.0495531864788385,-0.1320216408453801,-0.409975441194734,-0.9606703834971348,-0.2129731257831736,-0.5337734380587921,-0.1681760774975834,-0.4877555086559428,-0.355038907311476,-0.8989005931991387,0.0081329123687887,1.3792866238268513,0.0324344365378559,-0.5506515597085025,-0.6532795190423395,355,0,-0.5908374675893548,-0.6092586903022587
710,0,-0.728248608535977,-0.523416230884195,0.1600513231250139,-1.1641662255263825,0.978580361513066,1.2025024719774604,-0.7026539645658552,0.0,0.4051425502545523,0.0495531864788385,-0.1320216408453801,-0.409975441194734,-0.9606703834971348,-0.2129731257831736,-0.5337734380587921,-0.1681760774975834,-0.4877555086559428,-0.355038907311476,-0.8989005931991387,0.0081329123687887,1.3792866238268513,0.0324344365378559,-0.5506515597085025,-0.6532795190423395,355,1,-0.5908374675893548,-0.6092586903022587
711,0,-0.3270136055008128,-0.523416230884195,0.0618935022212773,-0.6557616525288871,0.978580361513066,1.2025024719774604,-0.7026539645658552,0.0,0.4051425502545523,1.7401525364158583,-0.1320216408453801,0.6352098982042783,-1.594194161518257,0.6666610716362802,0.6096145619533219,1.8506507475512544,0.6225566488328472,-0.0377282136292905,-1.919274744240928,-2.453801083626072,-1.352970421883273,0.1331496678507358,-0.622185758855527,-0.6532795190423395,356,0,-0.5428694926641654,-0.6116090664028528
712,0,-0.3270136055008128,-0.523416230884195,0.0618935022212773,-0.6557616525288871,0.978580361513066,1.2025024719774604,-0.7026539645658552,0.0,0.4051425502545523,1.7401525364158583,-0.1320216408453801,0.6352098982042783,-1.594194161518257,0.6666610716362802,0.6096145619533219,1.8506507475512544,0.6225566488328472,-0.0377282136292905,-1.919274744240928,-2.453801083626072,-1.352970421883273,0.1331496678507358,-0.622185758855527,-0.6532795190423395,356,1,-0.5428694926641654,-0.6116090664028528
713,0,-0.3270136055008128,-0.1204612053339201,0.1600513231250139,-0.6557616525288871,0.978580361513066,-0.7111644212715653,-0.5818795497100921,0.0,0.2104453482043458,-0.7957303657393812,-0.1320216408453801,-0.409975441194734,0.623042399398512,0.8425919377659722,0.6096145619533219,1.401992139454883,-0.2101562914368412,1.8660391188349903,-1.5366198413650238,0.0081329123687887,-0.8975710862039038,-0.8740180134372624,-0.5506515597085025,-0.6532795190423395,357,0,-0.503622967725374,-0.6005258833675163
714,0,-0.3270136055008128,-0.1204612053339201,0.1600513231250139,-0.6557616525288871,0.978580361513066,-0.7111644212715653,-0.5818795497100921,0.0,0.2104453482043458,-0.7957303657393812,-0.1320216408453801,-0.409975441194734,0.623042399398512,0.8425919377659722,0.6096145619533219,1.401992139454883,-0.2101562914368412,1.8660391188349903,-1.5366198413650238,0.0081329123687887,-0.8975710862039038,-0.8740180134372624,-0.5506515597085025,-0.6532795190423395,357,1,-0.503622967725374,-0.6005258833675163
715,0,0.4754564005695154,0.6854680606359991,0.0618935022212773,0.3610474934661032,0.978580361513066,1.2025024719774604,-0.5818795497100921,0.0,-0.3736314040685661,0.0495531864788385,-0.1320216408453801,0.6352098982042783,0.623042399398512,1.0185160928193289,0.9907535879355144,-1.514083446094281,0.6225566488328472,-0.355038907311476,-0.5162846136171899,0.0081329123687887,-0.8975710862039038,0.1331496678507358,-0.622185758855527,-0.6532795190423395,358,0,-0.32560853712630317,-0.6044640425471546
716,0,0.4754564005695154,0.6854680606359991,0.0618935022212773,0.3610474934661032,0.978580361513066,1.2025024719774604,-0.5818795497100921,0.0,-0.3736314040685661,0.0495531864788385,-0.1320216408453801,0.6352098982042783,0.623042399398512,1.0185160928193289,0.9907535879355144,-1.514083446094281,0.6225566488328472,-0.355038907311476,-0.5162846136171899,0.0081329123687887,-0.8975710862039038,0.1331496678507358,-0.622185758855527,-0.6532795190423395,358,1,-0.32560853712630317,-0.6044640425471546
717,0,0.4754564005695154,0.6854680606359991,0.110977093542049,0.3610474934661032,0.978580361513066,1.2025024719774604,-0.7026539645658552,0.0,-0.1789342020183596,0.0495531864788385,-0.1320216408453801,0.6352098982042783,0.9397559573304936,1.1944402478726854,1.371878074950475,0.5047433789545571,-1.042953943094146,-0.0377282136292905,0.8867055170065484,-0.2996264461875506,2.290015811002544,-0.4711494041061431,-0.622185758855527,-0.6035138618300183,359,0,-0.17996036663615433,-0.6076861727850404
718,0,0.4754564005695154,0.6854680606359991,0.110977093542049,0.3610474934661032,0.978580361513066,1.2025024719774604,-0.7026539645658552,0.0,-0.1789342020183596,0.0495531864788385,-0.1320216408453801,0.6352098982042783,0.9397559573304936,1.1944402478726854,1.371878074950475,0.5047433789545571,-1.042953943094146,-0.0377282136292905,0.8867055170065484,-0.2996264461875506,2.290015811002544,-0.4711494041061431,-0.622185758855527,-0.6035138618300183,359,1,-0.17996036663615433,-0.6076861727850404
719,0,-0.3270136055008128,-0.1204612053339201,0.0618935022212773,0.3610474934661032,0.978580361513066,1.2025024719774604,-0.7026539645658552,0.0,0.2104453482043458,0.8948528614473485,-0.1320216408453801,0.6352098982042783,-0.0104813786226104,1.0185160928193289,0.9907535879355144,-1.0654248379979097,0.3449574316137456,-1.941495546093572,1.9070407447543825,1.239076431623577,1.3792866238268513,0.3345878145560952,-0.5506515597085025,-0.6035138618300183,360,0,-0.20669731915700132,-0.5973162431347608
720,0,-0.3270136055008128,-0.1204612053339201,0.0618935022212773,0.3610474934661032,0.978580361513066,1.2025024719774604,-0.7026539645658552,0.0,0.2104453482043458,0.8948528614473485,-0.1320216408453801,0.6352098982042783,-0.0104813786226104,1.0185160928193289,0.9907535879355144,-1.0654248379979097,0.3449574316137456,-1.941495546093572,1.9070407447543825,1.239076431623577,1.3792866238268513,0.3345878145560952,-0.5506515597085025,-0.6035138618300183,360,1,-0.20669731915700132,-0.5973162431347608
721,0,-0.728248608535977,-0.523416230884195,-0.0362736804202659,0.3610474934661032,0.978580361513066,1.2025024719774604,-0.642289796896626,0.0,0.2104453482043458,2.5854522113843683,-0.1320216408453801,-0.409975441194734,-0.9606703834971348,1.0185160928193289,0.9907535879355144,0.2804140749063715,-1.320553160313248,1.548728425152805,2.5447599929202678,0.0081329123687887,0.0131581009717891,0.536018277181855,-0.5506515597085025,-0.6035138618300183,361,0,-0.3015248263168151,-0.5888317552390775
722,0,-1.530680350730372,-1.329345496854114,0.0128099109005057,0.3610474934661032,0.978580361513066,1.2025024719774604,-0.5818795497100921,0.0,0.7945295274161116,-1.641030040707891,-0.1320216408453801,-1.4550013077009485,-1.277432272507696,0.6666610716362802,0.6096145619533219,0.5047433789545571,-0.2101562914368412,-0.0377282136292905,2.2896956476302868,0.3158922709251282,0.4685574366511583,-0.7732950980447828,-0.5506515597085025,-0.6035138618300183,362,0,-0.5250076489374618,-0.5818899015062456
723,0,-1.530680350730372,-1.329345496854114,0.0128099109005057,0.3610474934661032,0.978580361513066,1.2025024719774604,-0.5818795497100921,0.0,0.7945295274161116,-1.641030040707891,-0.1320216408453801,-1.4550013077009485,-1.277432272507696,0.6666610716362802,0.6096145619533219,0.5047433789545571,-0.2101562914368412,-0.0377282136292905,2.2896956476302868,0.3158922709251282,0.4685574366511583,-0.7732950980447828,-0.5506515597085025,-0.6035138618300183,362,1,-0.5250076489374618,-0.5818899015062456
724,0,-0.728248608535977,-0.523416230884195,-0.0362736804202659,0.3610474934661032,0.978580361513066,1.2025024719774604,-0.642289796896626,0.0,0.2104453482043458,2.5854522113843683,-0.1320216408453801,-0.409975441194734,-0.9606703834971348,1.0185160928193289,0.9907535879355144,0.2804140749063715,-1.320553160313248,1.548728425152805,2.5447599929202678,0.0081329123687887,0.0131581009717891,0.536018277181855,-0.5506515597085025,-0.6035138618300183,361,1,-0.3015248263168151,-0.5888317552390775
725,0,-1.530680350730372,-1.329345496854114,0.110977093542049,-0.6557616525288871,0.978580361513066,1.2025024719774604,-0.5818795497100921,0.0,0.7945295274161116,-0.7957303657393812,-0.1320216408453801,-1.4550013077009485,-2.2276696084608,-0.0370422596534817,0.2284900749383611,-0.8411639896421402,1.4552695891025356,0.279582480052895,1.3968731308804654,-0.2996264461875506,0.0131581009717891,-0.3704341727932632,-0.5506515597085025,-0.5537491538186587,363,0,-0.7078572310816272,-0.5762102029975651
726,0,-1.530680350730372,-1.329345496854114,0.110977093542049,-0.6557616525288871,0.978580361513066,1.2025024719774604,-0.5818795497100921,0.0,0.7945295274161116,-0.7957303657393812,-0.1320216408453801,-1.4550013077009485,-2.2276696084608,-0.0370422596534817,0.2284900749383611,-0.8411639896421402,1.4552695891025356,0.279582480052895,1.3968731308804654,-0.2996264461875506,0.0131581009717891,-0.3704341727932632,-0.5506515597085025,-0.5537491538186587,363,1,-0.7078572310816272,-0.5762102029975651
727,0,-1.530680350730372,-1.329345496854114,-0.0362736804202659,-1.1641662255263825,0.978580361513066,1.2025024719774604,-0.642289796896626,0.0,0.7945295274161116,0.0495531864788385,-0.1320216408453801,-1.4550013077009485,-1.594194161518257,-0.5648281469662223,-0.5337734380587921,-1.514083446094281,-0.7653547258750445,-0.9895634650470152,0.7591538827145803,2.1623075498073105,-1.8083002733795968,-0.1689960260879038,-0.4791173605614781,-0.5537491538186587,364,0,-0.8574614346541263,-0.5585569589182765
728,0,-1.530680350730372,-1.329345496854114,-0.0362736804202659,-1.1641662255263825,0.978580361513066,1.2025024719774604,-0.642289796896626,0.0,0.7945295274161116,0.0495531864788385,-0.1320216408453801,-1.4550013077009485,-1.594194161518257,-0.5648281469662223,-0.5337734380587921,-1.514083446094281,-0.7653547258750445,-0.9895634650470152,0.7591538827145803,2.1623075498073105,-1.8083002733795968,-0.1689960260879038,-0.4791173605614781,-0.5537491538186587,364,1,-0.8574614346541263,-0.5585569589182765
729,0,-1.530680350730372,-1.7323197372737589,0.0618935022212773,-0.6557616525288871,0.978580361513066,1.2025024719774604,-0.7026539645658552,0.0,0.9892193025274644,1.7401525364158583,-0.1320216408453801,-1.4550013077009485,-1.594194161518257,-0.3888972808365303,-0.5337734380587921,0.5047433789545571,0.0673582143946439,-0.0377282136292905,-0.1336686340352409,0.0081329123687887,0.0131581009717891,0.0324344365378559,-0.4791173605614781,-0.5537491538186587,365,0,-0.9798648739407163,-0.5441133955806767
730,0,-1.530680350730372,-1.7323197372737589,0.0618935022212773,-0.6557616525288871,0.978580361513066,1.2025024719774604,-0.7026539645658552,0.0,0.9892193025274644,1.7401525364158583,-0.1320216408453801,-1.4550013077009485,-1.594194161518257,-0.3888972808365303,-0.5337734380587921,0.5047433789545571,0.0673582143946439,-0.0377282136292905,-0.1336686340352409,0.0081329123687887,0.0131581009717891,0.0324344365378559,-0.4791173605614781,-0.5537491538186587,365,1,-0.9798648739407163,-0.5441133955806767
731,0,-1.129445347695208,-0.9263904713038392,0.1600513231250139,-0.6557616525288871,0.978580361513066,1.2025024719774604,-0.7026539645658552,0.0,0.7945295274161116,0.0495531864788385,-0.1320216408453801,-0.409975441194734,-1.594194161518257,-0.2129731257831736,-0.5337734380587921,-0.392505381545769,1.1777550832710504,-0.355038907311476,-0.8989005931991387,-0.9150982058149448,0.923887288147482,-0.7732950980447828,-0.4791173605614781,-0.5537491538186587,366,0,-1.0070613237142603,-0.5322959346680951
732,0,-1.129445347695208,-0.9263904713038392,0.1600513231250139,-0.6557616525288871,0.978580361513066,1.2025024719774604,-0.7026539645658552,0.0,0.7945295274161116,0.0495531864788385,-0.1320216408453801,-0.409975441194734,-1.594194161518257,-0.2129731257831736,-0.5337734380587921,-0.392505381545769,1.1777550832710504,-0.355038907311476,-0.8989005931991387,-0.9150982058149448,0.923887288147482,-0.7732950980447828,-0.4791173605614781,-0.5537491538186587,366,1,-1.0070613237142603,-0.5322959346680951
733,0,-0.728248608535977,-0.523416230884195,0.110977093542049,-1.1641662255263825,0.978580361513066,1.2025024719774604,-0.642289796896626,0.0,0.4051425502545523,-0.7957303657393812,-0.1320216408453801,-0.409975441194734,-0.327194936554592,0.4907369165829235,0.2284900749383611,1.401992139454883,-0.7653547258750445,1.548728425152805,-2.0468263785328964,1.854595148736256,0.0131581009717891,0.0324344365378559,-0.4791173605614781,-0.5537491538186587,367,0,-0.9563681027727542,-0.5226271030123465
734,0,0.0742213975343513,-0.1204612053339201,0.2091349144457856,-0.6557616525288871,0.978580361513066,1.2025024719774604,-0.5214693025235582,0.0,0.2104453482043458,-0.7957303657393812,-0.1320216408453801,0.6352098982042783,0.3062805103879508,0.6666610716362802,0.6096145619533219,-1.0654248379979097,1.1777550832710504,-2.2588062397757573,-1.281555496075043,-0.2996264461875506,-0.44224123470758,0.8381716552000944,-0.4791173605614781,-0.5537491538186587,368,0,-0.7689881936260077,-0.5147162407485522
735,0,0.0742213975343513,-0.1204612053339201,0.2091349144457856,-0.6557616525288871,0.978580361513066,1.2025024719774604,-0.5214693025235582,0.0,0.2104453482043458,-0.7957303657393812,-0.1320216408453801,0.6352098982042783,0.3062805103879508,0.6666610716362802,0.6096145619533219,-1.0654248379979097,1.1777550832710504,-2.2588062397757573,-1.281555496075043,-0.2996264461875506,-0.44224123470758,0.8381716552000944,-0.4791173605614781,-0.5537491538186587,368,1,-0.7689881936260077,-0.5147162407485522
736,0,-0.728248608535977,-0.523416230884195,0.110977093542049,-1.1641662255263825,0.978580361513066,1.2025024719774604,-0.642289796896626,0.0,0.4051425502545523,-0.7957303657393812,-0.1320216408453801,-0.409975441194734,-0.327194936554592,0.4907369165829235,0.2284900749383611,1.401992139454883,-0.7653547258750445,1.548728425152805,-2.0468263785328964,1.854595148736256,0.0131581009717891,0.0324344365378559,-0.4791173605614781,-0.5537491538186587,367,1,-0.9563681027727542,-0.5226271030123465
737,0,0.4754564005695154,0.2825130350857242,0.2091349144457856,0.3610474934661032,0.978580361513066,1.2025024719774604,-0.7026539645658552,0.0,-0.1789342020183596,-1.641030040707891,-0.1320216408453801,0.6352098982042783,0.623042399398512,0.8425919377659722,0.6096145619533219,-0.392505381545769,-0.7653547258750445,-0.355038907311476,-0.8989005931991387,0.6236046719961829,0.4685574366511583,0.1331496678507358,-0.4791173605614781,-0.5537491538186587,369,0,-0.5427255401359125,-0.5082437170781751
738,0,0.4754564005695154,0.2825130350857242,0.2091349144457856,0.3610474934661032,0.978580361513066,1.2025024719774604,-0.7026539645658552,0.0,-0.1789342020183596,-1.641030040707891,-0.1320216408453801,0.6352098982042783,0.623042399398512,0.8425919377659722,0.6096145619533219,-0.392505381545769,-0.7653547258750445,-0.355038907311476,-0.8989005931991387,0.6236046719961829,0.4685574366511583,0.1331496678507358,-0.4791173605614781,-0.5537491538186587,369,1,-0.5427255401359125,-0.5082437170781751
739,0,0.0742213975343513,0.2825130350857242,0.1600513231250139,0.3610474934661032,0.978580361513066,-0.7111644212715653,-0.7026539645658552,0.0,0.0157555730929931,1.7401525364158583,-0.1320216408453801,0.6352098982042783,0.9397559573304936,1.0185160928193289,0.9907535879355144,0.2804140749063715,1.1777550832710504,-0.355038907311476,0.6316022484226123,0.0081329123687887,0.4685574366511583,0.1331496678507358,-0.4075845258158183,-0.5039834966063376,370,0,-0.4305533696504099,-0.4899420459395647
740,0,0.0742213975343513,-0.1204612053339201,0.110977093542049,0.3610474934661032,0.978580361513066,1.2025024719774604,-0.7026539645658552,0.0,0.0157555730929931,-1.641030040707891,-0.1320216408453801,0.6352098982042783,0.9397559573304936,1.0185160928193289,0.9907535879355144,-0.392505381545769,0.0673582143946439,-1.6241848524113862,1.5244247651724334,-1.2228106068859994,0.4685574366511583,0.0324344365378559,-0.5506515597085025,-0.5537491538186587,371,0,-0.33877613925318056,-0.5009801393520988
741,0,0.0742213975343513,-0.1204612053339201,0.110977093542049,0.3610474934661032,0.978580361513066,1.2025024719774604,-0.7026539645658552,0.0,0.0157555730929931,-1.641030040707891,-0.1320216408453801,0.6352098982042783,0.9397559573304936,1.0185160928193289,0.9907535879355144,-0.392505381545769,0.0673582143946439,-1.6241848524113862,1.5244247651724334,-1.2228106068859994,0.4685574366511583,0.0324344365378559,-0.5506515597085025,-0.5537491538186587,371,1,-0.33877613925318056,-0.5009801393520988
742,0,0.0742213975343513,0.2825130350857242,0.1600513231250139,0.3610474934661032,0.978580361513066,-0.7111644212715653,-0.7026539645658552,0.0,0.0157555730929931,1.7401525364158583,-0.1320216408453801,0.6352098982042783,0.9397559573304936,1.0185160928193289,0.9907535879355144,0.2804140749063715,1.1777550832710504,-0.355038907311476,0.6316022484226123,0.0081329123687887,0.4685574366511583,0.1331496678507358,-0.4075845258158183,-0.5039834966063376,370,1,-0.4305533696504099,-0.4899420459395647
743,0,-0.3270136055008128,-0.1204612053339201,0.0128099109005057,0.3610474934661032,0.978580361513066,1.2025024719774604,-0.642289796896626,0.0,0.4051425502545523,0.8948528614473485,-0.1320216408453801,-0.409975441194734,-0.6439568255651532,1.1944402478726854,0.9907535879355144,1.177731291099114,0.9001558660519489,1.8660391188349903,1.7794891104624142,0.0081329123687887,-0.44224123470758,-0.672579866731903,-0.4791173605614781,-0.5039834966063376,372,0,-0.33663749675275,-0.49700508866289506
744,0,-0.3270136055008128,-0.1204612053339201,0.0128099109005057,0.3610474934661032,0.978580361513066,1.2025024719774604,-0.642289796896626,0.0,0.4051425502545523,0.8948528614473485,-0.1320216408453801,-0.409975441194734,-0.6439568255651532,1.1944402478726854,0.9907535879355144,1.177731291099114,0.9001558660519489,1.8660391188349903,1.7794891104624142,0.0081329123687887,-0.44224123470758,-0.672579866731903,-0.4791173605614781,-0.5039834966063376,372,1,-0.33663749675275,-0.49700508866289506
745,0,-1.129445347695208,-0.9263904713038392,0.0128099109005057,0.3610474934661032,0.978580361513066,1.2025024719774604,-0.5818795497100921,0.0,0.5998323253659051,-0.7957303657393812,-0.1320216408453801,-0.409975441194734,-0.6439568255651532,0.8425919377659722,0.9907535879355144,1.401992139454883,-0.2101562914368412,-0.0377282136292905,1.3968731308804654,-0.2996264461875506,-2.263699609058966,0.0324344365378559,-0.4791173605614781,-0.5537491538186587,373,0,-0.4807843787422878,-0.49375277446263743
746,0,-1.129445347695208,-0.9263904713038392,0.0128099109005057,0.3610474934661032,0.978580361513066,1.2025024719774604,-0.5818795497100921,0.0,0.5998323253659051,-0.7957303657393812,-0.1320216408453801,-0.409975441194734,-0.6439568255651532,0.8425919377659722,0.9907535879355144,1.401992139454883,-0.2101562914368412,-0.0377282136292905,1.3968731308804654,-0.2996264461875506,-2.263699609058966,0.0324344365378559,-0.4791173605614781,-0.5537491538186587,373,1,-0.4807843787422878,-0.49375277446263743
747,0,-1.129445347695208,-0.9263904713038392,0.1600513231250139,-1.1641662255263825,0.978580361513066,1.2025024719774604,-0.642289796896626,0.0,0.5998323253659051,0.8948528614473485,-0.1320216408453801,-0.409975441194734,-1.594194161518257,0.1388818953998749,-0.1526344120765995,0.2804140749063715,-1.320553160313248,0.279582480052895,1.0142571512985166,0.3158922709251282,0.923887288147482,1.039602117825854,-0.4791173605614781,-0.5039834966063376,374,0,-0.5987227367337278,-0.49109179011697207
748,0,-1.129445347695208,-1.329345496854114,0.110977093542049,-0.6557616525288871,0.978580361513066,1.2025024719774604,-0.642289796896626,0.0,0.7945295274161116,0.8948528614473485,1.026546834584599,-1.4550013077009485,-1.277432272507696,-0.3888972808365303,-0.5337734380587921,0.9534019870509284,-0.2101562914368412,-0.0377282136292905,0.1214346345486952,0.0081329123687887,0.923887288147482,0.1331496678507358,-0.4791173605614781,-0.5537491538186587,375,0,-0.6952177569085423,-0.4889146211068822
749,0,-1.129445347695208,-1.329345496854114,0.110977093542049,-0.6557616525288871,0.978580361513066,1.2025024719774604,-0.642289796896626,0.0,0.7945295274161116,0.8948528614473485,1.026546834584599,-1.4550013077009485,-1.277432272507696,-0.3888972808365303,-0.5337734380587921,0.9534019870509284,-0.2101562914368412,-0.0377282136292905,0.1214346345486952,0.0081329123687887,0.923887288147482,0.1331496678507358,-0.4791173605614781,-0.5537491538186587,375,1,-0.6952177569085423,-0.4889146211068822
750,0,-1.129445347695208,-0.9263904713038392,0.1600513231250139,-1.1641662255263825,0.978580361513066,1.2025024719774604,-0.642289796896626,0.0,0.5998323253659051,0.8948528614473485,-0.1320216408453801,-0.409975441194734,-1.594194161518257,0.1388818953998749,-0.1526344120765995,0.2804140749063715,-1.320553160313248,0.279582480052895,1.0142571512985166,0.3158922709251282,0.923887288147482,1.039602117825854,-0.4791173605614781,-0.5039834966063376,374,1,-0.5987227367337278,-0.49109179011697207
751,0,-1.129445347695208,-0.9263904713038392,0.307302097087329,-0.6557616525288871,0.978580361513066,1.2025024719774604,-0.7026539645658552,0.0,0.7945295274161116,-0.7957303657393812,-0.1320216408453801,-0.409975441194734,-1.594194161518257,-0.3888972808365303,-0.5337734380587921,-0.6168346855939546,-1.320553160313248,-0.355038907311476,-0.6438362479091579,0.6236046719961829,2.290015811002544,0.4353030458689751,-0.4791173605614781,-0.5537491538186587,376,0,-0.7741682279606632,-0.4871333010077178
752,0,-1.129445347695208,-0.9263904713038392,0.307302097087329,-0.6557616525288871,0.978580361513066,1.2025024719774604,-0.7026539645658552,0.0,0.7945295274161116,-0.7957303657393812,-0.1320216408453801,-0.409975441194734,-1.594194161518257,-0.3888972808365303,-0.5337734380587921,-0.6168346855939546,-1.320553160313248,-0.355038907311476,-0.6438362479091579,0.6236046719961829,2.290015811002544,0.4353030458689751,-0.4791173605614781,-0.5537491538186587,376,1,-0.7741682279606632,-0.4871333010077178
753,0,-0.728248608535977,-0.523416230884195,0.2091349144457856,-1.1641662255263825,0.978580361513066,1.2025024719774604,-0.7026539645658552,0.0,0.4051425502545523,1.7401525364158583,-0.1320216408453801,0.6352098982042783,-1.277432272507696,0.1388818953998749,-0.1526344120765995,2.0749800515994403,-0.7653547258750445,-0.0377282136292905,-0.8989005931991387,-0.2996264461875506,0.923887288147482,-0.2697112574007837,-0.4791173605614781,-0.5537491538186587,377,0,-0.7658192062470839,-0.48567585729021967
754,0,-0.728248608535977,-0.523416230884195,0.2091349144457856,-1.1641662255263825,0.978580361513066,1.2025024719774604,-0.7026539645658552,0.0,0.4051425502545523,1.7401525364158583,-0.1320216408453801,0.6352098982042783,-1.277432272507696,0.1388818953998749,-0.1526344120765995,2.0749800515994403,-0.7653547258750445,-0.0377282136292905,-0.8989005931991387,-0.2996264461875506,0.923887288147482,-0.2697112574007837,-0.4791173605614781,-0.5537491538186587,377,1,-0.7658192062470839,-0.48567585729021967
755,0,-0.3270136055008128,-0.523416230884195,0.307302097087329,-0.6557616525288871,0.978580361513066,1.2025024719774604,-0.642289796896626,0.0,0.5998323253659051,0.0495531864788385,-0.1320216408453801,0.6352098982042783,-0.327194936554592,0.4907369165829235,0.2284900749383611,-0.6168346855939546,-1.042953943094146,-1.6241848524113862,-1.0264522274911068,-1.2228106068859994,-1.352970421883273,-0.571864635419023,-0.4791173605614781,-0.5537491538186587,378,0,-0.6860363697477618,-0.4844834033395394
756,0,-0.3270136055008128,-0.523416230884195,0.307302097087329,-0.6557616525288871,0.978580361513066,1.2025024719774604,-0.642289796896626,0.0,0.5998323253659051,0.0495531864788385,-0.1320216408453801,0.6352098982042783,-0.327194936554592,0.4907369165829235,0.2284900749383611,-0.6168346855939546,-1.042953943094146,-1.6241848524113862,-1.0264522274911068,-1.2228106068859994,-1.352970421883273,-0.571864635419023,-0.4791173605614781,-0.5537491538186587,378,1,-0.6860363697477618,-0.4844834033395394
757,0,0.0742213975343513,-0.1204612053339201,0.1600513231250139,-1.1641662255263825,0.978580361513066,1.2025024719774604,-0.5214693025235582,0.0,0.2104453482043458,-0.7957303657393812,-0.1320216408453801,0.6352098982042783,0.9397559573304936,0.8425919377659722,0.6096145619533219,1.626321443503069,-0.7653547258750445,1.548728425152805,-0.7713878822011261,0.0081329123687887,0.0131581009717891,0.1331496678507358,-0.4075845258158183,-0.4542178393940165,379,0,-0.5478076847873776,-0.4705017892443173
758,0,0.8766531397287465,0.6854680606359991,0.0618935022212773,0.8694520664635984,0.978580361513066,1.2025024719774604,-0.642289796896626,0.0,-0.1789342020183596,-0.7957303657393812,-0.1320216408453801,1.6802357647104924,1.256517846341055,0.8425919377659722,0.6096145619533219,0.2804140749063715,-1.8756668833638344,-1.3068741587292003,-0.0061169997432728,-2.453801083626072,1.834616475323175,0.0324344365378559,-0.4075845258158183,-0.4542178393940165,380,0,-0.2888148076026278,-0.45906228680277195
759,0,0.0742213975343513,-0.1204612053339201,0.1600513231250139,-1.1641662255263825,0.978580361513066,1.2025024719774604,-0.5214693025235582,0.0,0.2104453482043458,-0.7957303657393812,-0.1320216408453801,0.6352098982042783,0.9397559573304936,0.8425919377659722,0.6096145619533219,1.626321443503069,-0.7653547258750445,1.548728425152805,-0.7713878822011261,0.0081329123687887,0.0131581009717891,0.1331496678507358,-0.4075845258158183,-0.4542178393940165,379,1,-0.5478076847873776,-0.4705017892443173
760,0,0.8766531397287465,0.6854680606359991,0.0618935022212773,0.8694520664635984,0.978580361513066,1.2025024719774604,-0.642289796896626,0.0,-0.1789342020183596,-0.7957303657393812,-0.1320216408453801,1.6802357647104924,1.256517846341055,0.8425919377659722,0.6096145619533219,0.2804140749063715,-1.8756668833638344,-1.3068741587292003,-0.0061169997432728,-2.453801083626072,1.834616475323175,0.0324344365378559,-0.4075845258158183,-0.4542178393940165,380,1,-0.2888148076026278,-0.45906228680277195
761,0,0.0742213975343513,0.2825130350857242,0.0618935022212773,0.3610474934661032,0.978580361513066,-0.7111644212715653,-0.7026539645658552,0.0,0.0157555730929931,1.7401525364158583,-0.1320216408453801,1.6802357647104924,0.623042399398512,1.1944402478726854,0.9907535879355144,-0.8411639896421402,0.3449574316137456,-0.0377282136292905,0.8867055170065484,-1.5305699654423388,0.923887288147482,0.536018277181855,-0.4075845258158183,-0.4542178393940165,381,0,-0.22280822485044974,-0.44970269389605305
762,0,0.0742213975343513,0.2825130350857242,0.0618935022212773,0.3610474934661032,0.978580361513066,-0.7111644212715653,-0.7026539645658552,0.0,0.0157555730929931,1.7401525364158583,-0.1320216408453801,1.6802357647104924,0.623042399398512,1.1944402478726854,0.9907535879355144,-0.8411639896421402,0.3449574316137456,-0.0377282136292905,0.8867055170065484,-1.5305699654423388,0.923887288147482,0.536018277181855,-0.4075845258158183,-0.4542178393940165,381,1,-0.22280822485044974,-0.44970269389605305
763,0,-0.3270136055008128,-0.523416230884195,0.2091349144457856,0.3610474934661032,0.978580361513066,-0.7111644212715653,-0.7026539645658552,0.0,0.4051425502545523,0.8948528614473485,-0.1320216408453801,1.6802357647104924,-0.0104813786226104,0.8425919377659722,0.6096145619533219,0.0561532265506022,-1.042953943094146,-0.0377282136292905,0.8867055170065484,0.3158922709251282,0.923887288147482,-0.8740180134372624,-0.4791173605614781,-0.5537491538186587,382,0,-0.2417546576959703,-0.4550508151079485
764,0,-0.3270136055008128,-0.523416230884195,0.2091349144457856,0.3610474934661032,0.978580361513066,-0.7111644212715653,-0.7026539645658552,0.0,0.4051425502545523,0.8948528614473485,-0.1320216408453801,1.6802357647104924,-0.0104813786226104,0.8425919377659722,0.6096145619533219,0.0561532265506022,-1.042953943094146,-0.0377282136292905,0.8867055170065484,0.3158922709251282,0.923887288147482,-0.8740180134372624,-0.4791173605614781,-0.5537491538186587,382,1,-0.2417546576959703,-0.4550508151079485
765,0,-0.728248608535977,-0.523416230884195,0.2582185057665573,0.3610474934661032,0.978580361513066,1.2025024719774604,-0.642289796896626,0.0,0.5998323253659051,-0.7957303657393812,1.026546834584599,0.6352098982042783,-1.277432272507696,0.8425919377659722,0.2284900749383611,-1.7384127501424664,-0.2101562914368412,-1.941495546093572,0.6316022484226123,-0.9150982058149448,-0.8975710862039038,0.2338725832432154,-0.4075845258158183,-0.4542178393940165,383,0,-0.33020810330324424,-0.4464205806911975
766,0,-0.728248608535977,-0.9263904713038392,0.1600513231250139,0.3610474934661032,0.978580361513066,1.2025024719774604,-0.642289796896626,0.0,0.5998323253659051,0.0495531864788385,1.026546834584599,0.6352098982042783,-0.327194936554592,0.4907369165829235,0.2284900749383611,-0.1681760774975834,-0.4877555086559428,0.279582480052895,0.3765379031326314,-0.2996264461875506,-0.8975710862039038,-0.2697112574007837,-0.4075845258158183,-0.5039834966063376,384,0,-0.40257910425465016,-0.43935947980476486
767,0,-0.728248608535977,-0.9263904713038392,0.1600513231250139,0.3610474934661032,0.978580361513066,1.2025024719774604,-0.642289796896626,0.0,0.5998323253659051,0.0495531864788385,1.026546834584599,0.6352098982042783,-0.327194936554592,0.4907369165829235,0.2284900749383611,-0.1681760774975834,-0.4877555086559428,0.279582480052895,0.3765379031326314,-0.2996264461875506,-0.8975710862039038,-0.2697112574007837,-0.4075845258158183,-0.5039834966063376,384,1,-0.40257910425465016,-0.43935947980476486
768,0,-0.728248608535977,-0.523416230884195,0.2582185057665573,0.3610474934661032,0.978580361513066,1.2025024719774604,-0.642289796896626,0.0,0.5998323253659051,-0.7957303657393812,1.026546834584599,0.6352098982042783,-1.277432272507696,0.8425919377659722,0.2284900749383611,-1.7384127501424664,-0.2101562914368412,-1.941495546093572,0.6316022484226123,-0.9150982058149448,-0.8975710862039038,0.2338725832432154,-0.4075845258158183,-0.4542178393940165,383,1,-0.33020810330324424,-0.4464205806911975
769,0,-0.3270136055008128,-0.523416230884195,0.1600513231250139,0.3610474934661032,0.978580361513066,1.2025024719774604,-0.5818795497100921,0.0,0.4051425502545523,0.0495531864788385,1.026546834584599,0.6352098982042783,-0.6439568255651532,0.4907369165829235,-0.1526344120765995,0.7290726830027427,-2.9859790408526248,0.5968931737350806,-0.6438362479091579,0.9313640305525224,0.0131581009717891,0.4353030458689751,-0.4075845258158183,-0.5039834966063376,385,0,-0.38883992266304335,-0.4335822154431382
770,0,-0.3270136055008128,-0.523416230884195,0.1600513231250139,0.3610474934661032,0.978580361513066,1.2025024719774604,-0.5818795497100921,0.0,0.4051425502545523,0.0495531864788385,1.026546834584599,0.6352098982042783,-0.6439568255651532,0.4907369165829235,-0.1526344120765995,0.7290726830027427,-2.9859790408526248,0.5968931737350806,-0.6438362479091579,0.9313640305525224,0.0131581009717891,0.4353030458689751,-0.4075845258158183,-0.5039834966063376,385,1,-0.38883992266304335,-0.4335822154431382
771,0,-0.728248608535977,-0.523416230884195,0.2582185057665573,0.3610474934661032,0.978580361513066,-0.7111644212715653,-0.7026539645658552,0.0,0.4051425502545523,1.7401525364158583,1.026546834584599,0.6352098982042783,0.9397559573304936,0.3148060504532315,0.2284900749383611,0.5047433789545571,-0.7653547258750445,0.5968931737350806,-1.5366198413650238,0.3158922709251282,0.923887288147482,-0.4711494041061431,-0.4075845258158183,-0.5039834966063376,386,0,-0.4505505928217585,-0.42885536278362546
772,0,-0.728248608535977,-0.523416230884195,0.2582185057665573,0.3610474934661032,0.978580361513066,-0.7111644212715653,-0.7026539645658552,0.0,0.4051425502545523,1.7401525364158583,1.026546834584599,0.6352098982042783,0.9397559573304936,0.3148060504532315,0.2284900749383611,0.5047433789545571,-0.7653547258750445,0.5968931737350806,-1.5366198413650238,0.3158922709251282,0.923887288147482,-0.4711494041061431,-0.4075845258158183,-0.5039834966063376,386,1,-0.4505505928217585,-0.42885536278362546
773,0,-0.3270136055008128,-0.523416230884195,0.110977093542049,-1.1641662255263825,0.978580361513066,-0.7111644212715653,-0.7026539645658552,0.0,0.4051425502545523,-0.7957303657393812,-0.1320216408453801,-0.409975441194734,0.3062805103879508,0.3148060504532315,-0.1526344120765995,-1.7384127501424664,0.3449574316137456,-0.355038907311476,-1.79172310994896,1.5468357901799163,0.923887288147482,0.2338725832432154,-0.4075845258158183,-0.5537491538186587,387,0,-0.4280893223997684,-0.42498793788038774
774,0,0.0742213975343513,0.2825130350857242,0.1600513231250139,-0.6557616525288871,0.978580361513066,1.2025024719774604,-0.642289796896626,0.0,0.0157555730929931,0.8948528614473485,-0.1320216408453801,1.6802357647104924,0.623042399398512,0.6666610716362802,0.6096145619533219,1.177731291099114,0.0673582143946439,-0.6723496009936615,-1.154003861783075,0.9313640305525224,0.923887288147482,0.8381716552000944,-0.3360503266687939,-0.4542178393940165,388,0,-0.33676010059356476,-0.4088174631146434
775,0,0.0742213975343513,0.2825130350857242,0.1600513231250139,-0.6557616525288871,0.978580361513066,1.2025024719774604,-0.642289796896626,0.0,0.0157555730929931,0.8948528614473485,-0.1320216408453801,1.6802357647104924,0.623042399398512,0.6666610716362802,0.6096145619533219,1.177731291099114,0.0673582143946439,-0.6723496009936615,-1.154003861783075,0.9313640305525224,0.923887288147482,0.8381716552000944,-0.3360503266687939,-0.4542178393940165,388,1,-0.33676010059356476,-0.4088174631146434
776,0,0.0742213975343513,0.2825130350857242,0.0618935022212773,0.3610474934661032,-0.9024657082140384,-0.7111644212715653,-0.642289796896626,0.0,0.2104453482043458,1.7401525364158583,-0.1320216408453801,1.6802357647104924,0.623042399398512,1.370371114002377,1.371878074950475,-0.392505381545769,0.0673582143946439,1.548728425152805,-0.1336686340352409,-0.2996264461875506,-0.8975710862039038,0.2338725832432154,-0.3360503266687939,-0.4542178393940165,389,0,-0.26203619184303456,-0.3955870746699435
777,0,-0.3270136055008128,-0.523416230884195,0.110977093542049,-1.1641662255263825,0.978580361513066,-0.7111644212715653,-0.7026539645658552,0.0,0.4051425502545523,-0.7957303657393812,-0.1320216408453801,-0.409975441194734,0.3062805103879508,0.3148060504532315,-0.1526344120765995,-1.7384127501424664,0.3449574316137456,-0.355038907311476,-1.79172310994896,1.5468357901799163,0.923887288147482,0.2338725832432154,-0.4075845258158183,-0.5537491538186587,387,1,-0.4280893223997684,-0.42498793788038774
778,0,0.0742213975343513,0.2825130350857242,0.0618935022212773,0.3610474934661032,-0.9024657082140384,-0.7111644212715653,-0.642289796896626,0.0,0.2104453482043458,1.7401525364158583,-0.1320216408453801,1.6802357647104924,0.623042399398512,1.370371114002377,1.371878074950475,-0.392505381545769,0.0673582143946439,1.548728425152805,-0.1336686340352409,-0.2996264461875506,-0.8975710862039038,0.2338725832432154,-0.3360503266687939,-0.4542178393940165,389,1,-0.26203619184303456,-0.3955870746699435
779,0,0.0742213975343513,-0.1204612053339201,0.1600513231250139,-0.6557616525288871,-0.9024657082140384,1.2025024719774604,-0.5214693025235582,0.0,0.2104453482043458,0.0495531864788385,-0.1320216408453801,0.6352098982042783,1.256517846341055,1.370371114002377,1.371878074950475,-1.0654248379979097,-0.7653547258750445,-1.3068741587292003,0.6316022484226123,-1.2228106068859994,-0.8975710862039038,0.0324344365378559,-0.4791173605614781,-0.5537491538186587,390,0,-0.20089844831987347,-0.4107743993774952
780,0,0.0742213975343513,-0.1204612053339201,0.1600513231250139,-0.6557616525288871,-0.9024657082140384,1.2025024719774604,-0.5214693025235582,0.0,0.2104453482043458,0.0495531864788385,-0.1320216408453801,0.6352098982042783,1.256517846341055,1.370371114002377,1.371878074950475,-1.0654248379979097,-0.7653547258750445,-1.3068741587292003,0.6316022484226123,-1.2228106068859994,-0.8975710862039038,0.0324344365378559,-0.4791173605614781,-0.5537491538186587,390,1,-0.20089844831987347,-0.4107743993774952
781,0,0.0742213975343513,-0.1204612053339201,0.0128099109005057,0.3610474934661032,-0.9024657082140384,-0.7111644212715653,-0.642289796896626,0.0,0.0157555730929931,0.8948528614473485,-0.1320216408453801,0.6352098982042783,0.623042399398512,1.0185160928193289,0.6096145619533219,-0.6168346855939546,0.0673582143946439,0.5968931737350806,1.141769862296529,0.0081329123687887,0.923887288147482,0.3345878145560952,-0.4791173605614781,-0.5537491538186587,391,0,-0.15087665816455986,-0.42320039232003753
782,0,-0.728248608535977,-0.523416230884195,0.110977093542049,0.3610474934661032,-0.9024657082140384,1.2025024719774604,-0.7026539645658552,0.0,0.4051425502545523,0.0495531864788385,-0.1320216408453801,1.6802357647104924,-0.0104813786226104,0.8425919377659722,0.9907535879355144,0.5047433789545571,-1.320553160313248,0.914107037788434,1.3968731308804654,-0.6073388472586053,0.923887288147482,0.0324344365378559,-0.4791173605614781,-0.5537491538186587,392,0,-0.25585337641390843,-0.43336711381848125
783,0,0.0742213975343513,-0.1204612053339201,0.0128099109005057,0.3610474934661032,-0.9024657082140384,-0.7111644212715653,-0.642289796896626,0.0,0.0157555730929931,0.8948528614473485,-0.1320216408453801,0.6352098982042783,0.623042399398512,1.0185160928193289,0.6096145619533219,-0.6168346855939546,0.0673582143946439,0.5968931737350806,1.141769862296529,0.0081329123687887,0.923887288147482,0.3345878145560952,-0.4791173605614781,-0.5537491538186587,391,1,-0.15087665816455986,-0.42320039232003753
784,0,-0.728248608535977,-0.523416230884195,0.110977093542049,0.3610474934661032,-0.9024657082140384,1.2025024719774604,-0.7026539645658552,0.0,0.4051425502545523,0.0495531864788385,-0.1320216408453801,1.6802357647104924,-0.0104813786226104,0.8425919377659722,0.9907535879355144,0.5047433789545571,-1.320553160313248,0.914107037788434,1.3968731308804654,-0.6073388472586053,0.923887288147482,0.0324344365378559,-0.4791173605614781,-0.5537491538186587,392,1,-0.25585337641390843,-0.43336711381848125
785,0,-0.728248608535977,-0.523416230884195,0.1600513231250139,-0.6557616525288871,0.978580361513066,-0.7111644212715653,-0.7026539645658552,0.0,0.4051425502545523,0.8948528614473485,-0.1320216408453801,-0.409975441194734,-0.6439568255651532,0.4907369165829235,0.2284900749383611,0.2804140749063715,-0.7653547258750445,-1.941495546093572,0.5040506141306441,0.3158922709251282,0.0131581009717891,0.3345878145560952,-0.4075845258158183,-0.4542178393940165,393,0,-0.3417434186179209,-0.4286793705452698
786,0,-0.728248608535977,-0.523416230884195,0.1600513231250139,-0.6557616525288871,0.978580361513066,-0.7111644212715653,-0.7026539645658552,0.0,0.4051425502545523,0.8948528614473485,-0.1320216408453801,-0.409975441194734,-0.6439568255651532,0.4907369165829235,0.2284900749383611,0.2804140749063715,-0.7653547258750445,-1.941495546093572,0.5040506141306441,0.3158922709251282,0.0131581009717891,0.3345878145560952,-0.4075845258158183,-0.4542178393940165,393,1,-0.3417434186179209,-0.4286793705452698
787,0,-0.728248608535977,-0.9263904713038392,0.110977093542049,-0.1473570795313919,0.978580361513066,1.2025024719774604,-0.642289796896626,0.0,0.5998323253659051,0.0495531864788385,-0.1320216408453801,1.6802357647104924,-0.9606703834971348,0.4907369165829235,0.2284900749383611,-1.514083446094281,0.3449574316137456,-0.0377282136292905,-0.2611813450332536,-0.9150982058149448,-0.8975710862039038,0.2338725832432154,-0.4075845258158183,-0.4542178393940165,394,0,-0.4120170895121129,-0.424843944230824
788,0,-0.728248608535977,-0.9263904713038392,0.110977093542049,-0.1473570795313919,0.978580361513066,1.2025024719774604,-0.642289796896626,0.0,0.5998323253659051,0.0495531864788385,-0.1320216408453801,1.6802357647104924,-0.9606703834971348,0.4907369165829235,0.2284900749383611,-1.514083446094281,0.3449574316137456,-0.0377282136292905,-0.2611813450332536,-0.9150982058149448,-0.8975710862039038,0.2338725832432154,-0.4075845258158183,-0.4542178393940165,394,1,-0.4120170895121129,-0.424843944230824
789,0,-0.728248608535977,-0.9263904713038392,0.2091349144457856,-0.6557616525288871,-0.9024657082140384,-0.7111644212715653,-0.642289796896626,0.0,0.5998323253659051,-1.641030040707891,-0.1320216408453801,0.6352098982042783,0.3062805103879508,0.1388818953998749,-0.1526344120765995,-0.6168346855939546,-1.042953943094146,-0.355038907311476,-0.7713878822011261,1.239076431623577,-0.8975710862039038,0.3345878145560952,-0.4075845258158183,-0.4542178393940165,395,0,-0.46951372933463364,-0.42170586815536837
790,0,-0.728248608535977,-0.9263904713038392,0.2091349144457856,-0.6557616525288871,-0.9024657082140384,-0.7111644212715653,-0.642289796896626,0.0,0.5998323253659051,-1.641030040707891,-0.1320216408453801,0.6352098982042783,0.3062805103879508,0.1388818953998749,-0.1526344120765995,-0.6168346855939546,-1.042953943094146,-0.355038907311476,-0.7713878822011261,1.239076431623577,-0.8975710862039038,0.3345878145560952,-0.4075845258158183,-0.4542178393940165,395,1,-0.46951372933463364,-0.42170586815536837
791,0,-0.3270136055008128,-0.1204612053339201,0.2091349144457856,-0.6557616525288871,-0.9024657082140384,1.2025024719774604,-0.5818795497100921,0.0,0.2104453482043458,0.0495531864788385,-0.1320216408453801,1.6802357647104924,0.3062805103879508,0.1388818953998749,-0.1526344120765995,-0.6168346855939546,-1.042953943094146,-1.6241848524113862,-1.154003861783075,1.239076431623577,0.923887288147482,-1.075448476063022,-0.4075845258158183,-0.5039834966063376,396,0,-0.44360461591030254,-0.41913835136635924
792,0,-0.3270136055008128,-0.1204612053339201,0.2091349144457856,-0.6557616525288871,-0.9024657082140384,1.2025024719774604,-0.5818795497100921,0.0,0.2104453482043458,0.0495531864788385,-0.1320216408453801,1.6802357647104924,0.3062805103879508,0.1388818953998749,-0.1526344120765995,-0.6168346855939546,-1.042953943094146,-1.6241848524113862,-1.154003861783075,1.239076431623577,0.923887288147482,-1.075448476063022,-0.4075845258158183,-0.5039834966063376,396,1,-0.44360461591030254,-0.41913835136635924
793,0,0.0742213975343513,0.2825130350857242,0.2582185057665573,0.3610474934661032,-0.9024657082140384,1.2025024719774604,-0.7026539645658552,0.0,0.0157555730929931,0.0495531864788385,-0.1320216408453801,-0.409975441194734,0.9397559573304936,0.6666610716362802,0.6096145619533219,0.0561532265506022,0.3449574316137456,-1.6241848524113862,-0.8989005931991387,-0.6073388472586053,0.4685574366511583,0.9388868865129744,-0.4075845258158183,-0.4542178393940165,397,0,-0.3494544316476382,-0.41703765581171537
794,0,0.0742213975343513,0.2825130350857242,0.2582185057665573,0.3610474934661032,-0.9024657082140384,1.2025024719774604,-0.7026539645658552,0.0,0.0157555730929931,0.0495531864788385,-0.1320216408453801,-0.409975441194734,0.9397559573304936,0.6666610716362802,0.6096145619533219,0.0561532265506022,0.3449574316137456,-1.6241848524113862,-0.8989005931991387,-0.6073388472586053,0.4685574366511583,0.9388868865129744,-0.4075845258158183,-0.4542178393940165,397,1,-0.3494544316476382,-0.41703765581171537
795,0,-0.3270136055008128,-0.1204612053339201,0.110977093542049,0.3610474934661032,-0.9024657082140384,-0.7111644212715653,-0.7026539645658552,0.0,0.2104453482043458,1.7401525364158583,-0.1320216408453801,1.6802357647104924,0.9397559573304936,0.8425919377659722,0.6096145619533219,-0.1681760774975834,0.9001558660519489,-0.0377282136292905,-0.1336686340352409,0.3158922709251282,0.0131581009717891,0.2338725832432154,-0.4075845258158183,-0.4542178393940165,398,0,-0.3453742814391244,-0.4153189049033704
796,0,-0.3270136055008128,-0.1204612053339201,0.110977093542049,0.3610474934661032,-0.9024657082140384,-0.7111644212715653,-0.7026539645658552,0.0,0.2104453482043458,1.7401525364158583,-0.1320216408453801,1.6802357647104924,0.9397559573304936,0.8425919377659722,0.6096145619533219,-0.1681760774975834,0.9001558660519489,-0.0377282136292905,-0.1336686340352409,0.3158922709251282,0.0131581009717891,0.2338725832432154,-0.4075845258158183,-0.4542178393940165,398,1,-0.3453742814391244,-0.4153189049033704
797,0,0.0742213975343513,-0.1204612053339201,0.0128099109005057,0.3610474934661032,-0.9024657082140384,1.2025024719774604,-0.642289796896626,0.0,0.0157555730929931,-0.7957303657393812,-0.1320216408453801,1.6802357647104924,-0.0104813786226104,0.6666610716362802,0.6096145619533219,1.401992139454883,-0.4877555086559428,0.279582480052895,0.2489862688406633,0.6236046719961829,-1.352970421883273,-0.0682807947750239,-0.2645161275217695,-0.4044521821816954,399,0,-0.26908415798940155,-0.3879002181067157
798,0,0.0742213975343513,-0.1204612053339201,0.0128099109005057,0.3610474934661032,-0.9024657082140384,1.2025024719774604,-0.642289796896626,0.0,0.0157555730929931,-0.7957303657393812,-0.1320216408453801,1.6802357647104924,-0.0104813786226104,0.6666610716362802,0.6096145619533219,1.401992139454883,-0.4877555086559428,0.279582480052895,0.2489862688406633,0.6236046719961829,-1.352970421883273,-0.0682807947750239,-0.2645161275217695,-0.4044521821816954,399,1,-0.26908415798940155,-0.3879002181067157
799,0,-0.3270136055008128,-0.523416230884195,0.0128099109005057,0.3610474934661032,-0.9024657082140384,-0.7111644212715653,-0.642289796896626,0.0,0.4051425502545523,0.8948528614473485,-0.1320216408453801,0.6352098982042783,-0.327194936554592,1.1944402478726854,0.9907535879355144,0.5047433789545571,0.3449574316137456,-0.6723496009936615,0.8867055170065484,0.0081329123687887,0.0131581009717891,0.3345878145560952,-0.4075845258158183,-0.4542178393940165,400,0,-0.2796167848096581,-0.39147918314473434
800,0,-0.728248608535977,-0.523416230884195,0.110977093542049,-1.1641662255263825,-0.9024657082140384,-0.7111644212715653,-0.5214693025235582,0.0,0.4051425502545523,-0.7957303657393812,-0.1320216408453801,-0.409975441194734,-0.0104813786226104,1.1944402478726854,0.9907535879355144,0.9534019870509284,-1.042953943094146,-0.355038907311476,0.7591538827145803,0.9313640305525224,-0.44224123470758,-0.3704341727932632,-0.2645161275217695,-0.4044521821816954,401,0,-0.36118620730535245,-0.36839499121328617
801,0,-0.3270136055008128,-0.523416230884195,0.0128099109005057,0.3610474934661032,-0.9024657082140384,-0.7111644212715653,-0.642289796896626,0.0,0.4051425502545523,0.8948528614473485,-0.1320216408453801,0.6352098982042783,-0.327194936554592,1.1944402478726854,0.9907535879355144,0.5047433789545571,0.3449574316137456,-0.6723496009936615,0.8867055170065484,0.0081329123687887,0.0131581009717891,0.3345878145560952,-0.4075845258158183,-0.4542178393940165,400,1,-0.2796167848096581,-0.39147918314473434
802,0,-0.728248608535977,-0.523416230884195,0.110977093542049,-1.1641662255263825,-0.9024657082140384,-0.7111644212715653,-0.5214693025235582,0.0,0.4051425502545523,-0.7957303657393812,-0.1320216408453801,-0.409975441194734,-0.0104813786226104,1.1944402478726854,0.9907535879355144,0.9534019870509284,-1.042953943094146,-0.355038907311476,0.7591538827145803,0.9313640305525224,-0.44224123470758,-0.3704341727932632,-0.2645161275217695,-0.4044521821816954,401,1,-0.36118620730535245,-0.36839499121328617
803,0,-0.3270136055008128,-0.523416230884195,0.0618935022212773,-0.6557616525288871,-0.9024657082140384,1.2025024719774604,-0.7026539645658552,0.0,0.2104453482043458,-0.7957303657393812,-0.1320216408453801,0.6352098982042783,-0.327194936554592,0.6666610716362802,0.6096145619533219,0.0561532265506022,0.3449574316137456,-0.355038907311476,0.5040506141306441,0.6236046719961829,0.4685574366511583,0.4353030458689751,-0.2645161275217695,-0.4044521821816954,402,0,-0.3549730069772543,-0.34950792508755585
804,0,-1.129445347695208,-0.9263904713038392,0.1600513231250139,-0.6557616525288871,-0.9024657082140384,-0.7111644212715653,-0.7026539645658552,0.0,0.5998323253659051,0.0495531864788385,-0.1320216408453801,-0.409975441194734,-0.327194936554592,0.3148060504532315,0.2284900749383611,-0.392505381545769,-1.042953943094146,1.8660391188349903,-0.5162846136171899,1.239076431623577,0.923887288147482,0.3345878145560952,-0.2645161275217695,-0.4542178393940165,403,0,-0.495786159835064,-0.3340548709846856
805,0,-0.3270136055008128,-0.523416230884195,0.0618935022212773,-0.6557616525288871,-0.9024657082140384,1.2025024719774604,-0.7026539645658552,0.0,0.2104453482043458,-0.7957303657393812,-0.1320216408453801,0.6352098982042783,-0.327194936554592,0.6666610716362802,0.6096145619533219,0.0561532265506022,0.3449574316137456,-0.355038907311476,0.5040506141306441,0.6236046719961829,0.4685574366511583,0.4353030458689751,-0.2645161275217695,-0.4044521821816954,402,1,-0.3549730069772543,-0.34950792508755585
806,0,-1.129445347695208,-0.9263904713038392,0.1600513231250139,-0.6557616525288871,-0.9024657082140384,-0.7111644212715653,-0.7026539645658552,0.0,0.5998323253659051,0.0495531864788385,-0.1320216408453801,-0.409975441194734,-0.327194936554592,0.3148060504532315,0.2284900749383611,-0.392505381545769,-1.042953943094146,1.8660391188349903,-0.5162846136171899,1.239076431623577,0.923887288147482,0.3345878145560952,-0.2645161275217695,-0.4542178393940165,403,1,-0.495786159835064,-0.3340548709846856
807,0,-0.3270136055008128,-0.523416230884195,0.0618935022212773,-0.6557616525288871,-0.9024657082140384,-0.7111644212715653,-0.642289796896626,0.0,0.4051425502545523,1.7401525364158583,-0.1320216408453801,-0.409975441194734,-0.327194936554592,0.6666610716362802,0.6096145619533219,2.0749800515994403,0.3449574316137456,-0.0377282136292905,-1.154003861783075,0.0081329123687887,0.0131581009717891,-0.1689960260879038,-0.2645161275217695,-0.3546865249693742,404,0,-0.4651002408652002,-0.32141146308233726
808,0,-0.3270136055008128,-0.523416230884195,0.2091349144457856,-1.1641662255263825,-0.9024657082140384,1.2025024719774604,-0.642289796896626,0.0,0.2104453482043458,0.0495531864788385,-0.1320216408453801,0.6352098982042783,-0.327194936554592,-0.0370422596534817,-0.1526344120765995,-0.392505381545769,-0.7653547258750445,-1.6241848524113862,-1.0264522274911068,-0.2996264461875506,0.4685574366511583,1.2410402645312135,-0.2645161275217695,-0.4044521821816954,405,0,-0.439993579889857,-0.31106685661677946
809,0,-0.3270136055008128,-0.523416230884195,0.2091349144457856,-1.1641662255263825,-0.9024657082140384,1.2025024719774604,-0.642289796896626,0.0,0.2104453482043458,0.0495531864788385,-0.1320216408453801,0.6352098982042783,-0.327194936554592,-0.0370422596534817,-0.1526344120765995,-0.392505381545769,-0.7653547258750445,-1.6241848524113862,-1.0264522274911068,-0.2996264461875506,0.4685574366511583,1.2410402645312135,-0.2645161275217695,-0.4044521821816954,405,1,-0.439993579889857,-0.31106685661677946
810,0,-0.3270136055008128,-0.523416230884195,0.0618935022212773,-0.6557616525288871,-0.9024657082140384,-0.7111644212715653,-0.642289796896626,0.0,0.4051425502545523,1.7401525364158583,-0.1320216408453801,-0.409975441194734,-0.327194936554592,0.6666610716362802,0.6096145619533219,2.0749800515994403,0.3449574316137456,-0.0377282136292905,-1.154003861783075,0.0081329123687887,0.0131581009717891,-0.1689960260879038,-0.2645161275217695,-0.3546865249693742,404,1,-0.4651002408652002,-0.32141146308233726
811,0,-0.3270136055008128,-0.523416230884195,0.2582185057665573,0.3610474934661032,-0.9024657082140384,-0.7111644212715653,-0.5818795497100921,0.0,0.4051425502545523,-0.7957303657393812,-0.1320216408453801,-0.409975441194734,1.256517846341055,0.8425919377659722,0.9907535879355144,-0.392505381545769,0.3449574316137456,0.279582480052895,-1.281555496075043,0.0081329123687887,-0.44224123470758,-0.3704341727932632,-0.1929819283747451,-0.3546865249693742,406,0,-0.41945176636457626,-0.28959686966368225
812,0,-0.3270136055008128,-0.523416230884195,0.2582185057665573,0.3610474934661032,-0.9024657082140384,-0.7111644212715653,-0.5818795497100921,0.0,0.4051425502545523,-0.7957303657393812,-0.1320216408453801,-0.409975441194734,1.256517846341055,0.8425919377659722,0.9907535879355144,-0.392505381545769,0.3449574316137456,0.279582480052895,-1.281555496075043,0.0081329123687887,-0.44224123470758,-0.3704341727932632,-0.1929819283747451,-0.3546865249693742,406,1,-0.41945176636457626,-0.28959686966368225
813,0,0.4754564005695154,0.6854680606359991,0.1600513231250139,0.3610474934661032,-0.9024657082140384,-0.7111644212715653,-0.642289796896626,0.0,-0.1789342020183596,1.7401525364158583,-0.1320216408453801,1.6802357647104924,0.9397559573304936,0.8425919377659722,0.6096145619533219,-0.1681760774975834,0.9001558660519489,-2.2588062397757573,-0.3887329793252218,-0.2996264461875506,0.4685574366511583,0.4353030458689751,-0.1929819283747451,-0.3546865249693742,407,0,-0.25674119055837774,-0.2720305167020573
814,0,0.4754564005695154,0.6854680606359991,0.1600513231250139,0.3610474934661032,-0.9024657082140384,-0.7111644212715653,-0.642289796896626,0.0,-0.1789342020183596,1.7401525364158583,-0.1320216408453801,1.6802357647104924,0.9397559573304936,0.8425919377659722,0.6096145619533219,-0.1681760774975834,0.9001558660519489,-2.2588062397757573,-0.3887329793252218,-0.2996264461875506,0.4685574366511583,0.4353030458689751,-0.1929819283747451,-0.3546865249693742,407,1,-0.25674119055837774,-0.2720305167020573
815,0,0.4754564005695154,0.2825130350857242,0.0618935022212773,0.3610474934661032,-0.9024657082140384,1.2025024719774604,-0.642289796896626,0.0,-0.1789342020183596,-0.7957303657393812,-0.1320216408453801,0.6352098982042783,1.5732314042730364,1.0185160928193289,1.371878074950475,-0.1681760774975834,3.398379398248631,0.914107037788434,0.3765379031326314,0.9313640305525224,1.834616475323175,0.8381716552000944,-0.1929819283747451,-0.3546865249693742,408,0,-0.1236143558078517,-0.2576580460970914
816,0,0.4754564005695154,0.2825130350857242,0.0618935022212773,0.3610474934661032,-0.9024657082140384,1.2025024719774604,-0.642289796896626,0.0,-0.1789342020183596,-0.7957303657393812,-0.1320216408453801,0.6352098982042783,1.5732314042730364,1.0185160928193289,1.371878074950475,-0.1681760774975834,3.398379398248631,0.914107037788434,0.3765379031326314,0.9313640305525224,1.834616475323175,0.8381716552000944,-0.1929819283747451,-0.3546865249693742,408,1,-0.1236143558078517,-0.2576580460970914
817,0,-0.3270136055008128,-0.1204612053339201,0.1600513231250139,0.3610474934661032,-0.9024657082140384,-0.7111644212715653,-0.7026539645658552,0.0,0.2104453482043458,0.0495531864788385,-0.1320216408453801,0.6352098982042783,0.3062805103879508,0.8425919377659722,0.9907535879355144,0.7290726830027427,2.8431809638104277,-0.0377282136292905,1.2693214965884974,0.9313640305525224,2.290015811002544,0.4353030458689751,-0.1929819283747451,-0.3546865249693742,409,0,-0.16059603757020827,-0.2458987519657557
818,0,-0.3270136055008128,-0.1204612053339201,0.1600513231250139,0.3610474934661032,-0.9024657082140384,-0.7111644212715653,-0.7026539645658552,0.0,0.2104453482043458,0.0495531864788385,-0.1320216408453801,0.6352098982042783,0.3062805103879508,0.8425919377659722,0.9907535879355144,0.7290726830027427,2.8431809638104277,-0.0377282136292905,1.2693214965884974,0.9313640305525224,2.290015811002544,0.4353030458689751,-0.1929819283747451,-0.3546865249693742,409,1,-0.16059603757020827,-0.2458987519657557
819,0,-0.3270136055008128,-0.523416230884195,-0.0853572717410376,-0.6557616525288871,-0.9024657082140384,1.2025024719774604,-0.642289796896626,0.0,0.4051425502545523,0.0495531864788385,-0.1320216408453801,-0.409975441194734,-0.6439568255651532,0.8425919377659722,0.6096145619533219,-0.8411639896421402,-0.2101562914368412,-0.0377282136292905,1.3968731308804654,-0.9150982058149448,0.4685574366511583,1.140317349138734,-0.1929819283747451,-0.3546865249693742,410,0,-0.19085377719395455,-0.23627751131284466
820,0,-0.3270136055008128,-0.523416230884195,-0.0853572717410376,-0.6557616525288871,-0.9024657082140384,1.2025024719774604,-0.642289796896626,0.0,0.4051425502545523,0.0495531864788385,-0.1320216408453801,-0.409975441194734,-0.6439568255651532,0.8425919377659722,0.6096145619533219,-0.8411639896421402,-0.2101562914368412,-0.0377282136292905,1.3968731308804654,-0.9150982058149448,0.4685574366511583,1.140317349138734,-0.1929819283747451,-0.3546865249693742,410,1,-0.19085377719395455,-0.23627751131284466
821,0,-1.129445347695208,-0.9263904713038392,0.0128099109005057,0.3610474934661032,-0.9024657082140384,-0.7111644212715653,-0.5818795497100921,0.0,0.5998323253659051,0.0495531864788385,-0.1320216408453801,-0.409975441194734,-0.327194936554592,0.6666610716362802,0.6096145619533219,0.7290726830027427,0.6225566488328472,0.5968931737350806,0.7591538827145803,-0.2996264461875506,0.0131581009717891,0.4353030458689751,-0.1929819283747451,-0.3546865249693742,411,0,-0.36150679001236424,-0.2284055871422811
822,0,-1.129445347695208,-0.9263904713038392,0.0128099109005057,0.3610474934661032,-0.9024657082140384,-0.7111644212715653,-0.5818795497100921,0.0,0.5998323253659051,0.0495531864788385,-0.1320216408453801,-0.409975441194734,-0.327194936554592,0.6666610716362802,0.6096145619533219,0.7290726830027427,0.6225566488328472,0.5968931737350806,0.7591538827145803,-0.2996264461875506,0.0131581009717891,0.4353030458689751,-0.1929819283747451,-0.3546865249693742,411,1,-0.36150679001236424,-0.2284055871422811
823,0,-0.728248608535977,-0.9263904713038392,0.0618935022212773,-1.1641662255263825,-0.9024657082140384,-0.7111644212715653,-0.5818795497100921,0.0,0.4051425502545523,0.0495531864788385,-0.1320216408453801,-0.409975441194734,-0.6439568255651532,0.3148060504532315,0.2284900749383611,-1.7384127501424664,-1.042953943094146,-0.355038907311476,0.2489862688406633,-0.6073388472586053,0.923887288147482,0.0324344365378559,-0.1929819283747451,-0.3546865249693742,412,0,-0.4281871206530211,-0.22196492191182
824,0,-0.728248608535977,-0.9263904713038392,0.0618935022212773,-1.1641662255263825,-0.9024657082140384,-0.7111644212715653,-0.5818795497100921,0.0,0.4051425502545523,0.0495531864788385,-0.1320216408453801,-0.409975441194734,-0.6439568255651532,0.3148060504532315,0.2284900749383611,-1.7384127501424664,-1.042953943094146,-0.355038907311476,0.2489862688406633,-0.6073388472586053,0.923887288147482,0.0324344365378559,-0.1929819283747451,-0.3546865249693742,412,1,-0.4281871206530211,-0.22196492191182
825,0,-0.728248608535977,-0.9263904713038392,0.2582185057665573,-0.6557616525288871,-0.9024657082140384,-0.7111644212715653,-0.7026539645658552,0.0,0.4051425502545523,-0.7957303657393812,-0.1320216408453801,-0.409975441194734,-0.0104813786226104,-0.0370422596534817,0.2284900749383611,0.0561532265506022,0.3449574316137456,-0.355038907311476,-0.3887329793252218,0.9313640305525224,1.834616475323175,-0.1689960260879038,-0.1214477292277206,-0.3546865249693742,413,0,-0.4827437548135585,-0.2036890686965292
826,0,-0.728248608535977,-0.9263904713038392,0.2582185057665573,-0.6557616525288871,-0.9024657082140384,-0.7111644212715653,-0.7026539645658552,0.0,0.4051425502545523,-0.7957303657393812,-0.1320216408453801,-0.409975441194734,-0.0104813786226104,-0.0370422596534817,0.2284900749383611,0.0561532265506022,0.3449574316137456,-0.355038907311476,-0.3887329793252218,0.9313640305525224,1.834616475323175,-0.1689960260879038,-0.1214477292277206,-0.3546865249693742,413,1,-0.4827437548135585,-0.2036890686965292
827,0,-0.728248608535977,-0.523416230884195,0.2582185057665573,-1.1641662255263825,-0.9024657082140384,-0.7111644212715653,-0.7630642117523891,0.0,0.4051425502545523,0.0495531864788385,-0.1320216408453801,-0.409975441194734,-0.0104813786226104,-0.0370422596534817,0.2284900749383611,0.5047433789545571,2.8431809638104277,0.5968931737350806,-1.154003861783075,0.9313640305525224,0.0131581009717891,1.2410402645312135,-0.1214477292277206,-0.3546865249693742,414,0,-0.5273810009449074,-0.18873609788401854
828,0,-0.728248608535977,-0.523416230884195,0.2582185057665573,-1.1641662255263825,-0.9024657082140384,-0.7111644212715653,-0.7630642117523891,0.0,0.4051425502545523,0.0495531864788385,-0.1320216408453801,-0.409975441194734,-0.0104813786226104,-0.0370422596534817,0.2284900749383611,0.5047433789545571,2.8431809638104277,0.5968931737350806,-1.154003861783075,0.9313640305525224,0.0131581009717891,1.2410402645312135,-0.1214477292277206,-0.3546865249693742,414,1,-0.5273810009449074,-0.18873609788401854
829,0,-0.3270136055008128,-0.1204612053339201,0.2582185057665573,-0.6557616525288871,-0.9024657082140384,1.2025024719774604,-0.7026539645658552,0.0,0.2104453482043458,0.0495531864788385,-0.1320216408453801,-0.409975441194734,0.3062805103879508,0.3148060504532315,0.2284900749383611,-0.1681760774975834,0.6225566488328472,-1.941495546093572,-1.154003861783075,-0.2996264461875506,-0.8975710862039038,0.536018277181855,-0.1929819283747451,-0.3546865249693742,415,0,-0.49095056540961746,-0.18950806706415063
830,0,-0.3270136055008128,-0.1204612053339201,0.2582185057665573,-0.6557616525288871,-0.9024657082140384,1.2025024719774604,-0.7026539645658552,0.0,0.2104453482043458,0.0495531864788385,-0.1320216408453801,-0.409975441194734,0.3062805103879508,0.3148060504532315,0.2284900749383611,-0.1681760774975834,0.6225566488328472,-1.941495546093572,-1.154003861783075,-0.2996264461875506,-0.8975710862039038,0.536018277181855,-0.1929819283747451,-0.3546865249693742,415,1,-0.49095056540961746,-0.18950806706415063
831,0,-0.3270136055008128,-0.1204612053339201,0.307302097087329,-0.6557616525288871,-0.9024657082140384,-0.7111644212715653,-0.7026539645658552,0.0,0.4051425502545523,-0.7957303657393812,1.026546834584599,-0.409975441194734,-0.0104813786226104,0.8425919377659722,0.6096145619533219,1.401992139454883,1.1777550832710504,0.914107037788434,-0.6438362479091579,0.6236046719961829,-1.352970421883273,-0.0682807947750239,-0.1929819283747451,-0.3546865249693742,416,0,-0.46114384542619835,-0.19013967821153144
832,0,-0.3270136055008128,-0.1204612053339201,0.307302097087329,-0.6557616525288871,-0.9024657082140384,-0.7111644212715653,-0.7026539645658552,0.0,0.4051425502545523,-0.7957303657393812,1.026546834584599,-0.409975441194734,-0.0104813786226104,0.8425919377659722,0.6096145619533219,1.401992139454883,1.1777550832710504,0.914107037788434,-0.6438362479091579,0.6236046719961829,-1.352970421883273,-0.0682807947750239,-0.1929819283747451,-0.3546865249693742,416,1,-0.46114384542619835,-0.19013967821153144
833,0,0.0742213975343513,-0.1204612053339201,0.2091349144457856,0.3610474934661032,-0.9024657082140384,-0.7111644212715653,-0.5818795497100921,0.0,0.2104453482043458,0.0495531864788385,-0.1320216408453801,-0.409975441194734,1.5732314042730364,1.0185160928193289,0.9907535879355144,-0.6168346855939546,1.1777550832710504,-0.355038907311476,-0.3887329793252218,0.0081329123687887,-2.263699609058966,0.4353030458689751,-0.1929819283747451,-0.3546865249693742,417,0,-0.36380471034246203,-0.19065645096847936
834,0,0.0742213975343513,-0.1204612053339201,0.2091349144457856,0.3610474934661032,-0.9024657082140384,-0.7111644212715653,-0.5818795497100921,0.0,0.2104453482043458,0.0495531864788385,-0.1320216408453801,-0.409975441194734,1.5732314042730364,1.0185160928193289,0.9907535879355144,-0.6168346855939546,1.1777550832710504,-0.355038907311476,-0.3887329793252218,0.0081329123687887,-2.263699609058966,0.4353030458689751,-0.1929819283747451,-0.3546865249693742,417,1,-0.36380471034246203,-0.19065645096847936
835,0,0.4754564005695154,0.2825130350857242,0.2091349144457856,0.3610474934661032,-0.9024657082140384,-0.7111644212715653,-0.642289796896626,0.0,-0.1789342020183596,0.0495531864788385,-0.1320216408453801,0.6352098982042783,1.256517846341055,1.1944402478726854,1.371878074950475,0.5047433789545571,0.0673582143946439,0.279582480052895,0.8867055170065484,0.6236046719961829,0.4685574366511583,1.2410402645312135,-0.1214477292277206,-0.3049218169580146,418,0,-0.21121178108573885,-0.17807304701561413
836,0,0.4754564005695154,0.2825130350857242,0.2091349144457856,0.3610474934661032,-0.9024657082140384,-0.7111644212715653,-0.642289796896626,0.0,-0.1789342020183596,0.0495531864788385,-0.1320216408453801,0.6352098982042783,1.256517846341055,1.1944402478726854,1.371878074950475,0.5047433789545571,0.0673582143946439,0.279582480052895,0.8867055170065484,0.6236046719961829,0.4685574366511583,1.2410402645312135,-0.1214477292277206,-0.3049218169580146,418,1,-0.21121178108573885,-0.17807304701561413
837,0,-0.3270136055008128,-0.1204612053339201,0.2091349144457856,0.3610474934661032,-0.9024657082140384,-0.7111644212715653,-0.7026539645658552,0.0,0.0157555730929931,-0.7957303657393812,1.026546834584599,-0.409975441194734,0.9397559573304936,0.8425919377659722,0.9907535879355144,-0.392505381545769,-0.2101562914368412,1.8660391188349903,1.141769862296529,0.0081329123687887,0.923887288147482,0.536018277181855,-0.1214477292277206,-0.3546865249693742,419,0,-0.23226665825211593,-0.16777753469054257
838,0,-0.3270136055008128,-0.1204612053339201,0.2091349144457856,0.3610474934661032,-0.9024657082140384,-0.7111644212715653,-0.7026539645658552,0.0,0.0157555730929931,-0.7957303657393812,1.026546834584599,-0.409975441194734,0.9397559573304936,0.8425919377659722,0.9907535879355144,-0.392505381545769,-0.2101562914368412,1.8660391188349903,1.141769862296529,0.0081329123687887,0.923887288147482,0.536018277181855,-0.1214477292277206,-0.3546865249693742,419,1,-0.23226665825211593,-0.16777753469054257
839,0,-0.728248608535977,-0.523416230884195,0.2582185057665573,0.3610474934661032,-0.9024657082140384,-0.7111644212715653,-0.7026539645658552,0.0,0.4051425502545523,-0.7957303657393812,-0.1320216408453801,-0.409975441194734,-0.0104813786226104,0.4907369165829235,0.6096145619533219,1.401992139454883,1.4552695891025356,1.2314177314706196,1.5244247651724334,0.9313640305525224,0.923887288147482,1.039602117825854,-0.1214477292277206,-0.3546865249693742,420,0,-0.3224451946673634,-0.15935393369730222
840,0,-0.728248608535977,-0.523416230884195,0.2582185057665573,0.3610474934661032,-0.9024657082140384,-0.7111644212715653,-0.7026539645658552,0.0,0.4051425502545523,-0.7957303657393812,-0.1320216408453801,-0.409975441194734,-0.0104813786226104,0.4907369165829235,0.6096145619533219,1.401992139454883,1.4552695891025356,1.2314177314706196,1.5244247651724334,0.9313640305525224,0.923887288147482,1.039602117825854,-0.1214477292277206,-0.3546865249693742,420,1,-0.3224451946673634,-0.15935393369730222
841,0,-0.728248608535977,-0.9263904713038392,0.1600513231250139,-1.1641662255263825,-0.9024657082140384,1.2025024719774604,-0.7026539645658552,0.0,0.5998323253659051,1.7401525364158583,1.026546834584599,-0.409975441194734,-0.9606703834971348,0.4907369165829235,0.2284900749383611,0.2804140749063715,-1.042953943094146,0.279582480052895,0.7591538827145803,0.3158922709251282,0.4685574366511583,0.636733508494735,-0.1214477292277206,-0.4044521821816954,421,0,-0.39622763355256585,-0.15246189652101466
842,0,-0.728248608535977,-0.9263904713038392,0.1600513231250139,-1.1641662255263825,-0.9024657082140384,1.2025024719774604,-0.7026539645658552,0.0,0.5998323253659051,1.7401525364158583,1.026546834584599,-0.409975441194734,-0.9606703834971348,0.4907369165829235,0.2284900749383611,0.2804140749063715,-1.042953943094146,0.279582480052895,0.7591538827145803,0.3158922709251282,0.4685574366511583,0.636733508494735,-0.1214477292277206,-0.4044521821816954,421,1,-0.39622763355256585,-0.15246189652101466
843,0,-1.530680350730372,-1.329345496854114,0.1600513231250139,-0.6557616525288871,-0.9024657082140384,1.2025024719774604,-0.642289796896626,0.0,0.9892193025274644,0.0495531864788385,1.026546834584599,-1.4550013077009485,-1.277432272507696,0.3148060504532315,0.2284900749383611,0.0561532265506022,0.0673582143946439,-0.0377282136292905,0.2489862688406633,-0.9150982058149448,0.0131581009717891,0.7374564238872144,-0.1929819283747451,-0.3546865249693742,422,0,-0.6024917639485305,-0.15982917503987473
844,0,-1.530680350730372,-1.329345496854114,0.1600513231250139,-0.6557616525288871,-0.9024657082140384,1.2025024719774604,-0.642289796896626,0.0,0.9892193025274644,0.0495531864788385,1.026546834584599,-1.4550013077009485,-1.277432272507696,0.3148060504532315,0.2284900749383611,0.0561532265506022,0.0673582143946439,-0.0377282136292905,0.2489862688406633,-0.9150982058149448,0.0131581009717891,0.7374564238872144,-0.1929819283747451,-0.3546865249693742,422,1,-0.6024917639485305,-0.15982917503987473
845,0,-1.129445347695208,-0.9263904713038392,0.2582185057665573,-0.6557616525288871,-0.9024657082140384,-0.7111644212715653,-0.5214693025235582,0.0,0.5998323253659051,-0.7957303657393812,-0.1320216408453801,-0.409975441194734,-0.0104813786226104,0.1388818953998749,0.2284900749383611,0.2804140749063715,-2.430865317802038,0.5968931737350806,-0.7713878822011261,0.0081329123687887,0.0131581009717891,0.536018277181855,-0.1214477292277206,-0.3049218169580146,423,0,-0.6983015064479263,-0.1528507303467558
846,0,-1.129445347695208,-0.9263904713038392,0.2582185057665573,-0.6557616525288871,-0.9024657082140384,-0.7111644212715653,-0.5214693025235582,0.0,0.5998323253659051,-0.7957303657393812,-0.1320216408453801,-0.409975441194734,-0.0104813786226104,0.1388818953998749,0.2284900749383611,0.2804140749063715,-2.430865317802038,0.5968931737350806,-0.7713878822011261,0.0081329123687887,0.0131581009717891,0.536018277181855,-0.1214477292277206,-0.3049218169580146,423,1,-0.6983015064479263,-0.1528507303467558
847,0,-0.3270136055008128,-0.523416230884195,0.2582185057665573,-1.1641662255263825,-0.9024657082140384,1.2025024719774604,-0.7026539645658552,0.0,0.0157555730929931,0.8948528614473485,-0.1320216408453801,0.6352098982042783,0.623042399398512,-0.0370422596534817,-0.1526344120765995,0.5047433789545571,0.3449574316137456,1.8660391188349903,-1.154003861783075,-2.146041725069733,-1.352970421883273,0.0324344365378559,-0.1214477292277206,-0.3546865249693742,424,0,-0.630794615366633,-0.1471410937796585
848,0,-0.3270136055008128,-0.523416230884195,0.2582185057665573,-1.1641662255263825,-0.9024657082140384,1.2025024719774604,-0.7026539645658552,0.0,0.0157555730929931,0.8948528614473485,-0.1320216408453801,0.6352098982042783,0.623042399398512,-0.0370422596534817,-0.1526344120765995,0.5047433789545571,0.3449574316137456,1.8660391188349903,-1.154003861783075,-2.146041725069733,-1.352970421883273,0.0324344365378559,-0.1214477292277206,-0.3546865249693742,424,1,-0.630794615366633,-0.1471410937796585
849,0,-0.3270136055008128,-0.523416230884195,0.3563856884081006,-0.6557616525288871,-0.9024657082140384,-0.7111644212715653,-0.7630642117523891,0.0,0.4051425502545523,0.8948528614473485,-0.1320216408453801,0.6352098982042783,1.256517846341055,0.3148060504532315,0.6096145619533219,0.2804140749063715,1.1777550832710504,-0.355038907311476,-1.281555496075043,-0.9150982058149448,0.0131581009717891,0.636733508494735,-0.1214477292277206,-0.3049218169580146,425,0,-0.5755617044819383,-0.1424695729520334
850,0,-0.3270136055008128,-0.523416230884195,0.3563856884081006,-0.6557616525288871,-0.9024657082140384,-0.7111644212715653,-0.7630642117523891,0.0,0.4051425502545523,0.8948528614473485,-0.1320216408453801,0.6352098982042783,1.256517846341055,0.3148060504532315,0.6096145619533219,0.2804140749063715,1.1777550832710504,-0.355038907311476,-1.281555496075043,-0.9150982058149448,0.0131581009717891,0.636733508494735,-0.1214477292277206,-0.3049218169580146,425,1,-0.5755617044819383,-0.1424695729520334
851,0,-0.3270136055008128,-0.1204612053339201,0.3563856884081006,-0.6557616525288871,-0.9024657082140384,-0.7111644212715653,-0.7026539645658552,0.0,0.2104453482043458,0.0495531864788385,1.026546834584599,-0.409975441194734,1.256517846341055,0.4907369165829235,0.2284900749383611,0.9534019870509284,-0.7653547258750445,-0.355038907311476,-0.6438362479091579,-0.9150982058149448,0.0131581009717891,-0.4711494041061431,-0.1214477292277206,-0.3049218169580146,426,0,-0.5303711410308246,-0.1386474195476129
852,0,-0.3270136055008128,-0.1204612053339201,0.3563856884081006,-0.6557616525288871,-0.9024657082140384,-0.7111644212715653,-0.7026539645658552,0.0,0.2104453482043458,0.0495531864788385,1.026546834584599,-0.409975441194734,1.256517846341055,0.4907369165829235,0.2284900749383611,0.9534019870509284,-0.7653547258750445,-0.355038907311476,-0.6438362479091579,-0.9150982058149448,0.0131581009717891,-0.4711494041061431,-0.1214477292277206,-0.3049218169580146,426,1,-0.5303711410308246,-0.1386474195476129
853,0,0.0742213975343513,-0.1204612053339201,0.307302097087329,0.3610474934661032,-0.9024657082140384,-0.7111644212715653,-0.7026539645658552,0.0,0.2104453482043458,0.0495531864788385,-0.1320216408453801,0.6352098982042783,0.623042399398512,0.8425919377659722,0.6096145619533219,-0.392505381545769,-1.042953943094146,-0.9895634650470152,0.3765379031326314,-0.6073388472586053,-0.8975710862039038,0.636733508494735,-0.1214477292277206,-0.3049218169580146,427,0,-0.4204452249280653,-0.13552020312581428
854,0,0.0742213975343513,-0.1204612053339201,0.307302097087329,0.3610474934661032,-0.9024657082140384,-0.7111644212715653,-0.7026539645658552,0.0,0.2104453482043458,0.0495531864788385,-0.1320216408453801,0.6352098982042783,0.623042399398512,0.8425919377659722,0.6096145619533219,-0.392505381545769,-1.042953943094146,-0.9895634650470152,0.3765379031326314,-0.6073388472586053,-0.8975710862039038,0.636733508494735,-0.1214477292277206,-0.3049218169580146,427,1,-0.4204452249280653,-0.13552020312581428
855,0,-0.3270136055008128,-0.523416230884195,0.110977093542049,0.3610474934661032,-0.9024657082140384,-0.7111644212715653,-0.642289796896626,0.0,0.4051425502545523,1.7401525364158583,1.026546834584599,-0.409975441194734,0.623042399398512,1.0185160928193289,0.9907535879355144,-0.6168346855939546,0.0673582143946439,-0.6723496009936615,1.141769862296529,-0.9150982058149448,0.0131581009717891,1.4424707271569734,-0.1929819283747451,-0.3049218169580146,428,0,-0.40345765775947395,-0.1459677895347108
856,0,-0.3270136055008128,-0.523416230884195,0.110977093542049,0.3610474934661032,-0.9024657082140384,-0.7111644212715653,-0.642289796896626,0.0,0.4051425502545523,1.7401525364158583,1.026546834584599,-0.409975441194734,0.623042399398512,1.0185160928193289,0.9907535879355144,-0.6168346855939546,0.0673582143946439,-0.6723496009936615,1.141769862296529,-0.9150982058149448,0.0131581009717891,1.4424707271569734,-0.1929819283747451,-0.3049218169580146,428,1,-0.40345765775947395,-0.1459677895347108
857,0,-0.3270136055008128,-0.523416230884195,0.0618935022212773,0.3610474934661032,-0.9024657082140384,-0.7111644212715653,-0.5214693025235582,0.0,0.2104453482043458,-2.486329715676401,-0.1320216408453801,-0.409975441194734,0.9397559573304936,0.8425919377659722,0.9907535879355144,-0.392505381545769,0.0673582143946439,0.279582480052895,1.6519763994644017,0.3158922709251282,1.3792866238268513,0.536018277181855,-0.1214477292277206,-0.3049218169580146,429,0,-0.38955873916699013,-0.14150959675162167
858,0,-0.3270136055008128,-0.523416230884195,0.0618935022212773,0.3610474934661032,-0.9024657082140384,-0.7111644212715653,-0.5214693025235582,0.0,0.2104453482043458,-2.486329715676401,-0.1320216408453801,-0.409975441194734,0.9397559573304936,0.8425919377659722,0.9907535879355144,-0.392505381545769,0.0673582143946439,0.279582480052895,1.6519763994644017,0.3158922709251282,1.3792866238268513,0.536018277181855,-0.1214477292277206,-0.3049218169580146,429,1,-0.38955873916699013,-0.14150959675162167
859,0,-0.728248608535977,-0.523416230884195,0.0618935022212773,0.3610474934661032,-0.9024657082140384,-0.7111644212715653,-0.7026539645658552,0.0,0.4051425502545523,-0.7957303657393812,-0.1320216408453801,-0.409975441194734,-0.6439568255651532,0.3148060504532315,0.6096145619533219,0.5047433789545571,-0.7653547258750445,-0.0377282136292905,1.2693214965884974,0.6236046719961829,-1.352970421883273,0.9388868865129744,-0.1214477292277206,-0.3049218169580146,430,0,-0.4511387154158968,-0.13786198447454873
860,0,-1.129445347695208,-1.329345496854114,0.1600513231250139,-1.1641662255263825,-0.9024657082140384,-0.7111644212715653,-0.7026539645658552,0.0,0.5998323253659051,0.0495531864788385,-0.1320216408453801,-1.4550013077009485,-0.9606703834971348,-0.2129731257831736,0.2284900749383611,-0.6168346855939546,-0.2101562914368412,-1.6241848524113862,1.0142571512985166,0.0081329123687887,0.923887288147482,0.636733508494735,-0.1214477292277206,-0.3546865249693742,431,0,-0.5744671940121351,-0.13487757442967088
861,0,-0.728248608535977,-0.523416230884195,0.0618935022212773,0.3610474934661032,-0.9024657082140384,-0.7111644212715653,-0.7026539645658552,0.0,0.4051425502545523,-0.7957303657393812,-0.1320216408453801,-0.409975441194734,-0.6439568255651532,0.3148060504532315,0.6096145619533219,0.5047433789545571,-0.7653547258750445,-0.0377282136292905,1.2693214965884974,0.6236046719961829,-1.352970421883273,0.9388868865129744,-0.1214477292277206,-0.3049218169580146,430,1,-0.4511387154158968,-0.13786198447454873
862,0,-1.129445347695208,-1.329345496854114,0.1600513231250139,-1.1641662255263825,-0.9024657082140384,-0.7111644212715653,-0.7026539645658552,0.0,0.5998323253659051,0.0495531864788385,-0.1320216408453801,-1.4550013077009485,-0.9606703834971348,-0.2129731257831736,0.2284900749383611,-0.6168346855939546,-0.2101562914368412,-1.6241848524113862,1.0142571512985166,0.0081329123687887,0.923887288147482,0.636733508494735,-0.1214477292277206,-0.3546865249693742,431,1,-0.5744671940121351,-0.13487757442967088
863,0,-1.530680350730372,-1.329345496854114,0.2091349144457856,-0.6557616525288871,-0.9024657082140384,1.2025024719774604,-0.7026539645658552,0.0,0.7945295274161116,0.0495531864788385,-0.1320216408453801,-1.4550013077009485,-1.594194161518257,-0.3888972808365303,-0.5337734380587921,1.626321443503069,0.3449574316137456,-0.6723496009936615,0.1214346345486952,0.0081329123687887,0.923887288147482,0.536018277181855,-0.1214477292277206,-0.3049218169580146,432,0,-0.7483241315972691,-0.13243578439295264
864,0,-1.530680350730372,-1.329345496854114,0.2091349144457856,-0.6557616525288871,-0.9024657082140384,1.2025024719774604,-0.7026539645658552,0.0,0.7945295274161116,0.0495531864788385,-0.1320216408453801,-1.4550013077009485,-1.594194161518257,-0.3888972808365303,-0.5337734380587921,1.626321443503069,0.3449574316137456,-0.6723496009936615,0.1214346345486952,0.0081329123687887,0.923887288147482,0.536018277181855,-0.1214477292277206,-0.3049218169580146,432,1,-0.7483241315972691,-0.13243578439295264
865,0,-1.129445347695208,-0.9263904713038392,0.0618935022212773,-0.6557616525288871,-0.9024657082140384,-0.7111644212715653,-0.642289796896626,0.0,0.5998323253659051,2.5854522113843683,1.026546834584599,-0.409975441194734,-1.277432272507696,0.1388818953998749,0.2284900749383611,-1.2897541420460952,-0.2101562914368412,-0.0377282136292905,-0.5162846136171899,-0.2996264461875506,-2.263699609058966,0.536018277181855,-0.1214477292277206,-0.2551561597456935,433,0,-0.8176188981605306,-0.13043795618109227
866,0,-1.129445347695208,-0.9263904713038392,0.0618935022212773,-0.6557616525288871,-0.9024657082140384,-0.7111644212715653,-0.642289796896626,0.0,0.5998323253659051,2.5854522113843683,1.026546834584599,-0.409975441194734,-1.277432272507696,0.1388818953998749,0.2284900749383611,-1.2897541420460952,-0.2101562914368412,-0.0377282136292905,-0.5162846136171899,-0.2996264461875506,-2.263699609058966,0.536018277181855,-0.1214477292277206,-0.2551561597456935,433,1,-0.8176188981605306,-0.13043795618109227
867,0,-1.129445347695208,-0.9263904713038392,0.2582185057665573,-1.1641662255263825,-0.9024657082140384,-0.7111644212715653,-0.642289796896626,0.0,0.5998323253659051,-0.7957303657393812,-0.1320216408453801,-0.409975441194734,-0.0104813786226104,-0.0370422596534817,0.2284900749383611,0.5047433789545571,0.3449574316137456,-0.0377282136292905,-1.0264522274911068,0.0081329123687887,0.923887288147482,1.4424707271569734,-0.0499148944820609,-0.3049218169580146,434,0,-0.8743146162577446,-0.11579739950854111
868,0,-1.129445347695208,-0.9263904713038392,0.2582185057665573,-1.1641662255263825,-0.9024657082140384,-0.7111644212715653,-0.642289796896626,0.0,0.5998323253659051,-0.7957303657393812,-0.1320216408453801,-0.409975441194734,-0.0104813786226104,-0.0370422596534817,0.2284900749383611,0.5047433789545571,0.3449574316137456,-0.0377282136292905,-1.0264522274911068,0.0081329123687887,0.923887288147482,1.4424707271569734,-0.0499148944820609,-0.3049218169580146,434,1,-0.8743146162577446,-0.11579739950854111
869,0,0.0742213975343513,-0.1204612053339201,0.2091349144457856,-0.6557616525288871,-0.9024657082140384,-0.7111644212715653,-0.7026539645658552,0.0,0.0157555730929931,0.0495531864788385,-0.1320216408453801,0.6352098982042783,0.623042399398512,0.4907369165829235,0.6096145619533219,-0.392505381545769,0.3449574316137456,0.279582480052895,-0.7713878822011261,1.239076431623577,1.3792866238268513,0.636733508494735,-0.0499148944820609,-0.3546865249693742,435,0,-0.7018535228409999,-0.10381876223099924
870,0,0.0742213975343513,-0.1204612053339201,0.2091349144457856,-0.6557616525288871,-0.9024657082140384,-0.7111644212715653,-0.7026539645658552,0.0,0.0157555730929931,0.0495531864788385,-0.1320216408453801,0.6352098982042783,0.623042399398512,0.4907369165829235,0.6096145619533219,-0.392505381545769,0.3449574316137456,0.279582480052895,-0.7713878822011261,1.239076431623577,1.3792866238268513,0.636733508494735,-0.0499148944820609,-0.3546865249693742,435,1,-0.7018535228409999,-0.10381876223099924
871,0,-0.3270136055008128,-0.1204612053339201,0.1600513231250139,0.3610474934661032,-0.9024657082140384,-0.7111644212715653,-0.7026539645658552,0.0,0.2104453482043458,0.8948528614473485,-0.1320216408453801,-0.409975441194734,0.623042399398512,0.8425919377659722,0.9907535879355144,0.9534019870509284,0.9001558660519489,-0.9895634650470152,0.3765379031326314,0.0081329123687887,0.4685574366511583,0.536018277181855,-0.1214477292277206,-0.3546865249693742,436,0,-0.6337008105973295,-0.10702402895767585
872,0,-0.3270136055008128,-0.1204612053339201,0.1600513231250139,0.3610474934661032,-0.9024657082140384,-0.7111644212715653,-0.7026539645658552,0.0,0.2104453482043458,0.8948528614473485,-0.1320216408453801,-0.409975441194734,0.623042399398512,0.8425919377659722,0.9907535879355144,0.9534019870509284,0.9001558660519489,-0.9895634650470152,0.3765379031326314,0.0081329123687887,0.4685574366511583,0.536018277181855,-0.1214477292277206,-0.3546865249693742,436,1,-0.6337008105973295,-0.10702402895767585
873,0,0.0742213975343513,-0.1204612053339201,0.2091349144457856,0.3610474934661032,-0.9024657082140384,-0.7111644212715653,-0.7026539645658552,0.0,0.2104453482043458,0.0495531864788385,-0.1320216408453801,-0.409975441194734,-0.0104813786226104,0.8425919377659722,0.9907535879355144,0.0561532265506022,-1.042953943094146,0.279582480052895,1.3968731308804654,0.6236046719961829,-0.8975710862039038,0.3345878145560952,-0.1214477292277206,-0.3049218169580146,437,0,-0.5049876818461149,-0.1096465199158658
874,0,0.0742213975343513,-0.1204612053339201,0.2091349144457856,0.3610474934661032,-0.9024657082140384,-0.7111644212715653,-0.7026539645658552,0.0,0.2104453482043458,0.0495531864788385,-0.1320216408453801,-0.409975441194734,-0.0104813786226104,0.8425919377659722,0.9907535879355144,0.0561532265506022,-1.042953943094146,0.279582480052895,1.3968731308804654,0.6236046719961829,-0.8975710862039038,0.3345878145560952,-0.1214477292277206,-0.3049218169580146,437,1,-0.5049876818461149,-0.1096465199158658
875,0,-0.728248608535977,-0.523416230884195,0.110977093542049,0.3610474934661032,-0.9024657082140384,-0.7111644212715653,-0.642289796896626,0.0,0.5998323253659051,0.0495531864788385,-0.1320216408453801,-0.409975441194734,-0.6439568255651532,1.0185160928193289,1.371878074950475,-0.1681760774975834,0.6225566488328472,2.183349812517176,1.6519763994644017,0.9313640305525224,-1.352970421883273,0.536018277181855,-0.1214477292277206,-0.3049218169580146,438,0,-0.5455805776079079,-0.11179219433620302
876,0,-0.728248608535977,-0.523416230884195,0.110977093542049,0.3610474934661032,-0.9024657082140384,-0.7111644212715653,-0.642289796896626,0.0,0.5998323253659051,0.0495531864788385,-0.1320216408453801,-0.409975441194734,-0.6439568255651532,1.0185160928193289,1.371878074950475,-0.1681760774975834,0.6225566488328472,2.183349812517176,1.6519763994644017,0.9313640305525224,-1.352970421883273,0.536018277181855,-0.1214477292277206,-0.3049218169580146,438,1,-0.5455805776079079,-0.11179219433620302
877,0,-0.728248608535977,-0.9263904713038392,0.0618935022212773,-1.1641662255263825,-0.9024657082140384,-0.7111644212715653,-0.5214693025235582,0.0,0.5998323253659051,0.8948528614473485,-0.1320216408453801,-0.409975441194734,-0.9606703834971348,0.6666610716362802,0.9907535879355144,-0.6168346855939546,-1.320553160313248,-1.6241848524113862,1.7794891104624142,-0.9150982058149448,0.0131581009717891,0.636733508494735,-0.1214477292277206,-0.3049218169580146,439,0,-0.5787929468675568,-0.11354774613466076
878,0,-0.728248608535977,-0.9263904713038392,0.0618935022212773,-1.1641662255263825,-0.9024657082140384,-0.7111644212715653,-0.5214693025235582,0.0,0.5998323253659051,0.8948528614473485,-0.1320216408453801,-0.409975441194734,-0.9606703834971348,0.6666610716362802,0.9907535879355144,-0.6168346855939546,-1.320553160313248,-1.6241848524113862,1.7794891104624142,-0.9150982058149448,0.0131581009717891,0.636733508494735,-0.1214477292277206,-0.3049218169580146,439,1,-0.5787929468675568,-0.11354774613466076
879,0,-1.129445347695208,-0.9263904713038392,0.1600513231250139,-0.6557616525288871,-0.9024657082140384,1.2025024719774604,-0.7026539645658552,0.0,0.4051425502545523,0.0495531864788385,-0.1320216408453801,-1.4550013077009485,-0.9606703834971348,-0.0370422596534817,0.2284900749383611,0.7290726830027427,-0.2101562914368412,1.548728425152805,1.0142571512985166,0.6236046719961829,0.0131581009717891,0.7374564238872144,-0.0499148944820609,-0.3049218169580146,440,0,-0.678911565199857,-0.10197813674327896
880,0,-1.129445347695208,-0.9263904713038392,0.1600513231250139,-0.6557616525288871,-0.9024657082140384,1.2025024719774604,-0.7026539645658552,0.0,0.4051425502545523,0.0495531864788385,-0.1320216408453801,-1.4550013077009485,-0.9606703834971348,-0.0370422596534817,0.2284900749383611,0.7290726830027427,-0.2101562914368412,1.548728425152805,1.0142571512985166,0.6236046719961829,0.0131581009717891,0.7374564238872144,-0.0499148944820609,-0.3049218169580146,440,1,-0.678911565199857,-0.10197813674327896
881,0,-1.530680350730372,-1.329345496854114,0.110977093542049,-1.1641662255263825,-0.9024657082140384,-0.7111644212715653,-0.7026539645658552,0.0,0.5998323253659051,0.0495531864788385,-0.1320216408453801,-1.4550013077009485,-0.9606703834971348,-0.3888972808365303,-0.1526344120765995,1.401992139454883,-1.320553160313248,-0.0377282136292905,0.3765379031326314,0.6236046719961829,0.4685574366511583,0.636733508494735,-0.0499148944820609,-0.3049218169580146,441,0,-0.8337786171144961,-0.09251209269578477
882,0,-1.530680350730372,-1.329345496854114,0.110977093542049,-1.1641662255263825,-0.9024657082140384,-0.7111644212715653,-0.7026539645658552,0.0,0.5998323253659051,0.0495531864788385,-0.1320216408453801,-1.4550013077009485,-0.9606703834971348,-0.3888972808365303,-0.1526344120765995,1.401992139454883,-1.320553160313248,-0.0377282136292905,0.3765379031326314,0.6236046719961829,0.4685574366511583,0.636733508494735,-0.0499148944820609,-0.3049218169580146,441,1,-0.8337786171144961,-0.09251209269578477
883,0,-1.129445347695208,-0.9263904713038392,0.110977093542049,-1.6725707985238774,-0.9024657082140384,-0.7111644212715653,-0.7026539645658552,0.0,0.5998323253659051,0.0495531864788385,1.026546834584599,-0.409975441194734,-0.9606703834971348,-0.3888972808365303,-0.5337734380587921,-1.0654248379979097,0.3449574316137456,-0.355038907311476,-0.7713878822011261,0.6236046719961829,1.3792866238268513,0.636733508494735,-0.0499148944820609,-0.2551561597456935,442,0,-0.8875362044928072,-0.08476714756601679
884,0,-1.129445347695208,-0.9263904713038392,0.110977093542049,-1.6725707985238774,-0.9024657082140384,-0.7111644212715653,-0.7026539645658552,0.0,0.5998323253659051,0.0495531864788385,1.026546834584599,-0.409975441194734,-0.9606703834971348,-0.3888972808365303,-0.5337734380587921,-1.0654248379979097,0.3449574316137456,-0.355038907311476,-0.7713878822011261,0.6236046719961829,1.3792866238268513,0.636733508494735,-0.0499148944820609,-0.2551561597456935,442,1,-0.8875362044928072,-0.08476714756601679
885,0,-0.728248608535977,-0.9263904713038392,0.2091349144457856,-1.1641662255263825,-0.9024657082140384,-0.7111644212715653,-0.7026539645658552,0.0,0.5998323253659051,1.7401525364158583,-0.1320216408453801,-0.409975441194734,-0.9606703834971348,-0.0370422596534817,0.2284900749383611,0.2804140749063715,2.010468023540739,-0.0377282136292905,-1.154003861783075,0.3158922709251282,-1.352970421883273,0.7374564238872144,-0.0499148944820609,-0.2551561597456935,443,0,-0.8585748234097471,-0.07843037427802481
886,0,-0.728248608535977,-0.9263904713038392,0.2091349144457856,-1.1641662255263825,-0.9024657082140384,-0.7111644212715653,-0.7026539645658552,0.0,0.5998323253659051,1.7401525364158583,-0.1320216408453801,-0.409975441194734,-0.9606703834971348,-0.0370422596534817,0.2284900749383611,0.2804140749063715,2.010468023540739,-0.0377282136292905,-1.154003861783075,0.3158922709251282,-1.352970421883273,0.7374564238872144,-0.0499148944820609,-0.2551561597456935,443,1,-0.8585748234097471,-0.07843037427802481
887,0,-0.728248608535977,-0.523416230884195,0.2091349144457856,-0.6557616525288871,-0.9024657082140384,-0.7111644212715653,-0.5818795497100921,0.0,0.4051425502545523,0.8948528614473485,-0.1320216408453801,-0.409975441194734,0.3062805103879508,0.4907369165829235,0.6096145619533219,0.9534019870509284,-0.2101562914368412,-0.0377282136292905,-1.281555496075043,-0.2996264461875506,-0.8975710862039038,0.636733508494735,-0.1214477292277206,-0.3049218169580146,444,0,-0.8348791479781525,-0.08625171154160585
888,0,-0.728248608535977,-0.523416230884195,0.2091349144457856,-0.6557616525288871,-0.9024657082140384,-0.7111644212715653,-0.5818795497100921,0.0,0.4051425502545523,0.8948528614473485,-0.1320216408453801,-0.409975441194734,0.3062805103879508,0.4907369165829235,0.6096145619533219,0.9534019870509284,-0.2101562914368412,-0.0377282136292905,-1.281555496075043,-0.2996264461875506,-0.8975710862039038,0.636733508494735,-0.1214477292277206,-0.3049218169580146,444,1,-0.8348791479781525,-0.08625171154160585
889,0,0.0742213975343513,0.2825130350857242,0.2582185057665573,-0.6557616525288871,-0.9024657082140384,-0.7111644212715653,-0.5818795497100921,0.0,-0.1789342020183596,-0.7957303657393812,-0.1320216408453801,0.6352098982042783,0.623042399398512,0.4907369165829235,0.6096145619533219,1.401992139454883,0.9001558660519489,0.914107037788434,-0.8989005931991387,0.0081329123687887,0.0131581009717891,1.5431859584698533,-0.0499148944820609,-0.3049218169580146,445,0,-0.6695881397031519,-0.07964501753077949
890,0,0.0742213975343513,0.2825130350857242,0.2582185057665573,-0.6557616525288871,-0.9024657082140384,-0.7111644212715653,-0.5818795497100921,0.0,-0.1789342020183596,-0.7957303657393812,-0.1320216408453801,0.6352098982042783,0.623042399398512,0.4907369165829235,0.6096145619533219,1.401992139454883,0.9001558660519489,0.914107037788434,-0.8989005931991387,0.0081329123687887,0.0131581009717891,1.5431859584698533,-0.0499148944820609,-0.3049218169580146,445,1,-0.6695881397031519,-0.07964501753077949
891,0,0.4754564005695154,0.2825130350857242,0.2091349144457856,0.3610474934661032,-0.9024657082140384,-0.7111644212715653,-0.7026539645658552,0.0,-0.1789342020183596,0.8948528614473485,-0.1320216408453801,0.6352098982042783,1.5732314042730364,0.8425919377659722,0.9907535879355144,-0.8411639896421402,0.0673582143946439,0.5968931737350806,-0.3887329793252218,-1.2228106068859994,0.923887288147482,0.1331496678507358,-0.0499148944820609,-0.2551561597456935,446,0,-0.4613982232899397,-0.07423954061283065
892,0,0.4754564005695154,0.2825130350857242,0.2091349144457856,0.3610474934661032,-0.9024657082140384,-0.7111644212715653,-0.7026539645658552,0.0,-0.1789342020183596,0.8948528614473485,-0.1320216408453801,0.6352098982042783,1.5732314042730364,0.8425919377659722,0.9907535879355144,-0.8411639896421402,0.0673582143946439,0.5968931737350806,-0.3887329793252218,-1.2228106068859994,0.923887288147482,0.1331496678507358,-0.0499148944820609,-0.2551561597456935,446,1,-0.4613982232899397,-0.07423954061283065
893,0,-0.3270136055008128,-0.1204612053339201,0.1600513231250139,0.3610474934661032,-0.9024657082140384,-0.7111644212715653,-0.7026539645658552,0.0,0.2104453482043458,0.8948528614473485,-0.1320216408453801,-0.409975441194734,0.623042399398512,0.8425919377659722,0.9907535879355144,1.401992139454883,-0.4877555086559428,-0.0377282136292905,1.3968731308804654,-1.2228106068859994,1.834616475323175,0.7374564238872144,-0.0499148944820609,-0.3049218169580146,447,0,-0.43696465641918936,-0.06981687767996342
894,0,-0.3270136055008128,-0.1204612053339201,0.1600513231250139,0.3610474934661032,-0.9024657082140384,-0.7111644212715653,-0.7026539645658552,0.0,0.2104453482043458,0.8948528614473485,-0.1320216408453801,-0.409975441194734,0.623042399398512,0.8425919377659722,0.9907535879355144,1.401992139454883,-0.4877555086559428,-0.0377282136292905,1.3968731308804654,-1.2228106068859994,1.834616475323175,0.7374564238872144,-0.0499148944820609,-0.3049218169580146,447,1,-0.43696465641918936,-0.06981687767996342
895,0,-0.3270136055008128,-0.523416230884195,0.2091349144457856,0.3610474934661032,-0.9024657082140384,-0.7111644212715653,-0.642289796896626,0.0,0.2104453482043458,0.8948528614473485,-0.1320216408453801,-0.409975441194734,-0.327194936554592,0.8425919377659722,0.9907535879355144,0.9534019870509284,0.0673582143946439,1.8660391188349903,1.5244247651724334,0.9313640305525224,0.923887288147482,1.5431859584698533,-0.1214477292277206,-0.3049218169580146,448,0,-0.4169735562522118,-0.07920430523410107
896,0,-0.3270136055008128,-0.523416230884195,0.2091349144457856,0.3610474934661032,-0.9024657082140384,-0.7111644212715653,-0.642289796896626,0.0,0.2104453482043458,0.8948528614473485,-0.1320216408453801,-0.409975441194734,-0.327194936554592,0.8425919377659722,0.9907535879355144,0.9534019870509284,0.0673582143946439,1.8660391188349903,1.5244247651724334,0.9313640305525224,0.923887288147482,1.5431859584698533,-0.1214477292277206,-0.3049218169580146,448,1,-0.4169735562522118,-0.07920430523410107
897,0,-0.728248608535977,-0.9263904713038392,0.1600513231250139,0.3610474934661032,-0.9024657082140384,-0.7111644212715653,-0.642289796896626,0.0,0.5998323253659051,0.8948528614473485,-0.1320216408453801,-0.409975441194734,-0.9606703834971348,0.8425919377659722,0.9907535879355144,-0.6168346855939546,0.6225566488328472,-0.9895634650470152,1.6519763994644017,-0.2996264461875506,-1.8083002733795968,1.5431859584698533,-0.1214477292277206,-0.3049218169580146,449,0,-0.47356902030380543,-0.08688492777839552
898,0,-0.728248608535977,-0.9263904713038392,0.1600513231250139,0.3610474934661032,-0.9024657082140384,-0.7111644212715653,-0.642289796896626,0.0,0.5998323253659051,0.8948528614473485,-0.1320216408453801,-0.409975441194734,-0.9606703834971348,0.8425919377659722,0.9907535879355144,-0.6168346855939546,0.6225566488328472,-0.9895634650470152,1.6519763994644017,-0.2996264461875506,-1.8083002733795968,1.5431859584698533,-0.1214477292277206,-0.3049218169580146,449,1,-0.47356902030380543,-0.08688492777839552
899,0,-1.129445347695208,-0.9263904713038392,0.0128099109005057,-1.1641662255263825,-0.9024657082140384,-0.7111644212715653,-0.5818795497100921,0.0,0.5998323253659051,0.8948528614473485,1.026546834584599,-1.4550013077009485,-0.6439568255651532,0.4907369165829235,0.6096145619533219,-0.392505381545769,-0.4877555086559428,-0.0377282136292905,1.141769862296529,-2.146041725069733,0.4685574366511583,1.039602117825854,-0.0499148944820609,-0.2551561597456935,450,0,-0.5928192616476968,-0.0801631035426983
900,0,-1.129445347695208,-0.9263904713038392,0.0128099109005057,-1.1641662255263825,-0.9024657082140384,-0.7111644212715653,-0.5818795497100921,0.0,0.5998323253659051,0.8948528614473485,1.026546834584599,-1.4550013077009485,-0.6439568255651532,0.4907369165829235,0.6096145619533219,-0.392505381545769,-0.4877555086559428,-0.0377282136292905,1.141769862296529,-2.146041725069733,0.4685574366511583,1.039602117825854,-0.0499148944820609,-0.2551561597456935,450,1,-0.5928192616476968,-0.0801631035426983
901,0,-1.129445347695208,-0.9263904713038392,0.110977093542049,-0.6557616525288871,-0.9024657082140384,-0.7111644212715653,-0.7026539645658552,0.0,0.4051425502545523,0.8948528614473485,1.026546834584599,-1.4550013077009485,-0.9606703834971348,-0.3888972808365303,-0.5337734380587921,1.401992139454883,-0.7653547258750445,-0.355038907311476,0.6316022484226123,-0.9150982058149448,0.0131581009717891,1.4424707271569734,-0.0499148944820609,-0.2551561597456935,451,0,-0.6903876409290625,-0.07466342916803695
902,0,-1.129445347695208,-0.9263904713038392,0.110977093542049,-0.6557616525288871,-0.9024657082140384,-0.7111644212715653,-0.7026539645658552,0.0,0.4051425502545523,0.8948528614473485,1.026546834584599,-1.4550013077009485,-0.9606703834971348,-0.3888972808365303,-0.5337734380587921,1.401992139454883,-0.7653547258750445,-0.355038907311476,0.6316022484226123,-0.9150982058149448,0.0131581009717891,1.4424707271569734,-0.0499148944820609,-0.2551561597456935,451,1,-0.6903876409290625,-0.07466342916803695
903,0,-1.129445347695208,-1.329345496854114,0.1600513231250139,-0.6557616525288871,-0.9024657082140384,-0.7111644212715653,-0.7026539645658552,0.0,0.5998323253659051,-0.7957303657393812,-0.1320216408453801,-1.4550013077009485,-0.9606703834971348,-0.3888972808365303,-0.1526344120765995,0.2804140749063715,0.6225566488328472,-0.9895634650470152,-0.2611813450332536,-0.6073388472586053,0.4685574366511583,0.2338725832432154,-0.0499148944820609,-0.2551561597456935,452,0,-0.7702163148865435,-0.07016369558876857
904,0,-1.129445347695208,-1.329345496854114,0.1600513231250139,-0.6557616525288871,-0.9024657082140384,-0.7111644212715653,-0.7026539645658552,0.0,0.5998323253659051,-0.7957303657393812,-0.1320216408453801,-1.4550013077009485,-0.9606703834971348,-0.3888972808365303,-0.1526344120765995,0.2804140749063715,0.6225566488328472,-0.9895634650470152,-0.2611813450332536,-0.6073388472586053,0.4685574366511583,0.2338725832432154,-0.0499148944820609,-0.2551561597456935,452,1,-0.7702163148865435,-0.07016369558876857
905,0,-0.728248608535977,-0.9263904713038392,0.2582185057665573,-1.1641662255263825,-0.9024657082140384,-0.7111644212715653,-0.7026539645658552,0.0,0.4051425502545523,0.8948528614473485,-0.1320216408453801,-0.409975441194734,-0.6439568255651532,-0.3888972808365303,-0.5337734380587921,1.626321443503069,0.0673582143946439,1.548728425152805,-1.5366198413650238,0.0081329123687887,0.4685574366511583,0.4353030458689751,-0.0499148944820609,-0.2551561597456935,453,0,-0.7625858228228041,-0.06648209538754898
906,0,-0.728248608535977,-0.9263904713038392,0.2582185057665573,-1.1641662255263825,-0.9024657082140384,-0.7111644212715653,-0.7026539645658552,0.0,0.4051425502545523,0.8948528614473485,-0.1320216408453801,-0.409975441194734,-0.6439568255651532,-0.3888972808365303,-0.5337734380587921,1.626321443503069,0.0673582143946439,1.548728425152805,-1.5366198413650238,0.0081329123687887,0.4685574366511583,0.4353030458689751,-0.0499148944820609,-0.2551561597456935,453,1,-0.7625858228228041,-0.06648209538754898
907,0,-0.3270136055008128,-0.523416230884195,0.307302097087329,-0.6557616525288871,-0.9024657082140384,-0.7111644212715653,-0.7026539645658552,0.0,0.4051425502545523,0.8948528614473485,-0.1320216408453801,-0.409975441194734,-0.6439568255651532,0.3148060504532315,0.2284900749383611,1.626321443503069,2.2880672407598404,-0.355038907311476,-0.7713878822011261,-0.2996264461875506,-2.263699609058966,0.1331496678507358,-0.0499148944820609,-0.2551561597456935,454,0,-0.6833908742188056,-0.0634698770410966
908,0,-0.3270136055008128,-0.523416230884195,0.307302097087329,-0.6557616525288871,-0.9024657082140384,-0.7111644212715653,-0.7026539645658552,0.0,0.4051425502545523,0.8948528614473485,-0.1320216408453801,-0.409975441194734,-0.6439568255651532,0.3148060504532315,0.2284900749383611,1.626321443503069,2.2880672407598404,-0.355038907311476,-0.7713878822011261,-0.2996264461875506,-2.263699609058966,0.1331496678507358,-0.0499148944820609,-0.2551561597456935,454,1,-0.6833908742188056,-0.0634698770410966
909,0,-0.3270136055008128,-0.1204612053339201,0.307302097087329,0.3610474934661032,-0.9024657082140384,-0.7111644212715653,-0.642289796896626,0.0,0.2104453482043458,1.7401525364158583,1.026546834584599,0.6352098982042783,0.3062805103879508,0.6666610716362802,0.6096145619533219,1.401992139454883,1.4552695891025356,-0.9895634650470152,-1.5366198413650238,2.4700669083636497,-0.8975710862039038,0.8381716552000944,-0.0499148944820609,-0.2551561597456935,455,0,-0.6185950071791706,-0.06100533475763557
910,0,-0.3270136055008128,-0.1204612053339201,0.307302097087329,0.3610474934661032,-0.9024657082140384,-0.7111644212715653,-0.642289796896626,0.0,0.2104453482043458,1.7401525364158583,1.026546834584599,0.6352098982042783,0.3062805103879508,0.6666610716362802,0.6096145619533219,1.401992139454883,1.4552695891025356,-0.9895634650470152,-1.5366198413650238,2.4700669083636497,-0.8975710862039038,0.8381716552000944,-0.0499148944820609,-0.2551561597456935,455,1,-0.6185950071791706,-0.06100533475763557
911,0,0.4754564005695154,0.2825130350857242,0.2091349144457856,-1.1641662255263825,-0.9024657082140384,-0.7111644212715653,-0.5214693025235582,0.0,-0.1789342020183596,0.0495531864788385,1.026546834584599,0.6352098982042783,0.9397559573304936,0.8425919377659722,0.6096145619533219,0.5047433789545571,-0.4877555086559428,1.548728425152805,-0.7713878822011261,3.393298026547383,0.4685574366511583,0.0324344365378559,-0.0499148944820609,-0.2551561597456935,456,0,-0.41967656940668224,-0.05898889107116744
912,0,0.4754564005695154,0.2825130350857242,0.2091349144457856,-1.1641662255263825,-0.9024657082140384,-0.7111644212715653,-0.5214693025235582,0.0,-0.1789342020183596,0.0495531864788385,1.026546834584599,0.6352098982042783,0.9397559573304936,0.8425919377659722,0.6096145619533219,0.5047433789545571,-0.4877555086559428,1.548728425152805,-0.7713878822011261,3.393298026547383,0.4685574366511583,0.0324344365378559,-0.0499148944820609,-0.2551561597456935,456,1,-0.41967656940668224,-0.05898889107116744
913,0,0.4754564005695154,0.6854680606359991,0.1600513231250139,0.3610474934661032,-0.9024657082140384,-0.7111644212715653,-0.7026539645658552,0.0,-0.1789342020183596,-0.7957303657393812,-0.1320216408453801,0.6352098982042783,1.256517846341055,1.0185160928193289,0.9907535879355144,-1.2897541420460952,0.6225566488328472,-1.3068741587292003,0.8867055170065484,-0.2996264461875506,0.0131581009717891,0.8381716552000944,-0.0499148944820609,-0.2551561597456935,457,0,-0.25692512032010084,-0.0573390735095117
914,0,0.4754564005695154,0.6854680606359991,0.1600513231250139,0.3610474934661032,-0.9024657082140384,-0.7111644212715653,-0.7026539645658552,0.0,-0.1789342020183596,-0.7957303657393812,-0.1320216408453801,0.6352098982042783,1.256517846341055,1.0185160928193289,0.9907535879355144,-1.2897541420460952,0.6225566488328472,-1.3068741587292003,0.8867055170065484,-0.2996264461875506,0.0131581009717891,0.8381716552000944,-0.0499148944820609,-0.2551561597456935,457,1,-0.25692512032010084,-0.0573390735095117
915,0,-0.3270136055008128,-0.1204612053339201,0.2582185057665573,0.8694520664635984,-0.9024657082140384,-0.7111644212715653,-0.7630642117523891,0.0,0.0157555730929931,1.7401525364158583,-0.1320216408453801,-0.409975441194734,0.3062805103879508,1.0185160928193289,1.371878074950475,0.9534019870509284,-1.598067666144733,-0.355038907311476,1.7794891104624142,-0.6073388472586053,2.290015811002544,1.4424707271569734,-0.0499148944820609,-0.2551561597456935,458,0,-0.26966848126204845,-0.05598922277724792
916,0,-0.3270136055008128,-0.1204612053339201,0.2582185057665573,0.8694520664635984,-0.9024657082140384,-0.7111644212715653,-0.7630642117523891,0.0,0.0157555730929931,1.7401525364158583,-0.1320216408453801,-0.409975441194734,0.3062805103879508,1.0185160928193289,1.371878074950475,0.9534019870509284,-1.598067666144733,-0.355038907311476,1.7794891104624142,-0.6073388472586053,2.290015811002544,1.4424707271569734,-0.0499148944820609,-0.2551561597456935,458,1,-0.26966848126204845,-0.05598922277724792
917,0,-0.728248608535977,-0.523416230884195,0.110977093542049,0.3610474934661032,-0.9024657082140384,-0.7111644212715653,-0.7026539645658552,0.0,0.2104453482043458,-1.641030040707891,-0.1320216408453801,-0.409975441194734,-0.9606703834971348,0.6666610716362802,0.9907535879355144,-0.392505381545769,0.0673582143946439,0.5968931737350806,2.0345923790463507,-0.6073388472586053,0.923887288147482,0.7374564238872144,-0.0499148944820609,-0.2551561597456935,459,0,-0.35304668622094454,-0.05488479945085027
918,0,-0.728248608535977,-0.523416230884195,0.110977093542049,0.3610474934661032,-0.9024657082140384,-0.7111644212715653,-0.7026539645658552,0.0,0.2104453482043458,-1.641030040707891,-0.1320216408453801,-0.409975441194734,-0.9606703834971348,0.6666610716362802,0.9907535879355144,-0.392505381545769,0.0673582143946439,0.5968931737350806,2.0345923790463507,-0.6073388472586053,0.923887288147482,0.7374564238872144,-0.0499148944820609,-0.2551561597456935,459,1,-0.35304668622094454,-0.05488479945085027
919,0,-1.129445347695208,-0.9263904713038392,0.0618935022212773,-0.6557616525288871,-0.9024657082140384,-0.7111644212715653,-0.7026539645658552,0.0,0.5998323253659051,1.7401525364158583,-0.1320216408453801,-1.4550013077009485,-2.2276696084608,0.4907369165829235,0.6096145619533219,0.9534019870509284,0.6225566488328472,0.5968931737350806,1.6519763994644017,0.0081329123687887,0.0131581009717891,1.8453393364880928,-0.0499148944820609,-0.2551561597456935,460,0,-0.49421007921626514,-0.05398118036561584
920,0,-1.129445347695208,-0.9263904713038392,0.0618935022212773,-0.6557616525288871,-0.9024657082140384,-0.7111644212715653,-0.7026539645658552,0.0,0.5998323253659051,1.7401525364158583,-0.1320216408453801,-1.4550013077009485,-2.2276696084608,0.4907369165829235,0.6096145619533219,0.9534019870509284,0.6225566488328472,0.5968931737350806,1.6519763994644017,0.0081329123687887,0.0131581009717891,1.8453393364880928,-0.0499148944820609,-0.2551561597456935,460,1,-0.49421007921626514,-0.05398118036561584
921,0,-1.530680350730372,-1.7323197372737589,0.0618935022212773,-1.1641662255263825,-0.9024657082140384,-0.7111644212715653,-0.5214693025235582,0.0,0.7945295274161116,0.0495531864788385,-0.1320216408453801,-2.5001866470999605,-1.277432272507696,0.1388818953998749,0.2284900749383611,0.5047433789545571,-0.7653547258750445,1.2314177314706196,0.8867055170065484,0.0081329123687887,-0.8975710862039038,0.7374564238872144,-0.0499148944820609,-0.2053905025333723,461,0,-0.6826592194915573,-0.05324185565951494
922,0,-1.530680350730372,-1.7323197372737589,0.0618935022212773,-1.1641662255263825,-0.9024657082140384,-0.7111644212715653,-0.5214693025235582,0.0,0.7945295274161116,0.0495531864788385,-0.1320216408453801,-2.5001866470999605,-1.277432272507696,0.1388818953998749,0.2284900749383611,0.5047433789545571,-0.7653547258750445,1.2314177314706196,0.8867055170065484,0.0081329123687887,-0.8975710862039038,0.7374564238872144,-0.0499148944820609,-0.2053905025333723,461,1,-0.6826592194915573,-0.05324185565951494
923,0,-1.129445347695208,-0.9263904713038392,0.0128099109005057,-1.1641662255263825,-0.9024657082140384,-0.7111644212715653,-0.642289796896626,0.0,0.5998323253659051,0.0495531864788385,-0.1320216408453801,-1.4550013077009485,-1.594194161518257,-0.2129731257831736,-0.5337734380587921,-1.0654248379979097,0.0673582143946439,-0.0377282136292905,0.1214346345486952,-0.2996264461875506,-0.44224123470758,1.039602117825854,0.0216193046649635,-0.2053905025333723,462,0,-0.76389306098313,-0.03963073560051886
924,0,-1.129445347695208,-0.9263904713038392,0.2582185057665573,-0.6557616525288871,-0.9024657082140384,-0.7111644212715653,-0.7026539645658552,0.0,0.5998323253659051,-1.641030040707891,-0.1320216408453801,-0.409975441194734,-0.6439568255651532,-0.3888972808365303,-0.1526344120765995,-0.392505381545769,-0.2101562914368412,-0.355038907311476,-0.7713878822011261,0.0081329123687887,0.4685574366511583,0.7374564238872144,0.0216193046649635,-0.2053905025333723,463,0,-0.8303571131125986,-0.02849436464315843
925,0,-1.129445347695208,-0.9263904713038392,0.0128099109005057,-1.1641662255263825,-0.9024657082140384,-0.7111644212715653,-0.642289796896626,0.0,0.5998323253659051,0.0495531864788385,-0.1320216408453801,-1.4550013077009485,-1.594194161518257,-0.2129731257831736,-0.5337734380587921,-1.0654248379979097,0.0673582143946439,-0.0377282136292905,0.1214346345486952,-0.2996264461875506,-0.44224123470758,1.039602117825854,0.0216193046649635,-0.2053905025333723,462,1,-0.76389306098313,-0.03963073560051886
926,0,-1.129445347695208,-0.9263904713038392,0.2582185057665573,-0.6557616525288871,-0.9024657082140384,-0.7111644212715653,-0.7026539645658552,0.0,0.5998323253659051,-1.641030040707891,-0.1320216408453801,-0.409975441194734,-0.6439568255651532,-0.3888972808365303,-0.1526344120765995,-0.392505381545769,-0.2101562914368412,-0.355038907311476,-0.7713878822011261,0.0081329123687887,0.4685574366511583,0.7374564238872144,0.0216193046649635,-0.2053905025333723,463,1,-0.8303571131125986,-0.02849436464315843
927,0,-0.728248608535977,-0.523416230884195,0.307302097087329,-0.6557616525288871,-0.9024657082140384,-0.7111644212715653,-0.7026539645658552,0.0,0.4051425502545523,0.0495531864788385,-0.1320216408453801,0.6352098982042783,-0.9606703834971348,-0.2129731257831736,-0.5337734380587921,0.0561532265506022,0.0673582143946439,-0.355038907311476,-1.0264522274911068,-0.9150982058149448,1.3792866238268513,1.6439011897827331,0.0216193046649635,-0.2053905025333723,464,0,-0.8117919304623037,-0.019382788405318076
928,0,-0.728248608535977,-0.523416230884195,0.307302097087329,-0.6557616525288871,-0.9024657082140384,-0.7111644212715653,-0.7026539645658552,0.0,0.4051425502545523,0.0495531864788385,-0.1320216408453801,0.6352098982042783,-0.9606703834971348,-0.2129731257831736,-0.5337734380587921,0.0561532265506022,0.0673582143946439,-0.355038907311476,-1.0264522274911068,-0.9150982058149448,1.3792866238268513,1.6439011897827331,0.0216193046649635,-0.2053905025333723,464,1,-0.8117919304623037,-0.019382788405318076
929,0,-0.3270136055008128,-0.1204612053339201,0.307302097087329,-0.6557616525288871,-0.9024657082140384,-0.7111644212715653,-0.7026539645658552,0.0,0.2104453482043458,1.7401525364158583,-0.1320216408453801,0.6352098982042783,-0.6439568255651532,0.3148060504532315,0.2284900749383611,0.2804140749063715,-0.7653547258750445,1.2314177314706196,-1.919274744240928,1.239076431623577,-0.44224123470758,0.3345878145560952,0.0216193046649635,-0.2551561597456935,465,0,-0.7236504168329417,-0.011927862392539608
930,0,-0.3270136055008128,-0.1204612053339201,0.307302097087329,-0.6557616525288871,-0.9024657082140384,-0.7111644212715653,-0.7026539645658552,0.0,0.2104453482043458,1.7401525364158583,-0.1320216408453801,0.6352098982042783,-0.6439568255651532,0.3148060504532315,0.2284900749383611,0.2804140749063715,-0.7653547258750445,1.2314177314706196,-1.919274744240928,1.239076431623577,-0.44224123470758,0.3345878145560952,0.0216193046649635,-0.2551561597456935,465,1,-0.7236504168329417,-0.011927862392539608
931,0,0.0742213975343513,-0.1204612053339201,0.307302097087329,-0.1473570795313919,-0.9024657082140384,-0.7111644212715653,-0.642289796896626,0.0,0.2104453482043458,0.0495531864788385,1.026546834584599,0.6352098982042783,-0.0104813786226104,1.0185160928193289,0.6096145619533219,0.9534019870509284,-1.042953943094146,0.279582480052895,-0.6438362479091579,-2.146041725069733,-1.8083002733795968,0.4353030458689751,0.0216193046649635,-0.2551561597456935,466,0,-0.5785828142207067,-0.005828377472993588
932,0,0.0742213975343513,-0.1204612053339201,0.307302097087329,-0.1473570795313919,-0.9024657082140384,-0.7111644212715653,-0.642289796896626,0.0,0.2104453482043458,0.0495531864788385,1.026546834584599,0.6352098982042783,-0.0104813786226104,1.0185160928193289,0.6096145619533219,0.9534019870509284,-1.042953943094146,0.279582480052895,-0.6438362479091579,-2.146041725069733,-1.8083002733795968,0.4353030458689751,0.0216193046649635,-0.2551561597456935,466,1,-0.5785828142207067,-0.005828377472993588
933,0,0.4754564005695154,0.2825130350857242,0.2091349144457856,-0.6557616525288871,-0.9024657082140384,-0.7111644212715653,-0.5818795497100921,0.0,-0.1789342020183596,0.8948528614473485,-0.1320216408453801,0.6352098982042783,0.9397559573304936,1.1944402478726854,1.371878074950475,0.9534019870509284,1.1777550832710504,-0.355038907311476,0.1214346345486952,-0.9150982058149448,-0.8975710862039038,0.8381716552000944,0.0931535038119879,-0.2053905025333723,467,0,-0.38693932062248443,0.012168328215184869
934,0,0.4754564005695154,0.2825130350857242,0.2091349144457856,-0.6557616525288871,-0.9024657082140384,-0.7111644212715653,-0.5818795497100921,0.0,-0.1789342020183596,0.8948528614473485,-0.1320216408453801,0.6352098982042783,0.9397559573304936,1.1944402478726854,1.371878074950475,0.9534019870509284,1.1777550832710504,-0.355038907311476,0.1214346345486952,-0.9150982058149448,-0.8975710862039038,0.8381716552000944,0.0931535038119879,-0.2053905025333723,467,1,-0.38693932062248443,0.012168328215184869
935,0,0.4754564005695154,0.6854680606359991,0.110977093542049,0.3610474934661032,-0.9024657082140384,-0.7111644212715653,-0.7026539645658552,0.0,-0.1789342020183596,-0.7957303657393812,-0.1320216408453801,0.6352098982042783,0.9397559573304936,1.1944402478726854,1.371878074950475,-0.1681760774975834,-1.042953943094146,-0.355038907311476,1.0142571512985166,0.9313640305525224,-1.352970421883273,1.8453393364880928,0.0216193046649635,-0.2053905025333723,468,0,-0.23014009858757534,0.013886687569690073
936,0,0.4754564005695154,0.6854680606359991,0.110977093542049,0.3610474934661032,-0.9024657082140384,-0.7111644212715653,-0.7026539645658552,0.0,-0.1789342020183596,-0.7957303657393812,-0.1320216408453801,0.6352098982042783,0.9397559573304936,1.1944402478726854,1.371878074950475,-0.1681760774975834,-1.042953943094146,-0.355038907311476,1.0142571512985166,0.9313640305525224,-1.352970421883273,1.8453393364880928,0.0216193046649635,-0.2053905025333723,468,1,-0.23014009858757534,0.013886687569690073
937,0,-0.3270136055008128,-0.523416230884195,0.1600513231250139,0.3610474934661032,-0.9024657082140384,-0.7111644212715653,-0.7026539645658552,0.0,0.2104453482043458,0.0495531864788385,1.026546834584599,-0.409975441194734,-0.327194936554592,0.8425919377659722,0.9907535879355144,-0.6168346855939546,0.3449574316137456,1.2314177314706196,1.5244247651724334,0.0081329123687887,0.4685574366511583,0.8381716552000944,0.0216193046649635,-0.1556248453210512,469,0,-0.24775346348089122,0.015292617950648877
938,0,-0.3270136055008128,-0.523416230884195,0.1600513231250139,0.3610474934661032,-0.9024657082140384,-0.7111644212715653,-0.7026539645658552,0.0,0.2104453482043458,0.0495531864788385,1.026546834584599,-0.409975441194734,-0.327194936554592,0.8425919377659722,0.9907535879355144,-0.6168346855939546,0.3449574316137456,1.2314177314706196,1.5244247651724334,0.0081329123687887,0.4685574366511583,0.8381716552000944,0.0216193046649635,-0.1556248453210512,469,1,-0.24775346348089122,0.015292617950648877
939,0,-0.728248608535977,-0.9263904713038392,0.0128099109005057,-0.6557616525288871,-0.9024657082140384,-0.7111644212715653,-0.7026539645658552,0.0,0.4051425502545523,-0.7957303657393812,-0.1320216408453801,-0.409975441194734,-0.6439568255651532,0.6666610716362802,0.6096145619533219,-2.411332206594607,0.3449574316137456,0.914107037788434,1.7794891104624142,0.0081329123687887,0.923887288147482,0.2338725832432154,0.0216193046649635,-0.2053905025333723,470,0,-0.33511621712727047,0.016442924625978808
940,0,-0.728248608535977,-0.9263904713038392,0.0128099109005057,-0.6557616525288871,-0.9024657082140384,-0.7111644212715653,-0.7026539645658552,0.0,0.4051425502545523,-0.7957303657393812,-0.1320216408453801,-0.409975441194734,-0.6439568255651532,0.6666610716362802,0.6096145619533219,-2.411332206594607,0.3449574316137456,0.914107037788434,1.7794891104624142,0.0081329123687887,0.923887288147482,0.2338725832432154,0.0216193046649635,-0.2053905025333723,470,1,-0.33511621712727047,0.016442924625978808
941,0,-1.129445347695208,-1.329345496854114,0.0618935022212773,-1.1641662255263825,-0.9024657082140384,-0.7111644212715653,-0.642289796896626,0.0,0.5998323253659051,0.0495531864788385,-0.1320216408453801,-1.4550013077009485,-1.9109077194502389,0.1388818953998749,-0.1526344120765995,0.7290726830027427,-1.042953943094146,-0.0377282136292905,1.141769862296529,0.6236046719961829,0.4685574366511583,0.8381716552000944,0.0931535038119879,-0.2053905025333723,471,0,-0.47953969541235,0.030390302659798647
942,0,-1.129445347695208,-1.329345496854114,0.0618935022212773,-1.1641662255263825,-0.9024657082140384,-0.7111644212715653,-0.642289796896626,0.0,0.5998323253659051,0.0495531864788385,-0.1320216408453801,-1.4550013077009485,-1.9109077194502389,0.1388818953998749,-0.1526344120765995,0.7290726830027427,-1.042953943094146,-0.0377282136292905,1.141769862296529,0.6236046719961829,0.4685574366511583,0.8381716552000944,0.0931535038119879,-0.2053905025333723,471,1,-0.47953969541235,0.030390302659798647
943,0,-1.530680350730372,-1.329345496854114,0.1600513231250139,-0.6557616525288871,-0.9024657082140384,-0.7111644212715653,-0.5818795497100921,0.0,0.7945295274161116,0.8948528614473485,1.026546834584599,-2.5001866470999605,-1.277432272507696,0.3148060504532315,0.2284900749383611,0.5047433789545571,0.9001558660519489,-0.0377282136292905,0.3765379031326314,0.9313640305525224,-1.8083002733795968,1.6439011897827331,0.0931535038119879,-0.2053905025333723,472,0,-0.6706561781974448,0.04180179377837851
944,0,-1.530680350730372,-1.329345496854114,0.1600513231250139,-0.6557616525288871,-0.9024657082140384,-0.7111644212715653,-0.5818795497100921,0.0,0.7945295274161116,0.8948528614473485,1.026546834584599,-2.5001866470999605,-1.277432272507696,0.3148060504532315,0.2284900749383611,0.5047433789545571,0.9001558660519489,-0.0377282136292905,0.3765379031326314,0.9313640305525224,-1.8083002733795968,1.6439011897827331,0.0931535038119879,-0.2053905025333723,472,1,-0.6706561781974448,0.04180179377837851
945,0,-0.728248608535977,-0.9263904713038392,0.0128099109005057,-0.6557616525288871,-0.9024657082140384,1.2025024719774604,-0.642289796896626,0.0,0.2104453482043458,0.8948528614473485,-0.1320216408453801,-0.409975441194734,-0.6439568255651532,0.1388818953998749,0.2284900749383611,2.2993093556476256,0.6225566488328472,2.183349812517176,-0.3887329793252218,0.9313640305525224,0.4685574366511583,0.8381716552000944,0.1646877029590123,-0.1556248453210512,473,0,-0.681127529168087,0.06414468635667556
946,0,-0.728248608535977,-0.9263904713038392,0.0128099109005057,-0.6557616525288871,-0.9024657082140384,1.2025024719774604,-0.642289796896626,0.0,0.2104453482043458,0.8948528614473485,-0.1320216408453801,-0.409975441194734,-0.6439568255651532,0.1388818953998749,0.2284900749383611,2.2993093556476256,0.6225566488328472,2.183349812517176,-0.3887329793252218,0.9313640305525224,0.4685574366511583,0.8381716552000944,0.1646877029590123,-0.1556248453210512,473,1,-0.681127529168087,0.06414468635667556
947,0,-0.728248608535977,-0.523416230884195,0.2091349144457856,-1.1641662255263825,-0.9024657082140384,-0.7111644212715653,-0.7026539645658552,0.0,0.4051425502545523,1.7401525364158583,-0.1320216408453801,-0.409975441194734,-0.0104813786226104,-0.0370422596534817,0.2284900749383611,-1.0654248379979097,0.6225566488328472,-1.941495546093572,-0.7713878822011261,0.0081329123687887,0.4685574366511583,0.9388868865129744,0.0931535038119879,-0.2053905025333723,474,0,-0.689694998144067,0.06941901680309598
948,0,-0.728248608535977,-0.523416230884195,0.2091349144457856,-1.1641662255263825,-0.9024657082140384,-0.7111644212715653,-0.7026539645658552,0.0,0.4051425502545523,1.7401525364158583,-0.1320216408453801,-0.409975441194734,-0.0104813786226104,-0.0370422596534817,0.2284900749383611,-1.0654248379979097,0.6225566488328472,-1.941495546093572,-0.7713878822011261,0.0081329123687887,0.4685574366511583,0.9388868865129744,0.0931535038119879,-0.2053905025333723,474,1,-0.689694998144067,0.06941901680309598
949,0,-0.728248608535977,-0.523416230884195,0.1600513231250139,-0.6557616525288871,-0.9024657082140384,-0.7111644212715653,-0.7026539645658552,0.0,0.4051425502545523,-0.7957303657393812,-0.1320216408453801,-0.409975441194734,-0.0104813786226104,0.1388818953998749,0.2284900749383611,1.401992139454883,0.6225566488328472,0.914107037788434,-1.281555496075043,-1.8383293239986784,1.3792866238268513,0.8381716552000944,0.0931535038119879,-0.1556248453210512,475,0,-0.6967047454880506,0.07373437807743996
950,0,-0.728248608535977,-0.523416230884195,0.1600513231250139,-0.6557616525288871,-0.9024657082140384,-0.7111644212715653,-0.7026539645658552,0.0,0.4051425502545523,-0.7957303657393812,-0.1320216408453801,-0.409975441194734,-0.0104813786226104,0.1388818953998749,0.2284900749383611,1.401992139454883,0.6225566488328472,0.914107037788434,-1.281555496075043,-1.8383293239986784,1.3792866238268513,0.8381716552000944,0.0931535038119879,-0.1556248453210512,475,1,-0.6967047454880506,0.07373437807743996
951,0,-0.3270136055008128,-0.1204612053339201,0.2091349144457856,-1.1641662255263825,-0.9024657082140384,-0.7111644212715653,-0.642289796896626,0.0,0.0157555730929931,0.8948528614473485,-0.1320216408453801,0.6352098982042783,-0.327194936554592,0.4907369165829235,0.2284900749383611,-0.392505381545769,0.3449574316137456,-0.0377282136292905,-0.5162846136171899,0.3158922709251282,1.834616475323175,0.9388868865129744,0.0931535038119879,-0.2053905025333723,476,0,-0.6294881745812801,0.07726512821099413
952,0,-0.3270136055008128,-0.1204612053339201,0.2091349144457856,-1.1641662255263825,-0.9024657082140384,-0.7111644212715653,-0.642289796896626,0.0,0.0157555730929931,0.8948528614473485,-0.1320216408453801,0.6352098982042783,-0.327194936554592,0.4907369165829235,0.2284900749383611,-0.392505381545769,0.3449574316137456,-0.0377282136292905,-0.5162846136171899,0.3158922709251282,1.834616475323175,0.9388868865129744,0.0931535038119879,-0.2053905025333723,476,1,-0.6294881745812801,0.07726512821099413
953,0,0.0742213975343513,0.2825130350857242,0.2582185057665573,-0.6557616525288871,-0.9024657082140384,-0.7111644212715653,-0.5214693025235582,0.0,-0.1789342020183596,0.8948528614473485,1.026546834584599,0.6352098982042783,1.256517846341055,1.370371114002377,1.371878074950475,0.0561532265506022,0.6225566488328472,0.279582480052895,0.5040506141306441,0.3158922709251282,0.4685574366511583,0.636733508494735,0.1646877029590123,-0.1058591881087301,477,0,-0.5015409796511654,0.09316014180154288
954,0,0.0742213975343513,0.2825130350857242,0.2582185057665573,-0.6557616525288871,-0.9024657082140384,-0.7111644212715653,-0.5214693025235582,0.0,-0.1789342020183596,0.8948528614473485,1.026546834584599,0.6352098982042783,1.256517846341055,1.370371114002377,1.371878074950475,0.0561532265506022,0.6225566488328472,0.279582480052895,0.5040506141306441,0.3158922709251282,0.4685574366511583,0.636733508494735,0.1646877029590123,-0.1058591881087301,477,1,-0.5015409796511654,0.09316014180154288
955,0,0.0742213975343513,0.2825130350857242,0.110977093542049,0.3610474934661032,-0.9024657082140384,-0.7111644212715653,-0.7026539645658552,0.0,-0.1789342020183596,0.0495531864788385,1.026546834584599,0.6352098982042783,0.623042399398512,1.0185160928193289,0.9907535879355144,-1.2897541420460952,0.6225566488328472,0.5968931737350806,1.141769862296529,-0.9150982058149448,0.4685574366511583,1.7446241051752127,0.1646877029590123,-0.1556248453210512,478,0,-0.3968569110719805,0.10616515292108276
956,0,0.0742213975343513,0.2825130350857242,0.110977093542049,0.3610474934661032,-0.9024657082140384,-0.7111644212715653,-0.7026539645658552,0.0,-0.1789342020183596,0.0495531864788385,1.026546834584599,0.6352098982042783,0.623042399398512,1.0185160928193289,0.9907535879355144,-1.2897541420460952,0.6225566488328472,0.5968931737350806,1.141769862296529,-0.9150982058149448,0.4685574366511583,1.7446241051752127,0.1646877029590123,-0.1556248453210512,478,1,-0.3968569110719805,0.10616515292108276
957,0,-0.728248608535977,-0.523416230884195,0.110977093542049,0.3610474934661032,-0.9024657082140384,1.2025024719774604,-0.7630642117523891,0.0,0.2104453482043458,-0.7957303657393812,-0.1320216408453801,-0.409975441194734,-0.327194936554592,0.8425919377659722,0.9907535879355144,0.7290726830027427,-1.320553160313248,-0.0377282136292905,1.141769862296529,0.3158922709251282,1.834616475323175,0.9388868865129744,0.1646877029590123,-0.1058591881087301,479,0,-0.4571099469745253,0.11680561656434267
958,0,-0.728248608535977,-0.523416230884195,0.110977093542049,0.3610474934661032,-0.9024657082140384,1.2025024719774604,-0.7630642117523891,0.0,0.2104453482043458,-0.7957303657393812,-0.1320216408453801,-0.409975441194734,-0.327194936554592,0.8425919377659722,0.9907535879355144,0.7290726830027427,-1.320553160313248,-0.0377282136292905,1.141769862296529,0.3158922709251282,1.834616475323175,0.9388868865129744,0.1646877029590123,-0.1058591881087301,479,1,-0.4571099469745253,0.11680561656434267
959,0,-0.728248608535977,-0.9263904713038392,0.1600513231250139,-1.1641662255263825,-0.9024657082140384,-0.7111644212715653,-0.7026539645658552,0.0,0.4051425502545523,1.7401525364158583,1.026546834584599,-0.409975441194734,-0.6439568255651532,0.4907369165829235,0.6096145619533219,-0.1681760774975834,0.3449574316137456,-0.355038907311476,0.3765379031326314,-0.2996264461875506,0.0131581009717891,0.9388868865129744,0.1646877029590123,-0.1058591881087301,480,0,-0.5064078854402437,0.12551145045428258
960,0,-0.728248608535977,-0.9263904713038392,0.1600513231250139,-1.1641662255263825,-0.9024657082140384,-0.7111644212715653,-0.7026539645658552,0.0,0.4051425502545523,1.7401525364158583,1.026546834584599,-0.409975441194734,-0.6439568255651532,0.4907369165829235,0.6096145619533219,-0.1681760774975834,0.3449574316137456,-0.355038907311476,0.3765379031326314,-0.2996264461875506,0.0131581009717891,0.9388868865129744,0.1646877029590123,-0.1058591881087301,480,1,-0.5064078854402437,0.12551145045428258
961,0,-0.728248608535977,-0.9263904713038392,0.1600513231250139,-0.6557616525288871,-0.9024657082140384,1.2025024719774604,-0.7026539645658552,0.0,0.5998323253659051,0.8948528614473485,-0.1320216408453801,0.6352098982042783,-1.277432272507696,0.3148060504532315,0.2284900749383611,-0.392505381545769,-0.4877555086559428,-0.6723496009936615,-0.2611813450332536,0.3158922709251282,-0.44224123470758,0.9388868865129744,0.1646877029590123,-0.1556248453210512,481,0,-0.5467425623667407,0.13263440545514252
962,0,-0.728248608535977,-0.9263904713038392,0.1600513231250139,-0.6557616525288871,-0.9024657082140384,1.2025024719774604,-0.7026539645658552,0.0,0.5998323253659051,0.8948528614473485,-0.1320216408453801,0.6352098982042783,-1.277432272507696,0.3148060504532315,0.2284900749383611,-0.392505381545769,-0.4877555086559428,-0.6723496009936615,-0.2611813450332536,0.3158922709251282,-0.44224123470758,0.9388868865129744,0.1646877029590123,-0.1556248453210512,481,1,-0.5467425623667407,0.13263440545514252
963,0,-1.129445347695208,-0.9263904713038392,0.307302097087329,-0.6557616525288871,-0.9024657082140384,-0.7111644212715653,-0.642289796896626,0.0,0.5998323253659051,0.0495531864788385,1.026546834584599,-0.409975441194734,-0.6439568255651532,0.4907369165829235,0.6096145619533219,2.7478995080515807,-1.320553160313248,1.548728425152805,-0.8989005931991387,0.0081329123687887,-0.44224123470758,0.1331496678507358,0.0931535038119879,-0.1556248453210512,482,0,-0.6526885233355528,0.12545605970184168
964,0,-1.129445347695208,-0.9263904713038392,0.307302097087329,-0.6557616525288871,-0.9024657082140384,-0.7111644212715653,-0.642289796896626,0.0,0.5998323253659051,0.0495531864788385,1.026546834584599,-0.409975441194734,-0.6439568255651532,0.4907369165829235,0.6096145619533219,2.7478995080515807,-1.320553160313248,1.548728425152805,-0.8989005931991387,0.0081329123687887,-0.44224123470758,0.1331496678507358,0.0931535038119879,-0.1556248453210512,482,1,-0.6526885233355528,0.12545605970184168
965,0,-0.3270136055008128,-0.523416230884195,0.2582185057665573,-1.1641662255263825,-0.9024657082140384,-0.7111644212715653,-0.5818795497100921,0.0,0.0157555730929931,0.0495531864788385,1.026546834584599,0.6352098982042783,-0.327194936554592,0.3148060504532315,0.2284900749383611,-0.8411639896421402,0.3449574316137456,-0.355038907311476,-0.8989005931991387,0.9313640305525224,-1.352970421883273,1.140317349138734,0.1646877029590123,-0.1058591881087301,483,0,-0.5934749019110547,0.13258908574859996
966,0,-0.3270136055008128,-0.523416230884195,0.2582185057665573,-1.1641662255263825,-0.9024657082140384,-0.7111644212715653,-0.5818795497100921,0.0,0.0157555730929931,0.0495531864788385,1.026546834584599,0.6352098982042783,-0.327194936554592,0.3148060504532315,0.2284900749383611,-0.8411639896421402,0.3449574316137456,-0.355038907311476,-0.8989005931991387,0.9313640305525224,-1.352970421883273,1.140317349138734,0.1646877029590123,-0.1058591881087301,483,1,-0.5934749019110547,0.13258908574859996
967,0,0.0742213975343513,-0.1204612053339201,0.3563856884081006,-0.6557616525288871,-0.9024657082140384,-0.7111644212715653,-0.7630642117523891,0.0,0.0157555730929931,0.0495531864788385,-0.1320216408453801,-0.409975441194734,0.623042399398512,0.6666610716362802,0.6096145619533219,-0.1681760774975834,2.565666457978942,0.5968931737350806,-1.5366198413650238,-2.146041725069733,0.0131581009717891,1.140317349138734,0.1646877029590123,-0.1556248453210512,484,0,-0.4720755747391626,0.13842519796867492
968,0,0.0742213975343513,-0.1204612053339201,0.3563856884081006,-0.6557616525288871,-0.9024657082140384,-0.7111644212715653,-0.7630642117523891,0.0,0.0157555730929931,0.0495531864788385,-0.1320216408453801,-0.409975441194734,0.623042399398512,0.6666610716362802,0.6096145619533219,-0.1681760774975834,2.565666457978942,0.5968931737350806,-1.5366198413650238,-2.146041725069733,0.0131581009717891,1.140317349138734,0.1646877029590123,-0.1556248453210512,484,1,-0.4720755747391626,0.13842519796867492
969,0,-0.3270136055008128,-0.1204612053339201,0.307302097087329,-1.1641662255263825,-0.9024657082140384,-0.7111644212715653,-0.7026539645658552,0.0,0.2104453482043458,1.7401525364158583,-0.1320216408453801,-0.409975441194734,0.3062805103879508,0.6666610716362802,0.6096145619533219,1.8506507475512544,2.2880672407598404,3.135185063934901,-0.3887329793252218,0.9313640305525224,0.923887288147482,1.039602117825854,0.0931535038119879,-0.1058591881087301,485,0,-0.44570067124128077,0.13019398084927727
970,0,-0.3270136055008128,-0.1204612053339201,0.307302097087329,-1.1641662255263825,-0.9024657082140384,-0.7111644212715653,-0.7026539645658552,0.0,0.2104453482043458,1.7401525364158583,-0.1320216408453801,-0.409975441194734,0.3062805103879508,0.6666610716362802,0.6096145619533219,1.8506507475512544,2.2880672407598404,3.135185063934901,-0.3887329793252218,0.9313640305525224,0.923887288147482,1.039602117825854,0.0931535038119879,-0.1058591881087301,485,1,-0.44570067124128077,0.13019398084927727
971,0,0.0742213975343513,0.2825130350857242,0.2582185057665573,-0.6557616525288871,-0.9024657082140384,-0.7111644212715653,-0.7630642117523891,0.0,0.0157555730929931,0.8948528614473485,1.026546834584599,0.6352098982042783,0.3062805103879508,0.8425919377659722,0.6096145619533219,3.196558116147952,0.0673582143946439,-0.355038907311476,0.7591538827145803,0.0081329123687887,0.923887288147482,1.9460545678009724,0.0931535038119879,-0.1556248453210512,486,0,-0.3511693860093476,0.1234593486606792
972,0,0.0742213975343513,0.2825130350857242,0.2582185057665573,-0.6557616525288871,-0.9024657082140384,-0.7111644212715653,-0.7630642117523891,0.0,0.0157555730929931,0.8948528614473485,1.026546834584599,0.6352098982042783,0.3062805103879508,0.8425919377659722,0.6096145619533219,3.196558116147952,0.0673582143946439,-0.355038907311476,0.7591538827145803,0.0081329123687887,0.923887288147482,1.9460545678009724,0.0931535038119879,-0.1556248453210512,486,1,-0.3511693860093476,0.1234593486606792
973,0,-0.3270136055008128,-0.523416230884195,0.2091349144457856,-0.6557616525288871,-0.9024657082140384,-0.7111644212715653,-0.642289796896626,0.0,0.2104453482043458,0.0495531864788385,1.026546834584599,0.6352098982042783,-0.6439568255651532,1.1944402478726854,0.9907535879355144,-0.392505381545769,0.9001558660519489,-0.0377282136292905,1.2693214965884974,0.0081329123687887,-0.8975710862039038,1.140317349138734,0.0931535038119879,-0.1556248453210512,487,0,-0.34677742591688676,0.11794919505182624
974,0,-0.3270136055008128,-0.523416230884195,0.2091349144457856,-0.6557616525288871,-0.9024657082140384,-0.7111644212715653,-0.642289796896626,0.0,0.2104453482043458,0.0495531864788385,1.026546834584599,0.6352098982042783,-0.6439568255651532,1.1944402478726854,0.9907535879355144,-0.392505381545769,0.9001558660519489,-0.0377282136292905,1.2693214965884974,0.0081329123687887,-0.8975710862039038,1.140317349138734,0.0931535038119879,-0.1556248453210512,487,1,-0.34677742591688676,0.11794919505182624
975,0,-0.728248608535977,-0.9263904713038392,0.1600513231250139,0.3610474934661032,-0.9024657082140384,-0.7111644212715653,-0.5818795497100921,0.0,0.4051425502545523,-0.7957303657393812,-0.1320216408453801,-0.409975441194734,-0.0104813786226104,0.8425919377659722,0.9907535879355144,0.2804140749063715,-0.7653547258750445,-0.0377282136292905,1.0142571512985166,1.239076431623577,0.4685574366511583,1.7446241051752127,0.0931535038119879,-0.1556248453210512,488,0,-0.41613582275672134,0.11344088755367382
976,0,-0.728248608535977,-0.9263904713038392,0.1600513231250139,0.3610474934661032,-0.9024657082140384,-0.7111644212715653,-0.5818795497100921,0.0,0.4051425502545523,-0.7957303657393812,-0.1320216408453801,-0.409975441194734,-0.0104813786226104,0.8425919377659722,0.9907535879355144,0.2804140749063715,-0.7653547258750445,-0.0377282136292905,1.0142571512985166,1.239076431623577,0.4685574366511583,1.7446241051752127,0.0931535038119879,-0.1556248453210512,488,1,-0.41613582275672134,0.11344088755367382
977,0,-0.728248608535977,-0.523416230884195,0.2091349144457856,-1.1641662255263825,-0.9024657082140384,-0.7111644212715653,-0.5818795497100921,0.0,0.4051425502545523,0.0495531864788385,-0.1320216408453801,-0.409975441194734,-0.9606703834971348,0.4907369165829235,0.6096145619533219,-0.8411639896421402,-0.4877555086559428,-1.3068741587292003,1.0142571512985166,-1.2228106068859994,-0.8975710862039038,1.140317349138734,0.1646877029590123,-0.1058591881087301,489,0,-0.47288360198931323,0.12275849035464445
978,0,-0.728248608535977,-0.523416230884195,0.2091349144457856,-1.1641662255263825,-0.9024657082140384,-0.7111644212715653,-0.5818795497100921,0.0,0.4051425502545523,0.0495531864788385,-0.1320216408453801,-0.409975441194734,-0.9606703834971348,0.4907369165829235,0.6096145619533219,-0.8411639896421402,-0.4877555086559428,-1.3068741587292003,1.0142571512985166,-1.2228106068859994,-0.8975710862039038,1.140317349138734,0.1646877029590123,-0.1058591881087301,489,1,-0.47288360198931323,0.12275849035464445
979,0,-0.728248608535977,-0.9263904713038392,0.2091349144457856,-0.6557616525288871,-0.9024657082140384,-0.7111644212715653,-0.7026539645658552,0.0,0.4051425502545523,2.5854522113843683,-0.1320216408453801,-0.409975441194734,-0.6439568255651532,-0.0370422596534817,0.2284900749383611,1.401992139454883,1.1777550832710504,2.183349812517176,-0.0061169997432728,0.0081329123687887,1.3792866238268513,0.536018277181855,0.1646877029590123,-0.1058591881087301,490,0,-0.5193136031796157,0.13038198355543862
980,0,-0.728248608535977,-0.9263904713038392,0.2091349144457856,-0.6557616525288871,-0.9024657082140384,-0.7111644212715653,-0.7026539645658552,0.0,0.4051425502545523,2.5854522113843683,-0.1320216408453801,-0.409975441194734,-0.6439568255651532,-0.0370422596534817,0.2284900749383611,1.401992139454883,1.1777550832710504,2.183349812517176,-0.0061169997432728,0.0081329123687887,1.3792866238268513,0.536018277181855,0.1646877029590123,-0.1058591881087301,490,1,-0.5193136031796157,0.13038198355543862
981,0,-1.129445347695208,-1.329345496854114,0.307302097087329,-0.6557616525288871,-0.9024657082140384,-0.7111644212715653,-0.7630642117523891,0.0,0.7945295274161116,0.8948528614473485,1.026546834584599,-1.4550013077009485,-0.9606703834971348,-0.3888972808365303,-0.9148979250737528,0.0561532265506022,-0.4877555086559428,-0.0377282136292905,-0.3887329793252218,-1.5305699654423388,0.923887288147482,1.140317349138734,0.1646877029590123,-0.1058591881087301,491,0,-0.6302466476369961,0.1366193870833611
982,0,-1.129445347695208,-1.329345496854114,0.307302097087329,-0.6557616525288871,-0.9024657082140384,-0.7111644212715653,-0.7630642117523891,0.0,0.7945295274161116,0.8948528614473485,1.026546834584599,-1.4550013077009485,-0.9606703834971348,-0.3888972808365303,-0.9148979250737528,0.0561532265506022,-0.4877555086559428,-0.0377282136292905,-0.3887329793252218,-1.5305699654423388,0.923887288147482,1.140317349138734,0.1646877029590123,-0.1058591881087301,491,1,-0.6302466476369961,0.1366193870833611
983,0,-0.728248608535977,-0.523416230884195,0.3563856884081006,-1.1641662255263825,-0.9024657082140384,-0.7111644212715653,-0.7026539645658552,0.0,0.4051425502545523,0.8948528614473485,-0.1320216408453801,0.6352098982042783,-0.9606703834971348,-0.2129731257831736,-0.1526344120765995,-0.8411639896421402,1.4552695891025356,-0.6723496009936615,-1.5366198413650238,3.393298026547383,-0.8975710862039038,1.039602117825854,0.1646877029590123,-0.1058591881087301,492,0,-0.6480651859822654,0.1417227172425704
984,0,-0.728248608535977,-0.523416230884195,0.3563856884081006,-1.1641662255263825,-0.9024657082140384,-0.7111644212715653,-0.7026539645658552,0.0,0.4051425502545523,0.8948528614473485,-0.1320216408453801,0.6352098982042783,-0.9606703834971348,-0.2129731257831736,-0.1526344120765995,-0.8411639896421402,1.4552695891025356,-0.6723496009936615,-1.5366198413650238,3.393298026547383,-0.8975710862039038,1.039602117825854,0.1646877029590123,-0.1058591881087301,492,1,-0.6480651859822654,0.1417227172425704
985,0,-0.3270136055008128,-0.523416230884195,0.4054692797288723,-0.6557616525288871,-0.9024657082140384,-0.7111644212715653,-0.7026539645658552,0.0,0.4051425502545523,0.0495531864788385,-0.1320216408453801,0.6352098982042783,-0.327194936554592,0.6666610716362802,0.6096145619533219,-0.392505381545769,-1.320553160313248,1.8660391188349903,-1.79172310994896,1.239076431623577,-2.263699609058966,1.140317349138734,0.1646877029590123,-0.1556248453210512,493,0,-0.589692171349274,0.1458981691910144
986,0,-0.3270136055008128,-0.523416230884195,0.4054692797288723,-0.6557616525288871,-0.9024657082140384,-0.7111644212715653,-0.7026539645658552,0.0,0.4051425502545523,0.0495531864788385,-0.1320216408453801,0.6352098982042783,-0.327194936554592,0.6666610716362802,0.6096145619533219,-0.392505381545769,-1.320553160313248,1.8660391188349903,-1.79172310994896,1.239076431623577,-2.263699609058966,1.140317349138734,0.1646877029590123,-0.1556248453210512,493,1,-0.589692171349274,0.1458981691910144
987,0,-0.3270136055008128,-0.523416230884195,0.3563856884081006,-0.6557616525288871,-0.9024657082140384,-0.7111644212715653,-0.5818795497100921,0.0,0.2104453482043458,0.8948528614473485,-0.1320216408453801,-0.409975441194734,0.9397559573304936,0.8425919377659722,0.9907535879355144,1.401992139454883,0.0673582143946439,1.2314177314706196,-0.7713878822011261,-0.2996264461875506,0.0131581009717891,1.9460545678009724,0.1646877029590123,-0.1556248453210512,494,0,-0.5419324321040992,0.1493144480579231
988,0,-0.3270136055008128,-0.523416230884195,0.3563856884081006,-0.6557616525288871,-0.9024657082140384,-0.7111644212715653,-0.5818795497100921,0.0,0.2104453482043458,0.8948528614473485,-0.1320216408453801,-0.409975441194734,0.9397559573304936,0.8425919377659722,0.9907535879355144,1.401992139454883,0.0673582143946439,1.2314177314706196,-0.7713878822011261,-0.2996264461875506,0.0131581009717891,1.9460545678009724,0.1646877029590123,-0.1556248453210512,494,1,-0.5419324321040992,0.1493144480579231
989,0,0.4754564005695154,0.2825130350857242,0.307302097087329,-1.1641662255263825,-0.9024657082140384,-0.7111644212715653,-0.5818795497100921,0.0,-0.1789342020183596,0.8948528614473485,-0.1320216408453801,0.6352098982042783,0.623042399398512,0.8425919377659722,0.9907535879355144,-1.962742054190652,0.9001558660519489,-0.0377282136292905,-0.1336686340352409,-0.9150982058149448,-0.44224123470758,1.140317349138734,0.1646877029590123,-0.1058591881087301,495,0,-0.3569526443452602,0.15210958531266658
990,0,0.4754564005695154,0.2825130350857242,0.307302097087329,-1.1641662255263825,-0.9024657082140384,-0.7111644212715653,-0.5818795497100921,0.0,-0.1789342020183596,0.8948528614473485,-0.1320216408453801,0.6352098982042783,0.623042399398512,0.8425919377659722,0.9907535879355144,-1.962742054190652,0.9001558660519489,-0.0377282136292905,-0.1336686340352409,-0.9150982058149448,-0.44224123470758,1.140317349138734,0.1646877029590123,-0.1058591881087301,495,1,-0.3569526443452602,0.15210958531266658
991,0,0.0742213975343513,-0.1204612053339201,0.2582185057665573,0.3610474934661032,-0.9024657082140384,-0.7111644212715653,-0.7026539645658552,0.0,0.0157555730929931,-0.7957303657393812,1.026546834584599,-0.409975441194734,0.623042399398512,0.8425919377659722,0.9907535879355144,1.401992139454883,-0.4877555086559428,-0.355038907311476,0.5040506141306441,-0.9150982058149448,0.4685574366511583,0.4353030458689751,0.1646877029590123,-0.1058591881087301,496,0,-0.2785573640035126,0.15439651579382035
992,0,0.0742213975343513,-0.1204612053339201,0.2582185057665573,0.3610474934661032,-0.9024657082140384,-0.7111644212715653,-0.7026539645658552,0.0,0.0157555730929931,-0.7957303657393812,1.026546834584599,-0.409975441194734,0.623042399398512,0.8425919377659722,0.9907535879355144,1.401992139454883,-0.4877555086559428,-0.355038907311476,0.5040506141306441,-0.9150982058149448,0.4685574366511583,0.4353030458689751,0.1646877029590123,-0.1058591881087301,496,1,-0.2785573640035126,0.15439651579382035
993,0,-0.728248608535977,-0.523416230884195,0.307302097087329,-0.6557616525288871,-0.9024657082140384,-0.7111644212715653,-0.7630642117523891,0.0,0.2104453482043458,2.5854522113843683,-0.1320216408453801,-0.409975441194734,-0.0104813786226104,0.6666610716362802,0.6096145619533219,-0.1681760774975834,0.0673582143946439,1.548728425152805,0.7591538827145803,0.9313640305525224,-0.8975710862039038,1.140317349138734,0.1646877029590123,-0.1058591881087301,497,0,-0.36031940846396066,0.15626764073294616
994,0,-0.728248608535977,-0.523416230884195,0.307302097087329,-0.6557616525288871,-0.9024657082140384,-0.7111644212715653,-0.7630642117523891,0.0,0.2104453482043458,2.5854522113843683,-0.1320216408453801,-0.409975441194734,-0.0104813786226104,0.6666610716362802,0.6096145619533219,-0.1681760774975834,0.0673582143946439,1.548728425152805,0.7591538827145803,0.9313640305525224,-0.8975710862039038,1.140317349138734,0.1646877029590123,-0.1058591881087301,497,1,-0.36031940846396066,0.15626764073294616
995,0,-0.728248608535977,-0.9263904713038392,0.1600513231250139,-1.1641662255263825,-0.9024657082140384,-0.7111644212715653,-0.7026539645658552,0.0,0.4051425502545523,0.0495531864788385,-0.1320216408453801,-0.409975441194734,-0.9606703834971348,0.3148060504532315,0.6096145619533219,-1.0654248379979097,-0.7653547258750445,1.548728425152805,0.3765379031326314,0.6236046719961829,0.4685574366511583,1.2410402645312135,0.1646877029590123,-0.1058591881087301,498,0,-0.4272156266588727,0.15779856113768545
996,0,-0.728248608535977,-0.9263904713038392,0.1600513231250139,-1.1641662255263825,-0.9024657082140384,-0.7111644212715653,-0.7026539645658552,0.0,0.4051425502545523,0.0495531864788385,-0.1320216408453801,-0.409975441194734,-0.9606703834971348,0.3148060504532315,0.6096145619533219,-1.0654248379979097,-0.7653547258750445,1.548728425152805,0.3765379031326314,0.6236046719961829,0.4685574366511583,1.2410402645312135,0.1646877029590123,-0.1058591881087301,498,1,-0.4272156266588727,0.15779856113768545
997,0,-1.129445347695208,-0.9263904713038392,0.2582185057665573,-0.6557616525288871,-0.9024657082140384,1.2025024719774604,-0.7026539645658552,0.0,0.7945295274161116,0.8948528614473485,-0.1320216408453801,-0.409975441194734,-0.9606703834971348,0.4907369165829235,0.2284900749383611,0.5047433789545571,-1.320553160313248,1.548728425152805,-0.1336686340352409,0.0081329123687887,-0.44224123470758,1.039602117825854,0.1646877029590123,-0.1058591881087301,499,0,-0.5548937577563882,0.15905113237792667
998,0,-1.129445347695208,-0.9263904713038392,0.2582185057665573,-0.6557616525288871,-0.9024657082140384,1.2025024719774604,-0.7026539645658552,0.0,0.7945295274161116,0.8948528614473485,-0.1320216408453801,-0.409975441194734,-0.9606703834971348,0.4907369165829235,0.2284900749383611,0.5047433789545571,-1.320553160313248,1.548728425152805,-0.1336686340352409,0.0081329123687887,-0.44224123470758,1.039602117825854,0.1646877029590123,-0.1058591881087301,499,1,-0.5548937577563882,0.15905113237792667
999,0,-0.728248608535977,-0.9263904713038392,0.3563856884081006,-0.6557616525288871,-0.9024657082140384,-0.7111644212715653,-0.5818795497100921,0.0,0.5998323253659051,-0.7957303657393812,1.026546834584599,-0.409975441194734,0.3062805103879508,0.4907369165829235,0.6096145619533219,0.5047433789545571,0.6225566488328472,0.279582480052895,-0.6438362479091579,-1.2228106068859994,-0.44224123470758,1.140317349138734,0.1646877029590123,-0.1058591881087301,500,0,-0.5864128215344953,0.1600759633926695
1000,0,-0.728248608535977,-0.9263904713038392,0.3563856884081006,-0.6557616525288871,-0.9024657082140384,-0.7111644212715653,-0.5818795497100921,0.0,0.5998323253659051,-0.7957303657393812,1.026546834584599,-0.409975441194734,0.3062805103879508,0.4907369165829235,0.6096145619533219,0.5047433789545571,0.6225566488328472,0.279582480052895,-0.6438362479091579,-1.2228106068859994,-0.44224123470758,1.140317349138734,0.1646877029590123,-0.1058591881087301,500,1,-0.5864128215344953,0.1600759633926695
1001,0,-0.3270136055008128,-0.523416230884195,0.3563856884081006,-1.1641662255263825,-0.9024657082140384,-0.7111644212715653,-0.5818795497100921,0.0,0.2104453482043458,-0.7957303657393812,1.026546834584599,-0.409975441194734,-0.327194936554592,0.3148060504532315,-0.1526344120765995,0.0561532265506022,0.9001558660519489,-0.355038907311476,-1.281555496075043,0.3158922709251282,-0.8975710862039038,0.536018277181855,0.1646877029590123,-0.1058591881087301,501,0,-0.5392493277101893,0.1609144614956409
1002,0,-0.3270136055008128,-0.523416230884195,0.3563856884081006,-1.1641662255263825,-0.9024657082140384,-0.7111644212715653,-0.5818795497100921,0.0,0.2104453482043458,-0.7957303657393812,1.026546834584599,-0.409975441194734,-0.327194936554592,0.3148060504532315,-0.1526344120765995,0.0561532265506022,0.9001558660519489,-0.355038907311476,-1.281555496075043,0.3158922709251282,-0.8975710862039038,0.536018277181855,0.1646877029590123,-0.1058591881087301,501,1,-0.5392493277101893,0.1609144614956409
1003,0,-0.3270136055008128,-0.1204612053339201,0.454552871049644,-0.6557616525288871,-0.9024657082140384,-0.7111644212715653,-0.7026539645658552,0.0,0.0157555730929931,1.7401525364158583,-0.1320216408453801,0.6352098982042783,0.623042399398512,0.3148060504532315,0.2284900749383611,-1.0654248379979097,-1.042953943094146,-0.6723496009936615,-1.281555496075043,-0.6073388472586053,0.4685574366511583,1.3417554958440934,0.1646877029590123,-0.0560944800973705,502,0,-0.5006610145812117,0.16160050539807205
1004,0,-0.3270136055008128,-0.1204612053339201,0.454552871049644,-0.6557616525288871,-0.9024657082140384,-0.7111644212715653,-0.7026539645658552,0.0,0.0157555730929931,1.7401525364158583,-0.1320216408453801,0.6352098982042783,0.623042399398512,0.3148060504532315,0.2284900749383611,-1.0654248379979097,-1.042953943094146,-0.6723496009936615,-1.281555496075043,-0.6073388472586053,0.4685574366511583,1.3417554958440934,0.1646877029590123,-0.0560944800973705,502,1,-0.5006610145812117,0.16160050539807205
1005,0,-0.3270136055008128,-0.523416230884195,0.4054692797288723,-0.6557616525288871,-0.9024657082140384,-0.7111644212715653,-0.7026539645658552,0.0,0.2104453482043458,0.0495531864788385,1.026546834584599,-0.409975441194734,0.623042399398512,0.3148060504532315,0.2284900749383611,0.7290726830027427,-2.153266100582936,-1.941495546093572,-0.7713878822011261,2.1623075498073105,1.3792866238268513,2.248207945819212,0.1646877029590123,-0.1058591881087301,503,0,-0.4690887583847755,0.16216181404551572
1006,0,-0.3270136055008128,-0.523416230884195,0.4054692797288723,-0.6557616525288871,-0.9024657082140384,-0.7111644212715653,-0.7026539645658552,0.0,0.2104453482043458,0.0495531864788385,1.026546834584599,-0.409975441194734,0.623042399398512,0.3148060504532315,0.2284900749383611,0.7290726830027427,-2.153266100582936,-1.941495546093572,-0.7713878822011261,2.1623075498073105,1.3792866238268513,2.248207945819212,0.1646877029590123,-0.1058591881087301,503,1,-0.4690887583847755,0.16216181404551572
1007,0,0.0742213975343513,-0.1204612053339201,0.307302097087329,0.3610474934661032,-0.9024657082140384,-0.7111644212715653,-0.7026539645658552,0.0,0.0157555730929931,1.7401525364158583,-0.1320216408453801,0.6352098982042783,0.623042399398512,0.6666610716362802,0.6096145619533219,1.626321443503069,0.3449574316137456,-0.355038907311476,0.3765379031326314,0.3158922709251282,0.0131581009717891,1.2410402645312135,0.2362219021060367,-0.1058591881087301,504,0,-0.37030509367220693,0.17562728460197408
1008,0,0.0742213975343513,-0.1204612053339201,0.307302097087329,0.3610474934661032,-0.9024657082140384,-0.7111644212715653,-0.7026539645658552,0.0,0.0157555730929931,1.7401525364158583,-0.1320216408453801,0.6352098982042783,0.623042399398512,0.6666610716362802,0.6096145619533219,1.626321443503069,0.3449574316137456,-0.355038907311476,0.3765379031326314,0.3158922709251282,0.0131581009717891,1.2410402645312135,0.2362219021060367,-0.1058591881087301,504,1,-0.37030509367220693,0.17562728460197408
1009,0,-0.3270136055008128,-0.1204612053339201,0.2091349144457856,0.3610474934661032,-0.9024657082140384,-0.7111644212715653,-0.7026539645658552,0.0,0.2104453482043458,0.0495531864788385,-0.1320216408453801,0.6352098982042783,-0.0104813786226104,1.1944402478726854,1.371878074950475,-0.6168346855939546,-1.8756668833638344,0.279582480052895,1.0142571512985166,0.3158922709251282,-2.263699609058966,2.248207945819212,0.1646877029590123,-0.1058591881087301,505,0,-0.3624339140046807,0.1736382697577992
1010,0,-0.3270136055008128,-0.1204612053339201,0.2091349144457856,0.3610474934661032,-0.9024657082140384,-0.7111644212715653,-0.7026539645658552,0.0,0.2104453482043458,0.0495531864788385,-0.1320216408453801,0.6352098982042783,-0.0104813786226104,1.1944402478726854,1.371878074950475,-0.6168346855939546,-1.8756668833638344,0.279582480052895,1.0142571512985166,0.3158922709251282,-2.263699609058966,2.248207945819212,0.1646877029590123,-0.1058591881087301,505,1,-0.3624339140046807,0.1736382697577992
1011,0,-0.728248608535977,-0.523416230884195,0.4054692797288723,0.3610474934661032,-0.9024657082140384,-0.7111644212715653,-0.642289796896626,0.0,0.4051425502545523,0.0495531864788385,-0.1320216408453801,0.6352098982042783,-0.0104813786226104,1.0185160928193289,0.9907535879355144,-0.392505381545769,-0.2101562914368412,-0.355038907311476,1.2693214965884974,-0.9150982058149448,-0.8975710862039038,1.2410402645312135,0.1646877029590123,-0.1058591881087301,506,0,-0.42894567664673455,0.17201089397620156
1012,0,-0.728248608535977,-0.523416230884195,0.4054692797288723,0.3610474934661032,-0.9024657082140384,-0.7111644212715653,-0.642289796896626,0.0,0.4051425502545523,0.0495531864788385,-0.1320216408453801,0.6352098982042783,-0.0104813786226104,1.0185160928193289,0.9907535879355144,-0.392505381545769,-0.2101562914368412,-0.355038907311476,1.2693214965884974,-0.9150982058149448,-0.8975710862039038,1.2410402645312135,0.1646877029590123,-0.1058591881087301,506,1,-0.42894567664673455,0.17201089397620156
1013,0,-0.3270136055008128,-0.523416230884195,0.307302097087329,-1.1641662255263825,-0.9024657082140384,-0.7111644212715653,-0.5818795497100921,0.0,0.0157555730929931,0.8948528614473485,-0.1320216408453801,0.6352098982042783,-0.327194936554592,0.6666610716362802,0.6096145619533219,-1.2897541420460952,1.1777550832710504,-1.3068741587292003,0.8867055170065484,1.854595148736256,0.0131581009717891,0.8381716552000944,0.1646877029590123,-0.1058591881087301,507,0,-0.4104125728020215,0.17067940470034895
1014,0,-0.3270136055008128,-0.523416230884195,0.307302097087329,-1.1641662255263825,-0.9024657082140384,-0.7111644212715653,-0.5818795497100921,0.0,0.0157555730929931,0.8948528614473485,-0.1320216408453801,0.6352098982042783,-0.327194936554592,0.6666610716362802,0.6096145619533219,-1.2897541420460952,1.1777550832710504,-1.3068741587292003,0.8867055170065484,1.854595148736256,0.0131581009717891,0.8381716552000944,0.1646877029590123,-0.1058591881087301,507,1,-0.4104125728020215,0.17067940470034895
1015,0,-0.728248608535977,-0.9263904713038392,0.307302097087329,-0.6557616525288871,-0.9024657082140384,-0.7111644212715653,-0.7026539645658552,0.0,0.5998323253659051,0.0495531864788385,-0.1320216408453801,-0.409975441194734,-1.277432272507696,-0.0370422596534817,-0.1526344120765995,-2.411332206594607,-0.2101562914368412,-0.0377282136292905,0.2489862688406633,-0.2996264461875506,0.0131581009717891,1.2410402645312135,0.1646877029590123,-0.1058591881087301,508,0,-0.46820094293546793,0.16959000438374228
1016,0,-0.728248608535977,-0.9263904713038392,0.307302097087329,-0.6557616525288871,-0.9024657082140384,-0.7111644212715653,-0.7026539645658552,0.0,0.5998323253659051,0.0495531864788385,-0.1320216408453801,-0.409975441194734,-1.277432272507696,-0.0370422596534817,-0.1526344120765995,-2.411332206594607,-0.2101562914368412,-0.0377282136292905,0.2489862688406633,-0.2996264461875506,0.0131581009717891,1.2410402645312135,0.1646877029590123,-0.1058591881087301,508,1,-0.46820094293546793,0.16959000438374228
1017,0,-1.129445347695208,-0.9263904713038392,0.2582185057665573,-0.6557616525288871,-0.9024657082140384,-0.7111644212715653,-0.7026539645658552,0.0,0.5998323253659051,0.8948528614473485,-0.1320216408453801,-1.4550013077009485,-0.327194936554592,-0.2129731257831736,-0.1526344120765995,0.2804140749063715,0.0673582143946439,-0.355038907311476,-0.3887329793252218,0.0081329123687887,0.923887288147482,0.1331496678507358,0.1646877029590123,-0.1058591881087301,509,0,-0.5884271983463297,0.16869867685197318
1018,0,-1.129445347695208,-0.9263904713038392,0.2582185057665573,-0.6557616525288871,-0.9024657082140384,-0.7111644212715653,-0.7026539645658552,0.0,0.5998323253659051,0.8948528614473485,-0.1320216408453801,-1.4550013077009485,-0.327194936554592,-0.2129731257831736,-0.1526344120765995,0.2804140749063715,0.0673582143946439,-0.355038907311476,-0.3887329793252218,0.0081329123687887,0.923887288147482,0.1331496678507358,0.1646877029590123,-0.1058591881087301,509,1,-0.5884271983463297,0.16869867685197318
1019,0,-0.728248608535977,-0.9263904713038392,0.4054692797288723,-1.1641662255263825,-0.9024657082140384,-0.7111644212715653,-0.7026539645658552,0.0,0.4051425502545523,-0.7957303657393812,-0.1320216408453801,-0.409975441194734,-0.327194936554592,-0.2129731257831736,-0.5337734380587921,-0.1681760774975834,-2.153266100582936,-0.0377282136292905,-1.664171475656992,2.1623075498073105,-0.44224123470758,1.140317349138734,0.1646877029590123,-0.1058591881087301,510,0,-0.6138492729262656,0.16796940887143483
1020,0,-0.728248608535977,-0.9263904713038392,0.4054692797288723,-1.1641662255263825,-0.9024657082140384,-0.7111644212715653,-0.7026539645658552,0.0,0.4051425502545523,-0.7957303657393812,-0.1320216408453801,-0.409975441194734,-0.327194936554592,-0.2129731257831736,-0.5337734380587921,-0.1681760774975834,-2.153266100582936,-0.0377282136292905,-1.664171475656992,2.1623075498073105,-0.44224123470758,1.140317349138734,0.1646877029590123,-0.1058591881087301,510,1,-0.6138492729262656,0.16796940887143483
1021,0,-0.728248608535977,-0.523416230884195,0.307302097087329,-0.6557616525288871,-0.9024657082140384,1.2025024719774604,-0.7026539645658552,0.0,0.4051425502545523,0.8948528614473485,1.026546834584599,0.6352098982042783,-0.6439568255651532,0.6666610716362802,0.6096145619533219,0.7290726830027427,2.565666457978942,1.8660391188349903,-1.0264522274911068,-0.9150982058149448,-2.263699609058966,0.536018277181855,0.1646877029590123,-0.1058591881087301,511,0,-0.6346491521280312,0.1673727350691762
1022,0,-0.728248608535977,-0.523416230884195,0.307302097087329,-0.6557616525288871,-0.9024657082140384,1.2025024719774604,-0.7026539645658552,0.0,0.4051425502545523,0.8948528614473485,1.026546834584599,0.6352098982042783,-0.6439568255651532,0.6666610716362802,0.6096145619533219,0.7290726830027427,2.565666457978942,1.8660391188349903,-1.0264522274911068,-0.9150982058149448,-2.263699609058966,0.536018277181855,0.1646877029590123,-0.1058591881087301,511,1,-0.6346491521280312,0.1673727350691762
1023,0,-0.3270136055008128,-0.523416230884195,0.2582185057665573,-1.1641662255263825,-0.9024657082140384,-0.7111644212715653,-0.5818795497100921,0.0,0.2104453482043458,0.8948528614473485,-0.1320216408453801,-0.409975441194734,1.256517846341055,1.0185160928193289,0.9907535879355144,0.5047433789545571,0.6225566488328472,0.279582480052895,-0.8989005931991387,-2.146041725069733,-1.352970421883273,1.3417554958440934,0.1646877029590123,-0.1058591881087301,512,0,-0.5787154163776278,0.16688454741278275
1024,0,-0.3270136055008128,-0.523416230884195,0.2582185057665573,-1.1641662255263825,-0.9024657082140384,-0.7111644212715653,-0.5818795497100921,0.0,0.2104453482043458,0.8948528614473485,-0.1320216408453801,-0.409975441194734,1.256517846341055,1.0185160928193289,0.9907535879355144,0.5047433789545571,0.6225566488328472,0.279582480052895,-0.8989005931991387,-2.146041725069733,-1.352970421883273,1.3417554958440934,0.1646877029590123,-0.1058591881087301,512,1,-0.5787154163776278,0.16688454741278275
1025,0,0.0742213975343513,-0.1204612053339201,0.4054692797288723,-0.6557616525288871,-0.9024657082140384,-0.7111644212715653,-0.5818795497100921,0.0,0.0157555730929931,-1.641030040707891,1.026546834584599,0.6352098982042783,0.9397559573304936,0.8425919377659722,0.6096145619533219,-1.2897541420460952,-0.2101562914368412,-0.0377282136292905,-0.1336686340352409,-1.2228106068859994,-1.352970421883273,1.3417554958440934,0.1646877029590123,-0.1058591881087301,513,0,-0.4599996320299952,0.16648512114846084
1026,0,0.0742213975343513,-0.1204612053339201,0.4054692797288723,-0.6557616525288871,-0.9024657082140384,-0.7111644212715653,-0.5818795497100921,0.0,0.0157555730929931,-1.641030040707891,1.026546834584599,0.6352098982042783,0.9397559573304936,0.8425919377659722,0.6096145619533219,-1.2897541420460952,-0.2101562914368412,-0.0377282136292905,-0.1336686340352409,-1.2228106068859994,-1.352970421883273,1.3417554958440934,0.1646877029590123,-0.1058591881087301,513,1,-0.4599996320299952,0.16648512114846084
1027,0,0.0742213975343513,0.2825130350857242,0.1600513231250139,-0.6557616525288871,-0.9024657082140384,-0.7111644212715653,-0.7026539645658552,0.0,-0.1789342020183596,2.5854522113843683,-0.1320216408453801,0.6352098982042783,1.5732314042730364,0.8425919377659722,0.9907535879355144,-1.0654248379979097,-1.598067666144733,-0.0377282136292905,0.8867055170065484,0.6236046719961829,0.0131581009717891,1.2410402645312135,0.1646877029590123,-0.0560944800973705,514,0,-0.36286853574556854,0.16615831784128837
1028,0,0.0742213975343513,0.2825130350857242,0.1600513231250139,-0.6557616525288871,-0.9024657082140384,-0.7111644212715653,-0.7026539645658552,0.0,-0.1789342020183596,2.5854522113843683,-0.1320216408453801,0.6352098982042783,1.5732314042730364,0.8425919377659722,0.9907535879355144,-1.0654248379979097,-1.598067666144733,-0.0377282136292905,0.8867055170065484,0.6236046719961829,0.0131581009717891,1.2410402645312135,0.1646877029590123,-0.0560944800973705,514,1,-0.36286853574556854,0.16615831784128837
1029,0,-0.728248608535977,-0.523416230884195,0.2091349144457856,0.3610474934661032,-0.9024657082140384,-0.7111644212715653,-0.7026539645658552,0.0,0.2104453482043458,0.0495531864788385,-0.1320216408453801,-0.409975441194734,0.9397559573304936,0.8425919377659722,0.6096145619533219,-1.0654248379979097,0.3449574316137456,-1.3068741587292003,1.3968731308804654,2.1623075498073105,0.923887288147482,1.7446241051752127,0.2362219021060367,-0.0560944800973705,515,0,-0.42930127625291553,0.17889715134396988
1030,0,-0.728248608535977,-0.9263904713038392,0.2582185057665573,-1.1641662255263825,-0.9024657082140384,-0.7111644212715653,-0.7026539645658552,0.0,0.4051425502545523,0.0495531864788385,-0.1320216408453801,-0.409975441194734,-0.6439568255651532,0.3148060504532315,0.2284900749383611,0.5047433789545571,0.9001558660519489,1.8660391188349903,1.2693214965884974,0.9313640305525224,0.4685574366511583,1.2410402645312135,0.1646877029590123,-0.1058591881087301,516,0,-0.4836553366680176,0.1763136152739776
1031,0,-0.728248608535977,-0.9263904713038392,0.2582185057665573,-1.1641662255263825,-0.9024657082140384,-0.7111644212715653,-0.7026539645658552,0.0,0.4051425502545523,0.0495531864788385,-0.1320216408453801,-0.409975441194734,-0.6439568255651532,0.3148060504532315,0.2284900749383611,0.5047433789545571,0.9001558660519489,1.8660391188349903,1.2693214965884974,0.9313640305525224,0.4685574366511583,1.2410402645312135,0.1646877029590123,-0.1058591881087301,516,1,-0.4836553366680176,0.1763136152739776
1032,0,-0.728248608535977,-0.523416230884195,0.2091349144457856,0.3610474934661032,-0.9024657082140384,-0.7111644212715653,-0.7026539645658552,0.0,0.2104453482043458,0.0495531864788385,-0.1320216408453801,-0.409975441194734,0.9397559573304936,0.8425919377659722,0.6096145619533219,-1.0654248379979097,0.3449574316137456,-1.3068741587292003,1.3968731308804654,2.1623075498073105,0.923887288147482,1.7446241051752127,0.2362219021060367,-0.0560944800973705,515,1,-0.42930127625291553,0.17889715134396988
1033,0,-1.129445347695208,-1.329345496854114,0.2091349144457856,-0.6557616525288871,-0.9024657082140384,1.2025024719774604,-0.642289796896626,0.0,0.7945295274161116,-0.7957303657393812,1.026546834584599,-1.4550013077009485,-1.594194161518257,0.4907369165829235,0.2284900749383611,-0.392505381545769,-1.320553160313248,-0.355038907311476,0.7591538827145803,0.0081329123687887,0.4685574366511583,2.248207945819212,0.1646877029590123,-0.1058591881087301,517,0,-0.6010717023093248,0.174199813034893
1034,0,-1.129445347695208,-1.329345496854114,0.2091349144457856,-0.6557616525288871,-0.9024657082140384,1.2025024719774604,-0.642289796896626,0.0,0.7945295274161116,-0.7957303657393812,1.026546834584599,-1.4550013077009485,-1.594194161518257,0.4907369165829235,0.2284900749383611,-0.392505381545769,-1.320553160313248,-0.355038907311476,0.7591538827145803,0.0081329123687887,0.4685574366511583,2.248207945819212,0.1646877029590123,-0.1058591881087301,517,1,-0.6010717023093248,0.174199813034893
1035,0,-1.129445347695208,-1.329345496854114,0.4054692797288723,-0.6557616525288871,-0.9024657082140384,-0.7111644212715653,-0.642289796896626,0.0,0.5998323253659051,0.0495531864788385,1.026546834584599,-1.4550013077009485,-0.0104813786226104,0.3148060504532315,0.2284900749383611,0.2804140749063715,1.1777550832710504,0.279582480052895,-0.1336686340352409,0.3158922709251282,-0.44224123470758,1.2410402645312135,0.2362219021060367,-0.0560944800973705,518,0,-0.6971396378340309,0.18547655650237366
1036,0,-1.129445347695208,-1.329345496854114,0.4054692797288723,-0.6557616525288871,-0.9024657082140384,-0.7111644212715653,-0.642289796896626,0.0,0.5998323253659051,0.0495531864788385,1.026546834584599,-1.4550013077009485,-0.0104813786226104,0.3148060504532315,0.2284900749383611,0.2804140749063715,1.1777550832710504,0.279582480052895,-0.1336686340352409,0.3158922709251282,-0.44224123470758,1.2410402645312135,0.2362219021060367,-0.0560944800973705,518,1,-0.6971396378340309,0.18547655650237366
1037,0,-0.728248608535977,-0.9263904713038392,0.4054692797288723,-1.1641662255263825,-0.9024657082140384,-0.7111644212715653,-0.5818795497100921,0.0,0.5998323253659051,1.7401525364158583,1.026546834584599,-0.409975441194734,-0.6439568255651532,0.1388818953998749,-0.1526344120765995,0.5047433789545571,-1.320553160313248,0.5968931737350806,-1.281555496075043,1.854595148736256,0.923887288147482,-0.2697112574007837,0.2362219021060367,-0.0560944800973705,519,0,-0.7027958143252938,0.19470298297576694
1038,0,-0.728248608535977,-0.9263904713038392,0.4054692797288723,-1.1641662255263825,-0.9024657082140384,-0.7111644212715653,-0.5818795497100921,0.0,0.5998323253659051,1.7401525364158583,1.026546834584599,-0.409975441194734,-0.6439568255651532,0.1388818953998749,-0.1526344120765995,0.5047433789545571,-1.320553160313248,0.5968931737350806,-1.281555496075043,1.854595148736256,0.923887288147482,-0.2697112574007837,0.2362219021060367,-0.0560944800973705,519,1,-0.7027958143252938,0.19470298297576694
1039,0,-0.3270136055008128,-0.523416230884195,0.454552871049644,-0.6557616525288871,-0.9024657082140384,-0.7111644212715653,-0.7026539645658552,0.0,0.4051425502545523,-0.7957303657393812,1.026546834584599,0.6352098982042783,0.3062805103879508,-0.0370422596534817,-0.1526344120765995,-0.392505381545769,-0.7653547258750445,-0.355038907311476,-1.154003861783075,0.6236046719961829,0.4685574366511583,1.2410402645312135,0.2362219021060367,-0.0560944800973705,520,0,-0.6344717763572063,0.2022518773630887
1040,0,-0.3270136055008128,-0.523416230884195,0.454552871049644,-0.6557616525288871,-0.9024657082140384,-0.7111644212715653,-0.7026539645658552,0.0,0.4051425502545523,-0.7957303657393812,1.026546834584599,0.6352098982042783,0.3062805103879508,-0.0370422596534817,-0.1526344120765995,-0.392505381545769,-0.7653547258750445,-0.355038907311476,-1.154003861783075,0.6236046719961829,0.4685574366511583,1.2410402645312135,0.2362219021060367,-0.0560944800973705,520,1,-0.6344717763572063,0.2022518773630887
1041,0,-0.728248608535977,-0.523416230884195,0.4054692797288723,-1.1641662255263825,-0.9024657082140384,-0.7111644212715653,-0.7026539645658552,0.0,0.4051425502545523,2.5854522113843683,1.026546834584599,0.6352098982042783,0.623042399398512,0.3148060504532315,-0.1526344120765995,-1.514083446094281,-0.7653547258750445,-0.355038907311476,-1.919274744240928,0.3158922709251282,0.923887288147482,0.8381716552000944,0.2362219021060367,-0.0560944800973705,521,0,-0.6515221094806192,0.20842824549817016
1042,0,-0.728248608535977,-0.523416230884195,0.4054692797288723,-1.1641662255263825,-0.9024657082140384,-0.7111644212715653,-0.7026539645658552,0.0,0.4051425502545523,2.5854522113843683,1.026546834584599,0.6352098982042783,0.623042399398512,0.3148060504532315,-0.1526344120765995,-1.514083446094281,-0.7653547258750445,-0.355038907311476,-1.919274744240928,0.3158922709251282,0.923887288147482,0.8381716552000944,0.2362219021060367,-0.0560944800973705,521,1,-0.6515221094806192,0.20842824549817016
1043,0,0.0742213975343513,-0.1204612053339201,0.3563856884081006,-0.6557616525288871,-0.9024657082140384,-0.7111644212715653,-0.7026539645658552,0.0,0.0157555730929931,0.8948528614473485,1.026546834584599,0.6352098982042783,1.256517846341055,0.4907369165829235,0.2284900749383611,-0.8411639896421402,-1.042953943094146,-0.9895634650470152,-0.3887329793252218,0.6236046719961829,0.4685574366511583,1.9460545678009724,0.2362219021060367,-0.0560944800973705,522,0,-0.5195687445688064,0.21348163760869135
1044,0,0.0742213975343513,-0.1204612053339201,0.3563856884081006,-0.6557616525288871,-0.9024657082140384,-0.7111644212715653,-0.7026539645658552,0.0,0.0157555730929931,0.8948528614473485,1.026546834584599,0.6352098982042783,1.256517846341055,0.4907369165829235,0.2284900749383611,-0.8411639896421402,-1.042953943094146,-0.9895634650470152,-0.3887329793252218,0.6236046719961829,0.4685574366511583,1.9460545678009724,0.2362219021060367,-0.0560944800973705,522,1,-0.5195687445688064,0.21348163760869135
1045,0,0.0742213975343513,-0.1204612053339201,0.307302097087329,-0.6557616525288871,-0.9024657082140384,-0.7111644212715653,-0.642289796896626,0.0,0.2104453482043458,0.8948528614473485,-0.1320216408453801,0.6352098982042783,0.623042399398512,1.0185160928193289,0.6096145619533219,-0.392505381545769,-1.8756668833638344,-1.6241848524113862,-0.1336686340352409,0.0081329123687887,1.834616475323175,1.2410402645312135,0.2362219021060367,-0.0560944800973705,523,0,-0.41160690055005045,0.21761623115366321
1046,0,0.0742213975343513,-0.1204612053339201,0.307302097087329,-0.6557616525288871,-0.9024657082140384,-0.7111644212715653,-0.642289796896626,0.0,0.2104453482043458,0.8948528614473485,-0.1320216408453801,0.6352098982042783,0.623042399398512,1.0185160928193289,0.6096145619533219,-0.392505381545769,-1.8756668833638344,-1.6241848524113862,-0.1336686340352409,0.0081329123687887,1.834616475323175,1.2410402645312135,0.2362219021060367,-0.0560944800973705,523,1,-0.41160690055005045,0.21761623115366321
1047,0,-0.3270136055008128,-0.1204612053339201,0.1600513231250139,0.3610474934661032,-0.9024657082140384,-0.7111644212715653,-0.642289796896626,0.0,0.0157555730929931,0.8948528614473485,1.026546834584599,-0.409975441194734,1.5732314042730364,1.370371114002377,0.9907535879355144,0.5047433789545571,-1.320553160313248,0.914107037788434,1.141769862296529,-0.2996264461875506,-0.8975710862039038,1.3417554958440934,0.2362219021060367,-0.0560944800973705,524,0,-0.396226301450189,0.22099908041773111
1048,0,-0.3270136055008128,-0.1204612053339201,0.1600513231250139,0.3610474934661032,-0.9024657082140384,-0.7111644212715653,-0.642289796896626,0.0,0.0157555730929931,0.8948528614473485,1.026546834584599,-0.409975441194734,1.5732314042730364,1.370371114002377,0.9907535879355144,0.5047433789545571,-1.320553160313248,0.914107037788434,1.141769862296529,-0.2996264461875506,-0.8975710862039038,1.3417554958440934,0.2362219021060367,-0.0560944800973705,524,1,-0.396226301450189,0.22099908041773111
1049,0,-0.3270136055008128,-0.1204612053339201,0.2582185057665573,0.3610474934661032,-0.9024657082140384,1.2025024719774604,-0.5818795497100921,0.0,0.0157555730929931,-0.7957303657393812,1.026546834584599,-0.409975441194734,0.9397559573304936,1.1944402478726854,0.9907535879355144,-1.0654248379979097,-1.8756668833638344,-0.355038907311476,1.2693214965884974,-0.2996264461875506,-1.352970421883273,1.9460545678009724,0.2362219021060367,-0.0560944800973705,525,0,-0.3836421749139388,0.22376686617924121
1050,0,-0.3270136055008128,-0.1204612053339201,0.2582185057665573,0.3610474934661032,-0.9024657082140384,1.2025024719774604,-0.5818795497100921,0.0,0.0157555730929931,-0.7957303657393812,1.026546834584599,-0.409975441194734,0.9397559573304936,1.1944402478726854,0.9907535879355144,-1.0654248379979097,-1.8756668833638344,-0.355038907311476,1.2693214965884974,-0.2996264461875506,-1.352970421883273,1.9460545678009724,0.2362219021060367,-0.0560944800973705,525,1,-0.3836421749139388,0.22376686617924121
1051,0,-0.728248608535977,-0.523416230884195,0.2582185057665573,-1.1641662255263825,-0.9024657082140384,-0.7111644212715653,-0.7026539645658552,0.0,0.4051425502545523,-0.7957303657393812,-0.1320216408453801,-0.409975441194734,0.3062805103879508,0.6666610716362802,0.6096145619533219,-0.392505381545769,0.3449574316137456,0.279582480052895,1.2693214965884974,-1.2228106068859994,1.834616475323175,1.2410402645312135,0.2362219021060367,-0.1058591881087301,526,0,-0.44629789011794574,0.2260314181659313
1052,0,-0.728248608535977,-0.523416230884195,0.2582185057665573,-1.1641662255263825,-0.9024657082140384,-0.7111644212715653,-0.7026539645658552,0.0,0.4051425502545523,-0.7957303657393812,-0.1320216408453801,-0.409975441194734,0.3062805103879508,0.6666610716362802,0.6096145619533219,-0.392505381545769,0.3449574316137456,0.279582480052895,1.2693214965884974,-1.2228106068859994,1.834616475323175,1.2410402645312135,0.2362219021060367,-0.1058591881087301,526,1,-0.44629789011794574,0.2260314181659313
1053,0,-1.129445347695208,-1.329345496854114,0.4054692797288723,-0.6557616525288871,-0.9024657082140384,-0.7111644212715653,-0.7026539645658552,0.0,0.5998323253659051,0.0495531864788385,-0.1320216408453801,-1.4550013077009485,-0.327194936554592,0.1388818953998749,0.2284900749383611,0.7290726830027427,-1.320553160313248,-0.0377282136292905,0.6316022484226123,0.6236046719961829,0.4685574366511583,1.3417554958440934,0.1646877029590123,-0.1058591881087301,527,0,-0.570506518768357,0.21487801540103693
1054,0,-1.129445347695208,-1.329345496854114,0.4054692797288723,-0.6557616525288871,-0.9024657082140384,-0.7111644212715653,-0.7026539645658552,0.0,0.5998323253659051,0.0495531864788385,-0.1320216408453801,-1.4550013077009485,-0.327194936554592,0.1388818953998749,0.2284900749383611,0.7290726830027427,-1.320553160313248,-0.0377282136292905,0.6316022484226123,0.6236046719961829,0.4685574366511583,1.3417554958440934,0.1646877029590123,-0.1058591881087301,527,1,-0.570506518768357,0.21487801540103693
1055,0,-1.129445347695208,-1.329345496854114,0.3563856884081006,-0.6557616525288871,-0.9024657082140384,-0.7111644212715653,-0.7026539645658552,0.0,0.5998323253659051,0.8948528614473485,1.026546834584599,-1.4550013077009485,-0.327194936554592,-0.0370422596534817,-0.5337734380587921,-1.7384127501424664,0.3449574316137456,-1.6241848524113862,-0.1336686340352409,-1.2228106068859994,0.0131581009717891,2.348923177132092,0.2362219021060367,-0.1058591881087301,528,0,-0.6721317603914208,0.21875872207467326
1056,0,-1.129445347695208,-1.329345496854114,0.3563856884081006,-0.6557616525288871,-0.9024657082140384,-0.7111644212715653,-0.7026539645658552,0.0,0.5998323253659051,0.8948528614473485,1.026546834584599,-1.4550013077009485,-0.327194936554592,-0.0370422596534817,-0.5337734380587921,-1.7384127501424664,0.3449574316137456,-1.6241848524113862,-0.1336686340352409,-1.2228106068859994,0.0131581009717891,2.348923177132092,0.2362219021060367,-0.1058591881087301,528,1,-0.6721317603914208,0.21875872207467326
1057,0,-1.129445347695208,-0.9263904713038392,0.4054692797288723,-1.1641662255263825,-0.9024657082140384,-0.7111644212715653,-0.7026539645658552,0.0,0.5998323253659051,0.0495531864788385,1.026546834584599,-0.409975441194734,-0.9606703834971348,0.1388818953998749,-0.1526344120765995,-0.1681760774975834,0.6225566488328472,0.914107037788434,-0.7713878822011261,-0.2996264461875506,0.0131581009717891,2.0467697991138523,0.3077547368516965,-0.0560944800973705,529,0,-0.7552796853557457,0.23493981567049566
1058,0,-1.129445347695208,-0.9263904713038392,0.4054692797288723,-1.1641662255263825,-0.9024657082140384,-0.7111644212715653,-0.7026539645658552,0.0,0.5998323253659051,0.0495531864788385,1.026546834584599,-0.409975441194734,-0.9606703834971348,0.1388818953998749,-0.1526344120765995,-0.1681760774975834,0.6225566488328472,0.914107037788434,-0.7713878822011261,-0.2996264461875506,0.0131581009717891,2.0467697991138523,0.3077547368516965,-0.0560944800973705,529,1,-0.7552796853557457,0.23493981567049566
1059,0,-0.728248608535977,-0.9263904713038392,0.5036364623704156,-0.6557616525288871,-0.9024657082140384,-0.7111644212715653,-0.642289796896626,0.0,0.5998323253659051,0.0495531864788385,1.026546834584599,-0.409975441194734,0.623042399398512,0.4907369165829235,0.2284900749383611,-1.514083446094281,-0.2101562914368412,-0.9895634650470152,-1.5366198413650238,0.3158922709251282,-0.8975710862039038,1.4424707271569734,0.3077547368516965,-0.0560944800973705,530,0,-0.7503649441157877,0.2481788922488958
1060,0,-0.728248608535977,-0.9263904713038392,0.5036364623704156,-0.6557616525288871,-0.9024657082140384,-0.7111644212715653,-0.642289796896626,0.0,0.5998323253659051,0.0495531864788385,1.026546834584599,-0.409975441194734,0.623042399398512,0.4907369165829235,0.2284900749383611,-1.514083446094281,-0.2101562914368412,-0.9895634650470152,-1.5366198413650238,0.3158922709251282,-0.8975710862039038,1.4424707271569734,0.3077547368516965,-0.0560944800973705,530,1,-0.7503649441157877,0.2481788922488958
1061,0,-0.3270136055008128,-0.1204612053339201,0.4054692797288723,-0.6557616525288871,-0.9024657082140384,-0.7111644212715653,-0.5818795497100921,0.0,0.2104453482043458,1.7401525364158583,1.026546834584599,0.6352098982042783,1.256517846341055,0.6666610716362802,0.2284900749383611,-0.6168346855939546,1.1777550832710504,-0.0377282136292905,-1.79172310994896,1.239076431623577,-0.8975710862039038,1.9460545678009724,0.3077547368516965,-0.0560944800973705,531,0,-0.6733919734585195,0.25901086399485956
1062,0,-0.3270136055008128,-0.1204612053339201,0.4054692797288723,-0.6557616525288871,-0.9024657082140384,-0.7111644212715653,-0.5818795497100921,0.0,0.2104453482043458,1.7401525364158583,1.026546834584599,0.6352098982042783,1.256517846341055,0.6666610716362802,0.2284900749383611,-0.6168346855939546,1.1777550832710504,-0.0377282136292905,-1.79172310994896,1.239076431623577,-0.8975710862039038,1.9460545678009724,0.3077547368516965,-0.0560944800973705,531,1,-0.6733919734585195,0.25901086399485956
1063,0,0.0742213975343513,0.2825130350857242,0.3563856884081006,0.3610474934661032,-0.9024657082140384,-0.7111644212715653,-0.642289796896626,0.0,0.0157555730929931,-0.7957303657393812,-0.1320216408453801,0.6352098982042783,0.9397559573304936,0.6666610716362802,0.6096145619533219,0.7290726830027427,-1.598067666144733,-0.9895634650470152,-0.8989005931991387,0.3158922709251282,0.4685574366511583,0.4353030458689751,0.3077547368516965,-0.0063288228850493,532,0,-0.5374622696416339,0.26787338633246627
1064,0,0.0742213975343513,0.2825130350857242,0.3563856884081006,0.3610474934661032,-0.9024657082140384,-0.7111644212715653,-0.642289796896626,0.0,0.0157555730929931,-0.7957303657393812,-0.1320216408453801,0.6352098982042783,0.9397559573304936,0.6666610716362802,0.6096145619533219,0.7290726830027427,-1.598067666144733,-0.9895634650470152,-0.8989005931991387,0.3158922709251282,0.4685574366511583,0.4353030458689751,0.3077547368516965,-0.0063288228850493,532,1,-0.5374622696416339,0.26787338633246627
1065,0,0.0742213975343513,-0.1204612053339201,0.3563856884081006,0.3610474934661032,-0.9024657082140384,-0.7111644212715653,-0.7026539645658552,0.0,0.0157555730929931,1.7401525364158583,1.026546834584599,0.6352098982042783,1.256517846341055,1.0185160928193289,0.9907535879355144,-1.7384127501424664,-1.598067666144733,-1.3068741587292003,0.7591538827145803,-0.2996264461875506,0.4685574366511583,1.5431859584698533,0.3077547368516965,-0.0063288228850493,533,0,-0.4262470574278184,0.2751245409723263
1066,0,0.0742213975343513,-0.1204612053339201,0.3563856884081006,0.3610474934661032,-0.9024657082140384,-0.7111644212715653,-0.7026539645658552,0.0,0.0157555730929931,1.7401525364158583,1.026546834584599,0.6352098982042783,1.256517846341055,1.0185160928193289,0.9907535879355144,-1.7384127501424664,-1.598067666144733,-1.3068741587292003,0.7591538827145803,-0.2996264461875506,0.4685574366511583,1.5431859584698533,0.3077547368516965,-0.0063288228850493,533,1,-0.4262470574278184,0.2751245409723263
1067,0,-0.3270136055008128,-0.1204612053339201,0.2582185057665573,0.3610474934661032,-0.9024657082140384,-0.7111644212715653,-0.7026539645658552,0.0,0.2104453482043458,-0.7957303657393812,-0.1320216408453801,0.6352098982042783,0.623042399398512,0.8425919377659722,0.6096145619533219,0.0561532265506022,0.3449574316137456,-0.0377282136292905,1.2693214965884974,-2.146041725069733,1.3792866238268513,0.7374564238872144,0.3077547368516965,-0.0063288228850493,534,0,-0.4082046116229082,0.2810573038594845
1068,0,-0.3270136055008128,-0.1204612053339201,0.2582185057665573,0.3610474934661032,-0.9024657082140384,-0.7111644212715653,-0.7026539645658552,0.0,0.2104453482043458,-0.7957303657393812,-0.1320216408453801,0.6352098982042783,0.623042399398512,0.8425919377659722,0.6096145619533219,0.0561532265506022,0.3449574316137456,-0.0377282136292905,1.2693214965884974,-2.146041725069733,1.3792866238268513,0.7374564238872144,0.3077547368516965,-0.0063288228850493,534,1,-0.4082046116229082,0.2810573038594845
1069,0,-0.728248608535977,-0.523416230884195,0.307302097087329,-1.1641662255263825,-0.9024657082140384,-0.7111644212715653,-0.642289796896626,0.0,0.4051425502545523,0.8948528614473485,-0.1320216408453801,-0.409975441194734,-1.277432272507696,0.8425919377659722,0.9907535879355144,-0.8411639896421402,-1.598067666144733,0.279582480052895,1.6519763994644017,-0.2996264461875506,0.923887288147482,1.2410402645312135,0.3077547368516965,-0.0063288228850493,535,0,-0.46639442924346614,0.2859113825853412
1070,0,-0.728248608535977,-0.523416230884195,0.307302097087329,-1.1641662255263825,-0.9024657082140384,-0.7111644212715653,-0.642289796896626,0.0,0.4051425502545523,0.8948528614473485,-0.1320216408453801,-0.409975441194734,-1.277432272507696,0.8425919377659722,0.9907535879355144,-0.8411639896421402,-1.598067666144733,0.279582480052895,1.6519763994644017,-0.2996264461875506,0.923887288147482,1.2410402645312135,0.3077547368516965,-0.0063288228850493,535,1,-0.46639442924346614,0.2859113825853412
1071,0,-1.129445347695208,-0.9263904713038392,0.2582185057665573,-0.6557616525288871,-0.9024657082140384,-0.7111644212715653,-0.7026539645658552,0.0,0.5998323253659051,1.7401525364158583,1.026546834584599,-0.409975441194734,-0.6439568255651532,0.8425919377659722,0.6096145619533219,-1.0654248379979097,0.3449574316137456,0.5968931737350806,1.141769862296529,0.0081329123687887,-0.8975710862039038,0.536018277181855,0.3077547368516965,-0.0063288228850493,536,0,-0.5869491416892374,0.28988290154286034
1072,0,-1.129445347695208,-0.9263904713038392,0.2582185057665573,-0.6557616525288871,-0.9024657082140384,-0.7111644212715653,-0.7026539645658552,0.0,0.5998323253659051,1.7401525364158583,1.026546834584599,-0.409975441194734,-0.6439568255651532,0.8425919377659722,0.6096145619533219,-1.0654248379979097,0.3449574316137456,0.5968931737350806,1.141769862296529,0.0081329123687887,-0.8975710862039038,0.536018277181855,0.3077547368516965,-0.0063288228850493,536,1,-0.5869491416892374,0.28988290154286034
1073,0,-1.129445347695208,-1.329345496854114,0.4054692797288723,-0.6557616525288871,-0.9024657082140384,-0.7111644212715653,-0.5214693025235582,0.0,0.5998323253659051,0.0495531864788385,1.026546834584599,-1.4550013077009485,-0.6439568255651532,0.3148060504532315,0.2284900749383611,-0.392505381545769,-0.2101562914368412,0.914107037788434,0.3765379031326314,0.0081329123687887,0.4685574366511583,1.4424707271569734,0.3077547368516965,-0.0063288228850493,537,0,-0.6855848155085047,0.2931323261444669
1074,0,-1.129445347695208,-1.329345496854114,0.4054692797288723,-0.6557616525288871,-0.9024657082140384,-0.7111644212715653,-0.5214693025235582,0.0,0.5998323253659051,0.0495531864788385,1.026546834584599,-1.4550013077009485,-0.6439568255651532,0.3148060504532315,0.2284900749383611,-0.392505381545769,-0.2101562914368412,0.914107037788434,0.3765379031326314,0.0081329123687887,0.4685574366511583,1.4424707271569734,0.3077547368516965,-0.0063288228850493,537,1,-0.6855848155085047,0.2931323261444669
1075,0,-0.728248608535977,-0.9263904713038392,0.3563856884081006,-1.1641662255263825,-0.9024657082140384,-0.7111644212715653,-0.642289796896626,0.0,0.4051425502545523,0.0495531864788385,-0.1320216408453801,-0.409975441194734,-1.277432272507696,-0.2129731257831736,-0.5337734380587921,0.7290726830027427,0.6225566488328472,-0.0377282136292905,-0.2611813450332536,-0.2996264461875506,-0.44224123470758,1.6439011897827331,0.3077547368516965,-0.0063288228850493,538,0,-0.693341868786227,0.2957909462730541
1076,0,-0.728248608535977,-0.9263904713038392,0.3563856884081006,-1.1641662255263825,-0.9024657082140384,-0.7111644212715653,-0.642289796896626,0.0,0.4051425502545523,0.0495531864788385,-0.1320216408453801,-0.409975441194734,-1.277432272507696,-0.2129731257831736,-0.5337734380587921,0.7290726830027427,0.6225566488328472,-0.0377282136292905,-0.2611813450332536,-0.2996264461875506,-0.44224123470758,1.6439011897827331,0.3077547368516965,-0.0063288228850493,538,1,-0.693341868786227,0.2957909462730541
1077,0,-0.728248608535977,-0.9263904713038392,0.4054692797288723,-0.6557616525288871,-0.9024657082140384,-0.7111644212715653,-0.7026539645658552,0.0,0.5998323253659051,0.8948528614473485,1.026546834584599,-0.409975441194734,-0.0104813786226104,-0.2129731257831736,-0.5337734380587921,0.5047433789545571,0.0673582143946439,-0.355038907311476,-1.281555496075043,3.085538667991044,0.0131581009717891,1.3417554958440934,0.3077547368516965,-0.0063288228850493,539,0,-0.699688548740727,0.2979661809237163
1078,0,-0.728248608535977,-0.9263904713038392,0.4054692797288723,-0.6557616525288871,-0.9024657082140384,-0.7111644212715653,-0.7026539645658552,0.0,0.5998323253659051,0.8948528614473485,1.026546834584599,-0.409975441194734,-0.0104813786226104,-0.2129731257831736,-0.5337734380587921,0.5047433789545571,0.0673582143946439,-0.355038907311476,-1.281555496075043,3.085538667991044,0.0131581009717891,1.3417554958440934,0.3077547368516965,-0.0063288228850493,539,1,-0.699688548740727,0.2979661809237163
1079,0,-0.728248608535977,-0.9263904713038392,0.5527106919533805,-1.1641662255263825,-0.9024657082140384,-0.7111644212715653,-0.7026539645658552,0.0,0.5998323253659051,0.0495531864788385,1.026546834584599,-0.409975441194734,-0.327194936554592,0.1388818953998749,-0.1526344120765995,-0.1681760774975834,-0.2101562914368412,1.8660391188349903,-1.919274744240928,1.854595148736256,-0.44224123470758,0.1331496678507358,0.3077547368516965,-0.0063288228850493,540,0,-0.7048812868853178,0.29974591836516723
1080,0,-0.728248608535977,-0.9263904713038392,0.5527106919533805,-1.1641662255263825,-0.9024657082140384,-0.7111644212715653,-0.7026539645658552,0.0,0.5998323253659051,0.0495531864788385,1.026546834584599,-0.409975441194734,-0.327194936554592,0.1388818953998749,-0.1526344120765995,-0.1681760774975834,-0.2101562914368412,1.8660391188349903,-1.919274744240928,1.854595148736256,-0.44224123470758,0.1331496678507358,0.3077547368516965,-0.0063288228850493,540,1,-0.7048812868853178,0.29974591836516723
1081,0,-0.3270136055008128,-0.523416230884195,0.4054692797288723,-0.6557616525288871,-0.9024657082140384,-0.7111644212715653,-0.7026539645658552,0.0,0.2104453482043458,2.5854522113843683,-0.1320216408453801,0.6352098982042783,-0.0104813786226104,0.3148060504532315,0.2284900749383611,0.0561532265506022,-0.2101562914368412,-0.6723496009936615,-1.0264522274911068,-0.2996264461875506,0.0131581009717891,1.3417554958440934,0.3077547368516965,-0.0063288228850493,541,0,-0.636178072088135,0.3012020671808998
1082,0,-0.3270136055008128,-0.523416230884195,0.4054692797288723,-0.6557616525288871,-0.9024657082140384,-0.7111644212715653,-0.7026539645658552,0.0,0.2104453482043458,2.5854522113843683,-0.1320216408453801,0.6352098982042783,-0.0104813786226104,0.3148060504532315,0.2284900749383611,0.0561532265506022,-0.2101562914368412,-0.6723496009936615,-1.0264522274911068,-0.2996264461875506,0.0131581009717891,1.3417554958440934,0.3077547368516965,-0.0063288228850493,541,1,-0.636178072088135,0.3012020671808998
1083,0,-0.3270136055008128,-0.1204612053339201,0.454552871049644,-0.6557616525288871,-0.9024657082140384,-0.7111644212715653,-0.642289796896626,0.0,0.2104453482043458,0.0495531864788385,1.026546834584599,-0.409975441194734,-0.0104813786226104,1.0185160928193289,0.6096145619533219,0.5047433789545571,0.6225566488328472,-0.0377282136292905,-0.1336686340352409,-0.9150982058149448,-2.263699609058966,2.0467697991138523,0.3077547368516965,-0.0063288228850493,542,0,-0.5799663508904401,0.30239346166649916
1084,0,-0.3270136055008128,-0.1204612053339201,0.454552871049644,-0.6557616525288871,-0.9024657082140384,-0.7111644212715653,-0.642289796896626,0.0,0.2104453482043458,0.0495531864788385,1.026546834584599,-0.409975441194734,-0.0104813786226104,1.0185160928193289,0.6096145619533219,0.5047433789545571,0.6225566488328472,-0.0377282136292905,-0.1336686340352409,-0.9150982058149448,-2.263699609058966,2.0467697991138523,0.3077547368516965,-0.0063288228850493,542,1,-0.5799663508904401,0.30239346166649916
1085,0,-0.3270136055008128,-0.1204612053339201,0.2582185057665573,0.3610474934661032,-0.9024657082140384,-0.7111644212715653,-0.642289796896626,0.0,0.2104453482043458,0.8948528614473485,1.026546834584599,0.6352098982042783,0.9397559573304936,1.0185160928193289,0.9907535879355144,0.5047433789545571,0.0673582143946439,-0.0377282136292905,0.3765379031326314,0.3158922709251282,-0.44224123470758,1.4424707271569734,0.3077547368516965,-0.0063288228850493,543,0,-0.5339749426377806,0.30336823897289866
1086,0,-0.3270136055008128,-0.1204612053339201,0.2582185057665573,0.3610474934661032,-0.9024657082140384,-0.7111644212715653,-0.642289796896626,0.0,0.2104453482043458,0.8948528614473485,1.026546834584599,0.6352098982042783,0.9397559573304936,1.0185160928193289,0.9907535879355144,0.5047433789545571,0.0673582143946439,-0.0377282136292905,0.3765379031326314,0.3158922709251282,-0.44224123470758,1.4424707271569734,0.3077547368516965,-0.0063288228850493,543,1,-0.5339749426377806,0.30336823897289866
1087,0,-0.3270136055008128,-0.1204612053339201,0.2582185057665573,0.3610474934661032,-0.9024657082140384,-0.7111644212715653,-0.5818795497100921,0.0,0.0157555730929931,0.0495531864788385,-0.1320216408453801,-0.409975441194734,0.3062805103879508,1.1944402478726854,1.371878074950475,0.0561532265506022,-1.8756668833638344,-1.6241848524113862,1.2693214965884974,-1.2228106068859994,0.0131581009717891,2.248207945819212,0.3077547368516965,-0.0063288228850493,544,0,-0.49634560861287735,0.30416578404177097
1088,0,-0.3270136055008128,-0.1204612053339201,0.2582185057665573,0.3610474934661032,-0.9024657082140384,-0.7111644212715653,-0.5818795497100921,0.0,0.0157555730929931,0.0495531864788385,-0.1320216408453801,-0.409975441194734,0.3062805103879508,1.1944402478726854,1.371878074950475,0.0561532265506022,-1.8756668833638344,-1.6241848524113862,1.2693214965884974,-1.2228106068859994,0.0131581009717891,2.248207945819212,0.3077547368516965,-0.0063288228850493,544,1,-0.49634560861287735,0.30416578404177097
1089,0,-0.3270136055008128,-0.523416230884195,0.4054692797288723,0.3610474934661032,-0.9024657082140384,-0.7111644212715653,-0.7026539645658552,0.0,0.2104453482043458,0.8948528614473485,1.026546834584599,-0.409975441194734,0.9397559573304936,0.8425919377659722,0.9907535879355144,-0.392505381545769,1.1777550832710504,-0.355038907311476,1.3968731308804654,0.0081329123687887,0.923887288147482,1.3417554958440934,0.3077547368516965,-0.0560944800973705,545,0,-0.46555797168341106,0.30481832091630284
1090,0,-0.3270136055008128,-0.523416230884195,0.4054692797288723,0.3610474934661032,-0.9024657082140384,-0.7111644212715653,-0.7026539645658552,0.0,0.2104453482043458,0.8948528614473485,1.026546834584599,-0.409975441194734,0.9397559573304936,0.8425919377659722,0.9907535879355144,-0.392505381545769,1.1777550832710504,-0.355038907311476,1.3968731308804654,0.0081329123687887,0.923887288147482,1.3417554958440934,0.3077547368516965,-0.0560944800973705,545,1,-0.46555797168341106,0.30481832091630284
1091,0,-1.129445347695208,-1.329345496854114,0.454552871049644,0.3610474934661032,-0.9024657082140384,-0.7111644212715653,-0.7630642117523891,0.0,0.7945295274161116,0.8948528614473485,1.026546834584599,-1.4550013077009485,-0.9606703834971348,0.3148060504532315,0.2284900749383611,-1.2897541420460952,1.732868806321637,-0.0377282136292905,1.3968731308804654,1.854595148736256,-0.8975710862039038,1.6439011897827331,0.3077547368516965,-0.0560944800973705,546,0,-0.5862647673219196,0.30535221472273805
1092,0,-1.129445347695208,-1.329345496854114,0.454552871049644,0.3610474934661032,-0.9024657082140384,-0.7111644212715653,-0.7630642117523891,0.0,0.7945295274161116,0.8948528614473485,1.026546834584599,-1.4550013077009485,-0.9606703834971348,0.3148060504532315,0.2284900749383611,-1.2897541420460952,1.732868806321637,-0.0377282136292905,1.3968731308804654,1.854595148736256,-0.8975710862039038,1.6439011897827331,0.3077547368516965,-0.0560944800973705,546,1,-0.5862647673219196,0.30535221472273805
1093,0,-1.129445347695208,-1.329345496854114,0.307302097087329,-1.1641662255263825,-0.9024657082140384,1.2025024719774604,-0.7026539645658552,0.0,0.7945295274161116,0.0495531864788385,1.026546834584599,-1.4550013077009485,-1.277432272507696,-0.2129731257831736,-0.5337734380587921,-0.6168346855939546,0.9001558660519489,-0.355038907311476,0.3765379031326314,-0.2996264461875506,-0.44224123470758,1.4424707271569734,0.3077547368516965,0.0434368343272717,547,0,-0.6850248728443356,0.3057890369280032
1094,0,-1.129445347695208,-1.329345496854114,0.307302097087329,-1.1641662255263825,-0.9024657082140384,1.2025024719774604,-0.7026539645658552,0.0,0.7945295274161116,0.0495531864788385,1.026546834584599,-1.4550013077009485,-1.277432272507696,-0.2129731257831736,-0.5337734380587921,-0.6168346855939546,0.9001558660519489,-0.355038907311476,0.3765379031326314,-0.2996264461875506,-0.44224123470758,1.4424707271569734,0.3077547368516965,0.0434368343272717,547,1,-0.6850248728443356,0.3057890369280032
1095,0,-1.129445347695208,-1.329345496854114,0.2582185057665573,-0.6557616525288871,-0.9024657082140384,-0.7111644212715653,-0.642289796896626,0.0,0.7945295274161116,3.4307518863528785,1.026546834584599,-1.4550013077009485,-1.9109077194502389,0.1388818953998749,-0.1526344120765995,-0.392505381545769,-0.2101562914368412,-1.6241848524113862,-0.1336686340352409,-1.5305699654423388,0.0131581009717891,1.3417554958440934,0.379288935998721,0.0434368343272717,548,0,-0.7658285955444941,0.319152654940861
1096,0,-1.129445347695208,-1.329345496854114,0.2582185057665573,-0.6557616525288871,-0.9024657082140384,-0.7111644212715653,-0.642289796896626,0.0,0.7945295274161116,3.4307518863528785,1.026546834584599,-1.4550013077009485,-1.9109077194502389,0.1388818953998749,-0.1526344120765995,-0.392505381545769,-0.2101562914368412,-1.6241848524113862,-0.1336686340352409,-1.5305699654423388,0.0131581009717891,1.3417554958440934,0.379288935998721,0.0434368343272717,548,1,-0.7658285955444941,0.319152654940861
1097,0,-1.129445347695208,-0.9263904713038392,0.307302097087329,-0.6557616525288871,-0.9024657082140384,-0.7111644212715653,-0.642289796896626,0.0,0.5998323253659051,-0.7957303657393812,-0.1320216408453801,-1.4550013077009485,-0.327194936554592,0.1388818953998749,-0.1526344120765995,0.7290726830027427,0.0673582143946439,1.2314177314706196,-0.8989005931991387,-0.2996264461875506,-0.8975710862039038,1.3417554958440934,0.3077547368516965,0.0434368343272717,549,0,-0.8319407322991692,0.31708030619737654
1098,0,-1.129445347695208,-0.9263904713038392,0.307302097087329,-0.6557616525288871,-0.9024657082140384,-0.7111644212715653,-0.642289796896626,0.0,0.5998323253659051,-0.7957303657393812,-0.1320216408453801,-1.4550013077009485,-0.327194936554592,0.1388818953998749,-0.1526344120765995,0.7290726830027427,0.0673582143946439,1.2314177314706196,-0.8989005931991387,-0.2996264461875506,-0.8975710862039038,1.3417554958440934,0.3077547368516965,0.0434368343272717,549,1,-0.8319407322991692,0.31708030619737654
1099,0,-0.3270136055008128,-0.523416230884195,0.307302097087329,-1.1641662255263825,-0.9024657082140384,-0.7111644212715653,-0.5818795497100921,0.0,0.2104453482043458,0.8948528614473485,-0.1320216408453801,-0.409975441194734,-0.0104813786226104,0.3148060504532315,0.2284900749383611,-1.2897541420460952,0.6225566488328472,-0.355038907311476,-1.0264522274911068,0.0081329123687887,1.3792866238268513,1.140317349138734,0.379288935998721,0.0434368343272717,550,0,-0.7401358001540135,0.3283909661612573
1100,0,-0.3270136055008128,-0.523416230884195,0.307302097087329,-1.1641662255263825,-0.9024657082140384,-0.7111644212715653,-0.5818795497100921,0.0,0.2104453482043458,0.8948528614473485,-0.1320216408453801,-0.409975441194734,-0.0104813786226104,0.3148060504532315,0.2284900749383611,-1.2897541420460952,0.6225566488328472,-0.355038907311476,-1.0264522274911068,0.0081329123687887,1.3792866238268513,1.140317349138734,0.379288935998721,0.0434368343272717,550,1,-0.7401358001540135,0.3283909661612573
1101,0,-0.3270136055008128,-0.1204612053339201,0.5527106919533805,-0.6557616525288871,-0.9024657082140384,-0.7111644212715653,-0.642289796896626,0.0,0.2104453482043458,0.8948528614473485,1.026546834584599,-0.409975441194734,0.9397559573304936,0.4907369165829235,0.2284900749383611,-0.8411639896421402,0.9001558660519489,-0.0377282136292905,-1.154003861783075,0.3158922709251282,0.923887288147482,1.3417554958440934,0.3077547368516965,-0.0063288228850493,551,0,-0.6650226738534315,0.32463892446860987
1102,0,-0.3270136055008128,-0.1204612053339201,0.5527106919533805,-0.6557616525288871,-0.9024657082140384,-0.7111644212715653,-0.642289796896626,0.0,0.2104453482043458,0.8948528614473485,1.026546834584599,-0.409975441194734,0.9397559573304936,0.4907369165829235,0.2284900749383611,-0.8411639896421402,0.9001558660519489,-0.0377282136292905,-1.154003861783075,0.3158922709251282,0.923887288147482,1.3417554958440934,0.3077547368516965,-0.0063288228850493,551,1,-0.6650226738534315,0.32463892446860987
1103,0,-0.3270136055008128,-0.1204612053339201,0.6508778745949239,-0.6557616525288871,-0.9024657082140384,-0.7111644212715653,-0.7026539645658552,0.0,0.2104453482043458,0.0495531864788385,1.026546834584599,-0.409975441194734,0.623042399398512,0.6666610716362802,0.6096145619533219,-0.1681760774975834,0.6225566488328472,-0.355038907311476,-0.8989005931991387,0.3158922709251282,0.4685574366511583,2.248207945819212,0.3077547368516965,0.0434368343272717,552,0,-0.6035664796075009,0.3215690721746256
1104,0,-0.3270136055008128,-0.1204612053339201,0.6508778745949239,-0.6557616525288871,-0.9024657082140384,-0.7111644212715653,-0.7026539645658552,0.0,0.2104453482043458,0.0495531864788385,1.026546834584599,-0.409975441194734,0.623042399398512,0.6666610716362802,0.6096145619533219,-0.1681760774975834,0.6225566488328472,-0.355038907311476,-0.8989005931991387,0.3158922709251282,0.4685574366511583,2.248207945819212,0.3077547368516965,0.0434368343272717,552,1,-0.6035664796075009,0.3215690721746256
1105,0,-0.3270136055008128,-0.1204612053339201,0.5527106919533805,0.3610474934661032,-0.9024657082140384,-0.7111644212715653,-0.7630642117523891,0.0,0.2104453482043458,2.5854522113843683,1.026546834584599,0.6352098982042783,0.9397559573304936,0.6666610716362802,0.2284900749383611,-0.1681760774975834,0.9001558660519489,-1.3068741587292003,-0.1336686340352409,-0.2996264461875506,0.0131581009717891,1.3417554958440934,0.3077547368516965,0.0434368343272717,553,0,-0.5532841388608303,0.3190573748431839
1106,0,-0.3270136055008128,-0.1204612053339201,0.5527106919533805,0.3610474934661032,-0.9024657082140384,-0.7111644212715653,-0.7630642117523891,0.0,0.2104453482043458,2.5854522113843683,1.026546834584599,0.6352098982042783,0.9397559573304936,0.6666610716362802,0.2284900749383611,-0.1681760774975834,0.9001558660519489,-1.3068741587292003,-0.1336686340352409,-0.2996264461875506,0.0131581009717891,1.3417554958440934,0.3077547368516965,0.0434368343272717,553,1,-0.5532841388608303,0.3190573748431839
1107,0,-0.3270136055008128,-0.1204612053339201,0.2582185057665573,0.3610474934661032,-0.9024657082140384,-0.7111644212715653,-0.642289796896626,0.0,0.2104453482043458,0.0495531864788385,1.026546834584599,-0.409975441194734,-0.0104813786226104,1.0185160928193289,0.6096145619533219,0.0561532265506022,-1.8756668833638344,-0.6723496009936615,0.6316022484226123,-0.2996264461875506,-0.44224123470758,2.1474850304267323,0.3077547368516965,-0.0063288228850493,554,0,-0.5121440418862816,0.3170023497538226
1108,0,-0.3270136055008128,-0.1204612053339201,0.2582185057665573,0.3610474934661032,-0.9024657082140384,-0.7111644212715653,-0.642289796896626,0.0,0.2104453482043458,0.0495531864788385,1.026546834584599,-0.409975441194734,-0.0104813786226104,1.0185160928193289,0.6096145619533219,0.0561532265506022,-1.8756668833638344,-0.6723496009936615,0.6316022484226123,-0.2996264461875506,-0.44224123470758,2.1474850304267323,0.3077547368516965,-0.0063288228850493,554,1,-0.5121440418862816,0.3170023497538226
1109,0,-0.3270136055008128,-0.523416230884195,0.2582185057665573,0.3610474934661032,-0.9024657082140384,-0.7111644212715653,-0.7026539645658552,0.0,0.4051425502545523,0.8948528614473485,-0.1320216408453801,0.6352098982042783,-0.327194936554592,1.1944402478726854,1.371878074950475,0.9534019870509284,0.9001558660519489,-0.0377282136292905,1.0142571512985166,0.3158922709251282,-1.8083002733795968,1.4424707271569734,0.3077547368516965,0.0434368343272717,555,0,-0.47848396254346903,0.31532096558979966
1110,0,-0.3270136055008128,-0.523416230884195,0.2582185057665573,0.3610474934661032,-0.9024657082140384,-0.7111644212715653,-0.7026539645658552,0.0,0.4051425502545523,0.8948528614473485,-0.1320216408453801,0.6352098982042783,-0.327194936554592,1.1944402478726854,1.371878074950475,0.9534019870509284,0.9001558660519489,-0.0377282136292905,1.0142571512985166,0.3158922709251282,-1.8083002733795968,1.4424707271569734,0.3077547368516965,0.0434368343272717,555,1,-0.47848396254346903,0.31532096558979966
1111,0,-0.728248608535977,-0.9263904713038392,0.2582185057665573,0.3610474934661032,-0.9024657082140384,-0.7111644212715653,-0.5214693025235582,0.0,0.4051425502545523,0.0495531864788385,1.026546834584599,-0.409975441194734,-0.0104813786226104,0.8425919377659722,0.6096145619533219,-1.0654248379979097,-1.598067666144733,-0.0377282136292905,1.0142571512985166,0.0081329123687887,-0.8975710862039038,0.636733508494735,0.3077547368516965,-0.0063288228850493,556,0,-0.5238957163602886,0.31394528763741725
1112,0,-0.728248608535977,-0.9263904713038392,0.2582185057665573,0.3610474934661032,-0.9024657082140384,-0.7111644212715653,-0.5214693025235582,0.0,0.4051425502545523,0.0495531864788385,1.026546834584599,-0.409975441194734,-0.0104813786226104,0.8425919377659722,0.6096145619533219,-1.0654248379979097,-1.598067666144733,-0.0377282136292905,1.0142571512985166,0.0081329123687887,-0.8975710862039038,0.636733508494735,0.3077547368516965,-0.0063288228850493,556,1,-0.5238957163602886,0.31394528763741725
1113,0,-0.728248608535977,-0.523416230884195,0.3563856884081006,-1.1641662255263825,-0.9024657082140384,-0.7111644212715653,-0.642289796896626,0.0,0.4051425502545523,0.0495531864788385,1.026546834584599,-0.409975441194734,-0.9606703834971348,0.3148060504532315,-0.1526344120765995,-1.0654248379979097,0.6225566488328472,-1.6241848524113862,0.5040506141306441,0.0081329123687887,-0.44224123470758,1.3417554958440934,0.3077547368516965,-0.0063288228850493,557,0,-0.5610507876649593,0.31281973294910437
1114,0,-0.728248608535977,-0.523416230884195,0.3563856884081006,-1.1641662255263825,-0.9024657082140384,-0.7111644212715653,-0.642289796896626,0.0,0.4051425502545523,0.0495531864788385,1.026546834584599,-0.409975441194734,-0.9606703834971348,0.3148060504532315,-0.1526344120765995,-1.0654248379979097,0.6225566488328472,-1.6241848524113862,0.5040506141306441,0.0081329123687887,-0.44224123470758,1.3417554958440934,0.3077547368516965,-0.0063288228850493,557,1,-0.5610507876649593,0.31281973294910437
1115,0,-0.728248608535977,-0.9263904713038392,0.5036364623704156,-0.6557616525288871,-0.9024657082140384,-0.7111644212715653,-0.7026539645658552,0.0,0.4051425502545523,0.8948528614473485,-0.1320216408453801,-0.409975441194734,-0.327194936554592,-0.0370422596534817,-0.1526344120765995,-1.0654248379979097,0.9001558660519489,-0.0377282136292905,-0.2611813450332536,-0.6073388472586053,2.745415146681913,1.5431859584698533,0.3077547368516965,-0.0063288228850493,558,0,-0.5914503914596898,0.31189882456775747
1116,0,-0.728248608535977,-0.9263904713038392,0.5036364623704156,-0.6557616525288871,-0.9024657082140384,-0.7111644212715653,-0.7026539645658552,0.0,0.4051425502545523,0.8948528614473485,-0.1320216408453801,-0.409975441194734,-0.327194936554592,-0.0370422596534817,-0.1526344120765995,-1.0654248379979097,0.9001558660519489,-0.0377282136292905,-0.2611813450332536,-0.6073388472586053,2.745415146681913,1.5431859584698533,0.3077547368516965,-0.0063288228850493,558,1,-0.5914503914596898,0.31189882456775747
1117,0,-1.129445347695208,-0.9263904713038392,0.5036364623704156,-0.6557616525288871,-0.9024657082140384,-0.7111644212715653,-0.7026539645658552,0.0,0.5998323253659051,0.0495531864788385,1.026546834584599,-1.4550013077009485,-0.6439568255651532,-0.0370422596534817,-0.5337734380587921,0.5047433789545571,-1.042953943094146,-0.355038907311476,-0.8989005931991387,0.3158922709251282,0.4685574366511583,1.5431859584698533,0.2362219021060367,-0.0063288228850493,559,0,-0.6892676562297839,0.2981393841201718
1118,0,-1.129445347695208,-0.9263904713038392,0.5036364623704156,-0.6557616525288871,-0.9024657082140384,-0.7111644212715653,-0.7026539645658552,0.0,0.5998323253659051,0.0495531864788385,1.026546834584599,-1.4550013077009485,-0.6439568255651532,-0.0370422596534817,-0.5337734380587921,0.5047433789545571,-1.042953943094146,-0.355038907311476,-0.8989005931991387,0.3158922709251282,0.4685574366511583,1.5431859584698533,0.2362219021060367,-0.0063288228850493,559,1,-0.6892676562297839,0.2981393841201718
1119,0,-0.728248608535977,-0.523416230884195,0.4054692797288723,-1.1641662255263825,-0.9024657082140384,-0.7111644212715653,-0.7026539645658552,0.0,0.4051425502545523,1.7401525364158583,1.026546834584599,0.6352098982042783,-0.9606703834971348,-0.0370422596534817,-0.5337734380587921,-1.2897541420460952,0.9001558660519489,-0.0377282136292905,-1.0264522274911068,-1.2228106068859994,0.4685574366511583,1.5431859584698533,0.2362219021060367,-0.0063288228850493,560,0,-0.6963551021036372,0.2868816601176018
1120,0,-0.728248608535977,-0.523416230884195,0.4054692797288723,-1.1641662255263825,-0.9024657082140384,-0.7111644212715653,-0.7026539645658552,0.0,0.4051425502545523,1.7401525364158583,1.026546834584599,0.6352098982042783,-0.9606703834971348,-0.0370422596534817,-0.5337734380587921,-1.2897541420460952,0.9001558660519489,-0.0377282136292905,-1.0264522274911068,-1.2228106068859994,0.4685574366511583,1.5431859584698533,0.2362219021060367,-0.0063288228850493,560,1,-0.6963551021036372,0.2868816601176018
1121,0,-0.3270136055008128,-0.523416230884195,0.454552871049644,-0.6557616525288871,-0.9024657082140384,-0.7111644212715653,-0.642289796896626,0.0,0.4051425502545523,0.8948528614473485,-0.1320216408453801,-0.409975441194734,-0.327194936554592,0.8425919377659722,0.6096145619533219,-0.6168346855939546,1.1777550832710504,-1.6241848524113862,-1.154003861783075,-0.2996264461875506,-0.8975710862039038,1.4424707271569734,0.2362219021060367,-0.0560944800973705,561,0,-0.6292021027213055,0.2776707950245899
1122,0,-0.3270136055008128,-0.523416230884195,0.454552871049644,-0.6557616525288871,-0.9024657082140384,-0.7111644212715653,-0.642289796896626,0.0,0.4051425502545523,0.8948528614473485,-0.1320216408453801,-0.409975441194734,-0.327194936554592,0.8425919377659722,0.6096145619533219,-0.6168346855939546,1.1777550832710504,-1.6241848524113862,-1.154003861783075,-0.2996264461875506,-0.8975710862039038,1.4424707271569734,0.2362219021060367,-0.0560944800973705,561,1,-0.6292021027213055,0.2776707950245899
1123,0,-0.3270136055008128,-0.1204612053339201,0.5527106919533805,0.3610474934661032,-0.9024657082140384,-0.7111644212715653,-0.642289796896626,0.0,0.4051425502545523,1.7401525364158583,1.026546834584599,0.6352098982042783,0.9397559573304936,1.0185160928193289,0.9907535879355144,-0.392505381545769,0.6225566488328472,0.279582480052895,-0.6438362479091579,-0.2996264461875506,-0.8975710862039038,1.6439011897827331,0.2362219021060367,-0.0560944800973705,562,0,-0.5742587395903068,0.27013463267576204
1124,0,-0.3270136055008128,-0.1204612053339201,0.5527106919533805,0.3610474934661032,-0.9024657082140384,-0.7111644212715653,-0.642289796896626,0.0,0.4051425502545523,1.7401525364158583,1.026546834584599,0.6352098982042783,0.9397559573304936,1.0185160928193289,0.9907535879355144,-0.392505381545769,0.6225566488328472,0.279582480052895,-0.6438362479091579,-0.2996264461875506,-0.8975710862039038,1.6439011897827331,0.2362219021060367,-0.0560944800973705,562,1,-0.5742587395903068,0.27013463267576204
1125,0,0.0742213975343513,0.2825130350857242,0.3563856884081006,0.3610474934661032,-0.9024657082140384,-0.7111644212715653,-0.5818795497100921,0.0,0.0157555730929931,0.8948528614473485,-0.1320216408453801,0.6352098982042783,0.9397559573304936,1.0185160928193289,0.9907535879355144,0.2804140749063715,0.3449574316137456,-0.355038907311476,0.2489862688406633,-0.2996264461875506,0.4685574366511583,1.7446241051752127,0.2362219021060367,-0.0560944800973705,563,0,-0.45635326011309624,0.2639686816630847
1126,0,0.0742213975343513,0.2825130350857242,0.3563856884081006,0.3610474934661032,-0.9024657082140384,-0.7111644212715653,-0.5818795497100921,0.0,0.0157555730929931,0.8948528614473485,-0.1320216408453801,0.6352098982042783,0.9397559573304936,1.0185160928193289,0.9907535879355144,0.2804140749063715,0.3449574316137456,-0.355038907311476,0.2489862688406633,-0.2996264461875506,0.4685574366511583,1.7446241051752127,0.2362219021060367,-0.0560944800973705,563,1,-0.45635326011309624,0.2639686816630847
1127,0,0.0742213975343513,-0.1204612053339201,0.3563856884081006,-1.1641662255263825,-0.9024657082140384,-0.7111644212715653,-0.7026539645658552,0.0,0.0157555730929931,0.0495531864788385,1.026546834584599,-0.409975441194734,0.9397559573304936,1.0185160928193289,0.9907535879355144,-0.8411639896421402,1.1777550832710504,-0.0377282136292905,1.141769862296529,0.0081329123687887,-0.44224123470758,1.4424707271569734,0.2362219021060367,-0.0560944800973705,564,0,-0.35988514054083304,0.2589238126527123
1128,0,0.0742213975343513,-0.1204612053339201,0.3563856884081006,-1.1641662255263825,-0.9024657082140384,-0.7111644212715653,-0.7026539645658552,0.0,0.0157555730929931,0.0495531864788385,1.026546834584599,-0.409975441194734,0.9397559573304936,1.0185160928193289,0.9907535879355144,-0.8411639896421402,1.1777550832710504,-0.0377282136292905,1.141769862296529,0.0081329123687887,-0.44224123470758,1.4424707271569734,0.2362219021060367,-0.0560944800973705,564,1,-0.35988514054083304,0.2589238126527123
1129,0,-0.3270136055008128,-0.523416230884195,0.2091349144457856,-0.1473570795313919,-0.9024657082140384,-0.7111644212715653,-0.7026539645658552,0.0,0.2104453482043458,0.8948528614473485,-0.1320216408453801,0.6352098982042783,-0.0104813786226104,0.6666610716362802,0.6096145619533219,0.2804140749063715,-1.320553160313248,1.8660391188349903,1.3968731308804654,0.0081329123687887,0.4685574366511583,2.5503536397578515,0.2362219021060367,-0.0560944800973705,565,0,-0.35390849780628386,0.2547961925533167
1130,0,-0.3270136055008128,-0.523416230884195,0.2091349144457856,-0.1473570795313919,-0.9024657082140384,-0.7111644212715653,-0.7026539645658552,0.0,0.2104453482043458,0.8948528614473485,-0.1320216408453801,0.6352098982042783,-0.0104813786226104,0.6666610716362802,0.6096145619533219,0.2804140749063715,-1.320553160313248,1.8660391188349903,1.3968731308804654,0.0081329123687887,0.4685574366511583,2.5503536397578515,0.2362219021060367,-0.0560944800973705,565,1,-0.35390849780628386,0.2547961925533167
1131,0,-1.129445347695208,-0.9263904713038392,0.4054692797288723,-0.1473570795313919,-0.9024657082140384,-0.7111644212715653,-0.7026539645658552,0.0,0.4051425502545523,0.0495531864788385,-0.1320216408453801,-0.409975441194734,-0.9606703834971348,0.4907369165829235,0.6096145619533219,0.2804140749063715,1.4552695891025356,1.2314177314706196,1.5244247651724334,0.6236046719961829,0.0131581009717891,1.4424707271569734,0.2362219021060367,-0.0560944800973705,566,0,-0.4949151977860882,0.25141904883562943
1132,0,-1.129445347695208,-0.9263904713038392,0.4054692797288723,-0.1473570795313919,-0.9024657082140384,-0.7111644212715653,-0.7026539645658552,0.0,0.4051425502545523,0.0495531864788385,-0.1320216408453801,-0.409975441194734,-0.9606703834971348,0.4907369165829235,0.6096145619533219,0.2804140749063715,1.4552695891025356,1.2314177314706196,1.5244247651724334,0.6236046719961829,0.0131581009717891,1.4424707271569734,0.2362219021060367,-0.0560944800973705,566,1,-0.4949151977860882,0.25141904883562943
1133,0,-1.129445347695208,-1.329345496854114,0.4054692797288723,-0.6557616525288871,-0.9024657082140384,-0.7111644212715653,-0.7026539645658552,0.0,0.7945295274161116,1.7401525364158583,1.026546834584599,-2.5001866470999605,-2.2276696084608,0.3148060504532315,-0.1526344120765995,0.7290726830027427,-1.042953943094146,0.279582480052895,0.8867055170065484,-0.2996264461875506,0.923887288147482,0.7374564238872144,0.2362219021060367,-0.0560944800973705,567,0,-0.6102843159513827,0.24865593124843074
1134,0,-1.129445347695208,-1.329345496854114,0.4054692797288723,-0.6557616525288871,-0.9024657082140384,-0.7111644212715653,-0.7026539645658552,0.0,0.7945295274161116,1.7401525364158583,1.026546834584599,-2.5001866470999605,-2.2276696084608,0.3148060504532315,-0.1526344120765995,0.7290726830027427,-1.042953943094146,0.279582480052895,0.8867055170065484,-0.2996264461875506,0.923887288147482,0.7374564238872144,0.2362219021060367,-0.0560944800973705,567,1,-0.6102843159513827,0.24865593124843074
1135,0,-1.530680350730372,-1.329345496854114,0.3563856884081006,-1.1641662255263825,-0.9024657082140384,-0.7111644212715653,-0.642289796896626,0.0,0.9892193025274644,0.0495531864788385,1.026546834584599,-1.4550013077009485,-0.9606703834971348,-0.0370422596534817,-0.5337734380587921,-0.1681760774975834,0.9001558660519489,-0.0377282136292905,-0.0061169997432728,0.3158922709251282,-2.263699609058966,1.7446241051752127,0.1646877029590123,-0.0560944800973705,568,0,-0.7776290495475625,0.23338898065035465
1136,0,-1.530680350730372,-1.329345496854114,0.3563856884081006,-1.1641662255263825,-0.9024657082140384,-0.7111644212715653,-0.642289796896626,0.0,0.9892193025274644,0.0495531864788385,1.026546834584599,-1.4550013077009485,-0.9606703834971348,-0.0370422596534817,-0.5337734380587921,-0.1681760774975834,0.9001558660519489,-0.0377282136292905,-0.0061169997432728,0.3158922709251282,-2.263699609058966,1.7446241051752127,0.1646877029590123,-0.0560944800973705,568,1,-0.7776290495475625,0.23338898065035465
1137,0,-1.129445347695208,-1.329345496854114,0.5527106919533805,-1.6725707985238774,-0.9024657082140384,-0.7111644212715653,-0.5818795497100921,0.0,0.7945295274161116,0.0495531864788385,1.026546834584599,-1.4550013077009485,-0.9606703834971348,-0.0370422596534817,-0.1526344120765995,-0.1681760774975834,0.0673582143946439,-0.0377282136292905,-0.7713878822011261,1.239076431623577,0.923887288147482,2.248207945819212,0.3077547368516965,-0.0063288228850493,569,0,-0.8415956492107708,0.2469100272324168
1138,0,-1.129445347695208,-1.329345496854114,0.5527106919533805,-1.6725707985238774,-0.9024657082140384,-0.7111644212715653,-0.5818795497100921,0.0,0.7945295274161116,0.0495531864788385,1.026546834584599,-1.4550013077009485,-0.9606703834971348,-0.0370422596534817,-0.1526344120765995,-0.1681760774975834,0.0673582143946439,-0.0377282136292905,-0.7713878822011261,1.239076431623577,0.923887288147482,2.248207945819212,0.3077547368516965,-0.0063288228850493,569,1,-0.8415956492107708,0.2469100272324168
1139,0,-0.728248608535977,-0.523416230884195,0.454552871049644,-1.1641662255263825,-0.9024657082140384,-0.7111644212715653,-0.642289796896626,0.0,0.4051425502545523,1.7401525364158583,-0.1320216408453801,-0.409975441194734,-0.0104813786226104,-0.2129731257831736,-0.5337734380587921,-0.6168346855939546,0.0673582143946439,-1.6241848524113862,-1.0264522274911068,0.0081329123687887,0.923887288147482,1.4424707271569734,0.3077547368516965,-0.0560944800973705,570,0,-0.8209870963608082,0.25797270170864944
1140,0,-0.728248608535977,-0.523416230884195,0.454552871049644,-1.1641662255263825,-0.9024657082140384,-0.7111644212715653,-0.642289796896626,0.0,0.4051425502545523,1.7401525364158583,-0.1320216408453801,-0.409975441194734,-0.0104813786226104,-0.2129731257831736,-0.5337734380587921,-0.6168346855939546,0.0673582143946439,-1.6241848524113862,-1.0264522274911068,0.0081329123687887,0.923887288147482,1.4424707271569734,0.3077547368516965,-0.0560944800973705,570,1,-0.8209870963608082,0.25797270170864944
1141,0,-0.728248608535977,-0.523416230884195,0.6508778745949239,-0.6557616525288871,-0.9024657082140384,-0.7111644212715653,-0.642289796896626,0.0,0.4051425502545523,0.0495531864788385,1.026546834584599,-0.409975441194734,0.623042399398512,-0.0370422596534817,-0.1526344120765995,0.0561532265506022,0.6225566488328472,-0.355038907311476,-1.281555496075043,0.6236046719961829,0.923887288147482,2.248207945819212,0.2362219021060367,-0.0560944800973705,571,0,-0.8041255531199298,0.25401801087181075
1142,0,-0.728248608535977,-0.523416230884195,0.6508778745949239,-0.6557616525288871,-0.9024657082140384,-0.7111644212715653,-0.642289796896626,0.0,0.4051425502545523,0.0495531864788385,1.026546834584599,-0.409975441194734,0.623042399398512,-0.0370422596534817,-0.1526344120765995,0.0561532265506022,0.6225566488328472,-0.355038907311476,-1.281555496075043,0.6236046719961829,0.923887288147482,2.248207945819212,0.2362219021060367,-0.0560944800973705,571,1,-0.8041255531199298,0.25401801087181075
1143,0,-0.728248608535977,-0.523416230884195,0.454552871049644,-0.6557616525288871,-0.9024657082140384,-0.7111644212715653,-0.7630642117523891,0.0,0.5998323253659051,1.7401525364158583,1.026546834584599,0.6352098982042783,0.623042399398512,0.3148060504532315,-0.1526344120765995,0.5047433789545571,1.4552695891025356,-0.0377282136292905,-1.281555496075043,-0.9150982058149448,-0.44224123470758,1.4424707271569734,0.2362219021060367,-0.1058591881087301,572,0,-0.7903297450137565,0.2507823547325791
1144,0,-0.728248608535977,-0.523416230884195,0.454552871049644,-0.6557616525288871,-0.9024657082140384,-0.7111644212715653,-0.7630642117523891,0.0,0.5998323253659051,1.7401525364158583,1.026546834584599,0.6352098982042783,0.623042399398512,0.3148060504532315,-0.1526344120765995,0.5047433789545571,1.4552695891025356,-0.0377282136292905,-1.281555496075043,-0.9150982058149448,-0.44224123470758,1.4424707271569734,0.2362219021060367,-0.1058591881087301,572,1,-0.7903297450137565,0.2507823547325791
1145,0,0.0742213975343513,-0.1204612053339201,0.454552871049644,-1.1641662255263825,-0.9024657082140384,1.2025024719774604,-0.7026539645658552,0.0,0.0157555730929931,0.8948528614473485,-0.1320216408453801,0.6352098982042783,0.9397559573304936,0.6666610716362802,0.6096145619533219,0.5047433789545571,-0.4877555086559428,-0.355038907311476,-0.3887329793252218,-1.2228106068859994,-1.8083002733795968,1.140317349138734,0.2362219021060367,-0.0560944800973705,573,0,-0.6331386281868279,0.24813499970957137
1146,0,0.0742213975343513,-0.1204612053339201,0.454552871049644,-1.1641662255263825,-0.9024657082140384,1.2025024719774604,-0.7026539645658552,0.0,0.0157555730929931,0.8948528614473485,-0.1320216408453801,0.6352098982042783,0.9397559573304936,0.6666610716362802,0.6096145619533219,0.5047433789545571,-0.4877555086559428,-0.355038907311476,-0.3887329793252218,-1.2228106068859994,-1.8083002733795968,1.140317349138734,0.2362219021060367,-0.0560944800973705,573,1,-0.6331386281868279,0.24813499970957137
1147,0,-0.3270136055008128,-0.523416230884195,0.2091349144457856,-0.6557616525288871,-0.9024657082140384,-0.7111644212715653,-0.7026539645658552,0.0,0.4051425502545523,0.0495531864788385,1.026546834584599,0.6352098982042783,0.3062805103879508,1.1944402478726854,0.9907535879355144,0.7290726830027427,1.732868806321637,-0.355038907311476,1.0142571512985166,0.0081329123687887,-0.44224123470758,1.5431859584698533,0.1646877029590123,-0.1058591881087301,574,0,-0.5774795331530069,0.23296276393674242
1148,0,-0.3270136055008128,-0.523416230884195,0.2091349144457856,-0.6557616525288871,-0.9024657082140384,-0.7111644212715653,-0.7026539645658552,0.0,0.4051425502545523,0.0495531864788385,1.026546834584599,0.6352098982042783,0.3062805103879508,1.1944402478726854,0.9907535879355144,0.7290726830027427,1.732868806321637,-0.355038907311476,1.0142571512985166,0.0081329123687887,-0.44224123470758,1.5431859584698533,0.1646877029590123,-0.1058591881087301,574,1,-0.5774795331530069,0.23296276393674242
1149,0,-0.728248608535977,-0.9263904713038392,0.307302097087329,-0.6557616525288871,-0.9024657082140384,-0.7111644212715653,-0.642289796896626,0.0,0.4051425502545523,2.5854522113843683,-0.1320216408453801,-0.409975441194734,0.3062805103879508,1.0185160928193289,0.9907535879355144,2.2993093556476256,0.9001558660519489,1.548728425152805,1.2693214965884974,0.9313640305525224,-0.44224123470758,0.536018277181855,0.2362219021060367,-0.1058591881087301,575,0,-0.6048920923135469,0.23355533451297775
1150,0,-0.728248608535977,-0.9263904713038392,0.307302097087329,-0.6557616525288871,-0.9024657082140384,-0.7111644212715653,-0.642289796896626,0.0,0.4051425502545523,2.5854522113843683,-0.1320216408453801,-0.409975441194734,0.3062805103879508,1.0185160928193289,0.9907535879355144,2.2993093556476256,0.9001558660519489,1.548728425152805,1.2693214965884974,0.9313640305525224,-0.44224123470758,0.536018277181855,0.2362219021060367,-0.1058591881087301,575,1,-0.6048920923135469,0.23355533451297775
1151,0,-0.728248608535977,-0.523416230884195,0.307302097087329,-1.1641662255263825,-0.9024657082140384,-0.7111644212715653,-0.5818795497100921,0.0,0.4051425502545523,0.0495531864788385,1.026546834584599,-0.409975441194734,-0.0104813786226104,0.4907369165829235,0.2284900749383611,0.0561532265506022,-0.4877555086559428,0.279582480052895,1.141769862296529,0.6236046719961829,-1.352970421883273,1.4424707271569734,0.2362219021060367,-0.0560944800973705,576,0,-0.6273205498085341,0.234040164984443
1152,0,-0.728248608535977,-0.523416230884195,0.307302097087329,-1.1641662255263825,-0.9024657082140384,-0.7111644212715653,-0.5818795497100921,0.0,0.4051425502545523,0.0495531864788385,1.026546834584599,-0.409975441194734,-0.0104813786226104,0.4907369165829235,0.2284900749383611,0.0561532265506022,-0.4877555086559428,0.279582480052895,1.141769862296529,0.6236046719961829,-1.352970421883273,1.4424707271569734,0.2362219021060367,-0.0560944800973705,576,1,-0.6273205498085341,0.234040164984443
1153,0,-1.129445347695208,-0.9263904713038392,0.307302097087329,-0.6557616525288871,-0.9024657082140384,-0.7111644212715653,-0.7026539645658552,0.0,0.5998323253659051,0.8948528614473485,-0.1320216408453801,-1.4550013077009485,-0.6439568255651532,-0.0370422596534817,-0.1526344120765995,0.7290726830027427,0.3449574316137456,-0.9895634650470152,0.1214346345486952,0.0081329123687887,0.923887288147482,1.9460545678009724,0.2362219021060367,-0.0560944800973705,577,0,-0.7186159676061112,0.2344368444610964
1154,0,-1.129445347695208,-0.9263904713038392,0.307302097087329,-0.6557616525288871,-0.9024657082140384,-0.7111644212715653,-0.7026539645658552,0.0,0.5998323253659051,0.8948528614473485,-0.1320216408453801,-1.4550013077009485,-0.6439568255651532,-0.0370422596534817,-0.1526344120765995,0.7290726830027427,0.3449574316137456,-0.9895634650470152,0.1214346345486952,0.0081329123687887,0.923887288147482,1.9460545678009724,0.2362219021060367,-0.0560944800973705,577,1,-0.7186159676061112,0.2344368444610964
1155,0,-1.129445347695208,-1.329345496854114,0.307302097087329,-1.1641662255263825,-0.9024657082140384,-0.7111644212715653,-0.7026539645658552,0.0,0.7945295274161116,0.0495531864788385,-0.1320216408453801,-1.4550013077009485,-0.327194936554592,-0.2129731257831736,-0.1526344120765995,-1.514083446094281,0.0673582143946439,-1.6241848524113862,-0.0061169997432728,0.0081329123687887,0.4685574366511583,1.5431859584698533,0.1646877029590123,-0.1058591881087301,578,0,-0.7933122185314014,0.22175518236980835
1156,0,-1.129445347695208,-1.329345496854114,0.307302097087329,-1.1641662255263825,-0.9024657082140384,-0.7111644212715653,-0.7026539645658552,0.0,0.7945295274161116,0.0495531864788385,-0.1320216408453801,-1.4550013077009485,-0.327194936554592,-0.2129731257831736,-0.1526344120765995,-1.514083446094281,0.0673582143946439,-1.6241848524113862,-0.0061169997432728,0.0081329123687887,0.4685574366511583,1.5431859584698533,0.1646877029590123,-0.1058591881087301,578,1,-0.7933122185314014,0.22175518236980835
1157,0,-1.129445347695208,-0.9263904713038392,0.454552871049644,-0.6557616525288871,-0.9024657082140384,1.2025024719774604,-0.7026539645658552,0.0,0.5998323253659051,0.0495531864788385,-0.1320216408453801,-0.409975441194734,-0.9606703834971348,-0.3888972808365303,-0.5337734380587921,-1.2897541420460952,0.0673582143946439,-0.9895634650470152,-0.8989005931991387,0.9313640305525224,0.0131581009717891,2.1474850304267323,0.1646877029590123,-0.1058591881087301,579,0,-0.8544273329248206,0.21137927702239087
1158,0,-1.129445347695208,-0.9263904713038392,0.454552871049644,-0.6557616525288871,-0.9024657082140384,1.2025024719774604,-0.7026539645658552,0.0,0.5998323253659051,0.0495531864788385,-0.1320216408453801,-0.409975441194734,-0.9606703834971348,-0.3888972808365303,-0.5337734380587921,-1.2897541420460952,0.0673582143946439,-0.9895634650470152,-0.8989005931991387,0.9313640305525224,0.0131581009717891,2.1474850304267323,0.1646877029590123,-0.1058591881087301,579,1,-0.8544273329248206,0.21137927702239087
1159,0,-0.728248608535977,-0.9263904713038392,0.454552871049644,-0.6557616525288871,-0.9024657082140384,1.2025024719774604,-0.7026539645658552,0.0,0.5998323253659051,1.7401525364158583,1.026546834584599,-0.409975441194734,-0.9606703834971348,0.3148060504532315,-0.1526344120765995,-0.392505381545769,0.9001558660519489,-0.355038907311476,-1.281555496075043,-0.2996264461875506,-1.352970421883273,1.4424707271569734,0.0931535038119879,-0.1058591881087301,580,0,-0.8314857466723036,0.18988368189322669
1160,0,-0.728248608535977,-0.9263904713038392,0.454552871049644,-0.6557616525288871,-0.9024657082140384,1.2025024719774604,-0.7026539645658552,0.0,0.5998323253659051,1.7401525364158583,1.026546834584599,-0.409975441194734,-0.9606703834971348,0.3148060504532315,-0.1526344120765995,-0.392505381545769,0.9001558660519489,-0.355038907311476,-1.281555496075043,-0.2996264461875506,-1.352970421883273,1.4424707271569734,0.0931535038119879,-0.1058591881087301,580,1,-0.8314857466723036,0.18988368189322669
1161,0,-0.728248608535977,-0.9263904713038392,0.5036364623704156,-1.1641662255263825,-0.9024657082140384,-0.7111644212715653,-0.642289796896626,0.0,0.7945295274161116,0.0495531864788385,-0.1320216408453801,0.6352098982042783,0.3062805103879508,0.6666610716362802,0.6096145619533219,0.0561532265506022,1.4552695891025356,-0.0377282136292905,-1.0264522274911068,1.5468357901799163,-1.8083002733795968,1.3417554958440934,0.1646877029590123,-0.1058591881087301,581,0,-0.8127153579202442,0.1853025948142786
1162,0,-0.728248608535977,-0.9263904713038392,0.5036364623704156,-1.1641662255263825,-0.9024657082140384,-0.7111644212715653,-0.642289796896626,0.0,0.7945295274161116,0.0495531864788385,-0.1320216408453801,0.6352098982042783,0.3062805103879508,0.6666610716362802,0.6096145619533219,0.0561532265506022,1.4552695891025356,-0.0377282136292905,-1.0264522274911068,1.5468357901799163,-1.8083002733795968,1.3417554958440934,0.1646877029590123,-0.1058591881087301,581,1,-0.8127153579202442,0.1853025948142786
1163,0,-0.3270136055008128,-0.1204612053339201,0.4054692797288723,-0.6557616525288871,-0.9024657082140384,-0.7111644212715653,-0.5818795497100921,0.0,0.0157555730929931,0.0495531864788385,1.026546834584599,0.6352098982042783,0.623042399398512,0.6666610716362802,0.6096145619533219,0.0561532265506022,-0.2101562914368412,2.50056367657053,-0.7713878822011261,0.6236046719961829,0.923887288147482,1.5431859584698533,0.1646877029590123,-0.1058591881087301,582,0,-0.7244059483894385,0.18155443265877563
1164,0,-0.3270136055008128,-0.1204612053339201,0.4054692797288723,-0.6557616525288871,-0.9024657082140384,-0.7111644212715653,-0.5818795497100921,0.0,0.0157555730929931,0.0495531864788385,1.026546834584599,0.6352098982042783,0.623042399398512,0.6666610716362802,0.6096145619533219,0.0561532265506022,-0.2101562914368412,2.50056367657053,-0.7713878822011261,0.6236046719961829,0.923887288147482,1.5431859584698533,0.1646877029590123,-0.1058591881087301,582,1,-0.7244059483894385,0.18155443265877563
1165,0,0.0742213975343513,0.2825130350857242,0.4054692797288723,0.3610474934661032,-0.9024657082140384,-0.7111644212715653,-0.642289796896626,0.0,0.0157555730929931,0.8948528614473485,-0.1320216408453801,0.6352098982042783,0.9397559573304936,0.8425919377659722,0.6096145619533219,-1.514083446094281,-0.7653547258750445,-1.3068741587292003,0.1214346345486952,-0.2996264461875506,1.3792866238268513,0.8381716552000944,0.0931535038119879,-0.1058591881087301,583,0,-0.5792009764032949,0.1654815365048142
1166,0,0.0742213975343513,0.2825130350857242,0.4054692797288723,0.3610474934661032,-0.9024657082140384,-0.7111644212715653,-0.642289796896626,0.0,0.0157555730929931,0.8948528614473485,-0.1320216408453801,0.6352098982042783,0.9397559573304936,0.8425919377659722,0.6096145619533219,-1.514083446094281,-0.7653547258750445,-1.3068741587292003,0.1214346345486952,-0.2996264461875506,1.3792866238268513,0.8381716552000944,0.0931535038119879,-0.1058591881087301,583,1,-0.5792009764032949,0.1654815365048142
1167,0,-0.3270136055008128,-0.1204612053339201,0.307302097087329,0.3610474934661032,-0.9024657082140384,-0.7111644212715653,-0.7026539645658552,0.0,0.2104453482043458,-0.7957303657393812,1.026546834584599,-0.409975441194734,0.623042399398512,0.8425919377659722,0.9907535879355144,-0.392505381545769,-1.320553160313248,0.279582480052895,0.8867055170065484,-1.2228106068859994,-0.44224123470758,1.5431859584698533,0.0931535038119879,-0.1058591881087301,584,0,-0.5333487271482982,0.1523309851061185
1168,0,-0.3270136055008128,-0.1204612053339201,0.307302097087329,0.3610474934661032,-0.9024657082140384,-0.7111644212715653,-0.7026539645658552,0.0,0.2104453482043458,-0.7957303657393812,1.026546834584599,-0.409975441194734,0.623042399398512,0.8425919377659722,0.9907535879355144,-0.392505381545769,-1.320553160313248,0.279582480052895,0.8867055170065484,-1.2228106068859994,-0.44224123470758,1.5431859584698533,0.0931535038119879,-0.1058591881087301,584,1,-0.5333487271482982,0.1523309851061185
1169,0,-0.728248608535977,-0.523416230884195,0.3563856884081006,-0.6557616525288871,-0.9024657082140384,-0.7111644212715653,-0.7630642117523891,0.0,0.4051425502545523,1.7401525364158583,1.026546834584599,-0.409975441194734,-0.327194936554592,0.6666610716362802,0.2284900749383611,0.9534019870509284,0.6225566488328472,-0.0377282136292905,1.0142571512985166,-0.9150982058149448,0.0131581009717891,1.9460545678009724,0.2362219021060367,-0.0560944800973705,585,0,-0.5687850692187852,0.16758387910610362
1170,0,-0.728248608535977,-0.523416230884195,0.3563856884081006,-0.6557616525288871,-0.9024657082140384,-0.7111644212715653,-0.7630642117523891,0.0,0.4051425502545523,1.7401525364158583,1.026546834584599,-0.409975441194734,-0.327194936554592,0.6666610716362802,0.2284900749383611,0.9534019870509284,0.6225566488328472,-0.0377282136292905,1.0142571512985166,-0.9150982058149448,0.0131581009717891,1.9460545678009724,0.2362219021060367,-0.0560944800973705,585,1,-0.5687850692187852,0.16758387910610362
1171,0,-0.728248608535977,-0.9263904713038392,0.3563856884081006,-1.1641662255263825,-0.9024657082140384,-0.7111644212715653,-0.7026539645658552,0.0,0.4051425502545523,0.8948528614473485,1.026546834584599,-0.409975441194734,-0.9606703834971348,0.6666610716362802,0.6096145619533219,0.2804140749063715,-0.2101562914368412,-0.355038907311476,0.7591538827145803,0.3158922709251282,0.4685574366511583,1.5431859584698533,0.1646877029590123,-0.1058591881087301,586,0,-0.5977784400037292,0.16705730162481428
1172,0,-0.728248608535977,-0.9263904713038392,0.3563856884081006,-1.1641662255263825,-0.9024657082140384,-0.7111644212715653,-0.7026539645658552,0.0,0.4051425502545523,0.8948528614473485,1.026546834584599,-0.409975441194734,-0.9606703834971348,0.6666610716362802,0.6096145619533219,0.2804140749063715,-0.2101562914368412,-0.355038907311476,0.7591538827145803,0.3158922709251282,0.4685574366511583,1.5431859584698533,0.1646877029590123,-0.1058591881087301,586,1,-0.5977784400037292,0.16705730162481428
1173,0,-1.129445347695208,-1.329345496854114,0.3563856884081006,-0.6557616525288871,-0.9024657082140384,-0.7111644212715653,-0.7026539645658552,0.0,0.9892193025274644,0.0495531864788385,1.026546834584599,-1.4550013077009485,-1.277432272507696,0.3148060504532315,-0.1526344120765995,1.8506507475512544,0.3449574316137456,1.548728425152805,0.3765379031326314,0.0081329123687887,0.4685574366511583,0.8381716552000944,0.1646877029590123,-0.1058591881087301,587,0,-0.6944451504930889,0.16662646550375937
1174,0,-1.129445347695208,-1.329345496854114,0.3563856884081006,-0.6557616525288871,-0.9024657082140384,-0.7111644212715653,-0.7026539645658552,0.0,0.9892193025274644,0.0495531864788385,1.026546834584599,-1.4550013077009485,-1.277432272507696,0.3148060504532315,-0.1526344120765995,1.8506507475512544,0.3449574316137456,1.548728425152805,0.3765379031326314,0.0081329123687887,0.4685574366511583,0.8381716552000944,0.1646877029590123,-0.1058591881087301,587,1,-0.6944451504930889,0.16662646550375937
1175,0,-1.129445347695208,-1.329345496854114,0.307302097087329,-1.1641662255263825,-0.9024657082140384,-0.7111644212715653,-0.5818795497100921,0.0,0.7945295274161116,0.0495531864788385,-0.1320216408453801,-1.4550013077009485,-0.6439568255651532,-0.0370422596534817,-0.1526344120765995,0.0561532265506022,1.4552695891025356,-0.0377282136292905,-0.2611813450332536,0.0081329123687887,0.923887288147482,1.5431859584698533,0.2362219021060367,-0.0560944800973705,588,0,-0.7735360954389288,0.17928018124962797
1176,0,-1.129445347695208,-1.329345496854114,0.307302097087329,-1.1641662255263825,-0.9024657082140384,-0.7111644212715653,-0.5818795497100921,0.0,0.7945295274161116,0.0495531864788385,-0.1320216408453801,-1.4550013077009485,-0.6439568255651532,-0.0370422596534817,-0.1526344120765995,0.0561532265506022,1.4552695891025356,-0.0377282136292905,-0.2611813450332536,0.0081329123687887,0.923887288147482,1.5431859584698533,0.2362219021060367,-0.0560944800973705,588,1,-0.7735360954389288,0.17928018124962797
1177,0,-0.728248608535977,-0.9263904713038392,0.4054692797288723,-1.6725707985238774,-0.9024657082140384,-0.7111644212715653,-0.642289796896626,0.0,0.4051425502545523,0.0495531864788385,-0.1320216408453801,-0.409975441194734,-0.0104813786226104,0.1388818953998749,0.2284900749383611,-2.411332206594607,1.732868806321637,-0.0377282136292905,-0.8989005931991387,-0.2996264461875506,-1.8083002733795968,0.7374564238872144,0.1646877029590123,-0.1058591881087301,589,0,-0.7653020069111193,0.17662700337860693
1178,0,-0.728248608535977,-0.9263904713038392,0.4054692797288723,-1.6725707985238774,-0.9024657082140384,-0.7111644212715653,-0.642289796896626,0.0,0.4051425502545523,0.0495531864788385,-0.1320216408453801,-0.409975441194734,-0.0104813786226104,0.1388818953998749,0.2284900749383611,-2.411332206594607,1.732868806321637,-0.0377282136292905,-0.8989005931991387,-0.2996264461875506,-1.8083002733795968,0.7374564238872144,0.1646877029590123,-0.1058591881087301,589,1,-0.7653020069111193,0.17662700337860693
1179,0,-0.728248608535977,-0.523416230884195,0.5527106919533805,-1.1641662255263825,-0.9024657082140384,-0.7111644212715653,-0.7026539645658552,0.0,0.4051425502545523,0.0495531864788385,-0.1320216408453801,-0.409975441194734,0.9397559573304936,0.1388818953998749,-0.1526344120765995,1.626321443503069,1.732868806321637,0.5968931737350806,-1.664171475656992,-1.2228106068859994,1.3792866238268513,1.4424707271569734,0.1646877029590123,-0.1058591881087301,590,0,-0.7585650253883661,0.17445622148413517
1180,0,-0.728248608535977,-0.523416230884195,0.5527106919533805,-1.1641662255263825,-0.9024657082140384,-0.7111644212715653,-0.7026539645658552,0.0,0.4051425502545523,0.0495531864788385,-0.1320216408453801,-0.409975441194734,0.9397559573304936,0.1388818953998749,-0.1526344120765995,1.626321443503069,1.732868806321637,0.5968931737350806,-1.664171475656992,-1.2228106068859994,1.3792866238268513,1.4424707271569734,0.1646877029590123,-0.1058591881087301,590,1,-0.7585650253883661,0.17445622148413517
1181,0,-0.728248608535977,-0.523416230884195,0.6017942832741522,-0.6557616525288871,-0.9024657082140384,-0.7111644212715653,-0.7026539645658552,0.0,0.4051425502545523,0.0495531864788385,-0.1320216408453801,0.6352098982042783,0.3062805103879508,0.3148060504532315,0.2284900749383611,1.626321443503069,0.9001558660519489,0.5968931737350806,-1.0264522274911068,0.3158922709251282,0.4685574366511583,0.636733508494735,0.1646877029590123,-0.1058591881087301,591,0,-0.7530529495970226,0.1726801272068401
1182,0,-0.728248608535977,-0.523416230884195,0.6017942832741522,-0.6557616525288871,-0.9024657082140384,-0.7111644212715653,-0.7026539645658552,0.0,0.4051425502545523,0.0495531864788385,-0.1320216408453801,0.6352098982042783,0.3062805103879508,0.3148060504532315,0.2284900749383611,1.626321443503069,0.9001558660519489,0.5968931737350806,-1.0264522274911068,0.3158922709251282,0.4685574366511583,0.636733508494735,0.1646877029590123,-0.1058591881087301,591,1,-0.7530529495970226,0.1726801272068401
1183,0,0.0742213975343513,-0.1204612053339201,0.3563856884081006,-1.1641662255263825,-0.9024657082140384,-0.7111644212715653,-0.7026539645658552,0.0,0.0157555730929931,3.4307518863528785,1.026546834584599,0.6352098982042783,0.9397559573304936,0.6666610716362802,0.2284900749383611,-0.1681760774975834,0.0673582143946439,1.8660391188349903,-0.3887329793252218,-0.2996264461875506,0.0131581009717891,1.5431859584698533,0.1646877029590123,-0.1058591881087301,592,0,-0.6026394319367728,0.1712269591617805
1184,0,0.0742213975343513,-0.1204612053339201,0.3563856884081006,-1.1641662255263825,-0.9024657082140384,-0.7111644212715653,-0.7026539645658552,0.0,0.0157555730929931,3.4307518863528785,1.026546834584599,0.6352098982042783,0.9397559573304936,0.6666610716362802,0.2284900749383611,-0.1681760774975834,0.0673582143946439,1.8660391188349903,-0.3887329793252218,-0.2996264461875506,0.0131581009717891,1.5431859584698533,0.1646877029590123,-0.1058591881087301,592,1,-0.6026394319367728,0.1712269591617805
1185,0,-0.3270136055008128,-0.1204612053339201,0.307302097087329,-0.6557616525288871,-0.9024657082140384,-0.7111644212715653,-0.7026539645658552,0.0,0.4051425502545523,0.0495531864788385,-0.1320216408453801,0.6352098982042783,-0.0104813786226104,1.0185160928193289,0.9907535879355144,0.7290726830027427,0.0673582143946439,-0.0377282136292905,0.6316022484226123,0.3158922709251282,0.4685574366511583,1.9460545678009724,0.1646877029590123,-0.1556248453210512,593,0,-0.5525256453120528,0.1700380034885499
1186,0,-0.3270136055008128,-0.1204612053339201,0.307302097087329,-0.6557616525288871,-0.9024657082140384,-0.7111644212715653,-0.7026539645658552,0.0,0.4051425502545523,0.0495531864788385,-0.1320216408453801,0.6352098982042783,-0.0104813786226104,1.0185160928193289,0.9907535879355144,0.7290726830027427,0.0673582143946439,-0.0377282136292905,0.6316022484226123,0.3158922709251282,0.4685574366511583,1.9460545678009724,0.1646877029590123,-0.1556248453210512,593,1,-0.5525256453120528,0.1700380034885499
1187,0,-0.3270136055008128,-0.523416230884195,0.307302097087329,-0.6557616525288871,-0.9024657082140384,-0.7111644212715653,-0.642289796896626,0.0,0.4051425502545523,1.7401525364158583,1.026546834584599,-0.409975441194734,0.9397559573304936,1.370371114002377,1.371878074950475,0.2804140749063715,-0.4877555086559428,0.279582480052895,1.2693214965884974,-0.9150982058149448,-1.352970421883273,1.5431859584698533,0.0931535038119879,-0.1556248453210512,594,0,-0.5115234562554637,0.15605900354735677
1188,0,-0.3270136055008128,-0.523416230884195,0.307302097087329,-0.6557616525288871,-0.9024657082140384,-0.7111644212715653,-0.642289796896626,0.0,0.4051425502545523,1.7401525364158583,1.026546834584599,-0.409975441194734,0.9397559573304936,1.370371114002377,1.371878074950475,0.2804140749063715,-0.4877555086559428,0.279582480052895,1.2693214965884974,-0.9150982058149448,-1.352970421883273,1.5431859584698533,0.0931535038119879,-0.1556248453210512,594,1,-0.5115234562554637,0.15605900354735677
1189,0,-0.728248608535977,-0.523416230884195,0.2582185057665573,-1.1641662255263825,-0.9024657082140384,-0.7111644212715653,-0.5214693025235582,0.0,0.2104453482043458,-0.7957303657393812,1.026546834584599,0.6352098982042783,0.3062805103879508,0.8425919377659722,0.9907535879355144,-0.8411639896421402,-1.598067666144733,-0.6723496009936615,1.3968731308804654,-0.2996264461875506,0.4685574366511583,0.636733508494735,0.0216193046649635,-0.1556248453210512,595,0,-0.5509280293973752,0.13161542193237616
1190,0,-0.728248608535977,-0.9263904713038392,0.4054692797288723,-0.6557616525288871,-0.9024657082140384,-0.7111644212715653,-0.7630642117523891,0.0,0.4051425502545523,-0.7957303657393812,1.026546834584599,-1.4550013077009485,-0.6439568255651532,0.3148060504532315,0.2284900749383611,-1.0654248379979097,0.3449574316137456,1.8660391188349903,1.2693214965884974,-1.5305699654423388,0.923887288147482,1.2410402645312135,0.0216193046649635,-0.1556248453210512,596,0,-0.5831681346953028,0.11161612788375568
1191,0,-0.728248608535977,-0.523416230884195,0.2582185057665573,-1.1641662255263825,-0.9024657082140384,-0.7111644212715653,-0.5214693025235582,0.0,0.2104453482043458,-0.7957303657393812,1.026546834584599,0.6352098982042783,0.3062805103879508,0.8425919377659722,0.9907535879355144,-0.8411639896421402,-1.598067666144733,-0.6723496009936615,1.3968731308804654,-0.2996264461875506,0.4685574366511583,0.636733508494735,0.0216193046649635,-0.1556248453210512,595,1,-0.5509280293973752,0.13161542193237616
1192,0,-0.728248608535977,-0.9263904713038392,0.4054692797288723,-0.6557616525288871,-0.9024657082140384,-0.7111644212715653,-0.7630642117523891,0.0,0.4051425502545523,-0.7957303657393812,1.026546834584599,-1.4550013077009485,-0.6439568255651532,0.3148060504532315,0.2284900749383611,-1.0654248379979097,0.3449574316137456,1.8660391188349903,1.2693214965884974,-1.5305699654423388,0.923887288147482,1.2410402645312135,0.0216193046649635,-0.1556248453210512,596,1,-0.5831681346953028,0.11161612788375568
1193,0,-1.129445347695208,-1.329345496854114,0.4054692797288723,-0.6557616525288871,-0.9024657082140384,-0.7111644212715653,-0.7630642117523891,0.0,0.7945295274161116,2.5854522113843683,-0.1320216408453801,-1.4550013077009485,-0.6439568255651532,0.1388818953998749,-0.1526344120765995,-0.6168346855939546,-1.598067666144733,-0.0377282136292905,0.1214346345486952,0.0081329123687887,0.923887288147482,1.039602117825854,0.0216193046649635,-0.2053905025333723,597,0,-0.6824912643316492,0.09525306911670255
1194,0,-1.129445347695208,-1.329345496854114,0.4054692797288723,-0.6557616525288871,-0.9024657082140384,-0.7111644212715653,-0.7630642117523891,0.0,0.7945295274161116,2.5854522113843683,-0.1320216408453801,-1.4550013077009485,-0.6439568255651532,0.1388818953998749,-0.1526344120765995,-0.6168346855939546,-1.598067666144733,-0.0377282136292905,0.1214346345486952,0.0081329123687887,0.923887288147482,1.039602117825854,0.0216193046649635,-0.2053905025333723,597,1,-0.6824912643316492,0.09525306911670255
1195,0,-1.129445347695208,-1.329345496854114,0.5036364623704156,-1.1641662255263825,-0.9024657082140384,-0.7111644212715653,-0.7630642117523891,0.0,0.7945295274161116,0.8948528614473485,1.026546834584599,-1.4550013077009485,-1.277432272507696,-0.2129731257831736,-0.5337734380587921,-1.0654248379979097,0.3449574316137456,-0.355038907311476,-0.5162846136171899,0.3158922709251282,0.0131581009717891,1.6439011897827331,0.1646877029590123,-0.1556248453210512,598,0,-0.7637556431250234,0.1078775479971225
1196,0,-1.129445347695208,-1.329345496854114,0.5036364623704156,-1.1641662255263825,-0.9024657082140384,-0.7111644212715653,-0.7630642117523891,0.0,0.7945295274161116,0.8948528614473485,1.026546834584599,-1.4550013077009485,-1.277432272507696,-0.2129731257831736,-0.5337734380587921,-1.0654248379979097,0.3449574316137456,-0.355038907311476,-0.5162846136171899,0.3158922709251282,0.0131581009717891,1.6439011897827331,0.1646877029590123,-0.1556248453210512,598,1,-0.7637556431250234,0.1078775479971225
1197,0,-1.129445347695208,-0.9263904713038392,0.5036364623704156,-0.6557616525288871,-0.9024657082140384,-0.7111644212715653,-0.7026539645658552,0.0,0.7945295274161116,0.8948528614473485,1.026546834584599,-0.409975441194734,-1.277432272507696,-0.0370422596534817,-0.5337734380587921,-0.392505381545769,1.1777550832710504,-1.3068741587292003,-1.0264522274911068,-0.6073388472586053,0.4685574366511583,1.3417554958440934,0.0931535038119879,-0.1556248453210512,599,0,-0.8302446803196024,0.10520044905437076
1198,0,-1.129445347695208,-0.9263904713038392,0.5036364623704156,-0.6557616525288871,-0.9024657082140384,-0.7111644212715653,-0.7026539645658552,0.0,0.7945295274161116,0.8948528614473485,1.026546834584599,-0.409975441194734,-1.277432272507696,-0.0370422596534817,-0.5337734380587921,-0.392505381545769,1.1777550832710504,-1.3068741587292003,-1.0264522274911068,-0.6073388472586053,0.4685574366511583,1.3417554958440934,0.0931535038119879,-0.1556248453210512,599,1,-0.8302446803196024,0.10520044905437076
1199,0,-0.728248608535977,-0.9263904713038392,0.6017942832741522,-1.1641662255263825,-0.9024657082140384,-0.7111644212715653,-0.7026539645658552,0.0,0.5998323253659051,0.0495531864788385,1.026546834584599,0.6352098982042783,-0.327194936554592,0.3148060504532315,-0.1526344120765995,-1.0654248379979097,2.2880672407598404,-1.3068741587292003,-1.281555496075043,0.6236046719961829,-1.8083002733795968,1.3417554958440934,0.0931535038119879,-0.1556248453210512,600,0,-0.8116999399953069,0.10301009537393752
1200,0,-0.728248608535977,-0.9263904713038392,0.6017942832741522,-1.1641662255263825,-0.9024657082140384,-0.7111644212715653,-0.7026539645658552,0.0,0.5998323253659051,0.0495531864788385,1.026546834584599,0.6352098982042783,-0.327194936554592,0.3148060504532315,-0.1526344120765995,-1.0654248379979097,2.2880672407598404,-1.3068741587292003,-1.281555496075043,0.6236046719961829,-1.8083002733795968,1.3417554958440934,0.0931535038119879,-0.1556248453210512,600,1,-0.8116999399953069,0.10301009537393752
1201,0,-0.728248608535977,-0.9263904713038392,1.1907880173856056,-0.6557616525288871,-0.9024657082140384,-0.7111644212715653,-0.7630642117523891,0.0,0.9892193025274644,0.0495531864788385,2.185115310014578,0.6352098982042783,0.3062805103879508,0.4907369165829235,0.2284900749383611,-0.1681760774975834,2.2880672407598404,-0.355038907311476,-1.0264522274911068,0.6236046719961829,-1.8083002733795968,2.4496384084449714,0.0931535038119879,-0.1556248453210512,601,0,-0.7965269706390651,0.10121798781721941
1202,0,-0.728248608535977,-0.9263904713038392,1.1907880173856056,-0.6557616525288871,-0.9024657082140384,-0.7111644212715653,-0.7630642117523891,0.0,0.9892193025274644,0.0495531864788385,2.185115310014578,0.6352098982042783,0.3062805103879508,0.4907369165829235,0.2284900749383611,-0.1681760774975834,2.2880672407598404,-0.355038907311476,-1.0264522274911068,0.6236046719961829,-1.8083002733795968,2.4496384084449714,0.0931535038119879,-0.1556248453210512,601,1,-0.7965269706390651,0.10121798781721941
1203,0,-0.728248608535977,-0.523416230884195,2.417849715191477,-0.6557616525288871,-0.9024657082140384,-0.7111644212715653,-0.944248873794686,0.0,0.9892193025274644,1.7401525364158583,2.185115310014578,0.6352098982042783,-0.0104813786226104,0.6666610716362802,0.2284900749383611,0.2804140749063715,0.6225566488328472,1.2314177314706196,-0.5162846136171899,0.9313640305525224,0.4685574366511583,1.4424707271569734,0.0931535038119879,-0.1556248453210512,602,0,-0.7841127229839581,0.09975171799808641
1204,0,-0.728248608535977,-0.523416230884195,2.417849715191477,-0.6557616525288871,-0.9024657082140384,-0.7111644212715653,-0.944248873794686,0.0,0.9892193025274644,1.7401525364158583,2.185115310014578,0.6352098982042783,-0.0104813786226104,0.6666610716362802,0.2284900749383611,0.2804140749063715,0.6225566488328472,1.2314177314706196,-0.5162846136171899,0.9313640305525224,0.4685574366511583,1.4424707271569734,0.0931535038119879,-0.1556248453210512,602,1,-0.7841127229839581,0.09975171799808641
1205,0,-1.931915353765536,-1.7323197372737589,5.608208257139181,-1.1641662255263825,-0.9024657082140384,-0.7111644212715653,-1.185843783023517,0.0,2.3520700091234947,0.8948528614473485,5.6604671908435975,-1.4550013077009485,-1.9109077194502389,0.4907369165829235,-0.9148979250737528,0.2804140749063715,0.0673582143946439,1.548728425152805,1.0142571512985166,0.6236046719961829,0.923887288147482,0.7374564238872144,0.0931535038119879,-0.1556248453210512,603,0,-0.9928041103987904,0.09855204269152304
1206,0,-1.931915353765536,-1.7323197372737589,5.608208257139181,-1.1641662255263825,-0.9024657082140384,-0.7111644212715653,-1.185843783023517,0.0,2.3520700091234947,0.8948528614473485,5.6604671908435975,-1.4550013077009485,-1.9109077194502389,0.4907369165829235,-0.9148979250737528,0.2804140749063715,0.0673582143946439,1.548728425152805,1.0142571512985166,0.6236046719961829,0.923887288147482,0.7374564238872144,0.0931535038119879,-0.1556248453210512,603,1,-0.9928041103987904,0.09855204269152304
1207,0,-4.740483847259819,-4.553062560733791,9.829303493347478,-1.6725707985238774,-0.9024657082140384,3.1161693652264866,-1.487848939438882,0.0,5.467150972538262,1.7401525364158583,10.294387547102597,-5.6355831924042,-5.711808732184076,0.1388818953998749,-3.2016884640652123,-0.8411639896421402,1.1777550832710504,-0.9895634650470152,1.7794891104624142,0.3158922709251282,0.0131581009717891,1.4424707271569734,0.0931535038119879,-0.2053905025333723,604,0,-1.6742004261917045,0.0975704901679712
1208,0,-4.740483847259819,-4.553062560733791,9.829303493347478,-1.6725707985238774,-0.9024657082140384,3.1161693652264866,-1.487848939438882,0.0,5.467150972538262,1.7401525364158583,10.294387547102597,-5.6355831924042,-5.711808732184076,0.1388818953998749,-3.2016884640652123,-0.8411639896421402,1.1777550832710504,-0.9895634650470152,1.7794891104624142,0.3158922709251282,0.0131581009717891,1.4424707271569734,0.0931535038119879,-0.2053905025333723,604,1,-1.6742004261917045,0.0975704901679712
1209,0,-7.549090604630035,-7.776798839482837,20.038456444622817,-3.706092122256563,-0.9024657082140384,6.9435031517245385,-2.8769620681080283,0.0,8.776929138003235,3.4307518863528785,16.086876378791573,-10.861190943613664,-10.462947080871016,-1.2685314782559842,-6.631852464101554,0.0561532265506022,-0.7653547258750445,0.914107037788434,1.6519763994644017,-0.2996264461875506,2.290015811002544,1.4424707271569734,0.0931535038119879,-0.2053905025333723,605,0,-2.7423622768168556,0.0967674017396106
1210,0,-7.549090604630035,-7.776798839482837,20.038456444622817,-3.706092122256563,-0.9024657082140384,6.9435031517245385,-2.8769620681080283,0.0,8.776929138003235,3.4307518863528785,16.086876378791573,-10.861190943613664,-10.462947080871016,-1.2685314782559842,-6.631852464101554,0.0561532265506022,-0.7653547258750445,0.914107037788434,1.6519763994644017,-0.2996264461875506,2.290015811002544,1.4424707271569734,0.0931535038119879,-0.2053905025333723,605,1,-2.7423622768168556,0.0967674017396106
