model,fold,threshold,PR-AUC,Recall@10%,Recall@20%,Recall@30%,F1,Recall,Precision,ROC-AUC,eval,features,family
[기준] 무작위,0,0.8792000243077452,0.06478984297424961,0.0,0.4,0.4,0.08695652173913043,0.2,0.05555555555555555,0.5596491228070175,E2 앞쪽 부품 안 (pair_pos=0),-,기준선
[기준] 샷 순서,0,560.0,0.03213283296730629,0.0,0.0,0.0,0.0,0.0,0.0,0.2245614035087719,E2 앞쪽 부품 안 (pair_pos=0),-,기준선
[기준] 무작위,1,0.9585659265929863,0.03220215813283849,0.0,0.0,0.0,0.0,0.0,0.0,0.36184210526315796,E2 앞쪽 부품 안 (pair_pos=0),-,기준선
[기준] 샷 순서,1,-173.0,0.03169480308720815,0.0,0.0,0.0,0.0,0.0,0.0,0.36403508771929827,E2 앞쪽 부품 안 (pair_pos=0),-,기준선
[기준] 무작위,2,0.012278769863585226,0.03949120255157025,0.0,0.0,0.0,0.06611570247933884,1.0,0.03418803418803419,0.4890350877192982,E2 앞쪽 부품 안 (pair_pos=0),-,기준선
[기준] 샷 순서,2,-173.0,0.0461448829583841,0.0,0.25,0.25,0.04878048780487805,0.25,0.02702702702702703,0.4429824561403509,E2 앞쪽 부품 안 (pair_pos=0),-,기준선
[기준] 무작위,3,0.8509993189188668,0.05046547621753923,0.0,0.0,0.0,0.0,0.0,0.0,0.5221238938053097,E2 앞쪽 부품 안 (pair_pos=0),-,기준선
[기준] 샷 순서,3,-173.0,0.04293766486349742,0.0,0.0,0.2,0.05714285714285714,0.2,0.03333333333333333,0.41415929203539825,E2 앞쪽 부품 안 (pair_pos=0),-,기준선
[기준] 무작위,4,0.9455499056538779,0.08596991804718992,0.2,0.2,0.2,0.0,0.0,0.0,0.479646017699115,E2 앞쪽 부품 안 (pair_pos=0),-,기준선
[기준] 샷 순서,4,-161.0,0.06171903544026307,0.0,0.4,0.4,0.09302325581395349,0.4,0.05263157894736842,0.5557522123893806,E2 앞쪽 부품 안 (pair_pos=0),-,기준선
[기준] 무작위,5,0.9530340301341389,0.11826436743344763,0.2,0.4,0.8,0.125,0.2,0.09090909090909091,0.736842105263158,E2 앞쪽 부품 안 (pair_pos=0),-,기준선
[기준] 샷 순서,5,-173.0,0.04090825516572046,0.0,0.0,0.2,0.046511627906976744,0.2,0.02631578947368421,0.4175438596491228,E2 앞쪽 부품 안 (pair_pos=0),-,기준선
[기준] 무작위,6,0.9004941481393361,0.056298830540212695,0.0,0.2,0.2,0.0,0.0,0.0,0.5451327433628319,E2 앞쪽 부품 안 (pair_pos=0),-,기준선
[기준] 샷 순서,6,-173.0,0.07229214392123204,0.0,0.4,0.6,0.16216216216216217,0.6,0.09375,0.5769911504424778,E2 앞쪽 부품 안 (pair_pos=0),-,기준선
[기준] 무작위,7,0.8142032490774872,0.041980219863506224,0.0,0.2,0.2,0.07407407407407407,0.2,0.045454545454545456,0.3433628318584071,E2 앞쪽 부품 안 (pair_pos=0),-,기준선
[기준] 샷 순서,7,-205.0,0.05485218934408345,0.0,0.0,0.6,0.11320754716981132,0.6,0.0625,0.49026548672566367,E2 앞쪽 부품 안 (pair_pos=0),-,기준선
[기준] 무작위,8,0.4256529705164621,0.1830821513002364,0.75,0.75,0.75,0.1111111111111111,1.0,0.058823529411764705,0.8596491228070174,E2 앞쪽 부품 안 (pair_pos=0),-,기준선
[기준] 샷 순서,8,-173.0,0.04332375715971408,0.0,0.25,0.25,0.05405405405405406,0.25,0.030303030303030304,0.5131578947368421,E2 앞쪽 부품 안 (pair_pos=0),-,기준선
[기준] 무작위,9,0.9137490793824371,0.06444499306074516,0.25,0.25,0.5,0.15384615384615385,0.25,0.1111111111111111,0.5087719298245614,E2 앞쪽 부품 안 (pair_pos=0),-,기준선
[기준] 샷 순서,9,80.0,0.032483756962626176,0.0,0.0,0.25,0.057692307692307696,0.75,0.03,0.3684210526315789,E2 앞쪽 부품 안 (pair_pos=0),-,기준선
[기준] 무작위,10,0.9182661676614936,0.05221686539127385,0.0,0.2,0.2,0.0,0.0,0.0,0.4789473684210526,E2 앞쪽 부품 안 (pair_pos=0),-,기준선
[기준] 샷 순서,10,-173.0,0.04539423719043386,0.0,0.2,0.2,0.043478260869565216,0.2,0.024390243902439025,0.45964912280701753,E2 앞쪽 부품 안 (pair_pos=0),-,기준선
[기준] 무작위,11,0.9915373586698022,0.03990530303030303,0.0,0.25,0.25,0.0,0.0,0.0,0.38815789473684215,E2 앞쪽 부품 안 (pair_pos=0),-,기준선
[기준] 샷 순서,11,-173.0,0.04417859925969219,0.0,0.25,0.25,0.06060606060606061,0.25,0.034482758620689655,0.4473684210526316,E2 앞쪽 부품 안 (pair_pos=0),-,기준선
[기준] 무작위,12,0.9645658749389329,0.03192133708322038,0.0,0.0,0.25,0.0,0.0,0.0,0.3223684210526316,E2 앞쪽 부품 안 (pair_pos=0),-,기준선
[기준] 샷 순서,12,-173.0,0.05056818181818182,0.0,0.25,0.5,0.09302325581395349,0.5,0.05128205128205128,0.5087719298245614,E2 앞쪽 부품 안 (pair_pos=0),-,기준선
[기준] 무작위,13,0.7212895994086724,0.0840183128837666,0.2,0.6,0.6,0.18181818181818182,0.6,0.10714285714285714,0.5893805309734513,E2 앞쪽 부품 안 (pair_pos=0),-,기준선
[기준] 샷 순서,13,343.0,0.05245371529757426,0.2,0.2,0.2,0.03773584905660377,0.2,0.020833333333333332,0.36283185840707965,E2 앞쪽 부품 안 (pair_pos=0),-,기준선
[기준] 무작위,14,0.9917861667189435,0.058197297579404235,0.2,0.2,0.2,0.0,0.0,0.0,0.5008849557522124,E2 앞쪽 부품 안 (pair_pos=0),-,기준선
[기준] 샷 순서,14,-173.0,0.06197754868198122,0.0,0.2,0.4,0.10526315789473684,0.4,0.06060606060606061,0.568141592920354,E2 앞쪽 부품 안 (pair_pos=0),-,기준선
[기준] 무작위,15,0.40880932090051647,0.05331243469174504,0.0,0.2,0.4,0.07692307692307693,0.6,0.0410958904109589,0.5263157894736842,E2 앞쪽 부품 안 (pair_pos=0),-,기준선
[기준] 샷 순서,15,-173.0,0.04292849207134922,0.0,0.0,0.2,0.08888888888888889,0.4,0.05,0.4052631578947369,E2 앞쪽 부품 안 (pair_pos=0),-,기준선
[기준] 무작위,16,0.3050629395539246,0.0587586462889861,0.0,0.5,0.5,0.05,0.5,0.02631578947368421,0.543859649122807,E2 앞쪽 부품 안 (pair_pos=0),-,기준선
[기준] 샷 순서,16,560.0,0.03503473270915131,0.0,0.25,0.25,0.0,0.0,0.0,0.3574561403508772,E2 앞쪽 부품 안 (pair_pos=0),-,기준선
[기준] 무작위,17,0.9595859846227556,0.03871960009300163,0.0,0.0,0.2,0.0,0.0,0.0,0.352212389380531,E2 앞쪽 부품 안 (pair_pos=0),-,기준선
[기준] 샷 순서,17,-173.0,0.03960759165897665,0.0,0.0,0.2,0.05,0.2,0.02857142857142857,0.3823008849557522,E2 앞쪽 부품 안 (pair_pos=0),-,기준선
[기준] 무작위,18,0.047354438019603595,0.07837669153203135,0.2,0.2,0.2,0.08333333333333333,1.0,0.043478260869565216,0.5026548672566372,E2 앞쪽 부품 안 (pair_pos=0),-,기준선
[기준] 샷 순서,18,560.0,0.03880248269754572,0.0,0.0,0.2,0.0,0.0,0.0,0.3575221238938053,E2 앞쪽 부품 안 (pair_pos=0),-,기준선
[기준] 무작위,19,0.002737685964631975,0.07338382338382338,0.0,0.0,0.5,0.06557377049180328,1.0,0.03389830508474576,0.7368421052631579,E2 앞쪽 부품 안 (pair_pos=0),-,기준선
[기준] 샷 순서,19,-173.0,0.04747294372294372,0.0,0.25,0.5,0.1,0.5,0.05555555555555555,0.5482456140350878,E2 앞쪽 부품 안 (pair_pos=0),-,기준선
[기준] 무작위,20,0.7957071238524509,0.07111280559556421,0.0,0.4,0.6,0.16,0.4,0.1,0.5456140350877193,E2 앞쪽 부품 안 (pair_pos=0),-,기준선
[기준] 샷 순서,20,-173.0,0.06123922697805636,0.0,0.2,0.4,0.0975609756097561,0.4,0.05555555555555555,0.5859649122807018,E2 앞쪽 부품 안 (pair_pos=0),-,기준선
[기준] 무작위,21,0.368899814201892,0.03205080725278539,0.0,0.0,0.0,0.047619047619047616,0.4,0.02531645569620253,0.24247787610619467,E2 앞쪽 부품 안 (pair_pos=0),-,기준선
[기준] 샷 순서,21,560.0,0.03915276659548896,0.0,0.0,0.2,0.0,0.0,0.0,0.3769911504424779,E2 앞쪽 부품 안 (pair_pos=0),-,기준선
[기준] 무작위,22,0.6694195775437248,0.043661131967715656,0.0,0.0,0.0,0.043478260869565216,0.25,0.023809523809523808,0.5438596491228069,E2 앞쪽 부품 안 (pair_pos=0),-,기준선
[기준] 샷 순서,22,-161.0,0.04852482665549816,0.0,0.0,0.25,0.05128205128205128,0.25,0.02857142857142857,0.5855263157894737,E2 앞쪽 부품 안 (pair_pos=0),-,기준선
[기준] 무작위,23,0.31359596447915217,0.05843921073424008,0.0,0.0,0.5,0.0898876404494382,1.0,0.047058823529411764,0.6644736842105264,E2 앞쪽 부품 안 (pair_pos=0),-,기준선
[기준] 샷 순서,23,-173.0,0.05409521175241257,0.0,0.25,0.5,0.10526315789473684,0.5,0.058823529411764705,0.5460526315789473,E2 앞쪽 부품 안 (pair_pos=0),-,기준선
[기준] 무작위,24,0.9696453235978854,0.04717358233451463,0.0,0.0,0.2,0.0,0.0,0.0,0.4761061946902655,E2 앞쪽 부품 안 (pair_pos=0),-,기준선
[기준] 샷 순서,24,-173.0,0.033115841033222626,0.0,0.0,0.2,0.05405405405405406,0.2,0.03125,0.2424778761061947,E2 앞쪽 부품 안 (pair_pos=0),-,기준선
[기준] 무작위,25,0.9503811110154877,0.08553636560793361,0.2,0.4,0.4,0.0,0.0,0.0,0.5333333333333334,E2 앞쪽 부품 안 (pair_pos=0),-,기준선
[기준] 샷 순서,25,-173.0,0.05828837282039252,0.2,0.2,0.4,0.11428571428571428,0.4,0.06666666666666667,0.4912280701754386,E2 앞쪽 부품 안 (pair_pos=0),-,기준선
[기준] 무작위,26,0.942471517833444,0.03418293189368771,0.0,0.0,0.0,0.0,0.0,0.0,0.4144736842105263,E2 앞쪽 부품 안 (pair_pos=0),-,기준선
[기준] 샷 순서,26,-161.0,0.03698607427055703,0.0,0.0,0.0,0.0,0.0,0.0,0.456140350877193,E2 앞쪽 부품 안 (pair_pos=0),-,기준선
[기준] 무작위,27,0.9726179815184912,0.044862793602289404,0.0,0.2,0.2,0.0,0.0,0.0,0.3893805309734514,E2 앞쪽 부품 안 (pair_pos=0),-,기준선
[기준] 샷 순서,27,-173.0,0.0591279209124764,0.0,0.2,0.2,0.08695652173913043,0.4,0.04878048780487805,0.5575221238938053,E2 앞쪽 부품 안 (pair_pos=0),-,기준선
[기준] 무작위,28,0.7449398781592954,0.11131127450980394,0.2,0.4,0.6,0.15789473684210525,0.6,0.09090909090909091,0.7256637168141593,E2 앞쪽 부품 안 (pair_pos=0),-,기준선
[기준] 샷 순서,28,-173.0,0.05020217295446654,0.0,0.2,0.4,0.10526315789473684,0.4,0.06060606060606061,0.45132743362831856,E2 앞쪽 부품 안 (pair_pos=0),-,기준선
[기준] 무작위,29,0.8835416730785641,0.03529557824332404,0.0,0.25,0.25,0.0,0.0,0.0,0.32236842105263164,E2 앞쪽 부품 안 (pair_pos=0),-,기준선
[기준] 샷 순서,29,150.0,0.08576775147259236,0.25,0.25,0.25,0.041666666666666664,0.5,0.021739130434782608,0.381578947368421,E2 앞쪽 부품 안 (pair_pos=0),-,기준선
[기준] 무작위,30,0.8723778885695705,0.04685284685284685,0.0,0.0,0.0,0.0,0.0,0.0,0.4842105263157895,E2 앞쪽 부품 안 (pair_pos=0),-,기준선
[기준] 샷 순서,30,560.0,0.03721786373412241,0.0,0.2,0.2,0.0,0.0,0.0,0.312280701754386,E2 앞쪽 부품 안 (pair_pos=0),-,기준선
[기준] 무작위,31,0.7498334658946868,0.037713657667099366,0.0,0.0,0.2,0.0,0.0,0.0,0.3592920353982301,E2 앞쪽 부품 안 (pair_pos=0),-,기준선
[기준] 샷 순서,31,-161.0,0.045938631416892285,0.0,0.0,0.2,0.0,0.0,0.0,0.4725663716814159,E2 앞쪽 부품 안 (pair_pos=0),-,기준선
[기준] 무작위,32,0.3709297913212506,0.0325716937286165,0.0,0.0,0.0,0.06666666666666667,0.75,0.03488372093023256,0.37500000000000006,E2 앞쪽 부품 안 (pair_pos=0),-,기준선
[기준] 샷 순서,32,-173.0,0.033380473840579086,0.0,0.0,0.25,0.058823529411764705,0.25,0.03333333333333333,0.3530701754385965,E2 앞쪽 부품 안 (pair_pos=0),-,기준선
[기준] 무작위,33,0.7406672619091689,0.21992822966507175,0.5,0.75,0.75,0.15384615384615385,0.75,0.08571428571428572,0.7324561403508771,E2 앞쪽 부품 안 (pair_pos=0),-,기준선
[기준] 샷 순서,33,-173.0,0.03370062857678957,0.0,0.0,0.25,0.041666666666666664,0.25,0.022727272727272728,0.36622807017543857,E2 앞쪽 부품 안 (pair_pos=0),-,기준선
[기준] 무작위,34,0.9381931156765602,0.043823525681888506,0.0,0.2,0.2,0.0,0.0,0.0,0.41061946902654867,E2 앞쪽 부품 안 (pair_pos=0),-,기준선
[기준] 샷 순서,34,560.0,0.03797661590338483,0.0,0.0,0.0,0.0,0.0,0.0,0.368141592920354,E2 앞쪽 부품 안 (pair_pos=0),-,기준선
[기준] 무작위,35,0.8329219254095476,0.26038168112773563,0.2,0.4,0.6,0.08333333333333333,0.2,0.05263157894736842,0.5894736842105264,E2 앞쪽 부품 안 (pair_pos=0),-,기준선
[기준] 샷 순서,35,-173.0,0.03705089941114786,0.0,0.0,0.0,0.0,0.0,0.0,0.3526315789473684,E2 앞쪽 부품 안 (pair_pos=0),-,기준선
[기준] 무작위,36,0.2606461400369442,0.2580330135684038,0.2,0.4,0.6,0.08602150537634409,0.8,0.045454545454545456,0.5858407079646017,E2 앞쪽 부품 안 (pair_pos=0),-,기준선
[기준] 샷 순서,36,560.0,0.04201781086386844,0.0,0.2,0.2,0.0,0.0,0.0,0.39469026548672564,E2 앞쪽 부품 안 (pair_pos=0),-,기준선
[기준] 무작위,37,0.9932259024074949,0.21166666666666667,0.5,0.5,0.75,0.0,0.0,0.0,0.8267543859649124,E2 앞쪽 부품 안 (pair_pos=0),-,기준선
[기준] 샷 순서,37,-173.0,0.06163609782030835,0.0,0.5,0.5,0.09523809523809523,0.5,0.05263157894736842,0.5614035087719298,E2 앞쪽 부품 안 (pair_pos=0),-,기준선
[기준] 무작위,38,0.993792496013201,0.09481170287147095,0.4,0.4,0.4,0.0,0.0,0.0,0.5539823008849558,E2 앞쪽 부품 안 (pair_pos=0),-,기준선
[기준] 샷 순서,38,-173.0,0.04872010401422166,0.0,0.0,0.4,0.11764705882352941,0.4,0.06896551724137931,0.4495575221238938,E2 앞쪽 부품 안 (pair_pos=0),-,기준선
[기준] 무작위,39,0.885831982411068,0.046351172047766474,0.0,0.0,0.25,0.0,0.0,0.0,0.5614035087719298,E2 앞쪽 부품 안 (pair_pos=0),-,기준선
[기준] 샷 순서,39,560.0,0.030245929837129665,0.0,0.0,0.0,0.0,0.0,0.0,0.32894736842105265,E2 앞쪽 부품 안 (pair_pos=0),-,기준선
[기준] 무작위,40,0.8881805638470583,0.06524436293019743,0.0,0.2,0.6,0.08333333333333333,0.2,0.05263157894736842,0.5631578947368422,E2 앞쪽 부품 안 (pair_pos=0),-,기준선
[기준] 샷 순서,40,-173.0,0.05069423709000299,0.0,0.2,0.4,0.1,0.4,0.05714285714285714,0.46842105263157896,E2 앞쪽 부품 안 (pair_pos=0),-,기준선
[기준] 무작위,41,0.9651177614394637,0.03609538957283318,0.0,0.0,0.0,0.0,0.0,0.0,0.4407894736842105,E2 앞쪽 부품 안 (pair_pos=0),-,기준선
[기준] 샷 순서,41,-173.0,0.04562361678993171,0.0,0.25,0.25,0.058823529411764705,0.25,0.03333333333333333,0.4342105263157895,E2 앞쪽 부품 안 (pair_pos=0),-,기준선
[기준] 무작위,42,0.9074536795749989,0.031918831183685756,0.0,0.0,0.0,0.0,0.0,0.0,0.2407079646017699,E2 앞쪽 부품 안 (pair_pos=0),-,기준선
[기준] 샷 순서,42,-173.0,0.05336158649501978,0.0,0.0,0.4,0.10810810810810811,0.4,0.0625,0.479646017699115,E2 앞쪽 부품 안 (pair_pos=0),-,기준선
[기준] 무작위,43,0.9947425187061866,0.0446520471475251,0.0,0.0,0.2,0.0,0.0,0.0,0.4460176991150443,E2 앞쪽 부품 안 (pair_pos=0),-,기준선
[기준] 샷 순서,43,476.0,0.03869312359089977,0.0,0.0,0.2,0.0,0.0,0.0,0.3787610619469027,E2 앞쪽 부품 안 (pair_pos=0),-,기준선
[기준] 무작위,44,0.9513593806997908,0.03514001738216509,0.0,0.0,0.25,0.0,0.0,0.0,0.3991228070175439,E2 앞쪽 부품 안 (pair_pos=0),-,기준선
[기준] 샷 순서,44,-173.0,0.04941520467836257,0.0,0.25,0.25,0.09090909090909091,0.5,0.05,0.5570175438596492,E2 앞쪽 부품 안 (pair_pos=0),-,기준선
[기준] 무작위,45,0.9326908398095726,0.03349421820010055,0.0,0.0,0.0,0.0,0.0,0.0,0.28771929824561404,E2 앞쪽 부품 안 (pair_pos=0),-,기준선
[기준] 샷 순서,45,-173.0,0.03696520800402414,0.0,0.0,0.2,0.045454545454545456,0.2,0.02564102564102564,0.33157894736842103,E2 앞쪽 부품 안 (pair_pos=0),-,기준선
[기준] 무작위,46,0.9510012766162219,0.04489002139140197,0.0,0.0,0.25,0.0,0.0,0.0,0.5131578947368421,E2 앞쪽 부품 안 (pair_pos=0),-,기준선
[기준] 샷 순서,46,560.0,0.029338051009877637,0.0,0.0,0.0,0.0,0.0,0.0,0.2982456140350877,E2 앞쪽 부품 안 (pair_pos=0),-,기준선
[기준] 무작위,47,0.11304885903362227,0.09075710325710326,0.25,0.25,0.25,0.07476635514018691,1.0,0.038834951456310676,0.6447368421052632,E2 앞쪽 부품 안 (pair_pos=0),-,기준선
[기준] 샷 순서,47,-173.0,0.04367018117018117,0.0,0.0,0.25,0.05555555555555555,0.25,0.03125,0.506578947368421,E2 앞쪽 부품 안 (pair_pos=0),-,기준선
[기준] 무작위,48,0.40880643499727054,0.03682206040784275,0.0,0.0,0.0,0.04938271604938271,0.4,0.02631578947368421,0.3398230088495575,E2 앞쪽 부품 안 (pair_pos=0),-,기준선
[기준] 샷 순서,48,-161.0,0.050785543934243685,0.0,0.2,0.4,0.05263157894736842,0.2,0.030303030303030304,0.4725663716814159,E2 앞쪽 부품 안 (pair_pos=0),-,기준선
[기준] 무작위,49,0.07836870654708139,0.06379705308800013,0.0,0.4,0.4,0.07079646017699115,0.8,0.037037037037037035,0.5646017699115045,E2 앞쪽 부품 안 (pair_pos=0),-,기준선
[기준] 샷 순서,49,560.0,0.040913811050409615,0.0,0.2,0.2,0.0,0.0,0.0,0.3787610619469026,E2 앞쪽 부품 안 (pair_pos=0),-,기준선
로지스틱 L2,0,0.02420382522192337,0.03329097910349925,0.0,0.0,0.0,0.08064516129032258,1.0,0.04201680672268908,0.268421052631579,E2 앞쪽 부품 안 (pair_pos=0),공정 값 23,선형
로지스틱 L2,1,0.5785265583927746,0.0634365103466227,0.25,0.25,0.25,0.05405405405405406,0.25,0.030303030303030304,0.3399122807017544,E2 앞쪽 부품 안 (pair_pos=0),공정 값 23,선형
로지스틱 L2,2,0.03329787486517174,0.027140335371725274,0.0,0.0,0.0,0.06779661016949153,1.0,0.03508771929824561,0.256578947368421,E2 앞쪽 부품 안 (pair_pos=0),공정 값 23,선형
로지스틱 L2,3,0.023515923277859167,0.06063156552779195,0.0,0.2,0.4,0.08130081300813008,1.0,0.0423728813559322,0.552212389380531,E2 앞쪽 부품 안 (pair_pos=0),공정 값 23,선형
로지스틱 L2,4,0.4660790972991395,0.052156324068088775,0.0,0.2,0.2,0.046511627906976744,0.2,0.02631578947368421,0.4672566371681416,E2 앞쪽 부품 안 (pair_pos=0),공정 값 23,선형
로지스틱 L2,5,0.038521991458588103,0.08511909855940665,0.2,0.4,0.6,0.08064516129032258,1.0,0.04201680672268908,0.6771929824561403,E2 앞쪽 부품 안 (pair_pos=0),공정 값 23,선형
로지스틱 L2,6,0.3893983935956641,0.047697161305694284,0.0,0.2,0.2,0.07017543859649122,0.4,0.038461538461538464,0.45309734513274336,E2 앞쪽 부품 안 (pair_pos=0),공정 값 23,선형
로지스틱 L2,7,0.0023320971427144084,0.03129731784209562,0.0,0.0,0.0,0.08196721311475409,1.0,0.042735042735042736,0.22300884955752212,E2 앞쪽 부품 안 (pair_pos=0),공정 값 23,선형
로지스틱 L2,8,0.013231314020296548,0.05183477841297868,0.0,0.25,0.25,0.06557377049180328,1.0,0.03389830508474576,0.5964912280701755,E2 앞쪽 부품 안 (pair_pos=0),공정 값 23,선형
로지스틱 L2,9,0.14675058731524948,0.025832222744225735,0.0,0.0,0.0,0.0425531914893617,0.5,0.022222222222222223,0.2149122807017544,E2 앞쪽 부품 안 (pair_pos=0),공정 값 23,선형
로지스틱 L2,10,0.8463142150462055,0.030013320421559662,0.0,0.0,0.0,0.0,0.0,0.0,0.20175438596491224,E2 앞쪽 부품 안 (pair_pos=0),공정 값 23,선형
로지스틱 L2,11,0.02186236109870964,0.05534511784511784,0.0,0.0,0.5,0.06611570247933884,1.0,0.03418803418803419,0.6425438596491229,E2 앞쪽 부품 안 (pair_pos=0),공정 값 23,선형
로지스틱 L2,12,0.8995069757764428,0.02785163743534772,0.0,0.0,0.0,0.0,0.0,0.0,0.26973684210526316,E2 앞쪽 부품 안 (pair_pos=0),공정 값 23,선형
로지스틱 L2,13,0.019105345286407817,0.04654716725399837,0.0,0.2,0.2,0.08130081300813008,1.0,0.0423728813559322,0.46548672566371685,E2 앞쪽 부품 안 (pair_pos=0),공정 값 23,선형
로지스틱 L2,14,0.5315765217198378,0.04507222080586695,0.0,0.2,0.4,0.08888888888888889,0.4,0.05,0.4,E2 앞쪽 부품 안 (pair_pos=0),공정 값 23,선형
로지스틱 L2,15,0.0815849880156641,0.04389034945993339,0.0,0.0,0.2,0.08196721311475409,1.0,0.042735042735042736,0.45087719298245615,E2 앞쪽 부품 안 (pair_pos=0),공정 값 23,선형
로지스틱 L2,16,0.16047622981343077,0.03804860839389605,0.0,0.0,0.25,0.06060606060606061,0.75,0.031578947368421054,0.42543859649122806,E2 앞쪽 부품 안 (pair_pos=0),공정 값 23,선형
로지스틱 L2,17,0.08862434179293582,0.06991462692424094,0.2,0.2,0.2,0.08403361344537816,1.0,0.043859649122807015,0.4814159292035398,E2 앞쪽 부품 안 (pair_pos=0),공정 값 23,선형
로지스틱 L2,18,0.018277660485364156,0.05316186849046743,0.0,0.2,0.4,0.08130081300813008,1.0,0.0423728813559322,0.4796460176991151,E2 앞쪽 부품 안 (pair_pos=0),공정 값 23,선형
로지스틱 L2,19,0.003752273221868555,0.04888550831533288,0.0,0.25,0.25,0.06611570247933884,1.0,0.03418803418803419,0.5548245614035088,E2 앞쪽 부품 안 (pair_pos=0),공정 값 23,선형
로지스틱 L2,20,0.39941007639502224,0.03487557491506592,0.0,0.0,0.0,0.03125,0.2,0.01694915254237288,0.3157894736842105,E2 앞쪽 부품 안 (pair_pos=0),공정 값 23,선형
로지스틱 L2,21,8.60192110080899e-05,0.03742474273682443,0.0,0.0,0.2,0.08130081300813008,1.0,0.0423728813559322,0.3398230088495575,E2 앞쪽 부품 안 (pair_pos=0),공정 값 23,선형
로지스틱 L2,22,0.009527645090349084,0.07378440204284295,0.0,0.5,0.5,0.06611570247933884,1.0,0.03418803418803419,0.631578947368421,E2 앞쪽 부품 안 (pair_pos=0),공정 값 23,선형
로지스틱 L2,23,0.08273622620745864,0.03628947734430106,0.0,0.25,0.25,0.07142857142857142,1.0,0.037037037037037035,0.36403508771929827,E2 앞쪽 부품 안 (pair_pos=0),공정 값 23,선형
로지스틱 L2,24,0.15469351564085088,0.029878591581595986,0.0,0.0,0.0,0.056074766355140186,0.6,0.029411764705882353,0.18584070796460178,E2 앞쪽 부품 안 (pair_pos=0),공정 값 23,선형
로지스틱 L2,25,0.41217598427942687,0.08727718910107127,0.2,0.4,0.4,0.0625,0.4,0.03389830508474576,0.4982456140350877,E2 앞쪽 부품 안 (pair_pos=0),공정 값 23,선형
로지스틱 L2,26,0.005385818293837952,0.04120780127851893,0.0,0.0,0.25,0.06611570247933884,1.0,0.03418803418803419,0.513157894736842,E2 앞쪽 부품 안 (pair_pos=0),공정 값 23,선형
로지스틱 L2,27,0.001149148912748511,0.04896649464383455,0.0,0.2,0.4,0.08130081300813008,1.0,0.0423728813559322,0.431858407079646,E2 앞쪽 부품 안 (pair_pos=0),공정 값 23,선형
로지스틱 L2,28,0.8777916146020713,0.045948634050043624,0.0,0.0,0.2,0.0,0.0,0.0,0.4796460176991151,E2 앞쪽 부품 안 (pair_pos=0),공정 값 23,선형
로지스틱 L2,29,0.00022943710347693392,0.03485130576615674,0.0,0.0,0.0,0.06557377049180328,1.0,0.03389830508474576,0.41885964912280704,E2 앞쪽 부품 안 (pair_pos=0),공정 값 23,선형
로지스틱 L2,30,0.7783228542225182,0.05027892241063105,0.2,0.2,0.2,0.0,0.0,0.0,0.3719298245614035,E2 앞쪽 부품 안 (pair_pos=0),공정 값 23,선형
로지스틱 L2,31,0.02265581808328254,0.05432279689379771,0.0,0.2,0.4,0.08196721311475409,1.0,0.042735042735042736,0.4690265486725664,E2 앞쪽 부품 안 (pair_pos=0),공정 값 23,선형
로지스틱 L2,32,0.9733948479469905,0.03452973106505715,0.0,0.0,0.0,0.0,0.0,0.0,0.3881578947368421,E2 앞쪽 부품 안 (pair_pos=0),공정 값 23,선형
로지스틱 L2,33,0.03169769972529557,0.04580253393612671,0.0,0.25,0.25,0.06666666666666667,1.0,0.034482758620689655,0.5416666666666666,E2 앞쪽 부품 안 (pair_pos=0),공정 값 23,선형
로지스틱 L2,34,0.014341770702309551,0.04874590158816464,0.2,0.2,0.2,0.08130081300813008,1.0,0.0423728813559322,0.39823008849557523,E2 앞쪽 부품 안 (pair_pos=0),공정 값 23,선형
로지스틱 L2,35,0.008021552906952717,0.08219783856418257,0.0,0.4,0.6,0.08130081300813008,1.0,0.0423728813559322,0.6754385964912281,E2 앞쪽 부품 안 (pair_pos=0),공정 값 23,선형
로지스틱 L2,36,0.05201576925997522,0.03979202053443234,0.0,0.2,0.2,0.05454545454545454,0.6,0.02857142857142857,0.3398230088495575,E2 앞쪽 부품 안 (pair_pos=0),공정 값 23,선형
로지스틱 L2,37,0.01084542315328535,0.026906107642491787,0.0,0.0,0.0,0.06611570247933884,1.0,0.03418803418803419,0.24342105263157895,E2 앞쪽 부품 안 (pair_pos=0),공정 값 23,선형
로지스틱 L2,38,0.006902790898624081,0.036440843125738996,0.0,0.0,0.0,0.08130081300813008,1.0,0.0423728813559322,0.32035398230088497,E2 앞쪽 부품 안 (pair_pos=0),공정 값 23,선형
로지스틱 L2,39,0.03022152175246821,0.0346161564040821,0.0,0.0,0.0,0.06557377049180328,1.0,0.03389830508474576,0.412280701754386,E2 앞쪽 부품 안 (pair_pos=0),공정 값 23,선형
로지스틱 L2,40,0.007681424439368296,0.03503345311707512,0.0,0.0,0.2,0.08130081300813008,1.0,0.0423728813559322,0.30877192982456136,E2 앞쪽 부품 안 (pair_pos=0),공정 값 23,선형
로지스틱 L2,41,0.00573480481483516,0.03864609388906064,0.0,0.25,0.25,0.06611570247933884,1.0,0.03418803418803419,0.412280701754386,E2 앞쪽 부품 안 (pair_pos=0),공정 값 23,선형
로지스틱 L2,42,0.021688939278949458,0.038945697939146415,0.0,0.0,0.2,0.08264462809917356,1.0,0.04310344827586207,0.368141592920354,E2 앞쪽 부품 안 (pair_pos=0),공정 값 23,선형
로지스틱 L2,43,0.658894480772828,0.04809708760724879,0.0,0.2,0.2,0.0,0.0,0.0,0.4814159292035398,E2 앞쪽 부품 안 (pair_pos=0),공정 값 23,선형
로지스틱 L2,44,0.02642947787964137,0.028869920402178464,0.0,0.0,0.0,0.06557377049180328,1.0,0.03389830508474576,0.29824561403508776,E2 앞쪽 부품 안 (pair_pos=0),공정 값 23,선형
로지스틱 L2,45,0.022548985933460414,0.04751791095791302,0.0,0.2,0.2,0.08064516129032258,1.0,0.04201680672268908,0.4771929824561404,E2 앞쪽 부품 안 (pair_pos=0),공정 값 23,선형
로지스틱 L2,46,0.11108718170083959,0.03650186844649364,0.0,0.25,0.25,0.0380952380952381,0.5,0.019801980198019802,0.3157894736842105,E2 앞쪽 부품 안 (pair_pos=0),공정 값 23,선형
로지스틱 L2,47,0.5818738973637526,0.02806243905439542,0.0,0.0,0.0,0.0,0.0,0.0,0.27850877192982454,E2 앞쪽 부품 안 (pair_pos=0),공정 값 23,선형
로지스틱 L2,48,3.720306269445051e-05,0.036569076452842436,0.0,0.0,0.0,0.08130081300813008,1.0,0.0423728813559322,0.3380530973451328,E2 앞쪽 부품 안 (pair_pos=0),공정 값 23,선형
로지스틱 L2,49,0.13085384889779753,0.04711713407365581,0.0,0.2,0.2,0.07272727272727272,0.8,0.0380952380952381,0.45840707964601773,E2 앞쪽 부품 안 (pair_pos=0),공정 값 23,선형
랜덤포레스트,0,0.4802460742678295,0.03149520237980498,0.0,0.0,0.0,0.0,0.0,0.0,0.2385964912280702,E2 앞쪽 부품 안 (pair_pos=0),공정 값 23,트리
랜덤포레스트,1,0.35942030028448063,0.03420970510220003,0.0,0.0,0.25,0.0,0.0,0.0,0.38815789473684215,E2 앞쪽 부품 안 (pair_pos=0),공정 값 23,트리
랜덤포레스트,2,0.20408688979688164,0.09738103488103488,0.5,0.5,0.5,0.10526315789473684,0.5,0.058823529411764705,0.6995614035087719,E2 앞쪽 부품 안 (pair_pos=0),공정 값 23,트리
랜덤포레스트,3,0.2289749777847231,0.059144152033090966,0.0,0.2,0.4,0.07407407407407407,0.2,0.045454545454545456,0.5079646017699115,E2 앞쪽 부품 안 (pair_pos=0),공정 값 23,트리
랜덤포레스트,4,0.4453440893275305,0.07294278548997414,0.0,0.4,0.4,0.0,0.0,0.0,0.6389380530973452,E2 앞쪽 부품 안 (pair_pos=0),공정 값 23,트리
랜덤포레스트,5,0.2569574194436162,0.06901676222328396,0.0,0.4,0.6,0.14285714285714285,0.4,0.08695652173913043,0.5947368421052631,E2 앞쪽 부품 안 (pair_pos=0),공정 값 23,트리
랜덤포레스트,6,0.264771828043808,0.13311434816951084,0.2,0.2,0.2,0.07407407407407407,0.2,0.045454545454545456,0.41592920353982304,E2 앞쪽 부품 안 (pair_pos=0),공정 값 23,트리
랜덤포레스트,7,0.028827633678273276,0.044309523737933065,0.0,0.2,0.2,0.0847457627118644,1.0,0.04424778761061947,0.3893805309734513,E2 앞쪽 부품 안 (pair_pos=0),공정 값 23,트리
랜덤포레스트,8,0.5152851123060681,0.061619686188651705,0.0,0.0,0.75,0.0,0.0,0.0,0.6798245614035088,E2 앞쪽 부품 안 (pair_pos=0),공정 값 23,트리
랜덤포레스트,9,0.3281299039166607,0.047105815147052255,0.0,0.25,0.5,0.0,0.0,0.0,0.5021929824561404,E2 앞쪽 부품 안 (pair_pos=0),공정 값 23,트리
랜덤포레스트,10,0.21392559569237132,0.03685682777218498,0.0,0.0,0.0,0.0,0.0,0.0,0.3473684210526316,E2 앞쪽 부품 안 (pair_pos=0),공정 값 23,트리
랜덤포레스트,11,0.26742706881727396,0.056168640924738486,0.25,0.25,0.25,0.06666666666666667,0.25,0.038461538461538464,0.5570175438596491,E2 앞쪽 부품 안 (pair_pos=0),공정 값 23,트리
랜덤포레스트,12,0.23987511223809937,0.07429110105580694,0.25,0.25,0.25,0.07407407407407407,0.25,0.043478260869565216,0.5614035087719298,E2 앞쪽 부품 안 (pair_pos=0),공정 값 23,트리
랜덤포레스트,13,0.004930555555555555,0.20093693540502056,0.4,0.8,0.8,0.08130081300813008,1.0,0.0423728813559322,0.8672566371681416,E2 앞쪽 부품 안 (pair_pos=0),공정 값 23,트리
랜덤포레스트,14,0.2465256691663054,0.05472196893002195,0.0,0.2,0.2,0.0,0.0,0.0,0.5486725663716814,E2 앞쪽 부품 안 (pair_pos=0),공정 값 23,트리
랜덤포레스트,15,0.34928391320044827,0.06460055759654806,0.0,0.2,0.4,0.0,0.0,0.0,0.6245614035087719,E2 앞쪽 부품 안 (pair_pos=0),공정 값 23,트리
랜덤포레스트,16,0.11925028556397363,0.03532182103610675,0.0,0.0,0.0,0.05194805194805195,0.5,0.0273972602739726,0.4298245614035088,E2 앞쪽 부품 안 (pair_pos=0),공정 값 23,트리
랜덤포레스트,17,0.02792705478502692,0.10904035688349414,0.2,0.4,0.6,0.08849557522123894,1.0,0.046296296296296294,0.7061946902654868,E2 앞쪽 부품 안 (pair_pos=0),공정 값 23,트리
랜덤포레스트,18,0.02741363443917623,0.10978809720745204,0.2,0.2,0.6,0.08695652173913043,1.0,0.045454545454545456,0.6371681415929203,E2 앞쪽 부품 안 (pair_pos=0),공정 값 23,트리
랜덤포레스트,19,0.3735509810888811,0.03674323361823362,0.0,0.0,0.25,0.0,0.0,0.0,0.4342105263157895,E2 앞쪽 부품 안 (pair_pos=0),공정 값 23,트리
랜덤포레스트,20,0.14940185374832957,0.042770876654461346,0.0,0.0,0.2,0.057971014492753624,0.4,0.03125,0.4298245614035088,E2 앞쪽 부품 안 (pair_pos=0),공정 값 23,트리
랜덤포레스트,21,0.03688072968520539,0.05013347763347763,0.0,0.0,0.4,0.08849557522123894,1.0,0.046296296296296294,0.5026548672566372,E2 앞쪽 부품 안 (pair_pos=0),공정 값 23,트리
랜덤포레스트,22,0.0672664639307189,0.08298059964726631,0.25,0.5,0.5,0.08421052631578947,1.0,0.04395604395604396,0.6885964912280702,E2 앞쪽 부품 안 (pair_pos=0),공정 값 23,트리
랜덤포레스트,23,0.1751344301305428,0.2750913742690059,0.25,0.25,0.25,0.046511627906976744,0.25,0.02564102564102564,0.4364035087719298,E2 앞쪽 부품 안 (pair_pos=0),공정 값 23,트리
랜덤포레스트,24,0.04212784595578713,0.07186999974156487,0.2,0.2,0.2,0.07339449541284404,0.8,0.038461538461538464,0.3946902654867257,E2 앞쪽 부품 안 (pair_pos=0),공정 값 23,트리
랜덤포레스트,25,0.3309758050108036,0.05954253897406667,0.0,0.0,0.4,0.0,0.0,0.0,0.5719298245614035,E2 앞쪽 부품 안 (pair_pos=0),공정 값 23,트리
랜덤포레스트,26,0.03692513035083972,0.05308251693927754,0.25,0.25,0.25,0.0625,0.75,0.03260869565217391,0.48026315789473684,E2 앞쪽 부품 안 (pair_pos=0),공정 값 23,트리
랜덤포레스트,27,0.07162056996213681,0.23695343594351392,0.2,0.2,0.2,0.1,1.0,0.05263157894736842,0.5008849557522124,E2 앞쪽 부품 안 (pair_pos=0),공정 값 23,트리
랜덤포레스트,28,0.49175678392095334,0.11562103865936618,0.4,0.4,0.6,0.0,0.0,0.0,0.7026548672566373,E2 앞쪽 부품 안 (pair_pos=0),공정 값 23,트리
랜덤포레스트,29,0.010333333333333333,0.07017633735979292,0.25,0.25,0.5,0.06557377049180328,1.0,0.03389830508474576,0.6710526315789473,E2 앞쪽 부품 안 (pair_pos=0),공정 값 23,트리
랜덤포레스트,30,0.1367066723435655,0.04983849305444864,0.0,0.0,0.0,0.07017543859649122,0.4,0.038461538461538464,0.5245614035087719,E2 앞쪽 부품 안 (pair_pos=0),공정 값 23,트리
랜덤포레스트,31,0.14147227023500347,0.09383222625393992,0.2,0.4,0.4,0.09090909090909091,0.4,0.05128205128205128,0.6814159292035398,E2 앞쪽 부품 안 (pair_pos=0),공정 값 23,트리
랜덤포레스트,32,0.1896690372271372,0.1226002277982476,0.25,0.25,0.5,0.10256410256410256,0.5,0.05714285714285714,0.5745614035087718,E2 앞쪽 부품 안 (pair_pos=0),공정 값 23,트리
랜덤포레스트,33,0.285298996227033,0.058386613386613384,0.25,0.25,0.5,0.08,0.25,0.047619047619047616,0.4758771929824561,E2 앞쪽 부품 안 (pair_pos=0),공정 값 23,트리
랜덤포레스트,34,0.003010752688172043,0.054164912096010105,0.0,0.2,0.2,0.08196721311475409,1.0,0.042735042735042736,0.55929203539823,E2 앞쪽 부품 안 (pair_pos=0),공정 값 23,트리
랜덤포레스트,35,0.4035015380670505,0.04325749683259483,0.0,0.0,0.2,0.0,0.0,0.0,0.45263157894736844,E2 앞쪽 부품 안 (pair_pos=0),공정 값 23,트리
랜덤포레스트,36,0.1980196966524557,0.04171642693390115,0.0,0.0,0.2,0.05128205128205128,0.2,0.029411764705882353,0.4,E2 앞쪽 부품 안 (pair_pos=0),공정 값 23,트리
랜덤포레스트,37,0.28187932538735855,0.029921862492733948,0.0,0.0,0.0,0.0,0.0,0.0,0.3223684210526316,E2 앞쪽 부품 안 (pair_pos=0),공정 값 23,트리
랜덤포레스트,38,0.26437693990282135,0.05578624274276448,0.0,0.4,0.4,0.0,0.0,0.0,0.504424778761062,E2 앞쪽 부품 안 (pair_pos=0),공정 값 23,트리
랜덤포레스트,39,0.10346312507907583,0.1720196353436185,0.5,0.5,0.75,0.09090909090909091,1.0,0.047619047619047616,0.7741228070175439,E2 앞쪽 부품 안 (pair_pos=0),공정 값 23,트리
랜덤포레스트,40,0.2805588844096865,0.09161302400151626,0.2,0.4,0.4,0.2,0.4,0.13333333333333333,0.5859649122807018,E2 앞쪽 부품 안 (pair_pos=0),공정 값 23,트리
랜덤포레스트,41,0.42106813946233146,0.04075048310990295,0.0,0.25,0.25,0.0,0.0,0.0,0.4780701754385965,E2 앞쪽 부품 안 (pair_pos=0),공정 값 23,트리
랜덤포레스트,42,0.01167003367003367,0.04108941520124412,0.0,0.0,0.0,0.08130081300813008,1.0,0.0423728813559322,0.415929203539823,E2 앞쪽 부품 안 (pair_pos=0),공정 값 23,트리
랜덤포레스트,43,0.029658192143105933,0.14717243419106774,0.2,0.2,0.4,0.08547008547008547,1.0,0.044642857142857144,0.6035398230088496,E2 앞쪽 부품 안 (pair_pos=0),공정 값 23,트리
랜덤포레스트,44,0.12152895422969986,0.05718708165997322,0.25,0.25,0.25,0.0821917808219178,0.75,0.043478260869565216,0.5899122807017544,E2 앞쪽 부품 안 (pair_pos=0),공정 값 23,트리
랜덤포레스트,45,0.14227464304598278,0.07289612997444324,0.2,0.4,0.4,0.08163265306122448,0.4,0.045454545454545456,0.5473684210526315,E2 앞쪽 부품 안 (pair_pos=0),공정 값 23,트리
랜덤포레스트,46,0.29253085723349176,0.04226195346327956,0.0,0.0,0.0,0.0,0.0,0.0,0.5153508771929824,E2 앞쪽 부품 안 (pair_pos=0),공정 값 23,트리
랜덤포레스트,47,0.3625692315531725,0.042134039298077394,0.0,0.0,0.25,0.0,0.0,0.0,0.5241228070175439,E2 앞쪽 부품 안 (pair_pos=0),공정 값 23,트리
랜덤포레스트,48,0.11093471907101704,0.0914903062128102,0.2,0.4,0.4,0.10810810810810811,0.8,0.057971014492753624,0.608849557522124,E2 앞쪽 부품 안 (pair_pos=0),공정 값 23,트리
랜덤포레스트,49,0.09120584727133368,0.24033107052909036,0.2,0.2,0.2,0.06382978723404255,0.6,0.033707865168539325,0.5132743362831859,E2 앞쪽 부품 안 (pair_pos=0),공정 값 23,트리
엑스트라트리,0,0.0850634284216412,0.036332421463297036,0.0,0.0,0.0,0.04938271604938271,0.4,0.02631578947368421,0.3385964912280702,E2 앞쪽 부품 안 (pair_pos=0),공정 값 23,트리
엑스트라트리,1,0.17429372212597258,0.03724749848354965,0.0,0.25,0.25,0.05263157894736842,0.25,0.029411764705882353,0.40131578947368424,E2 앞쪽 부품 안 (pair_pos=0),공정 값 23,트리
엑스트라트리,2,0.1634197978102269,0.056912040484266846,0.0,0.25,0.5,0.11764705882352941,0.5,0.06666666666666667,0.6030701754385965,E2 앞쪽 부품 안 (pair_pos=0),공정 값 23,트리
엑스트라트리,3,0.20951365994327445,0.0779262357228459,0.2,0.4,0.4,0.0,0.0,0.0,0.5557522123893806,E2 앞쪽 부품 안 (pair_pos=0),공정 값 23,트리
엑스트라트리,4,0.16627537573290843,0.059748641429492495,0.0,0.0,0.4,0.06666666666666667,0.2,0.04,0.5911504424778762,E2 앞쪽 부품 안 (pair_pos=0),공정 값 23,트리
엑스트라트리,5,0.12971946149632635,0.04948099552223263,0.0,0.0,0.4,0.1,0.6,0.05454545454545454,0.5070175438596491,E2 앞쪽 부품 안 (pair_pos=0),공정 값 23,트리
엑스트라트리,6,0.1694702043475361,0.047665732959850604,0.0,0.2,0.2,0.05405405405405406,0.2,0.03125,0.4194690265486726,E2 앞쪽 부품 안 (pair_pos=0),공정 값 23,트리
엑스트라트리,7,0.10370508315916196,0.05070349193383704,0.0,0.4,0.4,0.05333333333333334,0.4,0.02857142857142857,0.42300884955752216,E2 앞쪽 부품 안 (pair_pos=0),공정 값 23,트리
엑스트라트리,8,0.3217947253346331,0.10411414565826331,0.0,0.5,1.0,0.0,0.0,0.0,0.817982456140351,E2 앞쪽 부품 안 (pair_pos=0),공정 값 23,트리
엑스트라트리,9,0.10947400868280566,0.04839949376466231,0.0,0.25,0.5,0.07272727272727272,0.5,0.0392156862745098,0.493421052631579,E2 앞쪽 부품 안 (pair_pos=0),공정 값 23,트리
엑스트라트리,10,0.10413037468732363,0.05985321519912313,0.0,0.0,0.6,0.10666666666666667,0.8,0.05714285714285714,0.5596491228070175,E2 앞쪽 부품 안 (pair_pos=0),공정 값 23,트리
엑스트라트리,11,0.13858231893816794,0.06398046398046398,0.0,0.5,0.5,0.07142857142857142,0.5,0.038461538461538464,0.5964912280701754,E2 앞쪽 부품 안 (pair_pos=0),공정 값 23,트리
엑스트라트리,12,0.16756507939253415,0.03794191919191919,0.0,0.25,0.25,0.05,0.25,0.027777777777777776,0.42543859649122806,E2 앞쪽 부품 안 (pair_pos=0),공정 값 23,트리
엑스트라트리,13,0.01899889892025412,0.07142954469923563,0.0,0.2,0.6,0.08130081300813008,1.0,0.0423728813559322,0.6743362831858406,E2 앞쪽 부품 안 (pair_pos=0),공정 값 23,트리
엑스트라트리,14,0.1964738603252515,0.06638765564654564,0.0,0.2,0.4,0.09090909090909091,0.2,0.058823529411764705,0.6123893805309735,E2 앞쪽 부품 안 (pair_pos=0),공정 값 23,트리
엑스트라트리,15,0.014608920778744787,0.06990654485380224,0.2,0.2,0.4,0.08064516129032258,1.0,0.04201680672268908,0.5228070175438597,E2 앞쪽 부품 안 (pair_pos=0),공정 값 23,트리
엑스트라트리,16,0.12259358850538468,0.04596318638092772,0.0,0.0,0.0,0.09090909090909091,0.75,0.04838709677419355,0.5701754385964912,E2 앞쪽 부품 안 (pair_pos=0),공정 값 23,트리
엑스트라트리,17,0.02354542591590546,0.0907020757020757,0.0,0.2,0.8,0.08130081300813008,1.0,0.0423728813559322,0.7238938053097345,E2 앞쪽 부품 안 (pair_pos=0),공정 값 23,트리
엑스트라트리,18,0.025187682787995005,0.05164214416911039,0.0,0.0,0.2,0.08196721311475409,1.0,0.042735042735042736,0.5168141592920354,E2 앞쪽 부품 안 (pair_pos=0),공정 값 23,트리
엑스트라트리,19,0.13492586920402883,0.04048066450062173,0.0,0.0,0.0,0.07272727272727272,0.5,0.0392156862745098,0.49780701754385964,E2 앞쪽 부품 안 (pair_pos=0),공정 값 23,트리
엑스트라트리,20,0.14064847688312038,0.049836727044245854,0.0,0.0,0.2,0.10344827586206896,0.6,0.05660377358490566,0.5140350877192983,E2 앞쪽 부품 안 (pair_pos=0),공정 값 23,트리
엑스트라트리,21,0.12379243874112146,0.04226732895863276,0.0,0.0,0.2,0.0784313725490196,0.4,0.043478260869565216,0.42123893805309737,E2 앞쪽 부품 안 (pair_pos=0),공정 값 23,트리
엑스트라트리,22,0.030058271612419904,0.0482165404040404,0.0,0.0,0.5,0.06779661016949153,1.0,0.03508771929824561,0.5767543859649122,E2 앞쪽 부품 안 (pair_pos=0),공정 값 23,트리
엑스트라트리,23,0.21918901830052281,0.05722957597957598,0.25,0.25,0.25,0.09523809523809523,0.25,0.058823529411764705,0.4364035087719298,E2 앞쪽 부품 안 (pair_pos=0),공정 값 23,트리
엑스트라트리,24,0.05137668468315677,0.05860634966797359,0.2,0.2,0.2,0.07017543859649122,0.8,0.03669724770642202,0.4389380530973451,E2 앞쪽 부품 안 (pair_pos=0),공정 값 23,트리
엑스트라트리,25,0.25397161392532736,0.06075867433698759,0.0,0.2,0.4,0.0,0.0,0.0,0.5403508771929825,E2 앞쪽 부품 안 (pair_pos=0),공정 값 23,트리
엑스트라트리,26,0.2226134492371447,0.03464536778087798,0.0,0.0,0.0,0.0,0.0,0.0,0.42105263157894735,E2 앞쪽 부품 안 (pair_pos=0),공정 값 23,트리
엑스트라트리,27,0.18159197463271295,0.06053970741901776,0.0,0.2,0.2,0.06896551724137931,0.2,0.041666666666666664,0.5876106194690266,E2 앞쪽 부품 안 (pair_pos=0),공정 값 23,트리
엑스트라트리,28,0.2483109460655396,0.07431786402667934,0.0,0.4,0.6,0.0,0.0,0.0,0.5858407079646019,E2 앞쪽 부품 안 (pair_pos=0),공정 값 23,트리
엑스트라트리,29,0.024303497483555092,0.04743296871873541,0.0,0.25,0.25,0.06611570247933884,1.0,0.03418803418803419,0.5679824561403509,E2 앞쪽 부품 안 (pair_pos=0),공정 값 23,트리
엑스트라트리,30,0.10378756418623653,0.03901582234176982,0.0,0.0,0.0,0.05333333333333334,0.4,0.02857142857142857,0.3842105263157895,E2 앞쪽 부품 안 (pair_pos=0),공정 값 23,트리
엑스트라트리,31,0.11334012092296376,0.059526914716788136,0.0,0.2,0.4,0.11940298507462686,0.8,0.06451612903225806,0.5982300884955752,E2 앞쪽 부품 안 (pair_pos=0),공정 값 23,트리
엑스트라트리,32,0.2304031679587253,0.07241809116809117,0.25,0.25,0.5,0.15384615384615385,0.25,0.1111111111111111,0.6052631578947368,E2 앞쪽 부품 안 (pair_pos=0),공정 값 23,트리
엑스트라트리,33,0.13693629885351247,0.04216588739528541,0.0,0.0,0.25,0.0784313725490196,0.5,0.0425531914893617,0.48464912280701755,E2 앞쪽 부품 안 (pair_pos=0),공정 값 23,트리
엑스트라트리,34,0.05174540356623457,0.05199961849715795,0.0,0.2,0.2,0.08928571428571429,1.0,0.04672897196261682,0.5150442477876106,E2 앞쪽 부품 안 (pair_pos=0),공정 값 23,트리
엑스트라트리,35,0.20258906092204707,0.058333916900093374,0.2,0.2,0.2,0.09090909090909091,0.2,0.058823529411764705,0.46491228070175444,E2 앞쪽 부품 안 (pair_pos=0),공정 값 23,트리
엑스트라트리,36,0.18196847387790888,0.05819480155071609,0.0,0.0,0.4,0.0,0.0,0.0,0.5504424778761062,E2 앞쪽 부품 안 (pair_pos=0),공정 값 23,트리
엑스트라트리,37,0.10915550033014121,0.027409615163321036,0.0,0.0,0.0,0.025974025974025976,0.25,0.0136986301369863,0.26315789473684215,E2 앞쪽 부품 안 (pair_pos=0),공정 값 23,트리
엑스트라트리,38,0.20806894358180905,0.04526991124817212,0.0,0.0,0.4,0.0,0.0,0.0,0.4336283185840708,E2 앞쪽 부품 안 (pair_pos=0),공정 값 23,트리
엑스트라트리,39,0.20022123343988396,0.07088388945062353,0.0,0.5,0.5,0.13793103448275862,0.5,0.08,0.7236842105263158,E2 앞쪽 부품 안 (pair_pos=0),공정 값 23,트리
엑스트라트리,40,0.18193854563001802,0.06821903758103268,0.0,0.2,0.6,0.15384615384615385,0.6,0.08823529411764706,0.6105263157894737,E2 앞쪽 부품 안 (pair_pos=0),공정 값 23,트리
엑스트라트리,41,0.2706642888332162,0.03407769032769033,0.0,0.25,0.25,0.0,0.0,0.0,0.3333333333333333,E2 앞쪽 부품 안 (pair_pos=0),공정 값 23,트리
엑스트라트리,42,0.20708811354844361,0.04707059491916945,0.0,0.2,0.4,0.07407407407407407,0.2,0.045454545454545456,0.4300884955752212,E2 앞쪽 부품 안 (pair_pos=0),공정 값 23,트리
엑스트라트리,43,0.016433412198509974,0.06949892644733194,0.2,0.2,0.4,0.08130081300813008,1.0,0.0423728813559322,0.624778761061947,E2 앞쪽 부품 안 (pair_pos=0),공정 값 23,트리
엑스트라트리,44,0.03026112841429932,0.05870582905466627,0.25,0.25,0.25,0.06611570247933884,1.0,0.03418803418803419,0.5899122807017544,E2 앞쪽 부품 안 (pair_pos=0),공정 값 23,트리
엑스트라트리,45,0.12454440972241493,0.08471791929623254,0.0,0.6,0.6,0.125,0.6,0.06976744186046512,0.6035087719298246,E2 앞쪽 부품 안 (pair_pos=0),공정 값 23,트리
엑스트라트리,46,0.1704292725133827,0.04098889965151363,0.0,0.25,0.25,0.05263157894736842,0.25,0.029411764705882353,0.46271929824561403,E2 앞쪽 부품 안 (pair_pos=0),공정 값 23,트리
엑스트라트리,47,0.16832747796851455,0.03948117057505181,0.0,0.0,0.0,0.0,0.0,0.0,0.48684210526315785,E2 앞쪽 부품 안 (pair_pos=0),공정 값 23,트리
엑스트라트리,48,0.14747587754928249,0.09519558421454706,0.0,0.6,0.6,0.14634146341463414,0.6,0.08333333333333333,0.7345132743362832,E2 앞쪽 부품 안 (pair_pos=0),공정 값 23,트리
엑스트라트리,49,0.03644242230890626,0.06267767991905923,0.0,0.4,0.4,0.0847457627118644,1.0,0.04424778761061947,0.5486725663716814,E2 앞쪽 부품 안 (pair_pos=0),공정 값 23,트리
GradientBoosting,0,0.021558861669458383,0.030957034440930745,0.0,0.0,0.0,0.0,0.0,0.0,0.2210526315789474,E2 앞쪽 부품 안 (pair_pos=0),공정 값 23,부스팅
GradientBoosting,1,0.001846417865753899,0.06742321704340151,0.25,0.25,0.25,0.043010752688172046,0.5,0.02247191011235955,0.5109649122807017,E2 앞쪽 부품 안 (pair_pos=0),공정 값 23,부스팅
GradientBoosting,2,0.004150571283375458,0.06628510378510379,0.0,0.5,0.75,0.08450704225352113,0.75,0.04477611940298507,0.5986842105263158,E2 앞쪽 부품 안 (pair_pos=0),공정 값 23,부스팅
GradientBoosting,3,0.014001354375466672,0.0702304913046601,0.0,0.4,0.6,0.08,0.2,0.05,0.5734513274336284,E2 앞쪽 부품 안 (pair_pos=0),공정 값 23,부스팅
GradientBoosting,4,0.0034946842999332133,0.04992838187322204,0.0,0.2,0.4,0.10344827586206896,0.6,0.05660377358490566,0.46371681415929206,E2 앞쪽 부품 안 (pair_pos=0),공정 값 23,부스팅
GradientBoosting,5,0.012983961447600566,0.04092490174964402,0.0,0.0,0.2,0.0,0.0,0.0,0.37543859649122807,E2 앞쪽 부품 안 (pair_pos=0),공정 값 23,부스팅
GradientBoosting,6,0.01869900620190642,0.10421562455406982,0.4,0.4,0.6,0.16666666666666666,0.4,0.10526315789473684,0.6442477876106195,E2 앞쪽 부품 안 (pair_pos=0),공정 값 23,부스팅
GradientBoosting,7,0.0003913789849185385,0.05131267610288953,0.0,0.2,0.2,0.08196721311475409,1.0,0.042735042735042736,0.5008849557522124,E2 앞쪽 부품 안 (pair_pos=0),공정 값 23,부스팅
GradientBoosting,8,0.0005163637965804314,0.09675403225806452,0.25,0.25,0.5,0.06611570247933884,1.0,0.03418803418803419,0.6929824561403508,E2 앞쪽 부품 안 (pair_pos=0),공정 값 23,부스팅
GradientBoosting,9,0.002866018416708581,0.034384943442942434,0.0,0.0,0.0,0.05405405405405406,0.5,0.02857142857142857,0.3881578947368421,E2 앞쪽 부품 안 (pair_pos=0),공정 값 23,부스팅
GradientBoosting,10,0.0003325543199692539,0.035240087472727624,0.0,0.0,0.0,0.06722689075630252,0.8,0.03508771929824561,0.3087719298245614,E2 앞쪽 부품 안 (pair_pos=0),공정 값 23,부스팅
GradientBoosting,11,0.022974546047509425,0.035309630713348805,0.0,0.0,0.25,0.0,0.0,0.0,0.41228070175438597,E2 앞쪽 부품 안 (pair_pos=0),공정 값 23,부스팅
GradientBoosting,12,0.012691173578926337,0.03910665892373209,0.0,0.0,0.5,0.0,0.0,0.0,0.4407894736842105,E2 앞쪽 부품 안 (pair_pos=0),공정 값 23,부스팅
GradientBoosting,13,9.688561365719752e-05,0.0919571306783583,0.0,0.4,0.6,0.08130081300813008,1.0,0.0423728813559322,0.7380530973451328,E2 앞쪽 부품 안 (pair_pos=0),공정 값 23,부스팅
GradientBoosting,14,0.0007818184545042198,0.08333563799948226,0.2,0.4,0.4,0.08928571428571429,1.0,0.04672897196261682,0.5699115044247788,E2 앞쪽 부품 안 (pair_pos=0),공정 값 23,부스팅
GradientBoosting,15,0.004065536786359403,0.09177681795328854,0.2,0.2,0.6,0.15873015873015872,1.0,0.08620689655172414,0.724561403508772,E2 앞쪽 부품 안 (pair_pos=0),공정 값 23,부스팅
GradientBoosting,16,0.020479959924400756,0.02913726312934166,0.0,0.0,0.0,0.0,0.0,0.0,0.3026315789473684,E2 앞쪽 부품 안 (pair_pos=0),공정 값 23,부스팅
GradientBoosting,17,0.00043234036847481205,0.12305813609863027,0.2,0.6,0.8,0.08264462809917356,1.0,0.04310344827586207,0.7309734513274336,E2 앞쪽 부품 안 (pair_pos=0),공정 값 23,부스팅
GradientBoosting,18,0.0002768998214107199,0.06186819682754152,0.0,0.4,0.4,0.08130081300813008,1.0,0.0423728813559322,0.511504424778761,E2 앞쪽 부품 안 (pair_pos=0),공정 값 23,부스팅
GradientBoosting,19,0.05080898532710689,0.040277072455087215,0.0,0.25,0.25,0.0,0.0,0.0,0.4671052631578947,E2 앞쪽 부품 안 (pair_pos=0),공정 값 23,부스팅
GradientBoosting,20,0.007294803561638743,0.07163419913419913,0.2,0.2,0.4,0.10714285714285714,0.6,0.058823529411764705,0.6333333333333333,E2 앞쪽 부품 안 (pair_pos=0),공정 값 23,부스팅
GradientBoosting,21,0.004783676773696404,0.04444287001212997,0.0,0.0,0.4,0.07017543859649122,0.4,0.038461538461538464,0.4300884955752212,E2 앞쪽 부품 안 (pair_pos=0),공정 값 23,부스팅
GradientBoosting,22,7.254772313256907e-05,0.09664049644124587,0.25,0.25,0.5,0.06557377049180328,1.0,0.03389830508474576,0.6907894736842105,E2 앞쪽 부품 안 (pair_pos=0),공정 값 23,부스팅
GradientBoosting,23,0.0037839709605502095,0.2805912666689235,0.25,0.25,0.25,0.05970149253731343,0.5,0.031746031746031744,0.4912280701754386,E2 앞쪽 부품 안 (pair_pos=0),공정 값 23,부스팅
GradientBoosting,24,0.0007951107471711054,0.05803457158290521,0.2,0.2,0.4,0.08403361344537816,1.0,0.043859649122807015,0.4725663716814159,E2 앞쪽 부품 안 (pair_pos=0),공정 값 23,부스팅
GradientBoosting,25,0.009579290401606757,0.042656053962133234,0.0,0.0,0.0,0.0,0.0,0.0,0.44385964912280707,E2 앞쪽 부품 안 (pair_pos=0),공정 값 23,부스팅
GradientBoosting,26,9.932310434119268e-05,0.32472640218878246,0.25,0.5,0.75,0.06557377049180328,1.0,0.03389830508474576,0.8135964912280702,E2 앞쪽 부품 안 (pair_pos=0),공정 값 23,부스팅
GradientBoosting,27,0.00018934867421952758,0.0416452040872779,0.0,0.2,0.2,0.08196721311475409,1.0,0.042735042735042736,0.39469026548672564,E2 앞쪽 부품 안 (pair_pos=0),공정 값 23,부스팅
GradientBoosting,28,0.00509980714787784,0.09226891653296648,0.0,0.6,0.6,0.10909090909090909,0.6,0.06,0.6477876106194691,E2 앞쪽 부품 안 (pair_pos=0),공정 값 23,부스팅
GradientBoosting,29,0.01021445732016074,0.06558602721924488,0.0,0.25,0.75,0.13333333333333333,0.75,0.07317073170731707,0.6622807017543859,E2 앞쪽 부품 안 (pair_pos=0),공정 값 23,부스팅
GradientBoosting,30,0.5842835530004583,0.04381410103159329,0.0,0.2,0.2,0.0,0.0,0.0,0.4087719298245614,E2 앞쪽 부품 안 (pair_pos=0),공정 값 23,부스팅
GradientBoosting,31,7.388648619018932e-05,0.1059671050342692,0.2,0.6,0.6,0.08130081300813008,1.0,0.0423728813559322,0.64070796460177,E2 앞쪽 부품 안 (pair_pos=0),공정 값 23,부스팅
GradientBoosting,32,0.011771092042455472,0.04070989993935718,0.0,0.25,0.25,0.06451612903225806,0.25,0.037037037037037035,0.4057017543859649,E2 앞쪽 부품 안 (pair_pos=0),공정 값 23,부스팅
GradientBoosting,33,0.0009452179304646077,0.039779871683555346,0.0,0.25,0.25,0.049586776859504134,0.75,0.02564102564102564,0.3925438596491228,E2 앞쪽 부품 안 (pair_pos=0),공정 값 23,부스팅
GradientBoosting,34,0.00016122829135199006,0.10801993836427122,0.2,0.2,0.2,0.08130081300813008,1.0,0.0423728813559322,0.5504424778761062,E2 앞쪽 부품 안 (pair_pos=0),공정 값 23,부스팅
GradientBoosting,35,0.00010015080561262644,0.0588457301675412,0.0,0.2,0.4,0.08064516129032258,1.0,0.04201680672268908,0.5596491228070175,E2 앞쪽 부품 안 (pair_pos=0),공정 값 23,부스팅
GradientBoosting,36,0.0005809194082131101,0.031110247772627036,0.0,0.0,0.0,0.06611570247933884,0.8,0.034482758620689655,0.22123893805309736,E2 앞쪽 부품 안 (pair_pos=0),공정 값 23,부스팅
GradientBoosting,37,0.013756284920803679,0.029455865640076167,0.0,0.0,0.0,0.0,0.0,0.0,0.3026315789473685,E2 앞쪽 부품 안 (pair_pos=0),공정 값 23,부스팅
GradientBoosting,38,0.00011878608124244867,0.05983178053830228,0.0,0.4,0.4,0.08130081300813008,1.0,0.0423728813559322,0.5469026548672566,E2 앞쪽 부품 안 (pair_pos=0),공정 값 23,부스팅
GradientBoosting,39,0.0004626466467122034,0.07014652014652015,0.0,0.25,0.75,0.06557377049180328,1.0,0.03389830508474576,0.7039473684210527,E2 앞쪽 부품 안 (pair_pos=0),공정 값 23,부스팅
GradientBoosting,40,0.01526202808116735,0.09342135049600542,0.2,0.6,0.6,0.16216216216216217,0.6,0.09375,0.5982456140350878,E2 앞쪽 부품 안 (pair_pos=0),공정 값 23,부스팅
GradientBoosting,41,0.057095569081997644,0.0264813330279432,0.0,0.0,0.0,0.0,0.0,0.0,0.21271929824561406,E2 앞쪽 부품 안 (pair_pos=0),공정 값 23,부스팅
GradientBoosting,42,0.0443758262724298,0.04940507623573985,0.0,0.0,0.2,0.0,0.0,0.0,0.5026548672566371,E2 앞쪽 부품 안 (pair_pos=0),공정 값 23,부스팅
GradientBoosting,43,0.0345471874236238,0.06202602682175396,0.0,0.2,0.4,0.0,0.0,0.0,0.5610619469026549,E2 앞쪽 부품 안 (pair_pos=0),공정 값 23,부스팅
GradientBoosting,44,0.00044857726179108433,0.04033343351365792,0.0,0.0,0.25,0.06722689075630252,1.0,0.034782608695652174,0.4671052631578948,E2 앞쪽 부품 안 (pair_pos=0),공정 값 23,부스팅
GradientBoosting,45,0.004553911288527823,0.05741806162390031,0.0,0.2,0.4,0.11538461538461539,0.6,0.06382978723404255,0.4982456140350877,E2 앞쪽 부품 안 (pair_pos=0),공정 값 23,부스팅
GradientBoosting,46,0.0011446887635398397,0.045966288613347436,0.0,0.25,0.25,0.06451612903225806,0.75,0.033707865168539325,0.49561403508771934,E2 앞쪽 부품 안 (pair_pos=0),공정 값 23,부스팅
GradientBoosting,47,0.003147018984164992,0.070998445998446,0.0,0.5,0.5,0.07228915662650602,0.75,0.0379746835443038,0.6337719298245614,E2 앞쪽 부품 안 (pair_pos=0),공정 값 23,부스팅
GradientBoosting,48,0.026280976827181574,0.05304586165053764,0.0,0.0,0.4,0.0,0.0,0.0,0.5061946902654867,E2 앞쪽 부품 안 (pair_pos=0),공정 값 23,부스팅
GradientBoosting,49,0.14973830894403536,0.05780858342137943,0.2,0.2,0.2,0.0,0.0,0.0,0.4902654867256637,E2 앞쪽 부품 안 (pair_pos=0),공정 값 23,부스팅
HistGradientBoosting,0,0.0002161925281336871,0.033939355555338106,0.0,0.0,0.0,0.0,0.0,0.0,0.2964912280701754,E2 앞쪽 부품 안 (pair_pos=0),공정 값 23,부스팅
HistGradientBoosting,1,0.04906382247443663,0.03197824824454887,0.0,0.0,0.0,0.0,0.0,0.0,0.36622807017543857,E2 앞쪽 부품 안 (pair_pos=0),공정 값 23,부스팅
HistGradientBoosting,2,4.227185567370448e-05,0.06856060606060607,0.25,0.25,0.5,0.08108108108108109,0.75,0.04285714285714286,0.6469298245614035,E2 앞쪽 부품 안 (pair_pos=0),공정 값 23,부스팅
HistGradientBoosting,3,0.007473433575696699,0.1060575858250277,0.2,0.4,0.4,0.15384615384615385,0.2,0.125,0.6300884955752213,E2 앞쪽 부품 안 (pair_pos=0),공정 값 23,부스팅
HistGradientBoosting,4,2.2201430819552748e-05,0.09969135802469135,0.4,0.6,0.6,0.07272727272727272,0.8,0.0380952380952381,0.6123893805309735,E2 앞쪽 부품 안 (pair_pos=0),공정 값 23,부스팅
HistGradientBoosting,5,0.0018724753088486935,0.11821122273952463,0.4,0.4,0.6,0.2222222222222222,0.4,0.15384615384615385,0.7526315789473683,E2 앞쪽 부품 안 (pair_pos=0),공정 값 23,부스팅
HistGradientBoosting,6,0.785841745740145,0.2360635744672085,0.2,0.2,0.2,0.0,0.0,0.0,0.479646017699115,E2 앞쪽 부품 안 (pair_pos=0),공정 값 23,부스팅
HistGradientBoosting,7,2.7476541705153467e-05,0.04056157876398796,0.0,0.0,0.0,0.05825242718446602,0.6,0.030612244897959183,0.39646017699115044,E2 앞쪽 부품 안 (pair_pos=0),공정 값 23,부스팅
HistGradientBoosting,8,0.8218810484586525,0.09464006259780908,0.25,0.5,0.75,0.0,0.0,0.0,0.7456140350877193,E2 앞쪽 부품 안 (pair_pos=0),공정 값 23,부스팅
HistGradientBoosting,9,0.00047880725394643407,0.05646373018358612,0.25,0.25,0.5,0.09523809523809523,0.25,0.058823529411764705,0.5043859649122806,E2 앞쪽 부품 안 (pair_pos=0),공정 값 23,부스팅
HistGradientBoosting,10,0.0018977941299061025,0.040269230269230266,0.0,0.0,0.2,0.0,0.0,0.0,0.387719298245614,E2 앞쪽 부품 안 (pair_pos=0),공정 값 23,부스팅
HistGradientBoosting,11,0.0034424480019363186,0.06032713269850644,0.0,0.5,0.5,0.0,0.0,0.0,0.6293859649122806,E2 앞쪽 부품 안 (pair_pos=0),공정 값 23,부스팅
HistGradientBoosting,12,0.0034931553862435722,0.07449404130954905,0.0,0.5,0.5,0.0,0.0,0.0,0.6447368421052632,E2 앞쪽 부품 안 (pair_pos=0),공정 값 23,부스팅
HistGradientBoosting,13,2.1956465956570292e-05,0.18944444444444444,0.6,0.8,0.8,0.08196721311475409,1.0,0.042735042735042736,0.8424778761061946,E2 앞쪽 부품 안 (pair_pos=0),공정 값 23,부스팅
HistGradientBoosting,14,0.0007697345200993814,0.05487856368015749,0.0,0.0,0.0,0.0,0.0,0.0,0.5663716814159292,E2 앞쪽 부품 안 (pair_pos=0),공정 값 23,부스팅
HistGradientBoosting,15,0.004782153273282307,0.039529158802374724,0.0,0.0,0.2,0.0,0.0,0.0,0.38596491228070173,E2 앞쪽 부품 안 (pair_pos=0),공정 값 23,부스팅
HistGradientBoosting,16,0.0005251699815398439,0.04827738834161957,0.0,0.25,0.25,0.0625,0.25,0.03571428571428571,0.5241228070175439,E2 앞쪽 부품 안 (pair_pos=0),공정 값 23,부스팅
HistGradientBoosting,17,1.6199855064267257e-05,0.08222222222222222,0.2,0.4,0.4,0.08130081300813008,1.0,0.0423728813559322,0.672566371681416,E2 앞쪽 부품 안 (pair_pos=0),공정 값 23,부스팅
HistGradientBoosting,18,2.4296123337652485e-05,0.09976536682088566,0.2,0.4,0.6,0.08928571428571429,1.0,0.04672897196261682,0.6920353982300885,E2 앞쪽 부품 안 (pair_pos=0),공정 값 23,부스팅
HistGradientBoosting,19,0.07998376120292441,0.04394805838169756,0.0,0.0,0.0,0.0,0.0,0.0,0.543859649122807,E2 앞쪽 부품 안 (pair_pos=0),공정 값 23,부스팅
HistGradientBoosting,20,3.652870095297381e-05,0.07085261157694717,0.2,0.4,0.4,0.043478260869565216,0.4,0.022988505747126436,0.47368421052631576,E2 앞쪽 부품 안 (pair_pos=0),공정 값 23,부스팅
HistGradientBoosting,21,0.00030414024744688666,0.11911647092807684,0.2,0.2,0.6,0.16216216216216217,0.6,0.09375,0.6035398230088496,E2 앞쪽 부품 안 (pair_pos=0),공정 값 23,부스팅
HistGradientBoosting,22,4.826336119067066e-05,0.17556193806193807,0.25,0.25,0.5,0.11267605633802817,1.0,0.05970149253731343,0.7302631578947368,E2 앞쪽 부품 안 (pair_pos=0),공정 값 23,부스팅
HistGradientBoosting,23,3.234576958244853e-05,0.15712952594251586,0.25,0.25,0.25,0.05333333333333334,0.5,0.028169014084507043,0.5307017543859649,E2 앞쪽 부품 안 (pair_pos=0),공정 값 23,부스팅
HistGradientBoosting,24,6.933053765886443e-05,0.06531094744367574,0.2,0.2,0.2,0.03508771929824561,0.2,0.019230769230769232,0.41061946902654867,E2 앞쪽 부품 안 (pair_pos=0),공정 값 23,부스팅
HistGradientBoosting,25,0.557227271725426,0.04670176519773157,0.0,0.2,0.2,0.0,0.0,0.0,0.43333333333333335,E2 앞쪽 부품 안 (pair_pos=0),공정 값 23,부스팅
HistGradientBoosting,26,0.00011277023197746861,0.056471631205673764,0.0,0.5,0.5,0.0784313725490196,0.5,0.0425531914893617,0.5877192982456141,E2 앞쪽 부품 안 (pair_pos=0),공정 값 23,부스팅
HistGradientBoosting,27,2.3494787799071226e-05,0.0915332074858929,0.2,0.4,0.4,0.09174311926605505,1.0,0.04807692307692308,0.6619469026548672,E2 앞쪽 부품 안 (pair_pos=0),공정 값 23,부스팅
HistGradientBoosting,28,0.38868484551454635,0.10144870002795639,0.2,0.2,0.4,0.0,0.0,0.0,0.5982300884955752,E2 앞쪽 부품 안 (pair_pos=0),공정 값 23,부스팅
HistGradientBoosting,29,0.008990102653584641,0.09895174197870915,0.25,0.25,0.25,0.125,0.25,0.08333333333333333,0.5855263157894737,E2 앞쪽 부품 안 (pair_pos=0),공정 값 23,부스팅
HistGradientBoosting,30,0.0002480548965639906,0.0511255245924941,0.0,0.0,0.2,0.058823529411764705,0.2,0.034482758620689655,0.5421052631578948,E2 앞쪽 부품 안 (pair_pos=0),공정 값 23,부스팅
HistGradientBoosting,31,2.142174123184435e-05,0.08479051300911276,0.2,0.4,0.6,0.08196721311475409,1.0,0.042735042735042736,0.6407079646017699,E2 앞쪽 부품 안 (pair_pos=0),공정 값 23,부스팅
HistGradientBoosting,32,0.00011812340348349644,0.07717673414747425,0.25,0.25,0.25,0.046511627906976744,0.25,0.02564102564102564,0.4758771929824561,E2 앞쪽 부품 안 (pair_pos=0),공정 값 23,부스팅
HistGradientBoosting,33,0.0008627657284083341,0.08811274509803922,0.25,0.5,0.5,0.13333333333333333,0.5,0.07692307692307693,0.6469298245614035,E2 앞쪽 부품 안 (pair_pos=0),공정 값 23,부스팅
HistGradientBoosting,34,2.2287742153282618e-05,0.046124571394966396,0.0,0.0,0.2,0.0761904761904762,0.8,0.04,0.4513274336283186,E2 앞쪽 부품 안 (pair_pos=0),공정 값 23,부스팅
HistGradientBoosting,35,0.0006000720487041503,0.04309383596926616,0.0,0.0,0.0,0.0,0.0,0.0,0.443859649122807,E2 앞쪽 부품 안 (pair_pos=0),공정 값 23,부스팅
HistGradientBoosting,36,3.992281152811896e-05,0.045863991981561804,0.0,0.2,0.4,0.04878048780487805,0.4,0.025974025974025976,0.4106194690265487,E2 앞쪽 부품 안 (pair_pos=0),공정 값 23,부스팅
HistGradientBoosting,37,0.0030201002836950136,0.042159441225577174,0.0,0.0,0.25,0.0,0.0,0.0,0.5109649122807018,E2 앞쪽 부품 안 (pair_pos=0),공정 값 23,부스팅
HistGradientBoosting,38,4.626909834873143e-05,0.06721917778843492,0.0,0.4,0.4,0.07407407407407407,0.6,0.039473684210526314,0.5327433628318584,E2 앞쪽 부품 안 (pair_pos=0),공정 값 23,부스팅
HistGradientBoosting,39,0.0003666990642204018,0.11744505494505494,0.5,0.5,0.5,0.1111111111111111,0.5,0.0625,0.7236842105263158,E2 앞쪽 부품 안 (pair_pos=0),공정 값 23,부스팅
HistGradientBoosting,40,0.10626685474905899,0.11455177897038363,0.2,0.2,0.2,0.0,0.0,0.0,0.5789473684210527,E2 앞쪽 부품 안 (pair_pos=0),공정 값 23,부스팅
HistGradientBoosting,41,0.11300964351251774,0.08241860090264345,0.25,0.25,0.25,0.0,0.0,0.0,0.5504385964912281,E2 앞쪽 부품 안 (pair_pos=0),공정 값 23,부스팅
HistGradientBoosting,42,0.3269749209427779,0.051776305692485536,0.0,0.2,0.2,0.0,0.0,0.0,0.504424778761062,E2 앞쪽 부품 안 (pair_pos=0),공정 값 23,부스팅
HistGradientBoosting,43,7.038782142917144e-05,0.0815820760150657,0.2,0.4,0.4,0.08823529411764706,0.6,0.047619047619047616,0.5398230088495575,E2 앞쪽 부품 안 (pair_pos=0),공정 값 23,부스팅
HistGradientBoosting,44,0.00047930383680323547,0.06705601355830713,0.25,0.25,0.25,0.058823529411764705,0.25,0.03333333333333333,0.4342105263157895,E2 앞쪽 부품 안 (pair_pos=0),공정 값 23,부스팅
HistGradientBoosting,45,1.4540841889483638e-05,0.10379335990060914,0.2,0.4,0.4,0.08064516129032258,1.0,0.04201680672268908,0.6877192982456141,E2 앞쪽 부품 안 (pair_pos=0),공정 값 23,부스팅
HistGradientBoosting,46,0.0023405372031668026,0.03924279522683778,0.0,0.0,0.25,0.0,0.0,0.0,0.4649122807017544,E2 앞쪽 부품 안 (pair_pos=0),공정 값 23,부스팅
HistGradientBoosting,47,0.002132848477333322,0.04254489906433532,0.0,0.25,0.25,0.1,0.25,0.0625,0.43201754385964913,E2 앞쪽 부품 안 (pair_pos=0),공정 값 23,부스팅
HistGradientBoosting,48,0.0005634227523160762,0.06967116543587132,0.0,0.2,0.6,0.0,0.0,0.0,0.6000000000000001,E2 앞쪽 부품 안 (pair_pos=0),공정 값 23,부스팅
HistGradientBoosting,49,0.00038675539675919307,0.07465030465030464,0.2,0.2,0.2,0.05555555555555555,0.2,0.03225806451612903,0.5469026548672566,E2 앞쪽 부품 안 (pair_pos=0),공정 값 23,부스팅
XGBoost,0,0.6535666584968567,0.0357898119718587,0.0,0.0,0.0,0.0,0.0,0.0,0.33333333333333326,E2 앞쪽 부품 안 (pair_pos=0),공정 값 23,부스팅
XGBoost,1,0.04103304073214531,0.04139996507253144,0.0,0.25,0.5,0.06060606060606061,0.25,0.034482758620689655,0.40570175438596495,E2 앞쪽 부품 안 (pair_pos=0),공정 값 23,부스팅
XGBoost,2,0.009966975077986717,0.14899445214979196,0.5,0.5,0.5,0.10344827586206896,0.75,0.05555555555555555,0.6776315789473685,E2 앞쪽 부품 안 (pair_pos=0),공정 값 23,부스팅
XGBoost,3,0.03692839294672012,0.0836575142335723,0.2,0.2,0.4,0.11764705882352941,0.4,0.06896551724137931,0.5238938053097345,E2 앞쪽 부품 안 (pair_pos=0),공정 값 23,부스팅
XGBoost,4,0.042941704392433167,0.1705183991777835,0.4,0.4,0.4,0.11428571428571428,0.4,0.06666666666666667,0.6265486725663717,E2 앞쪽 부품 안 (pair_pos=0),공정 값 23,부스팅
XGBoost,5,0.06701023131608963,0.10531689779147406,0.2,0.2,0.6,0.11428571428571428,0.4,0.06666666666666667,0.6157894736842106,E2 앞쪽 부품 안 (pair_pos=0),공정 값 23,부스팅
XGBoost,6,0.4686116576194763,0.23436802083966113,0.2,0.2,0.2,0.25,0.2,0.3333333333333333,0.4460176991150442,E2 앞쪽 부품 안 (pair_pos=0),공정 값 23,부스팅
XGBoost,7,0.00022074731532484293,0.05695439825874608,0.0,0.2,0.4,0.06611570247933884,0.8,0.034482758620689655,0.5309734513274337,E2 앞쪽 부품 안 (pair_pos=0),공정 값 23,부스팅
XGBoost,8,0.8973373174667358,0.08567821067821067,0.25,0.5,0.75,0.0,0.0,0.0,0.6907894736842106,E2 앞쪽 부품 안 (pair_pos=0),공정 값 23,부스팅
XGBoost,9,0.06273561716079712,0.09923948334274421,0.5,0.5,0.5,0.16666666666666666,0.5,0.1,0.5548245614035087,E2 앞쪽 부품 안 (pair_pos=0),공정 값 23,부스팅
XGBoost,10,0.1167234480381012,0.03552006232240709,0.0,0.0,0.2,0.0,0.0,0.0,0.3087719298245614,E2 앞쪽 부품 안 (pair_pos=0),공정 값 23,부스팅
XGBoost,11,0.04258229210972786,0.08415563194974959,0.25,0.5,0.5,0.08333333333333333,0.5,0.045454545454545456,0.5679824561403509,E2 앞쪽 부품 안 (pair_pos=0),공정 값 23,부스팅
XGBoost,12,0.03175829350948334,0.11857716397651638,0.25,0.25,0.5,0.1,0.5,0.05555555555555555,0.5570175438596492,E2 앞쪽 부품 안 (pair_pos=0),공정 값 23,부스팅
XGBoost,13,0.00010431922419229522,0.21984126984126984,0.4,0.6,0.8,0.08130081300813008,1.0,0.0423728813559322,0.7893805309734513,E2 앞쪽 부품 안 (pair_pos=0),공정 값 23,부스팅
XGBoost,14,0.0033729670103639364,0.060722633632850354,0.0,0.2,0.2,0.10989010989010989,1.0,0.05813953488372093,0.5752212389380531,E2 앞쪽 부품 안 (pair_pos=0),공정 값 23,부스팅
XGBoost,15,0.11939326673746109,0.054874414518545876,0.0,0.0,0.2,0.0,0.0,0.0,0.5666666666666667,E2 앞쪽 부품 안 (pair_pos=0),공정 값 23,부스팅
XGBoost,16,0.13161388039588928,0.07606005106005105,0.25,0.25,0.5,0.1111111111111111,0.25,0.07142857142857142,0.6359649122807017,E2 앞쪽 부품 안 (pair_pos=0),공정 값 23,부스팅
XGBoost,17,0.0009151650010608137,0.08257808499743982,0.0,0.4,0.6,0.09345794392523364,1.0,0.049019607843137254,0.631858407079646,E2 앞쪽 부품 안 (pair_pos=0),공정 값 23,부스팅
XGBoost,18,0.014285116456449032,0.17614951356886838,0.4,0.6,0.6,0.1,0.6,0.05454545454545454,0.7150442477876107,E2 앞쪽 부품 안 (pair_pos=0),공정 값 23,부스팅
XGBoost,19,0.1055876612663269,0.04761524565741433,0.25,0.25,0.25,0.07142857142857142,0.25,0.041666666666666664,0.4517543859649123,E2 앞쪽 부품 안 (pair_pos=0),공정 값 23,부스팅
XGBoost,20,0.005281564313918352,0.0595920085731782,0.0,0.4,0.4,0.08695652173913043,0.8,0.04597701149425287,0.5263157894736843,E2 앞쪽 부품 안 (pair_pos=0),공정 값 23,부스팅
XGBoost,21,0.07053050398826599,0.08253888087221421,0.2,0.4,0.4,0.16,0.4,0.1,0.5769911504424778,E2 앞쪽 부품 안 (pair_pos=0),공정 값 23,부스팅
XGBoost,22,7.100484799593687e-05,0.08852742218814601,0.25,0.5,0.75,0.06557377049180328,1.0,0.03389830508474576,0.6885964912280701,E2 앞쪽 부품 안 (pair_pos=0),공정 값 23,부스팅
XGBoost,23,0.019536718726158142,0.2756455370379421,0.25,0.25,0.25,0.044444444444444446,0.25,0.024390243902439025,0.44956140350877194,E2 앞쪽 부품 안 (pair_pos=0),공정 값 23,부스팅
XGBoost,24,0.027249978855252266,0.06906195254021341,0.2,0.2,0.2,0.0425531914893617,0.2,0.023809523809523808,0.35221238938053095,E2 앞쪽 부품 안 (pair_pos=0),공정 값 23,부스팅
XGBoost,25,0.2464073747396469,0.053719785616337334,0.0,0.0,0.4,0.0,0.0,0.0,0.5421052631578948,E2 앞쪽 부품 안 (pair_pos=0),공정 값 23,부스팅
XGBoost,26,0.00011169366189278662,0.19039554195804195,0.25,0.25,0.75,0.06557377049180328,1.0,0.03389830508474576,0.793859649122807,E2 앞쪽 부품 안 (pair_pos=0),공정 값 23,부스팅
XGBoost,27,0.07406514137983322,0.07720523312835485,0.2,0.4,0.4,0.13793103448275862,0.4,0.08333333333333333,0.5221238938053097,E2 앞쪽 부품 안 (pair_pos=0),공정 값 23,부스팅
XGBoost,28,0.2083364725112915,0.12681935711347475,0.4,0.4,0.4,0.3076923076923077,0.4,0.25,0.5345132743362832,E2 앞쪽 부품 안 (pair_pos=0),공정 값 23,부스팅
XGBoost,29,0.07847274839878082,0.051095628105098725,0.0,0.0,0.5,0.0975609756097561,0.5,0.05405405405405406,0.6052631578947368,E2 앞쪽 부품 안 (pair_pos=0),공정 값 23,부스팅
XGBoost,30,0.0042895968072116375,0.056378662172673066,0.0,0.2,0.4,0.10526315789473684,0.8,0.056338028169014086,0.5298245614035089,E2 앞쪽 부품 안 (pair_pos=0),공정 값 23,부스팅
XGBoost,31,0.13681334257125854,0.18681852480664027,0.4,0.6,0.6,0.19047619047619047,0.4,0.125,0.5982300884955752,E2 앞쪽 부품 안 (pair_pos=0),공정 값 23,부스팅
XGBoost,32,0.0969809964299202,0.12642773892773893,0.25,0.25,0.5,0.08333333333333333,0.25,0.05,0.638157894736842,E2 앞쪽 부품 안 (pair_pos=0),공정 값 23,부스팅
XGBoost,33,0.021464861929416656,0.04964852364616515,0.0,0.25,0.5,0.08,0.5,0.043478260869565216,0.45175438596491235,E2 앞쪽 부품 안 (pair_pos=0),공정 값 23,부스팅
XGBoost,34,0.6895304322242737,0.06732633601584043,0.0,0.2,0.2,0.0,0.0,0.0,0.6371681415929205,E2 앞쪽 부품 안 (pair_pos=0),공정 값 23,부스팅
XGBoost,35,0.03653411194682121,0.0553364605996185,0.0,0.2,0.2,0.09302325581395349,0.4,0.05263157894736842,0.5017543859649123,E2 앞쪽 부품 안 (pair_pos=0),공정 값 23,부스팅
XGBoost,36,0.07533078640699387,0.07300346855486739,0.2,0.2,0.4,0.08,0.2,0.05,0.5345132743362832,E2 앞쪽 부품 안 (pair_pos=0),공정 값 23,부스팅
XGBoost,37,0.10658922791481018,0.03686302441204402,0.0,0.0,0.0,0.0,0.0,0.0,0.45394736842105265,E2 앞쪽 부품 안 (pair_pos=0),공정 값 23,부스팅
XGBoost,38,0.05160626769065857,0.07007452906853306,0.2,0.2,0.2,0.08,0.2,0.05,0.48849557522123893,E2 앞쪽 부품 안 (pair_pos=0),공정 값 23,부스팅
XGBoost,39,0.01770762912929058,0.11360484176018155,0.5,0.5,0.75,0.10526315789473684,0.75,0.05660377358490566,0.6842105263157895,E2 앞쪽 부품 안 (pair_pos=0),공정 값 23,부스팅
XGBoost,40,0.5662202835083008,0.05118034774785347,0.0,0.2,0.2,0.0,0.0,0.0,0.5105263157894737,E2 앞쪽 부품 안 (pair_pos=0),공정 값 23,부스팅
XGBoost,41,0.5609591007232666,0.040083204334365324,0.0,0.25,0.25,0.0,0.0,0.0,0.381578947368421,E2 앞쪽 부품 안 (pair_pos=0),공정 값 23,부스팅
XGBoost,42,0.06637763977050781,0.06348753260517967,0.2,0.2,0.2,0.06060606060606061,0.2,0.03571428571428571,0.504424778761062,E2 앞쪽 부품 안 (pair_pos=0),공정 값 23,부스팅
XGBoost,43,0.0004789103986695409,0.26508769493274076,0.2,0.4,0.4,0.08547008547008547,1.0,0.044642857142857144,0.6761061946902654,E2 앞쪽 부품 안 (pair_pos=0),공정 값 23,부스팅
XGBoost,44,0.1113906130194664,0.038235394785738036,0.0,0.25,0.25,0.08,0.25,0.047619047619047616,0.38596491228070173,E2 앞쪽 부품 안 (pair_pos=0),공정 값 23,부스팅
XGBoost,45,0.07382242381572723,0.08753495296973558,0.2,0.6,0.6,0.16,0.4,0.1,0.6298245614035087,E2 앞쪽 부품 안 (pair_pos=0),공정 값 23,부스팅
XGBoost,46,0.4247540235519409,0.03812928654771052,0.0,0.0,0.25,0.0,0.0,0.0,0.4649122807017544,E2 앞쪽 부품 안 (pair_pos=0),공정 값 23,부스팅
XGBoost,47,0.14756524562835693,0.04804151061173533,0.0,0.25,0.25,0.09090909090909091,0.25,0.05555555555555555,0.5416666666666667,E2 앞쪽 부품 안 (pair_pos=0),공정 값 23,부스팅
XGBoost,48,0.15400730073451996,0.11920786652081383,0.2,0.4,0.6,0.1111111111111111,0.2,0.07692307692307693,0.6849557522123895,E2 앞쪽 부품 안 (pair_pos=0),공정 값 23,부스팅
XGBoost,49,0.39432451128959656,0.1426527525710829,0.2,0.2,0.4,0.2857142857142857,0.2,0.5,0.5238938053097345,E2 앞쪽 부품 안 (pair_pos=0),공정 값 23,부스팅
LightGBM,0,0.07915210964413674,0.037934003542053785,0.0,0.0,0.2,0.0,0.0,0.0,0.35789473684210527,E2 앞쪽 부품 안 (pair_pos=0),공정 값 23,부스팅
LightGBM,1,0.008581753832407796,0.038721853116408175,0.0,0.25,0.25,0.0,0.0,0.0,0.40789473684210525,E2 앞쪽 부품 안 (pair_pos=0),공정 값 23,부스팅
LightGBM,2,0.00013466025077019323,0.1739291277258567,0.5,0.5,0.5,0.06666666666666667,0.75,0.03488372093023256,0.6776315789473684,E2 앞쪽 부품 안 (pair_pos=0),공정 값 23,부스팅
LightGBM,3,0.0021450852562913472,0.05558296436854312,0.0,0.2,0.4,0.05263157894736842,0.2,0.030303030303030304,0.5380530973451327,E2 앞쪽 부품 안 (pair_pos=0),공정 값 23,부스팅
LightGBM,4,0.0451679966998153,0.12160171825543635,0.2,0.2,0.4,0.2222222222222222,0.2,0.25,0.624778761061947,E2 앞쪽 부품 안 (pair_pos=0),공정 값 23,부스팅
LightGBM,5,0.008280348957125483,0.08080663522523987,0.2,0.2,0.4,0.08,0.2,0.05,0.5754385964912281,E2 앞쪽 부품 안 (pair_pos=0),공정 값 23,부스팅
LightGBM,6,0.058043413141918,0.09836222838650023,0.2,0.2,0.2,0.16666666666666666,0.2,0.14285714285714285,0.39646017699115044,E2 앞쪽 부품 안 (pair_pos=0),공정 값 23,부스팅
LightGBM,7,1.1386653304818562e-05,0.05364775206624976,0.0,0.2,0.2,0.08620689655172414,1.0,0.04504504504504504,0.5292035398230088,E2 앞쪽 부품 안 (pair_pos=0),공정 값 23,부스팅
LightGBM,8,0.34274136728418575,0.10312587953841823,0.25,0.5,0.5,0.0,0.0,0.0,0.7872807017543859,E2 앞쪽 부품 안 (pair_pos=0),공정 값 23,부스팅
LightGBM,9,0.0026201486363019804,0.09508423193522392,0.25,0.5,0.5,0.11764705882352941,0.5,0.06666666666666667,0.6140350877192982,E2 앞쪽 부품 안 (pair_pos=0),공정 값 23,부스팅
LightGBM,10,0.001696317611884466,0.03488737673214314,0.0,0.0,0.0,0.0,0.0,0.0,0.30350877192982456,E2 앞쪽 부품 안 (pair_pos=0),공정 값 23,부스팅
LightGBM,11,0.0019482393460197058,0.05756098929881015,0.0,0.5,0.5,0.0851063829787234,0.5,0.046511627906976744,0.513157894736842,E2 앞쪽 부품 안 (pair_pos=0),공정 값 23,부스팅
LightGBM,12,3.614717621162474e-05,0.11356513008555963,0.25,0.25,0.25,0.05405405405405406,0.75,0.028037383177570093,0.493421052631579,E2 앞쪽 부품 안 (pair_pos=0),공정 값 23,부스팅
LightGBM,13,8.558308238519943e-07,0.2088665609025207,0.6,0.6,0.8,0.08130081300813008,1.0,0.0423728813559322,0.8265486725663717,E2 앞쪽 부품 안 (pair_pos=0),공정 값 23,부스팅
LightGBM,14,0.00027145205775406785,0.07391879457096848,0.2,0.2,0.2,0.08450704225352113,0.6,0.045454545454545456,0.536283185840708,E2 앞쪽 부품 안 (pair_pos=0),공정 값 23,부스팅
LightGBM,15,0.014889492901263401,0.06785060842262852,0.0,0.2,0.4,0.0,0.0,0.0,0.6473684210526316,E2 앞쪽 부품 안 (pair_pos=0),공정 값 23,부스팅
LightGBM,16,0.0014131955189293582,0.07237554112554112,0.25,0.25,0.25,0.0784313725490196,0.5,0.0425531914893617,0.6030701754385965,E2 앞쪽 부품 안 (pair_pos=0),공정 값 23,부스팅
LightGBM,17,4.868868089333348e-06,0.12565053993625422,0.2,0.2,0.6,0.08264462809917356,1.0,0.04310344827586207,0.6353982300884956,E2 앞쪽 부품 안 (pair_pos=0),공정 값 23,부스팅
LightGBM,18,2.1354478564296467e-05,0.211001287001287,0.4,0.4,0.6,0.08849557522123894,1.0,0.046296296296296294,0.6513274336283186,E2 앞쪽 부품 안 (pair_pos=0),공정 값 23,부스팅
LightGBM,19,0.00203527751469512,0.03701233505450373,0.0,0.25,0.25,0.04878048780487805,0.25,0.02702702702702703,0.42324561403508776,E2 앞쪽 부품 안 (pair_pos=0),공정 값 23,부스팅
LightGBM,20,5.123205747704409e-05,0.06256655222172464,0.2,0.2,0.4,0.09523809523809523,1.0,0.05,0.5473684210526316,E2 앞쪽 부품 안 (pair_pos=0),공정 값 23,부스팅
LightGBM,21,0.002751278228701203,0.07108218783500073,0.0,0.4,0.4,0.13333333333333333,0.4,0.08,0.6123893805309735,E2 앞쪽 부품 안 (pair_pos=0),공정 값 23,부스팅
LightGBM,22,5.457730161433656e-07,0.0808080808080808,0.25,0.5,0.75,0.06557377049180328,1.0,0.03389830508474576,0.6842105263157895,E2 앞쪽 부품 안 (pair_pos=0),공정 값 23,부스팅
LightGBM,23,0.0003993422918232696,0.15081408604282315,0.25,0.25,0.25,0.03278688524590164,0.25,0.017543859649122806,0.45175438596491224,E2 앞쪽 부품 안 (pair_pos=0),공정 값 23,부스팅
LightGBM,24,0.0025415536407082263,0.06287304429526866,0.2,0.2,0.2,0.05263157894736842,0.2,0.030303030303030304,0.43362831858407075,E2 앞쪽 부품 안 (pair_pos=0),공정 값 23,부스팅
LightGBM,25,0.00838923656798258,0.04734209386161848,0.0,0.0,0.0,0.0,0.0,0.0,0.5017543859649123,E2 앞쪽 부품 안 (pair_pos=0),공정 값 23,부스팅
LightGBM,26,1.1492271337638799e-05,0.3069243156199678,0.25,0.5,0.5,0.06837606837606838,1.0,0.035398230088495575,0.7521929824561402,E2 앞쪽 부품 안 (pair_pos=0),공정 값 23,부스팅
LightGBM,27,0.005122274430352173,0.05300099575328933,0.0,0.2,0.2,0.06666666666666667,0.2,0.04,0.46194690265486726,E2 앞쪽 부품 안 (pair_pos=0),공정 값 23,부스팅
LightGBM,28,0.015042815655966067,0.13458491529721872,0.4,0.4,0.4,0.2857142857142857,0.4,0.2222222222222222,0.5469026548672566,E2 앞쪽 부품 안 (pair_pos=0),공정 값 23,부스팅
LightGBM,29,9.424183217923685e-05,0.05016749379652606,0.0,0.0,0.5,0.08333333333333333,1.0,0.043478260869565216,0.581140350877193,E2 앞쪽 부품 안 (pair_pos=0),공정 값 23,부스팅
LightGBM,30,0.005908714561989112,0.052254103421108124,0.0,0.0,0.2,0.0,0.0,0.0,0.5263157894736842,E2 앞쪽 부품 안 (pair_pos=0),공정 값 23,부스팅
LightGBM,31,0.0001482293380592954,0.20294361180112142,0.4,0.6,0.6,0.09195402298850575,0.8,0.04878048780487805,0.6247787610619469,E2 앞쪽 부품 안 (pair_pos=0),공정 값 23,부스팅
LightGBM,32,0.00026605589224852903,0.11449652777777777,0.5,0.5,0.5,0.08695652173913043,0.75,0.046153846153846156,0.6491228070175439,E2 앞쪽 부품 안 (pair_pos=0),공정 값 23,부스팅
LightGBM,33,0.0016437364727011528,0.05794483260036885,0.0,0.5,0.5,0.08163265306122448,0.5,0.044444444444444446,0.46710526315789475,E2 앞쪽 부품 안 (pair_pos=0),공정 값 23,부스팅
LightGBM,34,0.44946192469985013,0.05901300904977375,0.2,0.2,0.2,0.0,0.0,0.0,0.5486725663716814,E2 앞쪽 부품 안 (pair_pos=0),공정 값 23,부스팅
LightGBM,35,0.010829780948349126,0.050093958933319735,0.0,0.0,0.2,0.0,0.0,0.0,0.5017543859649123,E2 앞쪽 부품 안 (pair_pos=0),공정 값 23,부스팅
LightGBM,36,1.536853955740898e-05,0.06746945725669129,0.2,0.2,0.4,0.08620689655172414,1.0,0.04504504504504504,0.5309734513274336,E2 앞쪽 부품 안 (pair_pos=0),공정 값 23,부스팅
LightGBM,37,0.0030526895999930304,0.035827577942874576,0.0,0.0,0.0,0.0425531914893617,0.25,0.023255813953488372,0.44298245614035087,E2 앞쪽 부품 안 (pair_pos=0),공정 값 23,부스팅
LightGBM,38,0.019917989858437738,0.07516867516867518,0.2,0.2,0.2,0.125,0.2,0.09090909090909091,0.5433628318584072,E2 앞쪽 부품 안 (pair_pos=0),공정 값 23,부스팅
LightGBM,39,0.04824003226576028,0.12347408026755853,0.5,0.75,0.75,0.26666666666666666,0.5,0.18181818181818182,0.7039473684210527,E2 앞쪽 부품 안 (pair_pos=0),공정 값 23,부스팅
LightGBM,40,0.08194347388895833,0.06287638477412012,0.0,0.2,0.4,0.0,0.0,0.0,0.6052631578947368,E2 앞쪽 부품 안 (pair_pos=0),공정 값 23,부스팅
LightGBM,41,0.21435067795525117,0.048327669187819035,0.25,0.25,0.25,0.0,0.0,0.0,0.42543859649122806,E2 앞쪽 부품 안 (pair_pos=0),공정 값 23,부스팅
LightGBM,42,0.0017493124844372811,0.05474793314496143,0.0,0.0,0.4,0.0851063829787234,0.4,0.047619047619047616,0.5592920353982301,E2 앞쪽 부품 안 (pair_pos=0),공정 값 23,부스팅
LightGBM,43,0.0002772087328373592,0.08941457622498458,0.2,0.4,0.4,0.09876543209876543,0.8,0.05263157894736842,0.6389380530973452,E2 앞쪽 부품 안 (pair_pos=0),공정 값 23,부스팅
LightGBM,44,0.0008347193639697677,0.05358187134502924,0.25,0.25,0.25,0.03389830508474576,0.25,0.01818181818181818,0.43859649122807015,E2 앞쪽 부품 안 (pair_pos=0),공정 값 23,부스팅
LightGBM,45,0.0012617235071645818,0.06856019041593227,0.0,0.4,0.6,0.11538461538461539,0.6,0.06382978723404255,0.5596491228070176,E2 앞쪽 부품 안 (pair_pos=0),공정 값 23,부스팅
LightGBM,46,0.1401484349855616,0.038583200605953515,0.0,0.0,0.0,0.0,0.0,0.0,0.4451754385964913,E2 앞쪽 부품 안 (pair_pos=0),공정 값 23,부스팅
LightGBM,47,0.013623670269563749,0.0571738711326812,0.0,0.5,0.5,0.08333333333333333,0.25,0.05,0.5307017543859649,E2 앞쪽 부품 안 (pair_pos=0),공정 값 23,부스팅
LightGBM,48,0.0026310054142606107,0.1392468330670578,0.4,0.4,0.4,0.10256410256410256,0.4,0.058823529411764705,0.6991150442477876,E2 앞쪽 부품 안 (pair_pos=0),공정 값 23,부스팅
LightGBM,49,0.0001765258366288866,0.07397273612463486,0.2,0.2,0.2,0.07317073170731707,0.6,0.03896103896103896,0.5681415929203539,E2 앞쪽 부품 안 (pair_pos=0),공정 값 23,부스팅
CatBoost,0,0.5050207402430029,0.04624074074074075,0.0,0.0,0.4,0.0,0.0,0.0,0.4315789473684211,E2 앞쪽 부품 안 (pair_pos=0),공정 값 23,부스팅
CatBoost,1,0.11321048938610721,0.035322073493428995,0.0,0.0,0.25,0.0,0.0,0.0,0.39473684210526316,E2 앞쪽 부품 안 (pair_pos=0),공정 값 23,부스팅
CatBoost,2,0.012416619189709063,0.11045713845205057,0.5,0.5,0.5,0.057971014492753624,0.5,0.03076923076923077,0.5767543859649122,E2 앞쪽 부품 안 (pair_pos=0),공정 값 23,부스팅
CatBoost,3,0.034062057629850845,0.06766554545575888,0.0,0.4,0.4,0.11764705882352941,0.4,0.06896551724137931,0.5911504424778761,E2 앞쪽 부품 안 (pair_pos=0),공정 값 23,부스팅
CatBoost,4,0.030548696011240047,0.0755885662005613,0.0,0.4,0.6,0.13636363636363635,0.6,0.07692307692307693,0.6530973451327433,E2 앞쪽 부품 안 (pair_pos=0),공정 값 23,부스팅
CatBoost,5,0.08763055019272079,0.10256132756132756,0.2,0.6,0.8,0.09090909090909091,0.2,0.058823529411764705,0.7070175438596492,E2 앞쪽 부품 안 (pair_pos=0),공정 값 23,부스팅
CatBoost,6,0.06694747661807722,0.09853809044985515,0.2,0.2,0.2,0.07692307692307693,0.2,0.047619047619047616,0.4070796460176991,E2 앞쪽 부품 안 (pair_pos=0),공정 값 23,부스팅
CatBoost,7,0.01378748890611658,0.06687905699058018,0.0,0.4,0.4,0.09836065573770492,0.6,0.05357142857142857,0.5380530973451327,E2 앞쪽 부품 안 (pair_pos=0),공정 값 23,부스팅
CatBoost,8,0.6823362552816881,0.11738113711797922,0.5,0.75,0.75,0.0,0.0,0.0,0.7675438596491228,E2 앞쪽 부품 안 (pair_pos=0),공정 값 23,부스팅
CatBoost,9,0.17175083671104735,0.051499858497435096,0.0,0.25,0.5,0.0,0.0,0.0,0.5504385964912281,E2 앞쪽 부품 안 (pair_pos=0),공정 값 23,부스팅
CatBoost,10,0.06256056765268371,0.033218693253630346,0.0,0.0,0.0,0.0,0.0,0.0,0.27192982456140347,E2 앞쪽 부품 안 (pair_pos=0),공정 값 23,부스팅
CatBoost,11,0.000522694692837388,0.06657317182192025,0.25,0.25,0.25,0.06722689075630252,1.0,0.034782608695652174,0.5307017543859649,E2 앞쪽 부품 안 (pair_pos=0),공정 값 23,부스팅
CatBoost,12,0.031142670014965478,0.1144069801833777,0.25,0.25,0.25,0.05,0.25,0.027777777777777776,0.5394736842105263,E2 앞쪽 부품 안 (pair_pos=0),공정 값 23,부스팅
CatBoost,13,0.00016249581318806,0.1510429970200085,0.4,0.6,0.8,0.08130081300813008,1.0,0.0423728813559322,0.7734513274336283,E2 앞쪽 부품 안 (pair_pos=0),공정 값 23,부스팅
CatBoost,14,0.002145164379260757,0.05365707037409142,0.0,0.0,0.4,0.07920792079207921,0.8,0.041666666666666664,0.5309734513274337,E2 앞쪽 부품 안 (pair_pos=0),공정 값 23,부스팅
CatBoost,15,0.1718670054294234,0.05749529042386185,0.0,0.2,0.4,0.0,0.0,0.0,0.5175438596491229,E2 앞쪽 부품 안 (pair_pos=0),공정 값 23,부스팅
CatBoost,16,0.013063708693269728,0.04612152024485204,0.0,0.0,0.0,0.11428571428571428,1.0,0.06060606060606061,0.5679824561403509,E2 앞쪽 부품 안 (pair_pos=0),공정 값 23,부스팅
CatBoost,17,0.005350999365532418,0.13177908113391984,0.4,0.4,0.6,0.08791208791208792,0.8,0.046511627906976744,0.6778761061946903,E2 앞쪽 부품 안 (pair_pos=0),공정 값 23,부스팅
CatBoost,18,0.0004336623115501972,0.08678793758590023,0.2,0.4,0.4,0.08196721311475409,1.0,0.042735042735042736,0.6159292035398231,E2 앞쪽 부품 안 (pair_pos=0),공정 값 23,부스팅
CatBoost,19,0.2492100170460035,0.03863531798314407,0.0,0.25,0.25,0.0,0.0,0.0,0.4473684210526316,E2 앞쪽 부품 안 (pair_pos=0),공정 값 23,부스팅
CatBoost,20,0.01938316446732751,0.08351643214619621,0.2,0.4,0.4,0.10714285714285714,0.6,0.058823529411764705,0.5947368421052632,E2 앞쪽 부품 안 (pair_pos=0),공정 값 23,부스팅
CatBoost,21,0.005945819787793363,0.0608239813753802,0.0,0.2,0.4,0.07692307692307693,0.6,0.0410958904109589,0.5787610619469026,E2 앞쪽 부품 안 (pair_pos=0),공정 값 23,부스팅
CatBoost,22,0.10754407781488808,0.053456379685887886,0.0,0.0,0.25,0.0,0.0,0.0,0.631578947368421,E2 앞쪽 부품 안 (pair_pos=0),공정 값 23,부스팅
CatBoost,23,0.016412959231735576,0.27475099816942217,0.25,0.25,0.25,0.041666666666666664,0.25,0.022727272727272728,0.4320175438596491,E2 앞쪽 부품 안 (pair_pos=0),공정 값 23,부스팅
CatBoost,24,0.00819982742808113,0.05554348521294197,0.2,0.2,0.2,0.056338028169014086,0.4,0.030303030303030304,0.36460176991150445,E2 앞쪽 부품 안 (pair_pos=0),공정 값 23,부스팅
CatBoost,25,0.14638048362392528,0.06716682958618442,0.0,0.4,0.4,0.0,0.0,0.0,0.6070175438596491,E2 앞쪽 부품 안 (pair_pos=0),공정 값 23,부스팅
CatBoost,26,0.00055987183206329,0.05548470084070314,0.0,0.0,0.5,0.06896551724137931,1.0,0.03571428571428571,0.6359649122807017,E2 앞쪽 부품 안 (pair_pos=0),공정 값 23,부스팅
CatBoost,27,0.0006913000626481409,0.24336173089925628,0.2,0.2,0.4,0.08620689655172414,1.0,0.04504504504504504,0.5256637168141594,E2 앞쪽 부품 안 (pair_pos=0),공정 값 23,부스팅
CatBoost,28,0.2146100679899374,0.10843696776888717,0.4,0.4,0.4,0.2222222222222222,0.2,0.25,0.49557522123893805,E2 앞쪽 부품 안 (pair_pos=0),공정 값 23,부스팅
CatBoost,29,0.03634992672283371,0.0883982362413378,0.25,0.25,0.25,0.0975609756097561,0.5,0.05405405405405406,0.6907894736842105,E2 앞쪽 부품 안 (pair_pos=0),공정 값 23,부스팅
CatBoost,30,0.02624114261881617,0.06300710648536735,0.2,0.2,0.4,0.05714285714285714,0.2,0.03333333333333333,0.5368421052631579,E2 앞쪽 부품 안 (pair_pos=0),공정 값 23,부스팅
CatBoost,31,0.04827318895966527,0.12594278703344958,0.4,0.6,0.6,0.18181818181818182,0.6,0.10714285714285714,0.5964601769911505,E2 앞쪽 부품 안 (pair_pos=0),공정 값 23,부스팅
CatBoost,32,0.07093482178390031,0.15197092233609086,0.5,0.5,0.5,0.16,0.5,0.09523809523809523,0.5745614035087719,E2 앞쪽 부품 안 (pair_pos=0),공정 값 23,부스팅
CatBoost,33,0.24259825064731283,0.04744397759103641,0.0,0.25,0.25,0.0,0.0,0.0,0.5197368421052632,E2 앞쪽 부품 안 (pair_pos=0),공정 값 23,부스팅
CatBoost,34,0.2700455485463128,0.05578281400779987,0.0,0.2,0.4,0.0,0.0,0.0,0.5451327433628319,E2 앞쪽 부품 안 (pair_pos=0),공정 값 23,부스팅
CatBoost,35,0.08347431157785998,0.04257224474314297,0.0,0.0,0.0,0.0,0.0,0.0,0.4298245614035088,E2 앞쪽 부품 안 (pair_pos=0),공정 값 23,부스팅
CatBoost,36,0.015256408668047644,0.059340235236461654,0.0,0.4,0.4,0.07272727272727272,0.4,0.04,0.5469026548672566,E2 앞쪽 부품 안 (pair_pos=0),공정 값 23,부스팅
CatBoost,37,0.12155134759882834,0.04469975490196078,0.0,0.0,0.5,0.0,0.0,0.0,0.5328947368421053,E2 앞쪽 부품 안 (pair_pos=0),공정 값 23,부스팅
CatBoost,38,0.0004639222879696267,0.07822076297686054,0.2,0.2,0.2,0.08547008547008547,1.0,0.044642857142857144,0.511504424778761,E2 앞쪽 부품 안 (pair_pos=0),공정 값 23,부스팅
CatBoost,39,0.024586097339124858,0.11759504862953138,0.25,0.5,0.75,0.1276595744680851,0.75,0.06976744186046512,0.668859649122807,E2 앞쪽 부품 안 (pair_pos=0),공정 값 23,부스팅
CatBoost,40,0.04628750041776536,0.05482579965338586,0.0,0.0,0.2,0.058823529411764705,0.2,0.034482758620689655,0.5333333333333333,E2 앞쪽 부품 안 (pair_pos=0),공정 값 23,부스팅
CatBoost,41,0.19371233649856373,0.04426014591883265,0.0,0.25,0.25,0.0,0.0,0.0,0.48026315789473684,E2 앞쪽 부품 안 (pair_pos=0),공정 값 23,부스팅
CatBoost,42,0.0062492946150907915,0.05880050037064492,0.2,0.2,0.2,0.10526315789473684,0.8,0.056338028169014086,0.5469026548672566,E2 앞쪽 부품 안 (pair_pos=0),공정 값 23,부스팅
CatBoost,43,0.11481500338536843,0.167747880223054,0.2,0.4,0.4,0.11764705882352941,0.2,0.08333333333333333,0.6584070796460177,E2 앞쪽 부품 안 (pair_pos=0),공정 값 23,부스팅
CatBoost,44,0.00620708958791113,0.061776826115061405,0.25,0.25,0.25,0.047058823529411764,0.5,0.024691358024691357,0.4451754385964912,E2 앞쪽 부품 안 (pair_pos=0),공정 값 23,부스팅
CatBoost,45,0.005391185618843163,0.11670177930327061,0.2,0.6,0.6,0.09876543209876543,0.8,0.05263157894736842,0.6807017543859648,E2 앞쪽 부품 안 (pair_pos=0),공정 값 23,부스팅
CatBoost,46,0.06855182626703935,0.046430805433099014,0.0,0.25,0.25,0.0625,0.25,0.03571428571428571,0.5197368421052632,E2 앞쪽 부품 안 (pair_pos=0),공정 값 23,부스팅
CatBoost,47,0.23455968884560463,0.04747845364079586,0.0,0.0,0.5,0.0,0.0,0.0,0.5570175438596492,E2 앞쪽 부품 안 (pair_pos=0),공정 값 23,부스팅
CatBoost,48,0.058394120484167145,0.08283993840560527,0.0,0.4,0.8,0.09090909090909091,0.2,0.058823529411764705,0.6637168141592922,E2 앞쪽 부품 안 (pair_pos=0),공정 값 23,부스팅
CatBoost,49,0.00037470688165387283,0.08272338772338772,0.2,0.4,0.6,0.08333333333333333,1.0,0.043478260869565216,0.5663716814159292,E2 앞쪽 부품 안 (pair_pos=0),공정 값 23,부스팅
로지스틱 L2,0,0.05295612517521669,0.03479423309286679,0.0,0.0,0.2,0.07079646017699115,0.8,0.037037037037037035,0.2947368421052632,E2 앞쪽 부품 안 (pair_pos=0),공정 값 23 + 샷 내 파생,선형
로지스틱 L2,1,0.8691768338789901,0.05380059040428427,0.25,0.25,0.25,0.16666666666666666,0.25,0.125,0.3574561403508772,E2 앞쪽 부품 안 (pair_pos=0),공정 값 23 + 샷 내 파생,선형
로지스틱 L2,2,0.026744528399355316,0.028120565043110633,0.0,0.0,0.0,0.05263157894736842,0.75,0.02727272727272727,0.2828947368421053,E2 앞쪽 부품 안 (pair_pos=0),공정 값 23 + 샷 내 파생,선형
로지스틱 L2,3,0.003712034517131066,0.06324495016486249,0.0,0.4,0.4,0.08130081300813008,1.0,0.0423728813559322,0.5557522123893806,E2 앞쪽 부품 안 (pair_pos=0),공정 값 23 + 샷 내 파생,선형
로지스틱 L2,4,0.5210617109410102,0.04994765369765369,0.2,0.2,0.2,0.06060606060606061,0.2,0.03571428571428571,0.4194690265486726,E2 앞쪽 부품 안 (pair_pos=0),공정 값 23 + 샷 내 파생,선형
로지스틱 L2,5,0.008460005037363574,0.08544091710758377,0.2,0.4,0.6,0.08064516129032258,1.0,0.04201680672268908,0.6754385964912281,E2 앞쪽 부품 안 (pair_pos=0),공정 값 23 + 샷 내 파생,선형
로지스틱 L2,6,0.4851944801177486,0.050351653880306685,0.0,0.2,0.2,0.05,0.2,0.02857142857142857,0.44424778761061945,E2 앞쪽 부품 안 (pair_pos=0),공정 값 23 + 샷 내 파생,선형
로지스틱 L2,7,0.0011631615366024034,0.03218418438979888,0.0,0.0,0.0,0.08196721311475409,1.0,0.042735042735042736,0.24955752212389382,E2 앞쪽 부품 안 (pair_pos=0),공정 값 23 + 샷 내 파생,선형
로지스틱 L2,8,0.616164539742845,0.04593392912720644,0.0,0.0,0.25,0.0,0.0,0.0,0.5570175438596492,E2 앞쪽 부품 안 (pair_pos=0),공정 값 23 + 샷 내 파생,선형
로지스틱 L2,9,0.008922853505600358,0.026128969286829777,0.0,0.0,0.0,0.06722689075630252,1.0,0.034782608695652174,0.22587719298245612,E2 앞쪽 부품 안 (pair_pos=0),공정 값 23 + 샷 내 파생,선형
로지스틱 L2,10,0.7335553345906672,0.030074801309022906,0.0,0.0,0.0,0.0,0.0,0.0,0.20350877192982453,E2 앞쪽 부품 안 (pair_pos=0),공정 값 23 + 샷 내 파생,선형
로지스틱 L2,11,0.011969822948042115,0.06494360902255639,0.0,0.25,0.75,0.06611570247933884,1.0,0.03418803418803419,0.6929824561403509,E2 앞쪽 부품 안 (pair_pos=0),공정 값 23 + 샷 내 파생,선형
로지스틱 L2,12,0.9054942150028731,0.029299893101108657,0.0,0.0,0.0,0.0,0.0,0.0,0.31140350877192985,E2 앞쪽 부품 안 (pair_pos=0),공정 값 23 + 샷 내 파생,선형
로지스틱 L2,13,0.008206969177186203,0.04765617743207895,0.0,0.2,0.2,0.08130081300813008,1.0,0.0423728813559322,0.47079646017699117,E2 앞쪽 부품 안 (pair_pos=0),공정 값 23 + 샷 내 파생,선형
로지스틱 L2,14,0.3333387642005017,0.04059818640883249,0.0,0.2,0.2,0.028985507246376812,0.2,0.015625,0.2849557522123894,E2 앞쪽 부품 안 (pair_pos=0),공정 값 23 + 샷 내 파생,선형
로지스틱 L2,15,0.018178461387762666,0.0374107110241564,0.0,0.0,0.0,0.08130081300813008,1.0,0.0423728813559322,0.356140350877193,E2 앞쪽 부품 안 (pair_pos=0),공정 값 23 + 샷 내 파생,선형
로지스틱 L2,16,0.3515638734190879,0.041799148899268564,0.0,0.25,0.25,0.0625,0.5,0.03333333333333333,0.45175438596491235,E2 앞쪽 부품 안 (pair_pos=0),공정 값 23 + 샷 내 파생,선형
로지스틱 L2,17,0.04698264880597363,0.05310699443279318,0.2,0.2,0.2,0.08333333333333333,1.0,0.043478260869565216,0.4247787610619469,E2 앞쪽 부품 안 (pair_pos=0),공정 값 23 + 샷 내 파생,선형
로지스틱 L2,18,0.05545785731628416,0.05001095094099439,0.0,0.2,0.4,0.06722689075630252,0.8,0.03508771929824561,0.45840707964601773,E2 앞쪽 부품 안 (pair_pos=0),공정 값 23 + 샷 내 파생,선형
로지스틱 L2,19,0.0019593116502552082,0.050332214225403085,0.0,0.25,0.25,0.06611570247933884,1.0,0.03418803418803419,0.5789473684210527,E2 앞쪽 부품 안 (pair_pos=0),공정 값 23 + 샷 내 파생,선형
로지스틱 L2,20,0.40509200294291314,0.03434059937941401,0.0,0.0,0.0,0.0,0.0,0.0,0.30000000000000004,E2 앞쪽 부품 안 (pair_pos=0),공정 값 23 + 샷 내 파생,선형
로지스틱 L2,21,0.7532713378344927,0.034642927832075156,0.0,0.0,0.0,0.0,0.0,0.0,0.30442477876106194,E2 앞쪽 부품 안 (pair_pos=0),공정 값 23 + 샷 내 파생,선형
로지스틱 L2,22,0.0009287252604858983,0.060937776891724256,0.0,0.25,0.5,0.06611570247933884,1.0,0.03418803418803419,0.6403508771929824,E2 앞쪽 부품 안 (pair_pos=0),공정 값 23 + 샷 내 파생,선형
로지스틱 L2,23,0.04550250000601998,0.03593253423954525,0.0,0.25,0.25,0.06779661016949153,1.0,0.03508771929824561,0.3706140350877193,E2 앞쪽 부품 안 (pair_pos=0),공정 값 23 + 샷 내 파생,선형
로지스틱 L2,24,0.35172957437378743,0.028674308383887348,0.0,0.0,0.0,0.0,0.0,0.0,0.14690265486725662,E2 앞쪽 부품 안 (pair_pos=0),공정 값 23 + 샷 내 파생,선형
로지스틱 L2,25,0.4883152763144538,0.091804126752358,0.2,0.4,0.4,0.0784313725490196,0.4,0.043478260869565216,0.5105263157894737,E2 앞쪽 부품 안 (pair_pos=0),공정 값 23 + 샷 내 파생,선형
로지스틱 L2,26,0.007975595747126555,0.03862427339352178,0.0,0.0,0.0,0.06611570247933884,1.0,0.03418803418803419,0.48026315789473684,E2 앞쪽 부품 안 (pair_pos=0),공정 값 23 + 샷 내 파생,선형
로지스틱 L2,27,0.000664022750361519,0.04840878846496824,0.0,0.2,0.4,0.08130081300813008,1.0,0.0423728813559322,0.44070796460177,E2 앞쪽 부품 안 (pair_pos=0),공정 값 23 + 샷 내 파생,선형
로지스틱 L2,28,0.8910445792881739,0.0469081391421817,0.0,0.0,0.2,0.0,0.0,0.0,0.4902654867256637,E2 앞쪽 부품 안 (pair_pos=0),공정 값 23 + 샷 내 파생,선형
로지스틱 L2,29,2.591632227462084e-06,0.0328400509953908,0.0,0.0,0.0,0.06557377049180328,1.0,0.03389830508474576,0.38815789473684215,E2 앞쪽 부품 안 (pair_pos=0),공정 값 23 + 샷 내 파생,선형
로지스틱 L2,30,0.5232834255567135,0.052138161296517896,0.2,0.2,0.2,0.058823529411764705,0.2,0.034482758620689655,0.3929824561403509,E2 앞쪽 부품 안 (pair_pos=0),공정 값 23 + 샷 내 파생,선형
로지스틱 L2,31,0.013314475046112387,0.05395726906017781,0.0,0.2,0.2,0.08196721311475409,1.0,0.042735042735042736,0.4831858407079646,E2 앞쪽 부품 안 (pair_pos=0),공정 값 23 + 샷 내 파생,선형
로지스틱 L2,32,0.9807190916715425,0.03407706511932811,0.0,0.0,0.25,0.0,0.0,0.0,0.39035087719298245,E2 앞쪽 부품 안 (pair_pos=0),공정 값 23 + 샷 내 파생,선형
로지스틱 L2,33,0.007941940343913585,0.04960218759808363,0.0,0.25,0.25,0.06666666666666667,1.0,0.034482758620689655,0.5789473684210527,E2 앞쪽 부품 안 (pair_pos=0),공정 값 23 + 샷 내 파생,선형
로지스틱 L2,34,0.003882686679171017,0.047253096924096946,0.0,0.2,0.2,0.08130081300813008,1.0,0.0423728813559322,0.4194690265486726,E2 앞쪽 부품 안 (pair_pos=0),공정 값 23 + 샷 내 파생,선형
로지스틱 L2,35,0.0006189838585178087,0.08297491039426523,0.2,0.4,0.6,0.08130081300813008,1.0,0.0423728813559322,0.668421052631579,E2 앞쪽 부품 안 (pair_pos=0),공정 값 23 + 샷 내 파생,선형
로지스틱 L2,36,0.016389634057085482,0.04451326590400871,0.0,0.2,0.2,0.06722689075630252,0.8,0.03508771929824561,0.3734513274336283,E2 앞쪽 부품 안 (pair_pos=0),공정 값 23 + 샷 내 파생,선형
로지스틱 L2,37,2.675355595457924e-05,0.026706770241252998,0.0,0.0,0.0,0.06611570247933884,1.0,0.03418803418803419,0.23026315789473686,E2 앞쪽 부품 안 (pair_pos=0),공정 값 23 + 샷 내 파생,선형
로지스틱 L2,38,0.0027005945931017315,0.034125084635855035,0.0,0.0,0.0,0.08196721311475409,1.0,0.042735042735042736,0.28141592920353986,E2 앞쪽 부품 안 (pair_pos=0),공정 값 23 + 샷 내 파생,선형
로지스틱 L2,39,0.004812230755099651,0.03183692268891022,0.0,0.0,0.0,0.06557377049180328,1.0,0.03389830508474576,0.36184210526315785,E2 앞쪽 부품 안 (pair_pos=0),공정 값 23 + 샷 내 파생,선형
로지스틱 L2,40,0.003046969553338798,0.03440841124301068,0.0,0.0,0.2,0.08130081300813008,1.0,0.0423728813559322,0.2894736842105263,E2 앞쪽 부품 안 (pair_pos=0),공정 값 23 + 샷 내 파생,선형
로지스틱 L2,41,0.0013863358333040619,0.039416858438262016,0.0,0.25,0.25,0.06611570247933884,1.0,0.03418803418803419,0.4342105263157895,E2 앞쪽 부품 안 (pair_pos=0),공정 값 23 + 샷 내 파생,선형
로지스틱 L2,42,0.021286393925281134,0.040263076753154714,0.0,0.0,0.2,0.08264462809917356,1.0,0.04310344827586207,0.39646017699115044,E2 앞쪽 부품 안 (pair_pos=0),공정 값 23 + 샷 내 파생,선형
로지스틱 L2,43,0.004783123917608071,0.051069695202478615,0.0,0.2,0.2,0.08130081300813008,1.0,0.0423728813559322,0.5097345132743363,E2 앞쪽 부품 안 (pair_pos=0),공정 값 23 + 샷 내 파생,선형
로지스틱 L2,44,0.005247365090482912,0.03214676197604477,0.0,0.0,0.0,0.06557377049180328,1.0,0.03389830508474576,0.35745614035087714,E2 앞쪽 부품 안 (pair_pos=0),공정 값 23 + 샷 내 파생,선형
로지스틱 L2,45,0.004368111199288159,0.04687741089809441,0.0,0.0,0.2,0.08064516129032258,1.0,0.04201680672268908,0.4842105263157895,E2 앞쪽 부품 안 (pair_pos=0),공정 값 23 + 샷 내 파생,선형
로지스틱 L2,46,0.42140192443209973,0.033842640069690254,0.0,0.25,0.25,0.05263157894736842,0.25,0.029411764705882353,0.2960526315789474,E2 앞쪽 부품 안 (pair_pos=0),공정 값 23 + 샷 내 파생,선형
로지스틱 L2,47,0.8783455472409377,0.02673068965740184,0.0,0.0,0.0,0.0,0.0,0.0,0.2456140350877193,E2 앞쪽 부품 안 (pair_pos=0),공정 값 23 + 샷 내 파생,선형
로지스틱 L2,48,7.293662202369503e-06,0.0346211642037069,0.0,0.0,0.0,0.08130081300813008,1.0,0.0423728813559322,0.2991150442477876,E2 앞쪽 부품 안 (pair_pos=0),공정 값 23 + 샷 내 파생,선형
로지스틱 L2,49,0.12576873931380406,0.049481889269123315,0.0,0.2,0.2,0.07407407407407407,0.8,0.038834951456310676,0.44778761061946903,E2 앞쪽 부품 안 (pair_pos=0),공정 값 23 + 샷 내 파생,선형
랜덤포레스트,0,0.5229392996431661,0.033074749013633345,0.0,0.0,0.0,0.0,0.0,0.0,0.2789473684210526,E2 앞쪽 부품 안 (pair_pos=0),공정 값 23 + 샷 내 파생,트리
랜덤포레스트,1,0.1556500945027048,0.03159728689389706,0.0,0.0,0.25,0.045454545454545456,0.25,0.025,0.34649122807017546,E2 앞쪽 부품 안 (pair_pos=0),공정 값 23 + 샷 내 파생,트리
랜덤포레스트,2,0.10608932321600238,0.06817172545293061,0.0,0.5,0.5,0.0821917808219178,0.75,0.043478260869565216,0.6557017543859649,E2 앞쪽 부품 안 (pair_pos=0),공정 값 23 + 샷 내 파생,트리
랜덤포레스트,3,0.23177342654847527,0.06289589867400738,0.2,0.2,0.4,0.06666666666666667,0.2,0.04,0.5610619469026549,E2 앞쪽 부품 안 (pair_pos=0),공정 값 23 + 샷 내 파생,트리
랜덤포레스트,4,0.27588809233393896,0.058659292776939834,0.0,0.0,0.4,0.0,0.0,0.0,0.5946902654867257,E2 앞쪽 부품 안 (pair_pos=0),공정 값 23 + 샷 내 파생,트리
랜덤포레스트,5,0.36633832681992984,0.07253038968493122,0.2,0.4,0.6,0.0,0.0,0.0,0.5947368421052631,E2 앞쪽 부품 안 (pair_pos=0),공정 값 23 + 샷 내 파생,트리
랜덤포레스트,6,0.12032362027406954,0.03712233322419128,0.0,0.0,0.2,0.03389830508474576,0.2,0.018518518518518517,0.3345132743362832,E2 앞쪽 부품 안 (pair_pos=0),공정 값 23 + 샷 내 파생,트리
랜덤포레스트,7,0.010339912280701755,0.047160420702648365,0.0,0.0,0.2,0.08196721311475409,1.0,0.042735042735042736,0.48141592920353987,E2 앞쪽 부품 안 (pair_pos=0),공정 값 23 + 샷 내 파생,트리
랜덤포레스트,8,0.028034698016122163,0.07392159490437826,0.0,0.0,0.75,0.06896551724137931,1.0,0.03571428571428571,0.7390350877192983,E2 앞쪽 부품 안 (pair_pos=0),공정 값 23 + 샷 내 파생,트리
랜덤포레스트,9,0.1911579930805712,0.03304845689345187,0.0,0.0,0.25,0.0,0.0,0.0,0.3486842105263158,E2 앞쪽 부품 안 (pair_pos=0),공정 값 23 + 샷 내 파생,트리
랜덤포레스트,10,0.10743309376273232,0.03924411615465037,0.0,0.0,0.0,0.05,0.4,0.02666666666666667,0.380701754385965,E2 앞쪽 부품 안 (pair_pos=0),공정 값 23 + 샷 내 파생,트리
랜덤포레스트,11,0.18640901124123144,0.04844882929248255,0.0,0.25,0.25,0.05128205128205128,0.25,0.02857142857142857,0.5679824561403508,E2 앞쪽 부품 안 (pair_pos=0),공정 값 23 + 샷 내 파생,트리
랜덤포레스트,12,0.06180442125049969,0.03968607645078233,0.0,0.0,0.25,0.061855670103092786,0.75,0.03225806451612903,0.4758771929824562,E2 앞쪽 부품 안 (pair_pos=0),공정 값 23 + 샷 내 파생,트리
랜덤포레스트,13,0.0,0.060608634650128015,0.0,0.2,0.2,0.08130081300813008,1.0,0.0423728813559322,0.5752212389380531,E2 앞쪽 부품 안 (pair_pos=0),공정 값 23 + 샷 내 파생,트리
랜덤포레스트,14,0.31698765397757533,0.06146438746438747,0.0,0.4,0.4,0.0,0.0,0.0,0.5415929203539823,E2 앞쪽 부품 안 (pair_pos=0),공정 값 23 + 샷 내 파생,트리
랜덤포레스트,15,0.3399231207400848,0.042807277067309316,0.0,0.2,0.2,0.0,0.0,0.0,0.4245614035087719,E2 앞쪽 부품 안 (pair_pos=0),공정 값 23 + 샷 내 파생,트리
랜덤포레스트,16,0.06601868607849112,0.03943622643565435,0.0,0.25,0.25,0.07766990291262135,1.0,0.04040404040404041,0.4473684210526316,E2 앞쪽 부품 안 (pair_pos=0),공정 값 23 + 샷 내 파생,트리
랜덤포레스트,17,0.03423288748288748,0.06683559413998914,0.0,0.2,0.6,0.08849557522123894,1.0,0.046296296296296294,0.6070796460176991,E2 앞쪽 부품 안 (pair_pos=0),공정 값 23 + 샷 내 파생,트리
랜덤포레스트,18,0.012736369910282954,0.0653025493025493,0.0,0.2,0.4,0.08196721311475409,1.0,0.042735042735042736,0.5929203539823008,E2 앞쪽 부품 안 (pair_pos=0),공정 값 23 + 샷 내 파생,트리
랜덤포레스트,19,0.1670423376398978,0.05022198810308566,0.0,0.25,0.25,0.08695652173913043,0.5,0.047619047619047616,0.5307017543859649,E2 앞쪽 부품 안 (pair_pos=0),공정 값 23 + 샷 내 파생,트리
랜덤포레스트,20,0.04325749081699845,0.04022228629894142,0.0,0.0,0.2,0.08928571428571429,1.0,0.04672897196261682,0.40701754385964917,E2 앞쪽 부품 안 (pair_pos=0),공정 값 23 + 샷 내 파생,트리
랜덤포레스트,21,0.20661313225155672,0.06165688731633004,0.0,0.2,0.4,0.08,0.2,0.05,0.5646017699115045,E2 앞쪽 부품 안 (pair_pos=0),공정 값 23 + 샷 내 파생,트리
랜덤포레스트,22,0.10392423146712408,0.07731212260664631,0.25,0.25,0.5,0.10666666666666667,1.0,0.056338028169014086,0.7214912280701754,E2 앞쪽 부품 안 (pair_pos=0),공정 값 23 + 샷 내 파생,트리
랜덤포레스트,23,0.09739545447132256,0.05518461751338464,0.25,0.25,0.25,0.06666666666666667,0.5,0.03571428571428571,0.4868421052631579,E2 앞쪽 부품 안 (pair_pos=0),공정 값 23 + 샷 내 파생,트리
랜덤포레스트,24,0.04920959730345282,0.08234814861459978,0.2,0.2,0.2,0.07272727272727272,0.8,0.0380952380952381,0.4194690265486726,E2 앞쪽 부품 안 (pair_pos=0),공정 값 23 + 샷 내 파생,트리
랜덤포레스트,25,0.2891915109763184,0.05332903040734366,0.0,0.4,0.4,0.0,0.0,0.0,0.48596491228070177,E2 앞쪽 부품 안 (pair_pos=0),공정 값 23 + 샷 내 파생,트리
랜덤포레스트,26,0.05646752760059935,0.040041757443718226,0.0,0.0,0.25,0.08791208791208792,1.0,0.04597701149425287,0.49780701754385964,E2 앞쪽 부품 안 (pair_pos=0),공정 값 23 + 샷 내 파생,트리
랜덤포레스트,27,0.04910415597316419,0.07906047743446118,0.2,0.2,0.2,0.09259259259259259,1.0,0.04854368932038835,0.6212389380530974,E2 앞쪽 부품 안 (pair_pos=0),공정 값 23 + 샷 내 파생,트리
랜덤포레스트,28,0.12461544003156788,0.06074563159519806,0.0,0.4,0.4,0.09090909090909091,0.6,0.04918032786885246,0.5221238938053098,E2 앞쪽 부품 안 (pair_pos=0),공정 값 23 + 샷 내 파생,트리
랜덤포레스트,29,0.006197691197691198,0.06968595130359836,0.25,0.25,0.5,0.06557377049180328,1.0,0.03389830508474576,0.6622807017543859,E2 앞쪽 부품 안 (pair_pos=0),공정 값 23 + 샷 내 파생,트리
랜덤포레스트,30,0.006216931216931217,0.04544999958795447,0.0,0.0,0.2,0.08130081300813008,1.0,0.0423728813559322,0.4771929824561404,E2 앞쪽 부품 안 (pair_pos=0),공정 값 23 + 샷 내 파생,트리
랜덤포레스트,31,0.0077328431372549015,0.06147606103399068,0.0,0.4,0.4,0.08196721311475409,1.0,0.042735042735042736,0.5734513274336284,E2 앞쪽 부품 안 (pair_pos=0),공정 값 23 + 샷 내 파생,트리
랜덤포레스트,32,0.2473442180685854,0.05342683496961197,0.0,0.25,0.5,0.07692307692307693,0.25,0.045454545454545456,0.47807017543859653,E2 앞쪽 부품 안 (pair_pos=0),공정 값 23 + 샷 내 파생,트리
랜덤포레스트,33,0.03917828039726282,0.0681941380136675,0.0,0.5,0.5,0.05172413793103448,0.75,0.026785714285714284,0.47149122807017546,E2 앞쪽 부품 안 (pair_pos=0),공정 값 23 + 샷 내 파생,트리
랜덤포레스트,34,0.05115065884264802,0.04186228186228186,0.0,0.0,0.0,0.0784313725490196,0.8,0.041237113402061855,0.4265486725663717,E2 앞쪽 부품 안 (pair_pos=0),공정 값 23 + 샷 내 파생,트리
랜덤포레스트,35,0.3289254141663755,0.04789216605105022,0.0,0.0,0.4,0.0,0.0,0.0,0.49122807017543857,E2 앞쪽 부품 안 (pair_pos=0),공정 값 23 + 샷 내 파생,트리
랜덤포레스트,36,0.12166425483916735,0.038078361091986215,0.0,0.0,0.2,0.027777777777777776,0.2,0.014925373134328358,0.36106194690265486,E2 앞쪽 부품 안 (pair_pos=0),공정 값 23 + 샷 내 파생,트리
랜덤포레스트,37,0.29481506144672165,0.036382204396910284,0.0,0.0,0.25,0.0,0.0,0.0,0.4276315789473684,E2 앞쪽 부품 안 (pair_pos=0),공정 값 23 + 샷 내 파생,트리
랜덤포레스트,38,0.314974988797631,0.05252187467704709,0.0,0.2,0.4,0.0,0.0,0.0,0.41061946902654867,E2 앞쪽 부품 안 (pair_pos=0),공정 값 23 + 샷 내 파생,트리
랜덤포레스트,39,0.06334595989097358,0.07847740933342338,0.0,0.25,0.75,0.07339449541284404,1.0,0.0380952380952381,0.7258771929824561,E2 앞쪽 부품 안 (pair_pos=0),공정 값 23 + 샷 내 파생,트리
랜덤포레스트,40,0.22801868311631107,0.09920223320889247,0.2,0.2,0.6,0.0625,0.2,0.037037037037037035,0.5754385964912281,E2 앞쪽 부품 안 (pair_pos=0),공정 값 23 + 샷 내 파생,트리
랜덤포레스트,41,0.023786867072982075,0.03192125334982478,0.0,0.0,0.0,0.07079646017699115,1.0,0.03669724770642202,0.3684210526315789,E2 앞쪽 부품 안 (pair_pos=0),공정 값 23 + 샷 내 파생,트리
랜덤포레스트,42,0.00891037936913896,0.03782964782964783,0.0,0.0,0.2,0.08130081300813008,1.0,0.0423728813559322,0.3504424778761062,E2 앞쪽 부품 안 (pair_pos=0),공정 값 23 + 샷 내 파생,트리
랜덤포레스트,43,0.045571826522913486,0.05894927878288142,0.0,0.0,0.4,0.08771929824561403,1.0,0.045871559633027525,0.6,E2 앞쪽 부품 안 (pair_pos=0),공정 값 23 + 샷 내 파생,트리
랜덤포레스트,44,0.0364742702125499,0.04842367777150386,0.0,0.25,0.25,0.07207207207207207,1.0,0.037383177570093455,0.5767543859649122,E2 앞쪽 부품 안 (pair_pos=0),공정 값 23 + 샷 내 파생,트리
랜덤포레스트,45,0.21795690760422398,0.07569320469928989,0.2,0.4,0.4,0.15384615384615385,0.4,0.09523809523809523,0.5421052631578948,E2 앞쪽 부품 안 (pair_pos=0),공정 값 23 + 샷 내 파생,트리
랜덤포레스트,46,0.1535776334363468,0.03653846153846154,0.0,0.0,0.0,0.041666666666666664,0.25,0.022727272727272728,0.45175438596491224,E2 앞쪽 부품 안 (pair_pos=0),공정 값 23 + 샷 내 파생,트리
랜덤포레스트,47,0.46941547916474763,0.05661132345914955,0.25,0.25,0.25,0.0,0.0,0.0,0.5109649122807018,E2 앞쪽 부품 안 (pair_pos=0),공정 값 23 + 샷 내 파생,트리
랜덤포레스트,48,0.10477160783004752,0.048890849186773666,0.0,0.2,0.2,0.058823529411764705,0.4,0.031746031746031744,0.46194690265486726,E2 앞쪽 부품 안 (pair_pos=0),공정 값 23 + 샷 내 파생,트리
랜덤포레스트,49,0.09576237948317932,0.05424094644263764,0.0,0.4,0.4,0.06666666666666667,0.6,0.03529411764705882,0.46371681415929206,E2 앞쪽 부품 안 (pair_pos=0),공정 값 23 + 샷 내 파생,트리
엑스트라트리,0,0.1716269394490246,0.03830941740797916,0.0,0.0,0.0,0.0,0.0,0.0,0.37543859649122807,E2 앞쪽 부품 안 (pair_pos=0),공정 값 23 + 샷 내 파생,트리
엑스트라트리,1,0.1892486593796607,0.02969998828607214,0.0,0.0,0.0,0.0,0.0,0.0,0.29385964912280704,E2 앞쪽 부품 안 (pair_pos=0),공정 값 23 + 샷 내 파생,트리
엑스트라트리,2,0.0993325937857203,0.06347717323327079,0.25,0.5,0.5,0.06896551724137931,0.5,0.037037037037037035,0.5921052631578947,E2 앞쪽 부품 안 (pair_pos=0),공정 값 23 + 샷 내 파생,트리
엑스트라트리,3,0.2564173028096629,0.08234126984126983,0.0,0.4,0.6,0.0,0.0,0.0,0.6407079646017699,E2 앞쪽 부품 안 (pair_pos=0),공정 값 23 + 샷 내 파생,트리
엑스트라트리,4,0.00308868501529052,0.05680308751910591,0.0,0.2,0.2,0.08130081300813008,1.0,0.0423728813559322,0.5663716814159292,E2 앞쪽 부품 안 (pair_pos=0),공정 값 23 + 샷 내 파생,트리
엑스트라트리,5,0.006185700238797584,0.06873582697112109,0.0,0.4,0.4,0.08064516129032258,1.0,0.04201680672268908,0.5649122807017545,E2 앞쪽 부품 안 (pair_pos=0),공정 값 23 + 샷 내 파생,트리
엑스트라트리,6,0.1260817951919244,0.04239118617744127,0.0,0.2,0.2,0.0425531914893617,0.2,0.023809523809523808,0.36460176991150445,E2 앞쪽 부품 안 (pair_pos=0),공정 값 23 + 샷 내 파생,트리
엑스트라트리,7,0.017577266153291894,0.03717110830901747,0.0,0.0,0.2,0.08196721311475409,1.0,0.042735042735042736,0.32212389380530976,E2 앞쪽 부품 안 (pair_pos=0),공정 값 23 + 샷 내 파생,트리
엑스트라트리,8,0.0789210871935028,0.06479332149643335,0.0,0.0,0.5,0.1038961038961039,1.0,0.0547945205479452,0.699561403508772,E2 앞쪽 부품 안 (pair_pos=0),공정 값 23 + 샷 내 파생,트리
엑스트라트리,9,0.02338982753885498,0.027622758505111446,0.0,0.0,0.0,0.06956521739130435,1.0,0.036036036036036036,0.2456140350877193,E2 앞쪽 부품 안 (pair_pos=0),공정 값 23 + 샷 내 파생,트리
엑스트라트리,10,0.10110402959920246,0.047239519536628215,0.0,0.2,0.2,0.08695652173913043,0.6,0.046875,0.4596491228070176,E2 앞쪽 부품 안 (pair_pos=0),공정 값 23 + 샷 내 파생,트리
엑스트라트리,11,0.1546214941793585,0.08343185550082102,0.25,0.25,0.5,0.0625,0.25,0.03571428571428571,0.6052631578947368,E2 앞쪽 부품 안 (pair_pos=0),공정 값 23 + 샷 내 파생,트리
엑스트라트리,12,0.06295080145778659,0.0360016420361248,0.0,0.25,0.25,0.022988505747126436,0.25,0.012048192771084338,0.3706140350877193,E2 앞쪽 부품 안 (pair_pos=0),공정 값 23 + 샷 내 파생,트리
엑스트라트리,13,0.009330114084889806,0.05089107942654854,0.0,0.2,0.2,0.08196721311475409,1.0,0.042735042735042736,0.5274336283185841,E2 앞쪽 부품 안 (pair_pos=0),공정 값 23 + 샷 내 파생,트리
엑스트라트리,14,0.17185114169371205,0.04605900929671421,0.0,0.0,0.2,0.0,0.0,0.0,0.4849557522123894,E2 앞쪽 부품 안 (pair_pos=0),공정 값 23 + 샷 내 파생,트리
엑스트라트리,15,0.14051994977914944,0.047437151472687886,0.0,0.2,0.2,0.05714285714285714,0.2,0.03333333333333333,0.46842105263157896,E2 앞쪽 부품 안 (pair_pos=0),공정 값 23 + 샷 내 파생,트리
엑스트라트리,16,0.012017120809397238,0.04446851657329599,0.0,0.0,0.5,0.06557377049180328,1.0,0.03389830508474576,0.5328947368421053,E2 앞쪽 부품 안 (pair_pos=0),공정 값 23 + 샷 내 파생,트리
엑스트라트리,17,0.03615709330092814,0.06955838876570584,0.0,0.4,0.4,0.08620689655172414,1.0,0.04504504504504504,0.5716814159292035,E2 앞쪽 부품 안 (pair_pos=0),공정 값 23 + 샷 내 파생,트리
엑스트라트리,18,0.01550948771486149,0.0518737168552591,0.0,0.2,0.2,0.08130081300813008,1.0,0.0423728813559322,0.463716814159292,E2 앞쪽 부품 안 (pair_pos=0),공정 값 23 + 샷 내 파생,트리
엑스트라트리,19,0.025637544435783064,0.04885142766784133,0.0,0.0,0.5,0.06611570247933884,1.0,0.03418803418803419,0.5657894736842106,E2 앞쪽 부품 안 (pair_pos=0),공정 값 23 + 샷 내 파생,트리
엑스트라트리,20,0.05637782226269933,0.06181483119563615,0.0,0.2,0.2,0.09174311926605505,1.0,0.04807692307692308,0.6052631578947368,E2 앞쪽 부품 안 (pair_pos=0),공정 값 23 + 샷 내 파생,트리
엑스트라트리,21,0.2113299279492842,0.04353368957167905,0.0,0.0,0.2,0.0,0.0,0.0,0.4353982300884956,E2 앞쪽 부품 안 (pair_pos=0),공정 값 23 + 샷 내 파생,트리
엑스트라트리,22,0.011499612802314586,0.07767275029563507,0.25,0.5,0.5,0.06557377049180328,1.0,0.03389830508474576,0.6337719298245614,E2 앞쪽 부품 안 (pair_pos=0),공정 값 23 + 샷 내 파생,트리
엑스트라트리,23,0.08303593358131814,0.0399774356345599,0.0,0.25,0.25,0.03076923076923077,0.25,0.01639344262295082,0.2894736842105263,E2 앞쪽 부품 안 (pair_pos=0),공정 값 23 + 샷 내 파생,트리
엑스트라트리,24,0.04551986870567538,0.044683542264724964,0.2,0.2,0.2,0.05405405405405406,0.6,0.02830188679245283,0.31504424778761064,E2 앞쪽 부품 안 (pair_pos=0),공정 값 23 + 샷 내 파생,트리
엑스트라트리,25,0.17584134672479887,0.0546052895882156,0.0,0.0,0.6,0.0,0.0,0.0,0.5035087719298246,E2 앞쪽 부품 안 (pair_pos=0),공정 값 23 + 샷 내 파생,트리
엑스트라트리,26,0.023675141493252092,0.028089820936945762,0.0,0.0,0.0,0.06956521739130435,1.0,0.036036036036036036,0.27631578947368424,E2 앞쪽 부품 안 (pair_pos=0),공정 값 23 + 샷 내 파생,트리
엑스트라트리,27,0.008026179702650288,0.06175438777737171,0.0,0.2,0.4,0.08130081300813008,1.0,0.0423728813559322,0.5752212389380531,E2 앞쪽 부품 안 (pair_pos=0),공정 값 23 + 샷 내 파생,트리
엑스트라트리,28,0.11588999379700171,0.0592028433612592,0.0,0.2,0.4,0.10714285714285714,0.6,0.058823529411764705,0.5132743362831858,E2 앞쪽 부품 안 (pair_pos=0),공정 값 23 + 샷 내 파생,트리
엑스트라트리,29,0.01567875345856997,0.05523943563500182,0.25,0.25,0.25,0.06557377049180328,1.0,0.03389830508474576,0.5263157894736842,E2 앞쪽 부품 안 (pair_pos=0),공정 값 23 + 샷 내 파생,트리
엑스트라트리,30,0.011829756226192784,0.041002308821110486,0.0,0.0,0.2,0.08196721311475409,1.0,0.042735042735042736,0.39824561403508774,E2 앞쪽 부품 안 (pair_pos=0),공정 값 23 + 샷 내 파생,트리
엑스트라트리,31,0.16640268242257966,0.05664616324640298,0.0,0.2,0.4,0.0,0.0,0.0,0.5592920353982301,E2 앞쪽 부품 안 (pair_pos=0),공정 값 23 + 샷 내 파생,트리
엑스트라트리,32,0.09733575640741518,0.09431491464510332,0.25,0.5,0.5,0.06451612903225806,0.5,0.034482758620689655,0.5263157894736842,E2 앞쪽 부품 안 (pair_pos=0),공정 값 23 + 샷 내 파생,트리
엑스트라트리,33,0.11801128312359581,0.03533848092426803,0.0,0.0,0.25,0.037037037037037035,0.25,0.02,0.381578947368421,E2 앞쪽 부품 안 (pair_pos=0),공정 값 23 + 샷 내 파생,트리
엑스트라트리,34,0.019218753194398534,0.04876995148038317,0.0,0.0,0.0,0.08196721311475409,1.0,0.042735042735042736,0.5008849557522124,E2 앞쪽 부품 안 (pair_pos=0),공정 값 23 + 샷 내 파생,트리
엑스트라트리,35,0.2129832210031527,0.055045858446537865,0.2,0.2,0.2,0.0,0.0,0.0,0.41403508771929826,E2 앞쪽 부품 안 (pair_pos=0),공정 값 23 + 샷 내 파생,트리
엑스트라트리,36,0.16875222226629874,0.04335236661786153,0.0,0.0,0.2,0.0,0.0,0.0,0.42123893805309737,E2 앞쪽 부품 안 (pair_pos=0),공정 값 23 + 샷 내 파생,트리
엑스트라트리,37,0.09186962244176482,0.032766441147839845,0.0,0.0,0.0,0.057971014492753624,0.5,0.03076923076923077,0.37280701754385964,E2 앞쪽 부품 안 (pair_pos=0),공정 값 23 + 샷 내 파생,트리
엑스트라트리,38,0.05130744664977784,0.05509051953763059,0.0,0.2,0.4,0.06315789473684211,0.6,0.03333333333333333,0.49734513274336284,E2 앞쪽 부품 안 (pair_pos=0),공정 값 23 + 샷 내 파생,트리
엑스트라트리,39,0.050314862042225246,0.04944666272306024,0.0,0.25,0.25,0.07079646017699115,1.0,0.03669724770642202,0.5942982456140351,E2 앞쪽 부품 안 (pair_pos=0),공정 값 23 + 샷 내 파생,트리
엑스트라트리,40,0.15029489338507848,0.05186270312320732,0.0,0.0,0.2,0.05128205128205128,0.2,0.029411764705882353,0.5473684210526316,E2 앞쪽 부품 안 (pair_pos=0),공정 값 23 + 샷 내 파생,트리
엑스트라트리,41,0.2742531019869311,0.03015989811233276,0.0,0.0,0.25,0.0,0.0,0.0,0.2565789473684211,E2 앞쪽 부품 안 (pair_pos=0),공정 값 23 + 샷 내 파생,트리
엑스트라트리,42,0.016911580359224365,0.04389424414637958,0.0,0.0,0.2,0.08264462809917356,1.0,0.04310344827586207,0.43185840707964607,E2 앞쪽 부품 안 (pair_pos=0),공정 값 23 + 샷 내 파생,트리
엑스트라트리,43,0.003206349206349206,0.06292877862637758,0.0,0.2,0.4,0.08130081300813008,1.0,0.0423728813559322,0.6017699115044248,E2 앞쪽 부품 안 (pair_pos=0),공정 값 23 + 샷 내 파생,트리
엑스트라트리,44,0.02242590763358346,0.045098039215686274,0.0,0.0,0.5,0.06557377049180328,1.0,0.03389830508474576,0.5241228070175439,E2 앞쪽 부품 안 (pair_pos=0),공정 값 23 + 샷 내 파생,트리
엑스트라트리,45,0.037358105815039705,0.08837759813492876,0.2,0.4,0.6,0.07017543859649122,0.8,0.03669724770642202,0.5824561403508771,E2 앞쪽 부품 안 (pair_pos=0),공정 값 23 + 샷 내 파생,트리
엑스트라트리,46,0.24865402124862915,0.039332195582195584,0.0,0.25,0.25,0.0,0.0,0.0,0.44956140350877194,E2 앞쪽 부품 안 (pair_pos=0),공정 값 23 + 샷 내 파생,트리
엑스트라트리,47,0.2128651248350612,0.029862202632757864,0.0,0.0,0.0,0.0,0.0,0.0,0.3092105263157895,E2 앞쪽 부품 안 (pair_pos=0),공정 값 23 + 샷 내 파생,트리
엑스트라트리,48,0.010773040212568237,0.04512479777688548,0.0,0.2,0.2,0.08196721311475409,1.0,0.042735042735042736,0.41415929203539825,E2 앞쪽 부품 안 (pair_pos=0),공정 값 23 + 샷 내 파생,트리
엑스트라트리,49,0.04839977701507745,0.04743240929795659,0.0,0.0,0.2,0.07272727272727272,0.8,0.0380952380952381,0.4707964601769911,E2 앞쪽 부품 안 (pair_pos=0),공정 값 23 + 샷 내 파생,트리
GradientBoosting,0,0.00018873712269877702,0.03569499225972141,0.0,0.2,0.2,0.08064516129032258,1.0,0.04201680672268908,0.24385964912280705,E2 앞쪽 부품 안 (pair_pos=0),공정 값 23 + 샷 내 파생,부스팅
GradientBoosting,1,0.002236848317613954,0.03238663462676591,0.0,0.0,0.0,0.056338028169014086,0.5,0.029850746268656716,0.3728070175438597,E2 앞쪽 부품 안 (pair_pos=0),공정 값 23 + 샷 내 파생,부스팅
GradientBoosting,2,0.00035417745699927757,0.04687783967444984,0.0,0.0,0.5,0.06557377049180328,1.0,0.03389830508474576,0.5131578947368421,E2 앞쪽 부품 안 (pair_pos=0),공정 값 23 + 샷 내 파생,부스팅
GradientBoosting,3,0.00018585079164862544,0.10006002400960384,0.2,0.6,0.6,0.08130081300813008,1.0,0.0423728813559322,0.679646017699115,E2 앞쪽 부품 안 (pair_pos=0),공정 값 23 + 샷 내 파생,부스팅
GradientBoosting,4,0.006784624884606822,0.04275593542260209,0.0,0.0,0.0,0.0,0.0,0.0,0.4371681415929204,E2 앞쪽 부품 안 (pair_pos=0),공정 값 23 + 샷 내 파생,부스팅
GradientBoosting,5,0.0030982230705475,0.04492672229353872,0.0,0.0,0.2,0.057971014492753624,0.4,0.03125,0.45087719298245615,E2 앞쪽 부품 안 (pair_pos=0),공정 값 23 + 샷 내 파생,부스팅
GradientBoosting,6,0.001248820294816596,0.10016949152542373,0.2,0.4,0.4,0.07692307692307693,0.8,0.04040404040404041,0.5681415929203539,E2 앞쪽 부품 안 (pair_pos=0),공정 값 23 + 샷 내 파생,부스팅
GradientBoosting,7,0.0007382665298067825,0.06627465593778842,0.2,0.2,0.2,0.08264462809917356,1.0,0.04310344827586207,0.4300884955752212,E2 앞쪽 부품 안 (pair_pos=0),공정 값 23 + 샷 내 파생,부스팅
GradientBoosting,8,0.0005556951349683683,0.0974053724053724,0.25,0.25,0.5,0.06611570247933884,1.0,0.03418803418803419,0.6929824561403508,E2 앞쪽 부품 안 (pair_pos=0),공정 값 23 + 샷 내 파생,부스팅
GradientBoosting,9,0.0004395373200175432,0.028172708050756834,0.0,0.0,0.0,0.06557377049180328,1.0,0.03389830508474576,0.2741228070175439,E2 앞쪽 부품 안 (pair_pos=0),공정 값 23 + 샷 내 파생,부스팅
GradientBoosting,10,0.0010009063471817191,0.03804897810258144,0.0,0.2,0.2,0.05555555555555555,0.6,0.02912621359223301,0.30877192982456136,E2 앞쪽 부품 안 (pair_pos=0),공정 값 23 + 샷 내 파생,부스팅
GradientBoosting,11,0.0010463863376224806,0.06219127382511276,0.0,0.25,0.5,0.06722689075630252,1.0,0.034782608695652174,0.6513157894736842,E2 앞쪽 부품 안 (pair_pos=0),공정 값 23 + 샷 내 파생,부스팅
GradientBoosting,12,0.002366745870987288,0.02862211416428284,0.0,0.0,0.0,0.046511627906976744,0.5,0.024390243902439025,0.29385964912280704,E2 앞쪽 부품 안 (pair_pos=0),공정 값 23 + 샷 내 파생,부스팅
GradientBoosting,13,0.7439359474708983,0.038629643370020714,0.0,0.0,0.2,0.0,0.0,0.0,0.3734513274336283,E2 앞쪽 부품 안 (pair_pos=0),공정 값 23 + 샷 내 파생,부스팅
GradientBoosting,14,0.0004971103001384895,0.09893497183819765,0.4,0.4,0.6,0.08130081300813008,1.0,0.0423728813559322,0.6849557522123894,E2 앞쪽 부품 안 (pair_pos=0),공정 값 23 + 샷 내 파생,부스팅
GradientBoosting,15,0.00013526447746839586,0.10131864088352832,0.2,0.4,0.4,0.08064516129032258,1.0,0.04201680672268908,0.656140350877193,E2 앞쪽 부품 안 (pair_pos=0),공정 값 23 + 샷 내 파생,부스팅
GradientBoosting,16,0.2402112083570153,0.025012453674119882,0.0,0.0,0.0,0.0,0.0,0.0,0.17543859649122806,E2 앞쪽 부품 안 (pair_pos=0),공정 값 23 + 샷 내 파생,부스팅
GradientBoosting,17,0.0001262330820204201,0.05116046430657585,0.0,0.0,0.0,0.08130081300813008,1.0,0.0423728813559322,0.536283185840708,E2 앞쪽 부품 안 (pair_pos=0),공정 값 23 + 샷 내 파생,부스팅
GradientBoosting,18,0.0001736940811429543,0.04979370708094112,0.0,0.2,0.2,0.08130081300813008,1.0,0.0423728813559322,0.48849557522123893,E2 앞쪽 부품 안 (pair_pos=0),공정 값 23 + 샷 내 파생,부스팅
GradientBoosting,19,0.011158943865831545,0.03973484576932853,0.0,0.0,0.25,0.05405405405405406,0.25,0.030303030303030304,0.4714912280701754,E2 앞쪽 부품 안 (pair_pos=0),공정 값 23 + 샷 내 파생,부스팅
GradientBoosting,20,0.0009818636535752193,0.044756374575157964,0.0,0.0,0.0,0.09090909090909091,1.0,0.047619047619047616,0.4631578947368421,E2 앞쪽 부품 안 (pair_pos=0),공정 값 23 + 샷 내 파생,부스팅
GradientBoosting,21,0.002516983115702243,0.0529851833609226,0.0,0.4,0.4,0.075,0.6,0.04,0.4513274336283186,E2 앞쪽 부품 안 (pair_pos=0),공정 값 23 + 샷 내 파생,부스팅
GradientBoosting,22,0.0003245142651940044,0.06335351289020674,0.25,0.25,0.25,0.06557377049180328,1.0,0.03389830508474576,0.6206140350877193,E2 앞쪽 부품 안 (pair_pos=0),공정 값 23 + 샷 내 파생,부스팅
GradientBoosting,23,0.0009667156064543926,0.07210717975683106,0.25,0.5,0.5,0.05263157894736842,0.75,0.02727272727272727,0.5087719298245614,E2 앞쪽 부품 안 (pair_pos=0),공정 값 23 + 샷 내 파생,부스팅
GradientBoosting,24,0.00016219061380122894,0.040407363104731524,0.0,0.0,0.2,0.08130081300813008,1.0,0.0423728813559322,0.38761061946902653,E2 앞쪽 부품 안 (pair_pos=0),공정 값 23 + 샷 내 파생,부스팅
GradientBoosting,25,0.029830914689870713,0.045242189746628,0.0,0.0,0.4,0.0,0.0,0.0,0.43508771929824563,E2 앞쪽 부품 안 (pair_pos=0),공정 값 23 + 샷 내 파생,부스팅
GradientBoosting,26,0.00017071290719815351,0.16105510752688174,0.25,0.25,0.25,0.06557377049180328,1.0,0.03389830508474576,0.6096491228070176,E2 앞쪽 부품 안 (pair_pos=0),공정 값 23 + 샷 내 파생,부스팅
GradientBoosting,27,0.2396611017489017,0.03525190007948628,0.0,0.0,0.2,0.0,0.0,0.0,0.2849557522123894,E2 앞쪽 부품 안 (pair_pos=0),공정 값 23 + 샷 내 파생,부스팅
GradientBoosting,28,0.0017782402235540621,0.05036113095710619,0.0,0.0,0.0,0.11363636363636363,1.0,0.060240963855421686,0.5221238938053098,E2 앞쪽 부품 안 (pair_pos=0),공정 값 23 + 샷 내 파생,부스팅
GradientBoosting,29,0.0001440447329300622,0.04068604528750884,0.0,0.0,0.0,0.06557377049180328,1.0,0.03389830508474576,0.5087719298245614,E2 앞쪽 부품 안 (pair_pos=0),공정 값 23 + 샷 내 파생,부스팅
GradientBoosting,30,0.006032494631255614,0.04318030237701332,0.0,0.0,0.2,0.047619047619047616,0.2,0.02702702702702703,0.4403508771929825,E2 앞쪽 부품 안 (pair_pos=0),공정 값 23 + 샷 내 파생,부스팅
GradientBoosting,31,9.724241714865942e-05,0.1068561872909699,0.4,0.6,0.6,0.08130081300813008,1.0,0.0423728813559322,0.656637168141593,E2 앞쪽 부품 안 (pair_pos=0),공정 값 23 + 샷 내 파생,부스팅
GradientBoosting,32,0.01761672805846071,0.06718893164742532,0.25,0.25,0.25,0.11764705882352941,0.25,0.07692307692307693,0.43859649122807015,E2 앞쪽 부품 안 (pair_pos=0),공정 값 23 + 샷 내 파생,부스팅
GradientBoosting,33,0.0004049209367609957,0.028971172505655264,0.0,0.0,0.0,0.06557377049180328,1.0,0.03389830508474576,0.29824561403508776,E2 앞쪽 부품 안 (pair_pos=0),공정 값 23 + 샷 내 파생,부스팅
GradientBoosting,34,0.00021457795073889994,0.06471288515406162,0.0,0.2,0.4,0.08130081300813008,1.0,0.0423728813559322,0.6123893805309735,E2 앞쪽 부품 안 (pair_pos=0),공정 값 23 + 샷 내 파생,부스팅
GradientBoosting,35,0.00016055605115414777,0.0873019276321163,0.0,0.6,0.6,0.08064516129032258,1.0,0.04201680672268908,0.6631578947368422,E2 앞쪽 부품 안 (pair_pos=0),공정 값 23 + 샷 내 파생,부스팅
GradientBoosting,36,0.0013688673376861195,0.030618348451334612,0.0,0.0,0.0,0.057692307692307696,0.6,0.030303030303030304,0.20707964601769913,E2 앞쪽 부품 안 (pair_pos=0),공정 값 23 + 샷 내 파생,부스팅
GradientBoosting,37,0.6753980719867427,0.042529910176969,0.0,0.25,0.25,0.0,0.0,0.0,0.46271929824561403,E2 앞쪽 부품 안 (pair_pos=0),공정 값 23 + 샷 내 파생,부스팅
GradientBoosting,38,0.7537646648210432,0.03497203722890273,0.0,0.0,0.0,0.0,0.0,0.0,0.3079646017699115,E2 앞쪽 부품 안 (pair_pos=0),공정 값 23 + 샷 내 파생,부스팅
GradientBoosting,39,0.0003836823676442662,0.0404561592119409,0.0,0.0,0.0,0.06557377049180328,1.0,0.03389830508474576,0.5043859649122806,E2 앞쪽 부품 안 (pair_pos=0),공정 값 23 + 샷 내 파생,부스팅
GradientBoosting,40,0.00010592488066890237,0.06446827828850302,0.0,0.4,0.4,0.08064516129032258,1.0,0.04201680672268908,0.5824561403508772,E2 앞쪽 부품 안 (pair_pos=0),공정 값 23 + 샷 내 파생,부스팅
GradientBoosting,41,0.007580120569417744,0.043474576271186435,0.25,0.25,0.25,0.06060606060606061,0.25,0.034482758620689655,0.35307017543859653,E2 앞쪽 부품 안 (pair_pos=0),공정 값 23 + 샷 내 파생,부스팅
GradientBoosting,42,0.00033523069323484843,0.040270690494923385,0.0,0.0,0.0,0.0847457627118644,1.0,0.04424778761061947,0.40884955752212393,E2 앞쪽 부품 안 (pair_pos=0),공정 값 23 + 샷 내 파생,부스팅
GradientBoosting,43,0.00021204295505717507,0.03927255769361032,0.0,0.0,0.0,0.08130081300813008,1.0,0.0423728813559322,0.3858407079646018,E2 앞쪽 부품 안 (pair_pos=0),공정 값 23 + 샷 내 파생,부스팅
GradientBoosting,44,0.00028452610550681927,0.0458795742939452,0.0,0.25,0.25,0.06666666666666667,1.0,0.034482758620689655,0.5350877192982456,E2 앞쪽 부품 안 (pair_pos=0),공정 값 23 + 샷 내 파생,부스팅
GradientBoosting,45,0.0011718874177663256,0.046163075971549325,0.0,0.2,0.2,0.0847457627118644,1.0,0.04424778761061947,0.45087719298245615,E2 앞쪽 부품 안 (pair_pos=0),공정 값 23 + 샷 내 파생,부스팅
GradientBoosting,46,0.13331607017661154,0.055803836922815514,0.0,0.5,0.5,0.0,0.0,0.0,0.4736842105263158,E2 앞쪽 부품 안 (pair_pos=0),공정 값 23 + 샷 내 파생,부스팅
GradientBoosting,47,0.004341032482943164,0.04246694243107442,0.0,0.25,0.25,0.06779661016949153,0.5,0.03636363636363636,0.45394736842105265,E2 앞쪽 부품 안 (pair_pos=0),공정 값 23 + 샷 내 파생,부스팅
GradientBoosting,48,0.002687963903620342,0.03959303636708921,0.0,0.0,0.2,0.0821917808219178,0.6,0.04411764705882353,0.37699115044247783,E2 앞쪽 부품 안 (pair_pos=0),공정 값 23 + 샷 내 파생,부스팅
GradientBoosting,49,0.2938638509599682,0.13536800030746762,0.2,0.2,0.2,0.0,0.0,0.0,0.44601769911504424,E2 앞쪽 부품 안 (pair_pos=0),공정 값 23 + 샷 내 파생,부스팅
HistGradientBoosting,0,0.037677791631400455,0.033156995810794565,0.0,0.0,0.0,0.0,0.0,0.0,0.2771929824561403,E2 앞쪽 부품 안 (pair_pos=0),공정 값 23 + 샷 내 파생,부스팅
HistGradientBoosting,1,0.03865701501176468,0.02940325634554845,0.0,0.0,0.0,0.0,0.0,0.0,0.30701754385964913,E2 앞쪽 부품 안 (pair_pos=0),공정 값 23 + 샷 내 파생,부스팅
HistGradientBoosting,2,2.2305328010383253e-05,0.06758142434159264,0.25,0.5,0.5,0.07079646017699115,1.0,0.03669724770642202,0.5285087719298245,E2 앞쪽 부품 안 (pair_pos=0),공정 값 23 + 샷 내 파생,부스팅
HistGradientBoosting,3,0.0022600216968144157,0.10903121336177901,0.2,0.2,0.4,0.1,0.2,0.06666666666666667,0.672566371681416,E2 앞쪽 부품 안 (pair_pos=0),공정 값 23 + 샷 내 파생,부스팅
HistGradientBoosting,4,0.0015170712861271622,0.09166535381603778,0.4,0.4,0.4,0.23529411764705882,0.4,0.16666666666666666,0.44955752212389377,E2 앞쪽 부품 안 (pair_pos=0),공정 값 23 + 샷 내 파생,부스팅
HistGradientBoosting,5,2.2277040229103977e-05,0.0635874302316691,0.0,0.0,0.6,0.08130081300813008,1.0,0.0423728813559322,0.5771929824561404,E2 앞쪽 부품 안 (pair_pos=0),공정 값 23 + 샷 내 파생,부스팅
HistGradientBoosting,6,0.00022779672993579705,0.061285157337788915,0.2,0.2,0.4,0.10256410256410256,0.4,0.058823529411764705,0.37345132743362836,E2 앞쪽 부품 안 (pair_pos=0),공정 값 23 + 샷 내 파생,부스팅
HistGradientBoosting,7,1.943796762368691e-05,0.07687607832209212,0.0,0.0,0.6,0.08196721311475409,1.0,0.042735042735042736,0.695575221238938,E2 앞쪽 부품 안 (pair_pos=0),공정 값 23 + 샷 내 파생,부스팅
HistGradientBoosting,8,0.030145182580165616,0.07368010884634926,0.0,0.5,0.75,0.0,0.0,0.0,0.7302631578947368,E2 앞쪽 부품 안 (pair_pos=0),공정 값 23 + 샷 내 파생,부스팅
HistGradientBoosting,9,3.308774473411907e-05,0.030206133467003033,0.0,0.0,0.0,0.02702702702702703,0.25,0.014285714285714285,0.33333333333333337,E2 앞쪽 부품 안 (pair_pos=0),공정 값 23 + 샷 내 파생,부스팅
HistGradientBoosting,10,9.952923348812752e-05,0.05217543685628792,0.0,0.2,0.2,0.0784313725490196,0.4,0.043478260869565216,0.45087719298245615,E2 앞쪽 부품 안 (pair_pos=0),공정 값 23 + 샷 내 파생,부스팅
HistGradientBoosting,11,2.366513558354035e-05,0.052071158641109554,0.0,0.0,0.5,0.07766990291262135,1.0,0.04040404040404041,0.6140350877192982,E2 앞쪽 부품 안 (pair_pos=0),공정 값 23 + 샷 내 파생,부스팅
HistGradientBoosting,12,3.786641160555119e-05,0.056337380747223206,0.0,0.25,0.5,0.07792207792207792,0.75,0.0410958904109589,0.5899122807017544,E2 앞쪽 부품 안 (pair_pos=0),공정 값 23 + 샷 내 파생,부스팅
HistGradientBoosting,13,1.9745174004023258e-05,0.06753571778239709,0.0,0.2,0.2,0.08130081300813008,1.0,0.0423728813559322,0.6389380530973452,E2 앞쪽 부품 안 (pair_pos=0),공정 값 23 + 샷 내 파생,부스팅
HistGradientBoosting,14,0.0003610811043090771,0.1173986013986014,0.2,0.2,0.4,0.10810810810810811,0.4,0.0625,0.5876106194690266,E2 앞쪽 부품 안 (pair_pos=0),공정 값 23 + 샷 내 파생,부스팅
HistGradientBoosting,15,0.01076093632228103,0.03991165117222707,0.0,0.0,0.2,0.0,0.0,0.0,0.38070175438596493,E2 앞쪽 부품 안 (pair_pos=0),공정 값 23 + 샷 내 파생,부스팅
HistGradientBoosting,16,0.0004102333427450333,0.04825253978010786,0.0,0.25,0.25,0.04878048780487805,0.25,0.02702702702702703,0.5285087719298245,E2 앞쪽 부품 안 (pair_pos=0),공정 값 23 + 샷 내 파생,부스팅
HistGradientBoosting,17,2.1650224876533513e-05,0.11346441358688755,0.4,0.4,0.4,0.09090909090909091,1.0,0.047619047619047616,0.5823008849557523,E2 앞쪽 부품 안 (pair_pos=0),공정 값 23 + 샷 내 파생,부스팅
HistGradientBoosting,18,3.2958813710165375e-05,0.03314069264069264,0.0,0.0,0.0,0.047058823529411764,0.4,0.025,0.27256637168141595,E2 앞쪽 부품 안 (pair_pos=0),공정 값 23 + 샷 내 파생,부스팅
HistGradientBoosting,19,0.00038803753464057686,0.04518371400198609,0.0,0.25,0.25,0.06451612903225806,0.25,0.037037037037037035,0.506578947368421,E2 앞쪽 부품 안 (pair_pos=0),공정 값 23 + 샷 내 파생,부스팅
HistGradientBoosting,20,4.5154680748467194e-05,0.05246066863323501,0.0,0.2,0.2,0.0821917808219178,0.6,0.04411764705882353,0.5017543859649123,E2 앞쪽 부품 안 (pair_pos=0),공정 값 23 + 샷 내 파생,부스팅
HistGradientBoosting,21,0.00022101862250191787,0.06101830380851725,0.0,0.4,0.4,0.12903225806451613,0.4,0.07692307692307693,0.5398230088495575,E2 앞쪽 부품 안 (pair_pos=0),공정 값 23 + 샷 내 파생,부스팅
HistGradientBoosting,22,2.4492829473355512e-05,0.08276140933729673,0.25,0.5,0.5,0.061224489795918366,0.75,0.031914893617021274,0.6206140350877192,E2 앞쪽 부품 안 (pair_pos=0),공정 값 23 + 샷 내 파생,부스팅
HistGradientBoosting,23,5.671234562236006e-05,0.051878972691535005,0.0,0.25,0.25,0.0784313725490196,0.5,0.0425531914893617,0.5855263157894737,E2 앞쪽 부품 안 (pair_pos=0),공정 값 23 + 샷 내 파생,부스팅
HistGradientBoosting,24,4.087588391687864e-05,0.05574601815662354,0.2,0.2,0.2,0.05263157894736842,0.4,0.028169014084507043,0.4336283185840708,E2 앞쪽 부품 안 (pair_pos=0),공정 값 23 + 샷 내 파생,부스팅
HistGradientBoosting,25,7.285059990260194e-05,0.05144186707438512,0.0,0.2,0.2,0.0625,0.4,0.03389830508474576,0.45964912280701753,E2 앞쪽 부품 안 (pair_pos=0),공정 값 23 + 샷 내 파생,부스팅
HistGradientBoosting,26,2.8999788936856668e-05,0.042802390272559124,0.0,0.0,0.25,0.06818181818181818,0.75,0.03571428571428571,0.4868421052631579,E2 앞쪽 부품 안 (pair_pos=0),공정 값 23 + 샷 내 파생,부스팅
HistGradientBoosting,27,2.057101628890111e-05,0.04928455248558216,0.0,0.0,0.2,0.08130081300813008,1.0,0.0423728813559322,0.5132743362831859,E2 앞쪽 부품 안 (pair_pos=0),공정 값 23 + 샷 내 파생,부스팅
HistGradientBoosting,28,3.22604968607181e-05,0.05296744724460661,0.0,0.2,0.2,0.0963855421686747,0.8,0.05128205128205128,0.5008849557522125,E2 앞쪽 부품 안 (pair_pos=0),공정 값 23 + 샷 내 파생,부스팅
HistGradientBoosting,29,1.991883887295385e-05,0.06897405860852565,0.0,0.25,0.75,0.06722689075630252,1.0,0.034782608695652174,0.6951754385964912,E2 앞쪽 부품 안 (pair_pos=0),공정 값 23 + 샷 내 파생,부스팅
HistGradientBoosting,30,0.0011670471923696277,0.05622605779900613,0.0,0.0,0.2,0.0,0.0,0.0,0.5789473684210527,E2 앞쪽 부품 안 (pair_pos=0),공정 값 23 + 샷 내 파생,부스팅
HistGradientBoosting,31,0.00011552787873501111,0.06945001183618717,0.0,0.4,0.4,0.14814814814814814,0.4,0.09090909090909091,0.5964601769911505,E2 앞쪽 부품 안 (pair_pos=0),공정 값 23 + 샷 내 파생,부스팅
HistGradientBoosting,32,0.13530098347748687,0.07529981602457875,0.25,0.25,0.5,0.0,0.0,0.0,0.5635964912280701,E2 앞쪽 부품 안 (pair_pos=0),공정 값 23 + 샷 내 파생,부스팅
HistGradientBoosting,33,9.971828096523809e-05,0.048380477740876435,0.25,0.25,0.25,0.034482758620689655,0.25,0.018518518518518517,0.4671052631578947,E2 앞쪽 부품 안 (pair_pos=0),공정 값 23 + 샷 내 파생,부스팅
HistGradientBoosting,34,2.8738729624427633e-05,0.04498808022578514,0.0,0.0,0.0,0.0898876404494382,0.8,0.047619047619047616,0.46194690265486726,E2 앞쪽 부품 안 (pair_pos=0),공정 값 23 + 샷 내 파생,부스팅
HistGradientBoosting,35,0.0009508304120246387,0.0595464257964258,0.2,0.2,0.4,0.1111111111111111,0.2,0.07692307692307693,0.543859649122807,E2 앞쪽 부품 안 (pair_pos=0),공정 값 23 + 샷 내 파생,부스팅
HistGradientBoosting,36,6.40060943090598e-05,0.035861132331720565,0.0,0.0,0.0,0.03125,0.2,0.01694915254237288,0.3309734513274336,E2 앞쪽 부품 안 (pair_pos=0),공정 값 23 + 샷 내 파생,부스팅
HistGradientBoosting,37,2.165947542689715e-05,0.035443620298928946,0.0,0.0,0.0,0.06896551724137931,1.0,0.03571428571428571,0.43640350877192985,E2 앞쪽 부품 안 (pair_pos=0),공정 값 23 + 샷 내 파생,부스팅
HistGradientBoosting,38,0.0011839485957024969,0.03862619679505757,0.0,0.0,0.2,0.0,0.0,0.0,0.35575221238938054,E2 앞쪽 부품 안 (pair_pos=0),공정 값 23 + 샷 내 파생,부스팅
HistGradientBoosting,39,0.0020777839638941244,0.10053339980059821,0.25,0.25,0.75,0.11764705882352941,0.25,0.07692307692307693,0.6228070175438596,E2 앞쪽 부품 안 (pair_pos=0),공정 값 23 + 샷 내 파생,부스팅
HistGradientBoosting,40,8.77231160101118e-05,0.06493761140819963,0.0,0.4,0.6,0.10526315789473684,0.6,0.057692307692307696,0.5701754385964912,E2 앞쪽 부품 안 (pair_pos=0),공정 값 23 + 샷 내 파생,부스팅
HistGradientBoosting,41,0.03597941898371789,0.042529269224184485,0.0,0.0,0.25,0.0,0.0,0.0,0.5175438596491229,E2 앞쪽 부품 안 (pair_pos=0),공정 값 23 + 샷 내 파생,부스팅
HistGradientBoosting,42,0.005738224476536047,0.04663462563296751,0.0,0.0,0.2,0.0,0.0,0.0,0.45309734513274336,E2 앞쪽 부품 안 (pair_pos=0),공정 값 23 + 샷 내 파생,부스팅
HistGradientBoosting,43,1.7270351630160863e-05,0.05291373360938578,0.0,0.0,0.2,0.08130081300813008,1.0,0.0423728813559322,0.5185840707964602,E2 앞쪽 부품 안 (pair_pos=0),공정 값 23 + 샷 내 파생,부스팅
HistGradientBoosting,44,2.8780769096333978e-05,0.03446721199337541,0.0,0.0,0.0,0.06451612903225806,0.75,0.033707865168539325,0.3969298245614035,E2 앞쪽 부품 안 (pair_pos=0),공정 값 23 + 샷 내 파생,부스팅
HistGradientBoosting,45,0.010783999112020265,0.0813981288981289,0.0,0.4,0.4,0.0,0.0,0.0,0.6578947368421053,E2 앞쪽 부품 안 (pair_pos=0),공정 값 23 + 샷 내 파생,부스팅
HistGradientBoosting,46,0.00011295545956551866,0.03347616375970785,0.0,0.0,0.25,0.043478260869565216,0.25,0.023809523809523808,0.37280701754385964,E2 앞쪽 부품 안 (pair_pos=0),공정 값 23 + 샷 내 파생,부스팅
HistGradientBoosting,47,0.005002896567061971,0.05470035252643948,0.25,0.25,0.25,0.125,0.25,0.08333333333333333,0.48464912280701755,E2 앞쪽 부품 안 (pair_pos=0),공정 값 23 + 샷 내 파생,부스팅
HistGradientBoosting,48,0.0007781580495942814,0.059990810847112164,0.2,0.2,0.2,0.08333333333333333,0.2,0.05263157894736842,0.39823008849557523,E2 앞쪽 부품 안 (pair_pos=0),공정 값 23 + 샷 내 파생,부스팅
HistGradientBoosting,49,2.222149960154367e-05,0.07673115773115774,0.0,0.4,0.6,0.0847457627118644,1.0,0.04424778761061947,0.6212389380530974,E2 앞쪽 부품 안 (pair_pos=0),공정 값 23 + 샷 내 파생,부스팅
XGBoost,0,0.23685212433338165,0.03622793040788028,0.0,0.0,0.0,0.0,0.0,0.0,0.34210526315789475,E2 앞쪽 부품 안 (pair_pos=0),공정 값 23 + 샷 내 파생,부스팅
XGBoost,1,0.04938475787639618,0.03191207627118644,0.0,0.0,0.25,0.0,0.0,0.0,0.34210526315789475,E2 앞쪽 부품 안 (pair_pos=0),공정 값 23 + 샷 내 파생,부스팅
XGBoost,2,0.02180459164083004,0.11579004329004329,0.5,0.5,0.5,0.1,0.5,0.05555555555555555,0.5526315789473685,E2 앞쪽 부품 안 (pair_pos=0),공정 값 23 + 샷 내 파생,부스팅
XGBoost,3,0.001405577757395804,0.054354787159665206,0.0,0.2,0.2,0.09803921568627451,1.0,0.05154639175257732,0.5486725663716814,E2 앞쪽 부품 안 (pair_pos=0),공정 값 23 + 샷 내 파생,부스팅
XGBoost,4,0.06645884364843369,0.05299088181278347,0.0,0.2,0.2,0.07142857142857142,0.2,0.043478260869565216,0.536283185840708,E2 앞쪽 부품 안 (pair_pos=0),공정 값 23 + 샷 내 파생,부스팅
XGBoost,5,0.05867944657802582,0.08580033984706882,0.2,0.2,0.4,0.07407407407407407,0.2,0.045454545454545456,0.612280701754386,E2 앞쪽 부품 안 (pair_pos=0),공정 값 23 + 샷 내 파생,부스팅
XGBoost,6,0.008060664869844913,0.04569882740568199,0.0,0.0,0.4,0.07017543859649122,0.4,0.038461538461538464,0.40884955752212393,E2 앞쪽 부품 안 (pair_pos=0),공정 값 23 + 샷 내 파생,부스팅
XGBoost,7,0.004604488145560026,0.05908391608391608,0.0,0.0,0.2,0.14285714285714285,1.0,0.07692307692307693,0.6,E2 앞쪽 부품 안 (pair_pos=0),공정 값 23 + 샷 내 파생,부스팅
XGBoost,8,0.0018929680809378624,0.08009852216748768,0.0,0.25,0.75,0.07920792079207921,1.0,0.041237113402061855,0.7521929824561404,E2 앞쪽 부품 안 (pair_pos=0),공정 값 23 + 샷 내 파생,부스팅
XGBoost,9,0.00026787634124048054,0.029585343176882294,0.0,0.0,0.0,0.05128205128205128,0.75,0.02654867256637168,0.2960526315789474,E2 앞쪽 부품 안 (pair_pos=0),공정 값 23 + 샷 내 파생,부스팅
XGBoost,10,0.0826670229434967,0.04621166415284062,0.0,0.0,0.2,0.0,0.0,0.0,0.41228070175438597,E2 앞쪽 부품 안 (pair_pos=0),공정 값 23 + 샷 내 파생,부스팅
XGBoost,11,0.0014160432619974017,0.045501599849425936,0.0,0.25,0.25,0.0784313725490196,1.0,0.04081632653061224,0.5416666666666667,E2 앞쪽 부품 안 (pair_pos=0),공정 값 23 + 샷 내 파생,부스팅
XGBoost,12,0.015230116434395313,0.055249061283544044,0.25,0.25,0.5,0.07547169811320754,0.5,0.04081632653061224,0.4956140350877193,E2 앞쪽 부품 안 (pair_pos=0),공정 값 23 + 샷 내 파생,부스팅
XGBoost,13,9.182762732962146e-05,0.09040060468631897,0.2,0.2,0.6,0.08196721311475409,1.0,0.042735042735042736,0.6265486725663717,E2 앞쪽 부품 안 (pair_pos=0),공정 값 23 + 샷 내 파생,부스팅
XGBoost,14,0.00769696943461895,0.062090055910280634,0.0,0.2,0.4,0.08955223880597014,0.6,0.04838709677419355,0.5769911504424778,E2 앞쪽 부품 안 (pair_pos=0),공정 값 23 + 샷 내 파생,부스팅
XGBoost,15,0.0922461599111557,0.050557971014492754,0.0,0.2,0.2,0.0,0.0,0.0,0.5175438596491228,E2 앞쪽 부품 안 (pair_pos=0),공정 값 23 + 샷 내 파생,부스팅
XGBoost,16,0.002700437791645527,0.04505639571256941,0.0,0.0,0.0,0.08163265306122448,1.0,0.0425531914893617,0.5592105263157895,E2 앞쪽 부품 안 (pair_pos=0),공정 값 23 + 샷 내 파생,부스팅
XGBoost,17,0.0002456204092595726,0.06910709886319642,0.2,0.2,0.4,0.08264462809917356,1.0,0.04310344827586207,0.6070796460176991,E2 앞쪽 부품 안 (pair_pos=0),공정 값 23 + 샷 내 파생,부스팅
XGBoost,18,0.0015897569246590137,0.07734352361634309,0.2,0.2,0.4,0.10416666666666667,1.0,0.054945054945054944,0.6,E2 앞쪽 부품 안 (pair_pos=0),공정 값 23 + 샷 내 파생,부스팅
XGBoost,19,0.02455092966556549,0.05738304093567251,0.25,0.25,0.25,0.0851063829787234,0.5,0.046511627906976744,0.4671052631578947,E2 앞쪽 부품 안 (pair_pos=0),공정 값 23 + 샷 내 파생,부스팅
XGBoost,20,0.0034706771839410067,0.06928439337255547,0.2,0.2,0.6,0.06315789473684211,0.6,0.03333333333333333,0.5526315789473684,E2 앞쪽 부품 안 (pair_pos=0),공정 값 23 + 샷 내 파생,부스팅
XGBoost,21,0.05758741870522499,0.09900198680922535,0.2,0.2,0.6,0.08695652173913043,0.2,0.05555555555555555,0.5769911504424778,E2 앞쪽 부품 안 (pair_pos=0),공정 값 23 + 샷 내 파생,부스팅
XGBoost,22,0.00034104217775166035,0.06819918265813789,0.0,0.25,0.5,0.06837606837606838,1.0,0.035398230088495575,0.6907894736842105,E2 앞쪽 부품 안 (pair_pos=0),공정 값 23 + 샷 내 파생,부스팅
XGBoost,23,0.002350014401599765,0.07589664663091769,0.25,0.25,0.25,0.06976744186046512,0.75,0.036585365853658534,0.44956140350877194,E2 앞쪽 부품 안 (pair_pos=0),공정 값 23 + 샷 내 파생,부스팅
XGBoost,24,0.027938731014728546,0.04392014895328238,0.0,0.2,0.2,0.05263157894736842,0.2,0.030303030303030304,0.34513274336283184,E2 앞쪽 부품 안 (pair_pos=0),공정 값 23 + 샷 내 파생,부스팅
XGBoost,25,0.010957229882478714,0.06943610925004634,0.2,0.2,0.2,0.09523809523809523,0.6,0.05172413793103448,0.5491228070175439,E2 앞쪽 부품 안 (pair_pos=0),공정 값 23 + 샷 내 파생,부스팅
XGBoost,26,0.0010028062388300896,0.06213376231428333,0.25,0.25,0.25,0.07766990291262135,1.0,0.04040404040404041,0.6425438596491229,E2 앞쪽 부품 안 (pair_pos=0),공정 값 23 + 샷 내 파생,부스팅
XGBoost,27,0.00012712205352727324,0.06546433214339226,0.2,0.4,0.4,0.08130081300813008,1.0,0.0423728813559322,0.5398230088495575,E2 앞쪽 부품 안 (pair_pos=0),공정 값 23 + 샷 내 파생,부스팅
XGBoost,28,0.023032216355204582,0.08716393499669416,0.2,0.2,0.2,0.04878048780487805,0.2,0.027777777777777776,0.48849557522123893,E2 앞쪽 부품 안 (pair_pos=0),공정 값 23 + 샷 내 파생,부스팅
XGBoost,29,6.079321974539198e-05,0.06510096263385737,0.0,0.5,0.5,0.06557377049180328,1.0,0.03389830508474576,0.5942982456140351,E2 앞쪽 부품 안 (pair_pos=0),공정 값 23 + 샷 내 파생,부스팅
XGBoost,30,0.043317072093486786,0.04455977323865462,0.0,0.2,0.2,0.06451612903225806,0.2,0.038461538461538464,0.4298245614035088,E2 앞쪽 부품 안 (pair_pos=0),공정 값 23 + 샷 내 파생,부스팅
XGBoost,31,0.0072907861322164536,0.08762954090815028,0.2,0.4,0.4,0.12307692307692308,0.8,0.06666666666666667,0.6159292035398231,E2 앞쪽 부품 안 (pair_pos=0),공정 값 23 + 샷 내 파생,부스팅
XGBoost,32,0.03445519134402275,0.09447945845004668,0.25,0.5,0.75,0.12121212121212122,0.5,0.06896551724137931,0.6513157894736843,E2 앞쪽 부품 안 (pair_pos=0),공정 값 23 + 샷 내 파생,부스팅
XGBoost,33,0.004502756986767054,0.0502415373069479,0.0,0.25,0.5,0.043478260869565216,0.5,0.022727272727272728,0.46052631578947373,E2 앞쪽 부품 안 (pair_pos=0),공정 값 23 + 샷 내 파생,부스팅
XGBoost,34,0.0019146366976201534,0.06284937284937285,0.0,0.2,0.2,0.1,1.0,0.05263157894736842,0.6176991150442478,E2 앞쪽 부품 안 (pair_pos=0),공정 값 23 + 샷 내 파생,부스팅
XGBoost,35,0.00043670262675732374,0.05013233121670688,0.0,0.2,0.2,0.0847457627118644,1.0,0.04424778761061947,0.5,E2 앞쪽 부품 안 (pair_pos=0),공정 값 23 + 샷 내 파생,부스팅
XGBoost,36,0.010894673876464367,0.050936108709217956,0.0,0.0,0.2,0.125,0.8,0.06779661016949153,0.5079646017699115,E2 앞쪽 부품 안 (pair_pos=0),공정 값 23 + 샷 내 파생,부스팅
XGBoost,37,0.0037036866415292025,0.04125630658649526,0.0,0.25,0.25,0.06741573033707865,0.75,0.03529411764705882,0.4956140350877193,E2 앞쪽 부품 안 (pair_pos=0),공정 값 23 + 샷 내 파생,부스팅
XGBoost,38,0.00012617872562259436,0.062068676673253144,0.2,0.2,0.2,0.08264462809917356,1.0,0.04310344827586207,0.3433628318584071,E2 앞쪽 부품 안 (pair_pos=0),공정 값 23 + 샷 내 파생,부스팅
XGBoost,39,0.012541146948933601,0.07442053978082981,0.25,0.5,0.5,0.07692307692307693,0.5,0.041666666666666664,0.631578947368421,E2 앞쪽 부품 안 (pair_pos=0),공정 값 23 + 샷 내 파생,부스팅
XGBoost,40,0.006365738809108734,0.056109590192972805,0.0,0.2,0.2,0.07792207792207792,0.6,0.041666666666666664,0.5596491228070175,E2 앞쪽 부품 안 (pair_pos=0),공정 값 23 + 샷 내 파생,부스팅
XGBoost,41,0.22847604751586914,0.05522852577609214,0.25,0.25,0.25,0.0,0.0,0.0,0.4166666666666667,E2 앞쪽 부품 안 (pair_pos=0),공정 값 23 + 샷 내 파생,부스팅
XGBoost,42,0.00025432679103687406,0.04952945009871006,0.0,0.0,0.2,0.08403361344537816,1.0,0.043859649122807015,0.5185840707964602,E2 앞쪽 부품 안 (pair_pos=0),공정 값 23 + 샷 내 파생,부스팅
XGBoost,43,0.0021487039048224688,0.07311542739796356,0.2,0.2,0.4,0.10101010101010101,1.0,0.05319148936170213,0.6053097345132743,E2 앞쪽 부품 안 (pair_pos=0),공정 값 23 + 샷 내 파생,부스팅
XGBoost,44,0.010088643990457058,0.036244457297088875,0.0,0.0,0.25,0.05714285714285714,0.5,0.030303030303030304,0.4166666666666667,E2 앞쪽 부품 안 (pair_pos=0),공정 값 23 + 샷 내 파생,부스팅
XGBoost,45,0.0017573703080415726,0.09917106869738448,0.2,0.6,0.6,0.07920792079207921,0.8,0.041666666666666664,0.6456140350877194,E2 앞쪽 부품 안 (pair_pos=0),공정 값 23 + 샷 내 파생,부스팅
XGBoost,46,0.0036107702180743217,0.053419842457313856,0.0,0.25,0.5,0.05128205128205128,0.5,0.02702702702702703,0.5043859649122807,E2 앞쪽 부품 안 (pair_pos=0),공정 값 23 + 샷 내 파생,부스팅
XGBoost,47,0.10309619456529617,0.03906065893406856,0.0,0.25,0.25,0.08695652173913043,0.25,0.05263157894736842,0.4166666666666667,E2 앞쪽 부품 안 (pair_pos=0),공정 값 23 + 샷 내 파생,부스팅
XGBoost,48,0.04265293478965759,0.048211000526685054,0.0,0.2,0.2,0.06060606060606061,0.2,0.03571428571428571,0.47433628318584076,E2 앞쪽 부품 안 (pair_pos=0),공정 값 23 + 샷 내 파생,부스팅
XGBoost,49,0.00021974857372697443,0.05369509062854017,0.0,0.4,0.4,0.08130081300813008,1.0,0.0423728813559322,0.4938053097345133,E2 앞쪽 부품 안 (pair_pos=0),공정 값 23 + 샷 내 파생,부스팅
LightGBM,0,0.002258887119843414,0.03482203518951248,0.0,0.0,0.0,0.0,0.0,0.0,0.3157894736842105,E2 앞쪽 부품 안 (pair_pos=0),공정 값 23 + 샷 내 파생,부스팅
LightGBM,1,0.008609381763464785,0.033422276956759714,0.0,0.0,0.25,0.0,0.0,0.0,0.35307017543859653,E2 앞쪽 부품 안 (pair_pos=0),공정 값 23 + 샷 내 파생,부스팅
LightGBM,2,1.2487028975214986e-05,0.130496228194248,0.5,0.5,0.5,0.07017543859649122,1.0,0.03636363636363636,0.5526315789473684,E2 앞쪽 부품 안 (pair_pos=0),공정 값 23 + 샷 내 파생,부스팅
LightGBM,3,1.4698366068789069e-05,0.05919090513118801,0.0,0.0,0.4,0.09090909090909091,1.0,0.047619047619047616,0.5858407079646017,E2 앞쪽 부품 안 (pair_pos=0),공정 값 23 + 샷 내 파생,부스팅
LightGBM,4,0.002584160311711114,0.05241604465742397,0.0,0.2,0.2,0.06666666666666667,0.2,0.04,0.5203539823008849,E2 앞쪽 부품 안 (pair_pos=0),공정 값 23 + 샷 내 파생,부스팅
LightGBM,5,0.0005780811336091774,0.06254861291158932,0.0,0.2,0.6,0.10714285714285714,0.6,0.058823529411764705,0.5736842105263158,E2 앞쪽 부품 안 (pair_pos=0),공정 값 23 + 샷 내 파생,부스팅
LightGBM,6,0.0057255529613110655,0.0571701381622725,0.0,0.4,0.4,0.0,0.0,0.0,0.463716814159292,E2 앞쪽 부품 안 (pair_pos=0),공정 값 23 + 샷 내 파생,부스팅
LightGBM,7,3.630742628283666e-06,0.06161192113717981,0.0,0.2,0.2,0.08333333333333333,1.0,0.043478260869565216,0.6194690265486725,E2 앞쪽 부품 안 (pair_pos=0),공정 값 23 + 샷 내 파생,부스팅
LightGBM,8,0.01509332624506666,0.08304367201426026,0.25,0.25,0.75,0.0,0.0,0.0,0.7609649122807017,E2 앞쪽 부품 안 (pair_pos=0),공정 값 23 + 샷 내 파생,부스팅
LightGBM,9,5.177289058518654e-06,0.033262130345689755,0.0,0.0,0.25,0.06722689075630252,1.0,0.034782608695652174,0.368421052631579,E2 앞쪽 부품 안 (pair_pos=0),공정 값 23 + 샷 내 파생,부스팅
LightGBM,10,0.0006594275970520999,0.04027703945550406,0.0,0.0,0.2,0.0392156862745098,0.2,0.021739130434782608,0.368421052631579,E2 앞쪽 부품 안 (pair_pos=0),공정 값 23 + 샷 내 파생,부스팅
LightGBM,11,0.0017143555890164386,0.03659281150515372,0.0,0.0,0.25,0.05,0.25,0.027777777777777776,0.4517543859649123,E2 앞쪽 부품 안 (pair_pos=0),공정 값 23 + 샷 내 파생,부스팅
LightGBM,12,2.6101733937647307e-05,0.054180571301687346,0.25,0.25,0.25,0.06060606060606061,0.75,0.031578947368421054,0.49561403508771934,E2 앞쪽 부품 안 (pair_pos=0),공정 값 23 + 샷 내 파생,부스팅
LightGBM,13,3.862999686065513e-07,0.07173968448148432,0.2,0.4,0.4,0.08130081300813008,1.0,0.0423728813559322,0.5734513274336284,E2 앞쪽 부품 안 (pair_pos=0),공정 값 23 + 샷 내 파생,부스팅
LightGBM,14,5.395588266809973e-05,0.04888103259307237,0.0,0.2,0.2,0.0898876404494382,0.8,0.047619047619047616,0.4902654867256637,E2 앞쪽 부품 안 (pair_pos=0),공정 값 23 + 샷 내 파생,부스팅
LightGBM,15,7.69425525528314e-07,0.049497415798581273,0.0,0.2,0.2,0.08064516129032258,1.0,0.04201680672268908,0.5052631578947369,E2 앞쪽 부품 안 (pair_pos=0),공정 값 23 + 샷 내 파생,부스팅
LightGBM,16,6.762003010932257e-05,0.03544128553505898,0.0,0.0,0.0,0.08080808080808081,1.0,0.042105263157894736,0.4342105263157895,E2 앞쪽 부품 안 (pair_pos=0),공정 값 23 + 샷 내 파생,부스팅
LightGBM,17,4.1278398394663086e-07,0.09980401310462086,0.2,0.4,0.4,0.08130081300813008,1.0,0.0423728813559322,0.5893805309734513,E2 앞쪽 부품 안 (pair_pos=0),공정 값 23 + 샷 내 파생,부스팅
LightGBM,18,0.0006251532373966744,0.07463589469207446,0.2,0.4,0.6,0.13953488372093023,0.6,0.07894736842105263,0.5646017699115045,E2 앞쪽 부품 안 (pair_pos=0),공정 값 23 + 샷 내 파생,부스팅
LightGBM,19,0.00013946308422557808,0.03887171855921856,0.0,0.25,0.25,0.04878048780487805,0.5,0.02564102564102564,0.3969298245614035,E2 앞쪽 부품 안 (pair_pos=0),공정 값 23 + 샷 내 파생,부스팅
LightGBM,20,0.0006916454665080528,0.0713277854831253,0.2,0.2,0.6,0.09375,0.6,0.05084745762711865,0.5912280701754387,E2 앞쪽 부품 안 (pair_pos=0),공정 값 23 + 샷 내 파생,부스팅
LightGBM,21,0.00019950445839482013,0.0714564644977016,0.2,0.2,0.4,0.08571428571428572,0.6,0.046153846153846156,0.5221238938053097,E2 앞쪽 부품 안 (pair_pos=0),공정 값 23 + 샷 내 파생,부스팅
LightGBM,22,1.3100662823956754e-06,0.07179299458711223,0.0,0.5,0.5,0.06557377049180328,1.0,0.03389830508474576,0.6228070175438597,E2 앞쪽 부품 안 (pair_pos=0),공정 값 23 + 샷 내 파생,부스팅
LightGBM,23,3.155198057436931e-05,0.05656771799628942,0.25,0.25,0.25,0.07920792079207921,1.0,0.041237113402061855,0.5350877192982456,E2 앞쪽 부품 안 (pair_pos=0),공정 값 23 + 샷 내 파생,부스팅
LightGBM,24,0.0005946003106673528,0.04418534680458189,0.0,0.2,0.2,0.045454545454545456,0.2,0.02564102564102564,0.3805309734513274,E2 앞쪽 부품 안 (pair_pos=0),공정 값 23 + 샷 내 파생,부스팅
LightGBM,25,0.006649795324265809,0.05961379849257789,0.0,0.0,0.4,0.0,0.0,0.0,0.5859649122807018,E2 앞쪽 부품 안 (pair_pos=0),공정 값 23 + 샷 내 파생,부스팅
LightGBM,26,4.441203228272033e-06,0.054487850512269814,0.0,0.5,0.5,0.06611570247933884,1.0,0.03418803418803419,0.5657894736842105,E2 앞쪽 부품 안 (pair_pos=0),공정 값 23 + 샷 내 파생,부스팅
LightGBM,27,6.889239972675349e-07,0.0632875457875458,0.2,0.4,0.4,0.08130081300813008,1.0,0.0423728813559322,0.4814159292035398,E2 앞쪽 부품 안 (pair_pos=0),공정 값 23 + 샷 내 파생,부스팅
LightGBM,28,0.0004631718099755125,0.061691798299374795,0.2,0.2,0.2,0.038461538461538464,0.2,0.02127659574468085,0.511504424778761,E2 앞쪽 부품 안 (pair_pos=0),공정 값 23 + 샷 내 파생,부스팅
LightGBM,29,6.552438671891888e-05,0.06359168381311335,0.0,0.5,0.5,0.06896551724137931,0.75,0.03614457831325301,0.5877192982456141,E2 앞쪽 부품 안 (pair_pos=0),공정 값 23 + 샷 내 파생,부스팅
LightGBM,30,0.00032326511269645676,0.046483350586611454,0.0,0.2,0.2,0.07692307692307693,0.4,0.0425531914893617,0.4456140350877193,E2 앞쪽 부품 안 (pair_pos=0),공정 값 23 + 샷 내 파생,부스팅
LightGBM,31,6.899681301605533e-05,0.059800424166621347,0.2,0.2,0.4,0.08888888888888889,0.8,0.047058823529411764,0.5185840707964602,E2 앞쪽 부품 안 (pair_pos=0),공정 값 23 + 샷 내 파생,부스팅
LightGBM,32,0.0007854585331145107,0.1289295029553438,0.25,0.5,0.5,0.08333333333333333,0.5,0.045454545454545456,0.618421052631579,E2 앞쪽 부품 안 (pair_pos=0),공정 값 23 + 샷 내 파생,부스팅
LightGBM,33,1.2948030172058213e-05,0.04909222266561296,0.0,0.25,0.5,0.05042016806722689,0.75,0.02608695652173913,0.4210526315789474,E2 앞쪽 부품 안 (pair_pos=0),공정 값 23 + 샷 내 파생,부스팅
LightGBM,34,1.9689328865446985e-06,0.05816677375597916,0.0,0.2,0.4,0.08130081300813008,1.0,0.0423728813559322,0.5557522123893806,E2 앞쪽 부품 안 (pair_pos=0),공정 값 23 + 샷 내 파생,부스팅
LightGBM,35,0.0005910065965221618,0.05021884845234238,0.0,0.0,0.2,0.07272727272727272,0.4,0.04,0.5228070175438597,E2 앞쪽 부품 안 (pair_pos=0),공정 값 23 + 샷 내 파생,부스팅
LightGBM,36,4.098412969144683e-06,0.04499370392642669,0.0,0.0,0.2,0.08196721311475409,1.0,0.042735042735042736,0.45486725663716815,E2 앞쪽 부품 안 (pair_pos=0),공정 값 23 + 샷 내 파생,부스팅
LightGBM,37,0.0005201739148011957,0.03937420178799489,0.0,0.0,0.25,0.03636363636363636,0.25,0.0196078431372549,0.48464912280701755,E2 앞쪽 부품 안 (pair_pos=0),공정 값 23 + 샷 내 파생,부스팅
LightGBM,38,0.0028134350982306606,0.08388516703055689,0.2,0.2,0.2,0.09523809523809523,0.2,0.0625,0.43716814159292033,E2 앞쪽 부품 안 (pair_pos=0),공정 값 23 + 샷 내 파생,부스팅
LightGBM,39,0.0009340970233543719,0.07435497727524665,0.25,0.25,0.5,0.09302325581395349,0.5,0.05128205128205128,0.625,E2 앞쪽 부품 안 (pair_pos=0),공정 값 23 + 샷 내 파생,부스팅
LightGBM,40,0.00013840147487125977,0.05354160532137383,0.0,0.2,0.4,0.08,0.6,0.04285714285714286,0.4964912280701754,E2 앞쪽 부품 안 (pair_pos=0),공정 값 23 + 샷 내 파생,부스팅
LightGBM,41,0.030939288813303607,0.03199685326435635,0.0,0.0,0.25,0.0,0.0,0.0,0.3048245614035088,E2 앞쪽 부품 안 (pair_pos=0),공정 값 23 + 샷 내 파생,부스팅
LightGBM,42,2.4346215575125143e-06,0.048736193023159714,0.0,0.2,0.2,0.08196721311475409,1.0,0.042735042735042736,0.47787610619469023,E2 앞쪽 부품 안 (pair_pos=0),공정 값 23 + 샷 내 파생,부스팅
LightGBM,43,8.156458671426709e-07,0.0572492888454864,0.0,0.2,0.2,0.08130081300813008,1.0,0.0423728813559322,0.5415929203539823,E2 앞쪽 부품 안 (pair_pos=0),공정 값 23 + 샷 내 파생,부스팅
LightGBM,44,0.0025758084738890727,0.032224121296569014,0.0,0.0,0.0,0.0,0.0,0.0,0.37719298245614036,E2 앞쪽 부품 안 (pair_pos=0),공정 값 23 + 샷 내 파생,부스팅
LightGBM,45,2.7616669459298817e-07,0.06737388881316918,0.0,0.4,0.6,0.08064516129032258,1.0,0.04201680672268908,0.5771929824561404,E2 앞쪽 부품 안 (pair_pos=0),공정 값 23 + 샷 내 파생,부스팅
LightGBM,46,0.00019177983957507553,0.04833608836607337,0.0,0.25,0.25,0.08823529411764706,0.75,0.046875,0.5175438596491229,E2 앞쪽 부품 안 (pair_pos=0),공정 값 23 + 샷 내 파생,부스팅
LightGBM,47,0.003974213079555977,0.048908559931897085,0.25,0.25,0.25,0.06451612903225806,0.25,0.037037037037037035,0.4122807017543859,E2 앞쪽 부품 안 (pair_pos=0),공정 값 23 + 샷 내 파생,부스팅
LightGBM,48,0.00022268626003362117,0.05012298346219942,0.0,0.2,0.2,0.031746031746031744,0.2,0.017241379310344827,0.47256637168141596,E2 앞쪽 부품 안 (pair_pos=0),공정 값 23 + 샷 내 파생,부스팅
LightGBM,49,3.4805893638861135e-05,0.048307165861513686,0.0,0.0,0.2,0.08,0.8,0.042105263157894736,0.5008849557522124,E2 앞쪽 부품 안 (pair_pos=0),공정 값 23 + 샷 내 파생,부스팅
CatBoost,0,0.05739682851899228,0.03323830167048165,0.0,0.0,0.0,0.0,0.0,0.0,0.2807017543859649,E2 앞쪽 부품 안 (pair_pos=0),공정 값 23 + 샷 내 파생,부스팅
CatBoost,1,0.06177855081516178,0.02884746896740376,0.0,0.0,0.0,0.0,0.0,0.0,0.29605263157894735,E2 앞쪽 부품 안 (pair_pos=0),공정 값 23 + 샷 내 파생,부스팅
CatBoost,2,0.003644229289471824,0.040300874908168034,0.0,0.0,0.5,0.04597701149425287,0.5,0.024096385542168676,0.4057017543859649,E2 앞쪽 부품 안 (pair_pos=0),공정 값 23 + 샷 내 파생,부스팅
CatBoost,3,0.12865535307840192,0.049351523152729886,0.0,0.0,0.0,0.0,0.0,0.0,0.511504424778761,E2 앞쪽 부품 안 (pair_pos=0),공정 값 23 + 샷 내 파생,부스팅
CatBoost,4,0.06060756903864913,0.05773012934777641,0.0,0.2,0.4,0.08,0.2,0.05,0.504424778761062,E2 앞쪽 부품 안 (pair_pos=0),공정 값 23 + 샷 내 파생,부스팅
CatBoost,5,0.01235164024020408,0.07708219676304782,0.2,0.2,0.4,0.08823529411764706,0.6,0.047619047619047616,0.5508771929824562,E2 앞쪽 부품 안 (pair_pos=0),공정 값 23 + 샷 내 파생,부스팅
CatBoost,6,0.03834877777569635,0.03920295640479127,0.0,0.0,0.0,0.0,0.0,0.0,0.36283185840707965,E2 앞쪽 부품 안 (pair_pos=0),공정 값 23 + 샷 내 파생,부스팅
CatBoost,7,7.241097879262381e-05,0.055404658234846915,0.0,0.2,0.2,0.08130081300813008,1.0,0.0423728813559322,0.536283185840708,E2 앞쪽 부품 안 (pair_pos=0),공정 값 23 + 샷 내 파생,부스팅
CatBoost,8,0.0004145970033106996,0.12709686147186144,0.5,0.75,0.75,0.06666666666666667,1.0,0.034482758620689655,0.7916666666666667,E2 앞쪽 부품 안 (pair_pos=0),공정 값 23 + 샷 내 파생,부스팅
CatBoost,9,0.0053462523696190915,0.03695700450311517,0.0,0.0,0.25,0.057971014492753624,0.5,0.03076923076923077,0.41008771929824567,E2 앞쪽 부품 안 (pair_pos=0),공정 값 23 + 샷 내 파생,부스팅
CatBoost,10,0.20535366204699315,0.038355821872875395,0.0,0.0,0.2,0.0,0.0,0.0,0.3508771929824561,E2 앞쪽 부품 안 (pair_pos=0),공정 값 23 + 샷 내 파생,부스팅
CatBoost,11,0.0038826479939832815,0.04432918325814107,0.0,0.25,0.25,0.0625,0.75,0.03260869565217391,0.5131578947368421,E2 앞쪽 부품 안 (pair_pos=0),공정 값 23 + 샷 내 파생,부스팅
CatBoost,12,0.008851450257462019,0.04882636520567555,0.0,0.25,0.5,0.06896551724137931,0.5,0.037037037037037035,0.5635964912280702,E2 앞쪽 부품 안 (pair_pos=0),공정 값 23 + 샷 내 파생,부스팅
CatBoost,13,0.0001649201147692855,0.061141134309419046,0.0,0.0,0.6,0.08196721311475409,1.0,0.042735042735042736,0.5557522123893806,E2 앞쪽 부품 안 (pair_pos=0),공정 값 23 + 샷 내 파생,부스팅
CatBoost,14,0.003650950398767501,0.06461863369620424,0.2,0.2,0.2,0.08888888888888889,0.8,0.047058823529411764,0.5061946902654868,E2 앞쪽 부품 안 (pair_pos=0),공정 값 23 + 샷 내 파생,부스팅
CatBoost,15,0.11048377301772368,0.050214793704708424,0.2,0.2,0.2,0.0,0.0,0.0,0.40877192982456145,E2 앞쪽 부품 안 (pair_pos=0),공정 값 23 + 샷 내 파생,부스팅
CatBoost,16,0.003139245383107175,0.04826827788451815,0.0,0.0,0.5,0.07766990291262135,1.0,0.04040404040404041,0.5811403508771931,E2 앞쪽 부품 안 (pair_pos=0),공정 값 23 + 샷 내 파생,부스팅
CatBoost,17,0.0003137485951119356,0.08201821167338408,0.0,0.6,0.6,0.08196721311475409,1.0,0.042735042735042736,0.663716814159292,E2 앞쪽 부품 안 (pair_pos=0),공정 값 23 + 샷 내 파생,부스팅
CatBoost,18,0.00092481909473009,0.05984404736610029,0.0,0.2,0.4,0.06779661016949153,0.8,0.035398230088495575,0.5150442477876106,E2 앞쪽 부품 안 (pair_pos=0),공정 값 23 + 샷 내 파생,부스팅
CatBoost,19,0.06901202099140688,0.03824025487256372,0.0,0.25,0.25,0.0,0.0,0.0,0.43640350877192985,E2 앞쪽 부품 안 (pair_pos=0),공정 값 23 + 샷 내 파생,부스팅
CatBoost,20,0.0060051703880566795,0.046246263021194625,0.0,0.0,0.2,0.06896551724137931,0.6,0.036585365853658534,0.4824561403508772,E2 앞쪽 부품 안 (pair_pos=0),공정 값 23 + 샷 내 파생,부스팅
CatBoost,21,0.1289143123345614,0.11736601460005715,0.2,0.4,0.6,0.2222222222222222,0.2,0.25,0.6513274336283186,E2 앞쪽 부품 안 (pair_pos=0),공정 값 23 + 샷 내 파생,부스팅
CatBoost,22,0.004358864025677665,0.0740319055944056,0.0,0.25,0.75,0.06666666666666667,0.75,0.03488372093023256,0.6754385964912282,E2 앞쪽 부품 안 (pair_pos=0),공정 값 23 + 샷 내 파생,부스팅
CatBoost,23,0.036267573183689526,0.03885847376858019,0.0,0.25,0.25,0.07407407407407407,0.25,0.043478260869565216,0.3925438596491228,E2 앞쪽 부품 안 (pair_pos=0),공정 값 23 + 샷 내 파생,부스팅
CatBoost,24,0.016294190830056284,0.04159951796209447,0.0,0.2,0.2,0.0392156862745098,0.2,0.021739130434782608,0.3610619469026549,E2 앞쪽 부품 안 (pair_pos=0),공정 값 23 + 샷 내 파생,부스팅
CatBoost,25,0.03871039985407461,0.06718111346018323,0.2,0.2,0.2,0.05405405405405406,0.2,0.03125,0.5684210526315789,E2 앞쪽 부품 안 (pair_pos=0),공정 값 23 + 샷 내 파생,부스팅
CatBoost,26,0.00020880360657674432,0.04408602150537634,0.0,0.25,0.25,0.06557377049180328,1.0,0.03389830508474576,0.5285087719298246,E2 앞쪽 부품 안 (pair_pos=0),공정 값 23 + 샷 내 파생,부스팅
CatBoost,27,8.565330611333534e-05,0.08358764630258678,0.2,0.4,0.4,0.08130081300813008,1.0,0.0423728813559322,0.5734513274336284,E2 앞쪽 부품 안 (pair_pos=0),공정 값 23 + 샷 내 파생,부스팅
CatBoost,28,0.04741118451655378,0.039653028131289,0.0,0.0,0.0,0.0,0.0,0.0,0.3787610619469027,E2 앞쪽 부품 안 (pair_pos=0),공정 값 23 + 샷 내 파생,부스팅
CatBoost,29,0.00013636846273161658,0.05296979006656426,0.0,0.25,0.5,0.06557377049180328,1.0,0.03389830508474576,0.581140350877193,E2 앞쪽 부품 안 (pair_pos=0),공정 값 23 + 샷 내 파생,부스팅
CatBoost,30,0.001158850994637273,0.06131909835894656,0.2,0.2,0.2,0.07692307692307693,0.8,0.04040404040404041,0.4789473684210527,E2 앞쪽 부품 안 (pair_pos=0),공정 값 23 + 샷 내 파생,부스팅
CatBoost,31,0.01201698367770472,0.0693413667553519,0.2,0.2,0.2,0.041666666666666664,0.2,0.023255813953488372,0.5203539823008849,E2 앞쪽 부품 안 (pair_pos=0),공정 값 23 + 샷 내 파생,부스팅
CatBoost,32,0.07768541734557609,0.06878969654199012,0.25,0.25,0.5,0.09090909090909091,0.25,0.05555555555555555,0.5197368421052632,E2 앞쪽 부품 안 (pair_pos=0),공정 값 23 + 샷 내 파생,부스팅
CatBoost,33,0.013316810941097691,0.04322233322233322,0.0,0.0,0.5,0.06451612903225806,0.5,0.034482758620689655,0.40789473684210525,E2 앞쪽 부품 안 (pair_pos=0),공정 값 23 + 샷 내 파생,부스팅
CatBoost,34,0.00036714862320546594,0.05301129855253567,0.0,0.2,0.2,0.08130081300813008,1.0,0.0423728813559322,0.511504424778761,E2 앞쪽 부품 안 (pair_pos=0),공정 값 23 + 샷 내 파생,부스팅
CatBoost,35,0.010973729761616853,0.14861357743380216,0.2,0.2,0.4,0.1111111111111111,0.6,0.061224489795918366,0.6017543859649123,E2 앞쪽 부품 안 (pair_pos=0),공정 값 23 + 샷 내 파생,부스팅
CatBoost,36,0.006268321018143218,0.0487237165808109,0.0,0.0,0.2,0.08333333333333333,0.8,0.04395604395604396,0.4867256637168142,E2 앞쪽 부품 안 (pair_pos=0),공정 값 23 + 샷 내 파생,부스팅
CatBoost,37,0.025044832034817666,0.04646132544823055,0.0,0.25,0.25,0.041666666666666664,0.25,0.022727272727272728,0.5504385964912281,E2 앞쪽 부품 안 (pair_pos=0),공정 값 23 + 샷 내 파생,부스팅
CatBoost,38,0.0001766915371949079,0.07829432417860009,0.2,0.2,0.2,0.08130081300813008,1.0,0.0423728813559322,0.4955752212389381,E2 앞쪽 부품 안 (pair_pos=0),공정 값 23 + 샷 내 파생,부스팅
CatBoost,39,0.007659556482048676,0.05951939100136343,0.0,0.5,0.5,0.0821917808219178,0.75,0.043478260869565216,0.5986842105263157,E2 앞쪽 부품 안 (pair_pos=0),공정 값 23 + 샷 내 파생,부스팅
CatBoost,40,0.06988596217424516,0.053980924015175694,0.0,0.2,0.4,0.1,0.2,0.06666666666666667,0.49298245614035086,E2 앞쪽 부품 안 (pair_pos=0),공정 값 23 + 샷 내 파생,부스팅
CatBoost,41,0.10619637216599523,0.03831676901529843,0.0,0.25,0.25,0.0,0.0,0.0,0.34649122807017546,E2 앞쪽 부품 안 (pair_pos=0),공정 값 23 + 샷 내 파생,부스팅
CatBoost,42,0.01089230652337577,0.050155758630334904,0.0,0.0,0.0,0.07142857142857142,0.4,0.0392156862745098,0.5221238938053098,E2 앞쪽 부품 안 (pair_pos=0),공정 값 23 + 샷 내 파생,부스팅
CatBoost,43,0.0001141814170364967,0.05261034510754555,0.0,0.2,0.2,0.08130081300813008,1.0,0.0423728813559322,0.5185840707964602,E2 앞쪽 부품 안 (pair_pos=0),공정 값 23 + 샷 내 파생,부스팅
CatBoost,44,0.005098093389748498,0.0427488821929981,0.0,0.25,0.25,0.04819277108433735,0.5,0.02531645569620253,0.4605263157894737,E2 앞쪽 부품 안 (pair_pos=0),공정 값 23 + 샷 내 파생,부스팅
CatBoost,45,0.00036546221339876474,0.05536622738073996,0.0,0.2,0.4,0.08064516129032258,1.0,0.04201680672268908,0.4789473684210526,E2 앞쪽 부품 안 (pair_pos=0),공정 값 23 + 샷 내 파생,부스팅
CatBoost,46,0.0040797565663296615,0.04337772442191885,0.0,0.25,0.25,0.044444444444444446,0.5,0.023255813953488372,0.4605263157894737,E2 앞쪽 부품 안 (pair_pos=0),공정 값 23 + 샷 내 파생,부스팅
CatBoost,47,0.07466172743191687,0.04003016517868003,0.0,0.0,0.25,0.0,0.0,0.0,0.4232456140350877,E2 앞쪽 부품 안 (pair_pos=0),공정 값 23 + 샷 내 파생,부스팅
CatBoost,48,0.022771865158938323,0.04606877699415013,0.0,0.0,0.2,0.08333333333333333,0.4,0.046511627906976744,0.4672566371681416,E2 앞쪽 부품 안 (pair_pos=0),공정 값 23 + 샷 내 파생,부스팅
CatBoost,49,0.007901155940586666,0.0643066921511502,0.2,0.2,0.4,0.0821917808219178,0.6,0.04411764705882353,0.5168141592920354,E2 앞쪽 부품 안 (pair_pos=0),공정 값 23 + 샷 내 파생,부스팅
로지스틱 L2,0,0.474325905898638,0.049968587135003927,0.0,0.0,0.2,0.0,0.0,0.0,0.49824561403508777,E2 앞쪽 부품 안 (pair_pos=0),공정 값 23 + 샷 간 변동,선형
로지스틱 L2,1,0.9897189020597359,0.033362636290643316,0.0,0.0,0.25,0.0,0.0,0.0,0.3793859649122807,E2 앞쪽 부품 안 (pair_pos=0),공정 값 23 + 샷 간 변동,선형
로지스틱 L2,2,0.029958536832985622,0.026733421782367567,0.0,0.0,0.0,0.0,0.0,0.0,0.2456140350877193,E2 앞쪽 부품 안 (pair_pos=0),공정 값 23 + 샷 간 변동,선형
로지스틱 L2,3,0.6892137594710764,0.035918310422142885,0.0,0.0,0.2,0.0,0.0,0.0,0.3221238938053097,E2 앞쪽 부품 안 (pair_pos=0),공정 값 23 + 샷 간 변동,선형
로지스틱 L2,4,0.19407866310520047,0.29994708994708996,0.4,0.4,0.8,0.21621621621621623,0.8,0.125,0.8053097345132744,E2 앞쪽 부품 안 (pair_pos=0),공정 값 23 + 샷 간 변동,선형
로지스틱 L2,5,0.0028005567191012066,0.0853317901234568,0.2,0.2,0.4,0.09803921568627451,1.0,0.05154639175257732,0.5807017543859649,E2 앞쪽 부품 안 (pair_pos=0),공정 값 23 + 샷 간 변동,선형
로지스틱 L2,6,0.9101325673839842,0.08386206896551725,0.2,0.2,0.2,0.0,0.0,0.0,0.44601769911504424,E2 앞쪽 부품 안 (pair_pos=0),공정 값 23 + 샷 간 변동,선형
로지스틱 L2,7,0.00013252180145410575,0.055996579055144664,0.0,0.2,0.2,0.08620689655172414,1.0,0.04504504504504504,0.5168141592920354,E2 앞쪽 부품 안 (pair_pos=0),공정 값 23 + 샷 간 변동,선형
로지스틱 L2,8,0.7064635309182375,0.05905934343434343,0.0,0.5,0.5,0.0,0.0,0.0,0.5855263157894737,E2 앞쪽 부품 안 (pair_pos=0),공정 값 23 + 샷 간 변동,선형
로지스틱 L2,9,0.04805439140076227,0.04342015097608175,0.25,0.25,0.25,0.03571428571428571,0.25,0.019230769230769232,0.2894736842105263,E2 앞쪽 부품 안 (pair_pos=0),공정 값 23 + 샷 간 변동,선형
로지스틱 L2,10,0.9120963872121027,0.0410625428009251,0.0,0.2,0.2,0.0,0.0,0.0,0.3666666666666667,E2 앞쪽 부품 안 (pair_pos=0),공정 값 23 + 샷 간 변동,선형
로지스틱 L2,11,0.6419972713160363,0.07897671342438785,0.0,0.25,0.75,0.0,0.0,0.0,0.7543859649122807,E2 앞쪽 부품 안 (pair_pos=0),공정 값 23 + 샷 간 변동,선형
로지스틱 L2,12,0.4326210047522804,0.04559896017821018,0.25,0.25,0.25,0.09090909090909091,0.25,0.05555555555555555,0.40789473684210525,E2 앞쪽 부품 안 (pair_pos=0),공정 값 23 + 샷 간 변동,선형
로지스틱 L2,13,0.9931708344606545,0.11816682958618444,0.4,0.4,0.4,0.0,0.0,0.0,0.6690265486725664,E2 앞쪽 부품 안 (pair_pos=0),공정 값 23 + 샷 간 변동,선형
로지스틱 L2,14,0.021462456382690297,0.06493148602306789,0.2,0.2,0.2,0.058823529411764705,0.4,0.031746031746031744,0.5575221238938053,E2 앞쪽 부품 안 (pair_pos=0),공정 값 23 + 샷 간 변동,선형
로지스틱 L2,15,2.0211036227442714e-05,0.12011653293893529,0.2,0.2,0.4,0.08403361344537816,1.0,0.043859649122807015,0.6333333333333333,E2 앞쪽 부품 안 (pair_pos=0),공정 값 23 + 샷 간 변동,선형
로지스틱 L2,16,0.010500037079406032,0.12321034228928966,0.25,0.5,0.5,0.06451612903225806,0.75,0.033707865168539325,0.618421052631579,E2 앞쪽 부품 안 (pair_pos=0),공정 값 23 + 샷 간 변동,선형
로지스틱 L2,17,1.8448680776174234e-05,0.07842111216956418,0.0,0.2,0.8,0.08547008547008547,1.0,0.044642857142857144,0.6477876106194691,E2 앞쪽 부품 안 (pair_pos=0),공정 값 23 + 샷 간 변동,선형
로지스틱 L2,18,0.48931469823128654,0.07298494939899566,0.2,0.2,0.4,0.15384615384615385,0.2,0.125,0.5079646017699115,E2 앞쪽 부품 안 (pair_pos=0),공정 값 23 + 샷 간 변동,선형
로지스틱 L2,19,0.9027291030340011,0.027979723131162745,0.0,0.0,0.0,0.0,0.0,0.0,0.27631578947368424,E2 앞쪽 부품 안 (pair_pos=0),공정 값 23 + 샷 간 변동,선형
로지스틱 L2,20,0.7948635822541725,0.07357886536152125,0.2,0.4,0.4,0.14285714285714285,0.2,0.1111111111111111,0.5508771929824562,E2 앞쪽 부품 안 (pair_pos=0),공정 값 23 + 샷 간 변동,선형
로지스틱 L2,21,0.35103066006823114,0.04496887561849221,0.0,0.2,0.2,0.0,0.0,0.0,0.4300884955752212,E2 앞쪽 부품 안 (pair_pos=0),공정 값 23 + 샷 간 변동,선형
로지스틱 L2,22,0.00034880987972784493,0.06787008281573498,0.25,0.25,0.25,0.07476635514018691,1.0,0.038834951456310676,0.5482456140350878,E2 앞쪽 부품 안 (pair_pos=0),공정 값 23 + 샷 간 변동,선형
로지스틱 L2,23,0.22363269622512436,0.05949776429255829,0.25,0.25,0.25,0.06060606060606061,0.25,0.034482758620689655,0.5548245614035088,E2 앞쪽 부품 안 (pair_pos=0),공정 값 23 + 샷 간 변동,선형
로지스틱 L2,24,0.9894471658255428,0.08056100380651134,0.0,0.4,0.6,0.0,0.0,0.0,0.6407079646017699,E2 앞쪽 부품 안 (pair_pos=0),공정 값 23 + 샷 간 변동,선형
로지스틱 L2,25,0.880850287764765,0.0414670168841933,0.0,0.0,0.2,0.0,0.0,0.0,0.40877192982456145,E2 앞쪽 부품 안 (pair_pos=0),공정 값 23 + 샷 간 변동,선형
로지스틱 L2,26,1.0700791718700622e-06,0.05477894019560686,0.0,0.25,0.5,0.06611570247933884,1.0,0.03418803418803419,0.6096491228070176,E2 앞쪽 부품 안 (pair_pos=0),공정 값 23 + 샷 간 변동,선형
로지스틱 L2,27,0.40580970914899,0.06254926108374385,0.2,0.2,0.4,0.05555555555555555,0.2,0.03225806451612903,0.4743362831858407,E2 앞쪽 부품 안 (pair_pos=0),공정 값 23 + 샷 간 변동,선형
로지스틱 L2,28,0.8113707738399282,0.1731068973981345,0.2,0.4,0.6,0.15384615384615385,0.2,0.125,0.6920353982300885,E2 앞쪽 부품 안 (pair_pos=0),공정 값 23 + 샷 간 변동,선형
로지스틱 L2,29,0.9983940002835449,0.05282858102918587,0.0,0.25,0.25,0.0,0.0,0.0,0.5592105263157895,E2 앞쪽 부품 안 (pair_pos=0),공정 값 23 + 샷 간 변동,선형
로지스틱 L2,30,0.023704288420928515,0.07062732589048379,0.2,0.2,0.4,0.1,0.6,0.05454545454545454,0.5929824561403509,E2 앞쪽 부품 안 (pair_pos=0),공정 값 23 + 샷 간 변동,선형
로지스틱 L2,31,6.640833818694383e-05,0.07197690747386487,0.0,0.2,0.6,0.08403361344537816,1.0,0.043859649122807015,0.6212389380530974,E2 앞쪽 부품 안 (pair_pos=0),공정 값 23 + 샷 간 변동,선형
로지스틱 L2,32,0.8391305476209588,0.05953532999568805,0.0,0.5,0.5,0.0,0.0,0.0,0.5548245614035088,E2 앞쪽 부품 안 (pair_pos=0),공정 값 23 + 샷 간 변동,선형
로지스틱 L2,33,0.026256682253919222,0.03804447364229973,0.0,0.25,0.25,0.05333333333333334,0.5,0.028169014084507043,0.43201754385964913,E2 앞쪽 부품 안 (pair_pos=0),공정 값 23 + 샷 간 변동,선형
로지스틱 L2,34,0.13897036463777065,0.06817809364548495,0.0,0.2,0.4,0.14285714285714285,0.8,0.0784313725490196,0.6141592920353982,E2 앞쪽 부품 안 (pair_pos=0),공정 값 23 + 샷 간 변동,선형
로지스틱 L2,35,6.0301823332824055e-05,0.040536745034413124,0.0,0.0,0.0,0.0847457627118644,1.0,0.04424778761061947,0.41578947368421054,E2 앞쪽 부품 안 (pair_pos=0),공정 값 23 + 샷 간 변동,선형
로지스틱 L2,36,0.9172018934822003,0.16995782911624496,0.4,0.4,0.4,0.2,0.2,0.2,0.5097345132743363,E2 앞쪽 부품 안 (pair_pos=0),공정 값 23 + 샷 간 변동,선형
로지스틱 L2,37,0.680715121607749,0.030889853499728705,0.0,0.0,0.0,0.0,0.0,0.0,0.3399122807017544,E2 앞쪽 부품 안 (pair_pos=0),공정 값 23 + 샷 간 변동,선형
로지스틱 L2,38,1.0476474726117992e-05,0.04171531183949112,0.0,0.2,0.2,0.0847457627118644,1.0,0.04424778761061947,0.36637168141592924,E2 앞쪽 부품 안 (pair_pos=0),공정 값 23 + 샷 간 변동,선형
로지스틱 L2,39,0.3235369807859644,0.05103754940711462,0.0,0.25,0.25,0.05714285714285714,0.25,0.03225806451612903,0.5986842105263158,E2 앞쪽 부품 안 (pair_pos=0),공정 값 23 + 샷 간 변동,선형
로지스틱 L2,40,0.214044970804378,0.08826905843453539,0.2,0.4,0.4,0.08695652173913043,0.4,0.04878048780487805,0.6964912280701754,E2 앞쪽 부품 안 (pair_pos=0),공정 값 23 + 샷 간 변동,선형
로지스틱 L2,41,3.5763316492882726e-05,0.06374889478337754,0.25,0.25,0.5,0.05128205128205128,0.75,0.02654867256637168,0.45614035087719296,E2 앞쪽 부품 안 (pair_pos=0),공정 값 23 + 샷 간 변동,선형
로지스틱 L2,42,0.012241821217832507,0.11489680702502952,0.2,0.2,0.4,0.06976744186046512,0.6,0.037037037037037035,0.5592920353982301,E2 앞쪽 부품 안 (pair_pos=0),공정 값 23 + 샷 간 변동,선형
로지스틱 L2,43,0.9144203369401713,0.07783667427630275,0.2,0.4,0.6,0.0,0.0,0.0,0.5893805309734513,E2 앞쪽 부품 안 (pair_pos=0),공정 값 23 + 샷 간 변동,선형
로지스틱 L2,44,0.19359253543741792,0.03123385878632617,0.0,0.0,0.0,0.0,0.0,0.0,0.3508771929824561,E2 앞쪽 부품 안 (pair_pos=0),공정 값 23 + 샷 간 변동,선형
로지스틱 L2,45,0.08815116611995881,0.05189909383457771,0.0,0.2,0.4,0.07692307692307693,0.4,0.0425531914893617,0.44736842105263164,E2 앞쪽 부품 안 (pair_pos=0),공정 값 23 + 샷 간 변동,선형
로지스틱 L2,46,0.6168291316891076,0.079179708070342,0.25,0.5,0.5,0.13333333333333333,0.25,0.09090909090909091,0.5833333333333333,E2 앞쪽 부품 안 (pair_pos=0),공정 값 23 + 샷 간 변동,선형
로지스틱 L2,47,0.4792612763080065,0.03114803197017849,0.0,0.0,0.0,0.0,0.0,0.0,0.3421052631578948,E2 앞쪽 부품 안 (pair_pos=0),공정 값 23 + 샷 간 변동,선형
로지스틱 L2,48,1.282645082222288e-07,0.10804142507821593,0.2,0.2,0.4,0.08130081300813008,1.0,0.0423728813559322,0.6849557522123894,E2 앞쪽 부품 안 (pair_pos=0),공정 값 23 + 샷 간 변동,선형
로지스틱 L2,49,0.41861277108397826,0.10345187864175207,0.2,0.4,0.6,0.14814814814814814,0.4,0.09090909090909091,0.7185840707964601,E2 앞쪽 부품 안 (pair_pos=0),공정 값 23 + 샷 간 변동,선형
랜덤포레스트,0,0.23643969064346393,0.03779060060602412,0.0,0.0,0.0,0.0,0.0,0.0,0.3631578947368422,E2 앞쪽 부품 안 (pair_pos=0),공정 값 23 + 샷 간 변동,트리
랜덤포레스트,1,0.3195541564639232,0.039685538246919325,0.0,0.25,0.25,0.0,0.0,0.0,0.44956140350877194,E2 앞쪽 부품 안 (pair_pos=0),공정 값 23 + 샷 간 변동,트리
랜덤포레스트,2,0.1822530039641141,0.03027326862466181,0.0,0.0,0.0,0.0,0.0,0.0,0.3333333333333333,E2 앞쪽 부품 안 (pair_pos=0),공정 값 23 + 샷 간 변동,트리
랜덤포레스트,3,0.22598318718459084,0.038226666778435704,0.0,0.0,0.0,0.0,0.0,0.0,0.34867256637168137,E2 앞쪽 부품 안 (pair_pos=0),공정 값 23 + 샷 간 변동,트리
랜덤포레스트,4,0.19673726424164442,0.24480629539951576,0.6,0.6,0.8,0.17142857142857143,0.6,0.1,0.8300884955752212,E2 앞쪽 부품 안 (pair_pos=0),공정 값 23 + 샷 간 변동,트리
랜덤포레스트,5,0.0882999468619955,0.04578239325738631,0.0,0.0,0.0,0.11363636363636363,1.0,0.060240963855421686,0.4824561403508772,E2 앞쪽 부품 안 (pair_pos=0),공정 값 23 + 샷 간 변동,트리
랜덤포레스트,6,0.24803656224697884,0.07786935286935287,0.2,0.2,0.2,0.10526315789473684,0.2,0.07142857142857142,0.5008849557522124,E2 앞쪽 부품 안 (pair_pos=0),공정 값 23 + 샷 간 변동,트리
랜덤포레스트,7,0.030779098724129147,0.0672448128542493,0.2,0.2,0.2,0.0761904761904762,0.8,0.04,0.48318584070796455,E2 앞쪽 부품 안 (pair_pos=0),공정 값 23 + 샷 간 변동,트리
랜덤포레스트,8,0.4015241661987759,0.04640967309022974,0.0,0.0,0.25,0.0,0.0,0.0,0.5679824561403508,E2 앞쪽 부품 안 (pair_pos=0),공정 값 23 + 샷 간 변동,트리
랜덤포레스트,9,0.178387015129872,0.05179379444085327,0.0,0.25,0.5,0.06666666666666667,0.25,0.038461538461538464,0.49122807017543857,E2 앞쪽 부품 안 (pair_pos=0),공정 값 23 + 샷 간 변동,트리
랜덤포레스트,10,0.43417853808454016,0.036036712410908785,0.0,0.0,0.2,0.0,0.0,0.0,0.30701754385964913,E2 앞쪽 부품 안 (pair_pos=0),공정 값 23 + 샷 간 변동,트리
랜덤포레스트,11,0.02385142446133158,0.10541666666666667,0.25,0.25,0.5,0.07017543859649122,1.0,0.03636363636363636,0.7478070175438597,E2 앞쪽 부품 안 (pair_pos=0),공정 값 23 + 샷 간 변동,트리
랜덤포레스트,12,0.07480430570938827,0.0941953097028285,0.25,0.25,0.25,0.043010752688172046,0.5,0.02247191011235955,0.5175438596491229,E2 앞쪽 부품 안 (pair_pos=0),공정 값 23 + 샷 간 변동,트리
랜덤포레스트,13,0.00615990990990991,0.11769841269841269,0.2,0.2,0.4,0.08130081300813008,1.0,0.0423728813559322,0.6336283185840708,E2 앞쪽 부품 안 (pair_pos=0),공정 값 23 + 샷 간 변동,트리
랜덤포레스트,14,0.08691542218531383,0.07877288882790612,0.0,0.4,0.4,0.12658227848101267,1.0,0.06756756756756757,0.7008849557522124,E2 앞쪽 부품 안 (pair_pos=0),공정 값 23 + 샷 간 변동,트리
랜덤포레스트,15,0.22848509944887085,0.11430073992539595,0.2,0.6,0.6,0.14814814814814814,0.4,0.09090909090909091,0.7017543859649122,E2 앞쪽 부품 안 (pair_pos=0),공정 값 23 + 샷 간 변동,트리
랜덤포레스트,16,0.0315487261276735,0.09295355466130113,0.25,0.5,0.75,0.07407407407407407,1.0,0.038461538461538464,0.7346491228070176,E2 앞쪽 부품 안 (pair_pos=0),공정 값 23 + 샷 간 변동,트리
랜덤포레스트,17,0.016670777184507164,0.08251264142020445,0.2,0.2,0.2,0.08196721311475409,1.0,0.042735042735042736,0.6212389380530974,E2 앞쪽 부품 안 (pair_pos=0),공정 값 23 + 샷 간 변동,트리
랜덤포레스트,18,0.03902366619235385,0.06913096695226438,0.0,0.2,0.6,0.09174311926605505,1.0,0.04807692307692308,0.6300884955752213,E2 앞쪽 부품 안 (pair_pos=0),공정 값 23 + 샷 간 변동,트리
랜덤포레스트,19,0.19166305010705267,0.038383882164221964,0.0,0.25,0.25,0.0,0.0,0.0,0.4342105263157895,E2 앞쪽 부품 안 (pair_pos=0),공정 값 23 + 샷 간 변동,트리
랜덤포레스트,20,0.5500872793502055,0.0882063938088645,0.2,0.4,0.4,0.0,0.0,0.0,0.6771929824561403,E2 앞쪽 부품 안 (pair_pos=0),공정 값 23 + 샷 간 변동,트리
랜덤포레스트,21,0.3825457980163839,0.12885281385281386,0.2,0.4,0.4,0.0,0.0,0.0,0.6442477876106195,E2 앞쪽 부품 안 (pair_pos=0),공정 값 23 + 샷 간 변동,트리
랜덤포레스트,22,0.054807887925279235,0.0461176211806111,0.0,0.25,0.25,0.08080808080808081,1.0,0.042105263157894736,0.5460526315789473,E2 앞쪽 부품 안 (pair_pos=0),공정 값 23 + 샷 간 변동,트리
랜덤포레스트,23,0.2700551107652464,0.075857681676096,0.25,0.25,0.75,0.0,0.0,0.0,0.6535087719298246,E2 앞쪽 부품 안 (pair_pos=0),공정 값 23 + 샷 간 변동,트리
랜덤포레스트,24,0.0806465961847036,0.10761559291378986,0.2,0.2,0.4,0.05333333333333334,0.4,0.02857142857142857,0.48141592920353987,E2 앞쪽 부품 안 (pair_pos=0),공정 값 23 + 샷 간 변동,트리
랜덤포레스트,25,0.24879004352097814,0.04964749602898271,0.0,0.2,0.4,0.07692307692307693,0.2,0.047619047619047616,0.46315789473684216,E2 앞쪽 부품 안 (pair_pos=0),공정 값 23 + 샷 간 변동,트리
랜덤포레스트,26,0.08022999020019483,0.043632697947214076,0.0,0.0,0.5,0.05405405405405406,0.5,0.02857142857142857,0.506578947368421,E2 앞쪽 부품 안 (pair_pos=0),공정 값 23 + 샷 간 변동,트리
랜덤포레스트,27,0.20891653726493567,0.040112496847585014,0.0,0.0,0.0,0.0,0.0,0.0,0.40353982300884955,E2 앞쪽 부품 안 (pair_pos=0),공정 값 23 + 샷 간 변동,트리
랜덤포레스트,28,0.04344277401271498,0.15138967184270316,0.4,0.4,0.4,0.09090909090909091,1.0,0.047619047619047616,0.6424778761061947,E2 앞쪽 부품 안 (pair_pos=0),공정 값 23 + 샷 간 변동,트리
랜덤포레스트,29,0.0831990010984433,0.10257839721254355,0.25,0.25,0.5,0.08333333333333333,0.75,0.04411764705882353,0.7127192982456141,E2 앞쪽 부품 안 (pair_pos=0),공정 값 23 + 샷 간 변동,트리
랜덤포레스트,30,0.12317835789244619,0.13356345408976988,0.4,0.6,0.6,0.16,0.8,0.08888888888888889,0.7456140350877194,E2 앞쪽 부품 안 (pair_pos=0),공정 값 23 + 샷 간 변동,트리
랜덤포레스트,31,0.08969129466710113,0.07452659545026843,0.2,0.2,0.6,0.08695652173913043,0.6,0.046875,0.6,E2 앞쪽 부품 안 (pair_pos=0),공정 값 23 + 샷 간 변동,트리
랜덤포레스트,32,0.1565012013843062,0.11472799559124547,0.25,0.25,0.25,0.08695652173913043,0.5,0.047619047619047616,0.5131578947368421,E2 앞쪽 부품 안 (pair_pos=0),공정 값 23 + 샷 간 변동,트리
랜덤포레스트,33,0.21671934364090836,0.040588721623204385,0.0,0.0,0.25,0.0,0.0,0.0,0.49122807017543857,E2 앞쪽 부품 안 (pair_pos=0),공정 값 23 + 샷 간 변동,트리
랜덤포레스트,34,0.07360890281262021,0.06629210952981444,0.0,0.2,0.4,0.11363636363636363,1.0,0.060240963855421686,0.615929203539823,E2 앞쪽 부품 안 (pair_pos=0),공정 값 23 + 샷 간 변동,트리
랜덤포레스트,35,0.35243114081912724,0.04099389980317113,0.0,0.0,0.0,0.0,0.0,0.0,0.4192982456140351,E2 앞쪽 부품 안 (pair_pos=0),공정 값 23 + 샷 간 변동,트리
랜덤포레스트,36,0.050554699519714766,0.07524009543811525,0.2,0.2,0.4,0.08163265306122448,0.8,0.043010752688172046,0.6106194690265487,E2 앞쪽 부품 안 (pair_pos=0),공정 값 23 + 샷 간 변동,트리
랜덤포레스트,37,0.19052992132595206,0.04621319238710836,0.0,0.25,0.25,0.05128205128205128,0.25,0.02857142857142857,0.5614035087719298,E2 앞쪽 부품 안 (pair_pos=0),공정 값 23 + 샷 간 변동,트리
랜덤포레스트,38,0.027069020676183064,0.047479620369645946,0.0,0.2,0.2,0.06666666666666667,0.8,0.034782608695652174,0.41061946902654867,E2 앞쪽 부품 안 (pair_pos=0),공정 값 23 + 샷 간 변동,트리
랜덤포레스트,39,0.12136591034487121,0.14792744518354273,0.75,0.75,0.75,0.08695652173913043,0.75,0.046153846153846156,0.7719298245614035,E2 앞쪽 부품 안 (pair_pos=0),공정 값 23 + 샷 간 변동,트리
랜덤포레스트,40,0.16537199932134009,0.0763579561803757,0.0,0.2,0.6,0.15,0.6,0.08571428571428572,0.6964912280701754,E2 앞쪽 부품 안 (pair_pos=0),공정 값 23 + 샷 간 변동,트리
랜덤포레스트,41,0.027155080576649202,0.04628722726548813,0.25,0.25,0.25,0.05263157894736842,0.75,0.02727272727272727,0.41885964912280704,E2 앞쪽 부품 안 (pair_pos=0),공정 값 23 + 샷 간 변동,트리
랜덤포레스트,42,0.067717510737855,0.04941295445238408,0.0,0.0,0.0,0.10638297872340426,1.0,0.056179775280898875,0.5168141592920354,E2 앞쪽 부품 안 (pair_pos=0),공정 값 23 + 샷 간 변동,트리
랜덤포레스트,43,0.019951068091060016,0.10243883155543045,0.2,0.4,0.6,0.08264462809917356,1.0,0.04310344827586207,0.6849557522123894,E2 앞쪽 부품 안 (pair_pos=0),공정 값 23 + 샷 간 변동,트리
랜덤포레스트,44,0.3637793788754516,0.15502329704766615,0.25,0.25,0.25,0.2857142857142857,0.25,0.3333333333333333,0.506578947368421,E2 앞쪽 부품 안 (pair_pos=0),공정 값 23 + 샷 간 변동,트리
랜덤포레스트,45,0.22202554119749862,0.04751177216012579,0.0,0.0,0.0,0.0,0.0,0.0,0.5017543859649123,E2 앞쪽 부품 안 (pair_pos=0),공정 값 23 + 샷 간 변동,트리
랜덤포레스트,46,0.27585258150497804,0.1301203939101721,0.25,0.5,0.5,0.09523809523809523,0.25,0.058823529411764705,0.6469298245614035,E2 앞쪽 부품 안 (pair_pos=0),공정 값 23 + 샷 간 변동,트리
랜덤포레스트,47,0.33279673303838925,0.04270382395382395,0.0,0.25,0.25,0.0,0.0,0.0,0.5087719298245614,E2 앞쪽 부품 안 (pair_pos=0),공정 값 23 + 샷 간 변동,트리
랜덤포레스트,48,0.019265947560065205,0.10992557150451887,0.2,0.4,0.6,0.08196721311475409,1.0,0.042735042735042736,0.7097345132743362,E2 앞쪽 부품 안 (pair_pos=0),공정 값 23 + 샷 간 변동,트리
랜덤포레스트,49,0.04914267740248132,0.12361881361881362,0.2,0.4,0.4,0.08928571428571429,1.0,0.04672897196261682,0.7079646017699115,E2 앞쪽 부품 안 (pair_pos=0),공정 값 23 + 샷 간 변동,트리
엑스트라트리,0,0.033089629209997584,0.05222975740003604,0.0,0.0,0.2,0.06896551724137931,0.8,0.036036036036036036,0.5210526315789474,E2 앞쪽 부품 안 (pair_pos=0),공정 값 23 + 샷 간 변동,트리
엑스트라트리,1,0.20909830607145585,0.02937118229671421,0.0,0.0,0.0,0.0,0.0,0.0,0.31359649122807015,E2 앞쪽 부품 안 (pair_pos=0),공정 값 23 + 샷 간 변동,트리
엑스트라트리,2,0.14350276716558813,0.03243264411027569,0.0,0.0,0.0,0.0,0.0,0.0,0.37719298245614036,E2 앞쪽 부품 안 (pair_pos=0),공정 값 23 + 샷 간 변동,트리
엑스트라트리,3,0.16875555842785425,0.03602095225129736,0.0,0.0,0.0,0.0,0.0,0.0,0.33097345132743367,E2 앞쪽 부품 안 (pair_pos=0),공정 값 23 + 샷 간 변동,트리
엑스트라트리,4,0.16893012193938806,0.11872180451127819,0.2,0.6,0.6,0.2,0.4,0.13333333333333333,0.7999999999999999,E2 앞쪽 부품 안 (pair_pos=0),공정 값 23 + 샷 간 변동,트리
엑스트라트리,5,0.15783438178617304,0.05286461576784157,0.0,0.0,0.4,0.0,0.0,0.0,0.5228070175438597,E2 앞쪽 부품 안 (pair_pos=0),공정 값 23 + 샷 간 변동,트리
엑스트라트리,6,0.22139326157922354,0.047550988004019315,0.0,0.0,0.0,0.0,0.0,0.0,0.4938053097345133,E2 앞쪽 부품 안 (pair_pos=0),공정 값 23 + 샷 간 변동,트리
엑스트라트리,7,0.032548269170125814,0.07901960072536283,0.2,0.4,0.4,0.06896551724137931,0.8,0.036036036036036036,0.5097345132743363,E2 앞쪽 부품 안 (pair_pos=0),공정 값 23 + 샷 간 변동,트리
엑스트라트리,8,0.10042974241134436,0.04261240299471184,0.0,0.25,0.25,0.04,0.25,0.021739130434782608,0.513157894736842,E2 앞쪽 부품 안 (pair_pos=0),공정 값 23 + 샷 간 변동,트리
엑스트라트리,9,0.12452075374190295,0.0427319587628866,0.0,0.25,0.25,0.06896551724137931,0.25,0.04,0.4517543859649123,E2 앞쪽 부품 안 (pair_pos=0),공정 값 23 + 샷 간 변동,트리
엑스트라트리,10,0.21967864636704676,0.04547132058975116,0.0,0.2,0.2,0.0,0.0,0.0,0.43333333333333335,E2 앞쪽 부품 안 (pair_pos=0),공정 값 23 + 샷 간 변동,트리
엑스트라트리,11,0.03587132860890643,0.06785714285714285,0.25,0.25,0.5,0.07142857142857142,1.0,0.037037037037037035,0.6228070175438597,E2 앞쪽 부품 안 (pair_pos=0),공정 값 23 + 샷 간 변동,트리
엑스트라트리,12,0.09602979023562085,0.04115846438044714,0.0,0.25,0.25,0.03389830508474576,0.25,0.01818181818181818,0.32894736842105265,E2 앞쪽 부품 안 (pair_pos=0),공정 값 23 + 샷 간 변동,트리
엑스트라트리,13,0.008636363636363636,0.08074750612681647,0.2,0.2,0.4,0.08130081300813008,1.0,0.0423728813559322,0.6513274336283186,E2 앞쪽 부품 안 (pair_pos=0),공정 값 23 + 샷 간 변동,트리
엑스트라트리,14,0.06343781915307987,0.08361111111111112,0.0,0.4,0.6,0.10638297872340426,1.0,0.056179775280898875,0.6973451327433628,E2 앞쪽 부품 안 (pair_pos=0),공정 값 23 + 샷 간 변동,트리
엑스트라트리,15,0.14481007812667943,0.12623281496506647,0.4,0.6,0.6,0.2222222222222222,0.6,0.13636363636363635,0.6736842105263159,E2 앞쪽 부품 안 (pair_pos=0),공정 값 23 + 샷 간 변동,트리
엑스트라트리,16,0.09651721723544998,0.09536505659174238,0.25,0.5,0.75,0.11764705882352941,0.75,0.06382978723404255,0.7149122807017544,E2 앞쪽 부품 안 (pair_pos=0),공정 값 23 + 샷 간 변동,트리
엑스트라트리,17,0.1400973093917984,0.0689702380952381,0.2,0.2,0.4,0.06060606060606061,0.2,0.03571428571428571,0.5628318584070797,E2 앞쪽 부품 안 (pair_pos=0),공정 값 23 + 샷 간 변동,트리
엑스트라트리,18,0.10952819425649536,0.05385434146073087,0.0,0.2,0.4,0.09090909090909091,0.4,0.05128205128205128,0.5398230088495575,E2 앞쪽 부품 안 (pair_pos=0),공정 값 23 + 샷 간 변동,트리
엑스트라트리,19,0.16102434842136143,0.03889302089059749,0.0,0.0,0.0,0.0,0.0,0.0,0.46052631578947373,E2 앞쪽 부품 안 (pair_pos=0),공정 값 23 + 샷 간 변동,트리
엑스트라트리,20,0.10630716588736897,0.0751139188069594,0.0,0.4,0.4,0.0851063829787234,0.4,0.047619047619047616,0.6473684210526316,E2 앞쪽 부품 안 (pair_pos=0),공정 값 23 + 샷 간 변동,트리
엑스트라트리,21,0.08151662584437835,0.0645627198843032,0.0,0.4,0.4,0.10526315789473684,0.6,0.057692307692307696,0.5787610619469027,E2 앞쪽 부품 안 (pair_pos=0),공정 값 23 + 샷 간 변동,트리
엑스트라트리,22,0.031044268606080443,0.043898197970028294,0.0,0.25,0.25,0.07142857142857142,1.0,0.037037037037037035,0.5263157894736842,E2 앞쪽 부품 안 (pair_pos=0),공정 값 23 + 샷 간 변동,트리
엑스트라트리,23,0.1765805656611043,0.046667884990253414,0.0,0.25,0.5,0.0,0.0,0.0,0.46710526315789475,E2 앞쪽 부품 안 (pair_pos=0),공정 값 23 + 샷 간 변동,트리
엑스트라트리,24,0.012268393890058075,0.08397703745529833,0.2,0.2,0.2,0.08196721311475409,1.0,0.042735042735042736,0.4442477876106195,E2 앞쪽 부품 안 (pair_pos=0),공정 값 23 + 샷 간 변동,트리
엑스트라트리,25,0.06007106720893777,0.050241228807733865,0.0,0.2,0.4,0.06521739130434782,0.6,0.034482758620689655,0.4473684210526316,E2 앞쪽 부품 안 (pair_pos=0),공정 값 23 + 샷 간 변동,트리
엑스트라트리,26,0.05060261112228028,0.06841592102703754,0.25,0.25,0.5,0.043010752688172046,0.5,0.02247191011235955,0.5043859649122807,E2 앞쪽 부품 안 (pair_pos=0),공정 값 23 + 샷 간 변동,트리
엑스트라트리,27,0.16794535132437816,0.05080141231457021,0.0,0.0,0.2,0.0,0.0,0.0,0.5150442477876106,E2 앞쪽 부품 안 (pair_pos=0),공정 값 23 + 샷 간 변동,트리
엑스트라트리,28,0.09385925469491205,0.11983016983016984,0.2,0.4,0.6,0.14545454545454545,0.8,0.08,0.7716814159292036,E2 앞쪽 부품 안 (pair_pos=0),공정 값 23 + 샷 간 변동,트리
엑스트라트리,29,0.017831508459662134,0.06853245290745291,0.25,0.25,0.25,0.06666666666666667,1.0,0.034482758620689655,0.6798245614035088,E2 앞쪽 부품 안 (pair_pos=0),공정 값 23 + 샷 간 변동,트리
엑스트라트리,30,0.06150804453649549,0.050355940355940355,0.0,0.2,0.4,0.0759493670886076,0.6,0.04054054054054054,0.45087719298245615,E2 앞쪽 부품 안 (pair_pos=0),공정 값 23 + 샷 간 변동,트리
엑스트라트리,31,0.15831910095816096,0.05612274834242797,0.0,0.4,0.4,0.13793103448275862,0.4,0.08333333333333333,0.5203539823008849,E2 앞쪽 부품 안 (pair_pos=0),공정 값 23 + 샷 간 변동,트리
엑스트라트리,32,0.10113063776962569,0.04268873042174616,0.0,0.25,0.25,0.07692307692307693,0.5,0.041666666666666664,0.49780701754385964,E2 앞쪽 부품 안 (pair_pos=0),공정 값 23 + 샷 간 변동,트리
엑스트라트리,33,0.11977178435745399,0.03629414352613476,0.0,0.0,0.25,0.05555555555555555,0.25,0.03125,0.42543859649122806,E2 앞쪽 부품 안 (pair_pos=0),공정 값 23 + 샷 간 변동,트리
엑스트라트리,34,0.13919532781500127,0.0736975208793545,0.2,0.2,0.2,0.0625,0.2,0.037037037037037035,0.615929203539823,E2 앞쪽 부품 안 (pair_pos=0),공정 값 23 + 샷 간 변동,트리
엑스트라트리,35,0.24946340799554628,0.0346041446881783,0.0,0.0,0.0,0.0,0.0,0.0,0.31052631578947365,E2 앞쪽 부품 안 (pair_pos=0),공정 값 23 + 샷 간 변동,트리
엑스트라트리,36,0.08834352566320341,0.09466781584428643,0.2,0.4,0.6,0.10344827586206896,0.6,0.05660377358490566,0.6088495575221239,E2 앞쪽 부품 안 (pair_pos=0),공정 값 23 + 샷 간 변동,트리
엑스트라트리,37,0.02161493720148751,0.04292997482682282,0.0,0.0,0.5,0.06779661016949153,1.0,0.03508771929824561,0.48245614035087725,E2 앞쪽 부품 안 (pair_pos=0),공정 값 23 + 샷 간 변동,트리
엑스트라트리,38,0.027114042840697447,0.050162501775405,0.0,0.2,0.2,0.08620689655172414,1.0,0.04504504504504504,0.4389380530973451,E2 앞쪽 부품 안 (pair_pos=0),공정 값 23 + 샷 간 변동,트리
엑스트라트리,39,0.023747579591558276,0.07298312656639706,0.25,0.25,0.5,0.06666666666666667,1.0,0.034482758620689655,0.6710526315789473,E2 앞쪽 부품 안 (pair_pos=0),공정 값 23 + 샷 간 변동,트리
엑스트라트리,40,0.19783453764353412,0.06593367346938775,0.0,0.0,0.6,0.0,0.0,0.0,0.6035087719298247,E2 앞쪽 부품 안 (pair_pos=0),공정 값 23 + 샷 간 변동,트리
엑스트라트리,41,0.05747155988183248,0.03654529841463228,0.0,0.0,0.0,0.06818181818181818,0.75,0.03571428571428571,0.4342105263157895,E2 앞쪽 부품 안 (pair_pos=0),공정 값 23 + 샷 간 변동,트리
엑스트라트리,42,0.006236428823915568,0.07331245851200949,0.2,0.4,0.4,0.08196721311475409,1.0,0.042735042735042736,0.5061946902654868,E2 앞쪽 부품 안 (pair_pos=0),공정 값 23 + 샷 간 변동,트리
엑스트라트리,43,0.12206791942695944,0.0579488071020329,0.0,0.2,0.4,0.14285714285714285,0.6,0.08108108108108109,0.5398230088495575,E2 앞쪽 부품 안 (pair_pos=0),공정 값 23 + 샷 간 변동,트리
엑스트라트리,44,0.032662047023539184,0.09475677830940989,0.25,0.25,0.5,0.035398230088495575,0.5,0.01834862385321101,0.45614035087719296,E2 앞쪽 부품 안 (pair_pos=0),공정 값 23 + 샷 간 변동,트리
엑스트라트리,45,0.1542893190081054,0.04613006182981608,0.0,0.0,0.2,0.0,0.0,0.0,0.4824561403508772,E2 앞쪽 부품 안 (pair_pos=0),공정 값 23 + 샷 간 변동,트리
엑스트라트리,46,0.13263457518851918,0.05607893496116529,0.0,0.5,0.5,0.11764705882352941,0.5,0.06666666666666667,0.543859649122807,E2 앞쪽 부품 안 (pair_pos=0),공정 값 23 + 샷 간 변동,트리
엑스트라트리,47,0.16196455225622744,0.033894994645271154,0.0,0.0,0.25,0.0,0.0,0.0,0.37719298245614036,E2 앞쪽 부품 안 (pair_pos=0),공정 값 23 + 샷 간 변동,트리
엑스트라트리,48,0.14892867878228175,0.08911976911976913,0.2,0.4,0.6,0.08695652173913043,0.2,0.05555555555555555,0.6955752212389381,E2 앞쪽 부품 안 (pair_pos=0),공정 값 23 + 샷 간 변동,트리
엑스트라트리,49,0.039646005966941684,0.07506228643336468,0.2,0.2,0.4,0.07142857142857142,0.8,0.037383177570093455,0.6017699115044248,E2 앞쪽 부품 안 (pair_pos=0),공정 값 23 + 샷 간 변동,트리
GradientBoosting,0,0.0009241610909096516,0.07340647769219197,0.0,0.2,0.6,0.08196721311475409,1.0,0.042735042735042736,0.6719298245614035,E2 앞쪽 부품 안 (pair_pos=0),공정 값 23 + 샷 간 변동,부스팅
GradientBoosting,1,0.029522134144899525,0.04594831576698476,0.0,0.25,0.5,0.0,0.0,0.0,0.4232456140350877,E2 앞쪽 부품 안 (pair_pos=0),공정 값 23 + 샷 간 변동,부스팅
GradientBoosting,2,0.009395243359660896,0.02891149104155335,0.0,0.0,0.0,0.0,0.0,0.0,0.29166666666666663,E2 앞쪽 부품 안 (pair_pos=0),공정 값 23 + 샷 간 변동,부스팅
GradientBoosting,3,0.3353000573077432,0.044070385410198434,0.0,0.2,0.2,0.0,0.0,0.0,0.41592920353982304,E2 앞쪽 부품 안 (pair_pos=0),공정 값 23 + 샷 간 변동,부스팅
GradientBoosting,4,0.10138750256336013,0.252886295663006,0.2,0.2,0.6,0.25,0.2,0.3333333333333333,0.6194690265486726,E2 앞쪽 부품 안 (pair_pos=0),공정 값 23 + 샷 간 변동,부스팅
GradientBoosting,5,0.1812595126716193,0.08360077946284843,0.2,0.2,0.2,0.2222222222222222,0.2,0.25,0.4052631578947368,E2 앞쪽 부품 안 (pair_pos=0),공정 값 23 + 샷 간 변동,부스팅
GradientBoosting,6,0.051295438018113766,0.07754788102614191,0.2,0.2,0.4,0.14285714285714285,0.2,0.1111111111111111,0.44778761061946903,E2 앞쪽 부품 안 (pair_pos=0),공정 값 23 + 샷 간 변동,부스팅
GradientBoosting,7,0.03086063651666517,0.0292378535592751,0.0,0.0,0.0,0.0,0.0,0.0,0.16460176991150444,E2 앞쪽 부품 안 (pair_pos=0),공정 값 23 + 샷 간 변동,부스팅
GradientBoosting,8,0.1737163906419323,0.030383969297053063,0.0,0.0,0.0,0.0,0.0,0.0,0.3333333333333333,E2 앞쪽 부품 안 (pair_pos=0),공정 값 23 + 샷 간 변동,부스팅
GradientBoosting,9,0.10502230552058385,0.2755573761861518,0.25,0.25,0.25,0.2222222222222222,0.25,0.2,0.4451754385964912,E2 앞쪽 부품 안 (pair_pos=0),공정 값 23 + 샷 간 변동,부스팅
GradientBoosting,10,0.577178207453372,0.04060843849735016,0.0,0.0,0.2,0.0,0.0,0.0,0.3894736842105263,E2 앞쪽 부품 안 (pair_pos=0),공정 값 23 + 샷 간 변동,부스팅
GradientBoosting,11,0.05240836969921335,0.036706689536878216,0.0,0.25,0.25,0.0,0.0,0.0,0.3925438596491228,E2 앞쪽 부품 안 (pair_pos=0),공정 값 23 + 샷 간 변동,부스팅
GradientBoosting,12,0.007114068300955393,0.2718205669155036,0.25,0.25,0.25,0.05714285714285714,0.25,0.03225806451612903,0.3530701754385965,E2 앞쪽 부품 안 (pair_pos=0),공정 값 23 + 샷 간 변동,부스팅
GradientBoosting,13,0.00017808331796761174,0.14655043686821245,0.4,0.6,0.6,0.08130081300813008,1.0,0.0423728813559322,0.7415929203539824,E2 앞쪽 부품 안 (pair_pos=0),공정 값 23 + 샷 간 변동,부스팅
GradientBoosting,14,0.0674528918400075,0.05963892429409671,0.2,0.2,0.4,0.0,0.0,0.0,0.49734513274336284,E2 앞쪽 부품 안 (pair_pos=0),공정 값 23 + 샷 간 변동,부스팅
GradientBoosting,15,0.0303991358391256,0.08764790764790766,0.2,0.2,0.4,0.09523809523809523,0.2,0.0625,0.6105263157894737,E2 앞쪽 부품 안 (pair_pos=0),공정 값 23 + 샷 간 변동,부스팅
GradientBoosting,16,0.018749757791620216,0.17077028544998019,0.25,0.5,0.5,0.1,0.25,0.0625,0.6381578947368421,E2 앞쪽 부품 안 (pair_pos=0),공정 값 23 + 샷 간 변동,부스팅
GradientBoosting,17,0.00032869232911877835,0.24958592132505178,0.4,0.6,0.6,0.08130081300813008,1.0,0.0423728813559322,0.704424778761062,E2 앞쪽 부품 안 (pair_pos=0),공정 값 23 + 샷 간 변동,부스팅
GradientBoosting,18,0.012035524639425563,0.03668284195113645,0.0,0.2,0.2,0.08695652173913043,0.2,0.05555555555555555,0.21415929203539824,E2 앞쪽 부품 안 (pair_pos=0),공정 값 23 + 샷 간 변동,부스팅
GradientBoosting,19,0.010774892093265612,0.04252484105932382,0.0,0.25,0.25,0.06451612903225806,0.25,0.037037037037037035,0.38815789473684215,E2 앞쪽 부품 안 (pair_pos=0),공정 값 23 + 샷 간 변동,부스팅
GradientBoosting,20,0.052683213628718875,0.23919497388529334,0.2,0.2,0.2,0.1,0.2,0.06666666666666667,0.5350877192982456,E2 앞쪽 부품 안 (pair_pos=0),공정 값 23 + 샷 간 변동,부스팅
GradientBoosting,21,0.020668011825903363,0.09251677673448444,0.2,0.4,0.6,0.21052631578947367,0.4,0.14285714285714285,0.5964601769911504,E2 앞쪽 부품 안 (pair_pos=0),공정 값 23 + 샷 간 변동,부스팅
GradientBoosting,22,0.5879247023459266,0.09675109915025334,0.25,0.25,0.5,0.0,0.0,0.0,0.5,E2 앞쪽 부품 안 (pair_pos=0),공정 값 23 + 샷 간 변동,부스팅
GradientBoosting,23,0.18008053796368276,0.04560041407867495,0.0,0.25,0.25,0.0,0.0,0.0,0.4934210526315789,E2 앞쪽 부품 안 (pair_pos=0),공정 값 23 + 샷 간 변동,부스팅
GradientBoosting,24,0.0035272967282669277,0.1214640522875817,0.2,0.2,0.4,0.07407407407407407,0.4,0.04081632653061224,0.6389380530973452,E2 앞쪽 부품 안 (pair_pos=0),공정 값 23 + 샷 간 변동,부스팅
GradientBoosting,25,0.019736998827131064,0.07901454896339807,0.2,0.2,0.2,0.10526315789473684,0.2,0.07142857142857142,0.35964912280701755,E2 앞쪽 부품 안 (pair_pos=0),공정 값 23 + 샷 간 변동,부스팅
GradientBoosting,26,0.00019995632616045782,0.32374911909795634,0.5,0.5,0.5,0.06557377049180328,1.0,0.03389830508474576,0.7083333333333334,E2 앞쪽 부품 안 (pair_pos=0),공정 값 23 + 샷 간 변동,부스팅
GradientBoosting,27,0.011248838607343275,0.03374518218274722,0.0,0.0,0.0,0.0,0.0,0.0,0.28495575221238945,E2 앞쪽 부품 안 (pair_pos=0),공정 값 23 + 샷 간 변동,부스팅
GradientBoosting,28,0.009442316202547832,0.10893306450346094,0.2,0.4,0.4,0.11764705882352941,0.4,0.06896551724137931,0.5716814159292036,E2 앞쪽 부품 안 (pair_pos=0),공정 값 23 + 샷 간 변동,부스팅
GradientBoosting,29,0.01019089317251015,0.1631102877070619,0.25,0.25,0.25,0.05714285714285714,0.25,0.03225806451612903,0.631578947368421,E2 앞쪽 부품 안 (pair_pos=0),공정 값 23 + 샷 간 변동,부스팅
GradientBoosting,30,0.4853751935713302,0.20106954410830766,0.4,0.4,0.4,0.0,0.0,0.0,0.6157894736842106,E2 앞쪽 부품 안 (pair_pos=0),공정 값 23 + 샷 간 변동,부스팅
GradientBoosting,31,0.019058426930168498,0.15449196542868274,0.2,0.4,0.6,0.08695652173913043,0.2,0.05555555555555555,0.5433628318584072,E2 앞쪽 부품 안 (pair_pos=0),공정 값 23 + 샷 간 변동,부스팅
GradientBoosting,32,0.1515903235420227,0.025766352124986847,0.0,0.0,0.0,0.0,0.0,0.0,0.2149122807017544,E2 앞쪽 부품 안 (pair_pos=0),공정 값 23 + 샷 간 변동,부스팅
GradientBoosting,33,0.050462409628631015,0.05203005757129468,0.0,0.25,0.25,0.0,0.0,0.0,0.5504385964912281,E2 앞쪽 부품 안 (pair_pos=0),공정 값 23 + 샷 간 변동,부스팅
GradientBoosting,34,0.5206724251894018,0.1127480437083491,0.2,0.2,0.2,0.0,0.0,0.0,0.584070796460177,E2 앞쪽 부품 안 (pair_pos=0),공정 값 23 + 샷 간 변동,부스팅
GradientBoosting,35,0.11860543516161966,0.04974194103352616,0.0,0.2,0.2,0.0,0.0,0.0,0.4456140350877193,E2 앞쪽 부품 안 (pair_pos=0),공정 값 23 + 샷 간 변동,부스팅
GradientBoosting,36,0.004073403540157028,0.25338200532860455,0.2,0.2,0.4,0.1095890410958904,0.8,0.058823529411764705,0.6212389380530974,E2 앞쪽 부품 안 (pair_pos=0),공정 값 23 + 샷 간 변동,부스팅
GradientBoosting,37,0.18311983979863405,0.02901366288297774,0.0,0.0,0.25,0.0,0.0,0.0,0.26754385964912286,E2 앞쪽 부품 안 (pair_pos=0),공정 값 23 + 샷 간 변동,부스팅
GradientBoosting,38,0.0004168126506640346,0.0974118984463812,0.2,0.4,0.4,0.08264462809917356,1.0,0.04310344827586207,0.5309734513274336,E2 앞쪽 부품 안 (pair_pos=0),공정 값 23 + 샷 간 변동,부스팅
GradientBoosting,39,0.0006913139988320689,0.15859323343461884,0.25,0.25,0.25,0.06557377049180328,1.0,0.03389830508474576,0.5657894736842105,E2 앞쪽 부품 안 (pair_pos=0),공정 값 23 + 샷 간 변동,부스팅
GradientBoosting,40,0.21186946124058112,0.04951817758621353,0.0,0.2,0.2,0.0,0.0,0.0,0.4894736842105263,E2 앞쪽 부품 안 (pair_pos=0),공정 값 23 + 샷 간 변동,부스팅
GradientBoosting,41,0.00851145628647723,0.08797868117498715,0.25,0.25,0.25,0.08333333333333333,0.25,0.05,0.4035087719298245,E2 앞쪽 부품 안 (pair_pos=0),공정 값 23 + 샷 간 변동,부스팅
GradientBoosting,42,0.9694451470662,0.050893817732767806,0.0,0.2,0.2,0.0,0.0,0.0,0.5026548672566372,E2 앞쪽 부품 안 (pair_pos=0),공정 값 23 + 샷 간 변동,부스팅
GradientBoosting,43,0.0004422743100840344,0.2329397013456655,0.2,0.2,0.2,0.08130081300813008,1.0,0.0423728813559322,0.4371681415929204,E2 앞쪽 부품 안 (pair_pos=0),공정 값 23 + 샷 간 변동,부스팅
GradientBoosting,44,0.03932712711383576,0.07780697563306259,0.25,0.25,0.25,0.0,0.0,0.0,0.4583333333333333,E2 앞쪽 부품 안 (pair_pos=0),공정 값 23 + 샷 간 변동,부스팅
GradientBoosting,45,0.12533239017073738,0.04859302469209591,0.2,0.2,0.2,0.0,0.0,0.0,0.3333333333333333,E2 앞쪽 부품 안 (pair_pos=0),공정 값 23 + 샷 간 변동,부스팅
GradientBoosting,46,0.00639070386924927,0.09351917724353342,0.25,0.25,0.25,0.044444444444444446,0.25,0.024390243902439025,0.543859649122807,E2 앞쪽 부품 안 (pair_pos=0),공정 값 23 + 샷 간 변동,부스팅
GradientBoosting,47,0.21084944298103803,0.06925265927362763,0.25,0.25,0.25,0.0,0.0,0.0,0.5701754385964912,E2 앞쪽 부품 안 (pair_pos=0),공정 값 23 + 샷 간 변동,부스팅
GradientBoosting,48,0.004118387579124417,0.07480405036851769,0.2,0.2,0.2,0.04,0.2,0.022222222222222223,0.44778761061946903,E2 앞쪽 부품 안 (pair_pos=0),공정 값 23 + 샷 간 변동,부스팅
GradientBoosting,49,0.0012372409201630676,0.2341894164535674,0.2,0.2,0.2,0.05504587155963303,0.6,0.028846153846153848,0.431858407079646,E2 앞쪽 부품 안 (pair_pos=0),공정 값 23 + 샷 간 변동,부스팅
HistGradientBoosting,0,8.253631785324307e-05,0.03816526610644258,0.0,0.0,0.2,0.03636363636363636,0.2,0.02,0.3666666666666667,E2 앞쪽 부품 안 (pair_pos=0),공정 값 23 + 샷 간 변동,부스팅
HistGradientBoosting,1,0.05330046187334562,0.05439821176643031,0.0,0.5,0.5,0.0,0.0,0.0,0.5394736842105263,E2 앞쪽 부품 안 (pair_pos=0),공정 값 23 + 샷 간 변동,부스팅
HistGradientBoosting,2,0.22552093999932507,0.03844180325625971,0.0,0.25,0.25,0.0,0.0,0.0,0.2785087719298246,E2 앞쪽 부품 안 (pair_pos=0),공정 값 23 + 샷 간 변동,부스팅
HistGradientBoosting,3,0.021514699015654688,0.05027649769585253,0.0,0.2,0.2,0.0,0.0,0.0,0.5026548672566371,E2 앞쪽 부품 안 (pair_pos=0),공정 값 23 + 샷 간 변동,부스팅
HistGradientBoosting,4,0.0032123965906139655,0.2395566502463054,0.6,0.6,0.6,0.35294117647058826,0.6,0.25,0.6849557522123894,E2 앞쪽 부품 안 (pair_pos=0),공정 값 23 + 샷 간 변동,부스팅
HistGradientBoosting,5,2.0213424035491234e-05,0.06411897259354886,0.0,0.2,0.4,0.08333333333333333,1.0,0.043478260869565216,0.6105263157894737,E2 앞쪽 부품 안 (pair_pos=0),공정 값 23 + 샷 간 변동,부스팅
HistGradientBoosting,6,0.0023014413318486007,0.07983781548971423,0.0,0.4,0.6,0.0,0.0,0.0,0.6212389380530974,E2 앞쪽 부품 안 (pair_pos=0),공정 값 23 + 샷 간 변동,부스팅
HistGradientBoosting,7,2.228276260904696e-05,0.052056663790986266,0.2,0.2,0.2,0.09615384615384616,1.0,0.050505050505050504,0.4584070796460177,E2 앞쪽 부품 안 (pair_pos=0),공정 값 23 + 샷 간 변동,부스팅
HistGradientBoosting,8,0.0026208686441691236,0.03299957164275005,0.0,0.0,0.25,0.0,0.0,0.0,0.33114035087719307,E2 앞쪽 부품 안 (pair_pos=0),공정 값 23 + 샷 간 변동,부스팅
HistGradientBoosting,9,0.00016598968533015595,0.10861067334136769,0.5,0.5,0.5,0.12903225806451613,0.5,0.07407407407407407,0.7324561403508771,E2 앞쪽 부품 안 (pair_pos=0),공정 값 23 + 샷 간 변동,부스팅
HistGradientBoosting,10,0.11169284948857466,0.040730318114856404,0.0,0.0,0.0,0.0,0.0,0.0,0.41754385964912283,E2 앞쪽 부품 안 (pair_pos=0),공정 값 23 + 샷 간 변동,부스팅
HistGradientBoosting,11,1.6490002568889237e-05,0.0844398656898657,0.25,0.5,0.5,0.06557377049180328,1.0,0.03389830508474576,0.6535087719298245,E2 앞쪽 부품 안 (pair_pos=0),공정 값 23 + 샷 간 변동,부스팅
HistGradientBoosting,12,2.2196266357811294e-05,0.11417332667332666,0.25,0.25,0.25,0.05405405405405406,0.75,0.028037383177570093,0.5043859649122807,E2 앞쪽 부품 안 (pair_pos=0),공정 값 23 + 샷 간 변동,부스팅
HistGradientBoosting,13,2.2240181991109158e-05,0.14134946780173305,0.4,0.4,0.4,0.0847457627118644,1.0,0.04424778761061947,0.6973451327433628,E2 앞쪽 부품 안 (pair_pos=0),공정 값 23 + 샷 간 변동,부스팅
HistGradientBoosting,14,0.00017213794355901022,0.07020434762370246,0.2,0.2,0.4,0.10810810810810811,0.4,0.0625,0.6070796460176991,E2 앞쪽 부품 안 (pair_pos=0),공정 값 23 + 샷 간 변동,부스팅
HistGradientBoosting,15,1.7015375034980463e-05,0.16482047364400307,0.2,0.4,0.6,0.08064516129032258,1.0,0.04201680672268908,0.7070175438596491,E2 앞쪽 부품 안 (pair_pos=0),공정 값 23 + 샷 간 변동,부스팅
HistGradientBoosting,16,0.009709709694854848,0.15531655844155845,0.5,0.75,0.75,0.0,0.0,0.0,0.8530701754385965,E2 앞쪽 부품 안 (pair_pos=0),공정 값 23 + 샷 간 변동,부스팅
HistGradientBoosting,17,2.192061075453096e-05,0.07637091644057084,0.2,0.2,0.2,0.08264462809917356,1.0,0.04310344827586207,0.552212389380531,E2 앞쪽 부품 안 (pair_pos=0),공정 값 23 + 샷 간 변동,부스팅
HistGradientBoosting,18,1.8937258703007928e-05,0.11809065934065935,0.2,0.4,0.8,0.08130081300813008,1.0,0.0423728813559322,0.6654867256637168,E2 앞쪽 부품 안 (pair_pos=0),공정 값 23 + 샷 간 변동,부스팅
HistGradientBoosting,19,0.002860407902821941,0.03490551937653465,0.0,0.25,0.25,0.0,0.0,0.0,0.26096491228070173,E2 앞쪽 부품 안 (pair_pos=0),공정 값 23 + 샷 간 변동,부스팅
HistGradientBoosting,20,3.6727909714313776e-05,0.08143199233716475,0.2,0.4,0.4,0.09411764705882353,0.8,0.05,0.6368421052631579,E2 앞쪽 부품 안 (pair_pos=0),공정 값 23 + 샷 간 변동,부스팅
HistGradientBoosting,21,4.7945481088038834e-05,0.16918932918932922,0.4,0.4,0.4,0.10126582278481013,0.8,0.05405405405405406,0.6530973451327434,E2 앞쪽 부품 안 (pair_pos=0),공정 값 23 + 샷 간 변동,부스팅
HistGradientBoosting,22,6.32120667702366e-05,0.03642488683019265,0.0,0.0,0.25,0.05970149253731343,0.5,0.031746031746031744,0.3991228070175439,E2 앞쪽 부품 안 (pair_pos=0),공정 값 23 + 샷 간 변동,부스팅
HistGradientBoosting,23,0.0005165916120261962,0.13579545454545455,0.5,0.75,0.75,0.2,0.5,0.125,0.6929824561403509,E2 앞쪽 부품 안 (pair_pos=0),공정 값 23 + 샷 간 변동,부스팅
HistGradientBoosting,24,3.215584381084864e-05,0.07786223230634504,0.2,0.2,0.4,0.04819277108433735,0.4,0.02564102564102564,0.46371681415929206,E2 앞쪽 부품 안 (pair_pos=0),공정 값 23 + 샷 간 변동,부스팅
HistGradientBoosting,25,0.0328505517441712,0.06793738099395512,0.2,0.4,0.4,0.0,0.0,0.0,0.5280701754385966,E2 앞쪽 부품 안 (pair_pos=0),공정 값 23 + 샷 간 변동,부스팅
HistGradientBoosting,26,2.1177327323988844e-05,0.07066171896915516,0.0,0.25,0.5,0.06722689075630252,1.0,0.034782608695652174,0.7149122807017544,E2 앞쪽 부품 안 (pair_pos=0),공정 값 23 + 샷 간 변동,부스팅
HistGradientBoosting,27,0.11465572472583249,0.03822557340803789,0.0,0.0,0.0,0.0,0.0,0.0,0.36637168141592924,E2 앞쪽 부품 안 (pair_pos=0),공정 값 23 + 샷 간 변동,부스팅
HistGradientBoosting,28,7.852057409792294e-05,0.12901355773726042,0.4,0.4,0.4,0.07142857142857142,0.4,0.0392156862745098,0.6070796460176991,E2 앞쪽 부품 안 (pair_pos=0),공정 값 23 + 샷 간 변동,부스팅
HistGradientBoosting,29,5.583449498563049e-05,0.17055334512231063,0.25,0.25,0.5,0.09836065573770492,0.75,0.05263157894736842,0.6973684210526316,E2 앞쪽 부품 안 (pair_pos=0),공정 값 23 + 샷 간 변동,부스팅
HistGradientBoosting,30,2.230315120973184e-05,0.07883449349827176,0.2,0.2,0.6,0.09009009009009009,1.0,0.04716981132075472,0.6631578947368422,E2 앞쪽 부품 안 (pair_pos=0),공정 값 23 + 샷 간 변동,부스팅
HistGradientBoosting,31,2.3616574683864727e-05,0.10624617139572273,0.2,0.6,0.6,0.07547169811320754,0.8,0.039603960396039604,0.6159292035398231,E2 앞쪽 부품 안 (pair_pos=0),공정 값 23 + 샷 간 변동,부스팅
HistGradientBoosting,32,0.00018808592084035189,0.11414565826330532,0.25,0.25,0.25,0.05405405405405406,0.25,0.030303030303030304,0.5438596491228069,E2 앞쪽 부품 안 (pair_pos=0),공정 값 23 + 샷 간 변동,부스팅
HistGradientBoosting,33,0.0002020368477714046,0.037952516233766234,0.0,0.0,0.25,0.0,0.0,0.0,0.4539473684210526,E2 앞쪽 부품 안 (pair_pos=0),공정 값 23 + 샷 간 변동,부스팅
HistGradientBoosting,34,0.00037367407369276196,0.101879917184265,0.2,0.2,0.4,0.125,0.4,0.07407407407407407,0.6017699115044248,E2 앞쪽 부품 안 (pair_pos=0),공정 값 23 + 샷 간 변동,부스팅
HistGradientBoosting,35,0.002207508497450081,0.06826765188834154,0.2,0.2,0.4,0.125,0.2,0.09090909090909091,0.5561403508771929,E2 앞쪽 부품 안 (pair_pos=0),공정 값 23 + 샷 간 변동,부스팅
HistGradientBoosting,36,2.5096195600279258e-05,0.1140099776092135,0.2,0.6,0.6,0.07547169811320754,0.8,0.039603960396039604,0.6619469026548673,E2 앞쪽 부품 안 (pair_pos=0),공정 값 23 + 샷 간 변동,부스팅
HistGradientBoosting,37,2.3586922069862562e-05,0.051812472977675605,0.0,0.0,0.25,0.07692307692307693,1.0,0.04,0.6162280701754386,E2 앞쪽 부품 안 (pair_pos=0),공정 값 23 + 샷 간 변동,부스팅
HistGradientBoosting,38,2.1313537112265306e-05,0.053422851283187626,0.0,0.2,0.4,0.08264462809917356,1.0,0.04310344827586207,0.5026548672566372,E2 앞쪽 부품 안 (pair_pos=0),공정 값 23 + 샷 간 변동,부스팅
HistGradientBoosting,39,5.606738759069433e-05,0.23666666666666664,0.5,0.75,0.75,0.11267605633802817,1.0,0.05970149253731343,0.8596491228070176,E2 앞쪽 부품 안 (pair_pos=0),공정 값 23 + 샷 간 변동,부스팅
HistGradientBoosting,40,0.1562082675407142,0.08459085201478711,0.0,0.4,0.6,0.0,0.0,0.0,0.6192982456140351,E2 앞쪽 부품 안 (pair_pos=0),공정 값 23 + 샷 간 변동,부스팅
HistGradientBoosting,41,0.001296979726836943,0.02884553213500582,0.0,0.0,0.0,0.0,0.0,0.0,0.2850877192982456,E2 앞쪽 부품 안 (pair_pos=0),공정 값 23 + 샷 간 변동,부스팅
HistGradientBoosting,42,2.2302170325989628e-05,0.046887309819034204,0.0,0.0,0.2,0.0784313725490196,0.8,0.041237113402061855,0.4690265486725664,E2 앞쪽 부품 안 (pair_pos=0),공정 값 23 + 샷 간 변동,부스팅
HistGradientBoosting,43,2.1710254798635835e-05,0.1784690499834492,0.4,0.4,0.4,0.08130081300813008,1.0,0.0423728813559322,0.6460176991150443,E2 앞쪽 부품 안 (pair_pos=0),공정 값 23 + 샷 간 변동,부스팅
HistGradientBoosting,44,0.00033710906977203005,0.27596121536722706,0.25,0.25,0.25,0.09090909090909091,0.25,0.05555555555555555,0.4407894736842105,E2 앞쪽 부품 안 (pair_pos=0),공정 값 23 + 샷 간 변동,부스팅
HistGradientBoosting,45,0.001235560593187911,0.04641823988327428,0.0,0.0,0.2,0.0,0.0,0.0,0.49298245614035086,E2 앞쪽 부품 안 (pair_pos=0),공정 값 23 + 샷 간 변동,부스팅
HistGradientBoosting,46,0.30629813342869433,0.15822419899514042,0.25,0.25,0.5,0.3333333333333333,0.25,0.5,0.5328947368421053,E2 앞쪽 부품 안 (pair_pos=0),공정 값 23 + 샷 간 변동,부스팅
HistGradientBoosting,47,0.00354864538015501,0.0472020837512724,0.0,0.0,0.25,0.0,0.0,0.0,0.581140350877193,E2 앞쪽 부품 안 (pair_pos=0),공정 값 23 + 샷 간 변동,부스팅
HistGradientBoosting,48,2.230379065554533e-05,0.34435812060673326,0.4,0.6,0.8,0.09174311926605505,1.0,0.04807692307692308,0.8300884955752212,E2 앞쪽 부품 안 (pair_pos=0),공정 값 23 + 샷 간 변동,부스팅
HistGradientBoosting,49,0.0006585171147462424,0.07362719298245614,0.0,0.0,0.6,0.0,0.0,0.0,0.6831858407079645,E2 앞쪽 부품 안 (pair_pos=0),공정 값 23 + 샷 간 변동,부스팅
XGBoost,0,0.007012651767581701,0.03195042010660676,0.0,0.0,0.0,0.0,0.0,0.0,0.23333333333333334,E2 앞쪽 부품 안 (pair_pos=0),공정 값 23 + 샷 간 변동,부스팅
XGBoost,1,0.6057997345924377,0.050026308642813495,0.25,0.25,0.25,0.0,0.0,0.0,0.44298245614035087,E2 앞쪽 부품 안 (pair_pos=0),공정 값 23 + 샷 간 변동,부스팅
XGBoost,2,0.11439941823482513,0.027495624135180863,0.0,0.0,0.0,0.0,0.0,0.0,0.2675438596491228,E2 앞쪽 부품 안 (pair_pos=0),공정 값 23 + 샷 간 변동,부스팅
XGBoost,3,0.019827427342534065,0.03948717246375677,0.0,0.0,0.0,0.0,0.0,0.0,0.38407079646017694,E2 앞쪽 부품 안 (pair_pos=0),공정 값 23 + 샷 간 변동,부스팅
XGBoost,4,0.01260977704077959,0.10529408457040036,0.2,0.4,0.6,0.14814814814814814,0.8,0.08163265306122448,0.7221238938053097,E2 앞쪽 부품 안 (pair_pos=0),공정 값 23 + 샷 간 변동,부스팅
XGBoost,5,0.0009140679030679166,0.0389073360501932,0.0,0.0,0.0,0.08849557522123894,1.0,0.046296296296296294,0.38596491228070173,E2 앞쪽 부품 안 (pair_pos=0),공정 값 23 + 샷 간 변동,부스팅
XGBoost,6,0.054576676338911057,0.04480228009342803,0.0,0.2,0.2,0.09090909090909091,0.2,0.058823529411764705,0.39823008849557523,E2 앞쪽 부품 안 (pair_pos=0),공정 값 23 + 샷 간 변동,부스팅
XGBoost,7,7.690724305575714e-05,0.06296062284562948,0.2,0.2,0.2,0.08196721311475409,1.0,0.042735042735042736,0.5026548672566371,E2 앞쪽 부품 안 (pair_pos=0),공정 값 23 + 샷 간 변동,부스팅
XGBoost,8,0.16492068767547607,0.03162986190060127,0.0,0.0,0.0,0.0,0.0,0.0,0.3486842105263158,E2 앞쪽 부품 안 (pair_pos=0),공정 값 23 + 샷 간 변동,부스팅
XGBoost,9,0.02502571791410446,0.038386525729995555,0.0,0.25,0.25,0.08,0.25,0.047619047619047616,0.3574561403508772,E2 앞쪽 부품 안 (pair_pos=0),공정 값 23 + 샷 간 변동,부스팅
XGBoost,10,0.1298089176416397,0.0324693439215723,0.0,0.0,0.0,0.0,0.0,0.0,0.26140350877192986,E2 앞쪽 부품 안 (pair_pos=0),공정 값 23 + 샷 간 변동,부스팅
XGBoost,11,0.0007290855864994228,0.06259920634920635,0.25,0.25,0.25,0.07142857142857142,1.0,0.037037037037037035,0.5657894736842105,E2 앞쪽 부품 안 (pair_pos=0),공정 값 23 + 샷 간 변동,부스팅
XGBoost,12,0.055674195289611816,0.04713109602815485,0.0,0.25,0.5,0.07692307692307693,0.25,0.045454545454545456,0.4298245614035088,E2 앞쪽 부품 안 (pair_pos=0),공정 값 23 + 샷 간 변동,부스팅
XGBoost,13,5.793012314825319e-05,0.06587953903022396,0.2,0.2,0.4,0.08196721311475409,1.0,0.042735042735042736,0.5592920353982301,E2 앞쪽 부품 안 (pair_pos=0),공정 값 23 + 샷 간 변동,부스팅
XGBoost,14,0.024858508259058,0.07679147000042522,0.0,0.4,0.4,0.10526315789473684,0.4,0.06060606060606061,0.6761061946902656,E2 앞쪽 부품 안 (pair_pos=0),공정 값 23 + 샷 간 변동,부스팅
XGBoost,15,0.04765372350811958,0.15890607026509662,0.4,0.4,0.4,0.14814814814814814,0.4,0.09090909090909091,0.6526315789473685,E2 앞쪽 부품 안 (pair_pos=0),공정 값 23 + 샷 간 변동,부스팅
XGBoost,16,0.0002839808294083923,0.10656990068754774,0.25,0.75,0.75,0.06722689075630252,1.0,0.034782608695652174,0.7346491228070176,E2 앞쪽 부품 안 (pair_pos=0),공정 값 23 + 샷 간 변동,부스팅
XGBoost,17,5.63431931368541e-05,0.06899158055874473,0.0,0.4,0.4,0.08130081300813008,1.0,0.0423728813559322,0.6265486725663717,E2 앞쪽 부품 안 (pair_pos=0),공정 값 23 + 샷 간 변동,부스팅
XGBoost,18,0.0007350129308179021,0.08160722690228908,0.0,0.2,0.8,0.07476635514018691,0.8,0.0392156862745098,0.6336283185840709,E2 앞쪽 부품 안 (pair_pos=0),공정 값 23 + 샷 간 변동,부스팅
XGBoost,19,0.017963483929634094,0.032670771674728795,0.0,0.0,0.25,0.047619047619047616,0.25,0.02631578947368421,0.3618421052631579,E2 앞쪽 부품 안 (pair_pos=0),공정 값 23 + 샷 간 변동,부스팅
XGBoost,20,0.17174756526947021,0.09486594782369431,0.2,0.2,0.4,0.13333333333333333,0.2,0.1,0.6947368421052631,E2 앞쪽 부품 안 (pair_pos=0),공정 값 23 + 샷 간 변동,부스팅
XGBoost,21,0.0009564738720655441,0.08173766898063572,0.2,0.4,0.4,0.06896551724137931,0.6,0.036585365853658534,0.511504424778761,E2 앞쪽 부품 안 (pair_pos=0),공정 값 23 + 샷 간 변동,부스팅
XGBoost,22,0.0017625666223466396,0.033674997089384984,0.0,0.0,0.0,0.08888888888888889,1.0,0.046511627906976744,0.4057017543859649,E2 앞쪽 부품 안 (pair_pos=0),공정 값 23 + 샷 간 변동,부스팅
XGBoost,23,0.002313397591933608,0.10097457627118644,0.25,0.5,0.75,0.07317073170731707,0.75,0.038461538461538464,0.655701754385965,E2 앞쪽 부품 안 (pair_pos=0),공정 값 23 + 샷 간 변동,부스팅
XGBoost,24,0.0011456742649897933,0.06441419949229879,0.2,0.2,0.4,0.10101010101010101,1.0,0.05319148936170213,0.5663716814159292,E2 앞쪽 부품 안 (pair_pos=0),공정 값 23 + 샷 간 변동,부스팅
XGBoost,25,0.12777318060398102,0.054257566955452835,0.2,0.2,0.2,0.125,0.2,0.09090909090909091,0.4017543859649123,E2 앞쪽 부품 안 (pair_pos=0),공정 값 23 + 샷 간 변동,부스팅
XGBoost,26,0.0016237639356404543,0.12531184656428004,0.25,0.75,0.75,0.08333333333333333,1.0,0.043478260869565216,0.7741228070175439,E2 앞쪽 부품 안 (pair_pos=0),공정 값 23 + 샷 간 변동,부스팅
XGBoost,27,0.1957961469888687,0.04593297345928925,0.0,0.2,0.2,0.0,0.0,0.0,0.45309734513274336,E2 앞쪽 부품 안 (pair_pos=0),공정 값 23 + 샷 간 변동,부스팅
XGBoost,28,0.00017640352598391473,0.10771006771006772,0.2,0.4,0.4,0.08196721311475409,1.0,0.042735042735042736,0.6530973451327433,E2 앞쪽 부품 안 (pair_pos=0),공정 값 23 + 샷 간 변동,부스팅
XGBoost,29,6.818414840381593e-05,0.03985550218426931,0.0,0.25,0.25,0.06557377049180328,1.0,0.03389830508474576,0.45394736842105265,E2 앞쪽 부품 안 (pair_pos=0),공정 값 23 + 샷 간 변동,부스팅
XGBoost,30,0.00033935971441678703,0.1310768300060496,0.4,0.4,0.4,0.07017543859649122,0.8,0.03669724770642202,0.587719298245614,E2 앞쪽 부품 안 (pair_pos=0),공정 값 23 + 샷 간 변동,부스팅
XGBoost,31,0.0004383149789646268,0.0969174654850184,0.2,0.4,0.6,0.09174311926605505,1.0,0.04807692307692308,0.5893805309734513,E2 앞쪽 부품 안 (pair_pos=0),공정 값 23 + 샷 간 변동,부스팅
XGBoost,32,0.0026153726503252983,0.2775457015203836,0.25,0.25,0.25,0.04597701149425287,0.5,0.024096385542168676,0.48903508771929827,E2 앞쪽 부품 안 (pair_pos=0),공정 값 23 + 샷 간 변동,부스팅
XGBoost,33,0.02808813378214836,0.04283587833116135,0.0,0.0,0.25,0.058823529411764705,0.25,0.03333333333333333,0.4978070175438596,E2 앞쪽 부품 안 (pair_pos=0),공정 값 23 + 샷 간 변동,부스팅
XGBoost,34,0.04282481223344803,0.05627166887426806,0.0,0.2,0.2,0.058823529411764705,0.2,0.034482758620689655,0.5469026548672566,E2 앞쪽 부품 안 (pair_pos=0),공정 값 23 + 샷 간 변동,부스팅
XGBoost,35,0.00723596615716815,0.050737710837005325,0.0,0.0,0.4,0.06557377049180328,0.4,0.03571428571428571,0.4894736842105263,E2 앞쪽 부품 안 (pair_pos=0),공정 값 23 + 샷 간 변동,부스팅
XGBoost,36,0.001959014916792512,0.07342110033535756,0.0,0.6,0.6,0.09090909090909091,0.8,0.04819277108433735,0.5646017699115045,E2 앞쪽 부품 안 (pair_pos=0),공정 값 23 + 샷 간 변동,부스팅
XGBoost,37,0.7849026918411255,0.05140466061627316,0.0,0.0,0.25,0.0,0.0,0.0,0.6052631578947368,E2 앞쪽 부품 안 (pair_pos=0),공정 값 23 + 샷 간 변동,부스팅
XGBoost,38,0.005636900197714567,0.05177066084600332,0.2,0.2,0.2,0.03571428571428571,0.2,0.0196078431372549,0.4,E2 앞쪽 부품 안 (pair_pos=0),공정 값 23 + 샷 간 변동,부스팅
XGBoost,39,0.0034377409610897303,0.05167025725107399,0.0,0.25,0.5,0.07142857142857142,0.75,0.0375,0.5679824561403508,E2 앞쪽 부품 안 (pair_pos=0),공정 값 23 + 샷 간 변동,부스팅
XGBoost,40,0.026963068172335625,0.08360689636469647,0.2,0.2,0.6,0.07142857142857142,0.2,0.043478260869565216,0.6421052631578947,E2 앞쪽 부품 안 (pair_pos=0),공정 값 23 + 샷 간 변동,부스팅
XGBoost,41,0.5599808692932129,0.03611206224200574,0.0,0.25,0.25,0.0,0.0,0.0,0.32894736842105265,E2 앞쪽 부품 안 (pair_pos=0),공정 값 23 + 샷 간 변동,부스팅
XGBoost,42,0.00019101014186162502,0.05809056934693607,0.0,0.2,0.4,0.08264462809917356,1.0,0.04310344827586207,0.5663716814159292,E2 앞쪽 부품 안 (pair_pos=0),공정 값 23 + 샷 간 변동,부스팅
XGBoost,43,0.026035251095891,0.055042516043378856,0.0,0.2,0.2,0.05555555555555555,0.2,0.03225806451612903,0.5274336283185841,E2 앞쪽 부품 안 (pair_pos=0),공정 값 23 + 샷 간 변동,부스팅
XGBoost,44,0.00014543467841576785,0.14736652236652237,0.25,0.25,0.25,0.06557377049180328,1.0,0.03389830508474576,0.36622807017543857,E2 앞쪽 부품 안 (pair_pos=0),공정 값 23 + 샷 간 변동,부스팅
XGBoost,45,0.09067854285240173,0.04435304806341092,0.0,0.0,0.0,0.0,0.0,0.0,0.4578947368421053,E2 앞쪽 부품 안 (pair_pos=0),공정 값 23 + 샷 간 변동,부스팅
XGBoost,46,0.1346142441034317,0.09256381889091697,0.25,0.25,0.25,0.11764705882352941,0.25,0.07692307692307693,0.4978070175438597,E2 앞쪽 부품 안 (pair_pos=0),공정 값 23 + 샷 간 변동,부스팅
XGBoost,47,0.013402764685451984,0.030984684140023946,0.0,0.0,0.0,0.0,0.0,0.0,0.34429824561403505,E2 앞쪽 부품 안 (pair_pos=0),공정 값 23 + 샷 간 변동,부스팅
XGBoost,48,6.99405645718798e-05,0.09300539083557952,0.0,0.4,0.8,0.08196721311475409,1.0,0.042735042735042736,0.6743362831858407,E2 앞쪽 부품 안 (pair_pos=0),공정 값 23 + 샷 간 변동,부스팅
XGBoost,49,0.000184781922143884,0.07267762048249853,0.2,0.2,0.2,0.08264462809917356,1.0,0.04310344827586207,0.6230088495575221,E2 앞쪽 부품 안 (pair_pos=0),공정 값 23 + 샷 간 변동,부스팅
LightGBM,0,0.015836312942789733,0.04082178108442749,0.0,0.0,0.2,0.0,0.0,0.0,0.41578947368421054,E2 앞쪽 부품 안 (pair_pos=0),공정 값 23 + 샷 간 변동,부스팅
LightGBM,1,0.08716545850209721,0.08698226393038966,0.25,0.25,0.25,0.25,0.25,0.25,0.41885964912280704,E2 앞쪽 부품 안 (pair_pos=0),공정 값 23 + 샷 간 변동,부스팅
LightGBM,2,0.001571140212053904,0.026671539961013645,0.0,0.0,0.0,0.0,0.0,0.0,0.23464912280701755,E2 앞쪽 부품 안 (pair_pos=0),공정 값 23 + 샷 간 변동,부스팅
LightGBM,3,0.002003933628856605,0.036478719863815096,0.0,0.0,0.0,0.0,0.0,0.0,0.33628318584070793,E2 앞쪽 부품 안 (pair_pos=0),공정 값 23 + 샷 간 변동,부스팅
LightGBM,4,0.0002911629623361703,0.20642754071325498,0.4,0.6,0.6,0.12,0.6,0.06666666666666667,0.7185840707964601,E2 앞쪽 부품 안 (pair_pos=0),공정 값 23 + 샷 간 변동,부스팅
LightGBM,5,3.0245487228122695e-05,0.04899463747848172,0.0,0.0,0.2,0.0963855421686747,0.8,0.05128205128205128,0.5140350877192983,E2 앞쪽 부품 안 (pair_pos=0),공정 값 23 + 샷 간 변동,부스팅
LightGBM,6,8.637421891662862e-05,0.04464105558628885,0.0,0.2,0.2,0.06666666666666667,0.4,0.03636363636363636,0.4,E2 앞쪽 부품 안 (pair_pos=0),공정 값 23 + 샷 간 변동,부스팅
LightGBM,7,3.2320243677187423e-06,0.08209854137258857,0.2,0.2,0.4,0.08264462809917356,1.0,0.04310344827586207,0.6619469026548672,E2 앞쪽 부품 안 (pair_pos=0),공정 값 23 + 샷 간 변동,부스팅
LightGBM,8,0.006172933898090616,0.038611463186261075,0.0,0.25,0.25,0.0,0.0,0.0,0.45394736842105265,E2 앞쪽 부품 안 (pair_pos=0),공정 값 23 + 샷 간 변동,부스팅
LightGBM,9,7.190231170592765e-05,0.04682108366259441,0.0,0.25,0.25,0.03333333333333333,0.25,0.017857142857142856,0.45394736842105265,E2 앞쪽 부품 안 (pair_pos=0),공정 값 23 + 샷 간 변동,부스팅
LightGBM,10,0.04923463523745705,0.03237594719769574,0.0,0.0,0.0,0.0,0.0,0.0,0.26140350877192986,E2 앞쪽 부품 안 (pair_pos=0),공정 값 23 + 샷 간 변동,부스팅
LightGBM,11,5.781577510541195e-07,0.05658722599339969,0.25,0.25,0.25,0.06557377049180328,1.0,0.03389830508474576,0.5701754385964912,E2 앞쪽 부품 안 (pair_pos=0),공정 값 23 + 샷 간 변동,부스팅
LightGBM,12,4.3245573001399686e-06,0.054685423783522064,0.0,0.25,0.5,0.06611570247933884,1.0,0.03418803418803419,0.4824561403508772,E2 앞쪽 부품 안 (pair_pos=0),공정 값 23 + 샷 간 변동,부스팅
LightGBM,13,3.8489908778867157e-07,0.10492234169653525,0.2,0.4,0.6,0.08130081300813008,1.0,0.0423728813559322,0.6672566371681417,E2 앞쪽 부품 안 (pair_pos=0),공정 값 23 + 샷 간 변동,부스팅
LightGBM,14,0.0005333330066649985,0.09642857142857142,0.2,0.4,0.6,0.13636363636363635,0.6,0.07692307692307693,0.6761061946902656,E2 앞쪽 부품 안 (pair_pos=0),공정 값 23 + 샷 간 변동,부스팅
LightGBM,15,0.0002856303309128096,0.06736564710335202,0.2,0.2,0.4,0.08888888888888889,0.4,0.05,0.5614035087719298,E2 앞쪽 부품 안 (pair_pos=0),공정 값 23 + 샷 간 변동,부스팅
LightGBM,16,0.0002388326967309227,0.1567554500703235,0.5,0.75,0.75,0.10909090909090909,0.75,0.058823529411764705,0.7807017543859649,E2 앞쪽 부품 안 (pair_pos=0),공정 값 23 + 샷 간 변동,부스팅
LightGBM,17,3.954655443022931e-07,0.05960136210278416,0.0,0.2,0.2,0.08130081300813008,1.0,0.0423728813559322,0.5823008849557523,E2 앞쪽 부품 안 (pair_pos=0),공정 값 23 + 샷 간 변동,부스팅
LightGBM,18,8.037437462813303e-06,0.12491064491064491,0.4,0.6,0.6,0.07476635514018691,0.8,0.0392156862745098,0.6849557522123894,E2 앞쪽 부품 안 (pair_pos=0),공정 값 23 + 샷 간 변동,부스팅
LightGBM,19,0.00033135197870626915,0.04093740487947453,0.0,0.25,0.25,0.0425531914893617,0.25,0.023255813953488372,0.4714912280701754,E2 앞쪽 부품 안 (pair_pos=0),공정 값 23 + 샷 간 변동,부스팅
LightGBM,20,0.014777905133030702,0.09045035911419794,0.2,0.4,0.4,0.0,0.0,0.0,0.6701754385964913,E2 앞쪽 부품 안 (pair_pos=0),공정 값 23 + 샷 간 변동,부스팅
LightGBM,21,0.00028886348763645627,0.10503390226794482,0.4,0.4,0.4,0.11764705882352941,0.4,0.06896551724137931,0.5911504424778761,E2 앞쪽 부품 안 (pair_pos=0),공정 값 23 + 샷 간 변동,부스팅
LightGBM,22,3.9548300170372636e-05,0.03440190436273166,0.0,0.0,0.25,0.04938271604938271,0.5,0.025974025974025976,0.40789473684210525,E2 앞쪽 부품 안 (pair_pos=0),공정 값 23 + 샷 간 변동,부스팅
LightGBM,23,5.367312694413771e-05,0.11964501206757844,0.5,0.75,0.75,0.075,0.75,0.039473684210526314,0.6842105263157895,E2 앞쪽 부품 안 (pair_pos=0),공정 값 23 + 샷 간 변동,부스팅
LightGBM,24,2.541369544739282e-05,0.06135720859125114,0.0,0.2,0.4,0.09411764705882353,0.8,0.05,0.5486725663716814,E2 앞쪽 부품 안 (pair_pos=0),공정 값 23 + 샷 간 변동,부스팅
LightGBM,25,0.00959503679213989,0.09478437196965525,0.2,0.4,0.4,0.19047619047619047,0.4,0.125,0.4736842105263158,E2 앞쪽 부품 안 (pair_pos=0),공정 값 23 + 샷 간 변동,부스팅
LightGBM,26,1.3844674270569684e-06,0.15658551218896044,0.25,0.5,0.75,0.06666666666666667,1.0,0.034482758620689655,0.6776315789473685,E2 앞쪽 부품 안 (pair_pos=0),공정 값 23 + 샷 간 변동,부스팅
LightGBM,27,0.005726322774015536,0.03987413564459601,0.0,0.0,0.2,0.0,0.0,0.0,0.36460176991150445,E2 앞쪽 부품 안 (pair_pos=0),공정 값 23 + 샷 간 변동,부스팅
LightGBM,28,5.879047918321916e-06,0.17493080892388166,0.2,0.4,0.4,0.08771929824561403,1.0,0.045871559633027525,0.7238938053097346,E2 앞쪽 부품 안 (pair_pos=0),공정 값 23 + 샷 간 변동,부스팅
LightGBM,29,0.0004086209623476807,0.05540764262063725,0.25,0.25,0.25,0.05405405405405406,0.25,0.030303030303030304,0.506578947368421,E2 앞쪽 부품 안 (pair_pos=0),공정 값 23 + 샷 간 변동,부스팅
LightGBM,30,6.411108280365626e-05,0.17752247752247752,0.2,0.6,0.6,0.08571428571428572,0.6,0.046153846153846156,0.6157894736842107,E2 앞쪽 부품 안 (pair_pos=0),공정 값 23 + 샷 간 변동,부스팅
LightGBM,31,6.8406032373316074e-06,0.10219462396235851,0.2,0.6,0.6,0.08,0.8,0.042105263157894736,0.5929203539823009,E2 앞쪽 부품 안 (pair_pos=0),공정 값 23 + 샷 간 변동,부스팅
LightGBM,32,3.99364815512227e-06,0.16727695437372858,0.25,0.25,0.5,0.06779661016949153,1.0,0.03508771929824561,0.6535087719298245,E2 앞쪽 부품 안 (pair_pos=0),공정 값 23 + 샷 간 변동,부스팅
LightGBM,33,8.458383030966241e-05,0.03292140551924749,0.0,0.0,0.0,0.06060606060606061,0.5,0.03225806451612903,0.3859649122807018,E2 앞쪽 부품 안 (pair_pos=0),공정 값 23 + 샷 간 변동,부스팅
LightGBM,34,0.0001341464713387839,0.04427294326066744,0.0,0.0,0.2,0.05714285714285714,0.4,0.03076923076923077,0.44955752212389377,E2 앞쪽 부품 안 (pair_pos=0),공정 값 23 + 샷 간 변동,부스팅
LightGBM,35,3.474298309930214e-05,0.07137348077748665,0.2,0.4,0.6,0.07058823529411765,0.6,0.0375,0.5859649122807018,E2 앞쪽 부품 안 (pair_pos=0),공정 값 23 + 샷 간 변동,부스팅
LightGBM,36,0.00024309681353908974,0.23488130355386994,0.6,0.6,0.6,0.11764705882352941,0.6,0.06521739130434782,0.6849557522123894,E2 앞쪽 부품 안 (pair_pos=0),공정 값 23 + 샷 간 변동,부스팅
LightGBM,37,0.00017059366419494543,0.0989448051948052,0.5,0.5,0.5,0.07272727272727272,0.5,0.0392156862745098,0.6359649122807017,E2 앞쪽 부품 안 (pair_pos=0),공정 값 23 + 샷 간 변동,부스팅
LightGBM,38,4.3444671089814835e-06,0.04887721815041737,0.0,0.0,0.4,0.08849557522123894,1.0,0.046296296296296294,0.4902654867256637,E2 앞쪽 부품 안 (pair_pos=0),공정 값 23 + 샷 간 변동,부스팅
LightGBM,39,7.799291396839429e-06,0.07840540623215597,0.0,0.5,0.75,0.07339449541284404,1.0,0.0380952380952381,0.699561403508772,E2 앞쪽 부품 안 (pair_pos=0),공정 값 23 + 샷 간 변동,부스팅
LightGBM,40,0.0010948847808626096,0.0910314104500151,0.2,0.2,0.4,0.06666666666666667,0.2,0.04,0.6157894736842106,E2 앞쪽 부품 안 (pair_pos=0),공정 값 23 + 샷 간 변동,부스팅
LightGBM,41,3.0798064169234164e-06,0.050799894549894545,0.25,0.25,0.25,0.05217391304347826,0.75,0.02702702702702703,0.368421052631579,E2 앞쪽 부품 안 (pair_pos=0),공정 값 23 + 샷 간 변동,부스팅
LightGBM,42,4.211163581185237e-06,0.055750937283640965,0.0,0.2,0.4,0.08547008547008547,1.0,0.044642857142857144,0.552212389380531,E2 앞쪽 부품 안 (pair_pos=0),공정 값 23 + 샷 간 변동,부스팅
LightGBM,43,0.010011659195193479,0.08728628800917958,0.2,0.4,0.4,0.0,0.0,0.0,0.631858407079646,E2 앞쪽 부품 안 (pair_pos=0),공정 값 23 + 샷 간 변동,부스팅
LightGBM,44,9.016743677080628e-05,0.27669995588622354,0.25,0.25,0.25,0.06153846153846154,0.5,0.03278688524590164,0.4627192982456141,E2 앞쪽 부품 안 (pair_pos=0),공정 값 23 + 샷 간 변동,부스팅
LightGBM,45,0.0010055888680557906,0.052958837338670316,0.0,0.0,0.4,0.058823529411764705,0.2,0.034482758620689655,0.5298245614035089,E2 앞쪽 부품 안 (pair_pos=0),공정 값 23 + 샷 간 변동,부스팅
LightGBM,46,0.004168057023197804,0.06376215015920898,0.25,0.25,0.5,0.1111111111111111,0.25,0.07142857142857142,0.4956140350877193,E2 앞쪽 부품 안 (pair_pos=0),공정 값 23 + 샷 간 변동,부스팅
LightGBM,47,5.641699532136327e-05,0.036272764261660234,0.0,0.0,0.0,0.05714285714285714,0.5,0.030303030303030304,0.4407894736842105,E2 앞쪽 부품 안 (pair_pos=0),공정 값 23 + 샷 간 변동,부스팅
LightGBM,48,3.730063976087765e-06,0.10635295386313237,0.2,0.4,0.6,0.08333333333333333,1.0,0.043478260869565216,0.6619469026548672,E2 앞쪽 부품 안 (pair_pos=0),공정 값 23 + 샷 간 변동,부스팅
LightGBM,49,5.36137839273648e-06,0.07122171306953916,0.0,0.4,0.4,0.0847457627118644,1.0,0.04424778761061947,0.6283185840707964,E2 앞쪽 부품 안 (pair_pos=0),공정 값 23 + 샷 간 변동,부스팅
CatBoost,0,0.042519639924643644,0.03780743968734313,0.0,0.0,0.0,0.0,0.0,0.0,0.3631578947368421,E2 앞쪽 부품 안 (pair_pos=0),공정 값 23 + 샷 간 변동,부스팅
CatBoost,1,0.13895836479252618,0.040207197936595954,0.0,0.0,0.25,0.0,0.0,0.0,0.4780701754385965,E2 앞쪽 부품 안 (pair_pos=0),공정 값 23 + 샷 간 변동,부스팅
CatBoost,2,0.10206173950232279,0.0298889529586362,0.0,0.0,0.0,0.0,0.0,0.0,0.3201754385964912,E2 앞쪽 부품 안 (pair_pos=0),공정 값 23 + 샷 간 변동,부스팅
CatBoost,3,0.052274992622813335,0.03247809379450047,0.0,0.0,0.0,0.0,0.0,0.0,0.26017699115044246,E2 앞쪽 부품 안 (pair_pos=0),공정 값 23 + 샷 간 변동,부스팅
CatBoost,4,0.007174998647942783,0.47801172028814304,0.4,0.6,0.6,0.12698412698412698,0.8,0.06896551724137931,0.7823008849557522,E2 앞쪽 부품 안 (pair_pos=0),공정 값 23 + 샷 간 변동,부스팅
CatBoost,5,0.0005709436953535346,0.04370383752640235,0.0,0.0,0.0,0.08130081300813008,1.0,0.0423728813559322,0.45789473684210524,E2 앞쪽 부품 안 (pair_pos=0),공정 값 23 + 샷 간 변동,부스팅
CatBoost,6,0.3862665867897005,0.053129614438063986,0.2,0.2,0.2,0.0,0.0,0.0,0.45486725663716815,E2 앞쪽 부품 안 (pair_pos=0),공정 값 23 + 샷 간 변동,부스팅
CatBoost,7,0.00016337492846890586,0.06250975696936763,0.0,0.2,0.4,0.08130081300813008,1.0,0.0423728813559322,0.5823008849557522,E2 앞쪽 부품 안 (pair_pos=0),공정 값 23 + 샷 간 변동,부스팅
CatBoost,8,0.3498381061876051,0.038841988508987416,0.0,0.0,0.0,0.0,0.0,0.0,0.48464912280701755,E2 앞쪽 부품 안 (pair_pos=0),공정 값 23 + 샷 간 변동,부스팅
CatBoost,9,0.023973394114014657,0.05892825241010059,0.25,0.25,0.25,0.07407407407407407,0.25,0.043478260869565216,0.3793859649122807,E2 앞쪽 부품 안 (pair_pos=0),공정 값 23 + 샷 간 변동,부스팅
CatBoost,10,0.11739284429210622,0.03080702234371963,0.0,0.0,0.0,0.0,0.0,0.0,0.21403508771929827,E2 앞쪽 부품 안 (pair_pos=0),공정 값 23 + 샷 간 변동,부스팅
CatBoost,11,0.00018184368652778785,0.040945322793148886,0.0,0.25,0.25,0.06557377049180328,1.0,0.03389830508474576,0.44736842105263164,E2 앞쪽 부품 안 (pair_pos=0),공정 값 23 + 샷 간 변동,부스팅
CatBoost,12,0.003627092012573479,0.06347858416727398,0.25,0.25,0.25,0.05194805194805195,0.5,0.0273972602739726,0.47368421052631576,E2 앞쪽 부품 안 (pair_pos=0),공정 값 23 + 샷 간 변동,부스팅
CatBoost,13,0.0002324141991672324,0.057240166634628296,0.0,0.2,0.4,0.08196721311475409,1.0,0.042735042735042736,0.5557522123893806,E2 앞쪽 부품 안 (pair_pos=0),공정 값 23 + 샷 간 변동,부스팅
CatBoost,14,0.002337405476372056,0.16066372224266962,0.2,0.4,0.4,0.10204081632653061,1.0,0.053763440860215055,0.6672566371681417,E2 앞쪽 부품 안 (pair_pos=0),공정 값 23 + 샷 간 변동,부스팅
CatBoost,15,0.04271978130865693,0.12304942677914775,0.4,0.4,0.4,0.16,0.4,0.1,0.624561403508772,E2 앞쪽 부품 안 (pair_pos=0),공정 값 23 + 샷 간 변동,부스팅
CatBoost,16,0.009176637712943664,0.2265625,0.5,0.5,0.75,0.1016949152542373,0.75,0.05454545454545454,0.7894736842105263,E2 앞쪽 부품 안 (pair_pos=0),공정 값 23 + 샷 간 변동,부스팅
CatBoost,17,5.534300894389376e-05,0.14823250077089117,0.2,0.2,0.4,0.08130081300813008,1.0,0.0423728813559322,0.584070796460177,E2 앞쪽 부품 안 (pair_pos=0),공정 값 23 + 샷 간 변동,부스팅
CatBoost,18,0.0078048230596386775,0.14242933340677702,0.2,0.2,0.2,0.09836065573770492,0.6,0.05357142857142857,0.5345132743362833,E2 앞쪽 부품 안 (pair_pos=0),공정 값 23 + 샷 간 변동,부스팅
CatBoost,19,0.01634848599799203,0.037113834979003515,0.0,0.0,0.25,0.05,0.25,0.027777777777777776,0.4473684210526316,E2 앞쪽 부품 안 (pair_pos=0),공정 값 23 + 샷 간 변동,부스팅
CatBoost,20,0.0011286640926009143,0.0947527819239361,0.2,0.4,0.4,0.09174311926605505,1.0,0.04807692307692308,0.6087719298245613,E2 앞쪽 부품 안 (pair_pos=0),공정 값 23 + 샷 간 변동,부스팅
CatBoost,21,0.0009384521796660315,0.10688602961566193,0.2,0.4,0.4,0.08547008547008547,1.0,0.044642857142857144,0.6424778761061947,E2 앞쪽 부품 안 (pair_pos=0),공정 값 23 + 샷 간 변동,부스팅
CatBoost,22,0.0005380940596787405,0.038356395126172005,0.0,0.0,0.25,0.07017543859649122,1.0,0.03636363636363636,0.4473684210526316,E2 앞쪽 부품 안 (pair_pos=0),공정 값 23 + 샷 간 변동,부스팅
CatBoost,23,0.08362087343612751,0.05157433147314483,0.0,0.25,0.25,0.0,0.0,0.0,0.5394736842105263,E2 앞쪽 부품 안 (pair_pos=0),공정 값 23 + 샷 간 변동,부스팅
CatBoost,24,0.00032711911721613123,0.07343715205681442,0.2,0.2,0.2,0.08333333333333333,1.0,0.043478260869565216,0.4389380530973452,E2 앞쪽 부품 안 (pair_pos=0),공정 값 23 + 샷 간 변동,부스팅
CatBoost,25,0.007214628274462867,0.049371328224776495,0.2,0.2,0.2,0.05714285714285714,0.4,0.03076923076923077,0.41929824561403506,E2 앞쪽 부품 안 (pair_pos=0),공정 값 23 + 샷 간 변동,부스팅
CatBoost,26,0.0010941479956640724,0.09285267725801706,0.5,0.5,0.5,0.07142857142857142,1.0,0.037037037037037035,0.6578947368421053,E2 앞쪽 부품 안 (pair_pos=0),공정 값 23 + 샷 간 변동,부스팅
CatBoost,27,0.05682765873602133,0.03225143518243538,0.0,0.0,0.0,0.0,0.0,0.0,0.24955752212389382,E2 앞쪽 부품 안 (pair_pos=0),공정 값 23 + 샷 간 변동,부스팅
CatBoost,28,0.004124314246973201,0.12209451401311866,0.4,0.4,0.4,0.0963855421686747,0.8,0.05128205128205128,0.6690265486725664,E2 앞쪽 부품 안 (pair_pos=0),공정 값 23 + 샷 간 변동,부스팅
CatBoost,29,0.007657584818082571,0.06488244591692867,0.25,0.25,0.25,0.06451612903225806,0.5,0.034482758620689655,0.4934210526315789,E2 앞쪽 부품 안 (pair_pos=0),공정 값 23 + 샷 간 변동,부스팅
CatBoost,30,0.00047693475545354996,0.1134235517568851,0.4,0.6,0.6,0.06611570247933884,0.8,0.034482758620689655,0.612280701754386,E2 앞쪽 부품 안 (pair_pos=0),공정 값 23 + 샷 간 변동,부스팅
CatBoost,31,0.0010601645994920985,0.08926336730075046,0.0,0.6,0.6,0.057692307692307696,0.6,0.030303030303030304,0.5610619469026548,E2 앞쪽 부품 안 (pair_pos=0),공정 값 23 + 샷 간 변동,부스팅
CatBoost,32,0.00831169260604881,0.04359868947579031,0.0,0.25,0.25,0.03278688524590164,0.25,0.017543859649122806,0.4649122807017544,E2 앞쪽 부품 안 (pair_pos=0),공정 값 23 + 샷 간 변동,부스팅
CatBoost,33,0.025220993877291802,0.046939041657351514,0.0,0.25,0.25,0.05714285714285714,0.25,0.03225806451612903,0.48026315789473684,E2 앞쪽 부품 안 (pair_pos=0),공정 값 23 + 샷 간 변동,부스팅
CatBoost,34,0.02323342201945349,0.06358676217595395,0.2,0.2,0.2,0.05,0.2,0.02857142857142857,0.5787610619469027,E2 앞쪽 부품 안 (pair_pos=0),공정 값 23 + 샷 간 변동,부스팅
CatBoost,35,0.30708131567311414,0.043545801091327524,0.0,0.2,0.2,0.0,0.0,0.0,0.4368421052631579,E2 앞쪽 부품 안 (pair_pos=0),공정 값 23 + 샷 간 변동,부스팅
CatBoost,36,0.00578444201129103,0.13598086124401915,0.4,0.4,0.4,0.08108108108108109,0.6,0.043478260869565216,0.5929203539823009,E2 앞쪽 부품 안 (pair_pos=0),공정 값 23 + 샷 간 변동,부스팅
CatBoost,37,0.06455950639260867,0.04759212619300106,0.0,0.0,0.0,0.0,0.0,0.0,0.581140350877193,E2 앞쪽 부품 안 (pair_pos=0),공정 값 23 + 샷 간 변동,부스팅
CatBoost,38,0.0002219191407666241,0.04507765894761313,0.0,0.2,0.2,0.08130081300813008,1.0,0.0423728813559322,0.40353982300884955,E2 앞쪽 부품 안 (pair_pos=0),공정 값 23 + 샷 간 변동,부스팅
CatBoost,39,0.0014254191955453347,0.10966876260993909,0.0,0.75,0.75,0.07272727272727272,1.0,0.03773584905660377,0.7543859649122808,E2 앞쪽 부품 안 (pair_pos=0),공정 값 23 + 샷 간 변동,부스팅
CatBoost,40,0.030530479207926845,0.051703613862498034,0.0,0.2,0.4,0.07692307692307693,0.2,0.047619047619047616,0.47017543859649125,E2 앞쪽 부품 안 (pair_pos=0),공정 값 23 + 샷 간 변동,부스팅
CatBoost,41,0.7149127891155491,0.03319374434838657,0.0,0.0,0.25,0.0,0.0,0.0,0.35526315789473684,E2 앞쪽 부품 안 (pair_pos=0),공정 값 23 + 샷 간 변동,부스팅
CatBoost,42,0.0005129222354748662,0.05243269168560044,0.0,0.2,0.2,0.08403361344537816,1.0,0.043859649122807015,0.47079646017699117,E2 앞쪽 부품 안 (pair_pos=0),공정 값 23 + 샷 간 변동,부스팅
CatBoost,43,0.0004320383493222588,0.07886299496668703,0.2,0.2,0.4,0.08333333333333333,1.0,0.043478260869565216,0.6690265486725664,E2 앞쪽 부품 안 (pair_pos=0),공정 값 23 + 샷 간 변동,부스팅
CatBoost,44,0.0002888204898956428,0.14957813385264082,0.25,0.25,0.25,0.06611570247933884,1.0,0.03418803418803419,0.42543859649122806,E2 앞쪽 부품 안 (pair_pos=0),공정 값 23 + 샷 간 변동,부스팅
CatBoost,45,0.0026582395262629687,0.04140396386738879,0.0,0.0,0.0,0.07058823529411765,0.6,0.0375,0.4280701754385965,E2 앞쪽 부품 안 (pair_pos=0),공정 값 23 + 샷 간 변동,부스팅
CatBoost,46,0.07309444169354055,0.3108058608058608,0.5,0.5,0.5,0.16,0.5,0.09523809523809523,0.5921052631578947,E2 앞쪽 부품 안 (pair_pos=0),공정 값 23 + 샷 간 변동,부스팅
CatBoost,47,0.02552789229841747,0.03004513483614818,0.0,0.0,0.0,0.0,0.0,0.0,0.3267543859649123,E2 앞쪽 부품 안 (pair_pos=0),공정 값 23 + 샷 간 변동,부스팅
CatBoost,48,0.0006448194230010022,0.09035231403652456,0.2,0.4,0.4,0.08196721311475409,1.0,0.042735042735042736,0.6424778761061947,E2 앞쪽 부품 안 (pair_pos=0),공정 값 23 + 샷 간 변동,부스팅
CatBoost,49,0.0006131492303893849,0.0753343035006872,0.2,0.2,0.4,0.08403361344537816,1.0,0.043859649122807015,0.5769911504424778,E2 앞쪽 부품 안 (pair_pos=0),공정 값 23 + 샷 간 변동,부스팅
로지스틱 L2,0,0.41791854396913175,0.04490450470938276,0.0,0.0,0.2,0.0,0.0,0.0,0.4473684210526316,E2 앞쪽 부품 안 (pair_pos=0),공정 값 23 + 파생 전체,선형
로지스틱 L2,1,0.9948327935119301,0.032737829803047194,0.0,0.0,0.25,0.0,0.0,0.0,0.3706140350877193,E2 앞쪽 부품 안 (pair_pos=0),공정 값 23 + 파생 전체,선형
로지스틱 L2,2,0.01525908082117513,0.026744948358554926,0.0,0.0,0.0,0.03076923076923077,0.25,0.01639344262295082,0.24561403508771928,E2 앞쪽 부품 안 (pair_pos=0),공정 값 23 + 파생 전체,선형
로지스틱 L2,3,0.8855855862327066,0.03398924605153372,0.0,0.0,0.0,0.0,0.0,0.0,0.2831858407079646,E2 앞쪽 부품 안 (pair_pos=0),공정 값 23 + 파생 전체,선형
로지스틱 L2,4,0.15259631864709902,0.2814750277045359,0.4,0.4,0.4,0.10526315789473684,0.4,0.06060606060606061,0.7221238938053098,E2 앞쪽 부품 안 (pair_pos=0),공정 값 23 + 파생 전체,선형
로지스틱 L2,5,6.373999428590823e-07,0.08417927510685344,0.2,0.2,0.4,0.08196721311475409,1.0,0.042735042735042736,0.5736842105263158,E2 앞쪽 부품 안 (pair_pos=0),공정 값 23 + 파생 전체,선형
로지스틱 L2,6,0.8973554266056846,0.08429697445924626,0.2,0.2,0.2,0.0,0.0,0.0,0.45486725663716815,E2 앞쪽 부품 안 (pair_pos=0),공정 값 23 + 파생 전체,선형
로지스틱 L2,7,5.805326750136592e-05,0.05296505296505297,0.0,0.2,0.2,0.0847457627118644,1.0,0.04424778761061947,0.4761061946902655,E2 앞쪽 부품 안 (pair_pos=0),공정 값 23 + 파생 전체,선형
로지스틱 L2,8,0.6304805387980162,0.0610079575596817,0.0,0.25,0.5,0.11764705882352941,0.25,0.07692307692307693,0.581140350877193,E2 앞쪽 부품 안 (pair_pos=0),공정 값 23 + 파생 전체,선형
로지스틱 L2,9,0.05014703367739714,0.04581405184853461,0.25,0.25,0.25,0.03636363636363636,0.25,0.0196078431372549,0.29824561403508776,E2 앞쪽 부품 안 (pair_pos=0),공정 값 23 + 파생 전체,선형
로지스틱 L2,10,0.8942998266132761,0.04211376858435682,0.0,0.2,0.2,0.0,0.0,0.0,0.3736842105263158,E2 앞쪽 부품 안 (pair_pos=0),공정 값 23 + 파생 전체,선형
로지스틱 L2,11,0.7004461652111826,0.077468871116784,0.0,0.25,0.75,0.0,0.0,0.0,0.7543859649122806,E2 앞쪽 부품 안 (pair_pos=0),공정 값 23 + 파생 전체,선형
로지스틱 L2,12,0.3243109469448525,0.04385175019045677,0.0,0.25,0.25,0.08333333333333333,0.25,0.05,0.4013157894736842,E2 앞쪽 부품 안 (pair_pos=0),공정 값 23 + 파생 전체,선형
로지스틱 L2,13,3.699346329258746e-05,0.14552934059286146,0.4,0.4,0.4,0.08620689655172414,1.0,0.04504504504504504,0.672566371681416,E2 앞쪽 부품 안 (pair_pos=0),공정 값 23 + 파생 전체,선형
로지스틱 L2,14,0.015183889922641938,0.057691110710360156,0.2,0.2,0.2,0.08571428571428572,0.6,0.046153846153846156,0.49557522123893805,E2 앞쪽 부품 안 (pair_pos=0),공정 값 23 + 파생 전체,선형
로지스틱 L2,15,2.5830523068963243e-05,0.08308699299172397,0.2,0.2,0.4,0.08403361344537816,1.0,0.043859649122807015,0.5807017543859649,E2 앞쪽 부품 안 (pair_pos=0),공정 값 23 + 파생 전체,선형
로지스틱 L2,16,0.017272853575224678,0.13961592656974292,0.25,0.5,0.5,0.06976744186046512,0.75,0.036585365853658534,0.5964912280701754,E2 앞쪽 부품 안 (pair_pos=0),공정 값 23 + 파생 전체,선형
로지스틱 L2,17,6.692855251287264e-06,0.07363612836438924,0.0,0.4,0.6,0.08403361344537816,1.0,0.043859649122807015,0.6300884955752212,E2 앞쪽 부품 안 (pair_pos=0),공정 값 23 + 파생 전체,선형
로지스틱 L2,18,0.5535351026415796,0.07777128005198182,0.2,0.2,0.2,0.13333333333333333,0.2,0.1,0.4920353982300885,E2 앞쪽 부품 안 (pair_pos=0),공정 값 23 + 파생 전체,선형
로지스틱 L2,19,0.8932970214068335,0.027938455923950375,0.0,0.0,0.0,0.0,0.0,0.0,0.2763157894736842,E2 앞쪽 부품 안 (pair_pos=0),공정 값 23 + 파생 전체,선형
로지스틱 L2,20,0.508135678350064,0.06100418072038663,0.2,0.2,0.4,0.08333333333333333,0.2,0.05263157894736842,0.4982456140350877,E2 앞쪽 부품 안 (pair_pos=0),공정 값 23 + 파생 전체,선형
로지스틱 L2,21,0.38542878651818363,0.04080377108979337,0.0,0.0,0.2,0.0,0.0,0.0,0.39115044247787606,E2 앞쪽 부품 안 (pair_pos=0),공정 값 23 + 파생 전체,선형
로지스틱 L2,22,0.0001396536925651623,0.07449652777777777,0.25,0.25,0.25,0.07207207207207207,1.0,0.037383177570093455,0.5614035087719298,E2 앞쪽 부품 안 (pair_pos=0),공정 값 23 + 파생 전체,선형
로지스틱 L2,23,0.388777704825842,0.0655697601010101,0.25,0.25,0.25,0.08695652173913043,0.25,0.05263157894736842,0.5592105263157894,E2 앞쪽 부품 안 (pair_pos=0),공정 값 23 + 파생 전체,선형
로지스틱 L2,24,0.5489892955126131,0.07217786432976306,0.0,0.4,0.4,0.1,0.2,0.06666666666666667,0.6000000000000001,E2 앞쪽 부품 안 (pair_pos=0),공정 값 23 + 파생 전체,선형
로지스틱 L2,25,0.850117865695597,0.043410069593588,0.0,0.0,0.2,0.0,0.0,0.0,0.43333333333333335,E2 앞쪽 부품 안 (pair_pos=0),공정 값 23 + 파생 전체,선형
로지스틱 L2,26,6.814470465220858e-07,0.05401774818298179,0.0,0.25,0.25,0.06611570247933884,1.0,0.03418803418803419,0.5723684210526316,E2 앞쪽 부품 안 (pair_pos=0),공정 값 23 + 파생 전체,선형
로지스틱 L2,27,0.10227487755648319,0.058925939960422724,0.2,0.2,0.4,0.11538461538461539,0.6,0.06382978723404255,0.46902654867256643,E2 앞쪽 부품 안 (pair_pos=0),공정 값 23 + 파생 전체,선형
로지스틱 L2,28,0.5424442924841745,0.14899099437932262,0.4,0.4,0.4,0.2,0.4,0.13333333333333333,0.6654867256637168,E2 앞쪽 부품 안 (pair_pos=0),공정 값 23 + 파생 전체,선형
로지스틱 L2,29,0.9985672829902885,0.04964608644044129,0.0,0.25,0.25,0.0,0.0,0.0,0.5460526315789473,E2 앞쪽 부품 안 (pair_pos=0),공정 값 23 + 파생 전체,선형
로지스틱 L2,30,0.033593698191832146,0.07356092571282445,0.2,0.4,0.4,0.1111111111111111,0.6,0.061224489795918366,0.5824561403508772,E2 앞쪽 부품 안 (pair_pos=0),공정 값 23 + 파생 전체,선형
로지스틱 L2,31,1.620544003778206e-07,0.07474691932108812,0.0,0.4,0.6,0.08196721311475409,1.0,0.042735042735042736,0.6389380530973452,E2 앞쪽 부품 안 (pair_pos=0),공정 값 23 + 파생 전체,선형
로지스틱 L2,32,0.7655989554382705,0.07744976429158087,0.25,0.5,0.5,0.0,0.0,0.0,0.5460526315789473,E2 앞쪽 부품 안 (pair_pos=0),공정 값 23 + 파생 전체,선형
로지스틱 L2,33,0.8092975981359071,0.04664376530048171,0.0,0.25,0.25,0.0,0.0,0.0,0.4758771929824561,E2 앞쪽 부품 안 (pair_pos=0),공정 값 23 + 파생 전체,선형
로지스틱 L2,34,0.2696316026056113,0.06669001240349175,0.0,0.2,0.4,0.10256410256410256,0.4,0.058823529411764705,0.6088495575221239,E2 앞쪽 부품 안 (pair_pos=0),공정 값 23 + 파생 전체,선형
로지스틱 L2,35,2.1104348328934706e-05,0.03822644008114698,0.0,0.0,0.0,0.08403361344537816,1.0,0.043859649122807015,0.37894736842105264,E2 앞쪽 부품 안 (pair_pos=0),공정 값 23 + 파생 전체,선형
로지스틱 L2,36,0.8616821403220455,0.12433452235223917,0.4,0.4,0.4,0.2857142857142857,0.4,0.2222222222222222,0.4867256637168142,E2 앞쪽 부품 안 (pair_pos=0),공정 값 23 + 파생 전체,선형
로지스틱 L2,37,0.9964159323509565,0.031445240341762014,0.0,0.0,0.25,0.0,0.0,0.0,0.34868421052631576,E2 앞쪽 부품 안 (pair_pos=0),공정 값 23 + 파생 전체,선형
로지스틱 L2,38,9.61834224404138e-06,0.04095749683487068,0.0,0.0,0.2,0.06896551724137931,0.8,0.036036036036036036,0.3610619469026549,E2 앞쪽 부품 안 (pair_pos=0),공정 값 23 + 파생 전체,선형
로지스틱 L2,39,0.37326487951383913,0.05024938201668555,0.0,0.25,0.25,0.06666666666666667,0.25,0.038461538461538464,0.5877192982456141,E2 앞쪽 부품 안 (pair_pos=0),공정 값 23 + 파생 전체,선형
로지스틱 L2,40,0.0264548480315561,0.08075044802867384,0.2,0.2,0.2,0.12345679012345678,1.0,0.06578947368421052,0.6105263157894737,E2 앞쪽 부품 안 (pair_pos=0),공정 값 23 + 파생 전체,선형
로지스틱 L2,41,1.298943725187203e-05,0.08278735632183909,0.25,0.25,0.5,0.05042016806722689,0.75,0.02608695652173913,0.47149122807017546,E2 앞쪽 부품 안 (pair_pos=0),공정 값 23 + 파생 전체,선형
로지스틱 L2,42,0.01248662303703838,0.07158660616491942,0.2,0.2,0.2,0.07228915662650602,0.6,0.038461538461538464,0.5274336283185841,E2 앞쪽 부품 안 (pair_pos=0),공정 값 23 + 파생 전체,선형
로지스틱 L2,43,0.16573178633184105,0.08904549409222307,0.2,0.4,0.6,0.18181818181818182,0.6,0.10714285714285714,0.6141592920353983,E2 앞쪽 부품 안 (pair_pos=0),공정 값 23 + 파생 전체,선형
로지스틱 L2,44,0.12315211633861824,0.032692093330626254,0.0,0.0,0.0,0.0,0.0,0.0,0.3793859649122807,E2 앞쪽 부품 안 (pair_pos=0),공정 값 23 + 파생 전체,선형
로지스틱 L2,45,0.001125930095554622,0.048482942058734234,0.0,0.2,0.4,0.05825242718446602,0.6,0.030612244897959183,0.42631578947368426,E2 앞쪽 부품 안 (pair_pos=0),공정 값 23 + 파생 전체,선형
로지스틱 L2,46,0.10029187974315495,0.07519465894465895,0.25,0.5,0.5,0.08333333333333333,0.5,0.045454545454545456,0.5767543859649122,E2 앞쪽 부품 안 (pair_pos=0),공정 값 23 + 파생 전체,선형
로지스틱 L2,47,0.08689832474862287,0.03107054180193458,0.0,0.0,0.0,0.0,0.0,0.0,0.3464912280701754,E2 앞쪽 부품 안 (pair_pos=0),공정 값 23 + 파생 전체,선형
로지스틱 L2,48,5.19398497633856e-08,0.08314564923174905,0.2,0.2,0.4,0.08130081300813008,1.0,0.0423728813559322,0.6194690265486725,E2 앞쪽 부품 안 (pair_pos=0),공정 값 23 + 파생 전체,선형
로지스틱 L2,49,0.4546037818088573,0.09488909023792744,0.2,0.4,0.4,0.16,0.4,0.1,0.6778761061946903,E2 앞쪽 부품 안 (pair_pos=0),공정 값 23 + 파생 전체,선형
랜덤포레스트,0,0.3422118099291735,0.03466160873197486,0.0,0.0,0.2,0.0,0.0,0.0,0.2947368421052632,E2 앞쪽 부품 안 (pair_pos=0),공정 값 23 + 파생 전체,트리
랜덤포레스트,1,0.24104034596182652,0.04751082251082251,0.0,0.25,0.5,0.0,0.0,0.0,0.5219298245614035,E2 앞쪽 부품 안 (pair_pos=0),공정 값 23 + 파생 전체,트리
랜덤포레스트,2,0.16439350814718542,0.029950054734537494,0.0,0.0,0.0,0.0,0.0,0.0,0.32456140350877194,E2 앞쪽 부품 안 (pair_pos=0),공정 값 23 + 파생 전체,트리
랜덤포레스트,3,0.23411432381611016,0.043140688935753915,0.0,0.0,0.0,0.0,0.0,0.0,0.4353982300884956,E2 앞쪽 부품 안 (pair_pos=0),공정 값 23 + 파생 전체,트리
랜덤포레스트,4,0.14833265544881058,0.1351022890153325,0.4,0.8,0.8,0.16666666666666666,0.8,0.09302325581395349,0.7964601769911503,E2 앞쪽 부품 안 (pair_pos=0),공정 값 23 + 파생 전체,트리
랜덤포레스트,5,0.07130682419269739,0.0464025974025974,0.0,0.0,0.0,0.08791208791208792,0.8,0.046511627906976744,0.4824561403508772,E2 앞쪽 부품 안 (pair_pos=0),공정 값 23 + 파생 전체,트리
랜덤포레스트,6,0.3782529241115346,0.055802200660231165,0.2,0.2,0.2,0.0,0.0,0.0,0.4938053097345133,E2 앞쪽 부품 안 (pair_pos=0),공정 값 23 + 파생 전체,트리
랜덤포레스트,7,0.019813486030877334,0.06387189620577127,0.2,0.2,0.2,0.08264462809917356,1.0,0.04310344827586207,0.46371681415929206,E2 앞쪽 부품 안 (pair_pos=0),공정 값 23 + 파생 전체,트리
랜덤포레스트,8,0.34332801540231905,0.04590912838278949,0.0,0.0,0.0,0.0,0.0,0.0,0.5679824561403509,E2 앞쪽 부품 안 (pair_pos=0),공정 값 23 + 파생 전체,트리
랜덤포레스트,9,0.17191175805013348,0.03728471081919357,0.0,0.0,0.25,0.0,0.0,0.0,0.3969298245614035,E2 앞쪽 부품 안 (pair_pos=0),공정 값 23 + 파생 전체,트리
랜덤포레스트,10,0.32257805651298516,0.035155830584555646,0.0,0.0,0.0,0.0,0.0,0.0,0.3192982456140351,E2 앞쪽 부품 안 (pair_pos=0),공정 값 23 + 파생 전체,트리
랜덤포레스트,11,0.20233407605055392,0.09868578586790236,0.25,0.25,0.25,0.06896551724137931,0.25,0.04,0.7127192982456141,E2 앞쪽 부품 안 (pair_pos=0),공정 값 23 + 파생 전체,트리
랜덤포레스트,12,0.09644402086104985,0.0512992683271321,0.25,0.25,0.25,0.04938271604938271,0.5,0.025974025974025976,0.4780701754385965,E2 앞쪽 부품 안 (pair_pos=0),공정 값 23 + 파생 전체,트리
랜덤포레스트,13,0.01446816976127321,0.10289163594303477,0.2,0.4,0.4,0.08130081300813008,1.0,0.0423728813559322,0.6831858407079646,E2 앞쪽 부품 안 (pair_pos=0),공정 값 23 + 파생 전체,트리
랜덤포레스트,14,0.0985462743673786,0.06668304076273715,0.0,0.2,0.6,0.11764705882352941,0.8,0.06349206349206349,0.5982300884955752,E2 앞쪽 부품 안 (pair_pos=0),공정 값 23 + 파생 전체,트리
랜덤포레스트,15,0.28154695555403436,0.07544723093989703,0.0,0.2,0.6,0.0,0.0,0.0,0.6894736842105263,E2 앞쪽 부품 안 (pair_pos=0),공정 값 23 + 파생 전체,트리
랜덤포레스트,16,0.15322140088842987,0.10132214594457158,0.25,0.75,0.75,0.13636363636363635,0.75,0.075,0.7456140350877193,E2 앞쪽 부품 안 (pair_pos=0),공정 값 23 + 파생 전체,트리
랜덤포레스트,17,0.011302213868003341,0.10502198209650936,0.2,0.2,0.6,0.08130081300813008,1.0,0.0423728813559322,0.6371681415929205,E2 앞쪽 부품 안 (pair_pos=0),공정 값 23 + 파생 전체,트리
랜덤포레스트,18,0.03994304664096066,0.05759377506022451,0.0,0.2,0.2,0.09259259259259259,1.0,0.04854368932038835,0.5646017699115045,E2 앞쪽 부품 안 (pair_pos=0),공정 값 23 + 파생 전체,트리
랜덤포레스트,19,0.1782059675953943,0.03855376683501684,0.0,0.0,0.25,0.0,0.0,0.0,0.46271929824561403,E2 앞쪽 부품 안 (pair_pos=0),공정 값 23 + 파생 전체,트리
랜덤포레스트,20,0.4786629360971699,0.06999591911356616,0.0,0.4,0.4,0.0,0.0,0.0,0.6175438596491228,E2 앞쪽 부품 안 (pair_pos=0),공정 값 23 + 파생 전체,트리
랜덤포레스트,21,0.0322732769741896,0.09722715276254296,0.2,0.2,0.6,0.08333333333333333,1.0,0.043478260869565216,0.6424778761061947,E2 앞쪽 부품 안 (pair_pos=0),공정 값 23 + 파생 전체,트리
랜덤포레스트,22,0.23458243536738096,0.044127602685174655,0.0,0.0,0.25,0.0,0.0,0.0,0.5482456140350878,E2 앞쪽 부품 안 (pair_pos=0),공정 값 23 + 파생 전체,트리
랜덤포레스트,23,0.22098684859753903,0.06574518066453551,0.25,0.25,0.5,0.09523809523809523,0.25,0.058823529411764705,0.6315789473684211,E2 앞쪽 부품 안 (pair_pos=0),공정 값 23 + 파생 전체,트리
랜덤포레스트,24,0.002380952380952381,0.13579945404323912,0.2,0.2,0.4,0.08130081300813008,1.0,0.0423728813559322,0.4460176991150443,E2 앞쪽 부품 안 (pair_pos=0),공정 값 23 + 파생 전체,트리
랜덤포레스트,25,0.17439886272065905,0.060307508583370646,0.0,0.4,0.4,0.08333333333333333,0.4,0.046511627906976744,0.5192982456140351,E2 앞쪽 부품 안 (pair_pos=0),공정 값 23 + 파생 전체,트리
랜덤포레스트,26,0.050410682698715154,0.04656160560553712,0.0,0.25,0.5,0.08333333333333333,1.0,0.043478260869565216,0.519736842105263,E2 앞쪽 부품 안 (pair_pos=0),공정 값 23 + 파생 전체,트리
랜덤포레스트,27,0.17888466018330434,0.04539302109589338,0.0,0.0,0.0,0.0,0.0,0.0,0.4725663716814159,E2 앞쪽 부품 안 (pair_pos=0),공정 값 23 + 파생 전체,트리
랜덤포레스트,28,0.17599997029919684,0.11267625531421403,0.4,0.4,0.4,0.11428571428571428,0.4,0.06666666666666667,0.6017699115044248,E2 앞쪽 부품 안 (pair_pos=0),공정 값 23 + 파생 전체,트리
랜덤포레스트,29,0.08747121179474124,0.09041554357592092,0.25,0.5,0.5,0.11594202898550725,1.0,0.06153846153846154,0.7280701754385965,E2 앞쪽 부품 안 (pair_pos=0),공정 값 23 + 파생 전체,트리
랜덤포레스트,30,0.041571287400648686,0.12598589145522812,0.2,0.6,0.6,0.09174311926605505,1.0,0.04807692307692308,0.6894736842105263,E2 앞쪽 부품 안 (pair_pos=0),공정 값 23 + 파생 전체,트리
랜덤포레스트,31,0.06620635871056486,0.06433585377470827,0.0,0.2,0.4,0.075,0.6,0.04,0.5628318584070796,E2 앞쪽 부품 안 (pair_pos=0),공정 값 23 + 파생 전체,트리
랜덤포레스트,32,0.24841850547003635,0.06767762660619803,0.25,0.25,0.25,0.125,0.25,0.08333333333333333,0.5307017543859649,E2 앞쪽 부품 안 (pair_pos=0),공정 값 23 + 파생 전체,트리
랜덤포레스트,33,0.23541011170757134,0.05352288062814378,0.0,0.0,0.25,0.0,0.0,0.0,0.6337719298245614,E2 앞쪽 부품 안 (pair_pos=0),공정 값 23 + 파생 전체,트리
랜덤포레스트,34,0.26030595452347766,0.05837570520602728,0.0,0.2,0.2,0.08,0.2,0.05,0.5734513274336284,E2 앞쪽 부품 안 (pair_pos=0),공정 값 23 + 파생 전체,트리
랜덤포레스트,35,0.19844091967658384,0.05004529032979396,0.0,0.0,0.4,0.0,0.0,0.0,0.5175438596491229,E2 앞쪽 부품 안 (pair_pos=0),공정 값 23 + 파생 전체,트리
랜덤포레스트,36,0.06300671086032013,0.06080392156862746,0.0,0.2,0.4,0.0851063829787234,0.8,0.0449438202247191,0.5805309734513274,E2 앞쪽 부품 안 (pair_pos=0),공정 값 23 + 파생 전체,트리
랜덤포레스트,37,0.2790788478894599,0.047766062017758584,0.0,0.0,0.25,0.0,0.0,0.0,0.5855263157894737,E2 앞쪽 부품 안 (pair_pos=0),공정 값 23 + 파생 전체,트리
랜덤포레스트,38,0.01226453388372893,0.0637346669723719,0.0,0.4,0.4,0.08130081300813008,1.0,0.0423728813559322,0.5451327433628319,E2 앞쪽 부품 안 (pair_pos=0),공정 값 23 + 파생 전체,트리
랜덤포레스트,39,0.10893940646909545,0.15200320512820514,0.25,0.75,0.75,0.10810810810810811,1.0,0.05714285714285714,0.8157894736842105,E2 앞쪽 부품 안 (pair_pos=0),공정 값 23 + 파생 전체,트리
랜덤포레스트,40,0.16483744812336473,0.07511030774935112,0.0,0.2,0.6,0.14634146341463414,0.6,0.08333333333333333,0.6789473684210526,E2 앞쪽 부품 안 (pair_pos=0),공정 값 23 + 파생 전체,트리
랜덤포레스트,41,0.04242169776292583,0.033776338292605415,0.0,0.0,0.25,0.056074766355140186,0.75,0.02912621359223301,0.381578947368421,E2 앞쪽 부품 안 (pair_pos=0),공정 값 23 + 파생 전체,트리
랜덤포레스트,42,0.07269441060344449,0.05163354037267081,0.0,0.0,0.0,0.11235955056179775,1.0,0.05952380952380952,0.5345132743362833,E2 앞쪽 부품 안 (pair_pos=0),공정 값 23 + 파생 전체,트리
랜덤포레스트,43,0.010994747899159664,0.10428748006379585,0.2,0.4,0.6,0.08196721311475409,1.0,0.042735042735042736,0.7203539823008849,E2 앞쪽 부품 안 (pair_pos=0),공정 값 23 + 파생 전체,트리
랜덤포레스트,44,0.03394327172464427,0.11434200157604413,0.25,0.25,0.25,0.07142857142857142,1.0,0.037037037037037035,0.5328947368421053,E2 앞쪽 부품 안 (pair_pos=0),공정 값 23 + 파생 전체,트리
랜덤포레스트,45,0.14045055954402813,0.045361789437534585,0.0,0.2,0.2,0.04081632653061224,0.2,0.022727272727272728,0.45087719298245615,E2 앞쪽 부품 안 (pair_pos=0),공정 값 23 + 파생 전체,트리
랜덤포레스트,46,0.2577180919141454,0.09523809523809523,0.25,0.25,0.5,0.09523809523809523,0.25,0.058823529411764705,0.6622807017543859,E2 앞쪽 부품 안 (pair_pos=0),공정 값 23 + 파생 전체,트리
랜덤포레스트,47,0.20558750194121622,0.03862833491511125,0.0,0.0,0.25,0.0,0.0,0.0,0.456140350877193,E2 앞쪽 부품 안 (pair_pos=0),공정 값 23 + 파생 전체,트리
랜덤포레스트,48,0.019571204657411554,0.08650262018683072,0.2,0.4,0.6,0.08196721311475409,1.0,0.042735042735042736,0.6938053097345133,E2 앞쪽 부품 안 (pair_pos=0),공정 값 23 + 파생 전체,트리
랜덤포레스트,49,0.06336662112382012,0.0922523554876496,0.2,0.6,0.6,0.1,1.0,0.05263157894736842,0.6654867256637168,E2 앞쪽 부품 안 (pair_pos=0),공정 값 23 + 파생 전체,트리
엑스트라트리,0,0.07881922118704004,0.044719597148168574,0.0,0.2,0.2,0.06060606060606061,0.4,0.03278688524590164,0.45614035087719296,E2 앞쪽 부품 안 (pair_pos=0),공정 값 23 + 파생 전체,트리
엑스트라트리,1,0.19435020760659558,0.02847091058203688,0.0,0.0,0.0,0.0,0.0,0.0,0.27850877192982454,E2 앞쪽 부품 안 (pair_pos=0),공정 값 23 + 파생 전체,트리
엑스트라트리,2,0.14397062934633478,0.02706657591261949,0.0,0.0,0.0,0.0,0.0,0.0,0.2543859649122807,E2 앞쪽 부품 안 (pair_pos=0),공정 값 23 + 파생 전체,트리
엑스트라트리,3,0.1820139081886603,0.04002122691312829,0.0,0.0,0.2,0.0,0.0,0.0,0.3929203539823009,E2 앞쪽 부품 안 (pair_pos=0),공정 값 23 + 파생 전체,트리
엑스트라트리,4,0.06972249131232684,0.10093332454651795,0.2,0.4,0.6,0.11904761904761904,1.0,0.06329113924050633,0.7380530973451327,E2 앞쪽 부품 안 (pair_pos=0),공정 값 23 + 파생 전체,트리
엑스트라트리,5,0.05795253168279331,0.04646965146965147,0.0,0.0,0.2,0.09090909090909091,0.8,0.04819277108433735,0.4736842105263158,E2 앞쪽 부품 안 (pair_pos=0),공정 값 23 + 파생 전체,트리
엑스트라트리,6,0.19608514025724477,0.04043510321666424,0.0,0.0,0.2,0.0,0.0,0.0,0.3893805309734514,E2 앞쪽 부품 안 (pair_pos=0),공정 값 23 + 파생 전체,트리
엑스트라트리,7,0.008737967914438502,0.05324004243487816,0.0,0.2,0.2,0.08130081300813008,1.0,0.0423728813559322,0.48849557522123893,E2 앞쪽 부품 안 (pair_pos=0),공정 값 23 + 파생 전체,트리
엑스트라트리,8,0.10557451716884794,0.05242222768411326,0.0,0.0,0.25,0.09090909090909091,0.5,0.05,0.6140350877192983,E2 앞쪽 부품 안 (pair_pos=0),공정 값 23 + 파생 전체,트리
엑스트라트리,9,0.11421644523772545,0.043300140581068416,0.0,0.25,0.5,0.0625,0.25,0.03571428571428571,0.46491228070175433,E2 앞쪽 부품 안 (pair_pos=0),공정 값 23 + 파생 전체,트리
엑스트라트리,10,0.11874931698566368,0.036311012477326446,0.0,0.0,0.2,0.047619047619047616,0.2,0.02702702702702703,0.3105263157894737,E2 앞쪽 부품 안 (pair_pos=0),공정 값 23 + 파생 전체,트리
엑스트라트리,11,0.035431453587068035,0.12108370229812354,0.25,0.25,0.5,0.07339449541284404,1.0,0.0380952380952381,0.6140350877192983,E2 앞쪽 부품 안 (pair_pos=0),공정 값 23 + 파생 전체,트리
엑스트라트리,12,0.10818852754453007,0.031640004739898094,0.0,0.0,0.25,0.041666666666666664,0.25,0.022727272727272728,0.3267543859649123,E2 앞쪽 부품 안 (pair_pos=0),공정 값 23 + 파생 전체,트리
엑스트라트리,13,0.003268817204301075,0.11137149672033395,0.2,0.4,0.8,0.08130081300813008,1.0,0.0423728813559322,0.7327433628318584,E2 앞쪽 부품 안 (pair_pos=0),공정 값 23 + 파생 전체,트리
엑스트라트리,14,0.09568246016407599,0.07835200746965454,0.0,0.4,0.6,0.11320754716981132,0.6,0.0625,0.6690265486725664,E2 앞쪽 부품 안 (pair_pos=0),공정 값 23 + 파생 전체,트리
엑스트라트리,15,0.276136305948346,0.0826082251082251,0.0,0.6,0.6,0.0,0.0,0.0,0.6701754385964912,E2 앞쪽 부품 안 (pair_pos=0),공정 값 23 + 파생 전체,트리
엑스트라트리,16,0.09626628873203023,0.11521103483346046,0.5,0.75,0.75,0.11320754716981132,0.75,0.061224489795918366,0.7587719298245614,E2 앞쪽 부품 안 (pair_pos=0),공정 값 23 + 파생 전체,트리
엑스트라트리,17,0.011823021802724652,0.09484126984126984,0.2,0.2,0.2,0.08130081300813008,1.0,0.0423728813559322,0.5858407079646017,E2 앞쪽 부품 안 (pair_pos=0),공정 값 23 + 파생 전체,트리
엑스트라트리,18,0.11189688760268345,0.04186403008784271,0.0,0.0,0.2,0.05263157894736842,0.2,0.030303030303030304,0.3805309734513274,E2 앞쪽 부품 안 (pair_pos=0),공정 값 23 + 파생 전체,트리
엑스트라트리,19,0.1921521834858746,0.03955799422052576,0.0,0.0,0.0,0.0,0.0,0.0,0.4583333333333333,E2 앞쪽 부품 안 (pair_pos=0),공정 값 23 + 파생 전체,트리
엑스트라트리,20,0.09647616926347109,0.0942154404565752,0.4,0.4,0.4,0.08333333333333333,0.4,0.046511627906976744,0.6824561403508772,E2 앞쪽 부품 안 (pair_pos=0),공정 값 23 + 파생 전체,트리
엑스트라트리,21,0.027721297607308813,0.05363193258354548,0.0,0.0,0.4,0.08849557522123894,1.0,0.046296296296296294,0.5345132743362832,E2 앞쪽 부품 안 (pair_pos=0),공정 값 23 + 파생 전체,트리
엑스트라트리,22,0.017962313356009604,0.05123470070759227,0.0,0.25,0.25,0.06557377049180328,1.0,0.03389830508474576,0.5855263157894737,E2 앞쪽 부품 안 (pair_pos=0),공정 값 23 + 파생 전체,트리
엑스트라트리,23,0.12416362239554919,0.041851704558008,0.0,0.25,0.25,0.07407407407407407,0.25,0.043478260869565216,0.43859649122807015,E2 앞쪽 부품 안 (pair_pos=0),공정 값 23 + 파생 전체,트리
엑스트라트리,24,0.011460224315191437,0.09471949756255843,0.2,0.2,0.2,0.08196721311475409,1.0,0.042735042735042736,0.33274336283185846,E2 앞쪽 부품 안 (pair_pos=0),공정 값 23 + 파생 전체,트리
엑스트라트리,25,0.14163965741027337,0.05433528466626687,0.0,0.2,0.4,0.05555555555555555,0.2,0.03225806451612903,0.4842105263157894,E2 앞쪽 부품 안 (pair_pos=0),공정 값 23 + 파생 전체,트리
엑스트라트리,26,0.030476363802878357,0.046276395173454,0.0,0.25,0.25,0.07017543859649122,1.0,0.03636363636363636,0.49122807017543857,E2 앞쪽 부품 안 (pair_pos=0),공정 값 23 + 파생 전체,트리
엑스트라트리,27,0.1868237967702265,0.034302482989499304,0.0,0.0,0.0,0.0,0.0,0.0,0.29911504424778756,E2 앞쪽 부품 안 (pair_pos=0),공정 값 23 + 파생 전체,트리
엑스트라트리,28,0.072652847477101,0.08438375350140057,0.2,0.4,0.4,0.10256410256410256,0.8,0.0547945205479452,0.6371681415929203,E2 앞쪽 부품 안 (pair_pos=0),공정 값 23 + 파생 전체,트리
엑스트라트리,29,0.015013564972970673,0.07365308658412106,0.25,0.25,0.25,0.06557377049180328,1.0,0.03389830508474576,0.6074561403508771,E2 앞쪽 부품 안 (pair_pos=0),공정 값 23 + 파생 전체,트리
엑스트라트리,30,0.060521565577800585,0.06827916554749754,0.2,0.2,0.4,0.08888888888888889,0.8,0.047058823529411764,0.5649122807017544,E2 앞쪽 부품 안 (pair_pos=0),공정 값 23 + 파생 전체,트리
엑스트라트리,31,0.03042265723072691,0.06119758710078618,0.0,0.4,0.4,0.09174311926605505,1.0,0.04807692307692308,0.552212389380531,E2 앞쪽 부품 안 (pair_pos=0),공정 값 23 + 파생 전체,트리
엑스트라트리,32,0.1643643820473932,0.04398996848439238,0.0,0.25,0.25,0.0,0.0,0.0,0.493421052631579,E2 앞쪽 부품 안 (pair_pos=0),공정 값 23 + 파생 전체,트리
엑스트라트리,33,0.1396613031044053,0.03184315684315684,0.0,0.0,0.0,0.0,0.0,0.0,0.36403508771929827,E2 앞쪽 부품 안 (pair_pos=0),공정 값 23 + 파생 전체,트리
엑스트라트리,34,0.024685786667940704,0.09980255516840883,0.2,0.2,0.6,0.08333333333333333,1.0,0.043478260869565216,0.6743362831858407,E2 앞쪽 부품 안 (pair_pos=0),공정 값 23 + 파생 전체,트리
엑스트라트리,35,0.08743698409513581,0.03843308310578762,0.0,0.2,0.2,0.038461538461538464,0.2,0.02127659574468085,0.3175438596491228,E2 앞쪽 부품 안 (pair_pos=0),공정 값 23 + 파생 전체,트리
엑스트라트리,36,0.0323897525294234,0.09249603085808054,0.2,0.4,0.6,0.08403361344537816,1.0,0.043859649122807015,0.6548672566371682,E2 앞쪽 부품 안 (pair_pos=0),공정 값 23 + 파생 전체,트리
엑스트라트리,37,0.01477769534144469,0.02942748807197946,0.0,0.0,0.0,0.06666666666666667,1.0,0.034482758620689655,0.3092105263157895,E2 앞쪽 부품 안 (pair_pos=0),공정 값 23 + 파생 전체,트리
엑스트라트리,38,0.012672546879455638,0.05339983566398661,0.0,0.2,0.2,0.08130081300813008,1.0,0.0423728813559322,0.4955752212389381,E2 앞쪽 부품 안 (pair_pos=0),공정 값 23 + 파생 전체,트리
엑스트라트리,39,0.0569055135231931,0.07154472054886211,0.25,0.25,0.5,0.08421052631578947,1.0,0.04395604395604396,0.625,E2 앞쪽 부품 안 (pair_pos=0),공정 값 23 + 파생 전체,트리
엑스트라트리,40,0.09565504099413134,0.0602257391204895,0.0,0.0,0.4,0.10526315789473684,0.6,0.057692307692307696,0.6052631578947368,E2 앞쪽 부품 안 (pair_pos=0),공정 값 23 + 파생 전체,트리
엑스트라트리,41,0.039772804304340784,0.02829726831021813,0.0,0.0,0.0,0.05825242718446602,0.75,0.030303030303030304,0.2850877192982456,E2 앞쪽 부품 안 (pair_pos=0),공정 값 23 + 파생 전체,트리
엑스트라트리,42,0.0704462067592206,0.09221265370132685,0.4,0.4,0.4,0.05194805194805195,0.4,0.027777777777777776,0.5309734513274336,E2 앞쪽 부품 안 (pair_pos=0),공정 값 23 + 파생 전체,트리
엑스트라트리,43,0.21090200383173852,0.06123155413477994,0.0,0.0,0.4,0.0,0.0,0.0,0.6053097345132743,E2 앞쪽 부품 안 (pair_pos=0),공정 값 23 + 파생 전체,트리
엑스트라트리,44,0.023755220338148166,0.052971660411453986,0.25,0.25,0.5,0.06666666666666667,1.0,0.034482758620689655,0.4736842105263158,E2 앞쪽 부품 안 (pair_pos=0),공정 값 23 + 파생 전체,트리
엑스트라트리,45,0.11497609101817542,0.048254215097830594,0.0,0.0,0.0,0.0,0.0,0.0,0.4789473684210526,E2 앞쪽 부품 안 (pair_pos=0),공정 값 23 + 파생 전체,트리
엑스트라트리,46,0.1272807250570683,0.048759739180008546,0.0,0.25,0.5,0.11428571428571428,0.5,0.06451612903225806,0.5372807017543859,E2 앞쪽 부품 안 (pair_pos=0),공정 값 23 + 파생 전체,트리
엑스트라트리,47,0.14995852804560192,0.03607709750566893,0.0,0.0,0.25,0.0,0.0,0.0,0.42324561403508776,E2 앞쪽 부품 안 (pair_pos=0),공정 값 23 + 파생 전체,트리
엑스트라트리,48,0.10835204235409795,0.05640408723573024,0.0,0.0,0.2,0.08163265306122448,0.4,0.045454545454545456,0.584070796460177,E2 앞쪽 부품 안 (pair_pos=0),공정 값 23 + 파생 전체,트리
엑스트라트리,49,0.06655777587367386,0.05917272507492762,0.0,0.2,0.4,0.09195402298850575,0.8,0.04878048780487805,0.5486725663716815,E2 앞쪽 부품 안 (pair_pos=0),공정 값 23 + 파생 전체,트리
GradientBoosting,0,0.003488735108390921,0.0374267535484574,0.0,0.0,0.0,0.03508771929824561,0.2,0.019230769230769232,0.35964912280701755,E2 앞쪽 부품 안 (pair_pos=0),공정 값 23 + 파생 전체,부스팅
GradientBoosting,1,0.04074323845973674,0.16757759784075574,0.25,0.5,0.5,0.25,0.25,0.25,0.5635964912280702,E2 앞쪽 부품 안 (pair_pos=0),공정 값 23 + 파생 전체,부스팅
GradientBoosting,2,0.6867120664516985,0.03262098881751785,0.0,0.25,0.25,0.0,0.0,0.0,0.3026315789473684,E2 앞쪽 부품 안 (pair_pos=0),공정 값 23 + 파생 전체,부스팅
GradientBoosting,3,0.07017013330756713,0.06359819392077457,0.0,0.2,0.4,0.0,0.0,0.0,0.5893805309734513,E2 앞쪽 부품 안 (pair_pos=0),공정 값 23 + 파생 전체,부스팅
GradientBoosting,4,0.1686641614506017,0.2620943204868154,0.2,0.2,0.6,0.3333333333333333,0.2,1.0,0.711504424778761,E2 앞쪽 부품 안 (pair_pos=0),공정 값 23 + 파생 전체,부스팅
GradientBoosting,5,0.018268947072373063,0.2508283720364354,0.2,0.4,0.4,0.18181818181818182,0.2,0.16666666666666666,0.543859649122807,E2 앞쪽 부품 안 (pair_pos=0),공정 값 23 + 파생 전체,부스팅
GradientBoosting,6,0.0516483449041488,0.15392920804685511,0.2,0.2,0.4,0.13333333333333333,0.2,0.1,0.6460176991150443,E2 앞쪽 부품 안 (pair_pos=0),공정 값 23 + 파생 전체,부스팅
GradientBoosting,7,0.004671816242725144,0.03412068965517242,0.0,0.0,0.0,0.03278688524590164,0.2,0.017857142857142856,0.29026548672566377,E2 앞쪽 부품 안 (pair_pos=0),공정 값 23 + 파생 전체,부스팅
GradientBoosting,8,0.028975263342611184,0.05438189171065884,0.0,0.25,0.25,0.0,0.0,0.0,0.5592105263157895,E2 앞쪽 부품 안 (pair_pos=0),공정 값 23 + 파생 전체,부스팅
GradientBoosting,9,0.012257467180082937,0.11988304093567251,0.25,0.25,0.5,0.1111111111111111,0.25,0.07142857142857142,0.5285087719298245,E2 앞쪽 부품 안 (pair_pos=0),공정 값 23 + 파생 전체,부스팅
GradientBoosting,10,0.0945284165306368,0.03740575503645559,0.0,0.0,0.0,0.0,0.0,0.0,0.3543859649122807,E2 앞쪽 부품 안 (pair_pos=0),공정 값 23 + 파생 전체,부스팅
GradientBoosting,11,0.1293870249099355,0.042253702300431274,0.0,0.0,0.25,0.0,0.0,0.0,0.48464912280701755,E2 앞쪽 부품 안 (pair_pos=0),공정 값 23 + 파생 전체,부스팅
GradientBoosting,12,0.005453390646323914,0.1454930204930205,0.25,0.25,0.25,0.03773584905660377,0.25,0.02040816326530612,0.30043859649122806,E2 앞쪽 부품 안 (pair_pos=0),공정 값 23 + 파생 전체,부스팅
GradientBoosting,13,0.00014412663423930177,0.19545787545787546,0.4,0.4,0.8,0.08130081300813008,1.0,0.0423728813559322,0.824778761061947,E2 앞쪽 부품 안 (pair_pos=0),공정 값 23 + 파생 전체,부스팅
GradientBoosting,14,0.07847894789411,0.30897450854576214,0.4,0.4,0.6,0.36363636363636365,0.4,0.3333333333333333,0.6601769911504425,E2 앞쪽 부품 안 (pair_pos=0),공정 값 23 + 파생 전체,부스팅
GradientBoosting,15,0.02206463152347269,0.08968197973699703,0.2,0.2,0.2,0.1,0.2,0.06666666666666667,0.6105263157894737,E2 앞쪽 부품 안 (pair_pos=0),공정 값 23 + 파생 전체,부스팅
GradientBoosting,16,0.005482767038237157,0.16453887195121952,0.25,0.25,0.5,0.08695652173913043,0.5,0.047619047619047616,0.6271929824561404,E2 앞쪽 부품 안 (pair_pos=0),공정 값 23 + 파생 전체,부스팅
GradientBoosting,17,0.00040426085617742646,0.301984126984127,0.4,0.4,0.8,0.08130081300813008,1.0,0.0423728813559322,0.8212389380530973,E2 앞쪽 부품 안 (pair_pos=0),공정 값 23 + 파생 전체,부스팅
GradientBoosting,18,0.0721542189910894,0.034501735234840396,0.0,0.0,0.0,0.0,0.0,0.0,0.30265486725663715,E2 앞쪽 부품 안 (pair_pos=0),공정 값 23 + 파생 전체,부스팅
GradientBoosting,19,0.009681484774922025,0.1506174334140436,0.25,0.25,0.25,0.06451612903225806,0.25,0.037037037037037035,0.4407894736842105,E2 앞쪽 부품 안 (pair_pos=0),공정 값 23 + 파생 전체,부스팅
GradientBoosting,20,0.05121604849005428,0.08541953963068755,0.2,0.2,0.2,0.11764705882352941,0.2,0.08333333333333333,0.4754385964912281,E2 앞쪽 부품 안 (pair_pos=0),공정 값 23 + 파생 전체,부스팅
GradientBoosting,21,0.017835162081601616,0.16025509621501705,0.2,0.4,0.4,0.125,0.2,0.09090909090909091,0.5787610619469026,E2 앞쪽 부품 안 (pair_pos=0),공정 값 23 + 파생 전체,부스팅
GradientBoosting,22,0.7053318325022507,0.4010989010989011,0.5,0.75,0.75,0.0,0.0,0.0,0.8201754385964912,E2 앞쪽 부품 안 (pair_pos=0),공정 값 23 + 파생 전체,부스팅
GradientBoosting,23,0.061554989582984776,0.040269413738107024,0.0,0.0,0.25,0.0,0.0,0.0,0.493421052631579,E2 앞쪽 부품 안 (pair_pos=0),공정 값 23 + 파생 전체,부스팅
GradientBoosting,24,0.011363661198394359,0.11165217929923812,0.2,0.4,0.6,0.08,0.2,0.05,0.7309734513274336,E2 앞쪽 부품 안 (pair_pos=0),공정 값 23 + 파생 전체,부스팅
GradientBoosting,25,0.006084158208768357,0.14098124098124099,0.4,0.4,0.6,0.11764705882352941,0.4,0.06896551724137931,0.5754385964912281,E2 앞쪽 부품 안 (pair_pos=0),공정 값 23 + 파생 전체,부스팅
GradientBoosting,26,0.013310172959081497,0.22722567287784678,0.5,0.5,0.5,0.14285714285714285,0.5,0.08333333333333333,0.75,E2 앞쪽 부품 안 (pair_pos=0),공정 값 23 + 파생 전체,부스팅
GradientBoosting,27,0.2792559967403896,0.03768950548611566,0.0,0.0,0.0,0.0,0.0,0.0,0.3327433628318584,E2 앞쪽 부품 안 (pair_pos=0),공정 값 23 + 파생 전체,부스팅
GradientBoosting,28,0.004635393730879528,0.10657694815580325,0.2,0.2,0.4,0.08333333333333333,0.4,0.046511627906976744,0.49911504424778763,E2 앞쪽 부품 안 (pair_pos=0),공정 값 23 + 파생 전체,부스팅
GradientBoosting,29,0.07329719628748252,0.08665166077478274,0.25,0.25,0.5,0.18181818181818182,0.25,0.14285714285714285,0.5767543859649122,E2 앞쪽 부품 안 (pair_pos=0),공정 값 23 + 파생 전체,부스팅
GradientBoosting,30,0.0013435042545133578,0.14476422340086367,0.4,0.6,0.8,0.08064516129032258,1.0,0.04201680672268908,0.7298245614035088,E2 앞쪽 부품 안 (pair_pos=0),공정 값 23 + 파생 전체,부스팅
GradientBoosting,31,0.004188910142134206,0.12126657409676278,0.2,0.2,0.6,0.12,0.6,0.06666666666666667,0.6141592920353982,E2 앞쪽 부품 안 (pair_pos=0),공정 값 23 + 파생 전체,부스팅
GradientBoosting,32,0.1981379997659737,0.02394872411094473,0.0,0.0,0.0,0.0,0.0,0.0,0.14692982456140352,E2 앞쪽 부품 안 (pair_pos=0),공정 값 23 + 파생 전체,부스팅
GradientBoosting,33,0.15724206962577889,0.08010363826737554,0.0,0.5,0.5,0.0,0.0,0.0,0.7521929824561403,E2 앞쪽 부품 안 (pair_pos=0),공정 값 23 + 파생 전체,부스팅
GradientBoosting,34,0.36274810473425423,0.18425243074665199,0.4,0.6,0.6,0.0,0.0,0.0,0.7132743362831858,E2 앞쪽 부품 안 (pair_pos=0),공정 값 23 + 파생 전체,부스팅
GradientBoosting,35,0.039086483923550096,0.12185560053981107,0.2,0.6,0.6,0.18181818181818182,0.2,0.16666666666666666,0.7052631578947368,E2 앞쪽 부품 안 (pair_pos=0),공정 값 23 + 파생 전체,부스팅
GradientBoosting,36,0.5472736967435503,0.15920429397927519,0.2,0.2,0.4,0.0,0.0,0.0,0.6938053097345133,E2 앞쪽 부품 안 (pair_pos=0),공정 값 23 + 파생 전체,부스팅
GradientBoosting,37,0.11900419314886772,0.03217021913986529,0.0,0.0,0.0,0.0,0.0,0.0,0.368421052631579,E2 앞쪽 부품 안 (pair_pos=0),공정 값 23 + 파생 전체,부스팅
GradientBoosting,38,0.0003271537815543304,0.11534248665141113,0.2,0.4,0.6,0.08130081300813008,1.0,0.0423728813559322,0.6159292035398231,E2 앞쪽 부품 안 (pair_pos=0),공정 값 23 + 파생 전체,부스팅
GradientBoosting,39,0.7882395877254197,0.16216028420403666,0.25,0.25,0.25,0.0,0.0,0.0,0.6140350877192983,E2 앞쪽 부품 안 (pair_pos=0),공정 값 23 + 파생 전체,부스팅
GradientBoosting,40,0.33956616115261007,0.057840458049413276,0.0,0.2,0.2,0.0,0.0,0.0,0.5929824561403509,E2 앞쪽 부품 안 (pair_pos=0),공정 값 23 + 파생 전체,부스팅
GradientBoosting,41,0.013197488573400517,0.056463675213675214,0.25,0.25,0.25,0.15384615384615385,0.25,0.1111111111111111,0.418859649122807,E2 앞쪽 부품 안 (pair_pos=0),공정 값 23 + 파생 전체,부스팅
GradientBoosting,42,0.0030806628241375343,0.04392081026091353,0.0,0.0,0.2,0.0625,0.4,0.03389830508474576,0.4389380530973451,E2 앞쪽 부품 안 (pair_pos=0),공정 값 23 + 파생 전체,부스팅
GradientBoosting,43,0.0003747829104856287,0.3093994839315036,0.6,0.6,0.6,0.08130081300813008,1.0,0.0423728813559322,0.6584070796460177,E2 앞쪽 부품 안 (pair_pos=0),공정 값 23 + 파생 전체,부스팅
GradientBoosting,44,0.2814135443667657,0.16713541666666665,0.25,0.25,0.5,0.0,0.0,0.0,0.611842105263158,E2 앞쪽 부품 안 (pair_pos=0),공정 값 23 + 파생 전체,부스팅
GradientBoosting,45,0.012773253629623444,0.03724067496283329,0.0,0.0,0.2,0.0,0.0,0.0,0.3368421052631579,E2 앞쪽 부품 안 (pair_pos=0),공정 값 23 + 파생 전체,부스팅
GradientBoosting,46,0.039622552612549676,0.11517045454545455,0.25,0.25,0.5,0.11764705882352941,0.25,0.07692307692307693,0.7214912280701754,E2 앞쪽 부품 안 (pair_pos=0),공정 값 23 + 파생 전체,부스팅
GradientBoosting,47,0.07245765183091973,0.2011986301369863,0.5,0.5,0.75,0.4444444444444444,0.5,0.4,0.7763157894736842,E2 앞쪽 부품 안 (pair_pos=0),공정 값 23 + 파생 전체,부스팅
GradientBoosting,48,0.006213277410303685,0.10316176470588234,0.2,0.2,0.2,0.05555555555555555,0.2,0.03225806451612903,0.4902654867256637,E2 앞쪽 부품 안 (pair_pos=0),공정 값 23 + 파생 전체,부스팅
GradientBoosting,49,0.0032293067660202823,0.09648969331322273,0.2,0.2,0.2,0.13793103448275862,0.8,0.07547169811320754,0.5646017699115045,E2 앞쪽 부품 안 (pair_pos=0),공정 값 23 + 파생 전체,부스팅
HistGradientBoosting,0,8.014137129644825e-05,0.03771687190177216,0.0,0.2,0.2,0.041666666666666664,0.2,0.023255813953488372,0.32105263157894737,E2 앞쪽 부품 안 (pair_pos=0),공정 값 23 + 파생 전체,부스팅
HistGradientBoosting,1,0.014919856617147275,0.055516911572906696,0.0,0.25,0.5,0.0,0.0,0.0,0.5548245614035088,E2 앞쪽 부품 안 (pair_pos=0),공정 값 23 + 파생 전체,부스팅
HistGradientBoosting,2,0.7583841673647949,0.029689884237471837,0.0,0.0,0.0,0.0,0.0,0.0,0.3157894736842105,E2 앞쪽 부품 안 (pair_pos=0),공정 값 23 + 파생 전체,부스팅
HistGradientBoosting,3,0.007098572483895675,0.05213489523389093,0.0,0.2,0.2,0.0,0.0,0.0,0.4796460176991151,E2 앞쪽 부품 안 (pair_pos=0),공정 값 23 + 파생 전체,부스팅
HistGradientBoosting,4,2.5823088290780004e-05,0.2014285714285714,0.6,0.6,0.8,0.09803921568627451,1.0,0.05154639175257732,0.7752212389380531,E2 앞쪽 부품 안 (pair_pos=0),공정 값 23 + 파생 전체,부스팅
HistGradientBoosting,5,2.1850793642624376e-05,0.04446490212163619,0.0,0.0,0.0,0.08196721311475409,1.0,0.042735042735042736,0.4649122807017544,E2 앞쪽 부품 안 (pair_pos=0),공정 값 23 + 파생 전체,부스팅
HistGradientBoosting,6,0.031122681659618255,0.05212702472293265,0.0,0.2,0.4,0.0,0.0,0.0,0.504424778761062,E2 앞쪽 부품 안 (pair_pos=0),공정 값 23 + 파생 전체,부스팅
HistGradientBoosting,7,2.1755791522040684e-05,0.06247405562474055,0.2,0.2,0.4,0.08196721311475409,1.0,0.042735042735042736,0.552212389380531,E2 앞쪽 부품 안 (pair_pos=0),공정 값 23 + 파생 전체,부스팅
HistGradientBoosting,8,0.0008866706672656667,0.039592692422881104,0.0,0.25,0.25,0.08,0.25,0.047619047619047616,0.4144736842105263,E2 앞쪽 부품 안 (pair_pos=0),공정 값 23 + 파생 전체,부스팅
HistGradientBoosting,9,6.253057552612579e-05,0.06756424545963369,0.25,0.25,0.5,0.07407407407407407,0.5,0.04,0.5153508771929824,E2 앞쪽 부품 안 (pair_pos=0),공정 값 23 + 파생 전체,부스팅
HistGradientBoosting,10,0.03654638133508655,0.03782968818891179,0.0,0.0,0.0,0.0,0.0,0.0,0.3666666666666667,E2 앞쪽 부품 안 (pair_pos=0),공정 값 23 + 파생 전체,부스팅
HistGradientBoosting,11,2.1114956767033928e-05,0.08450814536340852,0.25,0.25,0.5,0.06722689075630252,1.0,0.034782608695652174,0.706140350877193,E2 앞쪽 부품 안 (pair_pos=0),공정 값 23 + 파생 전체,부스팅
HistGradientBoosting,12,3.053007555827187e-05,0.034475332188950346,0.0,0.0,0.25,0.043010752688172046,0.5,0.02247191011235955,0.368421052631579,E2 앞쪽 부품 안 (pair_pos=0),공정 값 23 + 파생 전체,부스팅
HistGradientBoosting,13,2.0258941108760117e-05,0.07994637494637494,0.0,0.4,0.4,0.08130081300813008,1.0,0.0423728813559322,0.6477876106194691,E2 앞쪽 부품 안 (pair_pos=0),공정 값 23 + 파생 전체,부스팅
HistGradientBoosting,14,2.214151724130374e-05,0.06589424519832382,0.0,0.0,0.2,0.0847457627118644,1.0,0.04424778761061947,0.6477876106194691,E2 앞쪽 부품 안 (pair_pos=0),공정 값 23 + 파생 전체,부스팅
HistGradientBoosting,15,0.106644611720079,0.05036366944705206,0.0,0.0,0.2,0.0,0.0,0.0,0.524561403508772,E2 앞쪽 부품 안 (pair_pos=0),공정 값 23 + 파생 전체,부스팅
HistGradientBoosting,16,5.1325095077892995e-05,0.1461279461279461,0.25,0.75,1.0,0.12698412698412698,1.0,0.06779661016949153,0.868421052631579,E2 앞쪽 부품 안 (pair_pos=0),공정 값 23 + 파생 전체,부스팅
HistGradientBoosting,17,2.1792317822088387e-05,0.07187147836569961,0.2,0.2,0.2,0.08333333333333333,1.0,0.043478260869565216,0.5663716814159292,E2 앞쪽 부품 안 (pair_pos=0),공정 값 23 + 파생 전체,부스팅
HistGradientBoosting,18,0.011664936875878136,0.051795832309833784,0.0,0.0,0.4,0.0,0.0,0.0,0.5061946902654868,E2 앞쪽 부품 안 (pair_pos=0),공정 값 23 + 파생 전체,부스팅
HistGradientBoosting,19,0.0029241624329491506,0.040622610793998315,0.0,0.25,0.25,0.0,0.0,0.0,0.4035087719298246,E2 앞쪽 부품 안 (pair_pos=0),공정 값 23 + 파생 전체,부스팅
HistGradientBoosting,20,3.5100767447539444e-05,0.07729280717396167,0.0,0.4,0.6,0.08450704225352113,0.6,0.045454545454545456,0.6228070175438596,E2 앞쪽 부품 안 (pair_pos=0),공정 값 23 + 파생 전체,부스팅
HistGradientBoosting,21,4.7270881709014386e-05,0.11788776264386021,0.4,0.4,0.4,0.09230769230769231,0.6,0.05,0.6672566371681417,E2 앞쪽 부품 안 (pair_pos=0),공정 값 23 + 파생 전체,부스팅
HistGradientBoosting,22,0.0002753497051151836,0.04103407557354925,0.0,0.0,0.0,0.0,0.0,0.0,0.4912280701754387,E2 앞쪽 부품 안 (pair_pos=0),공정 값 23 + 파생 전체,부스팅
HistGradientBoosting,23,0.0005078416307458286,0.12294094794094794,0.5,0.75,0.75,0.3157894736842105,0.75,0.2,0.6820175438596492,E2 앞쪽 부품 안 (pair_pos=0),공정 값 23 + 파생 전체,부스팅
HistGradientBoosting,24,2.2298123155747623e-05,0.081156413425321,0.2,0.4,0.4,0.07339449541284404,0.8,0.038461538461538464,0.4283185840707964,E2 앞쪽 부품 안 (pair_pos=0),공정 값 23 + 파생 전체,부스팅
HistGradientBoosting,25,2.5739045472528085e-05,0.0740232098403013,0.2,0.4,0.4,0.038461538461538464,0.4,0.020202020202020204,0.38947368421052636,E2 앞쪽 부품 안 (pair_pos=0),공정 값 23 + 파생 전체,부스팅
HistGradientBoosting,26,2.316243540671479e-05,0.061439395944146,0.0,0.25,0.5,0.07476635514018691,1.0,0.038834951456310676,0.6535087719298245,E2 앞쪽 부품 안 (pair_pos=0),공정 값 23 + 파생 전체,부스팅
HistGradientBoosting,27,0.0006080367179965726,0.03506042783516139,0.0,0.0,0.0,0.0,0.0,0.0,0.30796460176991153,E2 앞쪽 부품 안 (pair_pos=0),공정 값 23 + 파생 전체,부스팅
HistGradientBoosting,28,3.2936843062370814e-05,0.12204384724186705,0.4,0.4,0.4,0.09090909090909091,0.8,0.04819277108433735,0.6017699115044248,E2 앞쪽 부품 안 (pair_pos=0),공정 값 23 + 파생 전체,부스팅
HistGradientBoosting,29,2.4131292859709092e-05,0.09841269841269841,0.25,0.5,0.5,0.07766990291262135,1.0,0.04040404040404041,0.6798245614035088,E2 앞쪽 부품 안 (pair_pos=0),공정 값 23 + 파생 전체,부스팅
HistGradientBoosting,30,0.0007268095076213981,0.058360407708233794,0.0,0.2,0.4,0.0,0.0,0.0,0.5771929824561404,E2 앞쪽 부품 안 (pair_pos=0),공정 값 23 + 파생 전체,부스팅
HistGradientBoosting,31,2.1890590780870573e-05,0.06356975730401053,0.0,0.2,0.6,0.08264462809917356,1.0,0.04310344827586207,0.5646017699115045,E2 앞쪽 부품 안 (pair_pos=0),공정 값 23 + 파생 전체,부스팅
HistGradientBoosting,32,3.671585993410188e-05,0.06484476126067164,0.25,0.25,0.25,0.0547945205479452,0.5,0.028985507246376812,0.5504385964912281,E2 앞쪽 부품 안 (pair_pos=0),공정 값 23 + 파생 전체,부스팅
HistGradientBoosting,33,0.0017168454345631093,0.03496562985292774,0.0,0.0,0.0,0.0,0.0,0.0,0.4276315789473684,E2 앞쪽 부품 안 (pair_pos=0),공정 값 23 + 파생 전체,부스팅
HistGradientBoosting,34,0.007582497025707907,0.06650710417693281,0.2,0.2,0.4,0.09090909090909091,0.2,0.058823529411764705,0.4654867256637168,E2 앞쪽 부품 안 (pair_pos=0),공정 값 23 + 파생 전체,부스팅
HistGradientBoosting,35,4.0004434754840166e-05,0.07961789844142786,0.2,0.2,0.4,0.11428571428571428,0.8,0.06153846153846154,0.6526315789473685,E2 앞쪽 부품 안 (pair_pos=0),공정 값 23 + 파생 전체,부스팅
HistGradientBoosting,36,0.00025138505625511696,0.16391845627139745,0.4,0.6,0.6,0.1875,0.6,0.1111111111111111,0.6743362831858407,E2 앞쪽 부품 안 (pair_pos=0),공정 값 23 + 파생 전체,부스팅
HistGradientBoosting,37,0.000141233302420781,0.06721926844877665,0.0,0.25,0.5,0.14634146341463414,0.75,0.08108108108108109,0.6951754385964913,E2 앞쪽 부품 안 (pair_pos=0),공정 값 23 + 파생 전체,부스팅
HistGradientBoosting,38,2.4527164044316523e-05,0.05970517249538593,0.0,0.2,0.4,0.07692307692307693,0.8,0.04040404040404041,0.5451327433628319,E2 앞쪽 부품 안 (pair_pos=0),공정 값 23 + 파생 전체,부스팅
HistGradientBoosting,39,9.598180967689828e-05,0.5848214285714286,0.5,0.75,1.0,0.16326530612244897,1.0,0.08888888888888889,0.9144736842105263,E2 앞쪽 부품 안 (pair_pos=0),공정 값 23 + 파생 전체,부스팅
HistGradientBoosting,40,0.4329862949425021,0.0597153850737166,0.0,0.4,0.4,0.0,0.0,0.0,0.5771929824561404,E2 앞쪽 부품 안 (pair_pos=0),공정 값 23 + 파생 전체,부스팅
HistGradientBoosting,41,2.3086623892174535e-05,0.036457236726672976,0.0,0.0,0.0,0.07692307692307693,1.0,0.04,0.4473684210526316,E2 앞쪽 부품 안 (pair_pos=0),공정 값 23 + 파생 전체,부스팅
HistGradientBoosting,42,2.2273129703402134e-05,0.05022872101979607,0.0,0.2,0.2,0.08547008547008547,1.0,0.044642857142857144,0.5008849557522124,E2 앞쪽 부품 안 (pair_pos=0),공정 값 23 + 파생 전체,부스팅
HistGradientBoosting,43,2.0865253860821197e-05,0.10784080309500267,0.2,0.4,0.6,0.08130081300813008,1.0,0.0423728813559322,0.6000000000000001,E2 앞쪽 부품 안 (pair_pos=0),공정 값 23 + 파생 전체,부스팅
HistGradientBoosting,44,0.00015346854375154523,0.27818074360627554,0.25,0.25,0.25,0.06451612903225806,0.25,0.037037037037037035,0.47368421052631576,E2 앞쪽 부품 안 (pair_pos=0),공정 값 23 + 파생 전체,부스팅
HistGradientBoosting,45,0.0016638971554855757,0.037078747809758054,0.0,0.0,0.0,0.0,0.0,0.0,0.35263157894736846,E2 앞쪽 부품 안 (pair_pos=0),공정 값 23 + 파생 전체,부스팅
HistGradientBoosting,46,0.1361083274670221,0.17792918057100482,0.25,0.25,0.75,0.25,0.25,0.25,0.6951754385964912,E2 앞쪽 부품 안 (pair_pos=0),공정 값 23 + 파생 전체,부스팅
HistGradientBoosting,47,0.000881029915008917,0.03378026775987554,0.0,0.0,0.25,0.0,0.0,0.0,0.3574561403508772,E2 앞쪽 부품 안 (pair_pos=0),공정 값 23 + 파생 전체,부스팅
HistGradientBoosting,48,2.2302226340554837e-05,0.13084874949469844,0.4,0.4,0.4,0.0970873786407767,1.0,0.05102040816326531,0.6884955752212389,E2 앞쪽 부품 안 (pair_pos=0),공정 값 23 + 파생 전체,부스팅
HistGradientBoosting,49,0.002394632588283706,0.05253122664673855,0.0,0.0,0.4,0.0,0.0,0.0,0.5132743362831859,E2 앞쪽 부품 안 (pair_pos=0),공정 값 23 + 파생 전체,부스팅
XGBoost,0,0.22636301815509796,0.029754651985898613,0.0,0.0,0.0,0.0,0.0,0.0,0.1894736842105263,E2 앞쪽 부품 안 (pair_pos=0),공정 값 23 + 파생 전체,부스팅
XGBoost,1,0.35320383310317993,0.04530136192407998,0.0,0.25,0.25,0.0,0.0,0.0,0.4407894736842105,E2 앞쪽 부품 안 (pair_pos=0),공정 값 23 + 파생 전체,부스팅
XGBoost,2,0.004037199541926384,0.029927437166271123,0.0,0.0,0.0,0.03076923076923077,0.25,0.01639344262295082,0.32456140350877194,E2 앞쪽 부품 안 (pair_pos=0),공정 값 23 + 파생 전체,부스팅
XGBoost,3,0.03482578694820404,0.037390354128367824,0.0,0.0,0.0,0.0,0.0,0.0,0.34513274336283184,E2 앞쪽 부품 안 (pair_pos=0),공정 값 23 + 파생 전체,부스팅
XGBoost,4,0.005057667847722769,0.10099971888396936,0.2,0.2,0.8,0.15625,1.0,0.0847457627118644,0.7557522123893806,E2 앞쪽 부품 안 (pair_pos=0),공정 값 23 + 파생 전체,부스팅
XGBoost,5,0.0013162273680791259,0.041389208541107274,0.0,0.0,0.0,0.09345794392523364,1.0,0.049019607843137254,0.4298245614035088,E2 앞쪽 부품 안 (pair_pos=0),공정 값 23 + 파생 전체,부스팅
XGBoost,6,0.05728118494153023,0.034421295335353624,0.0,0.0,0.0,0.0,0.0,0.0,0.2973451327433628,E2 앞쪽 부품 안 (pair_pos=0),공정 값 23 + 파생 전체,부스팅
XGBoost,7,9.33732371777296e-05,0.06201287299180188,0.2,0.2,0.2,0.08130081300813008,1.0,0.0423728813559322,0.5663716814159292,E2 앞쪽 부품 안 (pair_pos=0),공정 값 23 + 파생 전체,부스팅
XGBoost,8,0.3059599995613098,0.03552737520128824,0.0,0.0,0.0,0.0,0.0,0.0,0.4276315789473684,E2 앞쪽 부품 안 (pair_pos=0),공정 값 23 + 파생 전체,부스팅
XGBoost,9,0.0025866846553981304,0.029159826438174948,0.0,0.0,0.0,0.05970149253731343,0.5,0.031746031746031744,0.2850877192982456,E2 앞쪽 부품 안 (pair_pos=0),공정 값 23 + 파생 전체,부스팅
XGBoost,10,0.01046321913599968,0.04024393472380697,0.0,0.2,0.2,0.04,0.2,0.022222222222222223,0.30175438596491233,E2 앞쪽 부품 안 (pair_pos=0),공정 값 23 + 파생 전체,부스팅
XGBoost,11,0.00040912750409916043,0.06072286561624998,0.25,0.25,0.25,0.06896551724137931,1.0,0.03571428571428571,0.5899122807017544,E2 앞쪽 부품 안 (pair_pos=0),공정 값 23 + 파생 전체,부스팅
XGBoost,12,0.00034478644374758005,0.04248401954823973,0.0,0.25,0.5,0.05042016806722689,0.75,0.02608695652173913,0.4078947368421053,E2 앞쪽 부품 안 (pair_pos=0),공정 값 23 + 파생 전체,부스팅
XGBoost,13,8.472446643281728e-05,0.05584504934350135,0.0,0.2,0.4,0.08196721311475409,1.0,0.042735042735042736,0.5575221238938053,E2 앞쪽 부품 안 (pair_pos=0),공정 값 23 + 파생 전체,부스팅
XGBoost,14,0.00018944338080473244,0.07260326876833231,0.0,0.2,0.4,0.08196721311475409,1.0,0.042735042735042736,0.6654867256637168,E2 앞쪽 부품 안 (pair_pos=0),공정 값 23 + 파생 전체,부스팅
XGBoost,15,0.07198029011487961,0.06487616910280838,0.0,0.2,0.4,0.09090909090909091,0.2,0.058823529411764705,0.6157894736842106,E2 앞쪽 부품 안 (pair_pos=0),공정 값 23 + 파생 전체,부스팅
XGBoost,16,0.0020918715745210648,0.07559551831277658,0.25,0.25,0.5,0.08333333333333333,1.0,0.043478260869565216,0.6710526315789473,E2 앞쪽 부품 안 (pair_pos=0),공정 값 23 + 파생 전체,부스팅
XGBoost,17,7.071017171256244e-05,0.07012995078950368,0.0,0.2,0.4,0.08130081300813008,1.0,0.0423728813559322,0.6371681415929203,E2 앞쪽 부품 안 (pair_pos=0),공정 값 23 + 파생 전체,부스팅
XGBoost,18,0.006154727656394243,0.06476435441952684,0.0,0.2,0.6,0.1,0.6,0.05454545454545454,0.5699115044247787,E2 앞쪽 부품 안 (pair_pos=0),공정 값 23 + 파생 전체,부스팅
XGBoost,19,0.024125101044774055,0.032603453473229294,0.0,0.0,0.0,0.0,0.0,0.0,0.3706140350877193,E2 앞쪽 부품 안 (pair_pos=0),공정 값 23 + 파생 전체,부스팅
XGBoost,20,0.00404425710439682,0.08718239190528349,0.2,0.4,0.4,0.10256410256410256,0.8,0.0547945205479452,0.6736842105263158,E2 앞쪽 부품 안 (pair_pos=0),공정 값 23 + 파생 전체,부스팅
XGBoost,21,0.001123409834690392,0.0581798082170429,0.0,0.4,0.4,0.06976744186046512,0.6,0.037037037037037035,0.49734513274336284,E2 앞쪽 부품 안 (pair_pos=0),공정 값 23 + 파생 전체,부스팅
XGBoost,22,0.00028154777828603983,0.03839796160584137,0.0,0.0,0.0,0.06896551724137931,1.0,0.03571428571428571,0.4736842105263158,E2 앞쪽 부품 안 (pair_pos=0),공정 값 23 + 파생 전체,부스팅
XGBoost,23,0.012513917870819569,0.10438034188034187,0.25,0.75,0.75,0.12,0.75,0.06521739130434782,0.6666666666666667,E2 앞쪽 부품 안 (pair_pos=0),공정 값 23 + 파생 전체,부스팅
XGBoost,24,0.0043349252082407475,0.07061368276396066,0.2,0.2,0.2,0.08823529411764706,0.6,0.047619047619047616,0.47433628318584065,E2 앞쪽 부품 안 (pair_pos=0),공정 값 23 + 파생 전체,부스팅
XGBoost,25,0.001782550010830164,0.06138341581640551,0.2,0.2,0.4,0.0761904761904762,0.8,0.04,0.4701754385964912,E2 앞쪽 부품 안 (pair_pos=0),공정 값 23 + 파생 전체,부스팅
XGBoost,26,0.00032108614686876535,0.06938443746181375,0.25,0.25,0.5,0.06956521739130435,1.0,0.036036036036036036,0.6864035087719298,E2 앞쪽 부품 안 (pair_pos=0),공정 값 23 + 파생 전체,부스팅
XGBoost,27,0.0006072636460885406,0.04112569810518305,0.0,0.0,0.2,0.07339449541284404,0.8,0.038461538461538464,0.40707964601769914,E2 앞쪽 부품 안 (pair_pos=0),공정 값 23 + 파생 전체,부스팅
XGBoost,28,5.83972578169778e-05,0.07275282688326166,0.2,0.2,0.4,0.08130081300813008,1.0,0.0423728813559322,0.647787610619469,E2 앞쪽 부품 안 (pair_pos=0),공정 값 23 + 파생 전체,부스팅
XGBoost,29,5.349703860701993e-05,0.053070703805997925,0.0,0.25,0.25,0.06557377049180328,1.0,0.03389830508474576,0.5635964912280702,E2 앞쪽 부품 안 (pair_pos=0),공정 값 23 + 파생 전체,부스팅
XGBoost,30,0.00034448420046828687,0.08850711548987411,0.2,0.4,0.6,0.07079646017699115,0.8,0.037037037037037035,0.5684210526315789,E2 앞쪽 부품 안 (pair_pos=0),공정 값 23 + 파생 전체,부스팅
XGBoost,31,0.0017164266901090741,0.07657609551388689,0.2,0.4,0.6,0.0898876404494382,0.8,0.047619047619047616,0.6212389380530974,E2 앞쪽 부품 안 (pair_pos=0),공정 값 23 + 파생 전체,부스팅
XGBoost,32,0.011816432699561119,0.06903978696741855,0.25,0.25,0.5,0.08,0.5,0.043478260869565216,0.5614035087719298,E2 앞쪽 부품 안 (pair_pos=0),공정 값 23 + 파생 전체,부스팅
XGBoost,33,0.021755730733275414,0.029871719497086766,0.0,0.0,0.0,0.0,0.0,0.0,0.3201754385964912,E2 앞쪽 부품 안 (pair_pos=0),공정 값 23 + 파생 전체,부스팅
XGBoost,34,0.055384621024131775,0.05516599492200283,0.0,0.0,0.2,0.0,0.0,0.0,0.5557522123893806,E2 앞쪽 부품 안 (pair_pos=0),공정 값 23 + 파생 전체,부스팅
XGBoost,35,0.00014866529090795666,0.05428764851373096,0.0,0.0,0.2,0.08064516129032258,1.0,0.04201680672268908,0.5614035087719298,E2 앞쪽 부품 안 (pair_pos=0),공정 값 23 + 파생 전체,부스팅
XGBoost,36,0.026965444907546043,0.06629188224019292,0.0,0.4,0.4,0.13793103448275862,0.4,0.08333333333333333,0.5469026548672566,E2 앞쪽 부품 안 (pair_pos=0),공정 값 23 + 파생 전체,부스팅
XGBoost,37,0.15722618997097015,0.053721024103332946,0.0,0.0,0.25,0.0,0.0,0.0,0.6337719298245614,E2 앞쪽 부품 안 (pair_pos=0),공정 값 23 + 파생 전체,부스팅
XGBoost,38,0.003236552467569709,0.037812229917782415,0.0,0.0,0.2,0.05555555555555555,0.4,0.029850746268656716,0.35575221238938054,E2 앞쪽 부품 안 (pair_pos=0),공정 값 23 + 파생 전체,부스팅
XGBoost,39,0.00494237570092082,0.07166556168143857,0.25,0.5,0.5,0.08108108108108109,0.75,0.04285714285714286,0.6578947368421053,E2 앞쪽 부품 안 (pair_pos=0),공정 값 23 + 파생 전체,부스팅
XGBoost,40,9.045618207892403e-05,0.05776638514573128,0.0,0.0,0.2,0.08130081300813008,1.0,0.0423728813559322,0.5807017543859649,E2 앞쪽 부품 안 (pair_pos=0),공정 값 23 + 파생 전체,부스팅
XGBoost,41,0.00014553067740052938,0.031065613600660333,0.0,0.0,0.0,0.05,0.75,0.02586206896551724,0.32456140350877194,E2 앞쪽 부품 안 (pair_pos=0),공정 값 23 + 파생 전체,부스팅
XGBoost,42,0.00018285868281964213,0.05298053563801708,0.0,0.2,0.2,0.08403361344537816,1.0,0.043859649122807015,0.5238938053097346,E2 앞쪽 부품 안 (pair_pos=0),공정 값 23 + 파생 전체,부스팅
XGBoost,43,0.02372090518474579,0.07555763714068263,0.2,0.4,0.4,0.11428571428571428,0.4,0.06666666666666667,0.5858407079646017,E2 앞쪽 부품 안 (pair_pos=0),공정 값 23 + 파생 전체,부스팅
XGBoost,44,0.00011687162623275071,0.06663387992834219,0.25,0.25,0.25,0.06557377049180328,1.0,0.03389830508474576,0.42543859649122806,E2 앞쪽 부품 안 (pair_pos=0),공정 값 23 + 파생 전체,부스팅
XGBoost,45,0.12355937063694,0.04316075581753073,0.0,0.0,0.0,0.0,0.0,0.0,0.43508771929824563,E2 앞쪽 부품 안 (pair_pos=0),공정 값 23 + 파생 전체,부스팅
XGBoost,46,0.019351257011294365,0.06641338785735337,0.25,0.25,0.5,0.10526315789473684,0.5,0.058823529411764705,0.5745614035087719,E2 앞쪽 부품 안 (pair_pos=0),공정 값 23 + 파생 전체,부스팅
XGBoost,47,0.00456567807123065,0.029578475397904393,0.0,0.0,0.0,0.030303030303030304,0.25,0.016129032258064516,0.3135964912280702,E2 앞쪽 부품 안 (pair_pos=0),공정 값 23 + 파생 전체,부스팅
XGBoost,48,7.953977910801768e-05,0.07329618001046573,0.0,0.4,0.4,0.08196721311475409,1.0,0.042735042735042736,0.5787610619469026,E2 앞쪽 부품 안 (pair_pos=0),공정 값 23 + 파생 전체,부스팅
XGBoost,49,0.00042661739280447364,0.06371253052718924,0.0,0.2,0.2,0.08620689655172414,1.0,0.04504504504504504,0.6353982300884955,E2 앞쪽 부품 안 (pair_pos=0),공정 값 23 + 파생 전체,부스팅
LightGBM,0,0.0019215793644568684,0.03368439091265178,0.0,0.0,0.2,0.0,0.0,0.0,0.28070175438596495,E2 앞쪽 부품 안 (pair_pos=0),공정 값 23 + 파생 전체,부스팅
LightGBM,1,0.1512886602415668,0.06505438245406794,0.25,0.25,0.25,0.0,0.0,0.0,0.381578947368421,E2 앞쪽 부품 안 (pair_pos=0),공정 값 23 + 파생 전체,부스팅
LightGBM,2,0.01287845143431894,0.03247897712361124,0.0,0.0,0.25,0.0,0.0,0.0,0.34210526315789475,E2 앞쪽 부품 안 (pair_pos=0),공정 값 23 + 파생 전체,부스팅
LightGBM,3,0.0008570531686392894,0.035620093333207446,0.0,0.0,0.0,0.0,0.0,0.0,0.3221238938053097,E2 앞쪽 부품 안 (pair_pos=0),공정 값 23 + 파생 전체,부스팅
LightGBM,4,1.9168228533319246e-05,0.19360221903700164,0.2,0.6,0.8,0.1,1.0,0.05263157894736842,0.7699115044247787,E2 앞쪽 부품 안 (pair_pos=0),공정 값 23 + 파생 전체,부스팅
LightGBM,5,1.8551336210004463e-05,0.05656791240052102,0.0,0.0,0.4,0.10204081632653061,1.0,0.053763440860215055,0.5684210526315789,E2 앞쪽 부품 안 (pair_pos=0),공정 값 23 + 파생 전체,부스팅
LightGBM,6,2.155493540598872e-05,0.0462429120175599,0.0,0.2,0.4,0.07058823529411765,0.6,0.0375,0.4123893805309734,E2 앞쪽 부품 안 (pair_pos=0),공정 값 23 + 파생 전체,부스팅
LightGBM,7,1.6074667505640127e-06,0.08645413410119293,0.2,0.4,0.4,0.08196721311475409,1.0,0.042735042735042736,0.7026548672566372,E2 앞쪽 부품 안 (pair_pos=0),공정 값 23 + 파생 전체,부스팅
LightGBM,8,0.0014425550464725518,0.03424351785020265,0.0,0.0,0.25,0.0,0.0,0.0,0.4078947368421053,E2 앞쪽 부품 안 (pair_pos=0),공정 값 23 + 파생 전체,부스팅
LightGBM,9,8.984406915067583e-05,0.02969015260820883,0.0,0.0,0.0,0.0,0.0,0.0,0.293859649122807,E2 앞쪽 부품 안 (pair_pos=0),공정 값 23 + 파생 전체,부스팅
LightGBM,10,0.15296713128272116,0.037328177315661674,0.0,0.2,0.2,0.0,0.0,0.0,0.2894736842105263,E2 앞쪽 부품 안 (pair_pos=0),공정 값 23 + 파생 전체,부스팅
LightGBM,11,1.7871680825757843e-06,0.061760461760461766,0.25,0.25,0.25,0.06666666666666667,1.0,0.034482758620689655,0.5723684210526315,E2 앞쪽 부품 안 (pair_pos=0),공정 값 23 + 파생 전체,부스팅
LightGBM,12,2.5094733045311066e-06,0.053216718626201386,0.0,0.25,0.5,0.06611570247933884,1.0,0.03418803418803419,0.5,E2 앞쪽 부품 안 (pair_pos=0),공정 값 23 + 파생 전체,부스팅
LightGBM,13,6.017529206447132e-07,0.07943889808484704,0.2,0.4,0.4,0.08196721311475409,1.0,0.042735042735042736,0.6584070796460177,E2 앞쪽 부품 안 (pair_pos=0),공정 값 23 + 파생 전체,부스팅
LightGBM,14,0.001042431210359352,0.0951429272481904,0.4,0.4,0.4,0.14814814814814814,0.4,0.09090909090909091,0.695575221238938,E2 앞쪽 부품 안 (pair_pos=0),공정 값 23 + 파생 전체,부스팅
LightGBM,15,0.0020878671597357487,0.05314118629908103,0.0,0.0,0.4,0.0,0.0,0.0,0.5280701754385966,E2 앞쪽 부품 안 (pair_pos=0),공정 값 23 + 파생 전체,부스팅
LightGBM,16,1.3336050589123682e-05,0.12412077543317893,0.5,0.5,0.75,0.07920792079207921,1.0,0.041237113402061855,0.7719298245614035,E2 앞쪽 부품 안 (pair_pos=0),공정 값 23 + 파생 전체,부스팅
LightGBM,17,3.6165326933281403e-07,0.07509820286589797,0.2,0.4,0.4,0.08130081300813008,1.0,0.0423728813559322,0.6212389380530974,E2 앞쪽 부품 안 (pair_pos=0),공정 값 23 + 파생 전체,부스팅
LightGBM,18,0.0027712389836239766,0.14733821263482283,0.4,0.6,0.8,0.25,0.4,0.18181818181818182,0.704424778761062,E2 앞쪽 부품 안 (pair_pos=0),공정 값 23 + 파생 전체,부스팅
LightGBM,19,0.0007555197398582262,0.04457022862195276,0.0,0.0,0.25,0.06060606060606061,0.25,0.034482758620689655,0.5197368421052632,E2 앞쪽 부품 안 (pair_pos=0),공정 값 23 + 파생 전체,부스팅
LightGBM,20,0.0009908199072369947,0.0940447052947053,0.2,0.4,0.6,0.12121212121212122,0.4,0.07142857142857142,0.6789473684210527,E2 앞쪽 부품 안 (pair_pos=0),공정 값 23 + 파생 전체,부스팅
LightGBM,21,6.235485537639825e-06,0.08522965641952984,0.4,0.4,0.4,0.0970873786407767,1.0,0.05102040816326531,0.5911504424778761,E2 앞쪽 부품 안 (pair_pos=0),공정 값 23 + 파생 전체,부스팅
LightGBM,22,0.00940633738348652,0.03960125019907629,0.0,0.0,0.0,0.0,0.0,0.0,0.4956140350877193,E2 앞쪽 부품 안 (pair_pos=0),공정 값 23 + 파생 전체,부스팅
LightGBM,23,8.85492312131945e-05,0.10875613857158109,0.25,0.75,0.75,0.08955223880597014,0.75,0.047619047619047616,0.6710526315789473,E2 앞쪽 부품 안 (pair_pos=0),공정 값 23 + 파생 전체,부스팅
LightGBM,24,2.4807591153089297e-05,0.05441556379636875,0.0,0.2,0.4,0.07228915662650602,0.6,0.038461538461538464,0.504424778761062,E2 앞쪽 부품 안 (pair_pos=0),공정 값 23 + 파생 전체,부스팅
LightGBM,25,5.917750560562326e-05,0.09568442355256807,0.4,0.4,0.4,0.05,0.4,0.02666666666666667,0.5192982456140351,E2 앞쪽 부품 안 (pair_pos=0),공정 값 23 + 파생 전체,부스팅
LightGBM,26,4.74372987818978e-06,0.15166393889798147,0.25,0.5,0.5,0.07142857142857142,1.0,0.037037037037037035,0.6951754385964912,E2 앞쪽 부품 안 (pair_pos=0),공정 값 23 + 파생 전체,부스팅
LightGBM,27,0.0005927427682354241,0.05254822865645444,0.0,0.0,0.4,0.11764705882352941,0.4,0.06896551724137931,0.5008849557522124,E2 앞쪽 부품 안 (pair_pos=0),공정 값 23 + 파생 전체,부스팅
LightGBM,28,9.090757865954553e-07,0.10377604053186451,0.2,0.4,0.6,0.08130081300813008,1.0,0.0423728813559322,0.7203539823008849,E2 앞쪽 부품 안 (pair_pos=0),공정 값 23 + 파생 전체,부스팅
LightGBM,29,6.30840430283234e-05,0.059980179704016916,0.25,0.25,0.5,0.0625,0.5,0.03333333333333333,0.5745614035087719,E2 앞쪽 부품 안 (pair_pos=0),공정 값 23 + 파생 전체,부스팅
LightGBM,30,7.874028625811404e-07,0.18997738801862513,0.4,0.4,0.4,0.08130081300813008,1.0,0.0423728813559322,0.605263157894737,E2 앞쪽 부품 안 (pair_pos=0),공정 값 23 + 파생 전체,부스팅
LightGBM,31,5.602439087051876e-07,0.06412698412698413,0.0,0.4,0.6,0.08264462809917356,1.0,0.04310344827586207,0.5451327433628319,E2 앞쪽 부품 안 (pair_pos=0),공정 값 23 + 파생 전체,부스팅
LightGBM,32,1.0260383192695997e-05,0.07054473304473305,0.25,0.5,0.5,0.05555555555555555,0.75,0.028846153846153848,0.5877192982456141,E2 앞쪽 부품 안 (pair_pos=0),공정 값 23 + 파생 전체,부스팅
LightGBM,33,0.0004225514785088005,0.03821301247771836,0.0,0.0,0.25,0.047619047619047616,0.25,0.02631578947368421,0.46929824561403505,E2 앞쪽 부품 안 (pair_pos=0),공정 값 23 + 파생 전체,부스팅
LightGBM,34,0.00010042650531359285,0.05013428696540651,0.0,0.0,0.2,0.1111111111111111,0.8,0.05970149253731343,0.5185840707964602,E2 앞쪽 부품 안 (pair_pos=0),공정 값 23 + 파생 전체,부스팅
LightGBM,35,0.0006911130201285379,0.052034257009287085,0.0,0.0,0.2,0.05555555555555555,0.2,0.03225806451612903,0.5333333333333333,E2 앞쪽 부품 안 (pair_pos=0),공정 값 23 + 파생 전체,부스팅
LightGBM,36,2.3120945441534573e-06,0.12296244154212867,0.2,0.6,0.6,0.08403361344537816,1.0,0.043859649122807015,0.6407079646017699,E2 앞쪽 부품 안 (pair_pos=0),공정 값 23 + 파생 전체,부스팅
LightGBM,37,9.509273314199797e-05,0.056415218622071245,0.0,0.5,0.5,0.06060606060606061,0.5,0.03225806451612903,0.5504385964912281,E2 앞쪽 부품 안 (pair_pos=0),공정 값 23 + 파생 전체,부스팅
LightGBM,38,2.1815490241110792e-05,0.046440570560839556,0.0,0.2,0.4,0.075,0.6,0.04,0.4389380530973451,E2 앞쪽 부품 안 (pair_pos=0),공정 값 23 + 파생 전체,부스팅
LightGBM,39,1.8354783604906935e-05,0.10082972582972582,0.25,0.75,0.75,0.08,1.0,0.041666666666666664,0.7631578947368421,E2 앞쪽 부품 안 (pair_pos=0),공정 값 23 + 파생 전체,부스팅
LightGBM,40,0.0009019508231560756,0.07109686883945644,0.0,0.2,0.4,0.12903225806451613,0.4,0.07692307692307693,0.6631578947368422,E2 앞쪽 부품 안 (pair_pos=0),공정 값 23 + 파생 전체,부스팅
LightGBM,41,0.2593584859098204,0.03982597582369388,0.0,0.25,0.25,0.0,0.0,0.0,0.38377192982456143,E2 앞쪽 부품 안 (pair_pos=0),공정 값 23 + 파생 전체,부스팅
LightGBM,42,1.0886803864566052e-06,0.04777107129323878,0.0,0.2,0.2,0.08333333333333333,1.0,0.043478260869565216,0.49380530973451325,E2 앞쪽 부품 안 (pair_pos=0),공정 값 23 + 파생 전체,부스팅
LightGBM,43,4.0351380165936375e-06,0.11207547726535069,0.4,0.4,0.4,0.08333333333333333,1.0,0.043478260869565216,0.6690265486725664,E2 앞쪽 부품 안 (pair_pos=0),공정 값 23 + 파생 전체,부스팅
LightGBM,44,0.0004919522524156621,0.2757665945165945,0.25,0.25,0.25,0.05555555555555555,0.25,0.03125,0.45614035087719296,E2 앞쪽 부품 안 (pair_pos=0),공정 값 23 + 파생 전체,부스팅
LightGBM,45,0.0009052870760846844,0.04571416220418995,0.0,0.0,0.0,0.0,0.0,0.0,0.4666666666666667,E2 앞쪽 부품 안 (pair_pos=0),공정 값 23 + 파생 전체,부스팅
LightGBM,46,0.16925105834558263,0.09050026201188992,0.5,0.5,0.5,0.0,0.0,0.0,0.5328947368421052,E2 앞쪽 부품 안 (pair_pos=0),공정 값 23 + 파생 전체,부스팅
LightGBM,47,4.58177893917847e-05,0.03403103988210371,0.0,0.0,0.0,0.05,0.5,0.02631578947368421,0.41228070175438597,E2 앞쪽 부품 안 (pair_pos=0),공정 값 23 + 파생 전체,부스팅
LightGBM,48,3.1571289024482382e-06,0.09892499748313702,0.2,0.4,0.6,0.08264462809917356,1.0,0.04310344827586207,0.7221238938053097,E2 앞쪽 부품 안 (pair_pos=0),공정 값 23 + 파생 전체,부스팅
LightGBM,49,1.4631048103081325e-05,0.07046580494856357,0.0,0.0,0.6,0.0970873786407767,1.0,0.05102040816326531,0.6513274336283186,E2 앞쪽 부품 안 (pair_pos=0),공정 값 23 + 파생 전체,부스팅
CatBoost,0,0.011504008955316405,0.03416970572091094,0.0,0.0,0.2,0.041666666666666664,0.2,0.023255813953488372,0.28771929824561404,E2 앞쪽 부품 안 (pair_pos=0),공정 값 23 + 파생 전체,부스팅
CatBoost,1,0.0631223590580615,0.029664943810625746,0.0,0.0,0.0,0.0,0.0,0.0,0.3157894736842105,E2 앞쪽 부품 안 (pair_pos=0),공정 값 23 + 파생 전체,부스팅
CatBoost,2,0.12361378801393705,0.03479835568651358,0.0,0.0,0.0,0.0,0.0,0.0,0.4232456140350877,E2 앞쪽 부품 안 (pair_pos=0),공정 값 23 + 파생 전체,부스팅
CatBoost,3,0.05669503938822855,0.037669129612879965,0.0,0.0,0.0,0.0,0.0,0.0,0.3610619469026549,E2 앞쪽 부품 안 (pair_pos=0),공정 값 23 + 파생 전체,부스팅
CatBoost,4,0.002576040106528766,0.12375825928457508,0.2,0.4,0.6,0.11627906976744186,1.0,0.06172839506172839,0.7504424778761061,E2 앞쪽 부품 안 (pair_pos=0),공정 값 23 + 파생 전체,부스팅
CatBoost,5,0.006007174249195629,0.03827298175124262,0.0,0.0,0.0,0.08108108108108109,0.6,0.043478260869565216,0.37719298245614036,E2 앞쪽 부품 안 (pair_pos=0),공정 값 23 + 파생 전체,부스팅
CatBoost,6,0.05612880494086777,0.041395459895612476,0.0,0.0,0.2,0.0,0.0,0.0,0.39469026548672564,E2 앞쪽 부품 안 (pair_pos=0),공정 값 23 + 파생 전체,부스팅
CatBoost,7,0.00021831395949593332,0.05577716694154297,0.2,0.2,0.2,0.08196721311475409,1.0,0.042735042735042736,0.49557522123893805,E2 앞쪽 부품 안 (pair_pos=0),공정 값 23 + 파생 전체,부스팅
CatBoost,8,0.289081126544674,0.02929889505684273,0.0,0.0,0.0,0.0,0.0,0.0,0.3114035087719298,E2 앞쪽 부품 안 (pair_pos=0),공정 값 23 + 파생 전체,부스팅
CatBoost,9,0.012050419023514442,0.03173618978509354,0.0,0.0,0.25,0.05,0.25,0.027777777777777776,0.3442982456140351,E2 앞쪽 부품 안 (pair_pos=0),공정 값 23 + 파생 전체,부스팅
CatBoost,10,0.026567387670456792,0.03741612410730058,0.0,0.0,0.2,0.0,0.0,0.0,0.3298245614035088,E2 앞쪽 부품 안 (pair_pos=0),공정 값 23 + 파생 전체,부스팅
CatBoost,11,0.028234242070283203,0.06568587818587819,0.0,0.25,0.5,0.08,0.25,0.047619047619047616,0.6578947368421053,E2 앞쪽 부품 안 (pair_pos=0),공정 값 23 + 파생 전체,부스팅
CatBoost,12,0.004395541228099363,0.05218761501656238,0.25,0.25,0.25,0.05405405405405406,0.5,0.02857142857142857,0.4451754385964913,E2 앞쪽 부품 안 (pair_pos=0),공정 값 23 + 파생 전체,부스팅
CatBoost,13,0.0001540584907565987,0.08265384030773909,0.2,0.4,0.4,0.08130081300813008,1.0,0.0423728813559322,0.6141592920353982,E2 앞쪽 부품 안 (pair_pos=0),공정 값 23 + 파생 전체,부스팅
CatBoost,14,0.0020737416303396603,0.15016042780748665,0.2,0.2,0.2,0.09803921568627451,1.0,0.05154639175257732,0.6353982300884955,E2 앞쪽 부품 안 (pair_pos=0),공정 값 23 + 파생 전체,부스팅
CatBoost,15,0.05617438052115078,0.05864753796255344,0.2,0.2,0.4,0.11764705882352941,0.2,0.08333333333333333,0.5105263157894737,E2 앞쪽 부품 안 (pair_pos=0),공정 값 23 + 파생 전체,부스팅
CatBoost,16,0.005930661698880091,0.1994625190258752,0.5,0.75,0.75,0.09090909090909091,0.75,0.04838709677419355,0.8004385964912281,E2 앞쪽 부품 안 (pair_pos=0),공정 값 23 + 파생 전체,부스팅
CatBoost,17,8.343285489598878e-05,0.1432051282051282,0.2,0.2,0.2,0.08130081300813008,1.0,0.0423728813559322,0.5486725663716814,E2 앞쪽 부품 안 (pair_pos=0),공정 값 23 + 파생 전체,부스팅
CatBoost,18,0.057312385920712756,0.05720114388535441,0.0,0.2,0.2,0.0,0.0,0.0,0.5203539823008849,E2 앞쪽 부품 안 (pair_pos=0),공정 값 23 + 파생 전체,부스팅
CatBoost,19,0.01117901760447921,0.03681572709855309,0.0,0.0,0.25,0.038461538461538464,0.25,0.020833333333333332,0.4342105263157895,E2 앞쪽 부품 안 (pair_pos=0),공정 값 23 + 파생 전체,부스팅
CatBoost,20,0.00028387774205110717,0.24203742203742204,0.4,0.4,0.4,0.08264462809917356,1.0,0.04310344827586207,0.7070175438596491,E2 앞쪽 부품 안 (pair_pos=0),공정 값 23 + 파생 전체,부스팅
CatBoost,21,0.0005432979169515875,0.10093374385684023,0.4,0.4,0.4,0.08695652173913043,1.0,0.045454545454545456,0.6442477876106194,E2 앞쪽 부품 안 (pair_pos=0),공정 값 23 + 파생 전체,부스팅
CatBoost,22,0.0021405775410071205,0.03872174775707385,0.0,0.0,0.25,0.06818181818181818,0.75,0.03571428571428571,0.4714912280701754,E2 앞쪽 부품 안 (pair_pos=0),공정 값 23 + 파생 전체,부스팅
CatBoost,23,0.010282610113449697,0.03938927767052767,0.0,0.0,0.0,0.08333333333333333,0.5,0.045454545454545456,0.4649122807017544,E2 앞쪽 부품 안 (pair_pos=0),공정 값 23 + 파생 전체,부스팅
CatBoost,24,0.0002475128375349749,0.07585351009499616,0.2,0.4,0.4,0.08196721311475409,1.0,0.042735042735042736,0.4920353982300885,E2 앞쪽 부품 안 (pair_pos=0),공정 값 23 + 파생 전체,부스팅
CatBoost,25,0.006424100757986153,0.07503517503517504,0.2,0.2,0.4,0.12121212121212122,0.8,0.06557377049180328,0.6192982456140351,E2 앞쪽 부품 안 (pair_pos=0),공정 값 23 + 파생 전체,부스팅
CatBoost,26,0.0008947112201256787,0.10348679098679098,0.25,0.75,0.75,0.07142857142857142,1.0,0.037037037037037035,0.7017543859649122,E2 앞쪽 부품 안 (pair_pos=0),공정 값 23 + 파생 전체,부스팅
CatBoost,27,0.055216980261276784,0.03318917678463655,0.0,0.0,0.0,0.0,0.0,0.0,0.26902654867256637,E2 앞쪽 부품 안 (pair_pos=0),공정 값 23 + 파생 전체,부스팅
CatBoost,28,0.07344008582213882,0.08280252157780862,0.2,0.4,0.4,0.13333333333333333,0.2,0.1,0.55929203539823,E2 앞쪽 부품 안 (pair_pos=0),공정 값 23 + 파생 전체,부스팅
CatBoost,29,8.901793169695265e-05,0.1136846405228758,0.25,0.25,0.25,0.06557377049180328,1.0,0.03389830508474576,0.5197368421052632,E2 앞쪽 부품 안 (pair_pos=0),공정 값 23 + 파생 전체,부스팅
CatBoost,30,0.00035867535461929257,0.17101588938666323,0.2,0.6,0.6,0.06837606837606838,0.8,0.03571428571428571,0.6280701754385964,E2 앞쪽 부품 안 (pair_pos=0),공정 값 23 + 파생 전체,부스팅
CatBoost,31,0.00047336481232532933,0.08233356165009087,0.2,0.4,0.6,0.07142857142857142,0.8,0.037383177570093455,0.6070796460176991,E2 앞쪽 부품 안 (pair_pos=0),공정 값 23 + 파생 전체,부스팅
CatBoost,32,0.019729119678963444,0.0581145954316686,0.0,0.25,0.5,0.07142857142857142,0.25,0.041666666666666664,0.5592105263157895,E2 앞쪽 부품 안 (pair_pos=0),공정 값 23 + 파생 전체,부스팅
CatBoost,33,0.0387462414506832,0.03368374577553794,0.0,0.0,0.0,0.0,0.0,0.0,0.3815789473684211,E2 앞쪽 부품 안 (pair_pos=0),공정 값 23 + 파생 전체,부스팅
CatBoost,34,0.01390943178055732,0.06065244279529993,0.2,0.2,0.2,0.04,0.2,0.022222222222222223,0.5663716814159292,E2 앞쪽 부품 안 (pair_pos=0),공정 값 23 + 파생 전체,부스팅
CatBoost,35,0.13979652023244146,0.040774090107423444,0.0,0.0,0.0,0.0,0.0,0.0,0.41578947368421054,E2 앞쪽 부품 안 (pair_pos=0),공정 값 23 + 파생 전체,부스팅
CatBoost,36,0.0027350102857363135,0.08880716631734482,0.2,0.4,0.6,0.08333333333333333,0.8,0.04395604395604396,0.6300884955752213,E2 앞쪽 부품 안 (pair_pos=0),공정 값 23 + 파생 전체,부스팅
CatBoost,37,0.09947086675591393,0.04055624813912791,0.0,0.0,0.25,0.0,0.0,0.0,0.5043859649122807,E2 앞쪽 부품 안 (pair_pos=0),공정 값 23 + 파생 전체,부스팅
CatBoost,38,0.0012123353626651953,0.0416895927477334,0.0,0.0,0.2,0.07920792079207921,0.8,0.041666666666666664,0.40707964601769914,E2 앞쪽 부품 안 (pair_pos=0),공정 값 23 + 파생 전체,부스팅
CatBoost,39,0.0008838771162867427,0.13844407573185163,0.5,0.5,0.5,0.07207207207207207,1.0,0.037383177570093455,0.7017543859649122,E2 앞쪽 부품 안 (pair_pos=0),공정 값 23 + 파생 전체,부스팅
CatBoost,40,0.03612197525801518,0.053388606175608075,0.0,0.0,0.4,0.0,0.0,0.0,0.5456140350877192,E2 앞쪽 부품 안 (pair_pos=0),공정 값 23 + 파생 전체,부스팅
CatBoost,41,0.6211125776937448,0.04023388766074404,0.0,0.25,0.25,0.0,0.0,0.0,0.34210526315789475,E2 앞쪽 부품 안 (pair_pos=0),공정 값 23 + 파생 전체,부스팅
CatBoost,42,0.00017925385445264467,0.062234342664877304,0.0,0.2,0.2,0.08196721311475409,1.0,0.042735042735042736,0.5876106194690265,E2 앞쪽 부품 안 (pair_pos=0),공정 값 23 + 파생 전체,부스팅
CatBoost,43,0.057765320443316705,0.1670234409553295,0.4,0.6,0.8,0.23529411764705882,0.4,0.16666666666666666,0.7876106194690266,E2 앞쪽 부품 안 (pair_pos=0),공정 값 23 + 파생 전체,부스팅
CatBoost,44,0.00025447891203560203,0.05565811555981779,0.25,0.25,0.25,0.06611570247933884,1.0,0.03418803418803419,0.5043859649122807,E2 앞쪽 부품 안 (pair_pos=0),공정 값 23 + 파생 전체,부스팅
CatBoost,45,0.010889746255499114,0.04425531914893617,0.0,0.0,0.0,0.06896551724137931,0.4,0.03773584905660377,0.4578947368421053,E2 앞쪽 부품 안 (pair_pos=0),공정 값 23 + 파생 전체,부스팅
CatBoost,46,0.05154571879952253,0.11598179812465527,0.5,0.5,0.5,0.14285714285714285,0.5,0.08333333333333333,0.6337719298245615,E2 앞쪽 부품 안 (pair_pos=0),공정 값 23 + 파생 전체,부스팅
CatBoost,47,0.0082241400339028,0.04252034941433393,0.0,0.25,0.25,0.027777777777777776,0.25,0.014705882352941176,0.49122807017543857,E2 앞쪽 부품 안 (pair_pos=0),공정 값 23 + 파생 전체,부스팅
CatBoost,48,0.015032371302799063,0.061759193871572624,0.0,0.2,0.4,0.07142857142857142,0.2,0.043478260869565216,0.6070796460176991,E2 앞쪽 부품 안 (pair_pos=0),공정 값 23 + 파생 전체,부스팅
CatBoost,49,0.0005881892738715682,0.07584088245116125,0.2,0.4,0.6,0.08264462809917356,1.0,0.04310344827586207,0.5610619469026548,E2 앞쪽 부품 안 (pair_pos=0),공정 값 23 + 파생 전체,부스팅
[기준] 무작위,0,0.9460270628173303,0.06920072247579459,0.2,0.4,0.6,0.16666666666666666,0.2,0.14285714285714285,0.6112554112554113,E1 전체 기간,-,기준선
[기준] 쌍 순서 규칙,0,1.0,0.03202760437573434,0.0,0.0,0.2,0.08130081300813008,1.0,0.0423728813559322,0.6285714285714287,E1 전체 기간,-,기준선
[기준] 샷 순서,0,-205.0,0.026005547624210507,0.0,0.2,0.4,0.0449438202247191,0.4,0.023809523809523808,0.4701298701298701,E1 전체 기간,-,기준선
[기준] 무작위,1,0.7336728840899482,0.02076792135619637,0.0,0.0,0.0,0.0,0.0,0.0,0.41298701298701296,E1 전체 기간,-,기준선
[기준] 쌍 순서 규칙,1,1.0,0.16426579363352217,0.4,0.4,0.4,0.04878048780487805,0.6,0.025423728813559324,0.6251082251082252,E1 전체 기간,-,기준선
[기준] 샷 순서,1,-173.0,0.01845954030405899,0.0,0.0,0.0,0.0,0.0,0.0,0.33766233766233766,E1 전체 기간,-,기준선
[기준] 무작위,2,0.24851944189715403,0.030918214740618018,0.2,0.2,0.4,0.047337278106508875,0.8,0.024390243902439025,0.5133047210300429,E1 전체 기간,-,기준선
[기준] 쌍 순서 규칙,2,1.0,0.07425001937533907,0.2,0.8,1.0,0.08064516129032258,1.0,0.04201680672268908,0.8437768240343347,E1 전체 기간,-,기준선
[기준] 샷 순서,2,-205.0,0.027922963587416343,0.0,0.2,0.4,0.04597701149425287,0.4,0.024390243902439025,0.5278969957081545,E1 전체 기간,-,기준선
[기준] 무작위,3,0.9862186152409016,0.024914223997554767,0.2,0.2,0.2,0.0,0.0,0.0,0.3090909090909091,E1 전체 기간,-,기준선
[기준] 쌍 순서 규칙,3,1.0,0.15417184265010353,0.6,0.6,0.6,0.08130081300813008,1.0,0.0423728813559322,0.8069264069264069,E1 전체 기간,-,기준선
[기준] 샷 순서,3,560.0,0.01669405505286065,0.0,0.0,0.0,0.0,0.0,0.0,0.270995670995671,E1 전체 기간,-,기준선
[기준] 무작위,4,0.9117973806309597,0.021037028707452016,0.0,0.0,0.0,0.0,0.0,0.0,0.4233766233766234,E1 전체 기간,-,기준선
[기준] 쌍 순서 규칙,4,1.0,0.11911650194669061,0.4,0.6,0.6,0.08130081300813008,1.0,0.0423728813559322,0.8043290043290043,E1 전체 기간,-,기준선
[기준] 샷 순서,4,-231.0,0.031830950231205794,0.0,0.2,0.6,0.06060606060606061,0.6,0.031914893617021274,0.5619047619047619,E1 전체 기간,-,기준선
[기준] 무작위,5,0.8657070171740358,0.03627472576173703,0.2,0.2,0.2,0.05128205128205128,0.2,0.029411764705882353,0.4692640692640693,E1 전체 기간,-,기준선
[기준] 쌍 순서 규칙,5,1.0,0.0650204068049623,0.4,0.6,0.8,0.08130081300813008,1.0,0.0423728813559322,0.8008658008658008,E1 전체 기간,-,기준선
[기준] 샷 순서,5,-161.0,0.01613654225379413,0.0,0.0,0.0,0.0,0.0,0.0,0.24761904761904766,E1 전체 기간,-,기준선
[기준] 무작위,6,0.03898610972517569,0.017252777433538816,0.0,0.0,0.0,0.04291845493562232,1.0,0.021929824561403508,0.2995670995670996,E1 전체 기간,-,기준선
[기준] 쌍 순서 규칙,6,1.0,0.08867812219227314,0.6,0.6,0.6,0.06504065040650407,0.8,0.03389830508474576,0.6883116883116884,E1 전체 기간,-,기준선
[기준] 샷 순서,6,560.0,0.015800499424354818,0.0,0.0,0.0,0.0,0.0,0.0,0.21991341991341995,E1 전체 기간,-,기준선
[기준] 무작위,7,0.9327163968763805,0.12283636750630983,0.2,0.4,0.4,0.10526315789473684,0.2,0.07142857142857142,0.5278969957081545,E1 전체 기간,-,기준선
[기준] 쌍 순서 규칙,7,1.0,0.03728695197472943,0.0,0.2,0.2,0.08064516129032258,1.0,0.04201680672268908,0.672961373390558,E1 전체 기간,-,기준선
[기준] 샷 순서,7,560.0,0.018658907900063495,0.0,0.0,0.2,0.0,0.0,0.0,0.35965665236051503,E1 전체 기간,-,기준선
[기준] 무작위,8,0.7079475235254107,0.058274997839426156,0.2,0.2,0.4,0.06060606060606061,0.4,0.03278688524590164,0.7125541125541126,E1 전체 기간,-,기준선
[기준] 쌍 순서 규칙,8,1.0,0.058896964191081834,0.2,0.4,0.4,0.08130081300813008,1.0,0.0423728813559322,0.7220779220779221,E1 전체 기간,-,기준선
[기준] 샷 순서,8,-205.0,0.020051935031412456,0.0,0.0,0.2,0.024096385542168676,0.2,0.01282051282051282,0.3991341991341991,E1 전체 기간,-,기준선
[기준] 무작위,9,0.9786700505017666,0.018458812302193005,0.0,0.0,0.0,0.0,0.0,0.0,0.3489177489177489,E1 전체 기간,-,기준선
[기준] 쌍 순서 규칙,9,1.0,0.08055921166368928,0.2,0.6,0.6,0.06504065040650407,0.8,0.03389830508474576,0.7376623376623377,E1 전체 기간,-,기준선
[기준] 샷 순서,9,-205.0,0.03173799674279061,0.0,0.2,0.4,0.0449438202247191,0.4,0.023809523809523808,0.5922077922077922,E1 전체 기간,-,기준선
[기준] 무작위,10,0.6993677131805128,0.021543519700564683,0.0,0.0,0.0,0.0,0.0,0.0,0.43636363636363634,E1 전체 기간,-,기준선
[기준] 쌍 순서 규칙,10,1.0,0.05425253322094586,0.2,0.2,0.2,0.06504065040650407,0.8,0.03389830508474576,0.6822510822510823,E1 전체 기간,-,기준선
[기준] 샷 순서,10,-173.0,0.02358845752173329,0.0,0.0,0.2,0.0,0.0,0.0,0.4909090909090909,E1 전체 기간,-,기준선
[기준] 무작위,11,0.9724101662405522,0.12111239637555427,0.2,0.2,0.2,0.25,0.2,0.3333333333333333,0.5376623376623377,E1 전체 기간,-,기준선
[기준] 쌍 순서 규칙,11,1.0,0.0907311563154874,0.2,0.2,0.8,0.08130081300813008,1.0,0.0423728813559322,0.7670995670995672,E1 전체 기간,-,기준선
[기준] 샷 순서,11,-205.0,0.03133657702418313,0.0,0.2,0.6,0.06060606060606061,0.6,0.031914893617021274,0.5445887445887446,E1 전체 기간,-,기준선
[기준] 무작위,12,0.6773533749831646,0.03363713594127259,0.2,0.2,0.4,0.04878048780487805,0.4,0.025974025974025976,0.5793991416309012,E1 전체 기간,-,기준선
[기준] 쌍 순서 규칙,12,1.0,0.07757759784075574,0.2,0.4,0.8,0.08064516129032258,1.0,0.04201680672268908,0.8188841201716738,E1 전체 기간,-,기준선
[기준] 샷 순서,12,-155.0,0.02202682733423746,0.0,0.0,0.4,0.0,0.0,0.0,0.40858369098712444,E1 전체 기간,-,기준선
[기준] 무작위,13,0.970126223609659,0.03924657080994201,0.2,0.2,0.2,0.0,0.0,0.0,0.49264069264069266,E1 전체 기간,-,기준선
[기준] 쌍 순서 규칙,13,1.0,0.06927743765534965,0.4,0.6,0.6,0.06504065040650407,0.8,0.03389830508474576,0.7835497835497836,E1 전체 기간,-,기준선
[기준] 샷 순서,13,560.0,0.016252467703900438,0.0,0.0,0.0,0.0,0.0,0.0,0.251948051948052,E1 전체 기간,-,기준선
[기준] 무작위,14,0.27174825728354,0.02672173704431769,0.0,0.2,0.4,0.043478260869565216,0.8,0.0223463687150838,0.4623376623376624,E1 전체 기간,-,기준선
[기준] 쌍 순서 규칙,14,1.0,0.046451214168825944,0.0,0.2,0.6,0.08130081300813008,1.0,0.0423728813559322,0.7489177489177489,E1 전체 기간,-,기준선
[기준] 샷 순서,14,-205.0,0.02407662747787593,0.0,0.2,0.2,0.043010752688172046,0.4,0.022727272727272728,0.4692640692640693,E1 전체 기간,-,기준선
[기준] 무작위,15,0.9709474133391497,0.0386856280973928,0.0,0.2,0.6,0.0,0.0,0.0,0.683982683982684,E1 전체 기간,-,기준선
[기준] 쌍 순서 규칙,15,1.0,0.09991224319426628,0.6,0.6,0.8,0.08130081300813008,1.0,0.0423728813559322,0.8337662337662338,E1 전체 기간,-,기준선
[기준] 샷 순서,15,560.0,0.01640905940220845,0.0,0.0,0.0,0.0,0.0,0.0,0.25974025974025977,E1 전체 기간,-,기준선
[기준] 무작위,16,0.7577234870405377,0.01766392466528719,0.0,0.0,0.0,0.0,0.0,0.0,0.3212121212121212,E1 전체 기간,-,기준선
[기준] 쌍 순서 규칙,16,1.0,0.034195488218930314,0.2,0.2,0.2,0.06504065040650407,0.8,0.03389830508474576,0.5688311688311689,E1 전체 기간,-,기준선
[기준] 샷 순서,16,-173.0,0.027487201307007707,0.0,0.0,0.2,0.025974025974025976,0.2,0.013888888888888888,0.5428571428571429,E1 전체 기간,-,기준선
[기준] 무작위,17,0.8831244949364413,0.03335776917127087,0.0,0.2,0.4,0.047619047619047616,0.2,0.02702702702702703,0.5957081545064378,E1 전체 기간,-,기준선
[기준] 쌍 순서 규칙,17,1.0,0.0819591239451734,0.2,0.4,0.6,0.08064516129032258,1.0,0.04201680672268908,0.8008583690987124,E1 전체 기간,-,기준선
[기준] 샷 순서,17,-205.0,0.020059530164152774,0.0,0.2,0.2,0.02247191011235955,0.2,0.011904761904761904,0.36309012875536484,E1 전체 기간,-,기준선
[기준] 무작위,18,0.1558570130813327,0.04523515485391033,0.2,0.2,0.4,0.04830917874396135,1.0,0.024752475247524754,0.6242424242424243,E1 전체 기간,-,기준선
[기준] 쌍 순서 규칙,18,1.0,0.15826206376561827,0.4,0.4,0.4,0.06504065040650407,0.8,0.03389830508474576,0.6415584415584417,E1 전체 기간,-,기준선
[기준] 샷 순서,18,-205.0,0.019396056300081066,0.0,0.0,0.0,0.0,0.0,0.0,0.37662337662337664,E1 전체 기간,-,기준선
[기준] 무작위,19,0.8593111185979744,0.024018497737874574,0.0,0.2,0.2,0.05714285714285714,0.2,0.03333333333333333,0.41645021645021646,E1 전체 기간,-,기준선
[기준] 쌍 순서 규칙,19,1.0,0.0527559677069481,0.2,0.4,0.6,0.08130081300813008,1.0,0.0423728813559322,0.7610389610389611,E1 전체 기간,-,기준선
[기준] 샷 순서,19,-486.0,0.03921822568419148,0.0,0.4,0.6,0.03940886699507389,0.8,0.020202020202020204,0.6303030303030304,E1 전체 기간,-,기준선
[기준] 무작위,20,0.4731479457652856,0.021636283201500593,0.0,0.2,0.2,0.015503875968992248,0.2,0.008064516129032258,0.2987012987012987,E1 전체 기간,-,기준선
[기준] 쌍 순서 규칙,20,1.0,0.0603418225527759,0.0,0.6,0.8,0.08130081300813008,1.0,0.0423728813559322,0.7818181818181817,E1 전체 기간,-,기준선
[기준] 샷 순서,20,-231.0,0.02719633136609298,0.0,0.0,0.2,0.046511627906976744,0.6,0.024193548387096774,0.5367965367965368,E1 전체 기간,-,기준선
[기준] 무작위,21,0.9640033528477151,0.03555558894677737,0.2,0.2,0.2,0.125,0.2,0.09090909090909091,0.45108225108225114,E1 전체 기간,-,기준선
[기준] 쌍 순서 규칙,21,1.0,0.06983178816781165,0.2,0.6,0.8,0.08130081300813008,1.0,0.0423728813559322,0.7956709956709956,E1 전체 기간,-,기준선
[기준] 샷 순서,21,-205.0,0.027412088190531304,0.0,0.4,0.4,0.043010752688172046,0.4,0.022727272727272728,0.4666666666666667,E1 전체 기간,-,기준선
[기준] 무작위,22,0.9168502019367646,0.0560019259606706,0.2,0.4,0.8,0.0,0.0,0.0,0.7871244635193133,E1 전체 기간,-,기준선
[기준] 쌍 순서 규칙,22,1.0,0.05918244679831628,0.2,0.6,0.6,0.08064516129032258,1.0,0.04201680672268908,0.7905579399141631,E1 전체 기간,-,기준선
[기준] 샷 순서,22,-173.0,0.038640894350571775,0.0,0.4,0.6,0.057971014492753624,0.4,0.03125,0.6412017167381974,E1 전체 기간,-,기준선
[기준] 무작위,23,0.9914039701481674,0.02768211673384087,0.0,0.2,0.2,0.0,0.0,0.0,0.5506493506493506,E1 전체 기간,-,기준선
[기준] 쌍 순서 규칙,23,1.0,0.05045956575957225,0.2,0.4,0.8,0.06504065040650407,0.8,0.03389830508474576,0.6857142857142857,E1 전체 기간,-,기준선
[기준] 샷 순서,23,-161.0,0.030144017292470487,0.0,0.2,0.4,0.03636363636363636,0.2,0.02,0.5489177489177489,E1 전체 기간,-,기준선
[기준] 무작위,24,0.07373187899997424,0.03040506060671223,0.0,0.2,0.4,0.045662100456621,1.0,0.02336448598130841,0.5826839826839827,E1 전체 기간,-,기준선
[기준] 쌍 순서 규칙,24,1.0,0.05364540392769153,0.2,0.2,0.6,0.06504065040650407,0.8,0.03389830508474576,0.6484848484848486,E1 전체 기간,-,기준선
[기준] 샷 순서,24,-173.0,0.022760641319886702,0.0,0.0,0.2,0.025974025974025976,0.2,0.013888888888888888,0.4597402597402598,E1 전체 기간,-,기준선
[기준] 무작위,25,0.7393850856245608,0.03302915977346513,0.0,0.2,0.4,0.057971014492753624,0.4,0.03125,0.6268398268398269,E1 전체 기간,-,기준선
[기준] 쌍 순서 규칙,25,1.0,0.05005189146365617,0.2,0.4,0.4,0.06504065040650407,0.8,0.03389830508474576,0.6935064935064935,E1 전체 기간,-,기준선
[기준] 샷 순서,25,-205.0,0.034590884247575095,0.0,0.4,0.4,0.04597701149425287,0.4,0.024390243902439025,0.5922077922077922,E1 전체 기간,-,기준선
[기준] 무작위,26,0.9907713912887152,0.2542601835487971,0.4,0.6,0.6,0.25,0.2,0.3333333333333333,0.7246753246753246,E1 전체 기간,-,기준선
[기준] 쌍 순서 규칙,26,1.0,0.04558982336663399,0.4,0.4,0.4,0.06504065040650407,0.8,0.03389830508474576,0.6207792207792208,E1 전체 기간,-,기준선
[기준] 샷 순서,26,560.0,0.017011024832898708,0.0,0.0,0.0,0.0,0.0,0.0,0.2865800865800866,E1 전체 기간,-,기준선
[기준] 무작위,27,0.9599184278665827,0.02307114548513251,0.0,0.0,0.0,0.0,0.0,0.0,0.46866952789699573,E1 전체 기간,-,기준선
[기준] 쌍 순서 규칙,27,1.0,0.040930128527612804,0.0,0.2,0.4,0.08064516129032258,1.0,0.04201680672268908,0.7167381974248928,E1 전체 기간,-,기준선
[기준] 샷 순서,27,-231.0,0.03692920365091044,0.0,0.4,0.6,0.06060606060606061,0.6,0.031914893617021274,0.601716738197425,E1 전체 기간,-,기준선
[기준] 무작위,28,0.9850918656677436,0.0519107889843923,0.2,0.2,0.2,0.0,0.0,0.0,0.5800865800865801,E1 전체 기간,-,기준선
[기준] 쌍 순서 규칙,28,1.0,0.07818100598588404,0.4,0.6,0.6,0.08130081300813008,1.0,0.0423728813559322,0.7974025974025973,E1 전체 기간,-,기준선
[기준] 샷 순서,28,-205.0,0.017850211996233926,0.0,0.0,0.2,0.024691358024691357,0.2,0.013157894736842105,0.30822510822510824,E1 전체 기간,-,기준선
[기준] 무작위,29,0.18900728371360698,0.019736219097888124,0.0,0.0,0.0,0.03,0.6,0.015384615384615385,0.3731601731601732,E1 전체 기간,-,기준선
[기준] 쌍 순서 규칙,29,1.0,0.05509903525996756,0.2,0.4,0.8,0.08130081300813008,1.0,0.0423728813559322,0.767965367965368,E1 전체 기간,-,기준선
[기준] 샷 순서,29,-205.0,0.021753471710436817,0.0,0.0,0.4,0.039603960396039604,0.4,0.020833333333333332,0.4233766233766234,E1 전체 기간,-,기준선
[기준] 무작위,30,0.6190451843306092,0.07915100981026457,0.2,0.2,0.6,0.07317073170731707,0.6,0.03896103896103896,0.6727272727272727,E1 전체 기간,-,기준선
[기준] 쌍 순서 규칙,30,1.0,0.05656450469170006,0.2,0.6,0.8,0.08130081300813008,1.0,0.0423728813559322,0.7835497835497836,E1 전체 기간,-,기준선
[기준] 샷 순서,30,-231.0,0.034735321312991216,0.0,0.2,0.6,0.0761904761904762,0.8,0.04,0.6138528138528139,E1 전체 기간,-,기준선
[기준] 무작위,31,0.7152113791792961,0.024524137459806746,0.0,0.0,0.2,0.03076923076923077,0.2,0.016666666666666666,0.5012987012987012,E1 전체 기간,-,기준선
[기준] 쌍 순서 규칙,31,1.0,0.033559812629420115,0.0,0.2,0.6,0.06504065040650407,0.8,0.03389830508474576,0.6121212121212121,E1 전체 기간,-,기준선
[기준] 샷 순서,31,-173.0,0.034465321494742567,0.0,0.2,0.4,0.05970149253731343,0.4,0.03225806451612903,0.6329004329004329,E1 전체 기간,-,기준선
[기준] 무작위,32,0.01459393860910696,0.029719789467277928,0.0,0.2,0.4,0.04184100418410042,1.0,0.021367521367521368,0.5605150214592275,E1 전체 기간,-,기준선
[기준] 쌍 순서 규칙,32,1.0,0.030805770337107116,0.0,0.2,0.2,0.06451612903225806,0.8,0.03361344537815126,0.6094420600858369,E1 전체 기간,-,기준선
[기준] 샷 순서,32,-205.0,0.022056022141687476,0.0,0.0,0.0,0.019801980198019802,0.2,0.010416666666666666,0.4532188841201717,E1 전체 기간,-,기준선
[기준] 무작위,33,0.41988230475542,0.035984522401248276,0.2,0.2,0.4,0.05714285714285714,0.8,0.02962962962962963,0.5835497835497836,E1 전체 기간,-,기준선
[기준] 쌍 순서 규칙,33,1.0,0.03780160315961646,0.0,0.2,0.6,0.08130081300813008,1.0,0.0423728813559322,0.6839826839826839,E1 전체 기간,-,기준선
[기준] 샷 순서,33,-205.0,0.019432805288199635,0.0,0.2,0.2,0.024096385542168676,0.2,0.01282051282051282,0.29783549783549784,E1 전체 기간,-,기준선
[기준] 무작위,34,0.9434071205257778,0.03386570163703552,0.0,0.2,0.4,0.0,0.0,0.0,0.6181818181818182,E1 전체 기간,-,기준선
[기준] 쌍 순서 규칙,34,1.0,0.04158154371504738,0.0,0.2,0.6,0.08130081300813008,1.0,0.0423728813559322,0.7142857142857143,E1 전체 기간,-,기준선
[기준] 샷 순서,34,560.0,0.01863090973501664,0.0,0.0,0.0,0.0,0.0,0.0,0.35238095238095235,E1 전체 기간,-,기준선
[기준] 무작위,35,0.9603157190787772,0.023208199469973077,0.0,0.2,0.2,0.0,0.0,0.0,0.43376623376623374,E1 전체 기간,-,기준선
[기준] 쌍 순서 규칙,35,1.0,0.08093559846996932,0.2,0.4,0.4,0.06504065040650407,0.8,0.03389830508474576,0.6857142857142857,E1 전체 기간,-,기준선
[기준] 샷 순서,35,-205.0,0.03218303465693487,0.0,0.2,0.4,0.05194805194805195,0.4,0.027777777777777776,0.61991341991342,E1 전체 기간,-,기준선
[기준] 무작위,36,0.9367385508636794,0.014686122617757154,0.0,0.0,0.0,0.0,0.0,0.0,0.18008658008658007,E1 전체 기간,-,기준선
[기준] 쌍 순서 규칙,36,1.0,0.05553284877140633,0.2,0.4,0.4,0.06504065040650407,0.8,0.03389830508474576,0.6432900432900434,E1 전체 기간,-,기준선
[기준] 샷 순서,36,-173.0,0.028072971591090658,0.0,0.2,0.4,0.05333333333333334,0.4,0.02857142857142857,0.49523809523809526,E1 전체 기간,-,기준선
[기준] 무작위,37,0.9370990976895225,0.01933234914584411,0.0,0.2,0.2,0.0,0.0,0.0,0.32789699570815456,E1 전체 기간,-,기준선
[기준] 쌍 순서 규칙,37,1.0,0.23221778221778222,0.6,0.8,1.0,0.08064516129032258,1.0,0.04201680672268908,0.9064377682403434,E1 전체 기간,-,기준선
[기준] 샷 순서,37,-205.0,0.022356425573534247,0.0,0.0,0.4,0.041237113402061855,0.4,0.021739130434782608,0.4377682403433476,E1 전체 기간,-,기준선
[기준] 무작위,38,0.9369038228417845,0.02734817511816109,0.0,0.2,0.2,0.0,0.0,0.0,0.5393939393939394,E1 전체 기간,-,기준선
[기준] 쌍 순서 규칙,38,1.0,0.04715570779663852,0.0,0.4,0.6,0.08130081300813008,1.0,0.0423728813559322,0.7272727272727273,E1 전체 기간,-,기준선
[기준] 샷 순서,38,-173.0,0.033449679135355403,0.0,0.4,0.4,0.05194805194805195,0.4,0.027777777777777776,0.6103896103896105,E1 전체 기간,-,기준선
[기준] 무작위,39,0.8276822211848412,0.04520044228087922,0.0,0.4,0.8,0.0,0.0,0.0,0.7056277056277056,E1 전체 기간,-,기준선
[기준] 쌍 순서 규칙,39,1.0,0.2463613052901493,0.4,0.8,1.0,0.08130081300813008,1.0,0.0423728813559322,0.8727272727272728,E1 전체 기간,-,기준선
[기준] 샷 순서,39,-205.0,0.02831779935602762,0.2,0.2,0.4,0.04597701149425287,0.4,0.024390243902439025,0.47186147186147187,E1 전체 기간,-,기준선
[기준] 무작위,40,0.8881805638470583,0.017515621123868546,0.0,0.0,0.0,0.0,0.0,0.0,0.3151515151515152,E1 전체 기간,-,기준선
[기준] 쌍 순서 규칙,40,1.0,0.03141528899081497,0.0,0.0,0.2,0.08130081300813008,1.0,0.0423728813559322,0.6216450216450217,E1 전체 기간,-,기준선
[기준] 샷 순서,40,-173.0,0.023684177292498672,0.0,0.2,0.2,0.029850746268656716,0.2,0.016129032258064516,0.4398268398268399,E1 전체 기간,-,기준선
[기준] 무작위,41,0.9631870495502834,0.042852779389323435,0.2,0.4,0.4,0.0,0.0,0.0,0.6441558441558441,E1 전체 기간,-,기준선
[기준] 쌍 순서 규칙,41,1.0,0.03158952318934079,0.0,0.2,0.4,0.06504065040650407,0.8,0.03389830508474576,0.6017316017316018,E1 전체 기간,-,기준선
[기준] 샷 순서,41,-173.0,0.026230488527445014,0.0,0.2,0.4,0.029850746268656716,0.2,0.016129032258064516,0.49350649350649356,E1 전체 기간,-,기준선
[기준] 무작위,42,0.9928581837187576,0.042378356986101554,0.2,0.2,0.4,0.0,0.0,0.0,0.6454935622317597,E1 전체 기간,-,기준선
[기준] 쌍 순서 규칙,42,1.0,0.02714576301381165,0.0,0.0,0.2,0.06451612903225806,0.8,0.03361344537815126,0.5605150214592275,E1 전체 기간,-,기준선
[기준] 샷 순서,42,560.0,0.01778742488738145,0.0,0.0,0.0,0.0,0.0,0.0,0.33047210300429186,E1 전체 기간,-,기준선
[기준] 무작위,43,0.8880069553097054,0.06849492218703733,0.2,0.8,0.8,0.05263157894736842,0.2,0.030303030303030304,0.8277056277056277,E1 전체 기간,-,기준선
[기준] 쌍 순서 규칙,43,1.0,0.07618341803124412,0.2,0.4,0.6,0.08130081300813008,1.0,0.0423728813559322,0.7766233766233767,E1 전체 기간,-,기준선
[기준] 샷 순서,43,-155.0,0.02323994797586347,0.0,0.0,0.4,0.0,0.0,0.0,0.44502164502164504,E1 전체 기간,-,기준선
[기준] 무작위,44,0.909926349042522,0.02993226411831063,0.0,0.0,0.6,0.0,0.0,0.0,0.5497835497835498,E1 전체 기간,-,기준선
[기준] 쌍 순서 규칙,44,1.0,0.05457194688087232,0.2,0.4,0.4,0.08130081300813008,1.0,0.0423728813559322,0.7047619047619048,E1 전체 기간,-,기준선
[기준] 샷 순서,44,-205.0,0.03091820808590995,0.0,0.2,0.4,0.056074766355140186,0.6,0.029411764705882353,0.5688311688311688,E1 전체 기간,-,기준선
[기준] 무작위,45,0.9128295141008868,0.08395488569401613,0.2,0.6,0.6,0.10526315789473684,0.2,0.07142857142857142,0.6173160173160173,E1 전체 기간,-,기준선
[기준] 쌍 순서 규칙,45,1.0,0.07530539035211933,0.4,0.4,0.6,0.08130081300813008,1.0,0.0423728813559322,0.7835497835497836,E1 전체 기간,-,기준선
[기준] 샷 순서,45,560.0,0.018662650186895974,0.0,0.0,0.0,0.0,0.0,0.0,0.35151515151515156,E1 전체 기간,-,기준선
[기준] 무작위,46,0.7596302853600779,0.037195415870573956,0.2,0.2,0.2,0.034482758620689655,0.2,0.018867924528301886,0.3748917748917749,E1 전체 기간,-,기준선
[기준] 쌍 순서 규칙,46,1.0,0.06314496147710688,0.4,0.6,0.6,0.06504065040650407,0.8,0.03389830508474576,0.7471861471861472,E1 전체 기간,-,기준선
[기준] 샷 순서,46,-205.0,0.027806136373791944,0.0,0.2,0.4,0.0449438202247191,0.4,0.023809523809523808,0.5064935064935066,E1 전체 기간,-,기준선
[기준] 무작위,47,0.9579570868610767,0.05745302605626492,0.2,0.4,0.6,0.09523809523809523,0.2,0.0625,0.5879828326180258,E1 전체 기간,-,기준선
[기준] 쌍 순서 규칙,47,1.0,0.03397786404886487,0.0,0.2,0.4,0.08064516129032258,1.0,0.04201680672268908,0.6575107296137339,E1 전체 기간,-,기준선
[기준] 샷 순서,47,-173.0,0.0239813811628072,0.0,0.2,0.2,0.028169014084507043,0.2,0.015151515151515152,0.44377682403433477,E1 전체 기간,-,기준선
[기준] 무작위,48,0.9198763497518778,0.0168064554315407,0.0,0.0,0.0,0.0,0.0,0.0,0.2787878787878788,E1 전체 기간,-,기준선
[기준] 쌍 순서 규칙,48,1.0,0.05254533419269426,0.2,0.2,0.2,0.06504065040650407,0.8,0.03389830508474576,0.612987012987013,E1 전체 기간,-,기준선
[기준] 샷 순서,48,-173.0,0.026043329011917995,0.0,0.2,0.2,0.02666666666666667,0.2,0.014285714285714285,0.47619047619047616,E1 전체 기간,-,기준선
[기준] 무작위,49,0.7651277383306492,0.263882642454071,0.4,0.4,0.4,0.06896551724137931,0.4,0.03773584905660377,0.5601731601731601,E1 전체 기간,-,기준선
[기준] 쌍 순서 규칙,49,1.0,0.06801323787497421,0.2,0.6,0.8,0.08130081300813008,1.0,0.0423728813559322,0.8199134199134199,E1 전체 기간,-,기준선
[기준] 샷 순서,49,-205.0,0.02758554852595312,0.0,0.2,0.4,0.05063291139240506,0.4,0.02702702702702703,0.5402597402597402,E1 전체 기간,-,기준선
로지스틱 L2,0,0.5212062121532721,0.02686956984398349,0.0,0.2,0.2,0.025974025974025976,0.2,0.013888888888888888,0.4779220779220779,E1 전체 기간,공정 값 23,선형
로지스틱 L2,1,0.01003593399855101,0.019835647451264454,0.0,0.0,0.2,0.04184100418410042,1.0,0.021367521367521368,0.38181818181818183,E1 전체 기간,공정 값 23,선형
로지스틱 L2,2,0.7668848568242849,0.015620693212066838,0.0,0.0,0.0,0.0,0.0,0.0,0.23862660944206007,E1 전체 기간,공정 값 23,선형
로지스틱 L2,3,0.024915527967042085,0.02909272109927982,0.0,0.2,0.4,0.04149377593360996,1.0,0.0211864406779661,0.5471861471861472,E1 전체 기간,공정 값 23,선형
로지스틱 L2,4,0.7152663658414402,0.03576957685599298,0.0,0.2,0.4,0.0,0.0,0.0,0.6597402597402597,E1 전체 기간,공정 값 23,선형
로지스틱 L2,5,0.011042686424269803,0.022643281651368787,0.0,0.0,0.2,0.04184100418410042,1.0,0.021367521367521368,0.4727272727272728,E1 전체 기간,공정 값 23,선형
로지스틱 L2,6,0.1789190440040136,0.019951249667912542,0.0,0.0,0.0,0.04371584699453552,0.8,0.02247191011235955,0.38787878787878793,E1 전체 기간,공정 값 23,선형
로지스틱 L2,7,0.00011783529854308652,0.035883142786127864,0.2,0.2,0.2,0.0411522633744856,1.0,0.02100840336134454,0.41373390557939915,E1 전체 기간,공정 값 23,선형
로지스틱 L2,8,0.7992503615449943,0.027440584154165337,0.0,0.2,0.4,0.0,0.0,0.0,0.5246753246753246,E1 전체 기간,공정 값 23,선형
로지스틱 L2,9,0.8056606756753751,0.017184074132577037,0.0,0.0,0.0,0.0,0.0,0.0,0.29783549783549784,E1 전체 기간,공정 값 23,선형
로지스틱 L2,10,0.6726915599052307,0.03097717593774551,0.0,0.4,0.4,0.0,0.0,0.0,0.5541125541125541,E1 전체 기간,공정 값 23,선형
로지스틱 L2,11,0.8756691131922316,0.05203997058678009,0.4,0.4,0.4,0.0,0.0,0.0,0.6303030303030304,E1 전체 기간,공정 값 23,선형
로지스틱 L2,12,0.7252104075592817,0.023166658114847458,0.0,0.0,0.2,0.0,0.0,0.0,0.4798283261802575,E1 전체 기간,공정 값 23,선형
로지스틱 L2,13,0.8394228545864035,0.017410340748365154,0.0,0.0,0.0,0.0,0.0,0.0,0.29610389610389615,E1 전체 기간,공정 값 23,선형
로지스틱 L2,14,0.8666914924174832,0.019330889644589042,0.0,0.0,0.2,0.0,0.0,0.0,0.35844155844155845,E1 전체 기간,공정 값 23,선형
로지스틱 L2,15,0.0009160110816648716,0.02917744841473655,0.0,0.2,0.4,0.04184100418410042,1.0,0.021367521367521368,0.5168831168831169,E1 전체 기간,공정 값 23,선형
로지스틱 L2,16,0.002492286596842377,0.03751635896797187,0.0,0.4,0.6,0.04149377593360996,1.0,0.0211864406779661,0.6008658008658008,E1 전체 기간,공정 값 23,선형
로지스틱 L2,17,0.6577069310915815,0.023392222076858753,0.0,0.2,0.2,0.044444444444444446,0.2,0.025,0.4240343347639485,E1 전체 기간,공정 값 23,선형
로지스틱 L2,18,0.00031973172181154626,0.028231234562576896,0.0,0.0,0.4,0.04184100418410042,1.0,0.021367521367521368,0.5731601731601732,E1 전체 기간,공정 값 23,선형
로지스틱 L2,19,0.7485144698701877,0.024866460806836556,0.2,0.2,0.2,0.0,0.0,0.0,0.4069264069264069,E1 전체 기간,공정 값 23,선형
로지스틱 L2,20,0.006701460671695942,0.03079927751334937,0.0,0.2,0.4,0.04149377593360996,1.0,0.0211864406779661,0.5774891774891775,E1 전체 기간,공정 값 23,선형
로지스틱 L2,21,0.9321396397342572,0.015712543919857935,0.0,0.0,0.0,0.0,0.0,0.0,0.22597402597402594,E1 전체 기간,공정 값 23,선형
로지스틱 L2,22,0.4980165355085228,0.019988603782905047,0.0,0.0,0.2,0.031746031746031744,0.2,0.017241379310344827,0.3896995708154507,E1 전체 기간,공정 값 23,선형
로지스틱 L2,23,0.013849635349793882,0.046438952094851556,0.0,0.4,0.6,0.04184100418410042,1.0,0.021367521367521368,0.7428571428571429,E1 전체 기간,공정 값 23,선형
로지스틱 L2,24,0.01250806308002759,0.023808394809220798,0.0,0.2,0.2,0.04149377593360996,1.0,0.0211864406779661,0.41818181818181815,E1 전체 기간,공정 값 23,선형
로지스틱 L2,25,0.5947093567661159,0.01894042202772338,0.0,0.0,0.0,0.0,0.0,0.0,0.3532467532467533,E1 전체 기간,공정 값 23,선형
로지스틱 L2,26,0.6770921555273742,0.03048530859710045,0.0,0.2,0.4,0.04081632653061224,0.2,0.022727272727272728,0.5835497835497836,E1 전체 기간,공정 값 23,선형
로지스틱 L2,27,0.9249684200667324,0.01625000246672121,0.0,0.0,0.0,0.0,0.0,0.0,0.26781115879828327,E1 전체 기간,공정 값 23,선형
로지스틱 L2,28,0.002396874973915777,0.021182197484927015,0.0,0.0,0.2,0.04149377593360996,1.0,0.0211864406779661,0.4303030303030303,E1 전체 기간,공정 값 23,선형
로지스틱 L2,29,0.9672080588431747,0.01611540682241456,0.0,0.0,0.0,0.0,0.0,0.0,0.2476190476190476,E1 전체 기간,공정 값 23,선형
로지스틱 L2,30,0.8664106776788276,0.025725915924274336,0.0,0.2,0.4,0.0,0.0,0.0,0.4961038961038961,E1 전체 기간,공정 값 23,선형
로지스틱 L2,31,0.044095826821685113,0.09024058753112328,0.2,0.2,0.4,0.04184100418410042,1.0,0.021367521367521368,0.5705627705627706,E1 전체 기간,공정 값 23,선형
로지스틱 L2,32,0.014227331083967882,0.0393566816255262,0.2,0.2,0.4,0.0411522633744856,1.0,0.02100840336134454,0.6695278969957081,E1 전체 기간,공정 값 23,선형
로지스틱 L2,33,0.2993006258051464,0.01740163754753722,0.0,0.0,0.0,0.025806451612903226,0.4,0.013333333333333334,0.31082251082251083,E1 전체 기간,공정 값 23,선형
로지스틱 L2,34,0.20095426213079953,0.015396868509411982,0.0,0.0,0.0,0.012903225806451613,0.2,0.006666666666666667,0.21904761904761905,E1 전체 기간,공정 값 23,선형
로지스틱 L2,35,0.8873113601253707,0.021295987563802996,0.0,0.0,0.2,0.0,0.0,0.0,0.4354978354978355,E1 전체 기간,공정 값 23,선형
로지스틱 L2,36,0.0014988607093764151,0.03329250499498193,0.2,0.2,0.4,0.04149377593360996,1.0,0.0211864406779661,0.4822510822510823,E1 전체 기간,공정 값 23,선형
로지스틱 L2,37,0.09242948111265267,0.01944381158630111,0.0,0.0,0.0,0.043668122270742356,1.0,0.022321428571428572,0.38626609442060084,E1 전체 기간,공정 값 23,선형
로지스틱 L2,38,0.8633823606517851,0.015921497316949914,0.0,0.0,0.0,0.0,0.0,0.0,0.24155844155844156,E1 전체 기간,공정 값 23,선형
로지스틱 L2,39,0.016928479209703782,0.017491332435848314,0.0,0.0,0.2,0.04329004329004329,1.0,0.022123893805309734,0.28051948051948056,E1 전체 기간,공정 값 23,선형
로지스틱 L2,40,0.010125953660173785,0.028557813664959204,0.2,0.2,0.2,0.04149377593360996,1.0,0.0211864406779661,0.48658008658008656,E1 전체 기간,공정 값 23,선형
로지스틱 L2,41,0.08325067801337577,0.037033647094904004,0.2,0.4,0.6,0.0365296803652968,0.8,0.018691588785046728,0.5393939393939393,E1 전체 기간,공정 값 23,선형
로지스틱 L2,42,0.7153840094760713,0.02016029642434137,0.0,0.0,0.0,0.0,0.0,0.0,0.3785407725321888,E1 전체 기간,공정 값 23,선형
로지스틱 L2,43,0.8464045146270397,0.024351029082023523,0.0,0.0,0.2,0.0,0.0,0.0,0.5073593073593073,E1 전체 기간,공정 값 23,선형
로지스틱 L2,44,0.1571767699644379,0.024531438096873415,0.0,0.2,0.2,0.04608294930875576,1.0,0.02358490566037736,0.4943722943722944,E1 전체 기간,공정 값 23,선형
로지스틱 L2,45,0.021117493746283553,0.021560387809911066,0.0,0.0,0.0,0.04149377593360996,1.0,0.0211864406779661,0.4181818181818182,E1 전체 기간,공정 값 23,선형
로지스틱 L2,46,0.0006839404679951203,0.020351672128864344,0.0,0.0,0.2,0.04149377593360996,1.0,0.0211864406779661,0.4077922077922078,E1 전체 기간,공정 값 23,선형
로지스틱 L2,47,0.00018178184018243174,0.028275467513087384,0.0,0.2,0.4,0.0411522633744856,1.0,0.02100840336134454,0.5236051502145923,E1 전체 기간,공정 값 23,선형
로지스틱 L2,48,0.8873426629273307,0.024144170103115266,0.0,0.2,0.4,0.0,0.0,0.0,0.3939393939393939,E1 전체 기간,공정 값 23,선형
로지스틱 L2,49,0.0003323536662927157,0.02536748502646936,0.0,0.0,0.2,0.04149377593360996,1.0,0.0211864406779661,0.5272727272727273,E1 전체 기간,공정 값 23,선형
랜덤포레스트,0,0.16019894704966983,0.04275579975579976,0.2,0.4,0.4,0.07017543859649122,0.4,0.038461538461538464,0.6874458874458874,E1 전체 기간,공정 값 23,트리
랜덤포레스트,1,0.35215218972857015,0.02120669959348918,0.0,0.0,0.2,0.0,0.0,0.0,0.41645021645021646,E1 전체 기간,공정 값 23,트리
랜덤포레스트,2,0.07987694243825415,0.01748585162764267,0.0,0.2,0.2,0.016260162601626018,0.2,0.00847457627118644,0.2626609442060086,E1 전체 기간,공정 값 23,트리
랜덤포레스트,3,0.006007936507936507,0.02707217160136292,0.0,0.0,0.4,0.04184100418410042,1.0,0.021367521367521368,0.5402597402597402,E1 전체 기간,공정 값 23,트리
랜덤포레스트,4,0.5382607838126858,0.03178970654423462,0.0,0.2,0.4,0.0,0.0,0.0,0.5956709956709957,E1 전체 기간,공정 값 23,트리
랜덤포레스트,5,0.028965488808166153,0.03581267141568649,0.2,0.2,0.6,0.04145077720207254,0.8,0.02127659574468085,0.5783549783549784,E1 전체 기간,공정 값 23,트리
랜덤포레스트,6,0.05809385965437604,0.034238442788478485,0.2,0.4,0.4,0.031496062992125984,0.4,0.01639344262295082,0.5437229437229437,E1 전체 기간,공정 값 23,트리
랜덤포레스트,7,0.3293084993512254,0.03486737158539104,0.0,0.2,0.4,0.0,0.0,0.0,0.6472103004291846,E1 전체 기간,공정 값 23,트리
랜덤포레스트,8,0.1491964037822785,0.039452583514239525,0.2,0.4,0.6,0.05128205128205128,0.2,0.029411764705882353,0.5506493506493506,E1 전체 기간,공정 값 23,트리
랜덤포레스트,9,0.20046968143824007,0.0644266574248584,0.2,0.4,0.4,0.09302325581395349,0.4,0.05263157894736842,0.4606060606060606,E1 전체 기간,공정 값 23,트리
랜덤포레스트,10,0.1321715987127269,0.018013321544399205,0.0,0.0,0.0,0.0,0.0,0.0,0.3341991341991342,E1 전체 기간,공정 값 23,트리
랜덤포레스트,11,0.36627783568526784,0.02182888524836507,0.0,0.0,0.0,0.0,0.0,0.0,0.45541125541125543,E1 전체 기간,공정 값 23,트리
랜덤포레스트,12,0.21495132245132414,0.030721070352649302,0.0,0.2,0.4,0.0,0.0,0.0,0.5416309012875536,E1 전체 기간,공정 값 23,트리
랜덤포레스트,13,0.13552960650045973,0.032298069092066575,0.2,0.2,0.2,0.021052631578947368,0.2,0.011111111111111112,0.3878787878787879,E1 전체 기간,공정 값 23,트리
랜덤포레스트,14,0.31392018186118426,0.024749549388928174,0.0,0.0,0.2,0.0,0.0,0.0,0.49004329004329006,E1 전체 기간,공정 값 23,트리
랜덤포레스트,15,0.045329352550350484,0.10005516154452325,0.2,0.4,0.6,0.05405405405405406,1.0,0.027777777777777776,0.7038961038961039,E1 전체 기간,공정 값 23,트리
랜덤포레스트,16,0.3374722881484604,0.020578628865947003,0.0,0.0,0.0,0.0,0.0,0.0,0.4051948051948052,E1 전체 기간,공정 값 23,트리
랜덤포레스트,17,0.1541181467293699,0.028885166760760486,0.0,0.2,0.2,0.03389830508474576,0.2,0.018518518518518517,0.5854077253218885,E1 전체 기간,공정 값 23,트리
랜덤포레스트,18,0.17063764947267704,0.03096881484719518,0.0,0.2,0.6,0.0,0.0,0.0,0.5783549783549784,E1 전체 기간,공정 값 23,트리
랜덤포레스트,19,0.15418923048048983,0.03275644536079855,0.0,0.2,0.6,0.0,0.0,0.0,0.5974025974025974,E1 전체 기간,공정 값 23,트리
랜덤포레스트,20,0.035588627210003485,0.03751011515717398,0.2,0.2,0.4,0.05405405405405406,1.0,0.027777777777777776,0.5601731601731602,E1 전체 기간,공정 값 23,트리
랜덤포레스트,21,0.149596658430196,0.03282759797776483,0.2,0.2,0.4,0.03636363636363636,0.2,0.02,0.4199134199134199,E1 전체 기간,공정 값 23,트리
랜덤포레스트,22,0.030538859780682368,0.020385526593719214,0.0,0.0,0.0,0.03314917127071823,0.6,0.017045454545454544,0.4017167381974249,E1 전체 기간,공정 값 23,트리
랜덤포레스트,23,0.020421271964750225,0.10569042730717637,0.4,0.4,0.6,0.044444444444444446,1.0,0.022727272727272728,0.6614718614718615,E1 전체 기간,공정 값 23,트리
랜덤포레스트,24,0.46929681491455444,0.03092912076127445,0.2,0.2,0.2,0.0,0.0,0.0,0.4268398268398269,E1 전체 기간,공정 값 23,트리
랜덤포레스트,25,0.2631150511869958,0.01879757163217661,0.0,0.0,0.0,0.0,0.0,0.0,0.35324675324675325,E1 전체 기간,공정 값 23,트리
랜덤포레스트,26,0.03235082403242479,0.026187801296026405,0.0,0.2,0.2,0.04878048780487805,1.0,0.025,0.5021645021645021,E1 전체 기간,공정 값 23,트리
랜덤포레스트,27,0.015023846558998181,0.12104700854700855,0.2,0.2,0.4,0.034934497816593885,0.8,0.017857142857142856,0.5064377682403434,E1 전체 기간,공정 값 23,트리
랜덤포레스트,28,0.25848922352130627,0.022373496321418523,0.0,0.2,0.2,0.0,0.0,0.0,0.37662337662337664,E1 전체 기간,공정 값 23,트리
랜덤포레스트,29,0.12887416573255747,0.02423908191381855,0.0,0.2,0.4,0.05333333333333334,0.4,0.02857142857142857,0.42077922077922075,E1 전체 기간,공정 값 23,트리
랜덤포레스트,30,0.1133589887707084,0.024171726856290612,0.0,0.0,0.0,0.0380952380952381,0.4,0.02,0.503030303030303,E1 전체 기간,공정 값 23,트리
랜덤포레스트,31,0.44455445457425874,0.032176748748618,0.0,0.2,0.6,0.0,0.0,0.0,0.5376623376623377,E1 전체 기간,공정 값 23,트리
랜덤포레스트,32,0.017795349154370137,0.12557313999116448,0.2,0.2,0.4,0.046948356807511735,1.0,0.02403846153846154,0.6266094420600858,E1 전체 기간,공정 값 23,트리
랜덤포레스트,33,0.4271707377419969,0.02232336221697924,0.0,0.2,0.2,0.0,0.0,0.0,0.40606060606060607,E1 전체 기간,공정 값 23,트리
랜덤포레스트,34,0.684723585391858,0.03250777584988111,0.2,0.2,0.4,0.0,0.0,0.0,0.5670995670995671,E1 전체 기간,공정 값 23,트리
랜덤포레스트,35,0.2266529582591156,0.045760449044224924,0.2,0.2,0.2,0.05714285714285714,0.2,0.03333333333333333,0.5480519480519481,E1 전체 기간,공정 값 23,트리
랜덤포레스트,36,0.28808084422824093,0.02828919744293315,0.0,0.2,0.4,0.0,0.0,0.0,0.4805194805194805,E1 전체 기간,공정 값 23,트리
랜덤포레스트,37,0.08338553777345928,0.05012248733178966,0.2,0.4,0.4,0.055944055944055944,0.8,0.028985507246376812,0.6386266094420601,E1 전체 기간,공정 값 23,트리
랜덤포레스트,38,0.10058461808655648,0.02064113747052658,0.0,0.0,0.2,0.020202020202020204,0.2,0.010638297872340425,0.41645021645021646,E1 전체 기간,공정 값 23,트리
랜덤포레스트,39,0.2183510949883358,0.025757899773833207,0.2,0.2,0.2,0.07407407407407407,0.2,0.045454545454545456,0.3948051948051948,E1 전체 기간,공정 값 23,트리
랜덤포레스트,40,0.04689082582986447,0.024573703284339048,0.0,0.2,0.2,0.03508771929824561,0.6,0.018072289156626505,0.4727272727272728,E1 전체 기간,공정 값 23,트리
랜덤포레스트,41,0.07024170327007524,0.03418312194904487,0.2,0.2,0.4,0.031007751937984496,0.4,0.016129032258064516,0.5307359307359307,E1 전체 기간,공정 값 23,트리
랜덤포레스트,42,0.1591718810196496,0.04477104131566374,0.2,0.2,0.4,0.04081632653061224,0.2,0.022727272727272728,0.6085836909871245,E1 전체 기간,공정 값 23,트리
랜덤포레스트,43,0.3277883499597869,0.02093792090900386,0.0,0.2,0.2,0.0,0.0,0.0,0.3913419913419913,E1 전체 기간,공정 값 23,트리
랜덤포레스트,44,0.3092716467280499,0.032515446586330814,0.0,0.4,0.4,0.0,0.0,0.0,0.5965367965367965,E1 전체 기간,공정 값 23,트리
랜덤포레스트,45,0.12802525503154402,0.027122286383787858,0.0,0.2,0.2,0.04395604395604396,0.4,0.023255813953488372,0.5480519480519481,E1 전체 기간,공정 값 23,트리
랜덤포레스트,46,0.4383144965959975,0.023229986366922785,0.0,0.0,0.4,0.0,0.0,0.0,0.4476190476190476,E1 전체 기간,공정 값 23,트리
랜덤포레스트,47,0.23804558296867792,0.01875475925777832,0.0,0.0,0.0,0.0,0.0,0.0,0.36909871244635195,E1 전체 기간,공정 값 23,트리
랜덤포레스트,48,0.3124945667411688,0.01628481785572837,0.0,0.0,0.0,0.0,0.0,0.0,0.2484848484848485,E1 전체 기간,공정 값 23,트리
랜덤포레스트,49,0.020509240225479453,0.049712227790669125,0.2,0.2,0.6,0.044444444444444446,1.0,0.022727272727272728,0.7316017316017316,E1 전체 기간,공정 값 23,트리
엑스트라트리,0,0.0471482934322009,0.03567061451353176,0.2,0.2,0.4,0.05405405405405406,1.0,0.027777777777777776,0.6320346320346321,E1 전체 기간,공정 값 23,트리
엑스트라트리,1,0.10958696230312565,0.021313685571006404,0.0,0.2,0.2,0.028985507246376812,0.2,0.015625,0.4008658008658009,E1 전체 기간,공정 값 23,트리
엑스트라트리,2,0.17112183657710442,0.018531099460289528,0.0,0.0,0.0,0.0,0.0,0.0,0.34163090128755363,E1 전체 기간,공정 값 23,트리
엑스트라트리,3,0.015107891307514535,0.024865414573637383,0.0,0.0,0.2,0.04291845493562232,1.0,0.021929824561403508,0.5177489177489177,E1 전체 기간,공정 값 23,트리
엑스트라트리,4,0.12913233818801165,0.025277359429702568,0.0,0.0,0.2,0.0,0.0,0.0,0.5281385281385281,E1 전체 기간,공정 값 23,트리
엑스트라트리,5,0.07838892364179406,0.028777127872425565,0.0,0.2,0.4,0.036036036036036036,0.4,0.018867924528301886,0.5073593073593073,E1 전체 기간,공정 값 23,트리
엑스트라트리,6,0.12443395638728788,0.02249334140498499,0.0,0.2,0.2,0.03278688524590164,0.2,0.017857142857142856,0.4502164502164502,E1 전체 기간,공정 값 23,트리
엑스트라트리,7,0.23717236089936405,0.0496379582165076,0.0,0.4,0.8,0.0,0.0,0.0,0.7587982832618025,E1 전체 기간,공정 값 23,트리
엑스트라트리,8,0.09981620214248496,0.031206191069204768,0.0,0.2,0.4,0.06451612903225806,0.6,0.03409090909090909,0.5523809523809524,E1 전체 기간,공정 값 23,트리
엑스트라트리,9,0.15768364984570898,0.034611329928091156,0.2,0.4,0.4,0.07272727272727272,0.4,0.04,0.541991341991342,E1 전체 기간,공정 값 23,트리
엑스트라트리,10,0.0647724010264569,0.01804631851865927,0.0,0.0,0.0,0.013986013986013986,0.2,0.007246376811594203,0.32900432900432897,E1 전체 기간,공정 값 23,트리
엑스트라트리,11,0.13849799386422026,0.024866847689089665,0.0,0.0,0.2,0.0,0.0,0.0,0.5177489177489178,E1 전체 기간,공정 값 23,트리
엑스트라트리,12,0.16953667939904973,0.030035339265099385,0.0,0.2,0.4,0.0,0.0,0.0,0.5502145922746781,E1 전체 기간,공정 값 23,트리
엑스트라트리,13,0.12129935205304816,0.021373796273769605,0.0,0.0,0.2,0.0449438202247191,0.4,0.023809523809523808,0.4103896103896104,E1 전체 기간,공정 값 23,트리
엑스트라트리,14,0.03955914614694192,0.040488542906671504,0.0,0.4,0.4,0.042328042328042326,0.8,0.021739130434782608,0.6147186147186147,E1 전체 기간,공정 값 23,트리
엑스트라트리,15,0.004656741964151112,0.028817245045467843,0.0,0.0,0.4,0.04149377593360996,1.0,0.0211864406779661,0.5653679653679653,E1 전체 기간,공정 값 23,트리
엑스트라트리,16,0.13591505972181037,0.03451801382166002,0.0,0.4,0.6,0.0425531914893617,0.2,0.023809523809523808,0.5939393939393939,E1 전체 기간,공정 값 23,트리
엑스트라트리,17,0.10941595953007176,0.043316079245957304,0.0,0.4,0.8,0.0898876404494382,0.8,0.047619047619047616,0.674678111587983,E1 전체 기간,공정 값 23,트리
엑스트라트리,18,0.05778268834924996,0.029364760905633547,0.0,0.0,0.4,0.0425531914893617,0.6,0.022058823529411766,0.5627705627705628,E1 전체 기간,공정 값 23,트리
엑스트라트리,19,0.005890029325513195,0.02419247572957509,0.0,0.0,0.2,0.04149377593360996,1.0,0.0211864406779661,0.48138528138528136,E1 전체 기간,공정 값 23,트리
엑스트라트리,20,0.07066917735435534,0.04133425730500976,0.2,0.2,0.6,0.05517241379310345,0.8,0.02857142857142857,0.6813852813852814,E1 전체 기간,공정 값 23,트리
엑스트라트리,21,0.132936123126965,0.0239294222374504,0.0,0.2,0.2,0.0425531914893617,0.2,0.023809523809523808,0.3922077922077922,E1 전체 기간,공정 값 23,트리
엑스트라트리,22,0.1978289363340845,0.03620688515660877,0.2,0.2,0.4,0.0,0.0,0.0,0.6283261802575107,E1 전체 기간,공정 값 23,트리
엑스트라트리,23,0.015206502172507186,0.04874851977471404,0.2,0.4,0.4,0.0425531914893617,1.0,0.021739130434782608,0.587012987012987,E1 전체 기간,공정 값 23,트리
엑스트라트리,24,0.2719471164562826,0.022283031123735288,0.0,0.2,0.2,0.0,0.0,0.0,0.4354978354978355,E1 전체 기간,공정 값 23,트리
엑스트라트리,25,0.14809544389919035,0.027082991466553113,0.2,0.2,0.2,0.03636363636363636,0.2,0.02,0.41558441558441556,E1 전체 기간,공정 값 23,트리
엑스트라트리,26,0.25076696016323474,0.024197843899319213,0.0,0.0,0.0,0.0,0.0,0.0,0.4883116883116883,E1 전체 기간,공정 값 23,트리
엑스트라트리,27,0.12945339749084578,0.02728968860174396,0.0,0.2,0.2,0.03508771929824561,0.2,0.019230769230769232,0.5304721030042918,E1 전체 기간,공정 값 23,트리
엑스트라트리,28,0.011132663671661472,0.016164391004304085,0.0,0.0,0.0,0.0425531914893617,1.0,0.021739130434782608,0.24502164502164503,E1 전체 기간,공정 값 23,트리
엑스트라트리,29,0.12792536011906575,0.02408755215289688,0.0,0.0,0.2,0.0,0.0,0.0,0.43636363636363634,E1 전체 기간,공정 값 23,트리
엑스트라트리,30,0.1836104744428647,0.037077021771006906,0.0,0.2,0.6,0.0,0.0,0.0,0.6363636363636364,E1 전체 기간,공정 값 23,트리
엑스트라트리,31,0.07273939077711426,0.027516760516554245,0.0,0.2,0.2,0.05042016806722689,0.6,0.02631578947368421,0.5116883116883117,E1 전체 기간,공정 값 23,트리
엑스트라트리,32,0.022246466220930246,0.05412644951932685,0.2,0.4,0.6,0.04484304932735426,1.0,0.022935779816513763,0.7021459227467811,E1 전체 기간,공정 값 23,트리
엑스트라트리,33,0.05325353760590011,0.016941177961939696,0.0,0.0,0.0,0.014388489208633094,0.2,0.007462686567164179,0.2935064935064935,E1 전체 기간,공정 값 23,트리
엑스트라트리,34,0.24195565351068288,0.029441441038513788,0.0,0.4,0.4,0.0,0.0,0.0,0.5359307359307359,E1 전체 기간,공정 값 23,트리
엑스트라트리,35,0.09809245025419508,0.027020026494507583,0.0,0.0,0.2,0.05128205128205128,0.6,0.026785714285714284,0.554978354978355,E1 전체 기간,공정 값 23,트리
엑스트라트리,36,0.09140934154476986,0.027240001201206464,0.2,0.2,0.2,0.022988505747126436,0.2,0.012195121951219513,0.48398268398268396,E1 전체 기간,공정 값 23,트리
엑스트라트리,37,0.1366128166132511,0.032951103599232284,0.0,0.4,0.4,0.0851063829787234,0.4,0.047619047619047616,0.5510729613733906,E1 전체 기간,공정 값 23,트리
엑스트라트리,38,0.05481860164241156,0.029568528216439557,0.0,0.0,0.2,0.05128205128205128,1.0,0.02631578947368421,0.5930735930735931,E1 전체 기간,공정 값 23,트리
엑스트라트리,39,0.10007197538899874,0.02267767846917669,0.0,0.2,0.2,0.02531645569620253,0.2,0.013513513513513514,0.4277056277056277,E1 전체 기간,공정 값 23,트리
엑스트라트리,40,0.20219324591700993,0.021323011714983315,0.0,0.0,0.0,0.0,0.0,0.0,0.4380952380952381,E1 전체 기간,공정 값 23,트리
엑스트라트리,41,0.07669309435696404,0.027413543350767445,0.0,0.2,0.4,0.03418803418803419,0.4,0.017857142857142856,0.5393939393939394,E1 전체 기간,공정 값 23,트리
엑스트라트리,42,0.22961553612450505,0.03552727604451742,0.0,0.4,0.4,0.0,0.0,0.0,0.632618025751073,E1 전체 기간,공정 값 23,트리
엑스트라트리,43,0.05926762566748074,0.02430891330891331,0.0,0.2,0.2,0.03592814371257485,0.6,0.018518518518518517,0.4536796536796537,E1 전체 기간,공정 값 23,트리
엑스트라트리,44,0.19027045386176225,0.033947433761270004,0.2,0.2,0.4,0.0,0.0,0.0,0.6155844155844156,E1 전체 기간,공정 값 23,트리
엑스트라트리,45,0.09699569431615866,0.024731392316291116,0.0,0.0,0.0,0.0594059405940594,0.6,0.03125,0.4891774891774892,E1 전체 기간,공정 값 23,트리
엑스트라트리,46,0.03165164587768876,0.0243450196065381,0.0,0.2,0.2,0.02926829268292683,0.6,0.015,0.44242424242424244,E1 전체 기간,공정 값 23,트리
엑스트라트리,47,0.13012022276300872,0.021316544616851934,0.0,0.0,0.2,0.0,0.0,0.0,0.4257510729613734,E1 전체 기간,공정 값 23,트리
엑스트라트리,48,0.15630886900754698,0.017878102032185764,0.0,0.2,0.2,0.03508771929824561,0.2,0.019230769230769232,0.2761904761904762,E1 전체 기간,공정 값 23,트리
엑스트라트리,49,0.0,0.033607430172647564,0.0,0.2,0.4,0.04149377593360996,1.0,0.0211864406779661,0.6415584415584416,E1 전체 기간,공정 값 23,트리
GradientBoosting,0,0.16448764785598324,0.041483111099081836,0.2,0.4,0.4,0.0,0.0,0.0,0.5558441558441558,E1 전체 기간,공정 값 23,부스팅
GradientBoosting,1,0.008539096508588213,0.025735630543983312,0.0,0.2,0.4,0.06349206349206349,0.4,0.034482758620689655,0.48051948051948057,E1 전체 기간,공정 값 23,부스팅
GradientBoosting,2,0.0023001786718487437,0.0186488325542034,0.0,0.2,0.2,0.031746031746031744,0.6,0.016304347826086956,0.29012875536480687,E1 전체 기간,공정 값 23,부스팅
GradientBoosting,3,0.3338379476488523,0.023891347129259183,0.0,0.2,0.2,0.0,0.0,0.0,0.4311688311688312,E1 전체 기간,공정 값 23,부스팅
GradientBoosting,4,0.028517890693321547,0.038870381431383404,0.2,0.4,0.4,0.0,0.0,0.0,0.6251082251082252,E1 전체 기간,공정 값 23,부스팅
GradientBoosting,5,0.013760588904463123,0.022415508428052802,0.0,0.0,0.0,0.0,0.0,0.0,0.4103896103896103,E1 전체 기간,공정 값 23,부스팅
GradientBoosting,6,0.00048656461831006394,0.03397740217160971,0.0,0.2,0.2,0.04149377593360996,1.0,0.0211864406779661,0.5904761904761905,E1 전체 기간,공정 값 23,부스팅
GradientBoosting,7,0.0006595805918428663,0.1258203978419306,0.2,0.2,0.4,0.0411522633744856,1.0,0.02100840336134454,0.623175965665236,E1 전체 기간,공정 값 23,부스팅
GradientBoosting,8,0.010149772764843513,0.023169440520155408,0.0,0.2,0.2,0.029850746268656716,0.2,0.016129032258064516,0.43982683982683984,E1 전체 기간,공정 값 23,부스팅
GradientBoosting,9,0.014975563786894188,0.04223592646782568,0.2,0.4,0.4,0.06557377049180328,0.4,0.03571428571428571,0.47445887445887447,E1 전체 기간,공정 값 23,부스팅
GradientBoosting,10,0.061308242281928806,0.0365596549403661,0.2,0.4,0.4,0.0,0.0,0.0,0.4848484848484849,E1 전체 기간,공정 값 23,부스팅
GradientBoosting,11,0.2284853846464838,0.025749097205938813,0.0,0.0,0.4,0.0,0.0,0.0,0.5108225108225108,E1 전체 기간,공정 값 23,부스팅
GradientBoosting,12,0.019090488306344085,0.02068014793265071,0.0,0.0,0.2,0.0,0.0,0.0,0.4128755364806867,E1 전체 기간,공정 값 23,부스팅
GradientBoosting,13,0.03602127158870516,0.038018245806481096,0.2,0.2,0.4,0.0,0.0,0.0,0.48658008658008656,E1 전체 기간,공정 값 23,부스팅
GradientBoosting,14,0.31862288342321876,0.021792304686778348,0.0,0.2,0.2,0.0,0.0,0.0,0.4086580086580086,E1 전체 기간,공정 값 23,부스팅
GradientBoosting,15,0.0001802041733325959,0.06603448214607632,0.4,0.4,0.4,0.04149377593360996,1.0,0.0211864406779661,0.4597402597402598,E1 전체 기간,공정 값 23,부스팅
GradientBoosting,16,0.013789542946764695,0.02239517696184956,0.0,0.0,0.2,0.0,0.0,0.0,0.4398268398268398,E1 전체 기간,공정 값 23,부스팅
GradientBoosting,17,0.06561603968739799,0.02089287065773699,0.0,0.2,0.2,0.0,0.0,0.0,0.37939914163090127,E1 전체 기간,공정 값 23,부스팅
GradientBoosting,18,0.006141372923085581,0.025843637331744978,0.0,0.0,0.2,0.06315789473684211,0.6,0.03333333333333333,0.5142857142857142,E1 전체 기간,공정 값 23,부스팅
GradientBoosting,19,0.0027666618077132076,0.028763963158989325,0.0,0.0,0.4,0.04020100502512563,0.8,0.020618556701030927,0.5593073593073594,E1 전체 기간,공정 값 23,부스팅
GradientBoosting,20,0.0017762776275816686,0.12485853227232538,0.2,0.4,0.4,0.04484304932735426,1.0,0.022935779816513763,0.48398268398268407,E1 전체 기간,공정 값 23,부스팅
GradientBoosting,21,0.02457921343322047,0.017842830478700042,0.0,0.0,0.2,0.0,0.0,0.0,0.31601731601731603,E1 전체 기간,공정 값 23,부스팅
GradientBoosting,22,0.018077254098435133,0.02629405488521884,0.0,0.2,0.2,0.04878048780487805,0.2,0.027777777777777776,0.48583690987124467,E1 전체 기간,공정 값 23,부스팅
GradientBoosting,23,0.0007304901710825767,0.10841084462982273,0.4,0.6,0.6,0.04149377593360996,1.0,0.0211864406779661,0.703030303030303,E1 전체 기간,공정 값 23,부스팅
GradientBoosting,24,0.0023290780717211985,0.07168034021482297,0.4,0.6,0.8,0.04926108374384237,1.0,0.025252525252525252,0.793939393939394,E1 전체 기간,공정 값 23,부스팅
GradientBoosting,25,0.06602400328696667,0.02633247429213597,0.0,0.2,0.4,0.0,0.0,0.0,0.4017316017316017,E1 전체 기간,공정 값 23,부스팅
GradientBoosting,26,0.0015976678186341202,0.07151697238035,0.2,0.4,0.6,0.043668122270742356,1.0,0.022321428571428572,0.6857142857142857,E1 전체 기간,공정 값 23,부스팅
GradientBoosting,27,0.014956880174571526,0.025946179704567043,0.0,0.2,0.4,0.044444444444444446,0.2,0.025,0.4841201716738198,E1 전체 기간,공정 값 23,부스팅
GradientBoosting,28,0.0005098850892950049,0.03934291963330076,0.2,0.2,0.4,0.04149377593360996,1.0,0.0211864406779661,0.4528138528138529,E1 전체 기간,공정 값 23,부스팅
GradientBoosting,29,0.004024692551388982,0.019214018717855035,0.0,0.0,0.2,0.027586206896551724,0.4,0.014285714285714285,0.34805194805194806,E1 전체 기간,공정 값 23,부스팅
GradientBoosting,30,0.0008676529575037449,0.024771766088349315,0.0,0.0,0.2,0.04149377593360996,1.0,0.0211864406779661,0.49090909090909096,E1 전체 기간,공정 값 23,부스팅
GradientBoosting,31,0.0009556081572620857,0.029847078714854952,0.2,0.2,0.2,0.04184100418410042,1.0,0.021367521367521368,0.47532467532467537,E1 전체 기간,공정 값 23,부스팅
GradientBoosting,32,0.0005929036983953591,0.08062867978783898,0.4,0.4,0.4,0.0411522633744856,1.0,0.02100840336134454,0.5562231759656653,E1 전체 기간,공정 값 23,부스팅
GradientBoosting,33,0.04690388208528064,0.018132078629780217,0.0,0.0,0.0,0.0,0.0,0.0,0.3142857142857143,E1 전체 기간,공정 값 23,부스팅
GradientBoosting,34,0.011078267988830954,0.03307859030684729,0.2,0.2,0.2,0.029850746268656716,0.2,0.016129032258064516,0.4008658008658008,E1 전체 기간,공정 값 23,부스팅
GradientBoosting,35,0.13099556039901172,0.03532891589422976,0.2,0.2,0.2,0.0,0.0,0.0,0.5670995670995671,E1 전체 기간,공정 값 23,부스팅
GradientBoosting,36,0.007816384729999251,0.020201470652183206,0.0,0.0,0.0,0.0,0.0,0.0,0.3974025974025974,E1 전체 기간,공정 값 23,부스팅
GradientBoosting,37,0.10921042405296717,0.022060530746881017,0.0,0.0,0.4,0.0,0.0,0.0,0.3948497854077253,E1 전체 기간,공정 값 23,부스팅
GradientBoosting,38,0.003640849931305729,0.01975136589510909,0.0,0.0,0.0,0.022857142857142857,0.4,0.011764705882352941,0.3748917748917749,E1 전체 기간,공정 값 23,부스팅
GradientBoosting,39,0.0010669284830059156,0.2139525586952418,0.2,0.2,0.2,0.026905829596412557,0.6,0.013761467889908258,0.33246753246753247,E1 전체 기간,공정 값 23,부스팅
GradientBoosting,40,0.0008568163479518091,0.024459280215869086,0.0,0.2,0.2,0.03375527426160337,0.8,0.017241379310344827,0.4173160173160173,E1 전체 기간,공정 값 23,부스팅
GradientBoosting,41,0.0016424815130833862,0.06660811171018786,0.2,0.2,0.2,0.04608294930875576,1.0,0.02358490566037736,0.438961038961039,E1 전체 기간,공정 값 23,부스팅
GradientBoosting,42,0.017584283918413334,0.033746618878197826,0.0,0.4,0.4,0.0,0.0,0.0,0.5828326180257511,E1 전체 기간,공정 값 23,부스팅
GradientBoosting,43,0.038105466939417305,0.014780429715212325,0.0,0.0,0.0,0.0,0.0,0.0,0.17835497835497838,E1 전체 기간,공정 값 23,부스팅
GradientBoosting,44,0.01743115195950704,0.04048929564923884,0.2,0.4,0.6,0.05714285714285714,0.2,0.03333333333333333,0.6277056277056277,E1 전체 기간,공정 값 23,부스팅
GradientBoosting,45,0.07674428152495263,0.024365976402006675,0.0,0.0,0.4,0.0,0.0,0.0,0.4614718614718615,E1 전체 기간,공정 값 23,부스팅
GradientBoosting,46,0.4666763172946384,0.026137110877675847,0.2,0.2,0.2,0.0,0.0,0.0,0.4303030303030303,E1 전체 기간,공정 값 23,부스팅
GradientBoosting,47,0.011970411167669975,0.015896276152988244,0.0,0.0,0.0,0.0,0.0,0.0,0.24549356223175967,E1 전체 기간,공정 값 23,부스팅
GradientBoosting,48,0.007278105841469841,0.03257994484539107,0.2,0.2,0.2,0.022988505747126436,0.2,0.012195121951219513,0.4008658008658009,E1 전체 기간,공정 값 23,부스팅
GradientBoosting,49,0.06739468985446259,0.02505972096951858,0.0,0.0,0.2,0.0,0.0,0.0,0.4926406926406926,E1 전체 기간,공정 값 23,부스팅
HistGradientBoosting,0,2.344897878810679e-05,0.049846355829962385,0.0,0.6,0.8,0.061068702290076333,0.8,0.031746031746031744,0.6926406926406927,E1 전체 기간,공정 값 23,부스팅
HistGradientBoosting,1,4.060956489743011e-05,0.02206715924388338,0.0,0.2,0.2,0.025974025974025976,0.2,0.013888888888888888,0.44069264069264075,E1 전체 기간,공정 값 23,부스팅
HistGradientBoosting,2,0.001297170238474814,0.01954550139008724,0.0,0.0,0.0,0.0,0.0,0.0,0.3939914163090129,E1 전체 기간,공정 값 23,부스팅
HistGradientBoosting,3,2.2303534472688854e-05,0.03966958769344384,0.0,0.4,0.6,0.046948356807511735,1.0,0.02403846153846154,0.632900432900433,E1 전체 기간,공정 값 23,부스팅
HistGradientBoosting,4,0.44070499926116785,0.0278511108364723,0.0,0.0,0.4,0.0,0.0,0.0,0.554978354978355,E1 전체 기간,공정 값 23,부스팅
HistGradientBoosting,5,2.205673750635778e-05,0.03544592584876945,0.2,0.4,0.4,0.029850746268656716,0.6,0.015306122448979591,0.4398268398268399,E1 전체 기간,공정 값 23,부스팅
HistGradientBoosting,6,0.09668426986481748,0.07397340597442172,0.4,0.4,0.4,0.0,0.0,0.0,0.5445887445887446,E1 전체 기간,공정 값 23,부스팅
HistGradientBoosting,7,6.549724315515186e-05,0.032671520532422504,0.0,0.2,0.4,0.07766990291262135,0.8,0.04081632653061224,0.6197424892703863,E1 전체 기간,공정 값 23,부스팅
HistGradientBoosting,8,0.001000773578468455,0.03672771236154036,0.2,0.2,0.4,0.08695652173913043,0.2,0.05555555555555555,0.5861471861471861,E1 전체 기간,공정 값 23,부스팅
HistGradientBoosting,9,0.0042786699750572265,0.06837926128826538,0.2,0.4,0.6,0.09523809523809523,0.2,0.0625,0.5792207792207792,E1 전체 기간,공정 값 23,부스팅
HistGradientBoosting,10,2.7243361510325374e-05,0.021237646001796943,0.0,0.0,0.2,0.039603960396039604,0.4,0.020833333333333332,0.41991341991341996,E1 전체 기간,공정 값 23,부스팅
HistGradientBoosting,11,0.0016533029247855053,0.016495885031698257,0.0,0.0,0.0,0.0,0.0,0.0,0.27445887445887446,E1 전체 기간,공정 값 23,부스팅
HistGradientBoosting,12,0.00031581964650657024,0.03638920299084609,0.2,0.4,0.4,0.06557377049180328,0.4,0.03571428571428571,0.5793991416309012,E1 전체 기간,공정 값 23,부스팅
HistGradientBoosting,13,5.692558130369778e-05,0.023371058891316715,0.0,0.2,0.2,0.042105263157894736,0.4,0.022222222222222223,0.46839826839826837,E1 전체 기간,공정 값 23,부스팅
HistGradientBoosting,14,0.48890960269905975,0.06523197170512121,0.4,0.4,0.6,0.0,0.0,0.0,0.5982683982683983,E1 전체 기간,공정 값 23,부스팅
HistGradientBoosting,15,2.2303790366297566e-05,0.035931853479932746,0.2,0.4,0.4,0.023668639053254437,0.4,0.012195121951219513,0.3887445887445888,E1 전체 기간,공정 값 23,부스팅
HistGradientBoosting,16,0.00026862689555333765,0.02458293494010792,0.0,0.0,0.4,0.0,0.0,0.0,0.4831168831168831,E1 전체 기간,공정 값 23,부스팅
HistGradientBoosting,17,0.06507054711366843,0.03535591077430349,0.2,0.2,0.4,0.0,0.0,0.0,0.513304721030043,E1 전체 기간,공정 값 23,부스팅
HistGradientBoosting,18,0.006149781807312466,0.042146482819049196,0.2,0.2,0.4,0.0,0.0,0.0,0.7012987012987013,E1 전체 기간,공정 값 23,부스팅
HistGradientBoosting,19,2.230355245889803e-05,0.09593427842950615,0.4,0.4,0.6,0.0427807486631016,0.8,0.02197802197802198,0.6995670995670995,E1 전체 기간,공정 값 23,부스팅
HistGradientBoosting,20,0.000207796675422139,0.023752888715294733,0.0,0.2,0.2,0.028169014084507043,0.2,0.015151515151515152,0.4493506493506494,E1 전체 기간,공정 값 23,부스팅
HistGradientBoosting,21,0.12895682769051506,0.04628945438498222,0.2,0.4,0.4,0.0,0.0,0.0,0.5523809523809524,E1 전체 기간,공정 값 23,부스팅
HistGradientBoosting,22,0.5637171930954599,0.02197951029743514,0.0,0.0,0.0,0.0,0.0,0.0,0.45665236051502145,E1 전체 기간,공정 값 23,부스팅
HistGradientBoosting,23,2.2264450151505985e-05,0.17271454286181828,0.4,0.4,0.6,0.05128205128205128,1.0,0.02631578947368421,0.7238095238095238,E1 전체 기간,공정 값 23,부스팅
HistGradientBoosting,24,0.005233741959765724,0.041149181854840004,0.2,0.2,0.2,0.09523809523809523,0.2,0.0625,0.4207792207792208,E1 전체 기간,공정 값 23,부스팅
HistGradientBoosting,25,0.00017104099546385855,0.02294471301675464,0.0,0.0,0.2,0.0273972602739726,0.2,0.014705882352941176,0.4683982683982684,E1 전체 기간,공정 값 23,부스팅
HistGradientBoosting,26,6.17955676201833e-05,0.06239097380606815,0.4,0.4,0.4,0.06315789473684211,0.6,0.03333333333333333,0.5593073593073593,E1 전체 기간,공정 값 23,부스팅
HistGradientBoosting,27,2.2276043932057602e-05,0.12410111800355704,0.2,0.2,0.4,0.04784688995215311,1.0,0.024509803921568627,0.5982832618025751,E1 전체 기간,공정 값 23,부스팅
HistGradientBoosting,28,0.001567900481227522,0.020945117792360992,0.0,0.0,0.2,0.0,0.0,0.0,0.3974025974025974,E1 전체 기간,공정 값 23,부스팅
HistGradientBoosting,29,0.022323252404168912,0.024997922404537635,0.0,0.2,0.2,0.0,0.0,0.0,0.49437229437229435,E1 전체 기간,공정 값 23,부스팅
HistGradientBoosting,30,0.1210362328639047,0.026206348263339924,0.0,0.2,0.2,0.0,0.0,0.0,0.5290043290043289,E1 전체 기간,공정 값 23,부스팅
HistGradientBoosting,31,8.198663647094619e-05,0.028138545273674466,0.0,0.2,0.4,0.04819277108433735,0.4,0.02564102564102564,0.5012987012987012,E1 전체 기간,공정 값 23,부스팅
HistGradientBoosting,32,3.621902664918912e-05,0.12245353543165005,0.2,0.2,0.4,0.04040404040404041,0.4,0.02127659574468085,0.5424892703862662,E1 전체 기간,공정 값 23,부스팅
HistGradientBoosting,33,0.003529693469255121,0.042806926406926404,0.2,0.4,0.4,0.0,0.0,0.0,0.638095238095238,E1 전체 기간,공정 값 23,부스팅
HistGradientBoosting,34,0.7765624856136532,0.04397497133973634,0.2,0.2,0.4,0.0,0.0,0.0,0.4623376623376623,E1 전체 기간,공정 값 23,부스팅
HistGradientBoosting,35,0.0021355114518723834,0.11679063146678477,0.2,0.2,0.2,0.06060606060606061,0.2,0.03571428571428571,0.4337662337662338,E1 전체 기간,공정 값 23,부스팅
HistGradientBoosting,36,0.0009251040193649965,0.08615038728041823,0.4,0.6,0.8,0.09523809523809523,0.2,0.0625,0.7575757575757576,E1 전체 기간,공정 값 23,부스팅
HistGradientBoosting,37,0.002293132976566593,0.04129042763224848,0.0,0.4,0.6,0.0,0.0,0.0,0.6420600858369099,E1 전체 기간,공정 값 23,부스팅
HistGradientBoosting,38,0.00047727845088883325,0.023465894156156526,0.0,0.0,0.2,0.0,0.0,0.0,0.4701298701298702,E1 전체 기간,공정 값 23,부스팅
HistGradientBoosting,39,8.206850941026327e-05,0.049160849587504114,0.2,0.2,0.2,0.024096385542168676,0.2,0.01282051282051282,0.4034632034632034,E1 전체 기간,공정 값 23,부스팅
HistGradientBoosting,40,4.456790013504481e-05,0.03834868046835593,0.2,0.2,0.4,0.037383177570093455,0.4,0.0196078431372549,0.4354978354978355,E1 전체 기간,공정 값 23,부스팅
HistGradientBoosting,41,8.717818507509174e-05,0.22100724173427827,0.2,0.2,0.2,0.029850746268656716,0.2,0.016129032258064516,0.5497835497835498,E1 전체 기간,공정 값 23,부스팅
HistGradientBoosting,42,0.0004338821634049965,0.025663214823634612,0.0,0.2,0.2,0.044444444444444446,0.2,0.025,0.4420600858369099,E1 전체 기간,공정 값 23,부스팅
HistGradientBoosting,43,0.11292981580494021,0.028131736293293116,0.2,0.2,0.2,0.0,0.0,0.0,0.47186147186147187,E1 전체 기간,공정 값 23,부스팅
HistGradientBoosting,44,0.008505677963347632,0.048516611335780335,0.2,0.2,0.4,0.11764705882352941,0.2,0.08333333333333333,0.4909090909090909,E1 전체 기간,공정 값 23,부스팅
HistGradientBoosting,45,0.0004069050580530585,0.0285224229607225,0.2,0.2,0.2,0.03636363636363636,0.2,0.02,0.45541125541125543,E1 전체 기간,공정 값 23,부스팅
HistGradientBoosting,46,0.9000154662910188,0.02138702681534907,0.0,0.2,0.2,0.0,0.0,0.0,0.34978354978354975,E1 전체 기간,공정 값 23,부스팅
HistGradientBoosting,47,0.0001908295813616409,0.01951094452937502,0.0,0.0,0.0,0.0,0.0,0.0,0.3811158798283262,E1 전체 기간,공정 값 23,부스팅
HistGradientBoosting,48,0.009932585703981062,0.014963256953108349,0.0,0.0,0.0,0.0,0.0,0.0,0.18354978354978352,E1 전체 기간,공정 값 23,부스팅
HistGradientBoosting,49,2.2229151110285675e-05,0.050460478133347975,0.2,0.4,0.4,0.046948356807511735,1.0,0.02403846153846154,0.5774891774891775,E1 전체 기간,공정 값 23,부스팅
XGBoost,0,0.5880215764045715,0.047233489885657655,0.0,0.6,0.6,0.0,0.0,0.0,0.7099567099567099,E1 전체 기간,공정 값 23,부스팅
XGBoost,1,0.08129093050956726,0.026102403631319725,0.0,0.2,0.2,0.046511627906976744,0.2,0.02631578947368421,0.46839826839826837,E1 전체 기간,공정 값 23,부스팅
XGBoost,2,0.3364295959472656,0.027222146408296306,0.2,0.2,0.4,0.0,0.0,0.0,0.41716738197424896,E1 전체 기간,공정 값 23,부스팅
XGBoost,3,2.2477004677057266e-05,0.0396330768924783,0.0,0.2,0.6,0.04149377593360996,1.0,0.0211864406779661,0.6909090909090909,E1 전체 기간,공정 값 23,부스팅
XGBoost,4,0.5742462873458862,0.0295915186221199,0.0,0.2,0.2,0.0,0.0,0.0,0.5645021645021645,E1 전체 기간,공정 값 23,부스팅
XGBoost,5,0.014788394793868065,0.052733458483524925,0.2,0.4,0.4,0.037383177570093455,0.4,0.0196078431372549,0.6112554112554113,E1 전체 기간,공정 값 23,부스팅
XGBoost,6,0.00026568968314677477,0.049516811902865165,0.2,0.2,0.4,0.03524229074889868,0.8,0.018018018018018018,0.5073593073593073,E1 전체 기간,공정 값 23,부스팅
XGBoost,7,0.475018709897995,0.030345010882768853,0.2,0.2,0.2,0.0,0.0,0.0,0.5373390557939914,E1 전체 기간,공정 값 23,부스팅
XGBoost,8,0.052587978541851044,0.05961970306797893,0.2,0.4,0.4,0.07017543859649122,0.4,0.038461538461538464,0.6406926406926408,E1 전체 기간,공정 값 23,부스팅
XGBoost,9,0.21618688106536865,0.053474119177984364,0.2,0.4,0.4,0.08695652173913043,0.2,0.05555555555555555,0.47445887445887447,E1 전체 기간,공정 값 23,부스팅
XGBoost,10,0.10697959363460541,0.02749406130578183,0.0,0.2,0.4,0.0,0.0,0.0,0.5056277056277056,E1 전체 기간,공정 값 23,부스팅
XGBoost,11,0.398479163646698,0.022191061292920863,0.0,0.0,0.0,0.0,0.0,0.0,0.45021645021645024,E1 전체 기간,공정 값 23,부스팅
XGBoost,12,0.055653225630521774,0.05483300264550264,0.2,0.4,0.4,0.06779661016949153,0.4,0.037037037037037035,0.5296137339055793,E1 전체 기간,공정 값 23,부스팅
XGBoost,13,0.17459799349308014,0.026701724613137336,0.0,0.2,0.4,0.0,0.0,0.0,0.4502164502164502,E1 전체 기간,공정 값 23,부스팅
XGBoost,14,0.23514753580093384,0.04049318389592778,0.2,0.4,0.6,0.0,0.0,0.0,0.509090909090909,E1 전체 기간,공정 값 23,부스팅
XGBoost,15,0.006771985907107592,0.055196782885485046,0.2,0.4,0.4,0.048484848484848485,0.8,0.025,0.5532467532467533,E1 전체 기간,공정 값 23,부스팅
XGBoost,16,0.15239892899990082,0.02288266254342225,0.0,0.0,0.0,0.0,0.0,0.0,0.47792207792207797,E1 전체 기간,공정 값 23,부스팅
XGBoost,17,0.004529827274382114,0.030162924397587665,0.0,0.2,0.2,0.06896551724137931,1.0,0.03571428571428571,0.5974248927038626,E1 전체 기간,공정 값 23,부스팅
XGBoost,18,0.8222290277481079,0.029328106275509674,0.0,0.2,0.4,0.0,0.0,0.0,0.5333333333333334,E1 전체 기간,공정 값 23,부스팅
XGBoost,19,0.0002811156737152487,0.0821847495509743,0.2,0.2,0.6,0.04219409282700422,1.0,0.021551724137931036,0.7012987012987013,E1 전체 기간,공정 값 23,부스팅
XGBoost,20,0.003566174069419503,0.03789210244424968,0.2,0.2,0.4,0.03680981595092025,0.6,0.0189873417721519,0.5688311688311688,E1 전체 기간,공정 값 23,부스팅
XGBoost,21,0.3404473662376404,0.1284958447023526,0.2,0.4,0.4,0.15384615384615385,0.2,0.125,0.5844155844155844,E1 전체 기간,공정 값 23,부스팅
XGBoost,22,0.030250685289502144,0.035995277054100584,0.0,0.4,0.4,0.039603960396039604,0.4,0.020833333333333332,0.6042918454935622,E1 전체 기간,공정 값 23,부스팅
XGBoost,23,0.07192274183034897,0.25380786754474916,0.4,0.4,0.6,0.08888888888888889,0.4,0.05,0.587012987012987,E1 전체 기간,공정 값 23,부스팅
XGBoost,24,0.7223038077354431,0.021690598728794065,0.0,0.2,0.2,0.0,0.0,0.0,0.3142857142857143,E1 전체 기간,공정 값 23,부스팅
XGBoost,25,0.11531790345907211,0.020681102950931146,0.0,0.0,0.2,0.0,0.0,0.0,0.40692640692640697,E1 전체 기간,공정 값 23,부스팅
XGBoost,26,0.001595625770278275,0.05264709868335039,0.2,0.6,0.8,0.03902439024390244,0.8,0.02,0.6891774891774892,E1 전체 기간,공정 값 23,부스팅
XGBoost,27,0.0003895132686011493,0.0740977562891894,0.2,0.4,0.4,0.03619909502262444,0.8,0.018518518518518517,0.5339055793991416,E1 전체 기간,공정 값 23,부스팅
XGBoost,28,0.15674659609794617,0.03387380837813352,0.2,0.4,0.4,0.06896551724137931,0.2,0.041666666666666664,0.47705627705627707,E1 전체 기간,공정 값 23,부스팅
XGBoost,29,0.044545575976371765,0.022380795288937858,0.0,0.0,0.2,0.031746031746031744,0.2,0.017241379310344827,0.451948051948052,E1 전체 기간,공정 값 23,부스팅
XGBoost,30,0.0029765788931399584,0.03235936453695074,0.0,0.2,0.2,0.053475935828877004,1.0,0.027472527472527472,0.6086580086580087,E1 전체 기간,공정 값 23,부스팅
XGBoost,31,0.5310996174812317,0.04315104624507163,0.2,0.2,0.4,0.0,0.0,0.0,0.5116883116883117,E1 전체 기간,공정 값 23,부스팅
XGBoost,32,0.018477410078048706,0.0549359947248864,0.4,0.4,0.4,0.061855670103092786,0.6,0.03260869565217391,0.6025751072961374,E1 전체 기간,공정 값 23,부스팅
XGBoost,33,0.015721319243311882,0.0607841642228739,0.4,0.4,0.4,0.0449438202247191,0.4,0.023809523809523808,0.5826839826839827,E1 전체 기간,공정 값 23,부스팅
XGBoost,34,0.47269585728645325,0.1148696936461609,0.2,0.2,0.2,0.2222222222222222,0.2,0.25,0.36969696969696975,E1 전체 기간,공정 값 23,부스팅
XGBoost,35,0.10769917815923691,0.13068814711246704,0.2,0.4,0.4,0.06557377049180328,0.4,0.03571428571428571,0.6502164502164502,E1 전체 기간,공정 값 23,부스팅
XGBoost,36,0.005652388092130423,0.040698892801812145,0.2,0.4,0.4,0.04316546762589928,0.6,0.022388059701492536,0.5653679653679653,E1 전체 기간,공정 값 23,부스팅
XGBoost,37,0.7251474261283875,0.03154800848549733,0.0,0.4,0.6,0.0,0.0,0.0,0.5356223175965665,E1 전체 기간,공정 값 23,부스팅
XGBoost,38,0.36125385761260986,0.029113696542511714,0.0,0.2,0.4,0.0,0.0,0.0,0.5584415584415585,E1 전체 기간,공정 값 23,부스팅
XGBoost,39,0.08295262604951859,0.018073928425898736,0.0,0.0,0.0,0.0,0.0,0.0,0.29783549783549784,E1 전체 기간,공정 값 23,부스팅
XGBoost,40,0.37141168117523193,0.029700392750848986,0.2,0.2,0.4,0.0,0.0,0.0,0.45367965367965374,E1 전체 기간,공정 값 23,부스팅
XGBoost,41,0.06397440284490585,0.03442241968557758,0.2,0.2,0.4,0.0392156862745098,0.2,0.021739130434782608,0.5896103896103896,E1 전체 기간,공정 값 23,부스팅
XGBoost,42,0.013979884795844555,0.05317397957558141,0.2,0.6,0.8,0.08080808080808081,0.8,0.0425531914893617,0.6824034334763949,E1 전체 기간,공정 값 23,부스팅
XGBoost,43,0.009101605042815208,0.025625490782453686,0.0,0.2,0.2,0.034782608695652174,0.4,0.01818181818181818,0.48311688311688317,E1 전체 기간,공정 값 23,부스팅
XGBoost,44,0.275185227394104,0.03709013756137578,0.2,0.2,0.4,0.08695652173913043,0.2,0.05555555555555555,0.6000000000000001,E1 전체 기간,공정 값 23,부스팅
XGBoost,45,0.006673996802419424,0.03609709164249604,0.0,0.4,0.4,0.052980132450331126,0.8,0.0273972602739726,0.5826839826839827,E1 전체 기간,공정 값 23,부스팅
XGBoost,46,0.004411510191857815,0.018257127115678867,0.0,0.0,0.0,0.028368794326241134,0.4,0.014705882352941176,0.34545454545454546,E1 전체 기간,공정 값 23,부스팅
XGBoost,47,0.026877466589212418,0.01801631399366406,0.0,0.0,0.0,0.0,0.0,0.0,0.3399141630901288,E1 전체 기간,공정 값 23,부스팅
XGBoost,48,0.3356734812259674,0.01856112687354239,0.0,0.2,0.2,0.0,0.0,0.0,0.3142857142857143,E1 전체 기간,공정 값 23,부스팅
XGBoost,49,0.12519559264183044,0.06063235778684765,0.2,0.6,0.6,0.11764705882352941,0.6,0.06521739130434782,0.6935064935064936,E1 전체 기간,공정 값 23,부스팅
LightGBM,0,0.9823793401191029,0.06523177694227535,0.4,0.6,0.6,0.0,0.0,0.0,0.6909090909090909,E1 전체 기간,공정 값 23,부스팅
LightGBM,1,0.44989125965539795,0.026970616111120234,0.0,0.2,0.2,0.0,0.0,0.0,0.48917748917748916,E1 전체 기간,공정 값 23,부스팅
LightGBM,2,0.45842895195838607,0.025562127516564517,0.0,0.2,0.4,0.0,0.0,0.0,0.4429184549356223,E1 전체 기간,공정 값 23,부스팅
LightGBM,3,1.1992022367099764e-06,0.0738521076446773,0.4,0.6,0.6,0.04149377593360996,1.0,0.0211864406779661,0.7965367965367965,E1 전체 기간,공정 값 23,부스팅
LightGBM,4,0.9831624579045167,0.02412489221269431,0.0,0.2,0.2,0.0,0.0,0.0,0.4571428571428572,E1 전체 기간,공정 값 23,부스팅
LightGBM,5,0.05092116311851842,0.04984219426943886,0.2,0.4,0.4,0.057971014492753624,0.4,0.03125,0.6008658008658009,E1 전체 기간,공정 값 23,부스팅
LightGBM,6,0.0024522462844276016,0.061853661563280454,0.2,0.2,0.4,0.042105263157894736,0.4,0.022222222222222223,0.5212121212121212,E1 전체 기간,공정 값 23,부스팅
LightGBM,7,0.11754890744658088,0.028864334806473428,0.2,0.2,0.4,0.05128205128205128,0.2,0.029411764705882353,0.5047210300429185,E1 전체 기간,공정 값 23,부스팅
LightGBM,8,0.13338768865238587,0.0572983749797039,0.2,0.6,0.6,0.07407407407407407,0.2,0.045454545454545456,0.6874458874458875,E1 전체 기간,공정 값 23,부스팅
LightGBM,9,0.9797264321266113,0.08787880152811839,0.2,0.2,0.4,0.0,0.0,0.0,0.48138528138528136,E1 전체 기간,공정 값 23,부스팅
LightGBM,10,0.07644725238076082,0.029149183172152406,0.2,0.2,0.2,0.0,0.0,0.0,0.5246753246753246,E1 전체 기간,공정 값 23,부스팅
LightGBM,11,0.4403621252508694,0.0215445555957964,0.0,0.0,0.0,0.0,0.0,0.0,0.4432900432900433,E1 전체 기간,공정 값 23,부스팅
LightGBM,12,0.16468239331282747,0.07676657603916816,0.4,0.4,0.4,0.12903225806451613,0.4,0.07692307692307693,0.584549356223176,E1 전체 기간,공정 값 23,부스팅
LightGBM,13,0.2786120545878842,0.04420518966834779,0.4,0.4,0.4,0.08,0.2,0.05,0.48484848484848486,E1 전체 기간,공정 값 23,부스팅
LightGBM,14,0.4487166086383465,0.06256539740162562,0.4,0.6,0.6,0.0,0.0,0.0,0.6025974025974026,E1 전체 기간,공정 값 23,부스팅
LightGBM,15,4.846816736264234e-06,0.04389807691213562,0.2,0.4,0.6,0.04184100418410042,1.0,0.021367521367521368,0.6398268398268399,E1 전체 기간,공정 값 23,부스팅
LightGBM,16,0.2455180992533037,0.029525056112369347,0.2,0.2,0.2,0.06896551724137931,0.2,0.041666666666666664,0.5194805194805194,E1 전체 기간,공정 값 23,부스팅
LightGBM,17,0.8268818436807053,0.03540203094076136,0.2,0.2,0.2,0.0,0.0,0.0,0.6163090128755364,E1 전체 기간,공정 값 23,부스팅
LightGBM,18,0.9761478632428332,0.03303848605484913,0.0,0.4,0.4,0.0,0.0,0.0,0.5333333333333333,E1 전체 기간,공정 값 23,부스팅
LightGBM,19,4.908811688441793e-05,0.14397414358688113,0.2,0.6,0.8,0.043668122270742356,1.0,0.022321428571428572,0.7116883116883118,E1 전체 기간,공정 값 23,부스팅
LightGBM,20,0.8515437235248612,0.033838744588744585,0.2,0.2,0.4,0.0,0.0,0.0,0.5896103896103896,E1 전체 기간,공정 값 23,부스팅
LightGBM,21,0.19005766586771314,0.10011953116313142,0.4,0.6,0.6,0.11764705882352941,0.2,0.08333333333333333,0.6502164502164502,E1 전체 기간,공정 값 23,부스팅
LightGBM,22,0.203079500837644,0.02196910862743153,0.0,0.0,0.4,0.0,0.0,0.0,0.41030042918454934,E1 전체 기간,공정 값 23,부스팅
LightGBM,23,0.11716552707288092,0.09763799418971833,0.4,0.6,0.6,0.13793103448275862,0.4,0.08333333333333333,0.6476190476190475,E1 전체 기간,공정 값 23,부스팅
LightGBM,24,0.5266607338161554,0.026841340326506646,0.2,0.2,0.2,0.0,0.0,0.0,0.3922077922077922,E1 전체 기간,공정 값 23,부스팅
LightGBM,25,0.2720457312558166,0.020872962520134042,0.0,0.0,0.2,0.0,0.0,0.0,0.4155844155844156,E1 전체 기간,공정 값 23,부스팅
LightGBM,26,5.6754299336111954e-05,0.050062595112987045,0.2,0.4,0.6,0.046511627906976744,1.0,0.023809523809523808,0.7012987012987013,E1 전체 기간,공정 값 23,부스팅
LightGBM,27,0.0034084832794420805,0.1227612431723029,0.2,0.2,0.4,0.056074766355140186,0.6,0.029411764705882353,0.5339055793991416,E1 전체 기간,공정 값 23,부스팅
LightGBM,28,0.5000857359681462,0.029783411678407576,0.2,0.2,0.2,0.0,0.0,0.0,0.42164502164502166,E1 전체 기간,공정 값 23,부스팅
LightGBM,29,0.0604753875392083,0.02857368919707142,0.0,0.0,0.2,0.0,0.0,0.0,0.5852813852813853,E1 전체 기간,공정 값 23,부스팅
LightGBM,30,0.006792458928536451,0.029168603089500297,0.0,0.2,0.4,0.04597701149425287,0.4,0.024390243902439025,0.5359307359307359,E1 전체 기간,공정 값 23,부스팅
LightGBM,31,0.009444337409918818,0.04055919792929103,0.2,0.4,0.4,0.05970149253731343,0.4,0.03225806451612903,0.6225108225108225,E1 전체 기간,공정 값 23,부스팅
LightGBM,32,0.0961580286593904,0.08391847521674989,0.2,0.4,0.4,0.06060606060606061,0.2,0.03571428571428571,0.6660944206008583,E1 전체 기간,공정 값 23,부스팅
LightGBM,33,0.5202485747473744,0.04956510415889344,0.2,0.4,0.4,0.13333333333333333,0.2,0.1,0.5965367965367966,E1 전체 기간,공정 값 23,부스팅
LightGBM,34,0.7470444457949837,0.1137097083324777,0.2,0.2,0.2,0.0,0.0,0.0,0.3212121212121212,E1 전체 기간,공정 값 23,부스팅
LightGBM,35,0.49035570957604707,0.08026944490810148,0.2,0.4,0.4,0.13333333333333333,0.2,0.1,0.6675324675324675,E1 전체 기간,공정 값 23,부스팅
LightGBM,36,0.7031479221605927,0.03094490349579784,0.2,0.2,0.4,0.0,0.0,0.0,0.5480519480519481,E1 전체 기간,공정 값 23,부스팅
LightGBM,37,0.2329368436139034,0.036698422081014065,0.0,0.2,0.6,0.0,0.0,0.0,0.609442060085837,E1 전체 기간,공정 값 23,부스팅
LightGBM,38,0.47131909204796624,0.027206252794491622,0.0,0.2,0.4,0.0,0.0,0.0,0.47878787878787876,E1 전체 기간,공정 값 23,부스팅
LightGBM,39,0.02091165394921759,0.02007379175249905,0.0,0.0,0.2,0.0,0.0,0.0,0.37922077922077924,E1 전체 기간,공정 값 23,부스팅
LightGBM,40,0.04069412334401273,0.025398498954499454,0.0,0.4,0.4,0.046511627906976744,0.2,0.02631578947368421,0.4069264069264069,E1 전체 기간,공정 값 23,부스팅
LightGBM,41,0.010737001555484823,0.03445953704687863,0.0,0.2,0.4,0.057971014492753624,0.4,0.03125,0.6051948051948052,E1 전체 기간,공정 값 23,부스팅
LightGBM,42,0.029292863306222182,0.0786056183301946,0.4,0.6,0.8,0.13333333333333333,0.6,0.075,0.7218884120171675,E1 전체 기간,공정 값 23,부스팅
LightGBM,43,0.38337925392133027,0.03131128687003838,0.2,0.2,0.2,0.0,0.0,0.0,0.5523809523809524,E1 전체 기간,공정 값 23,부스팅
LightGBM,44,0.6949068682297102,0.034644758617131025,0.0,0.2,0.2,0.0,0.0,0.0,0.6363636363636364,E1 전체 기간,공정 값 23,부스팅
LightGBM,45,0.0021591242897745317,0.03977870564323814,0.2,0.2,0.4,0.045112781954887216,0.6,0.0234375,0.5878787878787879,E1 전체 기간,공정 값 23,부스팅
LightGBM,46,0.274830031741685,0.022272028147832097,0.0,0.2,0.2,0.0,0.0,0.0,0.42683982683982685,E1 전체 기간,공정 값 23,부스팅
LightGBM,47,0.5935408097731844,0.02097600189032414,0.0,0.2,0.2,0.0,0.0,0.0,0.3862660944206009,E1 전체 기간,공정 값 23,부스팅
LightGBM,48,0.3768854078371635,0.022842582538479844,0.0,0.2,0.2,0.0,0.0,0.0,0.40952380952380957,E1 전체 기간,공정 값 23,부스팅
LightGBM,49,0.38406799593167784,0.051046484442278946,0.2,0.4,0.8,0.07407407407407407,0.2,0.045454545454545456,0.6848484848484848,E1 전체 기간,공정 값 23,부스팅
CatBoost,0,0.023832115666457966,0.043118949123388636,0.2,0.4,0.4,0.07272727272727272,0.4,0.04,0.6666666666666666,E1 전체 기간,공정 값 23,부스팅
CatBoost,1,0.009502407369190832,0.02508144914364713,0.0,0.2,0.4,0.04819277108433735,0.4,0.02564102564102564,0.48744588744588746,E1 전체 기간,공정 값 23,부스팅
CatBoost,2,0.09294188737688935,0.023618436380949785,0.0,0.2,0.2,0.0,0.0,0.0,0.4309012875536481,E1 전체 기간,공정 값 23,부스팅
CatBoost,3,0.0003313281229123328,0.04184854248369499,0.2,0.4,0.4,0.04184100418410042,1.0,0.021367521367521368,0.6320346320346321,E1 전체 기간,공정 값 23,부스팅
CatBoost,4,0.29103893411175663,0.027080242328676243,0.0,0.2,0.2,0.0,0.0,0.0,0.509090909090909,E1 전체 기간,공정 값 23,부스팅
CatBoost,5,0.0002561255253670558,0.045526165011459126,0.0,0.6,0.6,0.043668122270742356,1.0,0.022321428571428572,0.6822510822510823,E1 전체 기간,공정 값 23,부스팅
CatBoost,6,0.03740351379324676,0.08442948791385038,0.4,0.4,0.4,0.0851063829787234,0.4,0.047619047619047616,0.5714285714285715,E1 전체 기간,공정 값 23,부스팅
CatBoost,7,0.11607415405005994,0.036291334110454265,0.2,0.2,0.4,0.06451612903225806,0.2,0.038461538461538464,0.5184549356223176,E1 전체 기간,공정 값 23,부스팅
CatBoost,8,0.0042937080015552085,0.02861542037833831,0.0,0.0,0.4,0.05228758169934641,0.8,0.02702702702702703,0.5333333333333333,E1 전체 기간,공정 값 23,부스팅
CatBoost,9,0.09702747350433887,0.043071256229150964,0.2,0.2,0.4,0.08695652173913043,0.2,0.05555555555555555,0.5073593073593073,E1 전체 기간,공정 값 23,부스팅
CatBoost,10,0.020487218886517805,0.028082249634256925,0.0,0.0,0.2,0.0,0.0,0.0,0.5593073593073594,E1 전체 기간,공정 값 23,부스팅
CatBoost,11,0.1333666982710404,0.023468472894978824,0.0,0.0,0.0,0.0,0.0,0.0,0.48831168831168836,E1 전체 기간,공정 값 23,부스팅
CatBoost,12,0.028882926200814483,0.033784062191985896,0.2,0.4,0.4,0.06779661016949153,0.4,0.037037037037037035,0.5433476394849786,E1 전체 기간,공정 값 23,부스팅
CatBoost,13,0.11707409143442182,0.08185502848542905,0.2,0.4,0.6,0.10256410256410256,0.4,0.058823529411764705,0.5766233766233767,E1 전체 기간,공정 값 23,부스팅
CatBoost,14,0.32205938047941857,0.03347048388041687,0.0,0.4,0.6,0.0,0.0,0.0,0.5056277056277055,E1 전체 기간,공정 값 23,부스팅
CatBoost,15,3.604939532962608e-05,0.04231522342309014,0.2,0.4,0.4,0.04149377593360996,1.0,0.0211864406779661,0.5099567099567099,E1 전체 기간,공정 값 23,부스팅
CatBoost,16,0.02348128722450696,0.028334530856559584,0.0,0.2,0.4,0.04938271604938271,0.4,0.02631578947368421,0.535064935064935,E1 전체 기간,공정 값 23,부스팅
CatBoost,17,0.009189895344974547,0.04898327848173743,0.2,0.2,0.2,0.06722689075630252,0.8,0.03508771929824561,0.6540772532188841,E1 전체 기간,공정 값 23,부스팅
CatBoost,18,0.05943086377211026,0.03713481935802719,0.2,0.4,0.6,0.0,0.0,0.0,0.5991341991341991,E1 전체 기간,공정 값 23,부스팅
CatBoost,19,0.04019335844824573,0.04409785021549728,0.2,0.4,0.4,0.05714285714285714,0.2,0.03333333333333333,0.6216450216450217,E1 전체 기간,공정 값 23,부스팅
CatBoost,20,0.013031015082590327,0.05031713313226762,0.2,0.4,0.4,0.05128205128205128,0.6,0.026785714285714284,0.6207792207792208,E1 전체 기간,공정 값 23,부스팅
CatBoost,21,0.0825870731648801,0.04069925243838288,0.2,0.4,0.4,0.09523809523809523,0.2,0.0625,0.5376623376623376,E1 전체 기간,공정 값 23,부스팅
CatBoost,22,0.0171407446276205,0.03429477396190295,0.0,0.2,0.4,0.06593406593406594,0.6,0.03488372093023256,0.6266094420600858,E1 전체 기간,공정 값 23,부스팅
CatBoost,23,0.00013866831254971137,0.12617287335889446,0.4,0.6,0.6,0.04219409282700422,1.0,0.021551724137931036,0.6805194805194805,E1 전체 기간,공정 값 23,부스팅
CatBoost,24,0.09842896320136307,0.021880699216869737,0.2,0.2,0.2,0.0,0.0,0.0,0.2917748917748918,E1 전체 기간,공정 값 23,부스팅
CatBoost,25,0.03731253347597992,0.022949854605734506,0.0,0.2,0.2,0.03278688524590164,0.2,0.017857142857142856,0.4294372294372295,E1 전체 기간,공정 값 23,부스팅
CatBoost,26,0.000781566585733684,0.029609331014956736,0.0,0.2,0.4,0.044444444444444446,1.0,0.022727272727272728,0.5662337662337662,E1 전체 기간,공정 값 23,부스팅
CatBoost,27,7.817500806092776e-06,0.12423039502329128,0.2,0.2,0.6,0.0411522633744856,1.0,0.02100840336134454,0.5682403433476395,E1 전체 기간,공정 값 23,부스팅
CatBoost,28,0.16288527104301276,0.03339971939093976,0.2,0.2,0.2,0.10526315789473684,0.2,0.07142857142857142,0.46320346320346323,E1 전체 기간,공정 값 23,부스팅
CatBoost,29,0.08790396245492596,0.026052726151736053,0.0,0.2,0.2,0.05714285714285714,0.2,0.03333333333333333,0.4727272727272727,E1 전체 기간,공정 값 23,부스팅
CatBoost,30,0.005196586998686967,0.044332116112301874,0.2,0.2,0.8,0.05228758169934641,0.8,0.02702702702702703,0.6917748917748918,E1 전체 기간,공정 값 23,부스팅
CatBoost,31,0.3487180092577895,0.02994798979056957,0.0,0.4,0.4,0.0,0.0,0.0,0.522077922077922,E1 전체 기간,공정 값 23,부스팅
CatBoost,32,0.002064711357544152,0.0871954338654033,0.2,0.4,0.6,0.03468208092485549,0.6,0.017857142857142856,0.6300429184549357,E1 전체 기간,공정 값 23,부스팅
CatBoost,33,0.24911679929036842,0.0333198859405914,0.0,0.2,0.6,0.0,0.0,0.0,0.5982683982683983,E1 전체 기간,공정 값 23,부스팅
CatBoost,34,0.04947543784597275,0.02119761263166204,0.0,0.0,0.2,0.0,0.0,0.0,0.3904761904761905,E1 전체 기간,공정 값 23,부스팅
CatBoost,35,0.05045425358723378,0.03488896642046296,0.0,0.4,0.4,0.07272727272727272,0.4,0.04,0.6346320346320347,E1 전체 기간,공정 값 23,부스팅
CatBoost,36,0.35350354303960896,0.02622872012513177,0.0,0.2,0.4,0.0,0.0,0.0,0.4406926406926407,E1 전체 기간,공정 값 23,부스팅
CatBoost,37,0.07351604628225843,0.038723510491636345,0.2,0.4,0.4,0.08,0.2,0.05,0.5699570815450644,E1 전체 기간,공정 값 23,부스팅
CatBoost,38,0.004847520709783341,0.04044480628909344,0.0,0.4,0.6,0.06802721088435375,1.0,0.035211267605633804,0.6831168831168831,E1 전체 기간,공정 값 23,부스팅
CatBoost,39,0.011591551654497568,0.017761108544754538,0.0,0.0,0.0,0.0,0.0,0.0,0.31861471861471863,E1 전체 기간,공정 값 23,부스팅
CatBoost,40,0.002554267123486192,0.030249604061758757,0.0,0.4,0.4,0.023952095808383235,0.4,0.012345679012345678,0.43290043290043295,E1 전체 기간,공정 값 23,부스팅
CatBoost,41,0.23353310587421613,0.06402499883587875,0.2,0.4,0.4,0.0,0.0,0.0,0.7090909090909092,E1 전체 기간,공정 값 23,부스팅
CatBoost,42,0.04522899694869463,0.04624618676342814,0.2,0.6,0.6,0.11320754716981132,0.6,0.0625,0.6223175965665236,E1 전체 기간,공정 값 23,부스팅
CatBoost,43,0.04106780945953898,0.021485341356705767,0.0,0.0,0.2,0.0,0.0,0.0,0.4069264069264069,E1 전체 기간,공정 값 23,부스팅
CatBoost,44,0.283733429845554,0.07499998140316817,0.2,0.4,0.6,0.0,0.0,0.0,0.6935064935064935,E1 전체 기간,공정 값 23,부스팅
CatBoost,45,0.0018321142708157597,0.037183715198549,0.0,0.4,0.4,0.0427807486631016,0.8,0.02197802197802198,0.5463203463203463,E1 전체 기간,공정 값 23,부스팅
CatBoost,46,0.023989580498243703,0.02034566284669275,0.0,0.0,0.2,0.0,0.0,0.0,0.40432900432900437,E1 전체 기간,공정 값 23,부스팅
CatBoost,47,0.004704002771822645,0.022762555164515946,0.0,0.2,0.2,0.031496062992125984,0.4,0.01639344262295082,0.4274678111587983,E1 전체 기간,공정 값 23,부스팅
CatBoost,48,0.06034844738154538,0.01965447400301289,0.0,0.2,0.2,0.0392156862745098,0.2,0.021739130434782608,0.3073593073593074,E1 전체 기간,공정 값 23,부스팅
CatBoost,49,0.048572807867090326,0.0613106101863837,0.2,0.4,0.6,0.07547169811320754,0.4,0.041666666666666664,0.6658008658008658,E1 전체 기간,공정 값 23,부스팅
로지스틱 L2,0,0.9868629185504739,0.026769878709617577,0.0,0.2,0.2,0.0,0.0,0.0,0.48311688311688317,E1 전체 기간,공정 값 23 + 파생 전체,선형
로지스틱 L2,1,0.6789626734991,0.020557500739071415,0.0,0.2,0.2,0.0,0.0,0.0,0.3939393939393939,E1 전체 기간,공정 값 23 + 파생 전체,선형
로지스틱 L2,2,0.7845855403453484,0.028298167497663243,0.0,0.4,0.4,0.0,0.0,0.0,0.4137339055793992,E1 전체 기간,공정 값 23 + 파생 전체,선형
로지스틱 L2,3,0.9946557285193759,0.04090165900280686,0.0,0.4,0.6,0.0,0.0,0.0,0.6337662337662338,E1 전체 기간,공정 값 23 + 파생 전체,선형
로지스틱 L2,4,1.0294944807555537e-05,0.045424893152468795,0.2,0.2,0.4,0.043668122270742356,1.0,0.022321428571428572,0.5818181818181818,E1 전체 기간,공정 값 23 + 파생 전체,선형
로지스틱 L2,5,6.031726750139632e-06,0.030359293374461138,0.0,0.2,0.4,0.0425531914893617,1.0,0.021739130434782608,0.5627705627705628,E1 전체 기간,공정 값 23 + 파생 전체,선형
로지스틱 L2,6,0.7191714275258079,0.030434132602701253,0.2,0.2,0.2,0.06451612903225806,0.2,0.038461538461538464,0.35151515151515156,E1 전체 기간,공정 값 23 + 파생 전체,선형
로지스틱 L2,7,0.4212819495238356,0.037831147347276384,0.0,0.2,0.6,0.0,0.0,0.0,0.6866952789699571,E1 전체 기간,공정 값 23 + 파생 전체,선형
로지스틱 L2,8,0.6792411063425569,0.027544566887113917,0.2,0.2,0.2,0.05714285714285714,0.2,0.03333333333333333,0.4606060606060607,E1 전체 기간,공정 값 23 + 파생 전체,선형
로지스틱 L2,9,0.8672056972370586,0.03346017347358434,0.2,0.2,0.2,0.0,0.0,0.0,0.4779220779220779,E1 전체 기간,공정 값 23 + 파생 전체,선형
로지스틱 L2,10,0.9418866554200125,0.01914662739279044,0.0,0.0,0.0,0.0,0.0,0.0,0.3722943722943723,E1 전체 기간,공정 값 23 + 파생 전체,선형
로지스틱 L2,11,0.8756280130651003,0.12213948125181309,0.2,0.2,0.2,0.15384615384615385,0.2,0.125,0.567965367965368,E1 전체 기간,공정 값 23 + 파생 전체,선형
로지스틱 L2,12,0.4603576521180818,0.030302991269169202,0.2,0.2,0.2,0.05128205128205128,0.2,0.029411764705882353,0.37339055793991416,E1 전체 기간,공정 값 23 + 파생 전체,선형
로지스틱 L2,13,0.20417345926661568,0.028380647769633765,0.0,0.4,0.4,0.06779661016949153,0.4,0.037037037037037035,0.3930735930735931,E1 전체 기간,공정 값 23 + 파생 전체,선형
로지스틱 L2,14,0.9999997935104179,0.030917502424008706,0.0,0.2,0.4,0.0,0.0,0.0,0.5402597402597403,E1 전체 기간,공정 값 23 + 파생 전체,선형
로지스틱 L2,15,0.16240701670496407,0.059172749391727494,0.4,0.4,0.4,0.04938271604938271,0.4,0.02631578947368421,0.6225108225108226,E1 전체 기간,공정 값 23 + 파생 전체,선형
로지스틱 L2,16,0.5058228181126686,0.037721308887895745,0.2,0.4,0.4,0.07547169811320754,0.4,0.041666666666666664,0.49523809523809526,E1 전체 기간,공정 값 23 + 파생 전체,선형
로지스틱 L2,17,0.057406190664156954,0.023768285121876283,0.0,0.0,0.4,0.028169014084507043,0.2,0.015151515151515152,0.4824034334763948,E1 전체 기간,공정 값 23 + 파생 전체,선형
로지스틱 L2,18,0.8746661088125579,0.03672951022231051,0.0,0.0,0.6,0.0,0.0,0.0,0.6753246753246753,E1 전체 기간,공정 값 23 + 파생 전체,선형
로지스틱 L2,19,0.9478406655228581,0.028039839189866154,0.0,0.2,0.4,0.0,0.0,0.0,0.5454545454545454,E1 전체 기간,공정 값 23 + 파생 전체,선형
로지스틱 L2,20,0.9224414355328113,0.036156720932473796,0.2,0.2,0.6,0.0,0.0,0.0,0.5705627705627706,E1 전체 기간,공정 값 23 + 파생 전체,선형
로지스틱 L2,21,0.5785679156763178,0.015776056028843508,0.0,0.0,0.0,0.0,0.0,0.0,0.23116883116883116,E1 전체 기간,공정 값 23 + 파생 전체,선형
로지스틱 L2,22,0.223822806002822,0.024432002190444887,0.0,0.0,0.2,0.0,0.0,0.0,0.5047210300429184,E1 전체 기간,공정 값 23 + 파생 전체,선형
로지스틱 L2,23,8.700902328092543e-06,0.08866288269693842,0.4,0.6,0.8,0.043668122270742356,1.0,0.022321428571428572,0.8,E1 전체 기간,공정 값 23 + 파생 전체,선형
로지스틱 L2,24,0.31799936110961546,0.01927707497556947,0.0,0.0,0.2,0.0,0.0,0.0,0.3627705627705628,E1 전체 기간,공정 값 23 + 파생 전체,선형
로지스틱 L2,25,0.9940351406262365,0.018844821839432802,0.0,0.0,0.0,0.0,0.0,0.0,0.34978354978354975,E1 전체 기간,공정 값 23 + 파생 전체,선형
로지스틱 L2,26,0.06388661033498143,0.034798436342444825,0.0,0.4,0.6,0.0594059405940594,0.6,0.03125,0.5073593073593075,E1 전체 기간,공정 값 23 + 파생 전체,선형
로지스틱 L2,27,0.9826432065466512,0.0500029614918951,0.2,0.2,0.6,0.0,0.0,0.0,0.6523605150214593,E1 전체 기간,공정 값 23 + 파생 전체,선형
로지스틱 L2,28,7.862039222477739e-08,0.07634058025376726,0.4,0.4,0.4,0.04149377593360996,1.0,0.0211864406779661,0.5774891774891776,E1 전체 기간,공정 값 23 + 파생 전체,선형
로지스틱 L2,29,0.5811809998098497,0.02323353784780084,0.0,0.0,0.0,0.0,0.0,0.0,0.47445887445887447,E1 전체 기간,공정 값 23 + 파생 전체,선형
로지스틱 L2,30,0.000703511927645486,0.09287065739825728,0.2,0.2,0.4,0.05405405405405406,1.0,0.027777777777777776,0.6363636363636364,E1 전체 기간,공정 값 23 + 파생 전체,선형
로지스틱 L2,31,0.9904583668248004,0.018550715853332907,0.0,0.0,0.2,0.0,0.0,0.0,0.3316017316017316,E1 전체 기간,공정 값 23 + 파생 전체,선형
로지스틱 L2,32,0.06481763070247312,0.07954137647393553,0.4,0.4,0.6,0.05217391304347826,0.6,0.02727272727272727,0.7107296137339055,E1 전체 기간,공정 값 23 + 파생 전체,선형
로지스틱 L2,33,0.02136681492611983,0.025225388210462836,0.0,0.2,0.2,0.03361344537815126,0.4,0.017543859649122806,0.4441558441558441,E1 전체 기간,공정 값 23 + 파생 전체,선형
로지스틱 L2,34,0.0003303875650090491,0.026710715392062545,0.2,0.2,0.2,0.03902439024390244,0.8,0.02,0.3333333333333333,E1 전체 기간,공정 값 23 + 파생 전체,선형
로지스틱 L2,35,9.4041824220156e-09,0.03788345121277717,0.0,0.4,0.4,0.04219409282700422,1.0,0.021551724137931036,0.5861471861471862,E1 전체 기간,공정 값 23 + 파생 전체,선형
로지스틱 L2,36,0.9882252993658059,0.21895337247308944,0.2,0.2,0.2,0.0,0.0,0.0,0.5064935064935066,E1 전체 기간,공정 값 23 + 파생 전체,선형
로지스틱 L2,37,0.10474627420519585,0.028468665098247258,0.0,0.2,0.4,0.04395604395604396,0.4,0.023255813953488372,0.5201716738197425,E1 전체 기간,공정 값 23 + 파생 전체,선형
로지스틱 L2,38,0.9167725739827582,0.017987944505609373,0.0,0.0,0.0,0.0,0.0,0.0,0.32987012987012987,E1 전체 기간,공정 값 23 + 파생 전체,선형
로지스틱 L2,39,0.03983996190040357,0.018984240703176936,0.0,0.0,0.0,0.0,0.0,0.0,0.36017316017316026,E1 전체 기간,공정 값 23 + 파생 전체,선형
로지스틱 L2,40,0.2370543800503548,0.021194259456696715,0.0,0.0,0.2,0.0,0.0,0.0,0.43116883116883115,E1 전체 기간,공정 값 23 + 파생 전체,선형
로지스틱 L2,41,0.43121942759434956,0.21904833430636392,0.2,0.2,0.4,0.04081632653061224,0.2,0.022727272727272728,0.4857142857142857,E1 전체 기간,공정 값 23 + 파생 전체,선형
로지스틱 L2,42,0.9939595331163823,0.04440945026659312,0.2,0.4,0.6,0.0,0.0,0.0,0.6652360515021459,E1 전체 기간,공정 값 23 + 파생 전체,선형
로지스틱 L2,43,7.575214603065102e-05,0.023880546377779404,0.2,0.2,0.2,0.04020100502512563,0.8,0.020618556701030927,0.3826839826839827,E1 전체 기간,공정 값 23 + 파생 전체,선형
로지스틱 L2,44,0.15202001265045062,0.058323419987970665,0.2,0.2,0.4,0.05333333333333334,0.4,0.02857142857142857,0.5757575757575758,E1 전체 기간,공정 값 23 + 파생 전체,선형
로지스틱 L2,45,0.07370619588815738,0.03638017360142995,0.2,0.2,0.4,0.039603960396039604,0.4,0.020833333333333332,0.5082251082251082,E1 전체 기간,공정 값 23 + 파생 전체,선형
로지스틱 L2,46,0.8607438496257316,0.051464396284829725,0.2,0.4,0.4,0.09523809523809523,0.2,0.0625,0.645021645021645,E1 전체 기간,공정 값 23 + 파생 전체,선형
로지스틱 L2,47,0.00489328938561007,0.050527050816607355,0.2,0.4,0.4,0.049079754601226995,0.8,0.02531645569620253,0.5596566523605151,E1 전체 기간,공정 값 23 + 파생 전체,선형
로지스틱 L2,48,0.00935880925617042,0.02442077340186716,0.0,0.0,0.2,0.047244094488188976,0.6,0.02459016393442623,0.5012987012987014,E1 전체 기간,공정 값 23 + 파생 전체,선형
로지스틱 L2,49,0.6695603324319904,0.025219411794754263,0.0,0.2,0.2,0.0,0.0,0.0,0.5012987012987014,E1 전체 기간,공정 값 23 + 파생 전체,선형
랜덤포레스트,0,0.06075731778416742,0.04453968493944304,0.2,0.2,0.6,0.05673758865248227,0.8,0.029411764705882353,0.7012987012987013,E1 전체 기간,공정 값 23 + 파생 전체,트리
랜덤포레스트,1,0.11984033763766087,0.021485926851730383,0.0,0.2,0.2,0.03773584905660377,0.2,0.020833333333333332,0.4251082251082251,E1 전체 기간,공정 값 23 + 파생 전체,트리
랜덤포레스트,2,0.04584391900091963,0.025121167954857186,0.0,0.2,0.2,0.04195804195804196,0.6,0.021739130434782608,0.4875536480686695,E1 전체 기간,공정 값 23 + 파생 전체,트리
랜덤포레스트,3,0.023367318531590305,0.036696198538303804,0.0,0.0,0.4,0.04608294930875576,1.0,0.02358490566037736,0.6787878787878788,E1 전체 기간,공정 값 23 + 파생 전체,트리
랜덤포레스트,4,0.0726288681434929,0.025802903225955562,0.0,0.2,0.2,0.03361344537815126,0.4,0.017543859649122806,0.5264069264069264,E1 전체 기간,공정 값 23 + 파생 전체,트리
랜덤포레스트,5,0.24328256157254832,0.020795346874381934,0.0,0.0,0.2,0.0,0.0,0.0,0.4000000000000001,E1 전체 기간,공정 값 23 + 파생 전체,트리
랜덤포레스트,6,0.05329912141134157,0.05070384866540953,0.2,0.4,0.6,0.048,0.6,0.025,0.5783549783549784,E1 전체 기간,공정 값 23 + 파생 전체,트리
랜덤포레스트,7,0.17709639217446196,0.04478833062582192,0.2,0.4,0.6,0.046511627906976744,0.2,0.02631578947368421,0.6763948497854078,E1 전체 기간,공정 값 23 + 파생 전체,트리
랜덤포레스트,8,0.11105094826377754,0.028631748070957447,0.0,0.2,0.4,0.06153846153846154,0.4,0.03333333333333333,0.5281385281385281,E1 전체 기간,공정 값 23 + 파생 전체,트리
랜덤포레스트,9,0.2604310696081066,0.026101351411910417,0.0,0.0,0.4,0.0,0.0,0.0,0.4883116883116883,E1 전체 기간,공정 값 23 + 파생 전체,트리
랜덤포레스트,10,0.03314458346758028,0.028845482205051388,0.0,0.0,0.4,0.057803468208092484,1.0,0.02976190476190476,0.5835497835497836,E1 전체 기간,공정 값 23 + 파생 전체,트리
랜덤포레스트,11,0.021839672861014323,0.03505394213296043,0.2,0.2,0.2,0.05025125628140704,1.0,0.02577319587628866,0.5454545454545454,E1 전체 기간,공정 값 23 + 파생 전체,트리
랜덤포레스트,12,0.21986030620745864,0.02930497731597239,0.0,0.4,0.4,0.0,0.0,0.0,0.505579399141631,E1 전체 기간,공정 값 23 + 파생 전체,트리
랜덤포레스트,13,0.11215416407223515,0.025174394933463587,0.0,0.2,0.2,0.028169014084507043,0.2,0.015151515151515152,0.48484848484848486,E1 전체 기간,공정 값 23 + 파생 전체,트리
랜덤포레스트,14,0.03337984935972884,0.039720821499310915,0.0,0.6,0.6,0.043243243243243246,0.8,0.022222222222222223,0.5818181818181818,E1 전체 기간,공정 값 23 + 파생 전체,트리
랜덤포레스트,15,0.21707151837006364,0.024814321521244433,0.0,0.0,0.2,0.0,0.0,0.0,0.5116883116883117,E1 전체 기간,공정 값 23 + 파생 전체,트리
랜덤포레스트,16,0.11578782783084665,0.029917310937930548,0.0,0.2,0.2,0.03773584905660377,0.2,0.020833333333333332,0.5956709956709957,E1 전체 기간,공정 값 23 + 파생 전체,트리
랜덤포레스트,17,0.03749606710620082,0.05003657395880299,0.2,0.2,0.4,0.050314465408805034,0.8,0.025974025974025976,0.5390557939914163,E1 전체 기간,공정 값 23 + 파생 전체,트리
랜덤포레스트,18,0.058845116006172093,0.03618742515218085,0.0,0.0,0.4,0.08264462809917356,1.0,0.04310344827586207,0.6753246753246753,E1 전체 기간,공정 값 23 + 파생 전체,트리
랜덤포레스트,19,0.06623993614902256,0.02739037611044059,0.0,0.2,0.2,0.049586776859504134,0.6,0.02586206896551724,0.5454545454545454,E1 전체 기간,공정 값 23 + 파생 전체,트리
랜덤포레스트,20,0.053036844086343085,0.02232336763219575,0.0,0.0,0.0,0.040268456375838924,0.6,0.020833333333333332,0.4666666666666667,E1 전체 기간,공정 값 23 + 파생 전체,트리
랜덤포레스트,21,0.14863693517888182,0.021706293588639108,0.0,0.0,0.2,0.0,0.0,0.0,0.4164502164502165,E1 전체 기간,공정 값 23 + 파생 전체,트리
랜덤포레스트,22,0.041624276439532044,0.02202272474046515,0.0,0.0,0.2,0.037267080745341616,0.6,0.019230769230769232,0.46180257510729616,E1 전체 기간,공정 값 23 + 파생 전체,트리
랜덤포레스트,23,0.04602257738566051,0.05393988058534269,0.4,0.4,0.4,0.053691275167785234,0.8,0.027777777777777776,0.6683982683982683,E1 전체 기간,공정 값 23 + 파생 전체,트리
랜덤포레스트,24,0.28986604625239,0.03604842250670074,0.2,0.2,0.4,0.10526315789473684,0.2,0.07142857142857142,0.47705627705627707,E1 전체 기간,공정 값 23 + 파생 전체,트리
랜덤포레스트,25,0.32186270732436795,0.02235202705790941,0.0,0.0,0.2,0.0,0.0,0.0,0.4484848484848485,E1 전체 기간,공정 값 23 + 파생 전체,트리
랜덤포레스트,26,0.02070321077666029,0.0415803350517926,0.0,0.2,0.4,0.045662100456621,1.0,0.02336448598130841,0.7064935064935065,E1 전체 기간,공정 값 23 + 파생 전체,트리
랜덤포레스트,27,0.008771566597653555,0.03196297323091582,0.2,0.2,0.2,0.04219409282700422,1.0,0.021551724137931036,0.5957081545064378,E1 전체 기간,공정 값 23 + 파생 전체,트리
랜덤포레스트,28,0.14193498886858752,0.030986859157753684,0.0,0.2,0.4,0.06349206349206349,0.4,0.034482758620689655,0.529004329004329,E1 전체 기간,공정 값 23 + 파생 전체,트리
랜덤포레스트,29,0.18644786175614314,0.02558815628734902,0.0,0.2,0.2,0.0,0.0,0.0,0.5246753246753246,E1 전체 기간,공정 값 23 + 파생 전체,트리
랜덤포레스트,30,0.022875697973524064,0.04696703296703297,0.0,0.4,0.6,0.05291005291005291,1.0,0.02717391304347826,0.7454545454545455,E1 전체 기간,공정 값 23 + 파생 전체,트리
랜덤포레스트,31,0.08842765533397506,0.01753506628631036,0.0,0.0,0.0,0.0,0.0,0.0,0.3125541125541126,E1 전체 기간,공정 값 23 + 파생 전체,트리
랜덤포레스트,32,0.00886535303776683,0.047786483673080846,0.2,0.2,0.4,0.04329004329004329,1.0,0.022123893805309734,0.6334763948497855,E1 전체 기간,공정 값 23 + 파생 전체,트리
랜덤포레스트,33,0.07504497917968221,0.020289140963474336,0.0,0.2,0.2,0.020202020202020204,0.2,0.010638297872340425,0.3281385281385282,E1 전체 기간,공정 값 23 + 파생 전체,트리
랜덤포레스트,34,0.27719954320014395,0.028500355366027005,0.2,0.2,0.2,0.0,0.0,0.0,0.5116883116883117,E1 전체 기간,공정 값 23 + 파생 전체,트리
랜덤포레스트,35,0.21614328203197328,0.026067404864765203,0.0,0.2,0.2,0.0,0.0,0.0,0.5376623376623376,E1 전체 기간,공정 값 23 + 파생 전체,트리
랜덤포레스트,36,0.0644492669013132,0.04182796522864465,0.2,0.2,0.4,0.08080808080808081,0.8,0.0425531914893617,0.6207792207792208,E1 전체 기간,공정 값 23 + 파생 전체,트리
랜덤포레스트,37,0.08970393138919835,0.04366874667487132,0.0,0.4,0.4,0.04938271604938271,0.4,0.02631578947368421,0.7210300429184548,E1 전체 기간,공정 값 23 + 파생 전체,트리
랜덤포레스트,38,0.08436575525324085,0.024675177116848305,0.0,0.0,0.2,0.056074766355140186,0.6,0.029411764705882353,0.5064935064935066,E1 전체 기간,공정 값 23 + 파생 전체,트리
랜덤포레스트,39,0.047965690332444265,0.01689807949090809,0.0,0.0,0.0,0.01652892561983471,0.2,0.008620689655172414,0.2909090909090909,E1 전체 기간,공정 값 23 + 파생 전체,트리
랜덤포레스트,40,0.011444003527336861,0.052010211562251954,0.2,0.2,0.2,0.04405286343612335,1.0,0.02252252252252252,0.49523809523809526,E1 전체 기간,공정 값 23 + 파생 전체,트리
랜덤포레스트,41,0.05239188207208038,0.055596880131362894,0.0,0.6,0.6,0.07633587786259542,1.0,0.03968253968253968,0.7818181818181819,E1 전체 기간,공정 값 23 + 파생 전체,트리
랜덤포레스트,42,0.10604350545577816,0.03240897729741543,0.0,0.2,0.6,0.08695652173913043,0.6,0.046875,0.5742489270386266,E1 전체 기간,공정 값 23 + 파생 전체,트리
랜덤포레스트,43,0.043185430382765,0.021946702907801305,0.0,0.0,0.2,0.02877697841726619,0.4,0.014925373134328358,0.4103896103896104,E1 전체 기간,공정 값 23 + 파생 전체,트리
랜덤포레스트,44,0.20712765051516457,0.06147697523048787,0.2,0.4,0.6,0.08,0.2,0.05,0.7125541125541126,E1 전체 기간,공정 값 23 + 파생 전체,트리
랜덤포레스트,45,0.17946929946352144,0.026334513234933993,0.0,0.2,0.4,0.0,0.0,0.0,0.5168831168831169,E1 전체 기간,공정 값 23 + 파생 전체,트리
랜덤포레스트,46,0.018518488047899816,0.026047591883721556,0.0,0.2,0.2,0.037209302325581395,0.8,0.01904761904761905,0.4562770562770563,E1 전체 기간,공정 값 23 + 파생 전체,트리
랜덤포레스트,47,0.23062871588199707,0.038424068361521825,0.0,0.4,0.4,0.0,0.0,0.0,0.6695278969957081,E1 전체 기간,공정 값 23 + 파생 전체,트리
랜덤포레스트,48,0.17351619886861283,0.025178192485201124,0.0,0.0,0.2,0.0,0.0,0.0,0.5272727272727273,E1 전체 기간,공정 값 23 + 파생 전체,트리
랜덤포레스트,49,0.1716081651791264,0.034736866514593526,0.2,0.2,0.4,0.03636363636363636,0.2,0.02,0.6329004329004329,E1 전체 기간,공정 값 23 + 파생 전체,트리
엑스트라트리,0,0.012320249561726644,0.03880208985388014,0.0,0.2,0.6,0.04184100418410042,1.0,0.021367521367521368,0.683982683982684,E1 전체 기간,공정 값 23 + 파생 전체,트리
엑스트라트리,1,0.009431278731588328,0.017152404064712676,0.0,0.0,0.0,0.03375527426160337,0.8,0.017241379310344827,0.296969696969697,E1 전체 기간,공정 값 23 + 파생 전체,트리
엑스트라트리,2,0.06889090032310738,0.015954363240924294,0.0,0.0,0.0,0.0,0.0,0.0,0.2549356223175966,E1 전체 기간,공정 값 23 + 파생 전체,트리
엑스트라트리,3,0.03456990515697642,0.027674396302260186,0.0,0.2,0.2,0.05025125628140704,1.0,0.02577319587628866,0.541991341991342,E1 전체 기간,공정 값 23 + 파생 전체,트리
엑스트라트리,4,0.040273577194581515,0.023461506384272517,0.0,0.0,0.2,0.055865921787709494,1.0,0.028735632183908046,0.4935064935064935,E1 전체 기간,공정 값 23 + 파생 전체,트리
엑스트라트리,5,0.031119830770664877,0.021533638025271584,0.0,0.0,0.2,0.04419889502762431,0.8,0.022727272727272728,0.425974025974026,E1 전체 기간,공정 값 23 + 파생 전체,트리
엑스트라트리,6,0.0781404600112332,0.026754914576252613,0.0,0.2,0.4,0.05333333333333334,0.4,0.02857142857142857,0.45021645021645024,E1 전체 기간,공정 값 23 + 파생 전체,트리
엑스트라트리,7,0.043549737325309736,0.0316064237297,0.2,0.2,0.2,0.049079754601226995,0.8,0.02531645569620253,0.5630901287553648,E1 전체 기간,공정 값 23 + 파생 전체,트리
엑스트라트리,8,0.09713941951035988,0.024744755156911692,0.0,0.0,0.4,0.03389830508474576,0.2,0.018518518518518517,0.4632034632034632,E1 전체 기간,공정 값 23 + 파생 전체,트리
엑스트라트리,9,0.08571872103779679,0.02015043794072429,0.0,0.0,0.0,0.0,0.0,0.0,0.38614718614718613,E1 전체 기간,공정 값 23 + 파생 전체,트리
엑스트라트리,10,0.10448697215026916,0.023103780243315126,0.0,0.2,0.2,0.0,0.0,0.0,0.4329004329004329,E1 전체 기간,공정 값 23 + 파생 전체,트리
엑스트라트리,11,0.02780175997203344,0.025062755652357223,0.0,0.2,0.4,0.046948356807511735,1.0,0.02403846153846154,0.48484848484848486,E1 전체 기간,공정 값 23 + 파생 전체,트리
엑스트라트리,12,0.06931050516225674,0.02725931187169004,0.0,0.2,0.2,0.04597701149425287,0.4,0.024390243902439025,0.5141630901287553,E1 전체 기간,공정 값 23 + 파생 전체,트리
엑스트라트리,13,0.06651218053116506,0.019263929042004368,0.0,0.0,0.0,0.0,0.0,0.0,0.3774891774891775,E1 전체 기간,공정 값 23 + 파생 전체,트리
엑스트라트리,14,0.037575680095678195,0.037067109374467215,0.2,0.4,0.4,0.03821656050955414,0.6,0.019736842105263157,0.5731601731601732,E1 전체 기간,공정 값 23 + 파생 전체,트리
엑스트라트리,15,0.06548296450682477,0.024807034834412697,0.0,0.0,0.2,0.03669724770642202,0.4,0.019230769230769232,0.49350649350649356,E1 전체 기간,공정 값 23 + 파생 전체,트리
엑스트라트리,16,0.05268778649770801,0.024883925693289004,0.0,0.0,0.2,0.055944055944055944,0.8,0.028985507246376812,0.5194805194805194,E1 전체 기간,공정 값 23 + 파생 전체,트리
엑스트라트리,17,0.01248194695731704,0.027598962933439778,0.0,0.2,0.2,0.04329004329004329,1.0,0.022123893805309734,0.5270386266094421,E1 전체 기간,공정 값 23 + 파생 전체,트리
엑스트라트리,18,0.08993575701316,0.02389357030377789,0.0,0.0,0.2,0.0,0.0,0.0,0.496969696969697,E1 전체 기간,공정 값 23 + 파생 전체,트리
엑스트라트리,19,0.036904817251984835,0.030688469990136767,0.0,0.0,0.2,0.05025125628140704,1.0,0.02577319587628866,0.6077922077922078,E1 전체 기간,공정 값 23 + 파생 전체,트리
엑스트라트리,20,0.07717156071325978,0.028913235710243353,0.0,0.0,0.2,0.0594059405940594,0.6,0.03125,0.5913419913419914,E1 전체 기간,공정 값 23 + 파생 전체,트리
엑스트라트리,21,0.13468175344734323,0.015289118507511103,0.0,0.0,0.0,0.0,0.0,0.0,0.20692640692640696,E1 전체 기간,공정 값 23 + 파생 전체,트리
엑스트라트리,22,0.11259610656884808,0.019638199516864834,0.0,0.0,0.0,0.0,0.0,0.0,0.38969957081545065,E1 전체 기간,공정 값 23 + 파생 전체,트리
엑스트라트리,23,0.03482606455806907,0.029489711627444768,0.0,0.2,0.4,0.04371584699453552,0.8,0.02247191011235955,0.5523809523809524,E1 전체 기간,공정 값 23 + 파생 전체,트리
엑스트라트리,24,0.060102754827841484,0.052322622373840943,0.2,0.2,0.2,0.034782608695652174,0.4,0.01818181818181818,0.48744588744588746,E1 전체 기간,공정 값 23 + 파생 전체,트리
엑스트라트리,25,0.07592245431939015,0.020425289080237833,0.0,0.2,0.2,0.02247191011235955,0.2,0.011904761904761904,0.3567099567099567,E1 전체 기간,공정 값 23 + 파생 전체,트리
엑스트라트리,26,0.04060652718690793,0.027823275183601143,0.2,0.2,0.2,0.03870967741935484,0.6,0.02,0.5056277056277056,E1 전체 기간,공정 값 23 + 파생 전체,트리
엑스트라트리,27,0.0,0.03368726698780806,0.2,0.2,0.2,0.0411522633744856,1.0,0.02100840336134454,0.5957081545064378,E1 전체 기간,공정 값 23 + 파생 전체,트리
엑스트라트리,28,0.08194539859761155,0.03311609999166531,0.2,0.2,0.4,0.04938271604938271,0.4,0.02631578947368421,0.36796536796536794,E1 전체 기간,공정 값 23 + 파생 전체,트리
엑스트라트리,29,0.05402258723184205,0.021900830995124937,0.0,0.0,0.0,0.04195804195804196,0.6,0.021739130434782608,0.4380952380952381,E1 전체 기간,공정 값 23 + 파생 전체,트리
엑스트라트리,30,0.0649397733083849,0.04570933102591998,0.0,0.4,0.6,0.05504587155963303,0.6,0.028846153846153848,0.7125541125541126,E1 전체 기간,공정 값 23 + 파생 전체,트리
엑스트라트리,31,0.09960438029499218,0.026125267839625356,0.0,0.2,0.4,0.0,0.0,0.0,0.4683982683982684,E1 전체 기간,공정 값 23 + 파생 전체,트리
엑스트라트리,32,0.0032592592592592586,0.026880748083979115,0.0,0.2,0.2,0.04184100418410042,1.0,0.021367521367521368,0.542489270386266,E1 전체 기간,공정 값 23 + 파생 전체,트리
엑스트라트리,33,0.07875317585874028,0.016139259550942316,0.0,0.0,0.2,0.02666666666666667,0.2,0.014285714285714285,0.21385281385281385,E1 전체 기간,공정 값 23 + 파생 전체,트리
엑스트라트리,34,0.08458382807648766,0.038354932114080746,0.2,0.2,0.4,0.05970149253731343,0.4,0.03225806451612903,0.529004329004329,E1 전체 기간,공정 값 23 + 파생 전체,트리
엑스트라트리,35,0.07529532146251461,0.03007519609581465,0.0,0.2,0.4,0.056074766355140186,0.6,0.029411764705882353,0.5532467532467532,E1 전체 기간,공정 값 23 + 파생 전체,트리
엑스트라트리,36,0.025032413764418265,0.22227173210543855,0.2,0.2,0.4,0.03902439024390244,0.8,0.02,0.5411255411255411,E1 전체 기간,공정 값 23 + 파생 전체,트리
엑스트라트리,37,0.09380379175960443,0.033254329004329,0.0,0.2,0.4,0.0392156862745098,0.2,0.021739130434782608,0.6334763948497854,E1 전체 기간,공정 값 23 + 파생 전체,트리
엑스트라트리,38,0.08705188944219171,0.02120972914728094,0.0,0.0,0.0,0.0,0.0,0.0,0.438961038961039,E1 전체 기간,공정 값 23 + 파생 전체,트리
엑스트라트리,39,0.06520331034676823,0.022160902760219463,0.0,0.2,0.2,0.0380952380952381,0.4,0.02,0.393939393939394,E1 전체 기간,공정 값 23 + 파생 전체,트리
엑스트라트리,40,0.08792970697201051,0.026824694162774537,0.0,0.2,0.4,0.031746031746031744,0.2,0.017241379310344827,0.5142857142857143,E1 전체 기간,공정 값 23 + 파생 전체,트리
엑스트라트리,41,0.08076793729616527,0.028098064100343857,0.0,0.2,0.4,0.03636363636363636,0.2,0.02,0.529004329004329,E1 전체 기간,공정 값 23 + 파생 전체,트리
엑스트라트리,42,0.03974479873893136,0.03492868242868243,0.2,0.2,0.2,0.05714285714285714,1.0,0.029411764705882353,0.5776824034334764,E1 전체 기간,공정 값 23 + 파생 전체,트리
엑스트라트리,43,0.08373360366233916,0.024118416950748373,0.0,0.2,0.2,0.0273972602739726,0.2,0.014705882352941176,0.4545454545454546,E1 전체 기간,공정 값 23 + 파생 전체,트리
엑스트라트리,44,0.12285687111544595,0.029426853764124274,0.0,0.0,0.2,0.0,0.0,0.0,0.5948051948051948,E1 전체 기간,공정 값 23 + 파생 전체,트리
엑스트라트리,45,0.09461913945073676,0.01952753384116842,0.0,0.0,0.0,0.0,0.0,0.0,0.38701298701298703,E1 전체 기간,공정 값 23 + 파생 전체,트리
엑스트라트리,46,0.028121678702059453,0.02621148121127025,0.0,0.2,0.2,0.03755868544600939,0.8,0.019230769230769232,0.48744588744588746,E1 전체 기간,공정 값 23 + 파생 전체,트리
엑스트라트리,47,0.13222181528060897,0.030295351946728097,0.2,0.2,0.4,0.0,0.0,0.0,0.5098712446351932,E1 전체 기간,공정 값 23 + 파생 전체,트리
엑스트라트리,48,0.07809184225260374,0.016060942227903906,0.0,0.0,0.0,0.0,0.0,0.0,0.24155844155844153,E1 전체 기간,공정 값 23 + 파생 전체,트리
엑스트라트리,49,0.03413808696912552,0.028202414148324938,0.0,0.0,0.2,0.057803468208092484,1.0,0.02976190476190476,0.5757575757575757,E1 전체 기간,공정 값 23 + 파생 전체,트리
GradientBoosting,0,0.012207225548644618,0.07846172259324484,0.2,0.2,0.2,0.046511627906976744,0.2,0.02631578947368421,0.6666666666666667,E1 전체 기간,공정 값 23 + 파생 전체,부스팅
GradientBoosting,1,0.02291370828923768,0.03772915684084148,0.0,0.4,0.4,0.0,0.0,0.0,0.6277056277056277,E1 전체 기간,공정 값 23 + 파생 전체,부스팅
GradientBoosting,2,0.04226591970326334,0.033210787015908544,0.0,0.4,0.4,0.0,0.0,0.0,0.5510729613733906,E1 전체 기간,공정 값 23 + 파생 전체,부스팅
GradientBoosting,3,0.26821518173558784,0.11741278385882702,0.4,0.4,0.4,0.0,0.0,0.0,0.5714285714285714,E1 전체 기간,공정 값 23 + 파생 전체,부스팅
GradientBoosting,4,0.006975752411330011,0.09168921841210997,0.4,0.6,0.8,0.1276595744680851,0.6,0.07142857142857142,0.8398268398268398,E1 전체 기간,공정 값 23 + 파생 전체,부스팅
GradientBoosting,5,0.012204886617973008,0.03700021571041539,0.0,0.4,0.4,0.05405405405405406,0.2,0.03125,0.6095238095238096,E1 전체 기간,공정 값 23 + 파생 전체,부스팅
GradientBoosting,6,0.02365171245120331,0.22516465957294268,0.2,0.2,0.4,0.13333333333333333,0.2,0.1,0.5904761904761905,E1 전체 기간,공정 값 23 + 파생 전체,부스팅
GradientBoosting,7,0.4077092117577275,0.06036117421119803,0.2,0.2,0.4,0.0,0.0,0.0,0.6437768240343348,E1 전체 기간,공정 값 23 + 파생 전체,부스팅
GradientBoosting,8,0.027194009390191634,0.04559457280777099,0.4,0.4,0.4,0.0,0.0,0.0,0.5575757575757576,E1 전체 기간,공정 값 23 + 파생 전체,부스팅
GradientBoosting,9,0.017422405975511864,0.05188695794795729,0.4,0.4,0.4,0.10256410256410256,0.4,0.058823529411764705,0.6735930735930736,E1 전체 기간,공정 값 23 + 파생 전체,부스팅
GradientBoosting,10,0.05195007568304042,0.15565782044042914,0.4,0.6,0.6,0.15384615384615385,0.2,0.125,0.7004329004329004,E1 전체 기간,공정 값 23 + 파생 전체,부스팅
GradientBoosting,11,0.0020506175033218692,0.033314993659155204,0.0,0.4,0.4,0.04149377593360996,1.0,0.0211864406779661,0.5238095238095238,E1 전체 기간,공정 값 23 + 파생 전체,부스팅
GradientBoosting,12,0.06888304498040818,0.1101250199076286,0.4,0.4,0.4,0.26666666666666666,0.4,0.2,0.6755364806866953,E1 전체 기간,공정 값 23 + 파생 전체,부스팅
GradientBoosting,13,0.022970545061329947,0.027365508814436203,0.2,0.2,0.2,0.0,0.0,0.0,0.4761904761904762,E1 전체 기간,공정 값 23 + 파생 전체,부스팅
GradientBoosting,14,0.009557351807305143,0.08689275931056915,0.2,0.2,0.4,0.05128205128205128,0.2,0.029411764705882353,0.5064935064935066,E1 전체 기간,공정 값 23 + 파생 전체,부스팅
GradientBoosting,15,0.042509879258168716,0.045695951107715814,0.2,0.4,0.4,0.0,0.0,0.0,0.6727272727272727,E1 전체 기간,공정 값 23 + 파생 전체,부스팅
GradientBoosting,16,0.007788828620625154,0.05055120133659032,0.2,0.4,0.6,0.09836065573770492,0.6,0.05357142857142857,0.7203463203463203,E1 전체 기간,공정 값 23 + 파생 전체,부스팅
GradientBoosting,17,0.02309265232562725,0.0230027319420493,0.0,0.0,0.2,0.0,0.0,0.0,0.4240343347639485,E1 전체 기간,공정 값 23 + 파생 전체,부스팅
GradientBoosting,18,0.007235409332517424,0.07668541863907745,0.6,0.6,0.6,0.09523809523809523,0.6,0.05172413793103448,0.6995670995670995,E1 전체 기간,공정 값 23 + 파생 전체,부스팅
GradientBoosting,19,0.007522842766747641,0.06821733532900733,0.2,0.6,0.6,0.09230769230769231,0.6,0.05,0.7610389610389611,E1 전체 기간,공정 값 23 + 파생 전체,부스팅
GradientBoosting,20,0.04596474383694099,0.04514942962011592,0.2,0.2,0.6,0.07407407407407407,0.2,0.045454545454545456,0.722943722943723,E1 전체 기간,공정 값 23 + 파생 전체,부스팅
GradientBoosting,21,0.01212790320230023,0.015063368999882632,0.0,0.0,0.0,0.0,0.0,0.0,0.18874458874458877,E1 전체 기간,공정 값 23 + 파생 전체,부스팅
GradientBoosting,22,0.043478741747360494,0.023593998252224725,0.0,0.2,0.2,0.0,0.0,0.0,0.4480686695278969,E1 전체 기간,공정 값 23 + 파생 전체,부스팅
GradientBoosting,23,0.010171761331113341,0.07074513308567171,0.4,0.4,0.8,0.12903225806451613,0.4,0.07692307692307693,0.8121212121212121,E1 전체 기간,공정 값 23 + 파생 전체,부스팅
GradientBoosting,24,0.005292500138124198,0.046401231618622925,0.0,0.6,0.6,0.06060606060606061,0.6,0.031914893617021274,0.6658008658008658,E1 전체 기간,공정 값 23 + 파생 전체,부스팅
GradientBoosting,25,0.05416122991214614,0.043499923731739096,0.2,0.6,0.6,0.0,0.0,0.0,0.6034632034632035,E1 전체 기간,공정 값 23 + 파생 전체,부스팅
GradientBoosting,26,0.08236030144854484,0.031132580958230894,0.2,0.2,0.2,0.0,0.0,0.0,0.44155844155844154,E1 전체 기간,공정 값 23 + 파생 전체,부스팅
GradientBoosting,27,0.00685717448417161,0.12490678556308103,0.2,0.2,0.6,0.08955223880597014,0.6,0.04838709677419355,0.542489270386266,E1 전체 기간,공정 값 23 + 파생 전체,부스팅
GradientBoosting,28,0.006139533240581789,0.04224183622798475,0.2,0.2,0.2,0.0392156862745098,0.2,0.021739130434782608,0.6311688311688312,E1 전체 기간,공정 값 23 + 파생 전체,부스팅
GradientBoosting,29,0.009290604283879816,0.13634097366545184,0.4,0.4,0.6,0.0851063829787234,0.4,0.047619047619047616,0.6398268398268399,E1 전체 기간,공정 값 23 + 파생 전체,부스팅
GradientBoosting,30,0.0081169728021218,0.033446587709376786,0.2,0.2,0.4,0.044444444444444446,0.2,0.025,0.5913419913419913,E1 전체 기간,공정 값 23 + 파생 전체,부스팅
GradientBoosting,31,0.028732702278498876,0.061696978317417835,0.4,0.6,0.6,0.0,0.0,0.0,0.6952380952380952,E1 전체 기간,공정 값 23 + 파생 전체,부스팅
GradientBoosting,32,0.0017874264576939435,0.12693861043706245,0.4,0.6,0.6,0.04219409282700422,1.0,0.021551724137931036,0.8137339055793991,E1 전체 기간,공정 값 23 + 파생 전체,부스팅
GradientBoosting,33,0.021423307313846316,0.027798823057123577,0.0,0.0,0.0,0.0,0.0,0.0,0.5497835497835497,E1 전체 기간,공정 값 23 + 파생 전체,부스팅
GradientBoosting,34,0.045421233215175556,0.06948236256001587,0.2,0.6,0.6,0.0,0.0,0.0,0.6155844155844157,E1 전체 기간,공정 값 23 + 파생 전체,부스팅
GradientBoosting,35,0.011694576788208694,0.09184108690631712,0.6,0.8,0.8,0.12698412698412698,0.8,0.06896551724137931,0.7783549783549784,E1 전체 기간,공정 값 23 + 파생 전체,부스팅
GradientBoosting,36,0.00834066863403862,0.04888980027467678,0.2,0.4,0.4,0.10810810810810811,0.4,0.0625,0.541991341991342,E1 전체 기간,공정 값 23 + 파생 전체,부스팅
GradientBoosting,37,0.05966141500254469,0.031070865241647913,0.0,0.2,0.2,0.0,0.0,0.0,0.6214592274678111,E1 전체 기간,공정 값 23 + 파생 전체,부스팅
GradientBoosting,38,0.06990530875674132,0.04942525322031963,0.2,0.4,0.6,0.0,0.0,0.0,0.741991341991342,E1 전체 기간,공정 값 23 + 파생 전체,부스팅
GradientBoosting,39,0.027034347925497554,0.12853454634176142,0.2,0.2,0.6,0.09523809523809523,0.2,0.0625,0.5956709956709957,E1 전체 기간,공정 값 23 + 파생 전체,부스팅
GradientBoosting,40,0.0044627727008054435,0.021232951073935403,0.0,0.0,0.2,0.02197802197802198,0.2,0.011627906976744186,0.4086580086580087,E1 전체 기간,공정 값 23 + 파생 전체,부스팅
GradientBoosting,41,0.02620908657219267,0.036666446802839876,0.0,0.2,0.6,0.0,0.0,0.0,0.6216450216450217,E1 전체 기간,공정 값 23 + 파생 전체,부스팅
GradientBoosting,42,0.005473744876092169,0.11985808238144685,0.6,0.6,0.6,0.06315789473684211,0.6,0.03333333333333333,0.7064377682403433,E1 전체 기간,공정 값 23 + 파생 전체,부스팅
GradientBoosting,43,0.0016287395494089907,0.08012465780785544,0.4,0.4,0.8,0.04149377593360996,1.0,0.0211864406779661,0.7281385281385282,E1 전체 기간,공정 값 23 + 파생 전체,부스팅
GradientBoosting,44,0.07053650836366997,0.08196827504201754,0.2,0.2,0.4,0.18181818181818182,0.2,0.16666666666666666,0.7134199134199134,E1 전체 기간,공정 값 23 + 파생 전체,부스팅
GradientBoosting,45,0.010235631616909456,0.06994578979126921,0.4,0.4,0.6,0.07547169811320754,0.4,0.041666666666666664,0.741991341991342,E1 전체 기간,공정 값 23 + 파생 전체,부스팅
GradientBoosting,46,0.01151503749081912,0.06688686534113755,0.4,0.6,0.6,0.12903225806451613,0.4,0.07692307692307693,0.6675324675324675,E1 전체 기간,공정 값 23 + 파생 전체,부스팅
GradientBoosting,47,0.013823912649088197,0.03547156523402056,0.0,0.0,0.6,0.0,0.0,0.0,0.6540772532188841,E1 전체 기간,공정 값 23 + 파생 전체,부스팅
GradientBoosting,48,0.004453523753066909,0.12067774236131233,0.4,0.8,0.8,0.0898876404494382,0.8,0.047619047619047616,0.7627705627705629,E1 전체 기간,공정 값 23 + 파생 전체,부스팅
GradientBoosting,49,0.028024732946692506,0.029418823951140708,0.0,0.2,0.2,0.0,0.0,0.0,0.5619047619047619,E1 전체 기간,공정 값 23 + 파생 전체,부스팅
HistGradientBoosting,0,2.2306094386782288e-05,0.09043785671692649,0.4,0.4,0.6,0.07092198581560284,1.0,0.03676470588235294,0.7792207792207793,E1 전체 기간,공정 값 23 + 파생 전체,부스팅
HistGradientBoosting,1,0.008650345684700652,0.026020780015578057,0.0,0.2,0.4,0.0,0.0,0.0,0.4441558441558442,E1 전체 기간,공정 값 23 + 파생 전체,부스팅
HistGradientBoosting,2,2.192957283353338e-05,0.05622759177825257,0.2,0.4,0.4,0.034334763948497854,0.8,0.017543859649122806,0.46008583690987126,E1 전체 기간,공정 값 23 + 파생 전체,부스팅
HistGradientBoosting,3,2.230378958704534e-05,0.11727577161355138,0.4,0.6,0.6,0.072992700729927,1.0,0.03787878787878788,0.7705627705627706,E1 전체 기간,공정 값 23 + 파생 전체,부스팅
HistGradientBoosting,4,2.2319227551743298e-05,0.025649326392304966,0.0,0.2,0.2,0.04878048780487805,0.6,0.025423728813559324,0.5125541125541125,E1 전체 기간,공정 값 23 + 파생 전체,부스팅
HistGradientBoosting,5,0.00036951130591578114,0.017511713603720662,0.0,0.0,0.0,0.0,0.0,0.0,0.3142857142857143,E1 전체 기간,공정 값 23 + 파생 전체,부스팅
HistGradientBoosting,6,0.0011134907160853613,0.10585168221880031,0.2,0.6,0.6,0.13333333333333333,0.2,0.1,0.6536796536796536,E1 전체 기간,공정 값 23 + 파생 전체,부스팅
HistGradientBoosting,7,0.0023758632842909226,0.04613136863136862,0.2,0.4,0.4,0.06896551724137931,0.2,0.041666666666666664,0.6386266094420602,E1 전체 기간,공정 값 23 + 파생 전체,부스팅
HistGradientBoosting,8,0.04984429307025244,0.038223461937817345,0.0,0.6,0.6,0.0,0.0,0.0,0.5783549783549783,E1 전체 기간,공정 값 23 + 파생 전체,부스팅
HistGradientBoosting,9,2.2303770312589923e-05,0.025302663438256656,0.0,0.2,0.4,0.035555555555555556,0.8,0.01818181818181818,0.43636363636363634,E1 전체 기간,공정 값 23 + 파생 전체,부스팅
HistGradientBoosting,10,2.21512625288318e-05,0.06387071067499257,0.2,0.2,0.4,0.04149377593360996,1.0,0.0211864406779661,0.5575757575757576,E1 전체 기간,공정 값 23 + 파생 전체,부스팅
HistGradientBoosting,11,0.0056081370206232635,0.03533465389184039,0.0,0.2,0.4,0.0,0.0,0.0,0.658008658008658,E1 전체 기간,공정 값 23 + 파생 전체,부스팅
HistGradientBoosting,12,0.0001942279623804585,0.02127270128927954,0.0,0.2,0.2,0.0,0.0,0.0,0.41030042918454934,E1 전체 기간,공정 값 23 + 파생 전체,부스팅
HistGradientBoosting,13,6.96520155552526e-05,0.04514984783441159,0.2,0.4,0.4,0.09302325581395349,0.4,0.05263157894736842,0.6207792207792208,E1 전체 기간,공정 값 23 + 파생 전체,부스팅
HistGradientBoosting,14,0.0002322084083125001,0.05511934988329667,0.2,0.4,0.8,0.11428571428571428,0.4,0.06666666666666667,0.7116883116883117,E1 전체 기간,공정 값 23 + 파생 전체,부스팅
HistGradientBoosting,15,2.200938184896478e-05,0.03780507816841071,0.2,0.2,0.2,0.04291845493562232,1.0,0.021929824561403508,0.6034632034632035,E1 전체 기간,공정 값 23 + 파생 전체,부스팅
HistGradientBoosting,16,0.027493586508670006,0.017193806895809606,0.0,0.0,0.0,0.0,0.0,0.0,0.2943722943722944,E1 전체 기간,공정 값 23 + 파생 전체,부스팅
HistGradientBoosting,17,2.4664265906743503e-05,0.06548012786629415,0.2,0.2,0.4,0.06060606060606061,0.6,0.031914893617021274,0.6094420600858369,E1 전체 기간,공정 값 23 + 파생 전체,부스팅
HistGradientBoosting,18,2.1959380827870213e-05,0.22405153163388714,0.2,0.2,0.2,0.04219409282700422,1.0,0.021551724137931036,0.6051948051948053,E1 전체 기간,공정 값 23 + 파생 전체,부스팅
HistGradientBoosting,19,2.357141055143354e-05,0.04402170434929056,0.2,0.2,0.2,0.05128205128205128,0.6,0.026785714285714284,0.5393939393939393,E1 전체 기간,공정 값 23 + 파생 전체,부스팅
HistGradientBoosting,20,4.7365979888854273e-05,0.0333812582345191,0.0,0.0,0.4,0.0,0.0,0.0,0.6432900432900434,E1 전체 기간,공정 값 23 + 파생 전체,부스팅
HistGradientBoosting,21,0.0967639747626366,0.024916628348212976,0.0,0.0,0.4,0.0,0.0,0.0,0.49783549783549785,E1 전체 기간,공정 값 23 + 파생 전체,부스팅
HistGradientBoosting,22,0.6309402558516697,0.0870398304249236,0.4,0.4,0.6,0.0,0.0,0.0,0.7759656652360514,E1 전체 기간,공정 값 23 + 파생 전체,부스팅
HistGradientBoosting,23,2.344817762392605e-05,0.02288949044581955,0.2,0.2,0.2,0.01680672268907563,0.2,0.008771929824561403,0.2874458874458875,E1 전체 기간,공정 값 23 + 파생 전체,부스팅
HistGradientBoosting,24,0.00014162730026927414,0.037288138044632865,0.2,0.2,0.2,0.07407407407407407,0.2,0.045454545454545456,0.4138528138528138,E1 전체 기간,공정 값 23 + 파생 전체,부스팅
HistGradientBoosting,25,0.978592950931267,0.02555256554605741,0.0,0.2,0.2,0.0,0.0,0.0,0.48484848484848486,E1 전체 기간,공정 값 23 + 파생 전체,부스팅
HistGradientBoosting,26,0.0018145821048938583,0.038548305604682406,0.0,0.4,0.6,0.0,0.0,0.0,0.6173160173160174,E1 전체 기간,공정 값 23 + 파생 전체,부스팅
HistGradientBoosting,27,2.230374489903478e-05,0.03350443979657463,0.2,0.2,0.4,0.04519774011299435,0.8,0.023255813953488372,0.5836909871244635,E1 전체 기간,공정 값 23 + 파생 전체,부스팅
HistGradientBoosting,28,0.00037294016005669873,0.025137522560639333,0.2,0.2,0.2,0.05714285714285714,0.2,0.03333333333333333,0.38614718614718613,E1 전체 기간,공정 값 23 + 파생 전체,부스팅
HistGradientBoosting,29,0.01795333896641852,0.04591587915350047,0.2,0.2,0.6,0.11764705882352941,0.2,0.08333333333333333,0.6510822510822512,E1 전체 기간,공정 값 23 + 파생 전체,부스팅
HistGradientBoosting,30,3.5080730926957824e-05,0.1039695720945721,0.2,0.4,0.6,0.0851063829787234,0.4,0.047619047619047616,0.6735930735930735,E1 전체 기간,공정 값 23 + 파생 전체,부스팅
HistGradientBoosting,31,0.002749903907939306,0.01959710555546776,0.0,0.0,0.0,0.0,0.0,0.0,0.38787878787878793,E1 전체 기간,공정 값 23 + 파생 전체,부스팅
HistGradientBoosting,32,0.0007927102472215395,0.044061435902517154,0.2,0.4,0.4,0.0,0.0,0.0,0.7150214592274677,E1 전체 기간,공정 값 23 + 파생 전체,부스팅
HistGradientBoosting,33,0.010902499019797259,0.10583333333333333,0.2,0.8,0.8,0.15384615384615385,0.2,0.125,0.8337662337662337,E1 전체 기간,공정 값 23 + 파생 전체,부스팅
HistGradientBoosting,34,0.9567155770527364,0.015211025469529932,0.0,0.0,0.0,0.0,0.0,0.0,0.18614718614718617,E1 전체 기간,공정 값 23 + 파생 전체,부스팅
HistGradientBoosting,35,0.0037393868373093147,0.02699771153769804,0.0,0.2,0.2,0.0,0.0,0.0,0.5506493506493506,E1 전체 기간,공정 값 23 + 파생 전체,부스팅
HistGradientBoosting,36,3.611142404023306e-06,0.037277796558386846,0.0,0.2,0.6,0.04149377593360996,1.0,0.0211864406779661,0.6432900432900432,E1 전체 기간,공정 값 23 + 파생 전체,부스팅
HistGradientBoosting,37,3.157825455202626e-05,0.05400389436534015,0.2,0.4,0.6,0.07272727272727272,0.4,0.04,0.6557939914163091,E1 전체 기간,공정 값 23 + 파생 전체,부스팅
HistGradientBoosting,38,0.012072427659953732,0.031027102970533373,0.0,0.2,0.4,0.0,0.0,0.0,0.6147186147186148,E1 전체 기간,공정 값 23 + 파생 전체,부스팅
HistGradientBoosting,39,0.6980178005478778,0.019616378573735105,0.0,0.0,0.0,0.0,0.0,0.0,0.38701298701298703,E1 전체 기간,공정 값 23 + 파생 전체,부스팅
HistGradientBoosting,40,2.2303697339990975e-05,0.11640047656301933,0.2,0.2,0.2,0.041025641025641026,0.8,0.021052631578947368,0.4329004329004329,E1 전체 기간,공정 값 23 + 파생 전체,부스팅
HistGradientBoosting,41,0.22359974894360088,0.0460960119461211,0.0,0.4,0.8,0.0,0.0,0.0,0.6536796536796537,E1 전체 기간,공정 값 23 + 파생 전체,부스팅
HistGradientBoosting,42,5.500753986025348e-05,0.055855829946059254,0.2,0.6,0.6,0.11764705882352941,0.6,0.06521739130434782,0.6549356223175966,E1 전체 기간,공정 값 23 + 파생 전체,부스팅
HistGradientBoosting,43,0.002624004236877202,0.03425260144493615,0.2,0.4,0.4,0.07407407407407407,0.2,0.045454545454545456,0.5134199134199136,E1 전체 기간,공정 값 23 + 파생 전체,부스팅
HistGradientBoosting,44,0.010524136641257929,0.034264499113100935,0.2,0.2,0.4,0.0,0.0,0.0,0.5878787878787879,E1 전체 기간,공정 값 23 + 파생 전체,부스팅
HistGradientBoosting,45,0.007182968775786735,0.034576249433899336,0.2,0.4,0.4,0.0,0.0,0.0,0.5021645021645021,E1 전체 기간,공정 값 23 + 파생 전체,부스팅
HistGradientBoosting,46,0.04990943817871546,0.027359202478547784,0.0,0.0,0.2,0.0,0.0,0.0,0.5662337662337662,E1 전체 기간,공정 값 23 + 파생 전체,부스팅
HistGradientBoosting,47,2.5869452697550276e-05,0.017626266056478095,0.0,0.0,0.2,0.028985507246376812,0.2,0.015625,0.272961373390558,E1 전체 기간,공정 값 23 + 파생 전체,부스팅
HistGradientBoosting,48,0.015758036324729975,0.026678822744219198,0.0,0.0,0.0,0.0,0.0,0.0,0.5255411255411255,E1 전체 기간,공정 값 23 + 파생 전체,부스팅
HistGradientBoosting,49,4.528981063135665e-05,0.08078026179120873,0.6,0.6,0.6,0.07792207792207792,0.6,0.041666666666666664,0.7056277056277056,E1 전체 기간,공정 값 23 + 파생 전체,부스팅
XGBoost,0,0.0163284819573164,0.027577776406966466,0.0,0.0,0.4,0.06557377049180328,0.4,0.03571428571428571,0.5437229437229437,E1 전체 기간,공정 값 23 + 파생 전체,부스팅
XGBoost,1,6.117652083048597e-05,0.03757117285937625,0.0,0.4,0.4,0.04184100418410042,1.0,0.021367521367521368,0.6467532467532467,E1 전체 기간,공정 값 23 + 파생 전체,부스팅
XGBoost,2,0.0031395419500768185,0.03522443087269789,0.2,0.4,0.4,0.039603960396039604,0.4,0.020833333333333332,0.4291845493562233,E1 전체 기간,공정 값 23 + 파생 전체,부스팅
XGBoost,3,0.26320356130599976,0.02601887074336243,0.0,0.0,0.2,0.0,0.0,0.0,0.535064935064935,E1 전체 기간,공정 값 23 + 파생 전체,부스팅
XGBoost,4,0.010307438671588898,0.01784602815517307,0.0,0.0,0.0,0.0,0.0,0.0,0.3238095238095238,E1 전체 기간,공정 값 23 + 파생 전체,부스팅
XGBoost,5,0.00016867704107426107,0.02468348789798752,0.0,0.0,0.2,0.04405286343612335,1.0,0.02252252252252252,0.5125541125541125,E1 전체 기간,공정 값 23 + 파생 전체,부스팅
XGBoost,6,9.854145901044831e-05,0.05150599700149926,0.2,0.4,0.6,0.03463203463203463,0.8,0.017699115044247787,0.6476190476190476,E1 전체 기간,공정 값 23 + 파생 전체,부스팅
XGBoost,7,5.847198553965427e-05,0.022464743523247968,0.0,0.0,0.2,0.0411522633744856,1.0,0.02100840336134454,0.46866952789699573,E1 전체 기간,공정 값 23 + 파생 전체,부스팅
XGBoost,8,0.006869390141218901,0.025334041871915805,0.0,0.0,0.4,0.04819277108433735,0.4,0.02564102564102564,0.4606060606060607,E1 전체 기간,공정 값 23 + 파생 전체,부스팅
XGBoost,9,0.01271070446819067,0.02226172438672439,0.0,0.0,0.2,0.02531645569620253,0.2,0.013513513513513514,0.445021645021645,E1 전체 기간,공정 값 23 + 파생 전체,부스팅
XGBoost,10,4.1555347706889734e-05,0.04208878108094624,0.2,0.2,0.2,0.04149377593360996,1.0,0.0211864406779661,0.6597402597402597,E1 전체 기간,공정 값 23 + 파생 전체,부스팅
XGBoost,11,0.0004999375669285655,0.028543968950957108,0.0,0.2,0.4,0.04878048780487805,1.0,0.025,0.5402597402597402,E1 전체 기간,공정 값 23 + 파생 전체,부스팅
XGBoost,12,0.005591311492025852,0.03113199665831245,0.0,0.0,0.0,0.06315789473684211,0.6,0.03333333333333333,0.6171673819742489,E1 전체 기간,공정 값 23 + 파생 전체,부스팅
XGBoost,13,0.0033099977299571037,0.016644122383252816,0.0,0.0,0.0,0.017699115044247787,0.2,0.009259259259259259,0.2666666666666667,E1 전체 기간,공정 값 23 + 파생 전체,부스팅
XGBoost,14,0.00024390238104388118,0.08654114276115528,0.2,0.2,0.2,0.037209302325581395,0.8,0.01904761904761905,0.48831168831168836,E1 전체 기간,공정 값 23 + 파생 전체,부스팅
XGBoost,15,0.012369458563625813,0.02317082891188193,0.0,0.0,0.2,0.0,0.0,0.0,0.4614718614718615,E1 전체 기간,공정 값 23 + 파생 전체,부스팅
XGBoost,16,0.00037356940447352827,0.025970096472185067,0.0,0.2,0.2,0.04739336492890995,1.0,0.024271844660194174,0.5298701298701298,E1 전체 기간,공정 값 23 + 파생 전체,부스팅
XGBoost,17,0.007744000758975744,0.03333080513385249,0.0,0.4,0.6,0.07058823529411765,0.6,0.0375,0.511587982832618,E1 전체 기간,공정 값 23 + 파생 전체,부스팅
XGBoost,18,0.0006977211451157928,0.024046045434493846,0.0,0.2,0.2,0.05181347150259067,1.0,0.026595744680851064,0.47965367965367967,E1 전체 기간,공정 값 23 + 파생 전체,부스팅
XGBoost,19,0.00019834167324006557,0.02508964751864775,0.0,0.0,0.4,0.044444444444444446,1.0,0.022727272727272728,0.5108225108225108,E1 전체 기간,공정 값 23 + 파생 전체,부스팅
XGBoost,20,0.08396900445222855,0.02134251714274922,0.0,0.0,0.2,0.0,0.0,0.0,0.4147186147186147,E1 전체 기간,공정 값 23 + 파생 전체,부스팅
XGBoost,21,0.06699340045452118,0.03005372227261283,0.2,0.2,0.4,0.0,0.0,0.0,0.44761904761904764,E1 전체 기간,공정 값 23 + 파생 전체,부스팅
XGBoost,22,0.0015156189911067486,0.025716804579862366,0.0,0.2,0.2,0.03592814371257485,0.6,0.018518518518518517,0.4463519313304721,E1 전체 기간,공정 값 23 + 파생 전체,부스팅
XGBoost,23,0.0038770975079387426,0.026507074335279466,0.0,0.2,0.2,0.031007751937984496,0.4,0.016129032258064516,0.48138528138528136,E1 전체 기간,공정 값 23 + 파생 전체,부스팅
XGBoost,24,0.01670248806476593,0.021006085414288753,0.0,0.2,0.2,0.024691358024691357,0.2,0.013157894736842105,0.37316017316017314,E1 전체 기간,공정 값 23 + 파생 전체,부스팅
XGBoost,25,0.0023890838492661715,0.019215404304965676,0.0,0.0,0.2,0.01834862385321101,0.2,0.009615384615384616,0.354978354978355,E1 전체 기간,공정 값 23 + 파생 전체,부스팅
XGBoost,26,2.077678800560534e-05,0.04404952294496023,0.2,0.2,0.6,0.04149377593360996,1.0,0.0211864406779661,0.6545454545454545,E1 전체 기간,공정 값 23 + 파생 전체,부스팅
XGBoost,27,0.003527309512719512,0.02798835958649203,0.0,0.2,0.4,0.04580152671755725,0.6,0.023809523809523808,0.5339055793991416,E1 전체 기간,공정 값 23 + 파생 전체,부스팅
XGBoost,28,0.009880946949124336,0.027908520600783474,0.0,0.2,0.4,0.05194805194805195,0.4,0.027777777777777776,0.5012987012987014,E1 전체 기간,공정 값 23 + 파생 전체,부스팅
XGBoost,29,0.03958526998758316,0.032270495212661676,0.0,0.2,0.2,0.05405405405405406,0.2,0.03125,0.61991341991342,E1 전체 기간,공정 값 23 + 파생 전체,부스팅
XGBoost,30,3.8412821595557034e-05,0.03538405662134476,0.0,0.2,0.4,0.04219409282700422,1.0,0.021551724137931036,0.645021645021645,E1 전체 기간,공정 값 23 + 파생 전체,부스팅
XGBoost,31,0.001883201883174479,0.02346324914450837,0.0,0.0,0.2,0.04316546762589928,0.6,0.022388059701492536,0.458008658008658,E1 전체 기간,공정 값 23 + 파생 전체,부스팅
XGBoost,32,2.8484455469879322e-05,0.03922443990388241,0.2,0.2,0.6,0.0411522633744856,1.0,0.02100840336134454,0.6660944206008583,E1 전체 기간,공정 값 23 + 파생 전체,부스팅
XGBoost,33,0.0005160024156793952,0.024567978995945098,0.0,0.2,0.2,0.03864734299516908,0.8,0.019801980198019802,0.48225108225108226,E1 전체 기간,공정 값 23 + 파생 전체,부스팅
XGBoost,34,0.01131015457212925,0.019159744822626973,0.0,0.2,0.2,0.03278688524590164,0.2,0.017857142857142856,0.3108225108225109,E1 전체 기간,공정 값 23 + 파생 전체,부스팅
XGBoost,35,7.554911280749366e-05,0.020718560054614952,0.0,0.0,0.2,0.0425531914893617,1.0,0.021739130434782608,0.4181818181818182,E1 전체 기간,공정 값 23 + 파생 전체,부스팅
XGBoost,36,3.458675928413868e-05,0.04925038985262395,0.2,0.4,0.6,0.04184100418410042,1.0,0.021367521367521368,0.69004329004329,E1 전체 기간,공정 값 23 + 파생 전체,부스팅
XGBoost,37,0.04300704970955849,0.031685718696016135,0.2,0.2,0.2,0.0425531914893617,0.2,0.023809523809523808,0.5751072961373391,E1 전체 기간,공정 값 23 + 파생 전체,부스팅
XGBoost,38,0.0007839701720513403,0.023012846286840097,0.0,0.0,0.2,0.05181347150259067,1.0,0.026595744680851064,0.4649350649350649,E1 전체 기간,공정 값 23 + 파생 전체,부스팅
XGBoost,39,0.009998506866395473,0.014532071290869131,0.0,0.0,0.0,0.0,0.0,0.0,0.16623376623376626,E1 전체 기간,공정 값 23 + 파생 전체,부스팅
XGBoost,40,0.00029145090957172215,0.026226733652429557,0.2,0.2,0.2,0.02843601895734597,0.6,0.014563106796116505,0.37056277056277054,E1 전체 기간,공정 값 23 + 파생 전체,부스팅
XGBoost,41,0.000669591361656785,0.07008449119667223,0.0,0.8,1.0,0.04878048780487805,1.0,0.025,0.8354978354978355,E1 전체 기간,공정 값 23 + 파생 전체,부스팅
XGBoost,42,0.04061124101281166,0.029977030032762517,0.0,0.2,0.6,0.0,0.0,0.0,0.5416309012875536,E1 전체 기간,공정 값 23 + 파생 전체,부스팅
XGBoost,43,0.0009714248008094728,0.02471716122449704,0.0,0.0,0.4,0.03870967741935484,0.6,0.02,0.48138528138528136,E1 전체 기간,공정 값 23 + 파생 전체,부스팅
XGBoost,44,0.04756789281964302,0.02492447955656874,0.0,0.0,0.2,0.0,0.0,0.0,0.5220779220779221,E1 전체 기간,공정 값 23 + 파생 전체,부스팅
XGBoost,45,0.0006784461438655853,0.02325291389470494,0.0,0.0,0.2,0.043243243243243246,0.8,0.022222222222222223,0.47186147186147187,E1 전체 기간,공정 값 23 + 파생 전체,부스팅
XGBoost,46,0.00014196013216860592,0.021415383413970868,0.0,0.0,0.2,0.04329004329004329,1.0,0.022123893805309734,0.4285714285714286,E1 전체 기간,공정 값 23 + 파생 전체,부스팅
XGBoost,47,0.03660774603486061,0.021368683277044165,0.0,0.0,0.0,0.0,0.0,0.0,0.4394849785407725,E1 전체 기간,공정 값 23 + 파생 전체,부스팅
XGBoost,48,0.0233564805239439,0.04935680169308488,0.2,0.4,0.8,0.04878048780487805,0.2,0.027777777777777776,0.6675324675324675,E1 전체 기간,공정 값 23 + 파생 전체,부스팅
XGBoost,49,0.010685553774237633,0.029636483609362274,0.2,0.2,0.4,0.042105263157894736,0.4,0.022222222222222223,0.5255411255411255,E1 전체 기간,공정 값 23 + 파생 전체,부스팅
LightGBM,0,0.00037734328193301175,0.058385849123554046,0.2,0.4,0.8,0.06015037593984962,0.8,0.03125,0.6909090909090909,E1 전체 기간,공정 값 23 + 파생 전체,부스팅
LightGBM,1,2.8377677629897363e-06,0.033237918426576855,0.0,0.2,0.4,0.04784688995215311,1.0,0.024509803921568627,0.6329004329004329,E1 전체 기간,공정 값 23 + 파생 전체,부스팅
LightGBM,2,0.00013917048045647908,0.04551784116610818,0.4,0.4,0.4,0.03773584905660377,0.6,0.01948051948051948,0.4789699570815451,E1 전체 기간,공정 값 23 + 파생 전체,부스팅
LightGBM,3,0.04562832701188057,0.03541557317141733,0.2,0.2,0.4,0.05405405405405406,0.2,0.03125,0.6112554112554113,E1 전체 기간,공정 값 23 + 파생 전체,부스팅
LightGBM,4,0.000926617350071756,0.01788067428371121,0.0,0.0,0.0,0.016260162601626018,0.2,0.00847457627118644,0.33073593073593077,E1 전체 기간,공정 값 23 + 파생 전체,부스팅
LightGBM,5,0.00019710538663920963,0.034908321890754025,0.2,0.2,0.2,0.06993006993006994,1.0,0.036231884057971016,0.6164502164502165,E1 전체 기간,공정 값 23 + 파생 전체,부스팅
LightGBM,6,0.02597464414231274,0.031083570660172286,0.2,0.2,0.2,0.05714285714285714,0.2,0.03333333333333333,0.5177489177489177,E1 전체 기간,공정 값 23 + 파생 전체,부스팅
LightGBM,7,0.00215411153969649,0.02649137428551253,0.0,0.4,0.4,0.042105263157894736,0.4,0.022222222222222223,0.45665236051502145,E1 전체 기간,공정 값 23 + 파생 전체,부스팅
LightGBM,8,0.021201745272985427,0.047922487408338946,0.2,0.2,0.4,0.04878048780487805,0.2,0.027777777777777776,0.5333333333333333,E1 전체 기간,공정 값 23 + 파생 전체,부스팅
LightGBM,9,0.773097361410913,0.031027227944138765,0.2,0.2,0.4,0.0,0.0,0.0,0.47445887445887447,E1 전체 기간,공정 값 23 + 파생 전체,부스팅
LightGBM,10,1.920344220632922e-06,0.03732982304802274,0.2,0.4,0.4,0.044444444444444446,1.0,0.022727272727272728,0.5974025974025974,E1 전체 기간,공정 값 23 + 파생 전체,부스팅
LightGBM,11,0.0007913194129412652,0.023551730746795993,0.0,0.0,0.2,0.04878048780487805,0.6,0.025423728813559324,0.47965367965367967,E1 전체 기간,공정 값 23 + 파생 전체,부스팅
LightGBM,12,0.0013854492955002508,0.038518419233656696,0.2,0.4,0.4,0.04395604395604396,0.4,0.023255813953488372,0.6446351931330472,E1 전체 기간,공정 값 23 + 파생 전체,부스팅
LightGBM,13,0.20377656206529066,0.019231139169204117,0.0,0.0,0.2,0.0,0.0,0.0,0.35151515151515156,E1 전체 기간,공정 값 23 + 파생 전체,부스팅
LightGBM,14,3.9923224282388096e-05,0.04356013420737451,0.2,0.4,0.4,0.04678362573099415,0.8,0.024096385542168676,0.5714285714285714,E1 전체 기간,공정 값 23 + 파생 전체,부스팅
LightGBM,15,0.0031250650046831794,0.025274007725228337,0.0,0.2,0.4,0.042105263157894736,0.4,0.022222222222222223,0.4805194805194805,E1 전체 기간,공정 값 23 + 파생 전체,부스팅
LightGBM,16,0.04342571575344841,0.018853526809999938,0.0,0.0,0.0,0.0,0.0,0.0,0.3653679653679654,E1 전체 기간,공정 값 23 + 파생 전체,부스팅
LightGBM,17,0.00030546675292647844,0.07489131947343519,0.2,0.4,0.6,0.064,0.8,0.03333333333333333,0.672961373390558,E1 전체 기간,공정 값 23 + 파생 전체,부스팅
LightGBM,18,0.011743765610553044,0.04314529541420298,0.2,0.2,0.4,0.0392156862745098,0.2,0.021739130434782608,0.6354978354978356,E1 전체 기간,공정 값 23 + 파생 전체,부스팅
LightGBM,19,7.771413213536937e-05,0.02654602809733448,0.0,0.2,0.2,0.042328042328042326,0.8,0.021739130434782608,0.509090909090909,E1 전체 기간,공정 값 23 + 파생 전체,부스팅
LightGBM,20,0.2737093205023882,0.020721711109875182,0.0,0.2,0.2,0.0,0.0,0.0,0.3922077922077922,E1 전체 기간,공정 값 23 + 파생 전체,부스팅
LightGBM,21,0.00040264774389257163,0.11385191114106775,0.6,0.6,0.6,0.048,0.6,0.025,0.6502164502164502,E1 전체 기간,공정 값 23 + 파생 전체,부스팅
LightGBM,22,4.70693685042593e-05,0.025403425299738665,0.0,0.2,0.2,0.05405405405405406,1.0,0.027777777777777776,0.5167381974248927,E1 전체 기간,공정 값 23 + 파생 전체,부스팅
LightGBM,23,9.015323700715495e-05,0.02697081279207244,0.0,0.2,0.2,0.04519774011299435,0.8,0.023255813953488372,0.47965367965367967,E1 전체 기간,공정 값 23 + 파생 전체,부스팅
LightGBM,24,0.6224265730925269,0.017903084884674448,0.0,0.0,0.0,0.0,0.0,0.0,0.3246753246753247,E1 전체 기간,공정 값 23 + 파생 전체,부스팅
LightGBM,25,0.983342538509012,0.02316461514383305,0.0,0.2,0.2,0.0,0.0,0.0,0.4173160173160173,E1 전체 기간,공정 값 23 + 파생 전체,부스팅
LightGBM,26,5.006203845114235e-05,0.04925610195422645,0.2,0.2,0.4,0.050761421319796954,1.0,0.026041666666666668,0.5991341991341992,E1 전체 기간,공정 값 23 + 파생 전체,부스팅
LightGBM,27,0.0026800703193315786,0.02369306555513452,0.0,0.0,0.2,0.025974025974025976,0.2,0.013888888888888888,0.496137339055794,E1 전체 기간,공정 값 23 + 파생 전체,부스팅
LightGBM,28,0.0013532637814815897,0.025989065032856706,0.0,0.2,0.2,0.0380952380952381,0.4,0.02,0.4961038961038961,E1 전체 기간,공정 값 23 + 파생 전체,부스팅
LightGBM,29,0.005251188901941447,0.03125111950831911,0.0,0.2,0.4,0.05063291139240506,0.4,0.02702702702702703,0.574891774891775,E1 전체 기간,공정 값 23 + 파생 전체,부스팅
LightGBM,30,8.982096698742575e-06,0.027798081159425694,0.0,0.2,0.4,0.04878048780487805,1.0,0.025,0.5186147186147186,E1 전체 기간,공정 값 23 + 파생 전체,부스팅
LightGBM,31,0.7914904002541623,0.028535731460540843,0.0,0.2,0.4,0.0,0.0,0.0,0.5411255411255411,E1 전체 기간,공정 값 23 + 파생 전체,부스팅
LightGBM,32,3.4284903228223936e-05,0.03812677054826686,0.2,0.2,0.2,0.05649717514124294,1.0,0.029069767441860465,0.6351931330472103,E1 전체 기간,공정 값 23 + 파생 전체,부스팅
LightGBM,33,8.325054662338403e-05,0.05902097902097901,0.2,0.6,0.6,0.043243243243243246,0.8,0.022222222222222223,0.6813852813852814,E1 전체 기간,공정 값 23 + 파생 전체,부스팅
LightGBM,34,0.02413939485219713,0.01667786313791157,0.0,0.0,0.0,0.0,0.0,0.0,0.270995670995671,E1 전체 기간,공정 값 23 + 파생 전체,부스팅
LightGBM,35,0.0019385759861133712,0.016234295117133365,0.0,0.0,0.0,0.0,0.0,0.0,0.2588744588744589,E1 전체 기간,공정 값 23 + 파생 전체,부스팅
LightGBM,36,0.014821582672385586,0.041247132405548254,0.0,0.4,0.4,0.08163265306122448,0.4,0.045454545454545456,0.6831168831168831,E1 전체 기간,공정 값 23 + 파생 전체,부스팅
LightGBM,37,0.00026827635846771235,0.06114777327935223,0.2,0.6,0.6,0.05673758865248227,0.8,0.029411764705882353,0.6918454935622318,E1 전체 기간,공정 값 23 + 파생 전체,부스팅
LightGBM,38,0.00011909431161499388,0.02368508070392708,0.0,0.2,0.2,0.049079754601226995,0.8,0.02531645569620253,0.47532467532467537,E1 전체 기간,공정 값 23 + 파생 전체,부스팅
LightGBM,39,0.004222459244749798,0.015919482696231314,0.0,0.0,0.0,0.0,0.0,0.0,0.2406926406926407,E1 전체 기간,공정 값 23 + 파생 전체,부스팅
LightGBM,40,5.280252660834665e-05,0.04176429968160209,0.2,0.2,0.2,0.03508771929824561,0.6,0.018072289156626505,0.43982683982683984,E1 전체 기간,공정 값 23 + 파생 전체,부스팅
LightGBM,41,0.07019878907666838,0.07877153553864703,0.4,0.4,0.4,0.13793103448275862,0.4,0.08333333333333333,0.7316017316017316,E1 전체 기간,공정 값 23 + 파생 전체,부스팅
LightGBM,42,0.0014211588743030426,0.039160982039246485,0.2,0.4,0.4,0.04938271604938271,0.4,0.02631578947368421,0.6274678111587983,E1 전체 기간,공정 값 23 + 파생 전체,부스팅
LightGBM,43,0.00017492139852353777,0.02280982251795004,0.0,0.2,0.2,0.03773584905660377,0.6,0.01948051948051948,0.42943722943722945,E1 전체 기간,공정 값 23 + 파생 전체,부스팅
LightGBM,44,0.017752761857659664,0.03256134333817582,0.2,0.2,0.2,0.0392156862745098,0.2,0.021739130434782608,0.5064935064935066,E1 전체 기간,공정 값 23 + 파생 전체,부스팅
LightGBM,45,0.04662047441349055,0.02722208188455328,0.2,0.2,0.2,0.05128205128205128,0.2,0.029411764705882353,0.47878787878787876,E1 전체 기간,공정 값 23 + 파생 전체,부스팅
LightGBM,46,0.018672381284711922,0.018803833841006826,0.0,0.0,0.0,0.0,0.0,0.0,0.3575757575757576,E1 전체 기간,공정 값 23 + 파생 전체,부스팅
LightGBM,47,0.0003951573779299628,0.02713111332449702,0.0,0.2,0.2,0.035398230088495575,0.4,0.018518518518518517,0.5064377682403434,E1 전체 기간,공정 값 23 + 파생 전체,부스팅
LightGBM,48,0.002178089845502221,0.04934765342532333,0.2,0.2,0.6,0.0594059405940594,0.6,0.03125,0.5913419913419914,E1 전체 기간,공정 값 23 + 파생 전체,부스팅
LightGBM,49,8.463899057205304e-05,0.05287148246616431,0.2,0.4,0.6,0.05181347150259067,1.0,0.026595744680851064,0.6588744588744588,E1 전체 기간,공정 값 23 + 파생 전체,부스팅
CatBoost,0,0.0017737643056746116,0.09448058101284672,0.2,0.2,0.4,0.053475935828877004,1.0,0.027472527472527472,0.6441558441558441,E1 전체 기간,공정 값 23 + 파생 전체,부스팅
CatBoost,1,7.534970848397441e-05,0.021692229956355003,0.0,0.0,0.2,0.04149377593360996,1.0,0.0211864406779661,0.4337662337662338,E1 전체 기간,공정 값 23 + 파생 전체,부스팅
CatBoost,2,0.006702840879448016,0.02017643136719898,0.0,0.0,0.2,0.0273972602739726,0.2,0.014705882352941176,0.39141630901287555,E1 전체 기간,공정 값 23 + 파생 전체,부스팅
CatBoost,3,0.061330040031203396,0.03561584823398448,0.2,0.2,0.4,0.0,0.0,0.0,0.5956709956709957,E1 전체 기간,공정 값 23 + 파생 전체,부스팅
CatBoost,4,0.006166088720682269,0.026259444289124936,0.0,0.2,0.2,0.03418803418803419,0.4,0.017857142857142856,0.5367965367965368,E1 전체 기간,공정 값 23 + 파생 전체,부스팅
CatBoost,5,0.09253665169092219,0.0298217251757771,0.0,0.0,0.6,0.0,0.0,0.0,0.5645021645021645,E1 전체 기간,공정 값 23 + 파생 전체,부스팅
CatBoost,6,0.0005958784157789152,0.05780021924381566,0.2,0.4,0.6,0.04020100502512563,0.8,0.020618556701030927,0.6060606060606061,E1 전체 기간,공정 값 23 + 파생 전체,부스팅
CatBoost,7,0.02036747738037879,0.059360584770420846,0.2,0.2,0.2,0.029850746268656716,0.2,0.016129032258064516,0.5236051502145923,E1 전체 기간,공정 값 23 + 파생 전체,부스팅
CatBoost,8,0.010163862379823167,0.022277009985345788,0.0,0.0,0.0,0.0,0.0,0.0,0.4484848484848485,E1 전체 기간,공정 값 23 + 파생 전체,부스팅
CatBoost,9,0.007946134400790294,0.032265738868422975,0.2,0.2,0.2,0.0380952380952381,0.4,0.02,0.4207792207792208,E1 전체 기간,공정 값 23 + 파생 전체,부스팅
CatBoost,10,0.007031518104634614,0.023253244622560378,0.0,0.0,0.0,0.0380952380952381,0.4,0.02,0.48658008658008656,E1 전체 기간,공정 값 23 + 파생 전체,부스팅
CatBoost,11,0.00027023716401323593,0.04902094750198147,0.2,0.2,0.4,0.04329004329004329,1.0,0.022123893805309734,0.6632034632034632,E1 전체 기간,공정 값 23 + 파생 전체,부스팅
CatBoost,12,0.03397867877465869,0.03257635221920936,0.0,0.2,0.4,0.0,0.0,0.0,0.6171673819742489,E1 전체 기간,공정 값 23 + 파생 전체,부스팅
CatBoost,13,0.0077730727083940325,0.019431300854885973,0.0,0.0,0.2,0.022988505747126436,0.2,0.012195121951219513,0.36709956709956715,E1 전체 기간,공정 값 23 + 파생 전체,부스팅
CatBoost,14,0.0023354103605549396,0.040896484657214856,0.2,0.2,0.4,0.052980132450331126,0.8,0.0273972602739726,0.5748917748917749,E1 전체 기간,공정 값 23 + 파생 전체,부스팅
CatBoost,15,0.012174106954642981,0.029474801725439925,0.0,0.2,0.4,0.06349206349206349,0.4,0.034482758620689655,0.5445887445887446,E1 전체 기간,공정 값 23 + 파생 전체,부스팅
CatBoost,16,0.020405363408804188,0.026805860805860802,0.0,0.0,0.4,0.0,0.0,0.0,0.5367965367965368,E1 전체 기간,공정 값 23 + 파생 전체,부스팅
CatBoost,17,0.00013345618714958953,0.03656061718141351,0.0,0.6,0.6,0.04219409282700422,1.0,0.021551724137931036,0.5888412017167381,E1 전체 기간,공정 값 23 + 파생 전체,부스팅
CatBoost,18,0.00030218360329821605,0.024890966134159864,0.0,0.0,0.2,0.04329004329004329,1.0,0.022123893805309734,0.516017316017316,E1 전체 기간,공정 값 23 + 파생 전체,부스팅
CatBoost,19,0.009558906538294646,0.024796362307848208,0.0,0.0,0.2,0.04395604395604396,0.4,0.023255813953488372,0.5004329004329005,E1 전체 기간,공정 값 23 + 파생 전체,부스팅
CatBoost,20,0.14540301933854768,0.02675860194385359,0.0,0.0,0.2,0.0,0.0,0.0,0.5411255411255411,E1 전체 기간,공정 값 23 + 파생 전체,부스팅
CatBoost,21,0.013423259911779728,0.026939373980717635,0.2,0.2,0.2,0.0392156862745098,0.2,0.021739130434782608,0.3437229437229437,E1 전체 기간,공정 값 23 + 파생 전체,부스팅
CatBoost,22,0.004076155451122935,0.04031809850787625,0.2,0.2,0.2,0.056074766355140186,0.6,0.029411764705882353,0.5201716738197425,E1 전체 기간,공정 값 23 + 파생 전체,부스팅
CatBoost,23,0.014269516175687863,0.02888761919621685,0.0,0.2,0.4,0.04081632653061224,0.2,0.022727272727272728,0.5298701298701299,E1 전체 기간,공정 값 23 + 파생 전체,부스팅
CatBoost,24,0.004848458509634977,0.02917712023751115,0.2,0.2,0.4,0.03305785123966942,0.4,0.017241379310344827,0.41818181818181815,E1 전체 기간,공정 값 23 + 파생 전체,부스팅
CatBoost,25,0.0023637323862352186,0.026838470245755724,0.0,0.2,0.2,0.037267080745341616,0.6,0.019230769230769232,0.4727272727272728,E1 전체 기간,공정 값 23 + 파생 전체,부스팅
CatBoost,26,0.03899525318523027,0.03115740841105962,0.0,0.2,0.4,0.0,0.0,0.0,0.5454545454545454,E1 전체 기간,공정 값 23 + 파생 전체,부스팅
CatBoost,27,0.00015346145069470196,0.027480825308938587,0.0,0.2,0.2,0.04219409282700422,1.0,0.021551724137931036,0.5356223175965665,E1 전체 기간,공정 값 23 + 파생 전체,부스팅
CatBoost,28,0.011441665318756187,0.03350356187915514,0.2,0.2,0.2,0.029850746268656716,0.2,0.016129032258064516,0.4406926406926407,E1 전체 기간,공정 값 23 + 파생 전체,부스팅
CatBoost,29,0.005104623118013656,0.03352991170787781,0.2,0.2,0.4,0.04878048780487805,0.6,0.025423728813559324,0.6008658008658009,E1 전체 기간,공정 값 23 + 파생 전체,부스팅
CatBoost,30,0.00013914970912320382,0.04138023288242699,0.0,0.4,0.4,0.04291845493562232,1.0,0.021929824561403508,0.7021645021645022,E1 전체 기간,공정 값 23 + 파생 전체,부스팅
CatBoost,31,0.0019927979019030502,0.028886361003571105,0.0,0.4,0.4,0.03550295857988166,0.6,0.018292682926829267,0.4995670995670996,E1 전체 기간,공정 값 23 + 파생 전체,부스팅
CatBoost,32,0.00010238611998422018,0.023208938483523456,0.0,0.2,0.2,0.04219409282700422,1.0,0.021551724137931036,0.46351931330472107,E1 전체 기간,공정 값 23 + 파생 전체,부스팅
CatBoost,33,0.014425761386284826,0.024625758489578972,0.0,0.2,0.2,0.03076923076923077,0.2,0.016666666666666666,0.4493506493506494,E1 전체 기간,공정 값 23 + 파생 전체,부스팅
CatBoost,34,0.035687360710028676,0.027419961537839484,0.2,0.2,0.2,0.08695652173913043,0.2,0.05555555555555555,0.36623376623376624,E1 전체 기간,공정 값 23 + 파생 전체,부스팅
CatBoost,35,0.021060078468160857,0.0263077304005354,0.0,0.2,0.2,0.03389830508474576,0.2,0.018518518518518517,0.5220779220779221,E1 전체 기간,공정 값 23 + 파생 전체,부스팅
CatBoost,36,0.010909078008886137,0.03503115825794856,0.0,0.4,0.6,0.0759493670886076,0.6,0.04054054054054054,0.6155844155844156,E1 전체 기간,공정 값 23 + 파생 전체,부스팅
CatBoost,37,0.038391995320712156,0.032366739093628305,0.0,0.2,0.4,0.0,0.0,0.0,0.6197424892703862,E1 전체 기간,공정 값 23 + 파생 전체,부스팅
CatBoost,38,0.0004257598532346916,0.020242024773164183,0.0,0.0,0.2,0.04329004329004329,1.0,0.022123893805309734,0.3991341991341992,E1 전체 기간,공정 값 23 + 파생 전체,부스팅
CatBoost,39,0.002136365535946638,0.017549713189682587,0.0,0.0,0.0,0.015037593984962405,0.2,0.0078125,0.3168831168831169,E1 전체 기간,공정 값 23 + 파생 전체,부스팅
CatBoost,40,0.0033431791992876727,0.0299010747086559,0.2,0.2,0.2,0.01680672268907563,0.2,0.008771929824561403,0.3948051948051948,E1 전체 기간,공정 값 23 + 파생 전체,부스팅
CatBoost,41,0.0014054609520915604,0.04922641452132295,0.2,0.6,0.6,0.05235602094240838,1.0,0.026881720430107527,0.6779220779220779,E1 전체 기간,공정 값 23 + 파생 전체,부스팅
CatBoost,42,0.02268409590945555,0.03648847067964715,0.0,0.4,0.6,0.05405405405405406,0.2,0.03125,0.5879828326180258,E1 전체 기간,공정 값 23 + 파생 전체,부스팅
CatBoost,43,0.003079042492601729,0.02675443193147703,0.0,0.0,0.2,0.056074766355140186,0.6,0.029411764705882353,0.5402597402597402,E1 전체 기간,공정 값 23 + 파생 전체,부스팅
CatBoost,44,0.002588248676174026,0.03737641302679072,0.0,0.4,0.4,0.049689440993788817,0.8,0.02564102564102564,0.6329004329004329,E1 전체 기간,공정 값 23 + 파생 전체,부스팅
CatBoost,45,0.007985555632967229,0.02434231182351483,0.0,0.0,0.2,0.043010752688172046,0.4,0.022727272727272728,0.4995670995670996,E1 전체 기간,공정 값 23 + 파생 전체,부스팅
CatBoost,46,0.0056067127119268445,0.02153659911825929,0.0,0.2,0.2,0.020202020202020204,0.2,0.010638297872340425,0.3852813852813853,E1 전체 기간,공정 값 23 + 파생 전체,부스팅
CatBoost,47,0.004428547528594921,0.22343259051179845,0.2,0.4,0.4,0.047244094488188976,0.6,0.02459016393442623,0.5304721030042918,E1 전체 기간,공정 값 23 + 파생 전체,부스팅
CatBoost,48,0.00407490520585206,0.03496669996669997,0.0,0.2,0.6,0.05517241379310345,0.8,0.02857142857142857,0.6207792207792209,E1 전체 기간,공정 값 23 + 파생 전체,부스팅
CatBoost,49,0.007646256545929768,0.032862031224628455,0.0,0.2,0.4,0.0594059405940594,0.6,0.03125,0.5792207792207792,E1 전체 기간,공정 값 23 + 파생 전체,부스팅
로지스틱 L2,0,0.8824438847881492,0.05009296783354227,0.2,0.4,0.6,0.1111111111111111,0.2,0.07692307692307693,0.7082251082251082,E1 전체 기간,공정 값 23 + pair_pos,선형
로지스틱 L2,1,0.010948881362727755,0.02391667318464248,0.0,0.0,0.0,0.0410958904109589,0.6,0.02127659574468085,0.49783549783549785,E1 전체 기간,공정 값 23 + pair_pos,선형
로지스틱 L2,2,0.825576974651657,0.021661636368913613,0.0,0.0,0.2,0.0,0.0,0.0,0.4446351931330472,E1 전체 기간,공정 값 23 + pair_pos,선형
로지스틱 L2,3,0.20261260963599875,0.058988556760659755,0.4,0.4,0.6,0.07874015748031496,1.0,0.040983606557377046,0.7766233766233765,E1 전체 기간,공정 값 23 + pair_pos,선형
로지스틱 L2,4,0.8949438157363745,0.10807186234817814,0.4,0.8,0.8,0.0,0.0,0.0,0.8649350649350649,E1 전체 기간,공정 값 23 + pair_pos,선형
로지스틱 L2,5,0.2243850517283393,0.05331692681778963,0.2,0.4,0.8,0.07874015748031496,1.0,0.040983606557377046,0.7653679653679654,E1 전체 기간,공정 값 23 + pair_pos,선형
로지스틱 L2,6,0.21979149854396718,0.030188657421403253,0.0,0.2,0.4,0.05660377358490566,0.6,0.0297029702970297,0.5748917748917749,E1 전체 기간,공정 값 23 + pair_pos,선형
로지스틱 L2,7,0.8131781877912548,0.07692374239228875,0.2,0.2,0.2,0.08333333333333333,0.2,0.05263157894736842,0.6609442060085837,E1 전체 기간,공정 값 23 + pair_pos,선형
로지스틱 L2,8,0.8784508277505712,0.04958761490715469,0.2,0.4,0.6,0.0,0.0,0.0,0.7238095238095238,E1 전체 기간,공정 값 23 + pair_pos,선형
로지스틱 L2,9,0.8579843026953786,0.02548619658485321,0.0,0.2,0.2,0.0,0.0,0.0,0.5125541125541125,E1 전체 기간,공정 값 23 + pair_pos,선형
로지스틱 L2,10,0.6273068190637137,0.04045366935392748,0.2,0.2,0.4,0.03389830508474576,0.2,0.018518518518518517,0.6735930735930736,E1 전체 기간,공정 값 23 + pair_pos,선형
로지스틱 L2,11,0.951792992781917,0.09188657919308074,0.4,0.6,0.8,0.0,0.0,0.0,0.7731601731601732,E1 전체 기간,공정 값 23 + pair_pos,선형
로지스틱 L2,12,0.7400580409510855,0.05632443187144398,0.0,0.6,0.8,0.0,0.0,0.0,0.7793991416309014,E1 전체 기간,공정 값 23 + pair_pos,선형
로지스틱 L2,13,0.22537913173012214,0.022837088448666634,0.0,0.0,0.2,0.02,0.2,0.010526315789473684,0.4701298701298701,E1 전체 기간,공정 값 23 + pair_pos,선형
로지스틱 L2,14,0.9505951355418226,0.0337380639259742,0.2,0.2,0.2,0.0,0.0,0.0,0.6095238095238096,E1 전체 기간,공정 값 23 + pair_pos,선형
로지스틱 L2,15,0.11462160256047124,0.09484377738263072,0.6,0.6,0.8,0.04790419161676647,0.8,0.024691358024691357,0.7731601731601732,E1 전체 기간,공정 값 23 + pair_pos,선형
로지스틱 L2,16,0.6671163135324152,0.04690847074134166,0.2,0.4,0.4,0.07017543859649122,0.4,0.038461538461538464,0.7012987012987013,E1 전체 기간,공정 값 23 + pair_pos,선형
로지스틱 L2,17,0.9158573104892371,0.03974000980192931,0.0,0.4,0.6,0.0,0.0,0.0,0.6832618025751073,E1 전체 기간,공정 값 23 + pair_pos,선형
로지스틱 L2,18,0.3683724356603516,0.039012323835018875,0.0,0.2,0.6,0.07317073170731707,0.6,0.03896103896103896,0.6857142857142857,E1 전체 기간,공정 값 23 + pair_pos,선형
로지스틱 L2,19,0.25068396411591437,0.07274371625936031,0.2,0.2,0.6,0.05825242718446602,0.6,0.030612244897959183,0.7125541125541126,E1 전체 기간,공정 값 23 + pair_pos,선형
로지스틱 L2,20,0.30702676283426594,0.07474937343358395,0.4,0.6,0.8,0.07017543859649122,0.8,0.03669724770642202,0.8025974025974026,E1 전체 기간,공정 값 23 + pair_pos,선형
로지스틱 L2,21,0.9751696910804105,0.02340298796313606,0.0,0.0,0.0,0.0,0.0,0.0,0.49004329004329006,E1 전체 기간,공정 값 23 + pair_pos,선형
로지스틱 L2,22,0.7612365212676915,0.033770753026202124,0.0,0.2,0.4,0.0,0.0,0.0,0.6351931330472103,E1 전체 기간,공정 값 23 + pair_pos,선형
로지스틱 L2,23,0.06605068683003083,0.08263954300810045,0.6,0.6,0.8,0.05263157894736842,0.8,0.027210884353741496,0.7861471861471863,E1 전체 기간,공정 값 23 + pair_pos,선형
로지스틱 L2,24,0.6932527869904791,0.03707701883488213,0.0,0.4,0.4,0.09302325581395349,0.4,0.05263157894736842,0.6424242424242425,E1 전체 기간,공정 값 23 + pair_pos,선형
로지스틱 L2,25,0.7797826985907388,0.023576533927411117,0.0,0.0,0.2,0.0,0.0,0.0,0.48138528138528136,E1 전체 기간,공정 값 23 + pair_pos,선형
로지스틱 L2,26,0.8610514482133114,0.04388488863287251,0.0,0.4,0.6,0.0,0.0,0.0,0.7099567099567099,E1 전체 기간,공정 값 23 + pair_pos,선형
로지스틱 L2,27,0.8029919287435034,0.0318686305123186,0.0,0.2,0.2,0.0,0.0,0.0,0.6060085836909872,E1 전체 기간,공정 값 23 + pair_pos,선형
로지스틱 L2,28,0.0069076532634352325,0.062084751668085005,0.2,0.6,0.6,0.04149377593360996,1.0,0.0211864406779661,0.7835497835497836,E1 전체 기간,공정 값 23 + pair_pos,선형
로지스틱 L2,29,0.926688332551131,0.02683013340816289,0.0,0.0,0.4,0.0,0.0,0.0,0.541991341991342,E1 전체 기간,공정 값 23 + pair_pos,선형
로지스틱 L2,30,0.9470548373959355,0.053775880102292034,0.2,0.4,0.6,0.0,0.0,0.0,0.7272727272727273,E1 전체 기간,공정 값 23 + pair_pos,선형
로지스틱 L2,31,0.39383470057232123,0.1282839782959143,0.2,0.2,0.6,0.07142857142857142,0.6,0.0379746835443038,0.6666666666666667,E1 전체 기간,공정 값 23 + pair_pos,선형
로지스틱 L2,32,0.08619916220984053,0.06791048270050096,0.2,0.6,0.8,0.04938271604938271,0.8,0.025477707006369428,0.7467811158798283,E1 전체 기간,공정 값 23 + pair_pos,선형
로지스틱 L2,33,0.7025444004016219,0.037462615803890376,0.0,0.2,0.4,0.044444444444444446,0.2,0.025,0.6813852813852814,E1 전체 기간,공정 값 23 + pair_pos,선형
로지스틱 L2,34,0.18948161595272195,0.026157122684708347,0.0,0.2,0.2,0.036036036036036036,0.4,0.018867924528301886,0.516017316017316,E1 전체 기간,공정 값 23 + pair_pos,선형
로지스틱 L2,35,0.9664778555133268,0.04616519436246016,0.0,0.6,0.6,0.0,0.0,0.0,0.6744588744588744,E1 전체 기간,공정 값 23 + pair_pos,선형
로지스틱 L2,36,0.12855680732398705,0.03356403127475777,0.0,0.2,0.2,0.06611570247933884,0.8,0.034482758620689655,0.638961038961039,E1 전체 기간,공정 값 23 + pair_pos,선형
로지스틱 L2,37,0.9309341869760737,0.04546610599387561,0.0,0.4,0.4,0.0,0.0,0.0,0.7433476394849785,E1 전체 기간,공정 값 23 + pair_pos,선형
로지스틱 L2,38,0.3063380559936204,0.023455891449837944,0.0,0.0,0.0,0.038461538461538464,0.4,0.020202020202020204,0.49004329004329006,E1 전체 기간,공정 값 23 + pair_pos,선형
로지스틱 L2,39,0.351013230131666,0.029647011058212238,0.0,0.2,0.4,0.04819277108433735,0.4,0.02564102564102564,0.5324675324675325,E1 전체 기간,공정 값 23 + pair_pos,선형
로지스틱 L2,40,0.10228418754361117,0.06149941746610148,0.2,0.2,0.4,0.06172839506172839,1.0,0.03184713375796178,0.7186147186147187,E1 전체 기간,공정 값 23 + pair_pos,선형
로지스틱 L2,41,0.5546144075660442,0.04513991434096136,0.2,0.4,0.4,0.057971014492753624,0.4,0.03125,0.6233766233766234,E1 전체 기간,공정 값 23 + pair_pos,선형
로지스틱 L2,42,0.8580925322801483,0.02965035615604925,0.0,0.2,0.4,0.0,0.0,0.0,0.5742489270386266,E1 전체 기간,공정 값 23 + pair_pos,선형
로지스틱 L2,43,0.9037736408395456,0.049423003345545544,0.0,0.4,0.6,0.0,0.0,0.0,0.761038961038961,E1 전체 기간,공정 값 23 + pair_pos,선형
로지스틱 L2,44,0.20304419586766598,0.05897395002658161,0.2,0.4,0.6,0.07874015748031496,1.0,0.040983606557377046,0.7480519480519481,E1 전체 기간,공정 값 23 + pair_pos,선형
로지스틱 L2,45,0.04930068995623013,0.04432246631304446,0.0,0.4,0.6,0.053475935828877004,1.0,0.027472527472527472,0.7047619047619047,E1 전체 기간,공정 값 23 + pair_pos,선형
로지스틱 L2,46,0.07060754763985927,0.033259180760444665,0.0,0.2,0.4,0.06578947368421052,1.0,0.034013605442176874,0.6277056277056277,E1 전체 기간,공정 값 23 + pair_pos,선형
로지스틱 L2,47,0.5295601988212104,0.07530212084833933,0.4,0.4,0.6,0.08955223880597014,0.6,0.04838709677419355,0.7356223175965665,E1 전체 기간,공정 값 23 + pair_pos,선형
로지스틱 L2,48,0.9566351142921985,0.03270319311577829,0.2,0.2,0.2,0.0,0.0,0.0,0.5826839826839827,E1 전체 기간,공정 값 23 + pair_pos,선형
로지스틱 L2,49,0.5431377333875748,0.04925513706268217,0.0,0.4,0.6,0.08823529411764706,0.6,0.047619047619047616,0.754978354978355,E1 전체 기간,공정 값 23 + pair_pos,선형
랜덤포레스트,0,0.16914979378062717,0.09591231204585243,0.2,0.6,0.8,0.0975609756097561,0.4,0.05555555555555555,0.8268398268398268,E1 전체 기간,공정 값 23 + pair_pos,트리
랜덤포레스트,1,0.1791739812818702,0.01954376954785772,0.0,0.0,0.0,0.0,0.0,0.0,0.38614718614718613,E1 전체 기간,공정 값 23 + pair_pos,트리
랜덤포레스트,2,0.367363550630643,0.0339364518759996,0.2,0.2,0.4,0.0,0.0,0.0,0.49012875536480693,E1 전체 기간,공정 값 23 + pair_pos,트리
랜덤포레스트,3,0.04228356364945212,0.06265312685114666,0.2,0.4,0.6,0.05917159763313609,1.0,0.03048780487804878,0.7783549783549784,E1 전체 기간,공정 값 23 + pair_pos,트리
랜덤포레스트,4,0.28290947699622654,0.04296705207503329,0.0,0.4,0.6,0.0,0.0,0.0,0.7272727272727272,E1 전체 기간,공정 값 23 + pair_pos,트리
랜덤포레스트,5,0.34038223576039894,0.06827378169594159,0.4,0.6,0.6,0.10526315789473684,0.2,0.07142857142857142,0.6329004329004329,E1 전체 기간,공정 값 23 + pair_pos,트리
랜덤포레스트,6,0.1203249359364123,0.06092856082028594,0.4,0.4,0.4,0.07017543859649122,0.4,0.038461538461538464,0.632900432900433,E1 전체 기간,공정 값 23 + pair_pos,트리
랜덤포레스트,7,0.38257039594156805,0.06797268026453965,0.2,0.8,1.0,0.0,0.0,0.0,0.8291845493562232,E1 전체 기간,공정 값 23 + pair_pos,트리
랜덤포레스트,8,0.24775067896530634,0.07934632034632036,0.4,0.6,0.6,0.10526315789473684,0.2,0.07142857142857142,0.6865800865800866,E1 전체 기간,공정 값 23 + pair_pos,트리
랜덤포레스트,9,0.2608266488235612,0.12278639033194984,0.2,0.4,0.4,0.08,0.2,0.05,0.5264069264069264,E1 전체 기간,공정 값 23 + pair_pos,트리
랜덤포레스트,10,0.21434437198592893,0.02383237721081432,0.0,0.2,0.2,0.0,0.0,0.0,0.4831168831168831,E1 전체 기간,공정 값 23 + pair_pos,트리
랜덤포레스트,11,0.35746167262027534,0.03711383897685268,0.0,0.2,0.4,0.0,0.0,0.0,0.6787878787878788,E1 전체 기간,공정 값 23 + pair_pos,트리
랜덤포레스트,12,0.3194255673737122,0.050535556397625365,0.2,0.4,0.6,0.11764705882352941,0.2,0.08333333333333333,0.6377682403433476,E1 전체 기간,공정 값 23 + pair_pos,트리
랜덤포레스트,13,0.19055215748751433,0.08866666343227275,0.2,0.4,0.4,0.04081632653061224,0.2,0.022727272727272728,0.5082251082251081,E1 전체 기간,공정 값 23 + pair_pos,트리
랜덤포레스트,14,0.3677140147256375,0.06306821054268992,0.2,0.6,0.6,0.0,0.0,0.0,0.6874458874458874,E1 전체 기간,공정 값 23 + pair_pos,트리
랜덤포레스트,15,0.16832439971670762,0.14863482738284262,0.2,0.6,0.8,0.09090909090909091,0.4,0.05128205128205128,0.812987012987013,E1 전체 기간,공정 값 23 + pair_pos,트리
랜덤포레스트,16,0.45723284124386027,0.03595030220274215,0.0,0.2,0.6,0.0,0.0,0.0,0.6242424242424243,E1 전체 기간,공정 값 23 + pair_pos,트리
랜덤포레스트,17,0.2935709343501146,0.042624858505076295,0.0,0.4,0.4,0.0,0.0,0.0,0.6987124463519313,E1 전체 기간,공정 값 23 + pair_pos,트리
랜덤포레스트,18,0.27132604860886117,0.0438175612390094,0.4,0.4,0.4,0.0,0.0,0.0,0.6363636363636364,E1 전체 기간,공정 값 23 + pair_pos,트리
랜덤포레스트,19,0.19455022000289177,0.08070018705156481,0.4,0.6,1.0,0.13333333333333333,0.4,0.08,0.8458874458874459,E1 전체 기간,공정 값 23 + pair_pos,트리
랜덤포레스트,20,0.18925921293462142,0.0586960954698181,0.2,0.4,0.8,0.0975609756097561,0.4,0.05555555555555555,0.7601731601731602,E1 전체 기간,공정 값 23 + pair_pos,트리
랜덤포레스트,21,0.23606907879235697,0.05348906756673747,0.4,0.4,0.4,0.08333333333333333,0.2,0.05263157894736842,0.5982683982683983,E1 전체 기간,공정 값 23 + pair_pos,트리
랜덤포레스트,22,0.3333860030005795,0.03811802964150657,0.0,0.4,0.6,0.0,0.0,0.0,0.6618025751072962,E1 전체 기간,공정 값 23 + pair_pos,트리
랜덤포레스트,23,0.1715051691196,0.15169978980277884,0.4,0.4,0.4,0.08,0.4,0.044444444444444446,0.6683982683982684,E1 전체 기간,공정 값 23 + pair_pos,트리
랜덤포레스트,24,0.541351584406241,0.06125681701007326,0.2,0.2,0.2,0.0,0.0,0.0,0.5506493506493506,E1 전체 기간,공정 값 23 + pair_pos,트리
랜덤포레스트,25,0.21418153058492778,0.0232711596003265,0.0,0.0,0.0,0.0,0.0,0.0,0.48225108225108226,E1 전체 기간,공정 값 23 + pair_pos,트리
랜덤포레스트,26,0.09403229792263285,0.06831763581763582,0.4,0.4,0.8,0.08421052631578947,0.8,0.044444444444444446,0.6926406926406927,E1 전체 기간,공정 값 23 + pair_pos,트리
랜덤포레스트,27,0.16441054174302214,0.2301041838856927,0.2,0.4,0.6,0.08333333333333333,0.4,0.046511627906976744,0.6377682403433477,E1 전체 기간,공정 값 23 + pair_pos,트리
랜덤포레스트,28,0.280797246530393,0.029590704297133112,0.0,0.2,0.4,0.0,0.0,0.0,0.5774891774891775,E1 전체 기간,공정 값 23 + pair_pos,트리
랜덤포레스트,29,0.2055242082766997,0.03651391899968098,0.2,0.4,0.4,0.06060606060606061,0.2,0.03571428571428571,0.5480519480519481,E1 전체 기간,공정 값 23 + pair_pos,트리
랜덤포레스트,30,0.15162805197335355,0.038689096012777174,0.0,0.4,0.6,0.06779661016949153,0.4,0.037037037037037035,0.6770562770562771,E1 전체 기간,공정 값 23 + pair_pos,트리
랜덤포레스트,31,0.14124519787041404,0.05529118323961374,0.2,0.6,0.6,0.10714285714285714,0.6,0.058823529411764705,0.6432900432900432,E1 전체 기간,공정 값 23 + pair_pos,트리
랜덤포레스트,32,0.11001083664674563,0.2308790075393309,0.2,0.4,0.4,0.06153846153846154,0.4,0.03333333333333333,0.6824034334763949,E1 전체 기간,공정 값 23 + pair_pos,트리
랜덤포레스트,33,0.16586565720787955,0.07362790155865019,0.2,0.4,0.4,0.0425531914893617,0.2,0.023809523809523808,0.5393939393939393,E1 전체 기간,공정 값 23 + pair_pos,트리
랜덤포레스트,34,0.3360381195828018,0.05957137889062772,0.2,0.4,0.6,0.11764705882352941,0.2,0.08333333333333333,0.6658008658008657,E1 전체 기간,공정 값 23 + pair_pos,트리
랜덤포레스트,35,0.3559453829502149,0.061846365728312425,0.2,0.2,0.6,0.11764705882352941,0.2,0.08333333333333333,0.6251082251082252,E1 전체 기간,공정 값 23 + pair_pos,트리
랜덤포레스트,36,0.2791911544967294,0.054356309407610146,0.4,0.4,0.4,0.1111111111111111,0.2,0.07692307692307693,0.6043290043290044,E1 전체 기간,공정 값 23 + pair_pos,트리
랜덤포레스트,37,0.10241342649570755,0.09217344209881524,0.4,0.4,0.6,0.09302325581395349,0.8,0.04938271604938271,0.7579399141630901,E1 전체 기간,공정 값 23 + pair_pos,트리
랜덤포레스트,38,0.13178811162872053,0.033588437150960423,0.0,0.2,0.2,0.028985507246376812,0.2,0.015625,0.6372294372294373,E1 전체 기간,공정 값 23 + pair_pos,트리
랜덤포레스트,39,0.3205652844900514,0.03865693130399013,0.2,0.2,0.2,0.0,0.0,0.0,0.5367965367965368,E1 전체 기간,공정 값 23 + pair_pos,트리
랜덤포레스트,40,0.06611372513833778,0.07303808868215574,0.2,0.4,0.4,0.05263157894736842,0.6,0.027522935779816515,0.6753246753246753,E1 전체 기간,공정 값 23 + pair_pos,트리
랜덤포레스트,41,0.3752128298195883,0.06847471187093829,0.4,0.4,0.6,0.0,0.0,0.0,0.7168831168831169,E1 전체 기간,공정 값 23 + pair_pos,트리
랜덤포레스트,42,0.16910136506802734,0.08752787635430348,0.4,0.4,0.6,0.08888888888888889,0.4,0.05,0.688412017167382,E1 전체 기간,공정 값 23 + pair_pos,트리
랜덤포레스트,43,0.41298125501237637,0.03891124090085473,0.2,0.2,0.4,0.0,0.0,0.0,0.6588744588744588,E1 전체 기간,공정 값 23 + pair_pos,트리
랜덤포레스트,44,0.4029390601623445,0.05528973117725822,0.2,0.4,0.6,0.0,0.0,0.0,0.7506493506493507,E1 전체 기간,공정 값 23 + pair_pos,트리
랜덤포레스트,45,0.2251529482502375,0.042584809130263676,0.0,0.2,0.6,0.046511627906976744,0.2,0.02631578947368421,0.7073593073593074,E1 전체 기간,공정 값 23 + pair_pos,트리
랜덤포레스트,46,0.19101288851597273,0.029600254817646124,0.2,0.2,0.2,0.0625,0.2,0.037037037037037035,0.5402597402597402,E1 전체 기간,공정 값 23 + pair_pos,트리
랜덤포레스트,47,0.24119451087818167,0.029846114932460574,0.0,0.2,0.2,0.0,0.0,0.0,0.5931330472103005,E1 전체 기간,공정 값 23 + pair_pos,트리
랜덤포레스트,48,0.16412748844088407,0.021889021718139647,0.0,0.2,0.2,0.038461538461538464,0.2,0.02127659574468085,0.3948051948051948,E1 전체 기간,공정 값 23 + pair_pos,트리
랜덤포레스트,49,0.21266010591452097,0.07928571428571429,0.4,0.6,0.8,0.1,0.4,0.05714285714285714,0.8311688311688312,E1 전체 기간,공정 값 23 + pair_pos,트리
엑스트라트리,0,0.1184959479142672,0.08752247752247752,0.4,0.6,0.6,0.09523809523809523,0.6,0.05172413793103448,0.7922077922077921,E1 전체 기간,공정 값 23 + pair_pos,트리
엑스트라트리,1,0.2596689427947787,0.022137253013356444,0.0,0.0,0.2,0.0,0.0,0.0,0.438961038961039,E1 전체 기간,공정 값 23 + pair_pos,트리
엑스트라트리,2,0.21063850808646328,0.035348763128294415,0.0,0.4,0.4,0.0,0.0,0.0,0.6575107296137339,E1 전체 기간,공정 값 23 + pair_pos,트리
엑스트라트리,3,0.1262420260453385,0.04649427785021005,0.0,0.4,0.6,0.06557377049180328,0.4,0.03571428571428571,0.7454545454545454,E1 전체 기간,공정 값 23 + pair_pos,트리
엑스트라트리,4,0.16471285658443086,0.04342226750351244,0.0,0.4,0.6,0.0,0.0,0.0,0.7246753246753247,E1 전체 기간,공정 값 23 + pair_pos,트리
엑스트라트리,5,0.19896624661030365,0.038393526772939585,0.0,0.4,0.4,0.0,0.0,0.0,0.6476190476190476,E1 전체 기간,공정 값 23 + pair_pos,트리
엑스트라트리,6,0.09491645559729425,0.057877384960718294,0.2,0.4,0.4,0.05333333333333334,0.4,0.02857142857142857,0.664069264069264,E1 전체 기간,공정 값 23 + pair_pos,트리
엑스트라트리,7,0.30294663834235064,0.10487717436246849,0.4,0.8,0.8,0.0,0.0,0.0,0.8678111587982833,E1 전체 기간,공정 값 23 + pair_pos,트리
엑스트라트리,8,0.12593141683301415,0.05665810645759126,0.0,0.6,0.6,0.12244897959183673,0.6,0.06818181818181818,0.7333333333333334,E1 전체 기간,공정 값 23 + pair_pos,트리
엑스트라트리,9,0.19275624740497885,0.03623590839437833,0.2,0.2,0.4,0.05263157894736842,0.2,0.030303030303030304,0.5662337662337662,E1 전체 기간,공정 값 23 + pair_pos,트리
엑스트라트리,10,0.22375741173809047,0.028602653385262078,0.0,0.0,0.2,0.0,0.0,0.0,0.5541125541125541,E1 전체 기간,공정 값 23 + pair_pos,트리
엑스트라트리,11,0.16153312989692364,0.042276076885861394,0.2,0.2,0.4,0.05128205128205128,0.2,0.029411764705882353,0.7116883116883117,E1 전체 기간,공정 값 23 + pair_pos,트리
엑스트라트리,12,0.2257432437971048,0.05950002050777244,0.2,0.6,0.6,0.0,0.0,0.0,0.7278969957081545,E1 전체 기간,공정 값 23 + pair_pos,트리
엑스트라트리,13,0.07567431309578442,0.033238940297226155,0.0,0.2,0.6,0.05825242718446602,0.6,0.030612244897959183,0.6242424242424243,E1 전체 기간,공정 값 23 + pair_pos,트리
엑스트라트리,14,0.08095581261578635,0.07220732166384339,0.4,0.8,0.8,0.08888888888888889,0.8,0.047058823529411764,0.7593073593073594,E1 전체 기간,공정 값 23 + pair_pos,트리
엑스트라트리,15,0.06295252157621808,0.06279360771898085,0.4,0.4,0.6,0.08064516129032258,1.0,0.04201680672268908,0.7463203463203463,E1 전체 기간,공정 값 23 + pair_pos,트리
엑스트라트리,16,0.07321316436692633,0.04296116800443223,0.0,0.4,0.8,0.08,0.8,0.042105263157894736,0.6796536796536796,E1 전체 기간,공정 값 23 + pair_pos,트리
엑스트라트리,17,0.14803186415758499,0.06285042701480305,0.0,0.8,0.8,0.15384615384615385,0.8,0.0851063829787234,0.7991416309012875,E1 전체 기간,공정 값 23 + pair_pos,트리
엑스트라트리,18,0.20081055397695324,0.04993810548364696,0.2,0.4,0.6,0.0,0.0,0.0,0.7168831168831169,E1 전체 기간,공정 값 23 + pair_pos,트리
엑스트라트리,19,0.07166961607798294,0.04889331623990852,0.2,0.2,0.6,0.09345794392523364,1.0,0.049019607843137254,0.7480519480519481,E1 전체 기간,공정 값 23 + pair_pos,트리
엑스트라트리,20,0.12134650006304412,0.06064544858332036,0.2,0.6,0.8,0.10666666666666667,0.8,0.05714285714285714,0.7965367965367965,E1 전체 기간,공정 값 23 + pair_pos,트리
엑스트라트리,21,0.19034496392028724,0.05014900465624246,0.4,0.4,0.4,0.08333333333333333,0.2,0.05263157894736842,0.7038961038961039,E1 전체 기간,공정 값 23 + pair_pos,트리
엑스트라트리,22,0.1551909539429455,0.07159377784377785,0.2,0.4,0.6,0.09090909090909091,0.4,0.05128205128205128,0.7811158798283262,E1 전체 기간,공정 값 23 + pair_pos,트리
엑스트라트리,23,0.1282739662317282,0.11960870962558251,0.4,0.4,0.4,0.07017543859649122,0.4,0.038461538461538464,0.7411255411255412,E1 전체 기간,공정 값 23 + pair_pos,트리
엑스트라트리,24,0.19196855657774778,0.03641376858555828,0.2,0.2,0.2,0.06451612903225806,0.2,0.038461538461538464,0.5506493506493507,E1 전체 기간,공정 값 23 + pair_pos,트리
엑스트라트리,25,0.21120530841159862,0.0344751177708236,0.0,0.4,0.4,0.0625,0.2,0.037037037037037035,0.5904761904761905,E1 전체 기간,공정 값 23 + pair_pos,트리
엑스트라트리,26,0.07408932207253827,0.04395844719260116,0.0,0.6,0.6,0.058823529411764705,0.6,0.030927835051546393,0.6761904761904762,E1 전체 기간,공정 값 23 + pair_pos,트리
엑스트라트리,27,0.15516896433516958,0.06110607023274214,0.2,0.6,0.8,0.09302325581395349,0.4,0.05263157894736842,0.8034334763948497,E1 전체 기간,공정 값 23 + pair_pos,트리
엑스트라트리,28,0.23057793699821286,0.01990970354149047,0.0,0.0,0.0,0.0,0.0,0.0,0.3982683982683983,E1 전체 기간,공정 값 23 + pair_pos,트리
엑스트라트리,29,0.12769759832232122,0.037325230356295314,0.0,0.4,0.4,0.06896551724137931,0.4,0.03773584905660377,0.5904761904761905,E1 전체 기간,공정 값 23 + pair_pos,트리
엑스트라트리,30,0.23084083632753008,0.060107188779755155,0.0,0.8,0.8,0.0,0.0,0.0,0.7861471861471863,E1 전체 기간,공정 값 23 + pair_pos,트리
엑스트라트리,31,0.08900127586190414,0.058210093746584216,0.4,0.6,0.6,0.06382978723404255,0.6,0.033707865168539325,0.7021645021645022,E1 전체 기간,공정 값 23 + pair_pos,트리
엑스트라트리,32,0.08744741245725865,0.10840248058796792,0.4,0.4,0.4,0.047058823529411764,0.4,0.025,0.7098712446351931,E1 전체 기간,공정 값 23 + pair_pos,트리
엑스트라트리,33,0.16196957107261276,0.03086983554097849,0.2,0.2,0.2,0.05263157894736842,0.2,0.030303030303030304,0.5402597402597403,E1 전체 기간,공정 값 23 + pair_pos,트리
엑스트라트리,34,0.2042822282976217,0.059822234452394055,0.2,0.4,0.6,0.09090909090909091,0.2,0.058823529411764705,0.748917748917749,E1 전체 기간,공정 값 23 + pair_pos,트리
엑스트라트리,35,0.19136975670048204,0.042920078282469236,0.0,0.4,0.6,0.05714285714285714,0.2,0.03333333333333333,0.6510822510822512,E1 전체 기간,공정 값 23 + pair_pos,트리
엑스트라트리,36,0.13294190037328601,0.04424704699309855,0.2,0.4,0.4,0.06779661016949153,0.4,0.037037037037037035,0.6614718614718614,E1 전체 기간,공정 값 23 + pair_pos,트리
엑스트라트리,37,0.20485578579486083,0.05981041417661137,0.2,0.4,0.8,0.08333333333333333,0.2,0.05263157894736842,0.7630901287553649,E1 전체 기간,공정 값 23 + pair_pos,트리
엑스트라트리,38,0.1337845055082834,0.06626194108459554,0.2,0.6,1.0,0.15873015873015872,1.0,0.08620689655172414,0.8225108225108225,E1 전체 기간,공정 값 23 + pair_pos,트리
엑스트라트리,39,0.1718624293753049,0.04004131126779522,0.2,0.2,0.4,0.07142857142857142,0.2,0.043478260869565216,0.6692640692640692,E1 전체 기간,공정 값 23 + pair_pos,트리
엑스트라트리,40,0.25934581064692847,0.03857616034644672,0.2,0.2,0.4,0.0,0.0,0.0,0.6701298701298701,E1 전체 기간,공정 값 23 + pair_pos,트리
엑스트라트리,41,0.15077918069111607,0.050262148166036115,0.2,0.4,0.6,0.08,0.4,0.044444444444444446,0.6787878787878788,E1 전체 기간,공정 값 23 + pair_pos,트리
엑스트라트리,42,0.1913541766259937,0.03962004749406324,0.0,0.2,0.6,0.0,0.0,0.0,0.6987124463519313,E1 전체 기간,공정 값 23 + pair_pos,트리
엑스트라트리,43,0.08389967982097173,0.04589106386757258,0.0,0.6,0.6,0.07317073170731707,0.6,0.03896103896103896,0.7082251082251083,E1 전체 기간,공정 값 23 + pair_pos,트리
엑스트라트리,44,0.2450164311688926,0.05233262784021797,0.2,0.4,0.6,0.0,0.0,0.0,0.7567099567099567,E1 전체 기간,공정 값 23 + pair_pos,트리
엑스트라트리,45,0.11326635324710381,0.04551107442620996,0.0,0.2,0.8,0.08108108108108109,0.6,0.043478260869565216,0.7264069264069264,E1 전체 기간,공정 값 23 + pair_pos,트리
엑스트라트리,46,0.10861603770560596,0.029517611168987316,0.0,0.2,0.2,0.02702702702702703,0.2,0.014492753623188406,0.561038961038961,E1 전체 기간,공정 값 23 + pair_pos,트리
엑스트라트리,47,0.22930190116962626,0.04594491796169265,0.0,0.4,0.6,0.0,0.0,0.0,0.7133047210300429,E1 전체 기간,공정 값 23 + pair_pos,트리
엑스트라트리,48,0.2871133063567494,0.02735268277791591,0.0,0.2,0.2,0.0,0.0,0.0,0.5376623376623377,E1 전체 기간,공정 값 23 + pair_pos,트리
엑스트라트리,49,0.1319078072029562,0.06567904546053133,0.0,0.8,0.8,0.125,0.8,0.06779661016949153,0.8242424242424242,E1 전체 기간,공정 값 23 + pair_pos,트리
GradientBoosting,0,0.009174024175820326,0.06363156770114267,0.2,0.4,0.8,0.08163265306122448,0.4,0.045454545454545456,0.780952380952381,E1 전체 기간,공정 값 23 + pair_pos,부스팅
GradientBoosting,1,0.010827409829655575,0.02547146189457887,0.0,0.2,0.2,0.0,0.0,0.0,0.5021645021645021,E1 전체 기간,공정 값 23 + pair_pos,부스팅
GradientBoosting,2,0.0021191324373486284,0.029708120006102262,0.0,0.2,0.2,0.06060606060606061,0.6,0.031914893617021274,0.5896995708154507,E1 전체 기간,공정 값 23 + pair_pos,부스팅
GradientBoosting,3,0.27793601172574045,0.04236658766712874,0.2,0.2,0.6,0.0,0.0,0.0,0.6909090909090909,E1 전체 기간,공정 값 23 + pair_pos,부스팅
GradientBoosting,4,0.021889793740994656,0.06619532262065544,0.4,0.4,0.6,0.14814814814814814,0.4,0.09090909090909091,0.7896103896103897,E1 전체 기간,공정 값 23 + pair_pos,부스팅
GradientBoosting,5,0.050690707876816565,0.05444454777958615,0.0,0.6,0.8,0.0,0.0,0.0,0.7575757575757576,E1 전체 기간,공정 값 23 + pair_pos,부스팅
GradientBoosting,6,0.15911590547907276,0.049991870510580474,0.2,0.6,0.6,0.0,0.0,0.0,0.6761904761904762,E1 전체 기간,공정 값 23 + pair_pos,부스팅
GradientBoosting,7,0.013163596309493819,0.1678458796105855,0.4,0.6,0.6,0.12,0.6,0.06666666666666667,0.8085836909871245,E1 전체 기간,공정 값 23 + pair_pos,부스팅
GradientBoosting,8,0.02903554035876397,0.03430793198556739,0.0,0.2,0.4,0.0,0.0,0.0,0.6484848484848486,E1 전체 기간,공정 값 23 + pair_pos,부스팅
GradientBoosting,9,0.7276194496196307,0.03273224960861777,0.2,0.2,0.2,0.0,0.0,0.0,0.5861471861471862,E1 전체 기간,공정 값 23 + pair_pos,부스팅
GradientBoosting,10,0.011696113067023792,0.04669483370860646,0.2,0.4,0.4,0.10526315789473684,0.4,0.06060606060606061,0.6354978354978356,E1 전체 기간,공정 값 23 + pair_pos,부스팅
GradientBoosting,11,0.4438735249626606,0.04365565379075169,0.0,0.4,0.6,0.0,0.0,0.0,0.7316017316017316,E1 전체 기간,공정 값 23 + pair_pos,부스팅
GradientBoosting,12,0.0026427293963375655,0.0869323629024243,0.4,0.6,0.6,0.07920792079207921,0.8,0.041666666666666664,0.7639484978540771,E1 전체 기간,공정 값 23 + pair_pos,부스팅
GradientBoosting,13,0.0548818074911554,0.049918365726857546,0.2,0.2,0.6,0.0,0.0,0.0,0.6995670995670995,E1 전체 기간,공정 값 23 + pair_pos,부스팅
GradientBoosting,14,0.02804282107174125,0.04647537647537648,0.2,0.4,0.6,0.0,0.0,0.0,0.7264069264069264,E1 전체 기간,공정 값 23 + pair_pos,부스팅
GradientBoosting,15,0.057419819604528334,0.25293807936479024,0.4,0.4,0.6,0.16666666666666666,0.2,0.14285714285714285,0.6796536796536796,E1 전체 기간,공정 값 23 + pair_pos,부스팅
GradientBoosting,16,0.026279217116595605,0.03378528949770049,0.0,0.4,0.6,0.0,0.0,0.0,0.6069264069264069,E1 전체 기간,공정 값 23 + pair_pos,부스팅
GradientBoosting,17,0.001822306751381942,0.06660441008267096,0.2,0.4,0.6,0.08695652173913043,1.0,0.045454545454545456,0.7399141630901287,E1 전체 기간,공정 값 23 + pair_pos,부스팅
GradientBoosting,18,0.004196525604988233,0.040333990021681386,0.2,0.4,0.6,0.06060606060606061,0.4,0.03278688524590164,0.664069264069264,E1 전체 기간,공정 값 23 + pair_pos,부스팅
GradientBoosting,19,0.0008394647169014739,0.05164388046410518,0.0,0.6,0.6,0.06711409395973154,1.0,0.034722222222222224,0.7627705627705628,E1 전체 기간,공정 값 23 + pair_pos,부스팅
GradientBoosting,20,0.004994681590683024,0.15343406593406594,0.4,0.4,0.4,0.05194805194805195,0.4,0.027777777777777776,0.7506493506493507,E1 전체 기간,공정 값 23 + pair_pos,부스팅
GradientBoosting,21,0.027779835307876904,0.03603927051019732,0.2,0.2,0.4,0.0,0.0,0.0,0.6346320346320347,E1 전체 기간,공정 값 23 + pair_pos,부스팅
GradientBoosting,22,0.0010896185737916107,0.14339822388977155,0.2,0.4,0.8,0.07042253521126761,1.0,0.0364963503649635,0.7648068669527897,E1 전체 기간,공정 값 23 + pair_pos,부스팅
GradientBoosting,23,0.012237246329394316,0.0525330328875105,0.4,0.4,0.4,0.0975609756097561,0.4,0.05555555555555555,0.6865800865800866,E1 전체 기간,공정 값 23 + pair_pos,부스팅
GradientBoosting,24,0.0013485622970064194,0.04506670872683794,0.2,0.2,0.6,0.06504065040650407,0.8,0.03389830508474576,0.6415584415584416,E1 전체 기간,공정 값 23 + pair_pos,부스팅
GradientBoosting,25,0.08490270720149076,0.024533212659755364,0.0,0.2,0.2,0.0,0.0,0.0,0.4987012987012987,E1 전체 기간,공정 값 23 + pair_pos,부스팅
GradientBoosting,26,0.0008520657014644984,0.05580544558147883,0.2,0.6,0.8,0.058394160583941604,0.8,0.030303030303030304,0.7168831168831169,E1 전체 기간,공정 값 23 + pair_pos,부스팅
GradientBoosting,27,0.005110526549666865,0.05194881142249563,0.4,0.4,0.6,0.07142857142857142,0.6,0.0379746835443038,0.7175965665236052,E1 전체 기간,공정 값 23 + pair_pos,부스팅
GradientBoosting,28,0.02020791617304429,0.048896616117711456,0.2,0.4,0.6,0.06451612903225806,0.2,0.038461538461538464,0.7298701298701299,E1 전체 기간,공정 값 23 + pair_pos,부스팅
GradientBoosting,29,0.009918786179204385,0.032085540085540085,0.0,0.0,0.2,0.0,0.0,0.0,0.6285714285714286,E1 전체 기간,공정 값 23 + pair_pos,부스팅
GradientBoosting,30,0.041790336848302884,0.07248570143306984,0.2,0.6,0.8,0.0,0.0,0.0,0.819047619047619,E1 전체 기간,공정 값 23 + pair_pos,부스팅
GradientBoosting,31,0.0031330943622271067,0.04793066531885071,0.2,0.2,0.4,0.04938271604938271,0.4,0.02631578947368421,0.6077922077922078,E1 전체 기간,공정 값 23 + pair_pos,부스팅
GradientBoosting,32,0.0006425318299958752,0.15988697716234668,0.4,0.4,0.4,0.05517241379310345,0.8,0.02857142857142857,0.6901287553648069,E1 전체 기간,공정 값 23 + pair_pos,부스팅
GradientBoosting,33,0.021952464359431663,0.03223999577658114,0.0,0.4,0.4,0.0,0.0,0.0,0.6077922077922078,E1 전체 기간,공정 값 23 + pair_pos,부스팅
GradientBoosting,34,0.007925975261547187,0.03838195138195138,0.0,0.4,0.6,0.09523809523809523,0.6,0.05172413793103448,0.6,E1 전체 기간,공정 값 23 + pair_pos,부스팅
GradientBoosting,35,0.017841105226172514,0.04407254804554708,0.2,0.2,0.6,0.04081632653061224,0.2,0.022727272727272728,0.6554112554112554,E1 전체 기간,공정 값 23 + pair_pos,부스팅
GradientBoosting,36,0.022989101560014567,0.033268028666078475,0.0,0.4,0.4,0.0,0.0,0.0,0.5766233766233767,E1 전체 기간,공정 값 23 + pair_pos,부스팅
GradientBoosting,37,0.15450846990972675,0.057494073020388815,0.4,0.4,0.4,0.0,0.0,0.0,0.7476394849785408,E1 전체 기간,공정 값 23 + pair_pos,부스팅
GradientBoosting,38,0.0016794430924436778,0.090453044375645,0.2,0.4,0.4,0.08196721311475409,1.0,0.042735042735042736,0.7341991341991342,E1 전체 기간,공정 값 23 + pair_pos,부스팅
GradientBoosting,39,0.033619801540652444,0.12492684703063385,0.2,0.2,0.4,0.14285714285714285,0.2,0.1111111111111111,0.6155844155844156,E1 전체 기간,공정 값 23 + pair_pos,부스팅
GradientBoosting,40,0.005094064132928594,0.040301902890138186,0.0,0.2,0.6,0.07894736842105263,0.6,0.04225352112676056,0.7073593073593074,E1 전체 기간,공정 값 23 + pair_pos,부스팅
GradientBoosting,41,0.0027056420644315632,0.07471288708598821,0.2,0.2,0.2,0.06666666666666667,0.6,0.03529411764705882,0.5956709956709957,E1 전체 기간,공정 값 23 + pair_pos,부스팅
GradientBoosting,42,0.05478392610476968,0.05707691825083129,0.2,0.6,0.6,0.0,0.0,0.0,0.6815450643776824,E1 전체 기간,공정 값 23 + pair_pos,부스팅
GradientBoosting,43,0.011496287411490438,0.07227919090054336,0.2,0.4,0.4,0.04878048780487805,0.2,0.027777777777777776,0.696969696969697,E1 전체 기간,공정 값 23 + pair_pos,부스팅
GradientBoosting,44,0.052131347725087554,0.08901515151515152,0.4,0.6,0.8,0.0,0.0,0.0,0.8467532467532467,E1 전체 기간,공정 값 23 + pair_pos,부스팅
GradientBoosting,45,0.0387616872885263,0.03636751955217611,0.0,0.2,0.4,0.0,0.0,0.0,0.6701298701298701,E1 전체 기간,공정 값 23 + pair_pos,부스팅
GradientBoosting,46,0.007741890820807296,0.02877765169248153,0.0,0.2,0.2,0.0,0.0,0.0,0.580952380952381,E1 전체 기간,공정 값 23 + pair_pos,부스팅
GradientBoosting,47,0.00044502647580839524,0.027728736112032408,0.0,0.0,0.2,0.058823529411764705,1.0,0.030303030303030304,0.5751072961373391,E1 전체 기간,공정 값 23 + pair_pos,부스팅
GradientBoosting,48,0.01632621609604531,0.08948979400221584,0.4,0.4,0.4,0.10526315789473684,0.4,0.06060606060606061,0.6268398268398269,E1 전체 기간,공정 값 23 + pair_pos,부스팅
GradientBoosting,49,0.0004777053865762096,0.079087846116148,0.2,0.6,1.0,0.05235602094240838,1.0,0.026881720430107527,0.8441558441558442,E1 전체 기간,공정 값 23 + pair_pos,부스팅
HistGradientBoosting,0,0.03359476479653311,0.28055583361871395,0.6,0.8,0.8,0.2,0.2,0.2,0.8225108225108226,E1 전체 기간,공정 값 23 + pair_pos,부스팅
HistGradientBoosting,1,2.739051418249917e-05,0.020641418364225637,0.0,0.2,0.2,0.02197802197802198,0.2,0.011627906976744186,0.3705627705627706,E1 전체 기간,공정 값 23 + pair_pos,부스팅
HistGradientBoosting,2,0.0009104898425568572,0.05219476765851448,0.2,0.2,0.2,0.09523809523809523,0.2,0.0625,0.4815450643776824,E1 전체 기간,공정 값 23 + pair_pos,부스팅
HistGradientBoosting,3,1.3550434808734833e-05,0.07342177998894417,0.2,0.4,0.8,0.04149377593360996,1.0,0.0211864406779661,0.8121212121212122,E1 전체 기간,공정 값 23 + pair_pos,부스팅
HistGradientBoosting,4,0.20100912630642256,0.028896048059917454,0.0,0.2,0.4,0.0,0.0,0.0,0.5021645021645021,E1 전체 기간,공정 값 23 + pair_pos,부스팅
HistGradientBoosting,5,3.198587523374742e-05,0.08336008277184748,0.6,0.6,0.6,0.08,1.0,0.041666666666666664,0.7835497835497836,E1 전체 기간,공정 값 23 + pair_pos,부스팅
HistGradientBoosting,6,2.583202340975971e-05,0.10462456672166583,0.6,0.6,0.8,0.064,0.8,0.03333333333333333,0.7307359307359308,E1 전체 기간,공정 값 23 + pair_pos,부스팅
HistGradientBoosting,7,0.005184262922556196,0.06750697666151194,0.2,0.6,0.8,0.125,0.2,0.09090909090909091,0.76137339055794,E1 전체 기간,공정 값 23 + pair_pos,부스팅
HistGradientBoosting,8,0.026456491358347843,0.0585028732995079,0.4,0.4,0.6,0.0,0.0,0.0,0.7238095238095239,E1 전체 기간,공정 값 23 + pair_pos,부스팅
HistGradientBoosting,9,0.0015629396291486468,0.06763618777565134,0.2,0.4,0.4,0.08333333333333333,0.2,0.05263157894736842,0.5965367965367966,E1 전체 기간,공정 값 23 + pair_pos,부스팅
HistGradientBoosting,10,0.00019147367382216918,0.035454452726479437,0.0,0.2,0.6,0.0,0.0,0.0,0.5930735930735931,E1 전체 기간,공정 값 23 + pair_pos,부스팅
HistGradientBoosting,11,0.003542109733592401,0.030370270539106868,0.0,0.0,0.4,0.0,0.0,0.0,0.6095238095238096,E1 전체 기간,공정 값 23 + pair_pos,부스팅
HistGradientBoosting,12,0.037171527819257685,0.03743067768029942,0.2,0.2,0.4,0.0,0.0,0.0,0.37081545064377686,E1 전체 기간,공정 값 23 + pair_pos,부스팅
HistGradientBoosting,13,0.00525472752513673,0.059809291440521835,0.4,0.4,0.4,0.11764705882352941,0.2,0.08333333333333333,0.5878787878787879,E1 전체 기간,공정 값 23 + pair_pos,부스팅
HistGradientBoosting,14,0.00926978846768479,0.04956080642188807,0.2,0.6,0.6,0.0,0.0,0.0,0.5636363636363636,E1 전체 기간,공정 값 23 + pair_pos,부스팅
HistGradientBoosting,15,0.0007863042429636143,0.056860222846272304,0.2,0.4,0.8,0.06896551724137931,0.2,0.041666666666666664,0.7904761904761906,E1 전체 기간,공정 값 23 + pair_pos,부스팅
HistGradientBoosting,16,0.1317129383543089,0.03296444432894046,0.0,0.2,0.6,0.0,0.0,0.0,0.593939393939394,E1 전체 기간,공정 값 23 + pair_pos,부스팅
HistGradientBoosting,17,0.0006023658953808464,0.05006660892204983,0.2,0.4,0.6,0.0625,0.2,0.037037037037037035,0.6678111587982833,E1 전체 기간,공정 값 23 + pair_pos,부스팅
HistGradientBoosting,18,0.007875437243047565,0.06194815065958442,0.2,0.8,0.8,0.0,0.0,0.0,0.7186147186147187,E1 전체 기간,공정 값 23 + pair_pos,부스팅
HistGradientBoosting,19,0.08025335276436077,0.0518216026499159,0.2,0.2,0.4,0.0,0.0,0.0,0.7324675324675325,E1 전체 기간,공정 값 23 + pair_pos,부스팅
HistGradientBoosting,20,0.00017935683844419922,0.05211909335585171,0.2,0.4,0.6,0.044444444444444446,0.2,0.025,0.7238095238095238,E1 전체 기간,공정 값 23 + pair_pos,부스팅
HistGradientBoosting,21,0.0024824806495213313,0.1286239472698962,0.4,0.4,0.8,0.15384615384615385,0.2,0.125,0.7090909090909091,E1 전체 기간,공정 값 23 + pair_pos,부스팅
HistGradientBoosting,22,0.11033727299584856,0.03371896117812634,0.0,0.4,0.4,0.0,0.0,0.0,0.6128755364806866,E1 전체 기간,공정 값 23 + pair_pos,부스팅
HistGradientBoosting,23,8.27515603802987e-05,0.07195997446037362,0.4,0.4,0.6,0.1016949152542373,0.6,0.05555555555555555,0.6225108225108226,E1 전체 기간,공정 값 23 + pair_pos,부스팅
HistGradientBoosting,24,0.013207246375091741,0.22214835268573588,0.2,0.2,0.2,0.14285714285714285,0.2,0.1111111111111111,0.5558441558441559,E1 전체 기간,공정 값 23 + pair_pos,부스팅
HistGradientBoosting,25,0.011675501011113362,0.021341231548136448,0.0,0.0,0.0,0.0,0.0,0.0,0.4320346320346321,E1 전체 기간,공정 값 23 + pair_pos,부스팅
HistGradientBoosting,26,0.00014244861592807305,0.07413135588052347,0.2,0.4,0.6,0.07272727272727272,0.4,0.04,0.6813852813852813,E1 전체 기간,공정 값 23 + pair_pos,부스팅
HistGradientBoosting,27,0.27712536132177423,0.05278411403411404,0.2,0.4,0.4,0.0,0.0,0.0,0.6360515021459228,E1 전체 기간,공정 값 23 + pair_pos,부스팅
HistGradientBoosting,28,0.016775010979213113,0.032903138932082854,0.0,0.2,0.4,0.0,0.0,0.0,0.6207792207792208,E1 전체 기간,공정 값 23 + pair_pos,부스팅
HistGradientBoosting,29,0.01737988150179863,0.05609947548626794,0.2,0.4,0.4,0.13333333333333333,0.2,0.1,0.6303030303030304,E1 전체 기간,공정 값 23 + pair_pos,부스팅
HistGradientBoosting,30,4.91958616761503e-05,0.03830552378025307,0.0,0.2,0.4,0.05,0.4,0.02666666666666667,0.6865800865800865,E1 전체 기간,공정 값 23 + pair_pos,부스팅
HistGradientBoosting,31,6.128688096900967e-05,0.06332728136102676,0.4,0.4,0.4,0.07058823529411765,0.6,0.0375,0.7272727272727273,E1 전체 기간,공정 값 23 + pair_pos,부스팅
HistGradientBoosting,32,0.0007383527800479161,0.09282990008463288,0.2,0.2,0.6,0.08695652173913043,0.2,0.05555555555555555,0.5502145922746781,E1 전체 기간,공정 값 23 + pair_pos,부스팅
HistGradientBoosting,33,0.8595895005967293,0.05214181232637609,0.4,0.4,0.6,0.0,0.0,0.0,0.6987012987012987,E1 전체 기간,공정 값 23 + pair_pos,부스팅
HistGradientBoosting,34,0.0025175534608565665,0.05573336023946457,0.2,0.2,0.6,0.0,0.0,0.0,0.7307359307359308,E1 전체 기간,공정 값 23 + pair_pos,부스팅
HistGradientBoosting,35,0.0002858155234338823,0.04601826167360147,0.2,0.2,0.4,0.046511627906976744,0.2,0.02631578947368421,0.7099567099567099,E1 전체 기간,공정 값 23 + pair_pos,부스팅
HistGradientBoosting,36,0.2870536608401646,0.05156287558290468,0.2,0.4,0.6,0.0,0.0,0.0,0.6251082251082252,E1 전체 기간,공정 값 23 + pair_pos,부스팅
HistGradientBoosting,37,0.00020464195106356805,0.07316629479989548,0.4,0.4,0.6,0.08,0.4,0.044444444444444446,0.7690987124463519,E1 전체 기간,공정 값 23 + pair_pos,부스팅
HistGradientBoosting,38,4.9392500613983424e-05,0.05069161777205471,0.0,0.4,0.8,0.08247422680412371,0.8,0.043478260869565216,0.7506493506493507,E1 전체 기간,공정 값 23 + pair_pos,부스팅
HistGradientBoosting,39,0.00013877732564819464,0.03715098433739693,0.0,0.2,0.6,0.0425531914893617,0.2,0.023809523809523808,0.6761904761904762,E1 전체 기간,공정 값 23 + pair_pos,부스팅
HistGradientBoosting,40,6.149554013109998e-05,0.06526822973798622,0.4,0.4,0.4,0.05970149253731343,0.4,0.03225806451612903,0.5601731601731602,E1 전체 기간,공정 값 23 + pair_pos,부스팅
HistGradientBoosting,41,0.0027870106303334247,0.043287723434673436,0.2,0.2,0.6,0.0,0.0,0.0,0.6277056277056277,E1 전체 기간,공정 값 23 + pair_pos,부스팅
HistGradientBoosting,42,0.03489202435302119,0.11944165696154402,0.4,0.6,0.6,0.2,0.2,0.2,0.6866952789699571,E1 전체 기간,공정 값 23 + pair_pos,부스팅
HistGradientBoosting,43,0.00030082228301921593,0.023868002812988683,0.0,0.0,0.2,0.0,0.0,0.0,0.43982683982683984,E1 전체 기간,공정 값 23 + pair_pos,부스팅
HistGradientBoosting,44,0.00022437701672151775,0.04498009730207873,0.0,0.4,0.6,0.0851063829787234,0.4,0.047619047619047616,0.7082251082251083,E1 전체 기간,공정 값 23 + pair_pos,부스팅
HistGradientBoosting,45,0.0018062251250052337,0.04820545503455593,0.2,0.4,0.6,0.0,0.0,0.0,0.6415584415584417,E1 전체 기간,공정 값 23 + pair_pos,부스팅
HistGradientBoosting,46,0.0070946947949454085,0.07970884128299208,0.4,0.4,0.6,0.0,0.0,0.0,0.6502164502164502,E1 전체 기간,공정 값 23 + pair_pos,부스팅
HistGradientBoosting,47,4.1937484658860986e-05,0.028121111197234375,0.0,0.2,0.4,0.038461538461538464,0.4,0.020202020202020204,0.5012875536480688,E1 전체 기간,공정 값 23 + pair_pos,부스팅
HistGradientBoosting,48,0.0016913298817236378,0.015916007899278273,0.0,0.0,0.2,0.0,0.0,0.0,0.2121212121212121,E1 전체 기간,공정 값 23 + pair_pos,부스팅
HistGradientBoosting,49,0.002850529426354358,0.057454387717545616,0.4,0.4,0.6,0.0,0.0,0.0,0.7212121212121212,E1 전체 기간,공정 값 23 + pair_pos,부스팅
XGBoost,0,0.4222984313964844,0.08792584390017949,0.4,0.6,0.8,0.0,0.0,0.0,0.8303030303030303,E1 전체 기간,공정 값 23 + pair_pos,부스팅
XGBoost,1,0.23179994523525238,0.024983042588231932,0.0,0.2,0.2,0.0,0.0,0.0,0.49783549783549785,E1 전체 기간,공정 값 23 + pair_pos,부스팅
XGBoost,2,0.31517431139945984,0.045239464028245364,0.2,0.4,0.4,0.0,0.0,0.0,0.5484978540772533,E1 전체 기간,공정 값 23 + pair_pos,부스팅
XGBoost,3,0.004806781653314829,0.06661135161135161,0.2,0.6,0.8,0.07575757575757576,1.0,0.03937007874015748,0.8225108225108225,E1 전체 기간,공정 값 23 + pair_pos,부스팅
XGBoost,4,0.22066494822502136,0.04998098082084645,0.2,0.4,0.8,0.0,0.0,0.0,0.7523809523809524,E1 전체 기간,공정 값 23 + pair_pos,부스팅
XGBoost,5,0.04190555959939957,0.07570520585191164,0.4,0.4,0.8,0.07017543859649122,0.4,0.038461538461538464,0.7437229437229438,E1 전체 기간,공정 값 23 + pair_pos,부스팅
XGBoost,6,0.04227240011096001,0.13131387886757254,0.2,0.4,0.4,0.09523809523809523,0.4,0.05405405405405406,0.5670995670995671,E1 전체 기간,공정 값 23 + pair_pos,부스팅
XGBoost,7,0.14879220724105835,0.06197843225938046,0.2,0.6,0.6,0.05555555555555555,0.2,0.03225806451612903,0.7450643776824034,E1 전체 기간,공정 값 23 + pair_pos,부스팅
XGBoost,8,0.08837388455867767,0.15170977011494255,0.4,0.6,0.8,0.07407407407407407,0.2,0.045454545454545456,0.7670995670995672,E1 전체 기간,공정 값 23 + pair_pos,부스팅
XGBoost,9,0.527387797832489,0.12159790209790211,0.2,0.2,0.2,0.2,0.2,0.2,0.5636363636363636,E1 전체 기간,공정 값 23 + pair_pos,부스팅
XGBoost,10,0.2565666437149048,0.05216426187932678,0.2,0.4,0.4,0.14285714285714285,0.2,0.1111111111111111,0.6112554112554113,E1 전체 기간,공정 값 23 + pair_pos,부스팅
XGBoost,11,0.6899217963218689,0.03890964590964591,0.0,0.0,0.4,0.0,0.0,0.0,0.6969696969696969,E1 전체 기간,공정 값 23 + pair_pos,부스팅
XGBoost,12,0.1866328865289688,0.0795490538872892,0.2,0.4,0.6,0.09523809523809523,0.2,0.0625,0.7150214592274678,E1 전체 기간,공정 값 23 + pair_pos,부스팅
XGBoost,13,0.27039238810539246,0.06447189592017177,0.4,0.4,0.4,0.10526315789473684,0.2,0.07142857142857142,0.6043290043290044,E1 전체 기간,공정 값 23 + pair_pos,부스팅
XGBoost,14,0.2722480893135071,0.05881728755994249,0.4,0.6,0.6,0.0,0.0,0.0,0.6303030303030303,E1 전체 기간,공정 값 23 + pair_pos,부스팅
XGBoost,15,0.009700869210064411,0.0885155535410396,0.4,0.4,0.6,0.07547169811320754,0.8,0.039603960396039604,0.6987012987012987,E1 전체 기간,공정 값 23 + pair_pos,부스팅
XGBoost,16,0.28660839796066284,0.03452034450593696,0.0,0.4,0.4,0.0,0.0,0.0,0.6285714285714286,E1 전체 기간,공정 값 23 + pair_pos,부스팅
XGBoost,17,0.06582429260015488,0.0473610421886284,0.0,0.2,0.6,0.045454545454545456,0.2,0.02564102564102564,0.7562231759656652,E1 전체 기간,공정 값 23 + pair_pos,부스팅
XGBoost,18,0.24365952610969543,0.050918815894808914,0.2,0.4,0.4,0.0,0.0,0.0,0.6320346320346321,E1 전체 기간,공정 값 23 + pair_pos,부스팅
XGBoost,19,0.0025750151835381985,0.11587109986473537,0.2,0.6,0.8,0.0684931506849315,1.0,0.03546099290780142,0.8025974025974026,E1 전체 기간,공정 값 23 + pair_pos,부스팅
XGBoost,20,0.040584005415439606,0.07346375660948137,0.2,0.4,0.6,0.06779661016949153,0.4,0.037037037037037035,0.7238095238095238,E1 전체 기간,공정 값 23 + pair_pos,부스팅
XGBoost,21,0.026704417541623116,0.2536853677051933,0.4,0.6,0.6,0.11538461538461539,0.6,0.06382978723404255,0.6995670995670996,E1 전체 기간,공정 값 23 + pair_pos,부스팅
XGBoost,22,0.03692043200135231,0.05995489951802944,0.4,0.4,0.8,0.09523809523809523,0.6,0.05172413793103448,0.744206008583691,E1 전체 기간,공정 값 23 + pair_pos,부스팅
XGBoost,23,0.06245741248130798,0.2840725899276724,0.4,0.4,0.4,0.10256410256410256,0.4,0.058823529411764705,0.6519480519480519,E1 전체 기간,공정 값 23 + pair_pos,부스팅
XGBoost,24,0.328993558883667,0.04427456146333234,0.2,0.2,0.2,0.125,0.2,0.09090909090909091,0.5047619047619047,E1 전체 기간,공정 값 23 + pair_pos,부스팅
XGBoost,25,0.23292526602745056,0.022771115073502685,0.0,0.0,0.2,0.0,0.0,0.0,0.4692640692640693,E1 전체 기간,공정 값 23 + pair_pos,부스팅
XGBoost,26,0.0068483976647257805,0.09763265619053095,0.6,0.8,0.8,0.08080808080808081,0.8,0.0425531914893617,0.7523809523809524,E1 전체 기간,공정 값 23 + pair_pos,부스팅
XGBoost,27,0.01143436785787344,0.23796301019396074,0.4,0.4,0.4,0.06382978723404255,0.6,0.033707865168539325,0.6437768240343348,E1 전체 기간,공정 값 23 + pair_pos,부스팅
XGBoost,28,0.33311590552330017,0.06447507249414806,0.2,0.4,0.4,0.13333333333333333,0.2,0.1,0.6147186147186148,E1 전체 기간,공정 값 23 + pair_pos,부스팅
XGBoost,29,0.08523615449666977,0.03870901562425169,0.2,0.4,0.4,0.06060606060606061,0.2,0.03571428571428571,0.6614718614718615,E1 전체 기간,공정 값 23 + pair_pos,부스팅
XGBoost,30,0.01323052030056715,0.05721234716677965,0.2,0.4,0.8,0.08602150537634409,0.8,0.045454545454545456,0.7627705627705628,E1 전체 기간,공정 값 23 + pair_pos,부스팅
XGBoost,31,0.020591171458363533,0.0717932067932068,0.2,0.4,0.4,0.07272727272727272,0.4,0.04,0.6761904761904762,E1 전체 기간,공정 값 23 + pair_pos,부스팅
XGBoost,32,0.025699011981487274,0.2622724897005473,0.4,0.4,0.4,0.06896551724137931,0.4,0.03773584905660377,0.6609442060085837,E1 전체 기간,공정 값 23 + pair_pos,부스팅
XGBoost,33,0.004473135806620121,0.09411342448322924,0.4,0.4,0.4,0.05042016806722689,0.6,0.02631578947368421,0.6311688311688313,E1 전체 기간,공정 값 23 + pair_pos,부스팅
XGBoost,34,0.5322014093399048,0.12195397799659224,0.2,0.4,0.4,0.25,0.2,0.3333333333333333,0.5012987012987014,E1 전체 기간,공정 값 23 + pair_pos,부스팅
XGBoost,35,0.158112034201622,0.2457879412939217,0.4,0.4,0.6,0.10810810810810811,0.4,0.0625,0.7047619047619048,E1 전체 기간,공정 값 23 + pair_pos,부스팅
XGBoost,36,0.05184975638985634,0.043745574095673936,0.2,0.4,0.6,0.10810810810810811,0.4,0.0625,0.6528138528138528,E1 전체 기간,공정 값 23 + pair_pos,부스팅
XGBoost,37,0.1561892032623291,0.0768144499178982,0.6,0.6,0.6,0.09090909090909091,0.2,0.058823529411764705,0.7484978540772532,E1 전체 기간,공정 값 23 + pair_pos,부스팅
XGBoost,38,0.0030543110333383083,0.046820794148380356,0.0,0.4,0.6,0.07751937984496124,1.0,0.04032258064516129,0.7281385281385282,E1 전체 기간,공정 값 23 + pair_pos,부스팅
XGBoost,39,0.01198352500796318,0.023061737240469365,0.0,0.2,0.4,0.03076923076923077,0.2,0.016666666666666666,0.4207792207792208,E1 전체 기간,공정 값 23 + pair_pos,부스팅
XGBoost,40,0.6774079203605652,0.06090584683719477,0.4,0.4,0.4,0.0,0.0,0.0,0.6268398268398269,E1 전체 기간,공정 값 23 + pair_pos,부스팅
XGBoost,41,0.35446080565452576,0.04880811813392991,0.2,0.4,0.4,0.0,0.0,0.0,0.6770562770562771,E1 전체 기간,공정 값 23 + pair_pos,부스팅
XGBoost,42,0.03490845113992691,0.08084294677802115,0.6,0.6,0.6,0.11764705882352941,0.6,0.06521739130434782,0.6952789699570816,E1 전체 기간,공정 값 23 + pair_pos,부스팅
XGBoost,43,0.014677758328616619,0.04290447611902976,0.2,0.4,0.4,0.06153846153846154,0.4,0.03333333333333333,0.6857142857142857,E1 전체 기간,공정 값 23 + pair_pos,부스팅
XGBoost,44,0.4663785398006439,0.06615272442737231,0.2,0.4,0.6,0.0,0.0,0.0,0.7593073593073593,E1 전체 기간,공정 값 23 + pair_pos,부스팅
XGBoost,45,0.006404737941920757,0.0640174732100198,0.4,0.4,0.6,0.06896551724137931,0.8,0.036036036036036036,0.7627705627705628,E1 전체 기간,공정 값 23 + pair_pos,부스팅
XGBoost,46,0.01256474107503891,0.027025108310128193,0.0,0.0,0.2,0.028985507246376812,0.2,0.015625,0.5298701298701298,E1 전체 기간,공정 값 23 + pair_pos,부스팅
XGBoost,47,0.2303406149148941,0.024807685685935436,0.0,0.0,0.2,0.0,0.0,0.0,0.5124463519313305,E1 전체 기간,공정 값 23 + pair_pos,부스팅
XGBoost,48,0.5915568470954895,0.027884335588580347,0.2,0.2,0.2,0.0,0.0,0.0,0.4380952380952381,E1 전체 기간,공정 값 23 + pair_pos,부스팅
XGBoost,49,0.008898741565644741,0.10039107430411778,0.6,0.6,0.8,0.07207207207207207,0.8,0.03773584905660377,0.8251082251082251,E1 전체 기간,공정 값 23 + pair_pos,부스팅
LightGBM,0,0.560145523960093,0.08148251177626943,0.4,0.8,0.8,0.0,0.0,0.0,0.8337662337662337,E1 전체 기간,공정 값 23 + pair_pos,부스팅
LightGBM,1,0.03247905452505868,0.027126429142413012,0.0,0.2,0.2,0.0,0.0,0.0,0.5497835497835498,E1 전체 기간,공정 값 23 + pair_pos,부스팅
LightGBM,2,0.0005864070497049647,0.038039623805118716,0.2,0.4,0.4,0.06741573033707865,0.6,0.03571428571428571,0.528755364806867,E1 전체 기간,공정 값 23 + pair_pos,부스팅
LightGBM,3,0.00032588391531699045,0.07674915377465073,0.2,0.6,0.8,0.08403361344537816,1.0,0.043859649122807015,0.8346320346320346,E1 전체 기간,공정 값 23 + pair_pos,부스팅
LightGBM,4,0.6830134703420097,0.04607081807081807,0.0,0.4,0.6,0.0,0.0,0.0,0.7238095238095238,E1 전체 기간,공정 값 23 + pair_pos,부스팅
LightGBM,5,0.0038729799824093686,0.08267379860757346,0.4,0.6,0.6,0.10344827586206896,0.6,0.05660377358490566,0.7627705627705628,E1 전체 기간,공정 값 23 + pair_pos,부스팅
LightGBM,6,0.0002923872936946832,0.06765563634166483,0.4,0.4,0.4,0.06896551724137931,0.6,0.036585365853658534,0.6147186147186148,E1 전체 기간,공정 값 23 + pair_pos,부스팅
LightGBM,7,0.08934005341996433,0.052278986694631976,0.2,0.4,0.4,0.08,0.2,0.05,0.7459227467811159,E1 전체 기간,공정 값 23 + pair_pos,부스팅
LightGBM,8,0.03408299885751503,0.08108490756766619,0.2,0.6,0.6,0.09090909090909091,0.2,0.058823529411764705,0.7757575757575758,E1 전체 기간,공정 값 23 + pair_pos,부스팅
LightGBM,9,0.24805616561914737,0.1227100515702078,0.2,0.2,0.2,0.25,0.2,0.3333333333333333,0.5757575757575758,E1 전체 기간,공정 값 23 + pair_pos,부스팅
LightGBM,10,0.025255571794058393,0.10786527198291904,0.4,0.4,0.6,0.125,0.2,0.09090909090909091,0.6926406926406926,E1 전체 기간,공정 값 23 + pair_pos,부스팅
LightGBM,11,0.008792025774508714,0.038160819333506124,0.0,0.2,0.4,0.0,0.0,0.0,0.6926406926406926,E1 전체 기간,공정 값 23 + pair_pos,부스팅
LightGBM,12,0.005276932814818181,0.07063818628355234,0.4,0.4,0.4,0.08163265306122448,0.4,0.045454545454545456,0.7356223175965666,E1 전체 기간,공정 값 23 + pair_pos,부스팅
LightGBM,13,0.04166016934010879,0.06681829915096286,0.2,0.4,0.4,0.08333333333333333,0.2,0.05263157894736842,0.612987012987013,E1 전체 기간,공정 값 23 + pair_pos,부스팅
LightGBM,14,0.04054453266417774,0.06888302451035867,0.4,0.6,0.6,0.10526315789473684,0.2,0.07142857142857142,0.6502164502164502,E1 전체 기간,공정 값 23 + pair_pos,부스팅
LightGBM,15,0.049330333662397134,0.06924816332417441,0.4,0.4,0.4,0.15384615384615385,0.4,0.09523809523809523,0.6813852813852814,E1 전체 기간,공정 값 23 + pair_pos,부스팅
LightGBM,16,0.12253746523475871,0.03525689505280643,0.0,0.2,0.6,0.0,0.0,0.0,0.6346320346320347,E1 전체 기간,공정 값 23 + pair_pos,부스팅
LightGBM,17,0.5939319423346479,0.06215873673413027,0.2,0.4,1.0,0.0,0.0,0.0,0.809442060085837,E1 전체 기간,공정 값 23 + pair_pos,부스팅
LightGBM,18,0.09931949946188769,0.06029352908300277,0.2,0.6,0.6,0.0,0.0,0.0,0.6848484848484848,E1 전체 기간,공정 값 23 + pair_pos,부스팅
LightGBM,19,0.008623036176674263,0.2618840579710145,0.4,0.8,1.0,0.125,0.4,0.07407407407407407,0.8528138528138528,E1 전체 기간,공정 값 23 + pair_pos,부스팅
LightGBM,20,0.003637088508270354,0.06263722610471836,0.4,0.4,0.4,0.06060606060606061,0.4,0.03278688524590164,0.7212121212121213,E1 전체 기간,공정 값 23 + pair_pos,부스팅
LightGBM,21,0.0006006851264028328,0.2553239610932925,0.4,0.4,0.6,0.07058823529411765,0.6,0.0375,0.6744588744588744,E1 전체 기간,공정 값 23 + pair_pos,부스팅
LightGBM,22,0.014543455058371303,0.05888610726905865,0.2,0.4,0.6,0.10810810810810811,0.4,0.0625,0.7433476394849785,E1 전체 기간,공정 값 23 + pair_pos,부스팅
LightGBM,23,0.004546040834455849,0.13431013431013433,0.4,0.4,0.4,0.08333333333333333,0.4,0.046511627906976744,0.6528138528138527,E1 전체 기간,공정 값 23 + pair_pos,부스팅
LightGBM,24,0.00687556294866185,0.04916715090628134,0.2,0.2,0.2,0.06060606060606061,0.2,0.03571428571428571,0.5463203463203463,E1 전체 기간,공정 값 23 + pair_pos,부스팅
LightGBM,25,0.007315307349533055,0.027539398498273096,0.0,0.0,0.2,0.0,0.0,0.0,0.5445887445887446,E1 전체 기간,공정 값 23 + pair_pos,부스팅
LightGBM,26,0.0002290308280299081,0.09662723785166241,0.4,0.8,0.8,0.07547169811320754,0.8,0.039603960396039604,0.7307359307359308,E1 전체 기간,공정 값 23 + pair_pos,부스팅
LightGBM,27,0.0005050511228001665,0.23695633073493208,0.4,0.4,0.4,0.06593406593406594,0.6,0.03488372093023256,0.6678111587982833,E1 전체 기간,공정 값 23 + pair_pos,부스팅
LightGBM,28,0.09609604269179108,0.03643723459268796,0.2,0.2,0.2,0.0,0.0,0.0,0.5783549783549784,E1 전체 기간,공정 값 23 + pair_pos,부스팅
LightGBM,29,0.014364008548698274,0.04237508600868669,0.2,0.2,0.4,0.06451612903225806,0.2,0.038461538461538464,0.7108225108225108,E1 전체 기간,공정 값 23 + pair_pos,부스팅
LightGBM,30,0.0013459458019106335,0.0592791989174945,0.2,0.4,0.6,0.0759493670886076,0.6,0.04054054054054054,0.7584415584415585,E1 전체 기간,공정 값 23 + pair_pos,부스팅
LightGBM,31,0.0012558251696875916,0.07463288847904234,0.2,0.4,0.6,0.06451612903225806,0.4,0.03508771929824561,0.6909090909090909,E1 전체 기간,공정 값 23 + pair_pos,부스팅
LightGBM,32,0.0016414865808461912,0.13632724696341328,0.4,0.4,0.4,0.07017543859649122,0.4,0.038461538461538464,0.6454935622317597,E1 전체 기간,공정 값 23 + pair_pos,부스팅
LightGBM,33,0.00014363619787880616,0.09480403072702576,0.4,0.4,0.6,0.06722689075630252,0.8,0.03508771929824561,0.7012987012987013,E1 전체 기간,공정 값 23 + pair_pos,부스팅
LightGBM,34,0.12856545156572463,0.11940106819774766,0.2,0.2,0.2,0.15384615384615385,0.2,0.125,0.5116883116883117,E1 전체 기간,공정 값 23 + pair_pos,부스팅
LightGBM,35,0.013904572798446342,0.09221602393079474,0.4,0.4,0.6,0.09523809523809523,0.4,0.05405405405405406,0.7281385281385282,E1 전체 기간,공정 값 23 + pair_pos,부스팅
LightGBM,36,0.30863651255629704,0.039981988745107534,0.0,0.4,0.6,0.0,0.0,0.0,0.6735930735930736,E1 전체 기간,공정 값 23 + pair_pos,부스팅
LightGBM,37,0.03453314048070628,0.11080485059002013,0.6,0.6,0.8,0.21428571428571427,0.6,0.13043478260869565,0.7811158798283262,E1 전체 기간,공정 값 23 + pair_pos,부스팅
LightGBM,38,0.008669578969783882,0.05426739926739926,0.2,0.4,0.6,0.08695652173913043,0.4,0.04878048780487805,0.7272727272727273,E1 전체 기간,공정 값 23 + pair_pos,부스팅
LightGBM,39,0.002182401466413167,0.027161275457602427,0.0,0.2,0.4,0.04081632653061224,0.2,0.022727272727272728,0.5004329004329005,E1 전체 기간,공정 값 23 + pair_pos,부스팅
LightGBM,40,0.0006179160251599165,0.06129298941798942,0.4,0.4,0.4,0.043010752688172046,0.4,0.022727272727272728,0.6155844155844156,E1 전체 기간,공정 값 23 + pair_pos,부스팅
LightGBM,41,0.08440535773798723,0.07210351455077194,0.4,0.4,0.4,0.0,0.0,0.0,0.7108225108225108,E1 전체 기간,공정 값 23 + pair_pos,부스팅
LightGBM,42,0.006147140677781816,0.09426135620174936,0.6,0.6,0.6,0.17647058823529413,0.6,0.10344827586206896,0.7201716738197425,E1 전체 기간,공정 값 23 + pair_pos,부스팅
LightGBM,43,0.0009997943489628521,0.03926141028400169,0.2,0.2,0.4,0.05405405405405406,0.4,0.028985507246376812,0.6363636363636364,E1 전체 기간,공정 값 23 + pair_pos,부스팅
LightGBM,44,0.25148363161744636,0.04286571444156127,0.0,0.2,0.6,0.0,0.0,0.0,0.7177489177489178,E1 전체 기간,공정 값 23 + pair_pos,부스팅
LightGBM,45,9.594117533202035e-05,0.05799398991052337,0.2,0.6,0.6,0.05517241379310345,0.8,0.02857142857142857,0.7056277056277056,E1 전체 기간,공정 값 23 + pair_pos,부스팅
LightGBM,46,0.018425958789020543,0.02952619571152223,0.0,0.2,0.4,0.0,0.0,0.0,0.5835497835497836,E1 전체 기간,공정 값 23 + pair_pos,부스팅
LightGBM,47,0.017233594551492305,0.032765637083200655,0.0,0.2,0.2,0.0,0.0,0.0,0.6094420600858369,E1 전체 기간,공정 값 23 + pair_pos,부스팅
LightGBM,48,0.04962146423894746,0.04715050670471706,0.2,0.2,0.2,0.1111111111111111,0.2,0.07692307692307693,0.4779220779220779,E1 전체 기간,공정 값 23 + pair_pos,부스팅
LightGBM,49,0.0022235524129552062,0.07970684594908198,0.4,0.6,0.8,0.0975609756097561,0.8,0.05194805194805195,0.8285714285714285,E1 전체 기간,공정 값 23 + pair_pos,부스팅
CatBoost,0,0.05583855751214535,0.12788044831880446,0.2,0.6,0.8,0.12903225806451613,0.4,0.07692307692307693,0.845021645021645,E1 전체 기간,공정 값 23 + pair_pos,부스팅
CatBoost,1,0.3366609728270304,0.029160634480586648,0.0,0.2,0.4,0.0,0.0,0.0,0.5515151515151515,E1 전체 기간,공정 값 23 + pair_pos,부스팅
CatBoost,2,0.0798011709802556,0.0577784854758428,0.4,0.4,0.4,0.16,0.4,0.1,0.6111587982832618,E1 전체 기간,공정 값 23 + pair_pos,부스팅
CatBoost,3,0.01486629493792756,0.07195702671312426,0.2,0.8,0.8,0.09876543209876543,0.8,0.05263157894736842,0.8251082251082251,E1 전체 기간,공정 값 23 + pair_pos,부스팅
CatBoost,4,0.0878952416673405,0.04516570822228235,0.2,0.2,0.6,0.0,0.0,0.0,0.7316017316017316,E1 전체 기간,공정 값 23 + pair_pos,부스팅
CatBoost,5,0.009104978904341934,0.10539661387119013,0.6,0.6,0.8,0.0975609756097561,0.8,0.05194805194805195,0.8285714285714286,E1 전체 기간,공정 값 23 + pair_pos,부스팅
CatBoost,6,0.040031561774915084,0.06815643648763854,0.4,0.4,0.6,0.08888888888888889,0.4,0.05,0.5757575757575758,E1 전체 기간,공정 값 23 + pair_pos,부스팅
CatBoost,7,0.34281410102515475,0.059456560021851144,0.4,0.4,0.6,0.0,0.0,0.0,0.7381974248927039,E1 전체 기간,공정 값 23 + pair_pos,부스팅
CatBoost,8,0.02355375067558717,0.05006537591149107,0.2,0.4,0.6,0.1,0.6,0.05454545454545454,0.7523809523809524,E1 전체 기간,공정 값 23 + pair_pos,부스팅
CatBoost,9,0.09898022654956004,0.2264881043561194,0.2,0.4,0.4,0.08,0.2,0.05,0.5619047619047619,E1 전체 기간,공정 값 23 + pair_pos,부스팅
CatBoost,10,0.0017151809669285541,0.042811344042886286,0.0,0.6,0.6,0.06153846153846154,0.8,0.032,0.6787878787878788,E1 전체 기간,공정 값 23 + pair_pos,부스팅
CatBoost,11,0.024687342836601515,0.036576695416412085,0.0,0.0,0.4,0.0,0.0,0.0,0.6787878787878788,E1 전체 기간,공정 값 23 + pair_pos,부스팅
CatBoost,12,0.04026202002613612,0.06575164902592423,0.4,0.4,0.6,0.10256410256410256,0.4,0.058823529411764705,0.6995708154506437,E1 전체 기간,공정 값 23 + pair_pos,부스팅
CatBoost,13,0.09443428444066777,0.07908588107318142,0.2,0.4,0.4,0.1,0.4,0.05714285714285714,0.6017316017316018,E1 전체 기간,공정 값 23 + pair_pos,부스팅
CatBoost,14,0.08246691556859903,0.0488476160889954,0.4,0.4,0.6,0.07407407407407407,0.2,0.045454545454545456,0.670995670995671,E1 전체 기간,공정 값 23 + pair_pos,부스팅
CatBoost,15,0.034692177435479275,0.1292398522078392,0.4,0.4,0.4,0.07272727272727272,0.4,0.04,0.6952380952380952,E1 전체 기간,공정 값 23 + pair_pos,부스팅
CatBoost,16,0.31099542787869217,0.048531607765057244,0.2,0.4,0.8,0.0,0.0,0.0,0.6874458874458874,E1 전체 기간,공정 값 23 + pair_pos,부스팅
CatBoost,17,0.03763496070330144,0.0910071268111031,0.2,0.8,1.0,0.14545454545454545,0.8,0.08,0.8540772532188842,E1 전체 기간,공정 값 23 + pair_pos,부스팅
CatBoost,18,0.0425851815627106,0.0552220341657224,0.2,0.6,0.6,0.06451612903225806,0.2,0.038461538461538464,0.6779220779220779,E1 전체 기간,공정 값 23 + pair_pos,부스팅
CatBoost,19,0.16919348116288985,0.0585465869001902,0.2,0.6,0.6,0.0,0.0,0.0,0.7913419913419915,E1 전체 기간,공정 값 23 + pair_pos,부스팅
CatBoost,20,0.023209464756316866,0.09531949531949532,0.4,0.4,0.6,0.08571428571428572,0.6,0.046153846153846156,0.7350649350649351,E1 전체 기간,공정 값 23 + pair_pos,부스팅
CatBoost,21,0.07917372108332704,0.09124161083583408,0.4,0.4,0.6,0.18181818181818182,0.4,0.11764705882352941,0.7255411255411256,E1 전체 기간,공정 값 23 + pair_pos,부스팅
CatBoost,22,0.029183225982250986,0.09114875409442472,0.4,0.6,0.8,0.10344827586206896,0.6,0.05660377358490566,0.8300429184549356,E1 전체 기간,공정 값 23 + pair_pos,부스팅
CatBoost,23,0.010230866281930115,0.19146456627543765,0.4,0.4,0.4,0.05,0.4,0.02666666666666667,0.7523809523809524,E1 전체 기간,공정 값 23 + pair_pos,부스팅
CatBoost,24,0.5009594147951173,0.06985450500488094,0.2,0.2,0.2,0.0,0.0,0.0,0.5212121212121212,E1 전체 기간,공정 값 23 + pair_pos,부스팅
CatBoost,25,0.2632940233925253,0.030065546721261948,0.0,0.0,0.4,0.0,0.0,0.0,0.5930735930735931,E1 전체 기간,공정 값 23 + pair_pos,부스팅
CatBoost,26,0.009188337802594515,0.05725123962337735,0.2,0.6,0.8,0.09411764705882353,0.8,0.05,0.7116883116883118,E1 전체 기간,공정 값 23 + pair_pos,부스팅
CatBoost,27,0.024485175851229418,0.07601559697679541,0.4,0.4,0.6,0.07017543859649122,0.4,0.038461538461538464,0.7459227467811158,E1 전체 기간,공정 값 23 + pair_pos,부스팅
CatBoost,28,0.1765396904583847,0.03419139923140249,0.0,0.2,0.2,0.0,0.0,0.0,0.638961038961039,E1 전체 기간,공정 값 23 + pair_pos,부스팅
CatBoost,29,0.015163216280889924,0.04410034015317481,0.2,0.2,0.6,0.06666666666666667,0.4,0.03636363636363636,0.7082251082251081,E1 전체 기간,공정 값 23 + pair_pos,부스팅
CatBoost,30,0.030959603501369972,0.0528573304105662,0.2,0.4,0.6,0.10344827586206896,0.6,0.05660377358490566,0.7593073593073594,E1 전체 기간,공정 값 23 + pair_pos,부스팅
CatBoost,31,0.011907583589715475,0.04189797130973602,0.2,0.4,0.6,0.07692307692307693,0.6,0.0410958904109589,0.6519480519480519,E1 전체 기간,공정 값 23 + pair_pos,부스팅
CatBoost,32,0.016203892113269155,0.13274071856243536,0.2,0.4,0.4,0.06779661016949153,0.4,0.037037037037037035,0.717596566523605,E1 전체 기간,공정 값 23 + pair_pos,부스팅
CatBoost,33,0.0046376934977559025,0.05848130323282384,0.2,0.4,0.6,0.06060606060606061,0.6,0.031914893617021274,0.6666666666666667,E1 전체 기간,공정 값 23 + pair_pos,부스팅
CatBoost,34,0.2228754729093536,0.05402273988893562,0.2,0.4,0.4,0.0,0.0,0.0,0.6190476190476191,E1 전체 기간,공정 값 23 + pair_pos,부스팅
CatBoost,35,0.05715011266220261,0.1648344224584238,0.4,0.4,0.6,0.08888888888888889,0.4,0.05,0.7212121212121213,E1 전체 기간,공정 값 23 + pair_pos,부스팅
CatBoost,36,0.04464793959980666,0.05093826443517589,0.2,0.4,0.4,0.10256410256410256,0.4,0.058823529411764705,0.6727272727272728,E1 전체 기간,공정 값 23 + pair_pos,부스팅
CatBoost,37,0.40740119899041694,0.04892068959233138,0.2,0.2,0.8,0.0,0.0,0.0,0.7321888412017168,E1 전체 기간,공정 값 23 + pair_pos,부스팅
CatBoost,38,0.20466516611896937,0.05972768039700858,0.0,0.6,1.0,0.0,0.0,0.0,0.8086580086580086,E1 전체 기간,공정 값 23 + pair_pos,부스팅
CatBoost,39,0.2079293418043006,0.022536222373254446,0.0,0.0,0.2,0.0,0.0,0.0,0.4658008658008659,E1 전체 기간,공정 값 23 + pair_pos,부스팅
CatBoost,40,0.1402159179835117,0.05212260857422148,0.4,0.4,0.4,0.0,0.0,0.0,0.6857142857142857,E1 전체 기간,공정 값 23 + pair_pos,부스팅
CatBoost,41,0.06144094769785899,0.07325498575498576,0.4,0.6,0.8,0.10810810810810811,0.4,0.0625,0.7991341991341991,E1 전체 기간,공정 값 23 + pair_pos,부스팅
CatBoost,42,0.045055148562031716,0.08330469909417276,0.6,0.6,0.6,0.15789473684210525,0.6,0.09090909090909091,0.711587982832618,E1 전체 기간,공정 값 23 + pair_pos,부스팅
CatBoost,43,0.04532078823689782,0.04045483497355827,0.0,0.4,0.4,0.08333333333333333,0.4,0.046511627906976744,0.6571428571428571,E1 전체 기간,공정 값 23 + pair_pos,부스팅
CatBoost,44,0.35643335599420434,0.09095947939757841,0.2,0.6,0.6,0.16666666666666666,0.2,0.14285714285714285,0.754978354978355,E1 전체 기간,공정 값 23 + pair_pos,부스팅
CatBoost,45,0.0056877332640506125,0.06835770958064658,0.4,0.4,0.6,0.07692307692307693,0.8,0.04040404040404041,0.7264069264069264,E1 전체 기간,공정 값 23 + pair_pos,부스팅
CatBoost,46,0.039699575993835584,0.03178267961374451,0.0,0.2,0.4,0.0,0.0,0.0,0.6138528138528139,E1 전체 기간,공정 값 23 + pair_pos,부스팅
CatBoost,47,0.061872693645019204,0.047106187329119295,0.0,0.4,0.6,0.0,0.0,0.0,0.7244635193133048,E1 전체 기간,공정 값 23 + pair_pos,부스팅
CatBoost,48,0.048700503928053675,0.03169172426661121,0.2,0.2,0.2,0.046511627906976744,0.2,0.02631578947368421,0.4744588744588744,E1 전체 기간,공정 값 23 + pair_pos,부스팅
CatBoost,49,0.1067518376968156,0.08742560136169103,0.2,0.4,0.8,0.058823529411764705,0.2,0.034482758620689655,0.8025974025974026,E1 전체 기간,공정 값 23 + pair_pos,부스팅
로지스틱 L2,0,0.9919521172327207,0.041230179317317164,0.2,0.2,0.6,0.0,0.0,0.0,0.645021645021645,E1 전체 기간,공정 값 23 + pair_pos + 파생 전체,선형
로지스틱 L2,1,0.7872140696611971,0.023006451538348932,0.0,0.0,0.2,0.0,0.0,0.0,0.47532467532467537,E1 전체 기간,공정 값 23 + pair_pos + 파생 전체,선형
로지스틱 L2,2,0.9130649904048573,0.043705483308042886,0.4,0.4,0.4,0.0,0.0,0.0,0.4875536480686696,E1 전체 기간,공정 값 23 + pair_pos + 파생 전체,선형
로지스틱 L2,3,0.9985410875596265,0.06845086163351717,0.2,0.6,0.8,0.0,0.0,0.0,0.7437229437229438,E1 전체 기간,공정 값 23 + pair_pos + 파생 전체,선형
로지스틱 L2,4,0.7016414207189737,0.23875280207763805,0.2,0.4,0.6,0.08695652173913043,0.2,0.05555555555555555,0.7411255411255411,E1 전체 기간,공정 값 23 + pair_pos + 파생 전체,선형
로지스틱 L2,5,0.00021639230771278357,0.04732803114167276,0.0,0.4,0.6,0.05128205128205128,1.0,0.02631578947368421,0.6891774891774892,E1 전체 기간,공정 값 23 + pair_pos + 파생 전체,선형
로지스틱 L2,6,0.9798169262757055,0.05278717154878146,0.2,0.2,0.4,0.16666666666666666,0.2,0.14285714285714285,0.4571428571428572,E1 전체 기간,공정 값 23 + pair_pos + 파생 전체,선형
로지스틱 L2,7,0.6470854622112429,0.052626639843090975,0.0,0.4,0.8,0.0,0.0,0.0,0.7785407725321889,E1 전체 기간,공정 값 23 + pair_pos + 파생 전체,선형
로지스틱 L2,8,0.7825055151857124,0.06125145403284636,0.2,0.2,0.6,0.09523809523809523,0.2,0.0625,0.5948051948051948,E1 전체 기간,공정 값 23 + pair_pos + 파생 전체,선형
로지스틱 L2,9,0.9033712941904354,0.04040590966916853,0.2,0.2,0.2,0.0,0.0,0.0,0.6017316017316018,E1 전체 기간,공정 값 23 + pair_pos + 파생 전체,선형
로지스틱 L2,10,0.38214878520905965,0.027916318610748624,0.0,0.0,0.4,0.0,0.0,0.0,0.5359307359307359,E1 전체 기간,공정 값 23 + pair_pos + 파생 전체,선형
로지스틱 L2,11,0.9047792646126241,0.2353695936841706,0.2,0.4,0.6,0.13333333333333333,0.2,0.1,0.7108225108225108,E1 전체 기간,공정 값 23 + pair_pos + 파생 전체,선형
로지스틱 L2,12,0.8822011515840801,0.0405483578689767,0.2,0.2,0.2,0.13333333333333333,0.2,0.1,0.5459227467811159,E1 전체 기간,공정 값 23 + pair_pos + 파생 전체,선형
로지스틱 L2,13,0.49136113329526776,0.026526253984814757,0.2,0.2,0.2,0.06896551724137931,0.2,0.041666666666666664,0.4432900432900433,E1 전체 기간,공정 값 23 + pair_pos + 파생 전체,선형
로지스틱 L2,14,0.9351858839296151,0.04630322135940114,0.2,0.4,0.4,0.0,0.0,0.0,0.645887445887446,E1 전체 기간,공정 값 23 + pair_pos + 파생 전체,선형
로지스틱 L2,15,0.22805033119026566,0.10535283993115319,0.4,0.4,0.6,0.08333333333333333,0.4,0.046511627906976744,0.7670995670995671,E1 전체 기간,공정 값 23 + pair_pos + 파생 전체,선형
로지스틱 L2,16,0.4463239853022528,0.05300482496319746,0.4,0.4,0.6,0.1111111111111111,0.4,0.06451612903225806,0.5584415584415584,E1 전체 기간,공정 값 23 + pair_pos + 파생 전체,선형
로지스틱 L2,17,0.013234092401036875,0.035752879682479616,0.0,0.4,0.4,0.045454545454545456,0.4,0.024096385542168676,0.6515021459227468,E1 전체 기간,공정 값 23 + pair_pos + 파생 전체,선형
로지스틱 L2,18,0.5369905998428433,0.05027050468910935,0.0,0.6,0.6,0.05128205128205128,0.2,0.029411764705882353,0.7584415584415585,E1 전체 기간,공정 값 23 + pair_pos + 파생 전체,선형
로지스틱 L2,19,0.9867077444391033,0.04801780059783568,0.2,0.4,0.6,0.0,0.0,0.0,0.703030303030303,E1 전체 기간,공정 값 23 + pair_pos + 파생 전체,선형
로지스틱 L2,20,0.930884384977211,0.05897279389926448,0.2,0.6,0.6,0.0,0.0,0.0,0.6779220779220779,E1 전체 기간,공정 값 23 + pair_pos + 파생 전체,선형
로지스틱 L2,21,0.8208965530584931,0.01920959020190035,0.0,0.0,0.2,0.0,0.0,0.0,0.36969696969696975,E1 전체 기간,공정 값 23 + pair_pos + 파생 전체,선형
로지스틱 L2,22,0.1566095483929989,0.03563162046101386,0.0,0.2,0.6,0.04878048780487805,0.2,0.027777777777777776,0.648068669527897,E1 전체 기간,공정 값 23 + pair_pos + 파생 전체,선형
로지스틱 L2,23,0.9837658917583553,0.13060513527770165,0.6,0.6,0.6,0.0,0.0,0.0,0.8233766233766234,E1 전체 기간,공정 값 23 + pair_pos + 파생 전체,선형
로지스틱 L2,24,0.9882859446662858,0.024483679436686952,0.0,0.0,0.2,0.0,0.0,0.0,0.49264069264069266,E1 전체 기간,공정 값 23 + pair_pos + 파생 전체,선형
로지스틱 L2,25,0.9961018866098685,0.020776394867693202,0.0,0.0,0.2,0.0,0.0,0.0,0.4069264069264069,E1 전체 기간,공정 값 23 + pair_pos + 파생 전체,선형
로지스틱 L2,26,0.11432478423153829,0.05438220054351402,0.4,0.6,0.6,0.1111111111111111,0.6,0.061224489795918366,0.5844155844155844,E1 전체 기간,공정 값 23 + pair_pos + 파생 전체,선형
로지스틱 L2,27,0.9885039152300675,0.08087633664542399,0.2,0.6,0.8,0.0,0.0,0.0,0.769098712446352,E1 전체 기간,공정 값 23 + pair_pos + 파생 전체,선형
로지스틱 L2,28,0.002252471593693565,0.15513477475094772,0.4,0.4,0.6,0.05405405405405406,0.8,0.027972027972027972,0.6683982683982684,E1 전체 기간,공정 값 23 + pair_pos + 파생 전체,선형
로지스틱 L2,29,0.7620171606048318,0.033374042527266876,0.0,0.0,0.6,0.0,0.0,0.0,0.638095238095238,E1 전체 기간,공정 값 23 + pair_pos + 파생 전체,선형
로지스틱 L2,30,0.0021807291669761553,0.24192174290534946,0.2,0.4,0.8,0.078125,1.0,0.04065040650406504,0.7766233766233767,E1 전체 기간,공정 값 23 + pair_pos + 파생 전체,선형
로지스틱 L2,31,0.9953485225751482,0.024552760527411923,0.0,0.2,0.2,0.0,0.0,0.0,0.4640692640692641,E1 전체 기간,공정 값 23 + pair_pos + 파생 전체,선형
로지스틱 L2,32,0.14086014248737788,0.1322001527883881,0.4,0.4,0.6,0.05555555555555555,0.4,0.029850746268656716,0.7587982832618025,E1 전체 기간,공정 값 23 + pair_pos + 파생 전체,선형
로지스틱 L2,33,0.38064814135272595,0.034609941537590644,0.2,0.2,0.4,0.05405405405405406,0.2,0.03125,0.5567099567099567,E1 전체 기간,공정 값 23 + pair_pos + 파생 전체,선형
로지스틱 L2,34,0.06762456748588841,0.04043398885660213,0.2,0.2,0.2,0.04081632653061224,0.2,0.022727272727272728,0.47792207792207797,E1 전체 기간,공정 값 23 + pair_pos + 파생 전체,선형
로지스틱 L2,35,0.02100905800451684,0.06693032564196247,0.4,0.4,0.4,0.05660377358490566,0.6,0.0297029702970297,0.6701298701298701,E1 전체 기간,공정 값 23 + pair_pos + 파생 전체,선형
로지스틱 L2,36,0.9480930075879376,0.12835284280936457,0.2,0.2,0.6,0.25,0.2,0.3333333333333333,0.6354978354978356,E1 전체 기간,공정 값 23 + pair_pos + 파생 전체,선형
로지스틱 L2,37,0.5266134050214122,0.04209989126548819,0.2,0.4,0.6,0.06060606060606061,0.2,0.03571428571428571,0.6257510729613733,E1 전체 기간,공정 값 23 + pair_pos + 파생 전체,선형
로지스틱 L2,38,0.7178384473310447,0.024554821130163596,0.0,0.2,0.2,0.0,0.0,0.0,0.49523809523809526,E1 전체 기간,공정 값 23 + pair_pos + 파생 전체,선형
로지스틱 L2,39,0.16822189006859192,0.02528697425905311,0.0,0.0,0.4,0.0,0.0,0.0,0.49437229437229446,E1 전체 기간,공정 값 23 + pair_pos + 파생 전체,선형
로지스틱 L2,40,0.19988873366864585,0.03158284682764381,0.0,0.2,0.4,0.0,0.0,0.0,0.6,E1 전체 기간,공정 값 23 + pair_pos + 파생 전체,선형
로지스틱 L2,41,0.5974692190457151,0.13100630696466342,0.2,0.4,0.4,0.08,0.2,0.05,0.6337662337662339,E1 전체 기간,공정 값 23 + pair_pos + 파생 전체,선형
로지스틱 L2,42,0.9972416624106325,0.061541105603846874,0.4,0.4,0.6,0.0,0.0,0.0,0.7321888412017168,E1 전체 기간,공정 값 23 + pair_pos + 파생 전체,선형
로지스틱 L2,43,0.40182181017348256,0.0327312328440148,0.2,0.2,0.4,0.05263157894736842,0.2,0.030303030303030304,0.5298701298701299,E1 전체 기간,공정 값 23 + pair_pos + 파생 전체,선형
로지스틱 L2,44,0.8698388152847534,0.07895779633639208,0.2,0.6,0.6,0.08333333333333333,0.2,0.05263157894736842,0.6995670995670995,E1 전체 기간,공정 값 23 + pair_pos + 파생 전체,선형
로지스틱 L2,45,0.03759245718244665,0.0474994825269755,0.2,0.4,0.6,0.06382978723404255,0.6,0.033707865168539325,0.6251082251082252,E1 전체 기간,공정 값 23 + pair_pos + 파생 전체,선형
로지스틱 L2,46,0.9251842270944445,0.08113247617127883,0.4,0.6,0.6,0.15384615384615385,0.2,0.125,0.670995670995671,E1 전체 기간,공정 값 23 + pair_pos + 파생 전체,선형
로지스틱 L2,47,0.1490934397626045,0.07995006747638325,0.4,0.4,0.6,0.07692307692307693,0.4,0.0425531914893617,0.7459227467811159,E1 전체 기간,공정 값 23 + pair_pos + 파생 전체,선형
로지스틱 L2,48,0.8938704939093945,0.034518530748305735,0.0,0.4,0.6,0.0,0.0,0.0,0.625974025974026,E1 전체 기간,공정 값 23 + pair_pos + 파생 전체,선형
로지스틱 L2,49,0.716178143122081,0.03777454067293171,0.2,0.2,0.4,0.0,0.0,0.0,0.6519480519480519,E1 전체 기간,공정 값 23 + pair_pos + 파생 전체,선형
랜덤포레스트,0,0.06810214011738835,0.07308517987140656,0.2,0.8,0.8,0.08849557522123894,1.0,0.046296296296296294,0.8294372294372294,E1 전체 기간,공정 값 23 + pair_pos + 파생 전체,트리
랜덤포레스트,1,0.22047211216746168,0.027167507682213564,0.0,0.0,0.0,0.0,0.0,0.0,0.5601731601731602,E1 전체 기간,공정 값 23 + pair_pos + 파생 전체,트리
랜덤포레스트,2,0.0811012532727712,0.07264456767048139,0.4,0.4,0.4,0.0547945205479452,0.4,0.029411764705882353,0.6686695278969957,E1 전체 기간,공정 값 23 + pair_pos + 파생 전체,트리
랜덤포레스트,3,0.32099948739468676,0.0749421861767963,0.2,0.8,1.0,0.0,0.0,0.0,0.8493506493506494,E1 전체 기간,공정 값 23 + pair_pos + 파생 전체,트리
랜덤포레스트,4,0.4851243190429558,0.03355712550891219,0.0,0.0,0.4,0.0,0.0,0.0,0.638961038961039,E1 전체 기간,공정 값 23 + pair_pos + 파생 전체,트리
랜덤포레스트,5,0.23360128386456458,0.030007028405863195,0.0,0.2,0.4,0.0,0.0,0.0,0.5324675324675325,E1 전체 기간,공정 값 23 + pair_pos + 파생 전체,트리
랜덤포레스트,6,0.11436214244657185,0.08218682717213913,0.4,0.6,0.6,0.14285714285714285,0.6,0.08108108108108109,0.6363636363636364,E1 전체 기간,공정 값 23 + pair_pos + 파생 전체,트리
랜덤포레스트,7,0.2718269801850516,0.07029285843721626,0.2,0.4,0.6,0.09523809523809523,0.2,0.0625,0.776824034334764,E1 전체 기간,공정 값 23 + pair_pos + 파생 전체,트리
랜덤포레스트,8,0.2556450274261446,0.04212606838201427,0.2,0.4,0.4,0.0,0.0,0.0,0.5852813852813853,E1 전체 기간,공정 값 23 + pair_pos + 파생 전체,트리
랜덤포레스트,9,0.1419181089846863,0.04854940274751596,0.2,0.4,0.4,0.07692307692307693,0.4,0.0425531914893617,0.6147186147186148,E1 전체 기간,공정 값 23 + pair_pos + 파생 전체,트리
랜덤포레스트,10,0.15046900891719797,0.04948148148148149,0.2,0.4,0.4,0.08333333333333333,0.2,0.05263157894736842,0.7056277056277056,E1 전체 기간,공정 값 23 + pair_pos + 파생 전체,트리
랜덤포레스트,11,0.026616280400216196,0.06540726817042607,0.2,0.4,0.6,0.05813953488372093,1.0,0.029940119760479042,0.7584415584415585,E1 전체 기간,공정 값 23 + pair_pos + 파생 전체,트리
랜덤포레스트,12,0.3211354790357902,0.04380509037874534,0.2,0.4,0.6,0.0,0.0,0.0,0.663519313304721,E1 전체 기간,공정 값 23 + pair_pos + 파생 전체,트리
랜덤포레스트,13,0.09594414407639651,0.04004495219575434,0.2,0.2,0.4,0.07017543859649122,0.4,0.038461538461538464,0.625974025974026,E1 전체 기간,공정 값 23 + pair_pos + 파생 전체,트리
랜덤포레스트,14,0.05058607166199677,0.07190647001296568,0.2,0.6,0.6,0.055944055944055944,0.8,0.028985507246376812,0.6744588744588744,E1 전체 기간,공정 값 23 + pair_pos + 파생 전체,트리
랜덤포레스트,15,0.1831744712867631,0.044484769578434946,0.2,0.4,0.6,0.0625,0.2,0.037037037037037035,0.6952380952380952,E1 전체 기간,공정 값 23 + pair_pos + 파생 전체,트리
랜덤포레스트,16,0.2541578507117575,0.04517755836182374,0.2,0.4,0.4,0.0,0.0,0.0,0.7212121212121212,E1 전체 기간,공정 값 23 + pair_pos + 파생 전체,트리
랜덤포레스트,17,0.07307423105185691,0.06237557082891277,0.4,0.4,0.6,0.08602150537634409,0.8,0.045454545454545456,0.7278969957081545,E1 전체 기간,공정 값 23 + pair_pos + 파생 전체,트리
랜덤포레스트,18,0.26225209473535865,0.04039404233127651,0.0,0.2,0.6,0.0,0.0,0.0,0.6978354978354978,E1 전체 기간,공정 값 23 + pair_pos + 파생 전체,트리
랜덤포레스트,19,0.09723785111892888,0.0453354744147583,0.2,0.4,0.4,0.058823529411764705,0.4,0.031746031746031744,0.6658008658008658,E1 전체 기간,공정 값 23 + pair_pos + 파생 전체,트리
랜덤포레스트,20,0.051718319928279105,0.041757223971124434,0.0,0.4,0.6,0.06711409395973154,1.0,0.034722222222222224,0.6961038961038961,E1 전체 기간,공정 값 23 + pair_pos + 파생 전체,트리
랜덤포레스트,21,0.18959951568162772,0.03807733816137177,0.2,0.2,0.6,0.0,0.0,0.0,0.5532467532467533,E1 전체 기간,공정 값 23 + pair_pos + 파생 전체,트리
랜덤포레스트,22,0.02869326045445223,0.036783739536033117,0.0,0.2,0.6,0.056818181818181816,1.0,0.029239766081871343,0.6798283261802575,E1 전체 기간,공정 값 23 + pair_pos + 파생 전체,트리
랜덤포레스트,23,0.047487587331623365,0.08197831679010938,0.4,0.4,0.6,0.05217391304347826,0.6,0.02727272727272727,0.6865800865800865,E1 전체 기간,공정 값 23 + pair_pos + 파생 전체,트리
랜덤포레스트,24,0.26942067451924,0.056368510838026825,0.2,0.2,0.2,0.1,0.2,0.06666666666666667,0.587012987012987,E1 전체 기간,공정 값 23 + pair_pos + 파생 전체,트리
랜덤포레스트,25,0.22863176327480136,0.029421862375335048,0.0,0.2,0.4,0.0,0.0,0.0,0.554978354978355,E1 전체 기간,공정 값 23 + pair_pos + 파생 전체,트리
랜덤포레스트,26,0.09558773095020276,0.06555630453507097,0.2,0.6,0.8,0.09523809523809523,0.6,0.05172413793103448,0.7333333333333334,E1 전체 기간,공정 값 23 + pair_pos + 파생 전체,트리
랜덤포레스트,27,0.1944944152963252,0.051233065172481884,0.2,0.4,0.4,0.08333333333333333,0.2,0.05263157894736842,0.7201716738197425,E1 전체 기간,공정 값 23 + pair_pos + 파생 전체,트리
랜덤포레스트,28,0.24148789299101114,0.0310155476452594,0.0,0.4,0.4,0.0,0.0,0.0,0.5696969696969697,E1 전체 기간,공정 값 23 + pair_pos + 파생 전체,트리
랜덤포레스트,29,0.24100271509624552,0.04928795017800393,0.2,0.4,0.4,0.06451612903225806,0.2,0.038461538461538464,0.7497835497835498,E1 전체 기간,공정 값 23 + pair_pos + 파생 전체,트리
랜덤포레스트,30,0.05306709301358308,0.0866508661217705,0.4,0.8,1.0,0.0970873786407767,1.0,0.05102040816326531,0.8606060606060606,E1 전체 기간,공정 값 23 + pair_pos + 파생 전체,트리
랜덤포레스트,31,0.21019479186511794,0.022876633281134602,0.0,0.0,0.2,0.0,0.0,0.0,0.46580086580086577,E1 전체 기간,공정 값 23 + pair_pos + 파생 전체,트리
랜덤포레스트,32,0.05121017626189737,0.07856150287848573,0.2,0.2,0.6,0.05263157894736842,0.6,0.027522935779816515,0.6549356223175966,E1 전체 기간,공정 값 23 + pair_pos + 파생 전체,트리
랜덤포레스트,33,0.27080503816893775,0.049779127133473516,0.2,0.2,0.2,0.11764705882352941,0.2,0.08333333333333333,0.5584415584415584,E1 전체 기간,공정 값 23 + pair_pos + 파생 전체,트리
랜덤포레스트,34,0.1932771510835359,0.041721535325145526,0.2,0.4,0.4,0.09090909090909091,0.2,0.058823529411764705,0.5636363636363637,E1 전체 기간,공정 값 23 + pair_pos + 파생 전체,트리
랜덤포레스트,35,0.2704823381675259,0.04516298383672389,0.0,0.4,0.6,0.0,0.0,0.0,0.6952380952380952,E1 전체 기간,공정 값 23 + pair_pos + 파생 전체,트리
랜덤포레스트,36,0.18091021857503886,0.07977901581918798,0.4,0.6,0.6,0.16666666666666666,0.4,0.10526315789473684,0.7523809523809524,E1 전체 기간,공정 값 23 + pair_pos + 파생 전체,트리
랜덤포레스트,37,0.17290794612305513,0.07583654850791643,0.4,0.6,0.8,0.12903225806451613,0.4,0.07692307692307693,0.8120171673819743,E1 전체 기간,공정 값 23 + pair_pos + 파생 전체,트리
랜덤포레스트,38,0.033646614973933356,0.03289800071616554,0.0,0.0,0.4,0.05405405405405406,1.0,0.027777777777777776,0.6406926406926408,E1 전체 기간,공정 값 23 + pair_pos + 파생 전체,트리
랜덤포레스트,39,0.19047434470134642,0.018933817629502164,0.0,0.0,0.0,0.0,0.0,0.0,0.36103896103896105,E1 전체 기간,공정 값 23 + pair_pos + 파생 전체,트리
랜덤포레스트,40,0.07571752484842553,0.09285956599161682,0.2,0.4,0.4,0.044444444444444446,0.4,0.023529411764705882,0.612987012987013,E1 전체 기간,공정 값 23 + pair_pos + 파생 전체,트리
랜덤포레스트,41,0.05865691818306054,0.08420727757551912,0.2,0.6,0.8,0.09259259259259259,1.0,0.04854368932038835,0.8415584415584415,E1 전체 기간,공정 값 23 + pair_pos + 파생 전체,트리
랜덤포레스트,42,0.12168346668049186,0.0673765399414028,0.4,0.6,0.6,0.08888888888888889,0.4,0.05,0.6540772532188841,E1 전체 기간,공정 값 23 + pair_pos + 파생 전체,트리
랜덤포레스트,43,0.19625453653019947,0.03288055119657088,0.0,0.2,0.4,0.0,0.0,0.0,0.5974025974025974,E1 전체 기간,공정 값 23 + pair_pos + 파생 전체,트리
랜덤포레스트,44,0.08927746109670506,0.06240491534609182,0.2,0.6,0.8,0.08695652173913043,0.6,0.046875,0.7809523809523811,E1 전체 기간,공정 값 23 + pair_pos + 파생 전체,트리
랜덤포레스트,45,0.14931789502496476,0.044314053520089665,0.2,0.4,0.4,0.04878048780487805,0.2,0.027777777777777776,0.7125541125541126,E1 전체 기간,공정 값 23 + pair_pos + 파생 전체,트리
랜덤포레스트,46,0.050562265841576914,0.038176404593321174,0.2,0.2,0.4,0.05042016806722689,0.6,0.02631578947368421,0.6606060606060606,E1 전체 기간,공정 값 23 + pair_pos + 파생 전체,트리
랜덤포레스트,47,0.2651982146517905,0.05801787445592756,0.2,0.6,0.6,0.0,0.0,0.0,0.688412017167382,E1 전체 기간,공정 값 23 + pair_pos + 파생 전체,트리
랜덤포레스트,48,0.16377591275304923,0.03345667204018854,0.0,0.2,0.2,0.0,0.0,0.0,0.6398268398268399,E1 전체 기간,공정 값 23 + pair_pos + 파생 전체,트리
랜덤포레스트,49,0.1364416409390111,0.0683204788764821,0.2,0.6,0.8,0.10526315789473684,0.6,0.057692307692307696,0.8173160173160173,E1 전체 기간,공정 값 23 + pair_pos + 파생 전체,트리
엑스트라트리,0,0.03762920062975937,0.09407671957671956,0.4,0.4,0.8,0.06535947712418301,1.0,0.033783783783783786,0.8086580086580087,E1 전체 기간,공정 값 23 + pair_pos + 파생 전체,트리
엑스트라트리,1,0.09572636518203516,0.019262359590988983,0.0,0.2,0.2,0.0,0.0,0.0,0.34112554112554117,E1 전체 기간,공정 값 23 + pair_pos + 파생 전체,트리
엑스트라트리,2,0.08251739504023604,0.025753951505307585,0.0,0.2,0.4,0.03508771929824561,0.2,0.019230769230769232,0.5227467811158798,E1 전체 기간,공정 값 23 + pair_pos + 파생 전체,트리
엑스트라트리,3,0.2368564687390717,0.04571674904871573,0.0,0.6,0.6,0.0,0.0,0.0,0.7038961038961039,E1 전체 기간,공정 값 23 + pair_pos + 파생 전체,트리
엑스트라트리,4,0.04084067127049332,0.04484529860779142,0.0,0.2,0.6,0.08264462809917356,1.0,0.04310344827586207,0.7341991341991343,E1 전체 기간,공정 값 23 + pair_pos + 파생 전체,트리
엑스트라트리,5,0.11496097437074568,0.03774571666332292,0.2,0.4,0.4,0.05128205128205128,0.2,0.029411764705882353,0.5679653679653679,E1 전체 기간,공정 값 23 + pair_pos + 파생 전체,트리
엑스트라트리,6,0.1469724962842908,0.057053098479881964,0.4,0.4,0.6,0.0,0.0,0.0,0.6467532467532467,E1 전체 기간,공정 값 23 + pair_pos + 파생 전체,트리
엑스트라트리,7,0.08245239701013024,0.10751989945538332,0.2,0.6,0.6,0.08333333333333333,0.6,0.04477611940298507,0.7622317596566524,E1 전체 기간,공정 값 23 + pair_pos + 파생 전체,트리
엑스트라트리,8,0.1333206251205578,0.032985116030097995,0.0,0.4,0.4,0.0,0.0,0.0,0.5567099567099567,E1 전체 기간,공정 값 23 + pair_pos + 파생 전체,트리
엑스트라트리,9,0.12380533953080378,0.03381295696023716,0.2,0.4,0.4,0.044444444444444446,0.2,0.025,0.5402597402597403,E1 전체 기간,공정 값 23 + pair_pos + 파생 전체,트리
엑스트라트리,10,0.13593002632947518,0.02452396541033148,0.0,0.0,0.2,0.0,0.0,0.0,0.5064935064935066,E1 전체 기간,공정 값 23 + pair_pos + 파생 전체,트리
엑스트라트리,11,0.12652732693946603,0.048791561333946444,0.2,0.2,0.6,0.06666666666666667,0.2,0.04,0.6822510822510822,E1 전체 기간,공정 값 23 + pair_pos + 파생 전체,트리
엑스트라트리,12,0.1272855333914968,0.04646275529971605,0.2,0.4,0.4,0.09090909090909091,0.2,0.058823529411764705,0.6781115879828327,E1 전체 기간,공정 값 23 + pair_pos + 파생 전체,트리
엑스트라트리,13,0.10572314190204839,0.023522954535383438,0.0,0.0,0.0,0.0,0.0,0.0,0.48658008658008656,E1 전체 기간,공정 값 23 + pair_pos + 파생 전체,트리
엑스트라트리,14,0.037373131868691886,0.06858874142937832,0.4,0.6,0.6,0.043478260869565216,0.6,0.022556390977443608,0.6277056277056277,E1 전체 기간,공정 값 23 + pair_pos + 파생 전체,트리
엑스트라트리,15,0.07891848645332947,0.047169312169312166,0.2,0.4,0.8,0.09230769230769231,0.6,0.05,0.729004329004329,E1 전체 기간,공정 값 23 + pair_pos + 파생 전체,트리
엑스트라트리,16,0.13502641596224754,0.05395076423221413,0.2,0.4,0.8,0.07142857142857142,0.2,0.043478260869565216,0.7012987012987013,E1 전체 기간,공정 값 23 + pair_pos + 파생 전체,트리
엑스트라트리,17,0.09201320073266836,0.04798045895398998,0.2,0.2,0.8,0.038461538461538464,0.2,0.02127659574468085,0.6944206008583691,E1 전체 기간,공정 값 23 + pair_pos + 파생 전체,트리
엑스트라트리,18,0.09551017777893582,0.03753217301779428,0.0,0.2,0.4,0.03636363636363636,0.2,0.02,0.6805194805194805,E1 전체 기간,공정 값 23 + pair_pos + 파생 전체,트리
엑스트라트리,19,0.03823415231963783,0.039433639430995676,0.0,0.2,0.4,0.06711409395973154,1.0,0.034722222222222224,0.6909090909090909,E1 전체 기간,공정 값 23 + pair_pos + 파생 전체,트리
엑스트라트리,20,0.10464356602271127,0.034514485561178726,0.0,0.0,0.4,0.0,0.0,0.0,0.6554112554112554,E1 전체 기간,공정 값 23 + pair_pos + 파생 전체,트리
엑스트라트리,21,0.12937650608361612,0.03059900986444595,0.2,0.2,0.2,0.08,0.2,0.05,0.451948051948052,E1 전체 기간,공정 값 23 + pair_pos + 파생 전체,트리
엑스트라트리,22,0.13543647739291442,0.03220674573868289,0.0,0.2,0.4,0.0,0.0,0.0,0.6334763948497855,E1 전체 기간,공정 값 23 + pair_pos + 파생 전체,트리
엑스트라트리,23,0.11424176027717219,0.0641608155198419,0.2,0.4,0.8,0.11764705882352941,0.4,0.06896551724137931,0.7428571428571429,E1 전체 기간,공정 값 23 + pair_pos + 파생 전체,트리
엑스트라트리,24,0.11774035238084632,0.04692309426484157,0.2,0.2,0.2,0.06060606060606061,0.2,0.03571428571428571,0.5645021645021645,E1 전체 기간,공정 값 23 + pair_pos + 파생 전체,트리
엑스트라트리,25,0.0819707474442774,0.04231894328850968,0.2,0.4,0.4,0.05405405405405406,0.4,0.028985507246376812,0.5567099567099567,E1 전체 기간,공정 값 23 + pair_pos + 파생 전체,트리
엑스트라트리,26,0.11940289629066506,0.03769886768774422,0.2,0.2,0.6,0.07407407407407407,0.2,0.045454545454545456,0.61991341991342,E1 전체 기간,공정 값 23 + pair_pos + 파생 전체,트리
엑스트라트리,27,0.09473541866213503,0.046988485933719196,0.2,0.2,0.4,0.03636363636363636,0.2,0.02,0.7321888412017167,E1 전체 기간,공정 값 23 + pair_pos + 파생 전체,트리
엑스트라트리,28,0.1112523419747155,0.04527732546330625,0.2,0.4,0.6,0.047619047619047616,0.2,0.02702702702702703,0.5601731601731601,E1 전체 기간,공정 값 23 + pair_pos + 파생 전체,트리
엑스트라트리,29,0.0691145110501188,0.036972477711462844,0.0,0.2,0.6,0.06593406593406594,0.6,0.03488372093023256,0.6683982683982683,E1 전체 기간,공정 값 23 + pair_pos + 파생 전체,트리
엑스트라트리,30,0.12056651127149934,0.09693536233910498,0.2,0.6,0.8,0.06451612903225806,0.2,0.038461538461538464,0.8051948051948052,E1 전체 기간,공정 값 23 + pair_pos + 파생 전체,트리
엑스트라트리,31,0.06313386571844258,0.043114953925205576,0.2,0.4,0.4,0.04597701149425287,0.4,0.024390243902439025,0.6034632034632035,E1 전체 기간,공정 값 23 + pair_pos + 파생 전체,트리
엑스트라트리,32,0.028047813275535773,0.04558943963055941,0.2,0.2,0.8,0.047619047619047616,0.8,0.024539877300613498,0.6978540772532189,E1 전체 기간,공정 값 23 + pair_pos + 파생 전체,트리
엑스트라트리,33,0.08550828104585431,0.01998354463734011,0.0,0.2,0.2,0.029850746268656716,0.2,0.016129032258064516,0.31082251082251083,E1 전체 기간,공정 값 23 + pair_pos + 파생 전체,트리
엑스트라트리,34,0.12968419823278776,0.047408278642766546,0.2,0.4,0.4,0.09523809523809523,0.2,0.0625,0.5904761904761905,E1 전체 기간,공정 값 23 + pair_pos + 파생 전체,트리
엑스트라트리,35,0.0958616903123139,0.043672659082770425,0.0,0.6,0.6,0.09230769230769231,0.6,0.05,0.6822510822510823,E1 전체 기간,공정 값 23 + pair_pos + 파생 전체,트리
엑스트라트리,36,0.0507416201950239,0.1392664523562864,0.4,0.4,0.6,0.06315789473684211,0.6,0.03333333333333333,0.664069264069264,E1 전체 기간,공정 값 23 + pair_pos + 파생 전체,트리
엑스트라트리,37,0.13823740197368983,0.050132213136114566,0.2,0.4,0.6,0.0,0.0,0.0,0.7175965665236052,E1 전체 기간,공정 값 23 + pair_pos + 파생 전체,트리
엑스트라트리,38,0.11098431588700938,0.04292395657408289,0.0,0.4,0.6,0.043478260869565216,0.2,0.024390243902439025,0.7064935064935065,E1 전체 기간,공정 값 23 + pair_pos + 파생 전체,트리
엑스트라트리,39,0.08019388344130451,0.02601085910607446,0.0,0.2,0.2,0.03636363636363636,0.2,0.02,0.5047619047619047,E1 전체 기간,공정 값 23 + pair_pos + 파생 전체,트리
엑스트라트리,40,0.16216646416033073,0.06287407051331793,0.2,0.2,0.2,0.1,0.2,0.06666666666666667,0.5904761904761905,E1 전체 기간,공정 값 23 + pair_pos + 파생 전체,트리
엑스트라트리,41,0.053075681819194295,0.04639669660967835,0.2,0.6,0.6,0.05714285714285714,0.6,0.03,0.6051948051948053,E1 전체 기간,공정 값 23 + pair_pos + 파생 전체,트리
엑스트라트리,42,0.09627272974341511,0.044605509433095644,0.2,0.2,0.6,0.04,0.2,0.022222222222222223,0.6738197424892705,E1 전체 기간,공정 값 23 + pair_pos + 파생 전체,트리
엑스트라트리,43,0.05673395422258372,0.03275367317376009,0.0,0.2,0.4,0.0449438202247191,0.4,0.023809523809523808,0.5783549783549784,E1 전체 기간,공정 값 23 + pair_pos + 파생 전체,트리
엑스트라트리,44,0.11590281911120054,0.0646640364368559,0.2,0.4,0.8,0.05714285714285714,0.2,0.03333333333333333,0.8103896103896103,E1 전체 기간,공정 값 23 + pair_pos + 파생 전체,트리
엑스트라트리,45,0.12385127138578628,0.03252075567948761,0.0,0.2,0.4,0.0,0.0,0.0,0.6320346320346321,E1 전체 기간,공정 값 23 + pair_pos + 파생 전체,트리
엑스트라트리,46,0.08268408225470604,0.035574401133548685,0.2,0.2,0.4,0.03389830508474576,0.2,0.018518518518518517,0.593939393939394,E1 전체 기간,공정 값 23 + pair_pos + 파생 전체,트리
엑스트라트리,47,0.1602935548865129,0.0476522635216577,0.2,0.4,0.4,0.0,0.0,0.0,0.7158798283261802,E1 전체 기간,공정 값 23 + pair_pos + 파생 전체,트리
엑스트라트리,48,0.1515299856964742,0.029997527629603102,0.0,0.4,0.4,0.0,0.0,0.0,0.5073593073593073,E1 전체 기간,공정 값 23 + pair_pos + 파생 전체,트리
엑스트라트리,49,0.06356855640719347,0.04907347554406378,0.2,0.2,0.8,0.08602150537634409,0.8,0.045454545454545456,0.7437229437229438,E1 전체 기간,공정 값 23 + pair_pos + 파생 전체,트리
GradientBoosting,0,0.234242564529255,0.14404295442517184,0.2,0.4,0.8,0.25,0.2,0.3333333333333333,0.7887445887445887,E1 전체 기간,공정 값 23 + pair_pos + 파생 전체,부스팅
GradientBoosting,1,0.08328467108809565,0.03024475557835606,0.0,0.2,0.4,0.0,0.0,0.0,0.5826839826839827,E1 전체 기간,공정 값 23 + pair_pos + 파생 전체,부스팅
GradientBoosting,2,0.16859042524169102,0.26641269841269843,0.4,0.6,0.6,0.2857142857142857,0.2,0.5,0.7965665236051502,E1 전체 기간,공정 값 23 + pair_pos + 파생 전체,부스팅
GradientBoosting,3,0.2168406347028136,0.1534524431232341,0.4,0.4,0.4,0.16666666666666666,0.2,0.14285714285714285,0.6909090909090909,E1 전체 기간,공정 값 23 + pair_pos + 파생 전체,부스팅
GradientBoosting,4,0.0017695491618680414,0.13123380684356295,0.6,1.0,1.0,0.07751937984496124,1.0,0.04032258064516129,0.9056277056277056,E1 전체 기간,공정 값 23 + pair_pos + 파생 전체,부스팅
GradientBoosting,5,0.01208607988027098,0.07754345652022235,0.2,0.4,0.4,0.07407407407407407,0.2,0.045454545454545456,0.7281385281385282,E1 전체 기간,공정 값 23 + pair_pos + 파생 전체,부스팅
GradientBoosting,6,0.006429687584874283,0.25013796066427646,0.4,0.6,0.6,0.13636363636363635,0.6,0.07692307692307693,0.7324675324675325,E1 전체 기간,공정 값 23 + pair_pos + 파생 전체,부스팅
GradientBoosting,7,0.8185067779619266,0.17230381435463105,0.4,0.4,0.4,0.0,0.0,0.0,0.7656652360515022,E1 전체 기간,공정 값 23 + pair_pos + 파생 전체,부스팅
GradientBoosting,8,0.39396421036791085,0.09984502252196613,0.4,0.4,0.6,0.0,0.0,0.0,0.748917748917749,E1 전체 기간,공정 값 23 + pair_pos + 파생 전체,부스팅
GradientBoosting,9,0.026377497186026277,0.04164490558801581,0.2,0.2,0.4,0.0,0.0,0.0,0.7012987012987013,E1 전체 기간,공정 값 23 + pair_pos + 파생 전체,부스팅
GradientBoosting,10,0.017376332989165338,0.07656684484839632,0.4,0.4,0.6,0.09523809523809523,0.2,0.0625,0.7610389610389611,E1 전체 기간,공정 값 23 + pair_pos + 파생 전체,부스팅
GradientBoosting,11,0.0023718788331382225,0.13572143888884758,0.4,0.4,0.4,0.06993006993006994,1.0,0.036231884057971016,0.7887445887445887,E1 전체 기간,공정 값 23 + pair_pos + 파생 전체,부스팅
GradientBoosting,12,0.03464600802097079,0.1192893772893773,0.4,0.4,0.8,0.26666666666666666,0.4,0.2,0.840343347639485,E1 전체 기간,공정 값 23 + pair_pos + 파생 전체,부스팅
GradientBoosting,13,0.07173668549652706,0.02793144621490038,0.0,0.0,0.0,0.0,0.0,0.0,0.5731601731601732,E1 전체 기간,공정 값 23 + pair_pos + 파생 전체,부스팅
GradientBoosting,14,0.03026543197391335,0.23818379401783138,0.2,0.4,0.6,0.1111111111111111,0.2,0.07692307692307693,0.7437229437229438,E1 전체 기간,공정 값 23 + pair_pos + 파생 전체,부스팅
GradientBoosting,15,0.002528915155459591,0.17622991141304128,0.6,0.6,0.6,0.08771929824561403,1.0,0.045871559633027525,0.8077922077922078,E1 전체 기간,공정 값 23 + pair_pos + 파생 전체,부스팅
GradientBoosting,16,0.019268165687635695,0.0708935714115012,0.4,0.6,0.8,0.0,0.0,0.0,0.774891774891775,E1 전체 기간,공정 값 23 + pair_pos + 파생 전체,부스팅
GradientBoosting,17,0.03822311845207538,0.05678166621054553,0.2,0.4,0.8,0.0,0.0,0.0,0.7605150214592274,E1 전체 기간,공정 값 23 + pair_pos + 파생 전체,부스팅
GradientBoosting,18,0.057329332653968605,0.06927738927738927,0.4,0.6,0.8,0.0,0.0,0.0,0.800865800865801,E1 전체 기간,공정 값 23 + pair_pos + 파생 전체,부스팅
GradientBoosting,19,0.0012638307208623738,0.4496733855916387,0.6,0.6,0.8,0.06329113924050633,1.0,0.032679738562091505,0.858874458874459,E1 전체 기간,공정 값 23 + pair_pos + 파생 전체,부스팅
GradientBoosting,20,0.002760609892587427,0.4420304912478826,0.4,0.6,0.8,0.07142857142857142,1.0,0.037037037037037035,0.8606060606060606,E1 전체 기간,공정 값 23 + pair_pos + 파생 전체,부스팅
GradientBoosting,21,0.12354879205704049,0.026413729290603198,0.0,0.0,0.0,0.0,0.0,0.0,0.541991341991342,E1 전체 기간,공정 값 23 + pair_pos + 파생 전체,부스팅
GradientBoosting,22,0.31077292902287823,0.03591054017046198,0.0,0.2,0.6,0.0,0.0,0.0,0.6463519313304721,E1 전체 기간,공정 값 23 + pair_pos + 파생 전체,부스팅
GradientBoosting,23,0.0126985362192561,0.14203820326032793,0.2,0.4,0.8,0.08,0.2,0.05,0.7610389610389611,E1 전체 기간,공정 값 23 + pair_pos + 파생 전체,부스팅
GradientBoosting,24,0.0032882137117603207,0.08576616795366795,0.4,0.6,0.6,0.07692307692307693,0.6,0.0410958904109589,0.7818181818181819,E1 전체 기간,공정 값 23 + pair_pos + 파생 전체,부스팅
GradientBoosting,25,0.2739569895144152,0.05301352322140825,0.4,0.4,0.4,0.0,0.0,0.0,0.7168831168831169,E1 전체 기간,공정 값 23 + pair_pos + 파생 전체,부스팅
GradientBoosting,26,0.0792257521154131,0.04682100019999988,0.2,0.2,0.2,0.0,0.0,0.0,0.567965367965368,E1 전체 기간,공정 값 23 + pair_pos + 파생 전체,부스팅
GradientBoosting,27,0.047760952511081825,0.2692942195679422,0.6,0.6,0.8,0.18181818181818182,0.2,0.16666666666666666,0.8051502145922746,E1 전체 기간,공정 값 23 + pair_pos + 파생 전체,부스팅
GradientBoosting,28,0.008070741431935313,0.10478372202510133,0.2,0.2,0.6,0.05714285714285714,0.2,0.03333333333333333,0.7601731601731602,E1 전체 기간,공정 값 23 + pair_pos + 파생 전체,부스팅
GradientBoosting,29,0.0065004098475757565,0.09755285650022492,0.4,0.6,0.6,0.125,0.6,0.06976744186046512,0.787012987012987,E1 전체 기간,공정 값 23 + pair_pos + 파생 전체,부스팅
GradientBoosting,30,0.0008976892049656363,0.08737595602387767,0.2,0.4,1.0,0.06493506493506493,1.0,0.03355704697986577,0.8077922077922078,E1 전체 기간,공정 값 23 + pair_pos + 파생 전체,부스팅
GradientBoosting,31,0.2145858132373611,0.10362554876841644,0.2,0.4,0.6,0.25,0.2,0.3333333333333333,0.7333333333333334,E1 전체 기간,공정 값 23 + pair_pos + 파생 전체,부스팅
GradientBoosting,32,0.0015899031621638574,0.2643035925388867,0.4,0.6,0.6,0.078125,1.0,0.04065040650406504,0.8369098712446352,E1 전체 기간,공정 값 23 + pair_pos + 파생 전체,부스팅
GradientBoosting,33,0.6089156531609039,0.04416125169303817,0.0,0.0,0.8,0.0,0.0,0.0,0.7177489177489178,E1 전체 기간,공정 값 23 + pair_pos + 파생 전체,부스팅
GradientBoosting,34,0.15672467670155252,0.24532867132867134,0.2,0.6,0.6,0.2857142857142857,0.2,0.5,0.7705627705627706,E1 전체 기간,공정 값 23 + pair_pos + 파생 전체,부스팅
GradientBoosting,35,0.01637016135740582,0.12446596029716234,0.6,0.6,0.6,0.16666666666666666,0.6,0.0967741935483871,0.7870129870129869,E1 전체 기간,공정 값 23 + pair_pos + 파생 전체,부스팅
GradientBoosting,36,0.04900103735471489,0.07544897077191162,0.2,0.2,0.2,0.2,0.2,0.2,0.638095238095238,E1 전체 기간,공정 값 23 + pair_pos + 파생 전체,부스팅
GradientBoosting,37,0.7417651954017097,0.05263816846313259,0.0,0.6,0.8,0.0,0.0,0.0,0.775107296137339,E1 전체 기간,공정 값 23 + pair_pos + 파생 전체,부스팅
GradientBoosting,38,0.22210230387977092,0.06541946189403816,0.2,0.4,1.0,0.0,0.0,0.0,0.812987012987013,E1 전체 기간,공정 값 23 + pair_pos + 파생 전체,부스팅
GradientBoosting,39,0.002596672043152142,0.10758274499281693,0.4,0.4,0.6,0.06741573033707865,0.6,0.03571428571428571,0.7471861471861472,E1 전체 기간,공정 값 23 + pair_pos + 파생 전체,부스팅
GradientBoosting,40,0.0010986754787994846,0.044443687154734575,0.2,0.2,0.4,0.0641025641025641,1.0,0.033112582781456956,0.7004329004329004,E1 전체 기간,공정 값 23 + pair_pos + 파생 전체,부스팅
GradientBoosting,41,0.06696798168992572,0.03945879928333634,0.0,0.4,0.4,0.0,0.0,0.0,0.6727272727272727,E1 전체 기간,공정 값 23 + pair_pos + 파생 전체,부스팅
GradientBoosting,42,0.006640456426256846,0.06992604059167526,0.4,0.4,0.4,0.08163265306122448,0.4,0.045454545454545456,0.6798283261802576,E1 전체 기간,공정 값 23 + pair_pos + 파생 전체,부스팅
GradientBoosting,43,0.0059351096542980455,0.12491281445826902,0.4,0.8,0.8,0.18604651162790697,0.8,0.10526315789473684,0.8432900432900433,E1 전체 기간,공정 값 23 + pair_pos + 파생 전체,부스팅
GradientBoosting,44,0.5736838349537123,0.29257229873961577,0.4,0.4,0.6,0.0,0.0,0.0,0.8294372294372294,E1 전체 기간,공정 값 23 + pair_pos + 파생 전체,부스팅
GradientBoosting,45,0.026327506029814242,0.10733710733710733,0.6,0.6,0.6,0.21052631578947367,0.4,0.14285714285714285,0.8424242424242423,E1 전체 기간,공정 값 23 + pair_pos + 파생 전체,부스팅
GradientBoosting,46,0.13394386238256253,0.07524373581299579,0.2,0.2,0.8,0.2,0.2,0.2,0.7298701298701299,E1 전체 기간,공정 값 23 + pair_pos + 파생 전체,부스팅
GradientBoosting,47,0.3897263752567222,0.0657550892296655,0.2,0.6,0.8,0.0,0.0,0.0,0.8163090128755366,E1 전체 기간,공정 값 23 + pair_pos + 파생 전체,부스팅
GradientBoosting,48,0.06313218332445479,0.09833283155200963,0.6,0.6,0.6,0.16666666666666666,0.2,0.14285714285714285,0.7515151515151515,E1 전체 기간,공정 값 23 + pair_pos + 파생 전체,부스팅
GradientBoosting,49,0.03969864422912941,0.06965010141987829,0.4,0.6,0.6,0.0,0.0,0.0,0.7696969696969697,E1 전체 기간,공정 값 23 + pair_pos + 파생 전체,부스팅
HistGradientBoosting,0,4.4583389450925234e-05,0.07055074555074556,0.2,0.6,0.8,0.0784313725490196,0.8,0.041237113402061855,0.6891774891774891,E1 전체 기간,공정 값 23 + pair_pos + 파생 전체,부스팅
HistGradientBoosting,1,0.00022787483330143394,0.020874720245429627,0.0,0.0,0.2,0.0,0.0,0.0,0.37748917748917754,E1 전체 기간,공정 값 23 + pair_pos + 파생 전체,부스팅
HistGradientBoosting,2,0.0006539852821263383,0.13913153692548652,0.4,0.4,0.4,0.10526315789473684,0.2,0.07142857142857142,0.6094420600858369,E1 전체 기간,공정 값 23 + pair_pos + 파생 전체,부스팅
HistGradientBoosting,3,0.00140473765481691,0.07985467431119606,0.4,0.8,0.8,0.0,0.0,0.0,0.8441558441558441,E1 전체 기간,공정 값 23 + pair_pos + 파생 전체,부스팅
HistGradientBoosting,4,4.657110960842207e-05,0.031286296307267245,0.2,0.2,0.4,0.05333333333333334,0.4,0.02857142857142857,0.5316017316017316,E1 전체 기간,공정 값 23 + pair_pos + 파생 전체,부스팅
HistGradientBoosting,5,0.004387838620367313,0.022985546740185464,0.0,0.0,0.2,0.0,0.0,0.0,0.4727272727272727,E1 전체 기간,공정 값 23 + pair_pos + 파생 전체,부스팅
HistGradientBoosting,6,4.9290354627701354e-05,0.10549667437825333,0.6,0.6,0.6,0.07792207792207792,0.6,0.041666666666666664,0.6510822510822512,E1 전체 기간,공정 값 23 + pair_pos + 파생 전체,부스팅
HistGradientBoosting,7,0.0011605956505640039,0.11231053798226695,0.4,0.4,0.6,0.07142857142857142,0.2,0.043478260869565216,0.7759656652360516,E1 전체 기간,공정 값 23 + pair_pos + 파생 전체,부스팅
HistGradientBoosting,8,0.008997505283673492,0.05667003671926031,0.4,0.4,0.4,0.0,0.0,0.0,0.5731601731601732,E1 전체 기간,공정 값 23 + pair_pos + 파생 전체,부스팅
HistGradientBoosting,9,6.735521670799752e-05,0.04088982020248667,0.2,0.4,0.4,0.05555555555555555,0.4,0.029850746268656716,0.5861471861471861,E1 전체 기간,공정 값 23 + pair_pos + 파생 전체,부스팅
HistGradientBoosting,10,0.0010590137734607704,0.0756269166356187,0.2,0.6,0.6,0.125,0.2,0.09090909090909091,0.8025974025974026,E1 전체 기간,공정 값 23 + pair_pos + 파생 전체,부스팅
HistGradientBoosting,11,0.00023186015290891474,0.07814355768319964,0.4,0.4,0.8,0.10810810810810811,0.4,0.0625,0.7922077922077921,E1 전체 기간,공정 값 23 + pair_pos + 파생 전체,부스팅
HistGradientBoosting,12,0.06989353344736395,0.02845986657685707,0.0,0.2,0.2,0.0,0.0,0.0,0.5793991416309013,E1 전체 기간,공정 값 23 + pair_pos + 파생 전체,부스팅
HistGradientBoosting,13,0.00020771415728031113,0.056806670031359696,0.4,0.4,0.4,0.0975609756097561,0.4,0.05555555555555555,0.5740259740259741,E1 전체 기간,공정 값 23 + pair_pos + 파생 전체,부스팅
HistGradientBoosting,14,2.6436697970005765e-05,0.11768651122420799,0.4,0.6,0.8,0.055944055944055944,0.8,0.028985507246376812,0.8034632034632034,E1 전체 기간,공정 값 23 + pair_pos + 파생 전체,부스팅
HistGradientBoosting,15,0.004470005820300411,0.0389491833030853,0.2,0.2,0.4,0.0,0.0,0.0,0.5298701298701299,E1 전체 기간,공정 값 23 + pair_pos + 파생 전체,부스팅
HistGradientBoosting,16,8.59862062370678e-05,0.035210636886333475,0.0,0.2,0.4,0.038461538461538464,0.2,0.02127659574468085,0.6510822510822512,E1 전체 기간,공정 값 23 + pair_pos + 파생 전체,부스팅
HistGradientBoosting,17,0.004520867865693289,0.09919981978805509,0.2,0.2,0.6,0.125,0.2,0.09090909090909091,0.7030042918454935,E1 전체 기간,공정 값 23 + pair_pos + 파생 전체,부스팅
HistGradientBoosting,18,0.0004156235261013792,0.07833146083599804,0.2,0.4,0.8,0.07142857142857142,0.2,0.043478260869565216,0.6891774891774891,E1 전체 기간,공정 값 23 + pair_pos + 파생 전체,부스팅
HistGradientBoosting,19,6.959481261462416e-05,0.05216909637943034,0.2,0.2,0.4,0.058823529411764705,0.4,0.031746031746031744,0.70995670995671,E1 전체 기간,공정 값 23 + pair_pos + 파생 전체,부스팅
HistGradientBoosting,20,0.006055687327692048,0.030085096573155362,0.0,0.0,0.4,0.0,0.0,0.0,0.6025974025974026,E1 전체 기간,공정 값 23 + pair_pos + 파생 전체,부스팅
HistGradientBoosting,21,0.21952493010017285,0.021801657734379504,0.0,0.0,0.2,0.0,0.0,0.0,0.4415584415584416,E1 전체 기간,공정 값 23 + pair_pos + 파생 전체,부스팅
HistGradientBoosting,22,0.006481921392815082,0.03920535628590994,0.2,0.4,0.6,0.0,0.0,0.0,0.5974248927038627,E1 전체 기간,공정 값 23 + pair_pos + 파생 전체,부스팅
HistGradientBoosting,23,0.44787827460972396,0.07065519812019087,0.2,0.4,0.6,0.0,0.0,0.0,0.7316017316017316,E1 전체 기간,공정 값 23 + pair_pos + 파생 전체,부스팅
HistGradientBoosting,24,0.0029192191672025376,0.08874256777221766,0.2,0.2,0.2,0.15384615384615385,0.2,0.125,0.5541125541125541,E1 전체 기간,공정 값 23 + pair_pos + 파생 전체,부스팅
HistGradientBoosting,25,0.9997083702729547,0.02412362516710343,0.0,0.2,0.2,0.0,0.0,0.0,0.4727272727272728,E1 전체 기간,공정 값 23 + pair_pos + 파생 전체,부스팅
HistGradientBoosting,26,0.0007883434590129851,0.04721521673803621,0.2,0.4,0.4,0.0,0.0,0.0,0.6883116883116883,E1 전체 기간,공정 값 23 + pair_pos + 파생 전체,부스팅
HistGradientBoosting,27,0.0005859263496469834,0.0508133034016329,0.4,0.4,0.4,0.07142857142857142,0.2,0.043478260869565216,0.7253218884120172,E1 전체 기간,공정 값 23 + pair_pos + 파생 전체,부스팅
HistGradientBoosting,28,0.8962764450173152,0.02650321882337569,0.0,0.2,0.4,0.0,0.0,0.0,0.432034632034632,E1 전체 기간,공정 값 23 + pair_pos + 파생 전체,부스팅
HistGradientBoosting,29,0.00011890707094791676,0.06677122903956104,0.4,0.4,0.6,0.06896551724137931,0.4,0.03773584905660377,0.793073593073593,E1 전체 기간,공정 값 23 + pair_pos + 파생 전체,부스팅
HistGradientBoosting,30,9.212198770778016e-05,0.0952642390289449,0.4,0.6,0.6,0.14285714285714285,0.6,0.08108108108108109,0.8181818181818182,E1 전체 기간,공정 값 23 + pair_pos + 파생 전체,부스팅
HistGradientBoosting,31,5.870465071740787e-05,0.018049059305244464,0.0,0.0,0.0,0.0,0.0,0.0,0.3385281385281385,E1 전체 기간,공정 값 23 + pair_pos + 파생 전체,부스팅
HistGradientBoosting,32,6.047845416389191e-05,0.04670744276790617,0.2,0.4,0.4,0.07017543859649122,0.4,0.038461538461538464,0.5974248927038627,E1 전체 기간,공정 값 23 + pair_pos + 파생 전체,부스팅
HistGradientBoosting,33,8.375351629930306e-05,0.03126342554890409,0.2,0.2,0.2,0.041666666666666664,0.2,0.023255813953488372,0.4467532467532468,E1 전체 기간,공정 값 23 + pair_pos + 파생 전체,부스팅
HistGradientBoosting,34,0.0003820616812791401,0.02174107633308707,0.0,0.2,0.2,0.0,0.0,0.0,0.3904761904761905,E1 전체 기간,공정 값 23 + pair_pos + 파생 전체,부스팅
HistGradientBoosting,35,0.021400198140946756,0.02034863020293319,0.0,0.2,0.2,0.0,0.0,0.0,0.354978354978355,E1 전체 기간,공정 값 23 + pair_pos + 파생 전체,부스팅
HistGradientBoosting,36,0.00017403871436654647,0.1506253954761241,0.4,0.4,0.6,0.09523809523809523,0.4,0.05405405405405406,0.7610389610389611,E1 전체 기간,공정 값 23 + pair_pos + 파생 전체,부스팅
HistGradientBoosting,37,0.00010162279201466591,0.07312689152722307,0.4,0.6,0.6,0.13636363636363635,0.6,0.07692307692307693,0.7527896995708154,E1 전체 기간,공정 값 23 + pair_pos + 파생 전체,부스팅
HistGradientBoosting,38,0.0004552301867340136,0.031083060408063426,0.0,0.2,0.2,0.0,0.0,0.0,0.5913419913419914,E1 전체 기간,공정 값 23 + pair_pos + 파생 전체,부스팅
HistGradientBoosting,39,0.0035446365108710385,0.015603051027671903,0.0,0.0,0.0,0.0,0.0,0.0,0.22683982683982687,E1 전체 기간,공정 값 23 + pair_pos + 파생 전체,부스팅
HistGradientBoosting,40,0.03626100283480755,0.08233193580612173,0.2,0.2,0.2,0.2,0.2,0.2,0.3515151515151515,E1 전체 기간,공정 값 23 + pair_pos + 파생 전체,부스팅
HistGradientBoosting,41,0.0053571758653611235,0.1022695500218436,0.4,0.6,0.8,0.0,0.0,0.0,0.8077922077922077,E1 전체 기간,공정 값 23 + pair_pos + 파생 전체,부스팅
HistGradientBoosting,42,0.0059709659742288035,0.09792798045421733,0.4,0.6,0.6,0.14285714285714285,0.2,0.1111111111111111,0.6995708154506438,E1 전체 기간,공정 값 23 + pair_pos + 파생 전체,부스팅
HistGradientBoosting,43,0.0009995703308164315,0.0455924075924076,0.2,0.2,0.4,0.09523809523809523,0.2,0.0625,0.6822510822510823,E1 전체 기간,공정 값 23 + pair_pos + 파생 전체,부스팅
HistGradientBoosting,44,0.6231247187596232,0.0436704311505738,0.2,0.4,0.6,0.0,0.0,0.0,0.6943722943722943,E1 전체 기간,공정 값 23 + pair_pos + 파생 전체,부스팅
HistGradientBoosting,45,0.006376608301742632,0.05364914955310435,0.2,0.2,0.4,0.16666666666666666,0.2,0.14285714285714285,0.6000000000000001,E1 전체 기간,공정 값 23 + pair_pos + 파생 전체,부스팅
HistGradientBoosting,46,0.39536450508705584,0.030358539310152213,0.0,0.2,0.2,0.0,0.0,0.0,0.5558441558441559,E1 전체 기간,공정 값 23 + pair_pos + 파생 전체,부스팅
HistGradientBoosting,47,0.000150412605153293,0.06287807089450281,0.2,0.4,0.6,0.06666666666666667,0.2,0.04,0.6669527896995708,E1 전체 기간,공정 값 23 + pair_pos + 파생 전체,부스팅
HistGradientBoosting,48,0.0015735587477308487,0.06054789870323851,0.2,0.6,0.8,0.0,0.0,0.0,0.7896103896103895,E1 전체 기간,공정 값 23 + pair_pos + 파생 전체,부스팅
HistGradientBoosting,49,0.007063444481980703,0.08475,0.4,0.6,0.6,0.13333333333333333,0.2,0.1,0.7645021645021646,E1 전체 기간,공정 값 23 + pair_pos + 파생 전체,부스팅
XGBoost,0,0.0005931722698733211,0.041891624221844934,0.0,0.4,0.4,0.06329113924050633,1.0,0.032679738562091505,0.7134199134199134,E1 전체 기간,공정 값 23 + pair_pos + 파생 전체,부스팅
XGBoost,1,0.0005712182028219104,0.031123408498934448,0.0,0.2,0.4,0.045112781954887216,0.6,0.0234375,0.5714285714285714,E1 전체 기간,공정 값 23 + pair_pos + 파생 전체,부스팅
XGBoost,2,0.008737831376492977,0.058208840434704534,0.4,0.4,0.4,0.06896551724137931,0.4,0.03773584905660377,0.6042918454935622,E1 전체 기간,공정 값 23 + pair_pos + 파생 전체,부스팅
XGBoost,3,0.05756770074367523,0.04139579961035325,0.0,0.4,0.6,0.0,0.0,0.0,0.6909090909090909,E1 전체 기간,공정 값 23 + pair_pos + 파생 전체,부스팅
XGBoost,4,0.0008464523707516491,0.031976392845218214,0.0,0.2,0.2,0.0684931506849315,1.0,0.03546099290780142,0.6285714285714286,E1 전체 기간,공정 값 23 + pair_pos + 파생 전체,부스팅
XGBoost,5,0.0007524975808337331,0.044277446177797504,0.2,0.4,0.6,0.06756756756756757,1.0,0.03496503496503497,0.7082251082251083,E1 전체 기간,공정 값 23 + pair_pos + 파생 전체,부스팅
XGBoost,6,0.0009701798553578556,0.08534194669136155,0.4,0.6,0.6,0.047619047619047616,0.6,0.024793388429752067,0.625974025974026,E1 전체 기간,공정 값 23 + pair_pos + 파생 전체,부스팅
XGBoost,7,0.002413048641756177,0.04329469971230142,0.2,0.2,0.6,0.07142857142857142,0.8,0.037383177570093455,0.7184549356223175,E1 전체 기간,공정 값 23 + pair_pos + 파생 전체,부스팅
XGBoost,8,0.021879959851503372,0.03902047193154458,0.2,0.2,0.6,0.05128205128205128,0.2,0.029411764705882353,0.6155844155844157,E1 전체 기간,공정 값 23 + pair_pos + 파생 전체,부스팅
XGBoost,9,0.025490447878837585,0.03980608723949457,0.2,0.4,0.4,0.08,0.4,0.044444444444444446,0.6164502164502165,E1 전체 기간,공정 값 23 + pair_pos + 파생 전체,부스팅
XGBoost,10,0.015098686330020428,0.05779160566245404,0.2,0.6,0.8,0.10714285714285714,0.6,0.058823529411764705,0.7575757575757576,E1 전체 기간,공정 값 23 + pair_pos + 파생 전체,부스팅
XGBoost,11,0.001172357238829136,0.0774229496903636,0.2,0.4,0.4,0.07462686567164178,1.0,0.03875968992248062,0.7541125541125542,E1 전체 기간,공정 값 23 + pair_pos + 파생 전체,부스팅
XGBoost,12,0.011363973841071129,0.06298928066869397,0.0,0.8,0.8,0.14814814814814814,0.8,0.08163265306122448,0.8137339055793992,E1 전체 기간,공정 값 23 + pair_pos + 파생 전체,부스팅
XGBoost,13,0.01682947389781475,0.021178382074429784,0.0,0.2,0.2,0.038461538461538464,0.2,0.02127659574468085,0.37142857142857144,E1 전체 기간,공정 값 23 + pair_pos + 파생 전체,부스팅
XGBoost,14,0.0029316172003746033,0.09913121361397223,0.4,0.6,0.6,0.06315789473684211,0.6,0.03333333333333333,0.6978354978354978,E1 전체 기간,공정 값 23 + pair_pos + 파생 전체,부스팅
XGBoost,15,0.04213018715381622,0.051462248908069344,0.2,0.6,0.6,0.06451612903225806,0.2,0.038461538461538464,0.6406926406926408,E1 전체 기간,공정 값 23 + pair_pos + 파생 전체,부스팅
XGBoost,16,0.0014128576731309295,0.034841568718554754,0.0,0.2,0.6,0.06837606837606838,0.8,0.03571428571428571,0.6554112554112554,E1 전체 기간,공정 값 23 + pair_pos + 파생 전체,부스팅
XGBoost,17,0.007572574075311422,0.05338431129227764,0.2,0.6,0.6,0.09090909090909091,0.6,0.04918032786885246,0.7278969957081545,E1 전체 기간,공정 값 23 + pair_pos + 파생 전체,부스팅
XGBoost,18,0.0029905333649367094,0.037355156571235795,0.0,0.2,0.4,0.0761904761904762,0.8,0.04,0.6415584415584416,E1 전체 기간,공정 값 23 + pair_pos + 파생 전체,부스팅
XGBoost,19,0.003251930233091116,0.037189836444575436,0.0,0.0,0.4,0.08,0.8,0.042105263157894736,0.6813852813852814,E1 전체 기간,공정 값 23 + pair_pos + 파생 전체,부스팅
XGBoost,20,0.032817598432302475,0.04513057854261424,0.2,0.4,0.6,0.05405405405405406,0.2,0.03125,0.69004329004329,E1 전체 기간,공정 값 23 + pair_pos + 파생 전체,부스팅
XGBoost,21,0.015362485311925411,0.05210262442764718,0.2,0.6,0.6,0.05263157894736842,0.2,0.030303030303030304,0.6112554112554113,E1 전체 기간,공정 값 23 + pair_pos + 파생 전체,부스팅
XGBoost,22,0.001324281794950366,0.04251967981520871,0.2,0.2,0.4,0.072992700729927,1.0,0.03787878787878788,0.7012875536480687,E1 전체 기간,공정 값 23 + pair_pos + 파생 전체,부스팅
XGBoost,23,0.01080404780805111,0.059380060438217926,0.2,0.4,0.4,0.056338028169014086,0.4,0.030303030303030304,0.6744588744588745,E1 전체 기간,공정 값 23 + pair_pos + 파생 전체,부스팅
XGBoost,24,0.005926311016082764,0.02935267455712151,0.0,0.2,0.2,0.02531645569620253,0.2,0.013513513513513514,0.5653679653679654,E1 전체 기간,공정 값 23 + pair_pos + 파생 전체,부스팅
XGBoost,25,0.024220449849963188,0.028453005149040332,0.0,0.2,0.4,0.05263157894736842,0.2,0.030303030303030304,0.5212121212121212,E1 전체 기간,공정 값 23 + pair_pos + 파생 전체,부스팅
XGBoost,26,0.000972941517829895,0.04618050720826662,0.2,0.4,0.6,0.06451612903225806,0.8,0.03361344537815126,0.6683982683982684,E1 전체 기간,공정 값 23 + pair_pos + 파생 전체,부스팅
XGBoost,27,0.05171264335513115,0.05465823281357261,0.2,0.4,0.6,0.08,0.2,0.05,0.7450643776824033,E1 전체 기간,공정 값 23 + pair_pos + 파생 전체,부스팅
XGBoost,28,0.03486267104744911,0.0474783760748673,0.2,0.6,0.6,0.05405405405405406,0.2,0.03125,0.6926406926406926,E1 전체 기간,공정 값 23 + pair_pos + 파생 전체,부스팅
XGBoost,29,0.014909983612596989,0.05069898797821252,0.2,0.4,0.6,0.06896551724137931,0.4,0.03773584905660377,0.7601731601731602,E1 전체 기간,공정 값 23 + pair_pos + 파생 전체,부스팅
XGBoost,30,0.004936832934617996,0.05926728586171311,0.2,0.4,1.0,0.13157894736842105,1.0,0.07042253521126761,0.8025974025974026,E1 전체 기간,공정 값 23 + pair_pos + 파생 전체,부스팅
XGBoost,31,0.006022528745234013,0.0353497616158689,0.0,0.4,0.4,0.0547945205479452,0.4,0.029411764705882353,0.6320346320346321,E1 전체 기간,공정 값 23 + pair_pos + 파생 전체,부스팅
XGBoost,32,0.003222063183784485,0.07473073632291509,0.2,0.6,0.6,0.08695652173913043,0.8,0.04597701149425287,0.7218884120171674,E1 전체 기간,공정 값 23 + pair_pos + 파생 전체,부스팅
XGBoost,33,0.0008085165172815323,0.033936556513644925,0.2,0.2,0.2,0.05755395683453238,0.8,0.029850746268656716,0.612987012987013,E1 전체 기간,공정 값 23 + pair_pos + 파생 전체,부스팅
XGBoost,34,0.07206498086452484,0.02611989540822936,0.0,0.0,0.4,0.0,0.0,0.0,0.5134199134199134,E1 전체 기간,공정 값 23 + pair_pos + 파생 전체,부스팅
XGBoost,35,0.0029491139575839043,0.04247487609189737,0.2,0.2,0.4,0.07207207207207207,0.8,0.03773584905660377,0.6432900432900432,E1 전체 기간,공정 값 23 + pair_pos + 파생 전체,부스팅
XGBoost,36,0.001989897107705474,0.06108185796943154,0.2,0.6,0.8,0.0851063829787234,0.8,0.0449438202247191,0.7800865800865802,E1 전체 기간,공정 값 23 + pair_pos + 파생 전체,부스팅
XGBoost,37,0.03858672454953194,0.05363221769938188,0.2,0.4,0.8,0.046511627906976744,0.2,0.02631578947368421,0.7656652360515022,E1 전체 기간,공정 값 23 + pair_pos + 파생 전체,부스팅
XGBoost,38,0.001058710739016533,0.04144875555201642,0.0,0.4,0.6,0.06944444444444445,1.0,0.03597122302158273,0.696969696969697,E1 전체 기간,공정 값 23 + pair_pos + 파생 전체,부스팅
XGBoost,39,0.022209998220205307,0.0187823904939455,0.0,0.0,0.0,0.0,0.0,0.0,0.3645021645021645,E1 전체 기간,공정 값 23 + pair_pos + 파생 전체,부스팅
XGBoost,40,0.002582578919827938,0.044676425027836315,0.2,0.2,0.2,0.056074766355140186,0.6,0.029411764705882353,0.61991341991342,E1 전체 기간,공정 값 23 + pair_pos + 파생 전체,부스팅
XGBoost,41,0.0034682718105614185,0.0798878299541078,0.4,0.8,0.8,0.07692307692307693,0.8,0.04040404040404041,0.8043290043290043,E1 전체 기간,공정 값 23 + pair_pos + 파생 전체,부스팅
XGBoost,42,0.0023332603741437197,0.042125390587227085,0.0,0.6,0.6,0.06593406593406594,0.6,0.03488372093023256,0.615450643776824,E1 전체 기간,공정 값 23 + pair_pos + 파생 전체,부스팅
XGBoost,43,0.0043213325552642345,0.0485213002150836,0.0,0.4,0.8,0.0975609756097561,0.8,0.05194805194805195,0.729004329004329,E1 전체 기간,공정 값 23 + pair_pos + 파생 전체,부스팅
XGBoost,44,0.004799462854862213,0.055712651193200395,0.0,0.6,0.8,0.10869565217391304,1.0,0.05747126436781609,0.7913419913419913,E1 전체 기간,공정 값 23 + pair_pos + 파생 전체,부스팅
XGBoost,45,0.028250692412257195,0.03870668167264746,0.0,0.4,0.6,0.04878048780487805,0.2,0.027777777777777776,0.6692640692640692,E1 전체 기간,공정 값 23 + pair_pos + 파생 전체,부스팅
XGBoost,46,0.0014093038626015186,0.03733865484109387,0.2,0.2,0.4,0.05263157894736842,0.6,0.027522935779816515,0.5766233766233766,E1 전체 기간,공정 값 23 + pair_pos + 파생 전체,부스팅
XGBoost,47,0.0013730785576626658,0.03165355699693907,0.0,0.0,0.4,0.07017543859649122,0.8,0.03669724770642202,0.6274678111587983,E1 전체 기간,공정 값 23 + pair_pos + 파생 전체,부스팅
XGBoost,48,0.0018379688262939453,0.05577589905948115,0.4,0.6,0.6,0.05555555555555555,0.6,0.02912621359223301,0.6597402597402597,E1 전체 기간,공정 값 23 + pair_pos + 파생 전체,부스팅
XGBoost,49,0.010438947007060051,0.05021012054948135,0.2,0.4,0.4,0.06153846153846154,0.4,0.03333333333333333,0.7298701298701298,E1 전체 기간,공정 값 23 + pair_pos + 파생 전체,부스팅
LightGBM,0,0.00034451330195370945,0.10897582014838653,0.6,0.8,0.8,0.10666666666666667,0.8,0.05714285714285714,0.8398268398268398,E1 전체 기간,공정 값 23 + pair_pos + 파생 전체,부스팅
LightGBM,1,1.646388123019633e-06,0.03656968324685342,0.2,0.2,0.6,0.043478260869565216,0.8,0.0223463687150838,0.5757575757575758,E1 전체 기간,공정 값 23 + pair_pos + 파생 전체,부스팅
LightGBM,2,0.0001474435536337434,0.0663956772176704,0.4,0.4,0.4,0.05333333333333334,0.4,0.02857142857142857,0.5965665236051503,E1 전체 기간,공정 값 23 + pair_pos + 파생 전체,부스팅
LightGBM,3,0.001840151778260952,0.055869732983485104,0.2,0.6,0.6,0.0851063829787234,0.4,0.047619047619047616,0.7636363636363637,E1 전체 기간,공정 값 23 + pair_pos + 파생 전체,부스팅
LightGBM,4,0.00016055998059883957,0.04666995943988595,0.2,0.4,0.4,0.06976744186046512,0.6,0.037037037037037035,0.6995670995670995,E1 전체 기간,공정 값 23 + pair_pos + 파생 전체,부스팅
LightGBM,5,5.586025532938731e-05,0.052349373155106835,0.2,0.4,0.6,0.07207207207207207,0.8,0.03773584905660377,0.7220779220779221,E1 전체 기간,공정 값 23 + pair_pos + 파생 전체,부스팅
LightGBM,6,5.338100642750065e-05,0.06259655377302437,0.4,0.4,0.6,0.05825242718446602,0.6,0.030612244897959183,0.6190476190476191,E1 전체 기간,공정 값 23 + pair_pos + 파생 전체,부스팅
LightGBM,7,0.003963000448886743,0.06702910155532646,0.2,0.4,0.4,0.0625,0.2,0.037037037037037035,0.7124463519313304,E1 전체 기간,공정 값 23 + pair_pos + 파생 전체,부스팅
LightGBM,8,0.0015293775147335,0.08276391364626659,0.2,0.4,0.4,0.05555555555555555,0.2,0.03225806451612903,0.6484848484848484,E1 전체 기간,공정 값 23 + pair_pos + 파생 전체,부스팅
LightGBM,9,1.5132052328842951e-05,0.035270666548756435,0.0,0.4,0.4,0.041379310344827586,0.6,0.02142857142857143,0.5731601731601732,E1 전체 기간,공정 값 23 + pair_pos + 파생 전체,부스팅
LightGBM,10,1.714265323638037e-05,0.05789207868155237,0.2,0.6,0.6,0.06201550387596899,0.8,0.03225806451612903,0.7177489177489178,E1 전체 기간,공정 값 23 + pair_pos + 파생 전체,부스팅
LightGBM,11,0.00012286563119725394,0.05127653718672551,0.4,0.4,0.4,0.04395604395604396,0.4,0.023255813953488372,0.7134199134199133,E1 전체 기간,공정 값 23 + pair_pos + 파생 전체,부스팅
LightGBM,12,0.0005793644508582521,0.050757642187878094,0.2,0.6,0.8,0.08333333333333333,0.4,0.046511627906976744,0.7339055793991416,E1 전체 기간,공정 값 23 + pair_pos + 파생 전체,부스팅
LightGBM,13,0.00012554882636910326,0.022710723593893697,0.0,0.2,0.2,0.0273972602739726,0.2,0.014705882352941176,0.4311688311688312,E1 전체 기간,공정 값 23 + pair_pos + 파생 전체,부스팅
LightGBM,14,1.1179270305495197e-05,0.07466671029131397,0.2,0.4,0.6,0.05128205128205128,0.8,0.026490066225165563,0.6883116883116883,E1 전체 기간,공정 값 23 + pair_pos + 파생 전체,부스팅
LightGBM,15,0.0033030663108586018,0.04174530637972176,0.0,0.6,0.6,0.0,0.0,0.0,0.6017316017316018,E1 전체 기간,공정 값 23 + pair_pos + 파생 전체,부스팅
LightGBM,16,0.00011511247552920354,0.030314225640649117,0.0,0.0,0.4,0.047619047619047616,0.4,0.02531645569620253,0.6069264069264069,E1 전체 기간,공정 값 23 + pair_pos + 파생 전체,부스팅
LightGBM,17,3.194043647409341e-05,0.06659197012138188,0.2,0.6,0.6,0.05084745762711865,0.6,0.02654867256637168,0.7407725321888412,E1 전체 기간,공정 값 23 + pair_pos + 파생 전체,부스팅
LightGBM,18,0.00012602851222636273,0.06759232149679126,0.2,0.4,0.8,0.09411764705882353,0.8,0.05,0.7255411255411255,E1 전체 기간,공정 값 23 + pair_pos + 파생 전체,부스팅
LightGBM,19,0.00010720305580563074,0.038169561621174526,0.0,0.2,0.4,0.06060606060606061,0.6,0.031914893617021274,0.6822510822510823,E1 전체 기간,공정 값 23 + pair_pos + 파생 전체,부스팅
LightGBM,20,0.28194464996891544,0.036169147182325556,0.0,0.2,0.4,0.0,0.0,0.0,0.6761904761904762,E1 전체 기간,공정 값 23 + pair_pos + 파생 전체,부스팅
LightGBM,21,0.00010155509785542728,0.1274454622374278,0.6,0.6,0.6,0.06741573033707865,0.6,0.03571428571428571,0.6995670995670996,E1 전체 기간,공정 값 23 + pair_pos + 파생 전체,부스팅
LightGBM,22,0.0008343411746279376,0.05755203587933878,0.2,0.2,0.6,0.04081632653061224,0.2,0.022727272727272728,0.711587982832618,E1 전체 기간,공정 값 23 + pair_pos + 파생 전체,부스팅
LightGBM,23,2.9378181096835e-05,0.08498414536631096,0.4,0.4,0.6,0.06896551724137931,0.8,0.036036036036036036,0.7116883116883117,E1 전체 기간,공정 값 23 + pair_pos + 파생 전체,부스팅
LightGBM,24,0.0010424760847118468,0.030605731519324542,0.2,0.2,0.2,0.0425531914893617,0.2,0.023809523809523808,0.5333333333333333,E1 전체 기간,공정 값 23 + pair_pos + 파생 전체,부스팅
LightGBM,25,0.0005123650379624963,0.028127468055525608,0.0,0.2,0.2,0.045454545454545456,0.2,0.02564102564102564,0.5168831168831169,E1 전체 기간,공정 값 23 + pair_pos + 파생 전체,부스팅
LightGBM,26,0.00025043826754293997,0.07335215947127255,0.4,0.4,0.4,0.05263157894736842,0.4,0.028169014084507043,0.722943722943723,E1 전체 기간,공정 값 23 + pair_pos + 파생 전체,부스팅
LightGBM,27,0.00026840599610109754,0.04916996386056376,0.0,0.4,0.4,0.05263157894736842,0.4,0.028169014084507043,0.7622317596566524,E1 전체 기간,공정 값 23 + pair_pos + 파생 전체,부스팅
LightGBM,28,0.0005585480952610962,0.0371874525022233,0.0,0.2,0.6,0.038461538461538464,0.2,0.02127659574468085,0.6502164502164502,E1 전체 기간,공정 값 23 + pair_pos + 파생 전체,부스팅
LightGBM,29,0.008541631740195054,0.06764612426272315,0.4,0.6,0.8,0.07692307692307693,0.2,0.047619047619047616,0.7731601731601732,E1 전체 기간,공정 값 23 + pair_pos + 파생 전체,부스팅
LightGBM,30,4.157662275960349e-06,0.05216705335057176,0.2,0.2,0.8,0.05263157894736842,1.0,0.02702702702702703,0.7731601731601732,E1 전체 기간,공정 값 23 + pair_pos + 파생 전체,부스팅
LightGBM,31,5.6335942385364604e-05,0.03879570137843985,0.2,0.4,0.4,0.045454545454545456,0.4,0.024096385542168676,0.6484848484848486,E1 전체 기간,공정 값 23 + pair_pos + 파생 전체,부스팅
LightGBM,32,1.2715491190490115e-05,0.07904035310751728,0.2,0.6,0.8,0.058394160583941604,0.8,0.030303030303030304,0.721030042918455,E1 전체 기간,공정 값 23 + pair_pos + 파생 전체,부스팅
LightGBM,33,5.430939952539397e-05,0.05641588474921808,0.2,0.4,0.8,0.07017543859649122,0.8,0.03669724770642202,0.729004329004329,E1 전체 기간,공정 값 23 + pair_pos + 파생 전체,부스팅
LightGBM,34,0.002099462992531064,0.03228320220081867,0.2,0.2,0.4,0.0625,0.2,0.037037037037037035,0.5541125541125541,E1 전체 기간,공정 값 23 + pair_pos + 파생 전체,부스팅
LightGBM,35,0.00125261765679695,0.029928222531237607,0.0,0.2,0.4,0.041666666666666664,0.2,0.023255813953488372,0.574025974025974,E1 전체 기간,공정 값 23 + pair_pos + 파생 전체,부스팅
LightGBM,36,3.7395804693892226e-05,0.06308320117824284,0.4,0.4,0.8,0.07547169811320754,0.8,0.039603960396039604,0.787012987012987,E1 전체 기간,공정 값 23 + pair_pos + 파생 전체,부스팅
LightGBM,37,0.00571563984507653,0.08094797886069233,0.4,0.4,0.8,0.14285714285714285,0.4,0.08695652173913043,0.8163090128755365,E1 전체 기간,공정 값 23 + pair_pos + 파생 전체,부스팅
LightGBM,38,1.2505431369517016e-05,0.0505963603390074,0.2,0.4,0.6,0.06289308176100629,1.0,0.032467532467532464,0.7108225108225108,E1 전체 기간,공정 값 23 + pair_pos + 파생 전체,부스팅
LightGBM,39,0.0006414622778090571,0.02149148930919883,0.0,0.0,0.0,0.0,0.0,0.0,0.438961038961039,E1 전체 기간,공정 값 23 + pair_pos + 파생 전체,부스팅
LightGBM,40,7.684637443610091e-06,0.0889044855919433,0.2,0.2,0.2,0.055865921787709494,1.0,0.028735632183908046,0.5722943722943723,E1 전체 기간,공정 값 23 + pair_pos + 파생 전체,부스팅
LightGBM,41,0.01977570308331889,0.17832080200501255,0.4,0.6,0.8,0.3076923076923077,0.4,0.25,0.8406926406926407,E1 전체 기간,공정 값 23 + pair_pos + 파생 전체,부스팅
LightGBM,42,9.952974610005729e-06,0.04615039816278206,0.0,0.6,0.6,0.04285714285714286,0.6,0.022222222222222223,0.6523605150214592,E1 전체 기간,공정 값 23 + pair_pos + 파생 전체,부스팅
LightGBM,43,5.936024978270037e-05,0.04838758900878426,0.2,0.4,0.4,0.0761904761904762,0.8,0.04,0.7264069264069265,E1 전체 기간,공정 값 23 + pair_pos + 파생 전체,부스팅
LightGBM,44,0.0001388764398380659,0.057786899091246915,0.2,0.4,0.8,0.10101010101010101,1.0,0.05319148936170213,0.787012987012987,E1 전체 기간,공정 값 23 + pair_pos + 파생 전체,부스팅
LightGBM,45,0.00037958074323438037,0.05330307373785635,0.4,0.4,0.6,0.09230769230769231,0.6,0.05,0.7307359307359308,E1 전체 기간,공정 값 23 + pair_pos + 파생 전체,부스팅
LightGBM,46,5.602231945629233e-05,0.03014044809005698,0.0,0.2,0.4,0.0594059405940594,0.6,0.03125,0.5619047619047619,E1 전체 기간,공정 값 23 + pair_pos + 파생 전체,부스팅
LightGBM,47,4.820838289244474e-05,0.05616112999191603,0.2,0.4,0.6,0.07142857142857142,0.8,0.037383177570093455,0.7090128755364806,E1 전체 기간,공정 값 23 + pair_pos + 파생 전체,부스팅
LightGBM,48,0.00014411774174628866,0.07821465890431409,0.4,0.6,0.6,0.06741573033707865,0.6,0.03571428571428571,0.6935064935064935,E1 전체 기간,공정 값 23 + pair_pos + 파생 전체,부스팅
LightGBM,49,0.0004581791522642069,0.08207386407976379,0.4,0.4,0.4,0.056338028169014086,0.4,0.030303030303030304,0.7601731601731603,E1 전체 기간,공정 값 23 + pair_pos + 파생 전체,부스팅
CatBoost,0,0.0008026572736115252,0.07659269242288111,0.4,0.4,0.6,0.06493506493506493,1.0,0.03355704697986577,0.7904761904761906,E1 전체 기간,공정 값 23 + pair_pos + 파생 전체,부스팅
CatBoost,1,0.0011980587102375583,0.026737538240575624,0.0,0.0,0.2,0.04081632653061224,0.4,0.021505376344086023,0.554978354978355,E1 전체 기간,공정 값 23 + pair_pos + 파생 전체,부스팅
CatBoost,2,0.004618801882650741,0.04053669790235977,0.2,0.2,0.4,0.04938271604938271,0.4,0.02631578947368421,0.5982832618025751,E1 전체 기간,공정 값 23 + pair_pos + 파생 전체,부스팅
CatBoost,3,0.1440399372366985,0.09688245128401896,0.4,0.8,0.8,0.21052631578947367,0.4,0.14285714285714285,0.8320346320346321,E1 전체 기간,공정 값 23 + pair_pos + 파생 전체,부스팅
CatBoost,4,0.025911467524515498,0.042103485982315066,0.2,0.2,0.4,0.04878048780487805,0.2,0.027777777777777776,0.6961038961038961,E1 전체 기간,공정 값 23 + pair_pos + 파생 전체,부스팅
CatBoost,5,0.47901476052863273,0.03843573805352493,0.0,0.2,0.6,0.0,0.0,0.0,0.6796536796536796,E1 전체 기간,공정 값 23 + pair_pos + 파생 전체,부스팅
CatBoost,6,0.33305076441914505,0.11498109733403851,0.4,0.6,0.6,0.0,0.0,0.0,0.7281385281385282,E1 전체 기간,공정 값 23 + pair_pos + 파생 전체,부스팅
CatBoost,7,0.003696966091021498,0.10068849849337654,0.2,0.2,0.6,0.07692307692307693,0.8,0.04040404040404041,0.7184549356223175,E1 전체 기간,공정 값 23 + pair_pos + 파생 전체,부스팅
CatBoost,8,0.12904637436970798,0.030666102977686675,0.0,0.2,0.4,0.0,0.0,0.0,0.5991341991341992,E1 전체 기간,공정 값 23 + pair_pos + 파생 전체,부스팅
CatBoost,9,0.1457138120962905,0.0947764626453151,0.2,0.4,0.4,0.13333333333333333,0.2,0.1,0.6216450216450217,E1 전체 기간,공정 값 23 + pair_pos + 파생 전체,부스팅
CatBoost,10,0.06779724364727445,0.03724465240641711,0.0,0.2,0.6,0.0,0.0,0.0,0.6536796536796536,E1 전체 기간,공정 값 23 + pair_pos + 파생 전체,부스팅
CatBoost,11,0.006716311392849734,0.24324844720496896,0.4,0.4,0.4,0.06521739130434782,0.6,0.034482758620689655,0.7523809523809524,E1 전체 기간,공정 값 23 + pair_pos + 파생 전체,부스팅
CatBoost,12,0.07829463006210485,0.036838857073608275,0.0,0.0,0.4,0.0,0.0,0.0,0.6841201716738197,E1 전체 기간,공정 값 23 + pair_pos + 파생 전체,부스팅
CatBoost,13,0.015174831147127926,0.03397005810254888,0.2,0.2,0.2,0.044444444444444446,0.2,0.025,0.5731601731601732,E1 전체 기간,공정 값 23 + pair_pos + 파생 전체,부스팅
CatBoost,14,0.0051631479562412996,0.06419436608115853,0.2,0.6,0.6,0.06896551724137931,0.6,0.036585365853658534,0.7359307359307359,E1 전체 기간,공정 값 23 + pair_pos + 파생 전체,부스팅
CatBoost,15,0.02477714169139417,0.03817123018382892,0.2,0.2,0.6,0.041666666666666664,0.2,0.023255813953488372,0.5913419913419914,E1 전체 기간,공정 값 23 + pair_pos + 파생 전체,부스팅
CatBoost,16,0.043435436002238356,0.030814464720006034,0.0,0.0,0.2,0.0,0.0,0.0,0.6103896103896105,E1 전체 기간,공정 값 23 + pair_pos + 파생 전체,부스팅
CatBoost,17,0.0032855409503293577,0.09507559471991757,0.4,0.4,0.6,0.07207207207207207,0.8,0.03773584905660377,0.7527896995708154,E1 전체 기간,공정 값 23 + pair_pos + 파생 전체,부스팅
CatBoost,18,0.0018305077656108391,0.044003527336860665,0.0,0.4,0.6,0.06896551724137931,0.8,0.036036036036036036,0.7194805194805195,E1 전체 기간,공정 값 23 + pair_pos + 파생 전체,부스팅
CatBoost,19,0.0020993629037700857,0.048619398619398624,0.2,0.4,0.8,0.08130081300813008,1.0,0.0423728813559322,0.7437229437229438,E1 전체 기간,공정 값 23 + pair_pos + 파생 전체,부스팅
CatBoost,20,0.03476877592250323,0.038624656454558856,0.0,0.2,0.6,0.0,0.0,0.0,0.683982683982684,E1 전체 기간,공정 값 23 + pair_pos + 파생 전체,부스팅
CatBoost,21,0.031140510168530762,0.043019313143810516,0.2,0.4,0.6,0.05714285714285714,0.2,0.03333333333333333,0.6597402597402597,E1 전체 기간,공정 값 23 + pair_pos + 파생 전체,부스팅
CatBoost,22,0.004539820527139491,0.04545554413442552,0.2,0.2,0.6,0.08247422680412371,0.8,0.043478260869565216,0.7244635193133048,E1 전체 기간,공정 값 23 + pair_pos + 파생 전체,부스팅
CatBoost,23,0.002303157568635731,0.058748255508552276,0.4,0.4,0.6,0.05660377358490566,0.6,0.0297029702970297,0.6943722943722944,E1 전체 기간,공정 값 23 + pair_pos + 파생 전체,부스팅
CatBoost,24,0.05001864133210686,0.026832950152501832,0.0,0.2,0.2,0.047619047619047616,0.2,0.02702702702702703,0.5264069264069264,E1 전체 기간,공정 값 23 + pair_pos + 파생 전체,부스팅
CatBoost,25,0.0515291508059125,0.0358974782058686,0.2,0.2,0.4,0.08333333333333333,0.2,0.05263157894736842,0.5956709956709957,E1 전체 기간,공정 값 23 + pair_pos + 파생 전체,부스팅
CatBoost,26,0.2821642891198887,0.05050549475767196,0.2,0.4,0.6,0.0,0.0,0.0,0.7004329004329004,E1 전체 기간,공정 값 23 + pair_pos + 파생 전체,부스팅
CatBoost,27,0.004790527022877169,0.06866487756296707,0.2,0.4,0.4,0.07920792079207921,0.8,0.041666666666666664,0.7313304721030043,E1 전체 기간,공정 값 23 + pair_pos + 파생 전체,부스팅
CatBoost,28,0.12095960242372077,0.2320441664506974,0.2,0.2,0.6,0.125,0.2,0.09090909090909091,0.696969696969697,E1 전체 기간,공정 값 23 + pair_pos + 파생 전체,부스팅
CatBoost,29,0.1554202861292445,0.05365207305614282,0.2,0.4,0.6,0.0,0.0,0.0,0.7636363636363637,E1 전체 기간,공정 값 23 + pair_pos + 파생 전체,부스팅
CatBoost,30,0.0009915972815444907,0.0738132308341037,0.4,0.4,1.0,0.07518796992481203,1.0,0.0390625,0.8277056277056277,E1 전체 기간,공정 값 23 + pair_pos + 파생 전체,부스팅
CatBoost,31,0.02761939202468102,0.03158755732770778,0.0,0.2,0.4,0.03636363636363636,0.2,0.02,0.606926406926407,E1 전체 기간,공정 값 23 + pair_pos + 파생 전체,부스팅
CatBoost,32,0.008478013107488374,0.06567044208987943,0.2,0.4,0.6,0.07792207792207792,0.6,0.041666666666666664,0.7407725321888412,E1 전체 기간,공정 값 23 + pair_pos + 파생 전체,부스팅
CatBoost,33,0.024645197061531503,0.03502439617359946,0.0,0.2,0.4,0.047619047619047616,0.2,0.02702702702702703,0.638961038961039,E1 전체 기간,공정 값 23 + pair_pos + 파생 전체,부스팅
CatBoost,34,0.024222205410444363,0.03648733638901988,0.2,0.2,0.2,0.06060606060606061,0.2,0.03571428571428571,0.5333333333333333,E1 전체 기간,공정 값 23 + pair_pos + 파생 전체,부스팅
CatBoost,35,0.03775855241162511,0.061325845226100975,0.2,0.4,0.6,0.06060606060606061,0.2,0.03571428571428571,0.6978354978354978,E1 전체 기간,공정 값 23 + pair_pos + 파생 전체,부스팅
CatBoost,36,0.01579721227596593,0.06282139996973757,0.4,0.4,0.6,0.06896551724137931,0.4,0.03773584905660377,0.7125541125541125,E1 전체 기간,공정 값 23 + pair_pos + 파생 전체,부스팅
CatBoost,37,0.23763579746520222,0.07484382102733944,0.2,0.2,0.8,0.0,0.0,0.0,0.7811158798283261,E1 전체 기간,공정 값 23 + pair_pos + 파생 전체,부스팅
CatBoost,38,0.0333635242572188,0.04899055066797002,0.0,0.4,0.6,0.07407407407407407,0.4,0.04081632653061224,0.7523809523809524,E1 전체 기간,공정 값 23 + pair_pos + 파생 전체,부스팅
CatBoost,39,0.019815800042076392,0.02133660681872114,0.0,0.0,0.0,0.0,0.0,0.0,0.4406926406926407,E1 전체 기간,공정 값 23 + pair_pos + 파생 전체,부스팅
CatBoost,40,0.317190536561789,0.05280848169807382,0.2,0.2,0.2,0.0,0.0,0.0,0.6095238095238096,E1 전체 기간,공정 값 23 + pair_pos + 파생 전체,부스팅
CatBoost,41,0.016888146062050326,0.08467939081791075,0.2,0.6,0.8,0.10909090909090909,0.6,0.06,0.7281385281385282,E1 전체 기간,공정 값 23 + pair_pos + 파생 전체,부스팅
CatBoost,42,0.022275208428444247,0.1038895824663615,0.4,0.6,0.6,0.14285714285714285,0.6,0.08108108108108109,0.6815450643776824,E1 전체 기간,공정 값 23 + pair_pos + 파생 전체,부스팅
CatBoost,43,0.0052288456676443905,0.03204225348696368,0.0,0.2,0.4,0.0547945205479452,0.4,0.029411764705882353,0.6294372294372295,E1 전체 기간,공정 값 23 + pair_pos + 파생 전체,부스팅
CatBoost,44,0.009239502998874995,0.08065618591934381,0.4,0.4,0.6,0.08,0.6,0.04285714285714286,0.7766233766233765,E1 전체 기간,공정 값 23 + pair_pos + 파생 전체,부스팅
CatBoost,45,0.013993925240778105,0.046948733838568575,0.0,0.4,0.6,0.08955223880597014,0.6,0.04838709677419355,0.7367965367965368,E1 전체 기간,공정 값 23 + pair_pos + 파생 전체,부스팅
CatBoost,46,0.0030830601011831394,0.030870988174603684,0.0,0.2,0.2,0.05825242718446602,0.6,0.030612244897959183,0.6138528138528139,E1 전체 기간,공정 값 23 + pair_pos + 파생 전체,부스팅
CatBoost,47,0.038016197391252664,0.2322492182936467,0.2,0.4,0.4,0.0625,0.2,0.037037037037037035,0.7150214592274677,E1 전체 기간,공정 값 23 + pair_pos + 파생 전체,부스팅
CatBoost,48,0.04699012182824757,0.05330800541907353,0.4,0.4,0.6,0.1,0.4,0.05714285714285714,0.6813852813852814,E1 전체 기간,공정 값 23 + pair_pos + 파생 전체,부스팅
CatBoost,49,0.014484267417189703,0.054682876331868906,0.2,0.4,0.4,0.06557377049180328,0.4,0.03571428571428571,0.722943722943723,E1 전체 기간,공정 값 23 + pair_pos + 파생 전체,부스팅
