model,fold,threshold,PR-AUC,Recall@10%,Recall@20%,Recall@30%,F1,Recall,Precision,ROC-AUC,eval,features,family,error
[기준] 무작위,0,0.9460270628173303,0.06920072247579459,0.2,0.4,0.6,0.16666666666666666,0.2,0.14285714285714285,0.6112554112554113,E1 전체 기간,-,기준선,
[기준] 쌍 순서 규칙,0,1.0,0.03202760437573434,0.0,0.0,0.2,0.08130081300813008,1.0,0.0423728813559322,0.6285714285714287,E1 전체 기간,-,기준선,
[기준] 샷 순서,0,-205.0,0.026005547624210507,0.0,0.2,0.4,0.0449438202247191,0.4,0.023809523809523808,0.4701298701298701,E1 전체 기간,-,기준선,
[기준] 무작위,1,0.7336728840899482,0.02076792135619637,0.0,0.0,0.0,0.0,0.0,0.0,0.41298701298701296,E1 전체 기간,-,기준선,
[기준] 쌍 순서 규칙,1,1.0,0.16426579363352217,0.4,0.4,0.4,0.04878048780487805,0.6,0.025423728813559324,0.6251082251082252,E1 전체 기간,-,기준선,
[기준] 샷 순서,1,-173.0,0.01845954030405899,0.0,0.0,0.0,0.0,0.0,0.0,0.33766233766233766,E1 전체 기간,-,기준선,
[기준] 무작위,2,0.24851944189715403,0.030918214740618018,0.2,0.2,0.4,0.047337278106508875,0.8,0.024390243902439025,0.5133047210300429,E1 전체 기간,-,기준선,
[기준] 쌍 순서 규칙,2,1.0,0.07425001937533907,0.2,0.8,1.0,0.08064516129032258,1.0,0.04201680672268908,0.8437768240343347,E1 전체 기간,-,기준선,
[기준] 샷 순서,2,-205.0,0.027922963587416343,0.0,0.2,0.4,0.04597701149425287,0.4,0.024390243902439025,0.5278969957081545,E1 전체 기간,-,기준선,
[기준] 무작위,3,0.9862186152409016,0.024914223997554767,0.2,0.2,0.2,0.0,0.0,0.0,0.3090909090909091,E1 전체 기간,-,기준선,
[기준] 쌍 순서 규칙,3,1.0,0.15417184265010353,0.6,0.6,0.6,0.08130081300813008,1.0,0.0423728813559322,0.8069264069264069,E1 전체 기간,-,기준선,
[기준] 샷 순서,3,560.0,0.01669405505286065,0.0,0.0,0.0,0.0,0.0,0.0,0.270995670995671,E1 전체 기간,-,기준선,
[기준] 무작위,4,0.9117973806309597,0.021037028707452016,0.0,0.0,0.0,0.0,0.0,0.0,0.4233766233766234,E1 전체 기간,-,기준선,
[기준] 쌍 순서 규칙,4,1.0,0.11911650194669061,0.4,0.6,0.6,0.08130081300813008,1.0,0.0423728813559322,0.8043290043290043,E1 전체 기간,-,기준선,
[기준] 샷 순서,4,-231.0,0.031830950231205794,0.0,0.2,0.6,0.06060606060606061,0.6,0.031914893617021274,0.5619047619047619,E1 전체 기간,-,기준선,
[기준] 무작위,5,0.8657070171740358,0.03627472576173703,0.2,0.2,0.2,0.05128205128205128,0.2,0.029411764705882353,0.4692640692640693,E1 전체 기간,-,기준선,
[기준] 쌍 순서 규칙,5,1.0,0.0650204068049623,0.4,0.6,0.8,0.08130081300813008,1.0,0.0423728813559322,0.8008658008658008,E1 전체 기간,-,기준선,
[기준] 샷 순서,5,-161.0,0.01613654225379413,0.0,0.0,0.0,0.0,0.0,0.0,0.24761904761904766,E1 전체 기간,-,기준선,
[기준] 무작위,6,0.03898610972517569,0.017252777433538816,0.0,0.0,0.0,0.04291845493562232,1.0,0.021929824561403508,0.2995670995670996,E1 전체 기간,-,기준선,
[기준] 쌍 순서 규칙,6,1.0,0.08867812219227314,0.6,0.6,0.6,0.06504065040650407,0.8,0.03389830508474576,0.6883116883116884,E1 전체 기간,-,기준선,
[기준] 샷 순서,6,560.0,0.015800499424354818,0.0,0.0,0.0,0.0,0.0,0.0,0.21991341991341995,E1 전체 기간,-,기준선,
[기준] 무작위,7,0.9327163968763805,0.12283636750630983,0.2,0.4,0.4,0.10526315789473684,0.2,0.07142857142857142,0.5278969957081545,E1 전체 기간,-,기준선,
[기준] 쌍 순서 규칙,7,1.0,0.03728695197472943,0.0,0.2,0.2,0.08064516129032258,1.0,0.04201680672268908,0.672961373390558,E1 전체 기간,-,기준선,
[기준] 샷 순서,7,560.0,0.018658907900063495,0.0,0.0,0.2,0.0,0.0,0.0,0.35965665236051503,E1 전체 기간,-,기준선,
[기준] 무작위,8,0.7079475235254107,0.058274997839426156,0.2,0.2,0.4,0.06060606060606061,0.4,0.03278688524590164,0.7125541125541126,E1 전체 기간,-,기준선,
[기준] 쌍 순서 규칙,8,1.0,0.058896964191081834,0.2,0.4,0.4,0.08130081300813008,1.0,0.0423728813559322,0.7220779220779221,E1 전체 기간,-,기준선,
[기준] 샷 순서,8,-205.0,0.020051935031412456,0.0,0.0,0.2,0.024096385542168676,0.2,0.01282051282051282,0.3991341991341991,E1 전체 기간,-,기준선,
[기준] 무작위,9,0.9786700505017666,0.018458812302193005,0.0,0.0,0.0,0.0,0.0,0.0,0.3489177489177489,E1 전체 기간,-,기준선,
[기준] 쌍 순서 규칙,9,1.0,0.08055921166368928,0.2,0.6,0.6,0.06504065040650407,0.8,0.03389830508474576,0.7376623376623377,E1 전체 기간,-,기준선,
[기준] 샷 순서,9,-205.0,0.03173799674279061,0.0,0.2,0.4,0.0449438202247191,0.4,0.023809523809523808,0.5922077922077922,E1 전체 기간,-,기준선,
[기준] 무작위,10,0.6993677131805128,0.021543519700564683,0.0,0.0,0.0,0.0,0.0,0.0,0.43636363636363634,E1 전체 기간,-,기준선,
[기준] 쌍 순서 규칙,10,1.0,0.05425253322094586,0.2,0.2,0.2,0.06504065040650407,0.8,0.03389830508474576,0.6822510822510823,E1 전체 기간,-,기준선,
[기준] 샷 순서,10,-173.0,0.02358845752173329,0.0,0.0,0.2,0.0,0.0,0.0,0.4909090909090909,E1 전체 기간,-,기준선,
[기준] 무작위,11,0.9724101662405522,0.12111239637555427,0.2,0.2,0.2,0.25,0.2,0.3333333333333333,0.5376623376623377,E1 전체 기간,-,기준선,
[기준] 쌍 순서 규칙,11,1.0,0.0907311563154874,0.2,0.2,0.8,0.08130081300813008,1.0,0.0423728813559322,0.7670995670995672,E1 전체 기간,-,기준선,
[기준] 샷 순서,11,-205.0,0.03133657702418313,0.0,0.2,0.6,0.06060606060606061,0.6,0.031914893617021274,0.5445887445887446,E1 전체 기간,-,기준선,
[기준] 무작위,12,0.6773533749831646,0.03363713594127259,0.2,0.2,0.4,0.04878048780487805,0.4,0.025974025974025976,0.5793991416309012,E1 전체 기간,-,기준선,
[기준] 쌍 순서 규칙,12,1.0,0.07757759784075574,0.2,0.4,0.8,0.08064516129032258,1.0,0.04201680672268908,0.8188841201716738,E1 전체 기간,-,기준선,
[기준] 샷 순서,12,-155.0,0.02202682733423746,0.0,0.0,0.4,0.0,0.0,0.0,0.40858369098712444,E1 전체 기간,-,기준선,
[기준] 무작위,13,0.970126223609659,0.03924657080994201,0.2,0.2,0.2,0.0,0.0,0.0,0.49264069264069266,E1 전체 기간,-,기준선,
[기준] 쌍 순서 규칙,13,1.0,0.06927743765534965,0.4,0.6,0.6,0.06504065040650407,0.8,0.03389830508474576,0.7835497835497836,E1 전체 기간,-,기준선,
[기준] 샷 순서,13,560.0,0.016252467703900438,0.0,0.0,0.0,0.0,0.0,0.0,0.251948051948052,E1 전체 기간,-,기준선,
[기준] 무작위,14,0.27174825728354,0.02672173704431769,0.0,0.2,0.4,0.043478260869565216,0.8,0.0223463687150838,0.4623376623376624,E1 전체 기간,-,기준선,
[기준] 쌍 순서 규칙,14,1.0,0.046451214168825944,0.0,0.2,0.6,0.08130081300813008,1.0,0.0423728813559322,0.7489177489177489,E1 전체 기간,-,기준선,
[기준] 샷 순서,14,-205.0,0.02407662747787593,0.0,0.2,0.2,0.043010752688172046,0.4,0.022727272727272728,0.4692640692640693,E1 전체 기간,-,기준선,
[기준] 무작위,15,0.9709474133391497,0.0386856280973928,0.0,0.2,0.6,0.0,0.0,0.0,0.683982683982684,E1 전체 기간,-,기준선,
[기준] 쌍 순서 규칙,15,1.0,0.09991224319426628,0.6,0.6,0.8,0.08130081300813008,1.0,0.0423728813559322,0.8337662337662338,E1 전체 기간,-,기준선,
[기준] 샷 순서,15,560.0,0.01640905940220845,0.0,0.0,0.0,0.0,0.0,0.0,0.25974025974025977,E1 전체 기간,-,기준선,
[기준] 무작위,16,0.7577234870405377,0.01766392466528719,0.0,0.0,0.0,0.0,0.0,0.0,0.3212121212121212,E1 전체 기간,-,기준선,
[기준] 쌍 순서 규칙,16,1.0,0.034195488218930314,0.2,0.2,0.2,0.06504065040650407,0.8,0.03389830508474576,0.5688311688311689,E1 전체 기간,-,기준선,
[기준] 샷 순서,16,-173.0,0.027487201307007707,0.0,0.0,0.2,0.025974025974025976,0.2,0.013888888888888888,0.5428571428571429,E1 전체 기간,-,기준선,
[기준] 무작위,17,0.8831244949364413,0.03335776917127087,0.0,0.2,0.4,0.047619047619047616,0.2,0.02702702702702703,0.5957081545064378,E1 전체 기간,-,기준선,
[기준] 쌍 순서 규칙,17,1.0,0.0819591239451734,0.2,0.4,0.6,0.08064516129032258,1.0,0.04201680672268908,0.8008583690987124,E1 전체 기간,-,기준선,
[기준] 샷 순서,17,-205.0,0.020059530164152774,0.0,0.2,0.2,0.02247191011235955,0.2,0.011904761904761904,0.36309012875536484,E1 전체 기간,-,기준선,
[기준] 무작위,18,0.1558570130813327,0.04523515485391033,0.2,0.2,0.4,0.04830917874396135,1.0,0.024752475247524754,0.6242424242424243,E1 전체 기간,-,기준선,
[기준] 쌍 순서 규칙,18,1.0,0.15826206376561827,0.4,0.4,0.4,0.06504065040650407,0.8,0.03389830508474576,0.6415584415584417,E1 전체 기간,-,기준선,
[기준] 샷 순서,18,-205.0,0.019396056300081066,0.0,0.0,0.0,0.0,0.0,0.0,0.37662337662337664,E1 전체 기간,-,기준선,
[기준] 무작위,19,0.8593111185979744,0.024018497737874574,0.0,0.2,0.2,0.05714285714285714,0.2,0.03333333333333333,0.41645021645021646,E1 전체 기간,-,기준선,
[기준] 쌍 순서 규칙,19,1.0,0.0527559677069481,0.2,0.4,0.6,0.08130081300813008,1.0,0.0423728813559322,0.7610389610389611,E1 전체 기간,-,기준선,
[기준] 샷 순서,19,-486.0,0.03921822568419148,0.0,0.4,0.6,0.03940886699507389,0.8,0.020202020202020204,0.6303030303030304,E1 전체 기간,-,기준선,
[기준] 무작위,20,0.4731479457652856,0.021636283201500593,0.0,0.2,0.2,0.015503875968992248,0.2,0.008064516129032258,0.2987012987012987,E1 전체 기간,-,기준선,
[기준] 쌍 순서 규칙,20,1.0,0.0603418225527759,0.0,0.6,0.8,0.08130081300813008,1.0,0.0423728813559322,0.7818181818181817,E1 전체 기간,-,기준선,
[기준] 샷 순서,20,-231.0,0.02719633136609298,0.0,0.0,0.2,0.046511627906976744,0.6,0.024193548387096774,0.5367965367965368,E1 전체 기간,-,기준선,
[기준] 무작위,21,0.9640033528477151,0.03555558894677737,0.2,0.2,0.2,0.125,0.2,0.09090909090909091,0.45108225108225114,E1 전체 기간,-,기준선,
[기준] 쌍 순서 규칙,21,1.0,0.06983178816781165,0.2,0.6,0.8,0.08130081300813008,1.0,0.0423728813559322,0.7956709956709956,E1 전체 기간,-,기준선,
[기준] 샷 순서,21,-205.0,0.027412088190531304,0.0,0.4,0.4,0.043010752688172046,0.4,0.022727272727272728,0.4666666666666667,E1 전체 기간,-,기준선,
[기준] 무작위,22,0.9168502019367646,0.0560019259606706,0.2,0.4,0.8,0.0,0.0,0.0,0.7871244635193133,E1 전체 기간,-,기준선,
[기준] 쌍 순서 규칙,22,1.0,0.05918244679831628,0.2,0.6,0.6,0.08064516129032258,1.0,0.04201680672268908,0.7905579399141631,E1 전체 기간,-,기준선,
[기준] 샷 순서,22,-173.0,0.038640894350571775,0.0,0.4,0.6,0.057971014492753624,0.4,0.03125,0.6412017167381974,E1 전체 기간,-,기준선,
[기준] 무작위,23,0.9914039701481674,0.02768211673384087,0.0,0.2,0.2,0.0,0.0,0.0,0.5506493506493506,E1 전체 기간,-,기준선,
[기준] 쌍 순서 규칙,23,1.0,0.05045956575957225,0.2,0.4,0.8,0.06504065040650407,0.8,0.03389830508474576,0.6857142857142857,E1 전체 기간,-,기준선,
[기준] 샷 순서,23,-161.0,0.030144017292470487,0.0,0.2,0.4,0.03636363636363636,0.2,0.02,0.5489177489177489,E1 전체 기간,-,기준선,
[기준] 무작위,24,0.07373187899997424,0.03040506060671223,0.0,0.2,0.4,0.045662100456621,1.0,0.02336448598130841,0.5826839826839827,E1 전체 기간,-,기준선,
[기준] 쌍 순서 규칙,24,1.0,0.05364540392769153,0.2,0.2,0.6,0.06504065040650407,0.8,0.03389830508474576,0.6484848484848486,E1 전체 기간,-,기준선,
[기준] 샷 순서,24,-173.0,0.022760641319886702,0.0,0.0,0.2,0.025974025974025976,0.2,0.013888888888888888,0.4597402597402598,E1 전체 기간,-,기준선,
[기준] 무작위,25,0.7393850856245608,0.03302915977346513,0.0,0.2,0.4,0.057971014492753624,0.4,0.03125,0.6268398268398269,E1 전체 기간,-,기준선,
[기준] 쌍 순서 규칙,25,1.0,0.05005189146365617,0.2,0.4,0.4,0.06504065040650407,0.8,0.03389830508474576,0.6935064935064935,E1 전체 기간,-,기준선,
[기준] 샷 순서,25,-205.0,0.034590884247575095,0.0,0.4,0.4,0.04597701149425287,0.4,0.024390243902439025,0.5922077922077922,E1 전체 기간,-,기준선,
[기준] 무작위,26,0.9907713912887152,0.2542601835487971,0.4,0.6,0.6,0.25,0.2,0.3333333333333333,0.7246753246753246,E1 전체 기간,-,기준선,
[기준] 쌍 순서 규칙,26,1.0,0.04558982336663399,0.4,0.4,0.4,0.06504065040650407,0.8,0.03389830508474576,0.6207792207792208,E1 전체 기간,-,기준선,
[기준] 샷 순서,26,560.0,0.017011024832898708,0.0,0.0,0.0,0.0,0.0,0.0,0.2865800865800866,E1 전체 기간,-,기준선,
[기준] 무작위,27,0.9599184278665827,0.02307114548513251,0.0,0.0,0.0,0.0,0.0,0.0,0.46866952789699573,E1 전체 기간,-,기준선,
[기준] 쌍 순서 규칙,27,1.0,0.040930128527612804,0.0,0.2,0.4,0.08064516129032258,1.0,0.04201680672268908,0.7167381974248928,E1 전체 기간,-,기준선,
[기준] 샷 순서,27,-231.0,0.03692920365091044,0.0,0.4,0.6,0.06060606060606061,0.6,0.031914893617021274,0.601716738197425,E1 전체 기간,-,기준선,
[기준] 무작위,28,0.9850918656677436,0.0519107889843923,0.2,0.2,0.2,0.0,0.0,0.0,0.5800865800865801,E1 전체 기간,-,기준선,
[기준] 쌍 순서 규칙,28,1.0,0.07818100598588404,0.4,0.6,0.6,0.08130081300813008,1.0,0.0423728813559322,0.7974025974025973,E1 전체 기간,-,기준선,
[기준] 샷 순서,28,-205.0,0.017850211996233926,0.0,0.0,0.2,0.024691358024691357,0.2,0.013157894736842105,0.30822510822510824,E1 전체 기간,-,기준선,
[기준] 무작위,29,0.18900728371360698,0.019736219097888124,0.0,0.0,0.0,0.03,0.6,0.015384615384615385,0.3731601731601732,E1 전체 기간,-,기준선,
[기준] 쌍 순서 규칙,29,1.0,0.05509903525996756,0.2,0.4,0.8,0.08130081300813008,1.0,0.0423728813559322,0.767965367965368,E1 전체 기간,-,기준선,
[기준] 샷 순서,29,-205.0,0.021753471710436817,0.0,0.0,0.4,0.039603960396039604,0.4,0.020833333333333332,0.4233766233766234,E1 전체 기간,-,기준선,
[기준] 무작위,30,0.6190451843306092,0.07915100981026457,0.2,0.2,0.6,0.07317073170731707,0.6,0.03896103896103896,0.6727272727272727,E1 전체 기간,-,기준선,
[기준] 쌍 순서 규칙,30,1.0,0.05656450469170006,0.2,0.6,0.8,0.08130081300813008,1.0,0.0423728813559322,0.7835497835497836,E1 전체 기간,-,기준선,
[기준] 샷 순서,30,-231.0,0.034735321312991216,0.0,0.2,0.6,0.0761904761904762,0.8,0.04,0.6138528138528139,E1 전체 기간,-,기준선,
[기준] 무작위,31,0.7152113791792961,0.024524137459806746,0.0,0.0,0.2,0.03076923076923077,0.2,0.016666666666666666,0.5012987012987012,E1 전체 기간,-,기준선,
[기준] 쌍 순서 규칙,31,1.0,0.033559812629420115,0.0,0.2,0.6,0.06504065040650407,0.8,0.03389830508474576,0.6121212121212121,E1 전체 기간,-,기준선,
[기준] 샷 순서,31,-173.0,0.034465321494742567,0.0,0.2,0.4,0.05970149253731343,0.4,0.03225806451612903,0.6329004329004329,E1 전체 기간,-,기준선,
[기준] 무작위,32,0.01459393860910696,0.029719789467277928,0.0,0.2,0.4,0.04184100418410042,1.0,0.021367521367521368,0.5605150214592275,E1 전체 기간,-,기준선,
[기준] 쌍 순서 규칙,32,1.0,0.030805770337107116,0.0,0.2,0.2,0.06451612903225806,0.8,0.03361344537815126,0.6094420600858369,E1 전체 기간,-,기준선,
[기준] 샷 순서,32,-205.0,0.022056022141687476,0.0,0.0,0.0,0.019801980198019802,0.2,0.010416666666666666,0.4532188841201717,E1 전체 기간,-,기준선,
[기준] 무작위,33,0.41988230475542,0.035984522401248276,0.2,0.2,0.4,0.05714285714285714,0.8,0.02962962962962963,0.5835497835497836,E1 전체 기간,-,기준선,
[기준] 쌍 순서 규칙,33,1.0,0.03780160315961646,0.0,0.2,0.6,0.08130081300813008,1.0,0.0423728813559322,0.6839826839826839,E1 전체 기간,-,기준선,
[기준] 샷 순서,33,-205.0,0.019432805288199635,0.0,0.2,0.2,0.024096385542168676,0.2,0.01282051282051282,0.29783549783549784,E1 전체 기간,-,기준선,
[기준] 무작위,34,0.9434071205257778,0.03386570163703552,0.0,0.2,0.4,0.0,0.0,0.0,0.6181818181818182,E1 전체 기간,-,기준선,
[기준] 쌍 순서 규칙,34,1.0,0.04158154371504738,0.0,0.2,0.6,0.08130081300813008,1.0,0.0423728813559322,0.7142857142857143,E1 전체 기간,-,기준선,
[기준] 샷 순서,34,560.0,0.01863090973501664,0.0,0.0,0.0,0.0,0.0,0.0,0.35238095238095235,E1 전체 기간,-,기준선,
[기준] 무작위,35,0.9603157190787772,0.023208199469973077,0.0,0.2,0.2,0.0,0.0,0.0,0.43376623376623374,E1 전체 기간,-,기준선,
[기준] 쌍 순서 규칙,35,1.0,0.08093559846996932,0.2,0.4,0.4,0.06504065040650407,0.8,0.03389830508474576,0.6857142857142857,E1 전체 기간,-,기준선,
[기준] 샷 순서,35,-205.0,0.03218303465693487,0.0,0.2,0.4,0.05194805194805195,0.4,0.027777777777777776,0.61991341991342,E1 전체 기간,-,기준선,
[기준] 무작위,36,0.9367385508636794,0.014686122617757154,0.0,0.0,0.0,0.0,0.0,0.0,0.18008658008658007,E1 전체 기간,-,기준선,
[기준] 쌍 순서 규칙,36,1.0,0.05553284877140633,0.2,0.4,0.4,0.06504065040650407,0.8,0.03389830508474576,0.6432900432900434,E1 전체 기간,-,기준선,
[기준] 샷 순서,36,-173.0,0.028072971591090658,0.0,0.2,0.4,0.05333333333333334,0.4,0.02857142857142857,0.49523809523809526,E1 전체 기간,-,기준선,
[기준] 무작위,37,0.9370990976895225,0.01933234914584411,0.0,0.2,0.2,0.0,0.0,0.0,0.32789699570815456,E1 전체 기간,-,기준선,
[기준] 쌍 순서 규칙,37,1.0,0.23221778221778222,0.6,0.8,1.0,0.08064516129032258,1.0,0.04201680672268908,0.9064377682403434,E1 전체 기간,-,기준선,
[기준] 샷 순서,37,-205.0,0.022356425573534247,0.0,0.0,0.4,0.041237113402061855,0.4,0.021739130434782608,0.4377682403433476,E1 전체 기간,-,기준선,
[기준] 무작위,38,0.9369038228417845,0.02734817511816109,0.0,0.2,0.2,0.0,0.0,0.0,0.5393939393939394,E1 전체 기간,-,기준선,
[기준] 쌍 순서 규칙,38,1.0,0.04715570779663852,0.0,0.4,0.6,0.08130081300813008,1.0,0.0423728813559322,0.7272727272727273,E1 전체 기간,-,기준선,
[기준] 샷 순서,38,-173.0,0.033449679135355403,0.0,0.4,0.4,0.05194805194805195,0.4,0.027777777777777776,0.6103896103896105,E1 전체 기간,-,기준선,
[기준] 무작위,39,0.8276822211848412,0.04520044228087922,0.0,0.4,0.8,0.0,0.0,0.0,0.7056277056277056,E1 전체 기간,-,기준선,
[기준] 쌍 순서 규칙,39,1.0,0.2463613052901493,0.4,0.8,1.0,0.08130081300813008,1.0,0.0423728813559322,0.8727272727272728,E1 전체 기간,-,기준선,
[기준] 샷 순서,39,-205.0,0.02831779935602762,0.2,0.2,0.4,0.04597701149425287,0.4,0.024390243902439025,0.47186147186147187,E1 전체 기간,-,기준선,
[기준] 무작위,40,0.8881805638470583,0.017515621123868546,0.0,0.0,0.0,0.0,0.0,0.0,0.3151515151515152,E1 전체 기간,-,기준선,
[기준] 쌍 순서 규칙,40,1.0,0.03141528899081497,0.0,0.0,0.2,0.08130081300813008,1.0,0.0423728813559322,0.6216450216450217,E1 전체 기간,-,기준선,
[기준] 샷 순서,40,-173.0,0.023684177292498672,0.0,0.2,0.2,0.029850746268656716,0.2,0.016129032258064516,0.4398268398268399,E1 전체 기간,-,기준선,
[기준] 무작위,41,0.9631870495502834,0.042852779389323435,0.2,0.4,0.4,0.0,0.0,0.0,0.6441558441558441,E1 전체 기간,-,기준선,
[기준] 쌍 순서 규칙,41,1.0,0.03158952318934079,0.0,0.2,0.4,0.06504065040650407,0.8,0.03389830508474576,0.6017316017316018,E1 전체 기간,-,기준선,
[기준] 샷 순서,41,-173.0,0.026230488527445014,0.0,0.2,0.4,0.029850746268656716,0.2,0.016129032258064516,0.49350649350649356,E1 전체 기간,-,기준선,
[기준] 무작위,42,0.9928581837187576,0.042378356986101554,0.2,0.2,0.4,0.0,0.0,0.0,0.6454935622317597,E1 전체 기간,-,기준선,
[기준] 쌍 순서 규칙,42,1.0,0.02714576301381165,0.0,0.0,0.2,0.06451612903225806,0.8,0.03361344537815126,0.5605150214592275,E1 전체 기간,-,기준선,
[기준] 샷 순서,42,560.0,0.01778742488738145,0.0,0.0,0.0,0.0,0.0,0.0,0.33047210300429186,E1 전체 기간,-,기준선,
[기준] 무작위,43,0.8880069553097054,0.06849492218703733,0.2,0.8,0.8,0.05263157894736842,0.2,0.030303030303030304,0.8277056277056277,E1 전체 기간,-,기준선,
[기준] 쌍 순서 규칙,43,1.0,0.07618341803124412,0.2,0.4,0.6,0.08130081300813008,1.0,0.0423728813559322,0.7766233766233767,E1 전체 기간,-,기준선,
[기준] 샷 순서,43,-155.0,0.02323994797586347,0.0,0.0,0.4,0.0,0.0,0.0,0.44502164502164504,E1 전체 기간,-,기준선,
[기준] 무작위,44,0.909926349042522,0.02993226411831063,0.0,0.0,0.6,0.0,0.0,0.0,0.5497835497835498,E1 전체 기간,-,기준선,
[기준] 쌍 순서 규칙,44,1.0,0.05457194688087232,0.2,0.4,0.4,0.08130081300813008,1.0,0.0423728813559322,0.7047619047619048,E1 전체 기간,-,기준선,
[기준] 샷 순서,44,-205.0,0.03091820808590995,0.0,0.2,0.4,0.056074766355140186,0.6,0.029411764705882353,0.5688311688311688,E1 전체 기간,-,기준선,
[기준] 무작위,45,0.9128295141008868,0.08395488569401613,0.2,0.6,0.6,0.10526315789473684,0.2,0.07142857142857142,0.6173160173160173,E1 전체 기간,-,기준선,
[기준] 쌍 순서 규칙,45,1.0,0.07530539035211933,0.4,0.4,0.6,0.08130081300813008,1.0,0.0423728813559322,0.7835497835497836,E1 전체 기간,-,기준선,
[기준] 샷 순서,45,560.0,0.018662650186895974,0.0,0.0,0.0,0.0,0.0,0.0,0.35151515151515156,E1 전체 기간,-,기준선,
[기준] 무작위,46,0.7596302853600779,0.037195415870573956,0.2,0.2,0.2,0.034482758620689655,0.2,0.018867924528301886,0.3748917748917749,E1 전체 기간,-,기준선,
[기준] 쌍 순서 규칙,46,1.0,0.06314496147710688,0.4,0.6,0.6,0.06504065040650407,0.8,0.03389830508474576,0.7471861471861472,E1 전체 기간,-,기준선,
[기준] 샷 순서,46,-205.0,0.027806136373791944,0.0,0.2,0.4,0.0449438202247191,0.4,0.023809523809523808,0.5064935064935066,E1 전체 기간,-,기준선,
[기준] 무작위,47,0.9579570868610767,0.05745302605626492,0.2,0.4,0.6,0.09523809523809523,0.2,0.0625,0.5879828326180258,E1 전체 기간,-,기준선,
[기준] 쌍 순서 규칙,47,1.0,0.03397786404886487,0.0,0.2,0.4,0.08064516129032258,1.0,0.04201680672268908,0.6575107296137339,E1 전체 기간,-,기준선,
[기준] 샷 순서,47,-173.0,0.0239813811628072,0.0,0.2,0.2,0.028169014084507043,0.2,0.015151515151515152,0.44377682403433477,E1 전체 기간,-,기준선,
[기준] 무작위,48,0.9198763497518778,0.0168064554315407,0.0,0.0,0.0,0.0,0.0,0.0,0.2787878787878788,E1 전체 기간,-,기준선,
[기준] 쌍 순서 규칙,48,1.0,0.05254533419269426,0.2,0.2,0.2,0.06504065040650407,0.8,0.03389830508474576,0.612987012987013,E1 전체 기간,-,기준선,
[기준] 샷 순서,48,-173.0,0.026043329011917995,0.0,0.2,0.2,0.02666666666666667,0.2,0.014285714285714285,0.47619047619047616,E1 전체 기간,-,기준선,
[기준] 무작위,49,0.7651277383306492,0.263882642454071,0.4,0.4,0.4,0.06896551724137931,0.4,0.03773584905660377,0.5601731601731601,E1 전체 기간,-,기준선,
[기준] 쌍 순서 규칙,49,1.0,0.06801323787497421,0.2,0.6,0.8,0.08130081300813008,1.0,0.0423728813559322,0.8199134199134199,E1 전체 기간,-,기준선,
[기준] 샷 순서,49,-205.0,0.02758554852595312,0.0,0.2,0.4,0.05063291139240506,0.4,0.02702702702702703,0.5402597402597402,E1 전체 기간,-,기준선,
로지스틱 L2,0,0.5212062121532721,0.02686956984398349,0.0,0.2,0.2,0.025974025974025976,0.2,0.013888888888888888,0.4779220779220779,E1 전체 기간,공정 값 23,선형,
로지스틱 L2,1,0.01003593399855101,0.019835647451264454,0.0,0.0,0.2,0.04184100418410042,1.0,0.021367521367521368,0.38181818181818183,E1 전체 기간,공정 값 23,선형,
로지스틱 L2,2,0.7668848568242849,0.015620693212066838,0.0,0.0,0.0,0.0,0.0,0.0,0.23862660944206007,E1 전체 기간,공정 값 23,선형,
로지스틱 L2,3,0.024915527967042085,0.02909272109927982,0.0,0.2,0.4,0.04149377593360996,1.0,0.0211864406779661,0.5471861471861472,E1 전체 기간,공정 값 23,선형,
로지스틱 L2,4,0.7152663658414402,0.03576957685599298,0.0,0.2,0.4,0.0,0.0,0.0,0.6597402597402597,E1 전체 기간,공정 값 23,선형,
로지스틱 L2,5,0.011042686424269803,0.022643281651368787,0.0,0.0,0.2,0.04184100418410042,1.0,0.021367521367521368,0.4727272727272728,E1 전체 기간,공정 값 23,선형,
로지스틱 L2,6,0.1789190440040136,0.019951249667912542,0.0,0.0,0.0,0.04371584699453552,0.8,0.02247191011235955,0.38787878787878793,E1 전체 기간,공정 값 23,선형,
로지스틱 L2,7,0.00011783529854308652,0.035883142786127864,0.2,0.2,0.2,0.0411522633744856,1.0,0.02100840336134454,0.41373390557939915,E1 전체 기간,공정 값 23,선형,
로지스틱 L2,8,0.7992503615449943,0.027440584154165337,0.0,0.2,0.4,0.0,0.0,0.0,0.5246753246753246,E1 전체 기간,공정 값 23,선형,
로지스틱 L2,9,0.8056606756753751,0.017184074132577037,0.0,0.0,0.0,0.0,0.0,0.0,0.29783549783549784,E1 전체 기간,공정 값 23,선형,
로지스틱 L2,10,0.6726915599052307,0.03097717593774551,0.0,0.4,0.4,0.0,0.0,0.0,0.5541125541125541,E1 전체 기간,공정 값 23,선형,
로지스틱 L2,11,0.8756691131922316,0.05203997058678009,0.4,0.4,0.4,0.0,0.0,0.0,0.6303030303030304,E1 전체 기간,공정 값 23,선형,
로지스틱 L2,12,0.7252104075592817,0.023166658114847458,0.0,0.0,0.2,0.0,0.0,0.0,0.4798283261802575,E1 전체 기간,공정 값 23,선형,
로지스틱 L2,13,0.8394228545864035,0.017410340748365154,0.0,0.0,0.0,0.0,0.0,0.0,0.29610389610389615,E1 전체 기간,공정 값 23,선형,
로지스틱 L2,14,0.8666914924174832,0.019330889644589042,0.0,0.0,0.2,0.0,0.0,0.0,0.35844155844155845,E1 전체 기간,공정 값 23,선형,
로지스틱 L2,15,0.0009160110816648716,0.02917744841473655,0.0,0.2,0.4,0.04184100418410042,1.0,0.021367521367521368,0.5168831168831169,E1 전체 기간,공정 값 23,선형,
로지스틱 L2,16,0.002492286596842377,0.03751635896797187,0.0,0.4,0.6,0.04149377593360996,1.0,0.0211864406779661,0.6008658008658008,E1 전체 기간,공정 값 23,선형,
로지스틱 L2,17,0.6577069310915815,0.023392222076858753,0.0,0.2,0.2,0.044444444444444446,0.2,0.025,0.4240343347639485,E1 전체 기간,공정 값 23,선형,
로지스틱 L2,18,0.00031973172181154626,0.028231234562576896,0.0,0.0,0.4,0.04184100418410042,1.0,0.021367521367521368,0.5731601731601732,E1 전체 기간,공정 값 23,선형,
로지스틱 L2,19,0.7485144698701877,0.024866460806836556,0.2,0.2,0.2,0.0,0.0,0.0,0.4069264069264069,E1 전체 기간,공정 값 23,선형,
로지스틱 L2,20,0.006701460671695942,0.03079927751334937,0.0,0.2,0.4,0.04149377593360996,1.0,0.0211864406779661,0.5774891774891775,E1 전체 기간,공정 값 23,선형,
로지스틱 L2,21,0.9321396397342572,0.015712543919857935,0.0,0.0,0.0,0.0,0.0,0.0,0.22597402597402594,E1 전체 기간,공정 값 23,선형,
로지스틱 L2,22,0.4980165355085228,0.019988603782905047,0.0,0.0,0.2,0.031746031746031744,0.2,0.017241379310344827,0.3896995708154507,E1 전체 기간,공정 값 23,선형,
로지스틱 L2,23,0.013849635349793882,0.046438952094851556,0.0,0.4,0.6,0.04184100418410042,1.0,0.021367521367521368,0.7428571428571429,E1 전체 기간,공정 값 23,선형,
로지스틱 L2,24,0.01250806308002759,0.023808394809220798,0.0,0.2,0.2,0.04149377593360996,1.0,0.0211864406779661,0.41818181818181815,E1 전체 기간,공정 값 23,선형,
로지스틱 L2,25,0.5947093567661159,0.01894042202772338,0.0,0.0,0.0,0.0,0.0,0.0,0.3532467532467533,E1 전체 기간,공정 값 23,선형,
로지스틱 L2,26,0.6770921555273742,0.03048530859710045,0.0,0.2,0.4,0.04081632653061224,0.2,0.022727272727272728,0.5835497835497836,E1 전체 기간,공정 값 23,선형,
로지스틱 L2,27,0.9249684200667324,0.01625000246672121,0.0,0.0,0.0,0.0,0.0,0.0,0.26781115879828327,E1 전체 기간,공정 값 23,선형,
로지스틱 L2,28,0.002396874973915777,0.021182197484927015,0.0,0.0,0.2,0.04149377593360996,1.0,0.0211864406779661,0.4303030303030303,E1 전체 기간,공정 값 23,선형,
로지스틱 L2,29,0.9672080588431747,0.01611540682241456,0.0,0.0,0.0,0.0,0.0,0.0,0.2476190476190476,E1 전체 기간,공정 값 23,선형,
로지스틱 L2,30,0.8664106776788276,0.025725915924274336,0.0,0.2,0.4,0.0,0.0,0.0,0.4961038961038961,E1 전체 기간,공정 값 23,선형,
로지스틱 L2,31,0.044095826821685113,0.09024058753112328,0.2,0.2,0.4,0.04184100418410042,1.0,0.021367521367521368,0.5705627705627706,E1 전체 기간,공정 값 23,선형,
로지스틱 L2,32,0.014227331083967882,0.0393566816255262,0.2,0.2,0.4,0.0411522633744856,1.0,0.02100840336134454,0.6695278969957081,E1 전체 기간,공정 값 23,선형,
로지스틱 L2,33,0.2993006258051464,0.01740163754753722,0.0,0.0,0.0,0.025806451612903226,0.4,0.013333333333333334,0.31082251082251083,E1 전체 기간,공정 값 23,선형,
로지스틱 L2,34,0.20095426213079953,0.015396868509411982,0.0,0.0,0.0,0.012903225806451613,0.2,0.006666666666666667,0.21904761904761905,E1 전체 기간,공정 값 23,선형,
로지스틱 L2,35,0.8873113601253707,0.021295987563802996,0.0,0.0,0.2,0.0,0.0,0.0,0.4354978354978355,E1 전체 기간,공정 값 23,선형,
로지스틱 L2,36,0.0014988607093764151,0.03329250499498193,0.2,0.2,0.4,0.04149377593360996,1.0,0.0211864406779661,0.4822510822510823,E1 전체 기간,공정 값 23,선형,
로지스틱 L2,37,0.09242948111265267,0.01944381158630111,0.0,0.0,0.0,0.043668122270742356,1.0,0.022321428571428572,0.38626609442060084,E1 전체 기간,공정 값 23,선형,
로지스틱 L2,38,0.8633823606517851,0.015921497316949914,0.0,0.0,0.0,0.0,0.0,0.0,0.24155844155844156,E1 전체 기간,공정 값 23,선형,
로지스틱 L2,39,0.016928479209703782,0.017491332435848314,0.0,0.0,0.2,0.04329004329004329,1.0,0.022123893805309734,0.28051948051948056,E1 전체 기간,공정 값 23,선형,
로지스틱 L2,40,0.010125953660173785,0.028557813664959204,0.2,0.2,0.2,0.04149377593360996,1.0,0.0211864406779661,0.48658008658008656,E1 전체 기간,공정 값 23,선형,
로지스틱 L2,41,0.08325067801337577,0.037033647094904004,0.2,0.4,0.6,0.0365296803652968,0.8,0.018691588785046728,0.5393939393939393,E1 전체 기간,공정 값 23,선형,
로지스틱 L2,42,0.7153840094760713,0.02016029642434137,0.0,0.0,0.0,0.0,0.0,0.0,0.3785407725321888,E1 전체 기간,공정 값 23,선형,
로지스틱 L2,43,0.8464045146270397,0.024351029082023523,0.0,0.0,0.2,0.0,0.0,0.0,0.5073593073593073,E1 전체 기간,공정 값 23,선형,
로지스틱 L2,44,0.1571767699644379,0.024531438096873415,0.0,0.2,0.2,0.04608294930875576,1.0,0.02358490566037736,0.4943722943722944,E1 전체 기간,공정 값 23,선형,
로지스틱 L2,45,0.021117493746283553,0.021560387809911066,0.0,0.0,0.0,0.04149377593360996,1.0,0.0211864406779661,0.4181818181818182,E1 전체 기간,공정 값 23,선형,
로지스틱 L2,46,0.0006839404679951203,0.020351672128864344,0.0,0.0,0.2,0.04149377593360996,1.0,0.0211864406779661,0.4077922077922078,E1 전체 기간,공정 값 23,선형,
로지스틱 L2,47,0.00018178184018243174,0.028275467513087384,0.0,0.2,0.4,0.0411522633744856,1.0,0.02100840336134454,0.5236051502145923,E1 전체 기간,공정 값 23,선형,
로지스틱 L2,48,0.8873426629273307,0.024144170103115266,0.0,0.2,0.4,0.0,0.0,0.0,0.3939393939393939,E1 전체 기간,공정 값 23,선형,
로지스틱 L2,49,0.0003323536662927157,0.02536748502646936,0.0,0.0,0.2,0.04149377593360996,1.0,0.0211864406779661,0.5272727272727273,E1 전체 기간,공정 값 23,선형,
로지스틱 L1,0,0.4985094879533534,0.028099689351449256,0.0,0.2,0.4,0.047058823529411764,0.4,0.025,0.49696969696969695,E1 전체 기간,공정 값 23,선형,
로지스틱 L1,1,0.01973910156482,0.0195444026892123,0.0,0.0,0.2,0.04184100418410042,1.0,0.021367521367521368,0.37835497835497833,E1 전체 기간,공정 값 23,선형,
로지스틱 L1,2,0.695888699424124,0.01550096123128464,0.0,0.0,0.0,0.0,0.0,0.0,0.23175965665236054,E1 전체 기간,공정 값 23,선형,
로지스틱 L1,3,0.04294527727489508,0.02936087605887939,0.0,0.2,0.4,0.04149377593360996,1.0,0.0211864406779661,0.5645021645021645,E1 전체 기간,공정 값 23,선형,
로지스틱 L1,4,0.7024640009231945,0.03690991805951792,0.0,0.2,0.4,0.0,0.0,0.0,0.6597402597402597,E1 전체 기간,공정 값 23,선형,
로지스틱 L1,5,0.019268326733296825,0.021524285953913064,0.0,0.0,0.0,0.04184100418410042,1.0,0.021367521367521368,0.445021645021645,E1 전체 기간,공정 값 23,선형,
로지스틱 L1,6,0.20824369695143669,0.019380156538383014,0.0,0.0,0.0,0.04371584699453552,0.8,0.02247191011235955,0.3757575757575758,E1 전체 기간,공정 값 23,선형,
로지스틱 L1,7,0.00040940045422458685,0.04087977911634126,0.2,0.2,0.2,0.0411522633744856,1.0,0.02100840336134454,0.41545064377682406,E1 전체 기간,공정 값 23,선형,
로지스틱 L1,8,0.6551213977857557,0.026694898597337622,0.0,0.2,0.2,0.0,0.0,0.0,0.5194805194805194,E1 전체 기간,공정 값 23,선형,
로지스틱 L1,9,0.786021078724597,0.017007052032073044,0.0,0.0,0.0,0.0,0.0,0.0,0.29264069264069265,E1 전체 기간,공정 값 23,선형,
로지스틱 L1,10,0.9523209167956066,0.033902031314409345,0.0,0.4,0.4,0.0,0.0,0.0,0.5714285714285714,E1 전체 기간,공정 값 23,선형,
로지스틱 L1,11,0.8313284026709614,0.053437909302729555,0.4,0.4,0.4,0.0,0.0,0.0,0.6320346320346321,E1 전체 기간,공정 값 23,선형,
로지스틱 L1,12,0.6056303295740891,0.022064340973285166,0.0,0.0,0.0,0.0,0.0,0.0,0.4626609442060086,E1 전체 기간,공정 값 23,선형,
로지스틱 L1,13,0.8243449821327246,0.017675175957792867,0.0,0.0,0.2,0.0,0.0,0.0,0.3012987012987013,E1 전체 기간,공정 값 23,선형,
로지스틱 L1,14,0.833265482870398,0.020334451281137415,0.0,0.2,0.2,0.0,0.0,0.0,0.3722943722943723,E1 전체 기간,공정 값 23,선형,
로지스틱 L1,15,0.0023507923440010247,0.02800407893216119,0.0,0.2,0.4,0.04149377593360996,1.0,0.0211864406779661,0.49783549783549785,E1 전체 기간,공정 값 23,선형,
로지스틱 L1,16,0.007107427532850018,0.04197234723550512,0.2,0.4,0.6,0.04149377593360996,1.0,0.0211864406779661,0.5956709956709956,E1 전체 기간,공정 값 23,선형,
로지스틱 L1,17,0.6336508728602521,0.023403217407425583,0.0,0.2,0.2,0.0392156862745098,0.2,0.021739130434782608,0.43433476394849785,E1 전체 기간,공정 값 23,선형,
로지스틱 L1,18,0.0011378770281225377,0.029267171927532483,0.0,0.0,0.4,0.04149377593360996,1.0,0.0211864406779661,0.5852813852813853,E1 전체 기간,공정 값 23,선형,
로지스틱 L1,19,0.2414727804385471,0.029172997302660368,0.2,0.2,0.2,0.03389830508474576,0.6,0.01744186046511628,0.4017316017316017,E1 전체 기간,공정 값 23,선형,
로지스틱 L1,20,0.0062869752069959406,0.030795956033229543,0.0,0.2,0.4,0.04149377593360996,1.0,0.0211864406779661,0.554978354978355,E1 전체 기간,공정 값 23,선형,
로지스틱 L1,21,0.6263608736753408,0.015649030080690175,0.0,0.0,0.0,0.0,0.0,0.0,0.22597402597402594,E1 전체 기간,공정 값 23,선형,
로지스틱 L1,22,0.6251587023549813,0.02030441860145115,0.0,0.0,0.2,0.0,0.0,0.0,0.3896995708154507,E1 전체 기간,공정 값 23,선형,
로지스틱 L1,23,0.025819347917131516,0.04657119931086556,0.0,0.4,0.6,0.04184100418410042,1.0,0.021367521367521368,0.7497835497835498,E1 전체 기간,공정 값 23,선형,
로지스틱 L1,24,0.016054802739913516,0.02842444745535473,0.2,0.2,0.2,0.04149377593360996,1.0,0.0211864406779661,0.4303030303030303,E1 전체 기간,공정 값 23,선형,
로지스틱 L1,25,0.6679694746877687,0.018981150792802354,0.0,0.0,0.0,0.0,0.0,0.0,0.35497835497835495,E1 전체 기간,공정 값 23,선형,
로지스틱 L1,26,0.6973200768153032,0.03221264770445098,0.0,0.2,0.4,0.0,0.0,0.0,0.5956709956709957,E1 전체 기간,공정 값 23,선형,
로지스틱 L1,27,0.9020583070853639,0.016499849009240654,0.0,0.0,0.0,0.0,0.0,0.0,0.2763948497854077,E1 전체 기간,공정 값 23,선형,
로지스틱 L1,28,0.006855255783397056,0.021445924337817876,0.0,0.0,0.2,0.04149377593360996,1.0,0.0211864406779661,0.4337662337662338,E1 전체 기간,공정 값 23,선형,
로지스틱 L1,29,0.3214854413676671,0.016338779258298394,0.0,0.0,0.0,0.030534351145038167,0.4,0.015873015873015872,0.25627705627705627,E1 전체 기간,공정 값 23,선형,
로지스틱 L1,30,0.8410904412136284,0.02597548485818613,0.0,0.2,0.4,0.0,0.0,0.0,0.5012987012987014,E1 전체 기간,공정 값 23,선형,
로지스틱 L1,31,0.06709317367329401,0.06571859513035985,0.2,0.2,0.4,0.04219409282700422,1.0,0.021551724137931036,0.5930735930735931,E1 전체 기간,공정 값 23,선형,
로지스틱 L1,32,0.07227796299078147,0.039791287886662696,0.2,0.2,0.4,0.0411522633744856,1.0,0.02100840336134454,0.6798283261802576,E1 전체 기간,공정 값 23,선형,
로지스틱 L1,33,0.002694950473885702,0.017440831364529553,0.0,0.0,0.0,0.04149377593360996,1.0,0.0211864406779661,0.3125541125541126,E1 전체 기간,공정 값 23,선형,
로지스틱 L1,34,0.9297903170785633,0.015319204478642386,0.0,0.0,0.0,0.0,0.0,0.0,0.21731601731601732,E1 전체 기간,공정 값 23,선형,
로지스틱 L1,35,0.8607709839629324,0.0220418130470769,0.0,0.0,0.2,0.0,0.0,0.0,0.45800865800865803,E1 전체 기간,공정 값 23,선형,
로지스틱 L1,36,0.0026210818351079706,0.0401146764629496,0.2,0.4,0.4,0.04149377593360996,1.0,0.0211864406779661,0.4822510822510823,E1 전체 기간,공정 값 23,선형,
로지스틱 L1,37,0.11689965703155455,0.01929945529450944,0.0,0.0,0.0,0.043668122270742356,1.0,0.022321428571428572,0.3776824034334764,E1 전체 기간,공정 값 23,선형,
로지스틱 L1,38,0.8237666268309135,0.016177609237773147,0.0,0.0,0.0,0.0,0.0,0.0,0.25367965367965367,E1 전체 기간,공정 값 23,선형,
로지스틱 L1,39,0.034299032820715454,0.017256302536091943,0.0,0.0,0.2,0.03463203463203463,0.8,0.017699115044247787,0.27186147186147186,E1 전체 기간,공정 값 23,선형,
로지스틱 L1,40,0.062314304111543574,0.0292504098561382,0.2,0.2,0.2,0.04149377593360996,1.0,0.0211864406779661,0.47965367965367967,E1 전체 기간,공정 값 23,선형,
로지스틱 L1,41,0.11801500977223017,0.04028264385777339,0.0,0.6,0.6,0.037209302325581395,0.8,0.01904761904761905,0.5567099567099567,E1 전체 기간,공정 값 23,선형,
로지스틱 L1,42,0.8147585835131791,0.019459257845351685,0.0,0.0,0.0,0.0,0.0,0.0,0.37167381974248925,E1 전체 기간,공정 값 23,선형,
로지스틱 L1,43,0.8202728329994139,0.023913456453542405,0.0,0.0,0.2,0.0,0.0,0.0,0.49870129870129876,E1 전체 기간,공정 값 23,선형,
로지스틱 L1,44,0.18146547208714778,0.024677130221769743,0.0,0.2,0.2,0.045662100456621,1.0,0.02336448598130841,0.49783549783549785,E1 전체 기간,공정 값 23,선형,
로지스틱 L1,45,0.023356842065841446,0.022234472336581493,0.0,0.0,0.0,0.04149377593360996,1.0,0.0211864406779661,0.4337662337662338,E1 전체 기간,공정 값 23,선형,
로지스틱 L1,46,0.001655259458231243,0.02124993378680421,0.0,0.0,0.2,0.04149377593360996,1.0,0.0211864406779661,0.4199134199134199,E1 전체 기간,공정 값 23,선형,
로지스틱 L1,47,0.0009566708622231235,0.028404248254957794,0.0,0.2,0.4,0.0411522633744856,1.0,0.02100840336134454,0.5253218884120172,E1 전체 기간,공정 값 23,선형,
로지스틱 L1,48,0.842646479800862,0.026134308392372907,0.0,0.4,0.4,0.0,0.0,0.0,0.40606060606060607,E1 전체 기간,공정 값 23,선형,
로지스틱 L1,49,0.0008133065188858505,0.025492211206586707,0.0,0.0,0.2,0.04149377593360996,1.0,0.0211864406779661,0.529004329004329,E1 전체 기간,공정 값 23,선형,
로지스틱 ElasticNet,0,0.43471937122480686,0.02001700027527576,0.0,0.0,0.2,0.019801980198019802,0.2,0.010416666666666666,0.3948051948051948,E1 전체 기간,공정 값 23,선형,
로지스틱 ElasticNet,1,0.0014007108412311773,0.020383066020613495,0.0,0.0,0.2,0.04184100418410042,1.0,0.021367521367521368,0.3956709956709957,E1 전체 기간,공정 값 23,선형,
로지스틱 ElasticNet,2,0.8854787438279149,0.015490016748502427,0.0,0.0,0.0,0.0,0.0,0.0,0.22145922746781116,E1 전체 기간,공정 값 23,선형,
로지스틱 ElasticNet,3,0.9401799826331199,0.027796675767581703,0.0,0.2,0.4,0.0,0.0,0.0,0.5437229437229438,E1 전체 기간,공정 값 23,선형,
로지스틱 ElasticNet,4,0.6809013842027593,0.021592893040087033,0.0,0.0,0.0,0.0,0.0,0.0,0.4363636363636364,E1 전체 기간,공정 값 23,선형,
로지스틱 ElasticNet,5,0.00384618628724229,0.021042879990996785,0.0,0.0,0.0,0.04184100418410042,1.0,0.021367521367521368,0.4329004329004329,E1 전체 기간,공정 값 23,선형,
로지스틱 ElasticNet,6,0.04879854917548004,0.03377196286557669,0.0,0.4,0.6,0.037914691943127965,0.8,0.019417475728155338,0.5766233766233766,E1 전체 기간,공정 값 23,선형,
로지스틱 ElasticNet,7,4.759397763598105e-05,0.026718355207186285,0.0,0.2,0.4,0.0411522633744856,1.0,0.02100840336134454,0.4875536480686696,E1 전체 기간,공정 값 23,선형,
로지스틱 ElasticNet,8,0.8984996145275473,0.02795155725242619,0.0,0.2,0.4,0.0,0.0,0.0,0.5142857142857142,E1 전체 기간,공정 값 23,선형,
로지스틱 ElasticNet,9,0.7245819654216011,0.019042557210877206,0.0,0.0,0.0,0.0,0.0,0.0,0.3567099567099567,E1 전체 기간,공정 값 23,선형,
로지스틱 ElasticNet,10,0.880935516662338,0.10640276775019002,0.4,0.6,0.6,0.3076923076923077,0.4,0.25,0.651082251082251,E1 전체 기간,공정 값 23,선형,
로지스틱 ElasticNet,11,0.8304573829647678,0.03776956815114709,0.0,0.4,0.4,0.07547169811320754,0.4,0.041666666666666664,0.6354978354978356,E1 전체 기간,공정 값 23,선형,
로지스틱 ElasticNet,12,0.9919282281163665,0.018981746572601148,0.0,0.0,0.0,0.0,0.0,0.0,0.37167381974248925,E1 전체 기간,공정 값 23,선형,
로지스틱 ElasticNet,13,0.6004272747334971,0.019219505731133638,0.0,0.0,0.2,0.0,0.0,0.0,0.33073593073593077,E1 전체 기간,공정 값 23,선형,
로지스틱 ElasticNet,14,0.9674709620532683,0.021133501527839778,0.0,0.0,0.0,0.0,0.0,0.0,0.43463203463203465,E1 전체 기간,공정 값 23,선형,
로지스틱 ElasticNet,15,0.00039445729073588943,0.027721888221604516,0.0,0.2,0.4,0.04149377593360996,1.0,0.0211864406779661,0.49783549783549785,E1 전체 기간,공정 값 23,선형,
로지스틱 ElasticNet,16,0.9468890144926029,0.037637181801497784,0.2,0.4,0.4,0.0,0.0,0.0,0.6025974025974026,E1 전체 기간,공정 값 23,선형,
로지스틱 ElasticNet,17,0.46400830838657214,0.05418311686773227,0.2,0.2,0.2,0.032520325203252036,0.4,0.01694915254237288,0.5545064377682404,E1 전체 기간,공정 값 23,선형,
로지스틱 ElasticNet,18,0.9629922953848017,0.029033259734258896,0.0,0.0,0.4,0.0,0.0,0.0,0.5852813852813853,E1 전체 기간,공정 값 23,선형,
로지스틱 ElasticNet,19,0.008261123663481432,0.02318636553401654,0.0,0.0,0.2,0.0425531914893617,1.0,0.021739130434782608,0.4813852813852814,E1 전체 기간,공정 값 23,선형,
로지스틱 ElasticNet,20,0.001589973326983567,0.03220115947084121,0.2,0.2,0.4,0.04149377593360996,1.0,0.0211864406779661,0.5411255411255411,E1 전체 기간,공정 값 23,선형,
로지스틱 ElasticNet,21,0.9739756982686165,0.015549237915546051,0.0,0.0,0.0,0.0,0.0,0.0,0.2277056277056277,E1 전체 기간,공정 값 23,선형,
로지스틱 ElasticNet,22,0.4220384385319605,0.021441058251617257,0.0,0.2,0.2,0.02531645569620253,0.2,0.013513513513513514,0.41545064377682406,E1 전체 기간,공정 값 23,선형,
로지스틱 ElasticNet,23,0.924260815713833,0.04712670777197472,0.0,0.4,0.8,0.0,0.0,0.0,0.7532467532467532,E1 전체 기간,공정 값 23,선형,
로지스틱 ElasticNet,24,0.37428609545739394,0.023141051390704832,0.0,0.2,0.4,0.032,0.4,0.016666666666666666,0.4095238095238095,E1 전체 기간,공정 값 23,선형,
로지스틱 ElasticNet,25,0.9817575693451129,0.016945649281041072,0.0,0.0,0.0,0.0,0.0,0.0,0.2909090909090909,E1 전체 기간,공정 값 23,선형,
로지스틱 ElasticNet,26,0.001421167587320073,0.036281293568527606,0.0,0.4,0.4,0.04149377593360996,1.0,0.0211864406779661,0.6181818181818183,E1 전체 기간,공정 값 23,선형,
로지스틱 ElasticNet,27,0.0004646269069038605,0.01611754392326685,0.0,0.0,0.0,0.0411522633744856,1.0,0.02100840336134454,0.2592274678111588,E1 전체 기간,공정 값 23,선형,
로지스틱 ElasticNet,28,0.0004409934653548046,0.02187312247314957,0.0,0.0,0.0,0.04149377593360996,1.0,0.0211864406779661,0.4285714285714286,E1 전체 기간,공정 값 23,선형,
로지스틱 ElasticNet,29,0.9902338735272687,0.01531258974655318,0.0,0.0,0.0,0.0,0.0,0.0,0.21645021645021645,E1 전체 기간,공정 값 23,선형,
로지스틱 ElasticNet,30,0.021673552480448402,0.028096627218270123,0.2,0.2,0.4,0.04149377593360996,1.0,0.0211864406779661,0.43203463203463205,E1 전체 기간,공정 값 23,선형,
로지스틱 ElasticNet,31,0.9990049474250463,0.05839679528458092,0.4,0.4,0.4,0.0,0.0,0.0,0.6346320346320347,E1 전체 기간,공정 값 23,선형,
로지스틱 ElasticNet,32,0.07820116644596341,0.03764276659013501,0.0,0.2,0.4,0.0425531914893617,1.0,0.021739130434782608,0.6866952789699572,E1 전체 기간,공정 값 23,선형,
로지스틱 ElasticNet,33,0.0008642176073738765,0.0174005899158374,0.0,0.0,0.0,0.04149377593360996,1.0,0.0211864406779661,0.31082251082251083,E1 전체 기간,공정 값 23,선형,
로지스틱 ElasticNet,34,0.1255978418772058,0.01457473008874878,0.0,0.0,0.0,0.011834319526627219,0.2,0.006097560975609756,0.16883116883116883,E1 전체 기간,공정 값 23,선형,
로지스틱 ElasticNet,35,0.8007642312578943,0.03170583573232429,0.0,0.0,0.4,0.03508771929824561,0.2,0.019230769230769232,0.625974025974026,E1 전체 기간,공정 값 23,선형,
로지스틱 ElasticNet,36,0.9877475148987903,0.12520912042036242,0.2,0.4,0.4,0.0,0.0,0.0,0.5393939393939394,E1 전체 기간,공정 값 23,선형,
로지스틱 ElasticNet,37,0.05219922554786187,0.019286798839519986,0.0,0.0,0.0,0.04184100418410042,1.0,0.021367521367521368,0.3811158798283262,E1 전체 기간,공정 값 23,선형,
로지스틱 ElasticNet,38,0.8203263887434572,0.017383998387409238,0.0,0.0,0.0,0.0,0.0,0.0,0.3073593073593074,E1 전체 기간,공정 값 23,선형,
로지스틱 ElasticNet,39,0.029009846692750616,0.0172851382924298,0.0,0.0,0.2,0.03463203463203463,0.8,0.017699115044247787,0.2735930735930736,E1 전체 기간,공정 값 23,선형,
로지스틱 ElasticNet,40,0.8495493116471309,0.025090410905531893,0.0,0.2,0.2,0.0,0.0,0.0,0.4761904761904762,E1 전체 기간,공정 값 23,선형,
로지스틱 ElasticNet,41,0.9961093563148989,0.030813244138213982,0.2,0.2,0.4,0.0,0.0,0.0,0.4753246753246753,E1 전체 기간,공정 값 23,선형,
로지스틱 ElasticNet,42,0.8898933830891611,0.022425361789734866,0.0,0.2,0.2,0.0,0.0,0.0,0.41802575107296136,E1 전체 기간,공정 값 23,선형,
로지스틱 ElasticNet,43,0.9384356807857425,0.02379830392225404,0.0,0.2,0.2,0.0,0.0,0.0,0.48311688311688317,E1 전체 기간,공정 값 23,선형,
로지스틱 ElasticNet,44,0.9851987684286166,0.030424014390959507,0.2,0.2,0.2,0.0,0.0,0.0,0.44415584415584414,E1 전체 기간,공정 값 23,선형,
로지스틱 ElasticNet,45,0.7604560832368614,0.028156562627963833,0.0,0.2,0.4,0.0,0.0,0.0,0.5393939393939394,E1 전체 기간,공정 값 23,선형,
로지스틱 ElasticNet,46,0.0010496095807998056,0.027067160516987956,0.0,0.2,0.4,0.04184100418410042,1.0,0.021367521367521368,0.5064935064935066,E1 전체 기간,공정 값 23,선형,
로지스틱 ElasticNet,47,2.914729478725667e-05,0.025943886472442865,0.0,0.2,0.4,0.0411522633744856,1.0,0.02100840336134454,0.4858369098712446,E1 전체 기간,공정 값 23,선형,
로지스틱 ElasticNet,48,0.02729545882336514,0.025847027041018333,0.0,0.4,0.4,0.04184100418410042,1.0,0.021367521367521368,0.4043290043290043,E1 전체 기간,공정 값 23,선형,
로지스틱 ElasticNet,49,0.18516253919695128,0.03265078860986789,0.0,0.2,0.2,0.05405405405405406,1.0,0.027777777777777776,0.6207792207792208,E1 전체 기간,공정 값 23,선형,
LDA (shrinkage),0,0.01932496861297367,0.035768394993414665,0.2,0.2,0.2,0.038834951456310676,0.4,0.02040816326530612,0.5142857142857142,E1 전체 기간,공정 값 23,선형,
LDA (shrinkage),1,0.0032884886492124833,0.026785303469089236,0.0,0.4,0.4,0.04219409282700422,1.0,0.021551724137931036,0.4787878787878788,E1 전체 기간,공정 값 23,선형,
LDA (shrinkage),2,0.05769367584543249,0.015606011937408452,0.0,0.0,0.0,0.0,0.0,0.0,0.2386266094420601,E1 전체 기간,공정 값 23,선형,
LDA (shrinkage),3,0.0027310585653535385,0.030373713664942244,0.0,0.2,0.6,0.04219409282700422,1.0,0.021551724137931036,0.5627705627705628,E1 전체 기간,공정 값 23,선형,
LDA (shrinkage),4,0.03077496041492728,0.04129283899893631,0.2,0.2,0.2,0.046511627906976744,0.2,0.02631578947368421,0.593939393939394,E1 전체 기간,공정 값 23,선형,
LDA (shrinkage),5,0.000493282034301437,0.023653134610220644,0.0,0.0,0.0,0.04149377593360996,1.0,0.0211864406779661,0.49004329004329006,E1 전체 기간,공정 값 23,선형,
LDA (shrinkage),6,0.004536785340273481,0.021656414048415323,0.0,0.2,0.2,0.03619909502262444,0.8,0.018518518518518517,0.4086580086580086,E1 전체 기간,공정 값 23,선형,
LDA (shrinkage),7,0.07867019030229806,0.04808582055555421,0.2,0.2,0.2,0.15384615384615385,0.2,0.125,0.37253218884120176,E1 전체 기간,공정 값 23,선형,
LDA (shrinkage),8,0.02440774669218837,0.034687382806525745,0.0,0.2,0.6,0.08695652173913043,0.6,0.046875,0.5696969696969697,E1 전체 기간,공정 값 23,선형,
LDA (shrinkage),9,0.1123143730485521,0.02155547442906689,0.0,0.2,0.2,0.0,0.0,0.0,0.36883116883116884,E1 전체 기간,공정 값 23,선형,
LDA (shrinkage),10,0.0240338496636699,0.028056080093212206,0.0,0.2,0.4,0.05063291139240506,0.4,0.02702702702702703,0.5298701298701299,E1 전체 기간,공정 값 23,선형,
LDA (shrinkage),11,0.0694621774424462,0.06298884002458978,0.2,0.6,0.6,0.15384615384615385,0.2,0.125,0.6025974025974026,E1 전체 기간,공정 값 23,선형,
LDA (shrinkage),12,0.03491557637150144,0.0258502678862583,0.0,0.0,0.4,0.0,0.0,0.0,0.5021459227467812,E1 전체 기간,공정 값 23,선형,
LDA (shrinkage),13,0.09726516043988467,0.02208040030230788,0.0,0.2,0.2,0.0,0.0,0.0,0.3238095238095238,E1 전체 기간,공정 값 23,선형,
LDA (shrinkage),14,0.0854724370056565,0.025019899944525102,0.2,0.2,0.2,0.0,0.0,0.0,0.38441558441558443,E1 전체 기간,공정 값 23,선형,
LDA (shrinkage),15,0.006891567989676001,0.024154698158139032,0.0,0.2,0.2,0.04060913705583756,0.8,0.020833333333333332,0.4406926406926407,E1 전체 기간,공정 값 23,선형,
LDA (shrinkage),16,0.0018453298146000462,0.06397461468839334,0.2,0.6,0.6,0.04219409282700422,1.0,0.021551724137931036,0.612987012987013,E1 전체 기간,공정 값 23,선형,
LDA (shrinkage),17,0.04292504140972078,0.020384888235061627,0.0,0.0,0.2,0.0,0.0,0.0,0.3862660944206009,E1 전체 기간,공정 값 23,선형,
LDA (shrinkage),18,0.00019226853022470656,0.03574762579810979,0.2,0.2,0.4,0.04149377593360996,1.0,0.0211864406779661,0.587012987012987,E1 전체 기간,공정 값 23,선형,
LDA (shrinkage),19,0.05817413917298904,0.02662716667182992,0.2,0.2,0.2,0.0,0.0,0.0,0.4207792207792208,E1 전체 기간,공정 값 23,선형,
LDA (shrinkage),20,0.0009834571798586866,0.041037422439861464,0.2,0.4,0.4,0.04149377593360996,1.0,0.0211864406779661,0.5705627705627706,E1 전체 기간,공정 값 23,선형,
LDA (shrinkage),21,0.0783349831997155,0.01739026153074101,0.0,0.0,0.2,0.0,0.0,0.0,0.2935064935064935,E1 전체 기간,공정 값 23,선형,
LDA (shrinkage),22,0.3154830631877904,0.0174715017211863,0.0,0.0,0.2,0.0,0.0,0.0,0.3055793991416309,E1 전체 기간,공정 값 23,선형,
LDA (shrinkage),23,0.001407912874128957,0.06966576819407008,0.2,0.6,0.8,0.04149377593360996,1.0,0.0211864406779661,0.8242424242424242,E1 전체 기간,공정 값 23,선형,
LDA (shrinkage),24,0.0011645412860216567,0.044347711134110915,0.2,0.2,0.2,0.04149377593360996,1.0,0.0211864406779661,0.4822510822510823,E1 전체 기간,공정 값 23,선형,
LDA (shrinkage),25,0.0719267588517695,0.02403890622367442,0.2,0.2,0.2,0.0,0.0,0.0,0.34285714285714286,E1 전체 기간,공정 값 23,선형,
LDA (shrinkage),26,0.04324314536195774,0.0340521654302451,0.2,0.4,0.4,0.0,0.0,0.0,0.5662337662337662,E1 전체 기간,공정 값 23,선형,
LDA (shrinkage),27,0.05702456871826071,0.019292706004504844,0.0,0.0,0.2,0.0,0.0,0.0,0.3587982832618026,E1 전체 기간,공정 값 23,선형,
LDA (shrinkage),28,0.0016302600153259815,0.023022880493363623,0.0,0.0,0.2,0.04149377593360996,1.0,0.0211864406779661,0.4683982683982684,E1 전체 기간,공정 값 23,선형,
LDA (shrinkage),29,0.025373920158860714,0.015923309000032883,0.0,0.0,0.0,0.0,0.0,0.0,0.23896103896103899,E1 전체 기간,공정 값 23,선형,
LDA (shrinkage),30,0.03466597259611222,0.02083242832413629,0.0,0.0,0.2,0.0,0.0,0.0,0.40952380952380957,E1 전체 기간,공정 값 23,선형,
LDA (shrinkage),31,0.07572050179157391,0.04461393083994938,0.2,0.4,0.4,0.0,0.0,0.0,0.6190476190476191,E1 전체 기간,공정 값 23,선형,
LDA (shrinkage),32,0.0016684327813007848,0.057126491474918994,0.4,0.4,0.6,0.0411522633744856,1.0,0.02100840336134454,0.7347639484978541,E1 전체 기간,공정 값 23,선형,
LDA (shrinkage),33,0.0009786832684967061,0.020006863738835017,0.0,0.0,0.2,0.04149377593360996,1.0,0.0211864406779661,0.3939393939393939,E1 전체 기간,공정 값 23,선형,
LDA (shrinkage),34,0.1379266567244779,0.015830819190954193,0.0,0.0,0.0,0.0,0.0,0.0,0.225974025974026,E1 전체 기간,공정 값 23,선형,
LDA (shrinkage),35,0.025820259051873736,0.019955511383122904,0.0,0.0,0.0,0.0,0.0,0.0,0.3939393939393939,E1 전체 기간,공정 값 23,선형,
LDA (shrinkage),36,0.0005637922661046903,0.039196366698528225,0.2,0.2,0.4,0.04149377593360996,1.0,0.0211864406779661,0.44415584415584425,E1 전체 기간,공정 값 23,선형,
LDA (shrinkage),37,0.014876152455124284,0.021014219949900877,0.0,0.2,0.2,0.026845637583892617,0.4,0.013888888888888888,0.41545064377682406,E1 전체 기간,공정 값 23,선형,
LDA (shrinkage),38,0.03653838767206947,0.0163798312976577,0.0,0.0,0.0,0.0,0.0,0.0,0.2623376623376623,E1 전체 기간,공정 값 23,선형,
LDA (shrinkage),39,0.0008234630796038131,0.019179728646766214,0.0,0.0,0.2,0.04184100418410042,1.0,0.021367521367521368,0.3186147186147186,E1 전체 기간,공정 값 23,선형,
LDA (shrinkage),40,0.18094667096369163,0.03531040141357182,0.2,0.2,0.2,0.0,0.0,0.0,0.44502164502164504,E1 전체 기간,공정 값 23,선형,
LDA (shrinkage),41,0.002490312772905855,0.03324346345369973,0.0,0.2,0.6,0.034334763948497854,0.8,0.017543859649122806,0.5203463203463203,E1 전체 기간,공정 값 23,선형,
LDA (shrinkage),42,0.007884196991954992,0.025569429754778883,0.0,0.2,0.2,0.03208556149732621,0.6,0.016483516483516484,0.46094420600858366,E1 전체 기간,공정 값 23,선형,
LDA (shrinkage),43,0.028691579666078364,0.023783097925881187,0.0,0.0,0.2,0.0,0.0,0.0,0.48831168831168836,E1 전체 기간,공정 값 23,선형,
LDA (shrinkage),44,0.009970894946008032,0.0352045142402439,0.2,0.4,0.6,0.03592814371257485,0.6,0.018518518518518517,0.5220779220779221,E1 전체 기간,공정 값 23,선형,
LDA (shrinkage),45,0.06338245263154912,0.021971157754102077,0.0,0.0,0.2,0.0,0.0,0.0,0.4285714285714286,E1 전체 기간,공정 값 23,선형,
LDA (shrinkage),46,0.0006308601907686258,0.03073803656395819,0.2,0.2,0.2,0.04149377593360996,1.0,0.0211864406779661,0.4683982683982685,E1 전체 기간,공정 값 23,선형,
LDA (shrinkage),47,0.014641496585577,0.029219788840253804,0.0,0.2,0.4,0.04580152671755725,0.6,0.023809523809523808,0.5339055793991416,E1 전체 기간,공정 값 23,선형,
LDA (shrinkage),48,0.0028138669587646874,0.025113348783660127,0.0,0.4,0.4,0.0425531914893617,1.0,0.021739130434782608,0.4025974025974026,E1 전체 기간,공정 값 23,선형,
LDA (shrinkage),49,0.01529818276069732,0.02857362638032587,0.2,0.2,0.4,0.028368794326241134,0.4,0.014705882352941176,0.4857142857142857,E1 전체 기간,공정 값 23,선형,
나이브 베이즈,0,0.9299094289670568,0.03259452831087195,0.0,0.2,0.4,0.043668122270742356,1.0,0.022321428571428572,0.6060606060606061,E1 전체 기간,공정 값 23,확률,
나이브 베이즈,1,0.9999725074179056,0.020378421353665615,0.0,0.2,0.2,0.0,0.0,0.0,0.35584415584415585,E1 전체 기간,공정 값 23,확률,
나이브 베이즈,2,0.999825621168806,0.018177946485816956,0.0,0.0,0.2,0.0,0.0,0.0,0.3296137339055794,E1 전체 기간,공정 값 23,확률,
나이브 베이즈,3,0.9999088398579508,0.019584168341748302,0.0,0.0,0.0,0.0,0.0,0.0,0.37575757575757573,E1 전체 기간,공정 값 23,확률,
나이브 베이즈,4,0.9999239979978602,0.017884463367047923,0.0,0.0,0.0,0.0,0.0,0.0,0.32727272727272727,E1 전체 기간,공정 값 23,확률,
나이브 베이즈,5,0.11269245341098848,0.021622419285315376,0.0,0.2,0.2,0.034934497816593885,0.8,0.017857142857142856,0.36190476190476195,E1 전체 기간,공정 값 23,확률,
나이브 베이즈,6,0.732491576138805,0.017951876362462954,0.0,0.0,0.2,0.04329004329004329,1.0,0.022123893805309734,0.2943722943722944,E1 전체 기간,공정 값 23,확률,
나이브 베이즈,7,0.042665517966773356,0.02020185847292687,0.0,0.0,0.2,0.04184100418410042,1.0,0.021367521367521368,0.40858369098712444,E1 전체 기간,공정 값 23,확률,
나이브 베이즈,8,0.9995868213727467,0.028712123589440766,0.2,0.2,0.4,0.06060606060606061,0.2,0.03571428571428571,0.5021645021645023,E1 전체 기간,공정 값 23,확률,
나이브 베이즈,9,0.9994251024459653,0.025102646923041545,0.0,0.2,0.2,0.05063291139240506,0.4,0.02702702702702703,0.4484848484848485,E1 전체 기간,공정 값 23,확률,
나이브 베이즈,10,0.9981871686299368,0.02376280533718864,0.0,0.0,0.0,0.03669724770642202,0.4,0.019230769230769232,0.4935064935064935,E1 전체 기간,공정 값 23,확률,
나이브 베이즈,11,8.981832446045919e-09,0.01888636403590567,0.0,0.0,0.0,0.04184100418410042,1.0,0.021367521367521368,0.3428571428571429,E1 전체 기간,공정 값 23,확률,
나이브 베이즈,12,0.99929792145114,0.030427589139103917,0.0,0.4,0.4,0.056338028169014086,0.4,0.030303030303030304,0.49527896995708154,E1 전체 기간,공정 값 23,확률,
나이브 베이즈,13,0.9947107410190399,0.022501693580156606,0.0,0.0,0.0,0.04371584699453552,0.8,0.02247191011235955,0.4467532467532468,E1 전체 기간,공정 값 23,확률,
나이브 베이즈,14,0.9988036354238619,0.031678991309856123,0.0,0.2,0.6,0.061855670103092786,0.6,0.03260869565217391,0.5073593073593073,E1 전체 기간,공정 값 23,확률,
나이브 베이즈,15,0.9995236183201576,0.01840473682601198,0.0,0.0,0.0,0.0,0.0,0.0,0.3437229437229437,E1 전체 기간,공정 값 23,확률,
나이브 베이즈,16,0.9999710713888117,0.027290107718860326,0.0,0.2,0.2,0.0,0.0,0.0,0.5471861471861472,E1 전체 기간,공정 값 23,확률,
나이브 베이즈,17,0.9992907541421467,0.022512608164782077,0.0,0.2,0.4,0.04040404040404041,0.4,0.02127659574468085,0.41545064377682406,E1 전체 기간,공정 값 23,확률,
나이브 베이즈,18,0.9196150169264697,0.032609482542518636,0.0,0.4,0.4,0.04060913705583756,0.8,0.020833333333333332,0.49177489177489175,E1 전체 기간,공정 값 23,확률,
나이브 베이즈,19,0.0024983100777379173,0.02255786537217537,0.0,0.0,0.0,0.04329004329004329,1.0,0.022123893805309734,0.45194805194805193,E1 전체 기간,공정 값 23,확률,
나이브 베이즈,20,0.997264210290589,0.021246062647042922,0.0,0.0,0.0,0.040268456375838924,0.6,0.020833333333333332,0.438961038961039,E1 전체 기간,공정 값 23,확률,
나이브 베이즈,21,0.9999045224059843,0.023664884323953743,0.0,0.2,0.2,0.0,0.0,0.0,0.42164502164502166,E1 전체 기간,공정 값 23,확률,
나이브 베이즈,22,0.9891061965905328,0.022689286891990595,0.0,0.0,0.2,0.046511627906976744,1.0,0.023809523809523808,0.4772532188841202,E1 전체 기간,공정 값 23,확률,
나이브 베이즈,23,0.962679686168012,0.04711990540546851,0.2,0.4,0.6,0.043668122270742356,1.0,0.022321428571428572,0.6805194805194805,E1 전체 기간,공정 값 23,확률,
나이브 베이즈,24,0.9999981678018857,0.021492149095449397,0.0,0.2,0.2,0.0,0.0,0.0,0.34025974025974026,E1 전체 기간,공정 값 23,확률,
나이브 베이즈,25,0.9996561682527474,0.01967764131266887,0.0,0.0,0.2,0.0,0.0,0.0,0.38614718614718613,E1 전체 기간,공정 값 23,확률,
나이브 베이즈,26,0.9979840968672852,0.02105750300786027,0.0,0.0,0.0,0.032520325203252036,0.4,0.01694915254237288,0.4207792207792208,E1 전체 기간,공정 값 23,확률,
나이브 베이즈,27,9.375811185797157e-06,0.019164667378608266,0.0,0.0,0.0,0.04149377593360996,1.0,0.0211864406779661,0.37939914163090127,E1 전체 기간,공정 값 23,확률,
나이브 베이즈,28,0.9999674766978914,0.018045461330578657,0.0,0.0,0.0,0.0,0.0,0.0,0.3246753246753247,E1 전체 기간,공정 값 23,확률,
나이브 베이즈,29,0.9995952609983322,0.017722719559002745,0.0,0.0,0.0,0.0,0.0,0.0,0.2943722943722944,E1 전체 기간,공정 값 23,확률,
나이브 베이즈,30,0.9719961134916769,0.025484745195877966,0.0,0.2,0.2,0.044444444444444446,1.0,0.022727272727272728,0.4891774891774892,E1 전체 기간,공정 값 23,확률,
나이브 베이즈,31,0.01702204115033818,0.026901787463293407,0.0,0.0,0.2,0.0425531914893617,1.0,0.021739130434782608,0.554978354978355,E1 전체 기간,공정 값 23,확률,
나이브 베이즈,32,0.957564946957633,0.03536354773373898,0.2,0.2,0.4,0.04291845493562232,1.0,0.021929824561403508,0.5819742489270386,E1 전체 기간,공정 값 23,확률,
나이브 베이즈,33,0.999894710759387,0.01855642192223901,0.0,0.0,0.2,0.0,0.0,0.0,0.32987012987012987,E1 전체 기간,공정 값 23,확률,
나이브 베이즈,34,0.9998594821621937,0.032292277614858256,0.2,0.2,0.2,0.0,0.0,0.0,0.3922077922077922,E1 전체 기간,공정 값 23,확률,
나이브 베이즈,35,0.9998076875332368,0.018878426957882624,0.0,0.0,0.0,0.0,0.0,0.0,0.36623376623376624,E1 전체 기간,공정 값 23,확률,
나이브 베이즈,36,0.16874065387029044,0.025719393428167904,0.0,0.0,0.2,0.04184100418410042,1.0,0.021367521367521368,0.5186147186147185,E1 전체 기간,공정 값 23,확률,
나이브 베이즈,37,0.9986933170370276,0.03256695394310073,0.2,0.2,0.4,0.043795620437956206,0.6,0.022727272727272728,0.542489270386266,E1 전체 기간,공정 값 23,확률,
나이브 베이즈,38,0.9994638904181439,0.023813244272718716,0.0,0.0,0.2,0.0,0.0,0.0,0.5012987012987014,E1 전체 기간,공정 값 23,확률,
나이브 베이즈,39,0.9998643733569422,0.0167615934650345,0.0,0.0,0.0,0.0,0.0,0.0,0.283982683982684,E1 전체 기간,공정 값 23,확률,
나이브 베이즈,40,0.9904142599040997,0.023829321312520763,0.0,0.2,0.4,0.021621621621621623,0.4,0.011111111111111112,0.354978354978355,E1 전체 기간,공정 값 23,확률,
나이브 베이즈,41,0.9992129114479676,0.02153013740487908,0.0,0.0,0.0,0.0,0.0,0.0,0.43722943722943725,E1 전체 기간,공정 값 23,확률,
나이브 베이즈,42,0.006460945041247481,0.020896030178245012,0.0,0.0,0.0,0.04219409282700422,1.0,0.021551724137931036,0.423175965665236,E1 전체 기간,공정 값 23,확률,
나이브 베이즈,43,0.9983253847094886,0.032932013341849406,0.2,0.2,0.2,0.035398230088495575,0.4,0.018518518518518517,0.4917748917748918,E1 전체 기간,공정 값 23,확률,
나이브 베이즈,44,0.999674277117328,0.21716492777590504,0.2,0.2,0.2,0.06451612903225806,0.2,0.038461538461538464,0.4562770562770563,E1 전체 기간,공정 값 23,확률,
나이브 베이즈,45,0.057885934316967695,0.024160697798150724,0.0,0.0,0.2,0.04219409282700422,1.0,0.021551724137931036,0.5012987012987014,E1 전체 기간,공정 값 23,확률,
나이브 베이즈,46,1.1511628096379624e-05,0.019039903170744207,0.0,0.0,0.0,0.04184100418410042,1.0,0.021367521367521368,0.37142857142857144,E1 전체 기간,공정 값 23,확률,
나이브 베이즈,47,0.9999811550212889,0.022700653041210318,0.0,0.2,0.2,0.0,0.0,0.0,0.41030042918454934,E1 전체 기간,공정 값 23,확률,
나이브 베이즈,48,0.9998889518575871,0.016938663921438425,0.0,0.0,0.0,0.0,0.0,0.0,0.2779220779220779,E1 전체 기간,공정 값 23,확률,
나이브 베이즈,49,2.2861798273120353e-05,0.12053382994395803,0.2,0.2,0.4,0.04219409282700422,1.0,0.021551724137931036,0.5047619047619047,E1 전체 기간,공정 값 23,확률,
kNN (k=15),0,0.07008558108784634,0.01977920935571209,0.0,0.0,0.0,0.0,0.0,0.0,0.3956709956709957,E1 전체 기간,공정 값 23,거리,
kNN (k=15),1,0.06980229162717795,0.03762566957743709,0.2,0.4,0.4,0.05714285714285714,0.2,0.03333333333333333,0.5714285714285714,E1 전체 기간,공정 값 23,거리,
kNN (k=15),2,0.07083438906645523,0.025773173185355706,0.2,0.2,0.2,0.0,0.0,0.0,0.37253218884120165,E1 전체 기간,공정 값 23,거리,
kNN (k=15),3,0.05627144947441629,0.02113924791299093,0.0,0.0,0.0,0.0,0.0,0.0,0.432034632034632,E1 전체 기간,공정 값 23,거리,
kNN (k=15),4,0.1511157674542928,0.024056822136062247,0.0,0.2,0.2,0.0,0.0,0.0,0.4458874458874459,E1 전체 기간,공정 값 23,거리,
kNN (k=15),5,0.0,0.075325783584412,0.4,0.6,0.6,0.04149377593360996,1.0,0.0211864406779661,0.7844155844155843,E1 전체 기간,공정 값 23,거리,
kNN (k=15),6,0.08187946540748106,0.02837254023602334,0.2,0.2,0.2,0.0,0.0,0.0,0.4354978354978355,E1 전체 기간,공정 값 23,거리,
kNN (k=15),7,0.15497337825266336,0.027914787680314194,0.0,0.2,0.2,0.0,0.0,0.0,0.5278969957081545,E1 전체 기간,공정 값 23,거리,
kNN (k=15),8,0.07030940944461712,0.051088169857379004,0.2,0.4,0.6,0.09523809523809523,0.2,0.0625,0.7212121212121212,E1 전체 기간,공정 값 23,거리,
kNN (k=15),9,0.07775712027286952,0.021792571450266772,0.0,0.2,0.2,0.0,0.0,0.0,0.37662337662337664,E1 전체 기간,공정 값 23,거리,
kNN (k=15),10,0.07093387578028357,0.05572921969928385,0.2,0.2,0.4,0.07407407407407407,0.2,0.045454545454545456,0.696969696969697,E1 전체 기간,공정 값 23,거리,
kNN (k=15),11,0.08212711849226614,0.02575577044222503,0.2,0.2,0.2,0.0,0.0,0.0,0.4363636363636364,E1 전체 기간,공정 값 23,거리,
kNN (k=15),12,0.06790624545449098,0.03661691360704904,0.2,0.4,0.4,0.06060606060606061,0.2,0.03571428571428571,0.5150214592274678,E1 전체 기간,공정 값 23,거리,
kNN (k=15),13,0.0,0.02366877288342181,0.0,0.2,0.2,0.04149377593360996,1.0,0.0211864406779661,0.4692640692640693,E1 전체 기간,공정 값 23,거리,
kNN (k=15),14,0.05968429468971491,0.05111805751878534,0.2,0.2,0.2,0.03773584905660377,0.2,0.020833333333333332,0.5835497835497836,E1 전체 기간,공정 값 23,거리,
kNN (k=15),15,0.0,0.0259410611759892,0.0,0.2,0.2,0.04149377593360996,1.0,0.0211864406779661,0.509090909090909,E1 전체 기간,공정 값 23,거리,
kNN (k=15),16,0.0,0.0842025221155656,0.4,0.6,0.8,0.04149377593360996,1.0,0.0211864406779661,0.7774891774891775,E1 전체 기간,공정 값 23,거리,
kNN (k=15),17,0.12628847861782524,0.04493754874796422,0.2,0.4,0.4,0.0,0.0,0.0,0.6815450643776824,E1 전체 기간,공정 값 23,거리,
kNN (k=15),18,0.07957379903922156,0.031544285667802895,0.0,0.2,0.2,0.0,0.0,0.0,0.5705627705627706,E1 전체 기간,공정 값 23,거리,
kNN (k=15),19,0.07051694720197346,0.023748324458629115,0.0,0.2,0.2,0.0,0.0,0.0,0.4432900432900433,E1 전체 기간,공정 값 23,거리,
kNN (k=15),20,0.064532928258695,0.03414291483298708,0.2,0.4,0.4,0.06349206349206349,0.4,0.034482758620689655,0.46060606060606063,E1 전체 기간,공정 값 23,거리,
kNN (k=15),21,0.0608087104275447,0.03460269608183641,0.2,0.2,0.4,0.06349206349206349,0.4,0.034482758620689655,0.4493506493506494,E1 전체 기간,공정 값 23,거리,
kNN (k=15),22,0.0832144122289305,0.0273103152173309,0.0,0.4,0.4,0.0,0.0,0.0,0.4532188841201717,E1 전체 기간,공정 값 23,거리,
kNN (k=15),23,0.0,0.02920900832680408,0.2,0.2,0.2,0.04149377593360996,1.0,0.0211864406779661,0.5177489177489177,E1 전체 기간,공정 값 23,거리,
kNN (k=15),24,0.06920696222837038,0.03062532978643051,0.2,0.2,0.4,0.0425531914893617,0.2,0.023809523809523808,0.48831168831168825,E1 전체 기간,공정 값 23,거리,
kNN (k=15),25,0.06778656558690446,0.021326286726262397,0.0,0.0,0.0,0.0,0.0,0.0,0.43463203463203465,E1 전체 기간,공정 값 23,거리,
kNN (k=15),26,0.05630810886452381,0.021882042152553675,0.0,0.0,0.0,0.0,0.0,0.0,0.4554112554112554,E1 전체 기간,공정 값 23,거리,
kNN (k=15),27,0.0671751609263487,0.02424707754240569,0.0,0.2,0.2,0.0,0.0,0.0,0.43776824034334766,E1 전체 기간,공정 값 23,거리,
kNN (k=15),28,0.07077698945239498,0.01679996357418592,0.0,0.0,0.0,0.0,0.0,0.0,0.27792207792207796,E1 전체 기간,공정 값 23,거리,
kNN (k=15),29,0.06661542858341561,0.01513321743744633,0.0,0.0,0.0,0.0,0.0,0.0,0.20259740259740258,E1 전체 기간,공정 값 23,거리,
kNN (k=15),30,0.06450865732709872,0.03421191901784465,0.2,0.4,0.4,0.0425531914893617,0.2,0.023809523809523808,0.45714285714285713,E1 전체 기간,공정 값 23,거리,
kNN (k=15),31,0.14743547905953258,0.03442599273525512,0.2,0.2,0.2,0.0,0.0,0.0,0.5108225108225108,E1 전체 기간,공정 값 23,거리,
kNN (k=15),32,0.06840493025416589,0.02936600262620332,0.0,0.2,0.2,0.05714285714285714,0.2,0.03333333333333333,0.5545064377682404,E1 전체 기간,공정 값 23,거리,
kNN (k=15),33,0.0683435174813892,0.01854421712609708,0.0,0.0,0.2,0.0,0.0,0.0,0.3151515151515152,E1 전체 기간,공정 값 23,거리,
kNN (k=15),34,0.06883769720829887,0.024367261433500226,0.0,0.2,0.2,0.0,0.0,0.0,0.46839826839826837,E1 전체 기간,공정 값 23,거리,
kNN (k=15),35,0.06931341322823088,0.01834098238200312,0.0,0.0,0.0,0.0,0.0,0.0,0.34285714285714286,E1 전체 기간,공정 값 23,거리,
kNN (k=15),36,0.0746004588769555,0.044712513017728675,0.2,0.2,0.4,0.08695652173913043,0.2,0.05555555555555555,0.6008658008658009,E1 전체 기간,공정 값 23,거리,
kNN (k=15),37,0.0,0.020528622383612794,0.0,0.2,0.2,0.0411522633744856,1.0,0.02100840336134454,0.28068669527896994,E1 전체 기간,공정 값 23,거리,
kNN (k=15),38,0.13241970671683412,0.034453324453324455,0.0,0.4,0.6,0.0,0.0,0.0,0.5099567099567099,E1 전체 기간,공정 값 23,거리,
kNN (k=15),39,0.0667255056718065,0.025064978449816925,0.0,0.2,0.2,0.0,0.0,0.0,0.48225108225108226,E1 전체 기간,공정 값 23,거리,
kNN (k=15),40,0.0,0.05299833895485076,0.4,0.4,0.4,0.04149377593360996,1.0,0.0211864406779661,0.6086580086580087,E1 전체 기간,공정 값 23,거리,
kNN (k=15),41,0.0,0.061560966060280886,0.4,0.4,0.6,0.04149377593360996,1.0,0.0211864406779661,0.6632034632034632,E1 전체 기간,공정 값 23,거리,
kNN (k=15),42,0.06890004882594065,0.024361721876975283,0.0,0.2,0.4,0.0,0.0,0.0,0.41545064377682406,E1 전체 기간,공정 값 23,거리,
kNN (k=15),43,0.06970131582136806,0.03953543360664104,0.2,0.2,0.2,0.06896551724137931,0.2,0.041666666666666664,0.4476190476190477,E1 전체 기간,공정 값 23,거리,
kNN (k=15),44,0.0577863874780891,0.042551073103220344,0.2,0.4,0.4,0.038834951456310676,0.4,0.02040816326530612,0.5471861471861472,E1 전체 기간,공정 값 23,거리,
kNN (k=15),45,0.06703558470276598,0.021809169454129314,0.0,0.2,0.2,0.04878048780487805,0.2,0.027777777777777776,0.3835497835497836,E1 전체 기간,공정 값 23,거리,
kNN (k=15),46,0.06538867761070306,0.02707583112994402,0.0,0.2,0.2,0.044444444444444446,0.2,0.025,0.4857142857142857,E1 전체 기간,공정 값 23,거리,
kNN (k=15),47,0.0,0.04728033195877214,0.2,0.4,0.4,0.0411522633744856,1.0,0.02100840336134454,0.7055793991416309,E1 전체 기간,공정 값 23,거리,
kNN (k=15),48,0.0,0.02652160720815345,0.2,0.2,0.2,0.04149377593360996,1.0,0.0211864406779661,0.3246753246753247,E1 전체 기간,공정 값 23,거리,
kNN (k=15),49,0.06768623539545551,0.029822374578495077,0.2,0.2,0.2,0.05128205128205128,0.2,0.029411764705882353,0.5168831168831169,E1 전체 기간,공정 값 23,거리,
SVM 선형,0,-0.16467663202329386,0.03263089852107336,0.0,0.4,0.4,0.03305785123966942,0.4,0.017241379310344827,0.516017316017316,E1 전체 기간,공정 값 23,커널,
SVM 선형,1,-3.8608042472955044,0.02622326880087811,0.0,0.2,0.4,0.04184100418410042,1.0,0.021367521367521368,0.4891774891774892,E1 전체 기간,공정 값 23,커널,
SVM 선형,2,-0.22789686153027555,0.01648682074488526,0.0,0.0,0.0,0.0,0.0,0.0,0.2695278969957081,E1 전체 기간,공정 값 23,커널,
SVM 선형,3,-2.013390446968099,0.027049390731942773,0.0,0.0,0.2,0.04329004329004329,1.0,0.022123893805309734,0.5506493506493507,E1 전체 기간,공정 값 23,커널,
SVM 선형,4,-0.5070747004915783,0.024705741368772995,0.0,0.0,0.4,0.031007751937984496,0.4,0.016129032258064516,0.4865800865800866,E1 전체 기간,공정 값 23,커널,
SVM 선형,5,-2.8766112355630535,0.02114591017031962,0.0,0.0,0.0,0.04291845493562232,1.0,0.021929824561403508,0.43463203463203465,E1 전체 기간,공정 값 23,커널,
SVM 선형,6,0.18842624817837916,0.021395606929277663,0.0,0.0,0.2,0.021505376344086023,0.2,0.011363636363636364,0.4207792207792208,E1 전체 기간,공정 값 23,커널,
SVM 선형,7,-5.397928995135768,0.04115030696419867,0.2,0.2,0.2,0.0411522633744856,1.0,0.02100840336134454,0.4257510729613734,E1 전체 기간,공정 값 23,커널,
SVM 선형,8,1.3258600826780462,0.025910516751437792,0.0,0.0,0.2,0.0,0.0,0.0,0.5212121212121212,E1 전체 기간,공정 값 23,커널,
SVM 선형,9,1.5935658324172515,0.017571275023454486,0.0,0.0,0.0,0.0,0.0,0.0,0.3168831168831169,E1 전체 기간,공정 값 23,커널,
SVM 선형,10,1.07568968570567,0.03841706506054332,0.2,0.4,0.6,0.06451612903225806,0.2,0.038461538461538464,0.6095238095238096,E1 전체 기간,공정 값 23,커널,
SVM 선형,11,1.2772847510862713,0.053988865365012156,0.4,0.4,0.4,0.12903225806451613,0.4,0.07692307692307693,0.5922077922077923,E1 전체 기간,공정 값 23,커널,
SVM 선형,12,1.2344694625446802,0.021456221123447732,0.0,0.0,0.0,0.0,0.0,0.0,0.44206008583690987,E1 전체 기간,공정 값 23,커널,
SVM 선형,13,1.9039745684694378,0.017781675430056907,0.0,0.0,0.0,0.0,0.0,0.0,0.3168831168831169,E1 전체 기간,공정 값 23,커널,
SVM 선형,14,1.7021198251862906,0.0219588813538062,0.0,0.2,0.2,0.0,0.0,0.0,0.425974025974026,E1 전체 기간,공정 값 23,커널,
SVM 선형,15,-4.306378574126407,0.02368340776643241,0.0,0.2,0.2,0.04184100418410042,1.0,0.021367521367521368,0.4060606060606061,E1 전체 기간,공정 값 23,커널,
SVM 선형,16,-0.35412155421305724,0.04508502695431779,0.2,0.4,0.6,0.040268456375838924,0.6,0.020833333333333332,0.6406926406926408,E1 전체 기간,공정 값 23,커널,
SVM 선형,17,0.8994616263942338,0.026330653491011068,0.0,0.2,0.2,0.04878048780487805,0.2,0.027777777777777776,0.4858369098712446,E1 전체 기간,공정 값 23,커널,
SVM 선형,18,-5.8263075378178515,0.0291170012357937,0.0,0.0,0.2,0.04149377593360996,1.0,0.0211864406779661,0.587012987012987,E1 전체 기간,공정 값 23,커널,
SVM 선형,19,0.7668950800223887,0.020226529633216035,0.0,0.0,0.2,0.0,0.0,0.0,0.393073593073593,E1 전체 기간,공정 값 23,커널,
SVM 선형,20,-3.809701315161858,0.02473659373659374,0.0,0.2,0.2,0.04149377593360996,1.0,0.0211864406779661,0.4666666666666667,E1 전체 기간,공정 값 23,커널,
SVM 선형,21,2.3295794446943128,0.015957097479083467,0.0,0.0,0.0,0.0,0.0,0.0,0.23982683982683983,E1 전체 기간,공정 값 23,커널,
SVM 선형,22,2.346947124288097,0.019638589113817276,0.0,0.2,0.2,0.0,0.0,0.0,0.3622317596566524,E1 전체 기간,공정 값 23,커널,
SVM 선형,23,-2.995842002336171,0.046515280821127894,0.0,0.4,0.6,0.04184100418410042,1.0,0.021367521367521368,0.7376623376623377,E1 전체 기간,공정 값 23,커널,
SVM 선형,24,-2.4909704788098748,0.028206540470020115,0.0,0.2,0.4,0.04291845493562232,1.0,0.021929824561403508,0.48917748917748916,E1 전체 기간,공정 값 23,커널,
SVM 선형,25,0.22659326941102087,0.01875371590744617,0.0,0.0,0.0,0.02197802197802198,0.2,0.011627906976744186,0.34978354978354975,E1 전체 기간,공정 값 23,커널,
SVM 선형,26,0.7013894244606126,0.046026017111925964,0.2,0.2,0.4,0.028169014084507043,0.2,0.015151515151515152,0.612987012987013,E1 전체 기간,공정 값 23,커널,
SVM 선형,27,2.3373453378288827,0.01690025298101431,0.0,0.0,0.0,0.0,0.0,0.0,0.2952789699570816,E1 전체 기간,공정 값 23,커널,
SVM 선형,28,-5.098860091862288,0.021304809602317926,0.0,0.0,0.2,0.04149377593360996,1.0,0.0211864406779661,0.4199134199134199,E1 전체 기간,공정 값 23,커널,
SVM 선형,29,2.684425048259746,0.017558634708947262,0.0,0.0,0.0,0.0,0.0,0.0,0.3012987012987013,E1 전체 기간,공정 값 23,커널,
SVM 선형,30,1.51021761936498,0.024110073940316706,0.0,0.2,0.2,0.0,0.0,0.0,0.45281385281385284,E1 전체 기간,공정 값 23,커널,
SVM 선형,31,1.6222567643994643,0.04432622813129171,0.2,0.4,0.4,0.0,0.0,0.0,0.6051948051948053,E1 전체 기간,공정 값 23,커널,
SVM 선형,32,-3.302143993191687,0.03335235500752742,0.0,0.2,0.4,0.0411522633744856,1.0,0.02100840336134454,0.640343347639485,E1 전체 기간,공정 값 23,커널,
SVM 선형,33,-3.730288406182538,0.020562425965411038,0.0,0.0,0.2,0.04149377593360996,1.0,0.0211864406779661,0.4147186147186147,E1 전체 기간,공정 값 23,커널,
SVM 선형,34,-1.1576607329883908,0.01564873786063463,0.0,0.0,0.0,0.025157232704402517,0.4,0.012987012987012988,0.22770562770562774,E1 전체 기간,공정 값 23,커널,
SVM 선형,35,2.6060002185172984,0.02543428965789214,0.0,0.0,0.2,0.0,0.0,0.0,0.5238095238095238,E1 전체 기간,공정 값 23,커널,
SVM 선형,36,-4.298056171425969,0.048169944378664585,0.2,0.4,0.4,0.04149377593360996,1.0,0.0211864406779661,0.5186147186147185,E1 전체 기간,공정 값 23,커널,
SVM 선형,37,-1.9341420028287521,0.021474380050329415,0.0,0.0,0.0,0.044444444444444446,1.0,0.022727272727272728,0.4412017167381974,E1 전체 기간,공정 값 23,커널,
SVM 선형,38,-0.43693183363393884,0.018113276641494286,0.0,0.0,0.0,0.015503875968992248,0.2,0.008064516129032258,0.3385281385281385,E1 전체 기간,공정 값 23,커널,
SVM 선형,39,-2.3458107773771957,0.016921343996892844,0.0,0.0,0.0,0.028169014084507043,0.6,0.014423076923076924,0.2787878787878788,E1 전체 기간,공정 값 23,커널,
SVM 선형,40,-1.4538284384470146,0.03075160669474502,0.2,0.2,0.2,0.04784688995215311,1.0,0.024509803921568627,0.5246753246753246,E1 전체 기간,공정 값 23,커널,
SVM 선형,41,0.10661607527806921,0.04562942535899185,0.2,0.6,0.6,0.05405405405405406,0.6,0.02830188679245283,0.5722943722943723,E1 전체 기간,공정 값 23,커널,
SVM 선형,42,0.9488079939734713,0.018396555214829535,0.0,0.0,0.2,0.0,0.0,0.0,0.3390557939914163,E1 전체 기간,공정 값 23,커널,
SVM 선형,43,2.037624091186469,0.023341297734762775,0.0,0.0,0.0,0.0,0.0,0.0,0.49004329004329006,E1 전체 기간,공정 값 23,커널,
SVM 선형,44,-1.5947589006806537,0.024153630150802685,0.0,0.2,0.2,0.04524886877828054,1.0,0.023148148148148147,0.4961038961038961,E1 전체 기간,공정 값 23,커널,
SVM 선형,45,-2.322125433130622,0.028206307313319814,0.0,0.2,0.2,0.0425531914893617,1.0,0.021739130434782608,0.49437229437229435,E1 전체 기간,공정 값 23,커널,
SVM 선형,46,-5.105727937392842,0.020509269153255492,0.0,0.0,0.0,0.04149377593360996,1.0,0.0211864406779661,0.4077922077922078,E1 전체 기간,공정 값 23,커널,
SVM 선형,47,-2.16217351817843,0.02428285532699081,0.0,0.0,0.4,0.046948356807511735,1.0,0.02403846153846154,0.4824034334763948,E1 전체 기간,공정 값 23,커널,
SVM 선형,48,0.6333108596893152,0.027803396754319865,0.0,0.4,0.4,0.05970149253731343,0.4,0.03225806451612903,0.4320346320346321,E1 전체 기간,공정 값 23,커널,
SVM 선형,49,-0.7124527623196553,0.024516550472862206,0.0,0.0,0.2,0.05917159763313609,1.0,0.03048780487804878,0.5151515151515151,E1 전체 기간,공정 값 23,커널,
SVM RBF,0,-0.9712439223682177,0.04101901985562831,0.2,0.2,0.6,0.061855670103092786,0.6,0.03260869565217391,0.6822510822510823,E1 전체 기간,공정 값 23,커널,
SVM RBF,1,-1.92187041543592,0.03319320464481755,0.2,0.2,0.6,0.03940886699507389,0.8,0.020202020202020204,0.5393939393939394,E1 전체 기간,공정 값 23,커널,
SVM RBF,2,0.2381742759976906,0.018234431447451106,0.0,0.0,0.0,0.0,0.0,0.0,0.3484978540772532,E1 전체 기간,공정 값 23,커널,
SVM RBF,3,-1.707022633358783,0.025989217065166433,0.0,0.0,0.2,0.04878048780487805,1.0,0.025,0.5367965367965368,E1 전체 기간,공정 값 23,커널,
SVM RBF,4,0.3553885747943546,0.026112068622881277,0.0,0.0,0.4,0.0,0.0,0.0,0.5246753246753246,E1 전체 기간,공정 값 23,커널,
SVM RBF,5,-2.2245527877318985,0.13859272053104654,0.2,0.6,0.6,0.0425531914893617,1.0,0.021739130434782608,0.6701298701298701,E1 전체 기간,공정 값 23,커널,
SVM RBF,6,-0.16207089879332748,0.030412948417525076,0.0,0.4,0.4,0.0,0.0,0.0,0.5402597402597403,E1 전체 기간,공정 값 23,커널,
SVM RBF,7,-0.1439521225569611,0.027990984081316356,0.0,0.2,0.2,0.0,0.0,0.0,0.5459227467811159,E1 전체 기간,공정 값 23,커널,
SVM RBF,8,-1.236742479618551,0.032366324536477434,0.2,0.2,0.2,0.049586776859504134,0.6,0.02586206896551724,0.4848484848484848,E1 전체 기간,공정 값 23,커널,
SVM RBF,9,-0.04816434831545924,0.03399606932718137,0.0,0.4,0.4,0.0,0.0,0.0,0.49696969696969695,E1 전체 기간,공정 값 23,커널,
SVM RBF,10,-0.7443353254060334,0.023785171723930697,0.0,0.2,0.2,0.03508771929824561,0.2,0.019230769230769232,0.45021645021645024,E1 전체 기간,공정 값 23,커널,
SVM RBF,11,-0.2855826066052187,0.02473192052587074,0.0,0.2,0.2,0.0,0.0,0.0,0.5073593073593073,E1 전체 기간,공정 값 23,커널,
SVM RBF,12,-0.6335048075150105,0.06334553221668762,0.2,0.6,0.6,0.12244897959183673,0.6,0.06818181818181818,0.6446351931330472,E1 전체 기간,공정 값 23,커널,
SVM RBF,13,-0.8774776129386225,0.022583136399295746,0.0,0.2,0.2,0.03305785123966942,0.4,0.017241379310344827,0.41385281385281386,E1 전체 기간,공정 값 23,커널,
SVM RBF,14,-0.587615673667043,0.033659819754489805,0.2,0.4,0.4,0.04878048780487805,0.2,0.027777777777777776,0.49004329004329006,E1 전체 기간,공정 값 23,커널,
SVM RBF,15,-2.4998930613095864,0.042999053457692206,0.2,0.2,0.6,0.04149377593360996,1.0,0.0211864406779661,0.6207792207792209,E1 전체 기간,공정 값 23,커널,
SVM RBF,16,-1.118712207705237,0.034063840152626305,0.2,0.2,0.4,0.058394160583941604,0.8,0.030303030303030304,0.593939393939394,E1 전체 기간,공정 값 23,커널,
SVM RBF,17,-0.2631785479723505,0.05229612492770387,0.2,0.4,0.4,0.06896551724137931,0.2,0.041666666666666664,0.607725321888412,E1 전체 기간,공정 값 23,커널,
SVM RBF,18,-0.16750899425037935,0.040417074405059455,0.2,0.2,0.4,0.0,0.0,0.0,0.5593073593073593,E1 전체 기간,공정 값 23,커널,
SVM RBF,19,-1.9631292910710516,0.02704556235931403,0.0,0.0,0.2,0.044444444444444446,1.0,0.022727272727272728,0.5575757575757576,E1 전체 기간,공정 값 23,커널,
SVM RBF,20,-0.6101161497758287,0.044971999362414326,0.2,0.2,0.6,0.07017543859649122,0.4,0.038461538461538464,0.7229437229437229,E1 전체 기간,공정 값 23,커널,
SVM RBF,21,-0.8327568006120768,0.03728286688833115,0.2,0.4,0.4,0.04819277108433735,0.4,0.02564102564102564,0.44415584415584414,E1 전체 기간,공정 값 23,커널,
SVM RBF,22,-0.10810222240081258,0.029868975241961717,0.0,0.2,0.4,0.0,0.0,0.0,0.542489270386266,E1 전체 기간,공정 값 23,커널,
SVM RBF,23,-0.9210158697954813,0.04778309409888357,0.2,0.6,0.6,0.06315789473684211,0.6,0.03333333333333333,0.5904761904761905,E1 전체 기간,공정 값 23,커널,
SVM RBF,24,-0.13456259775714918,0.02102492681110208,0.0,0.0,0.2,0.0,0.0,0.0,0.4251082251082251,E1 전체 기간,공정 값 23,커널,
SVM RBF,25,0.04603822420921011,0.046339809195838924,0.2,0.2,0.2,0.10526315789473684,0.2,0.07142857142857142,0.46060606060606063,E1 전체 기간,공정 값 23,커널,
SVM RBF,26,-1.361579951770463,0.03384098203200037,0.0,0.2,0.4,0.05925925925925926,0.8,0.03076923076923077,0.6337662337662338,E1 전체 기간,공정 값 23,커널,
SVM RBF,27,-0.3974785996144157,0.026758703337275213,0.0,0.2,0.2,0.0,0.0,0.0,0.48240343347639486,E1 전체 기간,공정 값 23,커널,
SVM RBF,28,-2.0725760843062417,0.02379150113805924,0.0,0.0,0.4,0.044444444444444446,1.0,0.022727272727272728,0.46320346320346323,E1 전체 기간,공정 값 23,커널,
SVM RBF,29,-0.33622280223153145,0.020163842520146108,0.0,0.0,0.0,0.0,0.0,0.0,0.3930735930735931,E1 전체 기간,공정 값 23,커널,
SVM RBF,30,-0.1940818441240646,0.06020180653913323,0.4,0.4,0.8,0.0,0.0,0.0,0.7731601731601732,E1 전체 기간,공정 값 23,커널,
SVM RBF,31,0.45021838358396216,0.02859771822425753,0.0,0.2,0.4,0.0,0.0,0.0,0.522077922077922,E1 전체 기간,공정 값 23,커널,
SVM RBF,32,-0.5833948084035532,0.04663726493957577,0.2,0.4,0.4,0.06779661016949153,0.4,0.037037037037037035,0.5493562231759657,E1 전체 기간,공정 값 23,커널,
SVM RBF,33,-1.5433607238009155,0.02319100301241717,0.0,0.0,0.2,0.0446927374301676,0.8,0.022988505747126436,0.4666666666666667,E1 전체 기간,공정 값 23,커널,
SVM RBF,34,-0.44038051744160756,0.03212441491719067,0.2,0.4,0.4,0.06451612903225806,0.2,0.038461538461538464,0.47186147186147187,E1 전체 기간,공정 값 23,커널,
SVM RBF,35,-0.2975955829387522,0.027659031632404244,0.0,0.0,0.2,0.0,0.0,0.0,0.5567099567099567,E1 전체 기간,공정 값 23,커널,
SVM RBF,36,-0.2321437681159113,0.0318938522561711,0.2,0.2,0.2,0.0,0.0,0.0,0.5878787878787879,E1 전체 기간,공정 값 23,커널,
SVM RBF,37,-0.9036398902412992,0.03688358025773648,0.2,0.2,0.6,0.0594059405940594,0.6,0.03125,0.6094420600858369,E1 전체 기간,공정 값 23,커널,
SVM RBF,38,0.2664656664305094,0.030433371835953994,0.0,0.2,0.2,0.0,0.0,0.0,0.5549783549783549,E1 전체 기간,공정 값 23,커널,
SVM RBF,39,0.4038219325856556,0.018770341152323157,0.0,0.0,0.0,0.0,0.0,0.0,0.35324675324675325,E1 전체 기간,공정 값 23,커널,
SVM RBF,40,-0.03624426372407008,0.03186582199576048,0.2,0.2,0.4,0.0,0.0,0.0,0.4727272727272728,E1 전체 기간,공정 값 23,커널,
SVM RBF,41,-0.8872419943167148,0.053752527919642835,0.2,0.6,0.6,0.0759493670886076,0.6,0.04054054054054054,0.6883116883116882,E1 전체 기간,공정 값 23,커널,
SVM RBF,42,0.08711380047290573,0.03933730469345641,0.2,0.4,0.4,0.0,0.0,0.0,0.5381974248927038,E1 전체 기간,공정 값 23,커널,
SVM RBF,43,-1.2682085016967004,0.03271857051857173,0.0,0.4,0.4,0.03361344537815126,0.4,0.017543859649122806,0.5125541125541125,E1 전체 기간,공정 값 23,커널,
SVM RBF,44,-0.5448186863634433,0.08990083905415713,0.2,0.4,0.4,0.06779661016949153,0.4,0.037037037037037035,0.5428571428571429,E1 전체 기간,공정 값 23,커널,
SVM RBF,45,-0.09069178909817266,0.027814851814851816,0.0,0.4,0.4,0.0,0.0,0.0,0.48744588744588746,E1 전체 기간,공정 값 23,커널,
SVM RBF,46,-0.09969391307121311,0.02645498689780474,0.0,0.2,0.2,0.0,0.0,0.0,0.4597402597402598,E1 전체 기간,공정 값 23,커널,
SVM RBF,47,-2.346289802298357,0.024675799223916196,0.0,0.0,0.4,0.04291845493562232,1.0,0.021929824561403508,0.4978540772532189,E1 전체 기간,공정 값 23,커널,
SVM RBF,48,-0.6020952402597528,0.022421123198528008,0.0,0.2,0.4,0.03076923076923077,0.2,0.016666666666666666,0.341991341991342,E1 전체 기간,공정 값 23,커널,
SVM RBF,49,-0.5333846832371771,0.05058539981494983,0.2,0.4,0.4,0.07017543859649122,0.4,0.038461538461538464,0.6034632034632035,E1 전체 기간,공정 값 23,커널,
MLP,0,0.003230006345410188,0.02707814793726363,0.0,0.0,0.2,0.0,0.0,0.0,0.5489177489177489,E1 전체 기간,공정 값 23,신경망,
MLP,1,2.874865685925429e-06,0.04087247791346505,0.2,0.2,0.4,0.04405286343612335,1.0,0.02252252252252252,0.6034632034632035,E1 전체 기간,공정 값 23,신경망,
MLP,2,0.02301648540332402,0.018175219754167124,0.0,0.0,0.2,0.0,0.0,0.0,0.3330472103004292,E1 전체 기간,공정 값 23,신경망,
MLP,3,0.0001240445203513905,0.03407269652797543,0.0,0.2,0.6,0.04081632653061224,0.6,0.02112676056338028,0.5818181818181818,E1 전체 기간,공정 값 23,신경망,
MLP,4,0.08616936171119105,0.018792882339575184,0.0,0.0,0.0,0.0,0.0,0.0,0.35324675324675325,E1 전체 기간,공정 값 23,신경망,
MLP,5,3.433278744514511e-07,0.03531167703930423,0.0,0.4,0.6,0.04291845493562232,1.0,0.021929824561403508,0.6251082251082252,E1 전체 기간,공정 값 23,신경망,
MLP,6,0.0002900175082923117,0.022928903063235126,0.0,0.0,0.2,0.037383177570093455,0.4,0.0196078431372549,0.4571428571428572,E1 전체 기간,공정 값 23,신경망,
MLP,7,0.14834814019346634,0.032952212709601955,0.2,0.2,0.2,0.0,0.0,0.0,0.4223175965665236,E1 전체 기간,공정 값 23,신경망,
MLP,8,0.00010044676672390411,0.028402455667509707,0.0,0.2,0.4,0.049689440993788817,0.8,0.02564102564102564,0.516017316017316,E1 전체 기간,공정 값 23,신경망,
MLP,9,0.06512000924062533,0.02469367970281269,0.0,0.2,0.2,0.0,0.0,0.0,0.43463203463203465,E1 전체 기간,공정 값 23,신경망,
MLP,10,0.016753994572092576,0.02817697828056944,0.0,0.0,0.4,0.0,0.0,0.0,0.5627705627705628,E1 전체 기간,공정 값 23,신경망,
MLP,11,0.00011064614859630437,0.026294871794871798,0.2,0.2,0.2,0.026143790849673203,0.4,0.013513513513513514,0.4121212121212121,E1 전체 기간,공정 값 23,신경망,
MLP,12,0.0002602905361693098,0.034353408029878615,0.2,0.2,0.4,0.05128205128205128,0.6,0.026785714285714284,0.5639484978540772,E1 전체 기간,공정 값 23,신경망,
MLP,13,0.0003006389663668576,0.019784052526877725,0.0,0.2,0.2,0.015748031496062992,0.2,0.00819672131147541,0.34632034632034636,E1 전체 기간,공정 값 23,신경망,
MLP,14,0.08756099173242132,0.024476222679166496,0.0,0.0,0.4,0.0,0.0,0.0,0.46406926406926413,E1 전체 기간,공정 값 23,신경망,
MLP,15,1.0972533114654596e-05,0.026872992558363215,0.2,0.2,0.4,0.031413612565445025,0.6,0.016129032258064516,0.41298701298701296,E1 전체 기간,공정 값 23,신경망,
MLP,16,8.890973865667378e-05,0.025088888169944756,0.0,0.0,0.4,0.05291005291005291,1.0,0.02717391304347826,0.49004329004329006,E1 전체 기간,공정 값 23,신경망,
MLP,17,5.4709738800170314e-05,0.03050221959593922,0.0,0.2,0.4,0.05917159763313609,1.0,0.03048780487804878,0.5819742489270385,E1 전체 기간,공정 값 23,신경망,
MLP,18,0.003951789056141785,0.043622935064411894,0.2,0.2,0.4,0.05714285714285714,0.2,0.03333333333333333,0.6666666666666666,E1 전체 기간,공정 값 23,신경망,
MLP,19,0.002268478591252931,0.02775612336862207,0.0,0.2,0.2,0.03076923076923077,0.2,0.016666666666666666,0.5246753246753246,E1 전체 기간,공정 값 23,신경망,
MLP,20,0.00017571423657287527,0.058593756670679745,0.4,0.4,0.4,0.024539877300613498,0.4,0.012658227848101266,0.5272727272727273,E1 전체 기간,공정 값 23,신경망,
MLP,21,0.0003416560820988564,0.02584555808903087,0.0,0.2,0.4,0.049586776859504134,0.6,0.02586206896551724,0.4787878787878788,E1 전체 기간,공정 값 23,신경망,
MLP,22,0.0002609546505303614,0.02050502577199207,0.0,0.0,0.2,0.028368794326241134,0.4,0.014705882352941176,0.41201716738197425,E1 전체 기간,공정 값 23,신경망,
MLP,23,4.102332656785211e-07,0.04091101345288538,0.0,0.4,0.4,0.04405286343612335,1.0,0.02252252252252252,0.645887445887446,E1 전체 기간,공정 값 23,신경망,
MLP,24,4.7032493594075856e-05,0.019466799814155472,0.0,0.0,0.0,0.04145077720207254,0.8,0.02127659574468085,0.38354978354978353,E1 전체 기간,공정 값 23,신경망,
MLP,25,0.0050300890709829415,0.033385811785103234,0.2,0.4,0.4,0.06779661016949153,0.4,0.037037037037037035,0.4917748917748918,E1 전체 기간,공정 값 23,신경망,
MLP,26,0.00010661146231029114,0.03129842044607145,0.0,0.4,0.4,0.047244094488188976,0.6,0.02459016393442623,0.567965367965368,E1 전체 기간,공정 값 23,신경망,
MLP,27,0.0017904317540789183,0.03735617676574099,0.2,0.2,0.2,0.03389830508474576,0.2,0.018518518518518517,0.46008583690987126,E1 전체 기간,공정 값 23,신경망,
MLP,28,7.679674180214e-08,0.017146933989186722,0.0,0.0,0.0,0.04149377593360996,1.0,0.0211864406779661,0.29870129870129875,E1 전체 기간,공정 값 23,신경망,
MLP,29,0.04859778804281062,0.019598987237845814,0.0,0.0,0.0,0.0,0.0,0.0,0.38095238095238093,E1 전체 기간,공정 값 23,신경망,
MLP,30,0.011465715995653769,0.025826940263628674,0.0,0.0,0.4,0.0,0.0,0.0,0.5272727272727273,E1 전체 기간,공정 값 23,신경망,
MLP,31,0.00940008329113361,0.0244671240384493,0.0,0.0,0.4,0.0,0.0,0.0,0.4943722943722944,E1 전체 기간,공정 값 23,신경망,
MLP,32,6.026325616641084e-06,0.06800721461203456,0.2,0.6,0.6,0.04484304932735426,1.0,0.022935779816513763,0.6781115879828327,E1 전체 기간,공정 값 23,신경망,
MLP,33,0.14759902896635824,0.02431169600617611,0.0,0.0,0.2,0.0,0.0,0.0,0.48571428571428577,E1 전체 기간,공정 값 23,신경망,
MLP,34,0.0051509933168385775,0.02201927143842755,0.0,0.2,0.2,0.044444444444444446,0.2,0.025,0.4043290043290043,E1 전체 기간,공정 값 23,신경망,
MLP,35,2.4641829260449652e-05,0.028464237250774627,0.0,0.2,0.4,0.04419889502762431,0.8,0.022727272727272728,0.5497835497835498,E1 전체 기간,공정 값 23,신경망,
MLP,36,0.004729955889988923,0.026740303395009497,0.0,0.0,0.4,0.0,0.0,0.0,0.5428571428571429,E1 전체 기간,공정 값 23,신경망,
MLP,37,0.03620817259255122,0.034518279815402925,0.2,0.2,0.4,0.0,0.0,0.0,0.5167381974248927,E1 전체 기간,공정 값 23,신경망,
MLP,38,0.21357302560156566,0.021369815564154487,0.0,0.2,0.2,0.0,0.0,0.0,0.4025974025974026,E1 전체 기간,공정 값 23,신경망,
MLP,39,0.0020853736557368903,0.01835661101110479,0.0,0.0,0.2,0.0,0.0,0.0,0.30303030303030304,E1 전체 기간,공정 값 23,신경망,
MLP,40,2.972005129706422e-05,0.02195011439674497,0.0,0.0,0.0,0.042328042328042326,0.8,0.021739130434782608,0.4536796536796537,E1 전체 기간,공정 값 23,신경망,
MLP,41,0.0003885884604120917,0.05724393755586206,0.2,0.4,0.6,0.06504065040650407,0.8,0.03389830508474576,0.696969696969697,E1 전체 기간,공정 값 23,신경망,
MLP,42,0.004348682947742221,0.02665331724977834,0.2,0.2,0.2,0.05128205128205128,0.2,0.029411764705882353,0.4111587982832618,E1 전체 기간,공정 값 23,신경망,
MLP,43,0.004327390233757329,0.025811931940038016,0.2,0.2,0.2,0.04081632653061224,0.2,0.022727272727272728,0.3965367965367965,E1 전체 기간,공정 값 23,신경망,
MLP,44,0.007888376777556645,0.022798735118276937,0.0,0.2,0.2,0.0,0.0,0.0,0.412987012987013,E1 전체 기간,공정 값 23,신경망,
MLP,45,0.026111580714256427,0.025509049170690974,0.0,0.0,0.2,0.0,0.0,0.0,0.529004329004329,E1 전체 기간,공정 값 23,신경망,
MLP,46,0.0004563924406836644,0.019846576388997745,0.0,0.2,0.2,0.017699115044247787,0.2,0.009259259259259259,0.31428571428571433,E1 전체 기간,공정 값 23,신경망,
MLP,47,0.05216164521350162,0.021087378775717272,0.0,0.0,0.0,0.0,0.0,0.0,0.43776824034334766,E1 전체 기간,공정 값 23,신경망,
MLP,48,0.02944613584554067,0.03755767750525287,0.2,0.2,0.2,0.07407407407407407,0.2,0.045454545454545456,0.4545454545454546,E1 전체 기간,공정 값 23,신경망,
MLP,49,0.1393225812197888,0.025079938858253596,0.0,0.0,0.4,0.0,0.0,0.0,0.4943722943722944,E1 전체 기간,공정 값 23,신경망,
결정트리 (depth 4),0,0.0,0.22345362260533805,0.2,0.2,0.4,0.04149377593360996,1.0,0.0211864406779661,0.5852813852813853,E1 전체 기간,공정 값 23,트리,
결정트리 (depth 4),1,0.799411071849236,0.01764548560628111,0.0,0.0,0.0,0.0,0.0,0.0,0.3168831168831169,E1 전체 기간,공정 값 23,트리,
결정트리 (depth 4),2,0.8481099656357389,0.04101383133574317,0.2,0.2,0.2,0.0,0.0,0.0,0.39999999999999997,E1 전체 기간,공정 값 23,트리,
결정트리 (depth 4),3,0.0,0.05026140610676257,0.2,0.4,0.6,0.04149377593360996,1.0,0.0211864406779661,0.703030303030303,E1 전체 기간,공정 값 23,트리,
결정트리 (depth 4),4,0.9104771273979342,0.03124694146433277,0.0,0.4,0.4,0.0,0.0,0.0,0.5480519480519481,E1 전체 기간,공정 값 23,트리,
결정트리 (depth 4),5,0.0,0.04768032103397957,0.2,0.2,0.2,0.04149377593360996,1.0,0.0211864406779661,0.561038961038961,E1 전체 기간,공정 값 23,트리,
결정트리 (depth 4),6,0.0,0.028447928063084015,0.0,0.0,0.0,0.04149377593360996,1.0,0.0211864406779661,0.5740259740259741,E1 전체 기간,공정 값 23,트리,
결정트리 (depth 4),7,0.0,0.2543603105863592,0.4,0.4,0.6,0.0411522633744856,1.0,0.02100840336134454,0.7167381974248928,E1 전체 기간,공정 값 23,트리,
결정트리 (depth 4),8,0.8674868189806678,0.09227313566936209,0.4,0.4,0.6,0.0,0.0,0.0,0.7307359307359308,E1 전체 기간,공정 값 23,트리,
결정트리 (depth 4),9,0.0,0.028021996500371963,0.2,0.2,0.2,0.04149377593360996,1.0,0.0211864406779661,0.34285714285714286,E1 전체 기간,공정 값 23,트리,
결정트리 (depth 4),10,0.0,0.04464438026230228,0.2,0.2,0.2,0.04149377593360996,1.0,0.0211864406779661,0.49523809523809526,E1 전체 기간,공정 값 23,트리,
결정트리 (depth 4),11,0.0,0.020227222754828092,0.0,0.0,0.2,0.04149377593360996,1.0,0.0211864406779661,0.3818181818181818,E1 전체 기간,공정 값 23,트리,
결정트리 (depth 4),12,0.7641650099403579,0.02538930687203103,0.0,0.2,0.2,0.0,0.0,0.0,0.47639484978540775,E1 전체 기간,공정 값 23,트리,
결정트리 (depth 4),13,0.0,0.018750355818240305,0.0,0.0,0.0,0.04149377593360996,1.0,0.0211864406779661,0.36190476190476195,E1 전체 기간,공정 값 23,트리,
결정트리 (depth 4),14,0.7967001434720236,0.02600673473222493,0.0,0.0,0.4,0.0,0.0,0.0,0.5177489177489177,E1 전체 기간,공정 값 23,트리,
결정트리 (depth 4),15,0.0,0.03846334570661342,0.0,0.4,0.4,0.04149377593360996,1.0,0.0211864406779661,0.61991341991342,E1 전체 기간,공정 값 23,트리,
결정트리 (depth 4),16,0.7724999999999965,0.019818942094804164,0.0,0.0,0.0,0.0,0.0,0.0,0.39826839826839827,E1 전체 기간,공정 값 23,트리,
결정트리 (depth 4),17,0.977777777777778,0.0209009974300827,0.0,0.0,0.0,0.0,0.0,0.0,0.43004291845493564,E1 전체 기간,공정 값 23,트리,
결정트리 (depth 4),18,0.7798281092012141,0.12149671316337984,0.2,0.2,0.2,0.15384615384615385,0.2,0.125,0.5376623376623376,E1 전체 기간,공정 값 23,트리,
결정트리 (depth 4),19,0.0,0.025175749399103272,0.0,0.0,0.4,0.04149377593360996,1.0,0.0211864406779661,0.5056277056277056,E1 전체 기간,공정 값 23,트리,
결정트리 (depth 4),20,0.8557558945908461,0.020487061766940387,0.0,0.0,0.2,0.0,0.0,0.0,0.4,E1 전체 기간,공정 값 23,트리,
결정트리 (depth 4),21,0.8714689265536723,0.025199735231549808,0.0,0.2,0.2,0.0,0.0,0.0,0.49610389610389605,E1 전체 기간,공정 값 23,트리,
결정트리 (depth 4),22,0.0,0.01700815138403853,0.0,0.0,0.0,0.0411522633744856,1.0,0.02100840336134454,0.30214592274678115,E1 전체 기간,공정 값 23,트리,
결정트리 (depth 4),23,0.0,0.07435915830335516,0.4,0.4,0.4,0.04149377593360996,1.0,0.0211864406779661,0.6493506493506493,E1 전체 기간,공정 값 23,트리,
결정트리 (depth 4),24,0.6932584269662976,0.01657763979181115,0.0,0.0,0.0,0.0,0.0,0.0,0.2649350649350649,E1 전체 기간,공정 값 23,트리,
결정트리 (depth 4),25,0.7871571337444204,0.016663562874308216,0.0,0.0,0.0,0.0,0.0,0.0,0.2753246753246753,E1 전체 기간,공정 값 23,트리,
결정트리 (depth 4),26,0.6505263157894685,0.02552086757498047,0.0,0.2,0.2,0.035398230088495575,0.4,0.018518518518518517,0.4675324675324675,E1 전체 기간,공정 값 23,트리,
결정트리 (depth 4),27,0.0,0.033968616152542194,0.2,0.2,0.2,0.0411522633744856,1.0,0.02100840336134454,0.4789699570815451,E1 전체 기간,공정 값 23,트리,
결정트리 (depth 4),28,0.0,0.019323041388763854,0.0,0.0,0.0,0.04149377593360996,1.0,0.0211864406779661,0.367965367965368,E1 전체 기간,공정 값 23,트리,
결정트리 (depth 4),29,0.8153287082920383,0.018420276736066207,0.0,0.0,0.2,0.0,0.0,0.0,0.3142857142857143,E1 전체 기간,공정 값 23,트리,
결정트리 (depth 4),30,0.8714689265536723,0.028780441932615846,0.0,0.2,0.4,0.0,0.0,0.0,0.5194805194805195,E1 전체 기간,공정 값 23,트리,
결정트리 (depth 4),31,0.7159156836201923,0.05268939393939394,0.4,0.4,0.4,0.0,0.0,0.0,0.4606060606060606,E1 전체 기간,공정 값 23,트리,
결정트리 (depth 4),32,0.0,0.028390002721133258,0.0,0.2,0.2,0.0411522633744856,1.0,0.02100840336134454,0.5210300429184549,E1 전체 기간,공정 값 23,트리,
결정트리 (depth 4),33,0.0,0.021276532504922913,0.0,0.2,0.2,0.04149377593360996,1.0,0.0211864406779661,0.3385281385281385,E1 전체 기간,공정 값 23,트리,
결정트리 (depth 4),34,0.7374701670644347,0.0357156701571455,0.2,0.2,0.2,0.06060606060606061,0.2,0.03571428571428571,0.4632034632034633,E1 전체 기간,공정 값 23,트리,
결정트리 (depth 4),35,0.5722222222222214,0.020506369515693384,0.0,0.0,0.2,0.027972027972027972,0.4,0.014492753623188406,0.4138528138528139,E1 전체 기간,공정 값 23,트리,
결정트리 (depth 4),36,0.9363636363636364,0.0287411809898933,0.0,0.2,0.4,0.0,0.0,0.0,0.5359307359307359,E1 전체 기간,공정 값 23,트리,
결정트리 (depth 4),37,0.0,0.030436862212996192,0.0,0.2,0.4,0.0411522633744856,1.0,0.02100840336134454,0.5287553648068669,E1 전체 기간,공정 값 23,트리,
결정트리 (depth 4),38,0.5808425511885175,0.018750510366100683,0.0,0.0,0.0,0.020618556701030927,0.2,0.010869565217391304,0.3471861471861472,E1 전체 기간,공정 값 23,트리,
결정트리 (depth 4),39,0.0,0.020618507040981837,0.0,0.0,0.0,0.04149377593360996,1.0,0.0211864406779661,0.4181818181818182,E1 전체 기간,공정 값 23,트리,
결정트리 (depth 4),40,0.6866666666666619,0.02176629189836737,0.0,0.0,0.2,0.0,0.0,0.0,0.44415584415584414,E1 전체 기간,공정 값 23,트리,
결정트리 (depth 4),41,0.0,0.08677701998673865,0.2,0.2,0.2,0.04149377593360996,1.0,0.0211864406779661,0.4813852813852814,E1 전체 기간,공정 값 23,트리,
결정트리 (depth 4),42,0.0,0.02246998574817994,0.0,0.0,0.2,0.0411522633744856,1.0,0.02100840336134454,0.45493562231759654,E1 전체 기간,공정 값 23,트리,
결정트리 (depth 4),43,0.0,0.024534267425658795,0.0,0.0,0.2,0.04149377593360996,1.0,0.0211864406779661,0.5082251082251082,E1 전체 기간,공정 값 23,트리,
결정트리 (depth 4),44,0.0,0.037740741785461177,0.2,0.4,0.6,0.04149377593360996,1.0,0.0211864406779661,0.5835497835497835,E1 전체 기간,공정 값 23,트리,
결정트리 (depth 4),45,0.8579658323400874,0.04498890755779994,0.0,0.6,0.6,0.0,0.0,0.0,0.6181818181818183,E1 전체 기간,공정 값 23,트리,
결정트리 (depth 4),46,0.8795438346400569,0.019806838864081248,0.0,0.0,0.0,0.0,0.0,0.0,0.3913419913419913,E1 전체 기간,공정 값 23,트리,
결정트리 (depth 4),47,0.8585365853658545,0.024745965814655643,0.0,0.0,0.0,0.0,0.0,0.0,0.5201716738197425,E1 전체 기간,공정 값 23,트리,
결정트리 (depth 4),48,0.7108294930875624,0.01440581943649914,0.0,0.0,0.0,0.0,0.0,0.0,0.1619047619047619,E1 전체 기간,공정 값 23,트리,
결정트리 (depth 4),49,0.0,0.03267487686723599,0.0,0.4,0.4,0.04149377593360996,1.0,0.0211864406779661,0.6017316017316018,E1 전체 기간,공정 값 23,트리,
랜덤포레스트,0,0.16019894704966983,0.04275579975579976,0.2,0.4,0.4,0.07017543859649122,0.4,0.038461538461538464,0.6874458874458874,E1 전체 기간,공정 값 23,트리,
랜덤포레스트,1,0.35215218972857015,0.02120669959348918,0.0,0.0,0.2,0.0,0.0,0.0,0.41645021645021646,E1 전체 기간,공정 값 23,트리,
랜덤포레스트,2,0.07987694243825415,0.01748585162764267,0.0,0.2,0.2,0.016260162601626018,0.2,0.00847457627118644,0.2626609442060086,E1 전체 기간,공정 값 23,트리,
랜덤포레스트,3,0.006007936507936507,0.02707217160136292,0.0,0.0,0.4,0.04184100418410042,1.0,0.021367521367521368,0.5402597402597402,E1 전체 기간,공정 값 23,트리,
랜덤포레스트,4,0.5382607838126858,0.03178970654423462,0.0,0.2,0.4,0.0,0.0,0.0,0.5956709956709957,E1 전체 기간,공정 값 23,트리,
랜덤포레스트,5,0.028965488808166153,0.03581267141568649,0.2,0.2,0.6,0.04145077720207254,0.8,0.02127659574468085,0.5783549783549784,E1 전체 기간,공정 값 23,트리,
랜덤포레스트,6,0.05809385965437604,0.034238442788478485,0.2,0.4,0.4,0.031496062992125984,0.4,0.01639344262295082,0.5437229437229437,E1 전체 기간,공정 값 23,트리,
랜덤포레스트,7,0.3293084993512254,0.03486737158539104,0.0,0.2,0.4,0.0,0.0,0.0,0.6472103004291846,E1 전체 기간,공정 값 23,트리,
랜덤포레스트,8,0.1491964037822785,0.039452583514239525,0.2,0.4,0.6,0.05128205128205128,0.2,0.029411764705882353,0.5506493506493506,E1 전체 기간,공정 값 23,트리,
랜덤포레스트,9,0.20046968143824007,0.0644266574248584,0.2,0.4,0.4,0.09302325581395349,0.4,0.05263157894736842,0.4606060606060606,E1 전체 기간,공정 값 23,트리,
랜덤포레스트,10,0.1321715987127269,0.018013321544399205,0.0,0.0,0.0,0.0,0.0,0.0,0.3341991341991342,E1 전체 기간,공정 값 23,트리,
랜덤포레스트,11,0.36627783568526784,0.02182888524836507,0.0,0.0,0.0,0.0,0.0,0.0,0.45541125541125543,E1 전체 기간,공정 값 23,트리,
랜덤포레스트,12,0.21495132245132414,0.030721070352649302,0.0,0.2,0.4,0.0,0.0,0.0,0.5416309012875536,E1 전체 기간,공정 값 23,트리,
랜덤포레스트,13,0.13552960650045973,0.032298069092066575,0.2,0.2,0.2,0.021052631578947368,0.2,0.011111111111111112,0.3878787878787879,E1 전체 기간,공정 값 23,트리,
랜덤포레스트,14,0.31392018186118426,0.024749549388928174,0.0,0.0,0.2,0.0,0.0,0.0,0.49004329004329006,E1 전체 기간,공정 값 23,트리,
랜덤포레스트,15,0.045329352550350484,0.10005516154452325,0.2,0.4,0.6,0.05405405405405406,1.0,0.027777777777777776,0.7038961038961039,E1 전체 기간,공정 값 23,트리,
랜덤포레스트,16,0.3374722881484604,0.020578628865947003,0.0,0.0,0.0,0.0,0.0,0.0,0.4051948051948052,E1 전체 기간,공정 값 23,트리,
랜덤포레스트,17,0.1541181467293699,0.028885166760760486,0.0,0.2,0.2,0.03389830508474576,0.2,0.018518518518518517,0.5854077253218885,E1 전체 기간,공정 값 23,트리,
랜덤포레스트,18,0.17063764947267704,0.03096881484719518,0.0,0.2,0.6,0.0,0.0,0.0,0.5783549783549784,E1 전체 기간,공정 값 23,트리,
랜덤포레스트,19,0.15418923048048983,0.03275644536079855,0.0,0.2,0.6,0.0,0.0,0.0,0.5974025974025974,E1 전체 기간,공정 값 23,트리,
랜덤포레스트,20,0.035588627210003485,0.03751011515717398,0.2,0.2,0.4,0.05405405405405406,1.0,0.027777777777777776,0.5601731601731602,E1 전체 기간,공정 값 23,트리,
랜덤포레스트,21,0.149596658430196,0.03282759797776483,0.2,0.2,0.4,0.03636363636363636,0.2,0.02,0.4199134199134199,E1 전체 기간,공정 값 23,트리,
랜덤포레스트,22,0.030538859780682368,0.020385526593719214,0.0,0.0,0.0,0.03314917127071823,0.6,0.017045454545454544,0.4017167381974249,E1 전체 기간,공정 값 23,트리,
랜덤포레스트,23,0.020421271964750225,0.10569042730717637,0.4,0.4,0.6,0.044444444444444446,1.0,0.022727272727272728,0.6614718614718615,E1 전체 기간,공정 값 23,트리,
랜덤포레스트,24,0.46929681491455444,0.03092912076127445,0.2,0.2,0.2,0.0,0.0,0.0,0.4268398268398269,E1 전체 기간,공정 값 23,트리,
랜덤포레스트,25,0.2631150511869958,0.01879757163217661,0.0,0.0,0.0,0.0,0.0,0.0,0.35324675324675325,E1 전체 기간,공정 값 23,트리,
랜덤포레스트,26,0.03235082403242479,0.026187801296026405,0.0,0.2,0.2,0.04878048780487805,1.0,0.025,0.5021645021645021,E1 전체 기간,공정 값 23,트리,
랜덤포레스트,27,0.015023846558998181,0.12104700854700855,0.2,0.2,0.4,0.034934497816593885,0.8,0.017857142857142856,0.5064377682403434,E1 전체 기간,공정 값 23,트리,
랜덤포레스트,28,0.25848922352130627,0.022373496321418523,0.0,0.2,0.2,0.0,0.0,0.0,0.37662337662337664,E1 전체 기간,공정 값 23,트리,
랜덤포레스트,29,0.12887416573255747,0.02423908191381855,0.0,0.2,0.4,0.05333333333333334,0.4,0.02857142857142857,0.42077922077922075,E1 전체 기간,공정 값 23,트리,
랜덤포레스트,30,0.1133589887707084,0.024171726856290612,0.0,0.0,0.0,0.0380952380952381,0.4,0.02,0.503030303030303,E1 전체 기간,공정 값 23,트리,
랜덤포레스트,31,0.44455445457425874,0.032176748748618,0.0,0.2,0.6,0.0,0.0,0.0,0.5376623376623377,E1 전체 기간,공정 값 23,트리,
랜덤포레스트,32,0.017795349154370137,0.12557313999116448,0.2,0.2,0.4,0.046948356807511735,1.0,0.02403846153846154,0.6266094420600858,E1 전체 기간,공정 값 23,트리,
랜덤포레스트,33,0.4271707377419969,0.02232336221697924,0.0,0.2,0.2,0.0,0.0,0.0,0.40606060606060607,E1 전체 기간,공정 값 23,트리,
랜덤포레스트,34,0.684723585391858,0.03250777584988111,0.2,0.2,0.4,0.0,0.0,0.0,0.5670995670995671,E1 전체 기간,공정 값 23,트리,
랜덤포레스트,35,0.2266529582591156,0.045760449044224924,0.2,0.2,0.2,0.05714285714285714,0.2,0.03333333333333333,0.5480519480519481,E1 전체 기간,공정 값 23,트리,
랜덤포레스트,36,0.28808084422824093,0.02828919744293315,0.0,0.2,0.4,0.0,0.0,0.0,0.4805194805194805,E1 전체 기간,공정 값 23,트리,
랜덤포레스트,37,0.08338553777345928,0.05012248733178966,0.2,0.4,0.4,0.055944055944055944,0.8,0.028985507246376812,0.6386266094420601,E1 전체 기간,공정 값 23,트리,
랜덤포레스트,38,0.10058461808655648,0.02064113747052658,0.0,0.0,0.2,0.020202020202020204,0.2,0.010638297872340425,0.41645021645021646,E1 전체 기간,공정 값 23,트리,
랜덤포레스트,39,0.2183510949883358,0.025757899773833207,0.2,0.2,0.2,0.07407407407407407,0.2,0.045454545454545456,0.3948051948051948,E1 전체 기간,공정 값 23,트리,
랜덤포레스트,40,0.04689082582986447,0.024573703284339048,0.0,0.2,0.2,0.03508771929824561,0.6,0.018072289156626505,0.4727272727272728,E1 전체 기간,공정 값 23,트리,
랜덤포레스트,41,0.07024170327007524,0.03418312194904487,0.2,0.2,0.4,0.031007751937984496,0.4,0.016129032258064516,0.5307359307359307,E1 전체 기간,공정 값 23,트리,
랜덤포레스트,42,0.1591718810196496,0.04477104131566374,0.2,0.2,0.4,0.04081632653061224,0.2,0.022727272727272728,0.6085836909871245,E1 전체 기간,공정 값 23,트리,
랜덤포레스트,43,0.3277883499597869,0.02093792090900386,0.0,0.2,0.2,0.0,0.0,0.0,0.3913419913419913,E1 전체 기간,공정 값 23,트리,
랜덤포레스트,44,0.3092716467280499,0.032515446586330814,0.0,0.4,0.4,0.0,0.0,0.0,0.5965367965367965,E1 전체 기간,공정 값 23,트리,
랜덤포레스트,45,0.12802525503154402,0.027122286383787858,0.0,0.2,0.2,0.04395604395604396,0.4,0.023255813953488372,0.5480519480519481,E1 전체 기간,공정 값 23,트리,
랜덤포레스트,46,0.4383144965959975,0.023229986366922785,0.0,0.0,0.4,0.0,0.0,0.0,0.4476190476190476,E1 전체 기간,공정 값 23,트리,
랜덤포레스트,47,0.23804558296867792,0.01875475925777832,0.0,0.0,0.0,0.0,0.0,0.0,0.36909871244635195,E1 전체 기간,공정 값 23,트리,
랜덤포레스트,48,0.3124945667411688,0.01628481785572837,0.0,0.0,0.0,0.0,0.0,0.0,0.2484848484848485,E1 전체 기간,공정 값 23,트리,
랜덤포레스트,49,0.020509240225479453,0.049712227790669125,0.2,0.2,0.6,0.044444444444444446,1.0,0.022727272727272728,0.7316017316017316,E1 전체 기간,공정 값 23,트리,
엑스트라트리,0,0.0471482934322009,0.03567061451353176,0.2,0.2,0.4,0.05405405405405406,1.0,0.027777777777777776,0.6320346320346321,E1 전체 기간,공정 값 23,트리,
엑스트라트리,1,0.10958696230312565,0.021313685571006404,0.0,0.2,0.2,0.028985507246376812,0.2,0.015625,0.4008658008658009,E1 전체 기간,공정 값 23,트리,
엑스트라트리,2,0.17112183657710442,0.018531099460289528,0.0,0.0,0.0,0.0,0.0,0.0,0.34163090128755363,E1 전체 기간,공정 값 23,트리,
엑스트라트리,3,0.015107891307514535,0.024865414573637383,0.0,0.0,0.2,0.04291845493562232,1.0,0.021929824561403508,0.5177489177489177,E1 전체 기간,공정 값 23,트리,
엑스트라트리,4,0.12913233818801165,0.025277359429702568,0.0,0.0,0.2,0.0,0.0,0.0,0.5281385281385281,E1 전체 기간,공정 값 23,트리,
엑스트라트리,5,0.07838892364179406,0.028777127872425565,0.0,0.2,0.4,0.036036036036036036,0.4,0.018867924528301886,0.5073593073593073,E1 전체 기간,공정 값 23,트리,
엑스트라트리,6,0.12443395638728788,0.02249334140498499,0.0,0.2,0.2,0.03278688524590164,0.2,0.017857142857142856,0.4502164502164502,E1 전체 기간,공정 값 23,트리,
엑스트라트리,7,0.23717236089936405,0.0496379582165076,0.0,0.4,0.8,0.0,0.0,0.0,0.7587982832618025,E1 전체 기간,공정 값 23,트리,
엑스트라트리,8,0.09981620214248496,0.031206191069204768,0.0,0.2,0.4,0.06451612903225806,0.6,0.03409090909090909,0.5523809523809524,E1 전체 기간,공정 값 23,트리,
엑스트라트리,9,0.15768364984570898,0.034611329928091156,0.2,0.4,0.4,0.07272727272727272,0.4,0.04,0.541991341991342,E1 전체 기간,공정 값 23,트리,
엑스트라트리,10,0.0647724010264569,0.01804631851865927,0.0,0.0,0.0,0.013986013986013986,0.2,0.007246376811594203,0.32900432900432897,E1 전체 기간,공정 값 23,트리,
엑스트라트리,11,0.13849799386422026,0.024866847689089665,0.0,0.0,0.2,0.0,0.0,0.0,0.5177489177489178,E1 전체 기간,공정 값 23,트리,
엑스트라트리,12,0.16953667939904973,0.030035339265099385,0.0,0.2,0.4,0.0,0.0,0.0,0.5502145922746781,E1 전체 기간,공정 값 23,트리,
엑스트라트리,13,0.12129935205304816,0.021373796273769605,0.0,0.0,0.2,0.0449438202247191,0.4,0.023809523809523808,0.4103896103896104,E1 전체 기간,공정 값 23,트리,
엑스트라트리,14,0.03955914614694192,0.040488542906671504,0.0,0.4,0.4,0.042328042328042326,0.8,0.021739130434782608,0.6147186147186147,E1 전체 기간,공정 값 23,트리,
엑스트라트리,15,0.004656741964151112,0.028817245045467843,0.0,0.0,0.4,0.04149377593360996,1.0,0.0211864406779661,0.5653679653679653,E1 전체 기간,공정 값 23,트리,
엑스트라트리,16,0.13591505972181037,0.03451801382166002,0.0,0.4,0.6,0.0425531914893617,0.2,0.023809523809523808,0.5939393939393939,E1 전체 기간,공정 값 23,트리,
엑스트라트리,17,0.10941595953007176,0.043316079245957304,0.0,0.4,0.8,0.0898876404494382,0.8,0.047619047619047616,0.674678111587983,E1 전체 기간,공정 값 23,트리,
엑스트라트리,18,0.05778268834924996,0.029364760905633547,0.0,0.0,0.4,0.0425531914893617,0.6,0.022058823529411766,0.5627705627705628,E1 전체 기간,공정 값 23,트리,
엑스트라트리,19,0.005890029325513195,0.02419247572957509,0.0,0.0,0.2,0.04149377593360996,1.0,0.0211864406779661,0.48138528138528136,E1 전체 기간,공정 값 23,트리,
엑스트라트리,20,0.07066917735435534,0.04133425730500976,0.2,0.2,0.6,0.05517241379310345,0.8,0.02857142857142857,0.6813852813852814,E1 전체 기간,공정 값 23,트리,
엑스트라트리,21,0.132936123126965,0.0239294222374504,0.0,0.2,0.2,0.0425531914893617,0.2,0.023809523809523808,0.3922077922077922,E1 전체 기간,공정 값 23,트리,
엑스트라트리,22,0.1978289363340845,0.03620688515660877,0.2,0.2,0.4,0.0,0.0,0.0,0.6283261802575107,E1 전체 기간,공정 값 23,트리,
엑스트라트리,23,0.015206502172507186,0.04874851977471404,0.2,0.4,0.4,0.0425531914893617,1.0,0.021739130434782608,0.587012987012987,E1 전체 기간,공정 값 23,트리,
엑스트라트리,24,0.2719471164562826,0.022283031123735288,0.0,0.2,0.2,0.0,0.0,0.0,0.4354978354978355,E1 전체 기간,공정 값 23,트리,
엑스트라트리,25,0.14809544389919035,0.027082991466553113,0.2,0.2,0.2,0.03636363636363636,0.2,0.02,0.41558441558441556,E1 전체 기간,공정 값 23,트리,
엑스트라트리,26,0.25076696016323474,0.024197843899319213,0.0,0.0,0.0,0.0,0.0,0.0,0.4883116883116883,E1 전체 기간,공정 값 23,트리,
엑스트라트리,27,0.12945339749084578,0.02728968860174396,0.0,0.2,0.2,0.03508771929824561,0.2,0.019230769230769232,0.5304721030042918,E1 전체 기간,공정 값 23,트리,
엑스트라트리,28,0.011132663671661472,0.016164391004304085,0.0,0.0,0.0,0.0425531914893617,1.0,0.021739130434782608,0.24502164502164503,E1 전체 기간,공정 값 23,트리,
엑스트라트리,29,0.12792536011906575,0.02408755215289688,0.0,0.0,0.2,0.0,0.0,0.0,0.43636363636363634,E1 전체 기간,공정 값 23,트리,
엑스트라트리,30,0.1836104744428647,0.037077021771006906,0.0,0.2,0.6,0.0,0.0,0.0,0.6363636363636364,E1 전체 기간,공정 값 23,트리,
엑스트라트리,31,0.07273939077711426,0.027516760516554245,0.0,0.2,0.2,0.05042016806722689,0.6,0.02631578947368421,0.5116883116883117,E1 전체 기간,공정 값 23,트리,
엑스트라트리,32,0.022246466220930246,0.05412644951932685,0.2,0.4,0.6,0.04484304932735426,1.0,0.022935779816513763,0.7021459227467811,E1 전체 기간,공정 값 23,트리,
엑스트라트리,33,0.05325353760590011,0.016941177961939696,0.0,0.0,0.0,0.014388489208633094,0.2,0.007462686567164179,0.2935064935064935,E1 전체 기간,공정 값 23,트리,
엑스트라트리,34,0.24195565351068288,0.029441441038513788,0.0,0.4,0.4,0.0,0.0,0.0,0.5359307359307359,E1 전체 기간,공정 값 23,트리,
엑스트라트리,35,0.09809245025419508,0.027020026494507583,0.0,0.0,0.2,0.05128205128205128,0.6,0.026785714285714284,0.554978354978355,E1 전체 기간,공정 값 23,트리,
엑스트라트리,36,0.09140934154476986,0.027240001201206464,0.2,0.2,0.2,0.022988505747126436,0.2,0.012195121951219513,0.48398268398268396,E1 전체 기간,공정 값 23,트리,
엑스트라트리,37,0.1366128166132511,0.032951103599232284,0.0,0.4,0.4,0.0851063829787234,0.4,0.047619047619047616,0.5510729613733906,E1 전체 기간,공정 값 23,트리,
엑스트라트리,38,0.05481860164241156,0.029568528216439557,0.0,0.0,0.2,0.05128205128205128,1.0,0.02631578947368421,0.5930735930735931,E1 전체 기간,공정 값 23,트리,
엑스트라트리,39,0.10007197538899874,0.02267767846917669,0.0,0.2,0.2,0.02531645569620253,0.2,0.013513513513513514,0.4277056277056277,E1 전체 기간,공정 값 23,트리,
엑스트라트리,40,0.20219324591700993,0.021323011714983315,0.0,0.0,0.0,0.0,0.0,0.0,0.4380952380952381,E1 전체 기간,공정 값 23,트리,
엑스트라트리,41,0.07669309435696404,0.027413543350767445,0.0,0.2,0.4,0.03418803418803419,0.4,0.017857142857142856,0.5393939393939394,E1 전체 기간,공정 값 23,트리,
엑스트라트리,42,0.22961553612450505,0.03552727604451742,0.0,0.4,0.4,0.0,0.0,0.0,0.632618025751073,E1 전체 기간,공정 값 23,트리,
엑스트라트리,43,0.05926762566748074,0.02430891330891331,0.0,0.2,0.2,0.03592814371257485,0.6,0.018518518518518517,0.4536796536796537,E1 전체 기간,공정 값 23,트리,
엑스트라트리,44,0.19027045386176225,0.033947433761270004,0.2,0.2,0.4,0.0,0.0,0.0,0.6155844155844156,E1 전체 기간,공정 값 23,트리,
엑스트라트리,45,0.09699569431615866,0.024731392316291116,0.0,0.0,0.0,0.0594059405940594,0.6,0.03125,0.4891774891774892,E1 전체 기간,공정 값 23,트리,
엑스트라트리,46,0.03165164587768876,0.0243450196065381,0.0,0.2,0.2,0.02926829268292683,0.6,0.015,0.44242424242424244,E1 전체 기간,공정 값 23,트리,
엑스트라트리,47,0.13012022276300872,0.021316544616851934,0.0,0.0,0.2,0.0,0.0,0.0,0.4257510729613734,E1 전체 기간,공정 값 23,트리,
엑스트라트리,48,0.15630886900754698,0.017878102032185764,0.0,0.2,0.2,0.03508771929824561,0.2,0.019230769230769232,0.2761904761904762,E1 전체 기간,공정 값 23,트리,
엑스트라트리,49,0.0,0.033607430172647564,0.0,0.2,0.4,0.04149377593360996,1.0,0.0211864406779661,0.6415584415584416,E1 전체 기간,공정 값 23,트리,
AdaBoost,0,0.410269056712809,0.041375999763325864,0.2,0.4,0.4,0.0,0.0,0.0,0.6242424242424243,E1 전체 기간,공정 값 23,부스팅,
AdaBoost,1,0.44804384139010034,0.01745916698677869,0.0,0.0,0.2,0.0,0.0,0.0,0.296969696969697,E1 전체 기간,공정 값 23,부스팅,
AdaBoost,2,0.35938610669902277,0.01740464156579636,0.0,0.0,0.2,0.017391304347826087,0.2,0.00909090909090909,0.28412017167381975,E1 전체 기간,공정 값 23,부스팅,
AdaBoost,3,0.3370313855704702,0.030118275884795945,0.0,0.0,0.4,0.058394160583941604,0.8,0.030303030303030304,0.5844155844155844,E1 전체 기간,공정 값 23,부스팅,
AdaBoost,4,0.4207505010071873,0.02335631942737454,0.0,0.2,0.2,0.0,0.0,0.0,0.4588744588744589,E1 전체 기간,공정 값 23,부스팅,
AdaBoost,5,0.27730210133355115,0.02660209791881354,0.0,0.2,0.2,0.04524886877828054,1.0,0.023148148148148147,0.48225108225108226,E1 전체 기간,공정 값 23,부스팅,
AdaBoost,6,0.34600426248598876,0.02518392798141339,0.0,0.2,0.4,0.03418803418803419,0.4,0.017857142857142856,0.4484848484848485,E1 전체 기간,공정 값 23,부스팅,
AdaBoost,7,0.39963606983417366,0.02530031760227218,0.0,0.2,0.2,0.0,0.0,0.0,0.5184549356223176,E1 전체 기간,공정 값 23,부스팅,
AdaBoost,8,0.3704969535746132,0.03006965102206228,0.0,0.4,0.4,0.07547169811320754,0.4,0.041666666666666664,0.5246753246753247,E1 전체 기간,공정 값 23,부스팅,
AdaBoost,9,0.4129487138209372,0.024819871612710487,0.0,0.2,0.2,0.0,0.0,0.0,0.425974025974026,E1 전체 기간,공정 값 23,부스팅,
AdaBoost,10,0.43993952586276186,0.024165355374396045,0.0,0.2,0.2,0.0,0.0,0.0,0.4051948051948052,E1 전체 기간,공정 값 23,부스팅,
AdaBoost,11,0.31798155908572273,0.020067588493274956,0.0,0.0,0.0,0.043243243243243246,0.8,0.022222222222222223,0.40346320346320347,E1 전체 기간,공정 값 23,부스팅,
AdaBoost,12,0.3965949857957183,0.026230549868817586,0.0,0.0,0.2,0.0,0.0,0.0,0.5390557939914163,E1 전체 기간,공정 값 23,부스팅,
AdaBoost,13,0.3592608372648853,0.018436069293843796,0.0,0.0,0.2,0.032,0.4,0.016666666666666666,0.3203463203463204,E1 전체 기간,공정 값 23,부스팅,
AdaBoost,14,0.44441284803364983,0.02742437296527611,0.0,0.0,0.4,0.0,0.0,0.0,0.5246753246753246,E1 전체 기간,공정 값 23,부스팅,
AdaBoost,15,0.3158653624945302,0.027249725937395095,0.2,0.2,0.2,0.03980099502487562,0.8,0.02040816326530612,0.4692640692640693,E1 전체 기간,공정 값 23,부스팅,
AdaBoost,16,0.4182301579347825,0.01974978879177588,0.0,0.0,0.0,0.0,0.0,0.0,0.38441558441558443,E1 전체 기간,공정 값 23,부스팅,
AdaBoost,17,0.35093469826708396,0.021534365838685114,0.0,0.0,0.0,0.031496062992125984,0.4,0.01639344262295082,0.45236051502145924,E1 전체 기간,공정 값 23,부스팅,
AdaBoost,18,0.398473240685101,0.029953601132519304,0.0,0.0,0.4,0.0,0.0,0.0,0.6000000000000001,E1 전체 기간,공정 값 23,부스팅,
AdaBoost,19,0.38381827596564777,0.030827018131569208,0.0,0.0,0.4,0.0,0.0,0.0,0.6017316017316017,E1 전체 기간,공정 값 23,부스팅,
AdaBoost,20,0.3356002998095452,0.02698962657041925,0.0,0.2,0.2,0.048484848484848485,0.8,0.025,0.4995670995670996,E1 전체 기간,공정 값 23,부스팅,
AdaBoost,21,0.4051419383172078,0.02305338246206282,0.0,0.0,0.2,0.0,0.0,0.0,0.4701298701298702,E1 전체 기간,공정 값 23,부스팅,
AdaBoost,22,0.38056474882359653,0.021117366292605612,0.0,0.0,0.0,0.0,0.0,0.0,0.440343347639485,E1 전체 기간,공정 값 23,부스팅,
AdaBoost,23,0.26648029860606154,0.13101569621378867,0.4,0.6,0.6,0.04184100418410042,1.0,0.021367521367521368,0.6666666666666667,E1 전체 기간,공정 값 23,부스팅,
AdaBoost,24,0.44887603432931206,0.019249845729246477,0.0,0.2,0.2,0.0,0.0,0.0,0.32987012987012987,E1 전체 기간,공정 값 23,부스팅,
AdaBoost,25,0.40589387563060175,0.017800786651339454,0.0,0.0,0.0,0.0,0.0,0.0,0.3238095238095239,E1 전체 기간,공정 값 23,부스팅,
AdaBoost,26,0.4091355348645771,0.024131277564376157,0.0,0.0,0.4,0.0,0.0,0.0,0.47359307359307357,E1 전체 기간,공정 값 23,부스팅,
AdaBoost,27,0.248300715613043,0.023157358383758764,0.0,0.2,0.2,0.04329004329004329,1.0,0.022123893805309734,0.384549356223176,E1 전체 기간,공정 값 23,부스팅,
AdaBoost,28,0.3987242937202542,0.01961136125667331,0.0,0.0,0.0,0.0,0.0,0.0,0.38268398268398274,E1 전체 기간,공정 값 23,부스팅,
AdaBoost,29,0.38085666617256503,0.01920053343447122,0.0,0.0,0.2,0.0,0.0,0.0,0.36103896103896105,E1 전체 기간,공정 값 23,부스팅,
AdaBoost,30,0.34856223863879093,0.01964972722177233,0.0,0.0,0.0,0.031007751937984496,0.4,0.016129032258064516,0.3800865800865801,E1 전체 기간,공정 값 23,부스팅,
AdaBoost,31,0.321769448826117,0.03537233050340639,0.2,0.2,0.4,0.03870967741935484,0.6,0.02,0.5359307359307359,E1 전체 기간,공정 값 23,부스팅,
AdaBoost,32,0.24308548775044,0.03968572788879615,0.2,0.2,0.4,0.0411522633744856,1.0,0.02100840336134454,0.5373390557939914,E1 전체 기간,공정 값 23,부스팅,
AdaBoost,33,0.3262140593018113,0.049070990539950024,0.2,0.2,0.4,0.049079754601226995,0.8,0.02531645569620253,0.5264069264069264,E1 전체 기간,공정 값 23,부스팅,
AdaBoost,34,0.4374874839505009,0.017791220387669688,0.0,0.0,0.2,0.0,0.0,0.0,0.29004329004329005,E1 전체 기간,공정 값 23,부스팅,
AdaBoost,35,0.4105154777852391,0.021452916813901282,0.0,0.2,0.2,0.0,0.0,0.0,0.3852813852813853,E1 전체 기간,공정 값 23,부스팅,
AdaBoost,36,0.36278773877226256,0.02562014469548716,0.0,0.0,0.2,0.0273972602739726,0.2,0.014705882352941176,0.49437229437229435,E1 전체 기간,공정 값 23,부스팅,
AdaBoost,37,0.3483373028585046,0.042173809830613515,0.2,0.4,0.4,0.04316546762589928,0.6,0.022388059701492536,0.5699570815450644,E1 전체 기간,공정 값 23,부스팅,
AdaBoost,38,0.35023112102341003,0.020282100198554434,0.0,0.0,0.0,0.01904761904761905,0.2,0.01,0.4103896103896104,E1 전체 기간,공정 값 23,부스팅,
AdaBoost,39,0.32496356222531636,0.01620134661965115,0.0,0.0,0.2,0.011299435028248588,0.2,0.005813953488372093,0.2337662337662338,E1 전체 기간,공정 값 23,부스팅,
AdaBoost,40,0.37365932103215516,0.018215136153414004,0.0,0.0,0.0,0.0,0.0,0.0,0.34025974025974026,E1 전체 기간,공정 값 23,부스팅,
AdaBoost,41,0.43173011432091807,0.02398791413917632,0.0,0.0,0.2,0.0,0.0,0.0,0.48744588744588746,E1 전체 기간,공정 값 23,부스팅,
AdaBoost,42,0.3740635626763098,0.027987589474327845,0.2,0.2,0.2,0.031746031746031744,0.2,0.017241379310344827,0.49871244635193135,E1 전체 기간,공정 값 23,부스팅,
AdaBoost,43,0.3722012142241547,0.02172366260525791,0.0,0.0,0.0,0.0,0.0,0.0,0.44935064935064933,E1 전체 기간,공정 값 23,부스팅,
AdaBoost,44,0.41428998177507387,0.02632960677027391,0.0,0.2,0.4,0.0,0.0,0.0,0.49523809523809526,E1 전체 기간,공정 값 23,부스팅,
AdaBoost,45,0.2706394854052854,0.02743371323329016,0.0,0.2,0.2,0.04878048780487805,1.0,0.025,0.5497835497835498,E1 전체 기간,공정 값 23,부스팅,
AdaBoost,46,0.4364228432119811,0.01663042757815012,0.0,0.0,0.0,0.0,0.0,0.0,0.2727272727272727,E1 전체 기간,공정 값 23,부스팅,
AdaBoost,47,0.3899067329196842,0.017573098777150388,0.0,0.0,0.0,0.0,0.0,0.0,0.31931330472103003,E1 전체 기간,공정 값 23,부스팅,
AdaBoost,48,0.43417032845844183,0.015775202501458842,0.0,0.0,0.0,0.0,0.0,0.0,0.22683982683982684,E1 전체 기간,공정 값 23,부스팅,
AdaBoost,49,0.20676595402235234,0.04233544783389985,0.0,0.6,0.6,0.04149377593360996,1.0,0.0211864406779661,0.6225108225108225,E1 전체 기간,공정 값 23,부스팅,
GradientBoosting,0,0.16448764785598324,0.041483111099081836,0.2,0.4,0.4,0.0,0.0,0.0,0.5558441558441558,E1 전체 기간,공정 값 23,부스팅,
GradientBoosting,1,0.008539096508588213,0.025735630543983312,0.0,0.2,0.4,0.06349206349206349,0.4,0.034482758620689655,0.48051948051948057,E1 전체 기간,공정 값 23,부스팅,
GradientBoosting,2,0.0023001786718487437,0.0186488325542034,0.0,0.2,0.2,0.031746031746031744,0.6,0.016304347826086956,0.29012875536480687,E1 전체 기간,공정 값 23,부스팅,
GradientBoosting,3,0.3338379476488523,0.023891347129259183,0.0,0.2,0.2,0.0,0.0,0.0,0.4311688311688312,E1 전체 기간,공정 값 23,부스팅,
GradientBoosting,4,0.028517890693321547,0.038870381431383404,0.2,0.4,0.4,0.0,0.0,0.0,0.6251082251082252,E1 전체 기간,공정 값 23,부스팅,
GradientBoosting,5,0.013760588904463123,0.022415508428052802,0.0,0.0,0.0,0.0,0.0,0.0,0.4103896103896103,E1 전체 기간,공정 값 23,부스팅,
GradientBoosting,6,0.00048656461831006394,0.03397740217160971,0.0,0.2,0.2,0.04149377593360996,1.0,0.0211864406779661,0.5904761904761905,E1 전체 기간,공정 값 23,부스팅,
GradientBoosting,7,0.0006595805918428663,0.1258203978419306,0.2,0.2,0.4,0.0411522633744856,1.0,0.02100840336134454,0.623175965665236,E1 전체 기간,공정 값 23,부스팅,
GradientBoosting,8,0.010149772764843513,0.023169440520155408,0.0,0.2,0.2,0.029850746268656716,0.2,0.016129032258064516,0.43982683982683984,E1 전체 기간,공정 값 23,부스팅,
GradientBoosting,9,0.014975563786894188,0.04223592646782568,0.2,0.4,0.4,0.06557377049180328,0.4,0.03571428571428571,0.47445887445887447,E1 전체 기간,공정 값 23,부스팅,
GradientBoosting,10,0.061308242281928806,0.0365596549403661,0.2,0.4,0.4,0.0,0.0,0.0,0.4848484848484849,E1 전체 기간,공정 값 23,부스팅,
GradientBoosting,11,0.2284853846464838,0.025749097205938813,0.0,0.0,0.4,0.0,0.0,0.0,0.5108225108225108,E1 전체 기간,공정 값 23,부스팅,
GradientBoosting,12,0.019090488306344085,0.02068014793265071,0.0,0.0,0.2,0.0,0.0,0.0,0.4128755364806867,E1 전체 기간,공정 값 23,부스팅,
GradientBoosting,13,0.03602127158870516,0.038018245806481096,0.2,0.2,0.4,0.0,0.0,0.0,0.48658008658008656,E1 전체 기간,공정 값 23,부스팅,
GradientBoosting,14,0.31862288342321876,0.021792304686778348,0.0,0.2,0.2,0.0,0.0,0.0,0.4086580086580086,E1 전체 기간,공정 값 23,부스팅,
GradientBoosting,15,0.0001802041733325959,0.06603448214607632,0.4,0.4,0.4,0.04149377593360996,1.0,0.0211864406779661,0.4597402597402598,E1 전체 기간,공정 값 23,부스팅,
GradientBoosting,16,0.013789542946764695,0.02239517696184956,0.0,0.0,0.2,0.0,0.0,0.0,0.4398268398268398,E1 전체 기간,공정 값 23,부스팅,
GradientBoosting,17,0.06561603968739799,0.02089287065773699,0.0,0.2,0.2,0.0,0.0,0.0,0.37939914163090127,E1 전체 기간,공정 값 23,부스팅,
GradientBoosting,18,0.006141372923085581,0.025843637331744978,0.0,0.0,0.2,0.06315789473684211,0.6,0.03333333333333333,0.5142857142857142,E1 전체 기간,공정 값 23,부스팅,
GradientBoosting,19,0.0027666618077132076,0.028763963158989325,0.0,0.0,0.4,0.04020100502512563,0.8,0.020618556701030927,0.5593073593073594,E1 전체 기간,공정 값 23,부스팅,
GradientBoosting,20,0.0017762776275816686,0.12485853227232538,0.2,0.4,0.4,0.04484304932735426,1.0,0.022935779816513763,0.48398268398268407,E1 전체 기간,공정 값 23,부스팅,
GradientBoosting,21,0.02457921343322047,0.017842830478700042,0.0,0.0,0.2,0.0,0.0,0.0,0.31601731601731603,E1 전체 기간,공정 값 23,부스팅,
GradientBoosting,22,0.018077254098435133,0.02629405488521884,0.0,0.2,0.2,0.04878048780487805,0.2,0.027777777777777776,0.48583690987124467,E1 전체 기간,공정 값 23,부스팅,
GradientBoosting,23,0.0007304901710825767,0.10841084462982273,0.4,0.6,0.6,0.04149377593360996,1.0,0.0211864406779661,0.703030303030303,E1 전체 기간,공정 값 23,부스팅,
GradientBoosting,24,0.0023290780717211985,0.07168034021482297,0.4,0.6,0.8,0.04926108374384237,1.0,0.025252525252525252,0.793939393939394,E1 전체 기간,공정 값 23,부스팅,
GradientBoosting,25,0.06602400328696667,0.02633247429213597,0.0,0.2,0.4,0.0,0.0,0.0,0.4017316017316017,E1 전체 기간,공정 값 23,부스팅,
GradientBoosting,26,0.0015976678186341202,0.07151697238035,0.2,0.4,0.6,0.043668122270742356,1.0,0.022321428571428572,0.6857142857142857,E1 전체 기간,공정 값 23,부스팅,
GradientBoosting,27,0.014956880174571526,0.025946179704567043,0.0,0.2,0.4,0.044444444444444446,0.2,0.025,0.4841201716738198,E1 전체 기간,공정 값 23,부스팅,
GradientBoosting,28,0.0005098850892950049,0.03934291963330076,0.2,0.2,0.4,0.04149377593360996,1.0,0.0211864406779661,0.4528138528138529,E1 전체 기간,공정 값 23,부스팅,
GradientBoosting,29,0.004024692551388982,0.019214018717855035,0.0,0.0,0.2,0.027586206896551724,0.4,0.014285714285714285,0.34805194805194806,E1 전체 기간,공정 값 23,부스팅,
GradientBoosting,30,0.0008676529575037449,0.024771766088349315,0.0,0.0,0.2,0.04149377593360996,1.0,0.0211864406779661,0.49090909090909096,E1 전체 기간,공정 값 23,부스팅,
GradientBoosting,31,0.0009556081572620857,0.029847078714854952,0.2,0.2,0.2,0.04184100418410042,1.0,0.021367521367521368,0.47532467532467537,E1 전체 기간,공정 값 23,부스팅,
GradientBoosting,32,0.0005929036983953591,0.08062867978783898,0.4,0.4,0.4,0.0411522633744856,1.0,0.02100840336134454,0.5562231759656653,E1 전체 기간,공정 값 23,부스팅,
GradientBoosting,33,0.04690388208528064,0.018132078629780217,0.0,0.0,0.0,0.0,0.0,0.0,0.3142857142857143,E1 전체 기간,공정 값 23,부스팅,
GradientBoosting,34,0.011078267988830954,0.03307859030684729,0.2,0.2,0.2,0.029850746268656716,0.2,0.016129032258064516,0.4008658008658008,E1 전체 기간,공정 값 23,부스팅,
GradientBoosting,35,0.13099556039901172,0.03532891589422976,0.2,0.2,0.2,0.0,0.0,0.0,0.5670995670995671,E1 전체 기간,공정 값 23,부스팅,
GradientBoosting,36,0.007816384729999251,0.020201470652183206,0.0,0.0,0.0,0.0,0.0,0.0,0.3974025974025974,E1 전체 기간,공정 값 23,부스팅,
GradientBoosting,37,0.10921042405296717,0.022060530746881017,0.0,0.0,0.4,0.0,0.0,0.0,0.3948497854077253,E1 전체 기간,공정 값 23,부스팅,
GradientBoosting,38,0.003640849931305729,0.01975136589510909,0.0,0.0,0.0,0.022857142857142857,0.4,0.011764705882352941,0.3748917748917749,E1 전체 기간,공정 값 23,부스팅,
GradientBoosting,39,0.0010669284830059156,0.2139525586952418,0.2,0.2,0.2,0.026905829596412557,0.6,0.013761467889908258,0.33246753246753247,E1 전체 기간,공정 값 23,부스팅,
GradientBoosting,40,0.0008568163479518091,0.024459280215869086,0.0,0.2,0.2,0.03375527426160337,0.8,0.017241379310344827,0.4173160173160173,E1 전체 기간,공정 값 23,부스팅,
GradientBoosting,41,0.0016424815130833862,0.06660811171018786,0.2,0.2,0.2,0.04608294930875576,1.0,0.02358490566037736,0.438961038961039,E1 전체 기간,공정 값 23,부스팅,
GradientBoosting,42,0.017584283918413334,0.033746618878197826,0.0,0.4,0.4,0.0,0.0,0.0,0.5828326180257511,E1 전체 기간,공정 값 23,부스팅,
GradientBoosting,43,0.038105466939417305,0.014780429715212325,0.0,0.0,0.0,0.0,0.0,0.0,0.17835497835497838,E1 전체 기간,공정 값 23,부스팅,
GradientBoosting,44,0.01743115195950704,0.04048929564923884,0.2,0.4,0.6,0.05714285714285714,0.2,0.03333333333333333,0.6277056277056277,E1 전체 기간,공정 값 23,부스팅,
GradientBoosting,45,0.07674428152495263,0.024365976402006675,0.0,0.0,0.4,0.0,0.0,0.0,0.4614718614718615,E1 전체 기간,공정 값 23,부스팅,
GradientBoosting,46,0.4666763172946384,0.026137110877675847,0.2,0.2,0.2,0.0,0.0,0.0,0.4303030303030303,E1 전체 기간,공정 값 23,부스팅,
GradientBoosting,47,0.011970411167669975,0.015896276152988244,0.0,0.0,0.0,0.0,0.0,0.0,0.24549356223175967,E1 전체 기간,공정 값 23,부스팅,
GradientBoosting,48,0.007278105841469841,0.03257994484539107,0.2,0.2,0.2,0.022988505747126436,0.2,0.012195121951219513,0.4008658008658009,E1 전체 기간,공정 값 23,부스팅,
GradientBoosting,49,0.06739468985446259,0.02505972096951858,0.0,0.0,0.2,0.0,0.0,0.0,0.4926406926406926,E1 전체 기간,공정 값 23,부스팅,
HistGradientBoosting,0,2.344897878810679e-05,0.049846355829962385,0.0,0.6,0.8,0.061068702290076333,0.8,0.031746031746031744,0.6926406926406927,E1 전체 기간,공정 값 23,부스팅,
HistGradientBoosting,1,4.060956489743011e-05,0.02206715924388338,0.0,0.2,0.2,0.025974025974025976,0.2,0.013888888888888888,0.44069264069264075,E1 전체 기간,공정 값 23,부스팅,
HistGradientBoosting,2,0.001297170238474814,0.01954550139008724,0.0,0.0,0.0,0.0,0.0,0.0,0.3939914163090129,E1 전체 기간,공정 값 23,부스팅,
HistGradientBoosting,3,2.2303534472688854e-05,0.03966958769344384,0.0,0.4,0.6,0.046948356807511735,1.0,0.02403846153846154,0.632900432900433,E1 전체 기간,공정 값 23,부스팅,
HistGradientBoosting,4,0.44070499926116785,0.0278511108364723,0.0,0.0,0.4,0.0,0.0,0.0,0.554978354978355,E1 전체 기간,공정 값 23,부스팅,
HistGradientBoosting,5,2.205673750635778e-05,0.03544592584876945,0.2,0.4,0.4,0.029850746268656716,0.6,0.015306122448979591,0.4398268398268399,E1 전체 기간,공정 값 23,부스팅,
HistGradientBoosting,6,0.09668426986481748,0.07397340597442172,0.4,0.4,0.4,0.0,0.0,0.0,0.5445887445887446,E1 전체 기간,공정 값 23,부스팅,
HistGradientBoosting,7,6.549724315515186e-05,0.032671520532422504,0.0,0.2,0.4,0.07766990291262135,0.8,0.04081632653061224,0.6197424892703863,E1 전체 기간,공정 값 23,부스팅,
HistGradientBoosting,8,0.001000773578468455,0.03672771236154036,0.2,0.2,0.4,0.08695652173913043,0.2,0.05555555555555555,0.5861471861471861,E1 전체 기간,공정 값 23,부스팅,
HistGradientBoosting,9,0.0042786699750572265,0.06837926128826538,0.2,0.4,0.6,0.09523809523809523,0.2,0.0625,0.5792207792207792,E1 전체 기간,공정 값 23,부스팅,
HistGradientBoosting,10,2.7243361510325374e-05,0.021237646001796943,0.0,0.0,0.2,0.039603960396039604,0.4,0.020833333333333332,0.41991341991341996,E1 전체 기간,공정 값 23,부스팅,
HistGradientBoosting,11,0.0016533029247855053,0.016495885031698257,0.0,0.0,0.0,0.0,0.0,0.0,0.27445887445887446,E1 전체 기간,공정 값 23,부스팅,
HistGradientBoosting,12,0.00031581964650657024,0.03638920299084609,0.2,0.4,0.4,0.06557377049180328,0.4,0.03571428571428571,0.5793991416309012,E1 전체 기간,공정 값 23,부스팅,
HistGradientBoosting,13,5.692558130369778e-05,0.023371058891316715,0.0,0.2,0.2,0.042105263157894736,0.4,0.022222222222222223,0.46839826839826837,E1 전체 기간,공정 값 23,부스팅,
HistGradientBoosting,14,0.48890960269905975,0.06523197170512121,0.4,0.4,0.6,0.0,0.0,0.0,0.5982683982683983,E1 전체 기간,공정 값 23,부스팅,
HistGradientBoosting,15,2.2303790366297566e-05,0.035931853479932746,0.2,0.4,0.4,0.023668639053254437,0.4,0.012195121951219513,0.3887445887445888,E1 전체 기간,공정 값 23,부스팅,
HistGradientBoosting,16,0.00026862689555333765,0.02458293494010792,0.0,0.0,0.4,0.0,0.0,0.0,0.4831168831168831,E1 전체 기간,공정 값 23,부스팅,
HistGradientBoosting,17,0.06507054711366843,0.03535591077430349,0.2,0.2,0.4,0.0,0.0,0.0,0.513304721030043,E1 전체 기간,공정 값 23,부스팅,
HistGradientBoosting,18,0.006149781807312466,0.042146482819049196,0.2,0.2,0.4,0.0,0.0,0.0,0.7012987012987013,E1 전체 기간,공정 값 23,부스팅,
HistGradientBoosting,19,2.230355245889803e-05,0.09593427842950615,0.4,0.4,0.6,0.0427807486631016,0.8,0.02197802197802198,0.6995670995670995,E1 전체 기간,공정 값 23,부스팅,
HistGradientBoosting,20,0.000207796675422139,0.023752888715294733,0.0,0.2,0.2,0.028169014084507043,0.2,0.015151515151515152,0.4493506493506494,E1 전체 기간,공정 값 23,부스팅,
HistGradientBoosting,21,0.12895682769051506,0.04628945438498222,0.2,0.4,0.4,0.0,0.0,0.0,0.5523809523809524,E1 전체 기간,공정 값 23,부스팅,
HistGradientBoosting,22,0.5637171930954599,0.02197951029743514,0.0,0.0,0.0,0.0,0.0,0.0,0.45665236051502145,E1 전체 기간,공정 값 23,부스팅,
HistGradientBoosting,23,2.2264450151505985e-05,0.17271454286181828,0.4,0.4,0.6,0.05128205128205128,1.0,0.02631578947368421,0.7238095238095238,E1 전체 기간,공정 값 23,부스팅,
HistGradientBoosting,24,0.005233741959765724,0.041149181854840004,0.2,0.2,0.2,0.09523809523809523,0.2,0.0625,0.4207792207792208,E1 전체 기간,공정 값 23,부스팅,
HistGradientBoosting,25,0.00017104099546385855,0.02294471301675464,0.0,0.0,0.2,0.0273972602739726,0.2,0.014705882352941176,0.4683982683982684,E1 전체 기간,공정 값 23,부스팅,
HistGradientBoosting,26,6.17955676201833e-05,0.06239097380606815,0.4,0.4,0.4,0.06315789473684211,0.6,0.03333333333333333,0.5593073593073593,E1 전체 기간,공정 값 23,부스팅,
HistGradientBoosting,27,2.2276043932057602e-05,0.12410111800355704,0.2,0.2,0.4,0.04784688995215311,1.0,0.024509803921568627,0.5982832618025751,E1 전체 기간,공정 값 23,부스팅,
HistGradientBoosting,28,0.001567900481227522,0.020945117792360992,0.0,0.0,0.2,0.0,0.0,0.0,0.3974025974025974,E1 전체 기간,공정 값 23,부스팅,
HistGradientBoosting,29,0.022323252404168912,0.024997922404537635,0.0,0.2,0.2,0.0,0.0,0.0,0.49437229437229435,E1 전체 기간,공정 값 23,부스팅,
HistGradientBoosting,30,0.1210362328639047,0.026206348263339924,0.0,0.2,0.2,0.0,0.0,0.0,0.5290043290043289,E1 전체 기간,공정 값 23,부스팅,
HistGradientBoosting,31,8.198663647094619e-05,0.028138545273674466,0.0,0.2,0.4,0.04819277108433735,0.4,0.02564102564102564,0.5012987012987012,E1 전체 기간,공정 값 23,부스팅,
HistGradientBoosting,32,3.621902664918912e-05,0.12245353543165005,0.2,0.2,0.4,0.04040404040404041,0.4,0.02127659574468085,0.5424892703862662,E1 전체 기간,공정 값 23,부스팅,
HistGradientBoosting,33,0.003529693469255121,0.042806926406926404,0.2,0.4,0.4,0.0,0.0,0.0,0.638095238095238,E1 전체 기간,공정 값 23,부스팅,
HistGradientBoosting,34,0.7765624856136532,0.04397497133973634,0.2,0.2,0.4,0.0,0.0,0.0,0.4623376623376623,E1 전체 기간,공정 값 23,부스팅,
HistGradientBoosting,35,0.0021355114518723834,0.11679063146678477,0.2,0.2,0.2,0.06060606060606061,0.2,0.03571428571428571,0.4337662337662338,E1 전체 기간,공정 값 23,부스팅,
HistGradientBoosting,36,0.0009251040193649965,0.08615038728041823,0.4,0.6,0.8,0.09523809523809523,0.2,0.0625,0.7575757575757576,E1 전체 기간,공정 값 23,부스팅,
HistGradientBoosting,37,0.002293132976566593,0.04129042763224848,0.0,0.4,0.6,0.0,0.0,0.0,0.6420600858369099,E1 전체 기간,공정 값 23,부스팅,
HistGradientBoosting,38,0.00047727845088883325,0.023465894156156526,0.0,0.0,0.2,0.0,0.0,0.0,0.4701298701298702,E1 전체 기간,공정 값 23,부스팅,
HistGradientBoosting,39,8.206850941026327e-05,0.049160849587504114,0.2,0.2,0.2,0.024096385542168676,0.2,0.01282051282051282,0.4034632034632034,E1 전체 기간,공정 값 23,부스팅,
HistGradientBoosting,40,4.456790013504481e-05,0.03834868046835593,0.2,0.2,0.4,0.037383177570093455,0.4,0.0196078431372549,0.4354978354978355,E1 전체 기간,공정 값 23,부스팅,
HistGradientBoosting,41,8.717818507509174e-05,0.22100724173427827,0.2,0.2,0.2,0.029850746268656716,0.2,0.016129032258064516,0.5497835497835498,E1 전체 기간,공정 값 23,부스팅,
HistGradientBoosting,42,0.0004338821634049965,0.025663214823634612,0.0,0.2,0.2,0.044444444444444446,0.2,0.025,0.4420600858369099,E1 전체 기간,공정 값 23,부스팅,
HistGradientBoosting,43,0.11292981580494021,0.028131736293293116,0.2,0.2,0.2,0.0,0.0,0.0,0.47186147186147187,E1 전체 기간,공정 값 23,부스팅,
HistGradientBoosting,44,0.008505677963347632,0.048516611335780335,0.2,0.2,0.4,0.11764705882352941,0.2,0.08333333333333333,0.4909090909090909,E1 전체 기간,공정 값 23,부스팅,
HistGradientBoosting,45,0.0004069050580530585,0.0285224229607225,0.2,0.2,0.2,0.03636363636363636,0.2,0.02,0.45541125541125543,E1 전체 기간,공정 값 23,부스팅,
HistGradientBoosting,46,0.9000154662910188,0.02138702681534907,0.0,0.2,0.2,0.0,0.0,0.0,0.34978354978354975,E1 전체 기간,공정 값 23,부스팅,
HistGradientBoosting,47,0.0001908295813616409,0.01951094452937502,0.0,0.0,0.0,0.0,0.0,0.0,0.3811158798283262,E1 전체 기간,공정 값 23,부스팅,
HistGradientBoosting,48,0.009932585703981062,0.014963256953108349,0.0,0.0,0.0,0.0,0.0,0.0,0.18354978354978352,E1 전체 기간,공정 값 23,부스팅,
HistGradientBoosting,49,2.2229151110285675e-05,0.050460478133347975,0.2,0.4,0.4,0.046948356807511735,1.0,0.02403846153846154,0.5774891774891775,E1 전체 기간,공정 값 23,부스팅,
XGBoost,0,0.5880215764045715,0.047233489885657655,0.0,0.6,0.6,0.0,0.0,0.0,0.7099567099567099,E1 전체 기간,공정 값 23,부스팅,
XGBoost,1,0.08129093050956726,0.026102403631319725,0.0,0.2,0.2,0.046511627906976744,0.2,0.02631578947368421,0.46839826839826837,E1 전체 기간,공정 값 23,부스팅,
XGBoost,2,0.3364295959472656,0.027222146408296306,0.2,0.2,0.4,0.0,0.0,0.0,0.41716738197424896,E1 전체 기간,공정 값 23,부스팅,
XGBoost,3,2.2477004677057266e-05,0.0396330768924783,0.0,0.2,0.6,0.04149377593360996,1.0,0.0211864406779661,0.6909090909090909,E1 전체 기간,공정 값 23,부스팅,
XGBoost,4,0.5742462873458862,0.0295915186221199,0.0,0.2,0.2,0.0,0.0,0.0,0.5645021645021645,E1 전체 기간,공정 값 23,부스팅,
XGBoost,5,0.014788394793868065,0.052733458483524925,0.2,0.4,0.4,0.037383177570093455,0.4,0.0196078431372549,0.6112554112554113,E1 전체 기간,공정 값 23,부스팅,
XGBoost,6,0.00026568968314677477,0.049516811902865165,0.2,0.2,0.4,0.03524229074889868,0.8,0.018018018018018018,0.5073593073593073,E1 전체 기간,공정 값 23,부스팅,
XGBoost,7,0.475018709897995,0.030345010882768853,0.2,0.2,0.2,0.0,0.0,0.0,0.5373390557939914,E1 전체 기간,공정 값 23,부스팅,
XGBoost,8,0.052587978541851044,0.05961970306797893,0.2,0.4,0.4,0.07017543859649122,0.4,0.038461538461538464,0.6406926406926408,E1 전체 기간,공정 값 23,부스팅,
XGBoost,9,0.21618688106536865,0.053474119177984364,0.2,0.4,0.4,0.08695652173913043,0.2,0.05555555555555555,0.47445887445887447,E1 전체 기간,공정 값 23,부스팅,
XGBoost,10,0.10697959363460541,0.02749406130578183,0.0,0.2,0.4,0.0,0.0,0.0,0.5056277056277056,E1 전체 기간,공정 값 23,부스팅,
XGBoost,11,0.398479163646698,0.022191061292920863,0.0,0.0,0.0,0.0,0.0,0.0,0.45021645021645024,E1 전체 기간,공정 값 23,부스팅,
XGBoost,12,0.055653225630521774,0.05483300264550264,0.2,0.4,0.4,0.06779661016949153,0.4,0.037037037037037035,0.5296137339055793,E1 전체 기간,공정 값 23,부스팅,
XGBoost,13,0.17459799349308014,0.026701724613137336,0.0,0.2,0.4,0.0,0.0,0.0,0.4502164502164502,E1 전체 기간,공정 값 23,부스팅,
XGBoost,14,0.23514753580093384,0.04049318389592778,0.2,0.4,0.6,0.0,0.0,0.0,0.509090909090909,E1 전체 기간,공정 값 23,부스팅,
XGBoost,15,0.006771985907107592,0.055196782885485046,0.2,0.4,0.4,0.048484848484848485,0.8,0.025,0.5532467532467533,E1 전체 기간,공정 값 23,부스팅,
XGBoost,16,0.15239892899990082,0.02288266254342225,0.0,0.0,0.0,0.0,0.0,0.0,0.47792207792207797,E1 전체 기간,공정 값 23,부스팅,
XGBoost,17,0.004529827274382114,0.030162924397587665,0.0,0.2,0.2,0.06896551724137931,1.0,0.03571428571428571,0.5974248927038626,E1 전체 기간,공정 값 23,부스팅,
XGBoost,18,0.8222290277481079,0.029328106275509674,0.0,0.2,0.4,0.0,0.0,0.0,0.5333333333333334,E1 전체 기간,공정 값 23,부스팅,
XGBoost,19,0.0002811156737152487,0.0821847495509743,0.2,0.2,0.6,0.04219409282700422,1.0,0.021551724137931036,0.7012987012987013,E1 전체 기간,공정 값 23,부스팅,
XGBoost,20,0.003566174069419503,0.03789210244424968,0.2,0.2,0.4,0.03680981595092025,0.6,0.0189873417721519,0.5688311688311688,E1 전체 기간,공정 값 23,부스팅,
XGBoost,21,0.3404473662376404,0.1284958447023526,0.2,0.4,0.4,0.15384615384615385,0.2,0.125,0.5844155844155844,E1 전체 기간,공정 값 23,부스팅,
XGBoost,22,0.030250685289502144,0.035995277054100584,0.0,0.4,0.4,0.039603960396039604,0.4,0.020833333333333332,0.6042918454935622,E1 전체 기간,공정 값 23,부스팅,
XGBoost,23,0.07192274183034897,0.25380786754474916,0.4,0.4,0.6,0.08888888888888889,0.4,0.05,0.587012987012987,E1 전체 기간,공정 값 23,부스팅,
XGBoost,24,0.7223038077354431,0.021690598728794065,0.0,0.2,0.2,0.0,0.0,0.0,0.3142857142857143,E1 전체 기간,공정 값 23,부스팅,
XGBoost,25,0.11531790345907211,0.020681102950931146,0.0,0.0,0.2,0.0,0.0,0.0,0.40692640692640697,E1 전체 기간,공정 값 23,부스팅,
XGBoost,26,0.001595625770278275,0.05264709868335039,0.2,0.6,0.8,0.03902439024390244,0.8,0.02,0.6891774891774892,E1 전체 기간,공정 값 23,부스팅,
XGBoost,27,0.0003895132686011493,0.0740977562891894,0.2,0.4,0.4,0.03619909502262444,0.8,0.018518518518518517,0.5339055793991416,E1 전체 기간,공정 값 23,부스팅,
XGBoost,28,0.15674659609794617,0.03387380837813352,0.2,0.4,0.4,0.06896551724137931,0.2,0.041666666666666664,0.47705627705627707,E1 전체 기간,공정 값 23,부스팅,
XGBoost,29,0.044545575976371765,0.022380795288937858,0.0,0.0,0.2,0.031746031746031744,0.2,0.017241379310344827,0.451948051948052,E1 전체 기간,공정 값 23,부스팅,
XGBoost,30,0.0029765788931399584,0.03235936453695074,0.0,0.2,0.2,0.053475935828877004,1.0,0.027472527472527472,0.6086580086580087,E1 전체 기간,공정 값 23,부스팅,
XGBoost,31,0.5310996174812317,0.04315104624507163,0.2,0.2,0.4,0.0,0.0,0.0,0.5116883116883117,E1 전체 기간,공정 값 23,부스팅,
XGBoost,32,0.018477410078048706,0.0549359947248864,0.4,0.4,0.4,0.061855670103092786,0.6,0.03260869565217391,0.6025751072961374,E1 전체 기간,공정 값 23,부스팅,
XGBoost,33,0.015721319243311882,0.0607841642228739,0.4,0.4,0.4,0.0449438202247191,0.4,0.023809523809523808,0.5826839826839827,E1 전체 기간,공정 값 23,부스팅,
XGBoost,34,0.47269585728645325,0.1148696936461609,0.2,0.2,0.2,0.2222222222222222,0.2,0.25,0.36969696969696975,E1 전체 기간,공정 값 23,부스팅,
XGBoost,35,0.10769917815923691,0.13068814711246704,0.2,0.4,0.4,0.06557377049180328,0.4,0.03571428571428571,0.6502164502164502,E1 전체 기간,공정 값 23,부스팅,
XGBoost,36,0.005652388092130423,0.040698892801812145,0.2,0.4,0.4,0.04316546762589928,0.6,0.022388059701492536,0.5653679653679653,E1 전체 기간,공정 값 23,부스팅,
XGBoost,37,0.7251474261283875,0.03154800848549733,0.0,0.4,0.6,0.0,0.0,0.0,0.5356223175965665,E1 전체 기간,공정 값 23,부스팅,
XGBoost,38,0.36125385761260986,0.029113696542511714,0.0,0.2,0.4,0.0,0.0,0.0,0.5584415584415585,E1 전체 기간,공정 값 23,부스팅,
XGBoost,39,0.08295262604951859,0.018073928425898736,0.0,0.0,0.0,0.0,0.0,0.0,0.29783549783549784,E1 전체 기간,공정 값 23,부스팅,
XGBoost,40,0.37141168117523193,0.029700392750848986,0.2,0.2,0.4,0.0,0.0,0.0,0.45367965367965374,E1 전체 기간,공정 값 23,부스팅,
XGBoost,41,0.06397440284490585,0.03442241968557758,0.2,0.2,0.4,0.0392156862745098,0.2,0.021739130434782608,0.5896103896103896,E1 전체 기간,공정 값 23,부스팅,
XGBoost,42,0.013979884795844555,0.05317397957558141,0.2,0.6,0.8,0.08080808080808081,0.8,0.0425531914893617,0.6824034334763949,E1 전체 기간,공정 값 23,부스팅,
XGBoost,43,0.009101605042815208,0.025625490782453686,0.0,0.2,0.2,0.034782608695652174,0.4,0.01818181818181818,0.48311688311688317,E1 전체 기간,공정 값 23,부스팅,
XGBoost,44,0.275185227394104,0.03709013756137578,0.2,0.2,0.4,0.08695652173913043,0.2,0.05555555555555555,0.6000000000000001,E1 전체 기간,공정 값 23,부스팅,
XGBoost,45,0.006673996802419424,0.03609709164249604,0.0,0.4,0.4,0.052980132450331126,0.8,0.0273972602739726,0.5826839826839827,E1 전체 기간,공정 값 23,부스팅,
XGBoost,46,0.004411510191857815,0.018257127115678867,0.0,0.0,0.0,0.028368794326241134,0.4,0.014705882352941176,0.34545454545454546,E1 전체 기간,공정 값 23,부스팅,
XGBoost,47,0.026877466589212418,0.01801631399366406,0.0,0.0,0.0,0.0,0.0,0.0,0.3399141630901288,E1 전체 기간,공정 값 23,부스팅,
XGBoost,48,0.3356734812259674,0.01856112687354239,0.0,0.2,0.2,0.0,0.0,0.0,0.3142857142857143,E1 전체 기간,공정 값 23,부스팅,
XGBoost,49,0.12519559264183044,0.06063235778684765,0.2,0.6,0.6,0.11764705882352941,0.6,0.06521739130434782,0.6935064935064936,E1 전체 기간,공정 값 23,부스팅,
LightGBM,0,0.9823793401191029,0.06523177694227535,0.4,0.6,0.6,0.0,0.0,0.0,0.6909090909090909,E1 전체 기간,공정 값 23,부스팅,
LightGBM,1,0.44989125965539795,0.026970616111120234,0.0,0.2,0.2,0.0,0.0,0.0,0.48917748917748916,E1 전체 기간,공정 값 23,부스팅,
LightGBM,2,0.45842895195838607,0.025562127516564517,0.0,0.2,0.4,0.0,0.0,0.0,0.4429184549356223,E1 전체 기간,공정 값 23,부스팅,
LightGBM,3,1.1992022367099764e-06,0.0738521076446773,0.4,0.6,0.6,0.04149377593360996,1.0,0.0211864406779661,0.7965367965367965,E1 전체 기간,공정 값 23,부스팅,
LightGBM,4,0.9831624579045167,0.02412489221269431,0.0,0.2,0.2,0.0,0.0,0.0,0.4571428571428572,E1 전체 기간,공정 값 23,부스팅,
LightGBM,5,0.05092116311851842,0.04984219426943886,0.2,0.4,0.4,0.057971014492753624,0.4,0.03125,0.6008658008658009,E1 전체 기간,공정 값 23,부스팅,
LightGBM,6,0.0024522462844276016,0.061853661563280454,0.2,0.2,0.4,0.042105263157894736,0.4,0.022222222222222223,0.5212121212121212,E1 전체 기간,공정 값 23,부스팅,
LightGBM,7,0.11754890744658088,0.028864334806473428,0.2,0.2,0.4,0.05128205128205128,0.2,0.029411764705882353,0.5047210300429185,E1 전체 기간,공정 값 23,부스팅,
LightGBM,8,0.13338768865238587,0.0572983749797039,0.2,0.6,0.6,0.07407407407407407,0.2,0.045454545454545456,0.6874458874458875,E1 전체 기간,공정 값 23,부스팅,
LightGBM,9,0.9797264321266113,0.08787880152811839,0.2,0.2,0.4,0.0,0.0,0.0,0.48138528138528136,E1 전체 기간,공정 값 23,부스팅,
LightGBM,10,0.07644725238076082,0.029149183172152406,0.2,0.2,0.2,0.0,0.0,0.0,0.5246753246753246,E1 전체 기간,공정 값 23,부스팅,
LightGBM,11,0.4403621252508694,0.0215445555957964,0.0,0.0,0.0,0.0,0.0,0.0,0.4432900432900433,E1 전체 기간,공정 값 23,부스팅,
LightGBM,12,0.16468239331282747,0.07676657603916816,0.4,0.4,0.4,0.12903225806451613,0.4,0.07692307692307693,0.584549356223176,E1 전체 기간,공정 값 23,부스팅,
LightGBM,13,0.2786120545878842,0.04420518966834779,0.4,0.4,0.4,0.08,0.2,0.05,0.48484848484848486,E1 전체 기간,공정 값 23,부스팅,
LightGBM,14,0.4487166086383465,0.06256539740162562,0.4,0.6,0.6,0.0,0.0,0.0,0.6025974025974026,E1 전체 기간,공정 값 23,부스팅,
LightGBM,15,4.846816736264234e-06,0.04389807691213562,0.2,0.4,0.6,0.04184100418410042,1.0,0.021367521367521368,0.6398268398268399,E1 전체 기간,공정 값 23,부스팅,
LightGBM,16,0.2455180992533037,0.029525056112369347,0.2,0.2,0.2,0.06896551724137931,0.2,0.041666666666666664,0.5194805194805194,E1 전체 기간,공정 값 23,부스팅,
LightGBM,17,0.8268818436807053,0.03540203094076136,0.2,0.2,0.2,0.0,0.0,0.0,0.6163090128755364,E1 전체 기간,공정 값 23,부스팅,
LightGBM,18,0.9761478632428332,0.03303848605484913,0.0,0.4,0.4,0.0,0.0,0.0,0.5333333333333333,E1 전체 기간,공정 값 23,부스팅,
LightGBM,19,4.908811688441793e-05,0.14397414358688113,0.2,0.6,0.8,0.043668122270742356,1.0,0.022321428571428572,0.7116883116883118,E1 전체 기간,공정 값 23,부스팅,
LightGBM,20,0.8515437235248612,0.033838744588744585,0.2,0.2,0.4,0.0,0.0,0.0,0.5896103896103896,E1 전체 기간,공정 값 23,부스팅,
LightGBM,21,0.19005766586771314,0.10011953116313142,0.4,0.6,0.6,0.11764705882352941,0.2,0.08333333333333333,0.6502164502164502,E1 전체 기간,공정 값 23,부스팅,
LightGBM,22,0.203079500837644,0.02196910862743153,0.0,0.0,0.4,0.0,0.0,0.0,0.41030042918454934,E1 전체 기간,공정 값 23,부스팅,
LightGBM,23,0.11716552707288092,0.09763799418971833,0.4,0.6,0.6,0.13793103448275862,0.4,0.08333333333333333,0.6476190476190475,E1 전체 기간,공정 값 23,부스팅,
LightGBM,24,0.5266607338161554,0.026841340326506646,0.2,0.2,0.2,0.0,0.0,0.0,0.3922077922077922,E1 전체 기간,공정 값 23,부스팅,
LightGBM,25,0.2720457312558166,0.020872962520134042,0.0,0.0,0.2,0.0,0.0,0.0,0.4155844155844156,E1 전체 기간,공정 값 23,부스팅,
LightGBM,26,5.6754299336111954e-05,0.050062595112987045,0.2,0.4,0.6,0.046511627906976744,1.0,0.023809523809523808,0.7012987012987013,E1 전체 기간,공정 값 23,부스팅,
LightGBM,27,0.0034084832794420805,0.1227612431723029,0.2,0.2,0.4,0.056074766355140186,0.6,0.029411764705882353,0.5339055793991416,E1 전체 기간,공정 값 23,부스팅,
LightGBM,28,0.5000857359681462,0.029783411678407576,0.2,0.2,0.2,0.0,0.0,0.0,0.42164502164502166,E1 전체 기간,공정 값 23,부스팅,
LightGBM,29,0.0604753875392083,0.02857368919707142,0.0,0.0,0.2,0.0,0.0,0.0,0.5852813852813853,E1 전체 기간,공정 값 23,부스팅,
LightGBM,30,0.006792458928536451,0.029168603089500297,0.0,0.2,0.4,0.04597701149425287,0.4,0.024390243902439025,0.5359307359307359,E1 전체 기간,공정 값 23,부스팅,
LightGBM,31,0.009444337409918818,0.04055919792929103,0.2,0.4,0.4,0.05970149253731343,0.4,0.03225806451612903,0.6225108225108225,E1 전체 기간,공정 값 23,부스팅,
LightGBM,32,0.0961580286593904,0.08391847521674989,0.2,0.4,0.4,0.06060606060606061,0.2,0.03571428571428571,0.6660944206008583,E1 전체 기간,공정 값 23,부스팅,
LightGBM,33,0.5202485747473744,0.04956510415889344,0.2,0.4,0.4,0.13333333333333333,0.2,0.1,0.5965367965367966,E1 전체 기간,공정 값 23,부스팅,
LightGBM,34,0.7470444457949837,0.1137097083324777,0.2,0.2,0.2,0.0,0.0,0.0,0.3212121212121212,E1 전체 기간,공정 값 23,부스팅,
LightGBM,35,0.49035570957604707,0.08026944490810148,0.2,0.4,0.4,0.13333333333333333,0.2,0.1,0.6675324675324675,E1 전체 기간,공정 값 23,부스팅,
LightGBM,36,0.7031479221605927,0.03094490349579784,0.2,0.2,0.4,0.0,0.0,0.0,0.5480519480519481,E1 전체 기간,공정 값 23,부스팅,
LightGBM,37,0.2329368436139034,0.036698422081014065,0.0,0.2,0.6,0.0,0.0,0.0,0.609442060085837,E1 전체 기간,공정 값 23,부스팅,
LightGBM,38,0.47131909204796624,0.027206252794491622,0.0,0.2,0.4,0.0,0.0,0.0,0.47878787878787876,E1 전체 기간,공정 값 23,부스팅,
LightGBM,39,0.02091165394921759,0.02007379175249905,0.0,0.0,0.2,0.0,0.0,0.0,0.37922077922077924,E1 전체 기간,공정 값 23,부스팅,
LightGBM,40,0.04069412334401273,0.025398498954499454,0.0,0.4,0.4,0.046511627906976744,0.2,0.02631578947368421,0.4069264069264069,E1 전체 기간,공정 값 23,부스팅,
LightGBM,41,0.010737001555484823,0.03445953704687863,0.0,0.2,0.4,0.057971014492753624,0.4,0.03125,0.6051948051948052,E1 전체 기간,공정 값 23,부스팅,
LightGBM,42,0.029292863306222182,0.0786056183301946,0.4,0.6,0.8,0.13333333333333333,0.6,0.075,0.7218884120171675,E1 전체 기간,공정 값 23,부스팅,
LightGBM,43,0.38337925392133027,0.03131128687003838,0.2,0.2,0.2,0.0,0.0,0.0,0.5523809523809524,E1 전체 기간,공정 값 23,부스팅,
LightGBM,44,0.6949068682297102,0.034644758617131025,0.0,0.2,0.2,0.0,0.0,0.0,0.6363636363636364,E1 전체 기간,공정 값 23,부스팅,
LightGBM,45,0.0021591242897745317,0.03977870564323814,0.2,0.2,0.4,0.045112781954887216,0.6,0.0234375,0.5878787878787879,E1 전체 기간,공정 값 23,부스팅,
LightGBM,46,0.274830031741685,0.022272028147832097,0.0,0.2,0.2,0.0,0.0,0.0,0.42683982683982685,E1 전체 기간,공정 값 23,부스팅,
LightGBM,47,0.5935408097731844,0.02097600189032414,0.0,0.2,0.2,0.0,0.0,0.0,0.3862660944206009,E1 전체 기간,공정 값 23,부스팅,
LightGBM,48,0.3768854078371635,0.022842582538479844,0.0,0.2,0.2,0.0,0.0,0.0,0.40952380952380957,E1 전체 기간,공정 값 23,부스팅,
LightGBM,49,0.38406799593167784,0.051046484442278946,0.2,0.4,0.8,0.07407407407407407,0.2,0.045454545454545456,0.6848484848484848,E1 전체 기간,공정 값 23,부스팅,
CatBoost,0,0.023832115666457966,0.043118949123388636,0.2,0.4,0.4,0.07272727272727272,0.4,0.04,0.6666666666666666,E1 전체 기간,공정 값 23,부스팅,
CatBoost,1,0.009502407369190832,0.02508144914364713,0.0,0.2,0.4,0.04819277108433735,0.4,0.02564102564102564,0.48744588744588746,E1 전체 기간,공정 값 23,부스팅,
CatBoost,2,0.09294188737688935,0.023618436380949785,0.0,0.2,0.2,0.0,0.0,0.0,0.4309012875536481,E1 전체 기간,공정 값 23,부스팅,
CatBoost,3,0.0003313281229123328,0.04184854248369499,0.2,0.4,0.4,0.04184100418410042,1.0,0.021367521367521368,0.6320346320346321,E1 전체 기간,공정 값 23,부스팅,
CatBoost,4,0.29103893411175663,0.027080242328676243,0.0,0.2,0.2,0.0,0.0,0.0,0.509090909090909,E1 전체 기간,공정 값 23,부스팅,
CatBoost,5,0.0002561255253670558,0.045526165011459126,0.0,0.6,0.6,0.043668122270742356,1.0,0.022321428571428572,0.6822510822510823,E1 전체 기간,공정 값 23,부스팅,
CatBoost,6,0.03740351379324676,0.08442948791385038,0.4,0.4,0.4,0.0851063829787234,0.4,0.047619047619047616,0.5714285714285715,E1 전체 기간,공정 값 23,부스팅,
CatBoost,7,0.11607415405005994,0.036291334110454265,0.2,0.2,0.4,0.06451612903225806,0.2,0.038461538461538464,0.5184549356223176,E1 전체 기간,공정 값 23,부스팅,
CatBoost,8,0.0042937080015552085,0.02861542037833831,0.0,0.0,0.4,0.05228758169934641,0.8,0.02702702702702703,0.5333333333333333,E1 전체 기간,공정 값 23,부스팅,
CatBoost,9,0.09702747350433887,0.043071256229150964,0.2,0.2,0.4,0.08695652173913043,0.2,0.05555555555555555,0.5073593073593073,E1 전체 기간,공정 값 23,부스팅,
CatBoost,10,0.020487218886517805,0.028082249634256925,0.0,0.0,0.2,0.0,0.0,0.0,0.5593073593073594,E1 전체 기간,공정 값 23,부스팅,
CatBoost,11,0.1333666982710404,0.023468472894978824,0.0,0.0,0.0,0.0,0.0,0.0,0.48831168831168836,E1 전체 기간,공정 값 23,부스팅,
CatBoost,12,0.028882926200814483,0.033784062191985896,0.2,0.4,0.4,0.06779661016949153,0.4,0.037037037037037035,0.5433476394849786,E1 전체 기간,공정 값 23,부스팅,
CatBoost,13,0.11707409143442182,0.08185502848542905,0.2,0.4,0.6,0.10256410256410256,0.4,0.058823529411764705,0.5766233766233767,E1 전체 기간,공정 값 23,부스팅,
CatBoost,14,0.32205938047941857,0.03347048388041687,0.0,0.4,0.6,0.0,0.0,0.0,0.5056277056277055,E1 전체 기간,공정 값 23,부스팅,
CatBoost,15,3.604939532962608e-05,0.04231522342309014,0.2,0.4,0.4,0.04149377593360996,1.0,0.0211864406779661,0.5099567099567099,E1 전체 기간,공정 값 23,부스팅,
CatBoost,16,0.02348128722450696,0.028334530856559584,0.0,0.2,0.4,0.04938271604938271,0.4,0.02631578947368421,0.535064935064935,E1 전체 기간,공정 값 23,부스팅,
CatBoost,17,0.009189895344974547,0.04898327848173743,0.2,0.2,0.2,0.06722689075630252,0.8,0.03508771929824561,0.6540772532188841,E1 전체 기간,공정 값 23,부스팅,
CatBoost,18,0.05943086377211026,0.03713481935802719,0.2,0.4,0.6,0.0,0.0,0.0,0.5991341991341991,E1 전체 기간,공정 값 23,부스팅,
CatBoost,19,0.04019335844824573,0.04409785021549728,0.2,0.4,0.4,0.05714285714285714,0.2,0.03333333333333333,0.6216450216450217,E1 전체 기간,공정 값 23,부스팅,
CatBoost,20,0.013031015082590327,0.05031713313226762,0.2,0.4,0.4,0.05128205128205128,0.6,0.026785714285714284,0.6207792207792208,E1 전체 기간,공정 값 23,부스팅,
CatBoost,21,0.0825870731648801,0.04069925243838288,0.2,0.4,0.4,0.09523809523809523,0.2,0.0625,0.5376623376623376,E1 전체 기간,공정 값 23,부스팅,
CatBoost,22,0.0171407446276205,0.03429477396190295,0.0,0.2,0.4,0.06593406593406594,0.6,0.03488372093023256,0.6266094420600858,E1 전체 기간,공정 값 23,부스팅,
CatBoost,23,0.00013866831254971137,0.12617287335889446,0.4,0.6,0.6,0.04219409282700422,1.0,0.021551724137931036,0.6805194805194805,E1 전체 기간,공정 값 23,부스팅,
CatBoost,24,0.09842896320136307,0.021880699216869737,0.2,0.2,0.2,0.0,0.0,0.0,0.2917748917748918,E1 전체 기간,공정 값 23,부스팅,
CatBoost,25,0.03731253347597992,0.022949854605734506,0.0,0.2,0.2,0.03278688524590164,0.2,0.017857142857142856,0.4294372294372295,E1 전체 기간,공정 값 23,부스팅,
CatBoost,26,0.000781566585733684,0.029609331014956736,0.0,0.2,0.4,0.044444444444444446,1.0,0.022727272727272728,0.5662337662337662,E1 전체 기간,공정 값 23,부스팅,
CatBoost,27,7.817500806092776e-06,0.12423039502329128,0.2,0.2,0.6,0.0411522633744856,1.0,0.02100840336134454,0.5682403433476395,E1 전체 기간,공정 값 23,부스팅,
CatBoost,28,0.16288527104301276,0.03339971939093976,0.2,0.2,0.2,0.10526315789473684,0.2,0.07142857142857142,0.46320346320346323,E1 전체 기간,공정 값 23,부스팅,
CatBoost,29,0.08790396245492596,0.026052726151736053,0.0,0.2,0.2,0.05714285714285714,0.2,0.03333333333333333,0.4727272727272727,E1 전체 기간,공정 값 23,부스팅,
CatBoost,30,0.005196586998686967,0.044332116112301874,0.2,0.2,0.8,0.05228758169934641,0.8,0.02702702702702703,0.6917748917748918,E1 전체 기간,공정 값 23,부스팅,
CatBoost,31,0.3487180092577895,0.02994798979056957,0.0,0.4,0.4,0.0,0.0,0.0,0.522077922077922,E1 전체 기간,공정 값 23,부스팅,
CatBoost,32,0.002064711357544152,0.0871954338654033,0.2,0.4,0.6,0.03468208092485549,0.6,0.017857142857142856,0.6300429184549357,E1 전체 기간,공정 값 23,부스팅,
CatBoost,33,0.24911679929036842,0.0333198859405914,0.0,0.2,0.6,0.0,0.0,0.0,0.5982683982683983,E1 전체 기간,공정 값 23,부스팅,
CatBoost,34,0.04947543784597275,0.02119761263166204,0.0,0.0,0.2,0.0,0.0,0.0,0.3904761904761905,E1 전체 기간,공정 값 23,부스팅,
CatBoost,35,0.05045425358723378,0.03488896642046296,0.0,0.4,0.4,0.07272727272727272,0.4,0.04,0.6346320346320347,E1 전체 기간,공정 값 23,부스팅,
CatBoost,36,0.35350354303960896,0.02622872012513177,0.0,0.2,0.4,0.0,0.0,0.0,0.4406926406926407,E1 전체 기간,공정 값 23,부스팅,
CatBoost,37,0.07351604628225843,0.038723510491636345,0.2,0.4,0.4,0.08,0.2,0.05,0.5699570815450644,E1 전체 기간,공정 값 23,부스팅,
CatBoost,38,0.004847520709783341,0.04044480628909344,0.0,0.4,0.6,0.06802721088435375,1.0,0.035211267605633804,0.6831168831168831,E1 전체 기간,공정 값 23,부스팅,
CatBoost,39,0.011591551654497568,0.017761108544754538,0.0,0.0,0.0,0.0,0.0,0.0,0.31861471861471863,E1 전체 기간,공정 값 23,부스팅,
CatBoost,40,0.002554267123486192,0.030249604061758757,0.0,0.4,0.4,0.023952095808383235,0.4,0.012345679012345678,0.43290043290043295,E1 전체 기간,공정 값 23,부스팅,
CatBoost,41,0.23353310587421613,0.06402499883587875,0.2,0.4,0.4,0.0,0.0,0.0,0.7090909090909092,E1 전체 기간,공정 값 23,부스팅,
CatBoost,42,0.04522899694869463,0.04624618676342814,0.2,0.6,0.6,0.11320754716981132,0.6,0.0625,0.6223175965665236,E1 전체 기간,공정 값 23,부스팅,
CatBoost,43,0.04106780945953898,0.021485341356705767,0.0,0.0,0.2,0.0,0.0,0.0,0.4069264069264069,E1 전체 기간,공정 값 23,부스팅,
CatBoost,44,0.283733429845554,0.07499998140316817,0.2,0.4,0.6,0.0,0.0,0.0,0.6935064935064935,E1 전체 기간,공정 값 23,부스팅,
CatBoost,45,0.0018321142708157597,0.037183715198549,0.0,0.4,0.4,0.0427807486631016,0.8,0.02197802197802198,0.5463203463203463,E1 전체 기간,공정 값 23,부스팅,
CatBoost,46,0.023989580498243703,0.02034566284669275,0.0,0.0,0.2,0.0,0.0,0.0,0.40432900432900437,E1 전체 기간,공정 값 23,부스팅,
CatBoost,47,0.004704002771822645,0.022762555164515946,0.0,0.2,0.2,0.031496062992125984,0.4,0.01639344262295082,0.4274678111587983,E1 전체 기간,공정 값 23,부스팅,
CatBoost,48,0.06034844738154538,0.01965447400301289,0.0,0.2,0.2,0.0392156862745098,0.2,0.021739130434782608,0.3073593073593074,E1 전체 기간,공정 값 23,부스팅,
CatBoost,49,0.048572807867090326,0.0613106101863837,0.2,0.4,0.6,0.07547169811320754,0.4,0.041666666666666664,0.6658008658008658,E1 전체 기간,공정 값 23,부스팅,
SMOTE + 로지스틱,0,0.3757509728465816,0.029013056835637478,0.2,0.2,0.2,0.03669724770642202,0.4,0.019230769230769232,0.4848484848484848,E1 전체 기간,공정 값 23,불균형,
SMOTE + 로지스틱,1,0.008128821611105194,0.019526834871633432,0.0,0.0,0.2,0.04184100418410042,1.0,0.021367521367521368,0.3748917748917749,E1 전체 기간,공정 값 23,불균형,
SMOTE + 로지스틱,2,0.7598587255510759,0.015551050502049996,0.0,0.0,0.0,0.0,0.0,0.0,0.23519313304721032,E1 전체 기간,공정 값 23,불균형,
SMOTE + 로지스틱,3,0.015369142216598568,0.029929191418279995,0.0,0.4,0.4,0.04149377593360996,1.0,0.0211864406779661,0.5264069264069264,E1 전체 기간,공정 값 23,불균형,
SMOTE + 로지스틱,4,0.19321096627365095,0.04140580712178318,0.0,0.2,0.6,0.04975124378109453,1.0,0.025510204081632654,0.6978354978354979,E1 전체 기간,공정 값 23,불균형,
SMOTE + 로지스틱,5,0.005480416011468355,0.02311098567901359,0.0,0.0,0.0,0.04184100418410042,1.0,0.021367521367521368,0.4831168831168831,E1 전체 기간,공정 값 23,불균형,
SMOTE + 로지스틱,6,0.10555469091824868,0.026419272817577902,0.0,0.2,0.2,0.031413612565445025,0.6,0.016129032258064516,0.45194805194805193,E1 전체 기간,공정 값 23,불균형,
SMOTE + 로지스틱,7,0.7009561485688568,0.04124938438891927,0.2,0.2,0.2,0.05714285714285714,0.2,0.03333333333333333,0.40686695278969953,E1 전체 기간,공정 값 23,불균형,
SMOTE + 로지스틱,8,0.7263851125994552,0.03126346187642204,0.0,0.4,0.4,0.04878048780487805,0.2,0.027777777777777776,0.5541125541125541,E1 전체 기간,공정 값 23,불균형,
SMOTE + 로지스틱,9,0.844475175980866,0.01650967632873469,0.0,0.0,0.0,0.0,0.0,0.0,0.2683982683982684,E1 전체 기간,공정 값 23,불균형,
SMOTE + 로지스틱,10,0.9641592752991668,0.030246144605722763,0.0,0.2,0.4,0.0,0.0,0.0,0.5385281385281385,E1 전체 기간,공정 값 23,불균형,
SMOTE + 로지스틱,11,0.9142436400419688,0.043907263086722895,0.2,0.2,0.6,0.0,0.0,0.0,0.6337662337662339,E1 전체 기간,공정 값 23,불균형,
SMOTE + 로지스틱,12,0.7435454098649986,0.024890111990215187,0.0,0.0,0.0,0.0,0.0,0.0,0.5193133047210301,E1 전체 기간,공정 값 23,불균형,
SMOTE + 로지스틱,13,0.8376358799484049,0.01650348840263239,0.0,0.0,0.0,0.0,0.0,0.0,0.2649350649350649,E1 전체 기간,공정 값 23,불균형,
SMOTE + 로지스틱,14,0.9000995149622677,0.02189215590968982,0.0,0.2,0.2,0.0,0.0,0.0,0.4069264069264069,E1 전체 기간,공정 값 23,불균형,
SMOTE + 로지스틱,15,0.0001583508414314486,0.03332855112546114,0.2,0.2,0.2,0.04149377593360996,1.0,0.0211864406779661,0.48917748917748927,E1 전체 기간,공정 값 23,불균형,
SMOTE + 로지스틱,16,0.0008405271013292682,0.04002013502838109,0.2,0.4,0.6,0.04149377593360996,1.0,0.0211864406779661,0.5783549783549784,E1 전체 기간,공정 값 23,불균형,
SMOTE + 로지스틱,17,0.7015552303481276,0.02151630561179493,0.0,0.0,0.2,0.0,0.0,0.0,0.4274678111587983,E1 전체 기간,공정 값 23,불균형,
SMOTE + 로지스틱,18,0.0001330847635582323,0.025834022929284748,0.0,0.0,0.2,0.04149377593360996,1.0,0.0211864406779661,0.5367965367965368,E1 전체 기간,공정 값 23,불균형,
SMOTE + 로지스틱,19,0.7866641776867174,0.023925917869737287,0.0,0.2,0.2,0.0,0.0,0.0,0.3965367965367965,E1 전체 기간,공정 값 23,불균형,
SMOTE + 로지스틱,20,0.0017014128660199628,0.03646995212753031,0.2,0.2,0.4,0.04149377593360996,1.0,0.0211864406779661,0.6121212121212122,E1 전체 기간,공정 값 23,불균형,
SMOTE + 로지스틱,21,0.9408147331045706,0.01681317228743447,0.0,0.0,0.0,0.0,0.0,0.0,0.2865800865800866,E1 전체 기간,공정 값 23,불균형,
SMOTE + 로지스틱,22,0.32015260039109406,0.019210653379552738,0.0,0.0,0.0,0.03305785123966942,0.4,0.017241379310344827,0.3759656652360515,E1 전체 기간,공정 값 23,불균형,
SMOTE + 로지스틱,23,0.004558587170836961,0.0489538844498657,0.0,0.6,0.6,0.04184100418410042,1.0,0.021367521367521368,0.7480519480519481,E1 전체 기간,공정 값 23,불균형,
SMOTE + 로지스틱,24,0.43194110363555566,0.024023382700839126,0.2,0.2,0.2,0.017699115044247787,0.2,0.009259259259259259,0.3800865800865801,E1 전체 기간,공정 값 23,불균형,
SMOTE + 로지스틱,25,0.40845563880479935,0.018781779735337283,0.0,0.0,0.0,0.037383177570093455,0.4,0.0196078431372549,0.34805194805194806,E1 전체 기간,공정 값 23,불균형,
SMOTE + 로지스틱,26,0.7547333721178914,0.03546202850820977,0.0,0.4,0.4,0.0,0.0,0.0,0.6112554112554113,E1 전체 기간,공정 값 23,불균형,
SMOTE + 로지스틱,27,0.927371689222133,0.015980020213029987,0.0,0.0,0.0,0.0,0.0,0.0,0.2506437768240343,E1 전체 기간,공정 값 23,불균형,
SMOTE + 로지스틱,28,0.0013320087590223736,0.0222917775105578,0.0,0.0,0.2,0.04149377593360996,1.0,0.0211864406779661,0.458008658008658,E1 전체 기간,공정 값 23,불균형,
SMOTE + 로지스틱,29,0.967905506901524,0.016323495287338608,0.0,0.0,0.0,0.0,0.0,0.0,0.2597402597402597,E1 전체 기간,공정 값 23,불균형,
SMOTE + 로지스틱,30,0.7797357957261767,0.026369316133824122,0.0,0.2,0.4,0.0,0.0,0.0,0.5099567099567099,E1 전체 기간,공정 값 23,불균형,
SMOTE + 로지스틱,31,0.026532766911465926,0.09212015157381012,0.2,0.2,0.4,0.04219409282700422,1.0,0.021551724137931036,0.5844155844155844,E1 전체 기간,공정 값 23,불균형,
SMOTE + 로지스틱,32,0.0043856282468003995,0.03429678796506183,0.0,0.2,0.4,0.0411522633744856,1.0,0.02100840336134454,0.6266094420600858,E1 전체 기간,공정 값 23,불균형,
SMOTE + 로지스틱,33,0.19453314411898015,0.01936671208936635,0.0,0.0,0.2,0.0335195530726257,0.6,0.017241379310344827,0.37662337662337664,E1 전체 기간,공정 값 23,불균형,
SMOTE + 로지스틱,34,0.11412657457806764,0.014728244009235666,0.0,0.0,0.0,0.011299435028248588,0.2,0.005813953488372093,0.18095238095238098,E1 전체 기간,공정 값 23,불균형,
SMOTE + 로지스틱,35,0.9071243837084675,0.020156617787642286,0.0,0.0,0.0,0.0,0.0,0.0,0.406060606060606,E1 전체 기간,공정 값 23,불균형,
SMOTE + 로지스틱,36,0.00028642856323543624,0.039935035907938274,0.2,0.2,0.4,0.04149377593360996,1.0,0.0211864406779661,0.4597402597402598,E1 전체 기간,공정 값 23,불균형,
SMOTE + 로지스틱,37,0.1473431453449734,0.01896018098588478,0.0,0.0,0.0,0.04830917874396135,1.0,0.024752475247524754,0.37081545064377686,E1 전체 기간,공정 값 23,불균형,
SMOTE + 로지스틱,38,0.7405534382393129,0.015630000034179775,0.0,0.0,0.0,0.0,0.0,0.0,0.22943722943722944,E1 전체 기간,공정 값 23,불균형,
SMOTE + 로지스틱,39,0.013143613527077599,0.018880047143996787,0.0,0.2,0.2,0.026905829596412557,0.6,0.013761467889908258,0.30649350649350654,E1 전체 기간,공정 값 23,불균형,
SMOTE + 로지스틱,40,0.8922714747497135,0.033715603566313104,0.2,0.2,0.2,0.0,0.0,0.0,0.47619047619047616,E1 전체 기간,공정 값 23,불균형,
SMOTE + 로지스틱,41,0.011404854071666777,0.036793428376424415,0.2,0.2,0.6,0.0425531914893617,1.0,0.021739130434782608,0.5359307359307359,E1 전체 기간,공정 값 23,불균형,
SMOTE + 로지스틱,42,0.00777302186287232,0.018494546072563386,0.0,0.0,0.0,0.0411522633744856,1.0,0.02100840336134454,0.3407725321888412,E1 전체 기간,공정 값 23,불균형,
SMOTE + 로지스틱,43,0.00216166532665515,0.02668560339023811,0.0,0.0,0.2,0.04149377593360996,1.0,0.0211864406779661,0.5558441558441558,E1 전체 기간,공정 값 23,불균형,
SMOTE + 로지스틱,44,0.10171223786812118,0.02835794555898992,0.0,0.2,0.4,0.046511627906976744,1.0,0.023809523809523808,0.5445887445887446,E1 전체 기간,공정 값 23,불균형,
SMOTE + 로지스틱,45,0.004768893635921487,0.020748219836692814,0.0,0.0,0.2,0.04149377593360996,1.0,0.0211864406779661,0.40606060606060607,E1 전체 기간,공정 값 23,불균형,
SMOTE + 로지스틱,46,0.0003039562828594293,0.020209586254152256,0.0,0.0,0.2,0.04149377593360996,1.0,0.0211864406779661,0.3991341991341991,E1 전체 기간,공정 값 23,불균형,
SMOTE + 로지스틱,47,0.02959741293640395,0.027102791401558336,0.0,0.2,0.4,0.04149377593360996,1.0,0.0211864406779661,0.5115879828326181,E1 전체 기간,공정 값 23,불균형,
SMOTE + 로지스틱,48,0.9146034058653849,0.032389110563109606,0.2,0.4,0.4,0.0,0.0,0.0,0.41645021645021646,E1 전체 기간,공정 값 23,불균형,
SMOTE + 로지스틱,49,5.0217088397741184e-05,0.02416849919915313,0.0,0.0,0.2,0.04149377593360996,1.0,0.0211864406779661,0.4995670995670996,E1 전체 기간,공정 값 23,불균형,
ADASYN + 로지스틱,0,0.4099729626775389,0.02694702637487018,0.0,0.2,0.2,0.039603960396039604,0.4,0.020833333333333332,0.4675324675324675,E1 전체 기간,공정 값 23,불균형,
ADASYN + 로지스틱,1,0.008548232958674145,0.01821542853425171,0.0,0.0,0.0,0.04184100418410042,1.0,0.021367521367521368,0.34025974025974026,E1 전체 기간,공정 값 23,불균형,
ADASYN + 로지스틱,2,0.7373594599909822,0.015470256430985565,0.0,0.0,0.0,0.0,0.0,0.0,0.2317596566523605,E1 전체 기간,공정 값 23,불균형,
ADASYN + 로지스틱,3,0.01592987602684434,0.028517108106008413,0.0,0.2,0.4,0.04149377593360996,1.0,0.0211864406779661,0.5177489177489177,E1 전체 기간,공정 값 23,불균형,
ADASYN + 로지스틱,4,0.017890607289708194,0.03567885153769254,0.0,0.2,0.4,0.04149377593360996,1.0,0.0211864406779661,0.6493506493506493,E1 전체 기간,공정 값 23,불균형,
ADASYN + 로지스틱,5,0.005948956314880186,0.02208688910916119,0.0,0.0,0.0,0.04184100418410042,1.0,0.021367521367521368,0.4588744588744589,E1 전체 기간,공정 값 23,불균형,
ADASYN + 로지스틱,6,0.0945612326343731,0.02338295328125837,0.0,0.0,0.2,0.04020100502512563,0.8,0.020618556701030927,0.45021645021645024,E1 전체 기간,공정 값 23,불균형,
ADASYN + 로지스틱,7,3.206749632156203e-05,0.05022949948796824,0.2,0.2,0.2,0.0411522633744856,1.0,0.02100840336134454,0.4274678111587983,E1 전체 기간,공정 값 23,불균형,
ADASYN + 로지스틱,8,0.7706628221842244,0.028547728564262045,0.0,0.2,0.4,0.0,0.0,0.0,0.5437229437229437,E1 전체 기간,공정 값 23,불균형,
ADASYN + 로지스틱,9,0.7891715923400955,0.015704502912527715,0.0,0.0,0.0,0.0,0.0,0.0,0.23549783549783548,E1 전체 기간,공정 값 23,불균형,
ADASYN + 로지스틱,10,0.9659858314853832,0.026362550205608556,0.0,0.2,0.2,0.0,0.0,0.0,0.5177489177489177,E1 전체 기간,공정 값 23,불균형,
ADASYN + 로지스틱,11,0.9039686787847075,0.040541801533840724,0.2,0.4,0.6,0.0,0.0,0.0,0.6181818181818182,E1 전체 기간,공정 값 23,불균형,
ADASYN + 로지스틱,12,0.6023624903988753,0.025104647163470696,0.0,0.0,0.0,0.0,0.0,0.0,0.5244635193133047,E1 전체 기간,공정 값 23,불균형,
ADASYN + 로지스틱,13,0.784533326087137,0.01571395957877893,0.0,0.0,0.0,0.0,0.0,0.0,0.23549783549783554,E1 전체 기간,공정 값 23,불균형,
ADASYN + 로지스틱,14,0.8931942283710781,0.020431185799968086,0.0,0.0,0.2,0.0,0.0,0.0,0.3913419913419914,E1 전체 기간,공정 값 23,불균형,
ADASYN + 로지스틱,15,0.000163429519229782,0.03041611240859432,0.2,0.2,0.2,0.04149377593360996,1.0,0.0211864406779661,0.46147186147186153,E1 전체 기간,공정 값 23,불균형,
ADASYN + 로지스틱,16,0.0009037348897890527,0.038927868465393825,0.0,0.4,0.4,0.04149377593360996,1.0,0.0211864406779661,0.561038961038961,E1 전체 기간,공정 값 23,불균형,
ADASYN + 로지스틱,17,0.7225750770322319,0.023137707091997105,0.0,0.2,0.2,0.0,0.0,0.0,0.448068669527897,E1 전체 기간,공정 값 23,불균형,
ADASYN + 로지스틱,18,0.00012624063073373484,0.024767176273825606,0.0,0.0,0.0,0.04149377593360996,1.0,0.0211864406779661,0.5142857142857142,E1 전체 기간,공정 값 23,불균형,
ADASYN + 로지스틱,19,0.0038675460903741764,0.024336540138126847,0.2,0.2,0.2,0.04149377593360996,1.0,0.0211864406779661,0.38614718614718613,E1 전체 기간,공정 값 23,불균형,
ADASYN + 로지스틱,20,0.001979637680728947,0.033306611519038326,0.2,0.2,0.4,0.04149377593360996,1.0,0.0211864406779661,0.5861471861471862,E1 전체 기간,공정 값 23,불균형,
ADASYN + 로지스틱,21,0.9339482729179087,0.016636121798733226,0.0,0.0,0.0,0.0,0.0,0.0,0.2761904761904762,E1 전체 기간,공정 값 23,불균형,
ADASYN + 로지스틱,22,0.5114729362204494,0.018906026717797505,0.0,0.0,0.0,0.0,0.0,0.0,0.3639484978540773,E1 전체 기간,공정 값 23,불균형,
ADASYN + 로지스틱,23,0.0035592401347162264,0.04391675109760216,0.0,0.6,0.6,0.04184100418410042,1.0,0.021367521367521368,0.7151515151515152,E1 전체 기간,공정 값 23,불균형,
ADASYN + 로지스틱,24,0.009031054437439389,0.021125265639678585,0.0,0.2,0.2,0.04149377593360996,1.0,0.0211864406779661,0.34545454545454546,E1 전체 기간,공정 값 23,불균형,
ADASYN + 로지스틱,25,0.40218549643942236,0.018102383198616782,0.0,0.0,0.0,0.017391304347826087,0.2,0.00909090909090909,0.32900432900432897,E1 전체 기간,공정 값 23,불균형,
ADASYN + 로지스틱,26,0.8291711855377796,0.035939551432109904,0.0,0.4,0.4,0.0,0.0,0.0,0.6233766233766234,E1 전체 기간,공정 값 23,불균형,
ADASYN + 로지스틱,27,0.7433833105848552,0.015805325307767078,0.0,0.0,0.0,0.0,0.0,0.0,0.2420600858369099,E1 전체 기간,공정 값 23,불균형,
ADASYN + 로지스틱,28,0.004350595495229169,0.019349819212193385,0.0,0.0,0.0,0.04149377593360996,1.0,0.0211864406779661,0.38354978354978353,E1 전체 기간,공정 값 23,불균형,
ADASYN + 로지스틱,29,0.9699870688236002,0.016361172821619068,0.0,0.0,0.0,0.0,0.0,0.0,0.2597402597402597,E1 전체 기간,공정 값 23,불균형,
ADASYN + 로지스틱,30,0.7823211636949917,0.026292405880748364,0.0,0.0,0.4,0.0,0.0,0.0,0.503030303030303,E1 전체 기간,공정 값 23,불균형,
ADASYN + 로지스틱,31,0.21730955517203487,0.08972195825854362,0.2,0.2,0.2,0.048484848484848485,0.8,0.025,0.5636363636363637,E1 전체 기간,공정 값 23,불균형,
ADASYN + 로지스틱,32,0.003575510263882659,0.03179534242511048,0.0,0.2,0.4,0.0411522633744856,1.0,0.02100840336134454,0.6060085836909872,E1 전체 기간,공정 값 23,불균형,
ADASYN + 로지스틱,33,0.15536983163331092,0.01815365153161972,0.0,0.0,0.0,0.03208556149732621,0.6,0.016483516483516484,0.34199134199134196,E1 전체 기간,공정 값 23,불균형,
ADASYN + 로지스틱,34,0.12737996868887036,0.014825803168225975,0.0,0.0,0.0,0.011428571428571429,0.2,0.0058823529411764705,0.18614718614718617,E1 전체 기간,공정 값 23,불균형,
ADASYN + 로지스틱,35,0.9019589733601537,0.018263049500392488,0.0,0.0,0.0,0.0,0.0,0.0,0.3437229437229437,E1 전체 기간,공정 값 23,불균형,
ADASYN + 로지스틱,36,0.00024387806391877937,0.03571366426393245,0.2,0.2,0.4,0.04149377593360996,1.0,0.0211864406779661,0.4701298701298701,E1 전체 기간,공정 값 23,불균형,
ADASYN + 로지스틱,37,0.1781474226171892,0.018012187088274043,0.0,0.0,0.0,0.04145077720207254,0.8,0.02127659574468085,0.33991416309012873,E1 전체 기간,공정 값 23,불균형,
ADASYN + 로지스틱,38,0.9027864834061529,0.015516485127711845,0.0,0.0,0.0,0.0,0.0,0.0,0.22424242424242427,E1 전체 기간,공정 값 23,불균형,
ADASYN + 로지스틱,39,0.01705941091448056,0.018818464227378456,0.0,0.2,0.2,0.027149321266968326,0.6,0.013888888888888888,0.2943722943722944,E1 전체 기간,공정 값 23,불균형,
ADASYN + 로지스틱,40,0.8854646132304053,0.027748942393161245,0.2,0.2,0.2,0.0,0.0,0.0,0.46580086580086577,E1 전체 기간,공정 값 23,불균형,
ADASYN + 로지스틱,41,0.22440205176849984,0.03075763312290069,0.0,0.2,0.6,0.03550295857988166,0.6,0.018292682926829267,0.5116883116883116,E1 전체 기간,공정 값 23,불균형,
ADASYN + 로지스틱,42,0.7894104098698329,0.018092920036086185,0.0,0.0,0.0,0.0,0.0,0.0,0.32875536480686696,E1 전체 기간,공정 값 23,불균형,
ADASYN + 로지스틱,43,0.0016836985194511867,0.025829536810225942,0.0,0.0,0.2,0.04149377593360996,1.0,0.0211864406779661,0.5402597402597402,E1 전체 기간,공정 값 23,불균형,
ADASYN + 로지스틱,44,0.08600543234506008,0.026036816498835092,0.0,0.0,0.2,0.045662100456621,1.0,0.02336448598130841,0.5272727272727273,E1 전체 기간,공정 값 23,불균형,
ADASYN + 로지스틱,45,0.006306012184936885,0.019333842384772707,0.0,0.0,0.2,0.04149377593360996,1.0,0.0211864406779661,0.367965367965368,E1 전체 기간,공정 값 23,불균형,
ADASYN + 로지스틱,46,0.00033548343726882995,0.019627543423092017,0.0,0.0,0.0,0.04149377593360996,1.0,0.0211864406779661,0.3887445887445887,E1 전체 기간,공정 값 23,불균형,
ADASYN + 로지스틱,47,0.3225223711887482,0.025528238794685826,0.0,0.0,0.4,0.043795620437956206,0.6,0.022727272727272728,0.49270386266094424,E1 전체 기간,공정 값 23,불균형,
ADASYN + 로지스틱,48,0.9009164547652128,0.030981633050178696,0.0,0.4,0.4,0.0,0.0,0.0,0.4251082251082251,E1 전체 기간,공정 값 23,불균형,
ADASYN + 로지스틱,49,5.0815728606736184e-05,0.023593356891374206,0.0,0.0,0.2,0.04149377593360996,1.0,0.0211864406779661,0.48571428571428565,E1 전체 기간,공정 값 23,불균형,
SMOTE + 랜덤포레스트,0,0.20343434343434347,0.06874716376402082,0.2,0.6,0.6,0.08695652173913043,0.2,0.05555555555555555,0.7047619047619047,E1 전체 기간,공정 값 23,불균형,
SMOTE + 랜덤포레스트,1,0.10140091390091388,0.027495776501793894,0.2,0.2,0.4,0.03508771929824561,0.2,0.019230769230769232,0.393939393939394,E1 전체 기간,공정 값 23,불균형,
SMOTE + 랜덤포레스트,2,0.19046428571428575,0.018302546055721437,0.0,0.0,0.0,0.0,0.0,0.0,0.33476394849785407,E1 전체 기간,공정 값 23,불균형,
SMOTE + 랜덤포레스트,3,0.08627116402116401,0.04340393730637633,0.2,0.4,0.6,0.0594059405940594,0.6,0.03125,0.6424242424242425,E1 전체 기간,공정 값 23,불균형,
SMOTE + 랜덤포레스트,4,0.22735582010582012,0.02698696764416351,0.0,0.0,0.4,0.0,0.0,0.0,0.5385281385281385,E1 전체 기간,공정 값 23,불균형,
SMOTE + 랜덤포레스트,5,0.25643674843674846,0.10873320600504355,0.4,0.4,0.4,0.16,0.4,0.1,0.5645021645021645,E1 전체 기간,공정 값 23,불균형,
SMOTE + 랜덤포레스트,6,0.04463492063492064,0.01917664623331953,0.0,0.0,0.0,0.034782608695652174,0.4,0.01818181818181818,0.37229437229437234,E1 전체 기간,공정 값 23,불균형,
SMOTE + 랜덤포레스트,7,0.3076128408628408,0.06442394964134095,0.2,0.6,0.8,0.0,0.0,0.0,0.8034334763948497,E1 전체 기간,공정 값 23,불균형,
SMOTE + 랜덤포레스트,8,0.0353994708994709,0.06764309764309764,0.2,0.2,0.6,0.041884816753926704,0.8,0.021505376344086023,0.6181818181818182,E1 전체 기간,공정 값 23,불균형,
SMOTE + 랜덤포레스트,9,0.12919576719576717,0.039502798774522736,0.2,0.4,0.4,0.0784313725490196,0.4,0.043478260869565216,0.4692640692640693,E1 전체 기간,공정 값 23,불균형,
SMOTE + 랜덤포레스트,10,0.23715740740740746,0.019958050002042965,0.0,0.2,0.2,0.0,0.0,0.0,0.3255411255411256,E1 전체 기간,공정 값 23,불균형,
SMOTE + 랜덤포레스트,11,0.08295562770562771,0.019473207010243264,0.0,0.0,0.0,0.0,0.0,0.0,0.36363636363636365,E1 전체 기간,공정 값 23,불균형,
SMOTE + 랜덤포레스트,12,0.05220767195767195,0.13130121259029928,0.2,0.4,0.4,0.046511627906976744,0.6,0.024193548387096774,0.5742489270386266,E1 전체 기간,공정 값 23,불균형,
SMOTE + 랜덤포레스트,13,0.06168783068783067,0.025498597456705994,0.0,0.2,0.2,0.018691588785046728,0.2,0.00980392156862745,0.4467532467532468,E1 전체 기간,공정 값 23,불균형,
SMOTE + 랜덤포레스트,14,0.07000000000000002,0.04361704489525126,0.4,0.4,0.4,0.04040404040404041,0.4,0.02127659574468085,0.5367965367965368,E1 전체 기간,공정 값 23,불균형,
SMOTE + 랜덤포레스트,15,0.4094523809523812,0.23065897065897067,0.2,0.2,0.6,0.0,0.0,0.0,0.6935064935064935,E1 전체 기간,공정 값 23,불균형,
SMOTE + 랜덤포레스트,16,0.2696137566137567,0.02312955265269431,0.0,0.0,0.4,0.0,0.0,0.0,0.4502164502164502,E1 전체 기간,공정 값 23,불균형,
SMOTE + 랜덤포레스트,17,0.17054906204906203,0.02707970663171439,0.2,0.2,0.2,0.05714285714285714,0.2,0.03333333333333333,0.4291845493562232,E1 전체 기간,공정 값 23,불균형,
SMOTE + 랜덤포레스트,18,0.19717989417989423,0.03354817762776392,0.0,0.4,0.4,0.0,0.0,0.0,0.5974025974025974,E1 전체 기간,공정 값 23,불균형,
SMOTE + 랜덤포레스트,19,0.1581600529100529,0.025566341300261034,0.0,0.0,0.4,0.0,0.0,0.0,0.5073593073593073,E1 전체 기간,공정 값 23,불균형,
SMOTE + 랜덤포레스트,20,0.3847857142857143,0.0487216738711435,0.2,0.4,0.6,0.0,0.0,0.0,0.7021645021645022,E1 전체 기간,공정 값 23,불균형,
SMOTE + 랜덤포레스트,21,0.1925952380952381,0.047688471927602366,0.2,0.2,0.2,0.08695652173913043,0.2,0.05555555555555555,0.34891774891774896,E1 전체 기간,공정 값 23,불균형,
SMOTE + 랜덤포레스트,22,0.252776455026455,0.01694026913856148,0.0,0.0,0.0,0.0,0.0,0.0,0.2969957081545065,E1 전체 기간,공정 값 23,불균형,
SMOTE + 랜덤포레스트,23,0.02716269841269842,0.12406639644856206,0.4,0.4,0.4,0.05291005291005291,1.0,0.02717391304347826,0.6961038961038961,E1 전체 기간,공정 값 23,불균형,
SMOTE + 랜덤포레스트,24,0.4817420634920636,0.03076621688101764,0.2,0.2,0.2,0.0,0.0,0.0,0.4753246753246753,E1 전체 기간,공정 값 23,불균형,
SMOTE + 랜덤포레스트,25,0.3287169312169312,0.02061158090773821,0.0,0.0,0.2,0.0,0.0,0.0,0.3826839826839827,E1 전체 기간,공정 값 23,불균형,
SMOTE + 랜덤포레스트,26,0.03846645021645022,0.04479446479446479,0.2,0.4,0.6,0.03773584905660377,0.6,0.01948051948051948,0.5506493506493506,E1 전체 기간,공정 값 23,불균형,
SMOTE + 랜덤포레스트,27,0.30488756613756623,0.025301987561463037,0.0,0.2,0.4,0.0,0.0,0.0,0.48068669527896996,E1 전체 기간,공정 값 23,불균형,
SMOTE + 랜덤포레스트,28,0.06437301587301587,0.016698651473037854,0.0,0.0,0.0,0.0,0.0,0.0,0.27792207792207796,E1 전체 기간,공정 값 23,불균형,
SMOTE + 랜덤포레스트,29,0.3467303992303992,0.024283752991909976,0.2,0.2,0.2,0.0,0.0,0.0,0.38095238095238093,E1 전체 기간,공정 값 23,불균형,
SMOTE + 랜덤포레스트,30,0.10703439153439154,0.021772386984790112,0.0,0.0,0.0,0.0,0.0,0.0,0.4424242424242424,E1 전체 기간,공정 값 23,불균형,
SMOTE + 랜덤포레스트,31,0.18855952380952384,0.018541836764661035,0.0,0.0,0.2,0.0,0.0,0.0,0.3281385281385281,E1 전체 기간,공정 값 23,불균형,
SMOTE + 랜덤포레스트,32,0.00811111111111111,0.055053290651342346,0.2,0.4,0.6,0.04329004329004329,1.0,0.022123893805309734,0.7261802575107297,E1 전체 기간,공정 값 23,불균형,
SMOTE + 랜덤포레스트,33,0.344487012987013,0.017825663876774207,0.0,0.0,0.0,0.0,0.0,0.0,0.3177489177489178,E1 전체 기간,공정 값 23,불균형,
SMOTE + 랜덤포레스트,34,0.157004329004329,0.03940844633381947,0.0,0.2,0.6,0.0,0.0,0.0,0.6294372294372294,E1 전체 기간,공정 값 23,불균형,
SMOTE + 랜덤포레스트,35,0.3507751322751323,0.046060310664976636,0.2,0.4,0.4,0.0,0.0,0.0,0.6658008658008658,E1 전체 기간,공정 값 23,불균형,
SMOTE + 랜덤포레스트,36,0.2180542328042329,0.021673553631979106,0.0,0.0,0.2,0.0,0.0,0.0,0.4251082251082251,E1 전체 기간,공정 값 23,불균형,
SMOTE + 랜덤포레스트,37,0.2845597643097644,0.02826453893287501,0.0,0.2,0.2,0.0,0.0,0.0,0.5510729613733906,E1 전체 기간,공정 값 23,불균형,
SMOTE + 랜덤포레스트,38,0.30887698412698406,0.01847139973920895,0.0,0.0,0.0,0.0,0.0,0.0,0.3489177489177489,E1 전체 기간,공정 값 23,불균형,
SMOTE + 랜덤포레스트,39,0.0,0.019987603392470875,0.0,0.2,0.2,0.04149377593360996,1.0,0.0211864406779661,0.3463203463203463,E1 전체 기간,공정 값 23,불균형,
SMOTE + 랜덤포레스트,40,0.0464134460547504,0.01916722116527132,0.0,0.0,0.0,0.03007518796992481,0.4,0.015625,0.37575757575757573,E1 전체 기간,공정 값 23,불균형,
SMOTE + 랜덤포레스트,41,0.005096681096681097,0.08366012539925584,0.4,0.4,0.4,0.04184100418410042,1.0,0.021367521367521368,0.5549783549783549,E1 전체 기간,공정 값 23,불균형,
SMOTE + 랜덤포레스트,42,0.22800661375661377,0.09991704374057317,0.4,0.4,0.6,0.19047619047619047,0.4,0.125,0.7407725321888412,E1 전체 기간,공정 값 23,불균형,
SMOTE + 랜덤포레스트,43,0.07375661375661376,0.024507049683749907,0.2,0.2,0.2,0.02666666666666667,0.2,0.014285714285714285,0.4017316017316017,E1 전체 기간,공정 값 23,불균형,
SMOTE + 랜덤포레스트,44,0.26573615332657885,0.07419403416045874,0.2,0.4,0.6,0.10526315789473684,0.2,0.07142857142857142,0.6935064935064934,E1 전체 기간,공정 값 23,불균형,
SMOTE + 랜덤포레스트,45,0.21383645983645985,0.039382153180836085,0.2,0.4,0.4,0.0,0.0,0.0,0.5619047619047619,E1 전체 기간,공정 값 23,불균형,
SMOTE + 랜덤포레스트,46,0.1828333333333333,0.02217102157269238,0.0,0.2,0.2,0.0,0.0,0.0,0.41645021645021646,E1 전체 기간,공정 값 23,불균형,
SMOTE + 랜덤포레스트,47,0.24081084656084661,0.018610327240045986,0.0,0.0,0.2,0.0,0.0,0.0,0.351931330472103,E1 전체 기간,공정 값 23,불균형,
SMOTE + 랜덤포레스트,48,0.4209007936507937,0.02884939266249877,0.2,0.2,0.2,0.0,0.0,0.0,0.34891774891774896,E1 전체 기간,공정 값 23,불균형,
SMOTE + 랜덤포레스트,49,0.0,0.14082301934518685,0.2,0.2,0.6,0.04149377593360996,1.0,0.0211864406779661,0.7783549783549784,E1 전체 기간,공정 값 23,불균형,
Balanced 랜덤포레스트,0,0.46,0.036654284435780976,0.0,0.4,0.4,0.06557377049180328,0.4,0.03571428571428571,0.6406926406926408,E1 전체 기간,공정 값 23,불균형,
Balanced 랜덤포레스트,1,0.596111111111111,0.017463819621093068,0.0,0.0,0.2,0.0,0.0,0.0,0.2779220779220779,E1 전체 기간,공정 값 23,불균형,
Balanced 랜덤포레스트,2,0.37111111111111117,0.01823543011931735,0.0,0.2,0.2,0.015267175572519083,0.2,0.007936507936507936,0.2798283261802575,E1 전체 기간,공정 값 23,불균형,
Balanced 랜덤포레스트,3,0.35766666666666663,0.026055744139166684,0.0,0.0,0.4,0.05161290322580645,0.8,0.02666666666666667,0.5090909090909091,E1 전체 기간,공정 값 23,불균형,
Balanced 랜덤포레스트,4,0.5777777777777778,0.03216152804260243,0.2,0.2,0.2,0.0,0.0,0.0,0.535064935064935,E1 전체 기간,공정 값 23,불균형,
Balanced 랜덤포레스트,5,0.18055555555555555,0.022922906580401834,0.0,0.2,0.2,0.04149377593360996,1.0,0.0211864406779661,0.4034632034632035,E1 전체 기간,공정 값 23,불균형,
Balanced 랜덤포레스트,6,0.3291666666666666,0.021458880158385946,0.0,0.0,0.2,0.03550295857988166,0.6,0.018292682926829267,0.4329004329004329,E1 전체 기간,공정 값 23,불균형,
Balanced 랜덤포레스트,7,0.2305555555555555,0.053356965406031895,0.2,0.2,0.6,0.0411522633744856,1.0,0.02100840336134454,0.6454935622317597,E1 전체 기간,공정 값 23,불균형,
Balanced 랜덤포레스트,8,0.4975,0.027612246576006937,0.0,0.2,0.4,0.0,0.0,0.0,0.451948051948052,E1 전체 기간,공정 값 23,불균형,
Balanced 랜덤포레스트,9,0.5908333333333333,0.21578939955167167,0.2,0.2,0.2,0.11764705882352941,0.2,0.08333333333333333,0.39307359307359313,E1 전체 기간,공정 값 23,불균형,
Balanced 랜덤포레스트,10,0.6487777777777778,0.021215958769208027,0.0,0.2,0.2,0.0,0.0,0.0,0.38008658008658014,E1 전체 기간,공정 값 23,불균형,
Balanced 랜덤포레스트,11,0.5111111111111112,0.02220522701608633,0.0,0.0,0.2,0.0,0.0,0.0,0.45021645021645024,E1 전체 기간,공정 값 23,불균형,
Balanced 랜덤포레스트,12,0.42888888888888893,0.03243621060994112,0.2,0.4,0.4,0.0547945205479452,0.4,0.029411764705882353,0.49871244635193135,E1 전체 기간,공정 값 23,불균형,
Balanced 랜덤포레스트,13,0.36333333333333334,0.030559723470324145,0.2,0.2,0.2,0.03821656050955414,0.6,0.019736842105263157,0.4103896103896104,E1 전체 기간,공정 값 23,불균형,
Balanced 랜덤포레스트,14,0.5225,0.02826591975506596,0.0,0.2,0.4,0.0,0.0,0.0,0.47965367965367967,E1 전체 기간,공정 값 23,불균형,
Balanced 랜덤포레스트,15,0.34638888888888886,0.03410075905515191,0.0,0.4,0.4,0.043243243243243246,0.8,0.022222222222222223,0.5636363636363637,E1 전체 기간,공정 값 23,불균형,
Balanced 랜덤포레스트,16,0.5922222222222223,0.023887170694181642,0.0,0.0,0.0,0.0,0.0,0.0,0.4865800865800866,E1 전체 기간,공정 값 23,불균형,
Balanced 랜덤포레스트,17,0.4525,0.0207607566465138,0.0,0.0,0.2,0.021505376344086023,0.2,0.011363636363636364,0.40686695278969953,E1 전체 기간,공정 값 23,불균형,
Balanced 랜덤포레스트,18,0.3738888888888889,0.02118698823046649,0.0,0.0,0.0,0.045112781954887216,0.6,0.0234375,0.4242424242424242,E1 전체 기간,공정 값 23,불균형,
Balanced 랜덤포레스트,19,0.28277777777777774,0.020514929604385335,0.0,0.0,0.2,0.03524229074889868,0.8,0.018018018018018018,0.40519480519480516,E1 전체 기간,공정 값 23,불균형,
Balanced 랜덤포레스트,20,0.245,0.044120120522036274,0.2,0.4,0.4,0.04149377593360996,1.0,0.0211864406779661,0.5437229437229437,E1 전체 기간,공정 값 23,불균형,
Balanced 랜덤포레스트,21,0.5638888888888889,0.04238869531552458,0.2,0.2,0.4,0.15384615384615385,0.2,0.125,0.41471861471861476,E1 전체 기간,공정 값 23,불균형,
Balanced 랜덤포레스트,22,0.28,0.02078165245346009,0.0,0.0,0.2,0.03686635944700461,0.8,0.018867924528301886,0.41716738197424896,E1 전체 기간,공정 값 23,불균형,
Balanced 랜덤포레스트,23,0.24555555555555558,0.06586685591606588,0.4,0.6,0.6,0.04291845493562232,1.0,0.021929824561403508,0.6147186147186148,E1 전체 기간,공정 값 23,불균형,
Balanced 랜덤포레스트,24,0.6483333333333333,0.023708699673497587,0.0,0.2,0.2,0.0,0.0,0.0,0.4597402597402597,E1 전체 기간,공정 값 23,불균형,
Balanced 랜덤포레스트,25,0.5938888888888889,0.022112087960321263,0.0,0.0,0.2,0.0,0.0,0.0,0.43463203463203465,E1 전체 기간,공정 값 23,불균형,
Balanced 랜덤포레스트,26,0.3397222222222222,0.030033587509077704,0.0,0.2,0.2,0.0546448087431694,1.0,0.028089887640449437,0.5696969696969697,E1 전체 기간,공정 값 23,불균형,
Balanced 랜덤포레스트,27,0.16722222222222222,0.028129775603144343,0.0,0.2,0.4,0.0411522633744856,1.0,0.02100840336134454,0.5158798283261803,E1 전체 기간,공정 값 23,불균형,
Balanced 랜덤포레스트,28,0.5938888888888889,0.022187660485332557,0.0,0.0,0.4,0.0,0.0,0.0,0.39220779220779217,E1 전체 기간,공정 값 23,불균형,
Balanced 랜덤포레스트,29,0.3522222222222222,0.017653396888779198,0.0,0.0,0.2,0.024844720496894408,0.4,0.01282051282051282,0.2961038961038961,E1 전체 기간,공정 값 23,불균형,
Balanced 랜덤포레스트,30,0.405,0.02756687128776284,0.0,0.0,0.0,0.05128205128205128,0.6,0.026785714285714284,0.5636363636363636,E1 전체 기간,공정 값 23,불균형,
Balanced 랜덤포레스트,31,0.4882222222222222,0.038626634750702354,0.2,0.4,0.4,0.05405405405405406,0.2,0.03125,0.5722943722943723,E1 전체 기간,공정 값 23,불균형,
Balanced 랜덤포레스트,32,0.24944444444444447,0.07303531199536273,0.4,0.4,0.4,0.04405286343612335,1.0,0.02252252252252252,0.648068669527897,E1 전체 기간,공정 값 23,불균형,
Balanced 랜덤포레스트,33,0.6580555555555555,0.021401342163001283,0.0,0.0,0.4,0.0,0.0,0.0,0.35930735930735935,E1 전체 기간,공정 값 23,불균형,
Balanced 랜덤포레스트,34,0.5972222222222222,0.05007357745307674,0.2,0.2,0.2,0.0,0.0,0.0,0.4354978354978355,E1 전체 기간,공정 값 23,불균형,
Balanced 랜덤포레스트,35,0.48833333333333334,0.026435319267332242,0.0,0.2,0.4,0.03636363636363636,0.2,0.02,0.5307359307359307,E1 전체 기간,공정 값 23,불균형,
Balanced 랜덤포레스트,36,0.36333333333333334,0.025295152675419527,0.0,0.2,0.4,0.04081632653061224,0.6,0.02112676056338028,0.42683982683982685,E1 전체 기간,공정 값 23,불균형,
Balanced 랜덤포레스트,37,0.5366666666666666,0.038029713206703994,0.2,0.4,0.4,0.06896551724137931,0.2,0.041666666666666664,0.5339055793991416,E1 전체 기간,공정 값 23,불균형,
Balanced 랜덤포레스트,38,0.3441666666666667,0.021739117473262244,0.0,0.0,0.2,0.03428571428571429,0.6,0.01764705882352941,0.4476190476190476,E1 전체 기간,공정 값 23,불균형,
Balanced 랜덤포레스트,39,0.6533333333333333,0.018707511714818714,0.0,0.2,0.2,0.0,0.0,0.0,0.28744588744588745,E1 전체 기간,공정 값 23,불균형,
Balanced 랜덤포레스트,40,0.5633333333333334,0.020188990326963138,0.0,0.2,0.2,0.0,0.0,0.0,0.34891774891774896,E1 전체 기간,공정 값 23,불균형,
Balanced 랜덤포레스트,41,0.49833333333333335,0.043705409395946485,0.2,0.2,0.2,0.05405405405405406,0.2,0.03125,0.49264069264069266,E1 전체 기간,공정 값 23,불균형,
Balanced 랜덤포레스트,42,0.2633333333333333,0.023704935568517993,0.0,0.0,0.0,0.04484304932735426,1.0,0.022935779816513763,0.502145922746781,E1 전체 기간,공정 값 23,불균형,
Balanced 랜덤포레스트,43,0.43833333333333335,0.020176023561449864,0.0,0.2,0.2,0.03076923076923077,0.2,0.016666666666666666,0.3757575757575758,E1 전체 기간,공정 값 23,불균형,
Balanced 랜덤포레스트,44,0.5822222222222223,0.03197268058085743,0.0,0.2,0.2,0.0,0.0,0.0,0.5965367965367965,E1 전체 기간,공정 값 23,불균형,
Balanced 랜덤포레스트,45,0.22222222222222224,0.020764389313966593,0.0,0.0,0.0,0.04329004329004329,1.0,0.022123893805309734,0.42337662337662335,E1 전체 기간,공정 값 23,불균형,
Balanced 랜덤포레스트,46,0.20722222222222222,0.021562418043623972,0.0,0.0,0.2,0.04184100418410042,1.0,0.021367521367521368,0.412987012987013,E1 전체 기간,공정 값 23,불균형,
Balanced 랜덤포레스트,47,0.5533333333333333,0.015458209863716746,0.0,0.0,0.0,0.0,0.0,0.0,0.21287553648068674,E1 전체 기간,공정 값 23,불균형,
Balanced 랜덤포레스트,48,0.7005555555555556,0.024630739896267163,0.2,0.2,0.2,0.0,0.0,0.0,0.29523809523809524,E1 전체 기간,공정 값 23,불균형,
Balanced 랜덤포레스트,49,0.1925,0.029721970446055818,0.0,0.0,0.4,0.04149377593360996,1.0,0.0211864406779661,0.5982683982683983,E1 전체 기간,공정 값 23,불균형,
EasyEnsemble,0,0.622220410410287,0.027127293458578967,0.0,0.2,0.2,0.0,0.0,0.0,0.5298701298701298,E1 전체 기간,공정 값 23,불균형,
EasyEnsemble,1,0.4021661863816135,0.020776639601683647,0.0,0.2,0.2,0.04184100418410042,1.0,0.021367521367521368,0.3922077922077922,E1 전체 기간,공정 값 23,불균형,
EasyEnsemble,2,0.5133073235834267,0.014698034518986136,0.0,0.0,0.0,0.0,0.0,0.0,0.18884120171673816,E1 전체 기간,공정 값 23,불균형,
EasyEnsemble,3,0.4535449910043006,0.019833430915506857,0.0,0.0,0.0,0.04830917874396135,1.0,0.024752475247524754,0.3913419913419914,E1 전체 기간,공정 값 23,불균형,
EasyEnsemble,4,0.5700099006554373,0.025324978052250778,0.0,0.2,0.2,0.0,0.0,0.0,0.5090909090909091,E1 전체 기간,공정 값 23,불균형,
EasyEnsemble,5,0.36928157371695053,0.025908400241733576,0.0,0.0,0.2,0.04184100418410042,1.0,0.021367521367521368,0.5367965367965368,E1 전체 기간,공정 값 23,불균형,
EasyEnsemble,6,0.45300986618512723,0.021096506072975137,0.0,0.2,0.2,0.03902439024390244,0.8,0.02,0.38095238095238093,E1 전체 기간,공정 값 23,불균형,
EasyEnsemble,7,0.5864549441279343,0.04097790152743713,0.2,0.4,0.4,0.0,0.0,0.0,0.6283261802575107,E1 전체 기간,공정 값 23,불균형,
EasyEnsemble,8,0.6531554915559556,0.022988608866296844,0.0,0.0,0.2,0.0,0.0,0.0,0.4692640692640693,E1 전체 기간,공정 값 23,불균형,
EasyEnsemble,9,0.5594571591081479,0.023730988137262442,0.0,0.0,0.4,0.0,0.0,0.0,0.4017316017316018,E1 전체 기간,공정 값 23,불균형,
EasyEnsemble,10,0.5821732734007401,0.026266644395649262,0.0,0.2,0.2,0.0,0.0,0.0,0.5038961038961038,E1 전체 기간,공정 값 23,불균형,
EasyEnsemble,11,0.6222349227977405,0.023872153370571487,0.0,0.0,0.0,0.0,0.0,0.0,0.49696969696969695,E1 전체 기간,공정 값 23,불균형,
EasyEnsemble,12,0.46730007867336765,0.020570140850576527,0.0,0.0,0.2,0.04020100502512563,0.8,0.020618556701030927,0.41630901287553645,E1 전체 기간,공정 값 23,불균형,
EasyEnsemble,13,0.4905443057247947,0.019817701636182156,0.0,0.2,0.2,0.027972027972027972,0.4,0.014492753623188406,0.35844155844155845,E1 전체 기간,공정 값 23,불균형,
EasyEnsemble,14,0.6205050032053421,0.023370142347885117,0.0,0.2,0.2,0.0,0.0,0.0,0.4311688311688312,E1 전체 기간,공정 값 23,불균형,
EasyEnsemble,15,0.5919274985294688,0.02587900686233122,0.0,0.0,0.4,0.0,0.0,0.0,0.5082251082251084,E1 전체 기간,공정 값 23,불균형,
EasyEnsemble,16,0.6367947038939518,0.026814228440249617,0.0,0.0,0.0,0.0,0.0,0.0,0.5541125541125541,E1 전체 기간,공정 값 23,불균형,
EasyEnsemble,17,0.514348351571037,0.019333406316064266,0.0,0.0,0.0,0.019417475728155338,0.2,0.01020408163265306,0.3862660944206009,E1 전체 기간,공정 값 23,불균형,
EasyEnsemble,18,0.5196727387423835,0.02942256273780443,0.0,0.2,0.2,0.0449438202247191,0.4,0.023809523809523808,0.5402597402597402,E1 전체 기간,공정 값 23,불균형,
EasyEnsemble,19,0.49892691013190305,0.022022168343794238,0.0,0.0,0.0,0.032520325203252036,0.4,0.01694915254237288,0.45021645021645024,E1 전체 기간,공정 값 23,불균형,
EasyEnsemble,20,0.48829431270040774,0.026691873249216756,0.2,0.2,0.2,0.03508771929824561,0.6,0.018072289156626505,0.4701298701298701,E1 전체 기간,공정 값 23,불균형,
EasyEnsemble,21,0.5031518445623677,0.02659821976173987,0.0,0.2,0.4,0.03669724770642202,0.4,0.019230769230769232,0.438961038961039,E1 전체 기간,공정 값 23,불균형,
EasyEnsemble,22,0.5015538412665421,0.021639944165056622,0.0,0.0,0.2,0.03007518796992481,0.4,0.015625,0.4377682403433476,E1 전체 기간,공정 값 23,불균형,
EasyEnsemble,23,0.36613114822083526,0.042481234078306826,0.2,0.4,0.4,0.04149377593360996,1.0,0.0211864406779661,0.6857142857142857,E1 전체 기간,공정 값 23,불균형,
EasyEnsemble,24,0.602301175521453,0.02077533279479469,0.0,0.0,0.2,0.0,0.0,0.0,0.4095238095238095,E1 전체 기간,공정 값 23,불균형,
EasyEnsemble,25,0.5479170064604159,0.01924071016940168,0.0,0.0,0.0,0.0,0.0,0.0,0.3757575757575758,E1 전체 기간,공정 값 23,불균형,
EasyEnsemble,26,0.43823054866018063,0.025240970595447356,0.0,0.0,0.2,0.043668122270742356,1.0,0.022321428571428572,0.5246753246753246,E1 전체 기간,공정 값 23,불균형,
EasyEnsemble,27,0.36526919447092066,0.023704696454765344,0.0,0.2,0.2,0.04149377593360996,1.0,0.0211864406779661,0.4497854077253219,E1 전체 기간,공정 값 23,불균형,
EasyEnsemble,28,0.3922636907097263,0.020310915223837225,0.0,0.0,0.2,0.04149377593360996,1.0,0.0211864406779661,0.33852813852813857,E1 전체 기간,공정 값 23,불균형,
EasyEnsemble,29,0.5163657388104012,0.016995930964137294,0.0,0.0,0.0,0.017094017094017096,0.2,0.008928571428571428,0.2857142857142857,E1 전체 기간,공정 값 23,불균형,
EasyEnsemble,30,0.4687461563418456,0.02294010233873511,0.0,0.0,0.2,0.04739336492890995,1.0,0.024271844660194174,0.47359307359307357,E1 전체 기간,공정 값 23,불균형,
EasyEnsemble,31,0.5770769613468874,0.02813781163806519,0.0,0.2,0.2,0.0,0.0,0.0,0.5272727272727273,E1 전체 기간,공정 값 23,불균형,
EasyEnsemble,32,0.4072891655053307,0.05411027052035678,0.2,0.6,0.6,0.04149377593360996,1.0,0.0211864406779661,0.7175965665236052,E1 전체 기간,공정 값 23,불균형,
EasyEnsemble,33,0.5022972541415209,0.0229410824729949,0.0,0.2,0.4,0.034782608695652174,0.4,0.01818181818181818,0.4025974025974026,E1 전체 기간,공정 값 23,불균형,
EasyEnsemble,34,0.54444196228378,0.019421282011528786,0.0,0.2,0.2,0.0,0.0,0.0,0.3125541125541126,E1 전체 기간,공정 값 23,불균형,
EasyEnsemble,35,0.6284880648843316,0.020331639028190754,0.0,0.0,0.0,0.0,0.0,0.0,0.412987012987013,E1 전체 기간,공정 값 23,불균형,
EasyEnsemble,36,0.49989479255148195,0.017581092348092225,0.0,0.0,0.0,0.0,0.0,0.0,0.3125541125541126,E1 전체 기간,공정 값 23,불균형,
EasyEnsemble,37,0.5869681867138901,0.04057574231487275,0.2,0.2,0.2,0.0,0.0,0.0,0.5218884120171674,E1 전체 기간,공정 값 23,불균형,
EasyEnsemble,38,0.498801122179681,0.018914357935790743,0.0,0.0,0.2,0.015267175572519083,0.2,0.007936507936507936,0.35584415584415585,E1 전체 기간,공정 값 23,불균형,
EasyEnsemble,39,0.3910636192182213,0.016930105904692235,0.0,0.0,0.2,0.03404255319148936,0.8,0.017391304347826087,0.2683982683982684,E1 전체 기간,공정 값 23,불균형,
EasyEnsemble,40,0.45564792619430455,0.018334192829562952,0.0,0.0,0.0,0.029556650246305417,0.6,0.015151515151515152,0.3393939393939394,E1 전체 기간,공정 값 23,불균형,
EasyEnsemble,41,0.4817236750957802,0.02653996790135172,0.0,0.2,0.4,0.026490066225165563,0.4,0.0136986301369863,0.4961038961038961,E1 전체 기간,공정 값 23,불균형,
EasyEnsemble,42,0.5142094769369001,0.03066567273657065,0.0,0.2,0.2,0.06896551724137931,0.6,0.036585365853658534,0.6034334763948498,E1 전체 기간,공정 값 23,불균형,
EasyEnsemble,43,0.5106270583412107,0.019959936146077915,0.0,0.0,0.0,0.0,0.0,0.0,0.3878787878787879,E1 전체 기간,공정 값 23,불균형,
EasyEnsemble,44,0.5890375578974237,0.031590594006907974,0.0,0.2,0.2,0.0,0.0,0.0,0.6155844155844156,E1 전체 기간,공정 값 23,불균형,
EasyEnsemble,45,0.38327780050325283,0.022283631827507817,0.0,0.0,0.2,0.04149377593360996,1.0,0.0211864406779661,0.4614718614718615,E1 전체 기간,공정 값 23,불균형,
EasyEnsemble,46,0.38303799573290154,0.018480806072247634,0.0,0.0,0.0,0.04149377593360996,1.0,0.0211864406779661,0.34891774891774896,E1 전체 기간,공정 값 23,불균형,
EasyEnsemble,47,0.48533252790513226,0.018680812575250616,0.0,0.0,0.0,0.03821656050955414,0.6,0.019736842105263157,0.351931330472103,E1 전체 기간,공정 값 23,불균형,
EasyEnsemble,48,0.5278402702526082,0.021943145394606886,0.0,0.0,0.2,0.04819277108433735,0.4,0.02564102564102564,0.41645021645021646,E1 전체 기간,공정 값 23,불균형,
EasyEnsemble,49,0.3125591908111941,0.03417751920043935,0.0,0.2,0.4,0.04149377593360996,1.0,0.0211864406779661,0.6207792207792209,E1 전체 기간,공정 값 23,불균형,
RUSBoost,0,,,,,,,,,,E1 전체 기간,공정 값 23,불균형,"ValueError: BaseClassifier in AdaBoostClassifier ensemble is worse than random, ensemble can not be fit."
RUSBoost,1,,,,,,,,,,E1 전체 기간,공정 값 23,불균형,"ValueError: BaseClassifier in AdaBoostClassifier ensemble is worse than random, ensemble can not be fit."
RUSBoost,2,0.1550332592767566,0.017276539536601458,0.0,0.0,0.2,0.02185792349726776,0.4,0.011235955056179775,0.2875536480686695,E1 전체 기간,공정 값 23,불균형,
RUSBoost,3,,,,,,,,,,E1 전체 기간,공정 값 23,불균형,"ValueError: BaseClassifier in AdaBoostClassifier ensemble is worse than random, ensemble can not be fit."
RUSBoost,4,,,,,,,,,,E1 전체 기간,공정 값 23,불균형,"ValueError: BaseClassifier in AdaBoostClassifier ensemble is worse than random, ensemble can not be fit."
RUSBoost,5,,,,,,,,,,E1 전체 기간,공정 값 23,불균형,"ValueError: BaseClassifier in AdaBoostClassifier ensemble is worse than random, ensemble can not be fit."
RUSBoost,6,0.11920292202211755,0.01903621397386543,0.0,0.0,0.0,0.04149377593360996,1.0,0.0211864406779661,0.35238095238095235,E1 전체 기간,공정 값 23,불균형,
RUSBoost,7,,,,,,,,,,E1 전체 기간,공정 값 23,불균형,"ValueError: BaseClassifier in AdaBoostClassifier ensemble is worse than random, ensemble can not be fit."
RUSBoost,8,,,,,,,,,,E1 전체 기간,공정 값 23,불균형,"ValueError: BaseClassifier in AdaBoostClassifier ensemble is worse than random, ensemble can not be fit."
RUSBoost,9,,,,,,,,,,E1 전체 기간,공정 값 23,불균형,"ValueError: BaseClassifier in AdaBoostClassifier ensemble is worse than random, ensemble can not be fit."
RUSBoost,10,,,,,,,,,,E1 전체 기간,공정 값 23,불균형,"ValueError: BaseClassifier in AdaBoostClassifier ensemble is worse than random, ensemble can not be fit."
RUSBoost,11,,,,,,,,,,E1 전체 기간,공정 값 23,불균형,"ValueError: BaseClassifier in AdaBoostClassifier ensemble is worse than random, ensemble can not be fit."
RUSBoost,12,,,,,,,,,,E1 전체 기간,공정 값 23,불균형,"ValueError: BaseClassifier in AdaBoostClassifier ensemble is worse than random, ensemble can not be fit."
RUSBoost,13,,,,,,,,,,E1 전체 기간,공정 값 23,불균형,"ValueError: BaseClassifier in AdaBoostClassifier ensemble is worse than random, ensemble can not be fit."
RUSBoost,14,,,,,,,,,,E1 전체 기간,공정 값 23,불균형,"ValueError: BaseClassifier in AdaBoostClassifier ensemble is worse than random, ensemble can not be fit."
RUSBoost,15,,,,,,,,,,E1 전체 기간,공정 값 23,불균형,"ValueError: BaseClassifier in AdaBoostClassifier ensemble is worse than random, ensemble can not be fit."
RUSBoost,16,,,,,,,,,,E1 전체 기간,공정 값 23,불균형,"ValueError: BaseClassifier in AdaBoostClassifier ensemble is worse than random, ensemble can not be fit."
RUSBoost,17,,,,,,,,,,E1 전체 기간,공정 값 23,불균형,"ValueError: BaseClassifier in AdaBoostClassifier ensemble is worse than random, ensemble can not be fit."
RUSBoost,18,,,,,,,,,,E1 전체 기간,공정 값 23,불균형,"ValueError: BaseClassifier in AdaBoostClassifier ensemble is worse than random, ensemble can not be fit."
RUSBoost,19,,,,,,,,,,E1 전체 기간,공정 값 23,불균형,"ValueError: BaseClassifier in AdaBoostClassifier ensemble is worse than random, ensemble can not be fit."
RUSBoost,20,,,,,,,,,,E1 전체 기간,공정 값 23,불균형,"ValueError: BaseClassifier in AdaBoostClassifier ensemble is worse than random, ensemble can not be fit."
RUSBoost,21,,,,,,,,,,E1 전체 기간,공정 값 23,불균형,"ValueError: BaseClassifier in AdaBoostClassifier ensemble is worse than random, ensemble can not be fit."
RUSBoost,22,0.11920292202211755,0.03337252937726435,0.2,0.2,0.2,0.0411522633744856,1.0,0.02100840336134454,0.5450643776824033,E1 전체 기간,공정 값 23,불균형,
RUSBoost,23,,,,,,,,,,E1 전체 기간,공정 값 23,불균형,"ValueError: BaseClassifier in AdaBoostClassifier ensemble is worse than random, ensemble can not be fit."
RUSBoost,24,,,,,,,,,,E1 전체 기간,공정 값 23,불균형,"ValueError: BaseClassifier in AdaBoostClassifier ensemble is worse than random, ensemble can not be fit."
RUSBoost,25,,,,,,,,,,E1 전체 기간,공정 값 23,불균형,"ValueError: BaseClassifier in AdaBoostClassifier ensemble is worse than random, ensemble can not be fit."
RUSBoost,26,,,,,,,,,,E1 전체 기간,공정 값 23,불균형,"ValueError: BaseClassifier in AdaBoostClassifier ensemble is worse than random, ensemble can not be fit."
RUSBoost,27,,,,,,,,,,E1 전체 기간,공정 값 23,불균형,"ValueError: BaseClassifier in AdaBoostClassifier ensemble is worse than random, ensemble can not be fit."
RUSBoost,28,,,,,,,,,,E1 전체 기간,공정 값 23,불균형,"ValueError: BaseClassifier in AdaBoostClassifier ensemble is worse than random, ensemble can not be fit."
RUSBoost,29,,,,,,,,,,E1 전체 기간,공정 값 23,불균형,"ValueError: BaseClassifier in AdaBoostClassifier ensemble is worse than random, ensemble can not be fit."
RUSBoost,30,0.11920292202211755,0.07885799600734635,0.2,0.4,0.4,0.04149377593360996,1.0,0.0211864406779661,0.5463203463203464,E1 전체 기간,공정 값 23,불균형,
RUSBoost,31,,,,,,,,,,E1 전체 기간,공정 값 23,불균형,"ValueError: BaseClassifier in AdaBoostClassifier ensemble is worse than random, ensemble can not be fit."
RUSBoost,32,,,,,,,,,,E1 전체 기간,공정 값 23,불균형,"ValueError: BaseClassifier in AdaBoostClassifier ensemble is worse than random, ensemble can not be fit."
RUSBoost,33,,,,,,,,,,E1 전체 기간,공정 값 23,불균형,"ValueError: BaseClassifier in AdaBoostClassifier ensemble is worse than random, ensemble can not be fit."
RUSBoost,34,0.8640385120715556,0.01677284905443594,0.0,0.0,0.0,0.0,0.0,0.0,0.2805194805194805,E1 전체 기간,공정 값 23,불균형,
RUSBoost,35,,,,,,,,,,E1 전체 기간,공정 값 23,불균형,"ValueError: BaseClassifier in AdaBoostClassifier ensemble is worse than random, ensemble can not be fit."
RUSBoost,36,,,,,,,,,,E1 전체 기간,공정 값 23,불균형,"ValueError: BaseClassifier in AdaBoostClassifier ensemble is worse than random, ensemble can not be fit."
RUSBoost,37,,,,,,,,,,E1 전체 기간,공정 값 23,불균형,"ValueError: BaseClassifier in AdaBoostClassifier ensemble is worse than random, ensemble can not be fit."
RUSBoost,38,,,,,,,,,,E1 전체 기간,공정 값 23,불균형,"ValueError: BaseClassifier in AdaBoostClassifier ensemble is worse than random, ensemble can not be fit."
RUSBoost,39,,,,,,,,,,E1 전체 기간,공정 값 23,불균형,"ValueError: BaseClassifier in AdaBoostClassifier ensemble is worse than random, ensemble can not be fit."
RUSBoost,40,,,,,,,,,,E1 전체 기간,공정 값 23,불균형,"ValueError: BaseClassifier in AdaBoostClassifier ensemble is worse than random, ensemble can not be fit."
RUSBoost,41,,,,,,,,,,E1 전체 기간,공정 값 23,불균형,"ValueError: BaseClassifier in AdaBoostClassifier ensemble is worse than random, ensemble can not be fit."
RUSBoost,42,,,,,,,,,,E1 전체 기간,공정 값 23,불균형,"ValueError: BaseClassifier in AdaBoostClassifier ensemble is worse than random, ensemble can not be fit."
RUSBoost,43,,,,,,,,,,E1 전체 기간,공정 값 23,불균형,"ValueError: BaseClassifier in AdaBoostClassifier ensemble is worse than random, ensemble can not be fit."
RUSBoost,44,,,,,,,,,,E1 전체 기간,공정 값 23,불균형,"ValueError: BaseClassifier in AdaBoostClassifier ensemble is worse than random, ensemble can not be fit."
RUSBoost,45,,,,,,,,,,E1 전체 기간,공정 값 23,불균형,"ValueError: BaseClassifier in AdaBoostClassifier ensemble is worse than random, ensemble can not be fit."
RUSBoost,46,,,,,,,,,,E1 전체 기간,공정 값 23,불균형,"ValueError: BaseClassifier in AdaBoostClassifier ensemble is worse than random, ensemble can not be fit."
RUSBoost,47,,,,,,,,,,E1 전체 기간,공정 값 23,불균형,"ValueError: BaseClassifier in AdaBoostClassifier ensemble is worse than random, ensemble can not be fit."
RUSBoost,48,,,,,,,,,,E1 전체 기간,공정 값 23,불균형,"ValueError: BaseClassifier in AdaBoostClassifier ensemble is worse than random, ensemble can not be fit."
RUSBoost,49,0.28006788580183617,0.044096074688825856,0.2,0.4,0.6,0.061855670103092786,0.6,0.03260869565217391,0.6632034632034632,E1 전체 기간,공정 값 23,불균형,
스태킹 (LR·SVM·RF → LR),0,0.6404872506598323,0.019766340209199276,0.0,0.0,0.0,0.0,0.0,0.0,0.3896103896103896,E1 전체 기간,공정 값 23,앙상블,
스태킹 (LR·SVM·RF → LR),1,0.5192314015240378,0.03235505320762196,0.0,0.2,0.4,0.0,0.0,0.0,0.5913419913419914,E1 전체 기간,공정 값 23,앙상블,
스태킹 (LR·SVM·RF → LR),2,0.5620814518959968,0.018577691287827457,0.0,0.0,0.0,0.0,0.0,0.0,0.35536480686695276,E1 전체 기간,공정 값 23,앙상블,
스태킹 (LR·SVM·RF → LR),3,0.7296496544212768,0.024625566601975617,0.0,0.0,0.2,0.0,0.0,0.0,0.4883116883116883,E1 전체 기간,공정 값 23,앙상블,
스태킹 (LR·SVM·RF → LR),4,0.9409782179679265,0.018468825500226257,0.0,0.0,0.0,0.0,0.0,0.0,0.35151515151515156,E1 전체 기간,공정 값 23,앙상블,
스태킹 (LR·SVM·RF → LR),5,0.25508293984199043,0.023627074736702464,0.0,0.0,0.0,0.04219409282700422,1.0,0.021551724137931036,0.4883116883116883,E1 전체 기간,공정 값 23,앙상블,
스태킹 (LR·SVM·RF → LR),6,0.17217193165272718,0.12413763867711236,0.2,0.2,0.4,0.04149377593360996,1.0,0.0211864406779661,0.6095238095238095,E1 전체 기간,공정 값 23,앙상블,
스태킹 (LR·SVM·RF → LR),7,0.5454851662229181,0.024014505289111587,0.0,0.2,0.2,0.0425531914893617,0.2,0.023809523809523808,0.465236051502146,E1 전체 기간,공정 값 23,앙상블,
스태킹 (LR·SVM·RF → LR),8,0.6000733787322988,0.02748670327114035,0.0,0.4,0.4,0.0,0.0,0.0,0.470995670995671,E1 전체 기간,공정 값 23,앙상블,
스태킹 (LR·SVM·RF → LR),9,0.6162017015649074,0.08096817596817599,0.4,0.4,0.6,0.0,0.0,0.0,0.677056277056277,E1 전체 기간,공정 값 23,앙상블,
스태킹 (LR·SVM·RF → LR),10,0.5838891919366822,0.019214690004609302,0.0,0.0,0.2,0.0,0.0,0.0,0.3722943722943723,E1 전체 기간,공정 값 23,앙상블,
스태킹 (LR·SVM·RF → LR),11,0.5801412826939316,0.03637946145841289,0.2,0.2,0.2,0.06896551724137931,0.2,0.041666666666666664,0.42077922077922075,E1 전체 기간,공정 값 23,앙상블,
스태킹 (LR·SVM·RF → LR),12,0.5670793230695039,0.01912541506704203,0.0,0.0,0.0,0.0,0.0,0.0,0.37510729613733906,E1 전체 기간,공정 값 23,앙상블,
스태킹 (LR·SVM·RF → LR),13,0.21955585857226617,0.025873873490888967,0.0,0.2,0.4,0.04149377593360996,1.0,0.0211864406779661,0.4640692640692641,E1 전체 기간,공정 값 23,앙상블,
스태킹 (LR·SVM·RF → LR),14,0.6507418773840434,0.05304129307774925,0.2,0.2,0.2,0.0,0.0,0.0,0.5229437229437229,E1 전체 기간,공정 값 23,앙상블,
스태킹 (LR·SVM·RF → LR),15,0.4447374306873455,0.024162648459261214,0.0,0.0,0.2,0.019417475728155338,0.2,0.01020408163265306,0.49956709956709955,E1 전체 기간,공정 값 23,앙상블,
스태킹 (LR·SVM·RF → LR),16,0.7509174134607466,0.020580964228897422,0.0,0.0,0.2,0.0,0.0,0.0,0.3774891774891775,E1 전체 기간,공정 값 23,앙상블,
스태킹 (LR·SVM·RF → LR),17,0.19813911873598639,0.061113945578231285,0.2,0.6,0.6,0.04219409282700422,1.0,0.021551724137931036,0.6592274678111588,E1 전체 기간,공정 값 23,앙상블,
스태킹 (LR·SVM·RF → LR),18,0.8506430321588938,0.024216762703776852,0.0,0.2,0.2,0.0,0.0,0.0,0.4588744588744589,E1 전체 기간,공정 값 23,앙상블,
스태킹 (LR·SVM·RF → LR),19,0.6243831243072528,0.02237885494814404,0.0,0.0,0.2,0.0,0.0,0.0,0.46580086580086577,E1 전체 기간,공정 값 23,앙상블,
스태킹 (LR·SVM·RF → LR),20,0.6059968249243732,0.01898684524898117,0.0,0.0,0.0,0.0,0.0,0.0,0.36277056277056274,E1 전체 기간,공정 값 23,앙상블,
스태킹 (LR·SVM·RF → LR),21,0.029864871691730105,0.02498600443761734,0.0,0.0,0.2,0.04149377593360996,1.0,0.0211864406779661,0.5012987012987014,E1 전체 기간,공정 값 23,앙상블,
스태킹 (LR·SVM·RF → LR),22,0.39627508003422335,0.03354053920478414,0.0,0.4,0.4,0.057803468208092484,1.0,0.02976190476190476,0.6317596566523604,E1 전체 기간,공정 값 23,앙상블,
스태킹 (LR·SVM·RF → LR),23,0.4273452014600631,0.017052545548634924,0.0,0.0,0.0,0.03524229074889868,0.8,0.018018018018018018,0.2961038961038961,E1 전체 기간,공정 값 23,앙상블,
스태킹 (LR·SVM·RF → LR),24,0.6781892264873874,0.04353874361795154,0.2,0.2,0.2,0.11764705882352941,0.2,0.08333333333333333,0.4666666666666667,E1 전체 기간,공정 값 23,앙상블,
스태킹 (LR·SVM·RF → LR),25,0.7337791550417022,0.01694990902904643,0.0,0.0,0.0,0.0,0.0,0.0,0.2874458874458875,E1 전체 기간,공정 값 23,앙상블,
스태킹 (LR·SVM·RF → LR),26,0.6143137573991495,0.03314011269939723,0.0,0.2,0.6,0.0,0.0,0.0,0.593939393939394,E1 전체 기간,공정 값 23,앙상블,
스태킹 (LR·SVM·RF → LR),27,0.5327246368285207,0.026122819125107458,0.2,0.2,0.2,0.025974025974025976,0.2,0.013888888888888888,0.3914163090128755,E1 전체 기간,공정 값 23,앙상블,
스태킹 (LR·SVM·RF → LR),28,0.7029106861065543,0.026816676834711044,0.0,0.2,0.2,0.0,0.0,0.0,0.49610389610389605,E1 전체 기간,공정 값 23,앙상블,
스태킹 (LR·SVM·RF → LR),29,0.6342962827209218,0.01985951076635556,0.0,0.0,0.0,0.0,0.0,0.0,0.38441558441558443,E1 전체 기간,공정 값 23,앙상블,
스태킹 (LR·SVM·RF → LR),30,0.7602251819094915,0.015402653716083136,0.0,0.0,0.0,0.0,0.0,0.0,0.2155844155844156,E1 전체 기간,공정 값 23,앙상블,
스태킹 (LR·SVM·RF → LR),31,0.07874490679157409,0.05601981719824626,0.2,0.2,0.2,0.04149377593360996,1.0,0.0211864406779661,0.412987012987013,E1 전체 기간,공정 값 23,앙상블,
스태킹 (LR·SVM·RF → LR),32,0.35972607829573766,0.017789603569489977,0.0,0.0,0.2,0.04184100418410042,1.0,0.021367521367521368,0.3261802575107296,E1 전체 기간,공정 값 23,앙상블,
스태킹 (LR·SVM·RF → LR),33,0.6647106770595858,0.0289039735554456,0.0,0.2,0.2,0.0,0.0,0.0,0.5601731601731602,E1 전체 기간,공정 값 23,앙상블,
스태킹 (LR·SVM·RF → LR),34,0.22752210731135378,0.02352084084597038,0.0,0.2,0.2,0.04149377593360996,1.0,0.0211864406779661,0.39567099567099573,E1 전체 기간,공정 값 23,앙상블,
스태킹 (LR·SVM·RF → LR),35,0.1651769512779956,0.037969262803915826,0.0,0.4,0.6,0.04149377593360996,1.0,0.0211864406779661,0.6173160173160173,E1 전체 기간,공정 값 23,앙상블,
스태킹 (LR·SVM·RF → LR),36,0.4915889468977892,0.22287599580424794,0.2,0.2,0.6,0.05217391304347826,0.6,0.02727272727272727,0.5203463203463203,E1 전체 기간,공정 값 23,앙상블,
스태킹 (LR·SVM·RF → LR),37,0.4660794089927234,0.02464088390476871,0.0,0.2,0.2,0.04219409282700422,1.0,0.021551724137931036,0.5012875536480687,E1 전체 기간,공정 값 23,앙상블,
스태킹 (LR·SVM·RF → LR),38,0.6324919648624632,0.018984972115101764,0.0,0.0,0.0,0.0,0.0,0.0,0.36103896103896105,E1 전체 기간,공정 값 23,앙상블,
스태킹 (LR·SVM·RF → LR),39,0.815685216870484,0.02351343885460845,0.2,0.2,0.2,0.0,0.0,0.0,0.3393939393939394,E1 전체 기간,공정 값 23,앙상블,
스태킹 (LR·SVM·RF → LR),40,0.7687952670643439,0.028465817029097003,0.0,0.2,0.4,0.0,0.0,0.0,0.4796536796536797,E1 전체 기간,공정 값 23,앙상블,
스태킹 (LR·SVM·RF → LR),41,0.5465360158618954,0.043279671234593385,0.0,0.2,0.6,0.09230769230769231,0.6,0.05,0.7281385281385282,E1 전체 기간,공정 값 23,앙상블,
스태킹 (LR·SVM·RF → LR),42,0.6947327248079953,0.08649573257467993,0.2,0.2,0.4,0.10526315789473684,0.2,0.07142857142857142,0.44892703862660954,E1 전체 기간,공정 값 23,앙상블,
스태킹 (LR·SVM·RF → LR),43,0.541841012499165,0.022926309968637995,0.0,0.0,0.2,0.0,0.0,0.0,0.4623376623376624,E1 전체 기간,공정 값 23,앙상블,
스태킹 (LR·SVM·RF → LR),44,0.47932864121038293,0.03293957168575448,0.2,0.2,0.2,0.023529411764705882,0.2,0.0125,0.5151515151515151,E1 전체 기간,공정 값 23,앙상블,
스태킹 (LR·SVM·RF → LR),45,0.6812185671110332,0.031077529578314174,0.0,0.2,0.2,0.0,0.0,0.0,0.5930735930735931,E1 전체 기간,공정 값 23,앙상블,
스태킹 (LR·SVM·RF → LR),46,0.4398184357314953,0.029230664827322343,0.0,0.2,0.4,0.034782608695652174,0.4,0.01818181818181818,0.5307359307359307,E1 전체 기간,공정 값 23,앙상블,
스태킹 (LR·SVM·RF → LR),47,0.6459613097178953,0.046605087253680254,0.2,0.6,0.6,0.06896551724137931,0.2,0.041666666666666664,0.5871244635193134,E1 전체 기간,공정 값 23,앙상블,
스태킹 (LR·SVM·RF → LR),48,0.47388238044345243,0.01958320067853444,0.0,0.2,0.2,0.031007751937984496,0.4,0.016129032258064516,0.30735930735930733,E1 전체 기간,공정 값 23,앙상블,
스태킹 (LR·SVM·RF → LR),49,0.5379182275218664,0.017961579074798686,0.0,0.0,0.0,0.0,0.0,0.0,0.32640692640692637,E1 전체 기간,공정 값 23,앙상블,
로지스틱 (튜닝),0,0.6213351187675534,0.027408169388927248,0.2,0.2,0.2,0.03773584905660377,0.2,0.020833333333333332,0.4658008658008658,E1 전체 기간,공정 값 23,튜닝,
로지스틱 (튜닝),1,0.09958494634504891,0.033140200392599115,0.2,0.4,0.4,0.04149377593360996,1.0,0.0211864406779661,0.4701298701298701,E1 전체 기간,공정 값 23,튜닝,
로지스틱 (튜닝),2,0.7609523609769364,0.01576469130201049,0.0,0.0,0.0,0.0,0.0,0.0,0.24549356223175967,E1 전체 기간,공정 값 23,튜닝,
로지스틱 (튜닝),3,0.5144992555297047,0.026001964225237637,0.0,0.2,0.2,0.01652892561983471,0.2,0.008620689655172414,0.48484848484848486,E1 전체 기간,공정 값 23,튜닝,
로지스틱 (튜닝),4,0.7438609005308071,0.07514372867750352,0.4,0.4,0.4,0.0,0.0,0.0,0.6536796536796536,E1 전체 기간,공정 값 23,튜닝,
로지스틱 (튜닝),5,0.01728101671888824,0.02124360868897195,0.0,0.0,0.0,0.04149377593360996,1.0,0.0211864406779661,0.43982683982683984,E1 전체 기간,공정 값 23,튜닝,
로지스틱 (튜닝),6,0.5721725087949542,0.01973892490315848,0.0,0.0,0.0,0.0,0.0,0.0,0.38441558441558443,E1 전체 기간,공정 값 23,튜닝,
로지스틱 (튜닝),7,0.00010063056493581818,0.04863324643720083,0.2,0.2,0.2,0.0411522633744856,1.0,0.02100840336134454,0.3914163090128756,E1 전체 기간,공정 값 23,튜닝,
로지스틱 (튜닝),8,0.5239581184273377,0.025976688333352024,0.0,0.2,0.2,0.02531645569620253,0.2,0.013513513513513514,0.5142857142857142,E1 전체 기간,공정 값 23,튜닝,
로지스틱 (튜닝),9,0.9185436369341577,0.024935063741601957,0.0,0.2,0.2,0.0,0.0,0.0,0.470995670995671,E1 전체 기간,공정 값 23,튜닝,
로지스틱 (튜닝),10,0.4154978711624357,0.0415330321852061,0.2,0.4,0.6,0.04149377593360996,1.0,0.0211864406779661,0.6164502164502165,E1 전체 기간,공정 값 23,튜닝,
로지스틱 (튜닝),11,0.8997005451074047,0.09067791471228157,0.2,0.4,0.4,0.0,0.0,0.0,0.561038961038961,E1 전체 기간,공정 값 23,튜닝,
로지스틱 (튜닝),12,0.7253209744103402,0.026447860292572338,0.0,0.0,0.4,0.0,0.0,0.0,0.5227467811158798,E1 전체 기간,공정 값 23,튜닝,
로지스틱 (튜닝),13,0.7503690476631959,0.01813148869870075,0.0,0.0,0.2,0.0,0.0,0.0,0.3064935064935065,E1 전체 기간,공정 값 23,튜닝,
로지스틱 (튜닝),14,0.8134370324626105,0.02552206722110506,0.2,0.2,0.2,0.0,0.0,0.0,0.4311688311688312,E1 전체 기간,공정 값 23,튜닝,
로지스틱 (튜닝),15,0.4249311471675577,0.019912080242607506,0.0,0.0,0.2,0.03902439024390244,0.8,0.02,0.3922077922077922,E1 전체 기간,공정 값 23,튜닝,
로지스틱 (튜닝),16,0.3638661768265763,0.04132725071926225,0.2,0.4,0.4,0.04329004329004329,1.0,0.022123893805309734,0.5835497835497836,E1 전체 기간,공정 값 23,튜닝,
로지스틱 (튜닝),17,0.5602284442810384,0.022015530208278407,0.0,0.2,0.2,0.0,0.0,0.0,0.432618025751073,E1 전체 기간,공정 값 23,튜닝,
로지스틱 (튜닝),18,0.3428785963447254,0.027617776875178874,0.0,0.0,0.4,0.04580152671755725,0.6,0.023809523809523808,0.561038961038961,E1 전체 기간,공정 값 23,튜닝,
로지스틱 (튜닝),19,0.07730288852886101,0.023373461059550724,0.0,0.0,0.4,0.04149377593360996,1.0,0.0211864406779661,0.4623376623376624,E1 전체 기간,공정 값 23,튜닝,
로지스틱 (튜닝),20,0.49702339673994217,0.03650473566003724,0.0,0.4,0.4,0.04878048780487805,0.6,0.025423728813559324,0.6277056277056277,E1 전체 기간,공정 값 23,튜닝,
로지스틱 (튜닝),21,0.6368188038528216,0.015712543919857935,0.0,0.0,0.0,0.0,0.0,0.0,0.22597402597402594,E1 전체 기간,공정 값 23,튜닝,
로지스틱 (튜닝),22,0.5230752949954834,0.020125641109066346,0.0,0.0,0.2,0.028985507246376812,0.2,0.015625,0.3931330472103005,E1 전체 기간,공정 값 23,튜닝,
로지스틱 (튜닝),23,0.025805181370998086,0.045288386653933956,0.0,0.4,0.6,0.04149377593360996,1.0,0.0211864406779661,0.7341991341991342,E1 전체 기간,공정 값 23,튜닝,
로지스틱 (튜닝),24,0.5303332842607892,0.021516768869710046,0.0,0.2,0.2,0.0273972602739726,0.2,0.014705882352941176,0.36969696969696975,E1 전체 기간,공정 값 23,튜닝,
로지스틱 (튜닝),25,0.7176143638140353,0.024176239785643434,0.0,0.2,0.2,0.0,0.0,0.0,0.4069264069264069,E1 전체 기간,공정 값 23,튜닝,
로지스틱 (튜닝),26,0.674654102602003,0.03767438633400266,0.2,0.4,0.4,0.0,0.0,0.0,0.5974025974025974,E1 전체 기간,공정 값 23,튜닝,
로지스틱 (튜닝),27,0.004002000854990957,0.018238359718947873,0.0,0.0,0.0,0.0411522633744856,1.0,0.02100840336134454,0.3467811158798283,E1 전체 기간,공정 값 23,튜닝,
로지스틱 (튜닝),28,0.002751142345714412,0.021536193223135276,0.0,0.0,0.2,0.04149377593360996,1.0,0.0211864406779661,0.4406926406926407,E1 전체 기간,공정 값 23,튜닝,
로지스틱 (튜닝),29,0.5682403226955602,0.016028586024443625,0.0,0.0,0.0,0.0,0.0,0.0,0.24588744588744588,E1 전체 기간,공정 값 23,튜닝,
로지스틱 (튜닝),30,0.9323751119512145,0.025441328804001587,0.0,0.2,0.2,0.0,0.0,0.0,0.5064935064935066,E1 전체 기간,공정 값 23,튜닝,
로지스틱 (튜닝),31,0.31475867392224277,0.03846364825088229,0.0,0.4,0.6,0.04329004329004329,1.0,0.022123893805309734,0.6242424242424243,E1 전체 기간,공정 값 23,튜닝,
로지스틱 (튜닝),32,0.012027629719028213,0.05313009663677072,0.2,0.4,0.6,0.0411522633744856,1.0,0.02100840336134454,0.7304721030042919,E1 전체 기간,공정 값 23,튜닝,
로지스틱 (튜닝),33,0.31144063804453614,0.017948317944178945,0.0,0.0,0.0,0.025157232704402517,0.4,0.012987012987012988,0.3333333333333333,E1 전체 기간,공정 값 23,튜닝,
로지스틱 (튜닝),34,0.4255070509651518,0.01706715459748363,0.0,0.0,0.0,0.0,0.0,0.0,0.2813852813852814,E1 전체 기간,공정 값 23,튜닝,
로지스틱 (튜닝),35,0.829911923659632,0.036496190929201866,0.0,0.4,0.4,0.0,0.0,0.0,0.5930735930735931,E1 전체 기간,공정 값 23,튜닝,
로지스틱 (튜닝),36,0.047861808930054844,0.06246272246272246,0.2,0.4,0.4,0.04149377593360996,1.0,0.0211864406779661,0.6493506493506493,E1 전체 기간,공정 값 23,튜닝,
로지스틱 (튜닝),37,0.4422200966103722,0.039096463344686416,0.0,0.2,0.6,0.046511627906976744,1.0,0.023809523809523808,0.6987124463519313,E1 전체 기간,공정 값 23,튜닝,
로지스틱 (튜닝),38,0.311229827750965,0.01717422415501942,0.0,0.0,0.2,0.04524886877828054,1.0,0.023148148148148147,0.27965367965367965,E1 전체 기간,공정 값 23,튜닝,
로지스틱 (튜닝),39,0.04750781788199481,0.018308627687935303,0.0,0.0,0.2,0.04219409282700422,1.0,0.021551724137931036,0.31861471861471863,E1 전체 기간,공정 값 23,튜닝,
로지스틱 (튜닝),40,0.3657460274862088,0.2155564165415353,0.2,0.2,0.2,0.04219409282700422,1.0,0.021551724137931036,0.4034632034632034,E1 전체 기간,공정 값 23,튜닝,
로지스틱 (튜닝),41,0.13651787575734395,0.04570672590794503,0.4,0.4,0.6,0.04484304932735426,1.0,0.022935779816513763,0.5670995670995671,E1 전체 기간,공정 값 23,튜닝,
로지스틱 (튜닝),42,0.038351322778461344,0.021094106852620784,0.0,0.0,0.2,0.0411522633744856,1.0,0.02100840336134454,0.4008583690987125,E1 전체 기간,공정 값 23,튜닝,
로지스틱 (튜닝),43,0.8444048322263824,0.0248858281510418,0.0,0.0,0.2,0.0,0.0,0.0,0.5229437229437229,E1 전체 기간,공정 값 23,튜닝,
로지스틱 (튜닝),44,0.27920580255437033,0.042616518228941386,0.0,0.4,0.6,0.04149377593360996,1.0,0.0211864406779661,0.6640692640692641,E1 전체 기간,공정 값 23,튜닝,
로지스틱 (튜닝),45,0.45137274989532,0.025016424985624675,0.0,0.0,0.0,0.049079754601226995,0.8,0.02531645569620253,0.5047619047619047,E1 전체 기간,공정 값 23,튜닝,
로지스틱 (튜닝),46,0.0022627333004508485,0.02296553270928515,0.0,0.2,0.2,0.04149377593360996,1.0,0.0211864406779661,0.4025974025974026,E1 전체 기간,공정 값 23,튜닝,
로지스틱 (튜닝),47,0.007583313608545618,0.0758441083353287,0.2,0.4,0.4,0.0411522633744856,1.0,0.02100840336134454,0.5699570815450644,E1 전체 기간,공정 값 23,튜닝,
로지스틱 (튜닝),48,0.3643978223786788,0.024434821329604527,0.0,0.2,0.4,0.031496062992125984,0.4,0.01639344262295082,0.4060606060606061,E1 전체 기간,공정 값 23,튜닝,
로지스틱 (튜닝),49,0.001674264858503077,0.05061988538403632,0.2,0.6,0.6,0.04149377593360996,1.0,0.0211864406779661,0.7367965367965368,E1 전체 기간,공정 값 23,튜닝,
랜덤포레스트 (튜닝),0,0.0650223504577475,0.042073254884350195,0.2,0.2,0.6,0.07339449541284404,0.8,0.038461538461538464,0.6545454545454545,E1 전체 기간,공정 값 23,튜닝,
랜덤포레스트 (튜닝),1,0.15905825987289104,0.016112909542860113,0.0,0.0,0.0,0.016,0.2,0.008333333333333333,0.23982683982683983,E1 전체 기간,공정 값 23,튜닝,
랜덤포레스트 (튜닝),2,0.14285668655949105,0.016855377568346652,0.0,0.0,0.2,0.0,0.0,0.0,0.27811158798283264,E1 전체 기간,공정 값 23,튜닝,
랜덤포레스트 (튜닝),3,0.009783081501831502,0.02837166609332524,0.0,0.0,0.2,0.04524886877828054,1.0,0.023148148148148147,0.5593073593073593,E1 전체 기간,공정 값 23,튜닝,
랜덤포레스트 (튜닝),4,0.6652012008939148,0.027754419485889435,0.0,0.2,0.4,0.0,0.0,0.0,0.5073593073593075,E1 전체 기간,공정 값 23,튜닝,
랜덤포레스트 (튜닝),5,0.07276930983639408,0.03383675397508045,0.2,0.2,0.2,0.028169014084507043,0.2,0.015151515151515152,0.5645021645021645,E1 전체 기간,공정 값 23,튜닝,
랜덤포레스트 (튜닝),6,0.04691147723039852,0.02381309961029903,0.0,0.0,0.4,0.027586206896551724,0.4,0.014285714285714285,0.4294372294372295,E1 전체 기간,공정 값 23,튜닝,
랜덤포레스트 (튜닝),7,0.3293084993512254,0.02565852117013379,0.0,0.0,0.2,0.02197802197802198,0.2,0.011627906976744186,0.5390557939914163,E1 전체 기간,공정 값 23,튜닝,
랜덤포레스트 (튜닝),8,0.2554693422006002,0.042655954332853005,0.2,0.4,0.4,0.0,0.0,0.0,0.6103896103896104,E1 전체 기간,공정 값 23,튜닝,
랜덤포레스트 (튜닝),9,0.054821398502609,0.03970025003106767,0.2,0.2,0.2,0.0335195530726257,0.6,0.017241379310344827,0.43116883116883115,E1 전체 기간,공정 값 23,튜닝,
랜덤포레스트 (튜닝),10,0.002857142857142857,0.018328560245751965,0.0,0.0,0.0,0.04184100418410042,1.0,0.021367521367521368,0.34632034632034636,E1 전체 기간,공정 값 23,튜닝,
랜덤포레스트 (튜닝),11,0.42317535346989865,0.018784020879829087,0.0,0.0,0.0,0.0,0.0,0.0,0.35670995670995675,E1 전체 기간,공정 값 23,튜닝,
랜덤포레스트 (튜닝),12,0.2727509954981608,0.03476387825684148,0.2,0.4,0.4,0.06896551724137931,0.2,0.041666666666666664,0.5261802575107296,E1 전체 기간,공정 값 23,튜닝,
랜덤포레스트 (튜닝),13,0.0653511239852782,0.03323125120493542,0.2,0.2,0.2,0.022988505747126436,0.2,0.012195121951219513,0.42683982683982685,E1 전체 기간,공정 값 23,튜닝,
랜덤포레스트 (튜닝),14,0.5586849086116915,0.024749549388928174,0.0,0.0,0.2,0.0,0.0,0.0,0.49004329004329006,E1 전체 기간,공정 값 23,튜닝,
랜덤포레스트 (튜닝),15,0.26033657013162903,0.03957432142302846,0.2,0.4,0.6,0.06451612903225806,0.2,0.038461538461538464,0.6025974025974026,E1 전체 기간,공정 값 23,튜닝,
랜덤포레스트 (튜닝),16,0.811162471063088,0.02034288497907006,0.0,0.0,0.0,0.0,0.0,0.0,0.4034632034632035,E1 전체 기간,공정 값 23,튜닝,
랜덤포레스트 (튜닝),17,0.333201729100281,0.02590210964033854,0.0,0.2,0.2,0.024691358024691357,0.2,0.013157894736842105,0.5236051502145923,E1 전체 기간,공정 값 23,튜닝,
랜덤포레스트 (튜닝),18,0.7862586942652952,0.029439775910364143,0.0,0.2,0.4,0.0,0.0,0.0,0.5341991341991341,E1 전체 기간,공정 값 23,튜닝,
랜덤포레스트 (튜닝),19,0.5892085211906273,0.05169860500007308,0.2,0.2,0.2,0.0,0.0,0.0,0.7047619047619047,E1 전체 기간,공정 값 23,튜닝,
랜덤포레스트 (튜닝),20,0.17567603981583527,0.03106707837808407,0.2,0.2,0.2,0.046511627906976744,0.2,0.02631578947368421,0.44935064935064933,E1 전체 기간,공정 값 23,튜닝,
랜덤포레스트 (튜닝),21,0.006315095583388266,0.05922062809672407,0.2,0.4,0.4,0.0365296803652968,0.8,0.018691588785046728,0.5333333333333334,E1 전체 기간,공정 값 23,튜닝,
랜덤포레스트 (튜닝),22,0.5258317777253848,0.01647891609429548,0.0,0.0,0.0,0.0,0.0,0.0,0.27896995708154504,E1 전체 기간,공정 값 23,튜닝,
랜덤포레스트 (튜닝),23,0.003181818181818182,0.11765879744358941,0.4,0.4,0.4,0.03864734299516908,0.8,0.019801980198019802,0.5748917748917749,E1 전체 기간,공정 값 23,튜닝,
랜덤포레스트 (튜닝),24,0.7647602687785756,0.03759943293556739,0.2,0.2,0.2,0.0,0.0,0.0,0.45454545454545453,E1 전체 기간,공정 값 23,튜닝,
랜덤포레스트 (튜닝),25,0.5713726831402913,0.020178813022311243,0.0,0.0,0.0,0.0,0.0,0.0,0.4017316017316017,E1 전체 기간,공정 값 23,튜닝,
랜덤포레스트 (튜닝),26,0.006547619047619048,0.026418918388562817,0.0,0.2,0.4,0.039735099337748346,0.6,0.02054794520547945,0.48225108225108226,E1 전체 기간,공정 값 23,튜닝,
랜덤포레스트 (튜닝),27,0.07233392502882757,0.11702473346769843,0.2,0.2,0.2,0.03076923076923077,0.2,0.016666666666666666,0.44034334763948496,E1 전체 기간,공정 값 23,튜닝,
랜덤포레스트 (튜닝),28,0.789245722795669,0.020756113695063874,0.0,0.2,0.2,0.0,0.0,0.0,0.38181818181818183,E1 전체 기간,공정 값 23,튜닝,
랜덤포레스트 (튜닝),29,0.16646186903061724,0.024001461352412046,0.0,0.2,0.4,0.030534351145038167,0.4,0.015873015873015872,0.4329004329004329,E1 전체 기간,공정 값 23,튜닝,
랜덤포레스트 (튜닝),30,0.06185387730264116,0.020854600516472872,0.0,0.0,0.0,0.05235602094240838,1.0,0.026881720430107527,0.4181818181818182,E1 전체 기간,공정 값 23,튜닝,
랜덤포레스트 (튜닝),31,0.43046129992027926,0.031988656654914294,0.2,0.2,0.2,0.0,0.0,0.0,0.445021645021645,E1 전체 기간,공정 값 23,튜닝,
랜덤포레스트 (튜닝),32,0.003076923076923077,0.1188756824351945,0.2,0.2,0.2,0.0411522633744856,1.0,0.02100840336134454,0.4927038626609442,E1 전체 기간,공정 값 23,튜닝,
랜덤포레스트 (튜닝),33,0.6900655329535079,0.03876300316598824,0.2,0.4,0.4,0.0,0.0,0.0,0.5688311688311688,E1 전체 기간,공정 값 23,튜닝,
랜덤포레스트 (튜닝),34,0.8198857972146163,0.03273880359523597,0.0,0.2,0.4,0.0,0.0,0.0,0.5722943722943723,E1 전체 기간,공정 값 23,튜닝,
랜덤포레스트 (튜닝),35,0.3430560695429325,0.035625243711193216,0.2,0.2,0.2,0.13333333333333333,0.2,0.1,0.3922077922077922,E1 전체 기간,공정 값 23,튜닝,
랜덤포레스트 (튜닝),36,0.4462583653235692,0.04095893365257259,0.2,0.4,0.6,0.0,0.0,0.0,0.5904761904761906,E1 전체 기간,공정 값 23,튜닝,
랜덤포레스트 (튜닝),37,0.17154840358863097,0.05704596352240172,0.2,0.4,0.4,0.08,0.2,0.05,0.6506437768240344,E1 전체 기간,공정 값 23,튜닝,
랜덤포레스트 (튜닝),38,0.0176049444262831,0.020550224213508623,0.0,0.0,0.0,0.045112781954887216,0.6,0.0234375,0.4051948051948052,E1 전체 기간,공정 값 23,튜닝,
랜덤포레스트 (튜닝),39,0.1239486373571206,0.06492141709084573,0.2,0.2,0.2,0.044444444444444446,0.2,0.025,0.3696969696969697,E1 전체 기간,공정 값 23,튜닝,
랜덤포레스트 (튜닝),40,0.05505310622474588,0.03208608887341919,0.0,0.4,0.4,0.04395604395604396,0.4,0.023255813953488372,0.567965367965368,E1 전체 기간,공정 값 23,튜닝,
랜덤포레스트 (튜닝),41,0.08406590626597331,0.05544191659705312,0.2,0.4,0.4,0.041379310344827586,0.6,0.02142857142857143,0.6,E1 전체 기간,공정 값 23,튜닝,
랜덤포레스트 (튜닝),42,0.2012446778724621,0.03365899182279186,0.2,0.2,0.4,0.046511627906976744,0.6,0.024193548387096774,0.5433476394849786,E1 전체 기간,공정 값 23,튜닝,
랜덤포레스트 (튜닝),43,0.3100511761822217,0.02093706575723845,0.0,0.0,0.0,0.0,0.0,0.0,0.42424242424242425,E1 전체 기간,공정 값 23,튜닝,
랜덤포레스트 (튜닝),44,0.5961107924320251,0.02604976600076123,0.0,0.2,0.2,0.0,0.0,0.0,0.5082251082251082,E1 전체 기간,공정 값 23,튜닝,
랜덤포레스트 (튜닝),45,0.6382095658503715,0.02812470365101944,0.0,0.2,0.2,0.0,0.0,0.0,0.5497835497835498,E1 전체 기간,공정 값 23,튜닝,
랜덤포레스트 (튜닝),46,0.7980973277405744,0.01852881660313024,0.0,0.0,0.2,0.0,0.0,0.0,0.33766233766233766,E1 전체 기간,공정 값 23,튜닝,
랜덤포레스트 (튜닝),47,0.36800623575166824,0.017535913382490494,0.0,0.0,0.0,0.0,0.0,0.0,0.32103004291845494,E1 전체 기간,공정 값 23,튜닝,
랜덤포레스트 (튜닝),48,0.4025490846255931,0.01628481785572837,0.0,0.0,0.0,0.0,0.0,0.0,0.2484848484848485,E1 전체 기간,공정 값 23,튜닝,
랜덤포레스트 (튜닝),49,0.0027916666666666667,0.052955208534155904,0.2,0.6,0.6,0.04219409282700422,1.0,0.021551724137931036,0.6692640692640692,E1 전체 기간,공정 값 23,튜닝,
XGBoost (튜닝),0,0.49366217851638794,0.05955800446154606,0.4,0.4,0.4,0.04597701149425287,0.4,0.024390243902439025,0.6077922077922078,E1 전체 기간,공정 값 23,튜닝,
XGBoost (튜닝),1,0.6556578278541565,0.018558829398275044,0.0,0.2,0.2,0.0,0.0,0.0,0.3073593073593074,E1 전체 기간,공정 값 23,튜닝,
XGBoost (튜닝),2,0.2699676752090454,0.02399713349799163,0.0,0.2,0.2,0.0,0.0,0.0,0.44120171673819747,E1 전체 기간,공정 값 23,튜닝,
XGBoost (튜닝),3,0.0390365868806839,0.03268335082307798,0.0,0.2,0.4,0.06896551724137931,0.6,0.036585365853658534,0.5956709956709957,E1 전체 기간,공정 값 23,튜닝,
XGBoost (튜닝),4,0.3338160216808319,0.02731008321838078,0.0,0.2,0.4,0.0,0.0,0.0,0.5108225108225108,E1 전체 기간,공정 값 23,튜닝,
XGBoost (튜닝),5,0.0005525139276869595,0.06131225924891311,0.2,0.2,0.4,0.04149377593360996,1.0,0.0211864406779661,0.5333333333333333,E1 전체 기간,공정 값 23,튜닝,
XGBoost (튜닝),6,0.2662210464477539,0.04074687219188498,0.2,0.4,0.6,0.0,0.0,0.0,0.5696969696969697,E1 전체 기간,공정 값 23,튜닝,
XGBoost (튜닝),7,0.5899757146835327,0.025787831072817735,0.0,0.0,0.2,0.0,0.0,0.0,0.5184549356223176,E1 전체 기간,공정 값 23,튜닝,
XGBoost (튜닝),8,0.31378334760665894,0.04777079819377866,0.2,0.4,0.4,0.0,0.0,0.0,0.6753246753246753,E1 전체 기간,공정 값 23,튜닝,
XGBoost (튜닝),9,0.4110213816165924,0.021102979668979893,0.0,0.2,0.2,0.02666666666666667,0.2,0.014285714285714285,0.37402597402597404,E1 전체 기간,공정 값 23,튜닝,
XGBoost (튜닝),10,0.10273831337690353,0.03720435073530481,0.0,0.2,0.6,0.0,0.0,0.0,0.6424242424242425,E1 전체 기간,공정 값 23,튜닝,
XGBoost (튜닝),11,0.3914244771003723,0.01930199666073326,0.0,0.0,0.0,0.0,0.0,0.0,0.380952380952381,E1 전체 기간,공정 값 23,튜닝,
XGBoost (튜닝),12,0.10484869033098221,0.02876996178092081,0.2,0.2,0.2,0.08,0.2,0.05,0.4746781115879829,E1 전체 기간,공정 값 23,튜닝,
XGBoost (튜닝),13,0.4491283893585205,0.06732911215039886,0.2,0.2,0.2,0.044444444444444446,0.2,0.025,0.44502164502164504,E1 전체 기간,공정 값 23,튜닝,
XGBoost (튜닝),14,0.9342683553695679,0.03492414229040598,0.0,0.4,0.4,0.0,0.0,0.0,0.49523809523809514,E1 전체 기간,공정 값 23,튜닝,
XGBoost (튜닝),15,0.07875765115022659,0.030093920025698072,0.2,0.2,0.2,0.04020100502512563,0.8,0.020618556701030927,0.503030303030303,E1 전체 기간,공정 값 23,튜닝,
XGBoost (튜닝),16,0.42932429909706116,0.021859816484444943,0.0,0.0,0.0,0.0,0.0,0.0,0.451948051948052,E1 전체 기간,공정 값 23,튜닝,
XGBoost (튜닝),17,0.4007766544818878,0.027580493819038602,0.0,0.2,0.4,0.0,0.0,0.0,0.5201716738197425,E1 전체 기간,공정 값 23,튜닝,
XGBoost (튜닝),18,0.7138739824295044,0.030121926820866646,0.0,0.2,0.4,0.0,0.0,0.0,0.5662337662337662,E1 전체 기간,공정 값 23,튜닝,
XGBoost (튜닝),19,0.024655772373080254,0.05773788417648135,0.2,0.4,0.6,0.04219409282700422,1.0,0.021551724137931036,0.6493506493506493,E1 전체 기간,공정 값 23,튜닝,
XGBoost (튜닝),20,0.4612521231174469,0.05716943874838611,0.4,0.4,0.4,0.0,0.0,0.0,0.6242424242424243,E1 전체 기간,공정 값 23,튜닝,
XGBoost (튜닝),21,0.013596832752227783,0.07604843203274576,0.2,0.4,0.4,0.04678362573099415,0.8,0.024096385542168676,0.5411255411255411,E1 전체 기간,공정 값 23,튜닝,
XGBoost (튜닝),22,0.22542817890644073,0.02946674708254763,0.0,0.2,0.2,0.0,0.0,0.0,0.5888412017167381,E1 전체 기간,공정 값 23,튜닝,
XGBoost (튜닝),23,0.43321505188941956,0.08677134034646988,0.4,0.4,0.6,0.0975609756097561,0.4,0.05555555555555555,0.6095238095238096,E1 전체 기간,공정 값 23,튜닝,
XGBoost (튜닝),24,0.7234728336334229,0.04854631218688388,0.2,0.2,0.2,0.0,0.0,0.0,0.38528138528138534,E1 전체 기간,공정 값 23,튜닝,
XGBoost (튜닝),25,0.58164381980896,0.016722606044015684,0.0,0.0,0.0,0.0,0.0,0.0,0.28225108225108225,E1 전체 기간,공정 값 23,튜닝,
XGBoost (튜닝),26,0.5242680311203003,0.05199135839529929,0.2,0.4,0.6,0.07407407407407407,0.2,0.045454545454545456,0.703030303030303,E1 전체 기간,공정 값 23,튜닝,
XGBoost (튜닝),27,0.011464348994195461,0.11793530294861976,0.2,0.2,0.2,0.028985507246376812,0.2,0.015625,0.48412017167381977,E1 전체 기간,공정 값 23,튜닝,
XGBoost (튜닝),28,0.400447815656662,0.03251543530219519,0.2,0.2,0.2,0.0,0.0,0.0,0.4112554112554113,E1 전체 기간,공정 값 23,튜닝,
XGBoost (튜닝),29,0.19039691984653473,0.022394366346455488,0.0,0.0,0.4,0.05194805194805195,0.4,0.027777777777777776,0.42077922077922075,E1 전체 기간,공정 값 23,튜닝,
XGBoost (튜닝),30,0.061332929879426956,0.02206784668419981,0.0,0.0,0.0,0.04149377593360996,1.0,0.0211864406779661,0.4424242424242424,E1 전체 기간,공정 값 23,튜닝,
XGBoost (튜닝),31,0.1906411200761795,0.031196869103488865,0.0,0.4,0.4,0.0,0.0,0.0,0.4805194805194805,E1 전체 기간,공정 값 23,튜닝,
XGBoost (튜닝),32,0.4496219754219055,0.07377580421108909,0.2,0.2,0.4,0.04878048780487805,0.2,0.027777777777777776,0.5751072961373391,E1 전체 기간,공정 값 23,튜닝,
XGBoost (튜닝),33,0.025560148060321808,0.030841416054415514,0.2,0.2,0.4,0.0,0.0,0.0,0.5186147186147186,E1 전체 기간,공정 값 23,튜닝,
XGBoost (튜닝),34,0.2977478504180908,0.039975669303715065,0.2,0.2,0.2,0.029850746268656716,0.2,0.016129032258064516,0.37489177489177494,E1 전체 기간,공정 값 23,튜닝,
XGBoost (튜닝),35,0.003634408349171281,0.1301900944006207,0.2,0.2,0.6,0.046511627906976744,1.0,0.023809523809523808,0.664069264069264,E1 전체 기간,공정 값 23,튜닝,
XGBoost (튜닝),36,0.3210480213165283,0.026504211480201705,0.2,0.2,0.2,0.023529411764705882,0.2,0.0125,0.4510822510822511,E1 전체 기간,공정 값 23,튜닝,
XGBoost (튜닝),37,0.6810274124145508,0.06383479175145843,0.2,0.6,0.6,0.0,0.0,0.0,0.6351931330472103,E1 전체 기간,공정 값 23,튜닝,
XGBoost (튜닝),38,0.05719245597720146,0.02089312324649486,0.0,0.0,0.2,0.04405286343612335,1.0,0.02252252252252252,0.4233766233766234,E1 전체 기간,공정 값 23,튜닝,
XGBoost (튜닝),39,0.414046972990036,0.0152561594151892,0.0,0.0,0.0,0.0,0.0,0.0,0.20952380952380953,E1 전체 기간,공정 값 23,튜닝,
XGBoost (튜닝),40,0.04703032597899437,0.03449760821186758,0.2,0.2,0.2,0.10526315789473684,0.2,0.07142857142857142,0.34805194805194806,E1 전체 기간,공정 값 23,튜닝,
XGBoost (튜닝),41,0.49787062406539917,0.024609051789358693,0.0,0.0,0.2,0.0,0.0,0.0,0.5099567099567099,E1 전체 기간,공정 값 23,튜닝,
XGBoost (튜닝),42,0.3089451193809509,0.03736096078286011,0.0,0.2,0.6,0.0,0.0,0.0,0.648068669527897,E1 전체 기간,공정 값 23,튜닝,
XGBoost (튜닝),43,0.12749671936035156,0.05324388117684592,0.2,0.2,0.2,0.0,0.0,0.0,0.5281385281385281,E1 전체 기간,공정 값 23,튜닝,
XGBoost (튜닝),44,0.4904850125312805,0.03797720573377311,0.2,0.2,0.6,0.0,0.0,0.0,0.6034632034632035,E1 전체 기간,공정 값 23,튜닝,
XGBoost (튜닝),45,0.15028296411037445,0.052717386685603294,0.4,0.4,0.4,0.0,0.0,0.0,0.5532467532467532,E1 전체 기간,공정 값 23,튜닝,
XGBoost (튜닝),46,0.08481976389884949,0.01718438205790498,0.0,0.0,0.0,0.0,0.0,0.0,0.2987012987012987,E1 전체 기간,공정 값 23,튜닝,
XGBoost (튜닝),47,0.02782103791832924,0.01897994648861174,0.0,0.0,0.0,0.0,0.0,0.0,0.37081545064377686,E1 전체 기간,공정 값 23,튜닝,
XGBoost (튜닝),48,0.6682826280593872,0.01633393950415227,0.0,0.0,0.0,0.0,0.0,0.0,0.2588744588744589,E1 전체 기간,공정 값 23,튜닝,
XGBoost (튜닝),49,0.05569876357913017,0.05565229510407769,0.2,0.4,0.4,0.04291845493562232,1.0,0.021929824561403508,0.7402597402597403,E1 전체 기간,공정 값 23,튜닝,
LightGBM (튜닝),0,4.512141971210733e-05,0.03322354233887926,0.0,0.2,0.4,0.04784688995215311,1.0,0.024509803921568627,0.6164502164502165,E1 전체 기간,공정 값 23,튜닝,
LightGBM (튜닝),1,0.5235644104373955,0.026266974250394686,0.0,0.2,0.2,0.0,0.0,0.0,0.49437229437229435,E1 전체 기간,공정 값 23,튜닝,
LightGBM (튜닝),2,0.08207561541283992,0.022420946501053834,0.0,0.0,0.4,0.0,0.0,0.0,0.4085836909871245,E1 전체 기간,공정 값 23,튜닝,
LightGBM (튜닝),3,0.2713740036436811,0.028028461046930436,0.0,0.0,0.2,0.0,0.0,0.0,0.5731601731601732,E1 전체 기간,공정 값 23,튜닝,
LightGBM (튜닝),4,0.9859805188850899,0.03096903462239203,0.0,0.2,0.4,0.0,0.0,0.0,0.5818181818181818,E1 전체 기간,공정 값 23,튜닝,
LightGBM (튜닝),5,0.0004113099115657274,0.05106955392981594,0.2,0.4,0.4,0.04580152671755725,0.6,0.023809523809523808,0.49523809523809526,E1 전체 기간,공정 값 23,튜닝,
LightGBM (튜닝),6,0.0005351770591645948,0.042932753827086056,0.2,0.2,0.4,0.04149377593360996,1.0,0.0211864406779661,0.47619047619047616,E1 전체 기간,공정 값 23,튜닝,
LightGBM (튜닝),7,0.5461299630124633,0.031257527251348886,0.2,0.2,0.4,0.06060606060606061,0.2,0.03571428571428571,0.5459227467811159,E1 전체 기간,공정 값 23,튜닝,
LightGBM (튜닝),8,0.9789410764132346,0.0827653775501976,0.2,0.2,0.2,0.0,0.0,0.0,0.41731601731601736,E1 전체 기간,공정 값 23,튜닝,
LightGBM (튜닝),9,0.018039038914001704,0.05983124705565651,0.2,0.2,0.4,0.03636363636363636,0.6,0.01875,0.47792207792207797,E1 전체 기간,공정 값 23,튜닝,
LightGBM (튜닝),10,0.04807347933374125,0.03420464107716371,0.2,0.2,0.2,0.03305785123966942,0.4,0.017241379310344827,0.5108225108225108,E1 전체 기간,공정 값 23,튜닝,
LightGBM (튜닝),11,0.6987282602553406,0.025228796360871834,0.0,0.0,0.0,0.0,0.0,0.0,0.5177489177489177,E1 전체 기간,공정 값 23,튜닝,
LightGBM (튜닝),12,0.056012322393932966,0.034880393617681756,0.0,0.4,0.4,0.05714285714285714,0.2,0.03333333333333333,0.5862660944206008,E1 전체 기간,공정 값 23,튜닝,
LightGBM (튜닝),13,0.4611425083034855,0.06128756346070419,0.4,0.4,0.6,0.17391304347826086,0.4,0.1111111111111111,0.5800865800865801,E1 전체 기간,공정 값 23,튜닝,
LightGBM (튜닝),14,0.8176445078453718,0.03393360014309089,0.2,0.2,0.6,0.0,0.0,0.0,0.5194805194805194,E1 전체 기간,공정 값 23,튜닝,
LightGBM (튜닝),15,0.00450612388759597,0.06304452013363485,0.4,0.4,0.6,0.06299212598425197,0.8,0.03278688524590164,0.6744588744588745,E1 전체 기간,공정 값 23,튜닝,
LightGBM (튜닝),16,0.33360507813338014,0.021899179811001146,0.0,0.0,0.0,0.0,0.0,0.0,0.44155844155844154,E1 전체 기간,공정 값 23,튜닝,
LightGBM (튜닝),17,0.056419943679316915,0.031043786220160297,0.2,0.2,0.2,0.048,0.6,0.025,0.5733905579399141,E1 전체 기간,공정 값 23,튜닝,
LightGBM (튜닝),18,0.1741738597221822,0.025349880035598665,0.0,0.2,0.4,0.0,0.0,0.0,0.46580086580086577,E1 전체 기간,공정 값 23,튜닝,
LightGBM (튜닝),19,0.3126076672458446,0.08800923993209206,0.6,0.6,0.8,0.16216216216216217,0.6,0.09375,0.742857142857143,E1 전체 기간,공정 값 23,튜닝,
LightGBM (튜닝),20,0.9945018828009659,0.03100428245589536,0.0,0.2,0.4,0.0,0.0,0.0,0.6051948051948053,E1 전체 기간,공정 값 23,튜닝,
LightGBM (튜닝),21,0.10828018979832316,0.06781902308218098,0.2,0.4,0.6,0.10526315789473684,0.2,0.07142857142857142,0.6086580086580087,E1 전체 기간,공정 값 23,튜닝,
LightGBM (튜닝),22,0.07177572365348761,0.02125955954229199,0.0,0.0,0.2,0.03508771929824561,0.2,0.019230769230769232,0.4257510729613734,E1 전체 기간,공정 값 23,튜닝,
LightGBM (튜닝),23,0.08572018621197737,0.25078706612077495,0.4,0.4,0.6,0.05825242718446602,0.6,0.030612244897959183,0.5974025974025974,E1 전체 기간,공정 값 23,튜닝,
LightGBM (튜닝),24,0.783770527721924,0.021889090999575492,0.0,0.2,0.2,0.0,0.0,0.0,0.3471861471861472,E1 전체 기간,공정 값 23,튜닝,
LightGBM (튜닝),25,0.18508177690389424,0.018946305982115847,0.0,0.0,0.0,0.0,0.0,0.0,0.36709956709956715,E1 전체 기간,공정 값 23,튜닝,
LightGBM (튜닝),26,0.2757589255324081,0.0479687201023193,0.2,0.4,0.6,0.0,0.0,0.0,0.6424242424242425,E1 전체 기간,공정 값 23,튜닝,
LightGBM (튜닝),27,0.0001848694018111862,0.11829437165012327,0.2,0.2,0.2,0.040268456375838924,0.6,0.020833333333333332,0.47038626609442064,E1 전체 기간,공정 값 23,튜닝,
LightGBM (튜닝),28,0.5674593673076491,0.03440512284336659,0.2,0.2,0.4,0.0,0.0,0.0,0.44069264069264075,E1 전체 기간,공정 값 23,튜닝,
LightGBM (튜닝),29,0.3046929909874345,0.02320410676113441,0.0,0.0,0.4,0.0,0.0,0.0,0.45714285714285713,E1 전체 기간,공정 값 23,튜닝,
LightGBM (튜닝),30,0.046386971887695694,0.03103789598642035,0.0,0.4,0.4,0.04149377593360996,1.0,0.0211864406779661,0.5636363636363637,E1 전체 기간,공정 값 23,튜닝,
LightGBM (튜닝),31,0.015985796330113412,0.05088076823578737,0.2,0.6,0.6,0.08695652173913043,0.6,0.046875,0.6173160173160174,E1 전체 기간,공정 값 23,튜닝,
LightGBM (튜닝),32,0.005387131718620954,0.1578755727031589,0.4,0.6,0.6,0.08,0.6,0.04285714285714286,0.7244635193133047,E1 전체 기간,공정 값 23,튜닝,
LightGBM (튜닝),33,0.0029813957366904963,0.03780518372730715,0.2,0.2,0.4,0.039603960396039604,0.4,0.020833333333333332,0.48398268398268396,E1 전체 기간,공정 값 23,튜닝,
LightGBM (튜닝),34,0.9975512904953754,0.02861460080130157,0.2,0.2,0.2,0.0,0.0,0.0,0.33852813852813857,E1 전체 기간,공정 값 23,튜닝,
LightGBM (튜닝),35,0.2191837463396943,0.07589985338425503,0.2,0.2,0.4,0.11764705882352941,0.2,0.08333333333333333,0.6363636363636364,E1 전체 기간,공정 값 23,튜닝,
LightGBM (튜닝),36,0.4297341227340614,0.025231677321708598,0.0,0.2,0.2,0.0,0.0,0.0,0.483982683982684,E1 전체 기간,공정 값 23,튜닝,
LightGBM (튜닝),37,0.4633563791534071,0.03469900880518298,0.2,0.2,0.6,0.0,0.0,0.0,0.5527896995708155,E1 전체 기간,공정 값 23,튜닝,
LightGBM (튜닝),38,0.6341832169996479,0.029482851974275644,0.0,0.2,0.4,0.0,0.0,0.0,0.5134199134199134,E1 전체 기간,공정 값 23,튜닝,
LightGBM (튜닝),39,0.015982434869295,0.019204949523222135,0.0,0.2,0.2,0.022857142857142857,0.4,0.011764705882352941,0.29956709956709954,E1 전체 기간,공정 값 23,튜닝,
LightGBM (튜닝),40,0.07674839409943458,0.02960201475633872,0.2,0.2,0.2,0.03418803418803419,0.4,0.017857142857142856,0.4051948051948052,E1 전체 기간,공정 값 23,튜닝,
LightGBM (튜닝),41,0.16012428623253105,0.0241740948136297,0.0,0.2,0.2,0.021505376344086023,0.2,0.011363636363636364,0.4735930735930736,E1 전체 기간,공정 값 23,튜닝,
LightGBM (튜닝),42,3.116821939555878e-05,0.04507562566272953,0.2,0.4,0.6,0.0411522633744856,1.0,0.02100840336134454,0.6103004291845494,E1 전체 기간,공정 값 23,튜닝,
LightGBM (튜닝),43,0.02292813110175538,0.02463415378442432,0.0,0.2,0.2,0.02962962962962963,0.4,0.015384615384615385,0.4917748917748918,E1 전체 기간,공정 값 23,튜닝,
LightGBM (튜닝),44,0.7165632337895875,0.07473118279569893,0.4,0.4,0.4,0.0,0.0,0.0,0.7316017316017316,E1 전체 기간,공정 값 23,튜닝,
LightGBM (튜닝),45,0.014893644058676696,0.06842784238537733,0.2,0.2,0.2,0.044444444444444446,0.2,0.025,0.4666666666666667,E1 전체 기간,공정 값 23,튜닝,
LightGBM (튜닝),46,0.5659579449375272,0.01846097824835962,0.0,0.0,0.0,0.0,0.0,0.0,0.3489177489177489,E1 전체 기간,공정 값 23,튜닝,
LightGBM (튜닝),47,0.3731921785971993,0.020201508750565728,0.0,0.2,0.2,0.0,0.0,0.0,0.37939914163090127,E1 전체 기간,공정 값 23,튜닝,
LightGBM (튜닝),48,0.790838679164687,0.019220995716493244,0.0,0.0,0.0,0.0,0.0,0.0,0.3575757575757576,E1 전체 기간,공정 값 23,튜닝,
LightGBM (튜닝),49,0.4138297199397744,0.07143630365644076,0.4,0.4,0.4,0.09523809523809523,0.2,0.0625,0.625974025974026,E1 전체 기간,공정 값 23,튜닝,
CatBoost (튜닝),0,0.06884894770843089,0.0482570343961473,0.2,0.4,0.4,0.0975609756097561,0.4,0.05555555555555555,0.6857142857142857,E1 전체 기간,공정 값 23,튜닝,
CatBoost (튜닝),1,0.033907718024640966,0.027297010256718535,0.0,0.2,0.4,0.028169014084507043,0.2,0.015151515151515152,0.5012987012987014,E1 전체 기간,공정 값 23,튜닝,
CatBoost (튜닝),2,0.2616617510731813,0.018441218911807146,0.0,0.0,0.2,0.0,0.0,0.0,0.32961373390557946,E1 전체 기간,공정 값 23,튜닝,
CatBoost (튜닝),3,0.0011997005634228589,0.04811822740603118,0.0,0.6,0.6,0.07518796992481203,1.0,0.0390625,0.7393939393939394,E1 전체 기간,공정 값 23,튜닝,
CatBoost (튜닝),4,0.17161720275658013,0.031262597254652864,0.0,0.2,0.2,0.0,0.0,0.0,0.5818181818181818,E1 전체 기간,공정 값 23,튜닝,
CatBoost (튜닝),5,4.0441895819690456e-05,0.04419861884147598,0.2,0.2,0.6,0.04149377593360996,1.0,0.0211864406779661,0.6337662337662338,E1 전체 기간,공정 값 23,튜닝,
CatBoost (튜닝),6,0.11179046536770398,0.04614027781984691,0.4,0.4,0.4,0.0,0.0,0.0,0.5212121212121212,E1 전체 기간,공정 값 23,튜닝,
CatBoost (튜닝),7,0.2573904864316112,0.0598878612263841,0.4,0.4,0.6,0.0,0.0,0.0,0.6626609442060086,E1 전체 기간,공정 값 23,튜닝,
CatBoost (튜닝),8,0.005571887846216109,0.03240031218184147,0.2,0.2,0.2,0.06060606060606061,0.2,0.03571428571428571,0.5645021645021646,E1 전체 기간,공정 값 23,튜닝,
CatBoost (튜닝),9,0.048589443240098416,0.040424066105325326,0.2,0.2,0.4,0.11764705882352941,0.2,0.08333333333333333,0.509090909090909,E1 전체 기간,공정 값 23,튜닝,
CatBoost (튜닝),10,0.32017258415075966,0.022729551069085953,0.0,0.0,0.0,0.0,0.0,0.0,0.46060606060606063,E1 전체 기간,공정 값 23,튜닝,
CatBoost (튜닝),11,0.1930650185988066,0.02095266119786696,0.0,0.0,0.2,0.0,0.0,0.0,0.4138528138528139,E1 전체 기간,공정 값 23,튜닝,
CatBoost (튜닝),12,0.2855316763915575,0.08369457348246957,0.2,0.4,0.4,0.0,0.0,0.0,0.6120171673819743,E1 전체 기간,공정 값 23,튜닝,
CatBoost (튜닝),13,0.027478952164043786,0.04562185984803378,0.2,0.2,0.2,0.04081632653061224,0.6,0.02112676056338028,0.5004329004329005,E1 전체 기간,공정 값 23,튜닝,
CatBoost (튜닝),14,0.4822473554677249,0.026460387995602977,0.0,0.2,0.4,0.0,0.0,0.0,0.43982683982683984,E1 전체 기간,공정 값 23,튜닝,
CatBoost (튜닝),15,0.20975290749508574,0.0494465367965368,0.2,0.4,0.4,0.08,0.2,0.05,0.5878787878787879,E1 전체 기간,공정 값 23,튜닝,
CatBoost (튜닝),16,0.30733414058748554,0.028155135565207507,0.0,0.2,0.2,0.0,0.0,0.0,0.5558441558441558,E1 전체 기간,공정 값 23,튜닝,
CatBoost (튜닝),17,0.0013105267782687025,0.027446831811366215,0.0,0.2,0.2,0.0411522633744856,1.0,0.02100840336134454,0.5476394849785409,E1 전체 기간,공정 값 23,튜닝,
CatBoost (튜닝),18,0.24660647339270722,0.042568921858105055,0.0,0.2,0.8,0.0,0.0,0.0,0.6493506493506495,E1 전체 기간,공정 값 23,튜닝,
CatBoost (튜닝),19,0.026780872699700177,0.04313709489700148,0.2,0.4,0.6,0.08695652173913043,0.2,0.05555555555555555,0.6060606060606061,E1 전체 기간,공정 값 23,튜닝,
CatBoost (튜닝),20,0.029397766699541316,0.02919598608992839,0.0,0.2,0.4,0.0,0.0,0.0,0.5445887445887446,E1 전체 기간,공정 값 23,튜닝,
CatBoost (튜닝),21,0.06829448431614077,0.04255154621116254,0.2,0.2,0.4,0.0,0.0,0.0,0.5307359307359308,E1 전체 기간,공정 값 23,튜닝,
CatBoost (튜닝),22,0.1508203496057572,0.027739583905897872,0.0,0.2,0.2,0.0,0.0,0.0,0.5699570815450644,E1 전체 기간,공정 값 23,튜닝,
CatBoost (튜닝),23,0.007630943006345034,0.10954646641733912,0.4,0.4,0.6,0.05970149253731343,0.4,0.03225806451612903,0.6320346320346321,E1 전체 기간,공정 값 23,튜닝,
CatBoost (튜닝),24,0.03420169360534631,0.02989812287568236,0.2,0.2,0.2,0.06896551724137931,0.2,0.041666666666666664,0.4562770562770563,E1 전체 기간,공정 값 23,튜닝,
CatBoost (튜닝),25,0.31315953205088876,0.024110479595778424,0.0,0.0,0.4,0.0,0.0,0.0,0.4467532467532468,E1 전체 기간,공정 값 23,튜닝,
CatBoost (튜닝),26,0.015342510199203829,0.04319774428470081,0.2,0.2,0.4,0.057971014492753624,0.4,0.03125,0.6008658008658009,E1 전체 기간,공정 값 23,튜닝,
CatBoost (튜닝),27,0.30110367834927604,0.12764763651043123,0.2,0.4,0.4,0.0,0.0,0.0,0.6111587982832618,E1 전체 기간,공정 값 23,튜닝,
CatBoost (튜닝),28,0.1629027879399122,0.025088375000953057,0.0,0.2,0.2,0.0,0.0,0.0,0.43203463203463205,E1 전체 기간,공정 값 23,튜닝,
CatBoost (튜닝),29,0.1054818398245886,0.02093358211651518,0.0,0.0,0.0,0.0,0.0,0.0,0.4173160173160173,E1 전체 기간,공정 값 23,튜닝,
CatBoost (튜닝),30,0.06905860048898106,0.032201222884679734,0.0,0.2,0.4,0.0,0.0,0.0,0.5948051948051949,E1 전체 기간,공정 값 23,튜닝,
CatBoost (튜닝),31,0.0338835618700733,0.025084437984744815,0.0,0.2,0.4,0.0,0.0,0.0,0.4857142857142857,E1 전체 기간,공정 값 23,튜닝,
CatBoost (튜닝),32,0.3722312711441625,0.13089705301884966,0.2,0.4,0.6,0.2222222222222222,0.2,0.25,0.607725321888412,E1 전체 기간,공정 값 23,튜닝,
CatBoost (튜닝),33,0.05709319780632852,0.03192617326664074,0.0,0.0,0.6,0.0,0.0,0.0,0.5826839826839827,E1 전체 기간,공정 값 23,튜닝,
CatBoost (튜닝),34,0.7640623315311712,0.02680697511916192,0.2,0.2,0.4,0.0,0.0,0.0,0.3991341991341992,E1 전체 기간,공정 값 23,튜닝,
CatBoost (튜닝),35,0.43170555868298005,0.04307050287424222,0.2,0.4,0.4,0.0,0.0,0.0,0.6692640692640692,E1 전체 기간,공정 값 23,튜닝,
CatBoost (튜닝),36,0.009219937672127053,0.0369552006917723,0.2,0.2,0.2,0.04081632653061224,0.2,0.022727272727272728,0.47186147186147187,E1 전체 기간,공정 값 23,튜닝,
CatBoost (튜닝),37,0.36086935029053535,0.032258963669062196,0.2,0.2,0.2,0.0,0.0,0.0,0.5510729613733905,E1 전체 기간,공정 값 23,튜닝,
CatBoost (튜닝),38,0.04787549308317249,0.03021054586287434,0.0,0.0,0.4,0.0,0.0,0.0,0.6051948051948052,E1 전체 기간,공정 값 23,튜닝,
CatBoost (튜닝),39,0.05209691373371497,0.015920549148904936,0.0,0.0,0.0,0.0,0.0,0.0,0.23896103896103899,E1 전체 기간,공정 값 23,튜닝,
CatBoost (튜닝),40,0.00047390957108946343,0.02865110757001226,0.0,0.2,0.2,0.04149377593360996,1.0,0.0211864406779661,0.5575757575757576,E1 전체 기간,공정 값 23,튜닝,
CatBoost (튜닝),41,0.03874479625022005,0.05605335029063842,0.2,0.2,0.4,0.0,0.0,0.0,0.7246753246753247,E1 전체 기간,공정 값 23,튜닝,
CatBoost (튜닝),42,0.006969913662389591,0.023429877792815332,0.0,0.0,0.4,0.0,0.0,0.0,0.4454935622317596,E1 전체 기간,공정 값 23,튜닝,
CatBoost (튜닝),43,0.009085799838557028,0.024817255285621488,0.0,0.2,0.4,0.05970149253731343,0.4,0.03225806451612903,0.47965367965367967,E1 전체 기간,공정 값 23,튜닝,
CatBoost (튜닝),44,0.005935791543483549,0.026363733277699763,0.0,0.2,0.2,0.0425531914893617,1.0,0.021739130434782608,0.5290043290043289,E1 전체 기간,공정 값 23,튜닝,
CatBoost (튜닝),45,0.00010739729822494108,0.026226145429356012,0.0,0.2,0.2,0.04149377593360996,1.0,0.0211864406779661,0.4961038961038961,E1 전체 기간,공정 값 23,튜닝,
CatBoost (튜닝),46,0.001066691603006355,0.018215136624861468,0.0,0.0,0.0,0.04405286343612335,1.0,0.02252252252252252,0.3367965367965368,E1 전체 기간,공정 값 23,튜닝,
CatBoost (튜닝),47,0.13555548815249818,0.023433346428818076,0.0,0.0,0.0,0.0,0.0,0.0,0.4703862660944206,E1 전체 기간,공정 값 23,튜닝,
CatBoost (튜닝),48,0.042024906165580085,0.02405125236104548,0.2,0.2,0.2,0.0,0.0,0.0,0.36103896103896105,E1 전체 기간,공정 값 23,튜닝,
CatBoost (튜닝),49,0.2932574385770698,0.05304660300964809,0.2,0.2,0.2,0.0,0.0,0.0,0.5151515151515151,E1 전체 기간,공정 값 23,튜닝,
Isolation Forest,0,0.5258676383645828,0.023560347964895523,0.2,0.2,0.2,0.0,0.0,0.0,0.37229437229437234,E1 전체 기간,공정 값 23,이상탐지,
Isolation Forest,1,0.5129213874034877,0.052670354766224864,0.2,0.4,0.4,0.08,0.2,0.05,0.5480519480519481,E1 전체 기간,공정 값 23,이상탐지,
Isolation Forest,2,0.506700596600697,0.022393427829975575,0.0,0.0,0.0,0.0,0.0,0.0,0.45493562231759654,E1 전체 기간,공정 값 23,이상탐지,
Isolation Forest,3,0.545390779223819,0.013954615818801898,0.0,0.0,0.0,0.0,0.0,0.0,0.1316017316017316,E1 전체 기간,공정 값 23,이상탐지,
Isolation Forest,4,0.5376214989331336,0.04337596261339808,0.2,0.4,0.4,0.0,0.0,0.0,0.6562770562770563,E1 전체 기간,공정 값 23,이상탐지,
Isolation Forest,5,0.4226826787420205,0.021489594651602204,0.0,0.2,0.2,0.035555555555555556,0.8,0.01818181818181818,0.38614718614718613,E1 전체 기간,공정 값 23,이상탐지,
Isolation Forest,6,0.5412081235359183,0.024163834916112376,0.0,0.0,0.4,0.0,0.0,0.0,0.4484848484848485,E1 전체 기간,공정 값 23,이상탐지,
Isolation Forest,7,0.4954985380445818,0.09118318318318319,0.2,0.2,0.2,0.08695652173913043,0.2,0.05555555555555555,0.590557939914163,E1 전체 기간,공정 값 23,이상탐지,
Isolation Forest,8,0.5202849001099283,0.016896797549519546,0.0,0.0,0.0,0.0,0.0,0.0,0.28571428571428575,E1 전체 기간,공정 값 23,이상탐지,
Isolation Forest,9,0.5356199168078066,0.025316199526725845,0.0,0.2,0.4,0.0,0.0,0.0,0.42424242424242425,E1 전체 기간,공정 값 23,이상탐지,
Isolation Forest,10,0.5279625620557795,0.022668179719214896,0.0,0.2,0.2,0.0,0.0,0.0,0.4484848484848485,E1 전체 기간,공정 값 23,이상탐지,
Isolation Forest,11,0.5410974854020657,0.06220924119399497,0.4,0.4,0.4,0.0,0.0,0.0,0.6354978354978356,E1 전체 기간,공정 값 23,이상탐지,
Isolation Forest,12,0.5222932046794202,0.017913392779547583,0.0,0.0,0.0,0.0,0.0,0.0,0.3356223175965665,E1 전체 기간,공정 값 23,이상탐지,
Isolation Forest,13,0.5085082347434015,0.02291819162646986,0.0,0.0,0.4,0.0,0.0,0.0,0.42251082251082256,E1 전체 기간,공정 값 23,이상탐지,
Isolation Forest,14,0.5026850135299311,0.21522321430768643,0.2,0.2,0.2,0.06896551724137931,0.2,0.041666666666666664,0.38095238095238093,E1 전체 기간,공정 값 23,이상탐지,
Isolation Forest,15,0.5198576475784265,0.020495675582690324,0.0,0.0,0.0,0.0,0.0,0.0,0.4025974025974026,E1 전체 기간,공정 값 23,이상탐지,
Isolation Forest,16,0.5202652739621904,0.02857780023954054,0.0,0.2,0.2,0.0,0.0,0.0,0.5437229437229437,E1 전체 기간,공정 값 23,이상탐지,
Isolation Forest,17,0.5203756866966655,0.02665332242382174,0.2,0.2,0.2,0.0,0.0,0.0,0.4566523605150215,E1 전체 기간,공정 값 23,이상탐지,
Isolation Forest,18,0.512942972555014,0.06575704504629853,0.2,0.2,0.2,0.13333333333333333,0.2,0.1,0.3930735930735931,E1 전체 기간,공정 값 23,이상탐지,
Isolation Forest,19,0.5391704360563976,0.02443630848149239,0.2,0.2,0.2,0.0,0.0,0.0,0.3047619047619048,E1 전체 기간,공정 값 23,이상탐지,
Isolation Forest,20,0.5243062955375831,0.02149431175428486,0.0,0.0,0.0,0.0,0.0,0.0,0.4406926406926407,E1 전체 기간,공정 값 23,이상탐지,
Isolation Forest,21,0.5093764877437483,0.01717311387091939,0.0,0.0,0.0,0.0,0.0,0.0,0.2987012987012987,E1 전체 기간,공정 값 23,이상탐지,
Isolation Forest,22,0.5037082517437267,0.017143434780399702,0.0,0.0,0.0,0.0,0.0,0.0,0.3072961373390558,E1 전체 기간,공정 값 23,이상탐지,
Isolation Forest,23,0.504730938518497,0.023220666415350196,0.0,0.2,0.4,0.0,0.0,0.0,0.4,E1 전체 기간,공정 값 23,이상탐지,
Isolation Forest,24,0.41091386154647747,0.13182530356443398,0.4,0.6,0.6,0.04184100418410042,1.0,0.021367521367521368,0.7108225108225109,E1 전체 기간,공정 값 23,이상탐지,
Isolation Forest,25,0.5455437989622692,0.03583541960423201,0.2,0.2,0.2,0.0,0.0,0.0,0.5021645021645023,E1 전체 기간,공정 값 23,이상탐지,
Isolation Forest,26,0.5190074855692801,0.016649023208740038,0.0,0.0,0.2,0.0,0.0,0.0,0.26147186147186147,E1 전체 기간,공정 값 23,이상탐지,
Isolation Forest,27,0.546105812194685,0.017517481406382526,0.0,0.0,0.0,0.0,0.0,0.0,0.31759656652360513,E1 전체 기간,공정 값 23,이상탐지,
Isolation Forest,28,0.5342338047333409,0.04608299381865809,0.2,0.4,0.4,0.0,0.0,0.0,0.6069264069264069,E1 전체 기간,공정 값 23,이상탐지,
Isolation Forest,29,0.48904404082439873,0.04800075510941362,0.2,0.2,0.2,0.03773584905660377,0.2,0.020833333333333332,0.3619047619047619,E1 전체 기간,공정 값 23,이상탐지,
Isolation Forest,30,0.4954729231041303,0.022301378733482327,0.0,0.2,0.2,0.0,0.0,0.0,0.4164502164502164,E1 전체 기간,공정 값 23,이상탐지,
Isolation Forest,31,0.5193436162671479,0.02062745517160689,0.0,0.0,0.0,0.0,0.0,0.0,0.4181818181818182,E1 전체 기간,공정 값 23,이상탐지,
Isolation Forest,32,0.5003992655738856,0.022004328160081105,0.0,0.2,0.2,0.0,0.0,0.0,0.41716738197424896,E1 전체 기간,공정 값 23,이상탐지,
Isolation Forest,33,0.5175088884593085,0.02315985352207712,0.2,0.2,0.2,0.0,0.0,0.0,0.32121212121212117,E1 전체 기간,공정 값 23,이상탐지,
Isolation Forest,34,0.41889503662725786,0.07552458566329996,0.4,0.4,0.6,0.03347280334728033,0.8,0.017094017094017096,0.6051948051948053,E1 전체 기간,공정 값 23,이상탐지,
Isolation Forest,35,0.4186488617986738,0.03326344954355263,0.2,0.2,0.4,0.03463203463203463,0.8,0.017699115044247787,0.48398268398268396,E1 전체 기간,공정 값 23,이상탐지,
Isolation Forest,36,0.5064109576952963,0.01791034020886558,0.0,0.0,0.0,0.0,0.0,0.0,0.29523809523809524,E1 전체 기간,공정 값 23,이상탐지,
Isolation Forest,37,0.5062870504228913,0.02168442772653422,0.0,0.2,0.2,0.0,0.0,0.0,0.41373390557939915,E1 전체 기간,공정 값 23,이상탐지,
Isolation Forest,38,0.5174788201461807,0.015840624803752493,0.0,0.0,0.0,0.0,0.0,0.0,0.2398268398268398,E1 전체 기간,공정 값 23,이상탐지,
Isolation Forest,39,0.5164992366947206,0.05771338803552821,0.2,0.4,0.6,0.06896551724137931,0.2,0.041666666666666664,0.6649350649350649,E1 전체 기간,공정 값 23,이상탐지,
Isolation Forest,40,0.41400360081079385,0.09923826941217882,0.6,0.6,0.6,0.04184100418410042,1.0,0.021367521367521368,0.5991341991341992,E1 전체 기간,공정 값 23,이상탐지,
Isolation Forest,41,0.543174597207814,0.01778676504317091,0.0,0.0,0.0,0.0,0.0,0.0,0.322943722943723,E1 전체 기간,공정 값 23,이상탐지,
Isolation Forest,42,0.5036645252922533,0.015552869296934892,0.0,0.0,0.0,0.0,0.0,0.0,0.23261802575107296,E1 전체 기간,공정 값 23,이상탐지,
Isolation Forest,43,0.4986185735057559,0.021574750047695115,0.0,0.0,0.0,0.0,0.0,0.0,0.425974025974026,E1 전체 기간,공정 값 23,이상탐지,
Isolation Forest,44,0.5090110694843445,0.02459236450245289,0.0,0.2,0.2,0.0,0.0,0.0,0.48225108225108226,E1 전체 기간,공정 값 23,이상탐지,
Isolation Forest,45,0.5147093588567805,0.027754748760706327,0.2,0.2,0.2,0.0,0.0,0.0,0.2987012987012987,E1 전체 기간,공정 값 23,이상탐지,
Isolation Forest,46,0.49160302652148663,0.0214793844303385,0.0,0.0,0.0,0.0,0.0,0.0,0.44242424242424244,E1 전체 기간,공정 값 23,이상탐지,
Isolation Forest,47,0.5390711831202206,0.0268578648960072,0.0,0.2,0.4,0.0,0.0,0.0,0.432618025751073,E1 전체 기간,공정 값 23,이상탐지,
Isolation Forest,48,0.5086109638822626,0.02447332689661464,0.0,0.0,0.2,0.0,0.0,0.0,0.49264069264069266,E1 전체 기간,공정 값 23,이상탐지,
Isolation Forest,49,0.45748010369454767,0.031938625258803616,0.2,0.2,0.2,0.032520325203252036,0.4,0.01694915254237288,0.41991341991341996,E1 전체 기간,공정 값 23,이상탐지,
LOF (novelty),0,0.9555967547172589,0.018686835465825856,0.0,0.0,0.0,0.04149377593360996,1.0,0.0211864406779661,0.34805194805194806,E1 전체 기간,공정 값 23,이상탐지,
LOF (novelty),1,1.0199784303391084,0.01984808393107805,0.0,0.0,0.0,0.03636363636363636,0.6,0.01875,0.3783549783549784,E1 전체 기간,공정 값 23,이상탐지,
LOF (novelty),2,0.9737257175485418,0.020819121235539865,0.0,0.0,0.2,0.04291845493562232,1.0,0.021929824561403508,0.4068669527896996,E1 전체 기간,공정 값 23,이상탐지,
LOF (novelty),3,1.145056983506484,0.02036646475505747,0.0,0.0,0.0,0.0,0.0,0.0,0.3913419913419913,E1 전체 기간,공정 값 23,이상탐지,
LOF (novelty),4,0.9653553239401511,0.03485636524195489,0.2,0.2,0.2,0.04184100418410042,1.0,0.021367521367521368,0.587012987012987,E1 전체 기간,공정 값 23,이상탐지,
LOF (novelty),5,1.0082379869057991,0.025706425912491518,0.2,0.2,0.2,0.023391812865497075,0.4,0.012048192771084338,0.34805194805194806,E1 전체 기간,공정 값 23,이상탐지,
LOF (novelty),6,0.9858796703150097,0.028680279180930746,0.0,0.2,0.4,0.037209302325581395,0.8,0.01904761904761905,0.5142857142857143,E1 전체 기간,공정 값 23,이상탐지,
LOF (novelty),7,1.0617547239106533,0.024242934129604394,0.0,0.0,0.2,0.0449438202247191,0.4,0.023809523809523808,0.5047210300429185,E1 전체 기간,공정 값 23,이상탐지,
LOF (novelty),8,1.0376942929740502,0.01720573568948602,0.0,0.0,0.2,0.016,0.2,0.008333333333333333,0.28744588744588745,E1 전체 기간,공정 값 23,이상탐지,
LOF (novelty),9,0.9558003198142174,0.0200336652925897,0.0,0.0,0.0,0.04149377593360996,1.0,0.0211864406779661,0.393073593073593,E1 전체 기간,공정 값 23,이상탐지,
LOF (novelty),10,1.019797034123158,0.021812613752538658,0.0,0.0,0.2,0.039735099337748346,0.6,0.02054794520547945,0.4121212121212121,E1 전체 기간,공정 값 23,이상탐지,
LOF (novelty),11,0.9667240082716436,0.032221620429985776,0.2,0.2,0.2,0.04184100418410042,1.0,0.021367521367521368,0.4380952380952381,E1 전체 기간,공정 값 23,이상탐지,
LOF (novelty),12,1.0474309423756405,0.018530934190314496,0.0,0.0,0.2,0.020618556701030927,0.2,0.010869565217391304,0.344206008583691,E1 전체 기간,공정 값 23,이상탐지,
LOF (novelty),13,0.9690396180918054,0.02893158822983384,0.0,0.2,0.2,0.04219409282700422,1.0,0.021551724137931036,0.5800865800865801,E1 전체 기간,공정 값 23,이상탐지,
LOF (novelty),14,1.0218986726220969,0.017436215040149985,0.0,0.0,0.0,0.025157232704402517,0.4,0.012987012987012988,0.30995670995671,E1 전체 기간,공정 값 23,이상탐지,
LOF (novelty),15,1.0274500224009913,0.035981606718933905,0.0,0.2,0.6,0.058394160583941604,0.8,0.030303030303030304,0.6519480519480519,E1 전체 기간,공정 값 23,이상탐지,
LOF (novelty),16,0.9680280457297936,0.029186817446065945,0.0,0.0,0.2,0.04184100418410042,1.0,0.021367521367521368,0.593939393939394,E1 전체 기간,공정 값 23,이상탐지,
LOF (novelty),17,1.0712926703982963,0.017058376220866193,0.0,0.0,0.0,0.0,0.0,0.0,0.3021459227467811,E1 전체 기간,공정 값 23,이상탐지,
LOF (novelty),18,1.014259658507712,0.01747652589437275,0.0,0.0,0.2,0.03314917127071823,0.6,0.017045454545454544,0.30476190476190473,E1 전체 기간,공정 값 23,이상탐지,
LOF (novelty),19,1.0037183722029994,0.01949212522982994,0.0,0.2,0.2,0.01990049751243781,0.4,0.01020408163265306,0.30822510822510824,E1 전체 기간,공정 값 23,이상탐지,
LOF (novelty),20,1.0440080274927575,0.026436468911750704,0.0,0.0,0.0,0.035398230088495575,0.4,0.018518518518518517,0.5497835497835498,E1 전체 기간,공정 값 23,이상탐지,
LOF (novelty),21,0.978112107751308,0.023223259421224267,0.2,0.2,0.2,0.03404255319148936,0.8,0.017391304347826087,0.3541125541125541,E1 전체 기간,공정 값 23,이상탐지,
LOF (novelty),22,1.0598079005212266,0.016624209124209123,0.0,0.0,0.0,0.0,0.0,0.0,0.26952789699570817,E1 전체 기간,공정 값 23,이상탐지,
LOF (novelty),23,0.9711485844993822,0.020129623787285753,0.0,0.0,0.0,0.04184100418410042,1.0,0.021367521367521368,0.3965367965367965,E1 전체 기간,공정 값 23,이상탐지,
LOF (novelty),24,0.9734331166457366,0.034892099677130695,0.2,0.2,0.2,0.04329004329004329,1.0,0.022123893805309734,0.5584415584415585,E1 전체 기간,공정 값 23,이상탐지,
LOF (novelty),25,1.053786899348695,0.023589508069440997,0.0,0.0,0.2,0.024096385542168676,0.2,0.01282051282051282,0.48658008658008656,E1 전체 기간,공정 값 23,이상탐지,
LOF (novelty),26,1.0215515567625464,0.02386352853726822,0.0,0.0,0.0,0.052980132450331126,0.8,0.0273972602739726,0.4761904761904762,E1 전체 기간,공정 값 23,이상탐지,
LOF (novelty),27,0.9719513335545343,0.01692744851079625,0.0,0.0,0.0,0.0425531914893617,1.0,0.021739130434782608,0.2918454935622318,E1 전체 기간,공정 값 23,이상탐지,
LOF (novelty),28,0.9686199187357862,0.04036319668152332,0.2,0.2,0.2,0.04184100418410042,1.0,0.021367521367521368,0.6017316017316017,E1 전체 기간,공정 값 23,이상탐지,
LOF (novelty),29,1.0043994757297614,0.01665253260362927,0.0,0.0,0.0,0.021164021164021163,0.4,0.010869565217391304,0.2632034632034632,E1 전체 기간,공정 값 23,이상탐지,
LOF (novelty),30,0.9841484115715412,0.017854163776727897,0.0,0.0,0.0,0.03587443946188341,0.8,0.01834862385321101,0.322943722943723,E1 전체 기간,공정 값 23,이상탐지,
LOF (novelty),31,1.0280479355909162,0.019081954643335043,0.0,0.0,0.2,0.030534351145038167,0.4,0.015873015873015872,0.3593073593073593,E1 전체 기간,공정 값 23,이상탐지,
LOF (novelty),32,1.0212052817302255,0.025993494738039025,0.0,0.0,0.4,0.046242774566473986,0.8,0.023809523809523808,0.5150214592274678,E1 전체 기간,공정 값 23,이상탐지,
LOF (novelty),33,0.973585090200816,0.03623618696776182,0.2,0.2,0.2,0.03524229074889868,0.8,0.018018018018018018,0.40779220779220776,E1 전체 기간,공정 값 23,이상탐지,
LOF (novelty),34,0.9709786015376993,0.0264243107072658,0.0,0.2,0.4,0.04184100418410042,1.0,0.021367521367521368,0.48744588744588746,E1 전체 기간,공정 값 23,이상탐지,
LOF (novelty),35,0.9654656708340958,0.022336157802208344,0.0,0.0,0.4,0.04149377593360996,1.0,0.0211864406779661,0.438961038961039,E1 전체 기간,공정 값 23,이상탐지,
LOF (novelty),36,1.0063838591201564,0.01741579555827158,0.0,0.0,0.2,0.023391812865497075,0.4,0.012048192771084338,0.29350649350649355,E1 전체 기간,공정 값 23,이상탐지,
LOF (novelty),37,1.068001537231181,0.022413937519250256,0.0,0.0,0.0,0.0,0.0,0.0,0.465236051502146,E1 전체 기간,공정 값 23,이상탐지,
LOF (novelty),38,1.0504123184053338,0.015587558730394035,0.0,0.0,0.0,0.0,0.0,0.0,0.22251082251082258,E1 전체 기간,공정 값 23,이상탐지,
LOF (novelty),39,0.9742859679255871,0.03779839203625977,0.0,0.4,0.4,0.04184100418410042,1.0,0.021367521367521368,0.6251082251082252,E1 전체 기간,공정 값 23,이상탐지,
LOF (novelty),40,1.0094134584987842,0.033119391459465033,0.2,0.2,0.2,0.04371584699453552,0.8,0.02247191011235955,0.5125541125541125,E1 전체 기간,공정 값 23,이상탐지,
LOF (novelty),41,1.011424853065369,0.021049221155350926,0.0,0.0,0.4,0.0335195530726257,0.6,0.017241379310344827,0.3852813852813853,E1 전체 기간,공정 값 23,이상탐지,
LOF (novelty),42,1.0113758717160217,0.022916470645833367,0.0,0.2,0.2,0.0335195530726257,0.6,0.017241379310344827,0.39227467811158795,E1 전체 기간,공정 값 23,이상탐지,
LOF (novelty),43,1.0262558148587058,0.020650860815948212,0.0,0.2,0.2,0.03305785123966942,0.4,0.017241379310344827,0.3619047619047619,E1 전체 기간,공정 값 23,이상탐지,
LOF (novelty),44,0.9717672488720499,0.029623186616517673,0.0,0.0,0.2,0.04219409282700422,1.0,0.021551724137931036,0.6017316017316018,E1 전체 기간,공정 값 23,이상탐지,
LOF (novelty),45,1.09295794218905,0.019907372619814102,0.0,0.0,0.0,0.0,0.0,0.0,0.40086580086580087,E1 전체 기간,공정 값 23,이상탐지,
LOF (novelty),46,1.0568238810466426,0.02005052703103841,0.0,0.0,0.0,0.0,0.0,0.0,0.4043290043290043,E1 전체 기간,공정 값 23,이상탐지,
LOF (novelty),47,0.9674575859927541,0.030137487734677386,0.2,0.2,0.2,0.0411522633744856,1.0,0.02100840336134454,0.46351931330472107,E1 전체 기간,공정 값 23,이상탐지,
LOF (novelty),48,0.9908022178714322,0.025422437055184512,0.0,0.2,0.2,0.02843601895734597,0.6,0.014563106796116505,0.44588744588744583,E1 전체 기간,공정 값 23,이상탐지,
LOF (novelty),49,1.0357274799068326,0.017160323104538265,0.0,0.0,0.0,0.027972027972027972,0.4,0.014492753623188406,0.296969696969697,E1 전체 기간,공정 값 23,이상탐지,
One-Class SVM,0,-2.2260399809123204,0.0197694874922071,0.0,0.2,0.2,0.0,0.0,0.0,0.28051948051948056,E1 전체 기간,공정 값 23,이상탐지,
One-Class SVM,1,-3.8595625382248073,0.03483675239438214,0.2,0.4,0.4,0.041379310344827586,0.6,0.02142857142857143,0.5896103896103896,E1 전체 기간,공정 값 23,이상탐지,
One-Class SVM,2,-2.1641130686291015,0.019433065426200907,0.0,0.0,0.0,0.0,0.0,0.0,0.37939914163090127,E1 전체 기간,공정 값 23,이상탐지,
One-Class SVM,3,-2.158020204512829,0.015513561443894538,0.0,0.0,0.0,0.0,0.0,0.0,0.20952380952380956,E1 전체 기간,공정 값 23,이상탐지,
One-Class SVM,4,-3.812602934331985,0.040360974484225876,0.2,0.4,0.4,0.052980132450331126,0.8,0.0273972602739726,0.6164502164502165,E1 전체 기간,공정 값 23,이상탐지,
One-Class SVM,5,-3.7609383575040614,0.02483549166459256,0.0,0.2,0.2,0.031496062992125984,0.4,0.01639344262295082,0.42424242424242425,E1 전체 기간,공정 값 23,이상탐지,
One-Class SVM,6,-2.0915056922102075,0.026139533622132605,0.0,0.2,0.2,0.0,0.0,0.0,0.47619047619047616,E1 전체 기간,공정 값 23,이상탐지,
One-Class SVM,7,-2.5203323999634213,0.03961095821959697,0.2,0.2,0.4,0.0,0.0,0.0,0.5802575107296137,E1 전체 기간,공정 값 23,이상탐지,
One-Class SVM,8,-2.507819854857167,0.01667505021064378,0.0,0.0,0.0,0.0,0.0,0.0,0.2822510822510822,E1 전체 기간,공정 값 23,이상탐지,
One-Class SVM,9,-3.7944902545868238,0.02687517463399604,0.0,0.4,0.4,0.032,0.4,0.016666666666666666,0.42077922077922075,E1 전체 기간,공정 값 23,이상탐지,
One-Class SVM,10,-3.926126412156087,0.027083597160354012,0.0,0.2,0.4,0.041379310344827586,0.6,0.02142857142857143,0.48311688311688317,E1 전체 기간,공정 값 23,이상탐지,
One-Class SVM,11,-3.901384448872008,0.04126081138734825,0.2,0.4,0.4,0.041884816753926704,0.8,0.021505376344086023,0.541991341991342,E1 전체 기간,공정 값 23,이상탐지,
One-Class SVM,12,-2.179820703004609,0.018480450941390163,0.0,0.0,0.0,0.0,0.0,0.0,0.3493562231759656,E1 전체 기간,공정 값 23,이상탐지,
One-Class SVM,13,-2.3920675437632344,0.022924769644295233,0.0,0.0,0.2,0.0,0.0,0.0,0.4588744588744589,E1 전체 기간,공정 값 23,이상탐지,
One-Class SVM,14,-2.099160226294063,0.0257475270948562,0.2,0.2,0.2,0.0,0.0,0.0,0.3619047619047619,E1 전체 기간,공정 값 23,이상탐지,
One-Class SVM,15,-2.103300617962396,0.02157432582033271,0.0,0.0,0.0,0.0,0.0,0.0,0.43722943722943725,E1 전체 기간,공정 값 23,이상탐지,
One-Class SVM,16,-2.0149491309459013,0.034047281190757735,0.2,0.4,0.4,0.0,0.0,0.0,0.548917748917749,E1 전체 기간,공정 값 23,이상탐지,
One-Class SVM,17,-2.0569908518456863,0.02350365563895734,0.0,0.2,0.2,0.0,0.0,0.0,0.43090128755364804,E1 전체 기간,공정 값 23,이상탐지,
One-Class SVM,18,-2.2055878552921397,0.025400987916810405,0.2,0.2,0.2,0.0,0.0,0.0,0.39826839826839827,E1 전체 기간,공정 값 23,이상탐지,
One-Class SVM,19,-3.0213186870741455,0.020199815965222457,0.0,0.2,0.2,0.05714285714285714,0.2,0.03333333333333333,0.27705627705627706,E1 전체 기간,공정 값 23,이상탐지,
One-Class SVM,20,-2.4536354363450137,0.022307941212683598,0.0,0.0,0.2,0.0,0.0,0.0,0.4580086580086581,E1 전체 기간,공정 값 23,이상탐지,
One-Class SVM,21,-2.0388817286905536,0.016606691799259762,0.0,0.0,0.0,0.0,0.0,0.0,0.27272727272727276,E1 전체 기간,공정 값 23,이상탐지,
One-Class SVM,22,-2.329461908837642,0.016675472931818452,0.0,0.0,0.0,0.0,0.0,0.0,0.2849785407725322,E1 전체 기간,공정 값 23,이상탐지,
One-Class SVM,23,-3.778101263890221,0.027224888039312927,0.2,0.2,0.4,0.047058823529411764,0.4,0.025,0.41385281385281386,E1 전체 기간,공정 값 23,이상탐지,
One-Class SVM,24,-3.4206654944123764,0.08358255999765435,0.4,0.8,0.8,0.0898876404494382,0.8,0.047619047619047616,0.741991341991342,E1 전체 기간,공정 값 23,이상탐지,
One-Class SVM,25,-2.146412029652074,0.025290696391613823,0.0,0.2,0.2,0.0,0.0,0.0,0.4606060606060606,E1 전체 기간,공정 값 23,이상탐지,
One-Class SVM,26,-2.2327739871550345,0.020679519966561075,0.0,0.2,0.2,0.0,0.0,0.0,0.34632034632034636,E1 전체 기간,공정 값 23,이상탐지,
One-Class SVM,27,-2.3063586063925285,0.01781768189880815,0.0,0.0,0.0,0.0,0.0,0.0,0.3313304721030043,E1 전체 기간,공정 값 23,이상탐지,
One-Class SVM,28,-2.554329996510386,0.03942808236461383,0.0,0.4,0.4,0.0,0.0,0.0,0.5792207792207792,E1 전체 기간,공정 값 23,이상탐지,
One-Class SVM,29,-3.0072161942331976,0.02042111954860181,0.0,0.2,0.2,0.046511627906976744,0.2,0.02631578947368421,0.34285714285714286,E1 전체 기간,공정 값 23,이상탐지,
One-Class SVM,30,-2.3476123424083184,0.01926152189951368,0.0,0.0,0.0,0.0,0.0,0.0,0.37835497835497833,E1 전체 기간,공정 값 23,이상탐지,
One-Class SVM,31,-2.155791516083531,0.02108217399298993,0.0,0.0,0.2,0.0,0.0,0.0,0.4095238095238095,E1 전체 기간,공정 값 23,이상탐지,
One-Class SVM,32,-3.5059996220580842,0.03165450882833001,0.0,0.2,0.6,0.048,0.6,0.025,0.5287553648068669,E1 전체 기간,공정 값 23,이상탐지,
One-Class SVM,33,-3.000876005960042,0.02351768572617325,0.2,0.2,0.2,0.04878048780487805,0.2,0.027777777777777776,0.2935064935064935,E1 전체 기간,공정 값 23,이상탐지,
One-Class SVM,34,-4.281943392944456,0.03815623127734929,0.2,0.4,0.4,0.048484848484848485,0.8,0.025,0.6,E1 전체 기간,공정 값 23,이상탐지,
One-Class SVM,35,-2.0837355363206407,0.0384443115528061,0.2,0.2,0.4,0.0,0.0,0.0,0.5341991341991342,E1 전체 기간,공정 값 23,이상탐지,
One-Class SVM,36,-2.0698622810672647,0.01929176472631644,0.0,0.0,0.2,0.0,0.0,0.0,0.3298701298701298,E1 전체 기간,공정 값 23,이상탐지,
One-Class SVM,37,-2.5692200964247096,0.023186131423470053,0.2,0.2,0.2,0.0,0.0,0.0,0.3296137339055794,E1 전체 기간,공정 값 23,이상탐지,
One-Class SVM,38,-2.49549091476676,0.016052128151448214,0.0,0.0,0.0,0.0,0.0,0.0,0.2502164502164502,E1 전체 기간,공정 값 23,이상탐지,
One-Class SVM,39,-4.613233051605635,0.04454848581155589,0.0,0.4,0.4,0.06060606060606061,1.0,0.03125,0.70995670995671,E1 전체 기간,공정 값 23,이상탐지,
One-Class SVM,40,-3.804159467096569,0.06477919626763418,0.4,0.6,0.6,0.04081632653061224,0.6,0.02112676056338028,0.593939393939394,E1 전체 기간,공정 값 23,이상탐지,
One-Class SVM,41,-1.8995481147072926,0.02015938437839078,0.0,0.0,0.2,0.0,0.0,0.0,0.341991341991342,E1 전체 기간,공정 값 23,이상탐지,
One-Class SVM,42,-2.1331409190068076,0.015336802605494193,0.0,0.0,0.0,0.0,0.0,0.0,0.2223175965665236,E1 전체 기간,공정 값 23,이상탐지,
One-Class SVM,43,-2.0737250511677967,0.024285304171116056,0.0,0.0,0.2,0.0,0.0,0.0,0.4831168831168831,E1 전체 기간,공정 값 23,이상탐지,
One-Class SVM,44,-1.9322830042653878,0.027677949097714073,0.0,0.2,0.2,0.0,0.0,0.0,0.5203463203463203,E1 전체 기간,공정 값 23,이상탐지,
One-Class SVM,45,-2.035291069553527,0.020564017181045523,0.0,0.2,0.2,0.0,0.0,0.0,0.3194805194805195,E1 전체 기간,공정 값 23,이상탐지,
One-Class SVM,46,-2.003540489341311,0.02534073272564321,0.0,0.0,0.2,0.0,0.0,0.0,0.5255411255411255,E1 전체 기간,공정 값 23,이상탐지,
One-Class SVM,47,-4.207226209001694,0.030850205359206274,0.0,0.4,0.4,0.02877697841726619,0.4,0.014925373134328358,0.4515021459227468,E1 전체 기간,공정 값 23,이상탐지,
One-Class SVM,48,-2.06180863518807,0.03109746948740838,0.0,0.2,0.4,0.0,0.0,0.0,0.5393939393939394,E1 전체 기간,공정 값 23,이상탐지,
One-Class SVM,49,-3.897123994321153,0.03691179691179691,0.2,0.2,0.2,0.023121387283236993,0.4,0.011904761904761904,0.36103896103896105,E1 전체 기간,공정 값 23,이상탐지,
Elliptic Envelope,0,18.05865636117129,0.024176094923606496,0.0,0.2,0.2,0.050761421319796954,1.0,0.026041666666666668,0.49004329004329006,E1 전체 기간,공정 값 23,이상탐지,
Elliptic Envelope,1,18.89890126751306,0.024236079727986345,0.0,0.2,0.2,0.05235602094240838,1.0,0.026881720430107527,0.464935064935065,E1 전체 기간,공정 값 23,이상탐지,
Elliptic Envelope,2,18.008376961181703,0.024901079312844018,0.0,0.2,0.4,0.041884816753926704,0.8,0.021505376344086023,0.44978540772532194,E1 전체 기간,공정 값 23,이상탐지,
Elliptic Envelope,3,22.510266608760773,0.015512949558907906,0.0,0.0,0.0,0.014598540145985401,0.2,0.007575757575757576,0.2251082251082251,E1 전체 기간,공정 값 23,이상탐지,
Elliptic Envelope,4,17.797368955833015,0.04439584902095195,0.2,0.4,0.6,0.05181347150259067,1.0,0.026595744680851064,0.6874458874458874,E1 전체 기간,공정 값 23,이상탐지,
Elliptic Envelope,5,19.729464557862787,0.022427521872059063,0.0,0.2,0.2,0.03428571428571429,0.6,0.01764705882352941,0.39826839826839827,E1 전체 기간,공정 값 23,이상탐지,
Elliptic Envelope,6,30.71394422050592,0.01910940519649843,0.0,0.0,0.0,0.0,0.0,0.0,0.36883116883116884,E1 전체 기간,공정 값 23,이상탐지,
Elliptic Envelope,7,17.8973168521538,0.036423275000861205,0.2,0.2,0.4,0.04975124378109453,1.0,0.025510204081632654,0.6300429184549357,E1 전체 기간,공정 값 23,이상탐지,
Elliptic Envelope,8,24.76639068739925,0.019023702720332387,0.0,0.2,0.2,0.018691588785046728,0.2,0.00980392156862745,0.3255411255411256,E1 전체 기간,공정 값 23,이상탐지,
Elliptic Envelope,9,17.530417173631253,0.029668032771364775,0.0,0.2,0.4,0.04145077720207254,0.8,0.02127659574468085,0.5541125541125541,E1 전체 기간,공정 값 23,이상탐지,
Elliptic Envelope,10,19.767092106396603,0.021534563476277704,0.0,0.0,0.2,0.03680981595092025,0.6,0.0189873417721519,0.41904761904761906,E1 전체 기간,공정 값 23,이상탐지,
Elliptic Envelope,11,16.05994678031777,0.04812222528005871,0.2,0.4,0.4,0.04524886877828054,1.0,0.023148148148148147,0.6233766233766234,E1 전체 기간,공정 값 23,이상탐지,
Elliptic Envelope,12,21.63201373634672,0.020209935646589496,0.0,0.2,0.2,0.027586206896551724,0.4,0.014285714285714285,0.38712446351931334,E1 전체 기간,공정 값 23,이상탐지,
Elliptic Envelope,13,19.920764476192982,0.02693491131734999,0.0,0.2,0.4,0.04195804195804196,0.6,0.021739130434782608,0.49696969696969695,E1 전체 기간,공정 값 23,이상탐지,
Elliptic Envelope,14,23.55306899846768,0.023817742902217002,0.0,0.2,0.2,0.015748031496062992,0.2,0.00819672131147541,0.4121212121212121,E1 전체 기간,공정 값 23,이상탐지,
Elliptic Envelope,15,16.918206848225324,0.025370822443131685,0.0,0.0,0.4,0.03940886699507389,0.8,0.020202020202020204,0.4891774891774892,E1 전체 기간,공정 값 23,이상탐지,
Elliptic Envelope,16,38.27933400727136,0.029828370645030376,0.0,0.2,0.4,0.0,0.0,0.0,0.5454545454545454,E1 전체 기간,공정 값 23,이상탐지,
Elliptic Envelope,17,25.244230060388535,0.02316968199862845,0.0,0.2,0.2,0.021505376344086023,0.2,0.011363636363636364,0.4755364806866953,E1 전체 기간,공정 값 23,이상탐지,
Elliptic Envelope,18,17.746463047640873,0.021946260304799167,0.0,0.2,0.2,0.03864734299516908,0.8,0.019801980198019802,0.36709956709956715,E1 전체 기간,공정 값 23,이상탐지,
Elliptic Envelope,19,21.12344331376466,0.023457821310274855,0.0,0.2,0.2,0.03508771929824561,0.6,0.018072289156626505,0.43809523809523815,E1 전체 기간,공정 값 23,이상탐지,
Elliptic Envelope,20,22.424466981991,0.02711279353721214,0.0,0.0,0.4,0.047244094488188976,0.6,0.02459016393442623,0.5428571428571428,E1 전체 기간,공정 값 23,이상탐지,
Elliptic Envelope,21,16.192262859378893,0.017615798439228933,0.0,0.0,0.2,0.037209302325581395,0.8,0.01904761904761905,0.30562770562770564,E1 전체 기간,공정 값 23,이상탐지,
Elliptic Envelope,22,32.88960230961505,0.018389199977436727,0.0,0.0,0.0,0.0,0.0,0.0,0.351931330472103,E1 전체 기간,공정 값 23,이상탐지,
Elliptic Envelope,23,17.64717509093769,0.021216806574923947,0.0,0.2,0.2,0.031088082901554404,0.6,0.015957446808510637,0.4069264069264069,E1 전체 기간,공정 값 23,이상탐지,
Elliptic Envelope,24,17.49796573489077,0.052506289127405806,0.2,0.6,0.6,0.04784688995215311,1.0,0.024509803921568627,0.6935064935064935,E1 전체 기간,공정 값 23,이상탐지,
Elliptic Envelope,25,30.460231021013907,0.03282736393447544,0.0,0.2,0.4,0.03636363636363636,0.2,0.02,0.6233766233766234,E1 전체 기간,공정 값 23,이상탐지,
Elliptic Envelope,26,26.780683536953127,0.01771532648849925,0.0,0.0,0.0,0.0,0.0,0.0,0.3203463203463204,E1 전체 기간,공정 값 23,이상탐지,
Elliptic Envelope,27,36.97301811113917,0.018694034040980075,0.0,0.0,0.0,0.0,0.0,0.0,0.36223175965665233,E1 전체 기간,공정 값 23,이상탐지,
Elliptic Envelope,28,25.44927580545428,0.03073645705651479,0.0,0.4,0.4,0.039603960396039604,0.4,0.020833333333333332,0.5186147186147186,E1 전체 기간,공정 값 23,이상탐지,
Elliptic Envelope,29,18.231776128860854,0.027187936528723592,0.0,0.2,0.4,0.03864734299516908,0.8,0.019801980198019802,0.48138528138528136,E1 전체 기간,공정 값 23,이상탐지,
Elliptic Envelope,30,33.57684972593626,0.019350796530992562,0.0,0.0,0.0,0.0,0.0,0.0,0.38181818181818183,E1 전체 기간,공정 값 23,이상탐지,
Elliptic Envelope,31,37.23140907478973,0.023393668904749677,0.0,0.0,0.2,0.0,0.0,0.0,0.48744588744588746,E1 전체 기간,공정 값 23,이상탐지,
Elliptic Envelope,32,17.868704593240537,0.023434782289844233,0.0,0.2,0.2,0.03980099502487562,0.8,0.02040816326530612,0.465236051502146,E1 전체 기간,공정 값 23,이상탐지,
Elliptic Envelope,33,27.125929478820428,0.025902432086474185,0.2,0.2,0.2,0.028985507246376812,0.2,0.015625,0.35584415584415585,E1 전체 기간,공정 값 23,이상탐지,
Elliptic Envelope,34,18.65914669636777,0.04658163154079669,0.0,0.4,0.6,0.04371584699453552,0.8,0.02247191011235955,0.6848484848484848,E1 전체 기간,공정 값 23,이상탐지,
Elliptic Envelope,35,23.02307932084642,0.032509101150964594,0.2,0.2,0.2,0.019417475728155338,0.2,0.01020408163265306,0.5047619047619047,E1 전체 기간,공정 값 23,이상탐지,
Elliptic Envelope,36,27.63823558849017,0.020458007354068396,0.0,0.0,0.0,0.0,0.0,0.0,0.4043290043290043,E1 전체 기간,공정 값 23,이상탐지,
Elliptic Envelope,37,21.50073029926107,0.020265477109366783,0.0,0.0,0.2,0.028368794326241134,0.4,0.014705882352941176,0.39656652360515027,E1 전체 기간,공정 값 23,이상탐지,
Elliptic Envelope,38,34.57667365767857,0.018057189459628486,0.0,0.0,0.0,0.0,0.0,0.0,0.33333333333333337,E1 전체 기간,공정 값 23,이상탐지,
Elliptic Envelope,39,17.47731819801662,0.05066298393812625,0.0,0.4,0.8,0.04878048780487805,1.0,0.025,0.7290043290043291,E1 전체 기간,공정 값 23,이상탐지,
Elliptic Envelope,40,17.320604844722848,0.06130870792158268,0.4,0.6,0.6,0.04975124378109453,1.0,0.025510204081632654,0.651082251082251,E1 전체 기간,공정 값 23,이상탐지,
Elliptic Envelope,41,35.20429624684155,0.019400134887565913,0.0,0.0,0.0,0.0,0.0,0.0,0.3748917748917749,E1 전체 기간,공정 값 23,이상탐지,
Elliptic Envelope,42,18.95676368154755,0.019761101239915462,0.0,0.0,0.2,0.031413612565445025,0.6,0.016129032258064516,0.3785407725321889,E1 전체 기간,공정 값 23,이상탐지,
Elliptic Envelope,43,33.16565585111087,0.021972230474870052,0.0,0.2,0.2,0.0,0.0,0.0,0.4277056277056277,E1 전체 기간,공정 값 23,이상탐지,
Elliptic Envelope,44,17.234388516546957,0.030934873599824504,0.0,0.2,0.4,0.050761421319796954,1.0,0.026041666666666668,0.5948051948051948,E1 전체 기간,공정 값 23,이상탐지,
Elliptic Envelope,45,17.056699521171655,0.029998948568921376,0.0,0.4,0.4,0.041025641025641026,0.8,0.021052631578947368,0.5238095238095238,E1 전체 기간,공정 값 23,이상탐지,
Elliptic Envelope,46,32.0814196421588,0.02239005955236413,0.0,0.0,0.2,0.0,0.0,0.0,0.4666666666666667,E1 전체 기간,공정 값 23,이상탐지,
Elliptic Envelope,47,21.553142836787554,0.029008074051552313,0.0,0.2,0.4,0.03508771929824561,0.6,0.018072289156626505,0.48412017167381977,E1 전체 기간,공정 값 23,이상탐지,
Elliptic Envelope,48,19.25363729164555,0.01959169631917894,0.0,0.0,0.0,0.04371584699453552,0.8,0.02247191011235955,0.38528138528138534,E1 전체 기간,공정 값 23,이상탐지,
Elliptic Envelope,49,28.866705765317423,0.023292168139258225,0.0,0.2,0.2,0.028169014084507043,0.2,0.015151515151515152,0.4216450216450217,E1 전체 기간,공정 값 23,이상탐지,
"순위 평균 앙상블 (5종, 사전 고정)",0,0.6908033826638478,0.03848854842845423,0.0,0.2,0.6,0.06557377049180328,0.4,0.03571428571428571,0.6848484848484848,E1 전체 기간,공정 값 23,앙상블,
"순위 평균 앙상블 (5종, 사전 고정)",1,0.934355179704017,0.023917045164919926,0.0,0.2,0.2,0.0,0.0,0.0,0.4181818181818182,E1 전체 기간,공정 값 23,앙상블,
"순위 평균 앙상블 (5종, 사전 고정)",2,0.8765889830508475,0.016628296743096373,0.0,0.0,0.0,0.0,0.0,0.0,0.28497854077253215,E1 전체 기간,공정 값 23,앙상블,
"순위 평균 앙상블 (5종, 사전 고정)",3,0.09714587737843552,0.028847855175127904,0.0,0.2,0.4,0.04184100418410042,1.0,0.021367521367521368,0.561038961038961,E1 전체 기간,공정 값 23,앙상블,
"순위 평균 앙상블 (5종, 사전 고정)",4,0.8734672304439746,0.031092924339719386,0.0,0.2,0.2,0.0,0.0,0.0,0.5800865800865801,E1 전체 기간,공정 값 23,앙상블,
"순위 평균 앙상블 (5종, 사전 고정)",5,0.07642706131078224,0.040946530064325824,0.2,0.4,0.4,0.04149377593360996,1.0,0.0211864406779661,0.6181818181818183,E1 전체 기간,공정 값 23,앙상블,
"순위 평균 앙상블 (5종, 사전 고정)",6,0.4975687103594081,0.030411773146375037,0.2,0.2,0.4,0.031496062992125984,0.4,0.01639344262295082,0.5142857142857142,E1 전체 기간,공정 값 23,앙상블,
"순위 평균 앙상블 (5종, 사전 고정)",7,0.9634533898305084,0.03458913719873844,0.2,0.2,0.4,0.0,0.0,0.0,0.592274678111588,E1 전체 기간,공정 값 23,앙상블,
"순위 평균 앙상블 (5종, 사전 고정)",8,0.5808668076109936,0.03449708008718067,0.2,0.2,0.4,0.05714285714285714,0.6,0.03,0.5523809523809524,E1 전체 기간,공정 값 23,앙상블,
"순위 평균 앙상블 (5종, 사전 고정)",9,0.8053911205073995,0.03635958438678683,0.2,0.4,0.4,0.0784313725490196,0.4,0.043478260869565216,0.4554112554112554,E1 전체 기간,공정 값 23,앙상블,
"순위 평균 앙상블 (5종, 사전 고정)",10,0.9326638477801268,0.02066787355863785,0.0,0.0,0.0,0.0,0.0,0.0,0.41645021645021646,E1 전체 기간,공정 값 23,앙상블,
"순위 평균 앙상블 (5종, 사전 고정)",11,0.963953488372093,0.024429039594946054,0.0,0.0,0.2,0.0,0.0,0.0,0.5125541125541125,E1 전체 기간,공정 값 23,앙상블,
"순위 평균 앙상블 (5종, 사전 고정)",12,0.5676906779661017,0.03401283184863138,0.0,0.4,0.4,0.035398230088495575,0.4,0.018518518518518517,0.5656652360515022,E1 전체 기간,공정 값 23,앙상블,
"순위 평균 앙상블 (5종, 사전 고정)",13,0.8620507399577167,0.02391589656420165,0.0,0.2,0.4,0.0,0.0,0.0,0.4311688311688312,E1 전체 기간,공정 값 23,앙상블,
"순위 평균 앙상블 (5종, 사전 고정)",14,0.5335095137420718,0.028257312850445353,0.0,0.2,0.4,0.056074766355140186,0.6,0.029411764705882353,0.49870129870129865,E1 전체 기간,공정 값 23,앙상블,
"순위 평균 앙상블 (5종, 사전 고정)",15,0.062050739957716705,0.06347554208905348,0.4,0.4,0.4,0.04149377593360996,1.0,0.0211864406779661,0.6034632034632035,E1 전체 기간,공정 값 23,앙상블,
"순위 평균 앙상블 (5종, 사전 고정)",16,0.7216701902748415,0.027379866383991366,0.0,0.0,0.2,0.02531645569620253,0.2,0.013513513513513514,0.5645021645021645,E1 전체 기간,공정 값 23,앙상블,
"순위 평균 앙상블 (5종, 사전 고정)",17,0.7486228813559321,0.033813824794919616,0.0,0.2,0.4,0.031746031746031744,0.2,0.017241379310344827,0.6197424892703862,E1 전체 기간,공정 값 23,앙상블,
"순위 평균 앙상블 (5종, 사전 고정)",18,0.7757928118393235,0.03388356398241982,0.2,0.2,0.4,0.05405405405405406,0.2,0.03125,0.6043290043290044,E1 전체 기간,공정 값 23,앙상블,
"순위 평균 앙상블 (5종, 사전 고정)",19,0.8798097251585624,0.027277737704407855,0.0,0.0,0.4,0.0,0.0,0.0,0.5523809523809524,E1 전체 기간,공정 값 23,앙상블,
"순위 평균 앙상블 (5종, 사전 고정)",20,0.46712473572938684,0.05036151890494165,0.4,0.4,0.4,0.05442176870748299,0.8,0.028169014084507043,0.6528138528138528,E1 전체 기간,공정 값 23,앙상블,
"순위 평균 앙상블 (5종, 사전 고정)",21,0.9563424947145878,0.026710321706308025,0.2,0.2,0.4,0.0,0.0,0.0,0.3939393939393939,E1 전체 기간,공정 값 23,앙상블,
"순위 평균 앙상블 (5종, 사전 고정)",22,0.7422669491525424,0.02578154542119574,0.0,0.0,0.2,0.0,0.0,0.0,0.5184549356223176,E1 전체 기간,공정 값 23,앙상블,
"순위 평균 앙상블 (5종, 사전 고정)",23,0.06712473572938689,0.13253420908593322,0.4,0.6,0.6,0.04149377593360996,1.0,0.0211864406779661,0.6744588744588744,E1 전체 기간,공정 값 23,앙상블,
"순위 평균 앙상블 (5종, 사전 고정)",24,0.9013742071881607,0.019228693048183518,0.0,0.0,0.2,0.0,0.0,0.0,0.367965367965368,E1 전체 기간,공정 값 23,앙상블,
"순위 평균 앙상블 (5종, 사전 고정)",25,0.9233615221987315,0.022641574492444014,0.0,0.2,0.2,0.0,0.0,0.0,0.3861471861471862,E1 전체 기간,공정 값 23,앙상블,
"순위 평균 앙상블 (5종, 사전 고정)",26,0.22484143763213532,0.030477395944517035,0.0,0.2,0.4,0.04524886877828054,1.0,0.023148148148148147,0.5783549783549784,E1 전체 기간,공정 값 23,앙상블,
"순위 평균 앙상블 (5종, 사전 고정)",27,0.7096398305084747,0.029813270838624412,0.2,0.2,0.2,0.03508771929824561,0.2,0.019230769230769232,0.45236051502145924,E1 전체 기간,공정 값 23,앙상블,
"순위 평균 앙상블 (5종, 사전 고정)",28,0.8760042283298098,0.019078282178979368,0.0,0.0,0.2,0.0,0.0,0.0,0.3593073593073593,E1 전체 기간,공정 값 23,앙상블,
"순위 평균 앙상블 (5종, 사전 고정)",29,0.9170190274841439,0.02123593138350196,0.0,0.0,0.2,0.0,0.0,0.0,0.3982683982683982,E1 전체 기간,공정 값 23,앙상블,
"순위 평균 앙상블 (5종, 사전 고정)",30,0.600739957716702,0.03523879053517572,0.0,0.0,0.4,0.07339449541284404,0.8,0.038461538461538464,0.664069264069264,E1 전체 기간,공정 값 23,앙상블,
"순위 평균 앙상블 (5종, 사전 고정)",31,0.8176532769556024,0.02853990072219883,0.0,0.2,0.2,0.0,0.0,0.0,0.5497835497835498,E1 전체 기간,공정 값 23,앙상블,
"순위 평균 앙상블 (5종, 사전 고정)",32,0.05116525423728814,0.08826066645182902,0.2,0.6,0.6,0.04149377593360996,1.0,0.0211864406779661,0.6540772532188841,E1 전체 기간,공정 값 23,앙상블,
"순위 평균 앙상블 (5종, 사전 고정)",33,0.25951374207188166,0.019908172370858936,0.0,0.0,0.2,0.041025641025641026,0.8,0.021052631578947368,0.3904761904761904,E1 전체 기간,공정 값 23,앙상블,
"순위 평균 앙상블 (5종, 사전 고정)",34,0.8519027484143763,0.02540684839645735,0.0,0.2,0.2,0.0,0.0,0.0,0.43463203463203465,E1 전체 기간,공정 값 23,앙상블,
"순위 평균 앙상블 (5종, 사전 고정)",35,0.7237843551797041,0.026751978339545186,0.0,0.0,0.4,0.02666666666666667,0.2,0.014285714285714285,0.5506493506493506,E1 전체 기간,공정 값 23,앙상블,
"순위 평균 앙상블 (5종, 사전 고정)",36,0.8197674418604652,0.0244770829175883,0.0,0.0,0.0,0.0,0.0,0.0,0.5064935064935066,E1 전체 기간,공정 값 23,앙상블,
"순위 평균 앙상블 (5종, 사전 고정)",37,0.8295550847457627,0.035361762420585946,0.2,0.2,0.4,0.08,0.2,0.05,0.5785407725321888,E1 전체 기간,공정 값 23,앙상블,
"순위 평균 앙상블 (5종, 사전 고정)",38,0.9609936575052853,0.024252343958657614,0.0,0.0,0.2,0.0,0.0,0.0,0.503030303030303,E1 전체 기간,공정 값 23,앙상블,
"순위 평균 앙상블 (5종, 사전 고정)",39,0.6857293868921776,0.020192420231634183,0.0,0.2,0.2,0.03076923076923077,0.2,0.016666666666666666,0.3203463203463204,E1 전체 기간,공정 값 23,앙상블,
"순위 평균 앙상블 (5종, 사전 고정)",40,0.38382663847780124,0.024645361396563557,0.0,0.2,0.2,0.0335195530726257,0.6,0.017241379310344827,0.4467532467532468,E1 전체 기간,공정 값 23,앙상블,
"순위 평균 앙상블 (5종, 사전 고정)",41,0.632875264270613,0.07512139058546245,0.4,0.4,0.4,0.038834951456310676,0.4,0.02040816326530612,0.6242424242424243,E1 전체 기간,공정 값 23,앙상블,
"순위 평균 앙상블 (5종, 사전 고정)",42,0.7816737288135593,0.02991579866573068,0.0,0.0,0.4,0.0,0.0,0.0,0.5648068669527897,E1 전체 기간,공정 값 23,앙상블,
"순위 평균 앙상블 (5종, 사전 고정)",43,0.6066596194503171,0.02332826662162923,0.0,0.2,0.2,0.02247191011235955,0.2,0.011904761904761904,0.451948051948052,E1 전체 기간,공정 값 23,앙상블,
"순위 평균 앙상블 (5종, 사전 고정)",44,0.9390063424947146,0.034881142249563304,0.2,0.2,0.2,0.0,0.0,0.0,0.6103896103896104,E1 전체 기간,공정 값 23,앙상블,
"순위 평균 앙상블 (5종, 사전 고정)",45,0.629492600422833,0.027026632964257575,0.0,0.4,0.4,0.043010752688172046,0.4,0.022727272727272728,0.4909090909090909,E1 전체 기간,공정 값 23,앙상블,
"순위 평균 앙상블 (5종, 사전 고정)",46,0.8658562367864693,0.02244230484734056,0.0,0.2,0.2,0.0,0.0,0.0,0.4285714285714286,E1 전체 기간,공정 값 23,앙상블,
"순위 평균 앙상블 (5종, 사전 고정)",47,0.7748940677966102,0.020159910760518027,0.0,0.0,0.0,0.0,0.0,0.0,0.41373390557939915,E1 전체 기간,공정 값 23,앙상블,
"순위 평균 앙상블 (5종, 사전 고정)",48,0.7225158562367865,0.02351410476124435,0.2,0.2,0.2,0.023529411764705882,0.2,0.0125,0.2917748917748918,E1 전체 기간,공정 값 23,앙상블,
"순위 평균 앙상블 (5종, 사전 고정)",49,0.02653276955602537,0.048957574064197595,0.2,0.2,0.4,0.04149377593360996,1.0,0.0211864406779661,0.670995670995671,E1 전체 기간,공정 값 23,앙상블,
부스팅 튜닝 3종 평균 (사후 선택),0,0.695736434108527,0.044029496743883706,0.2,0.4,0.4,0.06593406593406594,0.6,0.03488372093023256,0.6510822510822512,E1 전체 기간,공정 값 23,앙상블,
부스팅 튜닝 3종 평균 (사후 선택),1,0.9719873150105709,0.0232821754733081,0.0,0.2,0.2,0.0,0.0,0.0,0.42424242424242425,E1 전체 기간,공정 값 23,앙상블,
부스팅 튜닝 3종 평균 (사후 선택),2,0.9422669491525424,0.02130401862560783,0.0,0.2,0.2,0.0,0.0,0.0,0.38798283261802574,E1 전체 기간,공정 값 23,앙상블,
부스팅 튜닝 3종 평균 (사후 선택),3,0.1982029598308668,0.035069287650458886,0.0,0.0,0.6,0.07920792079207921,0.8,0.041666666666666664,0.6562770562770563,E1 전체 기간,공정 값 23,앙상블,
부스팅 튜닝 3종 평균 (사후 선택),4,0.7387244538407329,0.03007452473892576,0.0,0.2,0.4,0.042105263157894736,0.4,0.022222222222222223,0.5662337662337662,E1 전체 기간,공정 값 23,앙상블,
부스팅 튜닝 3종 평균 (사후 선택),5,0.6435870331219169,0.03875773183173563,0.2,0.4,0.4,0.039735099337748346,0.6,0.02054794520547945,0.5471861471861472,E1 전체 기간,공정 값 23,앙상블,
부스팅 튜닝 3종 평균 (사후 선택),6,0.5843904157857646,0.03984927020251793,0.2,0.4,0.4,0.056074766355140186,0.6,0.029411764705882353,0.5229437229437229,E1 전체 기간,공정 값 23,앙상블,
부스팅 튜닝 3종 평균 (사후 선택),7,0.8960098870056498,0.032010142672914424,0.0,0.2,0.6,0.10256410256410256,0.4,0.058823529411764705,0.5759656652360515,E1 전체 기간,공정 값 23,앙상블,
부스팅 튜닝 3종 평균 (사후 선택),8,0.7556377730796336,0.03512048314505957,0.2,0.2,0.2,0.08,0.2,0.05,0.5428571428571429,E1 전체 기간,공정 값 23,앙상블,
부스팅 튜닝 3종 평균 (사후 선택),9,0.8958773784355181,0.0339280746932257,0.2,0.2,0.4,0.09523809523809523,0.2,0.0625,0.4588744588744589,E1 전체 기간,공정 값 23,앙상블,
부스팅 튜닝 3종 평균 (사후 선택),10,0.6929175475687104,0.028743204924496876,0.0,0.2,0.4,0.0,0.0,0.0,0.5471861471861472,E1 전체 기간,공정 값 23,앙상블,
부스팅 튜닝 3종 평균 (사후 선택),11,0.8176532769556025,0.02160198957299903,0.0,0.0,0.0,0.0,0.0,0.0,0.4354978354978355,E1 전체 기간,공정 값 23,앙상블,
부스팅 튜닝 3종 평균 (사후 선택),12,0.6993290960451978,0.04015398140778543,0.2,0.4,0.4,0.09523809523809523,0.2,0.0625,0.569098712446352,E1 전체 기간,공정 값 23,앙상블,
부스팅 튜닝 3종 평균 (사후 선택),13,0.8944679351656095,0.07125483199524235,0.2,0.2,0.4,0.11764705882352941,0.2,0.08333333333333333,0.5064935064935066,E1 전체 기간,공정 값 23,앙상블,
부스팅 튜닝 3종 평균 (사후 선택),14,0.9959478505990135,0.0339215217051643,0.2,0.2,0.6,0.0,0.0,0.0,0.4987012987012987,E1 전체 기간,공정 값 23,앙상블,
부스팅 튜닝 3종 평균 (사후 선택),15,0.604122621564482,0.05656906228065067,0.2,0.4,0.4,0.05925925925925926,0.8,0.03076923076923077,0.5948051948051949,E1 전체 기간,공정 값 23,앙상블,
부스팅 튜닝 3종 평균 (사후 선택),16,0.9423890063424948,0.02246111628820876,0.0,0.0,0.2,0.0,0.0,0.0,0.4666666666666667,E1 전체 기간,공정 값 23,앙상블,
부스팅 튜닝 3종 평균 (사후 선택),17,0.5001765536723164,0.029784802715529003,0.0,0.2,0.4,0.05917159763313609,1.0,0.03048780487804878,0.5751072961373391,E1 전체 기간,공정 값 23,앙상블,
부스팅 튜닝 3종 평균 (사후 선택),18,0.9853770260747005,0.032696113365427035,0.0,0.4,0.4,0.0,0.0,0.0,0.5696969696969697,E1 전체 기간,공정 값 23,앙상블,
부스팅 튜닝 3종 평균 (사후 선택),19,0.7492952783650458,0.07415687760515347,0.2,0.4,0.6,0.061068702290076333,0.8,0.031746031746031744,0.6891774891774892,E1 전체 기간,공정 값 23,앙상블,
부스팅 튜닝 3종 평균 (사후 선택),20,0.9790345313601128,0.034718672491812194,0.0,0.4,0.4,0.0,0.0,0.0,0.5974025974025974,E1 전체 기간,공정 값 23,앙상블,
부스팅 튜닝 3종 평균 (사후 선택),21,0.7605708245243129,0.06541312052150969,0.4,0.4,0.4,0.0,0.0,0.0,0.5619047619047618,E1 전체 기간,공정 값 23,앙상블,
부스팅 튜닝 3종 평균 (사후 선택),22,0.7565324858757062,0.024676949225999167,0.0,0.0,0.0,0.0,0.0,0.0,0.5167381974248927,E1 전체 기간,공정 값 23,앙상블,
부스팅 튜닝 3종 평균 (사후 선택),23,0.7669133192389007,0.09757504673760833,0.4,0.4,0.6,0.0975609756097561,0.4,0.05555555555555555,0.6095238095238096,E1 전체 기간,공정 값 23,앙상블,
부스팅 튜닝 3종 평균 (사후 선택),24,0.9804439746300212,0.029011241092558877,0.2,0.2,0.2,0.0,0.0,0.0,0.3575757575757576,E1 전체 기간,공정 값 23,앙상블,
부스팅 튜닝 3종 평균 (사후 선택),25,0.9677589852008457,0.018608345600591172,0.0,0.0,0.0,0.0,0.0,0.0,0.35324675324675325,E1 전체 기간,공정 값 23,앙상블,
부스팅 튜닝 3종 평균 (사후 선택),26,0.16296687808315716,0.05031224272624314,0.2,0.4,0.6,0.045662100456621,1.0,0.02336448598130841,0.6554112554112554,E1 전체 기간,공정 값 23,앙상블,
부스팅 튜닝 3종 평균 (사후 선택),27,0.4239053672316384,0.11928483867804257,0.2,0.2,0.2,0.02531645569620253,0.2,0.013513513513513514,0.505579399141631,E1 전체 기간,공정 값 23,앙상블,
부스팅 튜닝 3종 평균 (사후 선택),28,0.9184284707540522,0.0456050482405209,0.2,0.2,0.2,0.0,0.0,0.0,0.4242424242424243,E1 전체 기간,공정 값 23,앙상블,
부스팅 튜닝 3종 평균 (사후 선택),29,0.7549330514446794,0.02302320412452132,0.0,0.0,0.4,0.027586206896551724,0.4,0.014285714285714285,0.4320346320346321,E1 전체 기간,공정 값 23,앙상블,
부스팅 튜닝 3종 평균 (사후 선택),30,0.7309725158562368,0.027635850043769436,0.0,0.0,0.4,0.047337278106508875,0.8,0.024390243902439025,0.5376623376623376,E1 전체 기간,공정 값 23,앙상블,
부스팅 튜닝 3종 평균 (사후 선택),31,0.8676885130373503,0.033450968746599585,0.0,0.4,0.4,0.0,0.0,0.0,0.5177489177489177,E1 전체 기간,공정 값 23,앙상블,
부스팅 튜닝 3종 평균 (사후 선택),32,0.9380296610169493,0.13688144728020082,0.2,0.6,0.6,0.18181818181818182,0.2,0.16666666666666666,0.640343347639485,E1 전체 기간,공정 값 23,앙상블,
부스팅 튜닝 3종 평균 (사후 선택),33,0.9670542635658914,0.03555271245024566,0.2,0.4,0.4,0.0,0.0,0.0,0.5471861471861472,E1 전체 기간,공정 값 23,앙상블,
부스팅 튜닝 3종 평균 (사후 선택),34,0.9987667371388302,0.04832363403637531,0.2,0.2,0.2,0.0,0.0,0.0,0.37142857142857144,E1 전체 기간,공정 값 23,앙상블,
부스팅 튜닝 3종 평균 (사후 선택),35,0.9748062015503877,0.04801974664712781,0.2,0.4,0.4,0.0,0.0,0.0,0.664069264069264,E1 전체 기간,공정 값 23,앙상블,
부스팅 튜닝 3종 평균 (사후 선택),36,0.6407681465821001,0.0315918312964869,0.2,0.2,0.2,0.03592814371257485,0.6,0.018518518518518517,0.4528138528138528,E1 전체 기간,공정 값 23,앙상블,
부스팅 튜닝 3종 평균 (사후 선택),37,0.914018361581921,0.04035067086791225,0.2,0.4,0.6,0.0,0.0,0.0,0.5871244635193134,E1 전체 기간,공정 값 23,앙상블,
부스팅 튜닝 3종 평균 (사후 선택),38,0.9304087385482734,0.02605729151264958,0.0,0.0,0.4,0.0,0.0,0.0,0.5220779220779221,E1 전체 기간,공정 값 23,앙상블,
부스팅 튜닝 3종 평균 (사후 선택),39,0.6872797744890767,0.016022173088291694,0.0,0.0,0.2,0.0,0.0,0.0,0.23116883116883113,E1 전체 기간,공정 값 23,앙상블,
부스팅 튜닝 3종 평균 (사후 선택),40,0.3342142353770261,0.037500390422470255,0.2,0.2,0.2,0.0425531914893617,1.0,0.021739130434782608,0.43982683982683984,E1 전체 기간,공정 값 23,앙상블,
부스팅 튜닝 3종 평균 (사후 선택),41,0.8278717406624384,0.031244749366644814,0.2,0.2,0.2,0.06060606060606061,0.2,0.03571428571428571,0.5705627705627705,E1 전체 기간,공정 값 23,앙상블,
부스팅 튜닝 3종 평균 (사후 선택),42,0.3956567796610169,0.03481240981240981,0.0,0.4,0.4,0.05063291139240506,0.4,0.02702702702702703,0.5776824034334764,E1 전체 기간,공정 값 23,앙상블,
부스팅 튜닝 3종 평균 (사후 선택),43,0.7041930937279774,0.025716546733767057,0.0,0.2,0.2,0.10526315789473684,0.2,0.07142857142857142,0.49523809523809526,E1 전체 기간,공정 값 23,앙상블,
부스팅 튜닝 3종 평균 (사후 선택),44,0.9677589852008457,0.05522290647212391,0.2,0.2,0.2,0.0,0.0,0.0,0.6415584415584416,E1 전체 기간,공정 값 23,앙상블,
부스팅 튜닝 3종 평균 (사후 선택),45,0.5766384778012684,0.03293146706104462,0.2,0.2,0.4,0.06451612903225806,0.2,0.038461538461538464,0.5021645021645021,E1 전체 기간,공정 값 23,앙상블,
부스팅 튜닝 3종 평균 (사후 선택),46,0.687984496124031,0.01740182085360592,0.0,0.0,0.0,0.0,0.0,0.0,0.3116883116883117,E1 전체 기간,공정 값 23,앙상블,
부스팅 튜닝 3종 평균 (사후 선택),47,0.7162782485875706,0.020718077244393035,0.0,0.0,0.2,0.0,0.0,0.0,0.41201716738197425,E1 전체 기간,공정 값 23,앙상블,
부스팅 튜닝 3종 평균 (사후 선택),48,0.9733967582804791,0.01761573784484485,0.0,0.0,0.2,0.0,0.0,0.0,0.29004329004329005,E1 전체 기간,공정 값 23,앙상블,
부스팅 튜닝 3종 평균 (사후 선택),49,0.8331571529245948,0.041710719692773526,0.2,0.2,0.4,0.05405405405405406,0.2,0.03125,0.6536796536796536,E1 전체 기간,공정 값 23,앙상블,
로지스틱 L2,0,0.8824438847881492,0.05009296783354227,0.2,0.4,0.6,0.1111111111111111,0.2,0.07692307692307693,0.7082251082251082,E1 전체 기간,공정 값 23 + pair_pos,선형,
로지스틱 L2,1,0.010948881362727755,0.02391667318464248,0.0,0.0,0.0,0.0410958904109589,0.6,0.02127659574468085,0.49783549783549785,E1 전체 기간,공정 값 23 + pair_pos,선형,
로지스틱 L2,2,0.825576974651657,0.021661636368913613,0.0,0.0,0.2,0.0,0.0,0.0,0.4446351931330472,E1 전체 기간,공정 값 23 + pair_pos,선형,
로지스틱 L2,3,0.20261260963599875,0.058988556760659755,0.4,0.4,0.6,0.07874015748031496,1.0,0.040983606557377046,0.7766233766233765,E1 전체 기간,공정 값 23 + pair_pos,선형,
로지스틱 L2,4,0.8949438157363745,0.10807186234817814,0.4,0.8,0.8,0.0,0.0,0.0,0.8649350649350649,E1 전체 기간,공정 값 23 + pair_pos,선형,
로지스틱 L2,5,0.2243850517283393,0.05331692681778963,0.2,0.4,0.8,0.07874015748031496,1.0,0.040983606557377046,0.7653679653679654,E1 전체 기간,공정 값 23 + pair_pos,선형,
로지스틱 L2,6,0.21979149854396718,0.030188657421403253,0.0,0.2,0.4,0.05660377358490566,0.6,0.0297029702970297,0.5748917748917749,E1 전체 기간,공정 값 23 + pair_pos,선형,
로지스틱 L2,7,0.8131781877912548,0.07692374239228875,0.2,0.2,0.2,0.08333333333333333,0.2,0.05263157894736842,0.6609442060085837,E1 전체 기간,공정 값 23 + pair_pos,선형,
로지스틱 L2,8,0.8784508277505712,0.04958761490715469,0.2,0.4,0.6,0.0,0.0,0.0,0.7238095238095238,E1 전체 기간,공정 값 23 + pair_pos,선형,
로지스틱 L2,9,0.8579843026953786,0.02548619658485321,0.0,0.2,0.2,0.0,0.0,0.0,0.5125541125541125,E1 전체 기간,공정 값 23 + pair_pos,선형,
로지스틱 L2,10,0.6273068190637137,0.04045366935392748,0.2,0.2,0.4,0.03389830508474576,0.2,0.018518518518518517,0.6735930735930736,E1 전체 기간,공정 값 23 + pair_pos,선형,
로지스틱 L2,11,0.951792992781917,0.09188657919308074,0.4,0.6,0.8,0.0,0.0,0.0,0.7731601731601732,E1 전체 기간,공정 값 23 + pair_pos,선형,
로지스틱 L2,12,0.7400580409510855,0.05632443187144398,0.0,0.6,0.8,0.0,0.0,0.0,0.7793991416309014,E1 전체 기간,공정 값 23 + pair_pos,선형,
로지스틱 L2,13,0.22537913173012214,0.022837088448666634,0.0,0.0,0.2,0.02,0.2,0.010526315789473684,0.4701298701298701,E1 전체 기간,공정 값 23 + pair_pos,선형,
로지스틱 L2,14,0.9505951355418226,0.0337380639259742,0.2,0.2,0.2,0.0,0.0,0.0,0.6095238095238096,E1 전체 기간,공정 값 23 + pair_pos,선형,
로지스틱 L2,15,0.11462160256047124,0.09484377738263072,0.6,0.6,0.8,0.04790419161676647,0.8,0.024691358024691357,0.7731601731601732,E1 전체 기간,공정 값 23 + pair_pos,선형,
로지스틱 L2,16,0.6671163135324152,0.04690847074134166,0.2,0.4,0.4,0.07017543859649122,0.4,0.038461538461538464,0.7012987012987013,E1 전체 기간,공정 값 23 + pair_pos,선형,
로지스틱 L2,17,0.9158573104892371,0.03974000980192931,0.0,0.4,0.6,0.0,0.0,0.0,0.6832618025751073,E1 전체 기간,공정 값 23 + pair_pos,선형,
로지스틱 L2,18,0.3683724356603516,0.039012323835018875,0.0,0.2,0.6,0.07317073170731707,0.6,0.03896103896103896,0.6857142857142857,E1 전체 기간,공정 값 23 + pair_pos,선형,
로지스틱 L2,19,0.25068396411591437,0.07274371625936031,0.2,0.2,0.6,0.05825242718446602,0.6,0.030612244897959183,0.7125541125541126,E1 전체 기간,공정 값 23 + pair_pos,선형,
로지스틱 L2,20,0.30702676283426594,0.07474937343358395,0.4,0.6,0.8,0.07017543859649122,0.8,0.03669724770642202,0.8025974025974026,E1 전체 기간,공정 값 23 + pair_pos,선형,
로지스틱 L2,21,0.9751696910804105,0.02340298796313606,0.0,0.0,0.0,0.0,0.0,0.0,0.49004329004329006,E1 전체 기간,공정 값 23 + pair_pos,선형,
로지스틱 L2,22,0.7612365212676915,0.033770753026202124,0.0,0.2,0.4,0.0,0.0,0.0,0.6351931330472103,E1 전체 기간,공정 값 23 + pair_pos,선형,
로지스틱 L2,23,0.06605068683003083,0.08263954300810045,0.6,0.6,0.8,0.05263157894736842,0.8,0.027210884353741496,0.7861471861471863,E1 전체 기간,공정 값 23 + pair_pos,선형,
로지스틱 L2,24,0.6932527869904791,0.03707701883488213,0.0,0.4,0.4,0.09302325581395349,0.4,0.05263157894736842,0.6424242424242425,E1 전체 기간,공정 값 23 + pair_pos,선형,
로지스틱 L2,25,0.7797826985907388,0.023576533927411117,0.0,0.0,0.2,0.0,0.0,0.0,0.48138528138528136,E1 전체 기간,공정 값 23 + pair_pos,선형,
로지스틱 L2,26,0.8610514482133114,0.04388488863287251,0.0,0.4,0.6,0.0,0.0,0.0,0.7099567099567099,E1 전체 기간,공정 값 23 + pair_pos,선형,
로지스틱 L2,27,0.8029919287435034,0.0318686305123186,0.0,0.2,0.2,0.0,0.0,0.0,0.6060085836909872,E1 전체 기간,공정 값 23 + pair_pos,선형,
로지스틱 L2,28,0.0069076532634352325,0.062084751668085005,0.2,0.6,0.6,0.04149377593360996,1.0,0.0211864406779661,0.7835497835497836,E1 전체 기간,공정 값 23 + pair_pos,선형,
로지스틱 L2,29,0.926688332551131,0.02683013340816289,0.0,0.0,0.4,0.0,0.0,0.0,0.541991341991342,E1 전체 기간,공정 값 23 + pair_pos,선형,
로지스틱 L2,30,0.9470548373959355,0.053775880102292034,0.2,0.4,0.6,0.0,0.0,0.0,0.7272727272727273,E1 전체 기간,공정 값 23 + pair_pos,선형,
로지스틱 L2,31,0.39383470057232123,0.1282839782959143,0.2,0.2,0.6,0.07142857142857142,0.6,0.0379746835443038,0.6666666666666667,E1 전체 기간,공정 값 23 + pair_pos,선형,
로지스틱 L2,32,0.08619916220984053,0.06791048270050096,0.2,0.6,0.8,0.04938271604938271,0.8,0.025477707006369428,0.7467811158798283,E1 전체 기간,공정 값 23 + pair_pos,선형,
로지스틱 L2,33,0.7025444004016219,0.037462615803890376,0.0,0.2,0.4,0.044444444444444446,0.2,0.025,0.6813852813852814,E1 전체 기간,공정 값 23 + pair_pos,선형,
로지스틱 L2,34,0.18948161595272195,0.026157122684708347,0.0,0.2,0.2,0.036036036036036036,0.4,0.018867924528301886,0.516017316017316,E1 전체 기간,공정 값 23 + pair_pos,선형,
로지스틱 L2,35,0.9664778555133268,0.04616519436246016,0.0,0.6,0.6,0.0,0.0,0.0,0.6744588744588744,E1 전체 기간,공정 값 23 + pair_pos,선형,
로지스틱 L2,36,0.12855680732398705,0.03356403127475777,0.0,0.2,0.2,0.06611570247933884,0.8,0.034482758620689655,0.638961038961039,E1 전체 기간,공정 값 23 + pair_pos,선형,
로지스틱 L2,37,0.9309341869760737,0.04546610599387561,0.0,0.4,0.4,0.0,0.0,0.0,0.7433476394849785,E1 전체 기간,공정 값 23 + pair_pos,선형,
로지스틱 L2,38,0.3063380559936204,0.023455891449837944,0.0,0.0,0.0,0.038461538461538464,0.4,0.020202020202020204,0.49004329004329006,E1 전체 기간,공정 값 23 + pair_pos,선형,
로지스틱 L2,39,0.351013230131666,0.029647011058212238,0.0,0.2,0.4,0.04819277108433735,0.4,0.02564102564102564,0.5324675324675325,E1 전체 기간,공정 값 23 + pair_pos,선형,
로지스틱 L2,40,0.10228418754361117,0.06149941746610148,0.2,0.2,0.4,0.06172839506172839,1.0,0.03184713375796178,0.7186147186147187,E1 전체 기간,공정 값 23 + pair_pos,선형,
로지스틱 L2,41,0.5546144075660442,0.04513991434096136,0.2,0.4,0.4,0.057971014492753624,0.4,0.03125,0.6233766233766234,E1 전체 기간,공정 값 23 + pair_pos,선형,
로지스틱 L2,42,0.8580925322801483,0.02965035615604925,0.0,0.2,0.4,0.0,0.0,0.0,0.5742489270386266,E1 전체 기간,공정 값 23 + pair_pos,선형,
로지스틱 L2,43,0.9037736408395456,0.049423003345545544,0.0,0.4,0.6,0.0,0.0,0.0,0.761038961038961,E1 전체 기간,공정 값 23 + pair_pos,선형,
로지스틱 L2,44,0.20304419586766598,0.05897395002658161,0.2,0.4,0.6,0.07874015748031496,1.0,0.040983606557377046,0.7480519480519481,E1 전체 기간,공정 값 23 + pair_pos,선형,
로지스틱 L2,45,0.04930068995623013,0.04432246631304446,0.0,0.4,0.6,0.053475935828877004,1.0,0.027472527472527472,0.7047619047619047,E1 전체 기간,공정 값 23 + pair_pos,선형,
로지스틱 L2,46,0.07060754763985927,0.033259180760444665,0.0,0.2,0.4,0.06578947368421052,1.0,0.034013605442176874,0.6277056277056277,E1 전체 기간,공정 값 23 + pair_pos,선형,
로지스틱 L2,47,0.5295601988212104,0.07530212084833933,0.4,0.4,0.6,0.08955223880597014,0.6,0.04838709677419355,0.7356223175965665,E1 전체 기간,공정 값 23 + pair_pos,선형,
로지스틱 L2,48,0.9566351142921985,0.03270319311577829,0.2,0.2,0.2,0.0,0.0,0.0,0.5826839826839827,E1 전체 기간,공정 값 23 + pair_pos,선형,
로지스틱 L2,49,0.5431377333875748,0.04925513706268217,0.0,0.4,0.6,0.08823529411764706,0.6,0.047619047619047616,0.754978354978355,E1 전체 기간,공정 값 23 + pair_pos,선형,
로지스틱 L1,0,0.6800040787127156,0.05004280298397945,0.2,0.4,0.6,0.04081632653061224,0.2,0.022727272727272728,0.7125541125541126,E1 전체 기간,공정 값 23 + pair_pos,선형,
로지스틱 L1,1,0.03648214367972688,0.024068015758491948,0.0,0.0,0.0,0.045454545454545456,0.6,0.023622047244094488,0.4987012987012987,E1 전체 기간,공정 값 23 + pair_pos,선형,
로지스틱 L1,2,0.8181955180287016,0.022109655459644433,0.0,0.0,0.2,0.0,0.0,0.0,0.45836909871244635,E1 전체 기간,공정 값 23 + pair_pos,선형,
로지스틱 L1,3,0.1935004922942911,0.06026213468073933,0.2,0.6,0.6,0.07575757575757576,1.0,0.03937007874015748,0.7861471861471861,E1 전체 기간,공정 값 23 + pair_pos,선형,
로지스틱 L1,4,0.878672274120625,0.11736263736263736,0.4,0.8,1.0,0.0,0.0,0.0,0.8813852813852814,E1 전체 기간,공정 값 23 + pair_pos,선형,
로지스틱 L1,5,0.32003244408794573,0.052268716380693414,0.2,0.2,0.8,0.09433962264150944,1.0,0.04950495049504951,0.7601731601731602,E1 전체 기간,공정 값 23 + pair_pos,선형,
로지스틱 L1,6,0.2269172384121329,0.030024597652681145,0.0,0.2,0.4,0.056074766355140186,0.6,0.029411764705882353,0.5922077922077922,E1 전체 기간,공정 값 23 + pair_pos,선형,
로지스틱 L1,7,0.8809934891546589,0.06778513299957428,0.2,0.2,0.2,0.13333333333333333,0.2,0.1,0.6703862660944206,E1 전체 기간,공정 값 23 + pair_pos,선형,
로지스틱 L1,8,0.8147630203241596,0.05004417324687092,0.2,0.4,0.6,0.08,0.2,0.05,0.7272727272727273,E1 전체 기간,공정 값 23 + pair_pos,선형,
로지스틱 L1,9,0.8538620207473371,0.026194769330734245,0.0,0.2,0.2,0.0,0.0,0.0,0.5264069264069264,E1 전체 기간,공정 값 23 + pair_pos,선형,
로지스틱 L1,10,0.8135792783405904,0.039632562895456344,0.2,0.2,0.6,0.0,0.0,0.0,0.6744588744588744,E1 전체 기간,공정 값 23 + pair_pos,선형,
로지스틱 L1,11,0.9351500035212696,0.09759549667499119,0.4,0.6,0.8,0.0,0.0,0.0,0.7956709956709956,E1 전체 기간,공정 값 23 + pair_pos,선형,
로지스틱 L1,12,0.7630863204670856,0.0548222159677268,0.0,0.6,0.8,0.0,0.0,0.0,0.7751072961373391,E1 전체 기간,공정 값 23 + pair_pos,선형,
로지스틱 L1,13,0.5597186703168673,0.02392446679031398,0.0,0.0,0.2,0.03636363636363636,0.2,0.02,0.49523809523809526,E1 전체 기간,공정 값 23 + pair_pos,선형,
로지스틱 L1,14,0.9403162684022094,0.03843599501862807,0.2,0.2,0.2,0.0,0.0,0.0,0.6441558441558443,E1 전체 기간,공정 값 23 + pair_pos,선형,
로지스틱 L1,15,0.3632765074086888,0.08832092925470408,0.4,0.6,0.8,0.0784313725490196,0.8,0.041237113402061855,0.7835497835497836,E1 전체 기간,공정 값 23 + pair_pos,선형,
로지스틱 L1,16,0.5726632006036583,0.0485121934953516,0.2,0.4,0.4,0.05555555555555555,0.4,0.029850746268656716,0.7056277056277056,E1 전체 기간,공정 값 23 + pair_pos,선형,
로지스틱 L1,17,0.8820210756881597,0.040681518609048437,0.0,0.4,0.4,0.0,0.0,0.0,0.6969957081545064,E1 전체 기간,공정 값 23 + pair_pos,선형,
로지스틱 L1,18,0.5204210573973693,0.03945028401550141,0.0,0.4,0.6,0.08571428571428572,0.6,0.046153846153846156,0.6874458874458874,E1 전체 기간,공정 값 23 + pair_pos,선형,
로지스틱 L1,19,0.3488895902550006,0.09920259071823476,0.2,0.2,0.6,0.06666666666666667,0.6,0.03529411764705882,0.7151515151515151,E1 전체 기간,공정 값 23 + pair_pos,선형,
로지스틱 L1,20,0.36622052012785716,0.07968975468975469,0.4,0.6,0.8,0.07476635514018691,0.8,0.0392156862745098,0.8069264069264069,E1 전체 기간,공정 값 23 + pair_pos,선형,
로지스틱 L1,21,0.9636121288043191,0.02360580132891953,0.0,0.0,0.0,0.0,0.0,0.0,0.4961038961038961,E1 전체 기간,공정 값 23 + pair_pos,선형,
로지스틱 L1,22,0.7607659616104102,0.034722990215548685,0.0,0.2,0.4,0.0,0.0,0.0,0.6497854077253219,E1 전체 기간,공정 값 23 + pair_pos,선형,
로지스틱 L1,23,0.06986866401197407,0.08133518281405606,0.6,0.8,0.8,0.06329113924050633,1.0,0.032679738562091505,0.7982683982683982,E1 전체 기간,공정 값 23 + pair_pos,선형,
로지스틱 L1,24,0.6217361102970244,0.03703627057253853,0.0,0.4,0.4,0.07272727272727272,0.4,0.04,0.6571428571428573,E1 전체 기간,공정 값 23 + pair_pos,선형,
로지스틱 L1,25,0.7957692485696679,0.024720433085447073,0.0,0.0,0.4,0.0,0.0,0.0,0.503030303030303,E1 전체 기간,공정 값 23 + pair_pos,선형,
로지스틱 L1,26,0.87182024248556,0.04434417827966215,0.0,0.4,0.6,0.0,0.0,0.0,0.7142857142857143,E1 전체 기간,공정 값 23 + pair_pos,선형,
로지스틱 L1,27,0.8240404401398767,0.03281993690878468,0.0,0.2,0.4,0.0,0.0,0.0,0.6248927038626609,E1 전체 기간,공정 값 23 + pair_pos,선형,
로지스틱 L1,28,0.010012736043712483,0.06412300271265042,0.2,0.6,0.8,0.04149377593360996,1.0,0.0211864406779661,0.8017316017316017,E1 전체 기간,공정 값 23 + pair_pos,선형,
로지스틱 L1,29,0.6497807537132343,0.02806656007835681,0.0,0.0,0.4,0.0,0.0,0.0,0.5584415584415584,E1 전체 기간,공정 값 23 + pair_pos,선형,
로지스틱 L1,30,0.9228866384491174,0.05470787457088827,0.2,0.4,0.4,0.0,0.0,0.0,0.7376623376623377,E1 전체 기간,공정 값 23 + pair_pos,선형,
로지스틱 L1,31,0.3441188528399793,0.12848020624178874,0.2,0.2,0.4,0.0625,0.6,0.03296703296703297,0.6727272727272727,E1 전체 기간,공정 값 23 + pair_pos,선형,
로지스틱 L1,32,0.13768013542787583,0.06513088263088264,0.2,0.6,0.8,0.056338028169014086,0.8,0.029197080291970802,0.759656652360515,E1 전체 기간,공정 값 23 + pair_pos,선형,
로지스틱 L1,33,0.6834072026570011,0.039586409141470325,0.0,0.2,0.4,0.041666666666666664,0.2,0.023255813953488372,0.696969696969697,E1 전체 기간,공정 값 23 + pair_pos,선형,
로지스틱 L1,34,0.2633152225761102,0.027061765874106754,0.0,0.2,0.2,0.038461538461538464,0.4,0.020202020202020204,0.5376623376623377,E1 전체 기간,공정 값 23 + pair_pos,선형,
로지스틱 L1,35,0.9538418435822374,0.050515374689201524,0.2,0.6,0.6,0.0,0.0,0.0,0.7064935064935065,E1 전체 기간,공정 값 23 + pair_pos,선형,
로지스틱 L1,36,0.3677880013643212,0.03379035939992467,0.0,0.2,0.2,0.046511627906976744,0.4,0.024691358024691357,0.6415584415584416,E1 전체 기간,공정 값 23 + pair_pos,선형,
로지스틱 L1,37,0.9089344250656327,0.04830921314975177,0.0,0.4,0.8,0.0,0.0,0.0,0.7605150214592274,E1 전체 기간,공정 값 23 + pair_pos,선형,
로지스틱 L1,38,0.3428820085925966,0.02475297112550364,0.0,0.0,0.2,0.0196078431372549,0.2,0.010309278350515464,0.5203463203463203,E1 전체 기간,공정 값 23 + pair_pos,선형,
로지스틱 L1,39,0.4390925629533593,0.031627422714043375,0.0,0.2,0.4,0.0547945205479452,0.4,0.029411764705882353,0.5567099567099567,E1 전체 기간,공정 값 23 + pair_pos,선형,
로지스틱 L1,40,0.13500662378110534,0.07306714663623119,0.2,0.2,0.6,0.06451612903225806,1.0,0.03333333333333333,0.722077922077922,E1 전체 기간,공정 값 23 + pair_pos,선형,
로지스틱 L1,41,0.633543449068523,0.045549133068800124,0.4,0.4,0.4,0.07272727272727272,0.4,0.04,0.638961038961039,E1 전체 기간,공정 값 23 + pair_pos,선형,
로지스틱 L1,42,0.8056128431166794,0.029752200626169508,0.0,0.2,0.4,0.0,0.0,0.0,0.5896995708154507,E1 전체 기간,공정 값 23 + pair_pos,선형,
로지스틱 L1,43,0.841392715332189,0.050036103695488,0.0,0.4,0.6,0.0,0.0,0.0,0.7636363636363637,E1 전체 기간,공정 값 23 + pair_pos,선형,
로지스틱 L1,44,0.2899909566007745,0.06885878489326766,0.2,0.6,0.6,0.06896551724137931,0.8,0.036036036036036036,0.7662337662337662,E1 전체 기간,공정 값 23 + pair_pos,선형,
로지스틱 L1,45,0.43757854074097585,0.04330423924547808,0.0,0.4,0.6,0.07058823529411765,0.6,0.0375,0.7056277056277056,E1 전체 기간,공정 값 23 + pair_pos,선형,
로지스틱 L1,46,0.13432950079993505,0.03489041657351516,0.0,0.2,0.4,0.07142857142857142,1.0,0.037037037037037035,0.6346320346320347,E1 전체 기간,공정 값 23 + pair_pos,선형,
로지스틱 L1,47,0.24365799167257515,0.07438663563397038,0.4,0.4,0.6,0.06611570247933884,0.8,0.034482758620689655,0.7467811158798283,E1 전체 기간,공정 값 23 + pair_pos,선형,
로지스틱 L1,48,0.9358879424082721,0.03495980393296317,0.2,0.2,0.2,0.0,0.0,0.0,0.6086580086580087,E1 전체 기간,공정 값 23 + pair_pos,선형,
로지스틱 L1,49,0.8850719486432373,0.04955228981544771,0.0,0.4,0.6,0.0,0.0,0.0,0.754978354978355,E1 전체 기간,공정 값 23 + pair_pos,선형,
로지스틱 ElasticNet,0,0.9690318501003544,0.058145623774711885,0.4,0.4,0.6,0.0,0.0,0.0,0.7402597402597403,E1 전체 기간,공정 값 23 + pair_pos,선형,
로지스틱 ElasticNet,1,0.07819002205867105,0.024173297240427334,0.0,0.0,0.0,0.04878048780487805,0.6,0.025423728813559324,0.5021645021645021,E1 전체 기간,공정 값 23 + pair_pos,선형,
로지스틱 ElasticNet,2,0.6772165819013535,0.023810211697535638,0.0,0.2,0.2,0.03333333333333333,0.2,0.01818181818181818,0.4772532188841202,E1 전체 기간,공정 값 23 + pair_pos,선형,
로지스틱 ElasticNet,3,0.9998350890772386,0.0616079948420374,0.4,0.6,0.6,0.0,0.0,0.0,0.7904761904761906,E1 전체 기간,공정 값 23 + pair_pos,선형,
로지스틱 ElasticNet,4,0.1737744670238808,0.07136036439912795,0.2,0.6,0.8,0.07407407407407407,1.0,0.038461538461538464,0.7852813852813854,E1 전체 기간,공정 값 23 + pair_pos,선형,
로지스틱 ElasticNet,5,0.025113768790652222,0.04382316063475484,0.0,0.4,0.4,0.04854368932038835,1.0,0.024875621890547265,0.7281385281385282,E1 전체 기간,공정 값 23 + pair_pos,선형,
로지스틱 ElasticNet,6,0.9155332782019864,0.02892940582149037,0.0,0.0,0.2,0.0,0.0,0.0,0.5809523809523809,E1 전체 기간,공정 값 23 + pair_pos,선형,
로지스틱 ElasticNet,7,0.28576292096986144,0.09282144791079577,0.2,0.2,0.6,0.06741573033707865,0.6,0.03571428571428571,0.6180257510729614,E1 전체 기간,공정 값 23 + pair_pos,선형,
로지스틱 ElasticNet,8,0.817633150634984,0.04777664283282261,0.2,0.4,0.4,0.06060606060606061,0.2,0.03571428571428571,0.7264069264069264,E1 전체 기간,공정 값 23 + pair_pos,선형,
로지스틱 ElasticNet,9,0.9790180964916786,0.0221329693560976,0.0,0.2,0.2,0.0,0.0,0.0,0.4285714285714286,E1 전체 기간,공정 값 23 + pair_pos,선형,
로지스틱 ElasticNet,10,0.6740458445629833,0.033489271604786874,0.2,0.2,0.2,0.041666666666666664,0.2,0.023255813953488372,0.5826839826839827,E1 전체 기간,공정 값 23 + pair_pos,선형,
로지스틱 ElasticNet,11,0.9705147859900799,0.14013891117887264,0.4,0.4,0.4,0.18181818181818182,0.2,0.16666666666666666,0.7367965367965368,E1 전체 기간,공정 값 23 + pair_pos,선형,
로지스틱 ElasticNet,12,0.8229509730121636,0.0538868671290012,0.0,0.6,0.8,0.0,0.0,0.0,0.7708154506437769,E1 전체 기간,공정 값 23 + pair_pos,선형,
로지스틱 ElasticNet,13,0.34959499932399,0.02164825761240253,0.0,0.0,0.2,0.024390243902439025,0.2,0.012987012987012988,0.44242424242424244,E1 전체 기간,공정 값 23 + pair_pos,선형,
로지스틱 ElasticNet,14,0.5500653360405056,0.03542771004922865,0.2,0.2,0.2,0.03333333333333333,0.2,0.01818181818181818,0.5298701298701299,E1 전체 기간,공정 값 23 + pair_pos,선형,
로지스틱 ElasticNet,15,0.8445747000477906,0.06005205794679479,0.2,0.6,0.8,0.0,0.0,0.0,0.7549783549783551,E1 전체 기간,공정 값 23 + pair_pos,선형,
로지스틱 ElasticNet,16,0.9858267917723429,0.05430050464766433,0.4,0.6,0.6,0.0,0.0,0.0,0.7220779220779221,E1 전체 기간,공정 값 23 + pair_pos,선형,
로지스틱 ElasticNet,17,0.934300963521141,0.06534709682597006,0.4,0.4,0.6,0.10526315789473684,0.2,0.07142857142857142,0.7184549356223175,E1 전체 기간,공정 값 23 + pair_pos,선형,
로지스틱 ElasticNet,18,0.4913399258224434,0.0367094425930466,0.0,0.2,0.6,0.058823529411764705,0.4,0.031746031746031744,0.6692640692640692,E1 전체 기간,공정 값 23 + pair_pos,선형,
로지스틱 ElasticNet,19,0.9037764083611902,0.23133090728739641,0.2,0.4,0.6,0.09090909090909091,0.2,0.058823529411764705,0.6692640692640692,E1 전체 기간,공정 값 23 + pair_pos,선형,
로지스틱 ElasticNet,20,0.8231622716864726,0.07287072404719465,0.4,0.6,0.8,0.13333333333333333,0.4,0.08,0.7619047619047619,E1 전체 기간,공정 값 23 + pair_pos,선형,
로지스틱 ElasticNet,21,0.9873896319378944,0.024729230153933475,0.0,0.0,0.0,0.0,0.0,0.0,0.5134199134199134,E1 전체 기간,공정 값 23 + pair_pos,선형,
로지스틱 ElasticNet,22,0.684441931430847,0.03017825584820389,0.0,0.2,0.2,0.0,0.0,0.0,0.6103004291845493,E1 전체 기간,공정 값 23 + pair_pos,선형,
로지스틱 ElasticNet,23,0.1280195416995344,0.09249230813606908,0.6,0.8,0.8,0.05970149253731343,0.8,0.031007751937984496,0.819047619047619,E1 전체 기간,공정 값 23 + pair_pos,선형,
로지스틱 ElasticNet,24,0.39226556035277405,0.060569026172428306,0.2,0.4,0.6,0.06451612903225806,0.6,0.03409090909090909,0.7116883116883117,E1 전체 기간,공정 값 23 + pair_pos,선형,
로지스틱 ElasticNet,25,0.6935960908972626,0.021480601854797485,0.0,0.0,0.0,0.0,0.0,0.0,0.4424242424242425,E1 전체 기간,공정 값 23 + pair_pos,선형,
로지스틱 ElasticNet,26,0.9955766926116912,0.04025985229723548,0.0,0.4,0.4,0.0,0.0,0.0,0.6865800865800866,E1 전체 기간,공정 값 23 + pair_pos,선형,
로지스틱 ElasticNet,27,0.9863258742102611,0.03503482477001641,0.0,0.2,0.4,0.0,0.0,0.0,0.632618025751073,E1 전체 기간,공정 값 23 + pair_pos,선형,
로지스틱 ElasticNet,28,0.006649492047613186,0.05471262336311519,0.2,0.2,0.4,0.04484304932735426,1.0,0.022935779816513763,0.6865800865800866,E1 전체 기간,공정 값 23 + pair_pos,선형,
로지스틱 ElasticNet,29,0.9481320216140863,0.026288184277101206,0.0,0.0,0.2,0.0,0.0,0.0,0.5489177489177489,E1 전체 기간,공정 값 23 + pair_pos,선형,
로지스틱 ElasticNet,30,0.5576310576726056,0.060988521038912974,0.2,0.4,0.4,0.05970149253731343,0.4,0.03225806451612903,0.7307359307359307,E1 전체 기간,공정 값 23 + pair_pos,선형,
로지스틱 ElasticNet,31,0.9427758808450012,0.23721244870904615,0.2,0.4,0.6,0.18181818181818182,0.2,0.16666666666666666,0.6995670995670995,E1 전체 기간,공정 값 23 + pair_pos,선형,
로지스틱 ElasticNet,32,0.08205142584530539,0.05729217840982547,0.2,0.4,0.8,0.06802721088435375,1.0,0.035211267605633804,0.7579399141630901,E1 전체 기간,공정 값 23 + pair_pos,선형,
로지스틱 ElasticNet,33,0.48700629533928547,0.03892796092796093,0.0,0.2,0.4,0.07228915662650602,0.6,0.038461538461538464,0.6952380952380952,E1 전체 기간,공정 값 23 + pair_pos,선형,
로지스틱 ElasticNet,34,0.9812352874975997,0.02641513448832596,0.0,0.2,0.2,0.0,0.0,0.0,0.5194805194805194,E1 전체 기간,공정 값 23 + pair_pos,선형,
로지스틱 ElasticNet,35,0.9883800504144264,0.05507866011555717,0.2,0.6,0.6,0.0,0.0,0.0,0.7177489177489178,E1 전체 기간,공정 값 23 + pair_pos,선형,
로지스틱 ElasticNet,36,0.46260323155983907,0.03989655172413793,0.2,0.2,0.4,0.05333333333333334,0.4,0.02857142857142857,0.6744588744588744,E1 전체 기간,공정 값 23 + pair_pos,선형,
로지스틱 ElasticNet,37,0.7554985138690318,0.04872568220394307,0.0,0.4,0.8,0.0,0.0,0.0,0.7622317596566524,E1 전체 기간,공정 값 23 + pair_pos,선형,
로지스틱 ElasticNet,38,0.9523728125424431,0.024454987018216096,0.0,0.0,0.2,0.0,0.0,0.0,0.5142857142857142,E1 전체 기간,공정 값 23 + pair_pos,선형,
로지스틱 ElasticNet,39,0.39574418926097,0.030584721001213684,0.0,0.2,0.4,0.05063291139240506,0.4,0.02702702702702703,0.5489177489177489,E1 전체 기간,공정 값 23 + pair_pos,선형,
로지스틱 ElasticNet,40,0.6675379057764035,0.04012511929824583,0.2,0.2,0.4,0.03773584905660377,0.2,0.020833333333333332,0.6632034632034632,E1 전체 기간,공정 값 23 + pair_pos,선형,
로지스틱 ElasticNet,41,0.03154827078994834,0.045236928104575164,0.2,0.4,0.4,0.06493506493506493,1.0,0.03355704697986577,0.6432900432900432,E1 전체 기간,공정 값 23 + pair_pos,선형,
로지스틱 ElasticNet,42,0.9279939869985817,0.034850465083023224,0.0,0.2,0.4,0.0,0.0,0.0,0.6549356223175966,E1 전체 기간,공정 값 23 + pair_pos,선형,
로지스틱 ElasticNet,43,0.9297867742855944,0.04990387062207846,0.0,0.4,0.6,0.0,0.0,0.0,0.7636363636363637,E1 전체 기간,공정 값 23 + pair_pos,선형,
로지스틱 ElasticNet,44,0.8441101145542532,0.05583761690583279,0.2,0.6,0.6,0.11764705882352941,0.4,0.06896551724137931,0.7168831168831169,E1 전체 기간,공정 값 23 + pair_pos,선형,
로지스틱 ElasticNet,45,0.5994758573205576,0.06592631208816631,0.2,0.6,0.8,0.08163265306122448,0.4,0.045454545454545456,0.8008658008658008,E1 전체 기간,공정 값 23 + pair_pos,선형,
로지스틱 ElasticNet,46,0.5921571708737438,0.03489244415715004,0.2,0.2,0.2,0.029850746268656716,0.2,0.016129032258064516,0.5584415584415585,E1 전체 기간,공정 값 23 + pair_pos,선형,
로지스틱 ElasticNet,47,0.1533514401762995,0.16272778339512414,0.6,0.6,0.6,0.07194244604316546,1.0,0.03731343283582089,0.7622317596566524,E1 전체 기간,공정 값 23 + pair_pos,선형,
로지스틱 ElasticNet,48,0.3937833229970254,0.03489435563017576,0.2,0.2,0.2,0.021739130434782608,0.2,0.011494252873563218,0.5982683982683983,E1 전체 기간,공정 값 23 + pair_pos,선형,
로지스틱 ElasticNet,49,0.6088372215563761,0.0376805537735517,0.0,0.4,0.4,0.056338028169014086,0.4,0.030303030303030304,0.6787878787878787,E1 전체 기간,공정 값 23 + pair_pos,선형,
LDA (shrinkage),0,0.030798240991901676,0.06146158361201747,0.2,0.4,0.6,0.1,0.6,0.05454545454545454,0.7220779220779221,E1 전체 기간,공정 값 23 + pair_pos,선형,
LDA (shrinkage),1,0.005497085723412396,0.0257911611334391,0.0,0.0,0.0,0.06134969325153374,1.0,0.03164556962025317,0.5393939393939394,E1 전체 기간,공정 값 23 + pair_pos,선형,
LDA (shrinkage),2,0.06390046644693316,0.020997530378010745,0.0,0.0,0.2,0.0,0.0,0.0,0.4085836909871245,E1 전체 기간,공정 값 23 + pair_pos,선형,
LDA (shrinkage),3,0.019783349022335875,0.054203778677462885,0.2,0.6,0.6,0.06666666666666667,0.6,0.03529411764705882,0.7593073593073594,E1 전체 기간,공정 값 23 + pair_pos,선형,
LDA (shrinkage),4,0.04941558527368799,0.07865651589789521,0.2,0.4,0.8,0.08333333333333333,0.2,0.05263157894736842,0.7991341991341991,E1 전체 기간,공정 값 23 + pair_pos,선형,
LDA (shrinkage),5,0.0044587203143213565,0.04493033123756441,0.0,0.2,0.8,0.05181347150259067,1.0,0.026595744680851064,0.7341991341991343,E1 전체 기간,공정 값 23 + pair_pos,선형,
LDA (shrinkage),6,0.007542161473987745,0.026595574738754166,0.0,0.0,0.2,0.057971014492753624,0.8,0.03007518796992481,0.5367965367965368,E1 전체 기간,공정 값 23 + pair_pos,선형,
LDA (shrinkage),7,0.027798496351011476,0.09022362771394196,0.2,0.2,0.2,0.03636363636363636,0.2,0.02,0.592274678111588,E1 전체 기간,공정 값 23 + pair_pos,선형,
LDA (shrinkage),8,0.03961431553957297,0.060227200452370885,0.2,0.6,0.6,0.14634146341463414,0.6,0.08333333333333333,0.7558441558441559,E1 전체 기간,공정 값 23 + pair_pos,선형,
LDA (shrinkage),9,0.05600482779368161,0.025970981672341666,0.0,0.0,0.2,0.0,0.0,0.0,0.5376623376623377,E1 전체 기간,공정 값 23 + pair_pos,선형,
LDA (shrinkage),10,0.040456302621120384,0.038305687638279406,0.0,0.2,0.6,0.047619047619047616,0.2,0.02702702702702703,0.6649350649350649,E1 전체 기간,공정 값 23 + pair_pos,선형,
LDA (shrinkage),11,0.11439945957202759,0.1123114062423274,0.4,0.6,0.6,0.2222222222222222,0.2,0.25,0.7428571428571429,E1 전체 기간,공정 값 23 + pair_pos,선형,
LDA (shrinkage),12,0.06426051548269823,0.0497645458834809,0.0,0.6,0.6,0.0,0.0,0.0,0.7381974248927039,E1 전체 기간,공정 값 23 + pair_pos,선형,
LDA (shrinkage),13,0.015659745059560817,0.021963240047109985,0.0,0.0,0.2,0.02247191011235955,0.2,0.011904761904761904,0.44242424242424244,E1 전체 기간,공정 값 23 + pair_pos,선형,
LDA (shrinkage),14,0.012478715601344064,0.042591126127711494,0.2,0.2,0.2,0.058823529411764705,0.6,0.030927835051546393,0.6363636363636364,E1 전체 기간,공정 값 23 + pair_pos,선형,
LDA (shrinkage),15,0.011470284003541777,0.04243439091265178,0.2,0.4,0.4,0.06557377049180328,0.8,0.03418803418803419,0.6467532467532467,E1 전체 기간,공정 값 23 + pair_pos,선형,
LDA (shrinkage),16,0.02127221698878369,0.06491609839435927,0.4,0.4,0.4,0.0449438202247191,0.4,0.023809523809523808,0.716017316017316,E1 전체 기간,공정 값 23 + pair_pos,선형,
LDA (shrinkage),17,0.033978690042522686,0.03478414806081708,0.0,0.4,0.4,0.08163265306122448,0.4,0.045454545454545456,0.6317596566523604,E1 전체 기간,공정 값 23 + pair_pos,선형,
LDA (shrinkage),18,0.024637385849203577,0.040689148016734226,0.0,0.4,0.4,0.06060606060606061,0.4,0.03278688524590164,0.6995670995670996,E1 전체 기간,공정 값 23 + pair_pos,선형,
LDA (shrinkage),19,0.058817881737294526,0.047949985634014904,0.2,0.4,0.4,0.125,0.2,0.09090909090909091,0.6675324675324675,E1 전체 기간,공정 값 23 + pair_pos,선형,
LDA (shrinkage),20,0.016865092074675625,0.07768985427662928,0.4,0.4,0.6,0.0784313725490196,0.8,0.041237113402061855,0.7523809523809524,E1 전체 기간,공정 값 23 + pair_pos,선형,
LDA (shrinkage),21,0.1204317349912525,0.026928446880059784,0.0,0.2,0.2,0.0,0.0,0.0,0.5316017316017316,E1 전체 기간,공정 값 23 + pair_pos,선형,
LDA (shrinkage),22,0.04796298393574906,0.02816909866090194,0.0,0.2,0.4,0.0,0.0,0.0,0.5493562231759657,E1 전체 기간,공정 값 23 + pair_pos,선형,
LDA (shrinkage),23,0.00477029068111506,0.08681318681318681,0.4,0.8,0.8,0.05917159763313609,1.0,0.03048780487804878,0.8173160173160173,E1 전체 기간,공정 값 23 + pair_pos,선형,
LDA (shrinkage),24,0.021867920891066643,0.03362514252087241,0.0,0.2,0.4,0.046511627906976744,0.4,0.024691358024691357,0.638095238095238,E1 전체 기간,공정 값 23 + pair_pos,선형,
LDA (shrinkage),25,0.01699132038556368,0.022837363968676604,0.0,0.0,0.2,0.023255813953488372,0.2,0.012345679012345678,0.4649350649350649,E1 전체 기간,공정 값 23 + pair_pos,선형,
LDA (shrinkage),26,0.07111599641576045,0.0406747870865518,0.2,0.2,0.4,0.0,0.0,0.0,0.6874458874458874,E1 전체 기간,공정 값 23 + pair_pos,선형,
LDA (shrinkage),27,0.09425787725976452,0.030186726811907025,0.0,0.2,0.6,0.0,0.0,0.0,0.551931330472103,E1 전체 기간,공정 값 23 + pair_pos,선형,
LDA (shrinkage),28,0.002602103130353647,0.044095775701952736,0.0,0.4,0.6,0.043859649122807015,1.0,0.02242152466367713,0.7281385281385282,E1 전체 기간,공정 값 23 + pair_pos,선형,
LDA (shrinkage),29,0.04224353277703251,0.026607503968017684,0.0,0.0,0.4,0.0,0.0,0.0,0.5463203463203463,E1 전체 기간,공정 값 23 + pair_pos,선형,
LDA (shrinkage),30,0.06748614985654813,0.03562283489145228,0.0,0.2,0.4,0.0,0.0,0.0,0.6554112554112554,E1 전체 기간,공정 값 23 + pair_pos,선형,
LDA (shrinkage),31,0.0658197439448392,0.06009140476882412,0.2,0.4,0.6,0.14285714285714285,0.2,0.1111111111111111,0.7073593073593074,E1 전체 기간,공정 값 23 + pair_pos,선형,
LDA (shrinkage),32,0.07802427493449891,0.08761916470275322,0.4,0.6,0.8,0.0,0.0,0.0,0.7708154506437769,E1 전체 기간,공정 값 23 + pair_pos,선형,
LDA (shrinkage),33,0.05206829963337043,0.03556214076128872,0.0,0.2,0.4,0.0,0.0,0.0,0.658008658008658,E1 전체 기간,공정 값 23 + pair_pos,선형,
LDA (shrinkage),34,0.2089527203511078,0.02225542632459708,0.0,0.2,0.2,0.0,0.0,0.0,0.4199134199134199,E1 전체 기간,공정 값 23 + pair_pos,선형,
LDA (shrinkage),35,0.042866273522948396,0.031170413815575105,0.0,0.0,0.2,0.0,0.0,0.0,0.5965367965367965,E1 전체 기간,공정 값 23 + pair_pos,선형,
LDA (shrinkage),36,0.045338125741156386,0.03327486547670034,0.0,0.2,0.2,0.0,0.0,0.0,0.6294372294372295,E1 전체 기간,공정 값 23 + pair_pos,선형,
LDA (shrinkage),37,0.037171881167884765,0.04006571758038922,0.0,0.2,0.4,0.045454545454545456,0.2,0.02564102564102564,0.6978540772532189,E1 전체 기간,공정 값 23 + pair_pos,선형,
LDA (shrinkage),38,0.05808649166383796,0.022380301893654544,0.0,0.0,0.0,0.0,0.0,0.0,0.43463203463203465,E1 전체 기간,공정 값 23 + pair_pos,선형,
LDA (shrinkage),39,0.010397057125807603,0.03050202832423586,0.0,0.4,0.4,0.038834951456310676,0.4,0.02040816326530612,0.5186147186147186,E1 전체 기간,공정 값 23 + pair_pos,선형,
LDA (shrinkage),40,0.033648341620954966,0.06480277473654958,0.2,0.2,0.4,0.045454545454545456,0.2,0.02564102564102564,0.6917748917748918,E1 전체 기간,공정 값 23 + pair_pos,선형,
LDA (shrinkage),41,0.019142812177688383,0.040417899828012194,0.2,0.4,0.4,0.04395604395604396,0.4,0.023255813953488372,0.6,E1 전체 기간,공정 값 23 + pair_pos,선형,
LDA (shrinkage),42,0.013001668824304109,0.030001439238727372,0.0,0.2,0.4,0.0392156862745098,0.4,0.020618556701030927,0.5793991416309012,E1 전체 기간,공정 값 23 + pair_pos,선형,
LDA (shrinkage),43,0.04601527377138192,0.044698554587566795,0.0,0.4,0.6,0.0,0.0,0.0,0.72987012987013,E1 전체 기간,공정 값 23 + pair_pos,선형,
LDA (shrinkage),44,0.09714417089080703,0.06576871118246991,0.4,0.6,0.6,0.0,0.0,0.0,0.7186147186147186,E1 전체 기간,공정 값 23 + pair_pos,선형,
LDA (shrinkage),45,0.003605324530396735,0.03887387473725234,0.0,0.2,0.6,0.050505050505050504,1.0,0.025906735751295335,0.6658008658008658,E1 전체 기간,공정 값 23 + pair_pos,선형,
LDA (shrinkage),46,0.014848761154756139,0.03181226473246847,0.0,0.0,0.4,0.061855670103092786,0.6,0.03260869565217391,0.6034632034632035,E1 전체 기간,공정 값 23 + pair_pos,선형,
LDA (shrinkage),47,0.025260454840287324,0.05596231863554847,0.2,0.6,0.6,0.0967741935483871,0.6,0.05263157894736842,0.744206008583691,E1 전체 기간,공정 값 23 + pair_pos,선형,
LDA (shrinkage),48,0.013086031335597841,0.02994579159190354,0.2,0.2,0.2,0.036036036036036036,0.4,0.018867924528301886,0.5549783549783549,E1 전체 기간,공정 값 23 + pair_pos,선형,
LDA (shrinkage),49,0.024814985569133332,0.05308751220983572,0.2,0.4,0.4,0.05063291139240506,0.4,0.02702702702702703,0.7125541125541126,E1 전체 기간,공정 값 23 + pair_pos,선형,
나이브 베이즈,0,0.9998198817830592,0.06489699955217196,0.2,0.6,0.8,0.06896551724137931,0.2,0.041666666666666664,0.8086580086580087,E1 전체 기간,공정 값 23 + pair_pos,확률,
나이브 베이즈,1,0.9999996303958615,0.019653963203644438,0.0,0.0,0.0,0.0,0.0,0.0,0.367965367965368,E1 전체 기간,공정 값 23 + pair_pos,확률,
나이브 베이즈,2,0.958184316579522,0.034630478454007865,0.0,0.2,0.4,0.05847953216374269,1.0,0.030120481927710843,0.6489270386266095,E1 전체 기간,공정 값 23 + pair_pos,확률,
나이브 베이즈,3,0.9999709768859769,0.036363354649104486,0.0,0.0,0.6,0.0,0.0,0.0,0.6614718614718615,E1 전체 기간,공정 값 23 + pair_pos,확률,
나이브 베이즈,4,0.999971805221036,0.031340149558401614,0.0,0.0,0.4,0.0,0.0,0.0,0.5774891774891775,E1 전체 기간,공정 값 23 + pair_pos,확률,
나이브 베이즈,5,0.9992786981709191,0.0324601065905083,0.2,0.2,0.4,0.05405405405405406,0.4,0.028985507246376812,0.49177489177489175,E1 전체 기간,공정 값 23 + pair_pos,확률,
나이브 베이즈,6,0.9879907652563197,0.030650089910723655,0.0,0.2,0.2,0.037037037037037035,0.4,0.019417475728155338,0.5515151515151515,E1 전체 기간,공정 값 23 + pair_pos,확률,
나이브 베이즈,7,0.9993525814345927,0.03882609505190353,0.0,0.2,0.4,0.058823529411764705,0.4,0.031746031746031744,0.6927038626609442,E1 전체 기간,공정 값 23 + pair_pos,확률,
나이브 베이즈,8,0.9999999929528887,0.055873617393115374,0.2,0.4,0.6,0.0,0.0,0.0,0.7515151515151515,E1 전체 기간,공정 값 23 + pair_pos,확률,
나이브 베이즈,9,0.9999998692902136,0.038635351165332704,0.2,0.2,0.4,0.0,0.0,0.0,0.6311688311688312,E1 전체 기간,공정 값 23 + pair_pos,확률,
나이브 베이즈,10,0.9996082447864484,0.036121740652161234,0.0,0.2,0.6,0.0392156862745098,0.2,0.021739130434782608,0.6545454545454545,E1 전체 기간,공정 값 23 + pair_pos,확률,
나이브 베이즈,11,0.9997138477327657,0.033657797375264004,0.0,0.0,0.8,0.0,0.0,0.0,0.5878787878787879,E1 전체 기간,공정 값 23 + pair_pos,확률,
나이브 베이즈,12,0.9992099370087573,0.057415010813733444,0.4,0.4,0.6,0.08108108108108109,0.6,0.043478260869565216,0.7175965665236052,E1 전체 기간,공정 값 23 + pair_pos,확률,
나이브 베이즈,13,0.9999999580756311,0.033990022435786235,0.0,0.2,0.4,0.0,0.0,0.0,0.6294372294372295,E1 전체 기간,공정 값 23 + pair_pos,확률,
나이브 베이즈,14,0.9994566085707496,0.05808470244614823,0.2,0.6,0.6,0.1016949152542373,0.6,0.05555555555555555,0.69004329004329,E1 전체 기간,공정 값 23 + pair_pos,확률,
나이브 베이즈,15,0.9999999945642273,0.03196086899029006,0.0,0.2,0.4,0.0,0.0,0.0,0.6164502164502165,E1 전체 기간,공정 값 23 + pair_pos,확률,
나이브 베이즈,16,0.9998032935698011,0.0416309269569561,0.2,0.2,0.6,0.06896551724137931,0.4,0.03773584905660377,0.6779220779220779,E1 전체 기간,공정 값 23 + pair_pos,확률,
나이브 베이즈,17,0.9989514299269038,0.04107958074534161,0.2,0.4,0.4,0.047619047619047616,0.4,0.02531645569620253,0.671244635193133,E1 전체 기간,공정 값 23 + pair_pos,확률,
나이브 베이즈,18,0.9727999463364331,0.038635337630197705,0.2,0.2,0.2,0.05825242718446602,0.6,0.030612244897959183,0.6528138528138528,E1 전체 기간,공정 값 23 + pair_pos,확률,
나이브 베이즈,19,0.9999591464925449,0.04145024635142343,0.0,0.4,0.6,0.0,0.0,0.0,0.6727272727272727,E1 전체 기간,공정 값 23 + pair_pos,확률,
나이브 베이즈,20,0.9999999484920532,0.04229787607292333,0.0,0.2,0.6,0.0,0.0,0.0,0.7246753246753246,E1 전체 기간,공정 값 23 + pair_pos,확률,
나이브 베이즈,21,0.9999549003768254,0.046498443677636905,0.2,0.4,0.4,0.0,0.0,0.0,0.7090909090909092,E1 전체 기간,공정 값 23 + pair_pos,확률,
나이브 베이즈,22,0.9989783685691855,0.04523374867188255,0.0,0.4,0.6,0.06818181818181818,0.6,0.03614457831325301,0.744206008583691,E1 전체 기간,공정 값 23 + pair_pos,확률,
나이브 베이즈,23,0.9951498772075275,0.07470192394262141,0.4,0.6,0.6,0.06956521739130435,0.8,0.03636363636363636,0.7463203463203464,E1 전체 기간,공정 값 23 + pair_pos,확률,
나이브 베이즈,24,0.9999999970096489,0.03131788794591777,0.2,0.2,0.2,0.0,0.0,0.0,0.5116883116883117,E1 전체 기간,공정 값 23 + pair_pos,확률,
나이브 베이즈,25,0.999999971036337,0.029837569837569838,0.0,0.0,0.4,0.0,0.0,0.0,0.6,E1 전체 기간,공정 값 23 + pair_pos,확률,
나이브 베이즈,26,0.9993318604209053,0.033840663518082875,0.0,0.0,0.6,0.08955223880597014,0.6,0.04838709677419355,0.6173160173160173,E1 전체 기간,공정 값 23 + pair_pos,확률,
나이브 베이즈,27,0.9999185229073607,0.03795178819475494,0.0,0.0,0.6,0.0,0.0,0.0,0.6927038626609442,E1 전체 기간,공정 값 23 + pair_pos,확률,
나이브 베이즈,28,0.9999892349634316,0.02873217001708313,0.0,0.2,0.4,0.0,0.0,0.0,0.5272727272727273,E1 전체 기간,공정 값 23 + pair_pos,확률,
나이브 베이즈,29,0.9998730890219483,0.026261791379062167,0.0,0.2,0.4,0.0,0.0,0.0,0.451948051948052,E1 전체 기간,공정 값 23 + pair_pos,확률,
나이브 베이즈,30,0.9999996323752215,0.050303937512320124,0.2,0.2,0.6,0.0,0.0,0.0,0.748917748917749,E1 전체 기간,공정 값 23 + pair_pos,확률,
나이브 베이즈,31,0.9998914840823757,0.04540684995775226,0.0,0.2,0.8,0.0,0.0,0.0,0.6831168831168831,E1 전체 기간,공정 값 23 + pair_pos,확률,
나이브 베이즈,32,0.9999998450894778,0.05205404236679297,0.2,0.4,0.4,0.0,0.0,0.0,0.6944206008583691,E1 전체 기간,공정 값 23 + pair_pos,확률,
나이브 베이즈,33,0.9999664782107648,0.028660534491070554,0.0,0.2,0.4,0.0,0.0,0.0,0.503030303030303,E1 전체 기간,공정 값 23 + pair_pos,확률,
나이브 베이즈,34,0.9999552611222275,0.06112896446229779,0.2,0.2,0.4,0.0,0.0,0.0,0.6510822510822512,E1 전체 기간,공정 값 23 + pair_pos,확률,
나이브 베이즈,35,0.9999363388111449,0.030546367561926264,0.0,0.2,0.4,0.0,0.0,0.0,0.587012987012987,E1 전체 기간,공정 값 23 + pair_pos,확률,
나이브 베이즈,36,0.9154578480620744,0.037412486363221205,0.0,0.4,0.4,0.06666666666666667,0.8,0.034782608695652174,0.6632034632034632,E1 전체 기간,공정 값 23 + pair_pos,확률,
나이브 베이즈,37,0.9993824125846269,0.06513390788620146,0.2,0.4,0.6,0.0759493670886076,0.6,0.04054054054054054,0.7776824034334764,E1 전체 기간,공정 값 23 + pair_pos,확률,
나이브 베이즈,38,0.9997101871445007,0.04707075174567434,0.0,0.2,0.6,0.0,0.0,0.0,0.7541125541125541,E1 전체 기간,공정 값 23 + pair_pos,확률,
나이브 베이즈,39,0.9999542672964298,0.023526467363061757,0.0,0.2,0.2,0.0,0.0,0.0,0.4623376623376623,E1 전체 기간,공정 값 23 + pair_pos,확률,
나이브 베이즈,40,0.9994567710601503,0.03802517985802259,0.2,0.4,0.4,0.057971014492753624,0.4,0.03125,0.4597402597402597,E1 전체 기간,공정 값 23 + pair_pos,확률,
나이브 베이즈,41,0.9997393463746064,0.033094471105972315,0.0,0.0,0.6,0.0,0.0,0.0,0.6225108225108225,E1 전체 기간,공정 값 23 + pair_pos,확률,
나이브 베이즈,42,0.9999999969304216,0.03186842057379223,0.0,0.2,0.4,0.0,0.0,0.0,0.6180257510729614,E1 전체 기간,공정 값 23 + pair_pos,확률,
나이브 베이즈,43,0.9995870229800223,0.06464985994397758,0.2,0.4,0.4,0.038461538461538464,0.2,0.02127659574468085,0.7428571428571429,E1 전체 기간,공정 값 23 + pair_pos,확률,
나이브 베이즈,44,0.9998521263011679,0.2342317167830988,0.2,0.2,0.4,0.08,0.2,0.05,0.7333333333333333,E1 전체 기간,공정 값 23 + pair_pos,확률,
나이브 베이즈,45,0.9853991634790038,0.048037695329361994,0.0,0.4,0.6,0.07246376811594203,1.0,0.03759398496240601,0.7558441558441559,E1 전체 기간,공정 값 23 + pair_pos,확률,
나이브 베이즈,46,0.9995164222536801,0.02940544207737594,0.0,0.0,0.4,0.0,0.0,0.0,0.5896103896103896,E1 전체 기간,공정 값 23 + pair_pos,확률,
나이브 베이즈,47,0.9999937628397914,0.04025081257293867,0.2,0.4,0.4,0.0,0.0,0.0,0.6188841201716738,E1 전체 기간,공정 값 23 + pair_pos,확률,
나이브 베이즈,48,0.9999999680951804,0.027318962455747997,0.0,0.0,0.0,0.0,0.0,0.0,0.5454545454545454,E1 전체 기간,공정 값 23 + pair_pos,확률,
나이브 베이즈,49,0.9965845841489505,0.23992932372505543,0.2,0.4,0.6,0.07407407407407407,0.8,0.038834951456310676,0.7480519480519481,E1 전체 기간,공정 값 23 + pair_pos,확률,
kNN (k=15),0,0.06758601285864647,0.054282931976626425,0.2,0.2,0.4,0.0625,0.2,0.037037037037037035,0.5376623376623377,E1 전체 기간,공정 값 23 + pair_pos,거리,
kNN (k=15),1,0.07344221581677288,0.026220632344905227,0.0,0.2,0.2,0.0,0.0,0.0,0.458008658008658,E1 전체 기간,공정 값 23 + pair_pos,거리,
kNN (k=15),2,0.07402199072833274,0.03911920859235546,0.2,0.4,0.4,0.0,0.0,0.0,0.5313304721030043,E1 전체 기간,공정 값 23 + pair_pos,거리,
kNN (k=15),3,0.058736537277655564,0.02164896440530156,0.0,0.0,0.0,0.0,0.0,0.0,0.4458874458874459,E1 전체 기간,공정 값 23 + pair_pos,거리,
kNN (k=15),4,0.07938741948622745,0.03714744546692739,0.0,0.2,0.6,0.0,0.0,0.0,0.6008658008658008,E1 전체 기간,공정 값 23 + pair_pos,거리,
kNN (k=15),5,0.0,0.09284195336826916,0.6,0.6,0.6,0.04149377593360996,1.0,0.0211864406779661,0.8303030303030303,E1 전체 기간,공정 값 23 + pair_pos,거리,
kNN (k=15),6,0.07055127486294291,0.026288560276076848,0.2,0.2,0.2,0.06451612903225806,0.2,0.038461538461538464,0.4112554112554112,E1 전체 기간,공정 값 23 + pair_pos,거리,
kNN (k=15),7,0.08363018975519158,0.03402816811661132,0.0,0.2,0.4,0.0,0.0,0.0,0.6197424892703862,E1 전체 기간,공정 값 23 + pair_pos,거리,
kNN (k=15),8,0.0704583251897376,0.056248840465161876,0.2,0.4,0.6,0.09090909090909091,0.2,0.058823529411764705,0.7350649350649351,E1 전체 기간,공정 값 23 + pair_pos,거리,
kNN (k=15),9,0.06876198808643161,0.022341885917228382,0.0,0.2,0.2,0.047619047619047616,0.2,0.02702702702702703,0.3645021645021645,E1 전체 기간,공정 값 23 + pair_pos,거리,
kNN (k=15),10,0.0699995103771615,0.032400058277283074,0.0,0.2,0.4,0.0,0.0,0.0,0.5878787878787879,E1 전체 기간,공정 값 23 + pair_pos,거리,
kNN (k=15),11,0.07433927368996901,0.039927759881517685,0.0,0.2,0.4,0.0,0.0,0.0,0.6857142857142857,E1 전체 기간,공정 값 23 + pair_pos,거리,
kNN (k=15),12,0.0716570209350357,0.04478769008658762,0.4,0.4,0.4,0.14285714285714285,0.4,0.08695652173913043,0.5364806866952789,E1 전체 기간,공정 값 23 + pair_pos,거리,
kNN (k=15),13,0.19073223573191833,0.025651517897349718,0.0,0.2,0.2,0.0,0.0,0.0,0.48571428571428577,E1 전체 기간,공정 값 23 + pair_pos,거리,
kNN (k=15),14,0.062019233666358344,0.05207518721928341,0.2,0.2,0.2,0.043478260869565216,0.2,0.024390243902439025,0.5982683982683983,E1 전체 기간,공정 값 23 + pair_pos,거리,
kNN (k=15),15,0.06952211355166116,0.03505742565136096,0.0,0.2,0.4,0.05405405405405406,0.2,0.03125,0.6216450216450218,E1 전체 기간,공정 값 23 + pair_pos,거리,
kNN (k=15),16,0.12620428264013372,0.06830610697546181,0.2,0.6,0.8,0.0,0.0,0.0,0.8103896103896104,E1 전체 기간,공정 값 23 + pair_pos,거리,
kNN (k=15),17,0.05866891460445428,0.06262049984416891,0.4,0.4,0.4,0.07317073170731707,0.6,0.03896103896103896,0.7476394849785407,E1 전체 기간,공정 값 23 + pair_pos,거리,
kNN (k=15),18,0.06364651351561545,0.03615412588787202,0.2,0.2,0.2,0.06060606060606061,0.2,0.03571428571428571,0.5844155844155845,E1 전체 기간,공정 값 23 + pair_pos,거리,
kNN (k=15),19,0.07227405043568692,0.032113208077287715,0.0,0.2,0.4,0.0,0.0,0.0,0.5774891774891775,E1 전체 기간,공정 값 23 + pair_pos,거리,
kNN (k=15),20,0.19534068061156884,0.04590800624037618,0.2,0.4,0.4,0.0,0.0,0.0,0.5991341991341992,E1 전체 기간,공정 값 23 + pair_pos,거리,
kNN (k=15),21,0.06565228299144397,0.04635502243043605,0.2,0.4,0.4,0.1111111111111111,0.4,0.06451612903225806,0.4675324675324676,E1 전체 기간,공정 값 23 + pair_pos,거리,
kNN (k=15),22,0.07505196443187467,0.060576441102756895,0.4,0.6,0.8,0.0,0.0,0.0,0.6909871244635193,E1 전체 기간,공정 값 23 + pair_pos,거리,
kNN (k=15),23,0.06976981089455044,0.03228785367318528,0.2,0.2,0.2,0.07692307692307693,0.2,0.047619047619047616,0.5411255411255411,E1 전체 기간,공정 값 23 + pair_pos,거리,
kNN (k=15),24,0.07321271666973206,0.020472166176276126,0.0,0.2,0.2,0.0,0.0,0.0,0.35757575757575755,E1 전체 기간,공정 값 23 + pair_pos,거리,
kNN (k=15),25,0.07034851113026917,0.03049295601041552,0.2,0.2,0.2,0.04878048780487805,0.2,0.027777777777777776,0.5480519480519481,E1 전체 기간,공정 값 23 + pair_pos,거리,
kNN (k=15),26,0.060869615839576126,0.019249249726139922,0.0,0.0,0.0,0.0,0.0,0.0,0.3774891774891775,E1 전체 기간,공정 값 23 + pair_pos,거리,
kNN (k=15),27,0.06550102260857824,0.03507744720777112,0.2,0.2,0.4,0.05,0.2,0.02857142857142857,0.5605150214592275,E1 전체 기간,공정 값 23 + pair_pos,거리,
kNN (k=15),28,0.0737580484484795,0.020698389872974045,0.0,0.0,0.2,0.0,0.0,0.0,0.4112554112554113,E1 전체 기간,공정 값 23 + pair_pos,거리,
kNN (k=15),29,0.07536936220972816,0.015295097337209622,0.0,0.0,0.0,0.0,0.0,0.0,0.2121212121212121,E1 전체 기간,공정 값 23 + pair_pos,거리,
kNN (k=15),30,0.0674642122993194,0.05971309041355145,0.2,0.6,0.8,0.11764705882352941,0.4,0.06896551724137931,0.7082251082251082,E1 전체 기간,공정 값 23 + pair_pos,거리,
kNN (k=15),31,0.062385821320432765,0.024392592931325327,0.0,0.0,0.4,0.0,0.0,0.0,0.4502164502164502,E1 전체 기간,공정 값 23 + pair_pos,거리,
kNN (k=15),32,0.0712069970171706,0.031228608271381002,0.0,0.2,0.2,0.06666666666666667,0.2,0.04,0.567381974248927,E1 전체 기간,공정 값 23 + pair_pos,거리,
kNN (k=15),33,0.13082473272408784,0.02113014414583457,0.0,0.2,0.2,0.0,0.0,0.0,0.33246753246753247,E1 전체 기간,공정 값 23 + pair_pos,거리,
kNN (k=15),34,0.07126658624622222,0.029774227595974763,0.2,0.2,0.2,0.06896551724137931,0.2,0.041666666666666664,0.5116883116883117,E1 전체 기간,공정 값 23 + pair_pos,거리,
kNN (k=15),35,0.07324797094879579,0.01928438944567977,0.0,0.0,0.0,0.0,0.0,0.0,0.37316017316017325,E1 전체 기간,공정 값 23 + pair_pos,거리,
kNN (k=15),36,0.071513093068935,0.027908229096007306,0.0,0.2,0.2,0.0,0.0,0.0,0.5523809523809524,E1 전체 기간,공정 값 23 + pair_pos,거리,
kNN (k=15),37,0.07353740509963137,0.031954802740473735,0.2,0.4,0.4,0.0,0.0,0.0,0.4412017167381974,E1 전체 기간,공정 값 23 + pair_pos,거리,
kNN (k=15),38,0.0,0.05454425552200858,0.2,0.6,0.6,0.04149377593360996,1.0,0.0211864406779661,0.683982683982684,E1 전체 기간,공정 값 23 + pair_pos,거리,
kNN (k=15),39,0.07510001436018436,0.027991960383527453,0.0,0.2,0.2,0.0,0.0,0.0,0.5220779220779221,E1 전체 기간,공정 값 23 + pair_pos,거리,
kNN (k=15),40,0.0,0.059177631074663374,0.4,0.4,0.6,0.04149377593360996,1.0,0.0211864406779661,0.6952380952380952,E1 전체 기간,공정 값 23 + pair_pos,거리,
kNN (k=15),41,0.06278129860319336,0.040452759267353006,0.2,0.4,0.6,0.07142857142857142,0.4,0.0392156862745098,0.5393939393939394,E1 전체 기간,공정 값 23 + pair_pos,거리,
kNN (k=15),42,0.14665675564686761,0.022160949198892894,0.0,0.2,0.2,0.0,0.0,0.0,0.3613733905579399,E1 전체 기간,공정 값 23 + pair_pos,거리,
kNN (k=15),43,0.07349785740466501,0.032699112957291915,0.2,0.2,0.2,0.08333333333333333,0.2,0.05263157894736842,0.4441558441558442,E1 전체 기간,공정 값 23 + pair_pos,거리,
kNN (k=15),44,0.2012968987146233,0.05178161460751873,0.2,0.4,0.6,0.0,0.0,0.0,0.7445887445887446,E1 전체 기간,공정 값 23 + pair_pos,거리,
kNN (k=15),45,0.0882453140721713,0.025152036947154666,0.0,0.2,0.2,0.0,0.0,0.0,0.4181818181818182,E1 전체 기간,공정 값 23 + pair_pos,거리,
kNN (k=15),46,0.07113559323182203,0.028240811837369182,0.2,0.2,0.2,0.0,0.0,0.0,0.496969696969697,E1 전체 기간,공정 값 23 + pair_pos,거리,
kNN (k=15),47,0.0,0.0585530975958746,0.4,0.4,0.8,0.0411522633744856,1.0,0.02100840336134454,0.7527896995708154,E1 전체 기간,공정 값 23 + pair_pos,거리,
kNN (k=15),48,0.07004176750668051,0.01459186116349788,0.0,0.0,0.0,0.0,0.0,0.0,0.17142857142857146,E1 전체 기간,공정 값 23 + pair_pos,거리,
kNN (k=15),49,0.07129423685680196,0.03809001861614211,0.2,0.2,0.6,0.06451612903225806,0.2,0.038461538461538464,0.638095238095238,E1 전체 기간,공정 값 23 + pair_pos,거리,
SVM 선형,0,1.685426157042257,0.04845705538242852,0.2,0.4,0.6,0.0,0.0,0.0,0.7073593073593074,E1 전체 기간,공정 값 23 + pair_pos,커널,
SVM 선형,1,0.872658902822887,0.024737457760510128,0.0,0.0,0.0,0.0,0.0,0.0,0.5134199134199134,E1 전체 기간,공정 값 23 + pair_pos,커널,
SVM 선형,2,1.2040884489536858,0.020232426303854877,0.0,0.0,0.0,0.0,0.0,0.0,0.40600858369098713,E1 전체 기간,공정 값 23 + pair_pos,커널,
SVM 선형,3,-0.23744375921992944,0.060558209906036,0.4,0.4,0.8,0.09523809523809523,1.0,0.05,0.7904761904761906,E1 전체 기간,공정 값 23 + pair_pos,커널,
SVM 선형,4,1.3273820751267693,0.07324991218826835,0.2,0.8,0.8,0.08695652173913043,0.2,0.05555555555555555,0.8346320346320346,E1 전체 기간,공정 값 23 + pair_pos,커널,
SVM 선형,5,0.0514826101046979,0.03586522870110008,0.0,0.2,0.2,0.06896551724137931,0.6,0.036585365853658534,0.6701298701298701,E1 전체 기간,공정 값 23 + pair_pos,커널,
SVM 선형,6,-0.3017362203843461,0.028447423341040362,0.0,0.2,0.4,0.043478260869565216,0.4,0.022988505747126436,0.5610389610389611,E1 전체 기간,공정 값 23 + pair_pos,커널,
SVM 선형,7,2.229178042390525,0.04991863759421274,0.2,0.2,0.2,0.0,0.0,0.0,0.6660944206008583,E1 전체 기간,공정 값 23 + pair_pos,커널,
SVM 선형,8,1.4992335070203948,0.03979468115481072,0.2,0.2,0.4,0.06896551724137931,0.2,0.041666666666666664,0.6865800865800866,E1 전체 기간,공정 값 23 + pair_pos,커널,
SVM 선형,9,1.661256199021213,0.027255896339088186,0.0,0.2,0.2,0.0,0.0,0.0,0.5272727272727273,E1 전체 기간,공정 값 23 + pair_pos,커널,
SVM 선형,10,1.2979263353985369,0.037923442698056094,0.2,0.2,0.2,0.06451612903225806,0.2,0.038461538461538464,0.6519480519480519,E1 전체 기간,공정 값 23 + pair_pos,커널,
SVM 선형,11,1.724945789784627,0.09503421309872924,0.4,0.8,0.8,0.1,0.2,0.06666666666666667,0.800865800865801,E1 전체 기간,공정 값 23 + pair_pos,커널,
SVM 선형,12,1.1021882804600862,0.04320670976613149,0.0,0.4,0.8,0.0,0.0,0.0,0.7253218884120172,E1 전체 기간,공정 값 23 + pair_pos,커널,
SVM 선형,13,0.05993344747014939,0.023060150399807,0.0,0.0,0.2,0.028169014084507043,0.2,0.015151515151515152,0.4779220779220779,E1 전체 기간,공정 값 23 + pair_pos,커널,
SVM 선형,14,2.3959219582362343,0.02885260346666865,0.0,0.2,0.2,0.0,0.0,0.0,0.5662337662337662,E1 전체 기간,공정 값 23 + pair_pos,커널,
SVM 선형,15,-0.4627320473872174,0.0698008402902821,0.4,0.6,0.6,0.07207207207207207,0.8,0.03773584905660377,0.7515151515151515,E1 전체 기간,공정 값 23 + pair_pos,커널,
SVM 선형,16,1.6219299148582267,0.043696104703553736,0.2,0.4,0.4,0.06451612903225806,0.2,0.038461538461538464,0.6770562770562771,E1 전체 기간,공정 값 23 + pair_pos,커널,
SVM 선형,17,2.045047042935713,0.03922792869269949,0.0,0.2,0.6,0.0,0.0,0.0,0.6798283261802575,E1 전체 기간,공정 값 23 + pair_pos,커널,
SVM 선형,18,0.7161055849389575,0.038856962612259585,0.0,0.2,0.6,0.03636363636363636,0.2,0.02,0.6718614718614719,E1 전체 기간,공정 값 23 + pair_pos,커널,
SVM 선형,19,0.04628847879251863,0.08914836902502937,0.2,0.4,0.6,0.07692307692307693,0.6,0.0410958904109589,0.7471861471861473,E1 전체 기간,공정 값 23 + pair_pos,커널,
SVM 선형,20,0.6758880716827524,0.05976637652042256,0.2,0.6,0.6,0.09836065573770492,0.6,0.05357142857142857,0.7783549783549784,E1 전체 기간,공정 값 23 + pair_pos,커널,
SVM 선형,21,2.2967442845332173,0.02279497098646035,0.0,0.0,0.0,0.0,0.0,0.0,0.47792207792207797,E1 전체 기간,공정 값 23 + pair_pos,커널,
SVM 선형,22,2.155367780616859,0.03323567419693675,0.0,0.2,0.4,0.0,0.0,0.0,0.6369098712446353,E1 전체 기간,공정 값 23 + pair_pos,커널,
SVM 선형,23,1.4736444930856107,0.06677937915742793,0.2,0.8,0.8,0.0,0.0,0.0,0.7627705627705629,E1 전체 기간,공정 값 23 + pair_pos,커널,
SVM 선형,24,-0.08510273072031893,0.04301576884513718,0.2,0.2,0.2,0.041666666666666664,0.4,0.02197802197802198,0.6424242424242425,E1 전체 기간,공정 값 23 + pair_pos,커널,
SVM 선형,25,1.1138894349514046,0.025101032889402176,0.0,0.0,0.4,0.0,0.0,0.0,0.5021645021645023,E1 전체 기간,공정 값 23 + pair_pos,커널,
SVM 선형,26,2.1268095096262236,0.04800076681236101,0.0,0.4,0.6,0.0,0.0,0.0,0.716017316017316,E1 전체 기간,공정 값 23 + pair_pos,커널,
SVM 선형,27,1.3564537166093322,0.029425756715975186,0.0,0.2,0.2,0.0,0.0,0.0,0.5768240343347639,E1 전체 기간,공정 값 23 + pair_pos,커널,
SVM 선형,28,-2.93445111160561,0.04715804385596663,0.2,0.4,0.6,0.043668122270742356,1.0,0.022321428571428572,0.7428571428571428,E1 전체 기간,공정 값 23 + pair_pos,커널,
SVM 선형,29,1.984684431293085,0.030868505349588876,0.0,0.2,0.4,0.0,0.0,0.0,0.5800865800865801,E1 전체 기간,공정 값 23 + pair_pos,커널,
SVM 선형,30,2.386211267989593,0.0679219438971761,0.2,0.4,0.4,0.0,0.0,0.0,0.7437229437229438,E1 전체 기간,공정 값 23 + pair_pos,커널,
SVM 선형,31,-1.3064774065285158,0.1283644287743387,0.2,0.4,0.4,0.056338028169014086,0.8,0.029197080291970802,0.6571428571428571,E1 전체 기간,공정 값 23 + pair_pos,커널,
SVM 선형,32,-0.6099708344703134,0.06450682327964274,0.2,0.4,0.8,0.06451612903225806,0.8,0.03361344537815126,0.744206008583691,E1 전체 기간,공정 값 23 + pair_pos,커널,
SVM 선형,33,1.230344252399018,0.0346365587798675,0.0,0.2,0.4,0.0,0.0,0.0,0.658008658008658,E1 전체 기간,공정 값 23 + pair_pos,커널,
SVM 선형,34,-0.6888330130206182,0.027993120814080265,0.0,0.2,0.2,0.019417475728155338,0.2,0.01020408163265306,0.5177489177489177,E1 전체 기간,공정 값 23 + pair_pos,커널,
SVM 선형,35,2.957551236020858,0.04715220698452405,0.0,0.6,0.6,0.0,0.0,0.0,0.6779220779220779,E1 전체 기간,공정 값 23 + pair_pos,커널,
SVM 선형,36,-0.4080881694990195,0.03388271145085175,0.0,0.2,0.4,0.043010752688172046,0.4,0.022727272727272728,0.645021645021645,E1 전체 기간,공정 값 23 + pair_pos,커널,
SVM 선형,37,2.4742517510620075,0.0591756846944778,0.0,0.4,0.8,0.0,0.0,0.0,0.8060085836909872,E1 전체 기간,공정 값 23 + pair_pos,커널,
SVM 선형,38,0.3117117116008814,0.025562764432435076,0.0,0.0,0.2,0.0,0.0,0.0,0.5359307359307359,E1 전체 기간,공정 값 23 + pair_pos,커널,
SVM 선형,39,0.9054110166878293,0.029479334775162947,0.0,0.2,0.4,0.05555555555555555,0.2,0.03225806451612903,0.5151515151515151,E1 전체 기간,공정 값 23 + pair_pos,커널,
SVM 선형,40,0.28610060443705665,0.04692655543427413,0.2,0.2,0.4,0.05555555555555555,0.4,0.029850746268656716,0.6658008658008658,E1 전체 기간,공정 값 23 + pair_pos,커널,
SVM 선형,41,0.39188746656370677,0.04498077491866312,0.2,0.4,0.4,0.0547945205479452,0.4,0.029411764705882353,0.6190476190476191,E1 전체 기간,공정 값 23 + pair_pos,커널,
SVM 선형,42,0.9190074608110611,0.029054490080845253,0.0,0.2,0.2,0.0,0.0,0.0,0.582832618025751,E1 전체 기간,공정 값 23 + pair_pos,커널,
SVM 선형,43,2.117683190664286,0.04187315883291115,0.0,0.0,0.6,0.0,0.0,0.0,0.7203463203463203,E1 전체 기간,공정 값 23 + pair_pos,커널,
SVM 선형,44,1.8984989053086538,0.05633392290108708,0.2,0.4,0.8,0.0,0.0,0.0,0.7619047619047619,E1 전체 기간,공정 값 23 + pair_pos,커널,
SVM 선형,45,-1.2671931150236357,0.039416612387770396,0.0,0.4,0.6,0.05755395683453238,0.8,0.029850746268656716,0.6718614718614718,E1 전체 기간,공정 값 23 + pair_pos,커널,
SVM 선형,46,-0.49750105847523907,0.0309779961405904,0.0,0.2,0.2,0.05357142857142857,0.6,0.028037383177570093,0.6060606060606061,E1 전체 기간,공정 값 23 + pair_pos,커널,
SVM 선형,47,0.8219262912831442,0.04915121604197235,0.2,0.4,0.6,0.10714285714285714,0.6,0.058823529411764705,0.6798283261802576,E1 전체 기간,공정 값 23 + pair_pos,커널,
SVM 선형,48,0.6651578397554871,0.03299236427578901,0.2,0.2,0.2,0.03508771929824561,0.2,0.019230769230769232,0.5956709956709957,E1 전체 기간,공정 값 23 + pair_pos,커널,
SVM 선형,49,1.9053435761865678,0.044697596894204335,0.0,0.4,0.6,0.0,0.0,0.0,0.7272727272727273,E1 전체 기간,공정 값 23 + pair_pos,커널,
SVM RBF,0,-0.7402677826717308,0.0728378376251214,0.2,0.6,0.8,0.10714285714285714,0.6,0.058823529411764705,0.8199134199134199,E1 전체 기간,공정 값 23 + pair_pos,커널,
SVM RBF,1,0.26404306720773363,0.024988510530390327,0.0,0.2,0.2,0.0,0.0,0.0,0.5073593073593073,E1 전체 기간,공정 값 23 + pair_pos,커널,
SVM RBF,2,0.05913755147726518,0.023533236489615934,0.0,0.0,0.2,0.0,0.0,0.0,0.4858369098712446,E1 전체 기간,공정 값 23 + pair_pos,커널,
SVM RBF,3,-0.757719979509255,0.04591141495338415,0.2,0.4,0.6,0.07547169811320754,0.4,0.041666666666666664,0.6995670995670995,E1 전체 기간,공정 값 23 + pair_pos,커널,
SVM RBF,4,-0.29882807437793035,0.03936954899860652,0.0,0.4,0.4,0.0,0.0,0.0,0.6822510822510822,E1 전체 기간,공정 값 23 + pair_pos,커널,
SVM RBF,5,-2.067494507912277,0.2603554175293306,0.4,0.6,0.8,0.046948356807511735,1.0,0.02403846153846154,0.7575757575757576,E1 전체 기간,공정 값 23 + pair_pos,커널,
SVM RBF,6,-1.1839951600490206,0.041886353601124394,0.2,0.4,0.6,0.06451612903225806,0.6,0.03409090909090909,0.6320346320346321,E1 전체 기간,공정 값 23 + pair_pos,커널,
SVM RBF,7,-0.060324818057348795,0.03801292932400753,0.0,0.2,0.4,0.0,0.0,0.0,0.6824034334763949,E1 전체 기간,공정 값 23 + pair_pos,커널,
SVM RBF,8,-0.8502581283916039,0.04567330183658486,0.2,0.2,0.6,0.06557377049180328,0.4,0.03571428571428571,0.6649350649350649,E1 전체 기간,공정 값 23 + pair_pos,커널,
SVM RBF,9,0.1827123091337084,0.04032719417334802,0.2,0.2,0.2,0.0,0.0,0.0,0.5913419913419913,E1 전체 기간,공정 값 23 + pair_pos,커널,
SVM RBF,10,-0.6828895842664149,0.033974956478199744,0.0,0.2,0.4,0.05,0.2,0.02857142857142857,0.645887445887446,E1 전체 기간,공정 값 23 + pair_pos,커널,
SVM RBF,11,-0.1519684155530392,0.03701923076923077,0.0,0.2,0.2,0.0,0.0,0.0,0.677056277056277,E1 전체 기간,공정 값 23 + pair_pos,커널,
SVM RBF,12,-1.1251635249331744,0.10136069766687746,0.4,0.6,0.6,0.06451612903225806,0.6,0.03409090909090909,0.7227467811158799,E1 전체 기간,공정 값 23 + pair_pos,커널,
SVM RBF,13,-0.7268605949620541,0.024636500341763498,0.0,0.0,0.2,0.028169014084507043,0.2,0.015151515151515152,0.5134199134199134,E1 전체 기간,공정 값 23 + pair_pos,커널,
SVM RBF,14,-1.2373031390933311,0.056033512174800584,0.4,0.6,0.6,0.06451612903225806,0.6,0.03409090909090909,0.6216450216450217,E1 전체 기간,공정 값 23 + pair_pos,커널,
SVM RBF,15,-0.710092325465691,0.0627222666591646,0.2,0.4,0.6,0.09230769230769231,0.6,0.05,0.6787878787878788,E1 전체 기간,공정 값 23 + pair_pos,커널,
SVM RBF,16,-0.7342970235303086,0.0528073606610192,0.2,0.2,0.4,0.058823529411764705,0.4,0.031746031746031744,0.6883116883116883,E1 전체 기간,공정 값 23 + pair_pos,커널,
SVM RBF,17,-0.3932256257312927,0.08737654320987656,0.4,0.4,0.6,0.09302325581395349,0.4,0.05263157894736842,0.7381974248927039,E1 전체 기간,공정 값 23 + pair_pos,커널,
SVM RBF,18,-0.01689597272511123,0.035973290688168034,0.0,0.2,0.2,0.0,0.0,0.0,0.6735930735930736,E1 전체 기간,공정 값 23 + pair_pos,커널,
SVM RBF,19,-0.41911049584837445,0.045097591261186995,0.0,0.2,0.6,0.0,0.0,0.0,0.7359307359307359,E1 전체 기간,공정 값 23 + pair_pos,커널,
SVM RBF,20,-0.4998701062263815,0.07757727652464494,0.2,0.6,0.8,0.0851063829787234,0.4,0.047619047619047616,0.8051948051948052,E1 전체 기간,공정 값 23 + pair_pos,커널,
SVM RBF,21,-1.0345800341829492,0.06633207104221596,0.4,0.4,0.4,0.05128205128205128,0.4,0.0273972602739726,0.5818181818181818,E1 전체 기간,공정 값 23 + pair_pos,커널,
SVM RBF,22,0.19186777301480462,0.04718033711545766,0.2,0.4,0.4,0.0,0.0,0.0,0.686695278969957,E1 전체 기간,공정 값 23 + pair_pos,커널,
SVM RBF,23,-0.7079637300172898,0.06652366106301912,0.4,0.4,0.4,0.08,0.4,0.044444444444444446,0.7125541125541126,E1 전체 기간,공정 값 23 + pair_pos,커널,
SVM RBF,24,-0.31096851719734975,0.024809303030041446,0.0,0.0,0.2,0.0,0.0,0.0,0.516017316017316,E1 전체 기간,공정 값 23 + pair_pos,커널,
SVM RBF,25,0.13140781609395336,0.02740629572752985,0.0,0.0,0.0,0.0,0.0,0.0,0.5497835497835498,E1 전체 기간,공정 값 23 + pair_pos,커널,
SVM RBF,26,-1.1487268695413406,0.055230126142592116,0.2,0.2,0.6,0.06521739130434782,0.6,0.034482758620689655,0.7151515151515151,E1 전체 기간,공정 값 23 + pair_pos,커널,
SVM RBF,27,-0.08027678686260153,0.0363913176606675,0.2,0.2,0.4,0.0,0.0,0.0,0.6180257510729614,E1 전체 기간,공정 값 23 + pair_pos,커널,
SVM RBF,28,-2.044398935516637,0.031600008139834754,0.0,0.2,0.4,0.045871559633027525,1.0,0.023474178403755867,0.5792207792207793,E1 전체 기간,공정 값 23 + pair_pos,커널,
SVM RBF,29,-0.02897850417107084,0.0272717862946807,0.0,0.0,0.2,0.0,0.0,0.0,0.5532467532467533,E1 전체 기간,공정 값 23 + pair_pos,커널,
SVM RBF,30,-0.15426351058144738,0.08184393474454327,0.2,0.8,1.0,0.0,0.0,0.0,0.858008658008658,E1 전체 기간,공정 값 23 + pair_pos,커널,
SVM RBF,31,0.5665053416101451,0.04148305978543302,0.0,0.4,0.4,0.0,0.0,0.0,0.6701298701298701,E1 전체 기간,공정 값 23 + pair_pos,커널,
SVM RBF,32,-0.6451156329102363,0.09390183985622487,0.2,0.2,0.4,0.0392156862745098,0.2,0.021739130434782608,0.6540772532188841,E1 전체 기간,공정 값 23 + pair_pos,커널,
SVM RBF,33,-0.024410596965073195,0.03772254105796977,0.0,0.4,0.6,0.0,0.0,0.0,0.6268398268398269,E1 전체 기간,공정 값 23 + pair_pos,커널,
SVM RBF,34,-0.4211817008481633,0.044642334177566564,0.2,0.4,0.4,0.08333333333333333,0.2,0.05263157894736842,0.5800865800865801,E1 전체 기간,공정 값 23 + pair_pos,커널,
SVM RBF,35,-0.20709743800789648,0.03604349464797226,0.0,0.2,0.4,0.0,0.0,0.0,0.6632034632034632,E1 전체 기간,공정 값 23 + pair_pos,커널,
SVM RBF,36,-0.10298789818037335,0.043488649940262844,0.0,0.2,0.6,0.0,0.0,0.0,0.7272727272727273,E1 전체 기간,공정 값 23 + pair_pos,커널,
SVM RBF,37,-0.7904819139304382,0.05608314812372957,0.2,0.6,0.6,0.09090909090909091,0.6,0.04918032786885246,0.7201716738197426,E1 전체 기간,공정 값 23 + pair_pos,커널,
SVM RBF,38,-0.7027329228739114,0.04397632699510408,0.2,0.2,0.8,0.03225806451612903,0.2,0.017543859649122806,0.6865800865800866,E1 전체 기간,공정 값 23 + pair_pos,커널,
SVM RBF,39,-0.29390229362501064,0.023877994004183743,0.0,0.0,0.2,0.0,0.0,0.0,0.48311688311688317,E1 전체 기간,공정 값 23 + pair_pos,커널,
SVM RBF,40,-1.3261382930237908,0.06782179199154223,0.2,0.4,0.4,0.05263157894736842,0.6,0.027522935779816515,0.6320346320346321,E1 전체 기간,공정 값 23 + pair_pos,커널,
SVM RBF,41,-0.7337819864894409,0.0628183752939099,0.2,0.4,0.4,0.06896551724137931,0.4,0.03773584905660377,0.7567099567099567,E1 전체 기간,공정 값 23 + pair_pos,커널,
SVM RBF,42,0.3884928878096412,0.03448011664899257,0.2,0.2,0.2,0.0,0.0,0.0,0.6291845493562231,E1 전체 기간,공정 값 23 + pair_pos,커널,
SVM RBF,43,-0.21939432276695836,0.06136603636603637,0.4,0.4,0.4,0.1111111111111111,0.2,0.07692307692307693,0.6727272727272727,E1 전체 기간,공정 값 23 + pair_pos,커널,
SVM RBF,44,-0.2333730241786729,0.13613919535958519,0.2,0.4,0.4,0.07692307692307693,0.2,0.047619047619047616,0.7064935064935065,E1 전체 기간,공정 값 23 + pair_pos,커널,
SVM RBF,45,-0.03851651068875994,0.04156816390858944,0.2,0.4,0.4,0.0,0.0,0.0,0.6580086580086579,E1 전체 기간,공정 값 23 + pair_pos,커널,
SVM RBF,46,0.25390962697563735,0.029533565228736326,0.0,0.2,0.2,0.0,0.0,0.0,0.587012987012987,E1 전체 기간,공정 값 23 + pair_pos,커널,
SVM RBF,47,-0.7905047570053063,0.03849617460283058,0.0,0.4,0.6,0.08163265306122448,0.4,0.045454545454545456,0.6669527896995708,E1 전체 기간,공정 값 23 + pair_pos,커널,
SVM RBF,48,-0.5146033434400108,0.027114073618428894,0.2,0.2,0.2,0.044444444444444446,0.2,0.025,0.4415584415584416,E1 전체 기간,공정 값 23 + pair_pos,커널,
SVM RBF,49,-0.49521451758154966,0.09395502645502646,0.4,0.4,0.4,0.08333333333333333,0.4,0.046511627906976744,0.7341991341991343,E1 전체 기간,공정 값 23 + pair_pos,커널,
MLP,0,0.0097300901622046,0.061514647381253555,0.4,0.4,0.6,0.0,0.0,0.0,0.7757575757575758,E1 전체 기간,공정 값 23 + pair_pos,신경망,
MLP,1,0.0005049441445896067,0.029691563808949314,0.0,0.2,0.6,0.0392156862745098,0.2,0.021739130434782608,0.561038961038961,E1 전체 기간,공정 값 23 + pair_pos,신경망,
MLP,2,0.08942232040519037,0.03736739593428002,0.0,0.2,0.4,0.0,0.0,0.0,0.6824034334763948,E1 전체 기간,공정 값 23 + pair_pos,신경망,
MLP,3,0.0015882223959725384,0.052145721826572886,0.2,0.6,0.6,0.05405405405405406,0.2,0.03125,0.6839826839826839,E1 전체 기간,공정 값 23 + pair_pos,신경망,
MLP,4,4.567462463030403e-05,0.04874546202407139,0.0,0.4,0.6,0.08695652173913043,0.8,0.04597701149425287,0.7506493506493506,E1 전체 기간,공정 값 23 + pair_pos,신경망,
MLP,5,4.907238057135769e-06,0.13466386554621848,0.4,0.6,0.8,0.0625,0.8,0.032520325203252036,0.7809523809523811,E1 전체 기간,공정 값 23 + pair_pos,신경망,
MLP,6,0.0003331263646284323,0.0353515097040514,0.0,0.2,0.4,0.04,0.2,0.022222222222222223,0.6346320346320347,E1 전체 기간,공정 값 23 + pair_pos,신경망,
MLP,7,1.0434094233490153e-06,0.08039560403686448,0.2,0.4,0.4,0.06201550387596899,0.8,0.03225806451612903,0.7313304721030043,E1 전체 기간,공정 값 23 + pair_pos,신경망,
MLP,8,0.0018220321681268446,0.040350477996777476,0.0,0.4,0.4,0.0,0.0,0.0,0.6675324675324675,E1 전체 기간,공정 값 23 + pair_pos,신경망,
MLP,9,0.007257525147541168,0.03373172889264843,0.0,0.0,0.6,0.0,0.0,0.0,0.6303030303030304,E1 전체 기간,공정 값 23 + pair_pos,신경망,
MLP,10,0.005436186493041363,0.040194374825953776,0.0,0.4,0.4,0.0,0.0,0.0,0.6943722943722944,E1 전체 기간,공정 값 23 + pair_pos,신경망,
MLP,11,0.015782907953875894,0.06215962441314554,0.4,0.4,0.6,0.1,0.2,0.06666666666666667,0.7108225108225108,E1 전체 기간,공정 값 23 + pair_pos,신경망,
MLP,12,0.00038961429659749357,0.08878442173700794,0.4,0.4,0.4,0.06896551724137931,0.4,0.03773584905660377,0.6686695278969957,E1 전체 기간,공정 값 23 + pair_pos,신경망,
MLP,13,0.0025133541793166325,0.030107236696772295,0.0,0.2,0.2,0.0,0.0,0.0,0.6017316017316017,E1 전체 기간,공정 값 23 + pair_pos,신경망,
MLP,14,0.0756378018689747,0.03508544780442591,0.0,0.4,0.4,0.0,0.0,0.0,0.6346320346320347,E1 전체 기간,공정 값 23 + pair_pos,신경망,
MLP,15,3.741678101204268e-05,0.05875670153042416,0.2,0.4,0.6,0.07547169811320754,0.8,0.039603960396039604,0.7186147186147186,E1 전체 기간,공정 값 23 + pair_pos,신경망,
MLP,16,0.00025085302359836636,0.03817874796598201,0.0,0.4,0.4,0.05,0.4,0.02666666666666667,0.6683982683982684,E1 전체 기간,공정 값 23 + pair_pos,신경망,
MLP,17,0.006485000892380742,0.05335137597699692,0.2,0.6,0.6,0.15384615384615385,0.6,0.08823529411764706,0.7167381974248928,E1 전체 기간,공정 값 23 + pair_pos,신경망,
MLP,18,3.957203535269972e-05,0.03977783252887518,0.0,0.2,0.8,0.08108108108108109,0.6,0.043478260869565216,0.7004329004329004,E1 전체 기간,공정 값 23 + pair_pos,신경망,
MLP,19,0.0018734790863552226,0.041640479522281434,0.2,0.2,0.2,0.058823529411764705,0.2,0.034482758620689655,0.6606060606060606,E1 전체 기간,공정 값 23 + pair_pos,신경망,
MLP,20,1.1568515625539372e-05,0.06925205765501904,0.2,0.6,0.8,0.08695652173913043,1.0,0.045454545454545456,0.8129870129870129,E1 전체 기간,공정 값 23 + pair_pos,신경망,
MLP,21,0.0032364951586704707,0.04766909645629045,0.2,0.4,0.6,0.06060606060606061,0.2,0.03571428571428571,0.6658008658008658,E1 전체 기간,공정 값 23 + pair_pos,신경망,
MLP,22,0.00017501083641824618,0.037857235460818886,0.2,0.2,0.2,0.028169014084507043,0.2,0.015151515151515152,0.6540772532188842,E1 전체 기간,공정 값 23 + pair_pos,신경망,
MLP,23,0.0193029145406656,0.05938044034818228,0.2,0.4,0.6,0.14285714285714285,0.2,0.1111111111111111,0.7125541125541126,E1 전체 기간,공정 값 23 + pair_pos,신경망,
MLP,24,0.00010176490887785699,0.031187080470662557,0.0,0.0,0.4,0.05194805194805195,0.4,0.027777777777777776,0.6051948051948052,E1 전체 기간,공정 값 23 + pair_pos,신경망,
MLP,25,0.006961033170284212,0.03541113012710805,0.0,0.4,0.4,0.0,0.0,0.0,0.6329004329004329,E1 전체 기간,공정 값 23 + pair_pos,신경망,
MLP,26,0.0006639646259715969,0.03582318229216039,0.2,0.2,0.4,0.047619047619047616,0.2,0.02702702702702703,0.6190476190476191,E1 전체 기간,공정 값 23 + pair_pos,신경망,
MLP,27,0.02614147463123726,0.059861305687291796,0.2,0.2,0.2,0.16666666666666666,0.2,0.14285714285714285,0.6437768240343348,E1 전체 기간,공정 값 23 + pair_pos,신경망,
MLP,28,4.8658350586200594e-06,0.03057915253182285,0.0,0.4,0.4,0.04477611940298507,0.6,0.023255813953488372,0.561038961038961,E1 전체 기간,공정 값 23 + pair_pos,신경망,
MLP,29,3.3583287575661736e-05,0.04142079729341546,0.0,0.2,0.6,0.06593406593406594,0.6,0.03488372093023256,0.7125541125541126,E1 전체 기간,공정 값 23 + pair_pos,신경망,
MLP,30,0.038555853433915405,0.06801828618466987,0.4,0.6,0.8,0.0,0.0,0.0,0.806060606060606,E1 전체 기간,공정 값 23 + pair_pos,신경망,
MLP,31,1.9394133849245795e-05,0.037253835453636926,0.0,0.2,0.6,0.07692307692307693,0.6,0.0410958904109589,0.6813852813852814,E1 전체 기간,공정 값 23 + pair_pos,신경망,
MLP,32,0.0113559512519338,0.03938496286322373,0.0,0.4,0.6,0.0,0.0,0.0,0.6678111587982832,E1 전체 기간,공정 값 23 + pair_pos,신경망,
MLP,33,0.4838275028858736,0.03227622031969858,0.0,0.4,0.4,0.0,0.0,0.0,0.587012987012987,E1 전체 기간,공정 값 23 + pair_pos,신경망,
MLP,34,0.006630920257163265,0.04608691849533278,0.2,0.2,0.6,0.09090909090909091,0.2,0.058823529411764705,0.6277056277056277,E1 전체 기간,공정 값 23 + pair_pos,신경망,
MLP,35,0.05849258533045954,0.06854788724000238,0.2,0.8,0.8,0.0,0.0,0.0,0.8233766233766233,E1 전체 기간,공정 값 23 + pair_pos,신경망,
MLP,36,0.0006460468783224851,0.042975257022686085,0.0,0.4,0.4,0.0784313725490196,0.4,0.043478260869565216,0.7212121212121212,E1 전체 기간,공정 값 23 + pair_pos,신경망,
MLP,37,0.008943712733345857,0.04472579448646325,0.2,0.4,0.4,0.08695652173913043,0.2,0.05555555555555555,0.6721030042918454,E1 전체 기간,공정 값 23 + pair_pos,신경망,
MLP,38,0.003977739045957409,0.057908545727136426,0.4,0.4,0.4,0.12121212121212122,0.4,0.07142857142857142,0.7238095238095237,E1 전체 기간,공정 값 23 + pair_pos,신경망,
MLP,39,0.0005182235064556507,0.02488380697090388,0.0,0.0,0.2,0.0,0.0,0.0,0.5194805194805194,E1 전체 기간,공정 값 23 + pair_pos,신경망,
MLP,40,2.5383334460581295e-05,0.04425560390258721,0.0,0.4,0.6,0.07792207792207792,0.6,0.041666666666666664,0.7281385281385282,E1 전체 기간,공정 값 23 + pair_pos,신경망,
MLP,41,4.822040938675694e-05,0.07315154985830287,0.2,0.6,0.6,0.08421052631578947,0.8,0.044444444444444446,0.7567099567099567,E1 전체 기간,공정 값 23 + pair_pos,신경망,
MLP,42,0.011741673701165694,0.03212747961364791,0.0,0.0,0.4,0.0,0.0,0.0,0.6343347639484979,E1 전체 기간,공정 값 23 + pair_pos,신경망,
MLP,43,0.005453394520633077,0.05353777200381988,0.2,0.4,0.4,0.07142857142857142,0.2,0.043478260869565216,0.6320346320346321,E1 전체 기간,공정 값 23 + pair_pos,신경망,
MLP,44,0.06563606916729932,0.10794656324068089,0.4,0.6,0.6,0.2,0.2,0.2,0.7601731601731602,E1 전체 기간,공정 값 23 + pair_pos,신경망,
MLP,45,0.01086138548924344,0.07198514477547015,0.4,0.4,0.6,0.1,0.2,0.06666666666666667,0.7393939393939394,E1 전체 기간,공정 값 23 + pair_pos,신경망,
MLP,46,0.0005328709378237251,0.04355555555555556,0.2,0.2,0.2,0.038461538461538464,0.2,0.02127659574468085,0.6822510822510823,E1 전체 기간,공정 값 23 + pair_pos,신경망,
MLP,47,0.00012174450936906538,0.02827514889049218,0.0,0.0,0.2,0.0,0.0,0.0,0.5793991416309013,E1 전체 기간,공정 값 23 + pair_pos,신경망,
MLP,48,0.00010391754381075565,0.047718631406806974,0.2,0.2,0.2,0.046511627906976744,0.4,0.024691358024691357,0.6311688311688312,E1 전체 기간,공정 값 23 + pair_pos,신경망,
MLP,49,0.021585582553136404,0.05025993865847663,0.2,0.2,0.4,0.07692307692307693,0.2,0.047619047619047616,0.7367965367965368,E1 전체 기간,공정 값 23 + pair_pos,신경망,
결정트리 (depth 4),0,0.7478787878787879,0.2572945861221724,0.2,0.8,0.8,0.11428571428571428,0.8,0.06153846153846154,0.7948051948051948,E1 전체 기간,공정 값 23 + pair_pos,트리,
결정트리 (depth 4),1,0.8802853437094685,0.0658666527789614,0.2,0.2,0.2,0.0,0.0,0.0,0.40606060606060607,E1 전체 기간,공정 값 23 + pair_pos,트리,
결정트리 (depth 4),2,0.7873549883990734,0.03131984334137143,0.2,0.2,0.4,0.0,0.0,0.0,0.4763948497854077,E1 전체 기간,공정 값 23 + pair_pos,트리,
결정트리 (depth 4),3,0.7690869429728916,0.09300967080628099,0.4,0.4,0.8,0.0,0.0,0.0,0.7956709956709958,E1 전체 기간,공정 값 23 + pair_pos,트리,
결정트리 (depth 4),4,0.3610298420128729,0.03379901999585069,0.0,0.2,0.2,0.047619047619047616,0.4,0.02531645569620253,0.6277056277056277,E1 전체 기간,공정 값 23 + pair_pos,트리,
결정트리 (depth 4),5,0.7649550573406388,0.14713281354125018,0.4,0.4,0.8,0.08695652173913043,0.4,0.04878048780487805,0.7896103896103897,E1 전체 기간,공정 값 23 + pair_pos,트리,
결정트리 (depth 4),6,0.7659838609559299,0.06121237096237096,0.2,0.2,0.6,0.0,0.0,0.0,0.6969696969696969,E1 전체 기간,공정 값 23 + pair_pos,트리,
결정트리 (depth 4),7,0.7647058823529432,0.08012565288560153,0.2,0.6,0.8,0.0,0.0,0.0,0.8017167381974248,E1 전체 기간,공정 값 23 + pair_pos,트리,
결정트리 (depth 4),8,0.8044970414201169,0.04200591231610067,0.0,0.2,0.8,0.0,0.0,0.0,0.7012987012987013,E1 전체 기간,공정 값 23 + pair_pos,트리,
결정트리 (depth 4),9,0.7851837372947595,0.09589427197612511,0.2,0.4,0.6,0.0,0.0,0.0,0.5593073593073593,E1 전체 기간,공정 값 23 + pair_pos,트리,
결정트리 (depth 4),10,0.7753691486019509,0.0774084062621612,0.4,0.6,0.6,0.0,0.0,0.0,0.6675324675324675,E1 전체 기간,공정 값 23 + pair_pos,트리,
결정트리 (depth 4),11,0.7764261744966461,0.028161489430723233,0.0,0.2,0.4,0.0,0.0,0.0,0.5558441558441558,E1 전체 기간,공정 값 23 + pair_pos,트리,
결정트리 (depth 4),12,0.8325564278704635,0.04150311607896747,0.2,0.2,0.6,0.0,0.0,0.0,0.6223175965665236,E1 전체 기간,공정 값 23 + pair_pos,트리,
결정트리 (depth 4),13,0.7959578585250502,0.03905968579274865,0.2,0.2,0.4,0.0,0.0,0.0,0.5662337662337662,E1 전체 기간,공정 값 23 + pair_pos,트리,
결정트리 (depth 4),14,0.7559633027522924,0.09932063024177985,0.4,0.4,0.8,0.125,0.4,0.07407407407407407,0.7757575757575759,E1 전체 기간,공정 값 23 + pair_pos,트리,
결정트리 (depth 4),15,0.781618887015176,0.04116503604880203,0.2,0.2,0.4,0.038461538461538464,0.2,0.02127659574468085,0.6277056277056278,E1 전체 기간,공정 값 23 + pair_pos,트리,
결정트리 (depth 4),16,0.7817548305353224,0.04269415035192524,0.0,0.2,0.6,0.0821917808219178,0.6,0.04411764705882353,0.7220779220779221,E1 전체 기간,공정 값 23 + pair_pos,트리,
결정트리 (depth 4),17,0.7631845271561939,0.055867172174405344,0.2,0.2,0.8,0.09090909090909091,0.6,0.04918032786885246,0.7673819742489271,E1 전체 기간,공정 값 23 + pair_pos,트리,
결정트리 (depth 4),18,0.5065573770491811,0.04005472421850466,0.0,0.4,0.4,0.06557377049180328,0.4,0.03571428571428571,0.6675324675324675,E1 전체 기간,공정 값 23 + pair_pos,트리,
결정트리 (depth 4),19,0.7554541406945703,0.06087496510946026,0.0,0.4,1.0,0.0,0.0,0.0,0.8103896103896104,E1 전체 기간,공정 값 23 + pair_pos,트리,
결정트리 (depth 4),20,0.8515683814303652,0.034396877424449,0.2,0.2,0.4,0.0,0.0,0.0,0.574025974025974,E1 전체 기간,공정 값 23 + pair_pos,트리,
결정트리 (depth 4),21,0.40064935064935053,0.05587972846796377,0.2,0.2,0.8,0.10126582278481013,0.8,0.05405405405405406,0.6822510822510823,E1 전체 기간,공정 값 23 + pair_pos,트리,
결정트리 (depth 4),22,0.7489361702127681,0.04730880524167391,0.2,0.4,0.6,0.08823529411764706,0.6,0.047619047619047616,0.6120171673819743,E1 전체 기간,공정 값 23 + pair_pos,트리,
결정트리 (depth 4),23,0.7568230604109168,0.13023359822306266,0.6,0.6,0.6,0.0,0.0,0.0,0.6787878787878788,E1 전체 기간,공정 값 23 + pair_pos,트리,
결정트리 (depth 4),24,0.8023407022106644,0.020153076862011843,0.0,0.2,0.2,0.0,0.0,0.0,0.35497835497835495,E1 전체 기간,공정 값 23 + pair_pos,트리,
결정트리 (depth 4),25,0.7992227979274631,0.017731415400833547,0.0,0.0,0.0,0.0,0.0,0.0,0.3246753246753247,E1 전체 기간,공정 값 23 + pair_pos,트리,
결정트리 (depth 4),26,0.7744360902255618,0.0567489369888267,0.4,0.6,0.6,0.0,0.0,0.0,0.638961038961039,E1 전체 기간,공정 값 23 + pair_pos,트리,
결정트리 (depth 4),27,0.769851951547781,0.03086213675181364,0.0,0.2,0.4,0.0,0.0,0.0,0.5613733905579399,E1 전체 기간,공정 값 23 + pair_pos,트리,
결정트리 (depth 4),28,0.7970718053611824,0.03867798301298005,0.2,0.4,0.6,0.0,0.0,0.0,0.6086580086580087,E1 전체 기간,공정 값 23 + pair_pos,트리,
결정트리 (depth 4),29,1.0,0.0335620525988173,0.0,0.2,0.6,0.0,0.0,0.0,0.5506493506493506,E1 전체 기간,공정 값 23 + pair_pos,트리,
결정트리 (depth 4),30,0.7592137592137578,0.045854150234479585,0.2,0.2,0.2,0.0,0.0,0.0,0.5324675324675325,E1 전체 기간,공정 값 23 + pair_pos,트리,
결정트리 (depth 4),31,0.8068235853542601,0.12462785832396928,0.4,0.4,0.6,0.0,0.0,0.0,0.574025974025974,E1 전체 기간,공정 값 23 + pair_pos,트리,
결정트리 (depth 4),32,0.8628273582506999,0.09459073493556253,0.4,0.4,0.6,0.0,0.0,0.0,0.6978540772532189,E1 전체 기간,공정 값 23 + pair_pos,트리,
결정트리 (depth 4),33,0.7639290136194833,0.046190651453809344,0.2,0.6,0.6,0.05714285714285714,0.2,0.03333333333333333,0.6493506493506493,E1 전체 기간,공정 값 23 + pair_pos,트리,
결정트리 (depth 4),34,0.8129933211900415,0.06551844286915776,0.4,0.4,0.4,0.0,0.0,0.0,0.5887445887445888,E1 전체 기간,공정 값 23 + pair_pos,트리,
결정트리 (depth 4),35,0.8379012345679036,0.04871917149808517,0.2,0.4,0.4,0.0,0.0,0.0,0.5489177489177489,E1 전체 기간,공정 값 23 + pair_pos,트리,
결정트리 (depth 4),36,0.7639290136194818,0.05999170983318098,0.4,0.6,0.6,0.1,0.4,0.05714285714285714,0.7471861471861472,E1 전체 기간,공정 값 23 + pair_pos,트리,
결정트리 (depth 4),37,0.7457627118644063,0.034936548622087754,0.0,0.4,0.4,0.0,0.0,0.0,0.5957081545064379,E1 전체 기간,공정 값 23 + pair_pos,트리,
결정트리 (depth 4),38,0.7408741594620557,0.04372224997224997,0.2,0.2,0.8,0.09523809523809523,0.6,0.05172413793103448,0.6493506493506493,E1 전체 기간,공정 값 23 + pair_pos,트리,
결정트리 (depth 4),39,0.38756281407035165,0.09186553069538805,0.2,0.2,0.4,0.03508771929824561,0.2,0.019230769230769232,0.6303030303030304,E1 전체 기간,공정 값 23 + pair_pos,트리,
결정트리 (depth 4),40,0.7809097978227035,0.05891887495933738,0.2,0.4,0.4,0.0,0.0,0.0,0.5904761904761905,E1 전체 기간,공정 값 23 + pair_pos,트리,
결정트리 (depth 4),41,0.7745854222907814,0.1065728318205399,0.6,0.6,0.6,0.0,0.0,0.0,0.6077922077922078,E1 전체 기간,공정 값 23 + pair_pos,트리,
결정트리 (depth 4),42,0.7061516452074391,0.028546777106022485,0.0,0.2,0.2,0.06976744186046512,0.6,0.037037037037037035,0.5407725321888412,E1 전체 기간,공정 값 23 + pair_pos,트리,
결정트리 (depth 4),43,0.8272793759141904,0.04756288055082522,0.4,0.4,0.6,0.0,0.0,0.0,0.670995670995671,E1 전체 기간,공정 값 23 + pair_pos,트리,
결정트리 (depth 4),44,0.83123086344152,0.04742476732830893,0.4,0.4,0.4,0.0,0.0,0.0,0.6207792207792208,E1 전체 기간,공정 값 23 + pair_pos,트리,
결정트리 (depth 4),45,0.7670154356158737,0.09832285618311817,0.6,0.6,0.8,0.0,0.0,0.0,0.7316017316017316,E1 전체 기간,공정 값 23 + pair_pos,트리,
결정트리 (depth 4),46,0.8332207967589494,0.03771764607680211,0.2,0.4,0.4,0.0,0.0,0.0,0.5722943722943724,E1 전체 기간,공정 값 23 + pair_pos,트리,
결정트리 (depth 4),47,0.777988614800761,0.04170877275865479,0.2,0.2,0.2,0.03333333333333333,0.2,0.01818181818181818,0.6120171673819743,E1 전체 기간,공정 값 23 + pair_pos,트리,
결정트리 (depth 4),48,0.7915330339961545,0.11487352270365833,0.2,0.2,0.2,0.028985507246376812,0.2,0.015625,0.37662337662337664,E1 전체 기간,공정 값 23 + pair_pos,트리,
결정트리 (depth 4),49,0.7766821345707638,0.10284950242137195,0.6,0.8,0.8,0.0,0.0,0.0,0.8658008658008659,E1 전체 기간,공정 값 23 + pair_pos,트리,
랜덤포레스트,0,0.16914979378062717,0.09591231204585243,0.2,0.6,0.8,0.0975609756097561,0.4,0.05555555555555555,0.8268398268398268,E1 전체 기간,공정 값 23 + pair_pos,트리,
랜덤포레스트,1,0.1791739812818702,0.01954376954785772,0.0,0.0,0.0,0.0,0.0,0.0,0.38614718614718613,E1 전체 기간,공정 값 23 + pair_pos,트리,
랜덤포레스트,2,0.367363550630643,0.0339364518759996,0.2,0.2,0.4,0.0,0.0,0.0,0.49012875536480693,E1 전체 기간,공정 값 23 + pair_pos,트리,
랜덤포레스트,3,0.04228356364945212,0.06265312685114666,0.2,0.4,0.6,0.05917159763313609,1.0,0.03048780487804878,0.7783549783549784,E1 전체 기간,공정 값 23 + pair_pos,트리,
랜덤포레스트,4,0.28290947699622654,0.04296705207503329,0.0,0.4,0.6,0.0,0.0,0.0,0.7272727272727272,E1 전체 기간,공정 값 23 + pair_pos,트리,
랜덤포레스트,5,0.34038223576039894,0.06827378169594159,0.4,0.6,0.6,0.10526315789473684,0.2,0.07142857142857142,0.6329004329004329,E1 전체 기간,공정 값 23 + pair_pos,트리,
랜덤포레스트,6,0.1203249359364123,0.06092856082028594,0.4,0.4,0.4,0.07017543859649122,0.4,0.038461538461538464,0.632900432900433,E1 전체 기간,공정 값 23 + pair_pos,트리,
랜덤포레스트,7,0.38257039594156805,0.06797268026453965,0.2,0.8,1.0,0.0,0.0,0.0,0.8291845493562232,E1 전체 기간,공정 값 23 + pair_pos,트리,
랜덤포레스트,8,0.24775067896530634,0.07934632034632036,0.4,0.6,0.6,0.10526315789473684,0.2,0.07142857142857142,0.6865800865800866,E1 전체 기간,공정 값 23 + pair_pos,트리,
랜덤포레스트,9,0.2608266488235612,0.12278639033194984,0.2,0.4,0.4,0.08,0.2,0.05,0.5264069264069264,E1 전체 기간,공정 값 23 + pair_pos,트리,
랜덤포레스트,10,0.21434437198592893,0.02383237721081432,0.0,0.2,0.2,0.0,0.0,0.0,0.4831168831168831,E1 전체 기간,공정 값 23 + pair_pos,트리,
랜덤포레스트,11,0.35746167262027534,0.03711383897685268,0.0,0.2,0.4,0.0,0.0,0.0,0.6787878787878788,E1 전체 기간,공정 값 23 + pair_pos,트리,
랜덤포레스트,12,0.3194255673737122,0.050535556397625365,0.2,0.4,0.6,0.11764705882352941,0.2,0.08333333333333333,0.6377682403433476,E1 전체 기간,공정 값 23 + pair_pos,트리,
랜덤포레스트,13,0.19055215748751433,0.08866666343227275,0.2,0.4,0.4,0.04081632653061224,0.2,0.022727272727272728,0.5082251082251081,E1 전체 기간,공정 값 23 + pair_pos,트리,
랜덤포레스트,14,0.3677140147256375,0.06306821054268992,0.2,0.6,0.6,0.0,0.0,0.0,0.6874458874458874,E1 전체 기간,공정 값 23 + pair_pos,트리,
랜덤포레스트,15,0.16832439971670762,0.14863482738284262,0.2,0.6,0.8,0.09090909090909091,0.4,0.05128205128205128,0.812987012987013,E1 전체 기간,공정 값 23 + pair_pos,트리,
랜덤포레스트,16,0.45723284124386027,0.03595030220274215,0.0,0.2,0.6,0.0,0.0,0.0,0.6242424242424243,E1 전체 기간,공정 값 23 + pair_pos,트리,
랜덤포레스트,17,0.2935709343501146,0.042624858505076295,0.0,0.4,0.4,0.0,0.0,0.0,0.6987124463519313,E1 전체 기간,공정 값 23 + pair_pos,트리,
랜덤포레스트,18,0.27132604860886117,0.0438175612390094,0.4,0.4,0.4,0.0,0.0,0.0,0.6363636363636364,E1 전체 기간,공정 값 23 + pair_pos,트리,
랜덤포레스트,19,0.19455022000289177,0.08070018705156481,0.4,0.6,1.0,0.13333333333333333,0.4,0.08,0.8458874458874459,E1 전체 기간,공정 값 23 + pair_pos,트리,
랜덤포레스트,20,0.18925921293462142,0.0586960954698181,0.2,0.4,0.8,0.0975609756097561,0.4,0.05555555555555555,0.7601731601731602,E1 전체 기간,공정 값 23 + pair_pos,트리,
랜덤포레스트,21,0.23606907879235697,0.05348906756673747,0.4,0.4,0.4,0.08333333333333333,0.2,0.05263157894736842,0.5982683982683983,E1 전체 기간,공정 값 23 + pair_pos,트리,
랜덤포레스트,22,0.3333860030005795,0.03811802964150657,0.0,0.4,0.6,0.0,0.0,0.0,0.6618025751072962,E1 전체 기간,공정 값 23 + pair_pos,트리,
랜덤포레스트,23,0.1715051691196,0.15169978980277884,0.4,0.4,0.4,0.08,0.4,0.044444444444444446,0.6683982683982684,E1 전체 기간,공정 값 23 + pair_pos,트리,
랜덤포레스트,24,0.541351584406241,0.06125681701007326,0.2,0.2,0.2,0.0,0.0,0.0,0.5506493506493506,E1 전체 기간,공정 값 23 + pair_pos,트리,
랜덤포레스트,25,0.21418153058492778,0.0232711596003265,0.0,0.0,0.0,0.0,0.0,0.0,0.48225108225108226,E1 전체 기간,공정 값 23 + pair_pos,트리,
랜덤포레스트,26,0.09403229792263285,0.06831763581763582,0.4,0.4,0.8,0.08421052631578947,0.8,0.044444444444444446,0.6926406926406927,E1 전체 기간,공정 값 23 + pair_pos,트리,
랜덤포레스트,27,0.16441054174302214,0.2301041838856927,0.2,0.4,0.6,0.08333333333333333,0.4,0.046511627906976744,0.6377682403433477,E1 전체 기간,공정 값 23 + pair_pos,트리,
랜덤포레스트,28,0.280797246530393,0.029590704297133112,0.0,0.2,0.4,0.0,0.0,0.0,0.5774891774891775,E1 전체 기간,공정 값 23 + pair_pos,트리,
랜덤포레스트,29,0.2055242082766997,0.03651391899968098,0.2,0.4,0.4,0.06060606060606061,0.2,0.03571428571428571,0.5480519480519481,E1 전체 기간,공정 값 23 + pair_pos,트리,
랜덤포레스트,30,0.15162805197335355,0.038689096012777174,0.0,0.4,0.6,0.06779661016949153,0.4,0.037037037037037035,0.6770562770562771,E1 전체 기간,공정 값 23 + pair_pos,트리,
랜덤포레스트,31,0.14124519787041404,0.05529118323961374,0.2,0.6,0.6,0.10714285714285714,0.6,0.058823529411764705,0.6432900432900432,E1 전체 기간,공정 값 23 + pair_pos,트리,
랜덤포레스트,32,0.11001083664674563,0.2308790075393309,0.2,0.4,0.4,0.06153846153846154,0.4,0.03333333333333333,0.6824034334763949,E1 전체 기간,공정 값 23 + pair_pos,트리,
랜덤포레스트,33,0.16586565720787955,0.07362790155865019,0.2,0.4,0.4,0.0425531914893617,0.2,0.023809523809523808,0.5393939393939393,E1 전체 기간,공정 값 23 + pair_pos,트리,
랜덤포레스트,34,0.3360381195828018,0.05957137889062772,0.2,0.4,0.6,0.11764705882352941,0.2,0.08333333333333333,0.6658008658008657,E1 전체 기간,공정 값 23 + pair_pos,트리,
랜덤포레스트,35,0.3559453829502149,0.061846365728312425,0.2,0.2,0.6,0.11764705882352941,0.2,0.08333333333333333,0.6251082251082252,E1 전체 기간,공정 값 23 + pair_pos,트리,
랜덤포레스트,36,0.2791911544967294,0.054356309407610146,0.4,0.4,0.4,0.1111111111111111,0.2,0.07692307692307693,0.6043290043290044,E1 전체 기간,공정 값 23 + pair_pos,트리,
랜덤포레스트,37,0.10241342649570755,0.09217344209881524,0.4,0.4,0.6,0.09302325581395349,0.8,0.04938271604938271,0.7579399141630901,E1 전체 기간,공정 값 23 + pair_pos,트리,
랜덤포레스트,38,0.13178811162872053,0.033588437150960423,0.0,0.2,0.2,0.028985507246376812,0.2,0.015625,0.6372294372294373,E1 전체 기간,공정 값 23 + pair_pos,트리,
랜덤포레스트,39,0.3205652844900514,0.03865693130399013,0.2,0.2,0.2,0.0,0.0,0.0,0.5367965367965368,E1 전체 기간,공정 값 23 + pair_pos,트리,
랜덤포레스트,40,0.06611372513833778,0.07303808868215574,0.2,0.4,0.4,0.05263157894736842,0.6,0.027522935779816515,0.6753246753246753,E1 전체 기간,공정 값 23 + pair_pos,트리,
랜덤포레스트,41,0.3752128298195883,0.06847471187093829,0.4,0.4,0.6,0.0,0.0,0.0,0.7168831168831169,E1 전체 기간,공정 값 23 + pair_pos,트리,
랜덤포레스트,42,0.16910136506802734,0.08752787635430348,0.4,0.4,0.6,0.08888888888888889,0.4,0.05,0.688412017167382,E1 전체 기간,공정 값 23 + pair_pos,트리,
랜덤포레스트,43,0.41298125501237637,0.03891124090085473,0.2,0.2,0.4,0.0,0.0,0.0,0.6588744588744588,E1 전체 기간,공정 값 23 + pair_pos,트리,
랜덤포레스트,44,0.4029390601623445,0.05528973117725822,0.2,0.4,0.6,0.0,0.0,0.0,0.7506493506493507,E1 전체 기간,공정 값 23 + pair_pos,트리,
랜덤포레스트,45,0.2251529482502375,0.042584809130263676,0.0,0.2,0.6,0.046511627906976744,0.2,0.02631578947368421,0.7073593073593074,E1 전체 기간,공정 값 23 + pair_pos,트리,
랜덤포레스트,46,0.19101288851597273,0.029600254817646124,0.2,0.2,0.2,0.0625,0.2,0.037037037037037035,0.5402597402597402,E1 전체 기간,공정 값 23 + pair_pos,트리,
랜덤포레스트,47,0.24119451087818167,0.029846114932460574,0.0,0.2,0.2,0.0,0.0,0.0,0.5931330472103005,E1 전체 기간,공정 값 23 + pair_pos,트리,
랜덤포레스트,48,0.16412748844088407,0.021889021718139647,0.0,0.2,0.2,0.038461538461538464,0.2,0.02127659574468085,0.3948051948051948,E1 전체 기간,공정 값 23 + pair_pos,트리,
랜덤포레스트,49,0.21266010591452097,0.07928571428571429,0.4,0.6,0.8,0.1,0.4,0.05714285714285714,0.8311688311688312,E1 전체 기간,공정 값 23 + pair_pos,트리,
엑스트라트리,0,0.1184959479142672,0.08752247752247752,0.4,0.6,0.6,0.09523809523809523,0.6,0.05172413793103448,0.7922077922077921,E1 전체 기간,공정 값 23 + pair_pos,트리,
엑스트라트리,1,0.2596689427947787,0.022137253013356444,0.0,0.0,0.2,0.0,0.0,0.0,0.438961038961039,E1 전체 기간,공정 값 23 + pair_pos,트리,
엑스트라트리,2,0.21063850808646328,0.035348763128294415,0.0,0.4,0.4,0.0,0.0,0.0,0.6575107296137339,E1 전체 기간,공정 값 23 + pair_pos,트리,
엑스트라트리,3,0.1262420260453385,0.04649427785021005,0.0,0.4,0.6,0.06557377049180328,0.4,0.03571428571428571,0.7454545454545454,E1 전체 기간,공정 값 23 + pair_pos,트리,
엑스트라트리,4,0.16471285658443086,0.04342226750351244,0.0,0.4,0.6,0.0,0.0,0.0,0.7246753246753247,E1 전체 기간,공정 값 23 + pair_pos,트리,
엑스트라트리,5,0.19896624661030365,0.038393526772939585,0.0,0.4,0.4,0.0,0.0,0.0,0.6476190476190476,E1 전체 기간,공정 값 23 + pair_pos,트리,
엑스트라트리,6,0.09491645559729425,0.057877384960718294,0.2,0.4,0.4,0.05333333333333334,0.4,0.02857142857142857,0.664069264069264,E1 전체 기간,공정 값 23 + pair_pos,트리,
엑스트라트리,7,0.30294663834235064,0.10487717436246849,0.4,0.8,0.8,0.0,0.0,0.0,0.8678111587982833,E1 전체 기간,공정 값 23 + pair_pos,트리,
엑스트라트리,8,0.12593141683301415,0.05665810645759126,0.0,0.6,0.6,0.12244897959183673,0.6,0.06818181818181818,0.7333333333333334,E1 전체 기간,공정 값 23 + pair_pos,트리,
엑스트라트리,9,0.19275624740497885,0.03623590839437833,0.2,0.2,0.4,0.05263157894736842,0.2,0.030303030303030304,0.5662337662337662,E1 전체 기간,공정 값 23 + pair_pos,트리,
엑스트라트리,10,0.22375741173809047,0.028602653385262078,0.0,0.0,0.2,0.0,0.0,0.0,0.5541125541125541,E1 전체 기간,공정 값 23 + pair_pos,트리,
엑스트라트리,11,0.16153312989692364,0.042276076885861394,0.2,0.2,0.4,0.05128205128205128,0.2,0.029411764705882353,0.7116883116883117,E1 전체 기간,공정 값 23 + pair_pos,트리,
엑스트라트리,12,0.2257432437971048,0.05950002050777244,0.2,0.6,0.6,0.0,0.0,0.0,0.7278969957081545,E1 전체 기간,공정 값 23 + pair_pos,트리,
엑스트라트리,13,0.07567431309578442,0.033238940297226155,0.0,0.2,0.6,0.05825242718446602,0.6,0.030612244897959183,0.6242424242424243,E1 전체 기간,공정 값 23 + pair_pos,트리,
엑스트라트리,14,0.08095581261578635,0.07220732166384339,0.4,0.8,0.8,0.08888888888888889,0.8,0.047058823529411764,0.7593073593073594,E1 전체 기간,공정 값 23 + pair_pos,트리,
엑스트라트리,15,0.06295252157621808,0.06279360771898085,0.4,0.4,0.6,0.08064516129032258,1.0,0.04201680672268908,0.7463203463203463,E1 전체 기간,공정 값 23 + pair_pos,트리,
엑스트라트리,16,0.07321316436692633,0.04296116800443223,0.0,0.4,0.8,0.08,0.8,0.042105263157894736,0.6796536796536796,E1 전체 기간,공정 값 23 + pair_pos,트리,
엑스트라트리,17,0.14803186415758499,0.06285042701480305,0.0,0.8,0.8,0.15384615384615385,0.8,0.0851063829787234,0.7991416309012875,E1 전체 기간,공정 값 23 + pair_pos,트리,
엑스트라트리,18,0.20081055397695324,0.04993810548364696,0.2,0.4,0.6,0.0,0.0,0.0,0.7168831168831169,E1 전체 기간,공정 값 23 + pair_pos,트리,
엑스트라트리,19,0.07166961607798294,0.04889331623990852,0.2,0.2,0.6,0.09345794392523364,1.0,0.049019607843137254,0.7480519480519481,E1 전체 기간,공정 값 23 + pair_pos,트리,
엑스트라트리,20,0.12134650006304412,0.06064544858332036,0.2,0.6,0.8,0.10666666666666667,0.8,0.05714285714285714,0.7965367965367965,E1 전체 기간,공정 값 23 + pair_pos,트리,
엑스트라트리,21,0.19034496392028724,0.05014900465624246,0.4,0.4,0.4,0.08333333333333333,0.2,0.05263157894736842,0.7038961038961039,E1 전체 기간,공정 값 23 + pair_pos,트리,
엑스트라트리,22,0.1551909539429455,0.07159377784377785,0.2,0.4,0.6,0.09090909090909091,0.4,0.05128205128205128,0.7811158798283262,E1 전체 기간,공정 값 23 + pair_pos,트리,
엑스트라트리,23,0.1282739662317282,0.11960870962558251,0.4,0.4,0.4,0.07017543859649122,0.4,0.038461538461538464,0.7411255411255412,E1 전체 기간,공정 값 23 + pair_pos,트리,
엑스트라트리,24,0.19196855657774778,0.03641376858555828,0.2,0.2,0.2,0.06451612903225806,0.2,0.038461538461538464,0.5506493506493507,E1 전체 기간,공정 값 23 + pair_pos,트리,
엑스트라트리,25,0.21120530841159862,0.0344751177708236,0.0,0.4,0.4,0.0625,0.2,0.037037037037037035,0.5904761904761905,E1 전체 기간,공정 값 23 + pair_pos,트리,
엑스트라트리,26,0.07408932207253827,0.04395844719260116,0.0,0.6,0.6,0.058823529411764705,0.6,0.030927835051546393,0.6761904761904762,E1 전체 기간,공정 값 23 + pair_pos,트리,
엑스트라트리,27,0.15516896433516958,0.06110607023274214,0.2,0.6,0.8,0.09302325581395349,0.4,0.05263157894736842,0.8034334763948497,E1 전체 기간,공정 값 23 + pair_pos,트리,
엑스트라트리,28,0.23057793699821286,0.01990970354149047,0.0,0.0,0.0,0.0,0.0,0.0,0.3982683982683983,E1 전체 기간,공정 값 23 + pair_pos,트리,
엑스트라트리,29,0.12769759832232122,0.037325230356295314,0.0,0.4,0.4,0.06896551724137931,0.4,0.03773584905660377,0.5904761904761905,E1 전체 기간,공정 값 23 + pair_pos,트리,
엑스트라트리,30,0.23084083632753008,0.060107188779755155,0.0,0.8,0.8,0.0,0.0,0.0,0.7861471861471863,E1 전체 기간,공정 값 23 + pair_pos,트리,
엑스트라트리,31,0.08900127586190414,0.058210093746584216,0.4,0.6,0.6,0.06382978723404255,0.6,0.033707865168539325,0.7021645021645022,E1 전체 기간,공정 값 23 + pair_pos,트리,
엑스트라트리,32,0.08744741245725865,0.10840248058796792,0.4,0.4,0.4,0.047058823529411764,0.4,0.025,0.7098712446351931,E1 전체 기간,공정 값 23 + pair_pos,트리,
엑스트라트리,33,0.16196957107261276,0.03086983554097849,0.2,0.2,0.2,0.05263157894736842,0.2,0.030303030303030304,0.5402597402597403,E1 전체 기간,공정 값 23 + pair_pos,트리,
엑스트라트리,34,0.2042822282976217,0.059822234452394055,0.2,0.4,0.6,0.09090909090909091,0.2,0.058823529411764705,0.748917748917749,E1 전체 기간,공정 값 23 + pair_pos,트리,
엑스트라트리,35,0.19136975670048204,0.042920078282469236,0.0,0.4,0.6,0.05714285714285714,0.2,0.03333333333333333,0.6510822510822512,E1 전체 기간,공정 값 23 + pair_pos,트리,
엑스트라트리,36,0.13294190037328601,0.04424704699309855,0.2,0.4,0.4,0.06779661016949153,0.4,0.037037037037037035,0.6614718614718614,E1 전체 기간,공정 값 23 + pair_pos,트리,
엑스트라트리,37,0.20485578579486083,0.05981041417661137,0.2,0.4,0.8,0.08333333333333333,0.2,0.05263157894736842,0.7630901287553649,E1 전체 기간,공정 값 23 + pair_pos,트리,
엑스트라트리,38,0.1337845055082834,0.06626194108459554,0.2,0.6,1.0,0.15873015873015872,1.0,0.08620689655172414,0.8225108225108225,E1 전체 기간,공정 값 23 + pair_pos,트리,
엑스트라트리,39,0.1718624293753049,0.04004131126779522,0.2,0.2,0.4,0.07142857142857142,0.2,0.043478260869565216,0.6692640692640692,E1 전체 기간,공정 값 23 + pair_pos,트리,
엑스트라트리,40,0.25934581064692847,0.03857616034644672,0.2,0.2,0.4,0.0,0.0,0.0,0.6701298701298701,E1 전체 기간,공정 값 23 + pair_pos,트리,
엑스트라트리,41,0.15077918069111607,0.050262148166036115,0.2,0.4,0.6,0.08,0.4,0.044444444444444446,0.6787878787878788,E1 전체 기간,공정 값 23 + pair_pos,트리,
엑스트라트리,42,0.1913541766259937,0.03962004749406324,0.0,0.2,0.6,0.0,0.0,0.0,0.6987124463519313,E1 전체 기간,공정 값 23 + pair_pos,트리,
엑스트라트리,43,0.08389967982097173,0.04589106386757258,0.0,0.6,0.6,0.07317073170731707,0.6,0.03896103896103896,0.7082251082251083,E1 전체 기간,공정 값 23 + pair_pos,트리,
엑스트라트리,44,0.2450164311688926,0.05233262784021797,0.2,0.4,0.6,0.0,0.0,0.0,0.7567099567099567,E1 전체 기간,공정 값 23 + pair_pos,트리,
엑스트라트리,45,0.11326635324710381,0.04551107442620996,0.0,0.2,0.8,0.08108108108108109,0.6,0.043478260869565216,0.7264069264069264,E1 전체 기간,공정 값 23 + pair_pos,트리,
엑스트라트리,46,0.10861603770560596,0.029517611168987316,0.0,0.2,0.2,0.02702702702702703,0.2,0.014492753623188406,0.561038961038961,E1 전체 기간,공정 값 23 + pair_pos,트리,
엑스트라트리,47,0.22930190116962626,0.04594491796169265,0.0,0.4,0.6,0.0,0.0,0.0,0.7133047210300429,E1 전체 기간,공정 값 23 + pair_pos,트리,
엑스트라트리,48,0.2871133063567494,0.02735268277791591,0.0,0.2,0.2,0.0,0.0,0.0,0.5376623376623377,E1 전체 기간,공정 값 23 + pair_pos,트리,
엑스트라트리,49,0.1319078072029562,0.06567904546053133,0.0,0.8,0.8,0.125,0.8,0.06779661016949153,0.8242424242424242,E1 전체 기간,공정 값 23 + pair_pos,트리,
AdaBoost,0,0.3902705090018191,0.09336909467344251,0.4,0.6,0.8,0.10526315789473684,0.6,0.057692307692307696,0.7567099567099567,E1 전체 기간,공정 값 23 + pair_pos,부스팅,
AdaBoost,1,0.44857955487296036,0.021991022366962217,0.0,0.0,0.0,0.0,0.0,0.0,0.4536796536796537,E1 전체 기간,공정 값 23 + pair_pos,부스팅,
AdaBoost,2,0.3968498068631085,0.033000463323043974,0.2,0.2,0.4,0.044444444444444446,0.2,0.025,0.4145922746781116,E1 전체 기간,공정 값 23 + pair_pos,부스팅,
AdaBoost,3,0.3676718960084686,0.054312439343566735,0.0,0.6,0.8,0.1038961038961039,0.8,0.05555555555555555,0.767965367965368,E1 전체 기간,공정 값 23 + pair_pos,부스팅,
AdaBoost,4,0.4225690337102363,0.04058899343054734,0.0,0.4,0.4,0.0,0.0,0.0,0.6675324675324676,E1 전체 기간,공정 값 23 + pair_pos,부스팅,
AdaBoost,5,0.4142413427265783,0.04584023677527443,0.2,0.4,0.6,0.0,0.0,0.0,0.7316017316017316,E1 전체 기간,공정 값 23 + pair_pos,부스팅,
AdaBoost,6,0.36790118345242323,0.041089914914650645,0.2,0.4,0.4,0.05714285714285714,0.4,0.03076923076923077,0.580952380952381,E1 전체 기간,공정 값 23 + pair_pos,부스팅,
AdaBoost,7,0.44156973299030655,0.03668404474856088,0.0,0.4,0.6,0.0,0.0,0.0,0.672961373390558,E1 전체 기간,공정 값 23 + pair_pos,부스팅,
AdaBoost,8,0.44169223507844235,0.06070766293973275,0.2,0.6,0.8,0.0,0.0,0.0,0.716017316017316,E1 전체 기간,공정 값 23 + pair_pos,부스팅,
AdaBoost,9,0.4321470456146006,0.03296423925799088,0.2,0.2,0.4,0.0,0.0,0.0,0.49350649350649356,E1 전체 기간,공정 값 23 + pair_pos,부스팅,
AdaBoost,10,0.4664352724203074,0.038515385983606515,0.2,0.2,0.4,0.0,0.0,0.0,0.5696969696969697,E1 전체 기간,공정 값 23 + pair_pos,부스팅,
AdaBoost,11,0.4626219461362074,0.03293766937669377,0.0,0.2,0.2,0.0,0.0,0.0,0.6354978354978356,E1 전체 기간,공정 값 23 + pair_pos,부스팅,
AdaBoost,12,0.41166907607911896,0.05159301721452282,0.0,0.6,0.8,0.0,0.0,0.0,0.7459227467811159,E1 전체 기간,공정 값 23 + pair_pos,부스팅,
AdaBoost,13,0.3529649768682519,0.03444612000038389,0.2,0.4,0.4,0.043010752688172046,0.4,0.022727272727272728,0.4545454545454546,E1 전체 기간,공정 값 23 + pair_pos,부스팅,
AdaBoost,14,0.44740458543431183,0.0524577409253432,0.2,0.2,0.6,0.0,0.0,0.0,0.6580086580086579,E1 전체 기간,공정 값 23 + pair_pos,부스팅,
AdaBoost,15,0.37439533308786405,0.04593535293535294,0.2,0.2,0.6,0.07692307692307693,0.6,0.0410958904109589,0.7047619047619048,E1 전체 기간,공정 값 23 + pair_pos,부스팅,
AdaBoost,16,0.4512362127102177,0.03340800411600506,0.0,0.2,0.6,0.0,0.0,0.0,0.5826839826839827,E1 전체 기간,공정 값 23 + pair_pos,부스팅,
AdaBoost,17,0.3737819638751452,0.028843149239193285,0.0,0.2,0.4,0.05263157894736842,0.4,0.028169014084507043,0.5768240343347639,E1 전체 기간,공정 값 23 + pair_pos,부스팅,
AdaBoost,18,0.40871328455101585,0.05065178886172801,0.0,0.4,0.8,0.0,0.0,0.0,0.6917748917748918,E1 전체 기간,공정 값 23 + pair_pos,부스팅,
AdaBoost,19,0.4343777072728618,0.049212494808402736,0.0,0.4,0.8,0.0,0.0,0.0,0.761038961038961,E1 전체 기간,공정 값 23 + pair_pos,부스팅,
AdaBoost,20,0.40669095760606383,0.048187322673160934,0.2,0.2,0.8,0.08,0.2,0.05,0.7367965367965368,E1 전체 기간,공정 값 23 + pair_pos,부스팅,
AdaBoost,21,0.4242045193254227,0.04168567953013758,0.0,0.4,0.8,0.0,0.0,0.0,0.6831168831168831,E1 전체 기간,공정 값 23 + pair_pos,부스팅,
AdaBoost,22,0.4011966119595045,0.040381477005517925,0.2,0.2,0.4,0.05555555555555555,0.2,0.03225806451612903,0.6240343347639485,E1 전체 기간,공정 값 23 + pair_pos,부스팅,
AdaBoost,23,0.38540019880531307,0.1495546176498844,0.4,0.4,0.6,0.057971014492753624,0.4,0.03125,0.6632034632034632,E1 전체 기간,공정 값 23 + pair_pos,부스팅,
AdaBoost,24,0.44865828001590924,0.026009441365970446,0.2,0.2,0.2,0.0,0.0,0.0,0.4424242424242425,E1 전체 기간,공정 값 23 + pair_pos,부스팅,
AdaBoost,25,0.4181476428412391,0.02395427939735766,0.0,0.2,0.2,0.0,0.0,0.0,0.4857142857142857,E1 전체 기간,공정 값 23 + pair_pos,부스팅,
AdaBoost,26,0.4319840867898032,0.03686378948698767,0.0,0.4,0.6,0.0,0.0,0.0,0.6060606060606061,E1 전체 기간,공정 값 23 + pair_pos,부스팅,
AdaBoost,27,0.3815444568625415,0.03906909833111206,0.2,0.2,0.2,0.03773584905660377,0.2,0.020833333333333332,0.5854077253218883,E1 전체 기간,공정 값 23 + pair_pos,부스팅,
AdaBoost,28,0.41212464805100346,0.039204406767936996,0.0,0.4,0.6,0.0,0.0,0.0,0.6294372294372295,E1 전체 기간,공정 값 23 + pair_pos,부스팅,
AdaBoost,29,0.44897474262070536,0.02825069379500917,0.0,0.4,0.4,0.0,0.0,0.0,0.5073593073593075,E1 전체 기간,공정 값 23 + pair_pos,부스팅,
AdaBoost,30,0.3926744700244968,0.03842495762531914,0.0,0.4,0.4,0.08333333333333333,0.4,0.046511627906976744,0.6675324675324675,E1 전체 기간,공정 값 23 + pair_pos,부스팅,
AdaBoost,31,0.35377018012093103,0.08329454598111315,0.2,0.4,0.6,0.06451612903225806,0.6,0.03409090909090909,0.6424242424242423,E1 전체 기간,공정 값 23 + pair_pos,부스팅,
AdaBoost,32,0.3593923264515187,0.05807129303334237,0.2,0.2,0.4,0.041237113402061855,0.4,0.021739130434782608,0.6137339055793991,E1 전체 기간,공정 값 23 + pair_pos,부스팅,
AdaBoost,33,0.4319125286358488,0.050354552069322864,0.2,0.2,0.6,0.0,0.0,0.0,0.7376623376623377,E1 전체 기간,공정 값 23 + pair_pos,부스팅,
AdaBoost,34,0.44802911169499804,0.024101924827280748,0.0,0.2,0.2,0.0,0.0,0.0,0.45021645021645024,E1 전체 기간,공정 값 23 + pair_pos,부스팅,
AdaBoost,35,0.4269583718157792,0.03513487116783967,0.2,0.2,0.2,0.08695652173913043,0.2,0.05555555555555555,0.5696969696969697,E1 전체 기간,공정 값 23 + pair_pos,부스팅,
AdaBoost,36,0.44262135190623936,0.03996974834736027,0.0,0.4,0.6,0.0,0.0,0.0,0.6329004329004329,E1 전체 기간,공정 값 23 + pair_pos,부스팅,
AdaBoost,37,0.39752554783832134,0.08529147043432757,0.4,0.4,0.6,0.16,0.4,0.1,0.7004291845493562,E1 전체 기간,공정 값 23 + pair_pos,부스팅,
AdaBoost,38,0.3703545092251938,0.030209702487252542,0.0,0.2,0.2,0.028169014084507043,0.2,0.015151515151515152,0.5904761904761905,E1 전체 기간,공정 값 23 + pair_pos,부스팅,
AdaBoost,39,0.39059988989045763,0.020322934123019932,0.0,0.2,0.2,0.03508771929824561,0.2,0.019230769230769232,0.3220779220779221,E1 전체 기간,공정 값 23 + pair_pos,부스팅,
AdaBoost,40,0.42673863291979147,0.02628044682765853,0.0,0.2,0.4,0.0,0.0,0.0,0.5064935064935066,E1 전체 기간,공정 값 23 + pair_pos,부스팅,
AdaBoost,41,0.41606915016825813,0.04136176251463262,0.0,0.4,0.8,0.0,0.0,0.0,0.6528138528138528,E1 전체 기간,공정 값 23 + pair_pos,부스팅,
AdaBoost,42,0.3868749571424604,0.04531052295585547,0.2,0.2,0.4,0.034482758620689655,0.2,0.018867924528301886,0.6248927038626609,E1 전체 기간,공정 값 23 + pair_pos,부스팅,
AdaBoost,43,0.39415341802500475,0.03390070238637311,0.0,0.0,0.6,0.0,0.0,0.0,0.6285714285714286,E1 전체 기간,공정 값 23 + pair_pos,부스팅,
AdaBoost,44,0.4345345240652771,0.04776550333051881,0.2,0.4,0.4,0.0,0.0,0.0,0.6761904761904762,E1 전체 기간,공정 값 23 + pair_pos,부스팅,
AdaBoost,45,0.40987543301918794,0.04995646907411613,0.2,0.6,0.8,0.0,0.0,0.0,0.7108225108225108,E1 전체 기간,공정 값 23 + pair_pos,부스팅,
AdaBoost,46,0.44197377212373307,0.025062146513759417,0.0,0.0,0.2,0.0,0.0,0.0,0.5125541125541127,E1 전체 기간,공정 값 23 + pair_pos,부스팅,
AdaBoost,47,0.4133770136054488,0.02917433030115332,0.0,0.2,0.2,0.0,0.0,0.0,0.5888412017167381,E1 전체 기간,공정 값 23 + pair_pos,부스팅,
AdaBoost,48,0.4569299801258908,0.022311411788721654,0.0,0.0,0.0,0.0,0.0,0.0,0.44502164502164504,E1 전체 기간,공정 값 23 + pair_pos,부스팅,
AdaBoost,49,0.36237568080714444,0.09392207983347876,0.6,0.6,0.6,0.06593406593406594,0.6,0.03488372093023256,0.7696969696969697,E1 전체 기간,공정 값 23 + pair_pos,부스팅,
GradientBoosting,0,0.009174024175820326,0.06363156770114267,0.2,0.4,0.8,0.08163265306122448,0.4,0.045454545454545456,0.780952380952381,E1 전체 기간,공정 값 23 + pair_pos,부스팅,
GradientBoosting,1,0.010827409829655575,0.02547146189457887,0.0,0.2,0.2,0.0,0.0,0.0,0.5021645021645021,E1 전체 기간,공정 값 23 + pair_pos,부스팅,
GradientBoosting,2,0.0021191324373486284,0.029708120006102262,0.0,0.2,0.2,0.06060606060606061,0.6,0.031914893617021274,0.5896995708154507,E1 전체 기간,공정 값 23 + pair_pos,부스팅,
GradientBoosting,3,0.27793601172574045,0.04236658766712874,0.2,0.2,0.6,0.0,0.0,0.0,0.6909090909090909,E1 전체 기간,공정 값 23 + pair_pos,부스팅,
GradientBoosting,4,0.021889793740994656,0.06619532262065544,0.4,0.4,0.6,0.14814814814814814,0.4,0.09090909090909091,0.7896103896103897,E1 전체 기간,공정 값 23 + pair_pos,부스팅,
GradientBoosting,5,0.050690707876816565,0.05444454777958615,0.0,0.6,0.8,0.0,0.0,0.0,0.7575757575757576,E1 전체 기간,공정 값 23 + pair_pos,부스팅,
GradientBoosting,6,0.15911590547907276,0.049991870510580474,0.2,0.6,0.6,0.0,0.0,0.0,0.6761904761904762,E1 전체 기간,공정 값 23 + pair_pos,부스팅,
GradientBoosting,7,0.013163596309493819,0.1678458796105855,0.4,0.6,0.6,0.12,0.6,0.06666666666666667,0.8085836909871245,E1 전체 기간,공정 값 23 + pair_pos,부스팅,
GradientBoosting,8,0.02903554035876397,0.03430793198556739,0.0,0.2,0.4,0.0,0.0,0.0,0.6484848484848486,E1 전체 기간,공정 값 23 + pair_pos,부스팅,
GradientBoosting,9,0.7276194496196307,0.03273224960861777,0.2,0.2,0.2,0.0,0.0,0.0,0.5861471861471862,E1 전체 기간,공정 값 23 + pair_pos,부스팅,
GradientBoosting,10,0.011696113067023792,0.04669483370860646,0.2,0.4,0.4,0.10526315789473684,0.4,0.06060606060606061,0.6354978354978356,E1 전체 기간,공정 값 23 + pair_pos,부스팅,
GradientBoosting,11,0.4438735249626606,0.04365565379075169,0.0,0.4,0.6,0.0,0.0,0.0,0.7316017316017316,E1 전체 기간,공정 값 23 + pair_pos,부스팅,
GradientBoosting,12,0.0026427293963375655,0.0869323629024243,0.4,0.6,0.6,0.07920792079207921,0.8,0.041666666666666664,0.7639484978540771,E1 전체 기간,공정 값 23 + pair_pos,부스팅,
GradientBoosting,13,0.0548818074911554,0.049918365726857546,0.2,0.2,0.6,0.0,0.0,0.0,0.6995670995670995,E1 전체 기간,공정 값 23 + pair_pos,부스팅,
GradientBoosting,14,0.02804282107174125,0.04647537647537648,0.2,0.4,0.6,0.0,0.0,0.0,0.7264069264069264,E1 전체 기간,공정 값 23 + pair_pos,부스팅,
GradientBoosting,15,0.057419819604528334,0.25293807936479024,0.4,0.4,0.6,0.16666666666666666,0.2,0.14285714285714285,0.6796536796536796,E1 전체 기간,공정 값 23 + pair_pos,부스팅,
GradientBoosting,16,0.026279217116595605,0.03378528949770049,0.0,0.4,0.6,0.0,0.0,0.0,0.6069264069264069,E1 전체 기간,공정 값 23 + pair_pos,부스팅,
GradientBoosting,17,0.001822306751381942,0.06660441008267096,0.2,0.4,0.6,0.08695652173913043,1.0,0.045454545454545456,0.7399141630901287,E1 전체 기간,공정 값 23 + pair_pos,부스팅,
GradientBoosting,18,0.004196525604988233,0.040333990021681386,0.2,0.4,0.6,0.06060606060606061,0.4,0.03278688524590164,0.664069264069264,E1 전체 기간,공정 값 23 + pair_pos,부스팅,
GradientBoosting,19,0.0008394647169014739,0.05164388046410518,0.0,0.6,0.6,0.06711409395973154,1.0,0.034722222222222224,0.7627705627705628,E1 전체 기간,공정 값 23 + pair_pos,부스팅,
GradientBoosting,20,0.004994681590683024,0.15343406593406594,0.4,0.4,0.4,0.05194805194805195,0.4,0.027777777777777776,0.7506493506493507,E1 전체 기간,공정 값 23 + pair_pos,부스팅,
GradientBoosting,21,0.027779835307876904,0.03603927051019732,0.2,0.2,0.4,0.0,0.0,0.0,0.6346320346320347,E1 전체 기간,공정 값 23 + pair_pos,부스팅,
GradientBoosting,22,0.0010896185737916107,0.14339822388977155,0.2,0.4,0.8,0.07042253521126761,1.0,0.0364963503649635,0.7648068669527897,E1 전체 기간,공정 값 23 + pair_pos,부스팅,
GradientBoosting,23,0.012237246329394316,0.0525330328875105,0.4,0.4,0.4,0.0975609756097561,0.4,0.05555555555555555,0.6865800865800866,E1 전체 기간,공정 값 23 + pair_pos,부스팅,
GradientBoosting,24,0.0013485622970064194,0.04506670872683794,0.2,0.2,0.6,0.06504065040650407,0.8,0.03389830508474576,0.6415584415584416,E1 전체 기간,공정 값 23 + pair_pos,부스팅,
GradientBoosting,25,0.08490270720149076,0.024533212659755364,0.0,0.2,0.2,0.0,0.0,0.0,0.4987012987012987,E1 전체 기간,공정 값 23 + pair_pos,부스팅,
GradientBoosting,26,0.0008520657014644984,0.05580544558147883,0.2,0.6,0.8,0.058394160583941604,0.8,0.030303030303030304,0.7168831168831169,E1 전체 기간,공정 값 23 + pair_pos,부스팅,
GradientBoosting,27,0.005110526549666865,0.05194881142249563,0.4,0.4,0.6,0.07142857142857142,0.6,0.0379746835443038,0.7175965665236052,E1 전체 기간,공정 값 23 + pair_pos,부스팅,
GradientBoosting,28,0.02020791617304429,0.048896616117711456,0.2,0.4,0.6,0.06451612903225806,0.2,0.038461538461538464,0.7298701298701299,E1 전체 기간,공정 값 23 + pair_pos,부스팅,
GradientBoosting,29,0.009918786179204385,0.032085540085540085,0.0,0.0,0.2,0.0,0.0,0.0,0.6285714285714286,E1 전체 기간,공정 값 23 + pair_pos,부스팅,
GradientBoosting,30,0.041790336848302884,0.07248570143306984,0.2,0.6,0.8,0.0,0.0,0.0,0.819047619047619,E1 전체 기간,공정 값 23 + pair_pos,부스팅,
GradientBoosting,31,0.0031330943622271067,0.04793066531885071,0.2,0.2,0.4,0.04938271604938271,0.4,0.02631578947368421,0.6077922077922078,E1 전체 기간,공정 값 23 + pair_pos,부스팅,
GradientBoosting,32,0.0006425318299958752,0.15988697716234668,0.4,0.4,0.4,0.05517241379310345,0.8,0.02857142857142857,0.6901287553648069,E1 전체 기간,공정 값 23 + pair_pos,부스팅,
GradientBoosting,33,0.021952464359431663,0.03223999577658114,0.0,0.4,0.4,0.0,0.0,0.0,0.6077922077922078,E1 전체 기간,공정 값 23 + pair_pos,부스팅,
GradientBoosting,34,0.007925975261547187,0.03838195138195138,0.0,0.4,0.6,0.09523809523809523,0.6,0.05172413793103448,0.6,E1 전체 기간,공정 값 23 + pair_pos,부스팅,
GradientBoosting,35,0.017841105226172514,0.04407254804554708,0.2,0.2,0.6,0.04081632653061224,0.2,0.022727272727272728,0.6554112554112554,E1 전체 기간,공정 값 23 + pair_pos,부스팅,
GradientBoosting,36,0.022989101560014567,0.033268028666078475,0.0,0.4,0.4,0.0,0.0,0.0,0.5766233766233767,E1 전체 기간,공정 값 23 + pair_pos,부스팅,
GradientBoosting,37,0.15450846990972675,0.057494073020388815,0.4,0.4,0.4,0.0,0.0,0.0,0.7476394849785408,E1 전체 기간,공정 값 23 + pair_pos,부스팅,
GradientBoosting,38,0.0016794430924436778,0.090453044375645,0.2,0.4,0.4,0.08196721311475409,1.0,0.042735042735042736,0.7341991341991342,E1 전체 기간,공정 값 23 + pair_pos,부스팅,
GradientBoosting,39,0.033619801540652444,0.12492684703063385,0.2,0.2,0.4,0.14285714285714285,0.2,0.1111111111111111,0.6155844155844156,E1 전체 기간,공정 값 23 + pair_pos,부스팅,
GradientBoosting,40,0.005094064132928594,0.040301902890138186,0.0,0.2,0.6,0.07894736842105263,0.6,0.04225352112676056,0.7073593073593074,E1 전체 기간,공정 값 23 + pair_pos,부스팅,
GradientBoosting,41,0.0027056420644315632,0.07471288708598821,0.2,0.2,0.2,0.06666666666666667,0.6,0.03529411764705882,0.5956709956709957,E1 전체 기간,공정 값 23 + pair_pos,부스팅,
GradientBoosting,42,0.05478392610476968,0.05707691825083129,0.2,0.6,0.6,0.0,0.0,0.0,0.6815450643776824,E1 전체 기간,공정 값 23 + pair_pos,부스팅,
GradientBoosting,43,0.011496287411490438,0.07227919090054336,0.2,0.4,0.4,0.04878048780487805,0.2,0.027777777777777776,0.696969696969697,E1 전체 기간,공정 값 23 + pair_pos,부스팅,
GradientBoosting,44,0.052131347725087554,0.08901515151515152,0.4,0.6,0.8,0.0,0.0,0.0,0.8467532467532467,E1 전체 기간,공정 값 23 + pair_pos,부스팅,
GradientBoosting,45,0.0387616872885263,0.03636751955217611,0.0,0.2,0.4,0.0,0.0,0.0,0.6701298701298701,E1 전체 기간,공정 값 23 + pair_pos,부스팅,
GradientBoosting,46,0.007741890820807296,0.02877765169248153,0.0,0.2,0.2,0.0,0.0,0.0,0.580952380952381,E1 전체 기간,공정 값 23 + pair_pos,부스팅,
GradientBoosting,47,0.00044502647580839524,0.027728736112032408,0.0,0.0,0.2,0.058823529411764705,1.0,0.030303030303030304,0.5751072961373391,E1 전체 기간,공정 값 23 + pair_pos,부스팅,
GradientBoosting,48,0.01632621609604531,0.08948979400221584,0.4,0.4,0.4,0.10526315789473684,0.4,0.06060606060606061,0.6268398268398269,E1 전체 기간,공정 값 23 + pair_pos,부스팅,
GradientBoosting,49,0.0004777053865762096,0.079087846116148,0.2,0.6,1.0,0.05235602094240838,1.0,0.026881720430107527,0.8441558441558442,E1 전체 기간,공정 값 23 + pair_pos,부스팅,
HistGradientBoosting,0,0.03359476479653311,0.28055583361871395,0.6,0.8,0.8,0.2,0.2,0.2,0.8225108225108226,E1 전체 기간,공정 값 23 + pair_pos,부스팅,
HistGradientBoosting,1,2.739051418249917e-05,0.020641418364225637,0.0,0.2,0.2,0.02197802197802198,0.2,0.011627906976744186,0.3705627705627706,E1 전체 기간,공정 값 23 + pair_pos,부스팅,
HistGradientBoosting,2,0.0009104898425568572,0.05219476765851448,0.2,0.2,0.2,0.09523809523809523,0.2,0.0625,0.4815450643776824,E1 전체 기간,공정 값 23 + pair_pos,부스팅,
HistGradientBoosting,3,1.3550434808734833e-05,0.07342177998894417,0.2,0.4,0.8,0.04149377593360996,1.0,0.0211864406779661,0.8121212121212122,E1 전체 기간,공정 값 23 + pair_pos,부스팅,
HistGradientBoosting,4,0.20100912630642256,0.028896048059917454,0.0,0.2,0.4,0.0,0.0,0.0,0.5021645021645021,E1 전체 기간,공정 값 23 + pair_pos,부스팅,
HistGradientBoosting,5,3.198587523374742e-05,0.08336008277184748,0.6,0.6,0.6,0.08,1.0,0.041666666666666664,0.7835497835497836,E1 전체 기간,공정 값 23 + pair_pos,부스팅,
HistGradientBoosting,6,2.583202340975971e-05,0.10462456672166583,0.6,0.6,0.8,0.064,0.8,0.03333333333333333,0.7307359307359308,E1 전체 기간,공정 값 23 + pair_pos,부스팅,
HistGradientBoosting,7,0.005184262922556196,0.06750697666151194,0.2,0.6,0.8,0.125,0.2,0.09090909090909091,0.76137339055794,E1 전체 기간,공정 값 23 + pair_pos,부스팅,
HistGradientBoosting,8,0.026456491358347843,0.0585028732995079,0.4,0.4,0.6,0.0,0.0,0.0,0.7238095238095239,E1 전체 기간,공정 값 23 + pair_pos,부스팅,
HistGradientBoosting,9,0.0015629396291486468,0.06763618777565134,0.2,0.4,0.4,0.08333333333333333,0.2,0.05263157894736842,0.5965367965367966,E1 전체 기간,공정 값 23 + pair_pos,부스팅,
HistGradientBoosting,10,0.00019147367382216918,0.035454452726479437,0.0,0.2,0.6,0.0,0.0,0.0,0.5930735930735931,E1 전체 기간,공정 값 23 + pair_pos,부스팅,
HistGradientBoosting,11,0.003542109733592401,0.030370270539106868,0.0,0.0,0.4,0.0,0.0,0.0,0.6095238095238096,E1 전체 기간,공정 값 23 + pair_pos,부스팅,
HistGradientBoosting,12,0.037171527819257685,0.03743067768029942,0.2,0.2,0.4,0.0,0.0,0.0,0.37081545064377686,E1 전체 기간,공정 값 23 + pair_pos,부스팅,
HistGradientBoosting,13,0.00525472752513673,0.059809291440521835,0.4,0.4,0.4,0.11764705882352941,0.2,0.08333333333333333,0.5878787878787879,E1 전체 기간,공정 값 23 + pair_pos,부스팅,
HistGradientBoosting,14,0.00926978846768479,0.04956080642188807,0.2,0.6,0.6,0.0,0.0,0.0,0.5636363636363636,E1 전체 기간,공정 값 23 + pair_pos,부스팅,
HistGradientBoosting,15,0.0007863042429636143,0.056860222846272304,0.2,0.4,0.8,0.06896551724137931,0.2,0.041666666666666664,0.7904761904761906,E1 전체 기간,공정 값 23 + pair_pos,부스팅,
HistGradientBoosting,16,0.1317129383543089,0.03296444432894046,0.0,0.2,0.6,0.0,0.0,0.0,0.593939393939394,E1 전체 기간,공정 값 23 + pair_pos,부스팅,
HistGradientBoosting,17,0.0006023658953808464,0.05006660892204983,0.2,0.4,0.6,0.0625,0.2,0.037037037037037035,0.6678111587982833,E1 전체 기간,공정 값 23 + pair_pos,부스팅,
HistGradientBoosting,18,0.007875437243047565,0.06194815065958442,0.2,0.8,0.8,0.0,0.0,0.0,0.7186147186147187,E1 전체 기간,공정 값 23 + pair_pos,부스팅,
HistGradientBoosting,19,0.08025335276436077,0.0518216026499159,0.2,0.2,0.4,0.0,0.0,0.0,0.7324675324675325,E1 전체 기간,공정 값 23 + pair_pos,부스팅,
HistGradientBoosting,20,0.00017935683844419922,0.05211909335585171,0.2,0.4,0.6,0.044444444444444446,0.2,0.025,0.7238095238095238,E1 전체 기간,공정 값 23 + pair_pos,부스팅,
HistGradientBoosting,21,0.0024824806495213313,0.1286239472698962,0.4,0.4,0.8,0.15384615384615385,0.2,0.125,0.7090909090909091,E1 전체 기간,공정 값 23 + pair_pos,부스팅,
HistGradientBoosting,22,0.11033727299584856,0.03371896117812634,0.0,0.4,0.4,0.0,0.0,0.0,0.6128755364806866,E1 전체 기간,공정 값 23 + pair_pos,부스팅,
HistGradientBoosting,23,8.27515603802987e-05,0.07195997446037362,0.4,0.4,0.6,0.1016949152542373,0.6,0.05555555555555555,0.6225108225108226,E1 전체 기간,공정 값 23 + pair_pos,부스팅,
HistGradientBoosting,24,0.013207246375091741,0.22214835268573588,0.2,0.2,0.2,0.14285714285714285,0.2,0.1111111111111111,0.5558441558441559,E1 전체 기간,공정 값 23 + pair_pos,부스팅,
HistGradientBoosting,25,0.011675501011113362,0.021341231548136448,0.0,0.0,0.0,0.0,0.0,0.0,0.4320346320346321,E1 전체 기간,공정 값 23 + pair_pos,부스팅,
HistGradientBoosting,26,0.00014244861592807305,0.07413135588052347,0.2,0.4,0.6,0.07272727272727272,0.4,0.04,0.6813852813852813,E1 전체 기간,공정 값 23 + pair_pos,부스팅,
HistGradientBoosting,27,0.27712536132177423,0.05278411403411404,0.2,0.4,0.4,0.0,0.0,0.0,0.6360515021459228,E1 전체 기간,공정 값 23 + pair_pos,부스팅,
HistGradientBoosting,28,0.016775010979213113,0.032903138932082854,0.0,0.2,0.4,0.0,0.0,0.0,0.6207792207792208,E1 전체 기간,공정 값 23 + pair_pos,부스팅,
HistGradientBoosting,29,0.01737988150179863,0.05609947548626794,0.2,0.4,0.4,0.13333333333333333,0.2,0.1,0.6303030303030304,E1 전체 기간,공정 값 23 + pair_pos,부스팅,
HistGradientBoosting,30,4.91958616761503e-05,0.03830552378025307,0.0,0.2,0.4,0.05,0.4,0.02666666666666667,0.6865800865800865,E1 전체 기간,공정 값 23 + pair_pos,부스팅,
HistGradientBoosting,31,6.128688096900967e-05,0.06332728136102676,0.4,0.4,0.4,0.07058823529411765,0.6,0.0375,0.7272727272727273,E1 전체 기간,공정 값 23 + pair_pos,부스팅,
HistGradientBoosting,32,0.0007383527800479161,0.09282990008463288,0.2,0.2,0.6,0.08695652173913043,0.2,0.05555555555555555,0.5502145922746781,E1 전체 기간,공정 값 23 + pair_pos,부스팅,
HistGradientBoosting,33,0.8595895005967293,0.05214181232637609,0.4,0.4,0.6,0.0,0.0,0.0,0.6987012987012987,E1 전체 기간,공정 값 23 + pair_pos,부스팅,
HistGradientBoosting,34,0.0025175534608565665,0.05573336023946457,0.2,0.2,0.6,0.0,0.0,0.0,0.7307359307359308,E1 전체 기간,공정 값 23 + pair_pos,부스팅,
HistGradientBoosting,35,0.0002858155234338823,0.04601826167360147,0.2,0.2,0.4,0.046511627906976744,0.2,0.02631578947368421,0.7099567099567099,E1 전체 기간,공정 값 23 + pair_pos,부스팅,
HistGradientBoosting,36,0.2870536608401646,0.05156287558290468,0.2,0.4,0.6,0.0,0.0,0.0,0.6251082251082252,E1 전체 기간,공정 값 23 + pair_pos,부스팅,
HistGradientBoosting,37,0.00020464195106356805,0.07316629479989548,0.4,0.4,0.6,0.08,0.4,0.044444444444444446,0.7690987124463519,E1 전체 기간,공정 값 23 + pair_pos,부스팅,
HistGradientBoosting,38,4.9392500613983424e-05,0.05069161777205471,0.0,0.4,0.8,0.08247422680412371,0.8,0.043478260869565216,0.7506493506493507,E1 전체 기간,공정 값 23 + pair_pos,부스팅,
HistGradientBoosting,39,0.00013877732564819464,0.03715098433739693,0.0,0.2,0.6,0.0425531914893617,0.2,0.023809523809523808,0.6761904761904762,E1 전체 기간,공정 값 23 + pair_pos,부스팅,
HistGradientBoosting,40,6.149554013109998e-05,0.06526822973798622,0.4,0.4,0.4,0.05970149253731343,0.4,0.03225806451612903,0.5601731601731602,E1 전체 기간,공정 값 23 + pair_pos,부스팅,
HistGradientBoosting,41,0.0027870106303334247,0.043287723434673436,0.2,0.2,0.6,0.0,0.0,0.0,0.6277056277056277,E1 전체 기간,공정 값 23 + pair_pos,부스팅,
HistGradientBoosting,42,0.03489202435302119,0.11944165696154402,0.4,0.6,0.6,0.2,0.2,0.2,0.6866952789699571,E1 전체 기간,공정 값 23 + pair_pos,부스팅,
HistGradientBoosting,43,0.00030082228301921593,0.023868002812988683,0.0,0.0,0.2,0.0,0.0,0.0,0.43982683982683984,E1 전체 기간,공정 값 23 + pair_pos,부스팅,
HistGradientBoosting,44,0.00022437701672151775,0.04498009730207873,0.0,0.4,0.6,0.0851063829787234,0.4,0.047619047619047616,0.7082251082251083,E1 전체 기간,공정 값 23 + pair_pos,부스팅,
HistGradientBoosting,45,0.0018062251250052337,0.04820545503455593,0.2,0.4,0.6,0.0,0.0,0.0,0.6415584415584417,E1 전체 기간,공정 값 23 + pair_pos,부스팅,
HistGradientBoosting,46,0.0070946947949454085,0.07970884128299208,0.4,0.4,0.6,0.0,0.0,0.0,0.6502164502164502,E1 전체 기간,공정 값 23 + pair_pos,부스팅,
HistGradientBoosting,47,4.1937484658860986e-05,0.028121111197234375,0.0,0.2,0.4,0.038461538461538464,0.4,0.020202020202020204,0.5012875536480688,E1 전체 기간,공정 값 23 + pair_pos,부스팅,
HistGradientBoosting,48,0.0016913298817236378,0.015916007899278273,0.0,0.0,0.2,0.0,0.0,0.0,0.2121212121212121,E1 전체 기간,공정 값 23 + pair_pos,부스팅,
HistGradientBoosting,49,0.002850529426354358,0.057454387717545616,0.4,0.4,0.6,0.0,0.0,0.0,0.7212121212121212,E1 전체 기간,공정 값 23 + pair_pos,부스팅,
XGBoost,0,0.4222984313964844,0.08792584390017949,0.4,0.6,0.8,0.0,0.0,0.0,0.8303030303030303,E1 전체 기간,공정 값 23 + pair_pos,부스팅,
XGBoost,1,0.23179994523525238,0.024983042588231932,0.0,0.2,0.2,0.0,0.0,0.0,0.49783549783549785,E1 전체 기간,공정 값 23 + pair_pos,부스팅,
XGBoost,2,0.31517431139945984,0.045239464028245364,0.2,0.4,0.4,0.0,0.0,0.0,0.5484978540772533,E1 전체 기간,공정 값 23 + pair_pos,부스팅,
XGBoost,3,0.004806781653314829,0.06661135161135161,0.2,0.6,0.8,0.07575757575757576,1.0,0.03937007874015748,0.8225108225108225,E1 전체 기간,공정 값 23 + pair_pos,부스팅,
XGBoost,4,0.22066494822502136,0.04998098082084645,0.2,0.4,0.8,0.0,0.0,0.0,0.7523809523809524,E1 전체 기간,공정 값 23 + pair_pos,부스팅,
XGBoost,5,0.04190555959939957,0.07570520585191164,0.4,0.4,0.8,0.07017543859649122,0.4,0.038461538461538464,0.7437229437229438,E1 전체 기간,공정 값 23 + pair_pos,부스팅,
XGBoost,6,0.04227240011096001,0.13131387886757254,0.2,0.4,0.4,0.09523809523809523,0.4,0.05405405405405406,0.5670995670995671,E1 전체 기간,공정 값 23 + pair_pos,부스팅,
XGBoost,7,0.14879220724105835,0.06197843225938046,0.2,0.6,0.6,0.05555555555555555,0.2,0.03225806451612903,0.7450643776824034,E1 전체 기간,공정 값 23 + pair_pos,부스팅,
XGBoost,8,0.08837388455867767,0.15170977011494255,0.4,0.6,0.8,0.07407407407407407,0.2,0.045454545454545456,0.7670995670995672,E1 전체 기간,공정 값 23 + pair_pos,부스팅,
XGBoost,9,0.527387797832489,0.12159790209790211,0.2,0.2,0.2,0.2,0.2,0.2,0.5636363636363636,E1 전체 기간,공정 값 23 + pair_pos,부스팅,
XGBoost,10,0.2565666437149048,0.05216426187932678,0.2,0.4,0.4,0.14285714285714285,0.2,0.1111111111111111,0.6112554112554113,E1 전체 기간,공정 값 23 + pair_pos,부스팅,
XGBoost,11,0.6899217963218689,0.03890964590964591,0.0,0.0,0.4,0.0,0.0,0.0,0.6969696969696969,E1 전체 기간,공정 값 23 + pair_pos,부스팅,
XGBoost,12,0.1866328865289688,0.0795490538872892,0.2,0.4,0.6,0.09523809523809523,0.2,0.0625,0.7150214592274678,E1 전체 기간,공정 값 23 + pair_pos,부스팅,
XGBoost,13,0.27039238810539246,0.06447189592017177,0.4,0.4,0.4,0.10526315789473684,0.2,0.07142857142857142,0.6043290043290044,E1 전체 기간,공정 값 23 + pair_pos,부스팅,
XGBoost,14,0.2722480893135071,0.05881728755994249,0.4,0.6,0.6,0.0,0.0,0.0,0.6303030303030303,E1 전체 기간,공정 값 23 + pair_pos,부스팅,
XGBoost,15,0.009700869210064411,0.0885155535410396,0.4,0.4,0.6,0.07547169811320754,0.8,0.039603960396039604,0.6987012987012987,E1 전체 기간,공정 값 23 + pair_pos,부스팅,
XGBoost,16,0.28660839796066284,0.03452034450593696,0.0,0.4,0.4,0.0,0.0,0.0,0.6285714285714286,E1 전체 기간,공정 값 23 + pair_pos,부스팅,
XGBoost,17,0.06582429260015488,0.0473610421886284,0.0,0.2,0.6,0.045454545454545456,0.2,0.02564102564102564,0.7562231759656652,E1 전체 기간,공정 값 23 + pair_pos,부스팅,
XGBoost,18,0.24365952610969543,0.050918815894808914,0.2,0.4,0.4,0.0,0.0,0.0,0.6320346320346321,E1 전체 기간,공정 값 23 + pair_pos,부스팅,
XGBoost,19,0.0025750151835381985,0.11587109986473537,0.2,0.6,0.8,0.0684931506849315,1.0,0.03546099290780142,0.8025974025974026,E1 전체 기간,공정 값 23 + pair_pos,부스팅,
XGBoost,20,0.040584005415439606,0.07346375660948137,0.2,0.4,0.6,0.06779661016949153,0.4,0.037037037037037035,0.7238095238095238,E1 전체 기간,공정 값 23 + pair_pos,부스팅,
XGBoost,21,0.026704417541623116,0.2536853677051933,0.4,0.6,0.6,0.11538461538461539,0.6,0.06382978723404255,0.6995670995670996,E1 전체 기간,공정 값 23 + pair_pos,부스팅,
XGBoost,22,0.03692043200135231,0.05995489951802944,0.4,0.4,0.8,0.09523809523809523,0.6,0.05172413793103448,0.744206008583691,E1 전체 기간,공정 값 23 + pair_pos,부스팅,
XGBoost,23,0.06245741248130798,0.2840725899276724,0.4,0.4,0.4,0.10256410256410256,0.4,0.058823529411764705,0.6519480519480519,E1 전체 기간,공정 값 23 + pair_pos,부스팅,
XGBoost,24,0.328993558883667,0.04427456146333234,0.2,0.2,0.2,0.125,0.2,0.09090909090909091,0.5047619047619047,E1 전체 기간,공정 값 23 + pair_pos,부스팅,
XGBoost,25,0.23292526602745056,0.022771115073502685,0.0,0.0,0.2,0.0,0.0,0.0,0.4692640692640693,E1 전체 기간,공정 값 23 + pair_pos,부스팅,
XGBoost,26,0.0068483976647257805,0.09763265619053095,0.6,0.8,0.8,0.08080808080808081,0.8,0.0425531914893617,0.7523809523809524,E1 전체 기간,공정 값 23 + pair_pos,부스팅,
XGBoost,27,0.01143436785787344,0.23796301019396074,0.4,0.4,0.4,0.06382978723404255,0.6,0.033707865168539325,0.6437768240343348,E1 전체 기간,공정 값 23 + pair_pos,부스팅,
XGBoost,28,0.33311590552330017,0.06447507249414806,0.2,0.4,0.4,0.13333333333333333,0.2,0.1,0.6147186147186148,E1 전체 기간,공정 값 23 + pair_pos,부스팅,
XGBoost,29,0.08523615449666977,0.03870901562425169,0.2,0.4,0.4,0.06060606060606061,0.2,0.03571428571428571,0.6614718614718615,E1 전체 기간,공정 값 23 + pair_pos,부스팅,
XGBoost,30,0.01323052030056715,0.05721234716677965,0.2,0.4,0.8,0.08602150537634409,0.8,0.045454545454545456,0.7627705627705628,E1 전체 기간,공정 값 23 + pair_pos,부스팅,
XGBoost,31,0.020591171458363533,0.0717932067932068,0.2,0.4,0.4,0.07272727272727272,0.4,0.04,0.6761904761904762,E1 전체 기간,공정 값 23 + pair_pos,부스팅,
XGBoost,32,0.025699011981487274,0.2622724897005473,0.4,0.4,0.4,0.06896551724137931,0.4,0.03773584905660377,0.6609442060085837,E1 전체 기간,공정 값 23 + pair_pos,부스팅,
XGBoost,33,0.004473135806620121,0.09411342448322924,0.4,0.4,0.4,0.05042016806722689,0.6,0.02631578947368421,0.6311688311688313,E1 전체 기간,공정 값 23 + pair_pos,부스팅,
XGBoost,34,0.5322014093399048,0.12195397799659224,0.2,0.4,0.4,0.25,0.2,0.3333333333333333,0.5012987012987014,E1 전체 기간,공정 값 23 + pair_pos,부스팅,
XGBoost,35,0.158112034201622,0.2457879412939217,0.4,0.4,0.6,0.10810810810810811,0.4,0.0625,0.7047619047619048,E1 전체 기간,공정 값 23 + pair_pos,부스팅,
XGBoost,36,0.05184975638985634,0.043745574095673936,0.2,0.4,0.6,0.10810810810810811,0.4,0.0625,0.6528138528138528,E1 전체 기간,공정 값 23 + pair_pos,부스팅,
XGBoost,37,0.1561892032623291,0.0768144499178982,0.6,0.6,0.6,0.09090909090909091,0.2,0.058823529411764705,0.7484978540772532,E1 전체 기간,공정 값 23 + pair_pos,부스팅,
XGBoost,38,0.0030543110333383083,0.046820794148380356,0.0,0.4,0.6,0.07751937984496124,1.0,0.04032258064516129,0.7281385281385282,E1 전체 기간,공정 값 23 + pair_pos,부스팅,
XGBoost,39,0.01198352500796318,0.023061737240469365,0.0,0.2,0.4,0.03076923076923077,0.2,0.016666666666666666,0.4207792207792208,E1 전체 기간,공정 값 23 + pair_pos,부스팅,
XGBoost,40,0.6774079203605652,0.06090584683719477,0.4,0.4,0.4,0.0,0.0,0.0,0.6268398268398269,E1 전체 기간,공정 값 23 + pair_pos,부스팅,
XGBoost,41,0.35446080565452576,0.04880811813392991,0.2,0.4,0.4,0.0,0.0,0.0,0.6770562770562771,E1 전체 기간,공정 값 23 + pair_pos,부스팅,
XGBoost,42,0.03490845113992691,0.08084294677802115,0.6,0.6,0.6,0.11764705882352941,0.6,0.06521739130434782,0.6952789699570816,E1 전체 기간,공정 값 23 + pair_pos,부스팅,
XGBoost,43,0.014677758328616619,0.04290447611902976,0.2,0.4,0.4,0.06153846153846154,0.4,0.03333333333333333,0.6857142857142857,E1 전체 기간,공정 값 23 + pair_pos,부스팅,
XGBoost,44,0.4663785398006439,0.06615272442737231,0.2,0.4,0.6,0.0,0.0,0.0,0.7593073593073593,E1 전체 기간,공정 값 23 + pair_pos,부스팅,
XGBoost,45,0.006404737941920757,0.0640174732100198,0.4,0.4,0.6,0.06896551724137931,0.8,0.036036036036036036,0.7627705627705628,E1 전체 기간,공정 값 23 + pair_pos,부스팅,
XGBoost,46,0.01256474107503891,0.027025108310128193,0.0,0.0,0.2,0.028985507246376812,0.2,0.015625,0.5298701298701298,E1 전체 기간,공정 값 23 + pair_pos,부스팅,
XGBoost,47,0.2303406149148941,0.024807685685935436,0.0,0.0,0.2,0.0,0.0,0.0,0.5124463519313305,E1 전체 기간,공정 값 23 + pair_pos,부스팅,
XGBoost,48,0.5915568470954895,0.027884335588580347,0.2,0.2,0.2,0.0,0.0,0.0,0.4380952380952381,E1 전체 기간,공정 값 23 + pair_pos,부스팅,
XGBoost,49,0.008898741565644741,0.10039107430411778,0.6,0.6,0.8,0.07207207207207207,0.8,0.03773584905660377,0.8251082251082251,E1 전체 기간,공정 값 23 + pair_pos,부스팅,
LightGBM,0,0.560145523960093,0.08148251177626943,0.4,0.8,0.8,0.0,0.0,0.0,0.8337662337662337,E1 전체 기간,공정 값 23 + pair_pos,부스팅,
LightGBM,1,0.03247905452505868,0.027126429142413012,0.0,0.2,0.2,0.0,0.0,0.0,0.5497835497835498,E1 전체 기간,공정 값 23 + pair_pos,부스팅,
LightGBM,2,0.0005864070497049647,0.038039623805118716,0.2,0.4,0.4,0.06741573033707865,0.6,0.03571428571428571,0.528755364806867,E1 전체 기간,공정 값 23 + pair_pos,부스팅,
LightGBM,3,0.00032588391531699045,0.07674915377465073,0.2,0.6,0.8,0.08403361344537816,1.0,0.043859649122807015,0.8346320346320346,E1 전체 기간,공정 값 23 + pair_pos,부스팅,
LightGBM,4,0.6830134703420097,0.04607081807081807,0.0,0.4,0.6,0.0,0.0,0.0,0.7238095238095238,E1 전체 기간,공정 값 23 + pair_pos,부스팅,
LightGBM,5,0.0038729799824093686,0.08267379860757346,0.4,0.6,0.6,0.10344827586206896,0.6,0.05660377358490566,0.7627705627705628,E1 전체 기간,공정 값 23 + pair_pos,부스팅,
LightGBM,6,0.0002923872936946832,0.06765563634166483,0.4,0.4,0.4,0.06896551724137931,0.6,0.036585365853658534,0.6147186147186148,E1 전체 기간,공정 값 23 + pair_pos,부스팅,
LightGBM,7,0.08934005341996433,0.052278986694631976,0.2,0.4,0.4,0.08,0.2,0.05,0.7459227467811159,E1 전체 기간,공정 값 23 + pair_pos,부스팅,
LightGBM,8,0.03408299885751503,0.08108490756766619,0.2,0.6,0.6,0.09090909090909091,0.2,0.058823529411764705,0.7757575757575758,E1 전체 기간,공정 값 23 + pair_pos,부스팅,
LightGBM,9,0.24805616561914737,0.1227100515702078,0.2,0.2,0.2,0.25,0.2,0.3333333333333333,0.5757575757575758,E1 전체 기간,공정 값 23 + pair_pos,부스팅,
LightGBM,10,0.025255571794058393,0.10786527198291904,0.4,0.4,0.6,0.125,0.2,0.09090909090909091,0.6926406926406926,E1 전체 기간,공정 값 23 + pair_pos,부스팅,
LightGBM,11,0.008792025774508714,0.038160819333506124,0.0,0.2,0.4,0.0,0.0,0.0,0.6926406926406926,E1 전체 기간,공정 값 23 + pair_pos,부스팅,
LightGBM,12,0.005276932814818181,0.07063818628355234,0.4,0.4,0.4,0.08163265306122448,0.4,0.045454545454545456,0.7356223175965666,E1 전체 기간,공정 값 23 + pair_pos,부스팅,
LightGBM,13,0.04166016934010879,0.06681829915096286,0.2,0.4,0.4,0.08333333333333333,0.2,0.05263157894736842,0.612987012987013,E1 전체 기간,공정 값 23 + pair_pos,부스팅,
LightGBM,14,0.04054453266417774,0.06888302451035867,0.4,0.6,0.6,0.10526315789473684,0.2,0.07142857142857142,0.6502164502164502,E1 전체 기간,공정 값 23 + pair_pos,부스팅,
LightGBM,15,0.049330333662397134,0.06924816332417441,0.4,0.4,0.4,0.15384615384615385,0.4,0.09523809523809523,0.6813852813852814,E1 전체 기간,공정 값 23 + pair_pos,부스팅,
LightGBM,16,0.12253746523475871,0.03525689505280643,0.0,0.2,0.6,0.0,0.0,0.0,0.6346320346320347,E1 전체 기간,공정 값 23 + pair_pos,부스팅,
LightGBM,17,0.5939319423346479,0.06215873673413027,0.2,0.4,1.0,0.0,0.0,0.0,0.809442060085837,E1 전체 기간,공정 값 23 + pair_pos,부스팅,
LightGBM,18,0.09931949946188769,0.06029352908300277,0.2,0.6,0.6,0.0,0.0,0.0,0.6848484848484848,E1 전체 기간,공정 값 23 + pair_pos,부스팅,
LightGBM,19,0.008623036176674263,0.2618840579710145,0.4,0.8,1.0,0.125,0.4,0.07407407407407407,0.8528138528138528,E1 전체 기간,공정 값 23 + pair_pos,부스팅,
LightGBM,20,0.003637088508270354,0.06263722610471836,0.4,0.4,0.4,0.06060606060606061,0.4,0.03278688524590164,0.7212121212121213,E1 전체 기간,공정 값 23 + pair_pos,부스팅,
LightGBM,21,0.0006006851264028328,0.2553239610932925,0.4,0.4,0.6,0.07058823529411765,0.6,0.0375,0.6744588744588744,E1 전체 기간,공정 값 23 + pair_pos,부스팅,
LightGBM,22,0.014543455058371303,0.05888610726905865,0.2,0.4,0.6,0.10810810810810811,0.4,0.0625,0.7433476394849785,E1 전체 기간,공정 값 23 + pair_pos,부스팅,
LightGBM,23,0.004546040834455849,0.13431013431013433,0.4,0.4,0.4,0.08333333333333333,0.4,0.046511627906976744,0.6528138528138527,E1 전체 기간,공정 값 23 + pair_pos,부스팅,
LightGBM,24,0.00687556294866185,0.04916715090628134,0.2,0.2,0.2,0.06060606060606061,0.2,0.03571428571428571,0.5463203463203463,E1 전체 기간,공정 값 23 + pair_pos,부스팅,
LightGBM,25,0.007315307349533055,0.027539398498273096,0.0,0.0,0.2,0.0,0.0,0.0,0.5445887445887446,E1 전체 기간,공정 값 23 + pair_pos,부스팅,
LightGBM,26,0.0002290308280299081,0.09662723785166241,0.4,0.8,0.8,0.07547169811320754,0.8,0.039603960396039604,0.7307359307359308,E1 전체 기간,공정 값 23 + pair_pos,부스팅,
LightGBM,27,0.0005050511228001665,0.23695633073493208,0.4,0.4,0.4,0.06593406593406594,0.6,0.03488372093023256,0.6678111587982833,E1 전체 기간,공정 값 23 + pair_pos,부스팅,
LightGBM,28,0.09609604269179108,0.03643723459268796,0.2,0.2,0.2,0.0,0.0,0.0,0.5783549783549784,E1 전체 기간,공정 값 23 + pair_pos,부스팅,
LightGBM,29,0.014364008548698274,0.04237508600868669,0.2,0.2,0.4,0.06451612903225806,0.2,0.038461538461538464,0.7108225108225108,E1 전체 기간,공정 값 23 + pair_pos,부스팅,
LightGBM,30,0.0013459458019106335,0.0592791989174945,0.2,0.4,0.6,0.0759493670886076,0.6,0.04054054054054054,0.7584415584415585,E1 전체 기간,공정 값 23 + pair_pos,부스팅,
LightGBM,31,0.0012558251696875916,0.07463288847904234,0.2,0.4,0.6,0.06451612903225806,0.4,0.03508771929824561,0.6909090909090909,E1 전체 기간,공정 값 23 + pair_pos,부스팅,
LightGBM,32,0.0016414865808461912,0.13632724696341328,0.4,0.4,0.4,0.07017543859649122,0.4,0.038461538461538464,0.6454935622317597,E1 전체 기간,공정 값 23 + pair_pos,부스팅,
LightGBM,33,0.00014363619787880616,0.09480403072702576,0.4,0.4,0.6,0.06722689075630252,0.8,0.03508771929824561,0.7012987012987013,E1 전체 기간,공정 값 23 + pair_pos,부스팅,
LightGBM,34,0.12856545156572463,0.11940106819774766,0.2,0.2,0.2,0.15384615384615385,0.2,0.125,0.5116883116883117,E1 전체 기간,공정 값 23 + pair_pos,부스팅,
LightGBM,35,0.013904572798446342,0.09221602393079474,0.4,0.4,0.6,0.09523809523809523,0.4,0.05405405405405406,0.7281385281385282,E1 전체 기간,공정 값 23 + pair_pos,부스팅,
LightGBM,36,0.30863651255629704,0.039981988745107534,0.0,0.4,0.6,0.0,0.0,0.0,0.6735930735930736,E1 전체 기간,공정 값 23 + pair_pos,부스팅,
LightGBM,37,0.03453314048070628,0.11080485059002013,0.6,0.6,0.8,0.21428571428571427,0.6,0.13043478260869565,0.7811158798283262,E1 전체 기간,공정 값 23 + pair_pos,부스팅,
LightGBM,38,0.008669578969783882,0.05426739926739926,0.2,0.4,0.6,0.08695652173913043,0.4,0.04878048780487805,0.7272727272727273,E1 전체 기간,공정 값 23 + pair_pos,부스팅,
LightGBM,39,0.002182401466413167,0.027161275457602427,0.0,0.2,0.4,0.04081632653061224,0.2,0.022727272727272728,0.5004329004329005,E1 전체 기간,공정 값 23 + pair_pos,부스팅,
LightGBM,40,0.0006179160251599165,0.06129298941798942,0.4,0.4,0.4,0.043010752688172046,0.4,0.022727272727272728,0.6155844155844156,E1 전체 기간,공정 값 23 + pair_pos,부스팅,
LightGBM,41,0.08440535773798723,0.07210351455077194,0.4,0.4,0.4,0.0,0.0,0.0,0.7108225108225108,E1 전체 기간,공정 값 23 + pair_pos,부스팅,
LightGBM,42,0.006147140677781816,0.09426135620174936,0.6,0.6,0.6,0.17647058823529413,0.6,0.10344827586206896,0.7201716738197425,E1 전체 기간,공정 값 23 + pair_pos,부스팅,
LightGBM,43,0.0009997943489628521,0.03926141028400169,0.2,0.2,0.4,0.05405405405405406,0.4,0.028985507246376812,0.6363636363636364,E1 전체 기간,공정 값 23 + pair_pos,부스팅,
LightGBM,44,0.25148363161744636,0.04286571444156127,0.0,0.2,0.6,0.0,0.0,0.0,0.7177489177489178,E1 전체 기간,공정 값 23 + pair_pos,부스팅,
LightGBM,45,9.594117533202035e-05,0.05799398991052337,0.2,0.6,0.6,0.05517241379310345,0.8,0.02857142857142857,0.7056277056277056,E1 전체 기간,공정 값 23 + pair_pos,부스팅,
LightGBM,46,0.018425958789020543,0.02952619571152223,0.0,0.2,0.4,0.0,0.0,0.0,0.5835497835497836,E1 전체 기간,공정 값 23 + pair_pos,부스팅,
LightGBM,47,0.017233594551492305,0.032765637083200655,0.0,0.2,0.2,0.0,0.0,0.0,0.6094420600858369,E1 전체 기간,공정 값 23 + pair_pos,부스팅,
LightGBM,48,0.04962146423894746,0.04715050670471706,0.2,0.2,0.2,0.1111111111111111,0.2,0.07692307692307693,0.4779220779220779,E1 전체 기간,공정 값 23 + pair_pos,부스팅,
LightGBM,49,0.0022235524129552062,0.07970684594908198,0.4,0.6,0.8,0.0975609756097561,0.8,0.05194805194805195,0.8285714285714285,E1 전체 기간,공정 값 23 + pair_pos,부스팅,
CatBoost,0,0.05583855751214535,0.12788044831880446,0.2,0.6,0.8,0.12903225806451613,0.4,0.07692307692307693,0.845021645021645,E1 전체 기간,공정 값 23 + pair_pos,부스팅,
CatBoost,1,0.3366609728270304,0.029160634480586648,0.0,0.2,0.4,0.0,0.0,0.0,0.5515151515151515,E1 전체 기간,공정 값 23 + pair_pos,부스팅,
CatBoost,2,0.0798011709802556,0.0577784854758428,0.4,0.4,0.4,0.16,0.4,0.1,0.6111587982832618,E1 전체 기간,공정 값 23 + pair_pos,부스팅,
CatBoost,3,0.01486629493792756,0.07195702671312426,0.2,0.8,0.8,0.09876543209876543,0.8,0.05263157894736842,0.8251082251082251,E1 전체 기간,공정 값 23 + pair_pos,부스팅,
CatBoost,4,0.0878952416673405,0.04516570822228235,0.2,0.2,0.6,0.0,0.0,0.0,0.7316017316017316,E1 전체 기간,공정 값 23 + pair_pos,부스팅,
CatBoost,5,0.009104978904341934,0.10539661387119013,0.6,0.6,0.8,0.0975609756097561,0.8,0.05194805194805195,0.8285714285714286,E1 전체 기간,공정 값 23 + pair_pos,부스팅,
CatBoost,6,0.040031561774915084,0.06815643648763854,0.4,0.4,0.6,0.08888888888888889,0.4,0.05,0.5757575757575758,E1 전체 기간,공정 값 23 + pair_pos,부스팅,
CatBoost,7,0.34281410102515475,0.059456560021851144,0.4,0.4,0.6,0.0,0.0,0.0,0.7381974248927039,E1 전체 기간,공정 값 23 + pair_pos,부스팅,
CatBoost,8,0.02355375067558717,0.05006537591149107,0.2,0.4,0.6,0.1,0.6,0.05454545454545454,0.7523809523809524,E1 전체 기간,공정 값 23 + pair_pos,부스팅,
CatBoost,9,0.09898022654956004,0.2264881043561194,0.2,0.4,0.4,0.08,0.2,0.05,0.5619047619047619,E1 전체 기간,공정 값 23 + pair_pos,부스팅,
CatBoost,10,0.0017151809669285541,0.042811344042886286,0.0,0.6,0.6,0.06153846153846154,0.8,0.032,0.6787878787878788,E1 전체 기간,공정 값 23 + pair_pos,부스팅,
CatBoost,11,0.024687342836601515,0.036576695416412085,0.0,0.0,0.4,0.0,0.0,0.0,0.6787878787878788,E1 전체 기간,공정 값 23 + pair_pos,부스팅,
CatBoost,12,0.04026202002613612,0.06575164902592423,0.4,0.4,0.6,0.10256410256410256,0.4,0.058823529411764705,0.6995708154506437,E1 전체 기간,공정 값 23 + pair_pos,부스팅,
CatBoost,13,0.09443428444066777,0.07908588107318142,0.2,0.4,0.4,0.1,0.4,0.05714285714285714,0.6017316017316018,E1 전체 기간,공정 값 23 + pair_pos,부스팅,
CatBoost,14,0.08246691556859903,0.0488476160889954,0.4,0.4,0.6,0.07407407407407407,0.2,0.045454545454545456,0.670995670995671,E1 전체 기간,공정 값 23 + pair_pos,부스팅,
CatBoost,15,0.034692177435479275,0.1292398522078392,0.4,0.4,0.4,0.07272727272727272,0.4,0.04,0.6952380952380952,E1 전체 기간,공정 값 23 + pair_pos,부스팅,
CatBoost,16,0.31099542787869217,0.048531607765057244,0.2,0.4,0.8,0.0,0.0,0.0,0.6874458874458874,E1 전체 기간,공정 값 23 + pair_pos,부스팅,
CatBoost,17,0.03763496070330144,0.0910071268111031,0.2,0.8,1.0,0.14545454545454545,0.8,0.08,0.8540772532188842,E1 전체 기간,공정 값 23 + pair_pos,부스팅,
CatBoost,18,0.0425851815627106,0.0552220341657224,0.2,0.6,0.6,0.06451612903225806,0.2,0.038461538461538464,0.6779220779220779,E1 전체 기간,공정 값 23 + pair_pos,부스팅,
CatBoost,19,0.16919348116288985,0.0585465869001902,0.2,0.6,0.6,0.0,0.0,0.0,0.7913419913419915,E1 전체 기간,공정 값 23 + pair_pos,부스팅,
CatBoost,20,0.023209464756316866,0.09531949531949532,0.4,0.4,0.6,0.08571428571428572,0.6,0.046153846153846156,0.7350649350649351,E1 전체 기간,공정 값 23 + pair_pos,부스팅,
CatBoost,21,0.07917372108332704,0.09124161083583408,0.4,0.4,0.6,0.18181818181818182,0.4,0.11764705882352941,0.7255411255411256,E1 전체 기간,공정 값 23 + pair_pos,부스팅,
CatBoost,22,0.029183225982250986,0.09114875409442472,0.4,0.6,0.8,0.10344827586206896,0.6,0.05660377358490566,0.8300429184549356,E1 전체 기간,공정 값 23 + pair_pos,부스팅,
CatBoost,23,0.010230866281930115,0.19146456627543765,0.4,0.4,0.4,0.05,0.4,0.02666666666666667,0.7523809523809524,E1 전체 기간,공정 값 23 + pair_pos,부스팅,
CatBoost,24,0.5009594147951173,0.06985450500488094,0.2,0.2,0.2,0.0,0.0,0.0,0.5212121212121212,E1 전체 기간,공정 값 23 + pair_pos,부스팅,
CatBoost,25,0.2632940233925253,0.030065546721261948,0.0,0.0,0.4,0.0,0.0,0.0,0.5930735930735931,E1 전체 기간,공정 값 23 + pair_pos,부스팅,
CatBoost,26,0.009188337802594515,0.05725123962337735,0.2,0.6,0.8,0.09411764705882353,0.8,0.05,0.7116883116883118,E1 전체 기간,공정 값 23 + pair_pos,부스팅,
CatBoost,27,0.024485175851229418,0.07601559697679541,0.4,0.4,0.6,0.07017543859649122,0.4,0.038461538461538464,0.7459227467811158,E1 전체 기간,공정 값 23 + pair_pos,부스팅,
CatBoost,28,0.1765396904583847,0.03419139923140249,0.0,0.2,0.2,0.0,0.0,0.0,0.638961038961039,E1 전체 기간,공정 값 23 + pair_pos,부스팅,
CatBoost,29,0.015163216280889924,0.04410034015317481,0.2,0.2,0.6,0.06666666666666667,0.4,0.03636363636363636,0.7082251082251081,E1 전체 기간,공정 값 23 + pair_pos,부스팅,
CatBoost,30,0.030959603501369972,0.0528573304105662,0.2,0.4,0.6,0.10344827586206896,0.6,0.05660377358490566,0.7593073593073594,E1 전체 기간,공정 값 23 + pair_pos,부스팅,
CatBoost,31,0.011907583589715475,0.04189797130973602,0.2,0.4,0.6,0.07692307692307693,0.6,0.0410958904109589,0.6519480519480519,E1 전체 기간,공정 값 23 + pair_pos,부스팅,
CatBoost,32,0.016203892113269155,0.13274071856243536,0.2,0.4,0.4,0.06779661016949153,0.4,0.037037037037037035,0.717596566523605,E1 전체 기간,공정 값 23 + pair_pos,부스팅,
CatBoost,33,0.0046376934977559025,0.05848130323282384,0.2,0.4,0.6,0.06060606060606061,0.6,0.031914893617021274,0.6666666666666667,E1 전체 기간,공정 값 23 + pair_pos,부스팅,
CatBoost,34,0.2228754729093536,0.05402273988893562,0.2,0.4,0.4,0.0,0.0,0.0,0.6190476190476191,E1 전체 기간,공정 값 23 + pair_pos,부스팅,
CatBoost,35,0.05715011266220261,0.1648344224584238,0.4,0.4,0.6,0.08888888888888889,0.4,0.05,0.7212121212121213,E1 전체 기간,공정 값 23 + pair_pos,부스팅,
CatBoost,36,0.04464793959980666,0.05093826443517589,0.2,0.4,0.4,0.10256410256410256,0.4,0.058823529411764705,0.6727272727272728,E1 전체 기간,공정 값 23 + pair_pos,부스팅,
CatBoost,37,0.40740119899041694,0.04892068959233138,0.2,0.2,0.8,0.0,0.0,0.0,0.7321888412017168,E1 전체 기간,공정 값 23 + pair_pos,부스팅,
CatBoost,38,0.20466516611896937,0.05972768039700858,0.0,0.6,1.0,0.0,0.0,0.0,0.8086580086580086,E1 전체 기간,공정 값 23 + pair_pos,부스팅,
CatBoost,39,0.2079293418043006,0.022536222373254446,0.0,0.0,0.2,0.0,0.0,0.0,0.4658008658008659,E1 전체 기간,공정 값 23 + pair_pos,부스팅,
CatBoost,40,0.1402159179835117,0.05212260857422148,0.4,0.4,0.4,0.0,0.0,0.0,0.6857142857142857,E1 전체 기간,공정 값 23 + pair_pos,부스팅,
CatBoost,41,0.06144094769785899,0.07325498575498576,0.4,0.6,0.8,0.10810810810810811,0.4,0.0625,0.7991341991341991,E1 전체 기간,공정 값 23 + pair_pos,부스팅,
CatBoost,42,0.045055148562031716,0.08330469909417276,0.6,0.6,0.6,0.15789473684210525,0.6,0.09090909090909091,0.711587982832618,E1 전체 기간,공정 값 23 + pair_pos,부스팅,
CatBoost,43,0.04532078823689782,0.04045483497355827,0.0,0.4,0.4,0.08333333333333333,0.4,0.046511627906976744,0.6571428571428571,E1 전체 기간,공정 값 23 + pair_pos,부스팅,
CatBoost,44,0.35643335599420434,0.09095947939757841,0.2,0.6,0.6,0.16666666666666666,0.2,0.14285714285714285,0.754978354978355,E1 전체 기간,공정 값 23 + pair_pos,부스팅,
CatBoost,45,0.0056877332640506125,0.06835770958064658,0.4,0.4,0.6,0.07692307692307693,0.8,0.04040404040404041,0.7264069264069264,E1 전체 기간,공정 값 23 + pair_pos,부스팅,
CatBoost,46,0.039699575993835584,0.03178267961374451,0.0,0.2,0.4,0.0,0.0,0.0,0.6138528138528139,E1 전체 기간,공정 값 23 + pair_pos,부스팅,
CatBoost,47,0.061872693645019204,0.047106187329119295,0.0,0.4,0.6,0.0,0.0,0.0,0.7244635193133048,E1 전체 기간,공정 값 23 + pair_pos,부스팅,
CatBoost,48,0.048700503928053675,0.03169172426661121,0.2,0.2,0.2,0.046511627906976744,0.2,0.02631578947368421,0.4744588744588744,E1 전체 기간,공정 값 23 + pair_pos,부스팅,
CatBoost,49,0.1067518376968156,0.08742560136169103,0.2,0.4,0.8,0.058823529411764705,0.2,0.034482758620689655,0.8025974025974026,E1 전체 기간,공정 값 23 + pair_pos,부스팅,
SMOTE + 로지스틱,0,0.618917695865036,0.052868099521243536,0.2,0.4,0.6,0.0784313725490196,0.4,0.043478260869565216,0.7099567099567099,E1 전체 기간,공정 값 23 + pair_pos,불균형,
SMOTE + 로지스틱,1,0.006609613004279871,0.023584377815131702,0.0,0.0,0.0,0.04316546762589928,0.6,0.022388059701492536,0.49004329004329006,E1 전체 기간,공정 값 23 + pair_pos,불균형,
SMOTE + 로지스틱,2,0.8744557084663925,0.02248234954214376,0.0,0.0,0.2,0.0,0.0,0.0,0.46008583690987126,E1 전체 기간,공정 값 23 + pair_pos,불균형,
SMOTE + 로지스틱,3,0.12091799959228336,0.06167139268450501,0.4,0.4,0.6,0.06896551724137931,1.0,0.03571428571428571,0.7696969696969698,E1 전체 기간,공정 값 23 + pair_pos,불균형,
SMOTE + 로지스틱,4,0.8740646885631422,0.10097222222222223,0.4,0.8,0.8,0.0,0.0,0.0,0.8675324675324676,E1 전체 기간,공정 값 23 + pair_pos,불균형,
SMOTE + 로지스틱,5,0.01313961679691894,0.05050278121508464,0.2,0.4,0.8,0.04672897196261682,1.0,0.023923444976076555,0.7636363636363637,E1 전체 기간,공정 값 23 + pair_pos,불균형,
SMOTE + 로지스틱,6,0.21136655811995672,0.03187715724729989,0.0,0.4,0.4,0.039603960396039604,0.4,0.020833333333333332,0.5714285714285715,E1 전체 기간,공정 값 23 + pair_pos,불균형,
SMOTE + 로지스틱,7,0.8936938976315153,0.12664599517998795,0.2,0.2,0.4,0.13333333333333333,0.2,0.1,0.655793991416309,E1 전체 기간,공정 값 23 + pair_pos,불균형,
SMOTE + 로지스틱,8,0.9060755674243159,0.054950108337019424,0.4,0.4,0.6,0.0,0.0,0.0,0.7341991341991342,E1 전체 기간,공정 값 23 + pair_pos,불균형,
SMOTE + 로지스틱,9,0.8501951993444263,0.024085901638865766,0.0,0.0,0.2,0.0,0.0,0.0,0.5004329004329005,E1 전체 기간,공정 값 23 + pair_pos,불균형,
SMOTE + 로지스틱,10,0.6067252317869234,0.04283476340930517,0.2,0.2,0.6,0.03773584905660377,0.2,0.020833333333333332,0.6796536796536796,E1 전체 기간,공정 값 23 + pair_pos,불균형,
SMOTE + 로지스틱,11,0.9697957115206275,0.08488183649307317,0.4,0.6,0.8,0.0,0.0,0.0,0.7645021645021646,E1 전체 기간,공정 값 23 + pair_pos,불균형,
SMOTE + 로지스틱,12,0.7797856557694159,0.05407371413297266,0.0,0.6,0.8,0.0,0.0,0.0,0.776824034334764,E1 전체 기간,공정 값 23 + pair_pos,불균형,
SMOTE + 로지스틱,13,0.9194514739497134,0.021522257452354907,0.0,0.0,0.2,0.0,0.0,0.0,0.438961038961039,E1 전체 기간,공정 값 23 + pair_pos,불균형,
SMOTE + 로지스틱,14,0.9314991824232316,0.03630884148531208,0.2,0.2,0.4,0.0,0.0,0.0,0.6294372294372295,E1 전체 기간,공정 값 23 + pair_pos,불균형,
SMOTE + 로지스틱,15,0.06708829552060865,0.09491202991503563,0.2,0.6,0.8,0.046511627906976744,0.8,0.023952095808383235,0.7454545454545454,E1 전체 기간,공정 값 23 + pair_pos,불균형,
SMOTE + 로지스틱,16,0.1575166975089535,0.0509138431013431,0.2,0.4,0.4,0.06666666666666667,0.8,0.034782608695652174,0.6943722943722944,E1 전체 기간,공정 값 23 + pair_pos,불균형,
SMOTE + 로지스틱,17,0.8465931212377007,0.03990101966238071,0.0,0.4,0.4,0.0,0.0,0.0,0.6763948497854078,E1 전체 기간,공정 값 23 + pair_pos,불균형,
SMOTE + 로지스틱,18,0.42192597187241243,0.03752448984092725,0.0,0.2,0.6,0.057971014492753624,0.4,0.03125,0.677056277056277,E1 전체 기간,공정 값 23 + pair_pos,불균형,
SMOTE + 로지스틱,19,0.8767260111283434,0.063002957496936,0.2,0.2,0.4,0.18181818181818182,0.2,0.16666666666666666,0.6891774891774892,E1 전체 기간,공정 값 23 + pair_pos,불균형,
SMOTE + 로지스틱,20,0.2716631322650779,0.0856611064411576,0.4,0.8,0.8,0.07017543859649122,0.8,0.03669724770642202,0.8086580086580086,E1 전체 기간,공정 값 23 + pair_pos,불균형,
SMOTE + 로지스틱,21,0.9824960766888944,0.02446741891569478,0.0,0.0,0.2,0.0,0.0,0.0,0.4987012987012987,E1 전체 기간,공정 값 23 + pair_pos,불균형,
SMOTE + 로지스틱,22,0.8719124740624985,0.03257711155331245,0.0,0.2,0.4,0.0,0.0,0.0,0.6223175965665236,E1 전체 기간,공정 값 23 + pair_pos,불균형,
SMOTE + 로지스틱,23,0.3280196704797099,0.08618305441834853,0.4,0.6,0.8,0.07920792079207921,0.8,0.041666666666666664,0.7835497835497836,E1 전체 기간,공정 값 23 + pair_pos,불균형,
SMOTE + 로지스틱,24,0.5823540741893042,0.028926149619051145,0.0,0.0,0.4,0.03278688524590164,0.2,0.017857142857142856,0.5818181818181818,E1 전체 기간,공정 값 23 + pair_pos,불균형,
SMOTE + 로지스틱,25,0.8654620994395232,0.023602368348331036,0.0,0.0,0.4,0.0,0.0,0.0,0.47619047619047616,E1 전체 기간,공정 값 23 + pair_pos,불균형,
SMOTE + 로지스틱,26,0.9108200992387029,0.04730797887493699,0.2,0.4,0.6,0.0,0.0,0.0,0.7246753246753247,E1 전체 기간,공정 값 23 + pair_pos,불균형,
SMOTE + 로지스틱,27,0.8820868893425025,0.03150737005000571,0.0,0.2,0.2,0.0,0.0,0.0,0.6137339055793991,E1 전체 기간,공정 값 23 + pair_pos,불균형,
SMOTE + 로지스틱,28,0.001983866518019161,0.05205211257760292,0.2,0.4,0.6,0.04149377593360996,1.0,0.0211864406779661,0.7558441558441558,E1 전체 기간,공정 값 23 + pair_pos,불균형,
SMOTE + 로지스틱,29,0.5699841574348895,0.026947477245436315,0.0,0.2,0.4,0.0,0.0,0.0,0.5445887445887446,E1 전체 기간,공정 값 23 + pair_pos,불균형,
SMOTE + 로지스틱,30,0.9541235551743903,0.05937495941294889,0.2,0.4,0.6,0.0,0.0,0.0,0.741991341991342,E1 전체 기간,공정 값 23 + pair_pos,불균형,
SMOTE + 로지스틱,31,0.31587114396728205,0.23083481140547824,0.2,0.2,0.6,0.06976744186046512,0.6,0.037037037037037035,0.6822510822510823,E1 전체 기간,공정 값 23 + pair_pos,불균형,
SMOTE + 로지스틱,32,0.027121950732649776,0.063055289148699,0.2,0.4,0.6,0.056818181818181816,1.0,0.029239766081871343,0.7270386266094421,E1 전체 기간,공정 값 23 + pair_pos,불균형,
SMOTE + 로지스틱,33,0.4544424727971945,0.038106976038010526,0.0,0.2,0.4,0.056338028169014086,0.4,0.030303030303030304,0.6839826839826839,E1 전체 기간,공정 값 23 + pair_pos,불균형,
SMOTE + 로지스틱,34,0.9783038389145101,0.02222424838165046,0.0,0.2,0.2,0.0,0.0,0.0,0.4398268398268398,E1 전체 기간,공정 값 23 + pair_pos,불균형,
SMOTE + 로지스틱,35,0.9682670023598186,0.03729092075164589,0.0,0.4,0.6,0.0,0.0,0.0,0.6363636363636364,E1 전체 기간,공정 값 23 + pair_pos,불균형,
SMOTE + 로지스틱,36,0.4044538245695083,0.03311752403564595,0.0,0.2,0.2,0.03125,0.2,0.01694915254237288,0.6354978354978356,E1 전체 기간,공정 값 23 + pair_pos,불균형,
SMOTE + 로지스틱,37,0.9054907287307593,0.03769825183739591,0.0,0.0,0.4,0.0,0.0,0.0,0.6918454935622317,E1 전체 기간,공정 값 23 + pair_pos,불균형,
SMOTE + 로지스틱,38,0.20507812207330814,0.02257594191189827,0.0,0.0,0.0,0.037383177570093455,0.4,0.0196078431372549,0.46580086580086577,E1 전체 기간,공정 값 23 + pair_pos,불균형,
SMOTE + 로지스틱,39,0.29324271385692363,0.028941754542104525,0.0,0.2,0.4,0.04819277108433735,0.4,0.02564102564102564,0.5082251082251082,E1 전체 기간,공정 값 23 + pair_pos,불균형,
SMOTE + 로지스틱,40,0.5774739455905831,0.09973434933063022,0.2,0.2,0.6,0.037037037037037035,0.2,0.02040816326530612,0.7142857142857143,E1 전체 기간,공정 값 23 + pair_pos,불균형,
SMOTE + 로지스틱,41,0.5250067169329493,0.04529256304115591,0.2,0.4,0.4,0.05970149253731343,0.4,0.03225806451612903,0.6147186147186148,E1 전체 기간,공정 값 23 + pair_pos,불균형,
SMOTE + 로지스틱,42,0.8529857380758014,0.02747891302383506,0.0,0.0,0.4,0.0,0.0,0.0,0.5476394849785408,E1 전체 기간,공정 값 23 + pair_pos,불균형,
SMOTE + 로지스틱,43,0.8783833933499965,0.054763243862081076,0.0,0.6,0.6,0.0,0.0,0.0,0.7792207792207793,E1 전체 기간,공정 값 23 + pair_pos,불균형,
SMOTE + 로지스틱,44,0.1483113856422354,0.06783578892341192,0.2,0.6,0.6,0.07936507936507936,1.0,0.04132231404958678,0.767965367965368,E1 전체 기간,공정 값 23 + pair_pos,불균형,
SMOTE + 로지스틱,45,0.3435805521605488,0.04278151770645488,0.0,0.4,0.6,0.08247422680412371,0.8,0.043478260869565216,0.6978354978354979,E1 전체 기간,공정 값 23 + pair_pos,불균형,
SMOTE + 로지스틱,46,0.11552240785505255,0.03146663793722618,0.0,0.2,0.2,0.046875,0.6,0.024390243902439025,0.6121212121212121,E1 전체 기간,공정 값 23 + pair_pos,불균형,
SMOTE + 로지스틱,47,0.4848090197969369,0.06690623382863903,0.4,0.4,0.6,0.08695652173913043,0.6,0.046875,0.721030042918455,E1 전체 기간,공정 값 23 + pair_pos,불균형,
SMOTE + 로지스틱,48,0.9574752795194565,0.043166397618966956,0.2,0.2,0.2,0.0,0.0,0.0,0.5948051948051948,E1 전체 기간,공정 값 23 + pair_pos,불균형,
SMOTE + 로지스틱,49,0.9333699337524419,0.04841531667969725,0.0,0.4,0.6,0.0,0.0,0.0,0.7471861471861472,E1 전체 기간,공정 값 23 + pair_pos,불균형,
ADASYN + 로지스틱,0,0.6177852877339366,0.05125588034256765,0.2,0.4,0.6,0.07272727272727272,0.4,0.04,0.7064935064935065,E1 전체 기간,공정 값 23 + pair_pos,불균형,
ADASYN + 로지스틱,1,0.0056063793677925125,0.023418313147225957,0.0,0.0,0.0,0.041666666666666664,0.6,0.02158273381294964,0.483982683982684,E1 전체 기간,공정 값 23 + pair_pos,불균형,
ADASYN + 로지스틱,2,0.8826942993394483,0.02264682871199162,0.0,0.0,0.2,0.0,0.0,0.0,0.4678111587982833,E1 전체 기간,공정 값 23 + pair_pos,불균형,
ADASYN + 로지스틱,3,0.17629606155569635,0.06548198680221153,0.4,0.4,0.6,0.07633587786259542,1.0,0.03968253968253968,0.7818181818181817,E1 전체 기간,공정 값 23 + pair_pos,불균형,
ADASYN + 로지스틱,4,0.8842001837309446,0.10076867153330883,0.4,0.8,0.8,0.0,0.0,0.0,0.8666666666666667,E1 전체 기간,공정 값 23 + pair_pos,불균형,
ADASYN + 로지스틱,5,0.008331351442149774,0.04646050315479695,0.0,0.4,0.6,0.04524886877828054,1.0,0.023148148148148147,0.748917748917749,E1 전체 기간,공정 값 23 + pair_pos,불균형,
ADASYN + 로지스틱,6,0.11568535262414086,0.03210116582518175,0.0,0.4,0.4,0.049586776859504134,0.6,0.02586206896551724,0.5774891774891775,E1 전체 기간,공정 값 23 + pair_pos,불균형,
ADASYN + 로지스틱,7,0.8296890367860295,0.1261548218372017,0.2,0.2,0.4,0.08,0.2,0.05,0.6506437768240343,E1 전체 기간,공정 값 23 + pair_pos,불균형,
ADASYN + 로지스틱,8,0.92503236190984,0.05109301651695161,0.2,0.4,0.6,0.0,0.0,0.0,0.7238095238095239,E1 전체 기간,공정 값 23 + pair_pos,불균형,
ADASYN + 로지스틱,9,0.8446079866787961,0.023371617071523125,0.0,0.0,0.2,0.0,0.0,0.0,0.48311688311688317,E1 전체 기간,공정 값 23 + pair_pos,불균형,
ADASYN + 로지스틱,10,0.6943452035914051,0.040048732973930426,0.2,0.2,0.6,0.044444444444444446,0.2,0.025,0.6649350649350649,E1 전체 기간,공정 값 23 + pair_pos,불균형,
ADASYN + 로지스틱,11,0.9691480266281796,0.07962752194548947,0.4,0.6,0.8,0.0,0.0,0.0,0.7636363636363637,E1 전체 기간,공정 값 23 + pair_pos,불균형,
ADASYN + 로지스틱,12,0.7254775382031238,0.05626105042030451,0.0,0.8,0.8,0.0,0.0,0.0,0.7862660944206008,E1 전체 기간,공정 값 23 + pair_pos,불균형,
ADASYN + 로지스틱,13,0.9315429509513167,0.021709742900975788,0.0,0.0,0.2,0.0,0.0,0.0,0.4493506493506494,E1 전체 기간,공정 값 23 + pair_pos,불균형,
ADASYN + 로지스틱,14,0.9388924243471907,0.03294287651495889,0.0,0.2,0.2,0.0,0.0,0.0,0.6155844155844156,E1 전체 기간,공정 값 23 + pair_pos,불균형,
ADASYN + 로지스틱,15,0.14531365243665637,0.08701945090696749,0.2,0.6,0.8,0.064,0.8,0.03333333333333333,0.7264069264069264,E1 전체 기간,공정 값 23 + pair_pos,불균형,
ADASYN + 로지스틱,16,0.16593597597343507,0.05000951283541695,0.2,0.4,0.4,0.06557377049180328,0.8,0.03418803418803419,0.6943722943722943,E1 전체 기간,공정 값 23 + pair_pos,불균형,
ADASYN + 로지스틱,17,0.8552389938888477,0.04228255002510347,0.0,0.4,0.6,0.0,0.0,0.0,0.6909871244635193,E1 전체 기간,공정 값 23 + pair_pos,불균형,
ADASYN + 로지스틱,18,0.3445711989741301,0.03591707500115216,0.0,0.2,0.4,0.05,0.4,0.02666666666666667,0.6606060606060606,E1 전체 기간,공정 값 23 + pair_pos,불균형,
ADASYN + 로지스틱,19,0.8899677044827237,0.0799403369050381,0.2,0.2,0.4,0.2222222222222222,0.2,0.25,0.6935064935064936,E1 전체 기간,공정 값 23 + pair_pos,불균형,
ADASYN + 로지스틱,20,0.24016145295100885,0.08258655354307529,0.2,0.8,0.8,0.06722689075630252,0.8,0.03508771929824561,0.8103896103896104,E1 전체 기간,공정 값 23 + pair_pos,불균형,
ADASYN + 로지스틱,21,0.9809349753459107,0.024023182122160893,0.0,0.0,0.2,0.0,0.0,0.0,0.5004329004329005,E1 전체 기간,공정 값 23 + pair_pos,불균형,
ADASYN + 로지스틱,22,0.8885080015743119,0.03201430751005243,0.0,0.0,0.4,0.0,0.0,0.0,0.6103004291845493,E1 전체 기간,공정 값 23 + pair_pos,불균형,
ADASYN + 로지스틱,23,0.021535876933509387,0.08081915268080803,0.4,0.6,0.8,0.05714285714285714,1.0,0.029411764705882353,0.7696969696969698,E1 전체 기간,공정 값 23 + pair_pos,불균형,
ADASYN + 로지스틱,24,0.6383087004849076,0.02810735774084268,0.0,0.0,0.4,0.0,0.0,0.0,0.5722943722943723,E1 전체 기간,공정 값 23 + pair_pos,불균형,
ADASYN + 로지스틱,25,0.8516662601841483,0.02338845544458682,0.0,0.0,0.4,0.0,0.0,0.0,0.4735930735930736,E1 전체 기간,공정 값 23 + pair_pos,불균형,
ADASYN + 로지스틱,26,0.9498704705733373,0.048869674994311926,0.2,0.4,0.6,0.0,0.0,0.0,0.7333333333333334,E1 전체 기간,공정 값 23 + pair_pos,불균형,
ADASYN + 로지스틱,27,0.8972819858251173,0.031149736025284668,0.0,0.2,0.4,0.0,0.0,0.0,0.6111587982832618,E1 전체 기간,공정 값 23 + pair_pos,불균형,
ADASYN + 로지스틱,28,0.0018153558352133868,0.04632054056078802,0.2,0.4,0.4,0.04149377593360996,1.0,0.0211864406779661,0.7264069264069264,E1 전체 기간,공정 값 23 + pair_pos,불균형,
ADASYN + 로지스틱,29,0.3785788672160451,0.026469679190842334,0.0,0.0,0.4,0.05128205128205128,0.4,0.0273972602739726,0.5428571428571429,E1 전체 기간,공정 값 23 + pair_pos,불균형,
ADASYN + 로지스틱,30,0.9609706357474004,0.05945351885460778,0.2,0.4,0.6,0.0,0.0,0.0,0.7411255411255411,E1 전체 기간,공정 값 23 + pair_pos,불균형,
ADASYN + 로지스틱,31,0.3256579929696097,0.2296085989621942,0.2,0.2,0.6,0.07058823529411765,0.6,0.0375,0.670995670995671,E1 전체 기간,공정 값 23 + pair_pos,불균형,
ADASYN + 로지스틱,32,0.04021935855383719,0.05819029543267569,0.2,0.4,0.6,0.047337278106508875,0.8,0.024390243902439025,0.7193133047210301,E1 전체 기간,공정 값 23 + pair_pos,불균형,
ADASYN + 로지스틱,33,0.44291156292128453,0.03563624133195599,0.0,0.2,0.2,0.027777777777777776,0.2,0.014925373134328358,0.6701298701298701,E1 전체 기간,공정 값 23 + pair_pos,불균형,
ADASYN + 로지스틱,34,0.21717524361897855,0.023276948749117583,0.0,0.2,0.2,0.021052631578947368,0.2,0.011111111111111112,0.4562770562770563,E1 전체 기간,공정 값 23 + pair_pos,불균형,
ADASYN + 로지스틱,35,0.9669798562223947,0.0345987034134532,0.0,0.2,0.6,0.0,0.0,0.0,0.6147186147186148,E1 전체 기간,공정 값 23 + pair_pos,불균형,
ADASYN + 로지스틱,36,0.4098426442095703,0.033642237813975476,0.0,0.2,0.2,0.030303030303030304,0.2,0.01639344262295082,0.6458874458874458,E1 전체 기간,공정 값 23 + pair_pos,불균형,
ADASYN + 로지스틱,37,0.9212982620324841,0.03809066923184313,0.0,0.0,0.4,0.0,0.0,0.0,0.6935622317596567,E1 전체 기간,공정 값 23 + pair_pos,불균형,
ADASYN + 로지스틱,38,0.36486429901728284,0.022035453789661735,0.0,0.0,0.0,0.0,0.0,0.0,0.4528138528138528,E1 전체 기간,공정 값 23 + pair_pos,불균형,
ADASYN + 로지스틱,39,0.30162644730998717,0.029952747632360572,0.2,0.2,0.4,0.047619047619047616,0.4,0.02531645569620253,0.5099567099567099,E1 전체 기간,공정 값 23 + pair_pos,불균형,
ADASYN + 로지스틱,40,0.5963572699605771,0.09946055698078936,0.2,0.2,0.6,0.037037037037037035,0.2,0.02040816326530612,0.7134199134199134,E1 전체 기간,공정 값 23 + pair_pos,불균형,
ADASYN + 로지스틱,41,0.4025163228379824,0.04304754660484883,0.2,0.4,0.4,0.04938271604938271,0.4,0.02631578947368421,0.6086580086580087,E1 전체 기간,공정 값 23 + pair_pos,불균형,
ADASYN + 로지스틱,42,0.8522753742873577,0.027189255985199716,0.0,0.0,0.4,0.0,0.0,0.0,0.5433476394849786,E1 전체 기간,공정 값 23 + pair_pos,불균형,
ADASYN + 로지스틱,43,0.9346706444694722,0.05092403125932592,0.0,0.6,0.6,0.0,0.0,0.0,0.7670995670995671,E1 전체 기간,공정 값 23 + pair_pos,불균형,
ADASYN + 로지스틱,44,0.38170936881362677,0.06180011573584001,0.2,0.6,0.6,0.08602150537634409,0.8,0.045454545454545456,0.7636363636363637,E1 전체 기간,공정 값 23 + pair_pos,불균형,
ADASYN + 로지스틱,45,0.0667739014669809,0.04038431046854003,0.0,0.2,0.4,0.06369426751592357,1.0,0.03289473684210526,0.6831168831168831,E1 전체 기간,공정 값 23 + pair_pos,불균형,
ADASYN + 로지스틱,46,0.02216538806674482,0.03096149486933214,0.0,0.2,0.4,0.05847953216374269,1.0,0.030120481927710843,0.6095238095238096,E1 전체 기간,공정 값 23 + pair_pos,불균형,
ADASYN + 로지스틱,47,0.5415149720078902,0.05841906649534031,0.4,0.4,0.6,0.06557377049180328,0.4,0.03571428571428571,0.7072961373390558,E1 전체 기간,공정 값 23 + pair_pos,불균형,
ADASYN + 로지스틱,48,0.9507290885634649,0.038822135546496966,0.2,0.2,0.2,0.0,0.0,0.0,0.5965367965367965,E1 전체 기간,공정 값 23 + pair_pos,불균형,
ADASYN + 로지스틱,49,0.9413842025869176,0.0480623759854977,0.0,0.4,0.6,0.0,0.0,0.0,0.7376623376623377,E1 전체 기간,공정 값 23 + pair_pos,불균형,
SMOTE + 랜덤포레스트,0,0.2410357142857144,0.1907469342251951,0.6,0.6,0.8,0.4,0.6,0.3,0.8502164502164502,E1 전체 기간,공정 값 23 + pair_pos,불균형,
SMOTE + 랜덤포레스트,1,0.23634126984126985,0.021558057390935755,0.0,0.2,0.2,0.0,0.0,0.0,0.3965367965367965,E1 전체 기간,공정 값 23 + pair_pos,불균형,
SMOTE + 랜덤포레스트,2,0.213968253968254,0.02828983985938873,0.0,0.2,0.4,0.0,0.0,0.0,0.5167381974248927,E1 전체 기간,공정 값 23 + pair_pos,불균형,
SMOTE + 랜덤포레스트,3,0.08550396825396826,0.08481666081666082,0.4,0.8,0.8,0.12698412698412698,0.8,0.06896551724137931,0.7662337662337663,E1 전체 기간,공정 값 23 + pair_pos,불균형,
SMOTE + 랜덤포레스트,4,0.3264920634920636,0.0338521352149035,0.0,0.2,0.6,0.0,0.0,0.0,0.6,E1 전체 기간,공정 값 23 + pair_pos,불균형,
SMOTE + 랜덤포레스트,5,0.2728427128427128,0.1233992754325198,0.4,0.4,0.4,0.21052631578947367,0.4,0.14285714285714285,0.6190476190476191,E1 전체 기간,공정 값 23 + pair_pos,불균형,
SMOTE + 랜덤포레스트,6,0.047919312169312174,0.035543690443824695,0.0,0.4,0.4,0.04878048780487805,0.4,0.025974025974025976,0.5662337662337663,E1 전체 기간,공정 값 23 + pair_pos,불균형,
SMOTE + 랜덤포레스트,7,0.23380687830687832,0.12235086630171003,0.2,1.0,1.0,0.09090909090909091,0.2,0.058823529411764705,0.8935622317596567,E1 전체 기간,공정 값 23 + pair_pos,불균형,
SMOTE + 랜덤포레스트,8,0.1920674603174603,0.15479177273190103,0.4,0.6,0.8,0.10526315789473684,0.2,0.07142857142857142,0.787012987012987,E1 전체 기간,공정 값 23 + pair_pos,불균형,
SMOTE + 랜덤포레스트,9,0.1511423761423761,0.043330848882996126,0.2,0.2,0.2,0.05714285714285714,0.2,0.03333333333333333,0.49004329004329006,E1 전체 기간,공정 값 23 + pair_pos,불균형,
SMOTE + 랜덤포레스트,10,0.10459920634920636,0.04571105570045125,0.4,0.4,0.4,0.12121212121212122,0.4,0.07142857142857142,0.5463203463203463,E1 전체 기간,공정 값 23 + pair_pos,불균형,
SMOTE + 랜덤포레스트,11,0.09357142857142857,0.029314536691697746,0.0,0.0,0.4,0.0,0.0,0.0,0.5593073593073593,E1 전체 기간,공정 값 23 + pair_pos,불균형,
SMOTE + 랜덤포레스트,12,0.09013395863395864,0.27327533620948496,0.4,0.4,0.4,0.06896551724137931,0.4,0.03773584905660377,0.7914163090128755,E1 전체 기간,공정 값 23 + pair_pos,불균형,
SMOTE + 랜덤포레스트,13,0.1027632275132275,0.05544295977446971,0.2,0.2,0.6,0.04,0.2,0.022222222222222223,0.6268398268398269,E1 전체 기간,공정 값 23 + pair_pos,불균형,
SMOTE + 랜덤포레스트,14,0.08712830687830687,0.09518012706248001,0.4,0.6,0.6,0.10344827586206896,0.6,0.05660377358490566,0.7073593073593074,E1 전체 기간,공정 값 23 + pair_pos,불균형,
SMOTE + 랜덤포레스트,15,0.46588756613756593,0.15519049042374636,0.2,0.6,1.0,0.2857142857142857,0.2,0.5,0.8380952380952381,E1 전체 기간,공정 값 23 + pair_pos,불균형,
SMOTE + 랜덤포레스트,16,0.2624007936507938,0.054333386471119606,0.2,0.4,0.6,0.0,0.0,0.0,0.6909090909090909,E1 전체 기간,공정 값 23 + pair_pos,불균형,
SMOTE + 랜덤포레스트,17,0.2912169312169313,0.04155892965464038,0.2,0.2,0.2,0.0,0.0,0.0,0.5854077253218885,E1 전체 기간,공정 값 23 + pair_pos,불균형,
SMOTE + 랜덤포레스트,18,0.2872142857142857,0.04144787461860633,0.0,0.4,0.4,0.0,0.0,0.0,0.6831168831168831,E1 전체 기간,공정 값 23 + pair_pos,불균형,
SMOTE + 랜덤포레스트,19,0.05537878787878789,0.06661439206586056,0.4,0.6,0.8,0.10869565217391304,1.0,0.05747126436781609,0.8086580086580087,E1 전체 기간,공정 값 23 + pair_pos,불균형,
SMOTE + 랜덤포레스트,20,0.4980595238095241,0.09427678828344754,0.4,0.6,0.8,0.0,0.0,0.0,0.8216450216450217,E1 전체 기간,공정 값 23 + pair_pos,불균형,
SMOTE + 랜덤포레스트,21,0.3044147334147334,0.09135063618294967,0.2,0.2,0.4,0.18181818181818182,0.2,0.16666666666666666,0.6043290043290044,E1 전체 기간,공정 값 23 + pair_pos,불균형,
SMOTE + 랜덤포레스트,22,0.19785582010582017,0.029760986597764053,0.0,0.2,0.4,0.0,0.0,0.0,0.5587982832618026,E1 전체 기간,공정 값 23 + pair_pos,불균형,
SMOTE + 랜덤포레스트,23,0.05586507936507937,0.18176910406603372,0.4,0.4,0.6,0.06976744186046512,0.6,0.037037037037037035,0.7290043290043291,E1 전체 기간,공정 값 23 + pair_pos,불균형,
SMOTE + 랜덤포레스트,24,0.4681044973544974,0.04673664976755705,0.2,0.4,0.4,0.0,0.0,0.0,0.6025974025974026,E1 전체 기간,공정 값 23 + pair_pos,불균형,
SMOTE + 랜덤포레스트,25,0.46034151034151044,0.02345913689311485,0.0,0.2,0.2,0.0,0.0,0.0,0.46839826839826837,E1 전체 기간,공정 값 23 + pair_pos,불균형,
SMOTE + 랜덤포레스트,26,0.10335185185185183,0.07957266613983031,0.2,0.6,0.8,0.13333333333333333,0.6,0.075,0.7402597402597403,E1 전체 기간,공정 값 23 + pair_pos,불균형,
SMOTE + 랜덤포레스트,27,0.28985582010582017,0.03879902549820697,0.2,0.2,0.2,0.0,0.0,0.0,0.6214592274678111,E1 전체 기간,공정 값 23 + pair_pos,불균형,
SMOTE + 랜덤포레스트,28,0.21025793650793653,0.02414915699617149,0.0,0.0,0.2,0.0,0.0,0.0,0.49437229437229435,E1 전체 기간,공정 값 23 + pair_pos,불균형,
SMOTE + 랜덤포레스트,29,0.42167989417989404,0.04333822878665927,0.0,0.6,0.6,0.0,0.0,0.0,0.5627705627705628,E1 전체 기간,공정 값 23 + pair_pos,불균형,
SMOTE + 랜덤포레스트,30,0.15080820105820106,0.02990591063318336,0.0,0.2,0.2,0.0,0.0,0.0,0.5696969696969697,E1 전체 기간,공정 값 23 + pair_pos,불균형,
SMOTE + 랜덤포레스트,31,0.2630912698412699,0.035242751923189854,0.2,0.4,0.4,0.0,0.0,0.0,0.5731601731601732,E1 전체 기간,공정 값 23 + pair_pos,불균형,
SMOTE + 랜덤포레스트,32,0.3336034151034152,0.0708477619597281,0.4,0.6,0.6,0.13333333333333333,0.2,0.1,0.6703862660944206,E1 전체 기간,공정 값 23 + pair_pos,불균형,
SMOTE + 랜덤포레스트,33,0.12348748473748479,0.029554507580876258,0.0,0.2,0.4,0.0,0.0,0.0,0.5480519480519481,E1 전체 기간,공정 값 23 + pair_pos,불균형,
SMOTE + 랜덤포레스트,34,0.15793927368927368,0.059458521396847396,0.2,0.4,0.6,0.08,0.2,0.05,0.67012987012987,E1 전체 기간,공정 값 23 + pair_pos,불균형,
SMOTE + 랜덤포레스트,35,0.41494444444444456,0.08674855059470446,0.4,0.4,0.6,0.2,0.2,0.2,0.7359307359307359,E1 전체 기간,공정 값 23 + pair_pos,불균형,
SMOTE + 랜덤포레스트,36,0.2786812169312169,0.037284611725087256,0.2,0.4,0.4,0.0,0.0,0.0,0.6233766233766234,E1 전체 기간,공정 값 23 + pair_pos,불균형,
SMOTE + 랜덤포레스트,37,0.07844973544973546,0.05442051757594491,0.2,0.6,0.8,0.11267605633802817,0.8,0.06060606060606061,0.7536480686695279,E1 전체 기간,공정 값 23 + pair_pos,불균형,
SMOTE + 랜덤포레스트,38,0.202781746031746,0.025039711067748452,0.0,0.0,0.0,0.0,0.0,0.0,0.5194805194805195,E1 전체 기간,공정 값 23 + pair_pos,불균형,
SMOTE + 랜덤포레스트,39,0.17291737891737893,0.03193853167503693,0.2,0.2,0.2,0.0,0.0,0.0,0.5670995670995671,E1 전체 기간,공정 값 23 + pair_pos,불균형,
SMOTE + 랜덤포레스트,40,0.5423055555555555,0.03945509945691661,0.2,0.4,0.4,0.0,0.0,0.0,0.6632034632034632,E1 전체 기간,공정 값 23 + pair_pos,불균형,
SMOTE + 랜덤포레스트,41,0.06175925925925925,0.12628571428571428,0.4,0.4,0.4,0.05970149253731343,0.4,0.03225806451612903,0.6735930735930735,E1 전체 기간,공정 값 23 + pair_pos,불균형,
SMOTE + 랜덤포레스트,42,0.37266666666666654,0.11075056522424945,0.4,0.4,0.6,0.0,0.0,0.0,0.7261802575107296,E1 전체 기간,공정 값 23 + pair_pos,불균형,
SMOTE + 랜덤포레스트,43,0.09961904761904761,0.04589439587742083,0.2,0.2,0.4,0.043478260869565216,0.2,0.024390243902439025,0.683982683982684,E1 전체 기간,공정 값 23 + pair_pos,불균형,
SMOTE + 랜덤포레스트,44,0.3807768620268622,0.09433808935325619,0.4,0.4,0.4,0.2,0.2,0.2,0.7125541125541125,E1 전체 기간,공정 값 23 + pair_pos,불균형,
SMOTE + 랜덤포레스트,45,0.27172883597883596,0.07900231238740556,0.4,0.4,0.8,0.16666666666666666,0.2,0.14285714285714285,0.7965367965367965,E1 전체 기간,공정 값 23 + pair_pos,불균형,
SMOTE + 랜덤포레스트,46,0.25150396825396826,0.030913198665325988,0.2,0.2,0.2,0.0,0.0,0.0,0.47878787878787876,E1 전체 기간,공정 값 23 + pair_pos,불균형,
SMOTE + 랜덤포레스트,47,0.29424867724867737,0.035041323618909825,0.0,0.0,0.4,0.0,0.0,0.0,0.6557939914163091,E1 전체 기간,공정 값 23 + pair_pos,불균형,
SMOTE + 랜덤포레스트,48,0.5201891534391533,0.03379156790921497,0.2,0.2,0.4,0.0,0.0,0.0,0.5471861471861472,E1 전체 기간,공정 값 23 + pair_pos,불균형,
SMOTE + 랜덤포레스트,49,0.10268915343915343,0.28178318135764946,0.4,0.8,1.0,0.14814814814814814,0.8,0.08163265306122448,0.8805194805194806,E1 전체 기간,공정 값 23 + pair_pos,불균형,
Balanced 랜덤포레스트,0,0.5266666666666666,0.0579004329004329,0.2,0.4,0.8,0.07142857142857142,0.2,0.043478260869565216,0.7714285714285714,E1 전체 기간,공정 값 23 + pair_pos,불균형,
Balanced 랜덤포레스트,1,0.7266666666666667,0.021628696506745287,0.0,0.0,0.0,0.0,0.0,0.0,0.44761904761904764,E1 전체 기간,공정 값 23 + pair_pos,불균형,
Balanced 랜덤포레스트,2,0.44,0.0295338136299725,0.0,0.2,0.2,0.030303030303030304,0.2,0.01639344262295082,0.551931330472103,E1 전체 기간,공정 값 23 + pair_pos,불균형,
Balanced 랜덤포레스트,3,0.43,0.04744806194787461,0.0,0.4,0.6,0.08421052631578947,0.8,0.044444444444444446,0.7142857142857142,E1 전체 기간,공정 값 23 + pair_pos,불균형,
Balanced 랜덤포레스트,4,0.5833333333333334,0.053635317169632254,0.2,0.4,0.6,0.0,0.0,0.0,0.7168831168831169,E1 전체 기간,공정 값 23 + pair_pos,불균형,
Balanced 랜덤포레스트,5,0.5533333333333333,0.03410064190551995,0.0,0.4,0.6,0.0,0.0,0.0,0.5878787878787879,E1 전체 기간,공정 값 23 + pair_pos,불균형,
Balanced 랜덤포레스트,6,0.35,0.04689996738186226,0.4,0.4,0.6,0.05263157894736842,0.6,0.027522935779816515,0.6216450216450217,E1 전체 기간,공정 값 23 + pair_pos,불균형,
Balanced 랜덤포레스트,7,0.28,0.06855598977179524,0.4,0.6,0.6,0.04926108374384237,1.0,0.025252525252525252,0.7836909871244635,E1 전체 기간,공정 값 23 + pair_pos,불균형,
Balanced 랜덤포레스트,8,0.54,0.036706244400093326,0.0,0.4,0.6,0.0,0.0,0.0,0.645021645021645,E1 전체 기간,공정 값 23 + pair_pos,불균형,
Balanced 랜덤포레스트,9,0.5666666666666667,0.12206107293354526,0.2,0.2,0.4,0.08695652173913043,0.2,0.05555555555555555,0.5393939393939394,E1 전체 기간,공정 값 23 + pair_pos,불균형,
Balanced 랜덤포레스트,10,0.5066666666666667,0.04038786794600748,0.0,0.4,0.6,0.0,0.0,0.0,0.6484848484848486,E1 전체 기간,공정 값 23 + pair_pos,불균형,
Balanced 랜덤포레스트,11,0.65,0.04225031556668257,0.0,0.2,0.8,0.0,0.0,0.0,0.7125541125541126,E1 전체 기간,공정 값 23 + pair_pos,불균형,
Balanced 랜덤포레스트,12,0.4866666666666667,0.04755331055408097,0.2,0.4,0.4,0.08,0.4,0.044444444444444446,0.6515021459227468,E1 전체 기간,공정 값 23 + pair_pos,불균형,
Balanced 랜덤포레스트,13,0.41333333333333333,0.07247619047619047,0.2,0.2,0.4,0.045454545454545456,0.4,0.024096385542168676,0.5670995670995671,E1 전체 기간,공정 값 23 + pair_pos,불균형,
Balanced 랜덤포레스트,14,0.62,0.05910162977275592,0.2,0.6,0.6,0.0,0.0,0.0,0.6597402597402597,E1 전체 기간,공정 값 23 + pair_pos,불균형,
Balanced 랜덤포레스트,15,0.45,0.08410320068151393,0.4,0.4,0.6,0.08333333333333333,0.6,0.04477611940298507,0.7645021645021646,E1 전체 기간,공정 값 23 + pair_pos,불균형,
Balanced 랜덤포레스트,16,0.5866666666666667,0.035754684753324675,0.0,0.2,0.6,0.0,0.0,0.0,0.6337662337662338,E1 전체 기간,공정 값 23 + pair_pos,불균형,
Balanced 랜덤포레스트,17,0.5066666666666667,0.03844415712800435,0.0,0.2,0.4,0.04,0.2,0.022222222222222223,0.6969957081545064,E1 전체 기간,공정 값 23 + pair_pos,불균형,
Balanced 랜덤포레스트,18,0.6333333333333333,0.031751155970917364,0.0,0.2,0.4,0.0,0.0,0.0,0.593939393939394,E1 전체 기간,공정 값 23 + pair_pos,불균형,
Balanced 랜덤포레스트,19,0.46,0.05474489795918367,0.0,0.4,0.8,0.08,0.4,0.044444444444444446,0.7835497835497836,E1 전체 기간,공정 값 23 + pair_pos,불균형,
Balanced 랜덤포레스트,20,0.44,0.08878522471052183,0.2,0.4,0.6,0.06060606060606061,0.6,0.031914893617021274,0.7116883116883117,E1 전체 기간,공정 값 23 + pair_pos,불균형,
Balanced 랜덤포레스트,21,0.5266666666666666,0.07822462815230415,0.4,0.4,0.4,0.17391304347826086,0.4,0.1111111111111111,0.6303030303030304,E1 전체 기간,공정 값 23 + pair_pos,불균형,
Balanced 랜덤포레스트,22,0.4533333333333333,0.04130798330798331,0.2,0.2,0.4,0.029850746268656716,0.2,0.016129032258064516,0.6763948497854078,E1 전체 기간,공정 값 23 + pair_pos,불균형,
Balanced 랜덤포레스트,23,0.4,0.07625646839932554,0.4,0.4,0.6,0.06060606060606061,0.6,0.031914893617021274,0.6891774891774892,E1 전체 기간,공정 값 23 + pair_pos,불균형,
Balanced 랜덤포레스트,24,0.6966666666666667,0.0375649983616902,0.2,0.2,0.2,0.0,0.0,0.0,0.580952380952381,E1 전체 기간,공정 값 23 + pair_pos,불균형,
Balanced 랜덤포레스트,25,0.5033333333333333,0.02931107593019508,0.0,0.4,0.4,0.0,0.0,0.0,0.5619047619047619,E1 전체 기간,공정 값 23 + pair_pos,불균형,
Balanced 랜덤포레스트,26,0.53,0.07675030289543307,0.6,0.6,0.6,0.15,0.6,0.08571428571428572,0.7376623376623377,E1 전체 기간,공정 값 23 + pair_pos,불균형,
Balanced 랜덤포레스트,27,0.47,0.04602903683931352,0.2,0.4,0.4,0.07272727272727272,0.4,0.04,0.6386266094420601,E1 전체 기간,공정 값 23 + pair_pos,불균형,
Balanced 랜덤포레스트,28,0.6233333333333333,0.03255151446840364,0.0,0.4,0.4,0.0,0.0,0.0,0.5809523809523809,E1 전체 기간,공정 값 23 + pair_pos,불균형,
Balanced 랜덤포레스트,29,0.48333333333333334,0.0265078444554834,0.0,0.2,0.4,0.043478260869565216,0.2,0.024390243902439025,0.48571428571428577,E1 전체 기간,공정 값 23 + pair_pos,불균형,
Balanced 랜덤포레스트,30,0.5,0.04456773618538325,0.0,0.2,0.8,0.0,0.0,0.0,0.7376623376623377,E1 전체 기간,공정 값 23 + pair_pos,불균형,
Balanced 랜덤포레스트,31,0.6066666666666667,0.04949255845969073,0.2,0.6,0.6,0.0,0.0,0.0,0.6666666666666667,E1 전체 기간,공정 값 23 + pair_pos,불균형,
Balanced 랜덤포레스트,32,0.43333333333333335,0.1434612856631205,0.4,0.4,0.4,0.047058823529411764,0.4,0.025,0.6909871244635193,E1 전체 기간,공정 값 23 + pair_pos,불균형,
Balanced 랜덤포레스트,33,0.5,0.03661599232841914,0.2,0.2,0.4,0.04878048780487805,0.2,0.027777777777777776,0.4571428571428572,E1 전체 기간,공정 값 23 + pair_pos,불균형,
Balanced 랜덤포레스트,34,0.5833333333333334,0.06728000123097755,0.2,0.2,0.4,0.14285714285714285,0.2,0.1111111111111111,0.6424242424242425,E1 전체 기간,공정 값 23 + pair_pos,불균형,
Balanced 랜덤포레스트,35,0.54,0.07338963761375304,0.4,0.4,0.6,0.11764705882352941,0.4,0.06896551724137931,0.6779220779220779,E1 전체 기간,공정 값 23 + pair_pos,불균형,
Balanced 랜덤포레스트,36,0.6366666666666667,0.048002091010534736,0.2,0.4,0.4,0.0,0.0,0.0,0.5922077922077922,E1 전체 기간,공정 값 23 + pair_pos,불균형,
Balanced 랜덤포레스트,37,0.5733333333333334,0.17998482218665707,0.4,0.6,0.6,0.2857142857142857,0.4,0.2222222222222222,0.7776824034334764,E1 전체 기간,공정 값 23 + pair_pos,불균형,
Balanced 랜덤포레스트,38,0.42,0.033430946389079536,0.0,0.2,0.4,0.05825242718446602,0.6,0.030612244897959183,0.6467532467532467,E1 전체 기간,공정 값 23 + pair_pos,불균형,
Balanced 랜덤포레스트,39,0.5833333333333334,0.026326180084806316,0.0,0.2,0.2,0.0,0.0,0.0,0.5203463203463203,E1 전체 기간,공정 값 23 + pair_pos,불균형,
Balanced 랜덤포레스트,40,0.5033333333333333,0.04375582750582751,0.2,0.2,0.4,0.05714285714285714,0.2,0.03333333333333333,0.6493506493506493,E1 전체 기간,공정 값 23 + pair_pos,불균형,
Balanced 랜덤포레스트,41,0.53,0.04063641366888477,0.2,0.6,0.6,0.07142857142857142,0.2,0.043478260869565216,0.6225108225108225,E1 전체 기간,공정 값 23 + pair_pos,불균형,
Balanced 랜덤포레스트,42,0.37666666666666665,0.03901561393210253,0.0,0.4,0.6,0.06451612903225806,0.6,0.03409090909090909,0.6103004291845494,E1 전체 기간,공정 값 23 + pair_pos,불균형,
Balanced 랜덤포레스트,43,0.45666666666666667,0.036197801696496876,0.2,0.2,0.2,0.03773584905660377,0.2,0.020833333333333332,0.6285714285714286,E1 전체 기간,공정 값 23 + pair_pos,불균형,
Balanced 랜덤포레스트,44,0.6433333333333333,0.1426633683776541,0.2,0.4,0.6,0.0,0.0,0.0,0.774891774891775,E1 전체 기간,공정 값 23 + pair_pos,불균형,
Balanced 랜덤포레스트,45,0.36333333333333334,0.042583996648512784,0.0,0.4,0.6,0.07194244604316546,1.0,0.03731343283582089,0.7142857142857143,E1 전체 기간,공정 값 23 + pair_pos,불균형,
Balanced 랜덤포레스트,46,0.4,0.029849248602442768,0.0,0.2,0.4,0.06382978723404255,0.6,0.033707865168539325,0.5852813852813853,E1 전체 기간,공정 값 23 + pair_pos,불균형,
Balanced 랜덤포레스트,47,0.66,0.030455748007345115,0.0,0.2,0.2,0.0,0.0,0.0,0.5991416309012876,E1 전체 기간,공정 값 23 + pair_pos,불균형,
Balanced 랜덤포레스트,48,0.5133333333333333,0.02914215784933303,0.2,0.2,0.2,0.04081632653061224,0.2,0.022727272727272728,0.5004329004329005,E1 전체 기간,공정 값 23 + pair_pos,불균형,
Balanced 랜덤포레스트,49,0.49,0.1058839554098523,0.2,0.8,0.8,0.14545454545454545,0.8,0.08,0.8337662337662337,E1 전체 기간,공정 값 23 + pair_pos,불균형,
EasyEnsemble,0,0.6029115964772689,0.05876411113253219,0.2,0.6,0.8,0.0,0.0,0.0,0.7645021645021646,E1 전체 기간,공정 값 23 + pair_pos,불균형,
EasyEnsemble,1,0.48559068189236837,0.02351493186678042,0.0,0.0,0.0,0.04878048780487805,0.6,0.025423728813559324,0.48138528138528136,E1 전체 기간,공정 값 23 + pair_pos,불균형,
EasyEnsemble,2,0.5685229713216348,0.023239687528355833,0.0,0.2,0.2,0.0,0.0,0.0,0.4429184549356223,E1 전체 기간,공정 값 23 + pair_pos,불균형,
EasyEnsemble,3,0.4733809899377718,0.03961829313874222,0.0,0.2,0.6,0.06711409395973154,1.0,0.034722222222222224,0.6883116883116883,E1 전체 기간,공정 값 23 + pair_pos,불균형,
EasyEnsemble,4,0.5909817530604604,0.05309564972942582,0.0,0.4,0.8,0.0,0.0,0.0,0.7593073593073594,E1 전체 기간,공정 값 23 + pair_pos,불균형,
EasyEnsemble,5,0.4789829074933202,0.048210444465048845,0.0,0.6,0.6,0.06578947368421052,1.0,0.034013605442176874,0.7506493506493507,E1 전체 기간,공정 값 23 + pair_pos,불균형,
EasyEnsemble,6,0.5151627153971173,0.042450733314904884,0.0,0.4,0.6,0.07407407407407407,0.6,0.039473684210526314,0.6277056277056278,E1 전체 기간,공정 값 23 + pair_pos,불균형,
EasyEnsemble,7,0.6251059334779653,0.08180223990568819,0.2,0.6,0.6,0.0,0.0,0.0,0.8,E1 전체 기간,공정 값 23 + pair_pos,불균형,
EasyEnsemble,8,0.5936532891050278,0.043593850632508827,0.0,0.6,0.6,0.0,0.0,0.0,0.7012987012987013,E1 전체 기간,공정 값 23 + pair_pos,불균형,
EasyEnsemble,9,0.5886238177463265,0.03562313818789674,0.2,0.2,0.2,0.0,0.0,0.0,0.5748917748917749,E1 전체 기간,공정 값 23 + pair_pos,불균형,
EasyEnsemble,10,0.4859365228063581,0.052554259039918075,0.2,0.4,0.4,0.06557377049180328,0.8,0.03418803418803419,0.6294372294372295,E1 전체 기간,공정 값 23 + pair_pos,불균형,
EasyEnsemble,11,0.6550181145310473,0.04326327102258161,0.0,0.2,0.8,0.0,0.0,0.0,0.7212121212121213,E1 전체 기간,공정 값 23 + pair_pos,불균형,
EasyEnsemble,12,0.513759315996904,0.04532829559607884,0.0,0.6,0.6,0.07228915662650602,0.6,0.038461538461538464,0.7175965665236052,E1 전체 기간,공정 값 23 + pair_pos,불균형,
EasyEnsemble,13,0.527153480158614,0.027867457689477557,0.0,0.2,0.2,0.0273972602739726,0.2,0.014705882352941176,0.5324675324675325,E1 전체 기간,공정 값 23 + pair_pos,불균형,
EasyEnsemble,14,0.6290069255325016,0.042506281279549515,0.2,0.2,0.6,0.0,0.0,0.0,0.6424242424242425,E1 전체 기간,공정 값 23 + pair_pos,불균형,
EasyEnsemble,15,0.6175346820737045,0.06452276524644945,0.0,0.8,0.8,0.0,0.0,0.0,0.7809523809523811,E1 전체 기간,공정 값 23 + pair_pos,불균형,
EasyEnsemble,16,0.5706938853946684,0.036387340409665146,0.0,0.4,0.4,0.0,0.0,0.0,0.6337662337662338,E1 전체 기간,공정 값 23 + pair_pos,불균형,
EasyEnsemble,17,0.5348249908668306,0.032226861348872274,0.0,0.2,0.4,0.031746031746031744,0.2,0.017241379310344827,0.6300429184549357,E1 전체 기간,공정 값 23 + pair_pos,불균형,
EasyEnsemble,18,0.5488120296361305,0.03978845249858426,0.0,0.4,0.6,0.043478260869565216,0.2,0.024390243902439025,0.6649350649350649,E1 전체 기간,공정 값 23 + pair_pos,불균형,
EasyEnsemble,19,0.5207755932713198,0.04847516946654878,0.0,0.4,0.8,0.09523809523809523,0.8,0.05063291139240506,0.7471861471861472,E1 전체 기간,공정 값 23 + pair_pos,불균형,
EasyEnsemble,20,0.5199359219445658,0.06468248798564066,0.2,0.6,0.6,0.06382978723404255,0.6,0.033707865168539325,0.7186147186147187,E1 전체 기간,공정 값 23 + pair_pos,불균형,
EasyEnsemble,21,0.5531467482910314,0.04044961624608416,0.2,0.2,0.4,0.06060606060606061,0.2,0.03571428571428571,0.6727272727272727,E1 전체 기간,공정 값 23 + pair_pos,불균형,
EasyEnsemble,22,0.5314084438494961,0.033694928535809805,0.0,0.2,0.2,0.029850746268656716,0.2,0.016129032258064516,0.6180257510729614,E1 전체 기간,공정 값 23 + pair_pos,불균형,
EasyEnsemble,23,0.47930429329594393,0.061233192956242244,0.2,0.4,0.8,0.06504065040650407,0.8,0.03389830508474576,0.7316017316017316,E1 전체 기간,공정 값 23 + pair_pos,불균형,
EasyEnsemble,24,0.6122893505022615,0.032077929653066266,0.0,0.2,0.4,0.0,0.0,0.0,0.5965367965367965,E1 전체 기간,공정 값 23 + pair_pos,불균형,
EasyEnsemble,25,0.5274609894917569,0.02806372545286928,0.0,0.0,0.2,0.03125,0.2,0.01694915254237288,0.5662337662337662,E1 전체 기간,공정 값 23 + pair_pos,불균형,
EasyEnsemble,26,0.5064137679505902,0.040294808831209235,0.2,0.4,0.4,0.07692307692307693,0.8,0.04040404040404041,0.6545454545454545,E1 전체 기간,공정 값 23 + pair_pos,불균형,
EasyEnsemble,27,0.5715061774940159,0.039687215223800594,0.2,0.2,0.6,0.07692307692307693,0.2,0.047619047619047616,0.6472103004291845,E1 전체 기간,공정 값 23 + pair_pos,불균형,
EasyEnsemble,28,0.48087382471378903,0.03729365544226226,0.0,0.4,0.4,0.0641025641025641,1.0,0.033112582781456956,0.658008658008658,E1 전체 기간,공정 값 23 + pair_pos,불균형,
EasyEnsemble,29,0.5208774647081424,0.028048545314698945,0.0,0.2,0.2,0.022222222222222223,0.2,0.011764705882352941,0.5636363636363637,E1 전체 기간,공정 값 23 + pair_pos,불균형,
EasyEnsemble,30,0.4884800325442126,0.055084046743767025,0.0,0.6,0.8,0.07518796992481203,1.0,0.0390625,0.7792207792207793,E1 전체 기간,공정 값 23 + pair_pos,불균형,
EasyEnsemble,31,0.4896947100685531,0.05446363254782035,0.4,0.4,0.4,0.06779661016949153,0.8,0.035398230088495575,0.6354978354978356,E1 전체 기간,공정 값 23 + pair_pos,불균형,
EasyEnsemble,32,0.49328112959513665,0.06825741192992922,0.4,0.6,0.6,0.06779661016949153,0.8,0.035398230088495575,0.7227467811158799,E1 전체 기간,공정 값 23 + pair_pos,불균형,
EasyEnsemble,33,0.5226283119596432,0.038675506811474775,0.2,0.4,0.4,0.05555555555555555,0.4,0.029850746268656716,0.6277056277056277,E1 전체 기간,공정 값 23 + pair_pos,불균형,
EasyEnsemble,34,0.5788401867814319,0.03406562741222729,0.2,0.2,0.2,0.0,0.0,0.0,0.5896103896103896,E1 전체 기간,공정 값 23 + pair_pos,불균형,
EasyEnsemble,35,0.5358234413627566,0.038381518456537214,0.0,0.4,0.6,0.08571428571428572,0.6,0.046153846153846156,0.6268398268398269,E1 전체 기간,공정 값 23 + pair_pos,불균형,
EasyEnsemble,36,0.54789216513332,0.02920083802013773,0.0,0.0,0.4,0.0,0.0,0.0,0.5567099567099567,E1 전체 기간,공정 값 23 + pair_pos,불균형,
EasyEnsemble,37,0.5985558637411428,0.06165652365652366,0.0,0.6,0.8,0.0,0.0,0.0,0.7622317596566524,E1 전체 기간,공정 값 23 + pair_pos,불균형,
EasyEnsemble,38,0.5296108755350393,0.029018816893148447,0.0,0.2,0.2,0.028985507246376812,0.2,0.015625,0.5722943722943723,E1 전체 기간,공정 값 23 + pair_pos,불균형,
EasyEnsemble,39,0.6135420743459713,0.026763703565034155,0.0,0.2,0.4,0.0,0.0,0.0,0.5220779220779221,E1 전체 기간,공정 값 23 + pair_pos,불균형,
EasyEnsemble,40,0.5973086462504487,0.03144414890241416,0.0,0.4,0.4,0.0,0.0,0.0,0.5688311688311688,E1 전체 기간,공정 값 23 + pair_pos,불균형,
EasyEnsemble,41,0.5051413741211064,0.05185617401354226,0.4,0.4,0.4,0.047058823529411764,0.4,0.025,0.6173160173160174,E1 전체 기간,공정 값 23 + pair_pos,불균형,
EasyEnsemble,42,0.5373287795145386,0.043494638971528186,0.0,0.4,0.8,0.0392156862745098,0.2,0.021739130434782608,0.6901287553648069,E1 전체 기간,공정 값 23 + pair_pos,불균형,
EasyEnsemble,43,0.5797492286633131,0.033456361921165856,0.0,0.0,0.4,0.0,0.0,0.0,0.6441558441558441,E1 전체 기간,공정 값 23 + pair_pos,불균형,
EasyEnsemble,44,0.6234025205105345,0.06924299791999863,0.4,0.4,0.4,0.0,0.0,0.0,0.7956709956709956,E1 전체 기간,공정 값 23 + pair_pos,불균형,
EasyEnsemble,45,0.5703183951960878,0.03958046347974743,0.0,0.2,0.4,0.0,0.0,0.0,0.7047619047619048,E1 전체 기간,공정 값 23 + pair_pos,불균형,
EasyEnsemble,46,0.5671632419095767,0.026135299083067776,0.0,0.2,0.2,0.0,0.0,0.0,0.5402597402597402,E1 전체 기간,공정 값 23 + pair_pos,불균형,
EasyEnsemble,47,0.5514942863777408,0.03430172246454709,0.0,0.2,0.4,0.0,0.0,0.0,0.6497854077253219,E1 전체 기간,공정 값 23 + pair_pos,불균형,
EasyEnsemble,48,0.5989332750818003,0.03360795167736033,0.2,0.2,0.4,0.0,0.0,0.0,0.5774891774891775,E1 전체 기간,공정 값 23 + pair_pos,불균형,
EasyEnsemble,49,0.5175456856325715,0.06472510113297052,0.4,0.6,0.6,0.08247422680412371,0.8,0.043478260869565216,0.7852813852813854,E1 전체 기간,공정 값 23 + pair_pos,불균형,
RUSBoost,0,,,,,,,,,,E1 전체 기간,공정 값 23 + pair_pos,불균형,"ValueError: BaseClassifier in AdaBoostClassifier ensemble is worse than random, ensemble can not be fit."
RUSBoost,1,0.7929685252281863,0.03839819842526588,0.2,0.2,0.4,0.08695652173913043,0.2,0.05555555555555555,0.5896103896103897,E1 전체 기간,공정 값 23 + pair_pos,불균형,
RUSBoost,2,0.8807970779778823,0.02727119278507759,0.0,0.2,0.4,0.0,0.0,0.0,0.542489270386266,E1 전체 기간,공정 값 23 + pair_pos,불균형,
RUSBoost,3,,,,,,,,,,E1 전체 기간,공정 값 23 + pair_pos,불균형,"ValueError: BaseClassifier in AdaBoostClassifier ensemble is worse than random, ensemble can not be fit."
RUSBoost,4,,,,,,,,,,E1 전체 기간,공정 값 23 + pair_pos,불균형,"ValueError: BaseClassifier in AdaBoostClassifier ensemble is worse than random, ensemble can not be fit."
RUSBoost,5,0.8783362441930025,0.09654730674532655,0.2,0.4,0.8,0.06153846153846154,0.4,0.03333333333333333,0.7878787878787878,E1 전체 기간,공정 값 23 + pair_pos,불균형,
RUSBoost,6,,,,,,,,,,E1 전체 기간,공정 값 23 + pair_pos,불균형,"ValueError: BaseClassifier in AdaBoostClassifier ensemble is worse than random, ensemble can not be fit."
RUSBoost,7,,,,,,,,,,E1 전체 기간,공정 값 23 + pair_pos,불균형,"ValueError: BaseClassifier in AdaBoostClassifier ensemble is worse than random, ensemble can not be fit."
RUSBoost,8,,,,,,,,,,E1 전체 기간,공정 값 23 + pair_pos,불균형,"ValueError: BaseClassifier in AdaBoostClassifier ensemble is worse than random, ensemble can not be fit."
RUSBoost,9,0.7778935507904852,0.08776905046191526,0.2,0.2,0.4,0.03076923076923077,0.2,0.016666666666666666,0.541991341991342,E1 전체 기간,공정 값 23 + pair_pos,불균형,
RUSBoost,10,0.8807970779778823,0.05335812034151288,0.2,0.4,0.6,0.05555555555555555,0.6,0.02912621359223301,0.6415584415584416,E1 전체 기간,공정 값 23 + pair_pos,불균형,
RUSBoost,11,0.8807970779778823,0.022195315372118125,0.0,0.2,0.2,0.02531645569620253,0.2,0.013513513513513514,0.4155844155844156,E1 전체 기간,공정 값 23 + pair_pos,불균형,
RUSBoost,12,,,,,,,,,,E1 전체 기간,공정 값 23 + pair_pos,불균형,"ValueError: BaseClassifier in AdaBoostClassifier ensemble is worse than random, ensemble can not be fit."
RUSBoost,13,,,,,,,,,,E1 전체 기간,공정 값 23 + pair_pos,불균형,"ValueError: BaseClassifier in AdaBoostClassifier ensemble is worse than random, ensemble can not be fit."
RUSBoost,14,,,,,,,,,,E1 전체 기간,공정 값 23 + pair_pos,불균형,"ValueError: BaseClassifier in AdaBoostClassifier ensemble is worse than random, ensemble can not be fit."
RUSBoost,15,,,,,,,,,,E1 전체 기간,공정 값 23 + pair_pos,불균형,"ValueError: BaseClassifier in AdaBoostClassifier ensemble is worse than random, ensemble can not be fit."
RUSBoost,16,,,,,,,,,,E1 전체 기간,공정 값 23 + pair_pos,불균형,"ValueError: BaseClassifier in AdaBoostClassifier ensemble is worse than random, ensemble can not be fit."
RUSBoost,17,0.24673871701556682,0.03771496047811837,0.0,0.4,0.6,0.0425531914893617,0.6,0.022058823529411766,0.590557939914163,E1 전체 기간,공정 값 23 + pair_pos,불균형,
RUSBoost,18,0.34933783055553874,0.06723272709687914,0.2,0.2,0.2,0.03571428571428571,0.2,0.0196078431372549,0.451948051948052,E1 전체 기간,공정 값 23 + pair_pos,불균형,
RUSBoost,19,,,,,,,,,,E1 전체 기간,공정 값 23 + pair_pos,불균형,"ValueError: BaseClassifier in AdaBoostClassifier ensemble is worse than random, ensemble can not be fit."
RUSBoost,20,,,,,,,,,,E1 전체 기간,공정 값 23 + pair_pos,불균형,"ValueError: BaseClassifier in AdaBoostClassifier ensemble is worse than random, ensemble can not be fit."
RUSBoost,21,0.5980039760190476,0.05167301991569373,0.2,0.2,0.4,0.056338028169014086,0.4,0.030303030303030304,0.4372294372294372,E1 전체 기간,공정 값 23 + pair_pos,불균형,
RUSBoost,22,0.7813776431305558,0.03233842504519652,0.0,0.2,0.4,0.0,0.0,0.0,0.6360515021459228,E1 전체 기간,공정 값 23 + pair_pos,불균형,
RUSBoost,23,,,,,,,,,,E1 전체 기간,공정 값 23 + pair_pos,불균형,"ValueError: BaseClassifier in AdaBoostClassifier ensemble is worse than random, ensemble can not be fit."
RUSBoost,24,0.8807970779778825,0.023698589259184943,0.0,0.2,0.2,0.0,0.0,0.0,0.4017316017316017,E1 전체 기간,공정 값 23 + pair_pos,불균형,
RUSBoost,25,0.8704510474676798,0.030622427659560858,0.0,0.2,0.4,0.044444444444444446,0.4,0.023529411764705882,0.5506493506493507,E1 전체 기간,공정 값 23 + pair_pos,불균형,
RUSBoost,26,0.2593634273973713,0.03643864096607999,0.0,0.4,0.6,0.05555555555555555,0.6,0.02912621359223301,0.6043290043290044,E1 전체 기간,공정 값 23 + pair_pos,불균형,
RUSBoost,27,,,,,,,,,,E1 전체 기간,공정 값 23 + pair_pos,불균형,"ValueError: BaseClassifier in AdaBoostClassifier ensemble is worse than random, ensemble can not be fit."
RUSBoost,28,,,,,,,,,,E1 전체 기간,공정 값 23 + pair_pos,불균형,"ValueError: BaseClassifier in AdaBoostClassifier ensemble is worse than random, ensemble can not be fit."
RUSBoost,29,0.4349611256569596,0.035449472065560345,0.0,0.2,0.4,0.08403361344537816,1.0,0.043859649122807015,0.6692640692640692,E1 전체 기간,공정 값 23 + pair_pos,불균형,
RUSBoost,30,0.8807970779778823,0.05863210339932304,0.2,0.2,0.2,0.027777777777777776,0.2,0.014925373134328358,0.6346320346320347,E1 전체 기간,공정 값 23 + pair_pos,불균형,
RUSBoost,31,0.5228032349689452,0.11223520007125802,0.4,0.4,0.4,0.06153846153846154,0.4,0.03333333333333333,0.6190476190476191,E1 전체 기간,공정 값 23 + pair_pos,불균형,
RUSBoost,32,,,,,,,,,,E1 전체 기간,공정 값 23 + pair_pos,불균형,"ValueError: BaseClassifier in AdaBoostClassifier ensemble is worse than random, ensemble can not be fit."
RUSBoost,33,0.5024437558661885,0.043882650830486564,0.2,0.2,0.4,0.06976744186046512,0.6,0.037037037037037035,0.7012987012987013,E1 전체 기간,공정 값 23 + pair_pos,불균형,
RUSBoost,34,,,,,,,,,,E1 전체 기간,공정 값 23 + pair_pos,불균형,"ValueError: BaseClassifier in AdaBoostClassifier ensemble is worse than random, ensemble can not be fit."
RUSBoost,35,,,,,,,,,,E1 전체 기간,공정 값 23 + pair_pos,불균형,"ValueError: BaseClassifier in AdaBoostClassifier ensemble is worse than random, ensemble can not be fit."
RUSBoost,36,0.8287547620483003,0.04301559893230922,0.2,0.4,0.6,0.07207207207207207,0.8,0.03773584905660377,0.6683982683982684,E1 전체 기간,공정 값 23 + pair_pos,불균형,
RUSBoost,37,,,,,,,,,,E1 전체 기간,공정 값 23 + pair_pos,불균형,"ValueError: BaseClassifier in AdaBoostClassifier ensemble is worse than random, ensemble can not be fit."
RUSBoost,38,0.11920292202211755,0.027623817045598173,0.0,0.0,0.4,0.04149377593360996,1.0,0.0211864406779661,0.5645021645021645,E1 전체 기간,공정 값 23 + pair_pos,불균형,
RUSBoost,39,,,,,,,,,,E1 전체 기간,공정 값 23 + pair_pos,불균형,"ValueError: BaseClassifier in AdaBoostClassifier ensemble is worse than random, ensemble can not be fit."
RUSBoost,40,,,,,,,,,,E1 전체 기간,공정 값 23 + pair_pos,불균형,"ValueError: BaseClassifier in AdaBoostClassifier ensemble is worse than random, ensemble can not be fit."
RUSBoost,41,,,,,,,,,,E1 전체 기간,공정 값 23 + pair_pos,불균형,"ValueError: BaseClassifier in AdaBoostClassifier ensemble is worse than random, ensemble can not be fit."
RUSBoost,42,,,,,,,,,,E1 전체 기간,공정 값 23 + pair_pos,불균형,"ValueError: BaseClassifier in AdaBoostClassifier ensemble is worse than random, ensemble can not be fit."
RUSBoost,43,,,,,,,,,,E1 전체 기간,공정 값 23 + pair_pos,불균형,"ValueError: BaseClassifier in AdaBoostClassifier ensemble is worse than random, ensemble can not be fit."
RUSBoost,44,0.6683950240607148,0.07314285714285715,0.2,0.6,0.6,0.06896551724137931,0.2,0.041666666666666664,0.7523809523809524,E1 전체 기간,공정 값 23 + pair_pos,불균형,
RUSBoost,45,,,,,,,,,,E1 전체 기간,공정 값 23 + pair_pos,불균형,"ValueError: BaseClassifier in AdaBoostClassifier ensemble is worse than random, ensemble can not be fit."
RUSBoost,46,0.7863448944845625,0.042140827280655144,0.0,0.6,0.6,0.05825242718446602,0.6,0.030612244897959183,0.6112554112554113,E1 전체 기간,공정 값 23 + pair_pos,불균형,
RUSBoost,47,,,,,,,,,,E1 전체 기간,공정 값 23 + pair_pos,불균형,"ValueError: BaseClassifier in AdaBoostClassifier ensemble is worse than random, ensemble can not be fit."
RUSBoost,48,0.6578912593380222,0.022034630089265306,0.0,0.0,0.0,0.0,0.0,0.0,0.45714285714285713,E1 전체 기간,공정 값 23 + pair_pos,불균형,
RUSBoost,49,0.839858477864049,0.09857032141740642,0.2,0.8,1.0,0.0970873786407767,1.0,0.05102040816326531,0.8753246753246754,E1 전체 기간,공정 값 23 + pair_pos,불균형,
스태킹 (LR·SVM·RF → LR),0,0.6350464569806129,0.047657360568611126,0.2,0.4,0.4,0.0,0.0,0.0,0.6649350649350649,E1 전체 기간,공정 값 23 + pair_pos,앙상블,
스태킹 (LR·SVM·RF → LR),1,0.5689970636869336,0.023018136697649884,0.0,0.0,0.0,0.0,0.0,0.0,0.47532467532467537,E1 전체 기간,공정 값 23 + pair_pos,앙상블,
스태킹 (LR·SVM·RF → LR),2,0.5704924015862112,0.022328864314290965,0.0,0.0,0.0,0.0,0.0,0.0,0.465236051502146,E1 전체 기간,공정 값 23 + pair_pos,앙상블,
스태킹 (LR·SVM·RF → LR),3,0.7852307583186415,0.053584283117759826,0.2,0.4,0.8,0.0,0.0,0.0,0.7506493506493507,E1 전체 기간,공정 값 23 + pair_pos,앙상블,
스태킹 (LR·SVM·RF → LR),4,0.898954344841228,0.029976515659614247,0.0,0.0,0.4,0.0,0.0,0.0,0.5896103896103897,E1 전체 기간,공정 값 23 + pair_pos,앙상블,
스태킹 (LR·SVM·RF → LR),5,0.11031769678289685,0.051217732120082606,0.2,0.4,0.6,0.04149377593360996,1.0,0.0211864406779661,0.5437229437229437,E1 전체 기간,공정 값 23 + pair_pos,앙상블,
스태킹 (LR·SVM·RF → LR),6,0.4496841087150607,0.04317001313464266,0.0,0.4,0.6,0.041666666666666664,0.6,0.02158273381294964,0.6216450216450216,E1 전체 기간,공정 값 23 + pair_pos,앙상블,
스태킹 (LR·SVM·RF → LR),7,0.7894307080266512,0.0313628762541806,0.2,0.2,0.2,0.0,0.0,0.0,0.49957081545064375,E1 전체 기간,공정 값 23 + pair_pos,앙상블,
스태킹 (LR·SVM·RF → LR),8,0.5865199261764745,0.05390223700836298,0.2,0.2,0.6,0.08,0.2,0.05,0.6926406926406927,E1 전체 기간,공정 값 23 + pair_pos,앙상블,
스태킹 (LR·SVM·RF → LR),9,0.7054081560544724,0.08781979458450047,0.2,0.2,0.2,0.05128205128205128,0.2,0.029411764705882353,0.5584415584415585,E1 전체 기간,공정 값 23 + pair_pos,앙상블,
스태킹 (LR·SVM·RF → LR),10,0.6415466941067488,0.02665265121593353,0.0,0.0,0.4,0.0,0.0,0.0,0.5428571428571429,E1 전체 기간,공정 값 23 + pair_pos,앙상블,
스태킹 (LR·SVM·RF → LR),11,0.724449094675967,0.03600269086443222,0.0,0.2,0.2,0.0,0.0,0.0,0.6658008658008658,E1 전체 기간,공정 값 23 + pair_pos,앙상블,
스태킹 (LR·SVM·RF → LR),12,0.11491452748145113,0.04832556794684111,0.2,0.2,0.6,0.0411522633744856,1.0,0.02100840336134454,0.632618025751073,E1 전체 기간,공정 값 23 + pair_pos,앙상블,
스태킹 (LR·SVM·RF → LR),13,0.5370197023063052,0.03375403659600369,0.2,0.2,0.2,0.023255813953488372,0.2,0.012345679012345678,0.5601731601731602,E1 전체 기간,공정 값 23 + pair_pos,앙상블,
스태킹 (LR·SVM·RF → LR),14,0.7531639018410347,0.02954334841949521,0.2,0.2,0.2,0.0,0.0,0.0,0.438961038961039,E1 전체 기간,공정 값 23 + pair_pos,앙상블,
스태킹 (LR·SVM·RF → LR),15,0.6076365134714174,0.028152018822158086,0.0,0.0,0.4,0.0,0.0,0.0,0.5523809523809524,E1 전체 기간,공정 값 23 + pair_pos,앙상블,
스태킹 (LR·SVM·RF → LR),16,0.5130523443669178,0.04197929097329497,0.2,0.2,0.4,0.08602150537634409,0.8,0.045454545454545456,0.6891774891774892,E1 전체 기간,공정 값 23 + pair_pos,앙상블,
스태킹 (LR·SVM·RF → LR),17,0.6391827864073095,0.15199952490300106,0.4,0.4,0.4,0.2,0.4,0.13333333333333333,0.7081545064377682,E1 전체 기간,공정 값 23 + pair_pos,앙상블,
스태킹 (LR·SVM·RF → LR),18,0.9205912483751575,0.039253599458744265,0.0,0.0,0.6,0.0,0.0,0.0,0.6935064935064936,E1 전체 기간,공정 값 23 + pair_pos,앙상블,
스태킹 (LR·SVM·RF → LR),19,0.721844461558717,0.015163777842676394,0.0,0.0,0.0,0.0,0.0,0.0,0.19999999999999996,E1 전체 기간,공정 값 23 + pair_pos,앙상블,
스태킹 (LR·SVM·RF → LR),20,0.6276349242541609,0.0725330900411256,0.4,0.6,0.6,0.11428571428571428,0.4,0.06666666666666667,0.806926406926407,E1 전체 기간,공정 값 23 + pair_pos,앙상블,
스태킹 (LR·SVM·RF → LR),21,0.8692134411933481,0.05724793517219885,0.4,0.4,0.4,0.0,0.0,0.0,0.5584415584415585,E1 전체 기간,공정 값 23 + pair_pos,앙상블,
스태킹 (LR·SVM·RF → LR),22,0.6063313417058993,0.0419603777186785,0.2,0.2,0.2,0.041666666666666664,0.2,0.023255813953488372,0.6875536480686695,E1 전체 기간,공정 값 23 + pair_pos,앙상블,
스태킹 (LR·SVM·RF → LR),23,0.30324436735043303,0.1927450980392157,0.4,0.4,0.6,0.04149377593360996,1.0,0.0211864406779661,0.7385281385281386,E1 전체 기간,공정 값 23 + pair_pos,앙상블,
스태킹 (LR·SVM·RF → LR),24,0.7953819761453074,0.03741143352144774,0.2,0.2,0.2,0.1111111111111111,0.2,0.07692307692307693,0.5116883116883117,E1 전체 기간,공정 값 23 + pair_pos,앙상블,
스태킹 (LR·SVM·RF → LR),25,0.9336618824013592,0.022786810801383235,0.0,0.0,0.0,0.0,0.0,0.0,0.4683982683982684,E1 전체 기간,공정 값 23 + pair_pos,앙상블,
스태킹 (LR·SVM·RF → LR),26,0.5048013924245448,0.045617970147092145,0.0,0.4,0.6,0.07058823529411765,0.6,0.0375,0.6995670995670996,E1 전체 기간,공정 값 23 + pair_pos,앙상블,
스태킹 (LR·SVM·RF → LR),27,0.5986447649727294,0.027781178382450478,0.0,0.2,0.2,0.038461538461538464,0.2,0.02127659574468085,0.5699570815450643,E1 전체 기간,공정 값 23 + pair_pos,앙상블,
스태킹 (LR·SVM·RF → LR),28,0.8622578254298198,0.03259859916363802,0.0,0.4,0.4,0.0,0.0,0.0,0.6034632034632035,E1 전체 기간,공정 값 23 + pair_pos,앙상블,
스태킹 (LR·SVM·RF → LR),29,0.4405832819004923,0.031283377662790476,0.0,0.4,0.4,0.06315789473684211,0.6,0.03333333333333333,0.5696969696969697,E1 전체 기간,공정 값 23 + pair_pos,앙상블,
스태킹 (LR·SVM·RF → LR),30,0.49068083033373583,0.039480229348101685,0.0,0.2,0.6,0.07766990291262135,0.8,0.04081632653061224,0.6909090909090909,E1 전체 기간,공정 값 23 + pair_pos,앙상블,
스태킹 (LR·SVM·RF → LR),31,0.5358648353848281,0.05023049747187678,0.2,0.2,0.8,0.043478260869565216,0.2,0.024390243902439025,0.6753246753246753,E1 전체 기간,공정 값 23 + pair_pos,앙상블,
스태킹 (LR·SVM·RF → LR),32,0.5671483980361653,0.2295407801482477,0.2,0.4,0.4,0.0784313725490196,0.4,0.043478260869565216,0.6755364806866953,E1 전체 기간,공정 값 23 + pair_pos,앙상블,
스태킹 (LR·SVM·RF → LR),33,0.9097761641215661,0.1213202492678312,0.2,0.2,0.4,0.0,0.0,0.0,0.5082251082251082,E1 전체 기간,공정 값 23 + pair_pos,앙상블,
스태킹 (LR·SVM·RF → LR),34,0.5120930321989351,0.03815997605916806,0.2,0.2,0.4,0.028985507246376812,0.2,0.015625,0.5411255411255411,E1 전체 기간,공정 값 23 + pair_pos,앙상블,
스태킹 (LR·SVM·RF → LR),35,0.6254993948580146,0.05716498331204486,0.2,0.2,0.4,0.05128205128205128,0.2,0.029411764705882353,0.6588744588744588,E1 전체 기간,공정 값 23 + pair_pos,앙상블,
스태킹 (LR·SVM·RF → LR),36,0.8663625419019529,0.03426726210976305,0.0,0.2,0.4,0.0,0.0,0.0,0.6536796536796536,E1 전체 기간,공정 값 23 + pair_pos,앙상블,
스태킹 (LR·SVM·RF → LR),37,0.6432747279207586,0.07660196181160786,0.2,0.4,0.8,0.0625,0.2,0.037037037037037035,0.7819742489270387,E1 전체 기간,공정 값 23 + pair_pos,앙상블,
스태킹 (LR·SVM·RF → LR),38,0.5428304733032683,0.026345654313526517,0.0,0.2,0.2,0.022727272727272728,0.2,0.012048192771084338,0.535064935064935,E1 전체 기간,공정 값 23 + pair_pos,앙상블,
스태킹 (LR·SVM·RF → LR),39,0.8051785911395404,0.033520325941349155,0.2,0.2,0.2,0.0,0.0,0.0,0.4995670995670996,E1 전체 기간,공정 값 23 + pair_pos,앙상블,
스태킹 (LR·SVM·RF → LR),40,0.4010503576801249,0.04227883643151591,0.2,0.4,0.4,0.04195804195804196,0.6,0.021739130434782608,0.593939393939394,E1 전체 기간,공정 값 23 + pair_pos,앙상블,
스태킹 (LR·SVM·RF → LR),41,0.8744890857872132,0.06561861926179767,0.2,0.4,0.4,0.0,0.0,0.0,0.7116883116883116,E1 전체 기간,공정 값 23 + pair_pos,앙상블,
스태킹 (LR·SVM·RF → LR),42,0.770768696846937,0.02865538992544504,0.0,0.2,0.2,0.0,0.0,0.0,0.5656652360515022,E1 전체 기간,공정 값 23 + pair_pos,앙상블,
스태킹 (LR·SVM·RF → LR),43,0.8332385886863548,0.03290345192667919,0.2,0.2,0.4,0.0,0.0,0.0,0.5255411255411255,E1 전체 기간,공정 값 23 + pair_pos,앙상블,
스태킹 (LR·SVM·RF → LR),44,0.5277920903452121,0.10172766078994556,0.2,0.4,0.4,0.041666666666666664,0.4,0.02197802197802198,0.6649350649350649,E1 전체 기간,공정 값 23 + pair_pos,앙상블,
스태킹 (LR·SVM·RF → LR),45,0.5753544173622982,0.04234049344375432,0.2,0.2,0.6,0.06896551724137931,0.4,0.03773584905660377,0.7047619047619047,E1 전체 기간,공정 값 23 + pair_pos,앙상블,
스태킹 (LR·SVM·RF → LR),46,0.5163282461546177,0.03024101183559755,0.0,0.2,0.4,0.06060606060606061,0.4,0.03278688524590164,0.5731601731601732,E1 전체 기간,공정 값 23 + pair_pos,앙상블,
스태킹 (LR·SVM·RF → LR),47,0.6549905959041462,0.04356049459353453,0.2,0.4,0.6,0.04878048780487805,0.2,0.027777777777777776,0.6763948497854078,E1 전체 기간,공정 값 23 + pair_pos,앙상블,
스태킹 (LR·SVM·RF → LR),48,0.7331913001436393,0.027072443234163343,0.2,0.2,0.2,0.04878048780487805,0.2,0.027777777777777776,0.45454545454545453,E1 전체 기간,공정 값 23 + pair_pos,앙상블,
스태킹 (LR·SVM·RF → LR),49,0.8275336500900117,0.02738335880117432,0.0,0.2,0.4,0.0,0.0,0.0,0.4822510822510823,E1 전체 기간,공정 값 23 + pair_pos,앙상블,
로지스틱 (튜닝),0,0.6271659369317475,0.050277981709582975,0.2,0.4,0.6,0.07272727272727272,0.4,0.04,0.709090909090909,E1 전체 기간,공정 값 23 + pair_pos,튜닝,
로지스틱 (튜닝),1,0.4244634939761846,0.025613997111845296,0.0,0.0,0.2,0.05309734513274336,0.6,0.027777777777777776,0.5367965367965368,E1 전체 기간,공정 값 23 + pair_pos,튜닝,
로지스틱 (튜닝),2,0.6857513825166174,0.021555422112718003,0.0,0.0,0.2,0.0,0.0,0.0,0.4412017167381974,E1 전체 기간,공정 값 23 + pair_pos,튜닝,
로지스틱 (튜닝),3,0.6391364136985022,0.07209974304319136,0.2,0.6,0.8,0.10714285714285714,0.6,0.058823529411764705,0.8034632034632034,E1 전체 기간,공정 값 23 + pair_pos,튜닝,
로지스틱 (튜닝),4,0.6516342724693097,0.14977133923614155,0.6,0.8,1.0,0.15384615384615385,0.8,0.0851063829787234,0.8883116883116884,E1 전체 기간,공정 값 23 + pair_pos,튜닝,
로지스틱 (튜닝),5,0.5192615449649819,0.06125033857216902,0.2,0.6,0.6,0.07407407407407407,0.8,0.038834951456310676,0.7722943722943723,E1 전체 기간,공정 값 23 + pair_pos,튜닝,
로지스틱 (튜닝),6,0.6293403659008397,0.03468107173725151,0.0,0.2,0.2,0.03076923076923077,0.2,0.016666666666666666,0.6588744588744588,E1 전체 기간,공정 값 23 + pair_pos,튜닝,
로지스틱 (튜닝),7,0.5621616223687288,0.07695467863168082,0.2,0.2,0.2,0.025974025974025976,0.2,0.013888888888888888,0.6592274678111588,E1 전체 기간,공정 값 23 + pair_pos,튜닝,
로지스틱 (튜닝),8,0.6988092177532617,0.054156255188077755,0.2,0.4,0.6,0.10256410256410256,0.4,0.058823529411764705,0.7558441558441559,E1 전체 기간,공정 값 23 + pair_pos,튜닝,
로지스틱 (튜닝),9,0.882600416877478,0.03265189491426726,0.0,0.2,0.4,0.0,0.0,0.0,0.6320346320346321,E1 전체 기간,공정 값 23 + pair_pos,튜닝,
로지스틱 (튜닝),10,0.5820527683286897,0.07477223212517328,0.4,0.6,0.8,0.06504065040650407,0.8,0.03389830508474576,0.7134199134199134,E1 전체 기간,공정 값 23 + pair_pos,튜닝,
로지스틱 (튜닝),11,0.3371790292947839,0.15313685754540368,0.2,0.6,0.6,0.07092198581560284,1.0,0.03676470588235294,0.7922077922077922,E1 전체 기간,공정 값 23 + pair_pos,튜닝,
로지스틱 (튜닝),12,0.6081362112267783,0.06950264550264551,0.0,0.6,0.8,0.10666666666666667,0.8,0.05714285714285714,0.8085836909871245,E1 전체 기간,공정 값 23 + pair_pos,튜닝,
로지스틱 (튜닝),13,0.5858601248966789,0.023236998177946035,0.0,0.0,0.2,0.0,0.0,0.0,0.47965367965367967,E1 전체 기간,공정 값 23 + pair_pos,튜닝,
로지스틱 (튜닝),14,0.35184906741337996,0.049970061865730116,0.2,0.2,0.4,0.07246376811594203,1.0,0.03759398496240601,0.735930735930736,E1 전체 기간,공정 값 23 + pair_pos,튜닝,
로지스틱 (튜닝),15,0.4185648948057495,0.0532426021159074,0.0,0.6,0.6,0.08,1.0,0.041666666666666664,0.7696969696969698,E1 전체 기간,공정 값 23 + pair_pos,튜닝,
로지스틱 (튜닝),16,0.6206149554136555,0.03994263123476607,0.2,0.2,0.4,0.05194805194805195,0.4,0.027777777777777776,0.6787878787878788,E1 전체 기간,공정 값 23 + pair_pos,튜닝,
로지스틱 (튜닝),17,0.6422919412434784,0.03685970744144891,0.0,0.2,0.2,0.0392156862745098,0.2,0.021739130434782608,0.671244635193133,E1 전체 기간,공정 값 23 + pair_pos,튜닝,
로지스틱 (튜닝),18,0.45186146800969734,0.03857985186901322,0.0,0.2,0.6,0.08108108108108109,0.6,0.043478260869565216,0.6822510822510822,E1 전체 기간,공정 값 23 + pair_pos,튜닝,
로지스틱 (튜닝),19,0.4911441395134103,0.2538045288045288,0.2,0.6,0.6,0.08403361344537816,1.0,0.043859649122807015,0.8155844155844156,E1 전체 기간,공정 값 23 + pair_pos,튜닝,
로지스틱 (튜닝),20,0.7998562330316535,0.09662057044079515,0.6,0.8,0.8,0.0,0.0,0.0,0.8528138528138528,E1 전체 기간,공정 값 23 + pair_pos,튜닝,
로지스틱 (튜닝),21,0.8313055148175834,0.02351562908900859,0.0,0.0,0.0,0.0,0.0,0.0,0.49264069264069266,E1 전체 기간,공정 값 23 + pair_pos,튜닝,
로지스틱 (튜닝),22,0.6349802564696748,0.03675503830190958,0.2,0.2,0.4,0.043478260869565216,0.2,0.024390243902439025,0.6609442060085837,E1 전체 기간,공정 값 23 + pair_pos,튜닝,
로지스틱 (튜닝),23,0.41456314411453915,0.06154791445114026,0.2,0.6,0.8,0.06504065040650407,0.8,0.03389830508474576,0.7740259740259741,E1 전체 기간,공정 값 23 + pair_pos,튜닝,
로지스틱 (튜닝),24,0.6563329609157967,0.03287481362666278,0.0,0.4,0.4,0.08163265306122448,0.4,0.045454545454545456,0.6060606060606061,E1 전체 기간,공정 값 23 + pair_pos,튜닝,
로지스틱 (튜닝),25,0.8858465012213756,0.03273051611168654,0.0,0.2,0.2,0.0,0.0,0.0,0.638095238095238,E1 전체 기간,공정 값 23 + pair_pos,튜닝,
로지스틱 (튜닝),26,0.7251652133486555,0.04881584448160535,0.2,0.2,0.6,0.10526315789473684,0.2,0.07142857142857142,0.7099567099567099,E1 전체 기간,공정 값 23 + pair_pos,튜닝,
로지스틱 (튜닝),27,0.7115983119553254,0.04777167972451687,0.0,0.4,0.8,0.0,0.0,0.0,0.7467811158798283,E1 전체 기간,공정 값 23 + pair_pos,튜닝,
로지스틱 (튜닝),28,0.5059945944479838,0.0624743050024652,0.2,0.6,0.6,0.08791208791208792,0.8,0.046511627906976744,0.7809523809523811,E1 전체 기간,공정 값 23 + pair_pos,튜닝,
로지스틱 (튜닝),29,0.6259813599577677,0.03862460741872506,0.0,0.0,0.4,0.0,0.0,0.0,0.6961038961038961,E1 전체 기간,공정 값 23 + pair_pos,튜닝,
로지스틱 (튜닝),30,0.9154208542106672,0.05870611954459203,0.4,0.4,0.6,0.0,0.0,0.0,0.7688311688311689,E1 전체 기간,공정 값 23 + pair_pos,튜닝,
로지스틱 (튜닝),31,0.4611276035164121,0.05386759555177461,0.4,0.4,0.6,0.06611570247933884,0.8,0.034482758620689655,0.7359307359307359,E1 전체 기간,공정 값 23 + pair_pos,튜닝,
로지스틱 (튜닝),32,0.4425650307256371,0.06413393032978854,0.2,0.6,0.8,0.07142857142857142,0.8,0.037383177570093455,0.7836909871244635,E1 전체 기간,공정 값 23 + pair_pos,튜닝,
로지스틱 (튜닝),33,0.786739631112615,0.046664430525527927,0.2,0.4,0.6,0.0,0.0,0.0,0.735930735930736,E1 전체 기간,공정 값 23 + pair_pos,튜닝,
로지스틱 (튜닝),34,0.49046697932634997,0.025989055457817593,0.0,0.2,0.2,0.03333333333333333,0.2,0.01818181818181818,0.5151515151515151,E1 전체 기간,공정 값 23 + pair_pos,튜닝,
로지스틱 (튜닝),35,0.9437677567373628,0.06192430166900192,0.2,0.6,0.6,0.0,0.0,0.0,0.7350649350649351,E1 전체 기간,공정 값 23 + pair_pos,튜닝,
로지스틱 (튜닝),36,0.43631362327989354,0.0387558575809942,0.2,0.2,0.4,0.06504065040650407,0.8,0.03389830508474576,0.6502164502164502,E1 전체 기간,공정 값 23 + pair_pos,튜닝,
로지스틱 (튜닝),37,0.9036896303599976,0.08356338733085844,0.2,0.8,0.8,0.0,0.0,0.0,0.8532188841201717,E1 전체 기간,공정 값 23 + pair_pos,튜닝,
로지스틱 (튜닝),38,0.42124987590084956,0.02205624071292754,0.0,0.0,0.0,0.0,0.0,0.0,0.4536796536796537,E1 전체 기간,공정 값 23 + pair_pos,튜닝,
로지스틱 (튜닝),39,0.6402856434547592,0.029647011058212238,0.0,0.2,0.4,0.047619047619047616,0.2,0.02702702702702703,0.5324675324675325,E1 전체 기간,공정 값 23 + pair_pos,튜닝,
로지스틱 (튜닝),40,0.49894808186255385,0.23074361105287222,0.2,0.2,0.4,0.07079646017699115,0.8,0.037037037037037035,0.703030303030303,E1 전체 기간,공정 값 23 + pair_pos,튜닝,
로지스틱 (튜닝),41,0.5667888908476667,0.04446515680212991,0.4,0.4,0.4,0.05714285714285714,0.4,0.03076923076923077,0.6484848484848486,E1 전체 기간,공정 값 23 + pair_pos,튜닝,
로지스틱 (튜닝),42,0.5855016239795426,0.03124986124986125,0.0,0.2,0.4,0.03333333333333333,0.2,0.01818181818181818,0.6145922746781116,E1 전체 기간,공정 값 23 + pair_pos,튜닝,
로지스틱 (튜닝),43,0.7224819620216373,0.05646227638060669,0.0,0.6,0.6,0.0,0.0,0.0,0.7774891774891775,E1 전체 기간,공정 값 23 + pair_pos,튜닝,
로지스틱 (튜닝),44,0.5482449479615781,0.0954594017094017,0.4,0.6,0.8,0.08928571428571429,1.0,0.04672897196261682,0.8398268398268398,E1 전체 기간,공정 값 23 + pair_pos,튜닝,
로지스틱 (튜닝),45,0.6564886514476184,0.0520250437323608,0.0,0.6,0.6,0.09523809523809523,0.4,0.05405405405405406,0.7593073593073593,E1 전체 기간,공정 값 23 + pair_pos,튜닝,
로지스틱 (튜닝),46,0.4891212435842912,0.039936519138354006,0.0,0.4,0.6,0.06611570247933884,0.8,0.034482758620689655,0.6857142857142857,E1 전체 기간,공정 값 23 + pair_pos,튜닝,
로지스틱 (튜닝),47,0.451298656387636,0.24883079098349514,0.4,0.4,0.6,0.08064516129032258,1.0,0.04201680672268908,0.7974248927038626,E1 전체 기간,공정 값 23 + pair_pos,튜닝,
로지스틱 (튜닝),48,0.8072145997802448,0.034117733332504126,0.2,0.2,0.2,0.06060606060606061,0.2,0.03571428571428571,0.5930735930735931,E1 전체 기간,공정 값 23 + pair_pos,튜닝,
로지스틱 (튜닝),49,0.4392306022468907,0.08313052966151949,0.4,0.8,0.8,0.08064516129032258,1.0,0.04201680672268908,0.8441558441558441,E1 전체 기간,공정 값 23 + pair_pos,튜닝,
랜덤포레스트 (튜닝),0,0.36333333333333334,0.07357407366215783,0.2,0.6,0.8,0.10909090909090909,0.6,0.06,0.7835497835497836,E1 전체 기간,공정 값 23 + pair_pos,튜닝,
랜덤포레스트 (튜닝),1,0.8135265136645735,0.01954376954785772,0.0,0.0,0.0,0.0,0.0,0.0,0.38614718614718613,E1 전체 기간,공정 값 23 + pair_pos,튜닝,
랜덤포레스트 (튜닝),2,0.043333333333333335,0.03749647945632232,0.2,0.4,0.4,0.06666666666666667,0.4,0.03636363636363636,0.4858369098712446,E1 전체 기간,공정 값 23 + pair_pos,튜닝,
랜덤포레스트 (튜닝),3,0.07333333333333333,0.07810254803675856,0.2,0.6,0.8,0.08771929824561403,1.0,0.045871559633027525,0.8181818181818181,E1 전체 기간,공정 값 23 + pair_pos,튜닝,
랜덤포레스트 (튜닝),4,0.6266666666666667,0.0390730744091908,0.0,0.2,0.4,0.0,0.0,0.0,0.6995670995670996,E1 전체 기간,공정 값 23 + pair_pos,튜닝,
랜덤포레스트 (튜닝),5,0.43719715409415055,0.09213849944587311,0.4,0.6,0.8,0.16666666666666666,0.2,0.14285714285714285,0.7887445887445887,E1 전체 기간,공정 값 23 + pair_pos,튜닝,
랜덤포레스트 (튜닝),6,0.19668747532994307,0.08771367521367521,0.4,0.6,0.6,0.15789473684210525,0.6,0.09090909090909091,0.7281385281385282,E1 전체 기간,공정 값 23 + pair_pos,튜닝,
랜덤포레스트 (튜닝),7,0.8221368733886764,0.0525028749380944,0.0,0.4,0.8,0.0,0.0,0.0,0.782832618025751,E1 전체 기간,공정 값 23 + pair_pos,튜닝,
랜덤포레스트 (튜닝),8,0.14666666666666667,0.0865842305091798,0.4,0.6,0.8,0.15384615384615385,0.6,0.08823529411764706,0.7584415584415585,E1 전체 기간,공정 값 23 + pair_pos,튜닝,
랜덤포레스트 (튜닝),9,0.774834662930227,0.0893644380742831,0.2,0.2,0.4,0.2,0.2,0.2,0.5428571428571428,E1 전체 기간,공정 값 23 + pair_pos,튜닝,
랜덤포레스트 (튜닝),10,0.254003834773763,0.035685709942891886,0.2,0.2,0.4,0.08695652173913043,0.2,0.05555555555555555,0.5619047619047619,E1 전체 기간,공정 값 23 + pair_pos,튜닝,
랜덤포레스트 (튜닝),11,0.4709140532071358,0.031226415685250097,0.0,0.2,0.2,0.0,0.0,0.0,0.6173160173160173,E1 전체 기간,공정 값 23 + pair_pos,튜닝,
랜덤포레스트 (튜닝),12,0.24,0.058964429973193545,0.2,0.4,0.6,0.09302325581395349,0.4,0.05263157894736842,0.6454935622317597,E1 전체 기간,공정 값 23 + pair_pos,튜닝,
랜덤포레스트 (튜닝),13,0.3296634328509548,0.12984379997120385,0.2,0.4,0.4,0.08695652173913043,0.2,0.05555555555555555,0.5818181818181818,E1 전체 기간,공정 값 23 + pair_pos,튜닝,
랜덤포레스트 (튜닝),14,0.2554803161436422,0.09553650372615889,0.4,0.6,0.8,0.09523809523809523,0.8,0.05063291139240506,0.7558441558441559,E1 전체 기간,공정 값 23 + pair_pos,튜닝,
랜덤포레스트 (튜닝),15,0.022278790741615494,0.08372402515553395,0.4,0.6,0.6,0.0967741935483871,0.6,0.05263157894736842,0.7116883116883118,E1 전체 기간,공정 값 23 + pair_pos,튜닝,
랜덤포레스트 (튜닝),16,0.8333333333333334,0.03519211263389654,0.0,0.2,0.6,0.0,0.0,0.0,0.6216450216450217,E1 전체 기간,공정 값 23 + pair_pos,튜닝,
랜덤포레스트 (튜닝),17,0.38853576664511924,0.04286894181432141,0.0,0.4,0.6,0.08695652173913043,0.4,0.04878048780487805,0.711587982832618,E1 전체 기간,공정 값 23 + pair_pos,튜닝,
랜덤포레스트 (튜닝),18,0.6733333333333333,0.056440797977592605,0.2,0.4,0.6,0.0,0.0,0.0,0.7255411255411256,E1 전체 기간,공정 값 23 + pair_pos,튜닝,
랜덤포레스트 (튜닝),19,0.5533333333333333,0.07410405396380151,0.4,0.6,1.0,0.10344827586206896,0.6,0.05660377358490566,0.8346320346320346,E1 전체 기간,공정 값 23 + pair_pos,튜닝,
랜덤포레스트 (튜닝),20,0.26688204362452916,0.0431014222598381,0.2,0.2,0.2,0.1,0.2,0.06666666666666667,0.6000000000000001,E1 전체 기간,공정 값 23 + pair_pos,튜닝,
랜덤포레스트 (튜닝),21,0.31333333333333335,0.10365056740310291,0.4,0.6,0.6,0.09523809523809523,0.6,0.05172413793103448,0.8043290043290042,E1 전체 기간,공정 값 23 + pair_pos,튜닝,
랜덤포레스트 (튜닝),22,0.0030067243035542747,0.04133287293511055,0.0,0.2,0.6,0.047619047619047616,1.0,0.024390243902439025,0.7150214592274677,E1 전체 기간,공정 값 23 + pair_pos,튜닝,
랜덤포레스트 (튜닝),23,0.842549650975442,0.2603596909729563,0.4,0.4,0.4,0.0,0.0,0.0,0.69004329004329,E1 전체 기간,공정 값 23 + pair_pos,튜닝,
랜덤포레스트 (튜닝),24,0.7267385329244231,0.051485454519776874,0.2,0.2,0.4,0.0,0.0,0.0,0.42770562770562776,E1 전체 기간,공정 값 23 + pair_pos,튜닝,
랜덤포레스트 (튜닝),25,0.6065417499517874,0.02370903934556378,0.0,0.0,0.0,0.0,0.0,0.0,0.4805194805194805,E1 전체 기간,공정 값 23 + pair_pos,튜닝,
랜덤포레스트 (튜닝),26,0.6397581320927698,0.06073350325686775,0.4,0.6,0.6,0.10344827586206896,0.6,0.05660377358490566,0.6095238095238096,E1 전체 기간,공정 값 23 + pair_pos,튜닝,
랜덤포레스트 (튜닝),27,0.41556781841283014,0.0391692242257618,0.2,0.4,0.4,0.0784313725490196,0.4,0.043478260869565216,0.6592274678111588,E1 전체 기간,공정 값 23 + pair_pos,튜닝,
랜덤포레스트 (튜닝),28,0.44335909861283945,0.029085885757153575,0.0,0.2,0.2,0.0,0.0,0.0,0.5844155844155844,E1 전체 기간,공정 값 23 + pair_pos,튜닝,
랜덤포레스트 (튜닝),29,0.4633333333333333,0.041533949273575115,0.2,0.4,0.4,0.08,0.4,0.044444444444444446,0.6251082251082252,E1 전체 기간,공정 값 23 + pair_pos,튜닝,
랜덤포레스트 (튜닝),30,0.4079913870544631,0.03201372019870615,0.0,0.2,0.4,0.0547945205479452,0.4,0.029411764705882353,0.6173160173160173,E1 전체 기간,공정 값 23 + pair_pos,튜닝,
랜덤포레스트 (튜닝),31,0.4651327000029141,0.0621027050750553,0.4,0.4,0.6,0.0,0.0,0.0,0.5662337662337662,E1 전체 기간,공정 값 23 + pair_pos,튜닝,
랜덤포레스트 (튜닝),32,0.21666666666666667,0.22400642116883585,0.2,0.2,0.4,0.058823529411764705,0.6,0.030927835051546393,0.607725321888412,E1 전체 기간,공정 값 23 + pair_pos,튜닝,
랜덤포레스트 (튜닝),33,0.19832666660482448,0.14442399663879113,0.2,0.4,0.6,0.06666666666666667,0.4,0.03636363636363636,0.7740259740259741,E1 전체 기간,공정 값 23 + pair_pos,튜닝,
랜덤포레스트 (튜닝),34,0.8196447129376381,0.0530023849607183,0.2,0.4,0.6,0.0,0.0,0.0,0.6502164502164502,E1 전체 기간,공정 값 23 + pair_pos,튜닝,
랜덤포레스트 (튜닝),35,0.731364533889015,0.029902682085780678,0.0,0.2,0.4,0.0,0.0,0.0,0.5307359307359307,E1 전체 기간,공정 값 23 + pair_pos,튜닝,
랜덤포레스트 (튜닝),36,0.3737874431344228,0.12806916673293006,0.4,0.4,0.8,0.26666666666666666,0.4,0.2,0.7515151515151515,E1 전체 기간,공정 값 23 + pair_pos,튜닝,
랜덤포레스트 (튜닝),37,0.04666666666666667,0.10561239987155788,0.4,0.4,0.8,0.08928571428571429,1.0,0.04672897196261682,0.8051502145922746,E1 전체 기간,공정 값 23 + pair_pos,튜닝,
랜덤포레스트 (튜닝),38,0.191867639665173,0.044224828879560335,0.2,0.2,0.6,0.075,0.6,0.04,0.7246753246753247,E1 전체 기간,공정 값 23 + pair_pos,튜닝,
랜덤포레스트 (튜닝),39,0.3208530565123698,0.026176816398022305,0.0,0.2,0.2,0.0392156862745098,0.2,0.021739130434782608,0.5385281385281385,E1 전체 기간,공정 값 23 + pair_pos,튜닝,
랜덤포레스트 (튜닝),40,0.4315499811988845,0.23806024362212555,0.2,0.4,0.6,0.25,0.2,0.3333333333333333,0.6952380952380952,E1 전체 기간,공정 값 23 + pair_pos,튜닝,
랜덤포레스트 (튜닝),41,0.5744665320004473,0.06929541788976962,0.4,0.4,0.6,0.16666666666666666,0.4,0.10526315789473684,0.7385281385281386,E1 전체 기간,공정 값 23 + pair_pos,튜닝,
랜덤포레스트 (튜닝),42,0.45803504396496586,0.07486143486143487,0.2,0.8,0.8,0.0,0.0,0.0,0.7716738197424893,E1 전체 기간,공정 값 23 + pair_pos,튜닝,
랜덤포레스트 (튜닝),43,0.7082954145673903,0.03711552119335391,0.0,0.2,0.2,0.0,0.0,0.0,0.6727272727272727,E1 전체 기간,공정 값 23 + pair_pos,튜닝,
랜덤포레스트 (튜닝),44,0.7691342180785826,0.04933111009660501,0.2,0.4,0.6,0.0,0.0,0.0,0.7385281385281386,E1 전체 기간,공정 값 23 + pair_pos,튜닝,
랜덤포레스트 (튜닝),45,0.7535762183189879,0.04148377462330951,0.0,0.4,0.8,0.0,0.0,0.0,0.6346320346320347,E1 전체 기간,공정 값 23 + pair_pos,튜닝,
랜덤포레스트 (튜닝),46,0.7139942060572132,0.03351994205733802,0.2,0.2,0.4,0.0,0.0,0.0,0.5021645021645023,E1 전체 기간,공정 값 23 + pair_pos,튜닝,
랜덤포레스트 (튜닝),47,0.05,0.03159033692236871,0.0,0.0,0.2,0.04405286343612335,1.0,0.02252252252252252,0.6257510729613733,E1 전체 기간,공정 값 23 + pair_pos,튜닝,
랜덤포레스트 (튜닝),48,0.7883120725610607,0.023074406251543406,0.0,0.2,0.2,0.0,0.0,0.0,0.4225108225108225,E1 전체 기간,공정 값 23 + pair_pos,튜닝,
랜덤포레스트 (튜닝),49,0.3979791488862666,0.07835462231964795,0.4,0.6,0.8,0.11320754716981132,0.6,0.0625,0.8303030303030303,E1 전체 기간,공정 값 23 + pair_pos,튜닝,
XGBoost (튜닝),0,0.16332273185253143,0.11962864721485411,0.2,0.6,0.6,0.0641025641025641,1.0,0.033112582781456956,0.7748917748917749,E1 전체 기간,공정 값 23 + pair_pos,튜닝,
XGBoost (튜닝),1,0.2677519619464874,0.02260497680262503,0.0,0.0,0.0,0.0,0.0,0.0,0.4632034632034632,E1 전체 기간,공정 값 23 + pair_pos,튜닝,
XGBoost (튜닝),2,0.3520153760910034,0.029337465721700574,0.2,0.2,0.4,0.05555555555555555,0.2,0.03225806451612903,0.46266094420600856,E1 전체 기간,공정 값 23 + pair_pos,튜닝,
XGBoost (튜닝),3,0.16300058364868164,0.05648825181968446,0.0,0.6,0.8,0.0,0.0,0.0,0.7887445887445887,E1 전체 기간,공정 값 23 + pair_pos,튜닝,
XGBoost (튜닝),4,0.4105561375617981,0.04536832916406087,0.0,0.4,0.6,0.0625,0.2,0.037037037037037035,0.7012987012987013,E1 전체 기간,공정 값 23 + pair_pos,튜닝,
XGBoost (튜닝),5,0.0014127391623333097,0.06925695722075814,0.4,0.4,0.6,0.052083333333333336,1.0,0.026737967914438502,0.7255411255411255,E1 전체 기간,공정 값 23 + pair_pos,튜닝,
XGBoost (튜닝),6,0.10395532101392746,0.06938793007758526,0.4,0.4,0.4,0.0625,0.4,0.03389830508474576,0.6147186147186148,E1 전체 기간,공정 값 23 + pair_pos,튜닝,
XGBoost (튜닝),7,0.7129159569740295,0.04373604027621025,0.0,0.4,0.6,0.0,0.0,0.0,0.6832618025751074,E1 전체 기간,공정 값 23 + pair_pos,튜닝,
XGBoost (튜닝),8,0.5324997901916504,0.13013188262015463,0.2,0.8,0.8,0.0,0.0,0.0,0.8268398268398269,E1 전체 기간,공정 값 23 + pair_pos,튜닝,
XGBoost (튜닝),9,0.18775475025177002,0.041832279553220206,0.2,0.2,0.2,0.061855670103092786,0.6,0.03260869565217391,0.638095238095238,E1 전체 기간,공정 값 23 + pair_pos,튜닝,
XGBoost (튜닝),10,0.7114708423614502,0.03667445310127491,0.0,0.2,0.6,0.0,0.0,0.0,0.6147186147186147,E1 전체 기간,공정 값 23 + pair_pos,튜닝,
XGBoost (튜닝),11,0.6644151210784912,0.04942595307917888,0.0,0.2,0.8,0.0,0.0,0.0,0.7645021645021646,E1 전체 기간,공정 값 23 + pair_pos,튜닝,
XGBoost (튜닝),12,0.39901965856552124,0.0330450279230767,0.0,0.2,0.4,0.0,0.0,0.0,0.6103004291845493,E1 전체 기간,공정 값 23 + pair_pos,튜닝,
XGBoost (튜닝),13,0.06217494606971741,0.05476495487950553,0.2,0.2,0.4,0.06060606060606061,0.2,0.03571428571428571,0.6121212121212121,E1 전체 기간,공정 값 23 + pair_pos,튜닝,
XGBoost (튜닝),14,0.23423917591571808,0.046872294555213134,0.2,0.6,0.6,0.0,0.0,0.0,0.6233766233766234,E1 전체 기간,공정 값 23 + pair_pos,튜닝,
XGBoost (튜닝),15,0.2171546071767807,0.0586870940454224,0.4,0.4,0.4,0.0,0.0,0.0,0.6441558441558441,E1 전체 기간,공정 값 23 + pair_pos,튜닝,
XGBoost (튜닝),16,0.6235788464546204,0.03459070341423283,0.0,0.2,0.6,0.0,0.0,0.0,0.6190476190476191,E1 전체 기간,공정 값 23 + pair_pos,튜닝,
XGBoost (튜닝),17,0.7251946926116943,0.05293398043822492,0.2,0.2,0.4,0.0,0.0,0.0,0.6995708154506437,E1 전체 기간,공정 값 23 + pair_pos,튜닝,
XGBoost (튜닝),18,0.7370536923408508,0.03739758325965222,0.2,0.2,0.4,0.0,0.0,0.0,0.6173160173160173,E1 전체 기간,공정 값 23 + pair_pos,튜닝,
XGBoost (튜닝),19,0.0031598780769854784,0.06656101137237685,0.2,0.6,0.8,0.04149377593360996,1.0,0.0211864406779661,0.8225108225108224,E1 전체 기간,공정 값 23 + pair_pos,튜닝,
XGBoost (튜닝),20,0.5403045415878296,0.0542208898750113,0.2,0.6,0.8,0.0,0.0,0.0,0.7506493506493507,E1 전체 기간,공정 값 23 + pair_pos,튜닝,
XGBoost (튜닝),21,0.03976596146821976,0.08777172333623948,0.4,0.6,0.6,0.04405286343612335,1.0,0.02252252252252252,0.7463203463203463,E1 전체 기간,공정 값 23 + pair_pos,튜닝,
XGBoost (튜닝),22,0.05691640079021454,0.0472069950717999,0.0,0.4,0.8,0.0,0.0,0.0,0.7433476394849785,E1 전체 기간,공정 값 23 + pair_pos,튜닝,
XGBoost (튜닝),23,0.31710177659988403,0.06501343484102105,0.4,0.4,0.4,0.0,0.0,0.0,0.6978354978354978,E1 전체 기간,공정 값 23 + pair_pos,튜닝,
XGBoost (튜닝),24,0.41426876187324524,0.04431784384316268,0.2,0.2,0.2,0.0,0.0,0.0,0.5601731601731601,E1 전체 기간,공정 값 23 + pair_pos,튜닝,
XGBoost (튜닝),25,0.506146252155304,0.030234528486788002,0.0,0.2,0.2,0.0,0.0,0.0,0.5696969696969697,E1 전체 기간,공정 값 23 + pair_pos,튜닝,
XGBoost (튜닝),26,0.6230267286300659,0.07632097769712448,0.2,0.6,0.8,0.1111111111111111,0.2,0.07692307692307693,0.7151515151515152,E1 전체 기간,공정 값 23 + pair_pos,튜닝,
XGBoost (튜닝),27,0.65708327293396,0.23526020001157916,0.2,0.4,0.4,0.0,0.0,0.0,0.6858369098712447,E1 전체 기간,공정 값 23 + pair_pos,튜닝,
XGBoost (튜닝),28,0.6880701184272766,0.0380140479711566,0.2,0.2,0.4,0.0,0.0,0.0,0.5584415584415585,E1 전체 기간,공정 값 23 + pair_pos,튜닝,
XGBoost (튜닝),29,0.18200713396072388,0.02623179603607937,0.0,0.0,0.2,0.0,0.0,0.0,0.5454545454545454,E1 전체 기간,공정 값 23 + pair_pos,튜닝,
XGBoost (튜닝),30,0.260983407497406,0.04493200054399565,0.0,0.4,0.4,0.09009009009009009,1.0,0.04716981132075472,0.7402597402597403,E1 전체 기간,공정 값 23 + pair_pos,튜닝,
XGBoost (튜닝),31,0.25382107496261597,0.05572810354925113,0.2,0.4,0.6,0.07407407407407407,0.8,0.038834951456310676,0.6692640692640693,E1 전체 기간,공정 값 23 + pair_pos,튜닝,
XGBoost (튜닝),32,0.5659688711166382,0.23024744497812766,0.2,0.4,0.4,0.1,0.2,0.06666666666666667,0.6772532188841202,E1 전체 기간,공정 값 23 + pair_pos,튜닝,
XGBoost (튜닝),33,0.8730906844139099,0.13614182066458258,0.2,0.4,0.6,0.0,0.0,0.0,0.7099567099567099,E1 전체 기간,공정 값 23 + pair_pos,튜닝,
XGBoost (튜닝),34,0.6563999056816101,0.07187473182162127,0.2,0.2,0.2,0.0,0.0,0.0,0.5463203463203463,E1 전체 기간,공정 값 23 + pair_pos,튜닝,
XGBoost (튜닝),35,0.36197629570961,0.08600512105347385,0.4,0.4,0.6,0.15384615384615385,0.2,0.125,0.6909090909090909,E1 전체 기간,공정 값 23 + pair_pos,튜닝,
XGBoost (튜닝),36,0.182338684797287,0.054722041469991024,0.2,0.4,0.4,0.0,0.0,0.0,0.6649350649350649,E1 전체 기간,공정 값 23 + pair_pos,튜닝,
XGBoost (튜닝),37,0.10857464373111725,0.09623626373626373,0.4,0.6,0.8,0.0,0.0,0.0,0.7914163090128755,E1 전체 기간,공정 값 23 + pair_pos,튜닝,
XGBoost (튜닝),38,0.16041316092014313,0.03872694566826294,0.2,0.2,0.6,0.043478260869565216,0.2,0.024390243902439025,0.6164502164502165,E1 전체 기간,공정 값 23 + pair_pos,튜닝,
XGBoost (튜닝),39,0.3042554557323456,0.02016011097877242,0.0,0.0,0.2,0.022988505747126436,0.2,0.012195121951219513,0.37402597402597404,E1 전체 기간,공정 값 23 + pair_pos,튜닝,
XGBoost (튜닝),40,0.08194102346897125,0.038254066444250494,0.2,0.4,0.4,0.0,0.0,0.0,0.6354978354978356,E1 전체 기간,공정 값 23 + pair_pos,튜닝,
XGBoost (튜닝),41,0.5144919753074646,0.04363964940815035,0.0,0.4,0.8,0.0,0.0,0.0,0.6805194805194805,E1 전체 기간,공정 값 23 + pair_pos,튜닝,
XGBoost (튜닝),42,0.10111594945192337,0.08244810744810745,0.4,0.6,0.6,0.11320754716981132,0.6,0.0625,0.7236051502145922,E1 전체 기간,공정 값 23 + pair_pos,튜닝,
XGBoost (튜닝),43,0.6681483387947083,0.03352400203916671,0.0,0.2,0.2,0.0,0.0,0.0,0.6476190476190476,E1 전체 기간,공정 값 23 + pair_pos,튜닝,
XGBoost (튜닝),44,0.6960211396217346,0.05355086799610126,0.0,0.4,0.6,0.0,0.0,0.0,0.7792207792207793,E1 전체 기간,공정 값 23 + pair_pos,튜닝,
XGBoost (튜닝),45,0.003005481557920575,0.057761221234905444,0.2,0.4,0.6,0.07092198581560284,1.0,0.03676470588235294,0.7463203463203463,E1 전체 기간,공정 값 23 + pair_pos,튜닝,
XGBoost (튜닝),46,0.4397324025630951,0.025327870686166987,0.0,0.0,0.2,0.0,0.0,0.0,0.5316017316017316,E1 전체 기간,공정 값 23 + pair_pos,튜닝,
XGBoost (튜닝),47,0.07412812858819962,0.023216518311271986,0.0,0.0,0.2,0.01834862385321101,0.2,0.009615384615384616,0.48841201716738203,E1 전체 기간,공정 값 23 + pair_pos,튜닝,
XGBoost (튜닝),48,0.6913326382637024,0.024421551923602784,0.0,0.0,0.2,0.0,0.0,0.0,0.49610389610389616,E1 전체 기간,공정 값 23 + pair_pos,튜닝,
XGBoost (튜닝),49,0.1622513085603714,0.06327362292879535,0.2,0.4,0.8,0.0,0.0,0.0,0.8025974025974025,E1 전체 기간,공정 값 23 + pair_pos,튜닝,
LightGBM (튜닝),0,0.03678203409143569,0.07689828170074,0.4,0.6,0.8,0.12903225806451613,0.4,0.07692307692307693,0.8112554112554113,E1 전체 기간,공정 값 23 + pair_pos,튜닝,
LightGBM (튜닝),1,0.21044254062554726,0.02296587926509186,0.0,0.0,0.0,0.022727272727272728,0.2,0.012048192771084338,0.4787878787878788,E1 전체 기간,공정 값 23 + pair_pos,튜닝,
LightGBM (튜닝),2,0.0014025529129045912,0.034889136628267065,0.2,0.4,0.4,0.04219409282700422,1.0,0.021551724137931036,0.4721030042918455,E1 전체 기간,공정 값 23 + pair_pos,튜닝,
LightGBM (튜닝),3,1.2808719472171418e-06,0.09149535603715171,0.4,0.6,1.0,0.04149377593360996,1.0,0.0211864406779661,0.8554112554112554,E1 전체 기간,공정 값 23 + pair_pos,튜닝,
LightGBM (튜닝),4,0.7158643492808652,0.04563761437688761,0.0,0.4,0.6,0.0,0.0,0.0,0.7186147186147186,E1 전체 기간,공정 값 23 + pair_pos,튜닝,
LightGBM (튜닝),5,0.0010707662478343742,0.06821129388210134,0.4,0.6,0.6,0.04149377593360996,1.0,0.0211864406779661,0.6528138528138528,E1 전체 기간,공정 값 23 + pair_pos,튜닝,
LightGBM (튜닝),6,0.033090529890481044,0.06393070683700484,0.2,0.4,0.4,0.18181818181818182,0.2,0.16666666666666666,0.6363636363636364,E1 전체 기간,공정 값 23 + pair_pos,튜닝,
LightGBM (튜닝),7,0.2437565741048836,0.049241579088336866,0.2,0.6,0.6,0.10526315789473684,0.6,0.057692307692307696,0.6918454935622318,E1 전체 기간,공정 값 23 + pair_pos,튜닝,
LightGBM (튜닝),8,0.286524206472734,0.07981236549713575,0.4,0.8,0.8,0.1111111111111111,0.4,0.06451612903225806,0.7367965367965369,E1 전체 기간,공정 값 23 + pair_pos,튜닝,
LightGBM (튜닝),9,0.7377412513828617,0.12474518121856984,0.2,0.2,0.4,0.0,0.0,0.0,0.6207792207792208,E1 전체 기간,공정 값 23 + pair_pos,튜닝,
LightGBM (튜닝),10,2.7481170361559325e-05,0.06162595799223146,0.2,0.4,0.4,0.04149377593360996,1.0,0.0211864406779661,0.6277056277056278,E1 전체 기간,공정 값 23 + pair_pos,튜닝,
LightGBM (튜닝),11,0.21649238034007162,0.05436977209166951,0.2,0.2,1.0,0.0,0.0,0.0,0.7835497835497836,E1 전체 기간,공정 값 23 + pair_pos,튜닝,
LightGBM (튜닝),12,0.08396903063551575,0.03574732798502257,0.0,0.2,0.6,0.0,0.0,0.0,0.6317596566523606,E1 전체 기간,공정 값 23 + pair_pos,튜닝,
LightGBM (튜닝),13,0.5113887423993835,0.037739634916355694,0.2,0.4,0.4,0.0,0.0,0.0,0.6147186147186147,E1 전체 기간,공정 값 23 + pair_pos,튜닝,
LightGBM (튜닝),14,0.5262023638262345,0.03272584304665015,0.0,0.4,0.4,0.0,0.0,0.0,0.5844155844155844,E1 전체 기간,공정 값 23 + pair_pos,튜닝,
LightGBM (튜닝),15,0.29408448275781623,0.09324004028312015,0.4,0.4,0.4,0.26666666666666666,0.4,0.2,0.6761904761904762,E1 전체 기간,공정 값 23 + pair_pos,튜닝,
LightGBM (튜닝),16,0.6817564431136368,0.02808656482569526,0.0,0.2,0.4,0.0,0.0,0.0,0.541991341991342,E1 전체 기간,공정 값 23 + pair_pos,튜닝,
LightGBM (튜닝),17,0.1872298204607434,0.04720889171389728,0.2,0.2,0.6,0.03508771929824561,0.2,0.019230769230769232,0.736480686695279,E1 전체 기간,공정 값 23 + pair_pos,튜닝,
LightGBM (튜닝),18,0.27927588926834396,0.04751170823088632,0.2,0.4,0.4,0.125,0.4,0.07407407407407407,0.6753246753246753,E1 전체 기간,공정 값 23 + pair_pos,튜닝,
LightGBM (튜닝),19,2.805485756279879e-07,0.09611085431980954,0.2,0.8,1.0,0.078125,1.0,0.04065040650406504,0.8528138528138528,E1 전체 기간,공정 값 23 + pair_pos,튜닝,
LightGBM (튜닝),20,0.01981896243178589,0.05368554694605115,0.2,0.2,0.6,0.0641025641025641,1.0,0.033112582781456956,0.7341991341991341,E1 전체 기간,공정 값 23 + pair_pos,튜닝,
LightGBM (튜닝),21,0.009934668187522769,0.12944867068223667,0.2,0.2,0.4,0.2222222222222222,0.2,0.25,0.6822510822510823,E1 전체 기간,공정 값 23 + pair_pos,튜닝,
LightGBM (튜닝),22,0.26695165683383365,0.04549427372314696,0.0,0.4,0.6,0.0,0.0,0.0,0.7072961373390558,E1 전체 기간,공정 값 23 + pair_pos,튜닝,
LightGBM (튜닝),23,0.031293453211017244,0.15132047768736578,0.4,0.4,0.4,0.15384615384615385,0.2,0.125,0.6995670995670995,E1 전체 기간,공정 값 23 + pair_pos,튜닝,
LightGBM (튜닝),24,0.0025576814895513157,0.04082089196625895,0.2,0.2,0.2,0.03333333333333333,0.4,0.017391304347826087,0.483982683982684,E1 전체 기간,공정 값 23 + pair_pos,튜닝,
LightGBM (튜닝),25,0.030876753477760824,0.024102184542264617,0.0,0.2,0.2,0.0,0.0,0.0,0.48658008658008656,E1 전체 기간,공정 값 23 + pair_pos,튜닝,
LightGBM (튜닝),26,0.04971188896719767,0.0704598033545402,0.2,0.6,0.8,0.05405405405405406,0.2,0.03125,0.7264069264069264,E1 전체 기간,공정 값 23 + pair_pos,튜닝,
LightGBM (튜닝),27,0.030381903269455595,0.14610224463883,0.4,0.6,0.6,0.05555555555555555,0.8,0.02877697841726619,0.655793991416309,E1 전체 기간,공정 값 23 + pair_pos,튜닝,
LightGBM (튜닝),28,0.18904309202074762,0.04978389407936595,0.2,0.2,0.2,0.10526315789473684,0.2,0.07142857142857142,0.6225108225108226,E1 전체 기간,공정 값 23 + pair_pos,튜닝,
LightGBM (튜닝),29,0.39440828150401697,0.03994328689141593,0.0,0.4,0.4,0.0,0.0,0.0,0.6484848484848484,E1 전체 기간,공정 값 23 + pair_pos,튜닝,
LightGBM (튜닝),30,0.0694745342557406,0.06879020939289064,0.0,0.8,0.8,0.06451612903225806,0.2,0.038461538461538464,0.7974025974025973,E1 전체 기간,공정 값 23 + pair_pos,튜닝,
LightGBM (튜닝),31,0.3141236989446205,0.08750370516099418,0.2,0.6,0.8,0.0,0.0,0.0,0.7021645021645022,E1 전체 기간,공정 값 23 + pair_pos,튜닝,
LightGBM (튜닝),32,0.028043482210376197,0.04439622649309683,0.2,0.4,0.4,0.039603960396039604,0.4,0.020833333333333332,0.5948497854077253,E1 전체 기간,공정 값 23 + pair_pos,튜닝,
LightGBM (튜닝),33,0.46713242972091784,0.09055724538794468,0.4,0.6,0.6,0.0,0.0,0.0,0.6909090909090909,E1 전체 기간,공정 값 23 + pair_pos,튜닝,
LightGBM (튜닝),34,0.02404317757114929,0.05213058519331153,0.2,0.2,0.2,0.041666666666666664,1.0,0.02127659574468085,0.49004329004329006,E1 전체 기간,공정 값 23 + pair_pos,튜닝,
LightGBM (튜닝),35,0.26060459204780906,0.05279641903297817,0.2,0.4,0.6,0.0,0.0,0.0,0.7012987012987013,E1 전체 기간,공정 값 23 + pair_pos,튜닝,
LightGBM (튜닝),36,0.15846913299347612,0.061538194287852295,0.2,0.2,0.4,0.06722689075630252,0.8,0.03508771929824561,0.6476190476190476,E1 전체 기간,공정 값 23 + pair_pos,튜닝,
LightGBM (튜닝),37,0.4689131318080705,0.06711336745870794,0.2,0.6,0.6,0.0,0.0,0.0,0.7364806866952789,E1 전체 기간,공정 값 23 + pair_pos,튜닝,
LightGBM (튜닝),38,0.253057024221648,0.03429389874178462,0.0,0.2,0.4,0.03636363636363636,0.2,0.02,0.6320346320346321,E1 전체 기간,공정 값 23 + pair_pos,튜닝,
LightGBM (튜닝),39,0.05195535702879323,0.024215533613009203,0.0,0.2,0.4,0.0,0.0,0.0,0.438961038961039,E1 전체 기간,공정 값 23 + pair_pos,튜닝,
LightGBM (튜닝),40,0.10606912453221329,0.034395943889203404,0.2,0.2,0.4,0.0,0.0,0.0,0.5766233766233766,E1 전체 기간,공정 값 23 + pair_pos,튜닝,
LightGBM (튜닝),41,0.1625538467193571,0.04373121379146674,0.2,0.4,0.8,0.06153846153846154,0.4,0.03333333333333333,0.6623376623376623,E1 전체 기간,공정 값 23 + pair_pos,튜닝,
LightGBM (튜닝),42,0.42820924822724066,0.10601378472031704,0.6,0.6,0.6,0.0,0.0,0.0,0.6927038626609442,E1 전체 기간,공정 값 23 + pair_pos,튜닝,
LightGBM (튜닝),43,0.0015786020269145814,0.045216757322399354,0.2,0.4,0.4,0.04819277108433735,0.4,0.02564102564102564,0.6805194805194805,E1 전체 기간,공정 값 23 + pair_pos,튜닝,
LightGBM (튜닝),44,0.6383687163119536,0.05901612406285303,0.0,0.6,0.8,0.0,0.0,0.0,0.7835497835497836,E1 전체 기간,공정 값 23 + pair_pos,튜닝,
LightGBM (튜닝),45,0.11147232910520685,0.052581833371307056,0.4,0.4,0.6,0.0,0.0,0.0,0.6987012987012987,E1 전체 기간,공정 값 23 + pair_pos,튜닝,
LightGBM (튜닝),46,0.11127551139192435,0.03216794220728131,0.0,0.2,0.6,0.0,0.0,0.0,0.593939393939394,E1 전체 기간,공정 값 23 + pair_pos,튜닝,
LightGBM (튜닝),47,0.5407672800266297,0.02641263873142081,0.0,0.2,0.2,0.0,0.0,0.0,0.5090128755364807,E1 전체 기간,공정 값 23 + pair_pos,튜닝,
LightGBM (튜닝),48,0.4064480984290267,0.024670964541347092,0.0,0.2,0.2,0.0,0.0,0.0,0.4251082251082251,E1 전체 기간,공정 값 23 + pair_pos,튜닝,
LightGBM (튜닝),49,0.08429381153418014,0.08471597096188747,0.2,0.8,0.8,0.13333333333333333,0.4,0.08,0.8424242424242424,E1 전체 기간,공정 값 23 + pair_pos,튜닝,
CatBoost (튜닝),0,0.11647833152058658,0.059731771496477376,0.2,0.4,0.4,0.0,0.0,0.0,0.748917748917749,E1 전체 기간,공정 값 23 + pair_pos,튜닝,
CatBoost (튜닝),1,0.043436142964552074,0.02770061977137042,0.0,0.2,0.4,0.04081632653061224,0.2,0.022727272727272728,0.5359307359307359,E1 전체 기간,공정 값 23 + pair_pos,튜닝,
CatBoost (튜닝),2,0.011940379178847113,0.052900532303517385,0.2,0.4,0.4,0.08888888888888889,0.4,0.05,0.6420600858369099,E1 전체 기간,공정 값 23 + pair_pos,튜닝,
CatBoost (튜닝),3,0.22132336250939885,0.0632868170615454,0.2,0.6,0.8,0.0,0.0,0.0,0.8060606060606061,E1 전체 기간,공정 값 23 + pair_pos,튜닝,
CatBoost (튜닝),4,0.1023319589465901,0.045232954196587724,0.2,0.4,0.4,0.08,0.2,0.05,0.6978354978354979,E1 전체 기간,공정 값 23 + pair_pos,튜닝,
CatBoost (튜닝),5,0.003870690480864605,0.09422521922521923,0.6,0.6,0.8,0.061068702290076333,0.8,0.031746031746031744,0.8025974025974025,E1 전체 기간,공정 값 23 + pair_pos,튜닝,
CatBoost (튜닝),6,0.012421797658017337,0.08086324083958621,0.4,0.4,0.4,0.08163265306122448,0.4,0.045454545454545456,0.7151515151515151,E1 전체 기간,공정 값 23 + pair_pos,튜닝,
CatBoost (튜닝),7,0.5449581591167052,0.04289245292191018,0.2,0.4,0.4,0.0,0.0,0.0,0.6866952789699571,E1 전체 기간,공정 값 23 + pair_pos,튜닝,
CatBoost (튜닝),8,0.19806790119219492,0.0753140983082316,0.2,0.4,0.6,0.0,0.0,0.0,0.7445887445887446,E1 전체 기간,공정 값 23 + pair_pos,튜닝,
CatBoost (튜닝),9,0.5566901219036522,0.08421924744818779,0.2,0.2,0.2,0.0,0.0,0.0,0.4536796536796537,E1 전체 기간,공정 값 23 + pair_pos,튜닝,
CatBoost (튜닝),10,0.48557997282343535,0.03407611489824997,0.0,0.4,0.4,0.0,0.0,0.0,0.5792207792207793,E1 전체 기간,공정 값 23 + pair_pos,튜닝,
CatBoost (튜닝),11,0.28627890392107236,0.03411421017601798,0.0,0.2,0.4,0.0,0.0,0.0,0.6372294372294373,E1 전체 기간,공정 값 23 + pair_pos,튜닝,
CatBoost (튜닝),12,0.10117243388443864,0.05744361315789888,0.2,0.6,0.6,0.0,0.0,0.0,0.6626609442060085,E1 전체 기간,공정 값 23 + pair_pos,튜닝,
CatBoost (튜닝),13,0.04597874709759338,0.05018958933603358,0.2,0.2,0.4,0.06451612903225806,0.2,0.038461538461538464,0.6060606060606061,E1 전체 기간,공정 값 23 + pair_pos,튜닝,
CatBoost (튜닝),14,0.032256311130925,0.07800425242285706,0.4,0.6,0.6,0.2,0.4,0.13333333333333333,0.7480519480519481,E1 전체 기간,공정 값 23 + pair_pos,튜닝,
CatBoost (튜닝),15,0.12121386407758884,0.09512548113424087,0.4,0.4,0.6,0.1111111111111111,0.2,0.07692307692307693,0.6822510822510822,E1 전체 기간,공정 값 23 + pair_pos,튜닝,
CatBoost (튜닝),16,0.33588060405814746,0.03415438202450115,0.0,0.0,0.6,0.0,0.0,0.0,0.6277056277056277,E1 전체 기간,공정 값 23 + pair_pos,튜닝,
CatBoost (튜닝),17,0.08926067773395537,0.07309420170337065,0.4,0.8,0.8,0.07751937984496124,1.0,0.04032258064516129,0.8231759656652361,E1 전체 기간,공정 값 23 + pair_pos,튜닝,
CatBoost (튜닝),18,0.12858897588872972,0.04680852104580918,0.2,0.4,0.6,0.0,0.0,0.0,0.6432900432900432,E1 전체 기간,공정 값 23 + pair_pos,튜닝,
CatBoost (튜닝),19,0.06180996046326024,0.08845478489903424,0.4,0.8,1.0,0.0,0.0,0.0,0.8597402597402597,E1 전체 기간,공정 값 23 + pair_pos,튜닝,
CatBoost (튜닝),20,0.03708958853946044,0.0551084950135137,0.2,0.6,0.6,0.06060606060606061,0.8,0.031496062992125984,0.7298701298701299,E1 전체 기간,공정 값 23 + pair_pos,튜닝,
CatBoost (튜닝),21,0.01895089411406924,0.08492850551674082,0.4,0.4,0.6,0.14814814814814814,0.4,0.09090909090909091,0.7168831168831169,E1 전체 기간,공정 값 23 + pair_pos,튜닝,
CatBoost (튜닝),22,0.3518655655278362,0.07484211906635195,0.2,0.6,0.6,0.07407407407407407,0.2,0.045454545454545456,0.7957081545064377,E1 전체 기간,공정 값 23 + pair_pos,튜닝,
CatBoost (튜닝),23,0.0006426159730793901,0.15654871650585062,0.4,0.4,0.6,0.04149377593360996,1.0,0.0211864406779661,0.7584415584415585,E1 전체 기간,공정 값 23 + pair_pos,튜닝,
CatBoost (튜닝),24,0.46143379706374105,0.05102121833445501,0.2,0.2,0.2,0.0,0.0,0.0,0.5523809523809524,E1 전체 기간,공정 값 23 + pair_pos,튜닝,
CatBoost (튜닝),25,0.23679728792864338,0.036388975791149705,0.2,0.2,0.4,0.0,0.0,0.0,0.6233766233766234,E1 전체 기간,공정 값 23 + pair_pos,튜닝,
CatBoost (튜닝),26,0.15204689929637494,0.08229502590566834,0.2,0.4,0.8,0.0851063829787234,0.8,0.0449438202247191,0.6952380952380953,E1 전체 기간,공정 값 23 + pair_pos,튜닝,
CatBoost (튜닝),27,0.023440594307799708,0.10367203973562425,0.2,0.4,0.6,0.06976744186046512,0.6,0.037037037037037035,0.7150214592274678,E1 전체 기간,공정 값 23 + pair_pos,튜닝,
CatBoost (튜닝),28,0.45659268512529844,0.06541143104644809,0.2,0.2,0.4,0.0,0.0,0.0,0.6337662337662338,E1 전체 기간,공정 값 23 + pair_pos,튜닝,
CatBoost (튜닝),29,0.11272858470094708,0.042440468602694896,0.2,0.4,0.4,0.05217391304347826,0.6,0.02727272727272727,0.6588744588744588,E1 전체 기간,공정 값 23 + pair_pos,튜닝,
CatBoost (튜닝),30,0.044161703803651794,0.06305777555777556,0.2,0.6,0.8,0.0,0.0,0.0,0.8086580086580087,E1 전체 기간,공정 값 23 + pair_pos,튜닝,
CatBoost (튜닝),31,0.032287083283535974,0.06961220855930446,0.4,0.4,0.4,0.17391304347826086,0.4,0.1111111111111111,0.6831168831168832,E1 전체 기간,공정 값 23 + pair_pos,튜닝,
CatBoost (튜닝),32,0.04473100236732043,0.1350141807120666,0.2,0.4,0.4,0.06779661016949153,0.4,0.037037037037037035,0.68068669527897,E1 전체 기간,공정 값 23 + pair_pos,튜닝,
CatBoost (튜닝),33,0.12867705420860276,0.08665840410672913,0.4,0.6,0.6,0.0,0.0,0.0,0.7177489177489178,E1 전체 기간,공정 값 23 + pair_pos,튜닝,
CatBoost (튜닝),34,0.030578332252519776,0.22262350382619164,0.2,0.2,0.4,0.031746031746031744,0.4,0.01652892561983471,0.5722943722943723,E1 전체 기간,공정 값 23 + pair_pos,튜닝,
CatBoost (튜닝),35,0.014154152697019463,0.042579728118578165,0.2,0.6,0.6,0.05,0.2,0.02857142857142857,0.6441558441558441,E1 전체 기간,공정 값 23 + pair_pos,튜닝,
CatBoost (튜닝),36,0.018004976101204048,0.051604573932808644,0.4,0.4,0.6,0.07407407407407407,0.2,0.045454545454545456,0.6839826839826839,E1 전체 기간,공정 값 23 + pair_pos,튜닝,
CatBoost (튜닝),37,0.2997939442238125,0.07873931623931622,0.4,0.6,0.8,0.0,0.0,0.0,0.7167381974248928,E1 전체 기간,공정 값 23 + pair_pos,튜닝,
CatBoost (튜닝),38,0.04002250347604041,0.061296713807474215,0.2,0.6,0.8,0.07874015748031496,1.0,0.040983606557377046,0.793939393939394,E1 전체 기간,공정 값 23 + pair_pos,튜닝,
CatBoost (튜닝),39,0.1377976989513252,0.023081097139400226,0.0,0.0,0.2,0.0,0.0,0.0,0.47878787878787876,E1 전체 기간,공정 값 23 + pair_pos,튜닝,
CatBoost (튜닝),40,0.42302221770483905,0.053886483886483885,0.2,0.2,0.4,0.0,0.0,0.0,0.5956709956709957,E1 전체 기간,공정 값 23 + pair_pos,튜닝,
CatBoost (튜닝),41,0.17680386887265578,0.05752633879936864,0.0,0.8,0.8,0.08791208791208792,0.8,0.046511627906976744,0.7298701298701299,E1 전체 기간,공정 값 23 + pair_pos,튜닝,
CatBoost (튜닝),42,0.04820323259045348,0.10511233010093463,0.2,0.4,0.6,0.08333333333333333,0.2,0.05263157894736842,0.751931330472103,E1 전체 기간,공정 값 23 + pair_pos,튜닝,
CatBoost (튜닝),43,0.046144516438755535,0.044432148409449555,0.2,0.4,0.4,0.07142857142857142,0.2,0.043478260869565216,0.6718614718614719,E1 전체 기간,공정 값 23 + pair_pos,튜닝,
CatBoost (튜닝),44,0.4615405127954203,0.05113869159063667,0.2,0.4,0.6,0.0,0.0,0.0,0.7212121212121212,E1 전체 기간,공정 값 23 + pair_pos,튜닝,
CatBoost (튜닝),45,0.07161985419080732,0.05663414778682726,0.4,0.4,0.6,0.10526315789473684,0.2,0.07142857142857142,0.6952380952380952,E1 전체 기간,공정 값 23 + pair_pos,튜닝,
CatBoost (튜닝),46,0.26812685126707353,0.039442055692055694,0.2,0.2,0.4,0.0,0.0,0.0,0.6363636363636364,E1 전체 기간,공정 값 23 + pair_pos,튜닝,
CatBoost (튜닝),47,0.2632799655549105,0.03744462031056237,0.0,0.4,0.6,0.0,0.0,0.0,0.6540772532188841,E1 전체 기간,공정 값 23 + pair_pos,튜닝,
CatBoost (튜닝),48,0.19361062472352325,0.03538394121579417,0.2,0.2,0.2,0.034482758620689655,0.2,0.018867924528301886,0.48744588744588746,E1 전체 기간,공정 값 23 + pair_pos,튜닝,
CatBoost (튜닝),49,0.31849214933003517,0.09349526737392179,0.6,0.6,0.8,0.0967741935483871,0.6,0.05263157894736842,0.8424242424242425,E1 전체 기간,공정 값 23 + pair_pos,튜닝,
Isolation Forest,0,0.522297880767362,0.021464728984029235,0.0,0.2,0.2,0.0,0.0,0.0,0.35584415584415585,E1 전체 기간,공정 값 23 + pair_pos,이상탐지,
Isolation Forest,1,0.51947834759246,0.05378037023582898,0.2,0.2,0.4,0.07692307692307693,0.2,0.047619047619047616,0.5151515151515151,E1 전체 기간,공정 값 23 + pair_pos,이상탐지,
Isolation Forest,2,0.4935198206230099,0.019849807246137222,0.0,0.0,0.0,0.0,0.0,0.0,0.3965665236051502,E1 전체 기간,공정 값 23 + pair_pos,이상탐지,
Isolation Forest,3,0.524799435458861,0.014882354205424936,0.0,0.0,0.0,0.0,0.0,0.0,0.17316017316017315,E1 전체 기간,공정 값 23 + pair_pos,이상탐지,
Isolation Forest,4,0.5335911532382634,0.03673787410292743,0.0,0.4,0.4,0.0,0.0,0.0,0.6406926406926408,E1 전체 기간,공정 값 23 + pair_pos,이상탐지,
Isolation Forest,5,0.5010793460604749,0.02103754786920049,0.0,0.2,0.2,0.03571428571428571,0.2,0.0196078431372549,0.3887445887445887,E1 전체 기간,공정 값 23 + pair_pos,이상탐지,
Isolation Forest,6,0.5096924656935985,0.024382435592635268,0.0,0.2,0.2,0.0,0.0,0.0,0.4536796536796537,E1 전체 기간,공정 값 23 + pair_pos,이상탐지,
Isolation Forest,7,0.5072517748632518,0.09725400236560214,0.2,0.2,0.6,0.13333333333333333,0.2,0.1,0.6497854077253219,E1 전체 기간,공정 값 23 + pair_pos,이상탐지,
Isolation Forest,8,0.525418272163874,0.01779328331388611,0.0,0.0,0.0,0.0,0.0,0.0,0.3194805194805195,E1 전체 기간,공정 값 23 + pair_pos,이상탐지,
Isolation Forest,9,0.5174514527767111,0.024358052637329417,0.0,0.2,0.4,0.0,0.0,0.0,0.3991341991341991,E1 전체 기간,공정 값 23 + pair_pos,이상탐지,
Isolation Forest,10,0.523071440016876,0.02610619890813521,0.0,0.0,0.4,0.0,0.0,0.0,0.5064935064935066,E1 전체 기간,공정 값 23 + pair_pos,이상탐지,
Isolation Forest,11,0.5351856625413297,0.06559116809116809,0.4,0.4,0.4,0.0,0.0,0.0,0.6277056277056278,E1 전체 기간,공정 값 23 + pair_pos,이상탐지,
Isolation Forest,12,0.5038721427583636,0.01972663529310026,0.0,0.0,0.0,0.0,0.0,0.0,0.384549356223176,E1 전체 기간,공정 값 23 + pair_pos,이상탐지,
Isolation Forest,13,0.4612060224637746,0.02193209174053784,0.0,0.2,0.2,0.01818181818181818,0.2,0.009523809523809525,0.4251082251082251,E1 전체 기간,공정 값 23 + pair_pos,이상탐지,
Isolation Forest,14,0.49126651392658344,0.047657671457870594,0.2,0.2,0.2,0.03076923076923077,0.2,0.016666666666666666,0.34632034632034636,E1 전체 기간,공정 값 23 + pair_pos,이상탐지,
Isolation Forest,15,0.510620749396323,0.022492135374351536,0.0,0.0,0.0,0.0,0.0,0.0,0.4554112554112554,E1 전체 기간,공정 값 23 + pair_pos,이상탐지,
Isolation Forest,16,0.5071920813549545,0.029815815214974877,0.0,0.2,0.4,0.0,0.0,0.0,0.5515151515151515,E1 전체 기간,공정 값 23 + pair_pos,이상탐지,
Isolation Forest,17,0.5193177467844837,0.024215529657392994,0.0,0.2,0.2,0.0,0.0,0.0,0.41201716738197425,E1 전체 기간,공정 값 23 + pair_pos,이상탐지,
Isolation Forest,18,0.49761969740733397,0.03951611030970698,0.2,0.2,0.2,0.06060606060606061,0.2,0.03571428571428571,0.35584415584415585,E1 전체 기간,공정 값 23 + pair_pos,이상탐지,
Isolation Forest,19,0.44109777410734224,0.02323389347779592,0.0,0.2,0.2,0.020100502512562814,0.4,0.010309278350515464,0.3393939393939394,E1 전체 기간,공정 값 23 + pair_pos,이상탐지,
Isolation Forest,20,0.526750187202659,0.02223948896525068,0.0,0.0,0.0,0.0,0.0,0.0,0.4614718614718615,E1 전체 기간,공정 값 23 + pair_pos,이상탐지,
Isolation Forest,21,0.5056141198705844,0.016462103182710852,0.0,0.0,0.0,0.0,0.0,0.0,0.2701298701298701,E1 전체 기간,공정 값 23 + pair_pos,이상탐지,
Isolation Forest,22,0.4970200835132966,0.017474055915751765,0.0,0.0,0.0,0.0,0.0,0.0,0.31845493562231764,E1 전체 기간,공정 값 23 + pair_pos,이상탐지,
Isolation Forest,23,0.5255482058276467,0.023008249916453255,0.0,0.2,0.2,0.0,0.0,0.0,0.38441558441558443,E1 전체 기간,공정 값 23 + pair_pos,이상탐지,
Isolation Forest,24,0.4206500616750468,0.08299060113013602,0.4,0.6,0.8,0.04184100418410042,1.0,0.021367521367521368,0.7194805194805195,E1 전체 기간,공정 값 23 + pair_pos,이상탐지,
Isolation Forest,25,0.5474126559111788,0.0257634872612884,0.0,0.2,0.4,0.0,0.0,0.0,0.4761904761904762,E1 전체 기간,공정 값 23 + pair_pos,이상탐지,
Isolation Forest,26,0.5223191991529923,0.01725074887177554,0.0,0.0,0.0,0.0,0.0,0.0,0.2857142857142857,E1 전체 기간,공정 값 23 + pair_pos,이상탐지,
Isolation Forest,27,0.5184236556502986,0.02134473226472393,0.0,0.0,0.0,0.0,0.0,0.0,0.4257510729613734,E1 전체 기간,공정 값 23 + pair_pos,이상탐지,
Isolation Forest,28,0.5389718227712467,0.03622471479244559,0.2,0.4,0.4,0.0,0.0,0.0,0.5619047619047619,E1 전체 기간,공정 값 23 + pair_pos,이상탐지,
Isolation Forest,29,0.5139496465865142,0.030612802591221046,0.2,0.2,0.2,0.08695652173913043,0.2,0.05555555555555555,0.37402597402597404,E1 전체 기간,공정 값 23 + pair_pos,이상탐지,
Isolation Forest,30,0.49159461797307297,0.02176308483076487,0.0,0.0,0.4,0.0,0.0,0.0,0.3878787878787878,E1 전체 기간,공정 값 23 + pair_pos,이상탐지,
Isolation Forest,31,0.5175060221634259,0.022901138734020856,0.0,0.2,0.2,0.0,0.0,0.0,0.4251082251082251,E1 전체 기간,공정 값 23 + pair_pos,이상탐지,
Isolation Forest,32,0.5066839986880146,0.024208029034560256,0.0,0.2,0.2,0.0,0.0,0.0,0.46266094420600856,E1 전체 기간,공정 값 23 + pair_pos,이상탐지,
Isolation Forest,33,0.5052634201499776,0.028539475524906675,0.2,0.2,0.2,0.08695652173913043,0.2,0.05555555555555555,0.37575757575757573,E1 전체 기간,공정 값 23 + pair_pos,이상탐지,
Isolation Forest,34,0.43101425356321543,0.05206800870738749,0.2,0.4,0.4,0.036036036036036036,0.8,0.018433179723502304,0.5956709956709957,E1 전체 기간,공정 값 23 + pair_pos,이상탐지,
Isolation Forest,35,0.5027704106153837,0.038627597362199825,0.2,0.2,0.2,0.08333333333333333,0.2,0.05263157894736842,0.5082251082251081,E1 전체 기간,공정 값 23 + pair_pos,이상탐지,
Isolation Forest,36,0.5011993174400952,0.01929439694191247,0.0,0.0,0.2,0.0,0.0,0.0,0.32987012987012987,E1 전체 기간,공정 값 23 + pair_pos,이상탐지,
Isolation Forest,37,0.514944794795004,0.019838635049161366,0.0,0.0,0.2,0.0,0.0,0.0,0.38540772532188844,E1 전체 기간,공정 값 23 + pair_pos,이상탐지,
Isolation Forest,38,0.498620598769081,0.017494110420044673,0.0,0.0,0.0,0.0,0.0,0.0,0.3151515151515152,E1 전체 기간,공정 값 23 + pair_pos,이상탐지,
Isolation Forest,39,0.42247470887932587,0.06181853440605827,0.4,0.4,0.6,0.042735042735042736,1.0,0.021834061135371178,0.6865800865800866,E1 전체 기간,공정 값 23 + pair_pos,이상탐지,
Isolation Forest,40,0.418911391562804,0.09404926405441075,0.4,0.6,0.6,0.04184100418410042,1.0,0.021367521367521368,0.6034632034632035,E1 전체 기간,공정 값 23 + pair_pos,이상탐지,
Isolation Forest,41,0.5292954064774154,0.020680794125226384,0.0,0.0,0.2,0.0,0.0,0.0,0.3878787878787879,E1 전체 기간,공정 값 23 + pair_pos,이상탐지,
Isolation Forest,42,0.5108110308010578,0.016878793652937638,0.0,0.0,0.2,0.0,0.0,0.0,0.2789699570815451,E1 전체 기간,공정 값 23 + pair_pos,이상탐지,
Isolation Forest,43,0.5249493324270709,0.02330965330965331,0.0,0.0,0.0,0.0,0.0,0.0,0.464935064935065,E1 전체 기간,공정 값 23 + pair_pos,이상탐지,
Isolation Forest,44,0.5069676566203933,0.027371899114019365,0.0,0.2,0.2,0.0,0.0,0.0,0.5489177489177489,E1 전체 기간,공정 값 23 + pair_pos,이상탐지,
Isolation Forest,45,0.42776949445727597,0.025268223450475937,0.2,0.2,0.2,0.02857142857142857,0.6,0.014634146341463415,0.296969696969697,E1 전체 기간,공정 값 23 + pair_pos,이상탐지,
Isolation Forest,46,0.5096509466802727,0.0246597746216832,0.0,0.0,0.0,0.0,0.0,0.0,0.5142857142857142,E1 전체 기간,공정 값 23 + pair_pos,이상탐지,
Isolation Forest,47,0.5060825685716073,0.04052781456320158,0.2,0.4,0.4,0.06451612903225806,0.2,0.038461538461538464,0.5150214592274678,E1 전체 기간,공정 값 23 + pair_pos,이상탐지,
Isolation Forest,48,0.5011718672164781,0.028652159605100782,0.0,0.2,0.2,0.0,0.0,0.0,0.5402597402597402,E1 전체 기간,공정 값 23 + pair_pos,이상탐지,
Isolation Forest,49,0.5140105729818573,0.03996646845651859,0.2,0.2,0.2,0.09523809523809523,0.2,0.0625,0.45800865800865803,E1 전체 기간,공정 값 23 + pair_pos,이상탐지,
LOF (novelty),0,0.9704202995515457,0.02061876065385177,0.0,0.0,0.0,0.04149377593360996,1.0,0.0211864406779661,0.4199134199134199,E1 전체 기간,공정 값 23 + pair_pos,이상탐지,
LOF (novelty),1,1.012621137836386,0.020671262431016992,0.0,0.0,0.0,0.03550295857988166,0.6,0.018292682926829267,0.3913419913419913,E1 전체 기간,공정 값 23 + pair_pos,이상탐지,
LOF (novelty),2,0.9811333476118109,0.022062389594931404,0.0,0.0,0.2,0.035555555555555556,0.8,0.01818181818181818,0.4231759656652361,E1 전체 기간,공정 값 23 + pair_pos,이상탐지,
LOF (novelty),3,1.13561852846906,0.01842769857664255,0.0,0.0,0.0,0.0,0.0,0.0,0.33939393939393936,E1 전체 기간,공정 값 23 + pair_pos,이상탐지,
LOF (novelty),4,1.0524264864932653,0.03588062946108676,0.2,0.2,0.2,0.023809523809523808,0.2,0.012658227848101266,0.6051948051948052,E1 전체 기간,공정 값 23 + pair_pos,이상탐지,
LOF (novelty),5,1.0665977691664608,0.025184957875780307,0.2,0.2,0.2,0.029411764705882353,0.2,0.015873015873015872,0.3411255411255411,E1 전체 기간,공정 값 23 + pair_pos,이상탐지,
LOF (novelty),6,1.0410174392921596,0.024285258828401362,0.0,0.2,0.2,0.039603960396039604,0.4,0.020833333333333332,0.48311688311688317,E1 전체 기간,공정 값 23 + pair_pos,이상탐지,
LOF (novelty),7,0.9705691549945537,0.029839799047534903,0.0,0.2,0.4,0.04132231404958678,1.0,0.02109704641350211,0.5974248927038627,E1 전체 기간,공정 값 23 + pair_pos,이상탐지,
LOF (novelty),8,1.0302176790284956,0.01689961083902726,0.0,0.0,0.0,0.015037593984962405,0.2,0.0078125,0.2909090909090909,E1 전체 기간,공정 값 23 + pair_pos,이상탐지,
LOF (novelty),9,0.9637595227647578,0.022044453544453543,0.0,0.0,0.0,0.04149377593360996,1.0,0.0211864406779661,0.43290043290043284,E1 전체 기간,공정 값 23 + pair_pos,이상탐지,
LOF (novelty),10,0.9667020236667918,0.021788974118201507,0.0,0.0,0.0,0.04149377593360996,1.0,0.0211864406779661,0.41385281385281386,E1 전체 기간,공정 값 23 + pair_pos,이상탐지,
LOF (novelty),11,1.0220750257319835,0.03685272603463492,0.2,0.2,0.2,0.03773584905660377,0.6,0.01948051948051948,0.49610389610389616,E1 전체 기간,공정 값 23 + pair_pos,이상탐지,
LOF (novelty),12,1.0541865646514448,0.01721922988245432,0.0,0.0,0.0,0.0,0.0,0.0,0.30300429184549355,E1 전체 기간,공정 값 23 + pair_pos,이상탐지,
LOF (novelty),13,0.9674865157647161,0.032751859954737964,0.2,0.2,0.2,0.04149377593360996,1.0,0.0211864406779661,0.5982683982683983,E1 전체 기간,공정 값 23 + pair_pos,이상탐지,
LOF (novelty),14,1.050170747561957,0.018893021587453752,0.0,0.0,0.0,0.02197802197802198,0.2,0.011627906976744186,0.3653679653679654,E1 전체 기간,공정 값 23 + pair_pos,이상탐지,
LOF (novelty),15,0.9641073578937276,0.030172952950598176,0.0,0.0,0.4,0.04149377593360996,1.0,0.0211864406779661,0.6069264069264069,E1 전체 기간,공정 값 23 + pair_pos,이상탐지,
LOF (novelty),16,0.9665196797002501,0.03032984756769923,0.0,0.0,0.2,0.04149377593360996,1.0,0.0211864406779661,0.6077922077922078,E1 전체 기간,공정 값 23 + pair_pos,이상탐지,
LOF (novelty),17,1.0424076530890116,0.018020062401866453,0.0,0.0,0.0,0.0,0.0,0.0,0.33476394849785407,E1 전체 기간,공정 값 23 + pair_pos,이상탐지,
LOF (novelty),18,1.0063245521709165,0.017724850935866482,0.0,0.0,0.0,0.021052631578947368,0.4,0.010810810810810811,0.30129870129870134,E1 전체 기간,공정 값 23 + pair_pos,이상탐지,
LOF (novelty),19,1.0291143821761166,0.023676701817975713,0.0,0.2,0.2,0.027777777777777776,0.4,0.014388489208633094,0.3774891774891775,E1 전체 기간,공정 값 23 + pair_pos,이상탐지,
LOF (novelty),20,1.0235660777361937,0.024675778707267775,0.0,0.0,0.0,0.04477611940298507,0.6,0.023255813953488372,0.5177489177489177,E1 전체 기간,공정 값 23 + pair_pos,이상탐지,
LOF (novelty),21,0.9881783848529111,0.019534996999625222,0.0,0.2,0.2,0.0365296803652968,0.8,0.018691588785046728,0.3341991341991342,E1 전체 기간,공정 값 23 + pair_pos,이상탐지,
LOF (novelty),22,1.0444581892730338,0.017228894294111688,0.0,0.0,0.0,0.022988505747126436,0.2,0.012195121951219513,0.29613733905579404,E1 전체 기간,공정 값 23 + pair_pos,이상탐지,
LOF (novelty),23,1.0122375445446137,0.018573572606081744,0.0,0.0,0.0,0.028169014084507043,0.4,0.014598540145985401,0.3489177489177489,E1 전체 기간,공정 값 23 + pair_pos,이상탐지,
LOF (novelty),24,0.9991461935380685,0.0353233450775154,0.2,0.2,0.4,0.0546448087431694,1.0,0.028089887640449437,0.6225108225108225,E1 전체 기간,공정 값 23 + pair_pos,이상탐지,
LOF (novelty),25,1.1173528198472316,0.027186775378016344,0.0,0.2,0.2,0.0,0.0,0.0,0.5428571428571429,E1 전체 기간,공정 값 23 + pair_pos,이상탐지,
LOF (novelty),26,1.0267767459028503,0.021423254445902526,0.0,0.0,0.0,0.04411764705882353,0.6,0.022900763358778626,0.4311688311688312,E1 전체 기간,공정 값 23 + pair_pos,이상탐지,
LOF (novelty),27,0.9809357864269208,0.01760224836176319,0.0,0.0,0.0,0.035555555555555556,0.8,0.01818181818181818,0.31673819742489273,E1 전체 기간,공정 값 23 + pair_pos,이상탐지,
LOF (novelty),28,1.0461269365832284,0.040919543826810775,0.2,0.2,0.2,0.042105263157894736,0.4,0.022222222222222223,0.6303030303030304,E1 전체 기간,공정 값 23 + pair_pos,이상탐지,
LOF (novelty),29,1.007579689901445,0.016670764169032355,0.0,0.0,0.0,0.03278688524590164,0.6,0.016853932584269662,0.27186147186147186,E1 전체 기간,공정 값 23 + pair_pos,이상탐지,
LOF (novelty),30,0.9752419208663555,0.018956738130555276,0.0,0.0,0.0,0.03404255319148936,0.8,0.017391304347826087,0.36103896103896105,E1 전체 기간,공정 값 23 + pair_pos,이상탐지,
LOF (novelty),31,1.02399483976818,0.01936730315618188,0.0,0.0,0.2,0.016666666666666666,0.2,0.008695652173913044,0.37402597402597404,E1 전체 기간,공정 값 23 + pair_pos,이상탐지,
LOF (novelty),32,0.9708118748802793,0.024911522571388053,0.0,0.0,0.4,0.0411522633744856,1.0,0.02100840336134454,0.49613733905579394,E1 전체 기간,공정 값 23 + pair_pos,이상탐지,
LOF (novelty),33,0.9843268891846462,0.031595046172462636,0.2,0.2,0.2,0.027522935779816515,0.6,0.014084507042253521,0.45454545454545453,E1 전체 기간,공정 값 23 + pair_pos,이상탐지,
LOF (novelty),34,0.9779826840388223,0.027325566780181117,0.0,0.2,0.4,0.03389830508474576,0.8,0.017316017316017316,0.5142857142857143,E1 전체 기간,공정 값 23 + pair_pos,이상탐지,
LOF (novelty),35,0.9791801041963302,0.024093600663798814,0.0,0.0,0.2,0.03463203463203463,0.8,0.017699115044247787,0.48051948051948057,E1 전체 기간,공정 값 23 + pair_pos,이상탐지,
LOF (novelty),36,1.0190550867483101,0.016578066965800713,0.0,0.0,0.0,0.015037593984962405,0.2,0.0078125,0.2683982683982684,E1 전체 기간,공정 값 23 + pair_pos,이상탐지,
LOF (novelty),37,1.052411542187953,0.02283131543283244,0.0,0.0,0.0,0.0,0.0,0.0,0.47896995708154505,E1 전체 기간,공정 값 23 + pair_pos,이상탐지,
LOF (novelty),38,1.0351667597459286,0.01630335955992566,0.0,0.0,0.0,0.031496062992125984,0.4,0.01639344262295082,0.258008658008658,E1 전체 기간,공정 값 23 + pair_pos,이상탐지,
LOF (novelty),39,0.9705895818038128,0.034827638467189656,0.2,0.4,0.4,0.04149377593360996,1.0,0.0211864406779661,0.587012987012987,E1 전체 기간,공정 값 23 + pair_pos,이상탐지,
LOF (novelty),40,0.9699858580662399,0.0337081999078125,0.2,0.2,0.2,0.04149377593360996,1.0,0.0211864406779661,0.5194805194805194,E1 전체 기간,공정 값 23 + pair_pos,이상탐지,
LOF (novelty),41,1.0199783516368541,0.02008964229267513,0.0,0.0,0.2,0.025806451612903226,0.4,0.013333333333333334,0.38268398268398274,E1 전체 기간,공정 값 23 + pair_pos,이상탐지,
LOF (novelty),42,1.0198947290714029,0.021567317456673812,0.0,0.2,0.2,0.025477707006369428,0.4,0.013157894736842105,0.42403433476394853,E1 전체 기간,공정 값 23 + pair_pos,이상탐지,
LOF (novelty),43,1.0712179198227352,0.01890427388801107,0.0,0.0,0.0,0.0,0.0,0.0,0.34978354978354975,E1 전체 기간,공정 값 23 + pair_pos,이상탐지,
LOF (novelty),44,0.9738472845197315,0.030232768707598723,0.0,0.2,0.2,0.04219409282700422,1.0,0.021551724137931036,0.6043290043290044,E1 전체 기간,공정 값 23 + pair_pos,이상탐지,
LOF (novelty),45,1.0864569269132442,0.017656989861416585,0.0,0.0,0.0,0.0,0.0,0.0,0.3212121212121212,E1 전체 기간,공정 값 23 + pair_pos,이상탐지,
LOF (novelty),46,1.0448629721434388,0.02336673907179556,0.0,0.0,0.2,0.02564102564102564,0.2,0.0136986301369863,0.4865800865800866,E1 전체 기간,공정 값 23 + pair_pos,이상탐지,
LOF (novelty),47,0.9706127608018056,0.029278729135376387,0.2,0.2,0.2,0.0411522633744856,1.0,0.02100840336134454,0.48068669527897,E1 전체 기간,공정 값 23 + pair_pos,이상탐지,
LOF (novelty),48,0.9746225059685937,0.022421396849125117,0.0,0.0,0.2,0.03347280334728033,0.8,0.017094017094017096,0.4077922077922077,E1 전체 기간,공정 값 23 + pair_pos,이상탐지,
LOF (novelty),49,1.0239188123434024,0.019628012338538656,0.0,0.0,0.0,0.040268456375838924,0.6,0.020833333333333332,0.38008658008658014,E1 전체 기간,공정 값 23 + pair_pos,이상탐지,
One-Class SVM,0,-2.169484060192249,0.020017549754099136,0.0,0.2,0.2,0.0,0.0,0.0,0.283982683982684,E1 전체 기간,공정 값 23 + pair_pos,이상탐지,
One-Class SVM,1,-3.727870917397197,0.033973957549300014,0.0,0.4,0.4,0.045112781954887216,0.6,0.0234375,0.5878787878787879,E1 전체 기간,공정 값 23 + pair_pos,이상탐지,
One-Class SVM,2,-2.0064134362022137,0.019228895299368092,0.0,0.0,0.0,0.0,0.0,0.0,0.37339055793991416,E1 전체 기간,공정 값 23 + pair_pos,이상탐지,
One-Class SVM,3,-2.2155486210145474,0.015588646626025607,0.0,0.0,0.0,0.0,0.0,0.0,0.21125541125541125,E1 전체 기간,공정 값 23 + pair_pos,이상탐지,
One-Class SVM,4,-3.664628161317177,0.04021902620697401,0.2,0.4,0.4,0.041379310344827586,0.6,0.02142857142857143,0.6173160173160173,E1 전체 기간,공정 값 23 + pair_pos,이상탐지,
One-Class SVM,5,-3.6519035891519613,0.025027123086265514,0.0,0.2,0.2,0.032,0.4,0.016666666666666666,0.4268398268398269,E1 전체 기간,공정 값 23 + pair_pos,이상탐지,
One-Class SVM,6,-2.041734150482879,0.025743731061123536,0.0,0.2,0.2,0.0,0.0,0.0,0.47186147186147187,E1 전체 기간,공정 값 23 + pair_pos,이상탐지,
One-Class SVM,7,-2.3789773054243275,0.03933774994638869,0.2,0.2,0.4,0.0,0.0,0.0,0.5759656652360514,E1 전체 기간,공정 값 23 + pair_pos,이상탐지,
One-Class SVM,8,-2.400031056954256,0.016671975731824294,0.0,0.0,0.0,0.0,0.0,0.0,0.2822510822510823,E1 전체 기간,공정 값 23 + pair_pos,이상탐지,
One-Class SVM,9,-3.6602611935999367,0.0276440179071758,0.0,0.4,0.4,0.03333333333333333,0.4,0.017391304347826087,0.4199134199134199,E1 전체 기간,공정 값 23 + pair_pos,이상탐지,
One-Class SVM,10,-3.7996010622678997,0.027266149181300846,0.0,0.2,0.4,0.0425531914893617,0.6,0.022058823529411766,0.48398268398268396,E1 전체 기간,공정 값 23 + pair_pos,이상탐지,
One-Class SVM,11,-2.94417300113735,0.0447660288815551,0.2,0.4,0.4,0.07547169811320754,0.4,0.041666666666666664,0.541991341991342,E1 전체 기간,공정 값 23 + pair_pos,이상탐지,
One-Class SVM,12,-2.1427950591608327,0.018579674183849253,0.0,0.0,0.0,0.0,0.0,0.0,0.3527896995708154,E1 전체 기간,공정 값 23 + pair_pos,이상탐지,
One-Class SVM,13,-2.332934277552602,0.022594365277164172,0.0,0.0,0.2,0.0,0.0,0.0,0.4536796536796537,E1 전체 기간,공정 값 23 + pair_pos,이상탐지,
One-Class SVM,14,-2.038326315009521,0.025145796524085384,0.2,0.2,0.2,0.0,0.0,0.0,0.3593073593073593,E1 전체 기간,공정 값 23 + pair_pos,이상탐지,
One-Class SVM,15,-2.058060795409834,0.021418454745821047,0.0,0.0,0.0,0.0,0.0,0.0,0.432034632034632,E1 전체 기간,공정 값 23 + pair_pos,이상탐지,
One-Class SVM,16,-1.988537096803109,0.03344677293368855,0.2,0.4,0.4,0.0,0.0,0.0,0.5489177489177489,E1 전체 기간,공정 값 23 + pair_pos,이상탐지,
One-Class SVM,17,-2.020308351144202,0.023788591315333753,0.0,0.2,0.2,0.0,0.0,0.0,0.4334763948497854,E1 전체 기간,공정 값 23 + pair_pos,이상탐지,
One-Class SVM,18,-2.166371419233257,0.025358154070109447,0.2,0.2,0.2,0.0,0.0,0.0,0.3956709956709957,E1 전체 기간,공정 값 23 + pair_pos,이상탐지,
One-Class SVM,19,-2.913883653773698,0.02035295324517844,0.0,0.2,0.2,0.0,0.0,0.0,0.2727272727272727,E1 전체 기간,공정 값 23 + pair_pos,이상탐지,
One-Class SVM,20,-2.406042476406718,0.02227942902940972,0.0,0.0,0.2,0.0,0.0,0.0,0.45541125541125543,E1 전체 기간,공정 값 23 + pair_pos,이상탐지,
One-Class SVM,21,-1.990984559840497,0.016714474026368095,0.0,0.0,0.0,0.0,0.0,0.0,0.2753246753246753,E1 전체 기간,공정 값 23 + pair_pos,이상탐지,
One-Class SVM,22,-2.25321215844292,0.01660746624626081,0.0,0.0,0.0,0.0,0.0,0.0,0.28240343347639485,E1 전체 기간,공정 값 23 + pair_pos,이상탐지,
One-Class SVM,23,-3.661484292004253,0.02915765806996668,0.2,0.2,0.4,0.04938271604938271,0.4,0.02631578947368421,0.41385281385281386,E1 전체 기간,공정 값 23 + pair_pos,이상탐지,
One-Class SVM,24,-3.292867306756254,0.08540878605917451,0.4,0.8,0.8,0.0898876404494382,0.8,0.047619047619047616,0.7428571428571429,E1 전체 기간,공정 값 23 + pair_pos,이상탐지,
One-Class SVM,25,-2.112349993124426,0.025906940553999377,0.0,0.2,0.2,0.0,0.0,0.0,0.4562770562770563,E1 전체 기간,공정 값 23 + pair_pos,이상탐지,
One-Class SVM,26,-2.168484714990292,0.02055928966554944,0.0,0.2,0.2,0.0,0.0,0.0,0.34372294372294376,E1 전체 기간,공정 값 23 + pair_pos,이상탐지,
One-Class SVM,27,-2.245462363588349,0.01766078597877524,0.0,0.0,0.0,0.0,0.0,0.0,0.32618025751072965,E1 전체 기간,공정 값 23 + pair_pos,이상탐지,
One-Class SVM,28,-2.5065241651691665,0.03971553971553972,0.0,0.4,0.4,0.0,0.0,0.0,0.5792207792207792,E1 전체 기간,공정 값 23 + pair_pos,이상탐지,
One-Class SVM,29,-2.821311849745228,0.020495137735681436,0.0,0.2,0.2,0.0,0.0,0.0,0.3463203463203463,E1 전체 기간,공정 값 23 + pair_pos,이상탐지,
One-Class SVM,30,-2.218345954206331,0.019642773982116783,0.0,0.0,0.2,0.0,0.0,0.0,0.3887445887445887,E1 전체 기간,공정 값 23 + pair_pos,이상탐지,
One-Class SVM,31,-2.117081097344616,0.021210888412170274,0.0,0.2,0.2,0.0,0.0,0.0,0.4077922077922078,E1 전체 기간,공정 값 23 + pair_pos,이상탐지,
One-Class SVM,32,-3.363259230048173,0.03424408164227667,0.2,0.2,0.6,0.05504587155963303,0.6,0.028846153846153848,0.5339055793991417,E1 전체 기간,공정 값 23 + pair_pos,이상탐지,
One-Class SVM,33,-2.935528470970469,0.02464846252066686,0.2,0.2,0.2,0.04878048780487805,0.2,0.027777777777777776,0.2961038961038961,E1 전체 기간,공정 값 23 + pair_pos,이상탐지,
One-Class SVM,34,-4.199243707569528,0.03781003914195855,0.2,0.4,0.4,0.04819277108433735,0.8,0.024844720496894408,0.5965367965367966,E1 전체 기간,공정 값 23 + pair_pos,이상탐지,
One-Class SVM,35,-2.0410381413825327,0.03899681873765889,0.2,0.2,0.4,0.0,0.0,0.0,0.541991341991342,E1 전체 기간,공정 값 23 + pair_pos,이상탐지,
One-Class SVM,36,-2.015398328131788,0.019479129682267667,0.0,0.0,0.2,0.0,0.0,0.0,0.3350649350649351,E1 전체 기간,공정 값 23 + pair_pos,이상탐지,
One-Class SVM,37,-2.3938184330424384,0.023168751912775988,0.2,0.2,0.2,0.0,0.0,0.0,0.32875536480686696,E1 전체 기간,공정 값 23 + pair_pos,이상탐지,
One-Class SVM,38,-2.406629959074132,0.015981169941058,0.0,0.0,0.0,0.0,0.0,0.0,0.24588744588744588,E1 전체 기간,공정 값 23 + pair_pos,이상탐지,
One-Class SVM,39,-4.515514115745327,0.04337217559537871,0.0,0.4,0.4,0.06134969325153374,1.0,0.03164556962025317,0.7030303030303031,E1 전체 기간,공정 값 23 + pair_pos,이상탐지,
One-Class SVM,40,-3.6615504470041573,0.0639682718123894,0.4,0.6,0.6,0.043795620437956206,0.6,0.022727272727272728,0.593939393939394,E1 전체 기간,공정 값 23 + pair_pos,이상탐지,
One-Class SVM,41,-1.8661686037901517,0.02020996907023108,0.0,0.0,0.2,0.0,0.0,0.0,0.34199134199134196,E1 전체 기간,공정 값 23 + pair_pos,이상탐지,
One-Class SVM,42,-2.092094278094908,0.015300613037775926,0.0,0.0,0.0,0.0,0.0,0.0,0.2188841201716738,E1 전체 기간,공정 값 23 + pair_pos,이상탐지,
One-Class SVM,43,-2.0501885981115158,0.024575764126675313,0.0,0.0,0.2,0.0,0.0,0.0,0.48831168831168836,E1 전체 기간,공정 값 23 + pair_pos,이상탐지,
One-Class SVM,44,-1.879884476574966,0.027551336396747342,0.0,0.2,0.2,0.0,0.0,0.0,0.5168831168831169,E1 전체 기간,공정 값 23 + pair_pos,이상탐지,
One-Class SVM,45,-2.006931008695569,0.021739941825040257,0.0,0.2,0.2,0.0,0.0,0.0,0.3238095238095238,E1 전체 기간,공정 값 23 + pair_pos,이상탐지,
One-Class SVM,46,-1.9525377285650658,0.02495247278777951,0.0,0.0,0.2,0.0,0.0,0.0,0.5194805194805194,E1 전체 기간,공정 값 23 + pair_pos,이상탐지,
One-Class SVM,47,-4.053080541587694,0.03088808056041828,0.0,0.4,0.4,0.032,0.4,0.016666666666666666,0.45321888412017164,E1 전체 기간,공정 값 23 + pair_pos,이상탐지,
One-Class SVM,48,-2.017220310854845,0.03110707836479384,0.0,0.2,0.4,0.0,0.0,0.0,0.5411255411255411,E1 전체 기간,공정 값 23 + pair_pos,이상탐지,
One-Class SVM,49,-3.287211785384732,0.03451422789687775,0.2,0.2,0.2,0.024691358024691357,0.2,0.013157894736842105,0.3523809523809524,E1 전체 기간,공정 값 23 + pair_pos,이상탐지,
Elliptic Envelope,0,32.05247337588973,0.02425301748133377,0.0,0.2,0.2,0.0392156862745098,0.2,0.021739130434782608,0.48917748917748916,E1 전체 기간,공정 값 23 + pair_pos,이상탐지,
Elliptic Envelope,1,19.722431764954536,0.024298441720538876,0.0,0.2,0.2,0.05154639175257732,1.0,0.026455026455026454,0.46666666666666673,E1 전체 기간,공정 값 23 + pair_pos,이상탐지,
Elliptic Envelope,2,34.76561960212024,0.02475644627100978,0.0,0.0,0.4,0.0,0.0,0.0,0.45150214592274673,E1 전체 기간,공정 값 23 + pair_pos,이상탐지,
Elliptic Envelope,3,23.1517462500957,0.015560909620831872,0.0,0.0,0.0,0.014184397163120567,0.2,0.007352941176470588,0.2277056277056277,E1 전체 기간,공정 값 23 + pair_pos,이상탐지,
Elliptic Envelope,4,16.126194060665917,0.045298404973701155,0.2,0.4,0.6,0.04608294930875576,1.0,0.02358490566037736,0.6926406926406926,E1 전체 기간,공정 값 23 + pair_pos,이상탐지,
Elliptic Envelope,5,20.70292705515134,0.0224396238671183,0.0,0.2,0.2,0.03409090909090909,0.6,0.017543859649122806,0.39826839826839827,E1 전체 기간,공정 값 23 + pair_pos,이상탐지,
Elliptic Envelope,6,31.699178949548863,0.01919769006806597,0.0,0.0,0.2,0.0,0.0,0.0,0.37142857142857144,E1 전체 기간,공정 값 23 + pair_pos,이상탐지,
Elliptic Envelope,7,18.956645654553732,0.039486767655166594,0.2,0.2,0.4,0.05025125628140704,1.0,0.02577319587628866,0.6420600858369099,E1 전체 기간,공정 값 23 + pair_pos,이상탐지,
Elliptic Envelope,8,26.45585470907386,0.019087011417861663,0.0,0.2,0.2,0.02040816326530612,0.2,0.010752688172043012,0.3281385281385282,E1 전체 기간,공정 값 23 + pair_pos,이상탐지,
Elliptic Envelope,9,18.530044695154253,0.029577229480797468,0.0,0.2,0.4,0.041884816753926704,0.8,0.021505376344086023,0.5523809523809524,E1 전체 기간,공정 값 23 + pair_pos,이상탐지,
Elliptic Envelope,10,20.829705441643885,0.021891902423317455,0.0,0.0,0.2,0.03773584905660377,0.6,0.01948051948051948,0.4285714285714286,E1 전체 기간,공정 값 23 + pair_pos,이상탐지,
Elliptic Envelope,11,17.047979825542008,0.048546663525223174,0.2,0.4,0.4,0.04524886877828054,1.0,0.023148148148148147,0.6216450216450217,E1 전체 기간,공정 값 23 + pair_pos,이상탐지,
Elliptic Envelope,12,21.656600828135737,0.020452481330288035,0.0,0.2,0.2,0.025,0.4,0.012903225806451613,0.3965665236051502,E1 전체 기간,공정 값 23 + pair_pos,이상탐지,
Elliptic Envelope,13,21.040382966021408,0.026903681199760703,0.0,0.0,0.4,0.0425531914893617,0.6,0.022058823529411766,0.49783549783549785,E1 전체 기간,공정 값 23 + pair_pos,이상탐지,
Elliptic Envelope,14,21.845862994947428,0.023580842261390882,0.0,0.2,0.2,0.03428571428571429,0.6,0.01764705882352941,0.4121212121212121,E1 전체 기간,공정 값 23 + pair_pos,이상탐지,
Elliptic Envelope,15,18.86546383686981,0.025321806420512356,0.0,0.0,0.4,0.04145077720207254,0.8,0.02127659574468085,0.4883116883116883,E1 전체 기간,공정 값 23 + pair_pos,이상탐지,
Elliptic Envelope,16,39.313075414731195,0.030360185771900916,0.0,0.2,0.4,0.0,0.0,0.0,0.5471861471861472,E1 전체 기간,공정 값 23 + pair_pos,이상탐지,
Elliptic Envelope,17,26.33595518819192,0.02366530865025165,0.0,0.2,0.2,0.02247191011235955,0.2,0.011904761904761904,0.4832618025751073,E1 전체 기간,공정 값 23 + pair_pos,이상탐지,
Elliptic Envelope,18,18.809186136096752,0.02215967148640608,0.0,0.2,0.2,0.03864734299516908,0.8,0.019801980198019802,0.36709956709956715,E1 전체 기간,공정 값 23 + pair_pos,이상탐지,
Elliptic Envelope,19,21.0843232218089,0.024115224228851623,0.0,0.2,0.2,0.034482758620689655,0.6,0.01775147928994083,0.4363636363636364,E1 전체 기간,공정 값 23 + pair_pos,이상탐지,
Elliptic Envelope,20,23.475143838972286,0.027316884164434077,0.0,0.0,0.4,0.047619047619047616,0.6,0.024793388429752067,0.5471861471861472,E1 전체 기간,공정 값 23 + pair_pos,이상탐지,
Elliptic Envelope,21,17.26756621722876,0.017409554730983302,0.0,0.0,0.2,0.037209302325581395,0.8,0.01904761904761905,0.2978354978354978,E1 전체 기간,공정 값 23 + pair_pos,이상탐지,
Elliptic Envelope,22,33.91342842049382,0.01818403983380378,0.0,0.0,0.0,0.0,0.0,0.0,0.3459227467811159,E1 전체 기간,공정 값 23 + pair_pos,이상탐지,
Elliptic Envelope,23,18.625657531884745,0.021458708781214354,0.0,0.2,0.2,0.031088082901554404,0.6,0.015957446808510637,0.4095238095238095,E1 전체 기간,공정 값 23 + pair_pos,이상탐지,
Elliptic Envelope,24,19.303377705417205,0.05272100140477623,0.2,0.6,0.6,0.05102040816326531,1.0,0.02617801047120419,0.6961038961038961,E1 전체 기간,공정 값 23 + pair_pos,이상탐지,
Elliptic Envelope,25,31.54837586470116,0.03265958991307266,0.0,0.2,0.4,0.03636363636363636,0.2,0.02,0.6190476190476191,E1 전체 기간,공정 값 23 + pair_pos,이상탐지,
Elliptic Envelope,26,27.929697359140523,0.017813938905501064,0.0,0.0,0.0,0.0,0.0,0.0,0.3255411255411256,E1 전체 기간,공정 값 23 + pair_pos,이상탐지,
Elliptic Envelope,27,38.13842829503154,0.018939579744882373,0.0,0.0,0.2,0.0,0.0,0.0,0.3699570815450644,E1 전체 기간,공정 값 23 + pair_pos,이상탐지,
Elliptic Envelope,28,26.000400357162782,0.029932426386327097,0.0,0.4,0.4,0.03773584905660377,0.4,0.019801980198019802,0.5151515151515151,E1 전체 기간,공정 값 23 + pair_pos,이상탐지,
Elliptic Envelope,29,19.31218462719933,0.027354930396830537,0.0,0.2,0.4,0.03940886699507389,0.8,0.020202020202020204,0.48484848484848486,E1 전체 기간,공정 값 23 + pair_pos,이상탐지,
Elliptic Envelope,30,34.35496500993123,0.019467693856946598,0.0,0.0,0.0,0.0,0.0,0.0,0.3852813852813853,E1 전체 기간,공정 값 23 + pair_pos,이상탐지,
Elliptic Envelope,31,38.3394468848705,0.02349642132948352,0.0,0.0,0.2,0.0,0.0,0.0,0.49004329004329006,E1 전체 기간,공정 값 23 + pair_pos,이상탐지,
Elliptic Envelope,32,18.873598301694336,0.02359382139466859,0.0,0.2,0.2,0.03980099502487562,0.8,0.02040816326530612,0.4678111587982833,E1 전체 기간,공정 값 23 + pair_pos,이상탐지,
Elliptic Envelope,33,27.772499789305037,0.026045678459471568,0.2,0.2,0.2,0.029850746268656716,0.2,0.016129032258064516,0.3627705627705628,E1 전체 기간,공정 값 23 + pair_pos,이상탐지,
Elliptic Envelope,34,19.42982869647489,0.04711126363151071,0.0,0.4,0.6,0.04371584699453552,0.8,0.02247191011235955,0.6883116883116883,E1 전체 기간,공정 값 23 + pair_pos,이상탐지,
Elliptic Envelope,35,24.02595637315469,0.03251332557736733,0.2,0.2,0.2,0.019417475728155338,0.2,0.01020408163265306,0.5038961038961038,E1 전체 기간,공정 값 23 + pair_pos,이상탐지,
Elliptic Envelope,36,32.9958615754315,0.019958965877292133,0.0,0.0,0.0,0.0,0.0,0.0,0.3913419913419913,E1 전체 기간,공정 값 23 + pair_pos,이상탐지,
Elliptic Envelope,37,22.551676521502955,0.020582390286246102,0.0,0.0,0.2,0.028985507246376812,0.4,0.015037593984962405,0.4034334763948498,E1 전체 기간,공정 값 23 + pair_pos,이상탐지,
Elliptic Envelope,38,35.302518418723956,0.018157572611354124,0.0,0.0,0.0,0.0,0.0,0.0,0.33593073593073597,E1 전체 기간,공정 값 23 + pair_pos,이상탐지,
Elliptic Envelope,39,18.455814728753978,0.048785231203561506,0.0,0.6,0.8,0.04878048780487805,1.0,0.025,0.7220779220779221,E1 전체 기간,공정 값 23 + pair_pos,이상탐지,
Elliptic Envelope,40,18.290314521448472,0.0610289876418624,0.4,0.6,0.6,0.04950495049504951,1.0,0.025380710659898477,0.6432900432900432,E1 전체 기간,공정 값 23 + pair_pos,이상탐지,
Elliptic Envelope,41,39.17477586219742,0.01922119547119547,0.0,0.0,0.0,0.0,0.0,0.0,0.37056277056277054,E1 전체 기간,공정 값 23 + pair_pos,이상탐지,
Elliptic Envelope,42,20.91720291683726,0.01962459325964539,0.0,0.0,0.2,0.03296703296703297,0.6,0.01694915254237288,0.37339055793991416,E1 전체 기간,공정 값 23 + pair_pos,이상탐지,
Elliptic Envelope,43,18.410410935428526,0.022685028171021856,0.0,0.2,0.2,0.04950495049504951,1.0,0.025380710659898477,0.4406926406926407,E1 전체 기간,공정 값 23 + pair_pos,이상탐지,
Elliptic Envelope,44,18.291955434622952,0.03169160406264475,0.0,0.2,0.4,0.05128205128205128,1.0,0.02631578947368421,0.6025974025974026,E1 전체 기간,공정 값 23 + pair_pos,이상탐지,
Elliptic Envelope,45,18.0444537706906,0.030024616904921315,0.0,0.4,0.4,0.041025641025641026,0.8,0.021052631578947368,0.5246753246753246,E1 전체 기간,공정 값 23 + pair_pos,이상탐지,
Elliptic Envelope,46,33.02521199604801,0.021924944959204263,0.0,0.0,0.2,0.0,0.0,0.0,0.45541125541125543,E1 전체 기간,공정 값 23 + pair_pos,이상탐지,
Elliptic Envelope,47,22.583753844506607,0.029126966622205652,0.0,0.2,0.4,0.03508771929824561,0.6,0.018072289156626505,0.4841201716738198,E1 전체 기간,공정 값 23 + pair_pos,이상탐지,
Elliptic Envelope,48,20.295389282458785,0.019625057453457502,0.0,0.0,0.0,0.04395604395604396,0.8,0.022598870056497175,0.38614718614718613,E1 전체 기간,공정 값 23 + pair_pos,이상탐지,
Elliptic Envelope,49,29.797954779101552,0.023435964223788675,0.0,0.2,0.2,0.028169014084507043,0.2,0.015151515151515152,0.42683982683982685,E1 전체 기간,공정 값 23 + pair_pos,이상탐지,
"순위 평균 앙상블 (5종, 사전 고정)",0,0.8534883720930232,0.06934198723672408,0.2,0.8,1.0,0.0,0.0,0.0,0.8354978354978355,E1 전체 기간,공정 값 23 + pair_pos,앙상블,
"순위 평균 앙상블 (5종, 사전 고정)",1,0.7854122621564482,0.023246727969543718,0.0,0.0,0.0,0.0,0.0,0.0,0.4857142857142857,E1 전체 기간,공정 값 23 + pair_pos,앙상블,
"순위 평균 앙상블 (5종, 사전 고정)",2,0.9538135593220339,0.02777051906973167,0.0,0.2,0.4,0.0,0.0,0.0,0.5407725321888412,E1 전체 기간,공정 값 23 + pair_pos,앙상블,
"순위 평균 앙상블 (5종, 사전 고정)",3,0.5264270613107822,0.05898952468149225,0.0,0.6,0.8,0.08196721311475409,1.0,0.042735042735042736,0.7904761904761906,E1 전체 기간,공정 값 23 + pair_pos,앙상블,
"순위 평균 앙상블 (5종, 사전 고정)",4,0.9342494714587737,0.050500166634588374,0.0,0.4,0.8,0.0,0.0,0.0,0.7688311688311688,E1 전체 기간,공정 값 23 + pair_pos,앙상블,
"순위 평균 앙상블 (5종, 사전 고정)",5,0.6792811839323468,0.07612203877320492,0.4,0.6,0.8,0.1095890410958904,0.8,0.058823529411764705,0.7636363636363637,E1 전체 기간,공정 값 23 + pair_pos,앙상블,
"순위 평균 앙상블 (5종, 사전 고정)",6,0.6543340380549683,0.04600108442079172,0.2,0.4,0.6,0.07407407407407407,0.6,0.039473684210526314,0.6173160173160173,E1 전체 기간,공정 값 23 + pair_pos,앙상블,
"순위 평균 앙상블 (5종, 사전 고정)",7,0.9815677966101696,0.062704354548002,0.2,0.4,0.8,0.0,0.0,0.0,0.7785407725321889,E1 전체 기간,공정 값 23 + pair_pos,앙상블,
"순위 평균 앙상블 (5종, 사전 고정)",8,0.7947145877378434,0.05782029472419946,0.2,0.6,0.8,0.0851063829787234,0.4,0.047619047619047616,0.735930735930736,E1 전체 기간,공정 값 23 + pair_pos,앙상블,
"순위 평균 앙상블 (5종, 사전 고정)",9,0.9171247357293868,0.06193380538328274,0.2,0.2,0.4,0.125,0.2,0.09090909090909091,0.5567099567099567,E1 전체 기간,공정 값 23 + pair_pos,앙상블,
"순위 평균 앙상블 (5종, 사전 고정)",10,0.8490486257928118,0.03419629499240728,0.0,0.0,0.4,0.0,0.0,0.0,0.6363636363636364,E1 전체 기간,공정 값 23 + pair_pos,앙상블,
"순위 평균 앙상블 (5종, 사전 고정)",11,0.8175475687103594,0.04370348528696986,0.0,0.2,0.6,0.0,0.0,0.0,0.7316017316017317,E1 전체 기간,공정 값 23 + pair_pos,앙상블,
"순위 평균 앙상블 (5종, 사전 고정)",12,0.7497881355932204,0.08728122181666918,0.4,0.4,0.6,0.06896551724137931,0.4,0.03773584905660377,0.744206008583691,E1 전체 기간,공정 값 23 + pair_pos,앙상블,
"순위 평균 앙상블 (5종, 사전 고정)",13,0.9372093023255814,0.030502763449783317,0.2,0.2,0.2,0.0,0.0,0.0,0.5515151515151515,E1 전체 기간,공정 값 23 + pair_pos,앙상블,
"순위 평균 앙상블 (5종, 사전 고정)",14,0.7355179704016914,0.05412059527648806,0.4,0.6,0.6,0.1,0.6,0.05454545454545454,0.6839826839826839,E1 전체 기간,공정 값 23 + pair_pos,앙상블,
"순위 평균 앙상블 (5종, 사전 고정)",15,0.7221987315010571,0.12830535571542767,0.4,0.4,0.6,0.1,0.8,0.05333333333333334,0.767965367965368,E1 전체 기간,공정 값 23 + pair_pos,앙상블,
"순위 평균 앙상블 (5종, 사전 고정)",16,0.890909090909091,0.046553018345084005,0.2,0.2,0.8,0.058823529411764705,0.2,0.034482758620689655,0.69004329004329,E1 전체 기간,공정 값 23 + pair_pos,앙상블,
"순위 평균 앙상블 (5종, 사전 고정)",17,0.8555084745762713,0.05722380248037319,0.2,0.4,0.8,0.047619047619047616,0.2,0.02702702702702703,0.7862660944206009,E1 전체 기간,공정 값 23 + pair_pos,앙상블,
"순위 평균 앙상블 (5종, 사전 고정)",18,0.8995771670190276,0.04346651709861715,0.0,0.4,0.6,0.0,0.0,0.0,0.7012987012987013,E1 전체 기간,공정 값 23 + pair_pos,앙상블,
"순위 평균 앙상블 (5종, 사전 고정)",19,0.6847780126849894,0.05660757427839693,0.2,0.4,1.0,0.12658227848101267,1.0,0.06756756756756757,0.7965367965367965,E1 전체 기간,공정 값 23 + pair_pos,앙상블,
"순위 평균 앙상블 (5종, 사전 고정)",20,0.6881606765327696,0.09052631578947368,0.4,0.4,0.8,0.1,0.8,0.05333333333333334,0.8155844155844156,E1 전체 기간,공정 값 23 + pair_pos,앙상블,
"순위 평균 앙상블 (5종, 사전 고정)",21,0.9788583509513742,0.058655231589269705,0.4,0.4,0.4,0.0,0.0,0.0,0.6415584415584416,E1 전체 기간,공정 값 23 + pair_pos,앙상블,
"순위 평균 앙상블 (5종, 사전 고정)",22,0.5790254237288136,0.04556300562182915,0.0,0.4,0.6,0.0784313725490196,0.8,0.041237113402061855,0.7330472103004292,E1 전체 기간,공정 값 23 + pair_pos,앙상블,
"순위 평균 앙상블 (5종, 사전 고정)",23,0.6978858350951375,0.22386147656307853,0.4,0.4,0.4,0.05333333333333334,0.4,0.02857142857142857,0.7463203463203463,E1 전체 기간,공정 값 23 + pair_pos,앙상블,
"순위 평균 앙상블 (5종, 사전 고정)",24,0.9530655391120506,0.029201822093213464,0.0,0.2,0.2,0.0,0.0,0.0,0.5670995670995671,E1 전체 기간,공정 값 23 + pair_pos,앙상블,
"순위 평균 앙상블 (5종, 사전 고정)",25,0.9556025369978858,0.026724099037780908,0.0,0.0,0.2,0.0,0.0,0.0,0.5506493506493506,E1 전체 기간,공정 값 23 + pair_pos,앙상블,
"순위 평균 앙상블 (5종, 사전 고정)",26,0.6826638477801269,0.061751650565108736,0.4,0.6,0.6,0.07317073170731707,0.6,0.03896103896103896,0.729004329004329,E1 전체 기간,공정 값 23 + pair_pos,앙상블,
"순위 평균 앙상블 (5종, 사전 고정)",27,0.8167372881355932,0.05588018780556094,0.2,0.2,0.6,0.04878048780487805,0.2,0.027777777777777776,0.6952789699570816,E1 전체 기간,공정 값 23 + pair_pos,앙상블,
"순위 평균 앙상블 (5종, 사전 고정)",28,0.9298097251585624,0.030708474813444388,0.0,0.0,0.4,0.0,0.0,0.0,0.6129870129870131,E1 전체 기간,공정 값 23 + pair_pos,앙상블,
"순위 평균 앙상블 (5종, 사전 고정)",29,0.9602536997885835,0.03350861685539355,0.0,0.0,0.6,0.0,0.0,0.0,0.606060606060606,E1 전체 기간,공정 값 23 + pair_pos,앙상블,
"순위 평균 앙상블 (5종, 사전 고정)",30,0.733615221987315,0.05603936730530967,0.0,0.4,0.8,0.1111111111111111,0.8,0.05970149253731343,0.7948051948051948,E1 전체 기간,공정 값 23 + pair_pos,앙상블,
"순위 평균 앙상블 (5종, 사전 고정)",31,0.7228329809725158,0.045335891977810884,0.0,0.6,0.6,0.09523809523809523,0.6,0.05172413793103448,0.6917748917748918,E1 전체 기간,공정 값 23 + pair_pos,앙상블,
"순위 평균 앙상블 (5종, 사전 고정)",32,0.7701271186440678,0.13845423045423047,0.2,0.4,0.4,0.06666666666666667,0.4,0.03636363636363636,0.7227467811158799,E1 전체 기간,공정 값 23 + pair_pos,앙상블,
"순위 평균 앙상블 (5종, 사전 고정)",33,0.6498942917547568,0.03728240312704941,0.2,0.2,0.4,0.05063291139240506,0.4,0.02702702702702703,0.6277056277056277,E1 전체 기간,공정 값 23 + pair_pos,앙상블,
"순위 평균 앙상블 (5종, 사전 고정)",34,0.8600422832980973,0.05846403855615064,0.2,0.4,0.4,0.08695652173913043,0.2,0.05555555555555555,0.6337662337662338,E1 전체 기간,공정 값 23 + pair_pos,앙상블,
"순위 평균 앙상블 (5종, 사전 고정)",35,0.9249471458773784,0.04850991114149009,0.2,0.4,0.4,0.0,0.0,0.0,0.670995670995671,E1 전체 기간,공정 값 23 + pair_pos,앙상블,
"순위 평균 앙상블 (5종, 사전 고정)",36,0.9107822410147991,0.040330023093998246,0.2,0.4,0.4,0.0,0.0,0.0,0.6787878787878788,E1 전체 기간,공정 값 23 + pair_pos,앙상블,
"순위 평균 앙상블 (5종, 사전 고정)",37,0.9084745762711863,0.07429759698240822,0.2,0.2,0.8,0.13333333333333333,0.2,0.1,0.7708154506437768,E1 전체 기간,공정 값 23 + pair_pos,앙상블,
"순위 평균 앙상블 (5종, 사전 고정)",38,0.6312896405919661,0.04160068470830065,0.0,0.2,0.8,0.10101010101010101,1.0,0.05319148936170213,0.7186147186147186,E1 전체 기간,공정 값 23 + pair_pos,앙상블,
"순위 평균 앙상블 (5종, 사전 고정)",39,0.8031712473572938,0.03114467347557372,0.2,0.2,0.2,0.05263157894736842,0.2,0.030303030303030304,0.5437229437229437,E1 전체 기간,공정 값 23 + pair_pos,앙상블,
"순위 평균 앙상블 (5종, 사전 고정)",40,0.5494714587737843,0.052780938382426604,0.2,0.4,0.4,0.05454545454545454,0.6,0.02857142857142857,0.6995670995670996,E1 전체 기간,공정 값 23 + pair_pos,앙상블,
"순위 평균 앙상블 (5종, 사전 고정)",41,0.7570824524312896,0.12595890410958904,0.4,0.4,0.4,0.06557377049180328,0.4,0.03571428571428571,0.7445887445887447,E1 전체 기간,공정 값 23 + pair_pos,앙상블,
"순위 평균 앙상블 (5종, 사전 고정)",42,0.6709745762711865,0.043986387555392525,0.2,0.4,0.6,0.07317073170731707,0.6,0.03896103896103896,0.6824034334763949,E1 전체 기간,공정 값 23 + pair_pos,앙상블,
"순위 평균 앙상블 (5종, 사전 고정)",43,0.7904862579281182,0.0515536283891547,0.2,0.2,0.6,0.043478260869565216,0.2,0.024390243902439025,0.7264069264069264,E1 전체 기간,공정 값 23 + pair_pos,앙상블,
"순위 평균 앙상블 (5종, 사전 고정)",44,0.8350951374207188,0.07085891885891886,0.2,0.4,0.8,0.05555555555555555,0.2,0.03225806451612903,0.7731601731601732,E1 전체 기간,공정 값 23 + pair_pos,앙상블,
"순위 평균 앙상블 (5종, 사전 고정)",45,0.39640591966173366,0.05376097105508871,0.4,0.4,0.6,0.06451612903225806,1.0,0.03333333333333333,0.7341991341991342,E1 전체 기간,공정 값 23 + pair_pos,앙상블,
"순위 평균 앙상블 (5종, 사전 고정)",46,0.9063424947145877,0.03005636252480572,0.0,0.0,0.4,0.0,0.0,0.0,0.6017316017316017,E1 전체 기간,공정 값 23 + pair_pos,앙상블,
"순위 평균 앙상블 (5종, 사전 고정)",47,0.8741525423728813,0.04066256274589608,0.0,0.2,0.6,0.0,0.0,0.0,0.7124463519313305,E1 전체 기간,공정 값 23 + pair_pos,앙상블,
"순위 평균 앙상블 (5종, 사전 고정)",48,0.8382663847780127,0.035422212672455364,0.2,0.2,0.2,0.043478260869565216,0.2,0.024390243902439025,0.49870129870129865,E1 전체 기간,공정 값 23 + pair_pos,앙상블,
"순위 평균 앙상블 (5종, 사전 고정)",49,0.827061310782241,0.0905647402173821,0.2,0.4,0.8,0.0784313725490196,0.4,0.043478260869565216,0.8181818181818181,E1 전체 기간,공정 값 23 + pair_pos,앙상블,
부스팅 튜닝 3종 평균 (사후 선택),0,0.8146582100070473,0.08391893194524773,0.4,0.4,0.6,0.09523809523809523,0.2,0.0625,0.8086580086580086,E1 전체 기간,공정 값 23 + pair_pos,앙상블,
부스팅 튜닝 3종 평균 (사후 선택),1,0.9038054968287526,0.023861120303570744,0.0,0.0,0.0,0.0,0.0,0.0,0.4909090909090909,E1 전체 기간,공정 값 23 + pair_pos,앙상블,
부스팅 튜닝 3종 평균 (사후 선택),2,0.8820621468926554,0.03933212283595915,0.2,0.4,0.4,0.06666666666666667,0.2,0.04,0.5193133047210301,E1 전체 기간,공정 값 23 + pair_pos,앙상블,
부스팅 튜닝 3종 평균 (사후 선택),3,0.9531360112755461,0.07554161304161304,0.4,0.8,0.8,0.0,0.0,0.0,0.8363636363636364,E1 전체 기간,공정 값 23 + pair_pos,앙상블,
부스팅 튜닝 3종 평균 (사후 선택),4,0.9277660324171952,0.04776227379707339,0.2,0.4,0.6,0.0,0.0,0.0,0.7194805194805195,E1 전체 기간,공정 값 23 + pair_pos,앙상블,
부스팅 튜닝 3종 평균 (사후 선택),5,0.6652572233967583,0.0831095713662422,0.4,0.4,0.6,0.05517241379310345,0.8,0.02857142857142857,0.7350649350649351,E1 전체 기간,공정 값 23 + pair_pos,앙상블,
부스팅 튜닝 3종 평균 (사후 선택),6,0.6620859760394645,0.08884076765697271,0.4,0.4,0.4,0.08333333333333333,0.4,0.046511627906976744,0.6727272727272727,E1 전체 기간,공정 값 23 + pair_pos,앙상블,
부스팅 튜닝 3종 평균 (사후 선택),7,0.9378531073446328,0.045292163385573236,0.0,0.4,0.6,0.0,0.0,0.0,0.6901287553648069,E1 전체 기간,공정 값 23 + pair_pos,앙상블,
부스팅 튜닝 3종 평균 (사후 선택),8,0.9238900634249472,0.07117182085151222,0.4,0.8,0.8,0.0,0.0,0.0,0.7783549783549784,E1 전체 기간,공정 값 23 + pair_pos,앙상블,
부스팅 튜닝 3종 평균 (사후 선택),9,0.9474982381959126,0.12257752109061684,0.2,0.2,0.2,0.18181818181818182,0.2,0.16666666666666666,0.5861471861471861,E1 전체 기간,공정 값 23 + pair_pos,앙상블,
부스팅 튜닝 3종 평균 (사후 선택),10,0.7829457364341085,0.038155368726155825,0.2,0.2,0.4,0.038461538461538464,0.2,0.02127659574468085,0.612987012987013,E1 전체 기간,공정 값 23 + pair_pos,앙상블,
부스팅 튜닝 3종 평균 (사후 선택),11,0.9443269908386188,0.04987952904739131,0.0,0.2,0.8,0.0,0.0,0.0,0.7636363636363637,E1 전체 기간,공정 값 23 + pair_pos,앙상블,
부스팅 튜닝 3종 평균 (사후 선택),12,0.9346751412429378,0.040553686896883365,0.2,0.4,0.6,0.0,0.0,0.0,0.6437768240343348,E1 전체 기간,공정 값 23 + pair_pos,앙상블,
부스팅 튜닝 3종 평균 (사후 선택),13,0.8252290345313602,0.05148449028092804,0.2,0.2,0.4,0.0,0.0,0.0,0.6181818181818182,E1 전체 기간,공정 값 23 + pair_pos,앙상블,
부스팅 튜닝 3종 평균 (사후 선택),14,0.9672304439746301,0.048008742881306604,0.2,0.6,0.6,0.0,0.0,0.0,0.6597402597402597,E1 전체 기간,공정 값 23 + pair_pos,앙상블,
부스팅 튜닝 3종 평균 (사후 선택),15,0.887244538407329,0.09023358585858586,0.4,0.4,0.4,0.0,0.0,0.0,0.6770562770562771,E1 전체 기간,공정 값 23 + pair_pos,앙상블,
부스팅 튜닝 3종 평균 (사후 선택),16,0.9711064129668782,0.03286750867879824,0.0,0.2,0.4,0.0,0.0,0.0,0.6025974025974026,E1 전체 기간,공정 값 23 + pair_pos,앙상블,
부스팅 튜닝 3종 평균 (사후 선택),17,0.9530367231638418,0.056007586822460244,0.2,0.4,0.6,0.046511627906976744,0.2,0.02631578947368421,0.7708154506437769,E1 전체 기간,공정 값 23 + pair_pos,앙상블,
부스팅 튜닝 3종 평균 (사후 선택),18,0.8199436222692036,0.048276206264842435,0.2,0.4,0.6,0.09090909090909091,0.2,0.058823529411764705,0.6588744588744588,E1 전체 기간,공정 값 23 + pair_pos,앙상블,
부스팅 튜닝 3종 평균 (사후 선택),19,0.7720225510923185,0.09050113510436657,0.4,0.6,1.0,0.09523809523809523,0.2,0.0625,0.858008658008658,E1 전체 기간,공정 값 23 + pair_pos,앙상블,
부스팅 튜닝 3종 평균 (사후 선택),20,0.8653981677237491,0.05779101345739716,0.2,0.4,0.8,0.08695652173913043,0.4,0.04878048780487805,0.7575757575757576,E1 전체 기간,공정 값 23 + pair_pos,앙상블,
부스팅 튜닝 3종 평균 (사후 선택),21,0.678646934460888,0.240447546113307,0.4,0.4,0.6,0.0625,0.4,0.03389830508474576,0.7255411255411255,E1 전체 기간,공정 값 23 + pair_pos,앙상블,
부스팅 튜닝 3종 평균 (사후 선택),22,0.5187146892655367,0.05511604153856664,0.0,0.6,0.6,0.07920792079207921,0.8,0.041666666666666664,0.7648068669527898,E1 전체 기간,공정 값 23 + pair_pos,앙상블,
부스팅 튜닝 3종 평균 (사후 선택),23,0.8107822410147992,0.11213611525086936,0.4,0.4,0.4,0.12121212121212122,0.4,0.07142857142857142,0.7220779220779221,E1 전체 기간,공정 값 23 + pair_pos,앙상블,
부스팅 튜닝 3종 평균 (사후 선택),24,0.9968287526427062,0.0703718715713349,0.2,0.2,0.2,0.0,0.0,0.0,0.5272727272727273,E1 전체 기간,공정 값 23 + pair_pos,앙상블,
부스팅 튜닝 3종 평균 (사후 선택),25,0.9182522903453135,0.028524468826192965,0.0,0.2,0.2,0.0,0.0,0.0,0.5584415584415585,E1 전체 기간,공정 값 23 + pair_pos,앙상블,
부스팅 튜닝 3종 평균 (사후 선택),26,0.8611698379140239,0.08193073135864898,0.2,0.6,0.8,0.11428571428571428,0.4,0.06666666666666667,0.7194805194805196,E1 전체 기간,공정 값 23 + pair_pos,앙상블,
부스팅 튜닝 3종 평균 (사후 선택),27,0.818502824858757,0.2404218695755214,0.2,0.4,0.6,0.1111111111111111,0.2,0.07692307692307693,0.6918454935622318,E1 전체 기간,공정 값 23 + pair_pos,앙상블,
부스팅 튜닝 3종 평균 (사후 선택),28,0.9031007751937984,0.07422123673594283,0.2,0.2,0.4,0.06896551724137931,0.2,0.041666666666666664,0.6095238095238096,E1 전체 기간,공정 값 23 + pair_pos,앙상블,
부스팅 튜닝 3종 평균 (사후 선택),29,0.8921775898520083,0.034878898191591685,0.0,0.2,0.4,0.0,0.0,0.0,0.6337662337662338,E1 전체 기간,공정 값 23 + pair_pos,앙상블,
부스팅 튜닝 3종 평균 (사후 선택),30,0.7269203664552503,0.058742525380809665,0.0,0.8,0.8,0.16666666666666666,0.8,0.09302325581395349,0.793073593073593,E1 전체 기간,공정 값 23 + pair_pos,앙상블,
부스팅 튜닝 3종 평균 (사후 선택),31,0.7787174066243834,0.0740381902677589,0.2,0.4,0.6,0.19047619047619047,0.4,0.125,0.69004329004329,E1 전체 기간,공정 값 23 + pair_pos,앙상블,
부스팅 튜닝 3종 평균 (사후 선택),32,0.880473163841808,0.09863682864243298,0.2,0.4,0.4,0.05128205128205128,0.2,0.029411764705882353,0.6686695278969957,E1 전체 기간,공정 값 23 + pair_pos,앙상블,
부스팅 튜닝 3종 평균 (사후 선택),33,0.6522198731501057,0.1049412656309208,0.4,0.6,0.6,0.058823529411764705,0.6,0.030927835051546393,0.7151515151515151,E1 전체 기간,공정 값 23 + pair_pos,앙상블,
부스팅 튜닝 3종 평균 (사후 선택),34,0.7850599013389711,0.22058278466045458,0.2,0.2,0.2,0.045454545454545456,0.8,0.023391812865497075,0.5376623376623377,E1 전체 기간,공정 값 23 + pair_pos,앙상블,
부스팅 튜닝 3종 평균 (사후 선택),35,0.642353770260747,0.061020753756047874,0.4,0.4,0.4,0.11764705882352941,0.4,0.06896551724137931,0.6961038961038961,E1 전체 기간,공정 값 23 + pair_pos,앙상블,
부스팅 튜닝 3종 평균 (사후 선택),36,0.7522903453136012,0.06764288482554737,0.2,0.4,0.4,0.09090909090909091,0.4,0.05128205128205128,0.6805194805194805,E1 전체 기간,공정 값 23 + pair_pos,앙상블,
부스팅 튜닝 3종 평균 (사후 선택),37,0.8170903954802259,0.0946321752828602,0.4,0.6,0.6,0.0,0.0,0.0,0.7579399141630901,E1 전체 기간,공정 값 23 + pair_pos,앙상블,
부스팅 튜닝 3종 평균 (사후 선택),38,0.6434108527131783,0.04304316203962311,0.0,0.6,0.6,0.06976744186046512,0.6,0.037037037037037035,0.6926406926406926,E1 전체 기간,공정 값 23 + pair_pos,앙상블,
부스팅 튜닝 3종 평균 (사후 선택),39,0.8921775898520085,0.02239930490614102,0.0,0.2,0.2,0.0,0.0,0.0,0.4329004329004329,E1 전체 기간,공정 값 23 + pair_pos,앙상블,
부스팅 튜닝 3종 평균 (사후 선택),40,0.9552501761804087,0.04043008274004643,0.2,0.2,0.4,0.0,0.0,0.0,0.612987012987013,E1 전체 기간,공정 값 23 + pair_pos,앙상블,
부스팅 튜닝 3종 평균 (사후 선택),41,0.7068357998590556,0.04799940350092326,0.0,0.4,0.8,0.050761421319796954,1.0,0.026041666666666668,0.6952380952380953,E1 전체 기간,공정 값 23 + pair_pos,앙상블,
부스팅 튜닝 3종 평균 (사후 선택),42,0.8449858757062146,0.07948564933219665,0.6,0.6,0.6,0.1111111111111111,0.2,0.07692307692307693,0.7339055793991416,E1 전체 기간,공정 값 23 + pair_pos,앙상블,
부스팅 튜닝 3종 평균 (사후 선택),43,0.7968639887244539,0.04039481103570361,0.0,0.4,0.4,0.043478260869565216,0.2,0.024390243902439025,0.6943722943722943,E1 전체 기간,공정 값 23 + pair_pos,앙상블,
부스팅 튜닝 3종 평균 (사후 선택),44,0.960183227625088,0.05716267404154491,0.0,0.6,0.6,0.0,0.0,0.0,0.7783549783549784,E1 전체 기간,공정 값 23 + pair_pos,앙상블,
부스팅 튜닝 3종 평균 (사후 선택),45,0.6476391825229034,0.06864490046459303,0.2,0.4,0.6,0.10526315789473684,0.4,0.06060606060606061,0.7307359307359307,E1 전체 기간,공정 값 23 + pair_pos,앙상블,
부스팅 튜닝 3종 평균 (사후 선택),46,0.9288231148696265,0.030136787129385494,0.0,0.0,0.4,0.0,0.0,0.0,0.5948051948051948,E1 전체 기간,공정 값 23 + pair_pos,앙상블,
부스팅 튜닝 3종 평균 (사후 선택),47,0.9290254237288136,0.027292933787032223,0.0,0.2,0.2,0.0,0.0,0.0,0.5493562231759657,E1 전체 기간,공정 값 23 + pair_pos,앙상블,
부스팅 튜닝 3종 평균 (사후 선택),48,0.9136715997181114,0.026375799248050467,0.0,0.2,0.2,0.04878048780487805,0.2,0.027777777777777776,0.47965367965367967,E1 전체 기간,공정 값 23 + pair_pos,앙상블,
부스팅 튜닝 3종 평균 (사후 선택),49,0.6557434813248767,0.08359597892539392,0.4,0.6,0.8,0.09876543209876543,0.8,0.05263157894736842,0.8389610389610389,E1 전체 기간,공정 값 23 + pair_pos,앙상블,
[기준] 무작위,0,0.8792000243077452,0.06478984297424961,0.0,0.4,0.4,0.08695652173913043,0.2,0.05555555555555555,0.5596491228070175,E2 앞쪽 부품 안 (pair_pos=0),-,기준선,
[기준] 샷 순서,0,560.0,0.03213283296730629,0.0,0.0,0.0,0.0,0.0,0.0,0.2245614035087719,E2 앞쪽 부품 안 (pair_pos=0),-,기준선,
[기준] 무작위,1,0.9585659265929863,0.03220215813283849,0.0,0.0,0.0,0.0,0.0,0.0,0.36184210526315796,E2 앞쪽 부품 안 (pair_pos=0),-,기준선,
[기준] 샷 순서,1,-173.0,0.03169480308720815,0.0,0.0,0.0,0.0,0.0,0.0,0.36403508771929827,E2 앞쪽 부품 안 (pair_pos=0),-,기준선,
[기준] 무작위,2,0.012278769863585226,0.03949120255157025,0.0,0.0,0.0,0.06611570247933884,1.0,0.03418803418803419,0.4890350877192982,E2 앞쪽 부품 안 (pair_pos=0),-,기준선,
[기준] 샷 순서,2,-173.0,0.0461448829583841,0.0,0.25,0.25,0.04878048780487805,0.25,0.02702702702702703,0.4429824561403509,E2 앞쪽 부품 안 (pair_pos=0),-,기준선,
[기준] 무작위,3,0.8509993189188668,0.05046547621753923,0.0,0.0,0.0,0.0,0.0,0.0,0.5221238938053097,E2 앞쪽 부품 안 (pair_pos=0),-,기준선,
[기준] 샷 순서,3,-173.0,0.04293766486349742,0.0,0.0,0.2,0.05714285714285714,0.2,0.03333333333333333,0.41415929203539825,E2 앞쪽 부품 안 (pair_pos=0),-,기준선,
[기준] 무작위,4,0.9455499056538779,0.08596991804718992,0.2,0.2,0.2,0.0,0.0,0.0,0.479646017699115,E2 앞쪽 부품 안 (pair_pos=0),-,기준선,
[기준] 샷 순서,4,-161.0,0.06171903544026307,0.0,0.4,0.4,0.09302325581395349,0.4,0.05263157894736842,0.5557522123893806,E2 앞쪽 부품 안 (pair_pos=0),-,기준선,
[기준] 무작위,5,0.9530340301341389,0.11826436743344763,0.2,0.4,0.8,0.125,0.2,0.09090909090909091,0.736842105263158,E2 앞쪽 부품 안 (pair_pos=0),-,기준선,
[기준] 샷 순서,5,-173.0,0.04090825516572046,0.0,0.0,0.2,0.046511627906976744,0.2,0.02631578947368421,0.4175438596491228,E2 앞쪽 부품 안 (pair_pos=0),-,기준선,
[기준] 무작위,6,0.9004941481393361,0.056298830540212695,0.0,0.2,0.2,0.0,0.0,0.0,0.5451327433628319,E2 앞쪽 부품 안 (pair_pos=0),-,기준선,
[기준] 샷 순서,6,-173.0,0.07229214392123204,0.0,0.4,0.6,0.16216216216216217,0.6,0.09375,0.5769911504424778,E2 앞쪽 부품 안 (pair_pos=0),-,기준선,
[기준] 무작위,7,0.8142032490774872,0.041980219863506224,0.0,0.2,0.2,0.07407407407407407,0.2,0.045454545454545456,0.3433628318584071,E2 앞쪽 부품 안 (pair_pos=0),-,기준선,
[기준] 샷 순서,7,-205.0,0.05485218934408345,0.0,0.0,0.6,0.11320754716981132,0.6,0.0625,0.49026548672566367,E2 앞쪽 부품 안 (pair_pos=0),-,기준선,
[기준] 무작위,8,0.4256529705164621,0.1830821513002364,0.75,0.75,0.75,0.1111111111111111,1.0,0.058823529411764705,0.8596491228070174,E2 앞쪽 부품 안 (pair_pos=0),-,기준선,
[기준] 샷 순서,8,-173.0,0.04332375715971408,0.0,0.25,0.25,0.05405405405405406,0.25,0.030303030303030304,0.5131578947368421,E2 앞쪽 부품 안 (pair_pos=0),-,기준선,
[기준] 무작위,9,0.9137490793824371,0.06444499306074516,0.25,0.25,0.5,0.15384615384615385,0.25,0.1111111111111111,0.5087719298245614,E2 앞쪽 부품 안 (pair_pos=0),-,기준선,
[기준] 샷 순서,9,80.0,0.032483756962626176,0.0,0.0,0.25,0.057692307692307696,0.75,0.03,0.3684210526315789,E2 앞쪽 부품 안 (pair_pos=0),-,기준선,
[기준] 무작위,10,0.9182661676614936,0.05221686539127385,0.0,0.2,0.2,0.0,0.0,0.0,0.4789473684210526,E2 앞쪽 부품 안 (pair_pos=0),-,기준선,
[기준] 샷 순서,10,-173.0,0.04539423719043386,0.0,0.2,0.2,0.043478260869565216,0.2,0.024390243902439025,0.45964912280701753,E2 앞쪽 부품 안 (pair_pos=0),-,기준선,
[기준] 무작위,11,0.9915373586698022,0.03990530303030303,0.0,0.25,0.25,0.0,0.0,0.0,0.38815789473684215,E2 앞쪽 부품 안 (pair_pos=0),-,기준선,
[기준] 샷 순서,11,-173.0,0.04417859925969219,0.0,0.25,0.25,0.06060606060606061,0.25,0.034482758620689655,0.4473684210526316,E2 앞쪽 부품 안 (pair_pos=0),-,기준선,
[기준] 무작위,12,0.9645658749389329,0.03192133708322038,0.0,0.0,0.25,0.0,0.0,0.0,0.3223684210526316,E2 앞쪽 부품 안 (pair_pos=0),-,기준선,
[기준] 샷 순서,12,-173.0,0.05056818181818182,0.0,0.25,0.5,0.09302325581395349,0.5,0.05128205128205128,0.5087719298245614,E2 앞쪽 부품 안 (pair_pos=0),-,기준선,
[기준] 무작위,13,0.7212895994086724,0.0840183128837666,0.2,0.6,0.6,0.18181818181818182,0.6,0.10714285714285714,0.5893805309734513,E2 앞쪽 부품 안 (pair_pos=0),-,기준선,
[기준] 샷 순서,13,343.0,0.05245371529757426,0.2,0.2,0.2,0.03773584905660377,0.2,0.020833333333333332,0.36283185840707965,E2 앞쪽 부품 안 (pair_pos=0),-,기준선,
[기준] 무작위,14,0.9917861667189435,0.058197297579404235,0.2,0.2,0.2,0.0,0.0,0.0,0.5008849557522124,E2 앞쪽 부품 안 (pair_pos=0),-,기준선,
[기준] 샷 순서,14,-173.0,0.06197754868198122,0.0,0.2,0.4,0.10526315789473684,0.4,0.06060606060606061,0.568141592920354,E2 앞쪽 부품 안 (pair_pos=0),-,기준선,
[기준] 무작위,15,0.40880932090051647,0.05331243469174504,0.0,0.2,0.4,0.07692307692307693,0.6,0.0410958904109589,0.5263157894736842,E2 앞쪽 부품 안 (pair_pos=0),-,기준선,
[기준] 샷 순서,15,-173.0,0.04292849207134922,0.0,0.0,0.2,0.08888888888888889,0.4,0.05,0.4052631578947369,E2 앞쪽 부품 안 (pair_pos=0),-,기준선,
[기준] 무작위,16,0.3050629395539246,0.0587586462889861,0.0,0.5,0.5,0.05,0.5,0.02631578947368421,0.543859649122807,E2 앞쪽 부품 안 (pair_pos=0),-,기준선,
[기준] 샷 순서,16,560.0,0.03503473270915131,0.0,0.25,0.25,0.0,0.0,0.0,0.3574561403508772,E2 앞쪽 부품 안 (pair_pos=0),-,기준선,
[기준] 무작위,17,0.9595859846227556,0.03871960009300163,0.0,0.0,0.2,0.0,0.0,0.0,0.352212389380531,E2 앞쪽 부품 안 (pair_pos=0),-,기준선,
[기준] 샷 순서,17,-173.0,0.03960759165897665,0.0,0.0,0.2,0.05,0.2,0.02857142857142857,0.3823008849557522,E2 앞쪽 부품 안 (pair_pos=0),-,기준선,
[기준] 무작위,18,0.047354438019603595,0.07837669153203135,0.2,0.2,0.2,0.08333333333333333,1.0,0.043478260869565216,0.5026548672566372,E2 앞쪽 부품 안 (pair_pos=0),-,기준선,
[기준] 샷 순서,18,560.0,0.03880248269754572,0.0,0.0,0.2,0.0,0.0,0.0,0.3575221238938053,E2 앞쪽 부품 안 (pair_pos=0),-,기준선,
[기준] 무작위,19,0.002737685964631975,0.07338382338382338,0.0,0.0,0.5,0.06557377049180328,1.0,0.03389830508474576,0.7368421052631579,E2 앞쪽 부품 안 (pair_pos=0),-,기준선,
[기준] 샷 순서,19,-173.0,0.04747294372294372,0.0,0.25,0.5,0.1,0.5,0.05555555555555555,0.5482456140350878,E2 앞쪽 부품 안 (pair_pos=0),-,기준선,
[기준] 무작위,20,0.7957071238524509,0.07111280559556421,0.0,0.4,0.6,0.16,0.4,0.1,0.5456140350877193,E2 앞쪽 부품 안 (pair_pos=0),-,기준선,
[기준] 샷 순서,20,-173.0,0.06123922697805636,0.0,0.2,0.4,0.0975609756097561,0.4,0.05555555555555555,0.5859649122807018,E2 앞쪽 부품 안 (pair_pos=0),-,기준선,
[기준] 무작위,21,0.368899814201892,0.03205080725278539,0.0,0.0,0.0,0.047619047619047616,0.4,0.02531645569620253,0.24247787610619467,E2 앞쪽 부품 안 (pair_pos=0),-,기준선,
[기준] 샷 순서,21,560.0,0.03915276659548896,0.0,0.0,0.2,0.0,0.0,0.0,0.3769911504424779,E2 앞쪽 부품 안 (pair_pos=0),-,기준선,
[기준] 무작위,22,0.6694195775437248,0.043661131967715656,0.0,0.0,0.0,0.043478260869565216,0.25,0.023809523809523808,0.5438596491228069,E2 앞쪽 부품 안 (pair_pos=0),-,기준선,
[기준] 샷 순서,22,-161.0,0.04852482665549816,0.0,0.0,0.25,0.05128205128205128,0.25,0.02857142857142857,0.5855263157894737,E2 앞쪽 부품 안 (pair_pos=0),-,기준선,
[기준] 무작위,23,0.31359596447915217,0.05843921073424008,0.0,0.0,0.5,0.0898876404494382,1.0,0.047058823529411764,0.6644736842105264,E2 앞쪽 부품 안 (pair_pos=0),-,기준선,
[기준] 샷 순서,23,-173.0,0.05409521175241257,0.0,0.25,0.5,0.10526315789473684,0.5,0.058823529411764705,0.5460526315789473,E2 앞쪽 부품 안 (pair_pos=0),-,기준선,
[기준] 무작위,24,0.9696453235978854,0.04717358233451463,0.0,0.0,0.2,0.0,0.0,0.0,0.4761061946902655,E2 앞쪽 부품 안 (pair_pos=0),-,기준선,
[기준] 샷 순서,24,-173.0,0.033115841033222626,0.0,0.0,0.2,0.05405405405405406,0.2,0.03125,0.2424778761061947,E2 앞쪽 부품 안 (pair_pos=0),-,기준선,
[기준] 무작위,25,0.9503811110154877,0.08553636560793361,0.2,0.4,0.4,0.0,0.0,0.0,0.5333333333333334,E2 앞쪽 부품 안 (pair_pos=0),-,기준선,
[기준] 샷 순서,25,-173.0,0.05828837282039252,0.2,0.2,0.4,0.11428571428571428,0.4,0.06666666666666667,0.4912280701754386,E2 앞쪽 부품 안 (pair_pos=0),-,기준선,
[기준] 무작위,26,0.942471517833444,0.03418293189368771,0.0,0.0,0.0,0.0,0.0,0.0,0.4144736842105263,E2 앞쪽 부품 안 (pair_pos=0),-,기준선,
[기준] 샷 순서,26,-161.0,0.03698607427055703,0.0,0.0,0.0,0.0,0.0,0.0,0.456140350877193,E2 앞쪽 부품 안 (pair_pos=0),-,기준선,
[기준] 무작위,27,0.9726179815184912,0.044862793602289404,0.0,0.2,0.2,0.0,0.0,0.0,0.3893805309734514,E2 앞쪽 부품 안 (pair_pos=0),-,기준선,
[기준] 샷 순서,27,-173.0,0.0591279209124764,0.0,0.2,0.2,0.08695652173913043,0.4,0.04878048780487805,0.5575221238938053,E2 앞쪽 부품 안 (pair_pos=0),-,기준선,
[기준] 무작위,28,0.7449398781592954,0.11131127450980394,0.2,0.4,0.6,0.15789473684210525,0.6,0.09090909090909091,0.7256637168141593,E2 앞쪽 부품 안 (pair_pos=0),-,기준선,
[기준] 샷 순서,28,-173.0,0.05020217295446654,0.0,0.2,0.4,0.10526315789473684,0.4,0.06060606060606061,0.45132743362831856,E2 앞쪽 부품 안 (pair_pos=0),-,기준선,
[기준] 무작위,29,0.8835416730785641,0.03529557824332404,0.0,0.25,0.25,0.0,0.0,0.0,0.32236842105263164,E2 앞쪽 부품 안 (pair_pos=0),-,기준선,
[기준] 샷 순서,29,150.0,0.08576775147259236,0.25,0.25,0.25,0.041666666666666664,0.5,0.021739130434782608,0.381578947368421,E2 앞쪽 부품 안 (pair_pos=0),-,기준선,
[기준] 무작위,30,0.8723778885695705,0.04685284685284685,0.0,0.0,0.0,0.0,0.0,0.0,0.4842105263157895,E2 앞쪽 부품 안 (pair_pos=0),-,기준선,
[기준] 샷 순서,30,560.0,0.03721786373412241,0.0,0.2,0.2,0.0,0.0,0.0,0.312280701754386,E2 앞쪽 부품 안 (pair_pos=0),-,기준선,
[기준] 무작위,31,0.7498334658946868,0.037713657667099366,0.0,0.0,0.2,0.0,0.0,0.0,0.3592920353982301,E2 앞쪽 부품 안 (pair_pos=0),-,기준선,
[기준] 샷 순서,31,-161.0,0.045938631416892285,0.0,0.0,0.2,0.0,0.0,0.0,0.4725663716814159,E2 앞쪽 부품 안 (pair_pos=0),-,기준선,
[기준] 무작위,32,0.3709297913212506,0.0325716937286165,0.0,0.0,0.0,0.06666666666666667,0.75,0.03488372093023256,0.37500000000000006,E2 앞쪽 부품 안 (pair_pos=0),-,기준선,
[기준] 샷 순서,32,-173.0,0.033380473840579086,0.0,0.0,0.25,0.058823529411764705,0.25,0.03333333333333333,0.3530701754385965,E2 앞쪽 부품 안 (pair_pos=0),-,기준선,
[기준] 무작위,33,0.7406672619091689,0.21992822966507175,0.5,0.75,0.75,0.15384615384615385,0.75,0.08571428571428572,0.7324561403508771,E2 앞쪽 부품 안 (pair_pos=0),-,기준선,
[기준] 샷 순서,33,-173.0,0.03370062857678957,0.0,0.0,0.25,0.041666666666666664,0.25,0.022727272727272728,0.36622807017543857,E2 앞쪽 부품 안 (pair_pos=0),-,기준선,
[기준] 무작위,34,0.9381931156765602,0.043823525681888506,0.0,0.2,0.2,0.0,0.0,0.0,0.41061946902654867,E2 앞쪽 부품 안 (pair_pos=0),-,기준선,
[기준] 샷 순서,34,560.0,0.03797661590338483,0.0,0.0,0.0,0.0,0.0,0.0,0.368141592920354,E2 앞쪽 부품 안 (pair_pos=0),-,기준선,
[기준] 무작위,35,0.8329219254095476,0.26038168112773563,0.2,0.4,0.6,0.08333333333333333,0.2,0.05263157894736842,0.5894736842105264,E2 앞쪽 부품 안 (pair_pos=0),-,기준선,
[기준] 샷 순서,35,-173.0,0.03705089941114786,0.0,0.0,0.0,0.0,0.0,0.0,0.3526315789473684,E2 앞쪽 부품 안 (pair_pos=0),-,기준선,
[기준] 무작위,36,0.2606461400369442,0.2580330135684038,0.2,0.4,0.6,0.08602150537634409,0.8,0.045454545454545456,0.5858407079646017,E2 앞쪽 부품 안 (pair_pos=0),-,기준선,
[기준] 샷 순서,36,560.0,0.04201781086386844,0.0,0.2,0.2,0.0,0.0,0.0,0.39469026548672564,E2 앞쪽 부품 안 (pair_pos=0),-,기준선,
[기준] 무작위,37,0.9932259024074949,0.21166666666666667,0.5,0.5,0.75,0.0,0.0,0.0,0.8267543859649124,E2 앞쪽 부품 안 (pair_pos=0),-,기준선,
[기준] 샷 순서,37,-173.0,0.06163609782030835,0.0,0.5,0.5,0.09523809523809523,0.5,0.05263157894736842,0.5614035087719298,E2 앞쪽 부품 안 (pair_pos=0),-,기준선,
[기준] 무작위,38,0.993792496013201,0.09481170287147095,0.4,0.4,0.4,0.0,0.0,0.0,0.5539823008849558,E2 앞쪽 부품 안 (pair_pos=0),-,기준선,
[기준] 샷 순서,38,-173.0,0.04872010401422166,0.0,0.0,0.4,0.11764705882352941,0.4,0.06896551724137931,0.4495575221238938,E2 앞쪽 부품 안 (pair_pos=0),-,기준선,
[기준] 무작위,39,0.885831982411068,0.046351172047766474,0.0,0.0,0.25,0.0,0.0,0.0,0.5614035087719298,E2 앞쪽 부품 안 (pair_pos=0),-,기준선,
[기준] 샷 순서,39,560.0,0.030245929837129665,0.0,0.0,0.0,0.0,0.0,0.0,0.32894736842105265,E2 앞쪽 부품 안 (pair_pos=0),-,기준선,
[기준] 무작위,40,0.8881805638470583,0.06524436293019743,0.0,0.2,0.6,0.08333333333333333,0.2,0.05263157894736842,0.5631578947368422,E2 앞쪽 부품 안 (pair_pos=0),-,기준선,
[기준] 샷 순서,40,-173.0,0.05069423709000299,0.0,0.2,0.4,0.1,0.4,0.05714285714285714,0.46842105263157896,E2 앞쪽 부품 안 (pair_pos=0),-,기준선,
[기준] 무작위,41,0.9651177614394637,0.03609538957283318,0.0,0.0,0.0,0.0,0.0,0.0,0.4407894736842105,E2 앞쪽 부품 안 (pair_pos=0),-,기준선,
[기준] 샷 순서,41,-173.0,0.04562361678993171,0.0,0.25,0.25,0.058823529411764705,0.25,0.03333333333333333,0.4342105263157895,E2 앞쪽 부품 안 (pair_pos=0),-,기준선,
[기준] 무작위,42,0.9074536795749989,0.031918831183685756,0.0,0.0,0.0,0.0,0.0,0.0,0.2407079646017699,E2 앞쪽 부품 안 (pair_pos=0),-,기준선,
[기준] 샷 순서,42,-173.0,0.05336158649501978,0.0,0.0,0.4,0.10810810810810811,0.4,0.0625,0.479646017699115,E2 앞쪽 부품 안 (pair_pos=0),-,기준선,
[기준] 무작위,43,0.9947425187061866,0.0446520471475251,0.0,0.0,0.2,0.0,0.0,0.0,0.4460176991150443,E2 앞쪽 부품 안 (pair_pos=0),-,기준선,
[기준] 샷 순서,43,476.0,0.03869312359089977,0.0,0.0,0.2,0.0,0.0,0.0,0.3787610619469027,E2 앞쪽 부품 안 (pair_pos=0),-,기준선,
[기준] 무작위,44,0.9513593806997908,0.03514001738216509,0.0,0.0,0.25,0.0,0.0,0.0,0.3991228070175439,E2 앞쪽 부품 안 (pair_pos=0),-,기준선,
[기준] 샷 순서,44,-173.0,0.04941520467836257,0.0,0.25,0.25,0.09090909090909091,0.5,0.05,0.5570175438596492,E2 앞쪽 부품 안 (pair_pos=0),-,기준선,
[기준] 무작위,45,0.9326908398095726,0.03349421820010055,0.0,0.0,0.0,0.0,0.0,0.0,0.28771929824561404,E2 앞쪽 부품 안 (pair_pos=0),-,기준선,
[기준] 샷 순서,45,-173.0,0.03696520800402414,0.0,0.0,0.2,0.045454545454545456,0.2,0.02564102564102564,0.33157894736842103,E2 앞쪽 부품 안 (pair_pos=0),-,기준선,
[기준] 무작위,46,0.9510012766162219,0.04489002139140197,0.0,0.0,0.25,0.0,0.0,0.0,0.5131578947368421,E2 앞쪽 부품 안 (pair_pos=0),-,기준선,
[기준] 샷 순서,46,560.0,0.029338051009877637,0.0,0.0,0.0,0.0,0.0,0.0,0.2982456140350877,E2 앞쪽 부품 안 (pair_pos=0),-,기준선,
[기준] 무작위,47,0.11304885903362227,0.09075710325710326,0.25,0.25,0.25,0.07476635514018691,1.0,0.038834951456310676,0.6447368421052632,E2 앞쪽 부품 안 (pair_pos=0),-,기준선,
[기준] 샷 순서,47,-173.0,0.04367018117018117,0.0,0.0,0.25,0.05555555555555555,0.25,0.03125,0.506578947368421,E2 앞쪽 부품 안 (pair_pos=0),-,기준선,
[기준] 무작위,48,0.40880643499727054,0.03682206040784275,0.0,0.0,0.0,0.04938271604938271,0.4,0.02631578947368421,0.3398230088495575,E2 앞쪽 부품 안 (pair_pos=0),-,기준선,
[기준] 샷 순서,48,-161.0,0.050785543934243685,0.0,0.2,0.4,0.05263157894736842,0.2,0.030303030303030304,0.4725663716814159,E2 앞쪽 부품 안 (pair_pos=0),-,기준선,
[기준] 무작위,49,0.07836870654708139,0.06379705308800013,0.0,0.4,0.4,0.07079646017699115,0.8,0.037037037037037035,0.5646017699115045,E2 앞쪽 부품 안 (pair_pos=0),-,기준선,
[기준] 샷 순서,49,560.0,0.040913811050409615,0.0,0.2,0.2,0.0,0.0,0.0,0.3787610619469026,E2 앞쪽 부품 안 (pair_pos=0),-,기준선,
로지스틱 L2,0,0.02420382522192337,0.03329097910349925,0.0,0.0,0.0,0.08064516129032258,1.0,0.04201680672268908,0.268421052631579,E2 앞쪽 부품 안 (pair_pos=0),공정 값 23,선형,
로지스틱 L2,1,0.5785265583927746,0.0634365103466227,0.25,0.25,0.25,0.05405405405405406,0.25,0.030303030303030304,0.3399122807017544,E2 앞쪽 부품 안 (pair_pos=0),공정 값 23,선형,
로지스틱 L2,2,0.03329787486517174,0.027140335371725274,0.0,0.0,0.0,0.06779661016949153,1.0,0.03508771929824561,0.256578947368421,E2 앞쪽 부품 안 (pair_pos=0),공정 값 23,선형,
로지스틱 L2,3,0.023515923277859167,0.06063156552779195,0.0,0.2,0.4,0.08130081300813008,1.0,0.0423728813559322,0.552212389380531,E2 앞쪽 부품 안 (pair_pos=0),공정 값 23,선형,
로지스틱 L2,4,0.4660790972991395,0.052156324068088775,0.0,0.2,0.2,0.046511627906976744,0.2,0.02631578947368421,0.4672566371681416,E2 앞쪽 부품 안 (pair_pos=0),공정 값 23,선형,
로지스틱 L2,5,0.038521991458588103,0.08511909855940665,0.2,0.4,0.6,0.08064516129032258,1.0,0.04201680672268908,0.6771929824561403,E2 앞쪽 부품 안 (pair_pos=0),공정 값 23,선형,
로지스틱 L2,6,0.3893983935956641,0.047697161305694284,0.0,0.2,0.2,0.07017543859649122,0.4,0.038461538461538464,0.45309734513274336,E2 앞쪽 부품 안 (pair_pos=0),공정 값 23,선형,
로지스틱 L2,7,0.0023320971427144084,0.03129731784209562,0.0,0.0,0.0,0.08196721311475409,1.0,0.042735042735042736,0.22300884955752212,E2 앞쪽 부품 안 (pair_pos=0),공정 값 23,선형,
로지스틱 L2,8,0.013231314020296548,0.05183477841297868,0.0,0.25,0.25,0.06557377049180328,1.0,0.03389830508474576,0.5964912280701755,E2 앞쪽 부품 안 (pair_pos=0),공정 값 23,선형,
로지스틱 L2,9,0.14675058731524948,0.025832222744225735,0.0,0.0,0.0,0.0425531914893617,0.5,0.022222222222222223,0.2149122807017544,E2 앞쪽 부품 안 (pair_pos=0),공정 값 23,선형,
로지스틱 L2,10,0.8463142150462055,0.030013320421559662,0.0,0.0,0.0,0.0,0.0,0.0,0.20175438596491224,E2 앞쪽 부품 안 (pair_pos=0),공정 값 23,선형,
로지스틱 L2,11,0.02186236109870964,0.05534511784511784,0.0,0.0,0.5,0.06611570247933884,1.0,0.03418803418803419,0.6425438596491229,E2 앞쪽 부품 안 (pair_pos=0),공정 값 23,선형,
로지스틱 L2,12,0.8995069757764428,0.02785163743534772,0.0,0.0,0.0,0.0,0.0,0.0,0.26973684210526316,E2 앞쪽 부품 안 (pair_pos=0),공정 값 23,선형,
로지스틱 L2,13,0.019105345286407817,0.04654716725399837,0.0,0.2,0.2,0.08130081300813008,1.0,0.0423728813559322,0.46548672566371685,E2 앞쪽 부품 안 (pair_pos=0),공정 값 23,선형,
로지스틱 L2,14,0.5315765217198378,0.04507222080586695,0.0,0.2,0.4,0.08888888888888889,0.4,0.05,0.4,E2 앞쪽 부품 안 (pair_pos=0),공정 값 23,선형,
로지스틱 L2,15,0.0815849880156641,0.04389034945993339,0.0,0.0,0.2,0.08196721311475409,1.0,0.042735042735042736,0.45087719298245615,E2 앞쪽 부품 안 (pair_pos=0),공정 값 23,선형,
로지스틱 L2,16,0.16047622981343077,0.03804860839389605,0.0,0.0,0.25,0.06060606060606061,0.75,0.031578947368421054,0.42543859649122806,E2 앞쪽 부품 안 (pair_pos=0),공정 값 23,선형,
로지스틱 L2,17,0.08862434179293582,0.06991462692424094,0.2,0.2,0.2,0.08403361344537816,1.0,0.043859649122807015,0.4814159292035398,E2 앞쪽 부품 안 (pair_pos=0),공정 값 23,선형,
로지스틱 L2,18,0.018277660485364156,0.05316186849046743,0.0,0.2,0.4,0.08130081300813008,1.0,0.0423728813559322,0.4796460176991151,E2 앞쪽 부품 안 (pair_pos=0),공정 값 23,선형,
로지스틱 L2,19,0.003752273221868555,0.04888550831533288,0.0,0.25,0.25,0.06611570247933884,1.0,0.03418803418803419,0.5548245614035088,E2 앞쪽 부품 안 (pair_pos=0),공정 값 23,선형,
로지스틱 L2,20,0.39941007639502224,0.03487557491506592,0.0,0.0,0.0,0.03125,0.2,0.01694915254237288,0.3157894736842105,E2 앞쪽 부품 안 (pair_pos=0),공정 값 23,선형,
로지스틱 L2,21,8.60192110080899e-05,0.03742474273682443,0.0,0.0,0.2,0.08130081300813008,1.0,0.0423728813559322,0.3398230088495575,E2 앞쪽 부품 안 (pair_pos=0),공정 값 23,선형,
로지스틱 L2,22,0.009527645090349084,0.07378440204284295,0.0,0.5,0.5,0.06611570247933884,1.0,0.03418803418803419,0.631578947368421,E2 앞쪽 부품 안 (pair_pos=0),공정 값 23,선형,
로지스틱 L2,23,0.08273622620745864,0.03628947734430106,0.0,0.25,0.25,0.07142857142857142,1.0,0.037037037037037035,0.36403508771929827,E2 앞쪽 부품 안 (pair_pos=0),공정 값 23,선형,
로지스틱 L2,24,0.15469351564085088,0.029878591581595986,0.0,0.0,0.0,0.056074766355140186,0.6,0.029411764705882353,0.18584070796460178,E2 앞쪽 부품 안 (pair_pos=0),공정 값 23,선형,
로지스틱 L2,25,0.41217598427942687,0.08727718910107127,0.2,0.4,0.4,0.0625,0.4,0.03389830508474576,0.4982456140350877,E2 앞쪽 부품 안 (pair_pos=0),공정 값 23,선형,
로지스틱 L2,26,0.005385818293837952,0.04120780127851893,0.0,0.0,0.25,0.06611570247933884,1.0,0.03418803418803419,0.513157894736842,E2 앞쪽 부품 안 (pair_pos=0),공정 값 23,선형,
로지스틱 L2,27,0.001149148912748511,0.04896649464383455,0.0,0.2,0.4,0.08130081300813008,1.0,0.0423728813559322,0.431858407079646,E2 앞쪽 부품 안 (pair_pos=0),공정 값 23,선형,
로지스틱 L2,28,0.8777916146020713,0.045948634050043624,0.0,0.0,0.2,0.0,0.0,0.0,0.4796460176991151,E2 앞쪽 부품 안 (pair_pos=0),공정 값 23,선형,
로지스틱 L2,29,0.00022943710347693392,0.03485130576615674,0.0,0.0,0.0,0.06557377049180328,1.0,0.03389830508474576,0.41885964912280704,E2 앞쪽 부품 안 (pair_pos=0),공정 값 23,선형,
로지스틱 L2,30,0.7783228542225182,0.05027892241063105,0.2,0.2,0.2,0.0,0.0,0.0,0.3719298245614035,E2 앞쪽 부품 안 (pair_pos=0),공정 값 23,선형,
로지스틱 L2,31,0.02265581808328254,0.05432279689379771,0.0,0.2,0.4,0.08196721311475409,1.0,0.042735042735042736,0.4690265486725664,E2 앞쪽 부품 안 (pair_pos=0),공정 값 23,선형,
로지스틱 L2,32,0.9733948479469905,0.03452973106505715,0.0,0.0,0.0,0.0,0.0,0.0,0.3881578947368421,E2 앞쪽 부품 안 (pair_pos=0),공정 값 23,선형,
로지스틱 L2,33,0.03169769972529557,0.04580253393612671,0.0,0.25,0.25,0.06666666666666667,1.0,0.034482758620689655,0.5416666666666666,E2 앞쪽 부품 안 (pair_pos=0),공정 값 23,선형,
로지스틱 L2,34,0.014341770702309551,0.04874590158816464,0.2,0.2,0.2,0.08130081300813008,1.0,0.0423728813559322,0.39823008849557523,E2 앞쪽 부품 안 (pair_pos=0),공정 값 23,선형,
로지스틱 L2,35,0.008021552906952717,0.08219783856418257,0.0,0.4,0.6,0.08130081300813008,1.0,0.0423728813559322,0.6754385964912281,E2 앞쪽 부품 안 (pair_pos=0),공정 값 23,선형,
로지스틱 L2,36,0.05201576925997522,0.03979202053443234,0.0,0.2,0.2,0.05454545454545454,0.6,0.02857142857142857,0.3398230088495575,E2 앞쪽 부품 안 (pair_pos=0),공정 값 23,선형,
로지스틱 L2,37,0.01084542315328535,0.026906107642491787,0.0,0.0,0.0,0.06611570247933884,1.0,0.03418803418803419,0.24342105263157895,E2 앞쪽 부품 안 (pair_pos=0),공정 값 23,선형,
로지스틱 L2,38,0.006902790898624081,0.036440843125738996,0.0,0.0,0.0,0.08130081300813008,1.0,0.0423728813559322,0.32035398230088497,E2 앞쪽 부품 안 (pair_pos=0),공정 값 23,선형,
로지스틱 L2,39,0.03022152175246821,0.0346161564040821,0.0,0.0,0.0,0.06557377049180328,1.0,0.03389830508474576,0.412280701754386,E2 앞쪽 부품 안 (pair_pos=0),공정 값 23,선형,
로지스틱 L2,40,0.007681424439368296,0.03503345311707512,0.0,0.0,0.2,0.08130081300813008,1.0,0.0423728813559322,0.30877192982456136,E2 앞쪽 부품 안 (pair_pos=0),공정 값 23,선형,
로지스틱 L2,41,0.00573480481483516,0.03864609388906064,0.0,0.25,0.25,0.06611570247933884,1.0,0.03418803418803419,0.412280701754386,E2 앞쪽 부품 안 (pair_pos=0),공정 값 23,선형,
로지스틱 L2,42,0.021688939278949458,0.038945697939146415,0.0,0.0,0.2,0.08264462809917356,1.0,0.04310344827586207,0.368141592920354,E2 앞쪽 부품 안 (pair_pos=0),공정 값 23,선형,
로지스틱 L2,43,0.658894480772828,0.04809708760724879,0.0,0.2,0.2,0.0,0.0,0.0,0.4814159292035398,E2 앞쪽 부품 안 (pair_pos=0),공정 값 23,선형,
로지스틱 L2,44,0.02642947787964137,0.028869920402178464,0.0,0.0,0.0,0.06557377049180328,1.0,0.03389830508474576,0.29824561403508776,E2 앞쪽 부품 안 (pair_pos=0),공정 값 23,선형,
로지스틱 L2,45,0.022548985933460414,0.04751791095791302,0.0,0.2,0.2,0.08064516129032258,1.0,0.04201680672268908,0.4771929824561404,E2 앞쪽 부품 안 (pair_pos=0),공정 값 23,선형,
로지스틱 L2,46,0.11108718170083959,0.03650186844649364,0.0,0.25,0.25,0.0380952380952381,0.5,0.019801980198019802,0.3157894736842105,E2 앞쪽 부품 안 (pair_pos=0),공정 값 23,선형,
로지스틱 L2,47,0.5818738973637526,0.02806243905439542,0.0,0.0,0.0,0.0,0.0,0.0,0.27850877192982454,E2 앞쪽 부품 안 (pair_pos=0),공정 값 23,선형,
로지스틱 L2,48,3.720306269445051e-05,0.036569076452842436,0.0,0.0,0.0,0.08130081300813008,1.0,0.0423728813559322,0.3380530973451328,E2 앞쪽 부품 안 (pair_pos=0),공정 값 23,선형,
로지스틱 L2,49,0.13085384889779753,0.04711713407365581,0.0,0.2,0.2,0.07272727272727272,0.8,0.0380952380952381,0.45840707964601773,E2 앞쪽 부품 안 (pair_pos=0),공정 값 23,선형,
로지스틱 L1,0,0.22157703934865208,0.03224413967364278,0.0,0.0,0.0,0.039603960396039604,0.4,0.020833333333333332,0.2543859649122807,E2 앞쪽 부품 안 (pair_pos=0),공정 값 23,선형,
로지스틱 L1,1,0.5790793906736812,0.08459684013081954,0.25,0.25,0.25,0.05128205128205128,0.25,0.02857142857142857,0.35307017543859653,E2 앞쪽 부품 안 (pair_pos=0),공정 값 23,선형,
로지스틱 L1,2,0.05644705463583265,0.026556595124437483,0.0,0.0,0.0,0.06837606837606838,1.0,0.035398230088495575,0.23464912280701755,E2 앞쪽 부품 안 (pair_pos=0),공정 값 23,선형,
로지스틱 L1,3,0.04419177728372074,0.05691796598157335,0.0,0.2,0.4,0.08130081300813008,1.0,0.0423728813559322,0.5327433628318584,E2 앞쪽 부품 안 (pair_pos=0),공정 값 23,선형,
로지스틱 L1,4,0.5888564079294336,0.05573372186872384,0.2,0.2,0.2,0.07692307692307693,0.2,0.047619047619047616,0.4938053097345133,E2 앞쪽 부품 안 (pair_pos=0),공정 값 23,선형,
로지스틱 L1,5,0.08360765734711988,0.08160901931168411,0.2,0.2,0.6,0.08130081300813008,1.0,0.0423728813559322,0.6578947368421053,E2 앞쪽 부품 안 (pair_pos=0),공정 값 23,선형,
로지스틱 L1,6,0.3688240294751079,0.0507503429700226,0.0,0.2,0.4,0.06060606060606061,0.4,0.03278688524590164,0.4725663716814159,E2 앞쪽 부품 안 (pair_pos=0),공정 값 23,선형,
로지스틱 L1,7,0.010202964296760361,0.031127460327875126,0.0,0.0,0.0,0.08196721311475409,1.0,0.042735042735042736,0.22123893805309736,E2 앞쪽 부품 안 (pair_pos=0),공정 값 23,선형,
로지스틱 L1,8,0.6641307296959373,0.0677372953351869,0.0,0.5,0.5,0.11764705882352941,0.25,0.07692307692307693,0.6535087719298245,E2 앞쪽 부품 안 (pair_pos=0),공정 값 23,선형,
로지스틱 L1,9,0.1581944958764577,0.025928744678744675,0.0,0.0,0.0,0.039603960396039604,0.5,0.020618556701030927,0.21491228070175442,E2 앞쪽 부품 안 (pair_pos=0),공정 값 23,선형,
로지스틱 L1,10,0.2667187316445553,0.030147504303156183,0.0,0.0,0.0,0.022222222222222223,0.2,0.011764705882352941,0.20526315789473684,E2 앞쪽 부품 안 (pair_pos=0),공정 값 23,선형,
로지스틱 L1,11,0.04627841727168919,0.05481786133960047,0.0,0.25,0.25,0.06611570247933884,1.0,0.03418803418803419,0.6271929824561403,E2 앞쪽 부품 안 (pair_pos=0),공정 값 23,선형,
로지스틱 L1,12,0.09332381516870651,0.02755343698660899,0.0,0.0,0.0,0.05263157894736842,0.75,0.02727272727272727,0.25877192982456143,E2 앞쪽 부품 안 (pair_pos=0),공정 값 23,선형,
로지스틱 L1,13,0.039946027106715735,0.04574819732990648,0.0,0.2,0.2,0.08130081300813008,1.0,0.0423728813559322,0.4566371681415929,E2 앞쪽 부품 안 (pair_pos=0),공정 값 23,선형,
로지스틱 L1,14,0.6042525800643003,0.04625342024730859,0.0,0.2,0.4,0.06060606060606061,0.2,0.03571428571428571,0.42300884955752216,E2 앞쪽 부품 안 (pair_pos=0),공정 값 23,선형,
로지스틱 L1,15,0.15330938266348007,0.04653767942583732,0.0,0.0,0.2,0.0847457627118644,1.0,0.04424778761061947,0.48596491228070177,E2 앞쪽 부품 안 (pair_pos=0),공정 값 23,선형,
로지스틱 L1,16,0.19708849122348404,0.03677080983532596,0.0,0.0,0.25,0.058823529411764705,0.75,0.030612244897959183,0.40789473684210525,E2 앞쪽 부품 안 (pair_pos=0),공정 값 23,선형,
로지스틱 L1,17,0.08863967740861499,0.06276689646285677,0.2,0.2,0.2,0.08130081300813008,1.0,0.0423728813559322,0.5451327433628319,E2 앞쪽 부품 안 (pair_pos=0),공정 값 23,선형,
로지스틱 L1,18,0.047545596295413876,0.04817128164954253,0.0,0.2,0.2,0.08333333333333333,1.0,0.043478260869565216,0.4513274336283186,E2 앞쪽 부품 안 (pair_pos=0),공정 값 23,선형,
로지스틱 L1,19,0.07275420571518706,0.04651504705501179,0.0,0.25,0.25,0.06666666666666667,1.0,0.034482758620689655,0.5307017543859649,E2 앞쪽 부품 안 (pair_pos=0),공정 값 23,선형,
로지스틱 L1,20,0.4821491592246465,0.03461750963991816,0.0,0.0,0.0,0.0,0.0,0.0,0.3087719298245614,E2 앞쪽 부품 안 (pair_pos=0),공정 값 23,선형,
로지스틱 L1,21,0.02226705775260173,0.03862887459119241,0.0,0.0,0.2,0.08130081300813008,1.0,0.0423728813559322,0.3486725663716814,E2 앞쪽 부품 안 (pair_pos=0),공정 값 23,선형,
로지스틱 L1,22,0.01871144098169167,0.07814183365653952,0.0,0.5,0.5,0.06611570247933884,1.0,0.03418803418803419,0.6162280701754386,E2 앞쪽 부품 안 (pair_pos=0),공정 값 23,선형,
로지스틱 L1,23,0.18338288756153703,0.03591155551426374,0.0,0.25,0.25,0.058823529411764705,0.75,0.030612244897959183,0.381578947368421,E2 앞쪽 부품 안 (pair_pos=0),공정 값 23,선형,
로지스틱 L1,24,0.21150097878640337,0.03140071947834411,0.0,0.0,0.0,0.05454545454545454,0.6,0.02857142857142857,0.22831858407079647,E2 앞쪽 부품 안 (pair_pos=0),공정 값 23,선형,
로지스틱 L1,25,0.41092638692581535,0.07775750690361476,0.2,0.4,0.4,0.0625,0.4,0.03389830508474576,0.5052631578947369,E2 앞쪽 부품 안 (pair_pos=0),공정 값 23,선형,
로지스틱 L1,26,0.01782226839744263,0.040270918766579324,0.0,0.0,0.25,0.06557377049180328,1.0,0.03389830508474576,0.5021929824561404,E2 앞쪽 부품 안 (pair_pos=0),공정 값 23,선형,
로지스틱 L1,27,0.004335965255157361,0.05055125893274561,0.0,0.2,0.4,0.08130081300813008,1.0,0.0423728813559322,0.4230088495575221,E2 앞쪽 부품 안 (pair_pos=0),공정 값 23,선형,
로지스틱 L1,28,0.7206048951211242,0.048512618832984966,0.0,0.2,0.2,0.0,0.0,0.0,0.4920353982300885,E2 앞쪽 부품 안 (pair_pos=0),공정 값 23,선형,
로지스틱 L1,29,0.0012793933822566063,0.03396164021164021,0.0,0.0,0.25,0.06557377049180328,1.0,0.03389830508474576,0.4035087719298246,E2 앞쪽 부품 안 (pair_pos=0),공정 값 23,선형,
로지스틱 L1,30,0.8126783903000633,0.04672218909057958,0.2,0.2,0.2,0.0,0.0,0.0,0.3649122807017544,E2 앞쪽 부품 안 (pair_pos=0),공정 값 23,선형,
로지스틱 L1,31,0.05539436053727532,0.055428727046374096,0.0,0.2,0.4,0.08196721311475409,1.0,0.042735042735042736,0.4814159292035398,E2 앞쪽 부품 안 (pair_pos=0),공정 값 23,선형,
로지스틱 L1,32,0.9422560788065645,0.03518238123995321,0.0,0.0,0.25,0.0,0.0,0.0,0.39473684210526316,E2 앞쪽 부품 안 (pair_pos=0),공정 값 23,선형,
로지스틱 L1,33,0.06747574908676182,0.04193709509623114,0.0,0.0,0.25,0.06666666666666667,1.0,0.034482758620689655,0.5087719298245614,E2 앞쪽 부품 안 (pair_pos=0),공정 값 23,선형,
로지스틱 L1,34,0.05434749553308887,0.04325217266393737,0.0,0.2,0.2,0.08130081300813008,1.0,0.0423728813559322,0.3911504424778761,E2 앞쪽 부품 안 (pair_pos=0),공정 값 23,선형,
로지스틱 L1,35,0.017725800021615577,0.09631198633299473,0.2,0.4,0.4,0.08064516129032258,1.0,0.04201680672268908,0.6894736842105263,E2 앞쪽 부품 안 (pair_pos=0),공정 값 23,선형,
로지스틱 L1,36,0.8805474255667662,0.03992703251154959,0.0,0.2,0.2,0.0,0.0,0.0,0.33274336283185846,E2 앞쪽 부품 안 (pair_pos=0),공정 값 23,선형,
로지스틱 L1,37,0.001401826550052486,0.02904499877720714,0.0,0.0,0.0,0.06557377049180328,1.0,0.03389830508474576,0.3026315789473684,E2 앞쪽 부품 안 (pair_pos=0),공정 값 23,선형,
로지스틱 L1,38,0.01691611373396404,0.0352207618842839,0.0,0.0,0.0,0.08130081300813008,1.0,0.0423728813559322,0.30619469026548674,E2 앞쪽 부품 안 (pair_pos=0),공정 값 23,선형,
로지스틱 L1,39,0.44578946471255165,0.03834029918425791,0.0,0.0,0.0,0.09523809523809523,0.75,0.05084745762711865,0.4605263157894737,E2 앞쪽 부품 안 (pair_pos=0),공정 값 23,선형,
로지스틱 L1,40,0.021337367287418713,0.03663003808344721,0.0,0.0,0.2,0.08130081300813008,1.0,0.0423728813559322,0.34385964912280703,E2 앞쪽 부품 안 (pair_pos=0),공정 값 23,선형,
로지스틱 L1,41,0.013821078014389108,0.036574715034827086,0.0,0.25,0.25,0.06557377049180328,1.0,0.03389830508474576,0.38596491228070173,E2 앞쪽 부품 안 (pair_pos=0),공정 값 23,선형,
로지스틱 L1,42,0.04418013634505663,0.04041813672658627,0.0,0.2,0.2,0.08264462809917356,1.0,0.04310344827586207,0.3699115044247788,E2 앞쪽 부품 안 (pair_pos=0),공정 값 23,선형,
로지스틱 L1,43,0.6239675717485001,0.0458932210095262,0.0,0.0,0.4,0.0,0.0,0.0,0.4601769911504425,E2 앞쪽 부품 안 (pair_pos=0),공정 값 23,선형,
로지스틱 L1,44,0.056045486892986635,0.026999875844870822,0.0,0.0,0.0,0.06557377049180328,1.0,0.03389830508474576,0.25,E2 앞쪽 부품 안 (pair_pos=0),공정 값 23,선형,
로지스틱 L1,45,0.11392333970497841,0.04871621446366636,0.0,0.0,0.2,0.08333333333333333,1.0,0.043478260869565216,0.4824561403508772,E2 앞쪽 부품 안 (pair_pos=0),공정 값 23,선형,
로지스틱 L1,46,0.4988980971996523,0.044087212309197286,0.25,0.25,0.25,0.058823529411764705,0.25,0.03333333333333333,0.31578947368421056,E2 앞쪽 부품 안 (pair_pos=0),공정 값 23,선형,
로지스틱 L1,47,0.6035568670995721,0.027257907322562495,0.0,0.0,0.0,0.0,0.0,0.0,0.2565789473684211,E2 앞쪽 부품 안 (pair_pos=0),공정 값 23,선형,
로지스틱 L1,48,0.0007360845585725634,0.037942459640884246,0.0,0.0,0.0,0.08130081300813008,1.0,0.0423728813559322,0.3663716814159292,E2 앞쪽 부품 안 (pair_pos=0),공정 값 23,선형,
로지스틱 L1,49,0.14542854737866248,0.04540875827179105,0.0,0.0,0.2,0.08928571428571429,1.0,0.04672897196261682,0.4495575221238938,E2 앞쪽 부품 안 (pair_pos=0),공정 값 23,선형,
로지스틱 ElasticNet,0,0.19010889411036502,0.03302373882861647,0.0,0.0,0.0,0.0392156862745098,0.4,0.020618556701030927,0.2666666666666667,E2 앞쪽 부품 안 (pair_pos=0),공정 값 23,선형,
로지스틱 ElasticNet,1,0.5588342070164876,0.06386941077952313,0.25,0.25,0.25,0.05128205128205128,0.25,0.02857142857142857,0.3530701754385965,E2 앞쪽 부품 안 (pair_pos=0),공정 값 23,선형,
로지스틱 ElasticNet,2,0.07979195404698228,0.026828964807165526,0.0,0.0,0.0,0.05555555555555555,0.75,0.028846153846153848,0.24561403508771928,E2 앞쪽 부품 안 (pair_pos=0),공정 값 23,선형,
로지스틱 ElasticNet,3,0.04090190995330696,0.057685821560392,0.0,0.2,0.4,0.08130081300813008,1.0,0.0423728813559322,0.5309734513274337,E2 앞쪽 부품 안 (pair_pos=0),공정 값 23,선형,
로지스틱 ElasticNet,4,0.4374576295305663,0.05486354353610991,0.2,0.2,0.2,0.08,0.4,0.044444444444444446,0.4831858407079646,E2 앞쪽 부품 안 (pair_pos=0),공정 값 23,선형,
로지스틱 ElasticNet,5,0.056445085421388215,0.0824957264957265,0.2,0.2,0.6,0.08064516129032258,1.0,0.04201680672268908,0.6631578947368422,E2 앞쪽 부품 안 (pair_pos=0),공정 값 23,선형,
로지스틱 ElasticNet,6,0.36106496230633894,0.04865504531968769,0.0,0.2,0.4,0.05970149253731343,0.4,0.03225806451612903,0.46194690265486726,E2 앞쪽 부품 안 (pair_pos=0),공정 값 23,선형,
로지스틱 ElasticNet,7,0.006140459497539018,0.031016967571728483,0.0,0.0,0.0,0.08196721311475409,1.0,0.042735042735042736,0.2176991150442478,E2 앞쪽 부품 안 (pair_pos=0),공정 값 23,선형,
로지스틱 ElasticNet,8,0.6883145488998608,0.06121262458471761,0.0,0.25,0.5,0.0,0.0,0.0,0.631578947368421,E2 앞쪽 부품 안 (pair_pos=0),공정 값 23,선형,
로지스틱 ElasticNet,9,0.1840718416362251,0.02597502383461287,0.0,0.0,0.0,0.04395604395604396,0.5,0.022988505747126436,0.21710526315789477,E2 앞쪽 부품 안 (pair_pos=0),공정 값 23,선형,
로지스틱 ElasticNet,10,0.22185043866429036,0.029964109351457775,0.0,0.0,0.0,0.022222222222222223,0.2,0.011764705882352941,0.19999999999999998,E2 앞쪽 부품 안 (pair_pos=0),공정 값 23,선형,
로지스틱 ElasticNet,11,0.035434034535466036,0.0547234855745494,0.0,0.25,0.25,0.06611570247933884,1.0,0.03418803418803419,0.631578947368421,E2 앞쪽 부품 안 (pair_pos=0),공정 값 23,선형,
로지스틱 ElasticNet,12,0.8582142695301618,0.027645777645777643,0.0,0.0,0.0,0.0,0.0,0.0,0.25877192982456143,E2 앞쪽 부품 안 (pair_pos=0),공정 값 23,선형,
로지스틱 ElasticNet,13,0.031213195222626226,0.04507948045954277,0.0,0.0,0.2,0.08130081300813008,1.0,0.0423728813559322,0.45309734513274336,E2 앞쪽 부품 안 (pair_pos=0),공정 값 23,선형,
로지스틱 ElasticNet,14,0.5852244350439291,0.04581451204325819,0.0,0.0,0.4,0.11428571428571428,0.4,0.06666666666666667,0.4247787610619469,E2 앞쪽 부품 안 (pair_pos=0),공정 값 23,선형,
로지스틱 ElasticNet,15,0.09826791488856254,0.044318335894422856,0.0,0.0,0.2,0.08196721311475409,1.0,0.042735042735042736,0.4666666666666667,E2 앞쪽 부품 안 (pair_pos=0),공정 값 23,선형,
로지스틱 ElasticNet,16,0.18028411188045693,0.03700544236120649,0.0,0.0,0.25,0.058823529411764705,0.75,0.030612244897959183,0.418859649122807,E2 앞쪽 부품 안 (pair_pos=0),공정 값 23,선형,
로지스틱 ElasticNet,17,0.07048838586799304,0.06084603369716911,0.2,0.2,0.2,0.08130081300813008,1.0,0.0423728813559322,0.5274336283185841,E2 앞쪽 부품 안 (pair_pos=0),공정 값 23,선형,
로지스틱 ElasticNet,18,0.033647107088889065,0.049585816737946556,0.0,0.2,0.2,0.08196721311475409,1.0,0.042735042735042736,0.45663716814159294,E2 앞쪽 부품 안 (pair_pos=0),공정 값 23,선형,
로지스틱 ElasticNet,19,0.05380772862658315,0.0482032528630686,0.0,0.25,0.25,0.06611570247933884,1.0,0.03418803418803419,0.5328947368421053,E2 앞쪽 부품 안 (pair_pos=0),공정 값 23,선형,
로지스틱 ElasticNet,20,0.5349594187874068,0.035382213349334446,0.0,0.0,0.0,0.0,0.0,0.0,0.32456140350877194,E2 앞쪽 부품 안 (pair_pos=0),공정 값 23,선형,
로지스틱 ElasticNet,21,0.03625389313580641,0.03816711416570023,0.0,0.0,0.2,0.08196721311475409,1.0,0.042735042735042736,0.3433628318584071,E2 앞쪽 부품 안 (pair_pos=0),공정 값 23,선형,
로지스틱 ElasticNet,22,0.015124421264952616,0.07599736864442747,0.0,0.5,0.5,0.06611570247933884,1.0,0.03418803418803419,0.6293859649122806,E2 앞쪽 부품 안 (pair_pos=0),공정 값 23,선형,
로지스틱 ElasticNet,23,0.15759675617248586,0.036171170541515946,0.0,0.25,0.25,0.05714285714285714,0.75,0.0297029702970297,0.3771929824561403,E2 앞쪽 부품 안 (pair_pos=0),공정 값 23,선형,
로지스틱 ElasticNet,24,0.1945038520064115,0.030892550277627006,0.0,0.0,0.0,0.056074766355140186,0.6,0.029411764705882353,0.21415929203539824,E2 앞쪽 부품 안 (pair_pos=0),공정 값 23,선형,
로지스틱 ElasticNet,25,0.3911044036719446,0.08701499658756667,0.2,0.4,0.4,0.08695652173913043,0.6,0.046875,0.5105263157894737,E2 앞쪽 부품 안 (pair_pos=0),공정 값 23,선형,
로지스틱 ElasticNet,26,0.011154562358247877,0.04105598607367475,0.0,0.0,0.25,0.06611570247933884,1.0,0.03418803418803419,0.5131578947368421,E2 앞쪽 부품 안 (pair_pos=0),공정 값 23,선형,
로지스틱 ElasticNet,27,0.00326049753076111,0.050510261512794224,0.0,0.2,0.4,0.08130081300813008,1.0,0.0423728813559322,0.4265486725663717,E2 앞쪽 부품 안 (pair_pos=0),공정 값 23,선형,
로지스틱 ElasticNet,28,0.7711191179839385,0.04695607553366174,0.0,0.0,0.2,0.0,0.0,0.0,0.48672566371681414,E2 앞쪽 부품 안 (pair_pos=0),공정 값 23,선형,
로지스틱 ElasticNet,29,0.0008803781829090504,0.033770349414333926,0.0,0.0,0.0,0.06557377049180328,1.0,0.03389830508474576,0.40350877192982454,E2 앞쪽 부품 안 (pair_pos=0),공정 값 23,선형,
로지스틱 ElasticNet,30,0.7868763164293918,0.04445684403071763,0.0,0.2,0.2,0.0,0.0,0.0,0.3649122807017544,E2 앞쪽 부품 안 (pair_pos=0),공정 값 23,선형,
로지스틱 ElasticNet,31,0.04124168162356571,0.057051651753553145,0.0,0.2,0.4,0.08196721311475409,1.0,0.042735042735042736,0.4796460176991151,E2 앞쪽 부품 안 (pair_pos=0),공정 값 23,선형,
로지스틱 ElasticNet,32,0.956466181877367,0.03489653963058219,0.0,0.0,0.25,0.0,0.0,0.0,0.39473684210526316,E2 앞쪽 부품 안 (pair_pos=0),공정 값 23,선형,
로지스틱 ElasticNet,33,0.058260047286335576,0.041975868790750825,0.0,0.0,0.25,0.06666666666666667,1.0,0.034482758620689655,0.5087719298245614,E2 앞쪽 부품 안 (pair_pos=0),공정 값 23,선형,
로지스틱 ElasticNet,34,0.03151028895318168,0.04669536855838226,0.0,0.2,0.2,0.08130081300813008,1.0,0.0423728813559322,0.40353982300884955,E2 앞쪽 부품 안 (pair_pos=0),공정 값 23,선형,
로지스틱 ElasticNet,35,0.015816430007661003,0.08885592248595345,0.2,0.4,0.4,0.08130081300813008,1.0,0.0423728813559322,0.6789473684210526,E2 앞쪽 부품 안 (pair_pos=0),공정 값 23,선형,
로지스틱 ElasticNet,36,0.8885071603443429,0.039664459344924255,0.0,0.2,0.2,0.0,0.0,0.0,0.336283185840708,E2 앞쪽 부품 안 (pair_pos=0),공정 값 23,선형,
로지스틱 ElasticNet,37,0.017648626570290624,0.02788668900187609,0.0,0.0,0.0,0.06557377049180328,1.0,0.03389830508474576,0.27631578947368424,E2 앞쪽 부품 안 (pair_pos=0),공정 값 23,선형,
로지스틱 ElasticNet,38,0.015321577247468306,0.03497400550966754,0.0,0.0,0.0,0.08130081300813008,1.0,0.0423728813559322,0.2938053097345133,E2 앞쪽 부품 안 (pair_pos=0),공정 값 23,선형,
로지스틱 ElasticNet,39,0.039680460647923375,0.03715867465867466,0.0,0.0,0.0,0.06557377049180328,1.0,0.03389830508474576,0.44956140350877194,E2 앞쪽 부품 안 (pair_pos=0),공정 값 23,선형,
로지스틱 ElasticNet,40,0.01489387308161409,0.036186946868061426,0.0,0.0,0.2,0.08130081300813008,1.0,0.0423728813559322,0.3385964912280702,E2 앞쪽 부품 안 (pair_pos=0),공정 값 23,선형,
로지스틱 ElasticNet,41,0.009845999533038068,0.03784349708262752,0.0,0.25,0.25,0.06611570247933884,1.0,0.03418803418803419,0.40131578947368424,E2 앞쪽 부품 안 (pair_pos=0),공정 값 23,선형,
로지스틱 ElasticNet,42,0.03347948680725345,0.04042529724483268,0.0,0.2,0.2,0.08264462809917356,1.0,0.04310344827586207,0.37522123893805315,E2 앞쪽 부품 안 (pair_pos=0),공정 값 23,선형,
로지스틱 ElasticNet,43,0.5706398200383827,0.045425080398557666,0.0,0.0,0.2,0.0,0.0,0.0,0.45840707964601773,E2 앞쪽 부품 안 (pair_pos=0),공정 값 23,선형,
로지스틱 ElasticNet,44,0.028945394451902872,0.02725801208851605,0.0,0.0,0.0,0.06557377049180328,1.0,0.03389830508474576,0.26096491228070173,E2 앞쪽 부품 안 (pair_pos=0),공정 값 23,선형,
로지스틱 ElasticNet,45,0.07796995446157157,0.0479713936856794,0.0,0.2,0.2,0.08130081300813008,1.0,0.0423728813559322,0.4789473684210526,E2 앞쪽 부품 안 (pair_pos=0),공정 값 23,선형,
로지스틱 ElasticNet,46,0.5133686525915964,0.039285481891871796,0.0,0.25,0.25,0.05714285714285714,0.25,0.03225806451612903,0.3114035087719298,E2 앞쪽 부품 안 (pair_pos=0),공정 값 23,선형,
로지스틱 ElasticNet,47,0.6085796328556964,0.027539660542709322,0.0,0.0,0.0,0.0,0.0,0.0,0.26535087719298245,E2 앞쪽 부품 안 (pair_pos=0),공정 값 23,선형,
로지스틱 ElasticNet,48,0.0002763419599857739,0.038407226506520994,0.0,0.0,0.0,0.08130081300813008,1.0,0.0423728813559322,0.37168141592920356,E2 앞쪽 부품 안 (pair_pos=0),공정 값 23,선형,
로지스틱 ElasticNet,49,0.12382407722056515,0.04563363756912144,0.0,0.0,0.2,0.08849557522123894,1.0,0.046296296296296294,0.4513274336283186,E2 앞쪽 부품 안 (pair_pos=0),공정 값 23,선형,
LDA (shrinkage),0,0.03143346178258631,0.030113054046151635,0.0,0.0,0.0,0.0,0.0,0.0,0.19649122807017544,E2 앞쪽 부품 안 (pair_pos=0),공정 값 23,선형,
LDA (shrinkage),1,0.010805023402346318,0.05411443979224083,0.25,0.25,0.25,0.06779661016949153,1.0,0.03508771929824561,0.36622807017543857,E2 앞쪽 부품 안 (pair_pos=0),공정 값 23,선형,
LDA (shrinkage),2,0.010073471375682458,0.02585969579948938,0.0,0.0,0.0,0.056074766355140186,0.75,0.02912621359223301,0.2105263157894737,E2 앞쪽 부품 안 (pair_pos=0),공정 값 23,선형,
LDA (shrinkage),3,0.0008886665127502761,0.05684711104289121,0.2,0.2,0.2,0.08130081300813008,1.0,0.0423728813559322,0.44424778761061945,E2 앞쪽 부품 안 (pair_pos=0),공정 값 23,선형,
LDA (shrinkage),4,0.02422546215590125,0.069036856909765,0.2,0.2,0.2,0.07894736842105263,0.6,0.04225352112676056,0.45309734513274336,E2 앞쪽 부품 안 (pair_pos=0),공정 값 23,선형,
LDA (shrinkage),5,0.004690261121084943,0.08075208725748118,0.2,0.4,0.4,0.08064516129032258,1.0,0.04201680672268908,0.643859649122807,E2 앞쪽 부품 안 (pair_pos=0),공정 값 23,선형,
LDA (shrinkage),6,0.031158971026401503,0.04685877691495669,0.0,0.2,0.4,0.06896551724137931,0.4,0.03773584905660377,0.44070796460177,E2 앞쪽 부품 안 (pair_pos=0),공정 값 23,선형,
LDA (shrinkage),7,0.0017340755275596896,0.02945062919451387,0.0,0.0,0.0,0.08130081300813008,1.0,0.0423728813559322,0.16637168141592923,E2 앞쪽 부품 안 (pair_pos=0),공정 값 23,선형,
LDA (shrinkage),8,0.0036194760723876995,0.05605091425986948,0.0,0.25,0.5,0.06557377049180328,1.0,0.03389830508474576,0.6228070175438597,E2 앞쪽 부품 안 (pair_pos=0),공정 값 23,선형,
LDA (shrinkage),9,0.007544675449207986,0.02606390303755779,0.0,0.0,0.0,0.05454545454545454,0.75,0.02830188679245283,0.22587719298245612,E2 앞쪽 부품 안 (pair_pos=0),공정 값 23,선형,
LDA (shrinkage),10,0.06811284678488343,0.029025001329571906,0.0,0.0,0.0,0.0,0.0,0.0,0.17192982456140352,E2 앞쪽 부품 안 (pair_pos=0),공정 값 23,선형,
LDA (shrinkage),11,0.0016244511896364936,0.055273892773892774,0.0,0.25,0.25,0.06557377049180328,1.0,0.03389830508474576,0.5964912280701754,E2 앞쪽 부품 안 (pair_pos=0),공정 값 23,선형,
LDA (shrinkage),12,0.009375117682588453,0.028325017507002802,0.0,0.0,0.0,0.05454545454545454,0.75,0.02830188679245283,0.2850877192982456,E2 앞쪽 부품 안 (pair_pos=0),공정 값 23,선형,
LDA (shrinkage),13,0.002252105280085904,0.045301956307526016,0.0,0.2,0.2,0.08130081300813008,1.0,0.0423728813559322,0.4424778761061947,E2 앞쪽 부품 안 (pair_pos=0),공정 값 23,선형,
LDA (shrinkage),14,0.02911338758357284,0.03609154968601973,0.0,0.0,0.0,0.031746031746031744,0.2,0.017241379310344827,0.336283185840708,E2 앞쪽 부품 안 (pair_pos=0),공정 값 23,선형,
LDA (shrinkage),15,0.008645175912639375,0.046161796455338536,0.0,0.2,0.2,0.08403361344537816,1.0,0.043859649122807015,0.4649122807017544,E2 앞쪽 부품 안 (pair_pos=0),공정 값 23,선형,
LDA (shrinkage),16,0.00660807844949978,0.03877729389609233,0.0,0.25,0.25,0.06722689075630252,1.0,0.034782608695652174,0.40570175438596495,E2 앞쪽 부품 안 (pair_pos=0),공정 값 23,선형,
LDA (shrinkage),17,0.0010668356745205875,0.06293219841858524,0.0,0.2,0.4,0.08130081300813008,1.0,0.0423728813559322,0.5681415929203539,E2 앞쪽 부품 안 (pair_pos=0),공정 값 23,선형,
LDA (shrinkage),18,0.13692668566519076,0.04348879897691443,0.0,0.2,0.2,0.0,0.0,0.0,0.4035398230088496,E2 앞쪽 부품 안 (pair_pos=0),공정 값 23,선형,
LDA (shrinkage),19,0.0012059086339212964,0.05003623188405797,0.0,0.25,0.25,0.06557377049180328,1.0,0.03389830508474576,0.5350877192982457,E2 앞쪽 부품 안 (pair_pos=0),공정 값 23,선형,
LDA (shrinkage),20,0.027781929789443615,0.033604773635176194,0.0,0.0,0.0,0.02857142857142857,0.2,0.015384615384615385,0.2824561403508772,E2 앞쪽 부품 안 (pair_pos=0),공정 값 23,선형,
LDA (shrinkage),21,0.0004839038623194686,0.039276086331250626,0.0,0.0,0.2,0.08130081300813008,1.0,0.0423728813559322,0.36283185840707965,E2 앞쪽 부품 안 (pair_pos=0),공정 값 23,선형,
LDA (shrinkage),22,0.0012609555600658086,0.06489882938714975,0.25,0.25,0.5,0.06557377049180328,1.0,0.03389830508474576,0.5942982456140351,E2 앞쪽 부품 안 (pair_pos=0),공정 값 23,선형,
LDA (shrinkage),23,0.003164691057179567,0.03198195570592467,0.0,0.0,0.25,0.06611570247933884,1.0,0.03418803418803419,0.34649122807017546,E2 앞쪽 부품 안 (pair_pos=0),공정 값 23,선형,
LDA (shrinkage),24,0.008534327778773743,0.032901659198681835,0.0,0.0,0.0,0.08333333333333333,1.0,0.043478260869565216,0.26371681415929205,E2 앞쪽 부품 안 (pair_pos=0),공정 값 23,선형,
LDA (shrinkage),25,0.0037206797936353867,0.04299075297600682,0.0,0.0,0.4,0.08130081300813008,1.0,0.0423728813559322,0.4210526315789474,E2 앞쪽 부품 안 (pair_pos=0),공정 값 23,선형,
LDA (shrinkage),26,0.0015185532994716853,0.04084148117328895,0.0,0.0,0.0,0.06557377049180328,1.0,0.03389830508474576,0.5087719298245614,E2 앞쪽 부품 안 (pair_pos=0),공정 값 23,선형,
LDA (shrinkage),27,0.0012412404347733215,0.05345542415331003,0.0,0.2,0.4,0.08130081300813008,1.0,0.0423728813559322,0.4230088495575221,E2 앞쪽 부품 안 (pair_pos=0),공정 값 23,선형,
LDA (shrinkage),28,0.10638276859208544,0.049862948382112145,0.0,0.0,0.2,0.0,0.0,0.0,0.5132743362831859,E2 앞쪽 부품 안 (pair_pos=0),공정 값 23,선형,
LDA (shrinkage),29,0.00035317540993616114,0.03463707184056605,0.0,0.25,0.25,0.06557377049180328,1.0,0.03389830508474576,0.3201754385964912,E2 앞쪽 부품 안 (pair_pos=0),공정 값 23,선형,
LDA (shrinkage),30,0.0400211524032719,0.03362956881172922,0.0,0.0,0.0,0.0,0.0,0.0,0.2912280701754386,E2 앞쪽 부품 안 (pair_pos=0),공정 값 23,선형,
LDA (shrinkage),31,0.003825553040075099,0.059168556311413455,0.0,0.2,0.6,0.08196721311475409,1.0,0.042735042735042736,0.5203539823008849,E2 앞쪽 부품 안 (pair_pos=0),공정 값 23,선형,
LDA (shrinkage),32,0.0028392977808923154,0.03254831631841022,0.0,0.0,0.25,0.06557377049180328,1.0,0.03389830508474576,0.36622807017543857,E2 앞쪽 부품 안 (pair_pos=0),공정 값 23,선형,
LDA (shrinkage),33,0.003186775090602329,0.0358633919077998,0.0,0.0,0.0,0.06611570247933884,1.0,0.03418803418803419,0.4385964912280702,E2 앞쪽 부품 안 (pair_pos=0),공정 값 23,선형,
LDA (shrinkage),34,0.0045252437321730565,0.04351011861114983,0.0,0.2,0.2,0.08264462809917356,1.0,0.04310344827586207,0.35929203539823007,E2 앞쪽 부품 안 (pair_pos=0),공정 값 23,선형,
LDA (shrinkage),35,0.0016758105220572592,0.08565137565137565,0.2,0.2,0.4,0.08064516129032258,1.0,0.04201680672268908,0.6649122807017545,E2 앞쪽 부품 안 (pair_pos=0),공정 값 23,선형,
LDA (shrinkage),36,0.0032095392880607697,0.04193884731543534,0.0,0.2,0.2,0.08130081300813008,1.0,0.0423728813559322,0.3345132743362832,E2 앞쪽 부품 안 (pair_pos=0),공정 값 23,선형,
LDA (shrinkage),37,0.0005474332819944922,0.025807268956089282,0.0,0.0,0.0,0.06557377049180328,1.0,0.03389830508474576,0.2149122807017544,E2 앞쪽 부품 안 (pair_pos=0),공정 값 23,선형,
LDA (shrinkage),38,0.0029529757091383514,0.03408631023222872,0.0,0.0,0.0,0.08333333333333333,1.0,0.043478260869565216,0.28318584070796465,E2 앞쪽 부품 안 (pair_pos=0),공정 값 23,선형,
LDA (shrinkage),39,0.0023298005891841246,0.03572984749455338,0.0,0.0,0.0,0.06557377049180328,1.0,0.03389830508474576,0.4342105263157895,E2 앞쪽 부품 안 (pair_pos=0),공정 값 23,선형,
LDA (shrinkage),40,0.0026281928430588308,0.044903491892189194,0.2,0.2,0.2,0.08130081300813008,1.0,0.0423728813559322,0.32105263157894737,E2 앞쪽 부품 안 (pair_pos=0),공정 값 23,선형,
LDA (shrinkage),41,0.0019663547067459634,0.031652936699035225,0.0,0.0,0.0,0.06611570247933884,1.0,0.03418803418803419,0.3486842105263158,E2 앞쪽 부품 안 (pair_pos=0),공정 값 23,선형,
LDA (shrinkage),42,0.002147141096523605,0.036278676319582946,0.0,0.0,0.2,0.08130081300813008,1.0,0.0423728813559322,0.31681415929203544,E2 앞쪽 부품 안 (pair_pos=0),공정 값 23,선형,
LDA (shrinkage),43,0.0009867727798784495,0.03877530567156745,0.0,0.0,0.0,0.08130081300813008,1.0,0.0423728813559322,0.3823008849557522,E2 앞쪽 부품 안 (pair_pos=0),공정 값 23,선형,
LDA (shrinkage),44,0.003890131077235751,0.027823006715380336,0.0,0.0,0.0,0.06557377049180328,1.0,0.03389830508474576,0.27631578947368424,E2 앞쪽 부품 안 (pair_pos=0),공정 값 23,선형,
LDA (shrinkage),45,0.00942009074840191,0.042009139009139,0.0,0.0,0.2,0.08547008547008547,1.0,0.044642857142857144,0.43333333333333335,E2 앞쪽 부품 안 (pair_pos=0),공정 값 23,선형,
LDA (shrinkage),46,0.017166058467328393,0.035453809140403345,0.0,0.25,0.25,0.043478260869565216,0.5,0.022727272727272728,0.3070175438596491,E2 앞쪽 부품 안 (pair_pos=0),공정 값 23,선형,
LDA (shrinkage),47,0.05134004463873862,0.027091562138291107,0.0,0.0,0.0,0.0,0.0,0.0,0.25219298245614036,E2 앞쪽 부품 안 (pair_pos=0),공정 값 23,선형,
LDA (shrinkage),48,0.0004919746773461455,0.04452137327844259,0.0,0.2,0.2,0.08130081300813008,1.0,0.0423728813559322,0.4389380530973451,E2 앞쪽 부품 안 (pair_pos=0),공정 값 23,선형,
LDA (shrinkage),49,0.07966010329955467,0.03898493319545951,0.0,0.0,0.2,0.0,0.0,0.0,0.3805309734513274,E2 앞쪽 부품 안 (pair_pos=0),공정 값 23,선형,
나이브 베이즈,0,0.9820319820097643,0.03422336341491525,0.0,0.0,0.0,0.0761904761904762,0.8,0.04,0.29649122807017547,E2 앞쪽 부품 안 (pair_pos=0),공정 값 23,확률,
나이브 베이즈,1,0.9995292119393767,0.02858463304313277,0.0,0.0,0.0,0.0,0.0,0.0,0.29385964912280704,E2 앞쪽 부품 안 (pair_pos=0),공정 값 23,확률,
나이브 베이즈,2,0.0001637047786472441,0.04094606574659766,0.0,0.0,0.5,0.06896551724137931,1.0,0.03571428571428571,0.43640350877192985,E2 앞쪽 부품 안 (pair_pos=0),공정 값 23,확률,
나이브 베이즈,3,0.005586045439040948,0.04344571684473162,0.0,0.0,0.2,0.08333333333333333,1.0,0.043478260869565216,0.4424778761061947,E2 앞쪽 부품 안 (pair_pos=0),공정 값 23,확률,
나이브 베이즈,4,0.9996187687873956,0.05555923754231984,0.0,0.0,0.0,0.0,0.0,0.0,0.5752212389380531,E2 앞쪽 부품 안 (pair_pos=0),공정 값 23,확률,
나이브 베이즈,5,0.5990837731310774,0.04464790060832462,0.0,0.0,0.2,0.08333333333333333,1.0,0.043478260869565216,0.47017543859649125,E2 앞쪽 부품 안 (pair_pos=0),공정 값 23,확률,
나이브 베이즈,6,0.9999200436596319,0.04147525486831198,0.0,0.2,0.2,0.0,0.0,0.0,0.2902654867256637,E2 앞쪽 부품 안 (pair_pos=0),공정 값 23,확률,
나이브 베이즈,7,1.3505675151606557e-06,0.03643954202403647,0.0,0.0,0.0,0.08403361344537816,1.0,0.043859649122807015,0.34159292035398225,E2 앞쪽 부품 안 (pair_pos=0),공정 값 23,확률,
나이브 베이즈,8,0.9858484911772883,0.058724325465969694,0.0,0.25,0.5,0.07017543859649122,1.0,0.03636363636363636,0.5701754385964912,E2 앞쪽 부품 안 (pair_pos=0),공정 값 23,확률,
나이브 베이즈,9,0.9984657228273026,0.035416522461859286,0.0,0.0,0.25,0.05263157894736842,0.5,0.027777777777777776,0.4144736842105263,E2 앞쪽 부품 안 (pair_pos=0),공정 값 23,확률,
나이브 베이즈,10,0.963046799970939,0.04298315366324939,0.0,0.2,0.2,0.06779661016949153,0.8,0.035398230088495575,0.4017543859649122,E2 앞쪽 부품 안 (pair_pos=0),공정 값 23,확률,
나이브 베이즈,11,0.0013454612239878793,0.04894355791962175,0.0,0.0,0.0,0.06666666666666667,1.0,0.034482758620689655,0.5921052631578947,E2 앞쪽 부품 안 (pair_pos=0),공정 값 23,확률,
나이브 베이즈,12,0.5805528766768724,0.04484003362508035,0.0,0.25,0.25,0.06722689075630252,1.0,0.034782608695652174,0.4254385964912281,E2 앞쪽 부품 안 (pair_pos=0),공정 값 23,확률,
나이브 베이즈,13,0.7287454989568342,0.04363893653516295,0.0,0.0,0.0,0.06896551724137931,0.8,0.036036036036036036,0.4389380530973451,E2 앞쪽 부품 안 (pair_pos=0),공정 값 23,확률,
나이브 베이즈,14,0.9996549294742078,0.04578220076951596,0.0,0.0,0.2,0.0,0.0,0.0,0.47787610619469023,E2 앞쪽 부품 안 (pair_pos=0),공정 값 23,확률,
나이브 베이즈,15,0.9996791094316237,0.039723095279669406,0.0,0.2,0.2,0.05,0.2,0.02857142857142857,0.37017543859649127,E2 앞쪽 부품 안 (pair_pos=0),공정 값 23,확률,
나이브 베이즈,16,0.7394222471773222,0.03983499377334994,0.0,0.0,0.0,0.06611570247933884,1.0,0.03418803418803419,0.5,E2 앞쪽 부품 안 (pair_pos=0),공정 값 23,확률,
나이브 베이즈,17,0.5887832543765406,0.05192639488672577,0.0,0.2,0.4,0.08196721311475409,1.0,0.042735042735042736,0.49557522123893805,E2 앞쪽 부품 안 (pair_pos=0),공정 값 23,확률,
나이브 베이즈,18,0.6254529165606237,0.04842957985933456,0.0,0.0,0.2,0.08333333333333333,1.0,0.043478260869565216,0.488495575221239,E2 앞쪽 부품 안 (pair_pos=0),공정 값 23,확률,
나이브 베이즈,19,5.363403917174084e-26,0.035043734695238735,0.0,0.0,0.0,0.06837606837606838,1.0,0.035398230088495575,0.4298245614035088,E2 앞쪽 부품 안 (pair_pos=0),공정 값 23,확률,
나이브 베이즈,20,0.9946630812245493,0.05276694150836027,0.0,0.2,0.2,0.08080808080808081,0.8,0.0425531914893617,0.5157894736842106,E2 앞쪽 부품 안 (pair_pos=0),공정 값 23,확률,
나이브 베이즈,21,0.045239591055630454,0.04547316613722029,0.0,0.0,0.0,0.08403361344537816,1.0,0.043859649122807015,0.4672566371681416,E2 앞쪽 부품 안 (pair_pos=0),공정 값 23,확률,
나이브 베이즈,22,0.9942436879569213,0.032925130310650114,0.0,0.0,0.0,0.06521739130434782,0.75,0.03409090909090909,0.39035087719298245,E2 앞쪽 부품 안 (pair_pos=0),공정 값 23,확률,
나이브 베이즈,23,0.9891628009030717,0.04398439342715622,0.0,0.25,0.25,0.0784313725490196,1.0,0.04081632653061224,0.43201754385964913,E2 앞쪽 부품 안 (pair_pos=0),공정 값 23,확률,
나이브 베이즈,24,0.999768609262916,0.044921600935751885,0.2,0.2,0.2,0.038461538461538464,0.2,0.02127659574468085,0.28141592920353986,E2 앞쪽 부품 안 (pair_pos=0),공정 값 23,확률,
나이브 베이즈,25,0.999740060927934,0.0400066423387917,0.0,0.0,0.0,0.047619047619047616,0.2,0.02702702702702703,0.3929824561403509,E2 앞쪽 부품 안 (pair_pos=0),공정 값 23,확률,
나이브 베이즈,26,0.986711336509397,0.03720184299131668,0.0,0.0,0.0,0.07692307692307693,1.0,0.04,0.456140350877193,E2 앞쪽 부품 안 (pair_pos=0),공정 값 23,확률,
나이브 베이즈,27,0.0007723985146240609,0.06900534111247339,0.0,0.0,0.6,0.08547008547008547,1.0,0.044642857142857144,0.6053097345132744,E2 앞쪽 부품 안 (pair_pos=0),공정 값 23,확률,
나이브 베이즈,28,0.0002265419060513494,0.08816682144146933,0.2,0.2,0.4,0.08264462809917356,1.0,0.04310344827586207,0.4672566371681416,E2 앞쪽 부품 안 (pair_pos=0),공정 값 23,확률,
나이브 베이즈,29,0.0036923713713548426,0.030867325485403982,0.0,0.0,0.0,0.06666666666666667,1.0,0.034482758620689655,0.3355263157894737,E2 앞쪽 부품 안 (pair_pos=0),공정 값 23,확률,
나이브 베이즈,30,0.993431888125267,0.04161248087328254,0.0,0.2,0.2,0.058823529411764705,0.6,0.030927835051546393,0.37894736842105264,E2 앞쪽 부품 안 (pair_pos=0),공정 값 23,확률,
나이브 베이즈,31,0.015842497319895708,0.0527203229235969,0.0,0.2,0.4,0.08547008547008547,1.0,0.044642857142857144,0.48318584070796466,E2 앞쪽 부품 안 (pair_pos=0),공정 값 23,확률,
나이브 베이즈,32,0.9973835062918293,0.05303503010399562,0.0,0.25,0.5,0.06521739130434782,0.75,0.03409090909090909,0.5745614035087719,E2 앞쪽 부품 안 (pair_pos=0),공정 값 23,확률,
나이브 베이즈,33,0.8016572398973818,0.03991100183267499,0.0,0.25,0.25,0.05357142857142857,0.75,0.027777777777777776,0.3969298245614035,E2 앞쪽 부품 안 (pair_pos=0),공정 값 23,확률,
나이브 베이즈,34,0.002563582698354376,0.03974386470966567,0.0,0.0,0.0,0.08196721311475409,1.0,0.042735042735042736,0.3929203539823009,E2 앞쪽 부품 안 (pair_pos=0),공정 값 23,확률,
나이브 베이즈,35,1.0182106712303645e-07,0.042340074971653915,0.0,0.0,0.0,0.08333333333333333,1.0,0.043478260869565216,0.43508771929824563,E2 앞쪽 부품 안 (pair_pos=0),공정 값 23,확률,
나이브 베이즈,36,0.9758290589939039,0.0491005350878211,0.0,0.0,0.4,0.07207207207207207,0.8,0.03773584905660377,0.48849557522123893,E2 앞쪽 부품 안 (pair_pos=0),공정 값 23,확률,
나이브 베이즈,37,0.005407881631995118,0.03223801598368645,0.0,0.0,0.0,0.06722689075630252,1.0,0.034782608695652174,0.375,E2 앞쪽 부품 안 (pair_pos=0),공정 값 23,확률,
나이브 베이즈,38,0.9999024134569725,0.037258348842434126,0.0,0.2,0.2,0.0,0.0,0.0,0.30796460176991153,E2 앞쪽 부품 안 (pair_pos=0),공정 값 23,확률,
나이브 베이즈,39,0.006518834512485169,0.03237211960616216,0.0,0.0,0.0,0.06722689075630252,1.0,0.034782608695652174,0.3793859649122807,E2 앞쪽 부품 안 (pair_pos=0),공정 값 23,확률,
나이브 베이즈,40,2.696420199203658e-07,0.03882668770414684,0.0,0.0,0.0,0.08130081300813008,1.0,0.0423728813559322,0.38596491228070173,E2 앞쪽 부품 안 (pair_pos=0),공정 값 23,확률,
나이브 베이즈,41,0.0029247267860260874,0.035281847781847786,0.0,0.0,0.0,0.06722689075630252,1.0,0.034782608695652174,0.4210526315789474,E2 앞쪽 부품 안 (pair_pos=0),공정 값 23,확률,
나이브 베이즈,42,0.9976990822431856,0.04972561098389196,0.0,0.2,0.2,0.07894736842105263,0.6,0.04225352112676056,0.44424778761061945,E2 앞쪽 부품 안 (pair_pos=0),공정 값 23,확률,
나이브 베이즈,43,6.281083779054673e-05,0.042040880146743856,0.0,0.0,0.2,0.0847457627118644,1.0,0.04424778761061947,0.42654867256637174,E2 앞쪽 부품 안 (pair_pos=0),공정 값 23,확률,
나이브 베이즈,44,0.001805566628873367,0.03176414293670931,0.0,0.0,0.0,0.06666666666666667,1.0,0.034482758620689655,0.3486842105263158,E2 앞쪽 부품 안 (pair_pos=0),공정 값 23,확률,
나이브 베이즈,45,0.9969487844218647,0.054314010833535445,0.0,0.2,0.2,0.10638297872340426,1.0,0.056179775280898875,0.5543859649122806,E2 앞쪽 부품 안 (pair_pos=0),공정 값 23,확률,
나이브 베이즈,46,0.9979963506123242,0.033980212547723515,0.0,0.25,0.25,0.05263157894736842,0.5,0.027777777777777776,0.3486842105263158,E2 앞쪽 부품 안 (pair_pos=0),공정 값 23,확률,
나이브 베이즈,47,0.9998422287703244,0.028466839461833728,0.0,0.0,0.0,0.0,0.0,0.0,0.2894736842105263,E2 앞쪽 부품 안 (pair_pos=0),공정 값 23,확률,
나이브 베이즈,48,0.9479246307426665,0.05372085119389701,0.0,0.0,0.4,0.08403361344537816,1.0,0.043859649122807015,0.49557522123893805,E2 앞쪽 부품 안 (pair_pos=0),공정 값 23,확률,
나이브 베이즈,49,0.9997827784965302,0.046555887177005185,0.0,0.2,0.2,0.0,0.0,0.0,0.47787610619469023,E2 앞쪽 부품 안 (pair_pos=0),공정 값 23,확률,
kNN (k=15),0,0.06152877345566044,0.045226521493719904,0.0,0.0,0.4,0.06451612903225806,0.4,0.03508771929824561,0.39824561403508774,E2 앞쪽 부품 안 (pair_pos=0),공정 값 23,거리,
kNN (k=15),1,0.06191974197633378,0.032630285059555286,0.0,0.0,0.0,0.04,0.25,0.021739130434782608,0.381578947368421,E2 앞쪽 부품 안 (pair_pos=0),공정 값 23,거리,
kNN (k=15),2,0.0,0.06278448521956549,0.0,0.25,0.75,0.06557377049180328,1.0,0.03389830508474576,0.5986842105263158,E2 앞쪽 부품 안 (pair_pos=0),공정 값 23,거리,
kNN (k=15),3,0.0708068455363788,0.05775301648705904,0.0,0.2,0.2,0.0,0.0,0.0,0.5716814159292035,E2 앞쪽 부품 안 (pair_pos=0),공정 값 23,거리,
kNN (k=15),4,0.0,0.05856203007518797,0.0,0.2,0.2,0.08130081300813008,1.0,0.0423728813559322,0.5539823008849558,E2 앞쪽 부품 안 (pair_pos=0),공정 값 23,거리,
kNN (k=15),5,0.0,0.06360817436046794,0.0,0.2,0.4,0.08064516129032258,1.0,0.04201680672268908,0.5701754385964912,E2 앞쪽 부품 안 (pair_pos=0),공정 값 23,거리,
kNN (k=15),6,0.06402356137690414,0.06460829493087558,0.0,0.2,0.6,0.11764705882352941,0.6,0.06521739130434782,0.6088495575221239,E2 앞쪽 부품 안 (pair_pos=0),공정 값 23,거리,
kNN (k=15),7,0.07467121376221494,0.04580486563245185,0.0,0.2,0.2,0.0,0.0,0.0,0.4230088495575221,E2 앞쪽 부품 안 (pair_pos=0),공정 값 23,거리,
kNN (k=15),8,0.1910994903040611,0.04603255219888186,0.0,0.25,0.5,0.0,0.0,0.0,0.5197368421052632,E2 앞쪽 부품 안 (pair_pos=0),공정 값 23,거리,
kNN (k=15),9,0.06610062526966208,0.03100244641192917,0.0,0.25,0.25,0.05263157894736842,0.25,0.029411764705882353,0.2609649122807018,E2 앞쪽 부품 안 (pair_pos=0),공정 값 23,거리,
kNN (k=15),10,0.0,0.0717152640643039,0.0,0.6,0.6,0.08064516129032258,1.0,0.04201680672268908,0.5157894736842105,E2 앞쪽 부품 안 (pair_pos=0),공정 값 23,거리,
kNN (k=15),11,0.07622877098391738,0.03698196632979242,0.0,0.0,0.0,0.0,0.0,0.0,0.456140350877193,E2 앞쪽 부품 안 (pair_pos=0),공정 값 23,거리,
kNN (k=15),12,0.06482703733440401,0.04922294426967324,0.0,0.25,0.25,0.08888888888888889,0.5,0.04878048780487805,0.5482456140350878,E2 앞쪽 부품 안 (pair_pos=0),공정 값 23,거리,
kNN (k=15),13,0.0,0.05388039794714577,0.0,0.2,0.4,0.08130081300813008,1.0,0.0423728813559322,0.5185840707964602,E2 앞쪽 부품 안 (pair_pos=0),공정 값 23,거리,
kNN (k=15),14,0.07074323904628721,0.04758548825805463,0.0,0.0,0.4,0.10256410256410256,0.4,0.058823529411764705,0.4584070796460177,E2 앞쪽 부품 안 (pair_pos=0),공정 값 23,거리,
kNN (k=15),15,0.0,0.06815524474268107,0.0,0.0,0.6,0.08064516129032258,1.0,0.04201680672268908,0.6578947368421053,E2 앞쪽 부품 안 (pair_pos=0),공정 값 23,거리,
kNN (k=15),16,0.0,0.0524265997321723,0.0,0.0,0.5,0.06557377049180328,1.0,0.03389830508474576,0.5964912280701754,E2 앞쪽 부품 안 (pair_pos=0),공정 값 23,거리,
kNN (k=15),17,0.06255998901938753,0.03673460880653735,0.0,0.2,0.2,0.03636363636363636,0.2,0.02,0.23539823008849556,E2 앞쪽 부품 안 (pair_pos=0),공정 값 23,거리,
kNN (k=15),18,0.0,0.06073795600111389,0.0,0.2,0.4,0.08130081300813008,1.0,0.0423728813559322,0.5699115044247788,E2 앞쪽 부품 안 (pair_pos=0),공정 값 23,거리,
kNN (k=15),19,0.06534456281158355,0.042024359820969984,0.0,0.25,0.25,0.045454545454545456,0.25,0.025,0.493421052631579,E2 앞쪽 부품 안 (pair_pos=0),공정 값 23,거리,
kNN (k=15),20,0.07203114883225258,0.05620432410754991,0.0,0.0,0.2,0.05263157894736842,0.2,0.030303030303030304,0.5842105263157895,E2 앞쪽 부품 안 (pair_pos=0),공정 값 23,거리,
kNN (k=15),21,0.0730986581756373,0.035081517283660185,0.0,0.0,0.0,0.0,0.0,0.0,0.31150442477876106,E2 앞쪽 부품 안 (pair_pos=0),공정 값 23,거리,
kNN (k=15),22,0.0,0.038916966447863785,0.0,0.25,0.25,0.06557377049180328,1.0,0.03389830508474576,0.40789473684210525,E2 앞쪽 부품 안 (pair_pos=0),공정 값 23,거리,
kNN (k=15),23,0.06173200141241493,0.03653041992647236,0.0,0.25,0.25,0.0392156862745098,0.25,0.02127659574468085,0.4100877192982456,E2 앞쪽 부품 안 (pair_pos=0),공정 값 23,거리,
kNN (k=15),24,0.06335199507689533,0.041462795009534995,0.0,0.2,0.2,0.038461538461538464,0.2,0.02127659574468085,0.36814159292035403,E2 앞쪽 부품 안 (pair_pos=0),공정 값 23,거리,
kNN (k=15),25,0.1547967174610871,0.05217466743782533,0.0,0.2,0.4,0.0,0.0,0.0,0.4807017543859649,E2 앞쪽 부품 안 (pair_pos=0),공정 값 23,거리,
kNN (k=15),26,0.06657083916580273,0.03666074778879656,0.0,0.25,0.25,0.05555555555555555,0.25,0.03125,0.3859649122807018,E2 앞쪽 부품 안 (pair_pos=0),공정 값 23,거리,
kNN (k=15),27,0.0,0.04504149320241274,0.0,0.2,0.2,0.08130081300813008,1.0,0.0423728813559322,0.45840707964601773,E2 앞쪽 부품 안 (pair_pos=0),공정 값 23,거리,
kNN (k=15),28,0.05894005255060082,0.053679089026915115,0.0,0.2,0.2,0.05970149253731343,0.4,0.03225806451612903,0.504424778761062,E2 앞쪽 부품 안 (pair_pos=0),공정 값 23,거리,
kNN (k=15),29,0.06167567507989558,0.06325370665507582,0.0,0.25,0.75,0.09090909090909091,0.75,0.04838709677419355,0.6469298245614035,E2 앞쪽 부품 안 (pair_pos=0),공정 값 23,거리,
kNN (k=15),30,0.0,0.24705348806189142,0.2,0.2,0.4,0.08064516129032258,1.0,0.04201680672268908,0.5824561403508772,E2 앞쪽 부품 안 (pair_pos=0),공정 값 23,거리,
kNN (k=15),31,0.07269810423952892,0.037923370258759206,0.0,0.0,0.2,0.0,0.0,0.0,0.3292035398230089,E2 앞쪽 부품 안 (pair_pos=0),공정 값 23,거리,
kNN (k=15),32,0.05831188601456589,0.049490373700098185,0.0,0.25,0.5,0.057971014492753624,0.5,0.03076923076923077,0.5526315789473685,E2 앞쪽 부품 안 (pair_pos=0),공정 값 23,거리,
kNN (k=15),33,0.06180419026104545,0.06774821039526922,0.0,0.25,0.75,0.09090909090909091,0.75,0.04838709677419355,0.6293859649122807,E2 앞쪽 부품 안 (pair_pos=0),공정 값 23,거리,
kNN (k=15),34,0.06127323547289561,0.03055253126349472,0.0,0.0,0.0,0.03389830508474576,0.2,0.018518518518518517,0.2088495575221239,E2 앞쪽 부품 안 (pair_pos=0),공정 값 23,거리,
kNN (k=15),35,0.08845602118651993,0.04406218352683692,0.0,0.2,0.2,0.0,0.0,0.0,0.42105263157894735,E2 앞쪽 부품 안 (pair_pos=0),공정 값 23,거리,
kNN (k=15),36,0.0,0.07250660765873748,0.0,0.4,0.6,0.08130081300813008,1.0,0.0423728813559322,0.5858407079646017,E2 앞쪽 부품 안 (pair_pos=0),공정 값 23,거리,
kNN (k=15),37,0.05897295656540373,0.03259526810517273,0.0,0.0,0.25,0.0547945205479452,0.5,0.028985507246376812,0.32894736842105265,E2 앞쪽 부품 안 (pair_pos=0),공정 값 23,거리,
kNN (k=15),38,0.06599399430463015,0.05310812089555063,0.0,0.2,0.4,0.0975609756097561,0.4,0.05555555555555555,0.4707964601769911,E2 앞쪽 부품 안 (pair_pos=0),공정 값 23,거리,
kNN (k=15),39,0.059757713927975534,0.054840517169284286,0.0,0.25,0.5,0.05714285714285714,0.5,0.030303030303030304,0.581140350877193,E2 앞쪽 부품 안 (pair_pos=0),공정 값 23,거리,
kNN (k=15),40,0.0,0.0886021505376344,0.0,0.4,0.8,0.08064516129032258,1.0,0.04201680672268908,0.7333333333333334,E2 앞쪽 부품 안 (pair_pos=0),공정 값 23,거리,
kNN (k=15),41,0.0,0.026482613454264725,0.0,0.0,0.0,0.06557377049180328,1.0,0.03389830508474576,0.23684210526315788,E2 앞쪽 부품 안 (pair_pos=0),공정 값 23,거리,
kNN (k=15),42,0.12049210968035058,0.06736799461145537,0.0,0.0,0.4,0.0,0.0,0.0,0.6477876106194691,E2 앞쪽 부품 안 (pair_pos=0),공정 값 23,거리,
kNN (k=15),43,0.06474525774541029,0.0741293315697705,0.0,0.4,0.6,0.125,0.6,0.06976744186046512,0.5486725663716814,E2 앞쪽 부품 안 (pair_pos=0),공정 값 23,거리,
kNN (k=15),44,0.0,0.030317377592621778,0.0,0.0,0.0,0.06557377049180328,1.0,0.03389830508474576,0.33333333333333337,E2 앞쪽 부품 안 (pair_pos=0),공정 값 23,거리,
kNN (k=15),45,0.07233594125796952,0.059906475849431234,0.0,0.4,0.4,0.13793103448275862,0.4,0.08333333333333333,0.49824561403508777,E2 앞쪽 부품 안 (pair_pos=0),공정 값 23,거리,
kNN (k=15),46,0.060398176150690576,0.09326918691817876,0.25,0.25,0.25,0.05333333333333334,0.5,0.028169014084507043,0.5394736842105263,E2 앞쪽 부품 안 (pair_pos=0),공정 값 23,거리,
kNN (k=15),47,0.06160720925854222,0.03703430323776922,0.0,0.0,0.25,0.05555555555555555,0.5,0.029411764705882353,0.42543859649122806,E2 앞쪽 부품 안 (pair_pos=0),공정 값 23,거리,
kNN (k=15),48,0.0,0.06036081078188389,0.2,0.4,0.4,0.08130081300813008,1.0,0.0423728813559322,0.44070796460177,E2 앞쪽 부품 안 (pair_pos=0),공정 값 23,거리,
kNN (k=15),49,0.1523669727912234,0.0723271935036641,0.0,0.0,0.6,0.0,0.0,0.0,0.6619469026548672,E2 앞쪽 부품 안 (pair_pos=0),공정 값 23,거리,
SVM 선형,0,0.7347312045523535,0.03269154546979579,0.0,0.0,0.0,0.0,0.0,0.0,0.2526315789473685,E2 앞쪽 부품 안 (pair_pos=0),공정 값 23,커널,
SVM 선형,1,-0.25958837766723464,0.0552670078191145,0.25,0.25,0.25,0.03225806451612903,0.25,0.017241379310344827,0.39254385964912286,E2 앞쪽 부품 안 (pair_pos=0),공정 값 23,커널,
SVM 선형,2,-1.8971035749844203,0.027942319040125885,0.0,0.0,0.0,0.07547169811320754,1.0,0.0392156862745098,0.27631578947368424,E2 앞쪽 부품 안 (pair_pos=0),공정 값 23,커널,
SVM 선형,3,-2.7092892867991196,0.058254044556123055,0.2,0.2,0.2,0.08264462809917356,1.0,0.04310344827586207,0.5327433628318584,E2 앞쪽 부품 안 (pair_pos=0),공정 값 23,커널,
SVM 선형,4,1.120730346901983,0.05273639404074187,0.0,0.2,0.2,0.0,0.0,0.0,0.4761061946902655,E2 앞쪽 부품 안 (pair_pos=0),공정 값 23,커널,
SVM 선형,5,-2.451882726900389,0.0732852072248357,0.2,0.2,0.6,0.08264462809917356,1.0,0.04310344827586207,0.5929824561403509,E2 앞쪽 부품 안 (pair_pos=0),공정 값 23,커널,
SVM 선형,6,-2.0541467440113568,0.04840709937903313,0.0,0.2,0.2,0.07207207207207207,0.8,0.03773584905660377,0.44778761061946903,E2 앞쪽 부품 안 (pair_pos=0),공정 값 23,커널,
SVM 선형,7,-4.157245019303558,0.030100857604117154,0.0,0.0,0.0,0.08196721311475409,1.0,0.042735042735042736,0.18761061946902655,E2 앞쪽 부품 안 (pair_pos=0),공정 값 23,커널,
SVM 선형,8,1.0432751030834677,0.04693597340656164,0.0,0.0,0.25,0.0,0.0,0.0,0.5723684210526316,E2 앞쪽 부품 안 (pair_pos=0),공정 값 23,커널,
SVM 선형,9,-1.401807770288508,0.025398778174197167,0.0,0.0,0.0,0.04040404040404041,0.5,0.021052631578947368,0.19517543859649125,E2 앞쪽 부품 안 (pair_pos=0),공정 값 23,커널,
SVM 선형,10,1.9048210181614267,0.0321898812704126,0.0,0.0,0.0,0.0,0.0,0.0,0.2543859649122807,E2 앞쪽 부품 안 (pair_pos=0),공정 값 23,커널,
SVM 선형,11,-3.56285885023304,0.04953506638289247,0.0,0.0,0.25,0.06611570247933884,1.0,0.03418803418803419,0.6030701754385965,E2 앞쪽 부품 안 (pair_pos=0),공정 값 23,커널,
SVM 선형,12,-1.077888124976012,0.02963958239187597,0.0,0.0,0.0,0.06818181818181818,0.75,0.03571428571428571,0.3135964912280702,E2 앞쪽 부품 안 (pair_pos=0),공정 값 23,커널,
SVM 선형,13,-2.8467694615490005,0.04481236673773987,0.0,0.0,0.2,0.08130081300813008,1.0,0.0423728813559322,0.4513274336283185,E2 앞쪽 부품 안 (pair_pos=0),공정 값 23,커널,
SVM 선형,14,-0.481177206373181,0.04515209601272261,0.0,0.2,0.2,0.05263157894736842,0.4,0.028169014084507043,0.40530973451327434,E2 앞쪽 부품 안 (pair_pos=0),공정 값 23,커널,
SVM 선형,15,-0.9034084816012636,0.040893681163205776,0.0,0.0,0.2,0.06451612903225806,0.6,0.03409090909090909,0.41052631578947363,E2 앞쪽 부품 안 (pair_pos=0),공정 값 23,커널,
SVM 선형,16,-0.5328110256790071,0.03544389978213507,0.0,0.0,0.25,0.05128205128205128,0.5,0.02702702702702703,0.4276315789473684,E2 앞쪽 부품 안 (pair_pos=0),공정 값 23,커널,
SVM 선형,17,-1.0180271122700835,0.09119233691522849,0.2,0.2,0.2,0.1,1.0,0.05263157894736842,0.5433628318584072,E2 앞쪽 부품 안 (pair_pos=0),공정 값 23,커널,
SVM 선형,18,-1.7833540446351057,0.04518051743784808,0.0,0.2,0.2,0.07476635514018691,0.8,0.0392156862745098,0.4035398230088496,E2 앞쪽 부품 안 (pair_pos=0),공정 값 23,커널,
SVM 선형,19,-3.1395948357224515,0.054696007259528126,0.0,0.5,0.5,0.06666666666666667,1.0,0.034482758620689655,0.5679824561403508,E2 앞쪽 부품 안 (pair_pos=0),공정 값 23,커널,
SVM 선형,20,-0.16638721873700424,0.04006490879214999,0.0,0.0,0.2,0.03225806451612903,0.2,0.017543859649122806,0.3964912280701754,E2 앞쪽 부품 안 (pair_pos=0),공정 값 23,커널,
SVM 선형,21,-5.5445454935906415,0.03547902111318711,0.0,0.0,0.2,0.08130081300813008,1.0,0.0423728813559322,0.31327433628318585,E2 앞쪽 부품 안 (pair_pos=0),공정 값 23,커널,
SVM 선형,22,-3.013532000345461,0.07060561813377833,0.0,0.5,0.5,0.06666666666666667,1.0,0.034482758620689655,0.6271929824561404,E2 앞쪽 부품 안 (pair_pos=0),공정 값 23,커널,
SVM 선형,23,-2.5779533549529194,0.03254122572145013,0.0,0.0,0.25,0.06779661016949153,1.0,0.03508771929824561,0.3706140350877193,E2 앞쪽 부품 안 (pair_pos=0),공정 값 23,커널,
SVM 선형,24,-0.6155247377253157,0.03146725879484501,0.0,0.0,0.0,0.04395604395604396,0.4,0.023255813953488372,0.23185840707964597,E2 앞쪽 부품 안 (pair_pos=0),공정 값 23,커널,
SVM 선형,25,-1.9243976005638137,0.05688327857506579,0.0,0.4,0.4,0.08695652173913043,1.0,0.045454545454545456,0.4894736842105263,E2 앞쪽 부품 안 (pair_pos=0),공정 값 23,커널,
SVM 선형,26,-3.578227406709386,0.04137839859670846,0.0,0.0,0.0,0.06611570247933884,1.0,0.03418803418803419,0.5087719298245614,E2 앞쪽 부품 안 (pair_pos=0),공정 값 23,커널,
SVM 선형,27,-3.690872717152814,0.04615671709045203,0.0,0.2,0.2,0.08130081300813008,1.0,0.0423728813559322,0.3663716814159292,E2 앞쪽 부품 안 (pair_pos=0),공정 값 23,커널,
SVM 선형,28,1.0828168277874353,0.0491400169031748,0.0,0.2,0.2,0.0,0.0,0.0,0.49380530973451325,E2 앞쪽 부품 안 (pair_pos=0),공정 값 23,커널,
SVM 선형,29,-4.330364392860355,0.02900036471465043,0.0,0.0,0.0,0.06557377049180328,1.0,0.03389830508474576,0.30043859649122806,E2 앞쪽 부품 안 (pair_pos=0),공정 값 23,커널,
SVM 선형,30,1.7511477442589443,0.035341825645611086,0.0,0.0,0.0,0.0,0.0,0.0,0.32280701754385965,E2 앞쪽 부품 안 (pair_pos=0),공정 값 23,커널,
SVM 선형,31,-2.6528752629221577,0.049722796812143505,0.0,0.2,0.4,0.08196721311475409,1.0,0.042735042735042736,0.45840707964601773,E2 앞쪽 부품 안 (pair_pos=0),공정 값 23,커널,
SVM 선형,32,3.763805503035262,0.03437728937728937,0.0,0.0,0.25,0.0,0.0,0.0,0.37719298245614036,E2 앞쪽 부품 안 (pair_pos=0),공정 값 23,커널,
SVM 선형,33,-2.2953625342156974,0.04821990534245218,0.0,0.25,0.25,0.06837606837606838,1.0,0.035398230088495575,0.5350877192982456,E2 앞쪽 부품 안 (pair_pos=0),공정 값 23,커널,
SVM 선형,34,-2.7193783726371206,0.0540908564655911,0.2,0.2,0.2,0.08264462809917356,1.0,0.04310344827586207,0.40353982300884955,E2 앞쪽 부품 안 (pair_pos=0),공정 값 23,커널,
SVM 선형,35,-3.66437691563444,0.08219664081426922,0.0,0.4,0.4,0.08130081300813008,1.0,0.0423728813559322,0.6508771929824562,E2 앞쪽 부품 안 (pair_pos=0),공정 값 23,커널,
SVM 선형,36,2.1343070140132254,0.03651231955825025,0.0,0.0,0.2,0.0,0.0,0.0,0.3097345132743363,E2 앞쪽 부품 안 (pair_pos=0),공정 값 23,커널,
SVM 선형,37,-5.477122274502817,0.0272900067213724,0.0,0.0,0.0,0.06557377049180328,1.0,0.03389830508474576,0.256578947368421,E2 앞쪽 부품 안 (pair_pos=0),공정 값 23,커널,
SVM 선형,38,-2.6106234560124797,0.034866462342797035,0.0,0.0,0.0,0.08620689655172414,1.0,0.04504504504504504,0.29911504424778756,E2 앞쪽 부품 안 (pair_pos=0),공정 값 23,커널,
SVM 선형,39,-1.6133152302084368,0.03623346381417461,0.0,0.0,0.0,0.0761904761904762,1.0,0.039603960396039604,0.43640350877192985,E2 앞쪽 부품 안 (pair_pos=0),공정 값 23,커널,
SVM 선형,40,-2.8463200063357146,0.03655574495802541,0.0,0.2,0.2,0.08130081300813008,1.0,0.0423728813559322,0.3,E2 앞쪽 부품 안 (pair_pos=0),공정 값 23,커널,
SVM 선형,41,-4.138050937762463,0.033595185137962134,0.0,0.0,0.25,0.06611570247933884,1.0,0.03418803418803419,0.3618421052631579,E2 앞쪽 부품 안 (pair_pos=0),공정 값 23,커널,
SVM 선형,42,-2.756997794455622,0.04449040606871932,0.0,0.2,0.2,0.08264462809917356,1.0,0.04310344827586207,0.4460176991150443,E2 앞쪽 부품 안 (pair_pos=0),공정 값 23,커널,
SVM 선형,43,0.8864571046407577,0.05600492447438253,0.0,0.4,0.4,0.0,0.0,0.0,0.5274336283185841,E2 앞쪽 부품 안 (pair_pos=0),공정 값 23,커널,
SVM 선형,44,-2.0274370904263206,0.028481186384342102,0.0,0.0,0.0,0.06779661016949153,1.0,0.03508771929824561,0.2894736842105263,E2 앞쪽 부품 안 (pair_pos=0),공정 값 23,커널,
SVM 선형,45,-1.7060705201671915,0.06061192935334812,0.0,0.4,0.4,0.08547008547008547,1.0,0.044642857142857144,0.5070175438596491,E2 앞쪽 부품 안 (pair_pos=0),공정 값 23,커널,
SVM 선형,46,0.1587735904865431,0.03830162343192491,0.0,0.25,0.25,0.06451612903225806,0.25,0.037037037037037035,0.2741228070175439,E2 앞쪽 부품 안 (pair_pos=0),공정 값 23,커널,
SVM 선형,47,0.9169049904161439,0.029911326027830882,0.0,0.0,0.25,0.0,0.0,0.0,0.3092105263157895,E2 앞쪽 부품 안 (pair_pos=0),공정 값 23,커널,
SVM 선형,48,-5.05610982412002,0.04108707819992612,0.0,0.0,0.2,0.08130081300813008,1.0,0.0423728813559322,0.4176991150442478,E2 앞쪽 부품 안 (pair_pos=0),공정 값 23,커널,
SVM 선형,49,-2.5318048395380033,0.047363553113553114,0.0,0.0,0.2,0.08264462809917356,1.0,0.04310344827586207,0.45840707964601773,E2 앞쪽 부품 안 (pair_pos=0),공정 값 23,커널,
SVM RBF,0,0.04127624090252291,0.04585390330553944,0.0,0.2,0.4,0.0,0.0,0.0,0.4350877192982457,E2 앞쪽 부품 안 (pair_pos=0),공정 값 23,커널,
SVM RBF,1,-0.599323961067745,0.03367900941579597,0.0,0.0,0.25,0.0625,0.25,0.03571428571428571,0.3464912280701754,E2 앞쪽 부품 안 (pair_pos=0),공정 값 23,커널,
SVM RBF,2,-1.4074898897778372,0.047694705197871085,0.0,0.25,0.25,0.06896551724137931,0.75,0.03614457831325301,0.4956140350877193,E2 앞쪽 부품 안 (pair_pos=0),공정 값 23,커널,
SVM RBF,3,-0.20442265065761567,0.04389172155348626,0.0,0.0,0.2,0.0,0.0,0.0,0.4424778761061947,E2 앞쪽 부품 안 (pair_pos=0),공정 값 23,커널,
SVM RBF,4,-0.008173772638128574,0.08257056783372574,0.2,0.2,0.4,0.0,0.0,0.0,0.6,E2 앞쪽 부품 안 (pair_pos=0),공정 값 23,커널,
SVM RBF,5,-0.5674530673512312,0.08722755505364202,0.2,0.2,0.2,0.06060606060606061,0.2,0.03571428571428571,0.5052631578947369,E2 앞쪽 부품 안 (pair_pos=0),공정 값 23,커널,
SVM RBF,6,-0.06718979293160454,0.04119330006249992,0.0,0.2,0.2,0.0,0.0,0.0,0.3380530973451327,E2 앞쪽 부품 안 (pair_pos=0),공정 값 23,커널,
SVM RBF,7,-0.08852160555315769,0.055663307280954345,0.0,0.2,0.4,0.0,0.0,0.0,0.5345132743362833,E2 앞쪽 부품 안 (pair_pos=0),공정 값 23,커널,
SVM RBF,8,-1.5903056088456857,0.05865389884377226,0.25,0.25,0.25,0.07407407407407407,1.0,0.038461538461538464,0.5679824561403508,E2 앞쪽 부품 안 (pair_pos=0),공정 값 23,커널,
SVM RBF,9,-0.7088143596759142,0.03683858544867283,0.0,0.0,0.0,0.0851063829787234,0.5,0.046511627906976744,0.42543859649122806,E2 앞쪽 부품 안 (pair_pos=0),공정 값 23,커널,
SVM RBF,10,-1.3699120926080863,0.04454574001306979,0.0,0.2,0.2,0.06818181818181818,0.6,0.03614457831325301,0.4157894736842105,E2 앞쪽 부품 안 (pair_pos=0),공정 값 23,커널,
SVM RBF,11,-0.2834147737261392,0.05429458944185129,0.25,0.25,0.25,0.09523809523809523,0.25,0.058823529411764705,0.45175438596491224,E2 앞쪽 부품 안 (pair_pos=0),공정 값 23,커널,
SVM RBF,12,-1.1930362869524647,0.04912388756872611,0.25,0.25,0.25,0.07317073170731707,0.75,0.038461538461538464,0.48026315789473684,E2 앞쪽 부품 안 (pair_pos=0),공정 값 23,커널,
SVM RBF,13,-2.0225561282987474,0.044888784950229334,0.0,0.0,0.0,0.0847457627118644,1.0,0.04424778761061947,0.47079646017699117,E2 앞쪽 부품 안 (pair_pos=0),공정 값 23,커널,
SVM RBF,14,-0.14027236354604278,0.04788238585692552,0.0,0.0,0.2,0.0,0.0,0.0,0.48672566371681414,E2 앞쪽 부품 안 (pair_pos=0),공정 값 23,커널,
SVM RBF,15,-0.734595408142309,0.04560955135055028,0.0,0.0,0.2,0.08888888888888889,0.4,0.05,0.4666666666666667,E2 앞쪽 부품 안 (pair_pos=0),공정 값 23,커널,
SVM RBF,16,-1.0957950902879845,0.08375174103158689,0.25,0.25,0.25,0.06521739130434782,0.75,0.03409090909090909,0.5745614035087719,E2 앞쪽 부품 안 (pair_pos=0),공정 값 23,커널,
SVM RBF,17,-1.1763780880697787,0.07482928329112981,0.2,0.2,0.2,0.07317073170731707,0.6,0.03896103896103896,0.45663716814159294,E2 앞쪽 부품 안 (pair_pos=0),공정 값 23,커널,
SVM RBF,18,-1.9088265315685118,0.0996809173879264,0.2,0.4,0.4,0.08403361344537816,1.0,0.043859649122807015,0.576991150442478,E2 앞쪽 부품 안 (pair_pos=0),공정 값 23,커널,
SVM RBF,19,-0.8542817222278628,0.03341592609690884,0.0,0.0,0.0,0.041666666666666664,0.25,0.022727272727272728,0.3991228070175438,E2 앞쪽 부품 안 (pair_pos=0),공정 값 23,커널,
SVM RBF,20,-0.7075856342338342,0.05551093366661389,0.0,0.2,0.2,0.07272727272727272,0.4,0.04,0.524561403508772,E2 앞쪽 부품 안 (pair_pos=0),공정 값 23,커널,
SVM RBF,21,-0.11655134927438127,0.037186091996681755,0.0,0.0,0.2,0.0,0.0,0.0,0.34690265486725663,E2 앞쪽 부품 안 (pair_pos=0),공정 값 23,커널,
SVM RBF,22,-0.05920647610875629,0.042807609252209534,0.0,0.0,0.0,0.0,0.0,0.0,0.5328947368421053,E2 앞쪽 부품 안 (pair_pos=0),공정 값 23,커널,
SVM RBF,23,-0.15410574883976924,0.04537577432314274,0.25,0.25,0.25,0.0,0.0,0.0,0.35307017543859653,E2 앞쪽 부품 안 (pair_pos=0),공정 값 23,커널,
SVM RBF,24,-1.3632489461373987,0.04077411986915862,0.0,0.2,0.2,0.041237113402061855,0.4,0.021739130434782608,0.3292035398230089,E2 앞쪽 부품 안 (pair_pos=0),공정 값 23,커널,
SVM RBF,25,0.255984774008021,0.04722865476345951,0.0,0.0,0.0,0.0,0.0,0.0,0.4877192982456141,E2 앞쪽 부품 안 (pair_pos=0),공정 값 23,커널,
SVM RBF,26,-1.5964738206218079,0.04743049047172758,0.0,0.0,0.25,0.0761904761904762,1.0,0.039603960396039604,0.5526315789473684,E2 앞쪽 부품 안 (pair_pos=0),공정 값 23,커널,
SVM RBF,27,-1.9747169579820065,0.07549135075450866,0.2,0.2,0.2,0.08403361344537816,1.0,0.043859649122807015,0.47256637168141596,E2 앞쪽 부품 안 (pair_pos=0),공정 값 23,커널,
SVM RBF,28,-0.9693112754076081,0.07938319924621294,0.2,0.4,0.4,0.06349206349206349,0.4,0.034482758620689655,0.49557522123893805,E2 앞쪽 부품 안 (pair_pos=0),공정 값 23,커널,
SVM RBF,29,0.619575606516227,0.03518642464482045,0.0,0.0,0.0,0.0,0.0,0.0,0.4298245614035088,E2 앞쪽 부품 안 (pair_pos=0),공정 값 23,커널,
SVM RBF,30,-1.2126140502375353,0.04479290918919402,0.0,0.0,0.0,0.08,0.6,0.04285714285714286,0.4666666666666667,E2 앞쪽 부품 안 (pair_pos=0),공정 값 23,커널,
SVM RBF,31,-1.9735439651023117,0.05532140760413079,0.2,0.2,0.2,0.08264462809917356,1.0,0.04310344827586207,0.4761061946902655,E2 앞쪽 부품 안 (pair_pos=0),공정 값 23,커널,
SVM RBF,32,-1.7066884410274314,0.0680151719625404,0.25,0.5,0.5,0.07207207207207207,1.0,0.037383177570093455,0.5219298245614035,E2 앞쪽 부품 안 (pair_pos=0),공정 값 23,커널,
SVM RBF,33,-0.17098279189215693,0.04226573219356254,0.0,0.0,0.25,0.0,0.0,0.0,0.5,E2 앞쪽 부품 안 (pair_pos=0),공정 값 23,커널,
SVM RBF,34,-0.21684248720732358,0.03875734611144387,0.0,0.0,0.0,0.0,0.0,0.0,0.384070796460177,E2 앞쪽 부품 안 (pair_pos=0),공정 값 23,커널,
SVM RBF,35,-0.21922069766999086,0.04313368060771013,0.0,0.0,0.2,0.0,0.0,0.0,0.4245614035087719,E2 앞쪽 부품 안 (pair_pos=0),공정 값 23,커널,
SVM RBF,36,-1.4552169224756801,0.05286151510346848,0.0,0.2,0.2,0.07920792079207921,0.8,0.041666666666666664,0.4902654867256637,E2 앞쪽 부품 안 (pair_pos=0),공정 값 23,커널,
SVM RBF,37,-2.0706261176557104,0.029349341976415276,0.0,0.0,0.0,0.06611570247933884,1.0,0.03418803418803419,0.31359649122807015,E2 앞쪽 부품 안 (pair_pos=0),공정 값 23,커널,
SVM RBF,38,-0.36375028939234477,0.08220895622971258,0.2,0.2,0.2,0.07142857142857142,0.2,0.043478260869565216,0.4194690265486726,E2 앞쪽 부품 안 (pair_pos=0),공정 값 23,커널,
SVM RBF,39,-0.9847186954959606,0.03835799114331723,0.0,0.0,0.25,0.05714285714285714,0.5,0.030303030303030304,0.4736842105263158,E2 앞쪽 부품 안 (pair_pos=0),공정 값 23,커널,
SVM RBF,40,-2.0804800514376245,0.06718877071063507,0.2,0.2,0.2,0.08130081300813008,1.0,0.0423728813559322,0.4982456140350877,E2 앞쪽 부품 안 (pair_pos=0),공정 값 23,커널,
SVM RBF,41,-1.696937731096093,0.027741782646807125,0.0,0.0,0.0,0.07766990291262135,1.0,0.04040404040404041,0.2543859649122807,E2 앞쪽 부품 안 (pair_pos=0),공정 값 23,커널,
SVM RBF,42,-1.2882264695770016,0.047375685602894194,0.0,0.0,0.0,0.09302325581395349,0.8,0.04938271604938271,0.49557522123893805,E2 앞쪽 부품 안 (pair_pos=0),공정 값 23,커널,
SVM RBF,43,-1.707540468118716,0.07867004691812876,0.2,0.4,0.4,0.08849557522123894,1.0,0.046296296296296294,0.6159292035398231,E2 앞쪽 부품 안 (pair_pos=0),공정 값 23,커널,
SVM RBF,44,-1.5234964526327763,0.035407864558184454,0.0,0.25,0.25,0.056074766355140186,0.75,0.02912621359223301,0.32236842105263164,E2 앞쪽 부품 안 (pair_pos=0),공정 값 23,커널,
SVM RBF,45,-1.0016544430843393,0.07217086351204956,0.2,0.2,0.2,0.06557377049180328,0.4,0.03571428571428571,0.5017543859649123,E2 앞쪽 부품 안 (pair_pos=0),공정 값 23,커널,
SVM RBF,46,-0.8407168158212912,0.0333629110718223,0.0,0.0,0.0,0.06666666666666667,0.5,0.03571428571428571,0.38377192982456143,E2 앞쪽 부품 안 (pair_pos=0),공정 값 23,커널,
SVM RBF,47,-0.9202635684185927,0.03451980329025713,0.0,0.0,0.0,0.0392156862745098,0.25,0.02127659574468085,0.4166666666666667,E2 앞쪽 부품 안 (pair_pos=0),공정 값 23,커널,
SVM RBF,48,-1.951912039818775,0.09708980674497916,0.2,0.4,0.6,0.08264462809917356,1.0,0.04310344827586207,0.6778761061946903,E2 앞쪽 부품 안 (pair_pos=0),공정 값 23,커널,
SVM RBF,49,0.18746955178053093,0.06097699937718259,0.0,0.2,0.4,0.0,0.0,0.0,0.5787610619469027,E2 앞쪽 부품 안 (pair_pos=0),공정 값 23,커널,
MLP,0,0.0001231971115551932,0.03562195093981533,0.0,0.0,0.0,0.05970149253731343,0.4,0.03225806451612903,0.32105263157894737,E2 앞쪽 부품 안 (pair_pos=0),공정 값 23,신경망,
MLP,1,6.622967949765769e-05,0.0370348085548276,0.0,0.0,0.25,0.06593406593406594,0.75,0.034482758620689655,0.42543859649122806,E2 앞쪽 부품 안 (pair_pos=0),공정 값 23,신경망,
MLP,2,3.586287708484746e-05,0.031912931935455725,0.0,0.0,0.0,0.04938271604938271,0.5,0.025974025974025976,0.368421052631579,E2 앞쪽 부품 안 (pair_pos=0),공정 값 23,신경망,
MLP,3,0.0027365987018878857,0.05861798223562929,0.0,0.0,0.4,0.0,0.0,0.0,0.5787610619469027,E2 앞쪽 부품 안 (pair_pos=0),공정 값 23,신경망,
MLP,4,0.0003854180816171299,0.0746267987444458,0.0,0.4,0.4,0.07547169811320754,0.4,0.041666666666666664,0.5893805309734513,E2 앞쪽 부품 안 (pair_pos=0),공정 값 23,신경망,
MLP,5,4.6315745790147317e-05,0.07623776783440649,0.2,0.2,0.4,0.08421052631578947,0.8,0.044444444444444446,0.5368421052631579,E2 앞쪽 부품 안 (pair_pos=0),공정 값 23,신경망,
MLP,6,0.0008987295472264112,0.03198589065255732,0.0,0.0,0.0,0.0,0.0,0.0,0.23716814159292038,E2 앞쪽 부품 안 (pair_pos=0),공정 값 23,신경망,
MLP,7,1.8581541104454472e-06,0.04673657961219334,0.0,0.0,0.2,0.08928571428571429,1.0,0.04672897196261682,0.4778761061946903,E2 앞쪽 부품 안 (pair_pos=0),공정 값 23,신경망,
MLP,8,0.0010511241225019867,0.028680585064373494,0.0,0.0,0.0,0.0,0.0,0.0,0.29824561403508776,E2 앞쪽 부품 안 (pair_pos=0),공정 값 23,신경망,
MLP,9,7.013430342384452e-05,0.030930302863738802,0.0,0.0,0.0,0.0625,0.5,0.03333333333333333,0.3399122807017544,E2 앞쪽 부품 안 (pair_pos=0),공정 값 23,신경망,
MLP,10,7.473702552274548e-05,0.03897869817706941,0.0,0.0,0.2,0.05063291139240506,0.4,0.02702702702702703,0.35789473684210527,E2 앞쪽 부품 안 (pair_pos=0),공정 값 23,신경망,
MLP,11,1.6054533271781638e-06,0.04892976783189765,0.0,0.0,0.5,0.07339449541284404,1.0,0.0380952380952381,0.5767543859649122,E2 앞쪽 부품 안 (pair_pos=0),공정 값 23,신경망,
MLP,12,4.943706877260903e-05,0.037272945397517895,0.0,0.0,0.25,0.06593406593406594,0.75,0.034482758620689655,0.4276315789473684,E2 앞쪽 부품 안 (pair_pos=0),공정 값 23,신경망,
MLP,13,2.1998189985051342e-06,0.03986113957778233,0.0,0.0,0.0,0.07339449541284404,0.8,0.038461538461538464,0.39646017699115044,E2 앞쪽 부품 안 (pair_pos=0),공정 값 23,신경망,
MLP,14,3.8303751509949e-05,0.03978209667490478,0.0,0.0,0.2,0.06153846153846154,0.4,0.03333333333333333,0.39292035398230085,E2 앞쪽 부품 안 (pair_pos=0),공정 값 23,신경망,
MLP,15,3.687438906836087e-07,0.047205104263927794,0.2,0.2,0.2,0.08403361344537816,1.0,0.043859649122807015,0.2982456140350877,E2 앞쪽 부품 안 (pair_pos=0),공정 값 23,신경망,
MLP,16,1.5721004359682414e-07,0.040098102510444725,0.0,0.0,0.25,0.06956521739130435,1.0,0.036036036036036036,0.49561403508771934,E2 앞쪽 부품 안 (pair_pos=0),공정 값 23,신경망,
MLP,17,2.987363303907874e-05,0.0418276292806311,0.0,0.0,0.0,0.09090909090909091,1.0,0.047619047619047616,0.4283185840707965,E2 앞쪽 부품 안 (pair_pos=0),공정 값 23,신경망,
MLP,18,6.73797473496884e-06,0.05597001226946449,0.0,0.0,0.4,0.08888888888888889,0.8,0.047058823529411764,0.5486725663716814,E2 앞쪽 부품 안 (pair_pos=0),공정 값 23,신경망,
MLP,19,2.4845620271104565e-07,0.0505548373195432,0.25,0.25,0.25,0.07207207207207207,1.0,0.037383177570093455,0.5,E2 앞쪽 부품 안 (pair_pos=0),공정 값 23,신경망,
MLP,20,0.00013166598930018292,0.04545000008100957,0.0,0.0,0.2,0.09836065573770492,0.6,0.05357142857142857,0.4578947368421053,E2 앞쪽 부품 안 (pair_pos=0),공정 값 23,신경망,
MLP,21,6.409027666961926e-08,0.03782887993443244,0.0,0.0,0.2,0.0847457627118644,1.0,0.04424778761061947,0.3610619469026549,E2 앞쪽 부품 안 (pair_pos=0),공정 값 23,신경망,
MLP,22,1.1329237308450366e-05,0.04031262777676162,0.0,0.0,0.25,0.07058823529411765,0.75,0.037037037037037035,0.4956140350877193,E2 앞쪽 부품 안 (pair_pos=0),공정 값 23,신경망,
MLP,23,0.0033379791993916035,0.031236046331940846,0.0,0.0,0.0,0.0,0.0,0.0,0.35526315789473684,E2 앞쪽 부품 안 (pair_pos=0),공정 값 23,신경망,
MLP,24,0.001505068567390951,0.04409634804060974,0.0,0.0,0.2,0.08163265306122448,0.4,0.045454545454545456,0.43716814159292033,E2 앞쪽 부품 안 (pair_pos=0),공정 값 23,신경망,
MLP,25,0.03191279469789394,0.04979762872017092,0.0,0.2,0.2,0.0,0.0,0.0,0.49473684210526314,E2 앞쪽 부품 안 (pair_pos=0),공정 값 23,신경망,
MLP,26,1.3060608394923023e-07,0.04788972320766705,0.0,0.25,0.25,0.06956521739130435,1.0,0.036036036036036036,0.5614035087719298,E2 앞쪽 부품 안 (pair_pos=0),공정 값 23,신경망,
MLP,27,4.153573859614389e-06,0.04669283282886858,0.2,0.2,0.2,0.07476635514018691,0.8,0.0392156862745098,0.35929203539823007,E2 앞쪽 부품 안 (pair_pos=0),공정 값 23,신경망,
MLP,28,1.152281692257319e-05,0.04786261993141272,0.0,0.2,0.2,0.06060606060606061,0.6,0.031914893617021274,0.4371681415929204,E2 앞쪽 부품 안 (pair_pos=0),공정 값 23,신경망,
MLP,29,5.9161576832948564e-08,0.027755929808168614,0.0,0.0,0.0,0.06896551724137931,1.0,0.03571428571428571,0.26535087719298245,E2 앞쪽 부품 안 (pair_pos=0),공정 값 23,신경망,
MLP,30,0.0004734736143175474,0.04508257648847595,0.0,0.0,0.2,0.0392156862745098,0.2,0.021739130434782608,0.45614035087719296,E2 앞쪽 부품 안 (pair_pos=0),공정 값 23,신경망,
MLP,31,6.694866787256594e-08,0.07498196248196248,0.2,0.2,0.2,0.08695652173913043,1.0,0.045454545454545456,0.5433628318584071,E2 앞쪽 부품 안 (pair_pos=0),공정 값 23,신경망,
MLP,32,3.0682499844005574e-06,0.033349618218550155,0.0,0.0,0.0,0.0761904761904762,1.0,0.039603960396039604,0.3969298245614035,E2 앞쪽 부품 안 (pair_pos=0),공정 값 23,신경망,
MLP,33,4.227070868241497e-05,0.037114751049471276,0.0,0.0,0.25,0.05194805194805195,0.5,0.0273972602739726,0.4583333333333333,E2 앞쪽 부품 안 (pair_pos=0),공정 값 23,신경망,
MLP,34,1.1508845763771933e-06,0.038929732619118945,0.0,0.0,0.0,0.08695652173913043,1.0,0.045454545454545456,0.36991150442477877,E2 앞쪽 부품 안 (pair_pos=0),공정 값 23,신경망,
MLP,35,3.1046379207089955e-07,0.05501283101283101,0.0,0.2,0.2,0.0847457627118644,1.0,0.04424778761061947,0.5543859649122806,E2 앞쪽 부품 안 (pair_pos=0),공정 값 23,신경망,
MLP,36,1.9721276619656102e-05,0.05926281522303308,0.2,0.2,0.2,0.08247422680412371,0.8,0.043478260869565216,0.504424778761062,E2 앞쪽 부품 안 (pair_pos=0),공정 값 23,신경망,
MLP,37,1.4330293348981259e-05,0.04146417092689661,0.0,0.25,0.25,0.0594059405940594,0.75,0.030927835051546393,0.4671052631578947,E2 앞쪽 부품 안 (pair_pos=0),공정 값 23,신경망,
MLP,38,6.353221294614828e-05,0.03138393503920623,0.0,0.0,0.0,0.02564102564102564,0.2,0.0136986301369863,0.22477876106194694,E2 앞쪽 부품 안 (pair_pos=0),공정 값 23,신경망,
MLP,39,3.1485851525367654e-05,0.030543422643104508,0.0,0.0,0.0,0.025,0.25,0.013157894736842105,0.3267543859649123,E2 앞쪽 부품 안 (pair_pos=0),공정 값 23,신경망,
MLP,40,5.132824243143019e-06,0.061205980411125224,0.2,0.4,0.4,0.08849557522123894,1.0,0.046296296296296294,0.4842105263157895,E2 앞쪽 부품 안 (pair_pos=0),공정 값 23,신경망,
MLP,41,0.006613406246130842,0.037454130960228524,0.0,0.0,0.0,0.0,0.0,0.0,0.4364035087719298,E2 앞쪽 부품 안 (pair_pos=0),공정 값 23,신경망,
MLP,42,3.658520417252804e-05,0.040406761878339546,0.0,0.0,0.0,0.07920792079207921,0.8,0.041666666666666664,0.4070796460176991,E2 앞쪽 부품 안 (pair_pos=0),공정 값 23,신경망,
MLP,43,2.339971677392432e-07,0.04631196057611152,0.0,0.0,0.0,0.09009009009009009,1.0,0.04716981132075472,0.4796460176991151,E2 앞쪽 부품 안 (pair_pos=0),공정 값 23,신경망,
MLP,44,2.1596302088753126e-05,0.04623571543537744,0.0,0.25,0.5,0.04819277108433735,0.5,0.02531645569620253,0.4649122807017544,E2 앞쪽 부품 안 (pair_pos=0),공정 값 23,신경망,
MLP,45,0.0036214417463631817,0.046171313767221694,0.0,0.0,0.0,0.0,0.0,0.0,0.4859649122807018,E2 앞쪽 부품 안 (pair_pos=0),공정 값 23,신경망,
MLP,46,0.012171368319699465,0.04034201836241082,0.0,0.0,0.25,0.0,0.0,0.0,0.4692982456140351,E2 앞쪽 부품 안 (pair_pos=0),공정 값 23,신경망,
MLP,47,0.00018749138426296628,0.03323683310385438,0.0,0.0,0.0,0.0392156862745098,0.25,0.02127659574468085,0.3903508771929825,E2 앞쪽 부품 안 (pair_pos=0),공정 값 23,신경망,
MLP,48,6.971326267822809e-09,0.08907287858753987,0.0,0.4,0.6,0.08264462809917356,1.0,0.04310344827586207,0.7309734513274336,E2 앞쪽 부품 안 (pair_pos=0),공정 값 23,신경망,
MLP,49,0.09563199331803442,0.040689779404538114,0.0,0.0,0.0,0.0,0.0,0.0,0.41238938053097346,E2 앞쪽 부품 안 (pair_pos=0),공정 값 23,신경망,
결정트리 (depth 4),0,0.7743589743589745,0.03813506107335757,0.0,0.0,0.0,0.0,0.0,0.0,0.368421052631579,E2 앞쪽 부품 안 (pair_pos=0),공정 값 23,트리,
결정트리 (depth 4),1,0.6990740740740744,0.03500624804748516,0.0,0.0,0.0,0.0,0.0,0.0,0.4232456140350877,E2 앞쪽 부품 안 (pair_pos=0),공정 값 23,트리,
결정트리 (depth 4),2,0.3515081206496512,0.06580302072558711,0.25,0.5,0.5,0.08823529411764706,0.75,0.046875,0.5767543859649122,E2 앞쪽 부품 안 (pair_pos=0),공정 값 23,트리,
결정트리 (depth 4),3,0.8167115902964952,0.09219998611089114,0.2,0.2,0.4,0.2,0.2,0.2,0.5168141592920353,E2 앞쪽 부품 안 (pair_pos=0),공정 값 23,트리,
결정트리 (depth 4),4,0.7339771729587367,0.10170699355481964,0.2,0.2,0.4,0.0,0.0,0.0,0.6176991150442478,E2 앞쪽 부품 안 (pair_pos=0),공정 값 23,트리,
결정트리 (depth 4),5,0.8105939004815408,0.11628999179655455,0.2,0.2,0.4,0.18181818181818182,0.2,0.16666666666666666,0.5894736842105263,E2 앞쪽 부품 안 (pair_pos=0),공정 값 23,트리,
결정트리 (depth 4),6,0.6785714285714298,0.04081722060445465,0.0,0.2,0.2,0.03636363636363636,0.2,0.02,0.3398230088495575,E2 앞쪽 부품 안 (pair_pos=0),공정 값 23,트리,
결정트리 (depth 4),7,0.0,0.03935797469409108,0.0,0.0,0.0,0.08130081300813008,1.0,0.0423728813559322,0.3911504424778761,E2 앞쪽 부품 안 (pair_pos=0),공정 값 23,트리,
결정트리 (depth 4),8,0.6824324324324306,0.03301586916057916,0.0,0.0,0.25,0.0,0.0,0.0,0.3574561403508772,E2 앞쪽 부품 안 (pair_pos=0),공정 값 23,트리,
결정트리 (depth 4),9,0.0,0.028122914239935518,0.0,0.0,0.0,0.06557377049180328,1.0,0.03389830508474576,0.25877192982456143,E2 앞쪽 부품 안 (pair_pos=0),공정 값 23,트리,
결정트리 (depth 4),10,0.8153347732181425,0.03230165013801285,0.0,0.0,0.0,0.0,0.0,0.0,0.2614035087719298,E2 앞쪽 부품 안 (pair_pos=0),공정 값 23,트리,
결정트리 (depth 4),11,0.0,0.0724082908653548,0.25,0.25,0.5,0.06557377049180328,1.0,0.03389830508474576,0.5921052631578947,E2 앞쪽 부품 안 (pair_pos=0),공정 값 23,트리,
결정트리 (depth 4),12,0.7524834437086102,0.07400901466846752,0.25,0.25,0.25,0.11764705882352941,0.25,0.07692307692307693,0.4057017543859649,E2 앞쪽 부품 안 (pair_pos=0),공정 값 23,트리,
결정트리 (depth 4),13,0.0,0.08219430842381661,0.2,0.2,0.6,0.08130081300813008,1.0,0.0423728813559322,0.6902654867256637,E2 앞쪽 부품 안 (pair_pos=0),공정 값 23,트리,
결정트리 (depth 4),14,0.718830610490113,0.04517709131929746,0.0,0.0,0.2,0.0,0.0,0.0,0.4725663716814159,E2 앞쪽 부품 안 (pair_pos=0),공정 값 23,트리,
결정트리 (depth 4),15,0.0,0.06376010101010102,0.2,0.2,0.4,0.08064516129032258,1.0,0.04201680672268908,0.5263157894736842,E2 앞쪽 부품 안 (pair_pos=0),공정 값 23,트리,
결정트리 (depth 4),16,0.0,0.3046960072595281,0.25,0.5,0.5,0.06557377049180328,1.0,0.03389830508474576,0.6293859649122806,E2 앞쪽 부품 안 (pair_pos=0),공정 값 23,트리,
결정트리 (depth 4),17,0.8054226475279094,0.13769379549040567,0.2,0.2,0.4,0.18181818181818182,0.2,0.16666666666666666,0.47787610619469034,E2 앞쪽 부품 안 (pair_pos=0),공정 값 23,트리,
결정트리 (depth 4),18,0.0,0.10867425794742697,0.2,0.2,0.8,0.08130081300813008,1.0,0.0423728813559322,0.6867256637168141,E2 앞쪽 부품 안 (pair_pos=0),공정 값 23,트리,
결정트리 (depth 4),19,0.0,0.0792463446828674,0.25,0.5,0.5,0.06557377049180328,1.0,0.03389830508474576,0.5526315789473684,E2 앞쪽 부품 안 (pair_pos=0),공정 값 23,트리,
결정트리 (depth 4),20,0.0,0.056226851133683434,0.2,0.2,0.2,0.08064516129032258,1.0,0.04201680672268908,0.4982456140350877,E2 앞쪽 부품 안 (pair_pos=0),공정 값 23,트리,
결정트리 (depth 4),21,1.0,0.08287063891717542,0.2,0.4,0.4,0.0,0.0,0.0,0.4707964601769912,E2 앞쪽 부품 안 (pair_pos=0),공정 값 23,트리,
결정트리 (depth 4),22,0.7503714710252588,0.11150033271029622,0.25,0.25,0.25,0.0,0.0,0.0,0.4583333333333333,E2 앞쪽 부품 안 (pair_pos=0),공정 값 23,트리,
결정트리 (depth 4),23,0.7415565345080748,0.05526539071861135,0.25,0.25,0.25,0.0,0.0,0.0,0.4714912280701754,E2 앞쪽 부품 안 (pair_pos=0),공정 값 23,트리,
결정트리 (depth 4),24,0.0,0.04351365546762047,0.2,0.2,0.2,0.08130081300813008,1.0,0.0423728813559322,0.2849557522123894,E2 앞쪽 부품 안 (pair_pos=0),공정 값 23,트리,
결정트리 (depth 4),25,0.7062937062937046,0.054108146838398014,0.0,0.2,0.4,0.08333333333333333,0.2,0.05263157894736842,0.5017543859649123,E2 앞쪽 부품 안 (pair_pos=0),공정 값 23,트리,
결정트리 (depth 4),26,0.0,0.03630460958843215,0.0,0.25,0.25,0.06557377049180328,1.0,0.03389830508474576,0.3508771929824561,E2 앞쪽 부품 안 (pair_pos=0),공정 값 23,트리,
결정트리 (depth 4),27,0.0,0.054872573946455824,0.2,0.2,0.2,0.08130081300813008,1.0,0.0423728813559322,0.4938053097345133,E2 앞쪽 부품 안 (pair_pos=0),공정 값 23,트리,
결정트리 (depth 4),28,0.0,0.06290668094791807,0.2,0.2,0.4,0.08130081300813008,1.0,0.0423728813559322,0.463716814159292,E2 앞쪽 부품 안 (pair_pos=0),공정 값 23,트리,
결정트리 (depth 4),29,0.0,0.041524086242396105,0.0,0.25,0.25,0.06557377049180328,1.0,0.03389830508474576,0.48464912280701755,E2 앞쪽 부품 안 (pair_pos=0),공정 값 23,트리,
결정트리 (depth 4),30,0.0,0.04052384252384252,0.0,0.0,0.0,0.08064516129032258,1.0,0.04201680672268908,0.4052631578947369,E2 앞쪽 부품 안 (pair_pos=0),공정 값 23,트리,
결정트리 (depth 4),31,0.0,0.049882296026073115,0.0,0.0,0.4,0.08130081300813008,1.0,0.0423728813559322,0.49911504424778763,E2 앞쪽 부품 안 (pair_pos=0),공정 값 23,트리,
결정트리 (depth 4),32,0.0,0.06899052661716154,0.25,0.5,0.5,0.06557377049180328,1.0,0.03389830508474576,0.5592105263157894,E2 앞쪽 부품 안 (pair_pos=0),공정 값 23,트리,
결정트리 (depth 4),33,0.7013888888888874,0.10397812971342384,0.25,0.5,0.5,0.08888888888888889,0.5,0.04878048780487805,0.6008771929824561,E2 앞쪽 부품 안 (pair_pos=0),공정 값 23,트리,
결정트리 (depth 4),34,0.0,0.03220544505945383,0.0,0.0,0.0,0.08130081300813008,1.0,0.0423728813559322,0.2530973451327434,E2 앞쪽 부품 안 (pair_pos=0),공정 값 23,트리,
결정트리 (depth 4),35,0.7933450087565675,0.0327146951106248,0.0,0.0,0.0,0.0,0.0,0.0,0.26315789473684215,E2 앞쪽 부품 안 (pair_pos=0),공정 값 23,트리,
결정트리 (depth 4),36,0.5321390937829286,0.06057564869902466,0.2,0.2,0.4,0.06896551724137931,0.4,0.03773584905660377,0.4017699115044248,E2 앞쪽 부품 안 (pair_pos=0),공정 값 23,트리,
결정트리 (depth 4),37,0.0,0.04501976255867009,0.0,0.25,0.5,0.06557377049180328,1.0,0.03389830508474576,0.41228070175438597,E2 앞쪽 부품 안 (pair_pos=0),공정 값 23,트리,
결정트리 (depth 4),38,0.7677954388389759,0.03063170962541402,0.0,0.0,0.0,0.0,0.0,0.0,0.20530973451327436,E2 앞쪽 부품 안 (pair_pos=0),공정 값 23,트리,
결정트리 (depth 4),39,0.0,0.3376682194616977,0.25,0.75,1.0,0.06557377049180328,1.0,0.03389830508474576,0.8530701754385965,E2 앞쪽 부품 안 (pair_pos=0),공정 값 23,트리,
결정트리 (depth 4),40,0.0,0.04514569179883582,0.0,0.0,0.2,0.08064516129032258,1.0,0.04201680672268908,0.45789473684210524,E2 앞쪽 부품 안 (pair_pos=0),공정 값 23,트리,
결정트리 (depth 4),41,0.0,0.0548884587706891,0.25,0.25,0.5,0.06557377049180328,1.0,0.03389830508474576,0.5307017543859649,E2 앞쪽 부품 안 (pair_pos=0),공정 값 23,트리,
결정트리 (depth 4),42,0.0,0.2504644904644905,0.2,0.4,0.4,0.08130081300813008,1.0,0.0423728813559322,0.608849557522124,E2 앞쪽 부품 안 (pair_pos=0),공정 값 23,트리,
결정트리 (depth 4),43,0.16805324459234602,0.10427999631946999,0.2,0.6,0.6,0.10526315789473684,0.8,0.056338028169014086,0.6743362831858407,E2 앞쪽 부품 안 (pair_pos=0),공정 값 23,트리,
결정트리 (depth 4),44,0.0,0.28692422274845314,0.25,0.25,0.25,0.06557377049180328,1.0,0.03389830508474576,0.5921052631578947,E2 앞쪽 부품 안 (pair_pos=0),공정 값 23,트리,
결정트리 (depth 4),45,0.0,0.044914685120845683,0.0,0.2,0.2,0.08064516129032258,1.0,0.04201680672268908,0.4473684210526316,E2 앞쪽 부품 안 (pair_pos=0),공정 값 23,트리,
결정트리 (depth 4),46,0.6981566820276517,0.024801421279652937,0.0,0.0,0.0,0.0,0.0,0.0,0.18201754385964913,E2 앞쪽 부품 안 (pair_pos=0),공정 값 23,트리,
결정트리 (depth 4),47,0.7709982129180493,0.0572874149659864,0.0,0.25,0.5,0.0,0.0,0.0,0.5614035087719298,E2 앞쪽 부품 안 (pair_pos=0),공정 값 23,트리,
결정트리 (depth 4),48,0.6917808219178068,0.060740483895823705,0.2,0.2,0.2,0.0,0.0,0.0,0.5238938053097345,E2 앞쪽 부품 안 (pair_pos=0),공정 값 23,트리,
결정트리 (depth 4),49,0.6565874730021607,0.061134318497332196,0.0,0.4,0.4,0.05970149253731343,0.4,0.03225806451612903,0.5486725663716814,E2 앞쪽 부품 안 (pair_pos=0),공정 값 23,트리,
랜덤포레스트,0,0.4802460742678295,0.03149520237980498,0.0,0.0,0.0,0.0,0.0,0.0,0.2385964912280702,E2 앞쪽 부품 안 (pair_pos=0),공정 값 23,트리,
랜덤포레스트,1,0.35942030028448063,0.03420970510220003,0.0,0.0,0.25,0.0,0.0,0.0,0.38815789473684215,E2 앞쪽 부품 안 (pair_pos=0),공정 값 23,트리,
랜덤포레스트,2,0.20408688979688164,0.09738103488103488,0.5,0.5,0.5,0.10526315789473684,0.5,0.058823529411764705,0.6995614035087719,E2 앞쪽 부품 안 (pair_pos=0),공정 값 23,트리,
랜덤포레스트,3,0.2289749777847231,0.059144152033090966,0.0,0.2,0.4,0.07407407407407407,0.2,0.045454545454545456,0.5079646017699115,E2 앞쪽 부품 안 (pair_pos=0),공정 값 23,트리,
랜덤포레스트,4,0.4453440893275305,0.07294278548997414,0.0,0.4,0.4,0.0,0.0,0.0,0.6389380530973452,E2 앞쪽 부품 안 (pair_pos=0),공정 값 23,트리,
랜덤포레스트,5,0.2569574194436162,0.06901676222328396,0.0,0.4,0.6,0.14285714285714285,0.4,0.08695652173913043,0.5947368421052631,E2 앞쪽 부품 안 (pair_pos=0),공정 값 23,트리,
랜덤포레스트,6,0.264771828043808,0.13311434816951084,0.2,0.2,0.2,0.07407407407407407,0.2,0.045454545454545456,0.41592920353982304,E2 앞쪽 부품 안 (pair_pos=0),공정 값 23,트리,
랜덤포레스트,7,0.028827633678273276,0.044309523737933065,0.0,0.2,0.2,0.0847457627118644,1.0,0.04424778761061947,0.3893805309734513,E2 앞쪽 부품 안 (pair_pos=0),공정 값 23,트리,
랜덤포레스트,8,0.5152851123060681,0.061619686188651705,0.0,0.0,0.75,0.0,0.0,0.0,0.6798245614035088,E2 앞쪽 부품 안 (pair_pos=0),공정 값 23,트리,
랜덤포레스트,9,0.3281299039166607,0.047105815147052255,0.0,0.25,0.5,0.0,0.0,0.0,0.5021929824561404,E2 앞쪽 부품 안 (pair_pos=0),공정 값 23,트리,
랜덤포레스트,10,0.21392559569237132,0.03685682777218498,0.0,0.0,0.0,0.0,0.0,0.0,0.3473684210526316,E2 앞쪽 부품 안 (pair_pos=0),공정 값 23,트리,
랜덤포레스트,11,0.26742706881727396,0.056168640924738486,0.25,0.25,0.25,0.06666666666666667,0.25,0.038461538461538464,0.5570175438596491,E2 앞쪽 부품 안 (pair_pos=0),공정 값 23,트리,
랜덤포레스트,12,0.23987511223809937,0.07429110105580694,0.25,0.25,0.25,0.07407407407407407,0.25,0.043478260869565216,0.5614035087719298,E2 앞쪽 부품 안 (pair_pos=0),공정 값 23,트리,
랜덤포레스트,13,0.004930555555555555,0.20093693540502056,0.4,0.8,0.8,0.08130081300813008,1.0,0.0423728813559322,0.8672566371681416,E2 앞쪽 부품 안 (pair_pos=0),공정 값 23,트리,
랜덤포레스트,14,0.2465256691663054,0.05472196893002195,0.0,0.2,0.2,0.0,0.0,0.0,0.5486725663716814,E2 앞쪽 부품 안 (pair_pos=0),공정 값 23,트리,
랜덤포레스트,15,0.34928391320044827,0.06460055759654806,0.0,0.2,0.4,0.0,0.0,0.0,0.6245614035087719,E2 앞쪽 부품 안 (pair_pos=0),공정 값 23,트리,
랜덤포레스트,16,0.11925028556397363,0.03532182103610675,0.0,0.0,0.0,0.05194805194805195,0.5,0.0273972602739726,0.4298245614035088,E2 앞쪽 부품 안 (pair_pos=0),공정 값 23,트리,
랜덤포레스트,17,0.02792705478502692,0.10904035688349414,0.2,0.4,0.6,0.08849557522123894,1.0,0.046296296296296294,0.7061946902654868,E2 앞쪽 부품 안 (pair_pos=0),공정 값 23,트리,
랜덤포레스트,18,0.02741363443917623,0.10978809720745204,0.2,0.2,0.6,0.08695652173913043,1.0,0.045454545454545456,0.6371681415929203,E2 앞쪽 부품 안 (pair_pos=0),공정 값 23,트리,
랜덤포레스트,19,0.3735509810888811,0.03674323361823362,0.0,0.0,0.25,0.0,0.0,0.0,0.4342105263157895,E2 앞쪽 부품 안 (pair_pos=0),공정 값 23,트리,
랜덤포레스트,20,0.14940185374832957,0.042770876654461346,0.0,0.0,0.2,0.057971014492753624,0.4,0.03125,0.4298245614035088,E2 앞쪽 부품 안 (pair_pos=0),공정 값 23,트리,
랜덤포레스트,21,0.03688072968520539,0.05013347763347763,0.0,0.0,0.4,0.08849557522123894,1.0,0.046296296296296294,0.5026548672566372,E2 앞쪽 부품 안 (pair_pos=0),공정 값 23,트리,
랜덤포레스트,22,0.0672664639307189,0.08298059964726631,0.25,0.5,0.5,0.08421052631578947,1.0,0.04395604395604396,0.6885964912280702,E2 앞쪽 부품 안 (pair_pos=0),공정 값 23,트리,
랜덤포레스트,23,0.1751344301305428,0.2750913742690059,0.25,0.25,0.25,0.046511627906976744,0.25,0.02564102564102564,0.4364035087719298,E2 앞쪽 부품 안 (pair_pos=0),공정 값 23,트리,
랜덤포레스트,24,0.04212784595578713,0.07186999974156487,0.2,0.2,0.2,0.07339449541284404,0.8,0.038461538461538464,0.3946902654867257,E2 앞쪽 부품 안 (pair_pos=0),공정 값 23,트리,
랜덤포레스트,25,0.3309758050108036,0.05954253897406667,0.0,0.0,0.4,0.0,0.0,0.0,0.5719298245614035,E2 앞쪽 부품 안 (pair_pos=0),공정 값 23,트리,
랜덤포레스트,26,0.03692513035083972,0.05308251693927754,0.25,0.25,0.25,0.0625,0.75,0.03260869565217391,0.48026315789473684,E2 앞쪽 부품 안 (pair_pos=0),공정 값 23,트리,
랜덤포레스트,27,0.07162056996213681,0.23695343594351392,0.2,0.2,0.2,0.1,1.0,0.05263157894736842,0.5008849557522124,E2 앞쪽 부품 안 (pair_pos=0),공정 값 23,트리,
랜덤포레스트,28,0.49175678392095334,0.11562103865936618,0.4,0.4,0.6,0.0,0.0,0.0,0.7026548672566373,E2 앞쪽 부품 안 (pair_pos=0),공정 값 23,트리,
랜덤포레스트,29,0.010333333333333333,0.07017633735979292,0.25,0.25,0.5,0.06557377049180328,1.0,0.03389830508474576,0.6710526315789473,E2 앞쪽 부품 안 (pair_pos=0),공정 값 23,트리,
랜덤포레스트,30,0.1367066723435655,0.04983849305444864,0.0,0.0,0.0,0.07017543859649122,0.4,0.038461538461538464,0.5245614035087719,E2 앞쪽 부품 안 (pair_pos=0),공정 값 23,트리,
랜덤포레스트,31,0.14147227023500347,0.09383222625393992,0.2,0.4,0.4,0.09090909090909091,0.4,0.05128205128205128,0.6814159292035398,E2 앞쪽 부품 안 (pair_pos=0),공정 값 23,트리,
랜덤포레스트,32,0.1896690372271372,0.1226002277982476,0.25,0.25,0.5,0.10256410256410256,0.5,0.05714285714285714,0.5745614035087718,E2 앞쪽 부품 안 (pair_pos=0),공정 값 23,트리,
랜덤포레스트,33,0.285298996227033,0.058386613386613384,0.25,0.25,0.5,0.08,0.25,0.047619047619047616,0.4758771929824561,E2 앞쪽 부품 안 (pair_pos=0),공정 값 23,트리,
랜덤포레스트,34,0.003010752688172043,0.054164912096010105,0.0,0.2,0.2,0.08196721311475409,1.0,0.042735042735042736,0.55929203539823,E2 앞쪽 부품 안 (pair_pos=0),공정 값 23,트리,
랜덤포레스트,35,0.4035015380670505,0.04325749683259483,0.0,0.0,0.2,0.0,0.0,0.0,0.45263157894736844,E2 앞쪽 부품 안 (pair_pos=0),공정 값 23,트리,
랜덤포레스트,36,0.1980196966524557,0.04171642693390115,0.0,0.0,0.2,0.05128205128205128,0.2,0.029411764705882353,0.4,E2 앞쪽 부품 안 (pair_pos=0),공정 값 23,트리,
랜덤포레스트,37,0.28187932538735855,0.029921862492733948,0.0,0.0,0.0,0.0,0.0,0.0,0.3223684210526316,E2 앞쪽 부품 안 (pair_pos=0),공정 값 23,트리,
랜덤포레스트,38,0.26437693990282135,0.05578624274276448,0.0,0.4,0.4,0.0,0.0,0.0,0.504424778761062,E2 앞쪽 부품 안 (pair_pos=0),공정 값 23,트리,
랜덤포레스트,39,0.10346312507907583,0.1720196353436185,0.5,0.5,0.75,0.09090909090909091,1.0,0.047619047619047616,0.7741228070175439,E2 앞쪽 부품 안 (pair_pos=0),공정 값 23,트리,
랜덤포레스트,40,0.2805588844096865,0.09161302400151626,0.2,0.4,0.4,0.2,0.4,0.13333333333333333,0.5859649122807018,E2 앞쪽 부품 안 (pair_pos=0),공정 값 23,트리,
랜덤포레스트,41,0.42106813946233146,0.04075048310990295,0.0,0.25,0.25,0.0,0.0,0.0,0.4780701754385965,E2 앞쪽 부품 안 (pair_pos=0),공정 값 23,트리,
랜덤포레스트,42,0.01167003367003367,0.04108941520124412,0.0,0.0,0.0,0.08130081300813008,1.0,0.0423728813559322,0.415929203539823,E2 앞쪽 부품 안 (pair_pos=0),공정 값 23,트리,
랜덤포레스트,43,0.029658192143105933,0.14717243419106774,0.2,0.2,0.4,0.08547008547008547,1.0,0.044642857142857144,0.6035398230088496,E2 앞쪽 부품 안 (pair_pos=0),공정 값 23,트리,
랜덤포레스트,44,0.12152895422969986,0.05718708165997322,0.25,0.25,0.25,0.0821917808219178,0.75,0.043478260869565216,0.5899122807017544,E2 앞쪽 부품 안 (pair_pos=0),공정 값 23,트리,
랜덤포레스트,45,0.14227464304598278,0.07289612997444324,0.2,0.4,0.4,0.08163265306122448,0.4,0.045454545454545456,0.5473684210526315,E2 앞쪽 부품 안 (pair_pos=0),공정 값 23,트리,
랜덤포레스트,46,0.29253085723349176,0.04226195346327956,0.0,0.0,0.0,0.0,0.0,0.0,0.5153508771929824,E2 앞쪽 부품 안 (pair_pos=0),공정 값 23,트리,
랜덤포레스트,47,0.3625692315531725,0.042134039298077394,0.0,0.0,0.25,0.0,0.0,0.0,0.5241228070175439,E2 앞쪽 부품 안 (pair_pos=0),공정 값 23,트리,
랜덤포레스트,48,0.11093471907101704,0.0914903062128102,0.2,0.4,0.4,0.10810810810810811,0.8,0.057971014492753624,0.608849557522124,E2 앞쪽 부품 안 (pair_pos=0),공정 값 23,트리,
랜덤포레스트,49,0.09120584727133368,0.24033107052909036,0.2,0.2,0.2,0.06382978723404255,0.6,0.033707865168539325,0.5132743362831859,E2 앞쪽 부품 안 (pair_pos=0),공정 값 23,트리,
엑스트라트리,0,0.0850634284216412,0.036332421463297036,0.0,0.0,0.0,0.04938271604938271,0.4,0.02631578947368421,0.3385964912280702,E2 앞쪽 부품 안 (pair_pos=0),공정 값 23,트리,
엑스트라트리,1,0.17429372212597258,0.03724749848354965,0.0,0.25,0.25,0.05263157894736842,0.25,0.029411764705882353,0.40131578947368424,E2 앞쪽 부품 안 (pair_pos=0),공정 값 23,트리,
엑스트라트리,2,0.1634197978102269,0.056912040484266846,0.0,0.25,0.5,0.11764705882352941,0.5,0.06666666666666667,0.6030701754385965,E2 앞쪽 부품 안 (pair_pos=0),공정 값 23,트리,
엑스트라트리,3,0.20951365994327445,0.0779262357228459,0.2,0.4,0.4,0.0,0.0,0.0,0.5557522123893806,E2 앞쪽 부품 안 (pair_pos=0),공정 값 23,트리,
엑스트라트리,4,0.16627537573290843,0.059748641429492495,0.0,0.0,0.4,0.06666666666666667,0.2,0.04,0.5911504424778762,E2 앞쪽 부품 안 (pair_pos=0),공정 값 23,트리,
엑스트라트리,5,0.12971946149632635,0.04948099552223263,0.0,0.0,0.4,0.1,0.6,0.05454545454545454,0.5070175438596491,E2 앞쪽 부품 안 (pair_pos=0),공정 값 23,트리,
엑스트라트리,6,0.1694702043475361,0.047665732959850604,0.0,0.2,0.2,0.05405405405405406,0.2,0.03125,0.4194690265486726,E2 앞쪽 부품 안 (pair_pos=0),공정 값 23,트리,
엑스트라트리,7,0.10370508315916196,0.05070349193383704,0.0,0.4,0.4,0.05333333333333334,0.4,0.02857142857142857,0.42300884955752216,E2 앞쪽 부품 안 (pair_pos=0),공정 값 23,트리,
엑스트라트리,8,0.3217947253346331,0.10411414565826331,0.0,0.5,1.0,0.0,0.0,0.0,0.817982456140351,E2 앞쪽 부품 안 (pair_pos=0),공정 값 23,트리,
엑스트라트리,9,0.10947400868280566,0.04839949376466231,0.0,0.25,0.5,0.07272727272727272,0.5,0.0392156862745098,0.493421052631579,E2 앞쪽 부품 안 (pair_pos=0),공정 값 23,트리,
엑스트라트리,10,0.10413037468732363,0.05985321519912313,0.0,0.0,0.6,0.10666666666666667,0.8,0.05714285714285714,0.5596491228070175,E2 앞쪽 부품 안 (pair_pos=0),공정 값 23,트리,
엑스트라트리,11,0.13858231893816794,0.06398046398046398,0.0,0.5,0.5,0.07142857142857142,0.5,0.038461538461538464,0.5964912280701754,E2 앞쪽 부품 안 (pair_pos=0),공정 값 23,트리,
엑스트라트리,12,0.16756507939253415,0.03794191919191919,0.0,0.25,0.25,0.05,0.25,0.027777777777777776,0.42543859649122806,E2 앞쪽 부품 안 (pair_pos=0),공정 값 23,트리,
엑스트라트리,13,0.01899889892025412,0.07142954469923563,0.0,0.2,0.6,0.08130081300813008,1.0,0.0423728813559322,0.6743362831858406,E2 앞쪽 부품 안 (pair_pos=0),공정 값 23,트리,
엑스트라트리,14,0.1964738603252515,0.06638765564654564,0.0,0.2,0.4,0.09090909090909091,0.2,0.058823529411764705,0.6123893805309735,E2 앞쪽 부품 안 (pair_pos=0),공정 값 23,트리,
엑스트라트리,15,0.014608920778744787,0.06990654485380224,0.2,0.2,0.4,0.08064516129032258,1.0,0.04201680672268908,0.5228070175438597,E2 앞쪽 부품 안 (pair_pos=0),공정 값 23,트리,
엑스트라트리,16,0.12259358850538468,0.04596318638092772,0.0,0.0,0.0,0.09090909090909091,0.75,0.04838709677419355,0.5701754385964912,E2 앞쪽 부품 안 (pair_pos=0),공정 값 23,트리,
엑스트라트리,17,0.02354542591590546,0.0907020757020757,0.0,0.2,0.8,0.08130081300813008,1.0,0.0423728813559322,0.7238938053097345,E2 앞쪽 부품 안 (pair_pos=0),공정 값 23,트리,
엑스트라트리,18,0.025187682787995005,0.05164214416911039,0.0,0.0,0.2,0.08196721311475409,1.0,0.042735042735042736,0.5168141592920354,E2 앞쪽 부품 안 (pair_pos=0),공정 값 23,트리,
엑스트라트리,19,0.13492586920402883,0.04048066450062173,0.0,0.0,0.0,0.07272727272727272,0.5,0.0392156862745098,0.49780701754385964,E2 앞쪽 부품 안 (pair_pos=0),공정 값 23,트리,
엑스트라트리,20,0.14064847688312038,0.049836727044245854,0.0,0.0,0.2,0.10344827586206896,0.6,0.05660377358490566,0.5140350877192983,E2 앞쪽 부품 안 (pair_pos=0),공정 값 23,트리,
엑스트라트리,21,0.12379243874112146,0.04226732895863276,0.0,0.0,0.2,0.0784313725490196,0.4,0.043478260869565216,0.42123893805309737,E2 앞쪽 부품 안 (pair_pos=0),공정 값 23,트리,
엑스트라트리,22,0.030058271612419904,0.0482165404040404,0.0,0.0,0.5,0.06779661016949153,1.0,0.03508771929824561,0.5767543859649122,E2 앞쪽 부품 안 (pair_pos=0),공정 값 23,트리,
엑스트라트리,23,0.21918901830052281,0.05722957597957598,0.25,0.25,0.25,0.09523809523809523,0.25,0.058823529411764705,0.4364035087719298,E2 앞쪽 부품 안 (pair_pos=0),공정 값 23,트리,
엑스트라트리,24,0.05137668468315677,0.05860634966797359,0.2,0.2,0.2,0.07017543859649122,0.8,0.03669724770642202,0.4389380530973451,E2 앞쪽 부품 안 (pair_pos=0),공정 값 23,트리,
엑스트라트리,25,0.25397161392532736,0.06075867433698759,0.0,0.2,0.4,0.0,0.0,0.0,0.5403508771929825,E2 앞쪽 부품 안 (pair_pos=0),공정 값 23,트리,
엑스트라트리,26,0.2226134492371447,0.03464536778087798,0.0,0.0,0.0,0.0,0.0,0.0,0.42105263157894735,E2 앞쪽 부품 안 (pair_pos=0),공정 값 23,트리,
엑스트라트리,27,0.18159197463271295,0.06053970741901776,0.0,0.2,0.2,0.06896551724137931,0.2,0.041666666666666664,0.5876106194690266,E2 앞쪽 부품 안 (pair_pos=0),공정 값 23,트리,
엑스트라트리,28,0.2483109460655396,0.07431786402667934,0.0,0.4,0.6,0.0,0.0,0.0,0.5858407079646019,E2 앞쪽 부품 안 (pair_pos=0),공정 값 23,트리,
엑스트라트리,29,0.024303497483555092,0.04743296871873541,0.0,0.25,0.25,0.06611570247933884,1.0,0.03418803418803419,0.5679824561403509,E2 앞쪽 부품 안 (pair_pos=0),공정 값 23,트리,
엑스트라트리,30,0.10378756418623653,0.03901582234176982,0.0,0.0,0.0,0.05333333333333334,0.4,0.02857142857142857,0.3842105263157895,E2 앞쪽 부품 안 (pair_pos=0),공정 값 23,트리,
엑스트라트리,31,0.11334012092296376,0.059526914716788136,0.0,0.2,0.4,0.11940298507462686,0.8,0.06451612903225806,0.5982300884955752,E2 앞쪽 부품 안 (pair_pos=0),공정 값 23,트리,
엑스트라트리,32,0.2304031679587253,0.07241809116809117,0.25,0.25,0.5,0.15384615384615385,0.25,0.1111111111111111,0.6052631578947368,E2 앞쪽 부품 안 (pair_pos=0),공정 값 23,트리,
엑스트라트리,33,0.13693629885351247,0.04216588739528541,0.0,0.0,0.25,0.0784313725490196,0.5,0.0425531914893617,0.48464912280701755,E2 앞쪽 부품 안 (pair_pos=0),공정 값 23,트리,
엑스트라트리,34,0.05174540356623457,0.05199961849715795,0.0,0.2,0.2,0.08928571428571429,1.0,0.04672897196261682,0.5150442477876106,E2 앞쪽 부품 안 (pair_pos=0),공정 값 23,트리,
엑스트라트리,35,0.20258906092204707,0.058333916900093374,0.2,0.2,0.2,0.09090909090909091,0.2,0.058823529411764705,0.46491228070175444,E2 앞쪽 부품 안 (pair_pos=0),공정 값 23,트리,
엑스트라트리,36,0.18196847387790888,0.05819480155071609,0.0,0.0,0.4,0.0,0.0,0.0,0.5504424778761062,E2 앞쪽 부품 안 (pair_pos=0),공정 값 23,트리,
엑스트라트리,37,0.10915550033014121,0.027409615163321036,0.0,0.0,0.0,0.025974025974025976,0.25,0.0136986301369863,0.26315789473684215,E2 앞쪽 부품 안 (pair_pos=0),공정 값 23,트리,
엑스트라트리,38,0.20806894358180905,0.04526991124817212,0.0,0.0,0.4,0.0,0.0,0.0,0.4336283185840708,E2 앞쪽 부품 안 (pair_pos=0),공정 값 23,트리,
엑스트라트리,39,0.20022123343988396,0.07088388945062353,0.0,0.5,0.5,0.13793103448275862,0.5,0.08,0.7236842105263158,E2 앞쪽 부품 안 (pair_pos=0),공정 값 23,트리,
엑스트라트리,40,0.18193854563001802,0.06821903758103268,0.0,0.2,0.6,0.15384615384615385,0.6,0.08823529411764706,0.6105263157894737,E2 앞쪽 부품 안 (pair_pos=0),공정 값 23,트리,
엑스트라트리,41,0.2706642888332162,0.03407769032769033,0.0,0.25,0.25,0.0,0.0,0.0,0.3333333333333333,E2 앞쪽 부품 안 (pair_pos=0),공정 값 23,트리,
엑스트라트리,42,0.20708811354844361,0.04707059491916945,0.0,0.2,0.4,0.07407407407407407,0.2,0.045454545454545456,0.4300884955752212,E2 앞쪽 부품 안 (pair_pos=0),공정 값 23,트리,
엑스트라트리,43,0.016433412198509974,0.06949892644733194,0.2,0.2,0.4,0.08130081300813008,1.0,0.0423728813559322,0.624778761061947,E2 앞쪽 부품 안 (pair_pos=0),공정 값 23,트리,
엑스트라트리,44,0.03026112841429932,0.05870582905466627,0.25,0.25,0.25,0.06611570247933884,1.0,0.03418803418803419,0.5899122807017544,E2 앞쪽 부품 안 (pair_pos=0),공정 값 23,트리,
엑스트라트리,45,0.12454440972241493,0.08471791929623254,0.0,0.6,0.6,0.125,0.6,0.06976744186046512,0.6035087719298246,E2 앞쪽 부품 안 (pair_pos=0),공정 값 23,트리,
엑스트라트리,46,0.1704292725133827,0.04098889965151363,0.0,0.25,0.25,0.05263157894736842,0.25,0.029411764705882353,0.46271929824561403,E2 앞쪽 부품 안 (pair_pos=0),공정 값 23,트리,
엑스트라트리,47,0.16832747796851455,0.03948117057505181,0.0,0.0,0.0,0.0,0.0,0.0,0.48684210526315785,E2 앞쪽 부품 안 (pair_pos=0),공정 값 23,트리,
엑스트라트리,48,0.14747587754928249,0.09519558421454706,0.0,0.6,0.6,0.14634146341463414,0.6,0.08333333333333333,0.7345132743362832,E2 앞쪽 부품 안 (pair_pos=0),공정 값 23,트리,
엑스트라트리,49,0.03644242230890626,0.06267767991905923,0.0,0.4,0.4,0.0847457627118644,1.0,0.04424778761061947,0.5486725663716814,E2 앞쪽 부품 안 (pair_pos=0),공정 값 23,트리,
AdaBoost,0,0.4101932400643111,0.032058929121929106,0.0,0.0,0.0,0.0,0.0,0.0,0.256140350877193,E2 앞쪽 부품 안 (pair_pos=0),공정 값 23,부스팅,
AdaBoost,1,0.43529533913233887,0.03663994475469885,0.0,0.0,0.0,0.0,0.0,0.0,0.45175438596491224,E2 앞쪽 부품 안 (pair_pos=0),공정 값 23,부스팅,
AdaBoost,2,0.4670153019631187,0.05369408369408369,0.0,0.25,0.5,0.0,0.0,0.0,0.5328947368421053,E2 앞쪽 부품 안 (pair_pos=0),공정 값 23,부스팅,
AdaBoost,3,0.42214516775038247,0.048032885645873796,0.0,0.0,0.2,0.0,0.0,0.0,0.49911504424778763,E2 앞쪽 부품 안 (pair_pos=0),공정 값 23,부스팅,
AdaBoost,4,0.43381152971522435,0.07288609554213299,0.0,0.4,0.6,0.0,0.0,0.0,0.6123893805309735,E2 앞쪽 부품 안 (pair_pos=0),공정 값 23,부스팅,
AdaBoost,5,0.4417608749807436,0.056712017462897085,0.0,0.2,0.4,0.0,0.0,0.0,0.5105263157894737,E2 앞쪽 부품 안 (pair_pos=0),공정 값 23,부스팅,
AdaBoost,6,0.380804676017784,0.05567605302261641,0.2,0.2,0.2,0.06779661016949153,0.4,0.037037037037037035,0.40530973451327434,E2 앞쪽 부품 안 (pair_pos=0),공정 값 23,부스팅,
AdaBoost,7,0.29425427617429395,0.041332003377877444,0.0,0.2,0.2,0.08547008547008547,1.0,0.044642857142857144,0.3929203539823009,E2 앞쪽 부품 안 (pair_pos=0),공정 값 23,부스팅,
AdaBoost,8,0.3534901031862826,0.061617288270686923,0.0,0.5,0.5,0.06557377049180328,0.5,0.03508771929824561,0.638157894736842,E2 앞쪽 부품 안 (pair_pos=0),공정 값 23,부스팅,
AdaBoost,9,0.42578176539828333,0.056983805668016196,0.0,0.5,0.5,0.0,0.0,0.0,0.5416666666666667,E2 앞쪽 부품 안 (pair_pos=0),공정 값 23,부스팅,
AdaBoost,10,0.3893612875074511,0.03913778809270561,0.0,0.0,0.0,0.037037037037037035,0.2,0.02040816326530612,0.387719298245614,E2 앞쪽 부품 안 (pair_pos=0),공정 값 23,부스팅,
AdaBoost,11,0.34762241177720016,0.06915418553349588,0.25,0.25,0.5,0.08108108108108109,0.75,0.04285714285714286,0.6074561403508771,E2 앞쪽 부품 안 (pair_pos=0),공정 값 23,부스팅,
AdaBoost,12,0.43196139196901834,0.049409896956625926,0.25,0.25,0.25,0.0,0.0,0.0,0.4758771929824561,E2 앞쪽 부품 안 (pair_pos=0),공정 값 23,부스팅,
AdaBoost,13,0.28220016760612515,0.1030271240041355,0.2,0.4,0.8,0.08403361344537816,1.0,0.043859649122807015,0.7327433628318585,E2 앞쪽 부품 안 (pair_pos=0),공정 값 23,부스팅,
AdaBoost,14,0.4477606945609763,0.050284535387983664,0.0,0.0,0.4,0.0,0.0,0.0,0.4814159292035398,E2 앞쪽 부품 안 (pair_pos=0),공정 값 23,부스팅,
AdaBoost,15,0.43665409749375755,0.04926437082518996,0.0,0.0,0.0,0.0,0.0,0.0,0.5105263157894737,E2 앞쪽 부품 안 (pair_pos=0),공정 값 23,부스팅,
AdaBoost,16,0.4441048725389991,0.042418197311581675,0.0,0.0,0.25,0.0,0.0,0.0,0.5285087719298245,E2 앞쪽 부품 안 (pair_pos=0),공정 값 23,부스팅,
AdaBoost,17,0.41445269482499875,0.07231102231102231,0.0,0.2,0.6,0.09523809523809523,0.2,0.0625,0.6460176991150443,E2 앞쪽 부품 안 (pair_pos=0),공정 값 23,부스팅,
AdaBoost,18,0.26841356069632993,0.06102192590079677,0.0,0.2,0.4,0.08196721311475409,1.0,0.042735042735042736,0.5805309734513275,E2 앞쪽 부품 안 (pair_pos=0),공정 값 23,부스팅,
AdaBoost,19,0.42724669878194765,0.050410946580301416,0.0,0.25,0.25,0.0,0.0,0.0,0.5043859649122807,E2 앞쪽 부품 안 (pair_pos=0),공정 값 23,부스팅,
AdaBoost,20,0.3770742953086257,0.04684410082711911,0.0,0.0,0.2,0.06666666666666667,0.4,0.03636363636363636,0.48947368421052634,E2 앞쪽 부품 안 (pair_pos=0),공정 값 23,부스팅,
AdaBoost,21,0.4214313477032159,0.05833521870286576,0.0,0.4,0.4,0.0,0.0,0.0,0.5309734513274336,E2 앞쪽 부품 안 (pair_pos=0),공정 값 23,부스팅,
AdaBoost,22,0.41557044542259924,0.06588810437744674,0.0,0.5,0.5,0.16,0.5,0.09523809523809523,0.5833333333333334,E2 앞쪽 부품 안 (pair_pos=0),공정 값 23,부스팅,
AdaBoost,23,0.3634055061125749,0.06166961949189734,0.25,0.25,0.25,0.03333333333333333,0.25,0.017857142857142856,0.4451754385964912,E2 앞쪽 부품 안 (pair_pos=0),공정 값 23,부스팅,
AdaBoost,24,0.41367679893467085,0.05081437281061779,0.2,0.2,0.2,0.07142857142857142,0.2,0.043478260869565216,0.42654867256637163,E2 앞쪽 부품 안 (pair_pos=0),공정 값 23,부스팅,
AdaBoost,25,0.45172292412450876,0.05845182517451424,0.0,0.0,0.6,0.0,0.0,0.0,0.5473684210526315,E2 앞쪽 부품 안 (pair_pos=0),공정 값 23,부스팅,
AdaBoost,26,0.3294079679276189,0.050849114051466464,0.0,0.25,0.25,0.06818181818181818,0.75,0.03571428571428571,0.5263157894736843,E2 앞쪽 부품 안 (pair_pos=0),공정 값 23,부스팅,
AdaBoost,27,0.2692657513713687,0.0663959011615737,0.0,0.4,0.4,0.08196721311475409,1.0,0.042735042735042736,0.4796460176991151,E2 앞쪽 부품 안 (pair_pos=0),공정 값 23,부스팅,
AdaBoost,28,0.33524625638373245,0.08085785751250646,0.2,0.4,0.4,0.08421052631578947,0.8,0.044444444444444446,0.5876106194690265,E2 앞쪽 부품 안 (pair_pos=0),공정 값 23,부스팅,
AdaBoost,29,0.3445224045131303,0.05733367509683299,0.0,0.25,0.5,0.06666666666666667,0.75,0.03488372093023256,0.6096491228070176,E2 앞쪽 부품 안 (pair_pos=0),공정 값 23,부스팅,
AdaBoost,30,0.34093591635993986,0.04289380114546126,0.0,0.0,0.2,0.06521739130434782,0.6,0.034482758620689655,0.4105263157894737,E2 앞쪽 부품 안 (pair_pos=0),공정 값 23,부스팅,
AdaBoost,31,0.3425225371373625,0.08714383409166984,0.2,0.4,0.4,0.1016949152542373,0.6,0.05555555555555555,0.5699115044247788,E2 앞쪽 부품 안 (pair_pos=0),공정 값 23,부스팅,
AdaBoost,32,0.292245302105241,0.08742409642239864,0.25,0.25,0.25,0.0761904761904762,1.0,0.039603960396039604,0.6008771929824561,E2 앞쪽 부품 안 (pair_pos=0),공정 값 23,부스팅,
AdaBoost,33,0.3918276320464087,0.05037690541581295,0.25,0.25,0.5,0.07692307692307693,0.5,0.041666666666666664,0.4166666666666667,E2 앞쪽 부품 안 (pair_pos=0),공정 값 23,부스팅,
AdaBoost,34,0.442692060240663,0.04341448558104121,0.0,0.2,0.2,0.0,0.0,0.0,0.41061946902654867,E2 앞쪽 부품 안 (pair_pos=0),공정 값 23,부스팅,
AdaBoost,35,0.4322431237403956,0.05114255841296702,0.0,0.2,0.2,0.0,0.0,0.0,0.5192982456140351,E2 앞쪽 부품 안 (pair_pos=0),공정 값 23,부스팅,
AdaBoost,36,0.35935952044667474,0.04863035820806168,0.0,0.2,0.2,0.0821917808219178,0.6,0.04411764705882353,0.4424778761061947,E2 앞쪽 부품 안 (pair_pos=0),공정 값 23,부스팅,
AdaBoost,37,0.40915468286826473,0.03461868954557737,0.0,0.0,0.25,0.0,0.0,0.0,0.4035087719298246,E2 앞쪽 부품 안 (pair_pos=0),공정 값 23,부스팅,
AdaBoost,38,0.4357506954105321,0.057064966123190425,0.0,0.2,0.4,0.0,0.0,0.0,0.5380530973451327,E2 앞쪽 부품 안 (pair_pos=0),공정 값 23,부스팅,
AdaBoost,39,0.42754655356249893,0.10805860805860806,0.5,0.5,0.5,0.0,0.0,0.0,0.7171052631578947,E2 앞쪽 부품 안 (pair_pos=0),공정 값 23,부스팅,
AdaBoost,40,0.42245289398720187,0.10997164926576691,0.2,0.2,0.4,0.14285714285714285,0.2,0.1111111111111111,0.5192982456140351,E2 앞쪽 부품 안 (pair_pos=0),공정 값 23,부스팅,
AdaBoost,41,0.4146607229978959,0.05006880054106143,0.0,0.25,0.25,0.0,0.0,0.0,0.4714912280701754,E2 앞쪽 부품 안 (pair_pos=0),공정 값 23,부스팅,
AdaBoost,42,0.3661039624196109,0.04252975936874025,0.0,0.2,0.2,0.05263157894736842,0.4,0.028169014084507043,0.3805309734513274,E2 앞쪽 부품 안 (pair_pos=0),공정 값 23,부스팅,
AdaBoost,43,0.3749164736459231,0.07864541751660013,0.0,0.4,0.4,0.13333333333333333,0.8,0.07272727272727272,0.6424778761061948,E2 앞쪽 부품 안 (pair_pos=0),공정 값 23,부스팅,
AdaBoost,44,0.4215373259706323,0.0621493485417536,0.25,0.5,0.5,0.09090909090909091,0.25,0.05555555555555555,0.5701754385964912,E2 앞쪽 부품 안 (pair_pos=0),공정 값 23,부스팅,
AdaBoost,45,0.40296836860955076,0.07097896493423797,0.0,0.4,0.4,0.0,0.0,0.0,0.6350877192982456,E2 앞쪽 부품 안 (pair_pos=0),공정 값 23,부스팅,
AdaBoost,46,0.3635265517621501,0.029646538806021566,0.0,0.0,0.0,0.03125,0.25,0.016666666666666666,0.3179824561403509,E2 앞쪽 부품 안 (pair_pos=0),공정 값 23,부스팅,
AdaBoost,47,0.40643372419046453,0.044067360054947755,0.0,0.25,0.5,0.07407407407407407,0.25,0.043478260869565216,0.4736842105263158,E2 앞쪽 부품 안 (pair_pos=0),공정 값 23,부스팅,
AdaBoost,48,0.4072417882532092,0.06038675603332683,0.0,0.4,0.4,0.10526315789473684,0.4,0.06060606060606061,0.5132743362831859,E2 앞쪽 부품 안 (pair_pos=0),공정 값 23,부스팅,
AdaBoost,49,0.3445012239663393,0.063194705361261,0.2,0.2,0.2,0.06666666666666667,0.6,0.03529411764705882,0.42654867256637163,E2 앞쪽 부품 안 (pair_pos=0),공정 값 23,부스팅,
GradientBoosting,0,0.021558861669458383,0.030957034440930745,0.0,0.0,0.0,0.0,0.0,0.0,0.2210526315789474,E2 앞쪽 부품 안 (pair_pos=0),공정 값 23,부스팅,
GradientBoosting,1,0.001846417865753899,0.06742321704340151,0.25,0.25,0.25,0.043010752688172046,0.5,0.02247191011235955,0.5109649122807017,E2 앞쪽 부품 안 (pair_pos=0),공정 값 23,부스팅,
GradientBoosting,2,0.004150571283375458,0.06628510378510379,0.0,0.5,0.75,0.08450704225352113,0.75,0.04477611940298507,0.5986842105263158,E2 앞쪽 부품 안 (pair_pos=0),공정 값 23,부스팅,
GradientBoosting,3,0.014001354375466672,0.0702304913046601,0.0,0.4,0.6,0.08,0.2,0.05,0.5734513274336284,E2 앞쪽 부품 안 (pair_pos=0),공정 값 23,부스팅,
GradientBoosting,4,0.0034946842999332133,0.04992838187322204,0.0,0.2,0.4,0.10344827586206896,0.6,0.05660377358490566,0.46371681415929206,E2 앞쪽 부품 안 (pair_pos=0),공정 값 23,부스팅,
GradientBoosting,5,0.012983961447600566,0.04092490174964402,0.0,0.0,0.2,0.0,0.0,0.0,0.37543859649122807,E2 앞쪽 부품 안 (pair_pos=0),공정 값 23,부스팅,
GradientBoosting,6,0.01869900620190642,0.10421562455406982,0.4,0.4,0.6,0.16666666666666666,0.4,0.10526315789473684,0.6442477876106195,E2 앞쪽 부품 안 (pair_pos=0),공정 값 23,부스팅,
GradientBoosting,7,0.0003913789849185385,0.05131267610288953,0.0,0.2,0.2,0.08196721311475409,1.0,0.042735042735042736,0.5008849557522124,E2 앞쪽 부품 안 (pair_pos=0),공정 값 23,부스팅,
GradientBoosting,8,0.0005163637965804314,0.09675403225806452,0.25,0.25,0.5,0.06611570247933884,1.0,0.03418803418803419,0.6929824561403508,E2 앞쪽 부품 안 (pair_pos=0),공정 값 23,부스팅,
GradientBoosting,9,0.002866018416708581,0.034384943442942434,0.0,0.0,0.0,0.05405405405405406,0.5,0.02857142857142857,0.3881578947368421,E2 앞쪽 부품 안 (pair_pos=0),공정 값 23,부스팅,
GradientBoosting,10,0.0003325543199692539,0.035240087472727624,0.0,0.0,0.0,0.06722689075630252,0.8,0.03508771929824561,0.3087719298245614,E2 앞쪽 부품 안 (pair_pos=0),공정 값 23,부스팅,
GradientBoosting,11,0.022974546047509425,0.035309630713348805,0.0,0.0,0.25,0.0,0.0,0.0,0.41228070175438597,E2 앞쪽 부품 안 (pair_pos=0),공정 값 23,부스팅,
GradientBoosting,12,0.012691173578926337,0.03910665892373209,0.0,0.0,0.5,0.0,0.0,0.0,0.4407894736842105,E2 앞쪽 부품 안 (pair_pos=0),공정 값 23,부스팅,
GradientBoosting,13,9.688561365719752e-05,0.0919571306783583,0.0,0.4,0.6,0.08130081300813008,1.0,0.0423728813559322,0.7380530973451328,E2 앞쪽 부품 안 (pair_pos=0),공정 값 23,부스팅,
GradientBoosting,14,0.0007818184545042198,0.08333563799948226,0.2,0.4,0.4,0.08928571428571429,1.0,0.04672897196261682,0.5699115044247788,E2 앞쪽 부품 안 (pair_pos=0),공정 값 23,부스팅,
GradientBoosting,15,0.004065536786359403,0.09177681795328854,0.2,0.2,0.6,0.15873015873015872,1.0,0.08620689655172414,0.724561403508772,E2 앞쪽 부품 안 (pair_pos=0),공정 값 23,부스팅,
GradientBoosting,16,0.020479959924400756,0.02913726312934166,0.0,0.0,0.0,0.0,0.0,0.0,0.3026315789473684,E2 앞쪽 부품 안 (pair_pos=0),공정 값 23,부스팅,
GradientBoosting,17,0.00043234036847481205,0.12305813609863027,0.2,0.6,0.8,0.08264462809917356,1.0,0.04310344827586207,0.7309734513274336,E2 앞쪽 부품 안 (pair_pos=0),공정 값 23,부스팅,
GradientBoosting,18,0.0002768998214107199,0.06186819682754152,0.0,0.4,0.4,0.08130081300813008,1.0,0.0423728813559322,0.511504424778761,E2 앞쪽 부품 안 (pair_pos=0),공정 값 23,부스팅,
GradientBoosting,19,0.05080898532710689,0.040277072455087215,0.0,0.25,0.25,0.0,0.0,0.0,0.4671052631578947,E2 앞쪽 부품 안 (pair_pos=0),공정 값 23,부스팅,
GradientBoosting,20,0.007294803561638743,0.07163419913419913,0.2,0.2,0.4,0.10714285714285714,0.6,0.058823529411764705,0.6333333333333333,E2 앞쪽 부품 안 (pair_pos=0),공정 값 23,부스팅,
GradientBoosting,21,0.004783676773696404,0.04444287001212997,0.0,0.0,0.4,0.07017543859649122,0.4,0.038461538461538464,0.4300884955752212,E2 앞쪽 부품 안 (pair_pos=0),공정 값 23,부스팅,
GradientBoosting,22,7.254772313256907e-05,0.09664049644124587,0.25,0.25,0.5,0.06557377049180328,1.0,0.03389830508474576,0.6907894736842105,E2 앞쪽 부품 안 (pair_pos=0),공정 값 23,부스팅,
GradientBoosting,23,0.0037839709605502095,0.2805912666689235,0.25,0.25,0.25,0.05970149253731343,0.5,0.031746031746031744,0.4912280701754386,E2 앞쪽 부품 안 (pair_pos=0),공정 값 23,부스팅,
GradientBoosting,24,0.0007951107471711054,0.05803457158290521,0.2,0.2,0.4,0.08403361344537816,1.0,0.043859649122807015,0.4725663716814159,E2 앞쪽 부품 안 (pair_pos=0),공정 값 23,부스팅,
GradientBoosting,25,0.009579290401606757,0.042656053962133234,0.0,0.0,0.0,0.0,0.0,0.0,0.44385964912280707,E2 앞쪽 부품 안 (pair_pos=0),공정 값 23,부스팅,
GradientBoosting,26,9.932310434119268e-05,0.32472640218878246,0.25,0.5,0.75,0.06557377049180328,1.0,0.03389830508474576,0.8135964912280702,E2 앞쪽 부품 안 (pair_pos=0),공정 값 23,부스팅,
GradientBoosting,27,0.00018934867421952758,0.0416452040872779,0.0,0.2,0.2,0.08196721311475409,1.0,0.042735042735042736,0.39469026548672564,E2 앞쪽 부품 안 (pair_pos=0),공정 값 23,부스팅,
GradientBoosting,28,0.00509980714787784,0.09226891653296648,0.0,0.6,0.6,0.10909090909090909,0.6,0.06,0.6477876106194691,E2 앞쪽 부품 안 (pair_pos=0),공정 값 23,부스팅,
GradientBoosting,29,0.01021445732016074,0.06558602721924488,0.0,0.25,0.75,0.13333333333333333,0.75,0.07317073170731707,0.6622807017543859,E2 앞쪽 부품 안 (pair_pos=0),공정 값 23,부스팅,
GradientBoosting,30,0.5842835530004583,0.04381410103159329,0.0,0.2,0.2,0.0,0.0,0.0,0.4087719298245614,E2 앞쪽 부품 안 (pair_pos=0),공정 값 23,부스팅,
GradientBoosting,31,7.388648619018932e-05,0.1059671050342692,0.2,0.6,0.6,0.08130081300813008,1.0,0.0423728813559322,0.64070796460177,E2 앞쪽 부품 안 (pair_pos=0),공정 값 23,부스팅,
GradientBoosting,32,0.011771092042455472,0.04070989993935718,0.0,0.25,0.25,0.06451612903225806,0.25,0.037037037037037035,0.4057017543859649,E2 앞쪽 부품 안 (pair_pos=0),공정 값 23,부스팅,
GradientBoosting,33,0.0009452179304646077,0.039779871683555346,0.0,0.25,0.25,0.049586776859504134,0.75,0.02564102564102564,0.3925438596491228,E2 앞쪽 부품 안 (pair_pos=0),공정 값 23,부스팅,
GradientBoosting,34,0.00016122829135199006,0.10801993836427122,0.2,0.2,0.2,0.08130081300813008,1.0,0.0423728813559322,0.5504424778761062,E2 앞쪽 부품 안 (pair_pos=0),공정 값 23,부스팅,
GradientBoosting,35,0.00010015080561262644,0.0588457301675412,0.0,0.2,0.4,0.08064516129032258,1.0,0.04201680672268908,0.5596491228070175,E2 앞쪽 부품 안 (pair_pos=0),공정 값 23,부스팅,
GradientBoosting,36,0.0005809194082131101,0.031110247772627036,0.0,0.0,0.0,0.06611570247933884,0.8,0.034482758620689655,0.22123893805309736,E2 앞쪽 부품 안 (pair_pos=0),공정 값 23,부스팅,
GradientBoosting,37,0.013756284920803679,0.029455865640076167,0.0,0.0,0.0,0.0,0.0,0.0,0.3026315789473685,E2 앞쪽 부품 안 (pair_pos=0),공정 값 23,부스팅,
GradientBoosting,38,0.00011878608124244867,0.05983178053830228,0.0,0.4,0.4,0.08130081300813008,1.0,0.0423728813559322,0.5469026548672566,E2 앞쪽 부품 안 (pair_pos=0),공정 값 23,부스팅,
GradientBoosting,39,0.0004626466467122034,0.07014652014652015,0.0,0.25,0.75,0.06557377049180328,1.0,0.03389830508474576,0.7039473684210527,E2 앞쪽 부품 안 (pair_pos=0),공정 값 23,부스팅,
GradientBoosting,40,0.01526202808116735,0.09342135049600542,0.2,0.6,0.6,0.16216216216216217,0.6,0.09375,0.5982456140350878,E2 앞쪽 부품 안 (pair_pos=0),공정 값 23,부스팅,
GradientBoosting,41,0.057095569081997644,0.0264813330279432,0.0,0.0,0.0,0.0,0.0,0.0,0.21271929824561406,E2 앞쪽 부품 안 (pair_pos=0),공정 값 23,부스팅,
GradientBoosting,42,0.0443758262724298,0.04940507623573985,0.0,0.0,0.2,0.0,0.0,0.0,0.5026548672566371,E2 앞쪽 부품 안 (pair_pos=0),공정 값 23,부스팅,
GradientBoosting,43,0.0345471874236238,0.06202602682175396,0.0,0.2,0.4,0.0,0.0,0.0,0.5610619469026549,E2 앞쪽 부품 안 (pair_pos=0),공정 값 23,부스팅,
GradientBoosting,44,0.00044857726179108433,0.04033343351365792,0.0,0.0,0.25,0.06722689075630252,1.0,0.034782608695652174,0.4671052631578948,E2 앞쪽 부품 안 (pair_pos=0),공정 값 23,부스팅,
GradientBoosting,45,0.004553911288527823,0.05741806162390031,0.0,0.2,0.4,0.11538461538461539,0.6,0.06382978723404255,0.4982456140350877,E2 앞쪽 부품 안 (pair_pos=0),공정 값 23,부스팅,
GradientBoosting,46,0.0011446887635398397,0.045966288613347436,0.0,0.25,0.25,0.06451612903225806,0.75,0.033707865168539325,0.49561403508771934,E2 앞쪽 부품 안 (pair_pos=0),공정 값 23,부스팅,
GradientBoosting,47,0.003147018984164992,0.070998445998446,0.0,0.5,0.5,0.07228915662650602,0.75,0.0379746835443038,0.6337719298245614,E2 앞쪽 부품 안 (pair_pos=0),공정 값 23,부스팅,
GradientBoosting,48,0.026280976827181574,0.05304586165053764,0.0,0.0,0.4,0.0,0.0,0.0,0.5061946902654867,E2 앞쪽 부품 안 (pair_pos=0),공정 값 23,부스팅,
GradientBoosting,49,0.14973830894403536,0.05780858342137943,0.2,0.2,0.2,0.0,0.0,0.0,0.4902654867256637,E2 앞쪽 부품 안 (pair_pos=0),공정 값 23,부스팅,
HistGradientBoosting,0,0.0002161925281336871,0.033939355555338106,0.0,0.0,0.0,0.0,0.0,0.0,0.2964912280701754,E2 앞쪽 부품 안 (pair_pos=0),공정 값 23,부스팅,
HistGradientBoosting,1,0.04906382247443663,0.03197824824454887,0.0,0.0,0.0,0.0,0.0,0.0,0.36622807017543857,E2 앞쪽 부품 안 (pair_pos=0),공정 값 23,부스팅,
HistGradientBoosting,2,4.227185567370448e-05,0.06856060606060607,0.25,0.25,0.5,0.08108108108108109,0.75,0.04285714285714286,0.6469298245614035,E2 앞쪽 부품 안 (pair_pos=0),공정 값 23,부스팅,
HistGradientBoosting,3,0.007473433575696699,0.1060575858250277,0.2,0.4,0.4,0.15384615384615385,0.2,0.125,0.6300884955752213,E2 앞쪽 부품 안 (pair_pos=0),공정 값 23,부스팅,
HistGradientBoosting,4,2.2201430819552748e-05,0.09969135802469135,0.4,0.6,0.6,0.07272727272727272,0.8,0.0380952380952381,0.6123893805309735,E2 앞쪽 부품 안 (pair_pos=0),공정 값 23,부스팅,
HistGradientBoosting,5,0.0018724753088486935,0.11821122273952463,0.4,0.4,0.6,0.2222222222222222,0.4,0.15384615384615385,0.7526315789473683,E2 앞쪽 부품 안 (pair_pos=0),공정 값 23,부스팅,
HistGradientBoosting,6,0.785841745740145,0.2360635744672085,0.2,0.2,0.2,0.0,0.0,0.0,0.479646017699115,E2 앞쪽 부품 안 (pair_pos=0),공정 값 23,부스팅,
HistGradientBoosting,7,2.7476541705153467e-05,0.04056157876398796,0.0,0.0,0.0,0.05825242718446602,0.6,0.030612244897959183,0.39646017699115044,E2 앞쪽 부품 안 (pair_pos=0),공정 값 23,부스팅,
HistGradientBoosting,8,0.8218810484586525,0.09464006259780908,0.25,0.5,0.75,0.0,0.0,0.0,0.7456140350877193,E2 앞쪽 부품 안 (pair_pos=0),공정 값 23,부스팅,
HistGradientBoosting,9,0.00047880725394643407,0.05646373018358612,0.25,0.25,0.5,0.09523809523809523,0.25,0.058823529411764705,0.5043859649122806,E2 앞쪽 부품 안 (pair_pos=0),공정 값 23,부스팅,
HistGradientBoosting,10,0.0018977941299061025,0.040269230269230266,0.0,0.0,0.2,0.0,0.0,0.0,0.387719298245614,E2 앞쪽 부품 안 (pair_pos=0),공정 값 23,부스팅,
HistGradientBoosting,11,0.0034424480019363186,0.06032713269850644,0.0,0.5,0.5,0.0,0.0,0.0,0.6293859649122806,E2 앞쪽 부품 안 (pair_pos=0),공정 값 23,부스팅,
HistGradientBoosting,12,0.0034931553862435722,0.07449404130954905,0.0,0.5,0.5,0.0,0.0,0.0,0.6447368421052632,E2 앞쪽 부품 안 (pair_pos=0),공정 값 23,부스팅,
HistGradientBoosting,13,2.1956465956570292e-05,0.18944444444444444,0.6,0.8,0.8,0.08196721311475409,1.0,0.042735042735042736,0.8424778761061946,E2 앞쪽 부품 안 (pair_pos=0),공정 값 23,부스팅,
HistGradientBoosting,14,0.0007697345200993814,0.05487856368015749,0.0,0.0,0.0,0.0,0.0,0.0,0.5663716814159292,E2 앞쪽 부품 안 (pair_pos=0),공정 값 23,부스팅,
HistGradientBoosting,15,0.004782153273282307,0.039529158802374724,0.0,0.0,0.2,0.0,0.0,0.0,0.38596491228070173,E2 앞쪽 부품 안 (pair_pos=0),공정 값 23,부스팅,
HistGradientBoosting,16,0.0005251699815398439,0.04827738834161957,0.0,0.25,0.25,0.0625,0.25,0.03571428571428571,0.5241228070175439,E2 앞쪽 부품 안 (pair_pos=0),공정 값 23,부스팅,
HistGradientBoosting,17,1.6199855064267257e-05,0.08222222222222222,0.2,0.4,0.4,0.08130081300813008,1.0,0.0423728813559322,0.672566371681416,E2 앞쪽 부품 안 (pair_pos=0),공정 값 23,부스팅,
HistGradientBoosting,18,2.4296123337652485e-05,0.09976536682088566,0.2,0.4,0.6,0.08928571428571429,1.0,0.04672897196261682,0.6920353982300885,E2 앞쪽 부품 안 (pair_pos=0),공정 값 23,부스팅,
HistGradientBoosting,19,0.07998376120292441,0.04394805838169756,0.0,0.0,0.0,0.0,0.0,0.0,0.543859649122807,E2 앞쪽 부품 안 (pair_pos=0),공정 값 23,부스팅,
HistGradientBoosting,20,3.652870095297381e-05,0.07085261157694717,0.2,0.4,0.4,0.043478260869565216,0.4,0.022988505747126436,0.47368421052631576,E2 앞쪽 부품 안 (pair_pos=0),공정 값 23,부스팅,
HistGradientBoosting,21,0.00030414024744688666,0.11911647092807684,0.2,0.2,0.6,0.16216216216216217,0.6,0.09375,0.6035398230088496,E2 앞쪽 부품 안 (pair_pos=0),공정 값 23,부스팅,
HistGradientBoosting,22,4.826336119067066e-05,0.17556193806193807,0.25,0.25,0.5,0.11267605633802817,1.0,0.05970149253731343,0.7302631578947368,E2 앞쪽 부품 안 (pair_pos=0),공정 값 23,부스팅,
HistGradientBoosting,23,3.234576958244853e-05,0.15712952594251586,0.25,0.25,0.25,0.05333333333333334,0.5,0.028169014084507043,0.5307017543859649,E2 앞쪽 부품 안 (pair_pos=0),공정 값 23,부스팅,
HistGradientBoosting,24,6.933053765886443e-05,0.06531094744367574,0.2,0.2,0.2,0.03508771929824561,0.2,0.019230769230769232,0.41061946902654867,E2 앞쪽 부품 안 (pair_pos=0),공정 값 23,부스팅,
HistGradientBoosting,25,0.557227271725426,0.04670176519773157,0.0,0.2,0.2,0.0,0.0,0.0,0.43333333333333335,E2 앞쪽 부품 안 (pair_pos=0),공정 값 23,부스팅,
HistGradientBoosting,26,0.00011277023197746861,0.056471631205673764,0.0,0.5,0.5,0.0784313725490196,0.5,0.0425531914893617,0.5877192982456141,E2 앞쪽 부품 안 (pair_pos=0),공정 값 23,부스팅,
HistGradientBoosting,27,2.3494787799071226e-05,0.0915332074858929,0.2,0.4,0.4,0.09174311926605505,1.0,0.04807692307692308,0.6619469026548672,E2 앞쪽 부품 안 (pair_pos=0),공정 값 23,부스팅,
HistGradientBoosting,28,0.38868484551454635,0.10144870002795639,0.2,0.2,0.4,0.0,0.0,0.0,0.5982300884955752,E2 앞쪽 부품 안 (pair_pos=0),공정 값 23,부스팅,
HistGradientBoosting,29,0.008990102653584641,0.09895174197870915,0.25,0.25,0.25,0.125,0.25,0.08333333333333333,0.5855263157894737,E2 앞쪽 부품 안 (pair_pos=0),공정 값 23,부스팅,
HistGradientBoosting,30,0.0002480548965639906,0.0511255245924941,0.0,0.0,0.2,0.058823529411764705,0.2,0.034482758620689655,0.5421052631578948,E2 앞쪽 부품 안 (pair_pos=0),공정 값 23,부스팅,
HistGradientBoosting,31,2.142174123184435e-05,0.08479051300911276,0.2,0.4,0.6,0.08196721311475409,1.0,0.042735042735042736,0.6407079646017699,E2 앞쪽 부품 안 (pair_pos=0),공정 값 23,부스팅,
HistGradientBoosting,32,0.00011812340348349644,0.07717673414747425,0.25,0.25,0.25,0.046511627906976744,0.25,0.02564102564102564,0.4758771929824561,E2 앞쪽 부품 안 (pair_pos=0),공정 값 23,부스팅,
HistGradientBoosting,33,0.0008627657284083341,0.08811274509803922,0.25,0.5,0.5,0.13333333333333333,0.5,0.07692307692307693,0.6469298245614035,E2 앞쪽 부품 안 (pair_pos=0),공정 값 23,부스팅,
HistGradientBoosting,34,2.2287742153282618e-05,0.046124571394966396,0.0,0.0,0.2,0.0761904761904762,0.8,0.04,0.4513274336283186,E2 앞쪽 부품 안 (pair_pos=0),공정 값 23,부스팅,
HistGradientBoosting,35,0.0006000720487041503,0.04309383596926616,0.0,0.0,0.0,0.0,0.0,0.0,0.443859649122807,E2 앞쪽 부품 안 (pair_pos=0),공정 값 23,부스팅,
HistGradientBoosting,36,3.992281152811896e-05,0.045863991981561804,0.0,0.2,0.4,0.04878048780487805,0.4,0.025974025974025976,0.4106194690265487,E2 앞쪽 부품 안 (pair_pos=0),공정 값 23,부스팅,
HistGradientBoosting,37,0.0030201002836950136,0.042159441225577174,0.0,0.0,0.25,0.0,0.0,0.0,0.5109649122807018,E2 앞쪽 부품 안 (pair_pos=0),공정 값 23,부스팅,
HistGradientBoosting,38,4.626909834873143e-05,0.06721917778843492,0.0,0.4,0.4,0.07407407407407407,0.6,0.039473684210526314,0.5327433628318584,E2 앞쪽 부품 안 (pair_pos=0),공정 값 23,부스팅,
HistGradientBoosting,39,0.0003666990642204018,0.11744505494505494,0.5,0.5,0.5,0.1111111111111111,0.5,0.0625,0.7236842105263158,E2 앞쪽 부품 안 (pair_pos=0),공정 값 23,부스팅,
HistGradientBoosting,40,0.10626685474905899,0.11455177897038363,0.2,0.2,0.2,0.0,0.0,0.0,0.5789473684210527,E2 앞쪽 부품 안 (pair_pos=0),공정 값 23,부스팅,
HistGradientBoosting,41,0.11300964351251774,0.08241860090264345,0.25,0.25,0.25,0.0,0.0,0.0,0.5504385964912281,E2 앞쪽 부품 안 (pair_pos=0),공정 값 23,부스팅,
HistGradientBoosting,42,0.3269749209427779,0.051776305692485536,0.0,0.2,0.2,0.0,0.0,0.0,0.504424778761062,E2 앞쪽 부품 안 (pair_pos=0),공정 값 23,부스팅,
HistGradientBoosting,43,7.038782142917144e-05,0.0815820760150657,0.2,0.4,0.4,0.08823529411764706,0.6,0.047619047619047616,0.5398230088495575,E2 앞쪽 부품 안 (pair_pos=0),공정 값 23,부스팅,
HistGradientBoosting,44,0.00047930383680323547,0.06705601355830713,0.25,0.25,0.25,0.058823529411764705,0.25,0.03333333333333333,0.4342105263157895,E2 앞쪽 부품 안 (pair_pos=0),공정 값 23,부스팅,
HistGradientBoosting,45,1.4540841889483638e-05,0.10379335990060914,0.2,0.4,0.4,0.08064516129032258,1.0,0.04201680672268908,0.6877192982456141,E2 앞쪽 부품 안 (pair_pos=0),공정 값 23,부스팅,
HistGradientBoosting,46,0.0023405372031668026,0.03924279522683778,0.0,0.0,0.25,0.0,0.0,0.0,0.4649122807017544,E2 앞쪽 부품 안 (pair_pos=0),공정 값 23,부스팅,
HistGradientBoosting,47,0.002132848477333322,0.04254489906433532,0.0,0.25,0.25,0.1,0.25,0.0625,0.43201754385964913,E2 앞쪽 부품 안 (pair_pos=0),공정 값 23,부스팅,
HistGradientBoosting,48,0.0005634227523160762,0.06967116543587132,0.0,0.2,0.6,0.0,0.0,0.0,0.6000000000000001,E2 앞쪽 부품 안 (pair_pos=0),공정 값 23,부스팅,
HistGradientBoosting,49,0.00038675539675919307,0.07465030465030464,0.2,0.2,0.2,0.05555555555555555,0.2,0.03225806451612903,0.5469026548672566,E2 앞쪽 부품 안 (pair_pos=0),공정 값 23,부스팅,
XGBoost,0,0.6535666584968567,0.0357898119718587,0.0,0.0,0.0,0.0,0.0,0.0,0.33333333333333326,E2 앞쪽 부품 안 (pair_pos=0),공정 값 23,부스팅,
XGBoost,1,0.04103304073214531,0.04139996507253144,0.0,0.25,0.5,0.06060606060606061,0.25,0.034482758620689655,0.40570175438596495,E2 앞쪽 부품 안 (pair_pos=0),공정 값 23,부스팅,
XGBoost,2,0.009966975077986717,0.14899445214979196,0.5,0.5,0.5,0.10344827586206896,0.75,0.05555555555555555,0.6776315789473685,E2 앞쪽 부품 안 (pair_pos=0),공정 값 23,부스팅,
XGBoost,3,0.03692839294672012,0.0836575142335723,0.2,0.2,0.4,0.11764705882352941,0.4,0.06896551724137931,0.5238938053097345,E2 앞쪽 부품 안 (pair_pos=0),공정 값 23,부스팅,
XGBoost,4,0.042941704392433167,0.1705183991777835,0.4,0.4,0.4,0.11428571428571428,0.4,0.06666666666666667,0.6265486725663717,E2 앞쪽 부품 안 (pair_pos=0),공정 값 23,부스팅,
XGBoost,5,0.06701023131608963,0.10531689779147406,0.2,0.2,0.6,0.11428571428571428,0.4,0.06666666666666667,0.6157894736842106,E2 앞쪽 부품 안 (pair_pos=0),공정 값 23,부스팅,
XGBoost,6,0.4686116576194763,0.23436802083966113,0.2,0.2,0.2,0.25,0.2,0.3333333333333333,0.4460176991150442,E2 앞쪽 부품 안 (pair_pos=0),공정 값 23,부스팅,
XGBoost,7,0.00022074731532484293,0.05695439825874608,0.0,0.2,0.4,0.06611570247933884,0.8,0.034482758620689655,0.5309734513274337,E2 앞쪽 부품 안 (pair_pos=0),공정 값 23,부스팅,
XGBoost,8,0.8973373174667358,0.08567821067821067,0.25,0.5,0.75,0.0,0.0,0.0,0.6907894736842106,E2 앞쪽 부품 안 (pair_pos=0),공정 값 23,부스팅,
XGBoost,9,0.06273561716079712,0.09923948334274421,0.5,0.5,0.5,0.16666666666666666,0.5,0.1,0.5548245614035087,E2 앞쪽 부품 안 (pair_pos=0),공정 값 23,부스팅,
XGBoost,10,0.1167234480381012,0.03552006232240709,0.0,0.0,0.2,0.0,0.0,0.0,0.3087719298245614,E2 앞쪽 부품 안 (pair_pos=0),공정 값 23,부스팅,
XGBoost,11,0.04258229210972786,0.08415563194974959,0.25,0.5,0.5,0.08333333333333333,0.5,0.045454545454545456,0.5679824561403509,E2 앞쪽 부품 안 (pair_pos=0),공정 값 23,부스팅,
XGBoost,12,0.03175829350948334,0.11857716397651638,0.25,0.25,0.5,0.1,0.5,0.05555555555555555,0.5570175438596492,E2 앞쪽 부품 안 (pair_pos=0),공정 값 23,부스팅,
XGBoost,13,0.00010431922419229522,0.21984126984126984,0.4,0.6,0.8,0.08130081300813008,1.0,0.0423728813559322,0.7893805309734513,E2 앞쪽 부품 안 (pair_pos=0),공정 값 23,부스팅,
XGBoost,14,0.0033729670103639364,0.060722633632850354,0.0,0.2,0.2,0.10989010989010989,1.0,0.05813953488372093,0.5752212389380531,E2 앞쪽 부품 안 (pair_pos=0),공정 값 23,부스팅,
XGBoost,15,0.11939326673746109,0.054874414518545876,0.0,0.0,0.2,0.0,0.0,0.0,0.5666666666666667,E2 앞쪽 부품 안 (pair_pos=0),공정 값 23,부스팅,
XGBoost,16,0.13161388039588928,0.07606005106005105,0.25,0.25,0.5,0.1111111111111111,0.25,0.07142857142857142,0.6359649122807017,E2 앞쪽 부품 안 (pair_pos=0),공정 값 23,부스팅,
XGBoost,17,0.0009151650010608137,0.08257808499743982,0.0,0.4,0.6,0.09345794392523364,1.0,0.049019607843137254,0.631858407079646,E2 앞쪽 부품 안 (pair_pos=0),공정 값 23,부스팅,
XGBoost,18,0.014285116456449032,0.17614951356886838,0.4,0.6,0.6,0.1,0.6,0.05454545454545454,0.7150442477876107,E2 앞쪽 부품 안 (pair_pos=0),공정 값 23,부스팅,
XGBoost,19,0.1055876612663269,0.04761524565741433,0.25,0.25,0.25,0.07142857142857142,0.25,0.041666666666666664,0.4517543859649123,E2 앞쪽 부품 안 (pair_pos=0),공정 값 23,부스팅,
XGBoost,20,0.005281564313918352,0.0595920085731782,0.0,0.4,0.4,0.08695652173913043,0.8,0.04597701149425287,0.5263157894736843,E2 앞쪽 부품 안 (pair_pos=0),공정 값 23,부스팅,
XGBoost,21,0.07053050398826599,0.08253888087221421,0.2,0.4,0.4,0.16,0.4,0.1,0.5769911504424778,E2 앞쪽 부품 안 (pair_pos=0),공정 값 23,부스팅,
XGBoost,22,7.100484799593687e-05,0.08852742218814601,0.25,0.5,0.75,0.06557377049180328,1.0,0.03389830508474576,0.6885964912280701,E2 앞쪽 부품 안 (pair_pos=0),공정 값 23,부스팅,
XGBoost,23,0.019536718726158142,0.2756455370379421,0.25,0.25,0.25,0.044444444444444446,0.25,0.024390243902439025,0.44956140350877194,E2 앞쪽 부품 안 (pair_pos=0),공정 값 23,부스팅,
XGBoost,24,0.027249978855252266,0.06906195254021341,0.2,0.2,0.2,0.0425531914893617,0.2,0.023809523809523808,0.35221238938053095,E2 앞쪽 부품 안 (pair_pos=0),공정 값 23,부스팅,
XGBoost,25,0.2464073747396469,0.053719785616337334,0.0,0.0,0.4,0.0,0.0,0.0,0.5421052631578948,E2 앞쪽 부품 안 (pair_pos=0),공정 값 23,부스팅,
XGBoost,26,0.00011169366189278662,0.19039554195804195,0.25,0.25,0.75,0.06557377049180328,1.0,0.03389830508474576,0.793859649122807,E2 앞쪽 부품 안 (pair_pos=0),공정 값 23,부스팅,
XGBoost,27,0.07406514137983322,0.07720523312835485,0.2,0.4,0.4,0.13793103448275862,0.4,0.08333333333333333,0.5221238938053097,E2 앞쪽 부품 안 (pair_pos=0),공정 값 23,부스팅,
XGBoost,28,0.2083364725112915,0.12681935711347475,0.4,0.4,0.4,0.3076923076923077,0.4,0.25,0.5345132743362832,E2 앞쪽 부품 안 (pair_pos=0),공정 값 23,부스팅,
XGBoost,29,0.07847274839878082,0.051095628105098725,0.0,0.0,0.5,0.0975609756097561,0.5,0.05405405405405406,0.6052631578947368,E2 앞쪽 부품 안 (pair_pos=0),공정 값 23,부스팅,
XGBoost,30,0.0042895968072116375,0.056378662172673066,0.0,0.2,0.4,0.10526315789473684,0.8,0.056338028169014086,0.5298245614035089,E2 앞쪽 부품 안 (pair_pos=0),공정 값 23,부스팅,
XGBoost,31,0.13681334257125854,0.18681852480664027,0.4,0.6,0.6,0.19047619047619047,0.4,0.125,0.5982300884955752,E2 앞쪽 부품 안 (pair_pos=0),공정 값 23,부스팅,
XGBoost,32,0.0969809964299202,0.12642773892773893,0.25,0.25,0.5,0.08333333333333333,0.25,0.05,0.638157894736842,E2 앞쪽 부품 안 (pair_pos=0),공정 값 23,부스팅,
XGBoost,33,0.021464861929416656,0.04964852364616515,0.0,0.25,0.5,0.08,0.5,0.043478260869565216,0.45175438596491235,E2 앞쪽 부품 안 (pair_pos=0),공정 값 23,부스팅,
XGBoost,34,0.6895304322242737,0.06732633601584043,0.0,0.2,0.2,0.0,0.0,0.0,0.6371681415929205,E2 앞쪽 부품 안 (pair_pos=0),공정 값 23,부스팅,
XGBoost,35,0.03653411194682121,0.0553364605996185,0.0,0.2,0.2,0.09302325581395349,0.4,0.05263157894736842,0.5017543859649123,E2 앞쪽 부품 안 (pair_pos=0),공정 값 23,부스팅,
XGBoost,36,0.07533078640699387,0.07300346855486739,0.2,0.2,0.4,0.08,0.2,0.05,0.5345132743362832,E2 앞쪽 부품 안 (pair_pos=0),공정 값 23,부스팅,
XGBoost,37,0.10658922791481018,0.03686302441204402,0.0,0.0,0.0,0.0,0.0,0.0,0.45394736842105265,E2 앞쪽 부품 안 (pair_pos=0),공정 값 23,부스팅,
XGBoost,38,0.05160626769065857,0.07007452906853306,0.2,0.2,0.2,0.08,0.2,0.05,0.48849557522123893,E2 앞쪽 부품 안 (pair_pos=0),공정 값 23,부스팅,
XGBoost,39,0.01770762912929058,0.11360484176018155,0.5,0.5,0.75,0.10526315789473684,0.75,0.05660377358490566,0.6842105263157895,E2 앞쪽 부품 안 (pair_pos=0),공정 값 23,부스팅,
XGBoost,40,0.5662202835083008,0.05118034774785347,0.0,0.2,0.2,0.0,0.0,0.0,0.5105263157894737,E2 앞쪽 부품 안 (pair_pos=0),공정 값 23,부스팅,
XGBoost,41,0.5609591007232666,0.040083204334365324,0.0,0.25,0.25,0.0,0.0,0.0,0.381578947368421,E2 앞쪽 부품 안 (pair_pos=0),공정 값 23,부스팅,
XGBoost,42,0.06637763977050781,0.06348753260517967,0.2,0.2,0.2,0.06060606060606061,0.2,0.03571428571428571,0.504424778761062,E2 앞쪽 부품 안 (pair_pos=0),공정 값 23,부스팅,
XGBoost,43,0.0004789103986695409,0.26508769493274076,0.2,0.4,0.4,0.08547008547008547,1.0,0.044642857142857144,0.6761061946902654,E2 앞쪽 부품 안 (pair_pos=0),공정 값 23,부스팅,
XGBoost,44,0.1113906130194664,0.038235394785738036,0.0,0.25,0.25,0.08,0.25,0.047619047619047616,0.38596491228070173,E2 앞쪽 부품 안 (pair_pos=0),공정 값 23,부스팅,
XGBoost,45,0.07382242381572723,0.08753495296973558,0.2,0.6,0.6,0.16,0.4,0.1,0.6298245614035087,E2 앞쪽 부품 안 (pair_pos=0),공정 값 23,부스팅,
XGBoost,46,0.4247540235519409,0.03812928654771052,0.0,0.0,0.25,0.0,0.0,0.0,0.4649122807017544,E2 앞쪽 부품 안 (pair_pos=0),공정 값 23,부스팅,
XGBoost,47,0.14756524562835693,0.04804151061173533,0.0,0.25,0.25,0.09090909090909091,0.25,0.05555555555555555,0.5416666666666667,E2 앞쪽 부품 안 (pair_pos=0),공정 값 23,부스팅,
XGBoost,48,0.15400730073451996,0.11920786652081383,0.2,0.4,0.6,0.1111111111111111,0.2,0.07692307692307693,0.6849557522123895,E2 앞쪽 부품 안 (pair_pos=0),공정 값 23,부스팅,
XGBoost,49,0.39432451128959656,0.1426527525710829,0.2,0.2,0.4,0.2857142857142857,0.2,0.5,0.5238938053097345,E2 앞쪽 부품 안 (pair_pos=0),공정 값 23,부스팅,
LightGBM,0,0.07915210964413674,0.037934003542053785,0.0,0.0,0.2,0.0,0.0,0.0,0.35789473684210527,E2 앞쪽 부품 안 (pair_pos=0),공정 값 23,부스팅,
LightGBM,1,0.008581753832407796,0.038721853116408175,0.0,0.25,0.25,0.0,0.0,0.0,0.40789473684210525,E2 앞쪽 부품 안 (pair_pos=0),공정 값 23,부스팅,
LightGBM,2,0.00013466025077019323,0.1739291277258567,0.5,0.5,0.5,0.06666666666666667,0.75,0.03488372093023256,0.6776315789473684,E2 앞쪽 부품 안 (pair_pos=0),공정 값 23,부스팅,
LightGBM,3,0.0021450852562913472,0.05558296436854312,0.0,0.2,0.4,0.05263157894736842,0.2,0.030303030303030304,0.5380530973451327,E2 앞쪽 부품 안 (pair_pos=0),공정 값 23,부스팅,
LightGBM,4,0.0451679966998153,0.12160171825543635,0.2,0.2,0.4,0.2222222222222222,0.2,0.25,0.624778761061947,E2 앞쪽 부품 안 (pair_pos=0),공정 값 23,부스팅,
LightGBM,5,0.008280348957125483,0.08080663522523987,0.2,0.2,0.4,0.08,0.2,0.05,0.5754385964912281,E2 앞쪽 부품 안 (pair_pos=0),공정 값 23,부스팅,
LightGBM,6,0.058043413141918,0.09836222838650023,0.2,0.2,0.2,0.16666666666666666,0.2,0.14285714285714285,0.39646017699115044,E2 앞쪽 부품 안 (pair_pos=0),공정 값 23,부스팅,
LightGBM,7,1.1386653304818562e-05,0.05364775206624976,0.0,0.2,0.2,0.08620689655172414,1.0,0.04504504504504504,0.5292035398230088,E2 앞쪽 부품 안 (pair_pos=0),공정 값 23,부스팅,
LightGBM,8,0.34274136728418575,0.10312587953841823,0.25,0.5,0.5,0.0,0.0,0.0,0.7872807017543859,E2 앞쪽 부품 안 (pair_pos=0),공정 값 23,부스팅,
LightGBM,9,0.0026201486363019804,0.09508423193522392,0.25,0.5,0.5,0.11764705882352941,0.5,0.06666666666666667,0.6140350877192982,E2 앞쪽 부품 안 (pair_pos=0),공정 값 23,부스팅,
LightGBM,10,0.001696317611884466,0.03488737673214314,0.0,0.0,0.0,0.0,0.0,0.0,0.30350877192982456,E2 앞쪽 부품 안 (pair_pos=0),공정 값 23,부스팅,
LightGBM,11,0.0019482393460197058,0.05756098929881015,0.0,0.5,0.5,0.0851063829787234,0.5,0.046511627906976744,0.513157894736842,E2 앞쪽 부품 안 (pair_pos=0),공정 값 23,부스팅,
LightGBM,12,3.614717621162474e-05,0.11356513008555963,0.25,0.25,0.25,0.05405405405405406,0.75,0.028037383177570093,0.493421052631579,E2 앞쪽 부품 안 (pair_pos=0),공정 값 23,부스팅,
LightGBM,13,8.558308238519943e-07,0.2088665609025207,0.6,0.6,0.8,0.08130081300813008,1.0,0.0423728813559322,0.8265486725663717,E2 앞쪽 부품 안 (pair_pos=0),공정 값 23,부스팅,
LightGBM,14,0.00027145205775406785,0.07391879457096848,0.2,0.2,0.2,0.08450704225352113,0.6,0.045454545454545456,0.536283185840708,E2 앞쪽 부품 안 (pair_pos=0),공정 값 23,부스팅,
LightGBM,15,0.014889492901263401,0.06785060842262852,0.0,0.2,0.4,0.0,0.0,0.0,0.6473684210526316,E2 앞쪽 부품 안 (pair_pos=0),공정 값 23,부스팅,
LightGBM,16,0.0014131955189293582,0.07237554112554112,0.25,0.25,0.25,0.0784313725490196,0.5,0.0425531914893617,0.6030701754385965,E2 앞쪽 부품 안 (pair_pos=0),공정 값 23,부스팅,
LightGBM,17,4.868868089333348e-06,0.12565053993625422,0.2,0.2,0.6,0.08264462809917356,1.0,0.04310344827586207,0.6353982300884956,E2 앞쪽 부품 안 (pair_pos=0),공정 값 23,부스팅,
LightGBM,18,2.1354478564296467e-05,0.211001287001287,0.4,0.4,0.6,0.08849557522123894,1.0,0.046296296296296294,0.6513274336283186,E2 앞쪽 부품 안 (pair_pos=0),공정 값 23,부스팅,
LightGBM,19,0.00203527751469512,0.03701233505450373,0.0,0.25,0.25,0.04878048780487805,0.25,0.02702702702702703,0.42324561403508776,E2 앞쪽 부품 안 (pair_pos=0),공정 값 23,부스팅,
LightGBM,20,5.123205747704409e-05,0.06256655222172464,0.2,0.2,0.4,0.09523809523809523,1.0,0.05,0.5473684210526316,E2 앞쪽 부품 안 (pair_pos=0),공정 값 23,부스팅,
LightGBM,21,0.002751278228701203,0.07108218783500073,0.0,0.4,0.4,0.13333333333333333,0.4,0.08,0.6123893805309735,E2 앞쪽 부품 안 (pair_pos=0),공정 값 23,부스팅,
LightGBM,22,5.457730161433656e-07,0.0808080808080808,0.25,0.5,0.75,0.06557377049180328,1.0,0.03389830508474576,0.6842105263157895,E2 앞쪽 부품 안 (pair_pos=0),공정 값 23,부스팅,
LightGBM,23,0.0003993422918232696,0.15081408604282315,0.25,0.25,0.25,0.03278688524590164,0.25,0.017543859649122806,0.45175438596491224,E2 앞쪽 부품 안 (pair_pos=0),공정 값 23,부스팅,
LightGBM,24,0.0025415536407082263,0.06287304429526866,0.2,0.2,0.2,0.05263157894736842,0.2,0.030303030303030304,0.43362831858407075,E2 앞쪽 부품 안 (pair_pos=0),공정 값 23,부스팅,
LightGBM,25,0.00838923656798258,0.04734209386161848,0.0,0.0,0.0,0.0,0.0,0.0,0.5017543859649123,E2 앞쪽 부품 안 (pair_pos=0),공정 값 23,부스팅,
LightGBM,26,1.1492271337638799e-05,0.3069243156199678,0.25,0.5,0.5,0.06837606837606838,1.0,0.035398230088495575,0.7521929824561402,E2 앞쪽 부품 안 (pair_pos=0),공정 값 23,부스팅,
LightGBM,27,0.005122274430352173,0.05300099575328933,0.0,0.2,0.2,0.06666666666666667,0.2,0.04,0.46194690265486726,E2 앞쪽 부품 안 (pair_pos=0),공정 값 23,부스팅,
LightGBM,28,0.015042815655966067,0.13458491529721872,0.4,0.4,0.4,0.2857142857142857,0.4,0.2222222222222222,0.5469026548672566,E2 앞쪽 부품 안 (pair_pos=0),공정 값 23,부스팅,
LightGBM,29,9.424183217923685e-05,0.05016749379652606,0.0,0.0,0.5,0.08333333333333333,1.0,0.043478260869565216,0.581140350877193,E2 앞쪽 부품 안 (pair_pos=0),공정 값 23,부스팅,
LightGBM,30,0.005908714561989112,0.052254103421108124,0.0,0.0,0.2,0.0,0.0,0.0,0.5263157894736842,E2 앞쪽 부품 안 (pair_pos=0),공정 값 23,부스팅,
LightGBM,31,0.0001482293380592954,0.20294361180112142,0.4,0.6,0.6,0.09195402298850575,0.8,0.04878048780487805,0.6247787610619469,E2 앞쪽 부품 안 (pair_pos=0),공정 값 23,부스팅,
LightGBM,32,0.00026605589224852903,0.11449652777777777,0.5,0.5,0.5,0.08695652173913043,0.75,0.046153846153846156,0.6491228070175439,E2 앞쪽 부품 안 (pair_pos=0),공정 값 23,부스팅,
LightGBM,33,0.0016437364727011528,0.05794483260036885,0.0,0.5,0.5,0.08163265306122448,0.5,0.044444444444444446,0.46710526315789475,E2 앞쪽 부품 안 (pair_pos=0),공정 값 23,부스팅,
LightGBM,34,0.44946192469985013,0.05901300904977375,0.2,0.2,0.2,0.0,0.0,0.0,0.5486725663716814,E2 앞쪽 부품 안 (pair_pos=0),공정 값 23,부스팅,
LightGBM,35,0.010829780948349126,0.050093958933319735,0.0,0.0,0.2,0.0,0.0,0.0,0.5017543859649123,E2 앞쪽 부품 안 (pair_pos=0),공정 값 23,부스팅,
LightGBM,36,1.536853955740898e-05,0.06746945725669129,0.2,0.2,0.4,0.08620689655172414,1.0,0.04504504504504504,0.5309734513274336,E2 앞쪽 부품 안 (pair_pos=0),공정 값 23,부스팅,
LightGBM,37,0.0030526895999930304,0.035827577942874576,0.0,0.0,0.0,0.0425531914893617,0.25,0.023255813953488372,0.44298245614035087,E2 앞쪽 부품 안 (pair_pos=0),공정 값 23,부스팅,
LightGBM,38,0.019917989858437738,0.07516867516867518,0.2,0.2,0.2,0.125,0.2,0.09090909090909091,0.5433628318584072,E2 앞쪽 부품 안 (pair_pos=0),공정 값 23,부스팅,
LightGBM,39,0.04824003226576028,0.12347408026755853,0.5,0.75,0.75,0.26666666666666666,0.5,0.18181818181818182,0.7039473684210527,E2 앞쪽 부품 안 (pair_pos=0),공정 값 23,부스팅,
LightGBM,40,0.08194347388895833,0.06287638477412012,0.0,0.2,0.4,0.0,0.0,0.0,0.6052631578947368,E2 앞쪽 부품 안 (pair_pos=0),공정 값 23,부스팅,
LightGBM,41,0.21435067795525117,0.048327669187819035,0.25,0.25,0.25,0.0,0.0,0.0,0.42543859649122806,E2 앞쪽 부품 안 (pair_pos=0),공정 값 23,부스팅,
LightGBM,42,0.0017493124844372811,0.05474793314496143,0.0,0.0,0.4,0.0851063829787234,0.4,0.047619047619047616,0.5592920353982301,E2 앞쪽 부품 안 (pair_pos=0),공정 값 23,부스팅,
LightGBM,43,0.0002772087328373592,0.08941457622498458,0.2,0.4,0.4,0.09876543209876543,0.8,0.05263157894736842,0.6389380530973452,E2 앞쪽 부품 안 (pair_pos=0),공정 값 23,부스팅,
LightGBM,44,0.0008347193639697677,0.05358187134502924,0.25,0.25,0.25,0.03389830508474576,0.25,0.01818181818181818,0.43859649122807015,E2 앞쪽 부품 안 (pair_pos=0),공정 값 23,부스팅,
LightGBM,45,0.0012617235071645818,0.06856019041593227,0.0,0.4,0.6,0.11538461538461539,0.6,0.06382978723404255,0.5596491228070176,E2 앞쪽 부품 안 (pair_pos=0),공정 값 23,부스팅,
LightGBM,46,0.1401484349855616,0.038583200605953515,0.0,0.0,0.0,0.0,0.0,0.0,0.4451754385964913,E2 앞쪽 부품 안 (pair_pos=0),공정 값 23,부스팅,
LightGBM,47,0.013623670269563749,0.0571738711326812,0.0,0.5,0.5,0.08333333333333333,0.25,0.05,0.5307017543859649,E2 앞쪽 부품 안 (pair_pos=0),공정 값 23,부스팅,
LightGBM,48,0.0026310054142606107,0.1392468330670578,0.4,0.4,0.4,0.10256410256410256,0.4,0.058823529411764705,0.6991150442477876,E2 앞쪽 부품 안 (pair_pos=0),공정 값 23,부스팅,
LightGBM,49,0.0001765258366288866,0.07397273612463486,0.2,0.2,0.2,0.07317073170731707,0.6,0.03896103896103896,0.5681415929203539,E2 앞쪽 부품 안 (pair_pos=0),공정 값 23,부스팅,
CatBoost,0,0.5050207402430029,0.04624074074074075,0.0,0.0,0.4,0.0,0.0,0.0,0.4315789473684211,E2 앞쪽 부품 안 (pair_pos=0),공정 값 23,부스팅,
CatBoost,1,0.11321048938610721,0.035322073493428995,0.0,0.0,0.25,0.0,0.0,0.0,0.39473684210526316,E2 앞쪽 부품 안 (pair_pos=0),공정 값 23,부스팅,
CatBoost,2,0.012416619189709063,0.11045713845205057,0.5,0.5,0.5,0.057971014492753624,0.5,0.03076923076923077,0.5767543859649122,E2 앞쪽 부품 안 (pair_pos=0),공정 값 23,부스팅,
CatBoost,3,0.034062057629850845,0.06766554545575888,0.0,0.4,0.4,0.11764705882352941,0.4,0.06896551724137931,0.5911504424778761,E2 앞쪽 부품 안 (pair_pos=0),공정 값 23,부스팅,
CatBoost,4,0.030548696011240047,0.0755885662005613,0.0,0.4,0.6,0.13636363636363635,0.6,0.07692307692307693,0.6530973451327433,E2 앞쪽 부품 안 (pair_pos=0),공정 값 23,부스팅,
CatBoost,5,0.08763055019272079,0.10256132756132756,0.2,0.6,0.8,0.09090909090909091,0.2,0.058823529411764705,0.7070175438596492,E2 앞쪽 부품 안 (pair_pos=0),공정 값 23,부스팅,
CatBoost,6,0.06694747661807722,0.09853809044985515,0.2,0.2,0.2,0.07692307692307693,0.2,0.047619047619047616,0.4070796460176991,E2 앞쪽 부품 안 (pair_pos=0),공정 값 23,부스팅,
CatBoost,7,0.01378748890611658,0.06687905699058018,0.0,0.4,0.4,0.09836065573770492,0.6,0.05357142857142857,0.5380530973451327,E2 앞쪽 부품 안 (pair_pos=0),공정 값 23,부스팅,
CatBoost,8,0.6823362552816881,0.11738113711797922,0.5,0.75,0.75,0.0,0.0,0.0,0.7675438596491228,E2 앞쪽 부품 안 (pair_pos=0),공정 값 23,부스팅,
CatBoost,9,0.17175083671104735,0.051499858497435096,0.0,0.25,0.5,0.0,0.0,0.0,0.5504385964912281,E2 앞쪽 부품 안 (pair_pos=0),공정 값 23,부스팅,
CatBoost,10,0.06256056765268371,0.033218693253630346,0.0,0.0,0.0,0.0,0.0,0.0,0.27192982456140347,E2 앞쪽 부품 안 (pair_pos=0),공정 값 23,부스팅,
CatBoost,11,0.000522694692837388,0.06657317182192025,0.25,0.25,0.25,0.06722689075630252,1.0,0.034782608695652174,0.5307017543859649,E2 앞쪽 부품 안 (pair_pos=0),공정 값 23,부스팅,
CatBoost,12,0.031142670014965478,0.1144069801833777,0.25,0.25,0.25,0.05,0.25,0.027777777777777776,0.5394736842105263,E2 앞쪽 부품 안 (pair_pos=0),공정 값 23,부스팅,
CatBoost,13,0.00016249581318806,0.1510429970200085,0.4,0.6,0.8,0.08130081300813008,1.0,0.0423728813559322,0.7734513274336283,E2 앞쪽 부품 안 (pair_pos=0),공정 값 23,부스팅,
CatBoost,14,0.002145164379260757,0.05365707037409142,0.0,0.0,0.4,0.07920792079207921,0.8,0.041666666666666664,0.5309734513274337,E2 앞쪽 부품 안 (pair_pos=0),공정 값 23,부스팅,
CatBoost,15,0.1718670054294234,0.05749529042386185,0.0,0.2,0.4,0.0,0.0,0.0,0.5175438596491229,E2 앞쪽 부품 안 (pair_pos=0),공정 값 23,부스팅,
CatBoost,16,0.013063708693269728,0.04612152024485204,0.0,0.0,0.0,0.11428571428571428,1.0,0.06060606060606061,0.5679824561403509,E2 앞쪽 부품 안 (pair_pos=0),공정 값 23,부스팅,
CatBoost,17,0.005350999365532418,0.13177908113391984,0.4,0.4,0.6,0.08791208791208792,0.8,0.046511627906976744,0.6778761061946903,E2 앞쪽 부품 안 (pair_pos=0),공정 값 23,부스팅,
CatBoost,18,0.0004336623115501972,0.08678793758590023,0.2,0.4,0.4,0.08196721311475409,1.0,0.042735042735042736,0.6159292035398231,E2 앞쪽 부품 안 (pair_pos=0),공정 값 23,부스팅,
CatBoost,19,0.2492100170460035,0.03863531798314407,0.0,0.25,0.25,0.0,0.0,0.0,0.4473684210526316,E2 앞쪽 부품 안 (pair_pos=0),공정 값 23,부스팅,
CatBoost,20,0.01938316446732751,0.08351643214619621,0.2,0.4,0.4,0.10714285714285714,0.6,0.058823529411764705,0.5947368421052632,E2 앞쪽 부품 안 (pair_pos=0),공정 값 23,부스팅,
CatBoost,21,0.005945819787793363,0.0608239813753802,0.0,0.2,0.4,0.07692307692307693,0.6,0.0410958904109589,0.5787610619469026,E2 앞쪽 부품 안 (pair_pos=0),공정 값 23,부스팅,
CatBoost,22,0.10754407781488808,0.053456379685887886,0.0,0.0,0.25,0.0,0.0,0.0,0.631578947368421,E2 앞쪽 부품 안 (pair_pos=0),공정 값 23,부스팅,
CatBoost,23,0.016412959231735576,0.27475099816942217,0.25,0.25,0.25,0.041666666666666664,0.25,0.022727272727272728,0.4320175438596491,E2 앞쪽 부품 안 (pair_pos=0),공정 값 23,부스팅,
CatBoost,24,0.00819982742808113,0.05554348521294197,0.2,0.2,0.2,0.056338028169014086,0.4,0.030303030303030304,0.36460176991150445,E2 앞쪽 부품 안 (pair_pos=0),공정 값 23,부스팅,
CatBoost,25,0.14638048362392528,0.06716682958618442,0.0,0.4,0.4,0.0,0.0,0.0,0.6070175438596491,E2 앞쪽 부품 안 (pair_pos=0),공정 값 23,부스팅,
CatBoost,26,0.00055987183206329,0.05548470084070314,0.0,0.0,0.5,0.06896551724137931,1.0,0.03571428571428571,0.6359649122807017,E2 앞쪽 부품 안 (pair_pos=0),공정 값 23,부스팅,
CatBoost,27,0.0006913000626481409,0.24336173089925628,0.2,0.2,0.4,0.08620689655172414,1.0,0.04504504504504504,0.5256637168141594,E2 앞쪽 부품 안 (pair_pos=0),공정 값 23,부스팅,
CatBoost,28,0.2146100679899374,0.10843696776888717,0.4,0.4,0.4,0.2222222222222222,0.2,0.25,0.49557522123893805,E2 앞쪽 부품 안 (pair_pos=0),공정 값 23,부스팅,
CatBoost,29,0.03634992672283371,0.0883982362413378,0.25,0.25,0.25,0.0975609756097561,0.5,0.05405405405405406,0.6907894736842105,E2 앞쪽 부품 안 (pair_pos=0),공정 값 23,부스팅,
CatBoost,30,0.02624114261881617,0.06300710648536735,0.2,0.2,0.4,0.05714285714285714,0.2,0.03333333333333333,0.5368421052631579,E2 앞쪽 부품 안 (pair_pos=0),공정 값 23,부스팅,
CatBoost,31,0.04827318895966527,0.12594278703344958,0.4,0.6,0.6,0.18181818181818182,0.6,0.10714285714285714,0.5964601769911505,E2 앞쪽 부품 안 (pair_pos=0),공정 값 23,부스팅,
CatBoost,32,0.07093482178390031,0.15197092233609086,0.5,0.5,0.5,0.16,0.5,0.09523809523809523,0.5745614035087719,E2 앞쪽 부품 안 (pair_pos=0),공정 값 23,부스팅,
CatBoost,33,0.24259825064731283,0.04744397759103641,0.0,0.25,0.25,0.0,0.0,0.0,0.5197368421052632,E2 앞쪽 부품 안 (pair_pos=0),공정 값 23,부스팅,
CatBoost,34,0.2700455485463128,0.05578281400779987,0.0,0.2,0.4,0.0,0.0,0.0,0.5451327433628319,E2 앞쪽 부품 안 (pair_pos=0),공정 값 23,부스팅,
CatBoost,35,0.08347431157785998,0.04257224474314297,0.0,0.0,0.0,0.0,0.0,0.0,0.4298245614035088,E2 앞쪽 부품 안 (pair_pos=0),공정 값 23,부스팅,
CatBoost,36,0.015256408668047644,0.059340235236461654,0.0,0.4,0.4,0.07272727272727272,0.4,0.04,0.5469026548672566,E2 앞쪽 부품 안 (pair_pos=0),공정 값 23,부스팅,
CatBoost,37,0.12155134759882834,0.04469975490196078,0.0,0.0,0.5,0.0,0.0,0.0,0.5328947368421053,E2 앞쪽 부품 안 (pair_pos=0),공정 값 23,부스팅,
CatBoost,38,0.0004639222879696267,0.07822076297686054,0.2,0.2,0.2,0.08547008547008547,1.0,0.044642857142857144,0.511504424778761,E2 앞쪽 부품 안 (pair_pos=0),공정 값 23,부스팅,
CatBoost,39,0.024586097339124858,0.11759504862953138,0.25,0.5,0.75,0.1276595744680851,0.75,0.06976744186046512,0.668859649122807,E2 앞쪽 부품 안 (pair_pos=0),공정 값 23,부스팅,
CatBoost,40,0.04628750041776536,0.05482579965338586,0.0,0.0,0.2,0.058823529411764705,0.2,0.034482758620689655,0.5333333333333333,E2 앞쪽 부품 안 (pair_pos=0),공정 값 23,부스팅,
CatBoost,41,0.19371233649856373,0.04426014591883265,0.0,0.25,0.25,0.0,0.0,0.0,0.48026315789473684,E2 앞쪽 부품 안 (pair_pos=0),공정 값 23,부스팅,
CatBoost,42,0.0062492946150907915,0.05880050037064492,0.2,0.2,0.2,0.10526315789473684,0.8,0.056338028169014086,0.5469026548672566,E2 앞쪽 부품 안 (pair_pos=0),공정 값 23,부스팅,
CatBoost,43,0.11481500338536843,0.167747880223054,0.2,0.4,0.4,0.11764705882352941,0.2,0.08333333333333333,0.6584070796460177,E2 앞쪽 부품 안 (pair_pos=0),공정 값 23,부스팅,
CatBoost,44,0.00620708958791113,0.061776826115061405,0.25,0.25,0.25,0.047058823529411764,0.5,0.024691358024691357,0.4451754385964912,E2 앞쪽 부품 안 (pair_pos=0),공정 값 23,부스팅,
CatBoost,45,0.005391185618843163,0.11670177930327061,0.2,0.6,0.6,0.09876543209876543,0.8,0.05263157894736842,0.6807017543859648,E2 앞쪽 부품 안 (pair_pos=0),공정 값 23,부스팅,
CatBoost,46,0.06855182626703935,0.046430805433099014,0.0,0.25,0.25,0.0625,0.25,0.03571428571428571,0.5197368421052632,E2 앞쪽 부품 안 (pair_pos=0),공정 값 23,부스팅,
CatBoost,47,0.23455968884560463,0.04747845364079586,0.0,0.0,0.5,0.0,0.0,0.0,0.5570175438596492,E2 앞쪽 부품 안 (pair_pos=0),공정 값 23,부스팅,
CatBoost,48,0.058394120484167145,0.08283993840560527,0.0,0.4,0.8,0.09090909090909091,0.2,0.058823529411764705,0.6637168141592922,E2 앞쪽 부품 안 (pair_pos=0),공정 값 23,부스팅,
CatBoost,49,0.00037470688165387283,0.08272338772338772,0.2,0.4,0.6,0.08333333333333333,1.0,0.043478260869565216,0.5663716814159292,E2 앞쪽 부품 안 (pair_pos=0),공정 값 23,부스팅,
SMOTE + 로지스틱,0,0.00845614970516289,0.03147467610956725,0.0,0.0,0.0,0.08064516129032258,1.0,0.04201680672268908,0.24210526315789474,E2 앞쪽 부품 안 (pair_pos=0),공정 값 23,불균형,
SMOTE + 로지스틱,1,0.6556205549357451,0.07184212390634409,0.25,0.25,0.25,0.08333333333333333,0.25,0.05,0.3442982456140351,E2 앞쪽 부품 안 (pair_pos=0),공정 값 23,불균형,
SMOTE + 로지스틱,2,0.006719278445130721,0.027935848252344415,0.0,0.0,0.0,0.06666666666666667,1.0,0.034482758620689655,0.2763157894736842,E2 앞쪽 부품 안 (pair_pos=0),공정 값 23,불균형,
SMOTE + 로지스틱,3,0.003525591126857897,0.048746167168436993,0.0,0.0,0.2,0.08130081300813008,1.0,0.0423728813559322,0.4796460176991151,E2 앞쪽 부품 안 (pair_pos=0),공정 값 23,불균형,
SMOTE + 로지스틱,4,0.34196063096057133,0.04972944341534187,0.2,0.2,0.2,0.03125,0.2,0.01694915254237288,0.3911504424778761,E2 앞쪽 부품 안 (pair_pos=0),공정 값 23,불균형,
SMOTE + 로지스틱,5,0.009575228410657303,0.10376855724313351,0.2,0.6,0.6,0.08064516129032258,1.0,0.04201680672268908,0.7070175438596491,E2 앞쪽 부품 안 (pair_pos=0),공정 값 23,불균형,
SMOTE + 로지스틱,6,0.3721638503159479,0.04787752960206927,0.0,0.0,0.4,0.1,0.6,0.05454545454545454,0.46371681415929206,E2 앞쪽 부품 안 (pair_pos=0),공정 값 23,불균형,
SMOTE + 로지스틱,7,0.0009821752370917202,0.03115319138863098,0.0,0.0,0.0,0.08196721311475409,1.0,0.042735042735042736,0.2194690265486726,E2 앞쪽 부품 안 (pair_pos=0),공정 값 23,불균형,
SMOTE + 로지스틱,8,0.005610144774655954,0.0478521958694994,0.0,0.25,0.25,0.06557377049180328,1.0,0.03389830508474576,0.5701754385964912,E2 앞쪽 부품 안 (pair_pos=0),공정 값 23,불균형,
SMOTE + 로지스틱,9,0.0636914677321282,0.02589061756073454,0.0,0.0,0.0,0.056074766355140186,0.75,0.02912621359223301,0.21710526315789475,E2 앞쪽 부품 안 (pair_pos=0),공정 값 23,불균형,
SMOTE + 로지스틱,10,0.8664549018900685,0.028848333004476156,0.0,0.0,0.0,0.0,0.0,0.0,0.1649122807017544,E2 앞쪽 부품 안 (pair_pos=0),공정 값 23,불균형,
SMOTE + 로지스틱,11,0.0035400613349299438,0.057259626338573705,0.0,0.25,0.5,0.06611570247933884,1.0,0.03418803418803419,0.6403508771929824,E2 앞쪽 부품 안 (pair_pos=0),공정 값 23,불균형,
SMOTE + 로지스틱,12,0.8871513578595785,0.029552368767103813,0.0,0.0,0.0,0.0,0.0,0.0,0.3179824561403509,E2 앞쪽 부품 안 (pair_pos=0),공정 값 23,불균형,
SMOTE + 로지스틱,13,0.007296558209908712,0.049916460699590666,0.0,0.2,0.2,0.08130081300813008,1.0,0.0423728813559322,0.4796460176991151,E2 앞쪽 부품 안 (pair_pos=0),공정 값 23,불균형,
SMOTE + 로지스틱,14,0.40511382474461133,0.04155832471621945,0.0,0.2,0.2,0.06896551724137931,0.4,0.03773584905660377,0.36283185840707965,E2 앞쪽 부품 안 (pair_pos=0),공정 값 23,불균형,
SMOTE + 로지스틱,15,0.0701433079844292,0.04087697576028839,0.0,0.0,0.0,0.08264462809917356,1.0,0.04310344827586207,0.41754385964912283,E2 앞쪽 부품 안 (pair_pos=0),공정 값 23,불균형,
SMOTE + 로지스틱,16,0.03266385938269744,0.03650389901368217,0.0,0.0,0.25,0.06779661016949153,1.0,0.03508771929824561,0.418859649122807,E2 앞쪽 부품 안 (pair_pos=0),공정 값 23,불균형,
SMOTE + 로지스틱,17,0.0007778961421094858,0.05906706691087508,0.2,0.2,0.2,0.08130081300813008,1.0,0.0423728813559322,0.4814159292035398,E2 앞쪽 부품 안 (pair_pos=0),공정 값 23,불균형,
SMOTE + 로지스틱,18,0.7629723534297662,0.05066794731799717,0.0,0.2,0.4,0.0,0.0,0.0,0.47079646017699117,E2 앞쪽 부품 안 (pair_pos=0),공정 값 23,불균형,
SMOTE + 로지스틱,19,0.0010572964891937856,0.05952819110713847,0.0,0.5,0.5,0.06611570247933884,1.0,0.03418803418803419,0.594298245614035,E2 앞쪽 부품 안 (pair_pos=0),공정 값 23,불균형,
SMOTE + 로지스틱,20,0.6919637181866587,0.03300832800068604,0.0,0.0,0.0,0.0,0.0,0.0,0.2771929824561404,E2 앞쪽 부품 안 (pair_pos=0),공정 값 23,불균형,
SMOTE + 로지스틱,21,1.9591600031954054e-05,0.03560104669260124,0.0,0.0,0.2,0.08130081300813008,1.0,0.0423728813559322,0.3168141592920354,E2 앞쪽 부품 안 (pair_pos=0),공정 값 23,불균형,
SMOTE + 로지스틱,22,0.002434547045609095,0.05329298418972332,0.0,0.0,0.5,0.06611570247933884,1.0,0.03418803418803419,0.6030701754385965,E2 앞쪽 부품 안 (pair_pos=0),공정 값 23,불균형,
SMOTE + 로지스틱,23,0.026499329387628525,0.03419712070874862,0.0,0.0,0.25,0.06666666666666667,1.0,0.034482758620689655,0.36403508771929827,E2 앞쪽 부품 안 (pair_pos=0),공정 값 23,불균형,
SMOTE + 로지스틱,24,0.21559988654170076,0.029431267965750723,0.0,0.0,0.0,0.021505376344086023,0.2,0.011363636363636364,0.16460176991150444,E2 앞쪽 부품 안 (pair_pos=0),공정 값 23,불균형,
SMOTE + 로지스틱,25,0.4960516789658503,0.10925569529086301,0.2,0.4,0.4,0.08333333333333333,0.4,0.046511627906976744,0.5228070175438596,E2 앞쪽 부품 안 (pair_pos=0),공정 값 23,불균형,
SMOTE + 로지스틱,26,0.0020250494282303944,0.03655513284669295,0.0,0.0,0.0,0.06611570247933884,1.0,0.03418803418803419,0.4517543859649123,E2 앞쪽 부품 안 (pair_pos=0),공정 값 23,불균형,
SMOTE + 로지스틱,27,0.0006535494585685873,0.046794109124161785,0.0,0.2,0.2,0.08130081300813008,1.0,0.0423728813559322,0.41061946902654867,E2 앞쪽 부품 안 (pair_pos=0),공정 값 23,불균형,
SMOTE + 로지스틱,28,0.8857276235213956,0.04994247376550845,0.0,0.0,0.0,0.0,0.0,0.0,0.5221238938053098,E2 앞쪽 부품 안 (pair_pos=0),공정 값 23,불균형,
SMOTE + 로지스틱,29,4.949278449165823e-05,0.03411012437175228,0.0,0.0,0.0,0.06557377049180328,1.0,0.03389830508474576,0.4013157894736842,E2 앞쪽 부품 안 (pair_pos=0),공정 값 23,불균형,
SMOTE + 로지스틱,30,0.7963484254242617,0.06454874696506094,0.2,0.2,0.2,0.125,0.2,0.09090909090909091,0.3894736842105263,E2 앞쪽 부품 안 (pair_pos=0),공정 값 23,불균형,
SMOTE + 로지스틱,31,0.011303933723079473,0.04751282673184201,0.0,0.2,0.4,0.08196721311475409,1.0,0.042735042735042736,0.41238938053097346,E2 앞쪽 부품 안 (pair_pos=0),공정 값 23,불균형,
SMOTE + 로지스틱,32,0.9774646681197718,0.03224610529646375,0.0,0.0,0.0,0.0,0.0,0.0,0.37280701754385964,E2 앞쪽 부품 안 (pair_pos=0),공정 값 23,불균형,
SMOTE + 로지스틱,33,0.02180876720501913,0.05659606094388703,0.25,0.25,0.25,0.06666666666666667,1.0,0.034482758620689655,0.49780701754385964,E2 앞쪽 부품 안 (pair_pos=0),공정 값 23,불균형,
SMOTE + 로지스틱,34,0.010882136726804766,0.04419556171983356,0.0,0.2,0.2,0.08130081300813008,1.0,0.0423728813559322,0.3292035398230089,E2 앞쪽 부품 안 (pair_pos=0),공정 값 23,불균형,
SMOTE + 로지스틱,35,0.0023421134788667295,0.06926178190574475,0.0,0.4,0.4,0.08130081300813008,1.0,0.0423728813559322,0.6228070175438597,E2 앞쪽 부품 안 (pair_pos=0),공정 값 23,불균형,
SMOTE + 로지스틱,36,0.010518443308943587,0.04214150148867774,0.0,0.2,0.2,0.06722689075630252,0.8,0.03508771929824561,0.35221238938053095,E2 앞쪽 부품 안 (pair_pos=0),공정 값 23,불균형,
SMOTE + 로지스틱,37,4.283023051435418e-05,0.025991356701352827,0.0,0.0,0.0,0.06611570247933884,1.0,0.03418803418803419,0.1995614035087719,E2 앞쪽 부품 안 (pair_pos=0),공정 값 23,불균형,
SMOTE + 로지스틱,38,0.0021891423853822177,0.03762166405023548,0.0,0.0,0.0,0.08130081300813008,1.0,0.0423728813559322,0.35929203539823007,E2 앞쪽 부품 안 (pair_pos=0),공정 값 23,불균형,
SMOTE + 로지스틱,39,0.01129317027854584,0.033587873901307144,0.0,0.0,0.25,0.06557377049180328,1.0,0.03389830508474576,0.38596491228070173,E2 앞쪽 부품 안 (pair_pos=0),공정 값 23,불균형,
SMOTE + 로지스틱,40,0.002162592390081751,0.03686098113263897,0.0,0.0,0.2,0.08130081300813008,1.0,0.0423728813559322,0.3298245614035088,E2 앞쪽 부품 안 (pair_pos=0),공정 값 23,불균형,
SMOTE + 로지스틱,41,0.0031521615670809934,0.030412780049407954,0.0,0.0,0.0,0.06611570247933884,1.0,0.03418803418803419,0.3333333333333333,E2 앞쪽 부품 안 (pair_pos=0),공정 값 23,불균형,
SMOTE + 로지스틱,42,0.01398900058326884,0.03743631631441248,0.0,0.0,0.0,0.08196721311475409,1.0,0.042735042735042736,0.35929203539823007,E2 앞쪽 부품 안 (pair_pos=0),공정 값 23,불균형,
SMOTE + 로지스틱,43,0.003147071160384367,0.04591296030607365,0.0,0.0,0.2,0.08130081300813008,1.0,0.0423728813559322,0.46194690265486726,E2 앞쪽 부품 안 (pair_pos=0),공정 값 23,불균형,
SMOTE + 로지스틱,44,0.005961387143971896,0.02872542281978921,0.0,0.0,0.0,0.06557377049180328,1.0,0.03389830508474576,0.2916666666666667,E2 앞쪽 부품 안 (pair_pos=0),공정 값 23,불균형,
SMOTE + 로지스틱,45,0.006077654754550672,0.04720966516100288,0.0,0.0,0.4,0.08064516129032258,1.0,0.04201680672268908,0.4842105263157895,E2 앞쪽 부품 안 (pair_pos=0),공정 값 23,불균형,
SMOTE + 로지스틱,46,0.0499489179218054,0.032387694780429334,0.0,0.25,0.25,0.035398230088495575,0.5,0.01834862385321101,0.3048245614035088,E2 앞쪽 부품 안 (pair_pos=0),공정 값 23,불균형,
SMOTE + 로지스틱,47,0.6992895457390441,0.03003418604931718,0.0,0.0,0.0,0.0,0.0,0.0,0.32894736842105265,E2 앞쪽 부품 안 (pair_pos=0),공정 값 23,불균형,
SMOTE + 로지스틱,48,4.321641228234878e-06,0.035324387020084294,0.0,0.0,0.0,0.08130081300813008,1.0,0.0423728813559322,0.3097345132743363,E2 앞쪽 부품 안 (pair_pos=0),공정 값 23,불균형,
SMOTE + 로지스틱,49,0.09486124181015863,0.04072205673535952,0.0,0.0,0.2,0.07207207207207207,0.8,0.03773584905660377,0.4,E2 앞쪽 부품 안 (pair_pos=0),공정 값 23,불균형,
ADASYN + 로지스틱,0,0.05590565652231629,0.030906970800587824,0.0,0.0,0.0,0.06666666666666667,0.8,0.034782608695652174,0.22456140350877196,E2 앞쪽 부품 안 (pair_pos=0),공정 값 23,불균형,
ADASYN + 로지스틱,1,0.5083895652569586,0.05816215600938629,0.25,0.25,0.25,0.0425531914893617,0.25,0.023255813953488372,0.3574561403508772,E2 앞쪽 부품 안 (pair_pos=0),공정 값 23,불균형,
ADASYN + 로지스틱,2,0.022731968026725613,0.02631752305665349,0.0,0.0,0.0,0.06722689075630252,1.0,0.034782608695652174,0.23026315789473684,E2 앞쪽 부품 안 (pair_pos=0),공정 값 23,불균형,
ADASYN + 로지스틱,3,0.004312340752826037,0.05273802288452315,0.0,0.0,0.2,0.08130081300813008,1.0,0.0423728813559322,0.5061946902654867,E2 앞쪽 부품 안 (pair_pos=0),공정 값 23,불균형,
ADASYN + 로지스틱,4,0.42183841936324296,0.04699920255183413,0.2,0.2,0.2,0.038461538461538464,0.2,0.02127659574468085,0.36814159292035403,E2 앞쪽 부품 안 (pair_pos=0),공정 값 23,불균형,
ADASYN + 로지스틱,5,0.015076988420608499,0.0826890736557317,0.2,0.4,0.6,0.08064516129032258,1.0,0.04201680672268908,0.6894736842105263,E2 앞쪽 부품 안 (pair_pos=0),공정 값 23,불균형,
ADASYN + 로지스틱,6,0.4080395778104467,0.04625216378186865,0.0,0.0,0.2,0.07547169811320754,0.4,0.041666666666666664,0.4548672566371682,E2 앞쪽 부품 안 (pair_pos=0),공정 값 23,불균형,
ADASYN + 로지스틱,7,0.0009599400736507068,0.029903375035215323,0.0,0.0,0.0,0.08196721311475409,1.0,0.042735042735042736,0.18407079646017702,E2 앞쪽 부품 안 (pair_pos=0),공정 값 23,불균형,
ADASYN + 로지스틱,8,0.005288061849455678,0.04510591623600345,0.0,0.0,0.25,0.06557377049180328,1.0,0.03389830508474576,0.5526315789473684,E2 앞쪽 부품 안 (pair_pos=0),공정 값 23,불균형,
ADASYN + 로지스틱,9,0.24695988834814459,0.025623266420451634,0.0,0.0,0.0,0.0,0.0,0.0,0.20833333333333334,E2 앞쪽 부품 안 (pair_pos=0),공정 값 23,불균형,
ADASYN + 로지스틱,10,0.8595277211947439,0.0293246922456824,0.0,0.0,0.0,0.0,0.0,0.0,0.17894736842105266,E2 앞쪽 부품 안 (pair_pos=0),공정 값 23,불균형,
ADASYN + 로지스틱,11,0.002677138066655402,0.04867483631202024,0.0,0.0,0.25,0.06611570247933884,1.0,0.03418803418803419,0.5921052631578947,E2 앞쪽 부품 안 (pair_pos=0),공정 값 23,불균형,
ADASYN + 로지스틱,12,0.8810237696419565,0.027520988785414965,0.0,0.0,0.0,0.0,0.0,0.0,0.26535087719298245,E2 앞쪽 부품 안 (pair_pos=0),공정 값 23,불균형,
ADASYN + 로지스틱,13,0.007371291165357759,0.04664493455888025,0.0,0.0,0.2,0.08130081300813008,1.0,0.0423728813559322,0.46548672566371685,E2 앞쪽 부품 안 (pair_pos=0),공정 값 23,불균형,
ADASYN + 로지스틱,14,0.3529584106533006,0.042092398480497666,0.0,0.0,0.2,0.06557377049180328,0.4,0.03571428571428571,0.3982300884955753,E2 앞쪽 부품 안 (pair_pos=0),공정 값 23,불균형,
ADASYN + 로지스틱,15,0.05846865957995496,0.043294962505850416,0.0,0.0,0.0,0.08196721311475409,1.0,0.042735042735042736,0.4421052631578947,E2 앞쪽 부품 안 (pair_pos=0),공정 값 23,불균형,
ADASYN + 로지스틱,16,0.03345659570267936,0.03774315250631565,0.0,0.0,0.25,0.06666666666666667,1.0,0.034482758620689655,0.4210526315789474,E2 앞쪽 부품 안 (pair_pos=0),공정 값 23,불균형,
ADASYN + 로지스틱,17,0.0007360456876251206,0.06369006845872034,0.2,0.2,0.2,0.08130081300813008,1.0,0.0423728813559322,0.46194690265486726,E2 앞쪽 부품 안 (pair_pos=0),공정 값 23,불균형,
ADASYN + 로지스틱,18,0.009346658049605909,0.04896594130637107,0.0,0.2,0.2,0.08130081300813008,1.0,0.0423728813559322,0.4619469026548673,E2 앞쪽 부품 안 (pair_pos=0),공정 값 23,불균형,
ADASYN + 로지스틱,19,0.0009830439473963468,0.055533091727335726,0.0,0.5,0.5,0.06611570247933884,1.0,0.03418803418803419,0.5723684210526316,E2 앞쪽 부품 안 (pair_pos=0),공정 값 23,불균형,
ADASYN + 로지스틱,20,0.6837767749682615,0.03296350988076911,0.0,0.0,0.0,0.0,0.0,0.0,0.2771929824561404,E2 앞쪽 부품 안 (pair_pos=0),공정 값 23,불균형,
ADASYN + 로지스틱,21,1.8517325026450455e-05,0.03664062743134243,0.0,0.0,0.2,0.08130081300813008,1.0,0.0423728813559322,0.3327433628318584,E2 앞쪽 부품 안 (pair_pos=0),공정 값 23,불균형,
ADASYN + 로지스틱,22,0.002181375754964366,0.04763930529670746,0.0,0.0,0.0,0.06611570247933884,1.0,0.03418803418803419,0.5657894736842105,E2 앞쪽 부품 안 (pair_pos=0),공정 값 23,불균형,
ADASYN + 로지스틱,23,0.028030556589146657,0.03363502189755783,0.0,0.0,0.25,0.06666666666666667,1.0,0.034482758620689655,0.38377192982456143,E2 앞쪽 부품 안 (pair_pos=0),공정 값 23,불균형,
ADASYN + 로지스틱,24,0.050075480851954395,0.028966508233387395,0.0,0.0,0.0,0.06666666666666667,0.8,0.034782608695652174,0.14867256637168144,E2 앞쪽 부품 안 (pair_pos=0),공정 값 23,불균형,
ADASYN + 로지스틱,25,0.43088957712658066,0.12260227532927591,0.2,0.4,0.4,0.06779661016949153,0.4,0.037037037037037035,0.524561403508772,E2 앞쪽 부품 안 (pair_pos=0),공정 값 23,불균형,
ADASYN + 로지스틱,26,0.0024937330963564824,0.037390401731487,0.0,0.0,0.0,0.06611570247933884,1.0,0.03418803418803419,0.4649122807017544,E2 앞쪽 부품 안 (pair_pos=0),공정 값 23,불균형,
ADASYN + 로지스틱,27,0.0006273185133968407,0.042529084536757175,0.0,0.2,0.2,0.08130081300813008,1.0,0.0423728813559322,0.36106194690265486,E2 앞쪽 부품 안 (pair_pos=0),공정 값 23,불균형,
ADASYN + 로지스틱,28,0.7533440193773903,0.047487159190518415,0.0,0.0,0.0,0.0,0.0,0.0,0.4902654867256637,E2 앞쪽 부품 안 (pair_pos=0),공정 값 23,불균형,
ADASYN + 로지스틱,29,5.217003597578798e-05,0.036681913683524664,0.0,0.0,0.0,0.06557377049180328,1.0,0.03389830508474576,0.44298245614035087,E2 앞쪽 부품 안 (pair_pos=0),공정 값 23,불균형,
ADASYN + 로지스틱,30,0.844770986935761,0.06457619100033976,0.2,0.2,0.2,0.15384615384615385,0.2,0.125,0.3894736842105263,E2 앞쪽 부품 안 (pair_pos=0),공정 값 23,불균형,
ADASYN + 로지스틱,31,0.008897413914320128,0.04875589903054692,0.0,0.2,0.2,0.08196721311475409,1.0,0.042735042735042736,0.42300884955752216,E2 앞쪽 부품 안 (pair_pos=0),공정 값 23,불균형,
ADASYN + 로지스틱,32,0.9765995378173268,0.03127840190730774,0.0,0.0,0.0,0.0,0.0,0.0,0.3552631578947369,E2 앞쪽 부품 안 (pair_pos=0),공정 값 23,불균형,
ADASYN + 로지스틱,33,0.01850661347573711,0.06234284332688589,0.25,0.25,0.25,0.06666666666666667,1.0,0.034482758620689655,0.5328947368421053,E2 앞쪽 부품 안 (pair_pos=0),공정 값 23,불균형,
ADASYN + 로지스틱,34,0.010851905496291128,0.04217571897535314,0.0,0.2,0.2,0.08130081300813008,1.0,0.0423728813559322,0.3274336283185841,E2 앞쪽 부품 안 (pair_pos=0),공정 값 23,불균형,
ADASYN + 로지스틱,35,0.001920021194772027,0.07069967772055058,0.0,0.4,0.4,0.08130081300813008,1.0,0.0423728813559322,0.6456140350877193,E2 앞쪽 부품 안 (pair_pos=0),공정 값 23,불균형,
ADASYN + 로지스틱,36,0.011612294996068884,0.04042773953399574,0.0,0.2,0.2,0.06722689075630252,0.8,0.03508771929824561,0.3504424778761062,E2 앞쪽 부품 안 (pair_pos=0),공정 값 23,불균형,
ADASYN + 로지스틱,37,5.057161842556191e-05,0.025025074511058527,0.0,0.0,0.0,0.06557377049180328,1.0,0.03389830508474576,0.1710526315789474,E2 앞쪽 부품 안 (pair_pos=0),공정 값 23,불균형,
ADASYN + 로지스틱,38,0.0026041200965456123,0.037527539232173945,0.0,0.0,0.0,0.08130081300813008,1.0,0.0423728813559322,0.35575221238938054,E2 앞쪽 부품 안 (pair_pos=0),공정 값 23,불균형,
ADASYN + 로지스틱,39,0.009296621556244387,0.032364556037122405,0.0,0.0,0.0,0.06557377049180328,1.0,0.03389830508474576,0.368421052631579,E2 앞쪽 부품 안 (pair_pos=0),공정 값 23,불균형,
ADASYN + 로지스틱,40,0.0022777561489050707,0.03890632514517209,0.0,0.0,0.2,0.08130081300813008,1.0,0.0423728813559322,0.37368421052631584,E2 앞쪽 부품 안 (pair_pos=0),공정 값 23,불균형,
ADASYN + 로지스틱,41,0.002909765023340241,0.03233345196332639,0.0,0.0,0.0,0.06611570247933884,1.0,0.03418803418803419,0.35964912280701755,E2 앞쪽 부품 안 (pair_pos=0),공정 값 23,불균형,
ADASYN + 로지스틱,42,0.011757959919956708,0.035946917505741034,0.0,0.0,0.0,0.08196721311475409,1.0,0.042735042735042736,0.33274336283185846,E2 앞쪽 부품 안 (pair_pos=0),공정 값 23,불균형,
ADASYN + 로지스틱,43,0.004017852558692179,0.04263947904669878,0.0,0.0,0.2,0.08130081300813008,1.0,0.0423728813559322,0.4300884955752213,E2 앞쪽 부품 안 (pair_pos=0),공정 값 23,불균형,
ADASYN + 로지스틱,44,0.006849563040520107,0.027365458608081976,0.0,0.0,0.0,0.06557377049180328,1.0,0.03389830508474576,0.2565789473684211,E2 앞쪽 부품 안 (pair_pos=0),공정 값 23,불균형,
ADASYN + 로지스틱,45,0.0060064791029190885,0.049260899951431625,0.0,0.0,0.4,0.08064516129032258,1.0,0.04201680672268908,0.4964912280701754,E2 앞쪽 부품 안 (pair_pos=0),공정 값 23,불균형,
ADASYN + 로지스틱,46,0.2529181192177978,0.031988045334575374,0.0,0.0,0.25,0.02857142857142857,0.25,0.015151515151515152,0.3026315789473684,E2 앞쪽 부품 안 (pair_pos=0),공정 값 23,불균형,
ADASYN + 로지스틱,47,0.6203591891551845,0.028827423376271505,0.0,0.0,0.0,0.0,0.0,0.0,0.29605263157894735,E2 앞쪽 부품 안 (pair_pos=0),공정 값 23,불균형,
ADASYN + 로지스틱,48,5.2566647574588114e-06,0.0341882384732408,0.0,0.0,0.0,0.08130081300813008,1.0,0.0423728813559322,0.2867256637168142,E2 앞쪽 부품 안 (pair_pos=0),공정 값 23,불균형,
ADASYN + 로지스틱,49,0.11608747473189537,0.04069849708661247,0.0,0.0,0.2,0.07339449541284404,0.8,0.038461538461538464,0.39469026548672564,E2 앞쪽 부품 안 (pair_pos=0),공정 값 23,불균형,
SMOTE + 랜덤포레스트,0,0.055645502645502644,0.04558567801252311,0.0,0.0,0.2,0.06976744186046512,0.6,0.037037037037037035,0.45964912280701753,E2 앞쪽 부품 안 (pair_pos=0),공정 값 23,불균형,
SMOTE + 랜덤포레스트,1,0.07525925925925922,0.11185818513451892,0.25,0.25,0.25,0.06060606060606061,0.5,0.03225806451612903,0.4956140350877193,E2 앞쪽 부품 안 (pair_pos=0),공정 값 23,불균형,
SMOTE + 랜덤포레스트,2,0.2538677248677249,0.1622727272727273,0.25,0.25,0.5,0.18181818181818182,0.25,0.14285714285714285,0.6074561403508771,E2 앞쪽 부품 안 (pair_pos=0),공정 값 23,불균형,
SMOTE + 랜덤포레스트,3,0.19842328042328045,0.045232735470603205,0.0,0.0,0.0,0.0,0.0,0.0,0.4495575221238938,E2 앞쪽 부품 안 (pair_pos=0),공정 값 23,불균형,
SMOTE + 랜덤포레스트,4,0.15117063492063493,0.15824765877397456,0.2,0.4,0.4,0.12903225806451613,0.4,0.07692307692307693,0.6407079646017699,E2 앞쪽 부품 안 (pair_pos=0),공정 값 23,불균형,
SMOTE + 랜덤포레스트,5,0.16454653679653683,0.050899431428815985,0.0,0.2,0.2,0.06451612903225806,0.2,0.038461538461538464,0.4789473684210527,E2 앞쪽 부품 안 (pair_pos=0),공정 값 23,불균형,
SMOTE + 랜덤포레스트,6,0.2395753968253968,0.04061413116540066,0.0,0.2,0.2,0.0,0.0,0.0,0.3345132743362832,E2 앞쪽 부품 안 (pair_pos=0),공정 값 23,불균형,
SMOTE + 랜덤포레스트,7,0.2485093795093795,0.04232157054545728,0.0,0.0,0.0,0.0,0.0,0.0,0.4070796460176991,E2 앞쪽 부품 안 (pair_pos=0),공정 값 23,불균형,
SMOTE + 랜덤포레스트,8,0.2835727513227513,0.15183080808080807,0.25,0.75,1.0,0.2222222222222222,0.25,0.2,0.8486842105263158,E2 앞쪽 부품 안 (pair_pos=0),공정 값 23,불균형,
SMOTE + 랜덤포레스트,9,0.6273333333333333,0.0531499132649295,0.0,0.25,0.5,0.0,0.0,0.0,0.5899122807017544,E2 앞쪽 부품 안 (pair_pos=0),공정 값 23,불균형,
SMOTE + 랜덤포레스트,10,0.44750493025493027,0.04013481033029905,0.0,0.0,0.2,0.0,0.0,0.0,0.38070175438596493,E2 앞쪽 부품 안 (pair_pos=0),공정 값 23,불균형,
SMOTE + 랜덤포레스트,11,0.3342830687830688,0.05134740760318929,0.0,0.25,0.25,0.0,0.0,0.0,0.5811403508771931,E2 앞쪽 부품 안 (pair_pos=0),공정 값 23,불균형,
SMOTE + 랜덤포레스트,12,0.2515489417989418,0.15155925629006228,0.25,0.25,0.25,0.16666666666666666,0.25,0.125,0.46929824561403505,E2 앞쪽 부품 안 (pair_pos=0),공정 값 23,불균형,
SMOTE + 랜덤포레스트,13,0.0044444444444444444,0.09912221032850693,0.2,0.4,0.6,0.08130081300813008,1.0,0.0423728813559322,0.6938053097345133,E2 앞쪽 부품 안 (pair_pos=0),공정 값 23,불균형,
SMOTE + 랜덤포레스트,14,0.2743864838864839,0.052091516116038294,0.2,0.2,0.2,0.0,0.0,0.0,0.40530973451327434,E2 앞쪽 부품 안 (pair_pos=0),공정 값 23,불균형,
SMOTE + 랜덤포레스트,15,0.22078451178451183,0.055425685425685434,0.0,0.0,0.2,0.0,0.0,0.0,0.5807017543859649,E2 앞쪽 부품 안 (pair_pos=0),공정 값 23,불균형,
SMOTE + 랜덤포레스트,16,0.18541666666666667,0.16053381167110956,0.25,0.25,0.5,0.09090909090909091,0.25,0.05555555555555555,0.5701754385964912,E2 앞쪽 부품 안 (pair_pos=0),공정 값 23,불균형,
SMOTE + 랜덤포레스트,17,0.016108946608946607,0.20887063380752022,0.4,0.6,0.8,0.08196721311475409,1.0,0.042735042735042736,0.7911504424778761,E2 앞쪽 부품 안 (pair_pos=0),공정 값 23,불균형,
SMOTE + 랜덤포레스트,18,0.01486111111111111,0.26041409830883516,0.2,0.4,0.4,0.08264462809917356,1.0,0.04310344827586207,0.6637168141592921,E2 앞쪽 부품 안 (pair_pos=0),공정 값 23,불균형,
SMOTE + 랜덤포레스트,19,0.33085185185185184,0.04389671361502347,0.0,0.25,0.25,0.0,0.0,0.0,0.5065789473684211,E2 앞쪽 부품 안 (pair_pos=0),공정 값 23,불균형,
SMOTE + 랜덤포레스트,20,0.2605035612535612,0.11188507137066288,0.2,0.4,0.4,0.125,0.2,0.09090909090909091,0.531578947368421,E2 앞쪽 부품 안 (pair_pos=0),공정 값 23,불균형,
SMOTE + 랜덤포레스트,21,0.3371494708994709,0.04083967608867776,0.0,0.0,0.0,0.0,0.0,0.0,0.4,E2 앞쪽 부품 안 (pair_pos=0),공정 값 23,불균형,
SMOTE + 랜덤포레스트,22,0.004841269841269841,0.08974014336917563,0.25,0.5,0.75,0.06611570247933884,1.0,0.03418803418803419,0.7478070175438596,E2 앞쪽 부품 안 (pair_pos=0),공정 값 23,불균형,
SMOTE + 랜덤포레스트,23,0.23990109890109892,0.1560264916243177,0.25,0.25,0.25,0.13333333333333333,0.25,0.09090909090909091,0.5416666666666667,E2 앞쪽 부품 안 (pair_pos=0),공정 값 23,불균형,
SMOTE + 랜덤포레스트,24,0.0386031746031746,0.14067166731544425,0.2,0.2,0.4,0.08928571428571429,1.0,0.04672897196261682,0.49380530973451325,E2 앞쪽 부품 안 (pair_pos=0),공정 값 23,불균형,
SMOTE + 랜덤포레스트,25,0.4074539442039443,0.046789035999562315,0.0,0.2,0.2,0.0,0.0,0.0,0.4210526315789474,E2 앞쪽 부품 안 (pair_pos=0),공정 값 23,불균형,
SMOTE + 랜덤포레스트,26,0.00872005772005772,0.03905526623742943,0.0,0.0,0.25,0.06611570247933884,1.0,0.03418803418803419,0.48464912280701755,E2 앞쪽 부품 안 (pair_pos=0),공정 값 23,불균형,
SMOTE + 랜덤포레스트,27,0.11657936507936507,0.24162209977581506,0.2,0.2,0.2,0.06896551724137931,0.4,0.03773584905660377,0.5539823008849557,E2 앞쪽 부품 안 (pair_pos=0),공정 값 23,불균형,
SMOTE + 랜덤포레스트,28,0.18063624338624337,0.11169887460210041,0.2,0.2,0.6,0.11764705882352941,0.2,0.08333333333333333,0.6619469026548672,E2 앞쪽 부품 안 (pair_pos=0),공정 값 23,불균형,
SMOTE + 랜덤포레스트,29,0.2591428571428571,0.08971647869674185,0.25,0.5,0.5,0.11764705882352941,0.25,0.07692307692307693,0.7236842105263158,E2 앞쪽 부품 안 (pair_pos=0),공정 값 23,불균형,
SMOTE + 랜덤포레스트,30,0.056261904761904756,0.0419355952689286,0.0,0.0,0.0,0.07792207792207792,0.6,0.041666666666666664,0.4368421052631579,E2 앞쪽 부품 안 (pair_pos=0),공정 값 23,불균형,
SMOTE + 랜덤포레스트,31,0.37095105820105834,0.09476828434723172,0.2,0.4,0.4,0.0,0.0,0.0,0.631858407079646,E2 앞쪽 부품 안 (pair_pos=0),공정 값 23,불균형,
SMOTE + 랜덤포레스트,32,0.055210317460317467,0.09359633422133423,0.5,0.5,0.5,0.04819277108433735,0.5,0.02531645569620253,0.6030701754385965,E2 앞쪽 부품 안 (pair_pos=0),공정 값 23,불균형,
SMOTE + 랜덤포레스트,33,0.07724206349206347,0.04196804091473445,0.0,0.25,0.5,0.056338028169014086,0.5,0.029850746268656716,0.43640350877192985,E2 앞쪽 부품 안 (pair_pos=0),공정 값 23,불균형,
SMOTE + 랜덤포레스트,34,0.24565247715247707,0.06474109821312117,0.0,0.4,0.4,0.0,0.0,0.0,0.5946902654867257,E2 앞쪽 부품 안 (pair_pos=0),공정 값 23,불균형,
SMOTE + 랜덤포레스트,35,0.02392857142857143,0.05056122448979592,0.0,0.2,0.2,0.09259259259259259,1.0,0.04854368932038835,0.49473684210526314,E2 앞쪽 부품 안 (pair_pos=0),공정 값 23,불균형,
SMOTE + 랜덤포레스트,36,0.06607142857142856,0.12134008732767501,0.2,0.4,0.4,0.08108108108108109,0.6,0.043478260869565216,0.5504424778761061,E2 앞쪽 부품 안 (pair_pos=0),공정 값 23,불균형,
SMOTE + 랜덤포레스트,37,0.14076322751322748,0.03333223672667298,0.0,0.0,0.0,0.0,0.0,0.0,0.38815789473684215,E2 앞쪽 부품 안 (pair_pos=0),공정 값 23,불균형,
SMOTE + 랜덤포레스트,38,0.2615489417989418,0.07957878804563527,0.2,0.2,0.2,0.15384615384615385,0.2,0.125,0.49911504424778763,E2 앞쪽 부품 안 (pair_pos=0),공정 값 23,불균형,
SMOTE + 랜덤포레스트,39,0.04599603174603175,0.21516860332649806,0.5,0.75,0.75,0.0851063829787234,1.0,0.044444444444444446,0.8684210526315789,E2 앞쪽 부품 안 (pair_pos=0),공정 값 23,불균형,
SMOTE + 랜덤포레스트,40,0.2276609686609687,0.11184371184371183,0.2,0.4,0.6,0.0,0.0,0.0,0.7052631578947368,E2 앞쪽 부품 안 (pair_pos=0),공정 값 23,불균형,
SMOTE + 랜덤포레스트,41,0.28759656084656093,0.026857800505368793,0.0,0.0,0.0,0.0,0.0,0.0,0.2456140350877193,E2 앞쪽 부품 안 (pair_pos=0),공정 값 23,불균형,
SMOTE + 랜덤포레스트,42,0.011888888888888888,0.03975835082711636,0.0,0.0,0.0,0.08333333333333333,1.0,0.043478260869565216,0.4,E2 앞쪽 부품 안 (pair_pos=0),공정 값 23,불균형,
SMOTE + 랜덤포레스트,43,0.06586772486772487,0.11085099111414902,0.2,0.6,0.8,0.1,0.8,0.05333333333333334,0.7238938053097346,E2 앞쪽 부품 안 (pair_pos=0),공정 값 23,불균형,
SMOTE + 랜덤포레스트,44,0.06321428571428572,0.03852599268547544,0.0,0.0,0.0,0.0975609756097561,1.0,0.05128205128205128,0.48026315789473684,E2 앞쪽 부품 안 (pair_pos=0),공정 값 23,불균형,
SMOTE + 랜덤포레스트,45,0.049523809523809505,0.07593552903677464,0.2,0.2,0.4,0.06593406593406594,0.6,0.03488372093023256,0.5298245614035089,E2 앞쪽 부품 안 (pair_pos=0),공정 값 23,불균형,
SMOTE + 랜덤포레스트,46,0.10343626743626744,0.029031543073848205,0.0,0.0,0.0,0.0,0.0,0.0,0.30701754385964913,E2 앞쪽 부품 안 (pair_pos=0),공정 값 23,불균형,
SMOTE + 랜덤포레스트,47,0.363957671957672,0.03563489161416142,0.0,0.0,0.0,0.0,0.0,0.0,0.43201754385964913,E2 앞쪽 부품 안 (pair_pos=0),공정 값 23,불균형,
SMOTE + 랜덤포레스트,48,0.08628174603174603,0.14971988865304062,0.4,0.4,0.6,0.09836065573770492,0.6,0.05357142857142857,0.6194690265486726,E2 앞쪽 부품 안 (pair_pos=0),공정 값 23,불균형,
SMOTE + 랜덤포레스트,49,0.0937460317460317,0.2563280986153327,0.2,0.4,0.6,0.10344827586206896,0.6,0.05660377358490566,0.5699115044247788,E2 앞쪽 부품 안 (pair_pos=0),공정 값 23,불균형,
Balanced 랜덤포레스트,0,0.57,0.03349710594594588,0.0,0.0,0.0,0.0,0.0,0.0,0.28596491228070176,E2 앞쪽 부품 안 (pair_pos=0),공정 값 23,불균형,
Balanced 랜덤포레스트,1,0.6266666666666667,0.04343665487830247,0.25,0.25,0.25,0.0,0.0,0.0,0.293859649122807,E2 앞쪽 부품 안 (pair_pos=0),공정 값 23,불균형,
Balanced 랜덤포레스트,2,0.38333333333333336,0.05338745435576421,0.0,0.25,0.5,0.058823529411764705,0.5,0.03125,0.5964912280701754,E2 앞쪽 부품 안 (pair_pos=0),공정 값 23,불균형,
Balanced 랜덤포레스트,3,0.4,0.07322618072618073,0.2,0.2,0.4,0.09836065573770492,0.6,0.05357142857142857,0.4761061946902655,E2 앞쪽 부품 안 (pair_pos=0),공정 값 23,불균형,
Balanced 랜덤포레스트,4,0.4866666666666667,0.08061501409311032,0.0,0.0,0.6,0.0,0.0,0.0,0.7132743362831858,E2 앞쪽 부품 안 (pair_pos=0),공정 값 23,불균형,
Balanced 랜덤포레스트,5,0.5033333333333333,0.04444167937774076,0.0,0.0,0.2,0.0,0.0,0.0,0.45964912280701753,E2 앞쪽 부품 안 (pair_pos=0),공정 값 23,불균형,
Balanced 랜덤포레스트,6,0.4266666666666667,0.08220872603452478,0.2,0.2,0.2,0.030303030303030304,0.2,0.01639344262295082,0.4194690265486726,E2 앞쪽 부품 안 (pair_pos=0),공정 값 23,불균형,
Balanced 랜덤포레스트,7,0.31333333333333335,0.05364899386327958,0.0,0.0,0.4,0.0761904761904762,0.8,0.04,0.495575221238938,E2 앞쪽 부품 안 (pair_pos=0),공정 값 23,불균형,
Balanced 랜덤포레스트,8,0.2966666666666667,0.06021665353661344,0.0,0.25,0.5,0.07407407407407407,1.0,0.038461538461538464,0.6666666666666667,E2 앞쪽 부품 안 (pair_pos=0),공정 값 23,불균형,
Balanced 랜덤포레스트,9,0.5,0.03147515252778411,0.0,0.0,0.0,0.0,0.0,0.0,0.3530701754385964,E2 앞쪽 부품 안 (pair_pos=0),공정 값 23,불균형,
Balanced 랜덤포레스트,10,0.5,0.034668500757208974,0.0,0.0,0.0,0.0,0.0,0.0,0.30526315789473685,E2 앞쪽 부품 안 (pair_pos=0),공정 값 23,불균형,
Balanced 랜덤포레스트,11,0.31333333333333335,0.16266461808604038,0.25,0.25,0.5,0.06060606060606061,0.75,0.031578947368421054,0.5811403508771931,E2 앞쪽 부품 안 (pair_pos=0),공정 값 23,불균형,
Balanced 랜덤포레스트,12,0.29333333333333333,0.04095521631758531,0.0,0.25,0.25,0.07692307692307693,1.0,0.04,0.46710526315789475,E2 앞쪽 부품 안 (pair_pos=0),공정 값 23,불균형,
Balanced 랜덤포레스트,13,0.17666666666666667,0.1113658251860499,0.2,0.6,0.8,0.08130081300813008,1.0,0.0423728813559322,0.7256637168141593,E2 앞쪽 부품 안 (pair_pos=0),공정 값 23,불균형,
Balanced 랜덤포레스트,14,0.47333333333333333,0.08685224877782002,0.2,0.2,0.2,0.04878048780487805,0.2,0.027777777777777776,0.6548672566371682,E2 앞쪽 부품 안 (pair_pos=0),공정 값 23,불균형,
Balanced 랜덤포레스트,15,0.5133333333333333,0.06076000292590154,0.0,0.0,0.4,0.0,0.0,0.0,0.6192982456140351,E2 앞쪽 부품 안 (pair_pos=0),공정 값 23,불균형,
Balanced 랜덤포레스트,16,0.37,0.03556277056277056,0.0,0.0,0.0,0.0547945205479452,0.5,0.028985507246376812,0.4342105263157895,E2 앞쪽 부품 안 (pair_pos=0),공정 값 23,불균형,
Balanced 랜덤포레스트,17,0.22,0.06961234853067882,0.0,0.2,0.6,0.08196721311475409,1.0,0.042735042735042736,0.6212389380530974,E2 앞쪽 부품 안 (pair_pos=0),공정 값 23,불균형,
Balanced 랜덤포레스트,18,0.25333333333333335,0.0842520022932394,0.4,0.4,0.4,0.08620689655172414,1.0,0.04504504504504504,0.5752212389380531,E2 앞쪽 부품 안 (pair_pos=0),공정 값 23,불균형,
Balanced 랜덤포레스트,19,0.5533333333333333,0.04726038315508796,0.0,0.25,0.25,0.0,0.0,0.0,0.48464912280701755,E2 앞쪽 부품 안 (pair_pos=0),공정 값 23,불균형,
Balanced 랜덤포레스트,20,0.4066666666666667,0.04680137772675086,0.0,0.0,0.2,0.07894736842105263,0.6,0.04225352112676056,0.4894736842105263,E2 앞쪽 부품 안 (pair_pos=0),공정 값 23,불균형,
Balanced 랜덤포레스트,21,0.24,0.054717165418963765,0.2,0.2,0.2,0.08771929824561403,1.0,0.045871559633027525,0.49557522123893805,E2 앞쪽 부품 안 (pair_pos=0),공정 값 23,불균형,
Balanced 랜덤포레스트,22,0.21,0.0930229716520039,0.25,0.25,0.5,0.06557377049180328,1.0,0.03389830508474576,0.7236842105263157,E2 앞쪽 부품 안 (pair_pos=0),공정 값 23,불균형,
Balanced 랜덤포레스트,23,0.35,0.27356855080277975,0.25,0.25,0.25,0.029850746268656716,0.25,0.015873015873015872,0.4035087719298246,E2 앞쪽 부품 안 (pair_pos=0),공정 값 23,불균형,
Balanced 랜덤포레스트,24,0.5066666666666667,0.041117608885524654,0.0,0.2,0.2,0.07142857142857142,0.2,0.043478260869565216,0.336283185840708,E2 앞쪽 부품 안 (pair_pos=0),공정 값 23,불균형,
Balanced 랜덤포레스트,25,0.53,0.05076093982743599,0.0,0.2,0.2,0.0,0.0,0.0,0.4543859649122807,E2 앞쪽 부품 안 (pair_pos=0),공정 값 23,불균형,
Balanced 랜덤포레스트,26,0.19333333333333333,0.0371937025238912,0.0,0.0,0.0,0.06722689075630252,1.0,0.034782608695652174,0.46271929824561403,E2 앞쪽 부품 안 (pair_pos=0),공정 값 23,불균형,
Balanced 랜덤포레스트,27,0.33,0.07755287383944573,0.2,0.2,0.2,0.08080808080808081,0.8,0.0425531914893617,0.49911504424778763,E2 앞쪽 부품 안 (pair_pos=0),공정 값 23,불균형,
Balanced 랜덤포레스트,28,0.22,0.09796386257226387,0.2,0.4,0.4,0.08130081300813008,1.0,0.0423728813559322,0.6,E2 앞쪽 부품 안 (pair_pos=0),공정 값 23,불균형,
Balanced 랜덤포레스트,29,0.17666666666666667,0.06278161746537013,0.25,0.25,0.5,0.06557377049180328,1.0,0.03389830508474576,0.6403508771929824,E2 앞쪽 부품 안 (pair_pos=0),공정 값 23,불균형,
Balanced 랜덤포레스트,30,0.34,0.04541043368950346,0.0,0.2,0.2,0.08791208791208792,0.8,0.046511627906976744,0.4473684210526316,E2 앞쪽 부품 안 (pair_pos=0),공정 값 23,불균형,
Balanced 랜덤포레스트,31,0.23333333333333334,0.07288651736869055,0.0,0.4,0.6,0.08333333333333333,1.0,0.043478260869565216,0.6495575221238938,E2 앞쪽 부품 안 (pair_pos=0),공정 값 23,불균형,
Balanced 랜덤포레스트,32,0.19333333333333333,0.07147575112045593,0.25,0.5,0.5,0.06722689075630252,1.0,0.034782608695652174,0.519736842105263,E2 앞쪽 부품 안 (pair_pos=0),공정 값 23,불균형,
Balanced 랜덤포레스트,33,0.3333333333333333,0.040590086112215346,0.0,0.25,0.25,0.042105263157894736,0.5,0.02197802197802198,0.37061403508771934,E2 앞쪽 부품 안 (pair_pos=0),공정 값 23,불균형,
Balanced 랜덤포레스트,34,0.18333333333333332,0.04897408916396258,0.0,0.0,0.2,0.08130081300813008,1.0,0.0423728813559322,0.5168141592920354,E2 앞쪽 부품 안 (pair_pos=0),공정 값 23,불균형,
Balanced 랜덤포레스트,35,0.5833333333333334,0.03804790533782505,0.0,0.0,0.0,0.0,0.0,0.0,0.36666666666666664,E2 앞쪽 부품 안 (pair_pos=0),공정 값 23,불균형,
Balanced 랜덤포레스트,36,0.36333333333333334,0.035143515057190176,0.0,0.0,0.0,0.05,0.4,0.02666666666666667,0.31327433628318585,E2 앞쪽 부품 안 (pair_pos=0),공정 값 23,불균형,
Balanced 랜덤포레스트,37,0.42333333333333334,0.035603388512595674,0.0,0.0,0.0,0.058823529411764705,0.5,0.03125,0.4276315789473684,E2 앞쪽 부품 안 (pair_pos=0),공정 값 23,불균형,
Balanced 랜덤포레스트,38,0.49666666666666665,0.05027254066460491,0.0,0.2,0.2,0.0,0.0,0.0,0.5150442477876107,E2 앞쪽 부품 안 (pair_pos=0),공정 값 23,불균형,
Balanced 랜덤포레스트,39,0.24333333333333335,0.06195504704131609,0.0,0.25,0.5,0.06722689075630252,1.0,0.034782608695652174,0.6425438596491229,E2 앞쪽 부품 안 (pair_pos=0),공정 값 23,불균형,
Balanced 랜덤포레스트,40,0.14333333333333334,0.07906093906093906,0.2,0.2,0.4,0.08064516129032258,1.0,0.04201680672268908,0.6298245614035087,E2 앞쪽 부품 안 (pair_pos=0),공정 값 23,불균형,
Balanced 랜덤포레스트,41,0.6066666666666667,0.03159799388247664,0.0,0.0,0.25,0.0,0.0,0.0,0.32456140350877194,E2 앞쪽 부품 안 (pair_pos=0),공정 값 23,불균형,
Balanced 랜덤포레스트,42,0.5233333333333333,0.048219375418017185,0.0,0.2,0.2,0.0,0.0,0.0,0.479646017699115,E2 앞쪽 부품 안 (pair_pos=0),공정 값 23,불균형,
Balanced 랜덤포레스트,43,0.16,0.051920168449848814,0.0,0.2,0.2,0.08130081300813008,1.0,0.0423728813559322,0.4690265486725663,E2 앞쪽 부품 안 (pair_pos=0),공정 값 23,불균형,
Balanced 랜덤포레스트,44,0.2833333333333333,0.054639357058711896,0.25,0.25,0.25,0.07017543859649122,1.0,0.03636363636363636,0.4583333333333333,E2 앞쪽 부품 안 (pair_pos=0),공정 값 23,불균형,
Balanced 랜덤포레스트,45,0.4033333333333333,0.08949099639855942,0.2,0.2,0.2,0.1016949152542373,0.6,0.05555555555555555,0.5070175438596491,E2 앞쪽 부품 안 (pair_pos=0),공정 값 23,불균형,
Balanced 랜덤포레스트,46,0.3566666666666667,0.0388630474491313,0.0,0.0,0.0,0.07692307692307693,0.75,0.04054054054054054,0.4868421052631579,E2 앞쪽 부품 안 (pair_pos=0),공정 값 23,불균형,
Balanced 랜덤포레스트,47,0.4766666666666667,0.04864725341109091,0.0,0.25,0.25,0.05263157894736842,0.25,0.029411764705882353,0.49780701754385964,E2 앞쪽 부품 안 (pair_pos=0),공정 값 23,불균형,
Balanced 랜덤포레스트,48,0.5,0.06620600888997635,0.2,0.2,0.2,0.08333333333333333,0.2,0.05263157894736842,0.5398230088495576,E2 앞쪽 부품 안 (pair_pos=0),공정 값 23,불균형,
Balanced 랜덤포레스트,49,0.2833333333333333,0.10552465618114125,0.2,0.2,0.2,0.08771929824561403,1.0,0.045871559633027525,0.5079646017699115,E2 앞쪽 부품 안 (pair_pos=0),공정 값 23,불균형,
EasyEnsemble,0,0.6113083565614874,0.03084549128878755,0.0,0.0,0.0,0.0,0.0,0.0,0.22280701754385968,E2 앞쪽 부품 안 (pair_pos=0),공정 값 23,불균형,
EasyEnsemble,1,0.5496927319473166,0.0507372990815155,0.0,0.25,0.25,0.06896551724137931,0.25,0.04,0.5307017543859649,E2 앞쪽 부품 안 (pair_pos=0),공정 값 23,불균형,
EasyEnsemble,2,0.44452894608581,0.04870756783866541,0.0,0.25,0.25,0.057692307692307696,0.75,0.03,0.5482456140350878,E2 앞쪽 부품 안 (pair_pos=0),공정 값 23,불균형,
EasyEnsemble,3,0.5049738990837149,0.057088764893642945,0.0,0.2,0.4,0.09230769230769231,0.6,0.05,0.5274336283185841,E2 앞쪽 부품 안 (pair_pos=0),공정 값 23,불균형,
EasyEnsemble,4,0.548683878135354,0.08163030729533192,0.2,0.4,0.6,0.0,0.0,0.0,0.6672566371681415,E2 앞쪽 부품 안 (pair_pos=0),공정 값 23,불균형,
EasyEnsemble,5,0.5619673767275921,0.06725381061515516,0.0,0.4,0.4,0.0,0.0,0.0,0.631578947368421,E2 앞쪽 부품 안 (pair_pos=0),공정 값 23,불균형,
EasyEnsemble,6,0.5410139188273015,0.04434749080058004,0.0,0.2,0.2,0.06666666666666667,0.2,0.04,0.4194690265486726,E2 앞쪽 부품 안 (pair_pos=0),공정 값 23,불균형,
EasyEnsemble,7,0.46763189158610546,0.03900675939891626,0.0,0.0,0.2,0.0851063829787234,0.8,0.0449438202247191,0.384070796460177,E2 앞쪽 부품 안 (pair_pos=0),공정 값 23,불균형,
EasyEnsemble,8,0.4095579300090241,0.058956916099773236,0.0,0.25,0.5,0.06611570247933884,1.0,0.03418803418803419,0.6666666666666667,E2 앞쪽 부품 안 (pair_pos=0),공정 값 23,불균형,
EasyEnsemble,9,0.38967486345617225,0.037112084255587416,0.0,0.0,0.0,0.06666666666666667,1.0,0.034482758620689655,0.4473684210526316,E2 앞쪽 부품 안 (pair_pos=0),공정 값 23,불균형,
EasyEnsemble,10,0.5317896690762678,0.03423990737944226,0.0,0.0,0.0,0.0,0.0,0.0,0.3035087719298246,E2 앞쪽 부품 안 (pair_pos=0),공정 값 23,불균형,
EasyEnsemble,11,0.5505460488185026,0.05818943943943944,0.0,0.0,0.25,0.0,0.0,0.0,0.6622807017543859,E2 앞쪽 부품 안 (pair_pos=0),공정 값 23,불균형,
EasyEnsemble,12,0.46387892452912804,0.0348477535977536,0.0,0.25,0.25,0.0625,0.75,0.03260869565217391,0.37280701754385964,E2 앞쪽 부품 안 (pair_pos=0),공정 값 23,불균형,
EasyEnsemble,13,0.39139132546988914,0.07846890181274689,0.0,0.4,0.6,0.08196721311475409,1.0,0.042735042735042736,0.6902654867256637,E2 앞쪽 부품 안 (pair_pos=0),공정 값 23,불균형,
EasyEnsemble,14,0.4254690910050732,0.0574770545574915,0.0,0.0,0.4,0.08333333333333333,1.0,0.043478260869565216,0.5876106194690265,E2 앞쪽 부품 안 (pair_pos=0),공정 값 23,불균형,
EasyEnsemble,15,0.3784504944317847,0.06762268551955103,0.0,0.2,0.4,0.08064516129032258,1.0,0.04201680672268908,0.6543859649122807,E2 앞쪽 부품 안 (pair_pos=0),공정 값 23,불균형,
EasyEnsemble,16,0.5415708961618763,0.037389416024935826,0.0,0.0,0.25,0.0,0.0,0.0,0.4473684210526316,E2 앞쪽 부품 안 (pair_pos=0),공정 값 23,불균형,
EasyEnsemble,17,0.421928804189467,0.06666267909172965,0.0,0.0,0.4,0.08333333333333333,1.0,0.043478260869565216,0.6300884955752213,E2 앞쪽 부품 안 (pair_pos=0),공정 값 23,불균형,
EasyEnsemble,18,0.6170281400748862,0.08114811997391871,0.2,0.2,0.6,0.0,0.0,0.0,0.5539823008849557,E2 앞쪽 부품 안 (pair_pos=0),공정 값 23,불균형,
EasyEnsemble,19,0.49805785444650824,0.06428989139515455,0.0,0.25,0.5,0.11267605633802817,1.0,0.05970149253731343,0.6864035087719298,E2 앞쪽 부품 안 (pair_pos=0),공정 값 23,불균형,
EasyEnsemble,20,0.4803208354555106,0.05844371822803195,0.0,0.2,0.4,0.09411764705882353,0.8,0.05,0.543859649122807,E2 앞쪽 부품 안 (pair_pos=0),공정 값 23,불균형,
EasyEnsemble,21,0.4344248745689864,0.04487576744472119,0.0,0.2,0.2,0.08928571428571429,1.0,0.04672897196261682,0.4035398230088496,E2 앞쪽 부품 안 (pair_pos=0),공정 값 23,불균형,
EasyEnsemble,22,0.5080579220655677,0.07186147186147185,0.25,0.25,0.5,0.1095890410958904,1.0,0.057971014492753624,0.7017543859649122,E2 앞쪽 부품 안 (pair_pos=0),공정 값 23,불균형,
EasyEnsemble,23,0.5198188670088373,0.045773482438381696,0.0,0.25,0.25,0.04878048780487805,0.25,0.02702702702702703,0.4868421052631579,E2 앞쪽 부품 안 (pair_pos=0),공정 값 23,불균형,
EasyEnsemble,24,0.545964047440826,0.042667793345133244,0.0,0.2,0.2,0.07407407407407407,0.2,0.045454545454545456,0.36637168141592924,E2 앞쪽 부품 안 (pair_pos=0),공정 값 23,불균형,
EasyEnsemble,25,0.5278200055988442,0.045566236241880546,0.0,0.0,0.0,0.0,0.0,0.0,0.4807017543859649,E2 앞쪽 부품 안 (pair_pos=0),공정 값 23,불균형,
EasyEnsemble,26,0.38292578785393033,0.04210491016273077,0.0,0.25,0.25,0.06666666666666667,1.0,0.034482758620689655,0.48903508771929827,E2 앞쪽 부품 안 (pair_pos=0),공정 값 23,불균형,
EasyEnsemble,27,0.390966867562048,0.04996508282983153,0.0,0.0,0.2,0.08196721311475409,1.0,0.042735042735042736,0.5150442477876106,E2 앞쪽 부품 안 (pair_pos=0),공정 값 23,불균형,
EasyEnsemble,28,0.6158154374199711,0.06955478126209833,0.0,0.4,0.4,0.0,0.0,0.0,0.6283185840707965,E2 앞쪽 부품 안 (pair_pos=0),공정 값 23,불균형,
EasyEnsemble,29,0.35766819103257447,0.04364845302912453,0.0,0.0,0.25,0.06557377049180328,1.0,0.03389830508474576,0.5241228070175439,E2 앞쪽 부품 안 (pair_pos=0),공정 값 23,불균형,
EasyEnsemble,30,0.45842087499646,0.042775836890071584,0.0,0.0,0.0,0.08602150537634409,0.8,0.045454545454545456,0.43508771929824563,E2 앞쪽 부품 안 (pair_pos=0),공정 값 23,불균형,
EasyEnsemble,31,0.369007002509686,0.06260948176072281,0.0,0.2,0.4,0.08130081300813008,1.0,0.0423728813559322,0.5628318584070797,E2 앞쪽 부품 안 (pair_pos=0),공정 값 23,불균형,
EasyEnsemble,32,0.6071463306667609,0.08404196879806636,0.25,0.25,0.25,0.0,0.0,0.0,0.6578947368421053,E2 앞쪽 부품 안 (pair_pos=0),공정 값 23,불균형,
EasyEnsemble,33,0.5236635828121763,0.05086031190145619,0.25,0.25,0.25,0.08,0.5,0.043478260869565216,0.4276315789473685,E2 앞쪽 부품 안 (pair_pos=0),공정 값 23,불균형,
EasyEnsemble,34,0.36905673428729846,0.05640293916609706,0.0,0.2,0.2,0.08130081300813008,1.0,0.0423728813559322,0.5327433628318584,E2 앞쪽 부품 안 (pair_pos=0),공정 값 23,불균형,
EasyEnsemble,35,0.37957012408874025,0.05405460378864634,0.0,0.2,0.4,0.08130081300813008,1.0,0.0423728813559322,0.5491228070175439,E2 앞쪽 부품 안 (pair_pos=0),공정 값 23,불균형,
EasyEnsemble,36,0.46058014248615775,0.03154369041069109,0.0,0.0,0.0,0.06,0.6,0.031578947368421054,0.23362831858407077,E2 앞쪽 부품 안 (pair_pos=0),공정 값 23,불균형,
EasyEnsemble,37,0.48104542639337416,0.03322821544652531,0.0,0.0,0.0,0.06666666666666667,0.75,0.03488372093023256,0.38377192982456143,E2 앞쪽 부품 안 (pair_pos=0),공정 값 23,불균형,
EasyEnsemble,38,0.5717341111515267,0.06510595023993124,0.0,0.2,0.4,0.0,0.0,0.0,0.6371681415929202,E2 앞쪽 부품 안 (pair_pos=0),공정 값 23,불균형,
EasyEnsemble,39,0.487176150585073,0.06245766811804548,0.0,0.25,0.5,0.09090909090909091,1.0,0.047619047619047616,0.6820175438596491,E2 앞쪽 부품 안 (pair_pos=0),공정 값 23,불균형,
EasyEnsemble,40,0.38877995323123626,0.059265947811753435,0.2,0.2,0.2,0.08064516129032258,1.0,0.04201680672268908,0.5403508771929825,E2 앞쪽 부품 안 (pair_pos=0),공정 값 23,불균형,
EasyEnsemble,41,0.4994525462481191,0.041145816672855676,0.0,0.0,0.25,0.06666666666666667,0.5,0.03571428571428571,0.4692982456140351,E2 앞쪽 부품 안 (pair_pos=0),공정 값 23,불균형,
EasyEnsemble,42,0.6080765247385252,0.04388528009611988,0.0,0.0,0.2,0.0,0.0,0.0,0.4442477876106195,E2 앞쪽 부품 안 (pair_pos=0),공정 값 23,불균형,
EasyEnsemble,43,0.4288819948841531,0.05058655702491319,0.0,0.0,0.2,0.08333333333333333,1.0,0.043478260869565216,0.5309734513274336,E2 앞쪽 부품 안 (pair_pos=0),공정 값 23,불균형,
EasyEnsemble,44,0.43288086428907535,0.04008155335287822,0.0,0.0,0.25,0.06837606837606838,1.0,0.035398230088495575,0.4956140350877193,E2 앞쪽 부품 안 (pair_pos=0),공정 값 23,불균형,
EasyEnsemble,45,0.5314986637749565,0.060417081591751985,0.0,0.2,0.4,0.058823529411764705,0.2,0.034482758620689655,0.5877192982456141,E2 앞쪽 부품 안 (pair_pos=0),공정 값 23,불균형,
EasyEnsemble,46,0.49559363387917565,0.049930939880974946,0.0,0.25,0.25,0.06779661016949153,0.5,0.03636363636363636,0.5175438596491228,E2 앞쪽 부품 안 (pair_pos=0),공정 값 23,불균형,
EasyEnsemble,47,0.5371034680929543,0.03444507464757668,0.0,0.0,0.0,0.0,0.0,0.0,0.41666666666666663,E2 앞쪽 부품 안 (pair_pos=0),공정 값 23,불균형,
EasyEnsemble,48,0.4224315058748518,0.05448853615520281,0.0,0.2,0.4,0.08264462809917356,1.0,0.04310344827586207,0.5274336283185841,E2 앞쪽 부품 안 (pair_pos=0),공정 값 23,불균형,
EasyEnsemble,49,0.529466541581052,0.05092034367263725,0.0,0.2,0.2,0.046511627906976744,0.2,0.02631578947368421,0.4548672566371682,E2 앞쪽 부품 안 (pair_pos=0),공정 값 23,불균형,
RUSBoost,0,,,,,,,,,,E2 앞쪽 부품 안 (pair_pos=0),공정 값 23,불균형,"ValueError: BaseClassifier in AdaBoostClassifier ensemble is worse than random, ensemble can not be fit."
RUSBoost,1,,,,,,,,,,E2 앞쪽 부품 안 (pair_pos=0),공정 값 23,불균형,"ValueError: BaseClassifier in AdaBoostClassifier ensemble is worse than random, ensemble can not be fit."
RUSBoost,2,,,,,,,,,,E2 앞쪽 부품 안 (pair_pos=0),공정 값 23,불균형,"ValueError: BaseClassifier in AdaBoostClassifier ensemble is worse than random, ensemble can not be fit."
RUSBoost,3,,,,,,,,,,E2 앞쪽 부품 안 (pair_pos=0),공정 값 23,불균형,"ValueError: BaseClassifier in AdaBoostClassifier ensemble is worse than random, ensemble can not be fit."
RUSBoost,4,,,,,,,,,,E2 앞쪽 부품 안 (pair_pos=0),공정 값 23,불균형,"ValueError: BaseClassifier in AdaBoostClassifier ensemble is worse than random, ensemble can not be fit."
RUSBoost,5,,,,,,,,,,E2 앞쪽 부품 안 (pair_pos=0),공정 값 23,불균형,"ValueError: BaseClassifier in AdaBoostClassifier ensemble is worse than random, ensemble can not be fit."
RUSBoost,6,,,,,,,,,,E2 앞쪽 부품 안 (pair_pos=0),공정 값 23,불균형,"ValueError: BaseClassifier in AdaBoostClassifier ensemble is worse than random, ensemble can not be fit."
RUSBoost,7,,,,,,,,,,E2 앞쪽 부품 안 (pair_pos=0),공정 값 23,불균형,"ValueError: BaseClassifier in AdaBoostClassifier ensemble is worse than random, ensemble can not be fit."
RUSBoost,8,0.14004196683069528,0.05731938835387111,0.0,0.0,0.25,0.125,1.0,0.06666666666666667,0.6600877192982456,E2 앞쪽 부품 안 (pair_pos=0),공정 값 23,불균형,
RUSBoost,9,,,,,,,,,,E2 앞쪽 부품 안 (pair_pos=0),공정 값 23,불균형,"ValueError: BaseClassifier in AdaBoostClassifier ensemble is worse than random, ensemble can not be fit."
RUSBoost,10,,,,,,,,,,E2 앞쪽 부품 안 (pair_pos=0),공정 값 23,불균형,"ValueError: BaseClassifier in AdaBoostClassifier ensemble is worse than random, ensemble can not be fit."
RUSBoost,11,,,,,,,,,,E2 앞쪽 부품 안 (pair_pos=0),공정 값 23,불균형,"ValueError: BaseClassifier in AdaBoostClassifier ensemble is worse than random, ensemble can not be fit."
RUSBoost,12,,,,,,,,,,E2 앞쪽 부품 안 (pair_pos=0),공정 값 23,불균형,"ValueError: BaseClassifier in AdaBoostClassifier ensemble is worse than random, ensemble can not be fit."
RUSBoost,13,,,,,,,,,,E2 앞쪽 부품 안 (pair_pos=0),공정 값 23,불균형,"ValueError: BaseClassifier in AdaBoostClassifier ensemble is worse than random, ensemble can not be fit."
RUSBoost,14,,,,,,,,,,E2 앞쪽 부품 안 (pair_pos=0),공정 값 23,불균형,"ValueError: BaseClassifier in AdaBoostClassifier ensemble is worse than random, ensemble can not be fit."
RUSBoost,15,,,,,,,,,,E2 앞쪽 부품 안 (pair_pos=0),공정 값 23,불균형,"ValueError: BaseClassifier in AdaBoostClassifier ensemble is worse than random, ensemble can not be fit."
RUSBoost,16,,,,,,,,,,E2 앞쪽 부품 안 (pair_pos=0),공정 값 23,불균형,"ValueError: BaseClassifier in AdaBoostClassifier ensemble is worse than random, ensemble can not be fit."
RUSBoost,17,,,,,,,,,,E2 앞쪽 부품 안 (pair_pos=0),공정 값 23,불균형,"ValueError: BaseClassifier in AdaBoostClassifier ensemble is worse than random, ensemble can not be fit."
RUSBoost,18,,,,,,,,,,E2 앞쪽 부품 안 (pair_pos=0),공정 값 23,불균형,"ValueError: BaseClassifier in AdaBoostClassifier ensemble is worse than random, ensemble can not be fit."
RUSBoost,19,,,,,,,,,,E2 앞쪽 부품 안 (pair_pos=0),공정 값 23,불균형,"ValueError: BaseClassifier in AdaBoostClassifier ensemble is worse than random, ensemble can not be fit."
RUSBoost,20,,,,,,,,,,E2 앞쪽 부품 안 (pair_pos=0),공정 값 23,불균형,"ValueError: BaseClassifier in AdaBoostClassifier ensemble is worse than random, ensemble can not be fit."
RUSBoost,21,,,,,,,,,,E2 앞쪽 부품 안 (pair_pos=0),공정 값 23,불균형,"ValueError: BaseClassifier in AdaBoostClassifier ensemble is worse than random, ensemble can not be fit."
RUSBoost,22,,,,,,,,,,E2 앞쪽 부품 안 (pair_pos=0),공정 값 23,불균형,"ValueError: BaseClassifier in AdaBoostClassifier ensemble is worse than random, ensemble can not be fit."
RUSBoost,23,,,,,,,,,,E2 앞쪽 부품 안 (pair_pos=0),공정 값 23,불균형,"ValueError: BaseClassifier in AdaBoostClassifier ensemble is worse than random, ensemble can not be fit."
RUSBoost,24,,,,,,,,,,E2 앞쪽 부품 안 (pair_pos=0),공정 값 23,불균형,"ValueError: BaseClassifier in AdaBoostClassifier ensemble is worse than random, ensemble can not be fit."
RUSBoost,25,,,,,,,,,,E2 앞쪽 부품 안 (pair_pos=0),공정 값 23,불균형,"ValueError: BaseClassifier in AdaBoostClassifier ensemble is worse than random, ensemble can not be fit."
RUSBoost,26,,,,,,,,,,E2 앞쪽 부품 안 (pair_pos=0),공정 값 23,불균형,"ValueError: BaseClassifier in AdaBoostClassifier ensemble is worse than random, ensemble can not be fit."
RUSBoost,27,,,,,,,,,,E2 앞쪽 부품 안 (pair_pos=0),공정 값 23,불균형,"ValueError: BaseClassifier in AdaBoostClassifier ensemble is worse than random, ensemble can not be fit."
RUSBoost,28,0.11920292202211755,0.13214748085014566,0.2,0.4,0.6,0.08130081300813008,1.0,0.0423728813559322,0.6371681415929203,E2 앞쪽 부품 안 (pair_pos=0),공정 값 23,불균형,
RUSBoost,29,,,,,,,,,,E2 앞쪽 부품 안 (pair_pos=0),공정 값 23,불균형,"ValueError: BaseClassifier in AdaBoostClassifier ensemble is worse than random, ensemble can not be fit."
RUSBoost,30,,,,,,,,,,E2 앞쪽 부품 안 (pair_pos=0),공정 값 23,불균형,"ValueError: BaseClassifier in AdaBoostClassifier ensemble is worse than random, ensemble can not be fit."
RUSBoost,31,,,,,,,,,,E2 앞쪽 부품 안 (pair_pos=0),공정 값 23,불균형,"ValueError: BaseClassifier in AdaBoostClassifier ensemble is worse than random, ensemble can not be fit."
RUSBoost,32,,,,,,,,,,E2 앞쪽 부품 안 (pair_pos=0),공정 값 23,불균형,"ValueError: BaseClassifier in AdaBoostClassifier ensemble is worse than random, ensemble can not be fit."
RUSBoost,33,,,,,,,,,,E2 앞쪽 부품 안 (pair_pos=0),공정 값 23,불균형,"ValueError: BaseClassifier in AdaBoostClassifier ensemble is worse than random, ensemble can not be fit."
RUSBoost,34,,,,,,,,,,E2 앞쪽 부품 안 (pair_pos=0),공정 값 23,불균형,"ValueError: BaseClassifier in AdaBoostClassifier ensemble is worse than random, ensemble can not be fit."
RUSBoost,35,,,,,,,,,,E2 앞쪽 부품 안 (pair_pos=0),공정 값 23,불균형,"ValueError: BaseClassifier in AdaBoostClassifier ensemble is worse than random, ensemble can not be fit."
RUSBoost,36,0.17358143300347365,0.03818285186369612,0.0,0.0,0.0,0.07407407407407407,0.6,0.039473684210526314,0.352212389380531,E2 앞쪽 부품 안 (pair_pos=0),공정 값 23,불균형,
RUSBoost,37,,,,,,,,,,E2 앞쪽 부품 안 (pair_pos=0),공정 값 23,불균형,"ValueError: BaseClassifier in AdaBoostClassifier ensemble is worse than random, ensemble can not be fit."
RUSBoost,38,,,,,,,,,,E2 앞쪽 부품 안 (pair_pos=0),공정 값 23,불균형,"ValueError: BaseClassifier in AdaBoostClassifier ensemble is worse than random, ensemble can not be fit."
RUSBoost,39,,,,,,,,,,E2 앞쪽 부품 안 (pair_pos=0),공정 값 23,불균형,"ValueError: BaseClassifier in AdaBoostClassifier ensemble is worse than random, ensemble can not be fit."
RUSBoost,40,,,,,,,,,,E2 앞쪽 부품 안 (pair_pos=0),공정 값 23,불균형,"ValueError: BaseClassifier in AdaBoostClassifier ensemble is worse than random, ensemble can not be fit."
RUSBoost,41,,,,,,,,,,E2 앞쪽 부품 안 (pair_pos=0),공정 값 23,불균형,"ValueError: BaseClassifier in AdaBoostClassifier ensemble is worse than random, ensemble can not be fit."
RUSBoost,42,,,,,,,,,,E2 앞쪽 부품 안 (pair_pos=0),공정 값 23,불균형,"ValueError: BaseClassifier in AdaBoostClassifier ensemble is worse than random, ensemble can not be fit."
RUSBoost,43,,,,,,,,,,E2 앞쪽 부품 안 (pair_pos=0),공정 값 23,불균형,"ValueError: BaseClassifier in AdaBoostClassifier ensemble is worse than random, ensemble can not be fit."
RUSBoost,44,,,,,,,,,,E2 앞쪽 부품 안 (pair_pos=0),공정 값 23,불균형,"ValueError: BaseClassifier in AdaBoostClassifier ensemble is worse than random, ensemble can not be fit."
RUSBoost,45,,,,,,,,,,E2 앞쪽 부품 안 (pair_pos=0),공정 값 23,불균형,"ValueError: BaseClassifier in AdaBoostClassifier ensemble is worse than random, ensemble can not be fit."
RUSBoost,46,,,,,,,,,,E2 앞쪽 부품 안 (pair_pos=0),공정 값 23,불균형,"ValueError: BaseClassifier in AdaBoostClassifier ensemble is worse than random, ensemble can not be fit."
RUSBoost,47,,,,,,,,,,E2 앞쪽 부품 안 (pair_pos=0),공정 값 23,불균형,"ValueError: BaseClassifier in AdaBoostClassifier ensemble is worse than random, ensemble can not be fit."
RUSBoost,48,,,,,,,,,,E2 앞쪽 부품 안 (pair_pos=0),공정 값 23,불균형,"ValueError: BaseClassifier in AdaBoostClassifier ensemble is worse than random, ensemble can not be fit."
RUSBoost,49,0.11920292202211755,0.04179368028545237,0.0,0.0,0.0,0.08130081300813008,1.0,0.0423728813559322,0.41061946902654867,E2 앞쪽 부품 안 (pair_pos=0),공정 값 23,불균형,
스태킹 (LR·SVM·RF → LR),0,0.6285361190782888,0.06939255189255189,0.0,0.2,0.4,0.0,0.0,0.0,0.6456140350877193,E2 앞쪽 부품 안 (pair_pos=0),공정 값 23,앙상블,
스태킹 (LR·SVM·RF → LR),1,0.3071321166377006,0.043717672514401486,0.0,0.0,0.25,0.06521739130434782,0.75,0.03409090909090909,0.5109649122807018,E2 앞쪽 부품 안 (pair_pos=0),공정 값 23,앙상블,
스태킹 (LR·SVM·RF → LR),2,0.22277446633663828,0.05324864034141682,0.0,0.25,0.25,0.06557377049180328,1.0,0.03389830508474576,0.5921052631578947,E2 앞쪽 부품 안 (pair_pos=0),공정 값 23,앙상블,
스태킹 (LR·SVM·RF → LR),3,0.6100927592430139,0.04851999571862343,0.0,0.0,0.2,0.0,0.0,0.0,0.4849557522123894,E2 앞쪽 부품 안 (pair_pos=0),공정 값 23,앙상블,
스태킹 (LR·SVM·RF → LR),4,0.29370312203795346,0.05619320136348001,0.0,0.2,0.2,0.0963855421686747,0.8,0.05128205128205128,0.5345132743362832,E2 앞쪽 부품 안 (pair_pos=0),공정 값 23,앙상블,
스태킹 (LR·SVM·RF → LR),5,0.7574713503671844,0.037826572323756594,0.0,0.0,0.0,0.0,0.0,0.0,0.356140350877193,E2 앞쪽 부품 안 (pair_pos=0),공정 값 23,앙상블,
스태킹 (LR·SVM·RF → LR),6,0.042834531071416826,0.04855941057586152,0.0,0.2,0.4,0.08130081300813008,1.0,0.0423728813559322,0.46017699115044247,E2 앞쪽 부품 안 (pair_pos=0),공정 값 23,앙상블,
스태킹 (LR·SVM·RF → LR),7,0.26602931876535174,0.09310105858495656,0.2,0.6,0.6,0.08849557522123894,1.0,0.046296296296296294,0.6938053097345133,E2 앞쪽 부품 안 (pair_pos=0),공정 값 23,앙상블,
스태킹 (LR·SVM·RF → LR),8,0.43948483353614265,0.03398734764406407,0.0,0.0,0.0,0.0,0.0,0.0,0.4057017543859649,E2 앞쪽 부품 안 (pair_pos=0),공정 값 23,앙상블,
스태킹 (LR·SVM·RF → LR),9,0.22603402426972408,0.03869753125130649,0.0,0.0,0.0,0.06557377049180328,1.0,0.03389830508474576,0.47149122807017546,E2 앞쪽 부품 안 (pair_pos=0),공정 값 23,앙상블,
스태킹 (LR·SVM·RF → LR),10,0.5291452882861419,0.04825266439120529,0.0,0.0,0.2,0.0,0.0,0.0,0.5017543859649123,E2 앞쪽 부품 안 (pair_pos=0),공정 값 23,앙상블,
스태킹 (LR·SVM·RF → LR),11,0.6174442847147955,0.03447159565580618,0.0,0.0,0.25,0.0,0.0,0.0,0.4100877192982456,E2 앞쪽 부품 안 (pair_pos=0),공정 값 23,앙상블,
스태킹 (LR·SVM·RF → LR),12,0.7741053779200825,0.06511277155112771,0.25,0.25,0.25,0.0,0.0,0.0,0.611842105263158,E2 앞쪽 부품 안 (pair_pos=0),공정 값 23,앙상블,
스태킹 (LR·SVM·RF → LR),13,0.5909791985585879,0.03411427413207786,0.0,0.0,0.0,0.0,0.0,0.0,0.29026548672566366,E2 앞쪽 부품 안 (pair_pos=0),공정 값 23,앙상블,
스태킹 (LR·SVM·RF → LR),14,0.5630091836129281,0.06310181198112233,0.0,0.2,0.4,0.07142857142857142,0.2,0.043478260869565216,0.5752212389380531,E2 앞쪽 부품 안 (pair_pos=0),공정 값 23,앙상블,
스태킹 (LR·SVM·RF → LR),15,0.7749270635223776,0.05394573179588524,0.0,0.2,0.2,0.0,0.0,0.0,0.5561403508771929,E2 앞쪽 부품 안 (pair_pos=0),공정 값 23,앙상블,
스태킹 (LR·SVM·RF → LR),16,0.2513208635980103,0.034274160026952646,0.0,0.0,0.0,0.06557377049180328,1.0,0.03389830508474576,0.3991228070175439,E2 앞쪽 부품 안 (pair_pos=0),공정 값 23,앙상블,
스태킹 (LR·SVM·RF → LR),17,0.3436727399449481,0.06351392980606464,0.2,0.2,0.4,0.056338028169014086,0.4,0.030303030303030304,0.4212389380530974,E2 앞쪽 부품 안 (pair_pos=0),공정 값 23,앙상블,
스태킹 (LR·SVM·RF → LR),18,0.3771382861708333,0.044392927726261064,0.0,0.0,0.2,0.08421052631578947,0.8,0.044444444444444446,0.4371681415929204,E2 앞쪽 부품 안 (pair_pos=0),공정 값 23,앙상블,
스태킹 (LR·SVM·RF → LR),19,0.6010041688648908,0.03204670082704063,0.0,0.0,0.0,0.0,0.0,0.0,0.3706140350877193,E2 앞쪽 부품 안 (pair_pos=0),공정 값 23,앙상블,
스태킹 (LR·SVM·RF → LR),20,0.48012158077222966,0.04190361735232157,0.0,0.0,0.2,0.047619047619047616,0.2,0.02702702702702703,0.4210526315789474,E2 앞쪽 부품 안 (pair_pos=0),공정 값 23,앙상블,
스태킹 (LR·SVM·RF → LR),21,0.4567105730657055,0.0460121341150596,0.0,0.0,0.0,0.08450704225352113,0.6,0.045454545454545456,0.46371681415929206,E2 앞쪽 부품 안 (pair_pos=0),공정 값 23,앙상블,
스태킹 (LR·SVM·RF → LR),22,0.43456250525454626,0.036115678455358534,0.0,0.25,0.25,0.047619047619047616,0.25,0.02631578947368421,0.38596491228070173,E2 앞쪽 부품 안 (pair_pos=0),공정 값 23,앙상블,
스태킹 (LR·SVM·RF → LR),23,0.26721262876392404,0.05453423388205997,0.0,0.25,0.25,0.06557377049180328,1.0,0.03389830508474576,0.5855263157894737,E2 앞쪽 부품 안 (pair_pos=0),공정 값 23,앙상블,
스태킹 (LR·SVM·RF → LR),24,0.24071576453788177,0.17772525439407955,0.2,0.6,0.6,0.08163265306122448,0.8,0.043010752688172046,0.6991150442477876,E2 앞쪽 부품 안 (pair_pos=0),공정 값 23,앙상블,
스태킹 (LR·SVM·RF → LR),25,0.17016782106192826,0.24590155945419104,0.2,0.4,0.4,0.08130081300813008,1.0,0.0423728813559322,0.4631578947368421,E2 앞쪽 부품 안 (pair_pos=0),공정 값 23,앙상블,
스태킹 (LR·SVM·RF → LR),26,0.5463060405243861,0.052872899877379156,0.25,0.25,0.25,0.0625,0.25,0.03571428571428571,0.4649122807017544,E2 앞쪽 부품 안 (pair_pos=0),공정 값 23,앙상블,
스태킹 (LR·SVM·RF → LR),27,0.6941727771810012,0.073336153656483,0.2,0.4,0.4,0.0,0.0,0.0,0.488495575221239,E2 앞쪽 부품 안 (pair_pos=0),공정 값 23,앙상블,
스태킹 (LR·SVM·RF → LR),28,0.5079774131009249,0.07676927762902518,0.0,0.4,0.6,0.15,0.6,0.08571428571428572,0.6442477876106195,E2 앞쪽 부품 안 (pair_pos=0),공정 값 23,앙상블,
스태킹 (LR·SVM·RF → LR),29,0.6894405996482447,0.06785810137259413,0.25,0.25,0.25,0.0,0.0,0.0,0.6030701754385965,E2 앞쪽 부품 안 (pair_pos=0),공정 값 23,앙상블,
스태킹 (LR·SVM·RF → LR),30,0.16168840314675467,0.050851901403240515,0.0,0.2,0.2,0.08064516129032258,1.0,0.04201680672268908,0.5157894736842106,E2 앞쪽 부품 안 (pair_pos=0),공정 값 23,앙상블,
스태킹 (LR·SVM·RF → LR),31,0.2953250888649411,0.11269360269360269,0.2,0.4,0.6,0.08130081300813008,1.0,0.0423728813559322,0.6407079646017699,E2 앞쪽 부품 안 (pair_pos=0),공정 값 23,앙상블,
스태킹 (LR·SVM·RF → LR),32,0.44045188844866073,0.08048618048618049,0.25,0.25,0.5,0.08333333333333333,0.5,0.045454545454545456,0.6447368421052632,E2 앞쪽 부품 안 (pair_pos=0),공정 값 23,앙상블,
스태킹 (LR·SVM·RF → LR),33,0.4327463330914115,0.04638558393654491,0.0,0.25,0.25,0.05555555555555555,0.5,0.029411764705882353,0.4714912280701754,E2 앞쪽 부품 안 (pair_pos=0),공정 값 23,앙상블,
스태킹 (LR·SVM·RF → LR),34,0.5559164505982506,0.0662492076051398,0.2,0.4,0.4,0.0,0.0,0.0,0.511504424778761,E2 앞쪽 부품 안 (pair_pos=0),공정 값 23,앙상블,
스태킹 (LR·SVM·RF → LR),35,0.5730404682628809,0.03338936415257954,0.0,0.0,0.0,0.0,0.0,0.0,0.28421052631578947,E2 앞쪽 부품 안 (pair_pos=0),공정 값 23,앙상블,
스태킹 (LR·SVM·RF → LR),36,0.47633966426917856,0.0678931726043592,0.2,0.2,0.4,0.11764705882352941,0.8,0.06349206349206349,0.5805309734513275,E2 앞쪽 부품 안 (pair_pos=0),공정 값 23,앙상블,
스태킹 (LR·SVM·RF → LR),37,0.07000255585438915,0.0506586436818995,0.0,0.0,0.25,0.06557377049180328,1.0,0.03389830508474576,0.5986842105263158,E2 앞쪽 부품 안 (pair_pos=0),공정 값 23,앙상블,
스태킹 (LR·SVM·RF → LR),38,0.5608420318248364,0.14503734466669976,0.2,0.2,0.2,0.09523809523809523,0.2,0.0625,0.5911504424778761,E2 앞쪽 부품 안 (pair_pos=0),공정 값 23,앙상블,
스태킹 (LR·SVM·RF → LR),39,0.3286803512091515,0.12262970478236651,0.25,0.25,0.25,0.07339449541284404,1.0,0.0380952380952381,0.6425438596491229,E2 앞쪽 부품 안 (pair_pos=0),공정 값 23,앙상블,
스태킹 (LR·SVM·RF → LR),40,0.5441356732789924,0.11813908866540447,0.2,0.4,0.4,0.14285714285714285,0.4,0.08695652173913043,0.6894736842105265,E2 앞쪽 부품 안 (pair_pos=0),공정 값 23,앙상블,
스태킹 (LR·SVM·RF → LR),41,0.5652256658687634,0.027738408274954517,0.0,0.0,0.0,0.0,0.0,0.0,0.24780701754385967,E2 앞쪽 부품 안 (pair_pos=0),공정 값 23,앙상블,
스태킹 (LR·SVM·RF → LR),42,0.36184134263111933,0.09804620334922225,0.2,0.2,0.6,0.08247422680412371,0.8,0.043478260869565216,0.6371681415929203,E2 앞쪽 부품 안 (pair_pos=0),공정 값 23,앙상블,
스태킹 (LR·SVM·RF → LR),43,0.4019478076610011,0.04539031418976641,0.0,0.0,0.0,0.09375,0.6,0.05084745762711865,0.45486725663716815,E2 앞쪽 부품 안 (pair_pos=0),공정 값 23,앙상블,
스태킹 (LR·SVM·RF → LR),44,0.42762995745038823,0.042354342267410944,0.0,0.0,0.0,0.08333333333333333,1.0,0.043478260869565216,0.5241228070175439,E2 앞쪽 부품 안 (pair_pos=0),공정 값 23,앙상블,
스태킹 (LR·SVM·RF → LR),45,0.538512281850738,0.10632874546252571,0.2,0.2,0.4,0.09523809523809523,0.4,0.05405405405405406,0.4964912280701754,E2 앞쪽 부품 안 (pair_pos=0),공정 값 23,앙상블,
스태킹 (LR·SVM·RF → LR),46,0.4137960758023724,0.06427420759317311,0.25,0.25,0.25,0.11764705882352941,1.0,0.0625,0.6469298245614036,E2 앞쪽 부품 안 (pair_pos=0),공정 값 23,앙상블,
스태킹 (LR·SVM·RF → LR),47,0.3481783883057888,0.09574224534330916,0.25,0.5,0.5,0.08888888888888889,1.0,0.046511627906976744,0.6973684210526316,E2 앞쪽 부품 안 (pair_pos=0),공정 값 23,앙상블,
스태킹 (LR·SVM·RF → LR),48,0.24099740875686693,0.046751332128625714,0.0,0.0,0.2,0.05970149253731343,0.4,0.03225806451612903,0.47079646017699117,E2 앞쪽 부품 안 (pair_pos=0),공정 값 23,앙상블,
스태킹 (LR·SVM·RF → LR),49,0.3720346496156273,0.0449471766848816,0.0,0.0,0.2,0.08130081300813008,1.0,0.0423728813559322,0.46548672566371685,E2 앞쪽 부품 안 (pair_pos=0),공정 값 23,앙상블,
로지스틱 (튜닝),0,0.09299959023085384,0.03343061255111076,0.0,0.0,0.0,0.06896551724137931,0.8,0.036036036036036036,0.27543859649122804,E2 앞쪽 부품 안 (pair_pos=0),공정 값 23,튜닝,
로지스틱 (튜닝),1,0.42089115130819343,0.051097373633400396,0.25,0.25,0.25,0.06611570247933884,1.0,0.03418803418803419,0.5131578947368421,E2 앞쪽 부품 안 (pair_pos=0),공정 값 23,튜닝,
로지스틱 (튜닝),2,0.069697931214477,0.028210002151652674,0.0,0.0,0.0,0.05825242718446602,0.75,0.030303030303030304,0.28728070175438597,E2 앞쪽 부품 안 (pair_pos=0),공정 값 23,튜닝,
로지스틱 (튜닝),3,0.08478305642696471,0.05857048892323708,0.0,0.4,0.4,0.08333333333333333,1.0,0.043478260869565216,0.5380530973451327,E2 앞쪽 부품 안 (pair_pos=0),공정 값 23,튜닝,
로지스틱 (튜닝),4,0.4507389407817749,0.07969451469852433,0.2,0.2,0.6,0.08130081300813008,1.0,0.0423728813559322,0.6513274336283186,E2 앞쪽 부품 안 (pair_pos=0),공정 값 23,튜닝,
로지스틱 (튜닝),5,0.19510183518279905,0.09326261260915311,0.2,0.4,0.6,0.08928571428571429,1.0,0.04672897196261682,0.6771929824561403,E2 앞쪽 부품 안 (pair_pos=0),공정 값 23,튜닝,
로지스틱 (튜닝),6,0.4813559167460095,0.046097895855226494,0.0,0.2,0.2,0.07407407407407407,0.4,0.04081632653061224,0.44601769911504424,E2 앞쪽 부품 안 (pair_pos=0),공정 값 23,튜닝,
로지스틱 (튜닝),7,0.000713831604992612,0.03142541998166552,0.0,0.0,0.0,0.08130081300813008,1.0,0.0423728813559322,0.2017699115044248,E2 앞쪽 부품 안 (pair_pos=0),공정 값 23,튜닝,
로지스틱 (튜닝),8,0.4628232638192664,0.0695911046378336,0.25,0.5,0.5,0.06779661016949153,1.0,0.03508771929824561,0.5548245614035088,E2 앞쪽 부품 안 (pair_pos=0),공정 값 23,튜닝,
로지스틱 (튜닝),9,0.010106059439194523,0.0381088506790754,0.0,0.0,0.0,0.06557377049180328,1.0,0.03389830508474576,0.4758771929824561,E2 앞쪽 부품 안 (pair_pos=0),공정 값 23,튜닝,
로지스틱 (튜닝),10,0.8130053309966851,0.029959858780287275,0.0,0.0,0.0,0.0,0.0,0.0,0.19999999999999996,E2 앞쪽 부품 안 (pair_pos=0),공정 값 23,튜닝,
로지스틱 (튜닝),11,0.00815508607067877,0.05073284052074312,0.0,0.25,0.25,0.06557377049180328,1.0,0.03389830508474576,0.5921052631578947,E2 앞쪽 부품 안 (pair_pos=0),공정 값 23,튜닝,
로지스틱 (튜닝),12,0.018117947009986854,0.03008548094554732,0.0,0.0,0.25,0.06557377049180328,1.0,0.03389830508474576,0.2960526315789474,E2 앞쪽 부품 안 (pair_pos=0),공정 값 23,튜닝,
로지스틱 (튜닝),13,0.17191580555882707,0.05191151637960149,0.0,0.2,0.2,0.08130081300813008,1.0,0.0423728813559322,0.49380530973451325,E2 앞쪽 부품 안 (pair_pos=0),공정 값 23,튜닝,
로지스틱 (튜닝),14,0.6422118040672391,0.04196134073371925,0.0,0.2,0.2,0.0,0.0,0.0,0.40530973451327434,E2 앞쪽 부품 안 (pair_pos=0),공정 값 23,튜닝,
로지스틱 (튜닝),15,0.2550038675678988,0.047989760939715714,0.0,0.0,0.4,0.08791208791208792,0.8,0.046511627906976744,0.47017543859649125,E2 앞쪽 부품 안 (pair_pos=0),공정 값 23,튜닝,
로지스틱 (튜닝),16,0.3923396215102449,0.04038705209806695,0.0,0.25,0.25,0.06611570247933884,1.0,0.03418803418803419,0.39473684210526316,E2 앞쪽 부품 안 (pair_pos=0),공정 값 23,튜닝,
로지스틱 (튜닝),17,0.000379923219578537,0.03466483949087073,0.0,0.0,0.0,0.08130081300813008,1.0,0.0423728813559322,0.2991150442477876,E2 앞쪽 부품 안 (pair_pos=0),공정 값 23,튜닝,
로지스틱 (튜닝),18,0.6560301818102348,0.053030174021635124,0.0,0.2,0.4,0.07692307692307693,0.2,0.047619047619047616,0.4778761061946903,E2 앞쪽 부품 안 (pair_pos=0),공정 값 23,튜닝,
로지스틱 (튜닝),19,0.48069210116998534,0.04654882338570478,0.0,0.0,0.25,0.06896551724137931,0.75,0.03614457831325301,0.5394736842105263,E2 앞쪽 부품 안 (pair_pos=0),공정 값 23,튜닝,
로지스틱 (튜닝),20,0.5024494633025951,0.03428602372482867,0.0,0.0,0.0,0.0,0.0,0.0,0.3017543859649123,E2 앞쪽 부품 안 (pair_pos=0),공정 값 23,튜닝,
로지스틱 (튜닝),21,0.00014241801908086867,0.03678702184547139,0.0,0.0,0.2,0.08130081300813008,1.0,0.0423728813559322,0.3345132743362832,E2 앞쪽 부품 안 (pair_pos=0),공정 값 23,튜닝,
로지스틱 (튜닝),22,0.0038105879689117094,0.08770251744765703,0.25,0.25,0.25,0.06557377049180328,1.0,0.03389830508474576,0.4298245614035088,E2 앞쪽 부품 안 (pair_pos=0),공정 값 23,튜닝,
로지스틱 (튜닝),23,0.311176785800476,0.03582220148165432,0.0,0.25,0.25,0.03076923076923077,0.25,0.01639344262295082,0.368421052631579,E2 앞쪽 부품 안 (pair_pos=0),공정 값 23,튜닝,
로지스틱 (튜닝),24,0.39733055904604175,0.02879540083488379,0.0,0.0,0.0,0.0,0.0,0.0,0.15044247787610618,E2 앞쪽 부품 안 (pair_pos=0),공정 값 23,튜닝,
로지스틱 (튜닝),25,0.5611223610778286,0.04220584808542824,0.0,0.2,0.2,0.05128205128205128,0.2,0.029411764705882353,0.37719298245614036,E2 앞쪽 부품 안 (pair_pos=0),공정 값 23,튜닝,
로지스틱 (튜닝),26,0.635998449929603,0.037121951371106084,0.0,0.0,0.0,0.0,0.0,0.0,0.4517543859649123,E2 앞쪽 부품 안 (pair_pos=0),공정 값 23,튜닝,
로지스틱 (튜닝),27,0.012405197894439644,0.047217492992140876,0.0,0.2,0.4,0.08196721311475409,1.0,0.042735042735042736,0.4353982300884956,E2 앞쪽 부품 안 (pair_pos=0),공정 값 23,튜닝,
로지스틱 (튜닝),28,0.776402063464905,0.05441886529310559,0.0,0.0,0.4,0.0,0.0,0.0,0.5557522123893806,E2 앞쪽 부품 안 (pair_pos=0),공정 값 23,튜닝,
로지스틱 (튜닝),29,0.005814259961176831,0.02656413504463998,0.0,0.0,0.0,0.06557377049180328,1.0,0.03389830508474576,0.23903508771929827,E2 앞쪽 부품 안 (pair_pos=0),공정 값 23,튜닝,
로지스틱 (튜닝),30,0.646923636227482,0.04088252962394839,0.0,0.2,0.2,0.0,0.0,0.0,0.35964912280701755,E2 앞쪽 부품 안 (pair_pos=0),공정 값 23,튜닝,
로지스틱 (튜닝),31,0.03672284473954776,0.0602743663160094,0.0,0.2,0.4,0.08130081300813008,1.0,0.0423728813559322,0.5575221238938053,E2 앞쪽 부품 안 (pair_pos=0),공정 값 23,튜닝,
로지스틱 (튜닝),32,0.9655549850877934,0.0597897894097398,0.0,0.25,0.5,0.0,0.0,0.0,0.638157894736842,E2 앞쪽 부품 안 (pair_pos=0),공정 값 23,튜닝,
로지스틱 (튜닝),33,0.3185737386709249,0.06775719283215534,0.0,0.5,0.5,0.06557377049180328,1.0,0.03389830508474576,0.6557017543859649,E2 앞쪽 부품 안 (pair_pos=0),공정 값 23,튜닝,
로지스틱 (튜닝),34,0.45631520432601796,0.0468798869754989,0.0,0.2,0.2,0.0625,0.4,0.03389830508474576,0.40176991150442476,E2 앞쪽 부품 안 (pair_pos=0),공정 값 23,튜닝,
로지스틱 (튜닝),35,0.14215594310611865,0.08306878306878307,0.2,0.4,0.6,0.08849557522123894,1.0,0.046296296296296294,0.6666666666666667,E2 앞쪽 부품 안 (pair_pos=0),공정 값 23,튜닝,
로지스틱 (튜닝),36,0.021034343641362748,0.03854796605221054,0.0,0.2,0.2,0.08130081300813008,1.0,0.0423728813559322,0.32035398230088497,E2 앞쪽 부품 안 (pair_pos=0),공정 값 23,튜닝,
로지스틱 (튜닝),37,2.473244543507516e-05,0.03151588037038097,0.0,0.0,0.25,0.06557377049180328,1.0,0.03389830508474576,0.33114035087719296,E2 앞쪽 부품 안 (pair_pos=0),공정 값 23,튜닝,
로지스틱 (튜닝),38,0.09146394024787505,0.03546300024647793,0.0,0.0,0.0,0.08771929824561403,1.0,0.045871559633027525,0.30442477876106194,E2 앞쪽 부품 안 (pair_pos=0),공정 값 23,튜닝,
로지스틱 (튜닝),39,0.6092470890174045,0.03960622049697947,0.0,0.0,0.0,0.0,0.0,0.0,0.48684210526315796,E2 앞쪽 부품 안 (pair_pos=0),공정 값 23,튜닝,
로지스틱 (튜닝),40,0.011043804742119865,0.045925925925925926,0.0,0.2,0.2,0.08064516129032258,1.0,0.04201680672268908,0.45789473684210524,E2 앞쪽 부품 안 (pair_pos=0),공정 값 23,튜닝,
로지스틱 (튜닝),41,0.011514512899063726,0.033114484469370147,0.0,0.0,0.25,0.06557377049180328,1.0,0.03389830508474576,0.36184210526315785,E2 앞쪽 부품 안 (pair_pos=0),공정 값 23,튜닝,
로지스틱 (튜닝),42,0.07859650081761624,0.040523143523143526,0.0,0.2,0.2,0.08264462809917356,1.0,0.04310344827586207,0.37168141592920356,E2 앞쪽 부품 안 (pair_pos=0),공정 값 23,튜닝,
로지스틱 (튜닝),43,0.6218816357432718,0.0368982803477378,0.0,0.0,0.0,0.0,0.0,0.0,0.3486725663716814,E2 앞쪽 부품 안 (pair_pos=0),공정 값 23,튜닝,
로지스틱 (튜닝),44,0.28032423913878096,0.03657016956965379,0.0,0.0,0.25,0.06557377049180328,1.0,0.03389830508474576,0.4385964912280702,E2 앞쪽 부품 안 (pair_pos=0),공정 값 23,튜닝,
로지스틱 (튜닝),45,0.043618085316039244,0.04534222607993099,0.0,0.0,0.2,0.08064516129032258,1.0,0.04201680672268908,0.4807017543859649,E2 앞쪽 부품 안 (pair_pos=0),공정 값 23,튜닝,
로지스틱 (튜닝),46,0.49907966663344167,0.04747939511693105,0.0,0.25,0.5,0.05333333333333334,0.5,0.028169014084507043,0.4824561403508772,E2 앞쪽 부품 안 (pair_pos=0),공정 값 23,튜닝,
로지스틱 (튜닝),47,0.37275227877341954,0.02642371047032064,0.0,0.0,0.0,0.06557377049180328,1.0,0.03389830508474576,0.23464912280701755,E2 앞쪽 부품 안 (pair_pos=0),공정 값 23,튜닝,
로지스틱 (튜닝),48,0.03032900666271618,0.0708688556462865,0.0,0.2,0.4,0.08130081300813008,1.0,0.0423728813559322,0.6530973451327433,E2 앞쪽 부품 안 (pair_pos=0),공정 값 23,튜닝,
로지스틱 (튜닝),49,0.05198198668112273,0.04503388752848017,0.0,0.0,0.0,0.08130081300813008,1.0,0.0423728813559322,0.47079646017699117,E2 앞쪽 부품 안 (pair_pos=0),공정 값 23,튜닝,
랜덤포레스트 (튜닝),0,0.4522503896142061,0.03194469735609706,0.0,0.0,0.0,0.0,0.0,0.0,0.24561403508771928,E2 앞쪽 부품 안 (pair_pos=0),공정 값 23,튜닝,
랜덤포레스트 (튜닝),1,0.3466666666666667,0.03420970510220003,0.0,0.0,0.25,0.0,0.0,0.0,0.38815789473684215,E2 앞쪽 부품 안 (pair_pos=0),공정 값 23,튜닝,
랜덤포레스트 (튜닝),2,0.00983823426378722,0.09175804959498184,0.5,0.5,0.5,0.06837606837606838,1.0,0.035398230088495575,0.6864035087719298,E2 앞쪽 부품 안 (pair_pos=0),공정 값 23,튜닝,
랜덤포레스트 (튜닝),3,0.37601758435488714,0.09441307264711521,0.4,0.4,0.4,0.0,0.0,0.0,0.5646017699115045,E2 앞쪽 부품 안 (pair_pos=0),공정 값 23,튜닝,
랜덤포레스트 (튜닝),4,0.3490830428772183,0.10643073811931245,0.2,0.4,0.6,0.0,0.0,0.0,0.7132743362831859,E2 앞쪽 부품 안 (pair_pos=0),공정 값 23,튜닝,
랜덤포레스트 (튜닝),5,0.13057342730817045,0.06682361978136626,0.0,0.2,0.4,0.10204081632653061,1.0,0.053763440860215055,0.631578947368421,E2 앞쪽 부품 안 (pair_pos=0),공정 값 23,튜닝,
랜덤포레스트 (튜닝),6,0.6866666666666666,0.23081932451495774,0.2,0.2,0.2,0.3333333333333333,0.2,1.0,0.3946902654867257,E2 앞쪽 부품 안 (pair_pos=0),공정 값 23,튜닝,
랜덤포레스트 (튜닝),7,0.0,0.08425192019235181,0.2,0.2,0.2,0.08130081300813008,1.0,0.0423728813559322,0.45309734513274336,E2 앞쪽 부품 안 (pair_pos=0),공정 값 23,튜닝,
랜덤포레스트 (튜닝),8,0.6703683405919109,0.060759637188208614,0.0,0.25,0.5,0.0,0.0,0.0,0.6008771929824561,E2 앞쪽 부품 안 (pair_pos=0),공정 값 23,튜닝,
랜덤포레스트 (튜닝),9,0.5566666666666666,0.04198653198653199,0.0,0.25,0.25,0.0,0.0,0.0,0.4758771929824561,E2 앞쪽 부품 안 (pair_pos=0),공정 값 23,튜닝,
랜덤포레스트 (튜닝),10,0.23988502414262353,0.03378373738642798,0.0,0.0,0.0,0.0,0.0,0.0,0.2947368421052632,E2 앞쪽 부품 안 (pair_pos=0),공정 값 23,튜닝,
랜덤포레스트 (튜닝),11,0.06,0.2813609789094774,0.25,0.25,0.25,0.07272727272727272,1.0,0.03773584905660377,0.5548245614035088,E2 앞쪽 부품 안 (pair_pos=0),공정 값 23,튜닝,
랜덤포레스트 (튜닝),12,0.51,0.07909130060292852,0.25,0.25,0.25,0.0,0.0,0.0,0.506578947368421,E2 앞쪽 부품 안 (pair_pos=0),공정 값 23,튜닝,
랜덤포레스트 (튜닝),13,0.01,0.1714871794871795,0.4,0.6,0.8,0.09523809523809523,1.0,0.05,0.8424778761061947,E2 앞쪽 부품 안 (pair_pos=0),공정 값 23,튜닝,
랜덤포레스트 (튜닝),14,0.05,0.043651813840344875,0.0,0.0,0.2,0.07339449541284404,0.8,0.038461538461538464,0.4460176991150443,E2 앞쪽 부품 안 (pair_pos=0),공정 값 23,튜닝,
랜덤포레스트 (튜닝),15,0.2633333333333333,0.0589927123889388,0.0,0.2,0.2,0.0,0.0,0.0,0.5982456140350878,E2 앞쪽 부품 안 (pair_pos=0),공정 값 23,튜닝,
랜덤포레스트 (튜닝),16,0.424595537311429,0.036641939472128154,0.0,0.0,0.25,0.0,0.0,0.0,0.4166666666666667,E2 앞쪽 부품 안 (pair_pos=0),공정 값 23,튜닝,
랜덤포레스트 (튜닝),17,0.5607990722458153,0.10267195767195768,0.4,0.4,0.6,0.0,0.0,0.0,0.656637168141593,E2 앞쪽 부품 안 (pair_pos=0),공정 값 23,튜닝,
랜덤포레스트 (튜닝),18,0.059753873316461065,0.14007803115985867,0.2,0.8,0.8,0.14814814814814814,0.8,0.08163265306122448,0.7575221238938052,E2 앞쪽 부품 안 (pair_pos=0),공정 값 23,튜닝,
랜덤포레스트 (튜닝),19,0.37066410080088585,0.039761273841462524,0.0,0.25,0.25,0.0,0.0,0.0,0.4429824561403509,E2 앞쪽 부품 안 (pair_pos=0),공정 값 23,튜닝,
랜덤포레스트 (튜닝),20,0.12600946764924853,0.0775557725410264,0.2,0.2,0.2,0.05,0.2,0.02857142857142857,0.5017543859649123,E2 앞쪽 부품 안 (pair_pos=0),공정 값 23,튜닝,
랜덤포레스트 (튜닝),21,0.1385363448266201,0.060091518213966834,0.0,0.4,0.4,0.16666666666666666,0.4,0.10526315789473684,0.4424778761061947,E2 앞쪽 부품 안 (pair_pos=0),공정 값 23,튜닝,
랜덤포레스트 (튜닝),22,0.07688215760307214,0.056423751686909586,0.0,0.25,0.5,0.05333333333333334,0.5,0.028169014084507043,0.5592105263157895,E2 앞쪽 부품 안 (pair_pos=0),공정 값 23,튜닝,
랜덤포레스트 (튜닝),23,0.44069816304951437,0.2904840128771735,0.25,0.5,0.5,0.2,0.25,0.16666666666666666,0.5614035087719298,E2 앞쪽 부품 안 (pair_pos=0),공정 값 23,튜닝,
랜덤포레스트 (튜닝),24,0.24333333333333335,0.08147007451076216,0.2,0.2,0.2,0.044444444444444446,0.2,0.025,0.40530973451327434,E2 앞쪽 부품 안 (pair_pos=0),공정 값 23,튜닝,
랜덤포레스트 (튜닝),25,0.4348528827476834,0.058985397529871926,0.0,0.2,0.2,0.0,0.0,0.0,0.5403508771929825,E2 앞쪽 부품 안 (pair_pos=0),공정 값 23,튜닝,
랜덤포레스트 (튜닝),26,0.08666666666666667,0.07833439019234834,0.25,0.25,0.25,0.06315789473684211,0.75,0.03296703296703297,0.4956140350877193,E2 앞쪽 부품 안 (pair_pos=0),공정 값 23,튜닝,
랜덤포레스트 (튜닝),27,0.003148148148148148,0.24385902530483408,0.2,0.2,0.4,0.08196721311475409,1.0,0.042735042735042736,0.5610619469026549,E2 앞쪽 부품 안 (pair_pos=0),공정 값 23,튜닝,
랜덤포레스트 (튜닝),28,0.5466666666666666,0.15376572439852682,0.4,0.6,0.6,0.0,0.0,0.0,0.7061946902654868,E2 앞쪽 부품 안 (pair_pos=0),공정 값 23,튜닝,
랜덤포레스트 (튜닝),29,0.05875023554837642,0.15884238310708898,0.25,0.25,0.25,0.07547169811320754,1.0,0.0392156862745098,0.5877192982456141,E2 앞쪽 부품 안 (pair_pos=0),공정 값 23,튜닝,
랜덤포레스트 (튜닝),30,0.056666666666666664,0.05726565393465814,0.0,0.0,0.4,0.11764705882352941,0.8,0.06349206349206349,0.5807017543859649,E2 앞쪽 부품 안 (pair_pos=0),공정 값 23,튜닝,
랜덤포레스트 (튜닝),31,0.021498254515347173,0.06556499056499057,0.2,0.2,0.4,0.07547169811320754,0.4,0.041666666666666664,0.5663716814159292,E2 앞쪽 부품 안 (pair_pos=0),공정 값 23,튜닝,
랜덤포레스트 (튜닝),32,0.36333333333333334,0.08688921025916066,0.25,0.25,0.5,0.2,0.25,0.16666666666666666,0.5921052631578947,E2 앞쪽 부품 안 (pair_pos=0),공정 값 23,튜닝,
랜덤포레스트 (튜닝),33,0.182109650422419,0.05911327642543345,0.25,0.5,0.5,0.05405405405405406,0.5,0.02857142857142857,0.4824561403508772,E2 앞쪽 부품 안 (pair_pos=0),공정 값 23,튜닝,
랜덤포레스트 (튜닝),34,0.0,0.039423912206452326,0.0,0.0,0.2,0.08130081300813008,1.0,0.0423728813559322,0.3858407079646018,E2 앞쪽 부품 안 (pair_pos=0),공정 값 23,튜닝,
랜덤포레스트 (튜닝),35,0.20666666666666667,0.04656891479398069,0.0,0.0,0.0,0.0,0.0,0.0,0.48947368421052634,E2 앞쪽 부품 안 (pair_pos=0),공정 값 23,튜닝,
랜덤포레스트 (튜닝),36,0.09332492258484916,0.05345464175903676,0.0,0.2,0.2,0.045454545454545456,0.2,0.02564102564102564,0.5026548672566371,E2 앞쪽 부품 안 (pair_pos=0),공정 값 23,튜닝,
랜덤포레스트 (튜닝),37,0.42911951398737586,0.03219618740397102,0.0,0.0,0.25,0.0,0.0,0.0,0.36403508771929827,E2 앞쪽 부품 안 (pair_pos=0),공정 값 23,튜닝,
랜덤포레스트 (튜닝),38,0.2833333333333333,0.0544642806102908,0.2,0.2,0.2,0.08695652173913043,0.2,0.05555555555555555,0.4495575221238938,E2 앞쪽 부품 안 (pair_pos=0),공정 값 23,튜닝,
랜덤포레스트 (튜닝),39,0.1,0.25153186274509803,0.5,1.0,1.0,0.1509433962264151,1.0,0.08163265306122448,0.9276315789473684,E2 앞쪽 부품 안 (pair_pos=0),공정 값 23,튜닝,
랜덤포레스트 (튜닝),40,0.768713427207782,0.24881941923774956,0.2,0.2,0.4,0.0,0.0,0.0,0.612280701754386,E2 앞쪽 부품 안 (pair_pos=0),공정 값 23,튜닝,
랜덤포레스트 (튜닝),41,0.4666057669940241,0.04054643596569063,0.0,0.25,0.25,0.0,0.0,0.0,0.43859649122807015,E2 앞쪽 부품 안 (pair_pos=0),공정 값 23,튜닝,
랜덤포레스트 (튜닝),42,0.0,0.04039336679732426,0.0,0.0,0.0,0.08130081300813008,1.0,0.0423728813559322,0.4070796460176991,E2 앞쪽 부품 안 (pair_pos=0),공정 값 23,튜닝,
랜덤포레스트 (튜닝),43,0.2785017191927709,0.10464014065665253,0.2,0.4,0.6,0.125,0.2,0.09090909090909091,0.7008849557522123,E2 앞쪽 부품 안 (pair_pos=0),공정 값 23,튜닝,
랜덤포레스트 (튜닝),44,0.25,0.10236729644624382,0.25,0.25,0.25,0.25,0.25,0.25,0.6403508771929824,E2 앞쪽 부품 안 (pair_pos=0),공정 값 23,튜닝,
랜덤포레스트 (튜닝),45,0.2966666666666667,0.07545029682960717,0.2,0.2,0.4,0.12121212121212122,0.4,0.07142857142857142,0.5701754385964912,E2 앞쪽 부품 안 (pair_pos=0),공정 값 23,튜닝,
랜덤포레스트 (튜닝),46,0.31928417865356695,0.040929671470908584,0.0,0.0,0.0,0.0,0.0,0.0,0.5,E2 앞쪽 부품 안 (pair_pos=0),공정 값 23,튜닝,
랜덤포레스트 (튜닝),47,0.24215958029712736,0.03915840600623209,0.0,0.0,0.25,0.0,0.0,0.0,0.4649122807017544,E2 앞쪽 부품 안 (pair_pos=0),공정 값 23,튜닝,
랜덤포레스트 (튜닝),48,0.019531945924949976,0.09429374718848405,0.2,0.4,0.4,0.06521739130434782,0.6,0.034482758620689655,0.5716814159292035,E2 앞쪽 부품 안 (pair_pos=0),공정 값 23,튜닝,
랜덤포레스트 (튜닝),49,0.016666666666666666,0.13512644625261785,0.2,0.2,0.2,0.08130081300813008,1.0,0.0423728813559322,0.4690265486725664,E2 앞쪽 부품 안 (pair_pos=0),공정 값 23,튜닝,
XGBoost (튜닝),0,0.8616534471511841,0.033732654901450075,0.0,0.0,0.0,0.0,0.0,0.0,0.2912280701754386,E2 앞쪽 부품 안 (pair_pos=0),공정 값 23,튜닝,
XGBoost (튜닝),1,0.5170169472694397,0.03374231166784358,0.0,0.0,0.25,0.0,0.0,0.0,0.3662280701754386,E2 앞쪽 부품 안 (pair_pos=0),공정 값 23,튜닝,
XGBoost (튜닝),2,0.08562171459197998,0.14622365339578453,0.5,0.5,0.5,0.10526315789473684,1.0,0.05555555555555555,0.7214912280701754,E2 앞쪽 부품 안 (pair_pos=0),공정 값 23,튜닝,
XGBoost (튜닝),3,0.4610051214694977,0.04034341941033959,0.0,0.0,0.2,0.045454545454545456,0.2,0.02564102564102564,0.3805309734513274,E2 앞쪽 부품 안 (pair_pos=0),공정 값 23,튜닝,
XGBoost (튜닝),4,0.6174129247665405,0.06351187571744007,0.2,0.2,0.4,0.0,0.0,0.0,0.536283185840708,E2 앞쪽 부품 안 (pair_pos=0),공정 값 23,튜닝,
XGBoost (튜닝),5,0.4576946794986725,0.06571018288760225,0.0,0.2,0.4,0.0,0.0,0.0,0.6035087719298246,E2 앞쪽 부품 안 (pair_pos=0),공정 값 23,튜닝,
XGBoost (튜닝),6,0.23884929716587067,0.0691438381095868,0.2,0.2,0.2,0.043478260869565216,0.4,0.022988505747126436,0.35398230088495575,E2 앞쪽 부품 안 (pair_pos=0),공정 값 23,튜닝,
XGBoost (튜닝),7,0.14171242713928223,0.047173026083735504,0.0,0.2,0.2,0.04081632653061224,0.2,0.022727272727272728,0.40530973451327434,E2 앞쪽 부품 안 (pair_pos=0),공정 값 23,튜닝,
XGBoost (튜닝),8,0.8691140413284302,0.11671335200746966,0.25,0.5,0.75,0.0,0.0,0.0,0.7587719298245614,E2 앞쪽 부품 안 (pair_pos=0),공정 값 23,튜닝,
XGBoost (튜닝),9,0.00768437422811985,0.0563599706744868,0.25,0.25,0.5,0.06557377049180328,1.0,0.03389830508474576,0.5109649122807017,E2 앞쪽 부품 안 (pair_pos=0),공정 값 23,튜닝,
XGBoost (튜닝),10,0.6037616729736328,0.03526337656475051,0.0,0.0,0.0,0.0,0.0,0.0,0.3140350877192983,E2 앞쪽 부품 안 (pair_pos=0),공정 값 23,튜닝,
XGBoost (튜닝),11,0.14114531874656677,0.09614301703026433,0.25,0.25,0.5,0.06593406593406594,0.75,0.034482758620689655,0.5350877192982456,E2 앞쪽 부품 안 (pair_pos=0),공정 값 23,튜닝,
XGBoost (튜닝),12,0.0344664640724659,0.09745285674078244,0.25,0.25,0.5,0.06557377049180328,1.0,0.03389830508474576,0.5416666666666666,E2 앞쪽 부품 안 (pair_pos=0),공정 값 23,튜닝,
XGBoost (튜닝),13,3.396442116354592e-05,0.12363804036774005,0.4,0.4,0.8,0.08130081300813008,1.0,0.0423728813559322,0.7309734513274336,E2 앞쪽 부품 안 (pair_pos=0),공정 값 23,튜닝,
XGBoost (튜닝),14,0.2735779583454132,0.047881315807862423,0.0,0.0,0.2,0.10869565217391304,1.0,0.05747126436781609,0.49380530973451325,E2 앞쪽 부품 안 (pair_pos=0),공정 값 23,튜닝,
XGBoost (튜닝),15,0.5657764673233032,0.04454345404574237,0.0,0.0,0.0,0.0,0.0,0.0,0.44912280701754387,E2 앞쪽 부품 안 (pair_pos=0),공정 값 23,튜닝,
XGBoost (튜닝),16,0.21787633001804352,0.06239217953714961,0.25,0.25,0.25,0.08108108108108109,0.75,0.04285714285714286,0.581140350877193,E2 앞쪽 부품 안 (pair_pos=0),공정 값 23,튜닝,
XGBoost (튜닝),17,0.6097797155380249,0.07294713429465202,0.2,0.4,0.4,0.09523809523809523,0.2,0.0625,0.6247787610619469,E2 앞쪽 부품 안 (pair_pos=0),공정 값 23,튜닝,
XGBoost (튜닝),18,0.1991458535194397,0.09725511791245206,0.2,0.4,0.6,0.12121212121212122,0.4,0.07142857142857142,0.7185840707964601,E2 앞쪽 부품 안 (pair_pos=0),공정 값 23,튜닝,
XGBoost (튜닝),19,0.47267186641693115,0.15087145690593967,0.25,0.25,0.25,0.09523809523809523,0.25,0.058823529411764705,0.4473684210526316,E2 앞쪽 부품 안 (pair_pos=0),공정 값 23,튜닝,
XGBoost (튜닝),20,0.10006243735551834,0.06826499020660895,0.2,0.2,0.2,0.06060606060606061,0.6,0.031914893617021274,0.45964912280701753,E2 앞쪽 부품 안 (pair_pos=0),공정 값 23,튜닝,
XGBoost (튜닝),21,0.24487566947937012,0.06967719001468084,0.0,0.4,0.4,0.06779661016949153,0.4,0.037037037037037035,0.5203539823008849,E2 앞쪽 부품 안 (pair_pos=0),공정 값 23,튜닝,
XGBoost (튜닝),22,0.24532973766326904,0.050429645542427494,0.0,0.25,0.5,0.06,0.75,0.03125,0.5350877192982456,E2 앞쪽 부품 안 (pair_pos=0),공정 값 23,튜닝,
XGBoost (튜닝),23,0.05610024556517601,0.27754544565669076,0.25,0.25,0.25,0.056338028169014086,0.5,0.029850746268656716,0.48684210526315785,E2 앞쪽 부품 안 (pair_pos=0),공정 값 23,튜닝,
XGBoost (튜닝),24,0.11246778070926666,0.05007423353128549,0.2,0.2,0.2,0.06611570247933884,0.8,0.034482758620689655,0.39646017699115044,E2 앞쪽 부품 안 (pair_pos=0),공정 값 23,튜닝,
XGBoost (튜닝),25,0.7000979781150818,0.050992626110273165,0.0,0.0,0.2,0.0,0.0,0.0,0.5368421052631579,E2 앞쪽 부품 안 (pair_pos=0),공정 값 23,튜닝,
XGBoost (튜닝),26,0.033891160041093826,0.050657844926389764,0.0,0.25,0.25,0.06837606837606838,1.0,0.035398230088495575,0.5855263157894737,E2 앞쪽 부품 안 (pair_pos=0),공정 값 23,튜닝,
XGBoost (튜닝),27,0.04422781616449356,0.05888000830158204,0.2,0.2,0.2,0.0,0.0,0.0,0.479646017699115,E2 앞쪽 부품 안 (pair_pos=0),공정 값 23,튜닝,
XGBoost (튜닝),28,0.20106932520866394,0.1623397435897436,0.4,0.6,0.6,0.08771929824561403,1.0,0.045871559633027525,0.6566371681415929,E2 앞쪽 부품 안 (pair_pos=0),공정 값 23,튜닝,
XGBoost (튜닝),29,0.00035703068715520203,0.049693030621339444,0.0,0.25,0.25,0.06557377049180328,1.0,0.03389830508474576,0.5635964912280702,E2 앞쪽 부품 안 (pair_pos=0),공정 값 23,튜닝,
XGBoost (튜닝),30,0.25478288531303406,0.04507118311242023,0.0,0.0,0.2,0.0,0.0,0.0,0.45614035087719296,E2 앞쪽 부품 안 (pair_pos=0),공정 값 23,튜닝,
XGBoost (튜닝),31,0.18773023784160614,0.09473487329120565,0.2,0.4,0.4,0.08163265306122448,0.4,0.045454545454545456,0.4725663716814159,E2 앞쪽 부품 안 (pair_pos=0),공정 값 23,튜닝,
XGBoost (튜닝),32,0.6325047612190247,0.1629110864887433,0.5,0.5,0.5,0.0,0.0,0.0,0.5504385964912281,E2 앞쪽 부품 안 (pair_pos=0),공정 값 23,튜닝,
XGBoost (튜닝),33,0.48825889825820923,0.057425764990215594,0.0,0.5,0.5,0.09090909090909091,0.25,0.05555555555555555,0.47807017543859653,E2 앞쪽 부품 안 (pair_pos=0),공정 값 23,튜닝,
XGBoost (튜닝),34,0.5620968341827393,0.06902139956263667,0.2,0.2,0.2,0.05,0.2,0.02857142857142857,0.5610619469026549,E2 앞쪽 부품 안 (pair_pos=0),공정 값 23,튜닝,
XGBoost (튜닝),35,0.6146456599235535,0.05177083096337755,0.0,0.0,0.2,0.0,0.0,0.0,0.5403508771929825,E2 앞쪽 부품 안 (pair_pos=0),공정 값 23,튜닝,
XGBoost (튜닝),36,0.020836764946579933,0.040641122581055435,0.0,0.0,0.4,0.08130081300813008,1.0,0.0423728813559322,0.35398230088495575,E2 앞쪽 부품 안 (pair_pos=0),공정 값 23,튜닝,
XGBoost (튜닝),37,0.680958092212677,0.036480513614659954,0.0,0.0,0.0,0.0,0.0,0.0,0.45175438596491224,E2 앞쪽 부품 안 (pair_pos=0),공정 값 23,튜닝,
XGBoost (튜닝),38,0.35691580176353455,0.08129286631212176,0.2,0.2,0.2,0.06896551724137931,0.2,0.041666666666666664,0.5398230088495575,E2 앞쪽 부품 안 (pair_pos=0),공정 값 23,튜닝,
XGBoost (튜닝),39,0.014400096610188484,0.1338116654802735,0.25,0.25,0.75,0.06557377049180328,1.0,0.03389830508474576,0.6600877192982457,E2 앞쪽 부품 안 (pair_pos=0),공정 값 23,튜닝,
XGBoost (튜닝),40,0.8314559459686279,0.14818397524012952,0.2,0.2,0.4,0.0,0.0,0.0,0.6070175438596491,E2 앞쪽 부품 안 (pair_pos=0),공정 값 23,튜닝,
XGBoost (튜닝),41,0.057819873094558716,0.03277290255010552,0.0,0.0,0.25,0.06666666666666667,1.0,0.034482758620689655,0.35526315789473684,E2 앞쪽 부품 안 (pair_pos=0),공정 값 23,튜닝,
XGBoost (튜닝),42,0.01145336776971817,0.05453336557059961,0.2,0.2,0.2,0.08130081300813008,1.0,0.0423728813559322,0.47079646017699117,E2 앞쪽 부품 안 (pair_pos=0),공정 값 23,튜닝,
XGBoost (튜닝),43,0.13384853303432465,0.11113984721336148,0.4,0.4,0.4,0.08620689655172414,1.0,0.04504504504504504,0.6513274336283186,E2 앞쪽 부품 안 (pair_pos=0),공정 값 23,튜닝,
XGBoost (튜닝),44,0.4202248752117157,0.06938725490196078,0.25,0.25,0.25,0.05714285714285714,0.25,0.03225806451612903,0.4605263157894737,E2 앞쪽 부품 안 (pair_pos=0),공정 값 23,튜닝,
XGBoost (튜닝),45,0.596462070941925,0.1156184098257269,0.2,0.4,0.4,0.25,0.2,0.3333333333333333,0.5192982456140351,E2 앞쪽 부품 안 (pair_pos=0),공정 값 23,튜닝,
XGBoost (튜닝),46,0.4228992760181427,0.025189728586739277,0.0,0.0,0.0,0.0,0.0,0.0,0.18640350877192982,E2 앞쪽 부품 안 (pair_pos=0),공정 값 23,튜닝,
XGBoost (튜닝),47,0.5116128325462341,0.06096038572633623,0.25,0.25,0.25,0.1111111111111111,0.25,0.07142857142857142,0.5131578947368421,E2 앞쪽 부품 안 (pair_pos=0),공정 값 23,튜닝,
XGBoost (튜닝),48,0.051332131028175354,0.1272420516606563,0.2,0.4,0.4,0.08130081300813008,1.0,0.0423728813559322,0.568141592920354,E2 앞쪽 부품 안 (pair_pos=0),공정 값 23,튜닝,
XGBoost (튜닝),49,0.06047244742512703,0.10589702694965852,0.2,0.2,0.2,0.07079646017699115,0.8,0.037037037037037035,0.5079646017699115,E2 앞쪽 부품 안 (pair_pos=0),공정 값 23,튜닝,
LightGBM (튜닝),0,0.0722258141820824,0.029823428326952034,0.0,0.0,0.0,0.0,0.0,0.0,0.1842105263157895,E2 앞쪽 부품 안 (pair_pos=0),공정 값 23,튜닝,
LightGBM (튜닝),1,0.31396802199553897,0.038531672613541255,0.0,0.25,0.25,0.0,0.0,0.0,0.41885964912280704,E2 앞쪽 부품 안 (pair_pos=0),공정 값 23,튜닝,
LightGBM (튜닝),2,0.05840391096349534,0.13070402298850575,0.25,0.25,0.5,0.1276595744680851,0.75,0.06976744186046512,0.6184210526315789,E2 앞쪽 부품 안 (pair_pos=0),공정 값 23,튜닝,
LightGBM (튜닝),3,0.289854519183872,0.051464056490313055,0.0,0.2,0.4,0.0,0.0,0.0,0.5150442477876106,E2 앞쪽 부품 안 (pair_pos=0),공정 값 23,튜닝,
LightGBM (튜닝),4,0.00850265957931366,0.07166757937522056,0.2,0.2,0.2,0.08130081300813008,1.0,0.0423728813559322,0.5469026548672566,E2 앞쪽 부품 안 (pair_pos=0),공정 값 23,튜닝,
LightGBM (튜닝),5,0.3919246595489859,0.09104341856326884,0.2,0.2,0.4,0.0,0.0,0.0,0.612280701754386,E2 앞쪽 부품 안 (pair_pos=0),공정 값 23,튜닝,
LightGBM (튜닝),6,0.6216276040366457,0.06272785698434793,0.2,0.2,0.2,0.0,0.0,0.0,0.42300884955752216,E2 앞쪽 부품 안 (pair_pos=0),공정 값 23,튜닝,
LightGBM (튜닝),7,0.024030642005924977,0.04775653910822872,0.0,0.0,0.2,0.0,0.0,0.0,0.49911504424778763,E2 앞쪽 부품 안 (pair_pos=0),공정 값 23,튜닝,
LightGBM (튜닝),8,0.008123684040133104,0.06665674603174604,0.0,0.5,0.5,0.06557377049180328,1.0,0.03389830508474576,0.6578947368421052,E2 앞쪽 부품 안 (pair_pos=0),공정 값 23,튜닝,
LightGBM (튜닝),9,0.7956981129214573,0.03996844805337865,0.0,0.0,0.25,0.0,0.0,0.0,0.48903508771929827,E2 앞쪽 부품 안 (pair_pos=0),공정 값 23,튜닝,
LightGBM (튜닝),10,0.2566837839472852,0.037198906427758575,0.0,0.0,0.2,0.0,0.0,0.0,0.3456140350877193,E2 앞쪽 부품 안 (pair_pos=0),공정 값 23,튜닝,
LightGBM (튜닝),11,0.13870712685016892,0.07317249582101068,0.25,0.25,0.5,0.14285714285714285,0.25,0.1,0.46929824561403516,E2 앞쪽 부품 안 (pair_pos=0),공정 값 23,튜닝,
LightGBM (튜닝),12,0.014662347707898805,0.05966450800503688,0.25,0.25,0.5,0.06315789473684211,0.75,0.03296703296703297,0.49780701754385964,E2 앞쪽 부품 안 (pair_pos=0),공정 값 23,튜닝,
LightGBM (튜닝),13,2.710829577010314e-08,0.15601206636500756,0.4,0.6,0.8,0.08130081300813008,1.0,0.0423728813559322,0.808849557522124,E2 앞쪽 부품 안 (pair_pos=0),공정 값 23,튜닝,
LightGBM (튜닝),14,0.0005883319945468506,0.064920898154729,0.2,0.2,0.2,0.08130081300813008,1.0,0.0423728813559322,0.5769911504424778,E2 앞쪽 부품 안 (pair_pos=0),공정 값 23,튜닝,
LightGBM (튜닝),15,0.08710598287703099,0.06502657368995385,0.0,0.0,0.6,0.0,0.0,0.0,0.6263157894736842,E2 앞쪽 부품 안 (pair_pos=0),공정 값 23,튜닝,
LightGBM (튜닝),16,0.02467000596329739,0.05439071696094168,0.25,0.25,0.25,0.08,0.25,0.047619047619047616,0.5570175438596492,E2 앞쪽 부품 안 (pair_pos=0),공정 값 23,튜닝,
LightGBM (튜닝),17,7.536071208157599e-05,0.07856622430392923,0.2,0.4,0.4,0.08130081300813008,1.0,0.0423728813559322,0.5646017699115045,E2 앞쪽 부품 안 (pair_pos=0),공정 값 23,튜닝,
LightGBM (튜닝),18,0.0004742960762996076,0.061534845009629434,0.0,0.2,0.4,0.0,0.0,0.0,0.5309734513274337,E2 앞쪽 부품 안 (pair_pos=0),공정 값 23,튜닝,
LightGBM (튜닝),19,0.16866679840459084,0.035353238977220695,0.0,0.25,0.25,0.0,0.0,0.0,0.36622807017543857,E2 앞쪽 부품 안 (pair_pos=0),공정 값 23,튜닝,
LightGBM (튜닝),20,0.008927968102405882,0.05624235130945582,0.2,0.2,0.4,0.09090909090909091,1.0,0.047619047619047616,0.4789473684210526,E2 앞쪽 부품 안 (pair_pos=0),공정 값 23,튜닝,
LightGBM (튜닝),21,7.50270884013195e-05,0.08986223453965389,0.2,0.4,0.4,0.11235955056179775,1.0,0.05952380952380952,0.6194690265486726,E2 앞쪽 부품 안 (pair_pos=0),공정 값 23,튜닝,
LightGBM (튜닝),22,0.0012443739054029757,0.06451388888888888,0.0,0.5,0.5,0.06557377049180328,1.0,0.03389830508474576,0.5855263157894737,E2 앞쪽 부품 안 (pair_pos=0),공정 값 23,튜닝,
LightGBM (튜닝),23,0.003203319448608848,0.07034829472329472,0.25,0.25,0.5,0.06557377049180328,1.0,0.03389830508474576,0.5285087719298245,E2 앞쪽 부품 안 (pair_pos=0),공정 값 23,튜닝,
LightGBM (튜닝),24,0.06037655320002337,0.04581310272363694,0.0,0.2,0.2,0.034482758620689655,0.2,0.018867924528301886,0.3858407079646018,E2 앞쪽 부품 안 (pair_pos=0),공정 값 23,튜닝,
LightGBM (튜닝),25,0.06453498124284868,0.056370333555619864,0.0,0.2,0.2,0.0,0.0,0.0,0.5754385964912281,E2 앞쪽 부품 안 (pair_pos=0),공정 값 23,튜닝,
LightGBM (튜닝),26,0.0010603934012245288,0.34774436090225563,0.5,0.5,0.75,0.1038961038961039,1.0,0.0547945205479452,0.8377192982456141,E2 앞쪽 부품 안 (pair_pos=0),공정 값 23,튜닝,
LightGBM (튜닝),27,0.35883026931343837,0.046668128776499396,0.0,0.2,0.4,0.0,0.0,0.0,0.42123893805309737,E2 앞쪽 부품 안 (pair_pos=0),공정 값 23,튜닝,
LightGBM (튜닝),28,0.023939380855460587,0.09684240716174483,0.2,0.2,0.4,0.0,0.0,0.0,0.5646017699115045,E2 앞쪽 부품 안 (pair_pos=0),공정 값 23,튜닝,
LightGBM (튜닝),29,5.55376710781865e-10,0.04323980573980574,0.0,0.0,0.25,0.06557377049180328,1.0,0.03389830508474576,0.5,E2 앞쪽 부품 안 (pair_pos=0),공정 값 23,튜닝,
LightGBM (튜닝),30,0.0301175840452364,0.04154084207173452,0.0,0.0,0.2,0.0,0.0,0.0,0.42105263157894735,E2 앞쪽 부품 안 (pair_pos=0),공정 값 23,튜닝,
LightGBM (튜닝),31,0.4359664748504688,0.13356371125358465,0.4,0.6,0.6,0.0,0.0,0.0,0.6938053097345133,E2 앞쪽 부품 안 (pair_pos=0),공정 값 23,튜닝,
LightGBM (튜닝),32,0.03567536298496893,0.29598214285714286,0.25,0.25,0.5,0.06557377049180328,1.0,0.03389830508474576,0.6864035087719298,E2 앞쪽 부품 안 (pair_pos=0),공정 값 23,튜닝,
LightGBM (튜닝),33,0.03488999859193545,0.0533601319315605,0.0,0.5,0.5,0.08,0.25,0.047619047619047616,0.4780701754385965,E2 앞쪽 부품 안 (pair_pos=0),공정 값 23,튜닝,
LightGBM (튜닝),34,0.6905436187584378,0.05996678158442864,0.0,0.2,0.2,0.0,0.0,0.0,0.5646017699115045,E2 앞쪽 부품 안 (pair_pos=0),공정 값 23,튜닝,
LightGBM (튜닝),35,0.002350927309697082,0.05810829619204004,0.0,0.0,0.4,0.08064516129032258,1.0,0.04201680672268908,0.5754385964912281,E2 앞쪽 부품 안 (pair_pos=0),공정 값 23,튜닝,
LightGBM (튜닝),36,0.046349557271205793,0.04328518278337628,0.0,0.0,0.2,0.06779661016949153,0.4,0.037037037037037035,0.4389380530973451,E2 앞쪽 부품 안 (pair_pos=0),공정 값 23,튜닝,
LightGBM (튜닝),37,0.06482700285320805,0.03930977491071526,0.0,0.0,0.0,0.0625,0.5,0.03333333333333333,0.48026315789473684,E2 앞쪽 부품 안 (pair_pos=0),공정 값 23,튜닝,
LightGBM (튜닝),38,1.260106081138589e-07,0.14217985842985842,0.2,0.2,0.2,0.08130081300813008,1.0,0.0423728813559322,0.552212389380531,E2 앞쪽 부품 안 (pair_pos=0),공정 값 23,튜닝,
LightGBM (튜닝),39,0.07904636768912668,0.10347222222222222,0.25,0.5,0.75,0.07317073170731707,0.75,0.038461538461538464,0.7149122807017544,E2 앞쪽 부품 안 (pair_pos=0),공정 값 23,튜닝,
LightGBM (튜닝),40,0.4720029292119465,0.10023301047559807,0.2,0.4,0.4,0.0,0.0,0.0,0.6526315789473685,E2 앞쪽 부품 안 (pair_pos=0),공정 값 23,튜닝,
LightGBM (튜닝),41,0.6354337135855366,0.04126017818800368,0.0,0.25,0.25,0.0,0.0,0.0,0.3706140350877193,E2 앞쪽 부품 안 (pair_pos=0),공정 값 23,튜닝,
LightGBM (튜닝),42,0.019414415587931687,0.04262281751511246,0.0,0.0,0.0,0.09411764705882353,0.8,0.05,0.4424778761061947,E2 앞쪽 부품 안 (pair_pos=0),공정 값 23,튜닝,
LightGBM (튜닝),43,0.04801256658292997,0.07473219590866649,0.2,0.2,0.6,0.08196721311475409,1.0,0.042735042735042736,0.6123893805309735,E2 앞쪽 부품 안 (pair_pos=0),공정 값 23,튜닝,
LightGBM (튜닝),44,0.07918497907191205,0.07694002248250353,0.25,0.25,0.25,0.06557377049180328,0.5,0.03508771929824561,0.4232456140350877,E2 앞쪽 부품 안 (pair_pos=0),공정 값 23,튜닝,
LightGBM (튜닝),45,0.012870407588919277,0.08302216985249192,0.0,0.6,0.6,0.20689655172413793,0.6,0.125,0.6421052631578947,E2 앞쪽 부품 안 (pair_pos=0),공정 값 23,튜닝,
LightGBM (튜닝),46,0.23277003853360917,0.03333081399231473,0.0,0.0,0.0,0.0,0.0,0.0,0.39035087719298245,E2 앞쪽 부품 안 (pair_pos=0),공정 값 23,튜닝,
LightGBM (튜닝),47,0.08094930052605775,0.04284461585220599,0.0,0.25,0.25,0.06896551724137931,1.0,0.03571428571428571,0.48903508771929827,E2 앞쪽 부품 안 (pair_pos=0),공정 값 23,튜닝,
LightGBM (튜닝),48,0.23461193647230077,0.13639579020013803,0.4,0.4,0.6,0.14285714285714285,0.4,0.08695652173913043,0.6336283185840709,E2 앞쪽 부품 안 (pair_pos=0),공정 값 23,튜닝,
LightGBM (튜닝),49,0.00626981219339017,0.10704028704028704,0.2,0.2,0.4,0.07017543859649122,0.8,0.03669724770642202,0.48672566371681414,E2 앞쪽 부품 안 (pair_pos=0),공정 값 23,튜닝,
CatBoost (튜닝),0,0.3824802477202,0.04464669544532915,0.0,0.2,0.2,0.0,0.0,0.0,0.3912280701754386,E2 앞쪽 부품 안 (pair_pos=0),공정 값 23,튜닝,
CatBoost (튜닝),1,0.04161616003550832,0.038990261541992824,0.0,0.0,0.25,0.07142857142857142,0.5,0.038461538461538464,0.4364035087719298,E2 앞쪽 부품 안 (pair_pos=0),공정 값 23,튜닝,
CatBoost (튜닝),2,0.0578566207404522,0.1418478260869565,0.5,0.5,0.5,0.10810810810810811,0.5,0.06060606060606061,0.5416666666666666,E2 앞쪽 부품 안 (pair_pos=0),공정 값 23,튜닝,
CatBoost (튜닝),3,0.0192322842556922,0.04976826766078575,0.0,0.2,0.2,0.0,0.0,0.0,0.488495575221239,E2 앞쪽 부품 안 (pair_pos=0),공정 값 23,튜닝,
CatBoost (튜닝),4,0.15467868721910596,0.08542519239732178,0.2,0.4,0.4,0.18181818181818182,0.4,0.11764705882352941,0.5876106194690265,E2 앞쪽 부품 안 (pair_pos=0),공정 값 23,튜닝,
CatBoost (튜닝),5,0.08393284992471405,0.07509439021009541,0.0,0.4,0.4,0.15384615384615385,0.4,0.09523809523809523,0.643859649122807,E2 앞쪽 부품 안 (pair_pos=0),공정 값 23,튜닝,
CatBoost (튜닝),6,0.04990322197665368,0.12895421015104838,0.2,0.2,0.2,0.04878048780487805,0.4,0.025974025974025976,0.3557522123893805,E2 앞쪽 부품 안 (pair_pos=0),공정 값 23,튜닝,
CatBoost (튜닝),7,0.0036146156918940783,0.0675973832887303,0.0,0.4,0.4,0.0784313725490196,0.8,0.041237113402061855,0.5469026548672566,E2 앞쪽 부품 안 (pair_pos=0),공정 값 23,튜닝,
CatBoost (튜닝),8,0.03448123164926252,0.09729076479076479,0.25,0.5,0.75,0.08695652173913043,0.25,0.05263157894736842,0.7828947368421053,E2 앞쪽 부품 안 (pair_pos=0),공정 값 23,튜닝,
CatBoost (튜닝),9,0.3168455414652011,0.04960595286533498,0.0,0.0,0.5,0.0,0.0,0.0,0.5307017543859649,E2 앞쪽 부품 안 (pair_pos=0),공정 값 23,튜닝,
CatBoost (튜닝),10,0.24340288504289542,0.03465506715506716,0.0,0.0,0.0,0.0,0.0,0.0,0.3105263157894737,E2 앞쪽 부품 안 (pair_pos=0),공정 값 23,튜닝,
CatBoost (튜닝),11,0.0013408564715917763,0.1715983507154984,0.5,0.5,0.5,0.05,0.5,0.02631578947368421,0.5460526315789473,E2 앞쪽 부품 안 (pair_pos=0),공정 값 23,튜닝,
CatBoost (튜닝),12,0.024206530096462116,0.11449652777777777,0.25,0.25,0.25,0.03278688524590164,0.25,0.017543859649122806,0.5460526315789473,E2 앞쪽 부품 안 (pair_pos=0),공정 값 23,튜닝,
CatBoost (튜닝),13,4.0087142557276724e-05,0.14779848171152518,0.4,0.8,0.8,0.08130081300813008,1.0,0.0423728813559322,0.7646017699115044,E2 앞쪽 부품 안 (pair_pos=0),공정 값 23,튜닝,
CatBoost (튜닝),14,0.14278254453696695,0.05996667489204802,0.2,0.2,0.2,0.0,0.0,0.0,0.4831858407079646,E2 앞쪽 부품 안 (pair_pos=0),공정 값 23,튜닝,
CatBoost (튜닝),15,0.15262427028348688,0.052434647012960266,0.0,0.2,0.2,0.0,0.0,0.0,0.5333333333333333,E2 앞쪽 부품 안 (pair_pos=0),공정 값 23,튜닝,
CatBoost (튜닝),16,0.36837979506999635,0.05523556743223072,0.0,0.5,0.5,0.0,0.0,0.0,0.5833333333333334,E2 앞쪽 부품 안 (pair_pos=0),공정 값 23,튜닝,
CatBoost (튜닝),17,0.023908989647206627,0.08852303523035229,0.2,0.4,0.4,0.09615384615384616,1.0,0.050505050505050504,0.6265486725663717,E2 앞쪽 부품 안 (pair_pos=0),공정 값 23,튜닝,
CatBoost (튜닝),18,0.0002964013786847192,0.13183621933621933,0.4,0.6,0.6,0.08196721311475409,1.0,0.042735042735042736,0.7132743362831857,E2 앞쪽 부품 안 (pair_pos=0),공정 값 23,튜닝,
CatBoost (튜닝),19,0.374629604827455,0.035545459971210384,0.0,0.0,0.0,0.0,0.0,0.0,0.4364035087719298,E2 앞쪽 부품 안 (pair_pos=0),공정 값 23,튜닝,
CatBoost (튜닝),20,0.4029179617367758,0.0850654983580007,0.2,0.4,0.4,0.0,0.0,0.0,0.6035087719298246,E2 앞쪽 부품 안 (pair_pos=0),공정 값 23,튜닝,
CatBoost (튜닝),21,0.04291151292245121,0.03826733375913704,0.0,0.0,0.0,0.0,0.0,0.0,0.3752212389380531,E2 앞쪽 부품 안 (pair_pos=0),공정 값 23,튜닝,
CatBoost (튜닝),22,0.0012054761600627842,0.051946541599938986,0.0,0.25,0.25,0.06611570247933884,1.0,0.03418803418803419,0.5635964912280702,E2 앞쪽 부품 안 (pair_pos=0),공정 값 23,튜닝,
CatBoost (튜닝),23,0.0046858406999133115,0.07432235832465191,0.25,0.25,0.25,0.05263157894736842,0.25,0.029411764705882353,0.4057017543859649,E2 앞쪽 부품 안 (pair_pos=0),공정 값 23,튜닝,
CatBoost (튜닝),24,0.0005965494788150404,0.08089542975026989,0.2,0.2,0.2,0.06557377049180328,0.8,0.03418803418803419,0.3893805309734513,E2 앞쪽 부품 안 (pair_pos=0),공정 값 23,튜닝,
CatBoost (튜닝),25,0.2927571432448568,0.05117690268595701,0.0,0.2,0.2,0.0,0.0,0.0,0.5052631578947369,E2 앞쪽 부품 안 (pair_pos=0),공정 값 23,튜닝,
CatBoost (튜닝),26,0.2051447487357445,0.053693658036878374,0.0,0.25,0.25,0.0,0.0,0.0,0.6271929824561404,E2 앞쪽 부품 안 (pair_pos=0),공정 값 23,튜닝,
CatBoost (튜닝),27,0.0002800926463675865,0.149960668633235,0.2,0.4,0.4,0.08403361344537816,1.0,0.043859649122807015,0.5787610619469027,E2 앞쪽 부품 안 (pair_pos=0),공정 값 23,튜닝,
CatBoost (튜닝),28,0.38435640542278493,0.12375214082666808,0.4,0.4,0.6,0.0,0.0,0.0,0.6831858407079646,E2 앞쪽 부품 안 (pair_pos=0),공정 값 23,튜닝,
CatBoost (튜닝),29,0.0018969999820840364,0.16487369337979094,0.25,0.25,0.5,0.08695652173913043,0.75,0.046153846153846156,0.638157894736842,E2 앞쪽 부품 안 (pair_pos=0),공정 값 23,튜닝,
CatBoost (튜닝),30,0.0005725637378212882,0.047548660843647804,0.0,0.2,0.2,0.08130081300813008,1.0,0.0423728813559322,0.44912280701754387,E2 앞쪽 부품 안 (pair_pos=0),공정 값 23,튜닝,
CatBoost (튜닝),31,0.00042354918917014234,0.0853034189016561,0.2,0.4,0.4,0.11627906976744186,1.0,0.06172839506172839,0.7079646017699115,E2 앞쪽 부품 안 (pair_pos=0),공정 값 23,튜닝,
CatBoost (튜닝),32,0.02090817162675726,0.06805694305694306,0.25,0.5,0.5,0.06557377049180328,1.0,0.03389830508474576,0.5964912280701755,E2 앞쪽 부품 안 (pair_pos=0),공정 값 23,튜닝,
CatBoost (튜닝),33,0.018520364961954878,0.0522710178522588,0.0,0.5,0.5,0.043478260869565216,0.5,0.022727272727272728,0.4649122807017544,E2 앞쪽 부품 안 (pair_pos=0),공정 값 23,튜닝,
CatBoost (튜닝),34,0.17996048469702158,0.11474830940904356,0.2,0.2,0.4,0.25,0.2,0.3333333333333333,0.5929203539823009,E2 앞쪽 부품 안 (pair_pos=0),공정 값 23,튜닝,
CatBoost (튜닝),35,0.04835319469956346,0.04919869881500155,0.0,0.0,0.4,0.0,0.0,0.0,0.47192982456140353,E2 앞쪽 부품 안 (pair_pos=0),공정 값 23,튜닝,
CatBoost (튜닝),36,0.01231441326930311,0.04693422807243946,0.0,0.2,0.2,0.08602150537634409,0.8,0.045454545454545456,0.4513274336283186,E2 앞쪽 부품 안 (pair_pos=0),공정 값 23,튜닝,
CatBoost (튜닝),37,0.00827986847533945,0.03837201995027758,0.0,0.0,0.0,0.06896551724137931,0.75,0.03614457831325301,0.47149122807017546,E2 앞쪽 부품 안 (pair_pos=0),공정 값 23,튜닝,
CatBoost (튜닝),38,0.05036402235475136,0.07248645224254979,0.2,0.2,0.2,0.08888888888888889,0.4,0.05,0.5646017699115045,E2 앞쪽 부품 안 (pair_pos=0),공정 값 23,튜닝,
CatBoost (튜닝),39,0.009081457172258329,0.11951732273937243,0.5,0.75,0.75,0.16216216216216217,0.75,0.09090909090909091,0.7149122807017544,E2 앞쪽 부품 안 (pair_pos=0),공정 값 23,튜닝,
CatBoost (튜닝),40,0.00361035395586976,0.045926946370533635,0.0,0.0,0.0,0.12195121951219512,1.0,0.06493506493506493,0.4807017543859649,E2 앞쪽 부품 안 (pair_pos=0),공정 값 23,튜닝,
CatBoost (튜닝),41,0.015942314027203922,0.032292553125886456,0.0,0.0,0.25,0.07407407407407407,1.0,0.038461538461538464,0.3377192982456141,E2 앞쪽 부품 안 (pair_pos=0),공정 값 23,튜닝,
CatBoost (튜닝),42,0.002379609198351996,0.04465406047852856,0.0,0.2,0.2,0.08130081300813008,1.0,0.0423728813559322,0.431858407079646,E2 앞쪽 부품 안 (pair_pos=0),공정 값 23,튜닝,
CatBoost (튜닝),43,0.0006511569776468002,0.09740059208144315,0.2,0.2,0.2,0.08547008547008547,1.0,0.044642857142857144,0.5787610619469027,E2 앞쪽 부품 안 (pair_pos=0),공정 값 23,튜닝,
CatBoost (튜닝),44,0.0008918340149866356,0.06038104217100691,0.25,0.25,0.25,0.056338028169014086,0.5,0.029850746268656716,0.5043859649122807,E2 앞쪽 부품 안 (pair_pos=0),공정 값 23,튜닝,
CatBoost (튜닝),45,0.009045935740406012,0.08515335501636871,0.4,0.4,0.4,0.08196721311475409,1.0,0.042735042735042736,0.5666666666666667,E2 앞쪽 부품 안 (pair_pos=0),공정 값 23,튜닝,
CatBoost (튜닝),46,0.035562809014330454,0.037914014456791455,0.0,0.0,0.25,0.0,0.0,0.0,0.4451754385964912,E2 앞쪽 부품 안 (pair_pos=0),공정 값 23,튜닝,
CatBoost (튜닝),47,0.20899228031877723,0.04193093727977449,0.0,0.0,0.25,0.0,0.0,0.0,0.5175438596491229,E2 앞쪽 부품 안 (pair_pos=0),공정 값 23,튜닝,
CatBoost (튜닝),48,0.016745580350676283,0.06591129089489745,0.0,0.2,0.6,0.0,0.0,0.0,0.584070796460177,E2 앞쪽 부품 안 (pair_pos=0),공정 값 23,튜닝,
CatBoost (튜닝),49,0.026323082825075065,0.08462885738115097,0.2,0.2,0.6,0.07766990291262135,0.8,0.04081632653061224,0.5893805309734513,E2 앞쪽 부품 안 (pair_pos=0),공정 값 23,튜닝,
Isolation Forest,0,0.5128838804489738,0.03773828073473423,0.0,0.0,0.0,0.0,0.0,0.0,0.35263157894736846,E2 앞쪽 부품 안 (pair_pos=0),공정 값 23,이상탐지,
Isolation Forest,1,0.40881024413162376,0.15127163420346146,0.25,0.25,0.25,0.06611570247933884,1.0,0.03418803418803419,0.4583333333333333,E2 앞쪽 부품 안 (pair_pos=0),공정 값 23,이상탐지,
Isolation Forest,2,0.5263931185740514,0.06250654107796966,0.25,0.25,0.25,0.0,0.0,0.0,0.4473684210526316,E2 앞쪽 부품 안 (pair_pos=0),공정 값 23,이상탐지,
Isolation Forest,3,0.40619408149037445,0.06090278478458279,0.2,0.2,0.2,0.08130081300813008,1.0,0.0423728813559322,0.536283185840708,E2 앞쪽 부품 안 (pair_pos=0),공정 값 23,이상탐지,
Isolation Forest,4,0.4933507052779559,0.036675450471217064,0.0,0.2,0.2,0.0,0.0,0.0,0.2513274336283186,E2 앞쪽 부품 안 (pair_pos=0),공정 값 23,이상탐지,
Isolation Forest,5,0.5276212849400809,0.04510264390203887,0.0,0.2,0.2,0.0,0.0,0.0,0.37543859649122807,E2 앞쪽 부품 안 (pair_pos=0),공정 값 23,이상탐지,
Isolation Forest,6,0.41131959288590875,0.17806103977397691,0.4,0.4,0.4,0.08333333333333333,1.0,0.043478260869565216,0.5522123893805311,E2 앞쪽 부품 안 (pair_pos=0),공정 값 23,이상탐지,
Isolation Forest,7,0.49557403794650845,0.03486459434285521,0.0,0.0,0.0,0.0,0.0,0.0,0.3026548672566372,E2 앞쪽 부품 안 (pair_pos=0),공정 값 23,이상탐지,
Isolation Forest,8,0.4059438426038733,0.06471023469983088,0.25,0.25,0.25,0.06557377049180328,1.0,0.03389830508474576,0.5657894736842105,E2 앞쪽 부품 안 (pair_pos=0),공정 값 23,이상탐지,
Isolation Forest,9,0.4950985558696362,0.0301307710640272,0.0,0.0,0.0,0.0,0.0,0.0,0.3157894736842105,E2 앞쪽 부품 안 (pair_pos=0),공정 값 23,이상탐지,
Isolation Forest,10,0.4880101285618749,0.09786104560401235,0.2,0.2,0.2,0.08,0.2,0.05,0.4052631578947368,E2 앞쪽 부품 안 (pair_pos=0),공정 값 23,이상탐지,
Isolation Forest,11,0.5102926007971845,0.062005397124524866,0.25,0.25,0.25,0.18181818181818182,0.25,0.14285714285714285,0.44298245614035087,E2 앞쪽 부품 안 (pair_pos=0),공정 값 23,이상탐지,
Isolation Forest,12,0.486041277398828,0.03876980241416038,0.0,0.0,0.25,0.0,0.0,0.0,0.4254385964912281,E2 앞쪽 부품 안 (pair_pos=0),공정 값 23,이상탐지,
Isolation Forest,13,0.511108744373381,0.048778822421182144,0.2,0.2,0.2,0.0,0.0,0.0,0.31327433628318585,E2 앞쪽 부품 안 (pair_pos=0),공정 값 23,이상탐지,
Isolation Forest,14,0.5002864259792472,0.05616776542430901,0.2,0.2,0.2,0.0,0.0,0.0,0.5150442477876107,E2 앞쪽 부품 안 (pair_pos=0),공정 값 23,이상탐지,
Isolation Forest,15,0.40180642436382624,0.08293297116826528,0.2,0.4,0.4,0.08064516129032258,1.0,0.04201680672268908,0.6807017543859649,E2 앞쪽 부품 안 (pair_pos=0),공정 값 23,이상탐지,
Isolation Forest,16,0.4839076038591825,0.02379162124357232,0.0,0.0,0.0,0.0,0.0,0.0,0.1337719298245614,E2 앞쪽 부품 안 (pair_pos=0),공정 값 23,이상탐지,
Isolation Forest,17,0.504341732456735,0.2377984569472138,0.2,0.2,0.2,0.15384615384615385,0.2,0.125,0.49734513274336284,E2 앞쪽 부품 안 (pair_pos=0),공정 값 23,이상탐지,
Isolation Forest,18,0.5133082541541152,0.03007980294084492,0.0,0.0,0.0,0.0,0.0,0.0,0.1911504424778761,E2 앞쪽 부품 안 (pair_pos=0),공정 값 23,이상탐지,
Isolation Forest,19,0.4039819165557564,0.055795869072266586,0.25,0.25,0.25,0.06557377049180328,1.0,0.03389830508474576,0.5679824561403509,E2 앞쪽 부품 안 (pair_pos=0),공정 값 23,이상탐지,
Isolation Forest,20,0.4893317690040483,0.03918206403665196,0.0,0.2,0.2,0.0,0.0,0.0,0.356140350877193,E2 앞쪽 부품 안 (pair_pos=0),공정 값 23,이상탐지,
Isolation Forest,21,0.49341327131106866,0.03739374920351727,0.0,0.0,0.0,0.0,0.0,0.0,0.34690265486725663,E2 앞쪽 부품 안 (pair_pos=0),공정 값 23,이상탐지,
Isolation Forest,22,0.5060600021551999,0.08736664450950166,0.25,0.25,0.25,0.16666666666666666,0.25,0.125,0.5657894736842106,E2 앞쪽 부품 안 (pair_pos=0),공정 값 23,이상탐지,
Isolation Forest,23,0.4996205736728968,0.02855393923599559,0.0,0.0,0.0,0.0,0.0,0.0,0.2807017543859649,E2 앞쪽 부품 안 (pair_pos=0),공정 값 23,이상탐지,
Isolation Forest,24,0.4017775360540086,0.12123050990307627,0.2,0.4,0.4,0.08130081300813008,1.0,0.0423728813559322,0.5345132743362832,E2 앞쪽 부품 안 (pair_pos=0),공정 값 23,이상탐지,
Isolation Forest,25,0.5036422415281786,0.04647125209647183,0.0,0.2,0.2,0.0,0.0,0.0,0.387719298245614,E2 앞쪽 부품 안 (pair_pos=0),공정 값 23,이상탐지,
Isolation Forest,26,0.5022924195847416,0.02948571899285548,0.0,0.0,0.0,0.0,0.0,0.0,0.3092105263157895,E2 앞쪽 부품 안 (pair_pos=0),공정 값 23,이상탐지,
Isolation Forest,27,0.49968077533996147,0.04290369454561345,0.0,0.2,0.2,0.0,0.0,0.0,0.3752212389380531,E2 앞쪽 부품 안 (pair_pos=0),공정 값 23,이상탐지,
Isolation Forest,28,0.4938063466015757,0.07955530129672006,0.2,0.2,0.2,0.1,0.2,0.06666666666666667,0.48849557522123893,E2 앞쪽 부품 안 (pair_pos=0),공정 값 23,이상탐지,
Isolation Forest,29,0.4956889113830946,0.062076977255548685,0.25,0.25,0.25,0.0,0.0,0.0,0.5153508771929824,E2 앞쪽 부품 안 (pair_pos=0),공정 값 23,이상탐지,
Isolation Forest,30,0.4931307469554736,0.0371223984957591,0.0,0.0,0.0,0.0,0.0,0.0,0.3508771929824562,E2 앞쪽 부품 안 (pair_pos=0),공정 값 23,이상탐지,
Isolation Forest,31,0.41503312896583294,0.11344189653262435,0.4,0.4,0.4,0.06779661016949153,0.8,0.035398230088495575,0.5469026548672566,E2 앞쪽 부품 안 (pair_pos=0),공정 값 23,이상탐지,
Isolation Forest,32,0.5080238648084436,0.02967332123411978,0.0,0.0,0.0,0.0,0.0,0.0,0.31140350877192985,E2 앞쪽 부품 안 (pair_pos=0),공정 값 23,이상탐지,
Isolation Forest,33,0.5342221358567761,0.057548433095290105,0.25,0.25,0.25,0.0,0.0,0.0,0.4868421052631579,E2 앞쪽 부품 안 (pair_pos=0),공정 값 23,이상탐지,
Isolation Forest,34,0.40868114510669523,0.043950779990019034,0.0,0.2,0.2,0.08403361344537816,1.0,0.043859649122807015,0.4053097345132743,E2 앞쪽 부품 안 (pair_pos=0),공정 값 23,이상탐지,
Isolation Forest,35,0.5302635289073584,0.0733695652173913,0.2,0.2,0.2,0.0,0.0,0.0,0.5333333333333334,E2 앞쪽 부품 안 (pair_pos=0),공정 값 23,이상탐지,
Isolation Forest,36,0.5202154531049691,0.03127798443250838,0.0,0.0,0.0,0.0,0.0,0.0,0.22831858407079647,E2 앞쪽 부품 안 (pair_pos=0),공정 값 23,이상탐지,
Isolation Forest,37,0.40696204678025494,0.04303785836804705,0.0,0.25,0.25,0.06611570247933884,1.0,0.03418803418803419,0.38815789473684215,E2 앞쪽 부품 안 (pair_pos=0),공정 값 23,이상탐지,
Isolation Forest,38,0.5003387269649959,0.051795550761109116,0.0,0.2,0.2,0.0,0.0,0.0,0.5203539823008849,E2 앞쪽 부품 안 (pair_pos=0),공정 값 23,이상탐지,
Isolation Forest,39,0.44272160201577887,0.1097871985907051,0.25,0.25,0.25,0.04597701149425287,0.5,0.024096385542168676,0.4364035087719298,E2 앞쪽 부품 안 (pair_pos=0),공정 값 23,이상탐지,
Isolation Forest,40,0.5124183506502316,0.06257299889652831,0.0,0.2,0.2,0.0,0.0,0.0,0.5912280701754387,E2 앞쪽 부품 안 (pair_pos=0),공정 값 23,이상탐지,
Isolation Forest,41,0.49884615920956926,0.03463266098774965,0.0,0.0,0.0,0.0,0.0,0.0,0.4100877192982456,E2 앞쪽 부품 안 (pair_pos=0),공정 값 23,이상탐지,
Isolation Forest,42,0.5098676299829218,0.045617299367299365,0.0,0.2,0.2,0.0,0.0,0.0,0.35575221238938054,E2 앞쪽 부품 안 (pair_pos=0),공정 값 23,이상탐지,
Isolation Forest,43,0.4465974386868322,0.029250578426753077,0.0,0.0,0.0,0.025974025974025976,0.2,0.013888888888888888,0.16991150442477876,E2 앞쪽 부품 안 (pair_pos=0),공정 값 23,이상탐지,
Isolation Forest,44,0.4076285011637802,0.2055406794330845,0.5,0.5,0.5,0.06611570247933884,1.0,0.03418803418803419,0.5701754385964912,E2 앞쪽 부품 안 (pair_pos=0),공정 값 23,이상탐지,
Isolation Forest,45,0.49945067026279705,0.04099114137586886,0.0,0.0,0.0,0.0,0.0,0.0,0.4157894736842105,E2 앞쪽 부품 안 (pair_pos=0),공정 값 23,이상탐지,
Isolation Forest,46,0.4053593313109744,0.08108717655342369,0.25,0.25,0.5,0.06557377049180328,1.0,0.03389830508474576,0.6622807017543859,E2 앞쪽 부품 안 (pair_pos=0),공정 값 23,이상탐지,
Isolation Forest,47,0.5067023896012786,0.047086435201189304,0.0,0.25,0.25,0.11764705882352941,0.25,0.07692307692307693,0.4671052631578947,E2 앞쪽 부품 안 (pair_pos=0),공정 값 23,이상탐지,
Isolation Forest,48,0.5076085352386606,0.07868035041847085,0.2,0.2,0.2,0.15384615384615385,0.2,0.125,0.3415929203539823,E2 앞쪽 부품 안 (pair_pos=0),공정 값 23,이상탐지,
Isolation Forest,49,0.5096538895578903,0.04750034599980609,0.2,0.2,0.2,0.0,0.0,0.0,0.3380530973451327,E2 앞쪽 부품 안 (pair_pos=0),공정 값 23,이상탐지,
LOF (novelty),0,1.0691722226990161,0.037169218295930284,0.0,0.2,0.2,0.0,0.0,0.0,0.3140350877192983,E2 앞쪽 부품 안 (pair_pos=0),공정 값 23,이상탐지,
LOF (novelty),1,0.9692418061429088,0.047270451518074505,0.0,0.25,0.25,0.05,0.75,0.02586206896551724,0.5043859649122807,E2 앞쪽 부품 안 (pair_pos=0),공정 값 23,이상탐지,
LOF (novelty),2,0.9535618241373062,0.05399249158400413,0.0,0.25,0.25,0.06557377049180328,1.0,0.03389830508474576,0.611842105263158,E2 앞쪽 부품 안 (pair_pos=0),공정 값 23,이상탐지,
LOF (novelty),3,0.9508835444952046,0.034820907982267446,0.0,0.0,0.0,0.08130081300813008,1.0,0.0423728813559322,0.3097345132743363,E2 앞쪽 부품 안 (pair_pos=0),공정 값 23,이상탐지,
LOF (novelty),4,0.9820719460587883,0.03430041813441148,0.0,0.0,0.0,0.06956521739130435,0.8,0.03636363636363636,0.2955752212389381,E2 앞쪽 부품 안 (pair_pos=0),공정 값 23,이상탐지,
LOF (novelty),5,0.9565036106722509,0.03258587297878437,0.0,0.0,0.0,0.08064516129032258,1.0,0.04201680672268908,0.26666666666666666,E2 앞쪽 부품 안 (pair_pos=0),공정 값 23,이상탐지,
LOF (novelty),6,1.0276214908385337,0.0774173980056333,0.2,0.4,0.4,0.07017543859649122,0.4,0.038461538461538464,0.5079646017699115,E2 앞쪽 부품 안 (pair_pos=0),공정 값 23,이상탐지,
LOF (novelty),7,1.0188973574025135,0.02871613659116786,0.0,0.0,0.0,0.0,0.0,0.0,0.1415929203539823,E2 앞쪽 부품 안 (pair_pos=0),공정 값 23,이상탐지,
LOF (novelty),8,0.9713655523847591,0.0524571649209616,0.0,0.0,0.25,0.06722689075630252,1.0,0.034782608695652174,0.625,E2 앞쪽 부품 안 (pair_pos=0),공정 값 23,이상탐지,
LOF (novelty),9,0.9702742922069654,0.03959344144177575,0.0,0.0,0.25,0.05128205128205128,0.75,0.02654867256637168,0.45614035087719307,E2 앞쪽 부품 안 (pair_pos=0),공정 값 23,이상탐지,
LOF (novelty),10,0.9929989502041574,0.05186240103982039,0.0,0.0,0.2,0.09259259259259259,1.0,0.04854368932038835,0.5421052631578946,E2 앞쪽 부품 안 (pair_pos=0),공정 값 23,이상탐지,
LOF (novelty),11,1.0691350649464328,0.0337798812387826,0.0,0.25,0.25,0.0,0.0,0.0,0.3442982456140351,E2 앞쪽 부품 안 (pair_pos=0),공정 값 23,이상탐지,
LOF (novelty),12,0.9592926954390787,0.03303940743081785,0.0,0.0,0.0,0.06557377049180328,1.0,0.03389830508474576,0.37500000000000006,E2 앞쪽 부품 안 (pair_pos=0),공정 값 23,이상탐지,
LOF (novelty),13,0.9767076803249266,0.04548075124496082,0.0,0.2,0.2,0.06779661016949153,0.8,0.035398230088495575,0.3415929203539823,E2 앞쪽 부품 안 (pair_pos=0),공정 값 23,이상탐지,
LOF (novelty),14,0.9632048269636174,0.039970395388352044,0.0,0.0,0.2,0.08130081300813008,1.0,0.0423728813559322,0.39469026548672564,E2 앞쪽 부품 안 (pair_pos=0),공정 값 23,이상탐지,
LOF (novelty),15,0.9703990882581612,0.06551285823253786,0.2,0.4,0.4,0.08130081300813008,1.0,0.0423728813559322,0.5473684210526316,E2 앞쪽 부품 안 (pair_pos=0),공정 값 23,이상탐지,
LOF (novelty),16,0.9734129688992466,0.028172418751286985,0.0,0.0,0.0,0.05128205128205128,0.75,0.02654867256637168,0.2807017543859649,E2 앞쪽 부품 안 (pair_pos=0),공정 값 23,이상탐지,
LOF (novelty),17,0.9596722629959741,0.05736689641394466,0.0,0.2,0.4,0.08196721311475409,1.0,0.042735042735042736,0.552212389380531,E2 앞쪽 부품 안 (pair_pos=0),공정 값 23,이상탐지,
LOF (novelty),18,0.9944561741038646,0.03162045329110236,0.0,0.0,0.2,0.04,0.4,0.021052631578947368,0.21592920353982306,E2 앞쪽 부품 안 (pair_pos=0),공정 값 23,이상탐지,
LOF (novelty),19,0.9671614078905716,0.03977388284810845,0.0,0.0,0.0,0.06557377049180328,1.0,0.03389830508474576,0.4956140350877193,E2 앞쪽 부품 안 (pair_pos=0),공정 값 23,이상탐지,
LOF (novelty),20,0.9518175482294428,0.03633280307490729,0.0,0.0,0.0,0.08064516129032258,1.0,0.04201680672268908,0.34210526315789475,E2 앞쪽 부품 안 (pair_pos=0),공정 값 23,이상탐지,
LOF (novelty),21,1.0395438614920567,0.03340036271842756,0.0,0.0,0.0,0.0,0.0,0.0,0.2778761061946903,E2 앞쪽 부품 안 (pair_pos=0),공정 값 23,이상탐지,
LOF (novelty),22,0.9735844640561977,0.057517638472143376,0.0,0.5,0.5,0.05217391304347826,0.75,0.02702702702702703,0.5482456140350878,E2 앞쪽 부품 안 (pair_pos=0),공정 값 23,이상탐지,
LOF (novelty),23,0.9874925310423907,0.026090798765457716,0.0,0.0,0.0,0.03669724770642202,0.5,0.01904761904761905,0.19956140350877194,E2 앞쪽 부품 안 (pair_pos=0),공정 값 23,이상탐지,
LOF (novelty),24,0.9724562415491654,0.09111018542254123,0.4,0.4,0.4,0.08130081300813008,1.0,0.0423728813559322,0.5929203539823009,E2 앞쪽 부품 안 (pair_pos=0),공정 값 23,이상탐지,
LOF (novelty),25,1.0662335498432973,0.04108939287662692,0.0,0.0,0.2,0.0,0.0,0.0,0.38596491228070173,E2 앞쪽 부품 안 (pair_pos=0),공정 값 23,이상탐지,
LOF (novelty),26,1.0240680007385632,0.028794238069901508,0.0,0.0,0.25,0.03225806451612903,0.25,0.017241379310344827,0.2521929824561403,E2 앞쪽 부품 안 (pair_pos=0),공정 값 23,이상탐지,
LOF (novelty),27,0.9700620939974313,0.04075678760468534,0.0,0.0,0.0,0.08196721311475409,1.0,0.042735042735042736,0.41238938053097346,E2 앞쪽 부품 안 (pair_pos=0),공정 값 23,이상탐지,
LOF (novelty),28,1.0381736230586331,0.04173731419956083,0.0,0.2,0.2,0.037037037037037035,0.2,0.02040816326530612,0.36283185840707965,E2 앞쪽 부품 안 (pair_pos=0),공정 값 23,이상탐지,
LOF (novelty),29,0.9628293474952232,0.05832439358722212,0.0,0.25,0.5,0.06557377049180328,1.0,0.03389830508474576,0.5899122807017544,E2 앞쪽 부품 안 (pair_pos=0),공정 값 23,이상탐지,
LOF (novelty),30,0.9686237186770763,0.037151726268469104,0.0,0.0,0.2,0.08130081300813008,1.0,0.0423728813559322,0.3210526315789474,E2 앞쪽 부품 안 (pair_pos=0),공정 값 23,이상탐지,
LOF (novelty),31,0.954793124112089,0.041111868736065114,0.0,0.0,0.2,0.08130081300813008,1.0,0.0423728813559322,0.3769911504424779,E2 앞쪽 부품 안 (pair_pos=0),공정 값 23,이상탐지,
LOF (novelty),32,0.966124941765222,0.028995740077497584,0.0,0.0,0.0,0.06557377049180328,1.0,0.03389830508474576,0.3026315789473684,E2 앞쪽 부품 안 (pair_pos=0),공정 값 23,이상탐지,
LOF (novelty),33,0.9544938559667736,0.07426006964050441,0.25,0.25,0.25,0.06557377049180328,1.0,0.03389830508474576,0.6293859649122807,E2 앞쪽 부품 안 (pair_pos=0),공정 값 23,이상탐지,
LOF (novelty),34,0.9718720429914273,0.04552580188131668,0.0,0.0,0.2,0.08333333333333333,1.0,0.043478260869565216,0.44424778761061945,E2 앞쪽 부품 안 (pair_pos=0),공정 값 23,이상탐지,
LOF (novelty),35,0.9557142231003974,0.04379302678275221,0.0,0.0,0.4,0.08064516129032258,1.0,0.04201680672268908,0.412280701754386,E2 앞쪽 부품 안 (pair_pos=0),공정 값 23,이상탐지,
LOF (novelty),36,1.0269801339432498,0.03789233006868919,0.0,0.0,0.0,0.031746031746031744,0.2,0.017241379310344827,0.35752212389380533,E2 앞쪽 부품 안 (pair_pos=0),공정 값 23,이상탐지,
LOF (novelty),37,0.9838178051028235,0.03267103452771859,0.0,0.0,0.0,0.05309734513274336,0.75,0.027522935779816515,0.3442982456140351,E2 앞쪽 부품 안 (pair_pos=0),공정 값 23,이상탐지,
LOF (novelty),38,0.9555844995047,0.04929996280440694,0.0,0.2,0.2,0.08196721311475409,1.0,0.042735042735042736,0.47433628318584076,E2 앞쪽 부품 안 (pair_pos=0),공정 값 23,이상탐지,
LOF (novelty),39,0.9668573586298898,0.04058098057073467,0.0,0.25,0.25,0.06557377049180328,1.0,0.03389830508474576,0.3969298245614035,E2 앞쪽 부품 안 (pair_pos=0),공정 값 23,이상탐지,
LOF (novelty),40,1.0908963101731037,0.04873947132369767,0.0,0.0,0.2,0.0,0.0,0.0,0.4982456140350877,E2 앞쪽 부품 안 (pair_pos=0),공정 값 23,이상탐지,
LOF (novelty),41,0.9627627133097321,0.034269175846593225,0.0,0.0,0.0,0.06557377049180328,1.0,0.03389830508474576,0.4122807017543859,E2 앞쪽 부품 안 (pair_pos=0),공정 값 23,이상탐지,
LOF (novelty),42,0.9997627515234155,0.04397991565001948,0.0,0.2,0.2,0.07142857142857142,0.6,0.0379746835443038,0.38230088495575226,E2 앞쪽 부품 안 (pair_pos=0),공정 값 23,이상탐지,
LOF (novelty),43,0.9681300148623405,0.03728100793476096,0.0,0.0,0.2,0.06557377049180328,0.8,0.03418803418803419,0.3274336283185841,E2 앞쪽 부품 안 (pair_pos=0),공정 값 23,이상탐지,
LOF (novelty),44,0.9669862386612994,0.04393818846170332,0.0,0.25,0.5,0.06557377049180328,1.0,0.03389830508474576,0.45175438596491235,E2 앞쪽 부품 안 (pair_pos=0),공정 값 23,이상탐지,
LOF (novelty),45,0.9605426173407936,0.043019942464271876,0.0,0.0,0.0,0.08064516129032258,1.0,0.04201680672268908,0.4473684210526316,E2 앞쪽 부품 안 (pair_pos=0),공정 값 23,이상탐지,
LOF (novelty),46,0.9633265004720277,0.044273361175691625,0.0,0.0,0.25,0.06611570247933884,1.0,0.03418803418803419,0.5416666666666667,E2 앞쪽 부품 안 (pair_pos=0),공정 값 23,이상탐지,
LOF (novelty),47,0.9574300561693143,0.051249278699590624,0.0,0.25,0.25,0.06557377049180328,1.0,0.03389830508474576,0.5592105263157895,E2 앞쪽 부품 안 (pair_pos=0),공정 값 23,이상탐지,
LOF (novelty),48,1.0039031124167859,0.034782311154263786,0.0,0.0,0.2,0.0449438202247191,0.4,0.023809523809523808,0.2584070796460177,E2 앞쪽 부품 안 (pair_pos=0),공정 값 23,이상탐지,
LOF (novelty),49,1.0587378319603755,0.03815058104339792,0.0,0.0,0.2,0.0,0.0,0.0,0.32035398230088497,E2 앞쪽 부품 안 (pair_pos=0),공정 값 23,이상탐지,
One-Class SVM,0,-1.009266479119065,0.039133049520003516,0.0,0.0,0.2,0.0,0.0,0.0,0.3842105263157895,E2 앞쪽 부품 안 (pair_pos=0),공정 값 23,이상탐지,
One-Class SVM,1,-1.9612063821859134,0.056372549019607844,0.0,0.25,0.5,0.06976744186046512,0.75,0.036585365853658534,0.5460526315789475,E2 앞쪽 부품 안 (pair_pos=0),공정 값 23,이상탐지,
One-Class SVM,2,-2.0641256442800238,0.045259480438335095,0.0,0.25,0.25,0.05970149253731343,0.5,0.031746031746031744,0.4517543859649123,E2 앞쪽 부품 안 (pair_pos=0),공정 값 23,이상탐지,
One-Class SVM,3,-2.018649736153239,0.0524596824172646,0.0,0.2,0.2,0.0851063829787234,0.8,0.0449438202247191,0.4849557522123894,E2 앞쪽 부품 안 (pair_pos=0),공정 값 23,이상탐지,
One-Class SVM,4,-1.3483084927657503,0.03822821279997812,0.0,0.2,0.2,0.0,0.0,0.0,0.2442477876106195,E2 앞쪽 부품 안 (pair_pos=0),공정 값 23,이상탐지,
One-Class SVM,5,-1.1998876115084267,0.04943811006976994,0.2,0.2,0.2,0.0,0.0,0.0,0.35789473684210527,E2 앞쪽 부품 안 (pair_pos=0),공정 값 23,이상탐지,
One-Class SVM,6,-2.0098878272993295,0.08045967190704033,0.4,0.4,0.4,0.05263157894736842,0.4,0.028169014084507043,0.46194690265486726,E2 앞쪽 부품 안 (pair_pos=0),공정 값 23,이상탐지,
One-Class SVM,7,-1.0787321988674337,0.0378499627894301,0.0,0.0,0.0,0.0,0.0,0.0,0.352212389380531,E2 앞쪽 부품 안 (pair_pos=0),공정 값 23,이상탐지,
One-Class SVM,8,-1.8216798290162388,0.06002795962902345,0.25,0.25,0.25,0.08333333333333333,0.75,0.04411764705882353,0.5964912280701755,E2 앞쪽 부품 안 (pair_pos=0),공정 값 23,이상탐지,
One-Class SVM,9,-1.2415515497912535,0.03492318885810992,0.0,0.0,0.0,0.0,0.0,0.0,0.38596491228070173,E2 앞쪽 부품 안 (pair_pos=0),공정 값 23,이상탐지,
One-Class SVM,10,-2.1017597593115847,0.04518330409086711,0.0,0.2,0.2,0.09345794392523364,1.0,0.049019607843137254,0.43859649122807015,E2 앞쪽 부품 안 (pair_pos=0),공정 값 23,이상탐지,
One-Class SVM,11,-0.987602183364641,0.059288011941804726,0.25,0.25,0.25,0.0,0.0,0.0,0.44956140350877194,E2 앞쪽 부품 안 (pair_pos=0),공정 값 23,이상탐지,
One-Class SVM,12,-1.2021329909917642,0.0339264459289738,0.0,0.0,0.0,0.0,0.0,0.0,0.38377192982456143,E2 앞쪽 부품 안 (pair_pos=0),공정 값 23,이상탐지,
One-Class SVM,13,-1.6811149035135937,0.05996364878829634,0.2,0.2,0.2,0.05128205128205128,0.2,0.029411764705882353,0.2884955752212389,E2 앞쪽 부품 안 (pair_pos=0),공정 값 23,이상탐지,
One-Class SVM,14,-1.104813508221188,0.0550415228046807,0.0,0.2,0.2,0.0,0.0,0.0,0.4938053097345133,E2 앞쪽 부품 안 (pair_pos=0),공정 값 23,이상탐지,
One-Class SVM,15,-1.9514992435153444,0.09935813888304953,0.4,0.4,0.4,0.11764705882352941,1.0,0.0625,0.6789473684210525,E2 앞쪽 부품 안 (pair_pos=0),공정 값 23,이상탐지,
One-Class SVM,16,-1.2047137199552294,0.02330017877475112,0.0,0.0,0.0,0.0,0.0,0.0,0.10964912280701758,E2 앞쪽 부품 안 (pair_pos=0),공정 값 23,이상탐지,
One-Class SVM,17,-1.832605542374693,0.07578489805788492,0.2,0.2,0.4,0.08955223880597014,0.6,0.04838709677419355,0.5575221238938053,E2 앞쪽 부품 안 (pair_pos=0),공정 값 23,이상탐지,
One-Class SVM,18,-1.036499016218793,0.02870689517303816,0.0,0.0,0.0,0.0,0.0,0.0,0.15398230088495576,E2 앞쪽 부품 안 (pair_pos=0),공정 값 23,이상탐지,
One-Class SVM,19,-2.073106611781754,0.05324904351984696,0.0,0.25,0.25,0.09523809523809523,0.75,0.05084745762711865,0.5767543859649122,E2 앞쪽 부품 안 (pair_pos=0),공정 값 23,이상탐지,
One-Class SVM,20,-0.9717388027761988,0.04756539814476701,0.0,0.2,0.2,0.0,0.0,0.0,0.39824561403508774,E2 앞쪽 부품 안 (pair_pos=0),공정 값 23,이상탐지,
One-Class SVM,21,-1.1009014861005284,0.042126852122104055,0.0,0.0,0.0,0.0,0.0,0.0,0.40707964601769914,E2 앞쪽 부품 안 (pair_pos=0),공정 값 23,이상탐지,
One-Class SVM,22,-1.9127128429554694,0.05896491480854436,0.25,0.25,0.5,0.06060606060606061,0.5,0.03225806451612903,0.5175438596491229,E2 앞쪽 부품 안 (pair_pos=0),공정 값 23,이상탐지,
One-Class SVM,23,-1.022848665595039,0.02804306981124822,0.0,0.0,0.0,0.0,0.0,0.0,0.2675438596491228,E2 앞쪽 부품 안 (pair_pos=0),공정 값 23,이상탐지,
One-Class SVM,24,-1.8037799745421605,0.10648829168631149,0.4,0.4,0.6,0.08695652173913043,0.6,0.046875,0.6141592920353982,E2 앞쪽 부품 안 (pair_pos=0),공정 값 23,이상탐지,
One-Class SVM,25,-1.939582561300486,0.05445919462947327,0.2,0.2,0.2,0.08571428571428572,0.6,0.046153846153846156,0.44385964912280707,E2 앞쪽 부품 안 (pair_pos=0),공정 값 23,이상탐지,
One-Class SVM,26,-1.2130286561578292,0.029049589690402756,0.0,0.0,0.0,0.0,0.0,0.0,0.29605263157894735,E2 앞쪽 부품 안 (pair_pos=0),공정 값 23,이상탐지,
One-Class SVM,27,-1.0583893926468186,0.04205001061828097,0.0,0.2,0.2,0.0,0.0,0.0,0.3380530973451328,E2 앞쪽 부품 안 (pair_pos=0),공정 값 23,이상탐지,
One-Class SVM,28,-1.2117835439183655,0.05897255402649483,0.2,0.2,0.2,0.0,0.0,0.0,0.4761061946902655,E2 앞쪽 부품 안 (pair_pos=0),공정 값 23,이상탐지,
One-Class SVM,29,-1.859046047568259,0.0559048547276422,0.25,0.25,0.25,0.028985507246376812,0.25,0.015384615384615385,0.4824561403508772,E2 앞쪽 부품 안 (pair_pos=0),공정 값 23,이상탐지,
One-Class SVM,30,-1.037405890328716,0.03888383088212172,0.0,0.0,0.2,0.0,0.0,0.0,0.3649122807017544,E2 앞쪽 부품 안 (pair_pos=0),공정 값 23,이상탐지,
One-Class SVM,31,-1.1027364036686433,0.0652327161899936,0.0,0.4,0.4,0.0,0.0,0.0,0.4867256637168142,E2 앞쪽 부품 안 (pair_pos=0),공정 값 23,이상탐지,
One-Class SVM,32,-1.170749870425872,0.029929069765084616,0.0,0.0,0.0,0.0,0.0,0.0,0.3201754385964912,E2 앞쪽 부품 안 (pair_pos=0),공정 값 23,이상탐지,
One-Class SVM,33,-1.9132803308738315,0.062053070744938606,0.25,0.25,0.25,0.03225806451612903,0.25,0.017241379310344827,0.45394736842105265,E2 앞쪽 부품 안 (pair_pos=0),공정 값 23,이상탐지,
One-Class SVM,34,-1.00726662180841,0.04784235677351424,0.0,0.2,0.2,0.0,0.0,0.0,0.4424778761061947,E2 앞쪽 부품 안 (pair_pos=0),공정 값 23,이상탐지,
One-Class SVM,35,-1.8785486695086142,0.07024753213357957,0.2,0.2,0.4,0.1,0.6,0.05454545454545454,0.5789473684210527,E2 앞쪽 부품 안 (pair_pos=0),공정 값 23,이상탐지,
One-Class SVM,36,-1.761393249491793,0.0321210148841199,0.0,0.0,0.2,0.03225806451612903,0.2,0.017543859649122806,0.2176991150442478,E2 앞쪽 부품 안 (pair_pos=0),공정 값 23,이상탐지,
One-Class SVM,37,-2.085880650168693,0.051451991072557685,0.25,0.25,0.25,0.0449438202247191,0.5,0.023529411764705882,0.368421052631579,E2 앞쪽 부품 안 (pair_pos=0),공정 값 23,이상탐지,
One-Class SVM,38,-2.385206983600622,0.05763777839046656,0.2,0.2,0.4,0.08547008547008547,1.0,0.044642857142857144,0.5185840707964602,E2 앞쪽 부품 안 (pair_pos=0),공정 값 23,이상탐지,
One-Class SVM,39,-1.4016911909716887,0.05401079988344139,0.25,0.25,0.25,0.15384615384615385,0.25,0.1111111111111111,0.36403508771929827,E2 앞쪽 부품 안 (pair_pos=0),공정 값 23,이상탐지,
One-Class SVM,40,-1.014730758943361,0.05725015444878215,0.2,0.2,0.4,0.0,0.0,0.0,0.5105263157894737,E2 앞쪽 부품 안 (pair_pos=0),공정 값 23,이상탐지,
One-Class SVM,41,-1.1448932006830606,0.039169000933706816,0.0,0.0,0.0,0.0,0.0,0.0,0.47807017543859653,E2 앞쪽 부품 안 (pair_pos=0),공정 값 23,이상탐지,
One-Class SVM,42,-1.9527784493908942,0.06024953688569249,0.2,0.2,0.2,0.04395604395604396,0.4,0.023255813953488372,0.38761061946902653,E2 앞쪽 부품 안 (pair_pos=0),공정 값 23,이상탐지,
One-Class SVM,43,-0.9801825463434198,0.03310660803708444,0.0,0.0,0.2,0.0,0.0,0.0,0.2407079646017699,E2 앞쪽 부품 안 (pair_pos=0),공정 값 23,이상탐지,
One-Class SVM,44,-1.6403639272509511,0.12542553962045488,0.5,0.5,0.5,0.13333333333333333,0.5,0.07692307692307693,0.6052631578947368,E2 앞쪽 부품 안 (pair_pos=0),공정 값 23,이상탐지,
One-Class SVM,45,-1.1316774444157607,0.045558852538257574,0.0,0.0,0.0,0.0,0.0,0.0,0.4701754385964912,E2 앞쪽 부품 안 (pair_pos=0),공정 값 23,이상탐지,
One-Class SVM,46,-1.0393363229400359,0.05422513454701758,0.0,0.25,0.25,0.0,0.0,0.0,0.5570175438596492,E2 앞쪽 부품 안 (pair_pos=0),공정 값 23,이상탐지,
One-Class SVM,47,-1.904457560511009,0.05377560284173879,0.25,0.25,0.25,0.06896551724137931,0.5,0.037037037037037035,0.5131578947368421,E2 앞쪽 부품 안 (pair_pos=0),공정 값 23,이상탐지,
One-Class SVM,48,-1.5339493673330442,0.04016167220020449,0.0,0.2,0.2,0.058823529411764705,0.2,0.034482758620689655,0.2778761061946903,E2 앞쪽 부품 안 (pair_pos=0),공정 값 23,이상탐지,
One-Class SVM,49,-1.3527949658897906,0.04297855739797361,0.0,0.2,0.2,0.0,0.0,0.0,0.3026548672566372,E2 앞쪽 부품 안 (pair_pos=0),공정 값 23,이상탐지,
Elliptic Envelope,0,16.396604901397748,0.058649150305230165,0.0,0.4,0.4,0.07766990291262135,0.8,0.04081632653061224,0.5157894736842106,E2 앞쪽 부품 안 (pair_pos=0),공정 값 23,이상탐지,
Elliptic Envelope,1,17.57671956338744,0.04484407294871583,0.0,0.25,0.25,0.05504587155963303,0.75,0.02857142857142857,0.41885964912280704,E2 앞쪽 부품 안 (pair_pos=0),공정 값 23,이상탐지,
Elliptic Envelope,2,18.069938350995496,0.052672896226360705,0.0,0.25,0.5,0.0784313725490196,1.0,0.04081632653061224,0.5109649122807017,E2 앞쪽 부품 안 (pair_pos=0),공정 값 23,이상탐지,
Elliptic Envelope,3,18.59983379341724,0.04571528450412407,0.0,0.2,0.2,0.10101010101010101,1.0,0.05319148936170213,0.44424778761061945,E2 앞쪽 부품 안 (pair_pos=0),공정 값 23,이상탐지,
Elliptic Envelope,4,20.789381385141887,0.043478313880212616,0.0,0.0,0.2,0.05128205128205128,0.4,0.0273972602739726,0.4424778761061947,E2 앞쪽 부품 안 (pair_pos=0),공정 값 23,이상탐지,
Elliptic Envelope,5,17.177684173405268,0.05469864352226869,0.0,0.4,0.4,0.0761904761904762,0.8,0.04,0.4473684210526316,E2 앞쪽 부품 안 (pair_pos=0),공정 값 23,이상탐지,
Elliptic Envelope,6,16.882944468166674,0.0885441972250483,0.2,0.4,0.4,0.07547169811320754,0.8,0.039603960396039604,0.6176991150442478,E2 앞쪽 부품 안 (pair_pos=0),공정 값 23,이상탐지,
Elliptic Envelope,7,34.94737396282529,0.03314032787753589,0.0,0.0,0.0,0.0,0.0,0.0,0.25486725663716814,E2 앞쪽 부품 안 (pair_pos=0),공정 값 23,이상탐지,
Elliptic Envelope,8,17.99660142776208,0.05999729437229437,0.0,0.25,0.5,0.07766990291262135,1.0,0.04040404040404041,0.6293859649122807,E2 앞쪽 부품 안 (pair_pos=0),공정 값 23,이상탐지,
Elliptic Envelope,9,29.859720211166188,0.03636963876459675,0.0,0.25,0.25,0.0,0.0,0.0,0.39035087719298245,E2 앞쪽 부품 안 (pair_pos=0),공정 값 23,이상탐지,
Elliptic Envelope,10,20.43501742295026,0.04873851294903926,0.0,0.2,0.2,0.06593406593406594,0.6,0.03488372093023256,0.4473684210526315,E2 앞쪽 부품 안 (pair_pos=0),공정 값 23,이상탐지,
Elliptic Envelope,11,43.1763035341371,0.04173289682458137,0.0,0.25,0.25,0.0,0.0,0.0,0.4451754385964912,E2 앞쪽 부품 안 (pair_pos=0),공정 값 23,이상탐지,
Elliptic Envelope,12,17.965594626602154,0.0345623311338983,0.0,0.25,0.25,0.06382978723404255,0.75,0.03333333333333333,0.3442982456140351,E2 앞쪽 부품 안 (pair_pos=0),공정 값 23,이상탐지,
Elliptic Envelope,13,31.11083752511822,0.05609924897981104,0.2,0.2,0.2,0.09090909090909091,0.2,0.058823529411764705,0.45309734513274336,E2 앞쪽 부품 안 (pair_pos=0),공정 값 23,이상탐지,
Elliptic Envelope,14,13.386614905856936,0.05411868153849107,0.0,0.0,0.4,0.0847457627118644,1.0,0.04424778761061947,0.552212389380531,E2 앞쪽 부품 안 (pair_pos=0),공정 값 23,이상탐지,
Elliptic Envelope,15,18.17001368006159,0.06892882398500376,0.0,0.2,0.6,0.1,1.0,0.05263157894736842,0.5842105263157895,E2 앞쪽 부품 안 (pair_pos=0),공정 값 23,이상탐지,
Elliptic Envelope,16,28.449418391996648,0.028776358147205323,0.0,0.0,0.0,0.0,0.0,0.0,0.29605263157894735,E2 앞쪽 부품 안 (pair_pos=0),공정 값 23,이상탐지,
Elliptic Envelope,17,27.508220917009563,0.06832235701763703,0.2,0.2,0.2,0.05555555555555555,0.2,0.03225806451612903,0.5663716814159292,E2 앞쪽 부품 안 (pair_pos=0),공정 값 23,이상탐지,
Elliptic Envelope,18,38.25900075165667,0.03343669109051832,0.0,0.0,0.2,0.0,0.0,0.0,0.26371681415929205,E2 앞쪽 부품 안 (pair_pos=0),공정 값 23,이상탐지,
Elliptic Envelope,19,18.35665570716695,0.05507154882154882,0.0,0.25,0.5,0.08163265306122448,1.0,0.0425531914893617,0.6140350877192983,E2 앞쪽 부품 안 (pair_pos=0),공정 값 23,이상탐지,
Elliptic Envelope,20,26.672958351702004,0.0392615380790171,0.0,0.0,0.2,0.041666666666666664,0.2,0.023255813953488372,0.37192982456140355,E2 앞쪽 부품 안 (pair_pos=0),공정 값 23,이상탐지,
Elliptic Envelope,21,20.209815309693504,0.04837009066031299,0.0,0.2,0.2,0.06976744186046512,0.6,0.037037037037037035,0.46548672566371685,E2 앞쪽 부품 안 (pair_pos=0),공정 값 23,이상탐지,
Elliptic Envelope,22,29.33906028271848,0.04700610347258946,0.0,0.25,0.25,0.06896551724137931,0.25,0.04,0.5175438596491229,E2 앞쪽 부품 안 (pair_pos=0),공정 값 23,이상탐지,
Elliptic Envelope,23,27.157571539496445,0.0277617409903037,0.0,0.0,0.0,0.044444444444444446,0.25,0.024390243902439025,0.24780701754385967,E2 앞쪽 부품 안 (pair_pos=0),공정 값 23,이상탐지,
Elliptic Envelope,24,18.986613194523926,0.0908932810831545,0.4,0.4,0.4,0.10204081632653061,1.0,0.053763440860215055,0.6035398230088496,E2 앞쪽 부품 안 (pair_pos=0),공정 값 23,이상탐지,
Elliptic Envelope,25,15.840057402814246,0.06328423543330376,0.0,0.4,0.4,0.07272727272727272,0.8,0.0380952380952381,0.5421052631578948,E2 앞쪽 부품 안 (pair_pos=0),공정 값 23,이상탐지,
Elliptic Envelope,26,31.55410173760111,0.029227460214855172,0.0,0.0,0.0,0.0,0.0,0.0,0.30921052631578944,E2 앞쪽 부품 안 (pair_pos=0),공정 값 23,이상탐지,
Elliptic Envelope,27,19.590179049430255,0.038701583504215084,0.0,0.0,0.2,0.057692307692307696,0.6,0.030303030303030304,0.3398230088495575,E2 앞쪽 부품 안 (pair_pos=0),공정 값 23,이상탐지,
Elliptic Envelope,28,27.794962265140875,0.044341972469680996,0.0,0.2,0.2,0.05405405405405406,0.2,0.03125,0.4123893805309734,E2 앞쪽 부품 안 (pair_pos=0),공정 값 23,이상탐지,
Elliptic Envelope,29,13.691942265406205,0.06991995073891626,0.25,0.25,0.5,0.07079646017699115,1.0,0.03669724770642202,0.6600877192982456,E2 앞쪽 부품 안 (pair_pos=0),공정 값 23,이상탐지,
Elliptic Envelope,30,17.658876056201052,0.04413237181556545,0.0,0.0,0.4,0.0761904761904762,0.8,0.04,0.42807017543859655,E2 앞쪽 부품 안 (pair_pos=0),공정 값 23,이상탐지,
Elliptic Envelope,31,18.10300578449457,0.05790157451549857,0.0,0.4,0.4,0.08080808080808081,0.8,0.0425531914893617,0.49557522123893805,E2 앞쪽 부품 안 (pair_pos=0),공정 값 23,이상탐지,
Elliptic Envelope,32,25.468479751301903,0.02600679333834782,0.0,0.0,0.0,0.0,0.0,0.0,0.22149122807017546,E2 앞쪽 부품 안 (pair_pos=0),공정 값 23,이상탐지,
Elliptic Envelope,33,20.93486937474206,0.051514774710131925,0.25,0.25,0.25,0.05405405405405406,0.5,0.02857142857142857,0.4824561403508772,E2 앞쪽 부품 안 (pair_pos=0),공정 값 23,이상탐지,
Elliptic Envelope,34,35.14479923440951,0.05821499968957596,0.0,0.2,0.4,0.0,0.0,0.0,0.5769911504424778,E2 앞쪽 부품 안 (pair_pos=0),공정 값 23,이상탐지,
Elliptic Envelope,35,33.63046598710112,0.04413779287921164,0.0,0.2,0.2,0.08,0.2,0.05,0.42105263157894735,E2 앞쪽 부품 안 (pair_pos=0),공정 값 23,이상탐지,
Elliptic Envelope,36,26.461335214349624,0.039298261125847334,0.0,0.0,0.2,0.0425531914893617,0.2,0.023809523809523808,0.384070796460177,E2 앞쪽 부품 안 (pair_pos=0),공정 값 23,이상탐지,
Elliptic Envelope,37,19.39866085419131,0.052143061926605505,0.0,0.25,0.5,0.07692307692307693,0.75,0.04054054054054054,0.5372807017543859,E2 앞쪽 부품 안 (pair_pos=0),공정 값 23,이상탐지,
Elliptic Envelope,38,24.01868150487868,0.05878009648773769,0.2,0.2,0.4,0.07142857142857142,0.4,0.0392156862745098,0.49557522123893805,E2 앞쪽 부품 안 (pair_pos=0),공정 값 23,이상탐지,
Elliptic Envelope,39,29.122913186313504,0.04668879140710126,0.0,0.25,0.25,0.06896551724137931,0.25,0.04,0.4736842105263158,E2 앞쪽 부품 안 (pair_pos=0),공정 값 23,이상탐지,
Elliptic Envelope,40,37.05200434046166,0.06052133092859566,0.0,0.2,0.4,0.0,0.0,0.0,0.6035087719298246,E2 앞쪽 부품 안 (pair_pos=0),공정 값 23,이상탐지,
Elliptic Envelope,41,29.584365241547236,0.03607547495937759,0.0,0.0,0.25,0.0,0.0,0.0,0.4364035087719298,E2 앞쪽 부품 안 (pair_pos=0),공정 값 23,이상탐지,
Elliptic Envelope,42,25.823188561282155,0.06440172770757478,0.2,0.2,0.2,0.044444444444444446,0.2,0.025,0.3911504424778761,E2 앞쪽 부품 안 (pair_pos=0),공정 값 23,이상탐지,
Elliptic Envelope,43,30.85478878495963,0.03458082225452086,0.0,0.0,0.0,0.0,0.0,0.0,0.3008849557522124,E2 앞쪽 부품 안 (pair_pos=0),공정 값 23,이상탐지,
Elliptic Envelope,44,17.304098470527823,0.08945620589456205,0.0,0.75,0.75,0.07547169811320754,1.0,0.0392156862745098,0.736842105263158,E2 앞쪽 부품 안 (pair_pos=0),공정 값 23,이상탐지,
Elliptic Envelope,45,31.565341845014462,0.036567110462006114,0.0,0.0,0.0,0.0,0.0,0.0,0.3491228070175439,E2 앞쪽 부품 안 (pair_pos=0),공정 값 23,이상탐지,
Elliptic Envelope,46,17.444304952472784,0.07348440946541175,0.0,0.5,0.5,0.08247422680412371,1.0,0.043010752688172046,0.6951754385964912,E2 앞쪽 부품 안 (pair_pos=0),공정 값 23,이상탐지,
Elliptic Envelope,47,20.85392535827863,0.06283070059024756,0.25,0.25,0.5,0.07407407407407407,0.75,0.03896103896103896,0.5723684210526316,E2 앞쪽 부품 안 (pair_pos=0),공정 값 23,이상탐지,
Elliptic Envelope,48,24.96172517669458,0.044508286141886816,0.0,0.2,0.2,0.03278688524590164,0.2,0.017857142857142856,0.3592920353982301,E2 앞쪽 부품 안 (pair_pos=0),공정 값 23,이상탐지,
Elliptic Envelope,49,17.52470164605967,0.04786958546549339,0.0,0.2,0.4,0.058823529411764705,0.6,0.030927835051546393,0.41592920353982304,E2 앞쪽 부품 안 (pair_pos=0),공정 값 23,이상탐지,
"순위 평균 앙상블 (5종, 사전 고정)",0,0.8254237288135593,0.03745555037345434,0.0,0.0,0.2,0.0,0.0,0.0,0.32456140350877194,E2 앞쪽 부품 안 (pair_pos=0),공정 값 23,앙상블,
"순위 평균 앙상블 (5종, 사전 고정)",1,0.6004228329809724,0.04217140783086067,0.0,0.25,0.25,0.05,0.25,0.027777777777777776,0.35964912280701755,E2 앞쪽 부품 안 (pair_pos=0),공정 값 23,앙상블,
"순위 평균 앙상블 (5종, 사전 고정)",2,0.5306553911205073,0.0551059295276585,0.0,0.25,0.5,0.06557377049180328,0.5,0.03508771929824561,0.5350877192982456,E2 앞쪽 부품 안 (pair_pos=0),공정 값 23,앙상블,
"순위 평균 앙상블 (5종, 사전 고정)",3,0.7331923890063425,0.057662949575875734,0.0,0.2,0.4,0.0,0.0,0.0,0.5469026548672566,E2 앞쪽 부품 안 (pair_pos=0),공정 값 23,앙상블,
"순위 평균 앙상블 (5종, 사전 고정)",4,0.8630021141649049,0.06801381306402828,0.0,0.2,0.6,0.0,0.0,0.0,0.6176991150442478,E2 앞쪽 부품 안 (pair_pos=0),공정 값 23,앙상블,
"순위 평균 앙상블 (5종, 사전 고정)",5,0.6813559322033897,0.09173373610961269,0.2,0.4,0.6,0.13636363636363635,0.6,0.07692307692307693,0.6228070175438596,E2 앞쪽 부품 안 (pair_pos=0),공정 값 23,앙상블,
"순위 평균 앙상블 (5종, 사전 고정)",6,0.5437632135306554,0.06973987824267272,0.2,0.2,0.2,0.031746031746031744,0.2,0.017241379310344827,0.3646017699115044,E2 앞쪽 부품 안 (pair_pos=0),공정 값 23,앙상블,
"순위 평균 앙상블 (5종, 사전 고정)",7,0.7251585623678648,0.04184078466115079,0.0,0.2,0.2,0.07142857142857142,0.2,0.043478260869565216,0.39469026548672564,E2 앞쪽 부품 안 (pair_pos=0),공정 값 23,앙상블,
"순위 평균 앙상블 (5종, 사전 고정)",8,0.9708245243128963,0.09639249639249639,0.0,0.75,0.75,0.0,0.0,0.0,0.7785087719298246,E2 앞쪽 부품 안 (pair_pos=0),공정 값 23,앙상블,
"순위 평균 앙상블 (5종, 사전 고정)",9,0.5805496828752643,0.042309843485604716,0.0,0.0,0.5,0.0784313725490196,0.5,0.0425531914893617,0.44298245614035087,E2 앞쪽 부품 안 (pair_pos=0),공정 값 23,앙상블,
"순위 평균 앙상블 (5종, 사전 고정)",10,0.5847457627118644,0.03743581494802779,0.0,0.0,0.0,0.03636363636363636,0.2,0.02,0.34912280701754383,E2 앞쪽 부품 안 (pair_pos=0),공정 값 23,앙상블,
"순위 평균 앙상블 (5종, 사전 고정)",11,0.10190274841437633,0.05693020173065795,0.25,0.25,0.25,0.06666666666666667,1.0,0.034482758620689655,0.5767543859649122,E2 앞쪽 부품 안 (pair_pos=0),공정 값 23,앙상블,
"순위 평균 앙상블 (5종, 사전 고정)",12,0.707399577167019,0.04531440781440782,0.0,0.25,0.25,0.05128205128205128,0.25,0.02857142857142857,0.4342105263157895,E2 앞쪽 부품 안 (pair_pos=0),공정 값 23,앙상블,
"순위 평균 앙상블 (5종, 사전 고정)",13,0.052854122621564484,0.0852857142857143,0.2,0.2,0.6,0.08130081300813008,1.0,0.0423728813559322,0.7097345132743362,E2 앞쪽 부품 안 (pair_pos=0),공정 값 23,앙상블,
"순위 평균 앙상블 (5종, 사전 고정)",14,0.826215644820296,0.05082508000737558,0.0,0.0,0.2,0.0,0.0,0.0,0.5221238938053097,E2 앞쪽 부품 안 (pair_pos=0),공정 값 23,앙상블,
"순위 평균 앙상블 (5종, 사전 고정)",15,0.05127118644067796,0.0519235921423289,0.0,0.2,0.2,0.08064516129032258,1.0,0.04201680672268908,0.5210526315789474,E2 앞쪽 부품 안 (pair_pos=0),공정 값 23,앙상블,
"순위 평균 앙상블 (5종, 사전 고정)",16,0.4790697674418604,0.042249451154963716,0.0,0.0,0.25,0.07692307692307693,0.75,0.04054054054054054,0.5153508771929824,E2 앞쪽 부품 안 (pair_pos=0),공정 값 23,앙상블,
"순위 평균 앙상블 (5종, 사전 고정)",17,0.06427061310782242,0.07499186423300218,0.0,0.4,0.6,0.08130081300813008,1.0,0.0423728813559322,0.6442477876106195,E2 앞쪽 부품 안 (pair_pos=0),공정 값 23,앙상블,
"순위 평균 앙상블 (5종, 사전 고정)",18,0.1699788583509514,0.25230522088353413,0.2,0.2,0.6,0.08333333333333333,1.0,0.043478260869565216,0.5858407079646017,E2 앞쪽 부품 안 (pair_pos=0),공정 값 23,앙상블,
"순위 평균 앙상블 (5종, 사전 고정)",19,0.7141649048625792,0.03870353697034369,0.0,0.25,0.25,0.0,0.0,0.0,0.44956140350877194,E2 앞쪽 부품 안 (pair_pos=0),공정 값 23,앙상블,
"순위 평균 앙상블 (5종, 사전 고정)",20,0.5283898305084745,0.044463804143011716,0.0,0.0,0.2,0.0821917808219178,0.6,0.04411764705882353,0.45964912280701753,E2 앞쪽 부품 안 (pair_pos=0),공정 값 23,앙상블,
"순위 평균 앙상블 (5종, 사전 고정)",21,0.6160676532769556,0.042397294035472405,0.0,0.0,0.2,0.09302325581395349,0.4,0.05263157894736842,0.4194690265486726,E2 앞쪽 부품 안 (pair_pos=0),공정 값 23,앙상블,
"순위 평균 앙상블 (5종, 사전 고정)",22,0.052854122621564484,0.05860232762406675,0.0,0.0,0.5,0.06557377049180328,1.0,0.03389830508474576,0.6644736842105263,E2 앞쪽 부품 안 (pair_pos=0),공정 값 23,앙상블,
"순위 평균 앙상블 (5종, 사전 고정)",23,0.5560253699788584,0.14724457499686858,0.25,0.25,0.25,0.0392156862745098,0.25,0.02127659574468085,0.3618421052631579,E2 앞쪽 부품 안 (pair_pos=0),공정 값 23,앙상블,
"순위 평균 앙상블 (5종, 사전 고정)",24,0.5162790697674418,0.037012215928547136,0.0,0.0,0.2,0.05405405405405406,0.4,0.028985507246376812,0.31504424778761064,E2 앞쪽 부품 안 (pair_pos=0),공정 값 23,앙상블,
"순위 평균 앙상블 (5종, 사전 고정)",25,0.9194915254237287,0.06080626546099692,0.0,0.2,0.6,0.0,0.0,0.0,0.5631578947368421,E2 앞쪽 부품 안 (pair_pos=0),공정 값 23,앙상블,
"순위 평균 앙상블 (5종, 사전 고정)",26,0.13995771670190277,0.0422643332990481,0.0,0.0,0.0,0.07079646017699115,1.0,0.03669724770642202,0.5241228070175439,E2 앞쪽 부품 안 (pair_pos=0),공정 값 23,앙상블,
"순위 평균 앙상블 (5종, 사전 고정)",27,0.09471458773784355,0.05595474100146997,0.0,0.2,0.4,0.08130081300813008,1.0,0.0423728813559322,0.5097345132743363,E2 앞쪽 부품 안 (pair_pos=0),공정 값 23,앙상블,
"순위 평균 앙상블 (5종, 사전 고정)",28,0.6947145877378437,0.08536453533950406,0.2,0.4,0.4,0.1,0.4,0.05714285714285714,0.5699115044247788,E2 앞쪽 부품 안 (pair_pos=0),공정 값 23,앙상블,
"순위 평균 앙상블 (5종, 사전 고정)",29,0.06976744186046512,0.04707718860695438,0.0,0.0,0.25,0.06557377049180328,1.0,0.03389830508474576,0.5789473684210527,E2 앞쪽 부품 안 (pair_pos=0),공정 값 23,앙상블,
"순위 평균 앙상블 (5종, 사전 고정)",30,0.5127118644067796,0.044345089360081864,0.0,0.0,0.0,0.09523809523809523,0.6,0.05172413793103448,0.44561403508771935,E2 앞쪽 부품 안 (pair_pos=0),공정 값 23,앙상블,
"순위 평균 앙상블 (5종, 사전 고정)",31,0.09513742071881606,0.0736198864961208,0.0,0.4,0.6,0.08130081300813008,1.0,0.0423728813559322,0.5929203539823009,E2 앞쪽 부품 안 (pair_pos=0),공정 값 23,앙상블,
"순위 평균 앙상블 (5종, 사전 고정)",32,0.6076109936575053,0.070762891351789,0.25,0.25,0.5,0.08695652173913043,0.5,0.047619047619047616,0.5241228070175439,E2 앞쪽 부품 안 (pair_pos=0),공정 값 23,앙상블,
"순위 평균 앙상블 (5종, 사전 고정)",33,0.8841437632135307,0.049614153961980045,0.0,0.25,0.25,0.0,0.0,0.0,0.5153508771929824,E2 앞쪽 부품 안 (pair_pos=0),공정 값 23,앙상블,
"순위 평균 앙상블 (5종, 사전 고정)",34,0.028752642706131076,0.05370344153436478,0.2,0.2,0.2,0.08130081300813008,1.0,0.0423728813559322,0.48318584070796455,E2 앞쪽 부품 안 (pair_pos=0),공정 값 23,앙상블,
"순위 평균 앙상블 (5종, 사전 고정)",35,0.8741525423728813,0.04633142571223066,0.0,0.0,0.2,0.0,0.0,0.0,0.4771929824561404,E2 앞쪽 부품 안 (pair_pos=0),공정 값 23,앙상블,
"순위 평균 앙상블 (5종, 사전 고정)",36,0.48202959830866804,0.052294300609453,0.0,0.2,0.4,0.08450704225352113,0.6,0.045454545454545456,0.4690265486725663,E2 앞쪽 부품 안 (pair_pos=0),공정 값 23,앙상블,
"순위 평균 앙상블 (5종, 사전 고정)",37,0.6012684989429176,0.02848307782489441,0.0,0.0,0.0,0.0,0.0,0.0,0.2850877192982456,E2 앞쪽 부품 안 (pair_pos=0),공정 값 23,앙상블,
"순위 평균 앙상블 (5종, 사전 고정)",38,0.7568710359408033,0.0436360534441822,0.0,0.2,0.2,0.0,0.0,0.0,0.4300884955752212,E2 앞쪽 부품 안 (pair_pos=0),공정 값 23,앙상블,
"순위 평균 앙상블 (5종, 사전 고정)",39,0.6638477801268499,0.061966991341991344,0.0,0.25,0.5,0.0784313725490196,0.5,0.0425531914893617,0.6578947368421053,E2 앞쪽 부품 안 (pair_pos=0),공정 값 23,앙상블,
"순위 평균 앙상블 (5종, 사전 고정)",40,0.7694915254237288,0.0541383022995659,0.0,0.2,0.4,0.08695652173913043,0.2,0.05555555555555555,0.5105263157894737,E2 앞쪽 부품 안 (pair_pos=0),공정 값 23,앙상블,
"순위 평균 앙상블 (5종, 사전 고정)",41,0.9433403805496828,0.03242787016629934,0.0,0.0,0.25,0.0,0.0,0.0,0.3355263157894737,E2 앞쪽 부품 안 (pair_pos=0),공정 값 23,앙상블,
"순위 평균 앙상블 (5종, 사전 고정)",42,0.14460887949260043,0.0427837604598998,0.0,0.0,0.2,0.0847457627118644,1.0,0.04424778761061947,0.4407079646017699,E2 앞쪽 부품 안 (pair_pos=0),공정 값 23,앙상블,
"순위 평균 앙상블 (5종, 사전 고정)",43,0.7598308668076109,0.0902873563218391,0.2,0.2,0.4,0.08,0.2,0.05,0.6141592920353982,E2 앞쪽 부품 안 (pair_pos=0),공정 값 23,앙상블,
"순위 평균 앙상블 (5종, 사전 고정)",44,0.5733615221987315,0.03819945409516882,0.0,0.25,0.25,0.03333333333333333,0.25,0.017857142857142856,0.42324561403508776,E2 앞쪽 부품 안 (pair_pos=0),공정 값 23,앙상블,
"순위 평균 앙상블 (5종, 사전 고정)",45,0.40508474576271186,0.0855807080425077,0.2,0.6,0.6,0.075,0.6,0.04,0.5842105263157894,E2 앞쪽 부품 안 (pair_pos=0),공정 값 23,앙상블,
"순위 평균 앙상블 (5종, 사전 고정)",46,0.5200845665961945,0.03571310304238583,0.0,0.0,0.0,0.06153846153846154,0.5,0.03278688524590164,0.4232456140350877,E2 앞쪽 부품 안 (pair_pos=0),공정 값 23,앙상블,
"순위 평균 앙상블 (5종, 사전 고정)",47,0.6854122621564482,0.035923011510772894,0.0,0.0,0.0,0.0,0.0,0.0,0.43640350877192985,E2 앞쪽 부품 안 (pair_pos=0),공정 값 23,앙상블,
"순위 평균 앙상블 (5종, 사전 고정)",48,0.056659619450317125,0.0808977688977689,0.0,0.4,0.4,0.08130081300813008,1.0,0.0423728813559322,0.6353982300884956,E2 앞쪽 부품 안 (pair_pos=0),공정 값 23,앙상블,
"순위 평균 앙상블 (5종, 사전 고정)",49,0.8646934460887948,0.08330848424420896,0.2,0.4,0.4,0.11764705882352941,0.2,0.08333333333333333,0.5309734513274336,E2 앞쪽 부품 안 (pair_pos=0),공정 값 23,앙상블,
부스팅 튜닝 3종 평균 (사후 선택),0,0.9173728813559322,0.03299298893559492,0.0,0.0,0.0,0.0,0.0,0.0,0.2754385964912281,E2 앞쪽 부품 안 (pair_pos=0),공정 값 23,앙상블,
부스팅 튜닝 3종 평균 (사후 선택),1,0.9386892177589852,0.036638873851868474,0.0,0.25,0.25,0.0,0.0,0.0,0.4013157894736842,E2 앞쪽 부품 안 (pair_pos=0),공정 값 23,앙상블,
부스팅 튜닝 3종 평균 (사후 선택),2,0.5341789992952783,0.15040137855671837,0.5,0.5,0.5,0.08333333333333333,0.5,0.045454545454545456,0.6271929824561404,E2 앞쪽 부품 안 (pair_pos=0),공정 값 23,앙상블,
부스팅 튜닝 3종 평균 (사후 선택),3,0.7441860465116279,0.04775513270442276,0.0,0.0,0.4,0.0,0.0,0.0,0.4513274336283186,E2 앞쪽 부품 안 (pair_pos=0),공정 값 23,앙상블,
부스팅 튜닝 3종 평균 (사후 선택),4,0.7082452431289642,0.08049822665711082,0.2,0.2,0.4,0.06451612903225806,0.4,0.03508771929824561,0.5628318584070797,E2 앞쪽 부품 안 (pair_pos=0),공정 값 23,앙상블,
부스팅 튜닝 3종 평균 (사후 선택),5,0.8396892655367232,0.08013739545997611,0.2,0.2,0.6,0.0,0.0,0.0,0.6368421052631579,E2 앞쪽 부품 안 (pair_pos=0),공정 값 23,앙상블,
부스팅 튜닝 3종 평균 (사후 선택),6,0.5264270613107822,0.12893237325711354,0.2,0.2,0.2,0.029850746268656716,0.2,0.016129032258064516,0.3557522123893806,E2 앞쪽 부품 안 (pair_pos=0),공정 값 23,앙상블,
부스팅 튜닝 3종 평균 (사후 선택),7,0.2360817477096547,0.048822814727695826,0.0,0.0,0.2,0.08264462809917356,1.0,0.04310344827586207,0.4902654867256637,E2 앞쪽 부품 안 (pair_pos=0),공정 값 23,앙상블,
부스팅 튜닝 3종 평균 (사후 선택),8,0.9288231148696265,0.09350404497463322,0.25,0.5,0.75,0.0,0.0,0.0,0.7478070175438597,E2 앞쪽 부품 안 (pair_pos=0),공정 값 23,앙상블,
부스팅 튜닝 3종 평균 (사후 선택),9,0.9894291754756871,0.04725843807486913,0.0,0.25,0.5,0.0,0.0,0.0,0.5109649122807017,E2 앞쪽 부품 안 (pair_pos=0),공정 값 23,앙상블,
부스팅 튜닝 3종 평균 (사후 선택),10,0.7641242937853107,0.03549950392981084,0.0,0.0,0.0,0.0,0.0,0.0,0.3192982456140351,E2 앞쪽 부품 안 (pair_pos=0),공정 값 23,앙상블,
부스팅 튜닝 3종 평균 (사후 선택),11,0.40944326990838614,0.08715328102353942,0.5,0.5,0.5,0.05333333333333334,0.5,0.028169014084507043,0.5175438596491228,E2 앞쪽 부품 안 (pair_pos=0),공정 값 23,앙상블,
부스팅 튜닝 3종 평균 (사후 선택),12,0.13671599718111346,0.15738393896288633,0.25,0.25,0.25,0.06557377049180328,1.0,0.03389830508474576,0.5307017543859649,E2 앞쪽 부품 안 (pair_pos=0),공정 값 23,앙상블,
부스팅 튜닝 3종 평균 (사후 선택),13,0.1226215644820296,0.19381748519679554,0.6,0.8,0.8,0.08130081300813008,1.0,0.0423728813559322,0.7964601769911505,E2 앞쪽 부품 안 (pair_pos=0),공정 값 23,앙상블,
부스팅 튜닝 3종 평균 (사후 선택),14,0.4460887949260042,0.0530345471521942,0.0,0.2,0.4,0.08130081300813008,1.0,0.0423728813559322,0.5274336283185841,E2 앞쪽 부품 안 (pair_pos=0),공정 값 23,앙상블,
부스팅 튜닝 3종 평균 (사후 선택),15,0.8975988700564973,0.052807977929651986,0.0,0.0,0.2,0.0,0.0,0.0,0.543859649122807,E2 앞쪽 부품 안 (pair_pos=0),공정 값 23,앙상블,
부스팅 튜닝 3종 평균 (사후 선택),16,0.8414376321353066,0.06176046176046176,0.25,0.25,0.25,0.043478260869565216,0.25,0.023809523809523808,0.5679824561403508,E2 앞쪽 부품 안 (pair_pos=0),공정 값 23,앙상블,
부스팅 튜닝 3종 평균 (사후 선택),17,0.7343199436222693,0.09109252345544036,0.2,0.4,0.4,0.1,0.8,0.05333333333333334,0.6283185840707965,E2 앞쪽 부품 안 (pair_pos=0),공정 값 23,앙상블,
부스팅 튜닝 3종 평균 (사후 선택),18,0.21212121212121213,0.0982112332112332,0.2,0.6,0.6,0.10416666666666667,1.0,0.054945054945054944,0.6548672566371682,E2 앞쪽 부품 안 (pair_pos=0),공정 값 23,앙상블,
부스팅 튜닝 3종 평균 (사후 선택),19,0.8054968287526427,0.03758040739748057,0.0,0.25,0.25,0.0,0.0,0.0,0.3969298245614035,E2 앞쪽 부품 안 (pair_pos=0),공정 값 23,앙상블,
부스팅 튜닝 3종 평균 (사후 선택),20,0.3425141242937853,0.07402472956596667,0.2,0.2,0.4,0.08,0.8,0.042105263157894736,0.5140350877192983,E2 앞쪽 부품 안 (pair_pos=0),공정 값 23,앙상블,
부스팅 튜닝 3종 평균 (사후 선택),21,0.6427061310782242,0.053494393175693114,0.0,0.2,0.4,0.09090909090909091,0.2,0.058823529411764705,0.49557522123893805,E2 앞쪽 부품 안 (pair_pos=0),공정 값 23,앙상블,
부스팅 튜닝 3종 평균 (사후 선택),22,0.3269908386187456,0.05562770562770564,0.0,0.25,0.5,0.06611570247933884,1.0,0.03418803418803419,0.5635964912280702,E2 앞쪽 부품 안 (pair_pos=0),공정 값 23,앙상블,
부스팅 튜닝 3종 평균 (사후 선택),23,0.4312896405919662,0.27613571167788037,0.25,0.25,0.25,0.037037037037037035,0.25,0.02,0.4627192982456141,E2 앞쪽 부품 안 (pair_pos=0),공정 값 23,앙상블,
부스팅 튜닝 3종 평균 (사후 선택),24,0.6208597603946441,0.05291784181790027,0.2,0.2,0.2,0.07476635514018691,0.8,0.0392156862745098,0.3769911504424779,E2 앞쪽 부품 안 (pair_pos=0),공정 값 23,앙상블,
부스팅 튜닝 3종 평균 (사후 선택),25,0.8997175141242938,0.05426383899788155,0.0,0.0,0.4,0.0,0.0,0.0,0.5526315789473685,E2 앞쪽 부품 안 (pair_pos=0),공정 값 23,앙상블,
부스팅 튜닝 3종 평균 (사후 선택),26,0.24383368569415084,0.08321899381221415,0.25,0.25,0.5,0.1111111111111111,1.0,0.058823529411764705,0.699561403508772,E2 앞쪽 부품 안 (pair_pos=0),공정 값 23,앙상블,
부스팅 튜닝 3종 평균 (사후 선택),27,0.20155038759689922,0.06680350935456454,0.2,0.2,0.4,0.10810810810810811,0.8,0.057971014492753624,0.4849557522123894,E2 앞쪽 부품 안 (pair_pos=0),공정 값 23,앙상블,
부스팅 튜닝 3종 평균 (사후 선택),28,0.9556025369978859,0.16345216874628637,0.4,0.6,0.6,0.0,0.0,0.0,0.6424778761061947,E2 앞쪽 부품 안 (pair_pos=0),공정 값 23,앙상블,
부스팅 튜닝 3종 평균 (사후 선택),29,0.15644820295983086,0.05052863156826943,0.0,0.0,0.5,0.06557377049180328,1.0,0.03389830508474576,0.5767543859649122,E2 앞쪽 부품 안 (pair_pos=0),공정 값 23,앙상블,
부스팅 튜닝 3종 평균 (사후 선택),30,0.690677966101695,0.04304608182515159,0.0,0.0,0.2,0.0,0.0,0.0,0.43508771929824563,E2 앞쪽 부품 안 (pair_pos=0),공정 값 23,앙상블,
부스팅 튜닝 3종 평균 (사후 선택),31,0.4728682170542635,0.09371646741913221,0.2,0.4,0.6,0.15384615384615385,0.4,0.09523809523809523,0.6336283185840708,E2 앞쪽 부품 안 (pair_pos=0),공정 값 23,앙상블,
부스팅 튜닝 3종 평균 (사후 선택),32,0.8315715292459478,0.1351137307852098,0.25,0.5,0.5,0.18181818181818182,0.25,0.14285714285714285,0.6074561403508772,E2 앞쪽 부품 안 (pair_pos=0),공정 값 23,앙상블,
부스팅 튜닝 3종 평균 (사후 선택),33,0.671599718111346,0.06280254897511535,0.0,0.5,0.5,0.06557377049180328,0.5,0.03508771929824561,0.4692982456140351,E2 앞쪽 부품 안 (pair_pos=0),공정 값 23,앙상블,
부스팅 튜닝 3종 평균 (사후 선택),34,0.8604651162790699,0.06062644232486693,0.0,0.2,0.2,0.0,0.0,0.0,0.5734513274336284,E2 앞쪽 부품 안 (pair_pos=0),공정 값 23,앙상블,
부스팅 튜닝 3종 평균 (사후 선택),35,0.778954802259887,0.0529821393865378,0.0,0.0,0.0,0.11538461538461539,0.6,0.06382978723404255,0.5526315789473684,E2 앞쪽 부품 안 (pair_pos=0),공정 값 23,앙상블,
부스팅 튜닝 3종 평균 (사후 선택),36,0.6807610993657504,0.042719066253506896,0.0,0.2,0.2,0.06779661016949153,0.4,0.037037037037037035,0.41238938053097346,E2 앞쪽 부품 안 (pair_pos=0),공정 값 23,앙상블,
부스팅 튜닝 3종 평균 (사후 선택),37,0.8026779422128261,0.03816409767466497,0.0,0.0,0.0,0.0,0.0,0.0,0.4758771929824561,E2 앞쪽 부품 안 (pair_pos=0),공정 값 23,앙상블,
부스팅 튜닝 3종 평균 (사후 선택),38,0.8273431994362227,0.14106490454316542,0.2,0.2,0.2,0.07142857142857142,0.2,0.043478260869565216,0.5504424778761062,E2 앞쪽 부품 안 (pair_pos=0),공정 값 23,앙상블,
부스팅 튜닝 3종 평균 (사후 선택),39,0.3854827343199436,0.1453296703296703,0.25,0.75,0.75,0.07142857142857142,1.0,0.037037037037037035,0.7105263157894737,E2 앞쪽 부품 안 (pair_pos=0),공정 값 23,앙상블,
부스팅 튜닝 3종 평균 (사후 선택),40,0.8608757062146893,0.06371726683788395,0.0,0.2,0.4,0.0,0.0,0.0,0.5964912280701754,E2 앞쪽 부품 안 (pair_pos=0),공정 값 23,앙상블,
부스팅 튜닝 3종 평균 (사후 선택),41,0.9238900634249472,0.036081374867660616,0.0,0.25,0.25,0.0,0.0,0.0,0.3442982456140351,E2 앞쪽 부품 안 (pair_pos=0),공정 값 23,앙상블,
부스팅 튜닝 3종 평균 (사후 선택),42,0.43974630021141653,0.043862187508850126,0.0,0.2,0.2,0.08196721311475409,1.0,0.042735042735042736,0.43539823008849554,E2 앞쪽 부품 안 (pair_pos=0),공정 값 23,앙상블,
부스팅 튜닝 3종 평균 (사후 선택),43,0.24031007751937983,0.2535785071097162,0.2,0.2,0.6,0.08130081300813008,1.0,0.0423728813559322,0.6212389380530974,E2 앞쪽 부품 안 (pair_pos=0),공정 값 23,앙상블,
부스팅 튜닝 3종 평균 (사후 선택),44,0.39393939393939387,0.08842165898617511,0.25,0.25,0.25,0.05063291139240506,0.5,0.02666666666666667,0.4473684210526316,E2 앞쪽 부품 안 (pair_pos=0),공정 값 23,앙상블,
부스팅 튜닝 3종 평균 (사후 선택),45,0.49646892655367236,0.12007110290129158,0.4,0.4,0.4,0.16216216216216217,0.6,0.09375,0.5877192982456141,E2 앞쪽 부품 안 (pair_pos=0),공정 값 23,앙상블,
부스팅 튜닝 3종 평균 (사후 선택),46,0.7780126849894291,0.030428124006891127,0.0,0.0,0.0,0.0,0.0,0.0,0.3289473684210526,E2 앞쪽 부품 안 (pair_pos=0),공정 값 23,앙상블,
부스팅 튜닝 3종 평균 (사후 선택),47,0.8238195912614518,0.04264164476025885,0.0,0.25,0.25,0.0,0.0,0.0,0.5087719298245614,E2 앞쪽 부품 안 (pair_pos=0),공정 값 23,앙상블,
부스팅 튜닝 3종 평균 (사후 선택),48,0.6737138830162087,0.08429782777608864,0.2,0.4,0.6,0.1111111111111111,0.6,0.061224489795918366,0.6088495575221239,E2 앞쪽 부품 안 (pair_pos=0),공정 값 23,앙상블,
부스팅 튜닝 3종 평균 (사후 선택),49,0.5835095137420719,0.24133580705009278,0.2,0.2,0.4,0.07017543859649122,0.8,0.03669724770642202,0.5203539823008849,E2 앞쪽 부품 안 (pair_pos=0),공정 값 23,앙상블,
