dt,y,fold,H1|기준: 직전 1시간,H24|기준: 전날 같은 시각,H24|기준: 전주 같은 시각,H24|기준: 최근 7일 같은 시각 평균,H1|LightGBM (달력),H1|LightGBM (달력)|q90,H1|LightGBM (달력+계획),H1|LightGBM (달력+계획)|q90,H24|LightGBM (달력),H24|LightGBM (달력)|q90,H24|LightGBM (달력+계획),H24|LightGBM (달력+계획)|q90
2021-04-01 00:00:00,26,4,26.0,26.0,74.0,50.0,67.9630437656386,10.151121661217935,69.13766231961279,11.282567539250826,58.22513779809721,32.05867561946664,56.08266563674467,30.327999662151434
2021-04-01 01:00:00,21,4,26.0,22.0,128.0,77.14285714285714,42.20435458218753,10.151121661217935,48.58709997717427,11.282567539250826,101.46273298098853,32.05867561946664,95.75542643700044,30.327999662151434
2021-04-01 02:00:00,21,4,21.0,22.0,126.0,77.28571428571429,35.10078836177013,10.151121661217935,39.90507091973926,11.282567539250826,102.03201513246293,32.05867561946664,101.60745801324107,30.327999662151434
2021-04-01 03:00:00,26,4,21.0,24.0,128.0,77.85714285714286,36.60106724266152,10.151121661217935,38.67690675620933,11.282567539250826,100.56900283712167,32.05867561946664,87.62583487893924,30.327999662151434
2021-04-01 04:00:00,21,4,26.0,26.0,122.0,77.14285714285714,39.06074114087512,10.151121661217935,37.48565188755468,11.282567539250826,101.60893406651289,32.05867561946664,82.04240940277313,30.327999662151434
2021-04-01 05:00:00,21,4,21.0,22.0,114.0,72.0,34.279561848022844,10.151121661217935,34.61325588397388,11.282567539250826,97.24589509550867,32.05867561946664,98.19882522081986,30.327999662151434
2021-04-01 06:00:00,25,4,21.0,22.0,122.0,76.71428571428571,37.28877721604859,10.151121661217935,39.438920909727365,11.282567539250826,102.00288791772665,32.05867561946664,104.25234587313702,30.327999662151434
2021-04-01 07:00:00,97,4,25.0,26.0,152.0,89.28571428571429,49.57237408448623,10.151121661217935,51.77631420612579,11.282567539250826,122.84648140124547,32.05867561946664,126.99836809513397,30.327999662151434
2021-04-01 08:00:00,184,4,97.0,21.0,168.0,121.42857142857143,135.27790217115376,10.151121661217935,135.09928548271307,11.282567539250826,146.8243023524133,32.05867561946664,161.6312226236577,30.327999662151434
2021-04-01 09:00:00,181,4,184.0,21.0,178.0,113.85714285714286,168.52229014838514,10.151121661217935,175.3315780111883,11.282567539250826,145.5811532826091,32.05867561946664,167.66249498064388,30.327999662151434
2021-04-01 10:00:00,164,4,181.0,26.0,182.0,112.28571428571429,181.95566042639499,10.151121661217935,181.50269671699192,11.282567539250826,140.90015584374402,32.05867561946664,153.9460853137441,30.327999662151434
2021-04-01 11:00:00,179,4,164.0,25.0,184.0,115.0,177.24677951301598,10.151121661217935,175.42325349890595,11.282567539250826,144.4959414817934,32.05867561946664,164.97627845213452,30.327999662151434
2021-04-01 12:00:00,134,4,179.0,21.0,136.0,84.14285714285714,129.76815329675208,10.151121661217935,124.05473355060597,11.282567539250826,107.49773015433075,32.05867561946664,115.32402884682678,30.327999662151434
2021-04-01 13:00:00,182,4,134.0,21.0,185.0,117.0,190.45456868201393,10.151121661217935,188.75224371248345,11.282567539250826,144.69387102641502,32.05867561946664,164.12392023489951,30.327999662151434
2021-04-01 14:00:00,170,4,182.0,25.0,184.0,115.14285714285714,178.91144699843525,10.151121661217935,184.68454527035524,11.282567539250826,137.64233345386043,32.05867561946664,160.16687676781302,30.327999662151434
2021-04-01 15:00:00,167,4,170.0,21.0,186.0,115.28571428571429,176.57879400098813,10.151121661217935,174.97971688780902,11.282567539250826,136.61269599326192,32.05867561946664,156.40953359596384,30.327999662151434
2021-04-01 16:00:00,162,4,167.0,21.0,176.0,106.42857142857143,170.225195219814,10.151121661217935,172.10089688562812,11.282567539250826,131.13955943662492,32.05867561946664,141.05120793692026,30.327999662151434
2021-04-01 17:00:00,146,4,162.0,26.0,180.0,109.71428571428571,164.97573870425924,10.151121661217935,166.4485691114793,11.282567539250826,123.83949235743488,32.05867561946664,137.41643464397137,30.327999662151434
2021-04-01 18:00:00,141,4,146.0,21.0,164.0,108.28571428571429,161.34405765768074,10.151121661217935,160.27441616053952,11.282567539250826,122.82785144726017,32.05867561946664,146.16411914660054,30.327999662151434
2021-04-01 19:00:00,133,4,141.0,21.0,127.0,99.85714285714286,146.67804558293508,10.151121661217935,148.2037602557111,11.282567539250826,120.54610440333201,32.05867561946664,135.58707157615737,30.327999662151434
2021-04-01 20:00:00,117,4,133.0,26.0,115.0,79.14285714285714,119.84848395182658,10.151121661217935,118.33240571606181,11.282567539250826,108.32815271956262,32.05867561946664,112.31210908830039,30.327999662151434
2021-04-01 21:00:00,110,4,117.0,22.0,121.0,79.71428571428571,125.68182716965487,10.151121661217935,124.60181464807232,11.282567539250826,107.24401839091249,32.05867561946664,109.60393007875697,30.327999662151434
2021-04-01 22:00:00,110,4,110.0,21.0,136.0,80.28571428571429,115.93530554809249,10.151121661217935,112.99121286675826,11.282567539250826,101.4706382585103,32.05867561946664,108.62563609423376,30.327999662151434
2021-04-01 23:00:00,114,4,110.0,26.0,122.0,79.28571428571429,114.35256779547124,10.151121661217935,113.8330732281885,11.282567539250826,103.31357241658789,32.05867561946664,108.40379564802146,30.327999662151434
2021-04-02 00:00:00,68,4,114.0,26.0,26.0,43.142857142857146,60.52476268688579,10.151121661217935,58.781586979591175,11.282567539250826,70.74604217465543,32.05867561946664,58.82664500925078,30.327999662151434
2021-04-02 01:00:00,117,4,68.0,21.0,22.0,61.857142857142854,107.53374004085316,10.151121661217935,99.85218723340229,11.282567539250826,96.86683793393688,32.05867561946664,67.29626905436328,30.327999662151434
2021-04-02 02:00:00,120,4,117.0,21.0,22.0,62.285714285714285,110.96254101270073,10.151121661217935,108.90657819226786,11.282567539250826,99.14436489380013,32.05867561946664,80.64736204598542,30.327999662151434
2021-04-02 03:00:00,113,4,120.0,26.0,24.0,63.285714285714285,112.66760409243898,10.151121661217935,105.2466738595949,11.282567539250826,90.9016709565827,32.05867561946664,71.33086582672851,30.327999662151434
2021-04-02 04:00:00,108,4,113.0,21.0,26.0,62.714285714285715,103.5564663922898,10.151121661217935,100.3645656261918,11.282567539250826,90.40947968791585,32.05867561946664,72.39570987238085,30.327999662151434
2021-04-02 05:00:00,94,4,108.0,21.0,22.0,58.714285714285715,100.24233002102552,10.151121661217935,97.89111777827299,11.282567539250826,89.79776609140997,32.05867561946664,68.36580450535409,30.327999662151434
2021-04-02 06:00:00,112,4,94.0,25.0,22.0,62.857142857142854,99.59951551450068,10.151121661217935,91.36430244096032,11.282567539250826,101.08105576747731,32.05867561946664,69.02452681741981,30.327999662151434
2021-04-02 07:00:00,142,4,112.0,97.0,26.0,81.42857142857143,119.18328561619393,10.151121661217935,115.00002958820954,11.282567539250826,101.63282449877275,32.05867561946664,80.68828284069505,30.327999662151434
2021-04-02 08:00:00,181,4,142.0,184.0,21.0,123.71428571428571,175.6110794251592,10.151121661217935,168.59432751632582,11.282567539250826,118.19402657411412,32.05867561946664,87.43622149303796,30.327999662151434
2021-04-02 09:00:00,177,4,181.0,181.0,21.0,114.28571428571429,175.76068579118868,10.151121661217935,164.9212342209226,11.282567539250826,111.29745360857922,32.05867561946664,82.13163081662637,30.327999662151434
2021-04-02 10:00:00,174,4,177.0,164.0,26.0,109.71428571428571,177.42582946666184,10.151121661217935,166.6861726161039,11.282567539250826,118.67686486449827,32.05867561946664,89.78337637346928,30.327999662151434
2021-04-02 11:00:00,178,4,174.0,179.0,25.0,114.28571428571429,176.5492261809929,10.151121661217935,170.46717523652103,11.282567539250826,118.80494201716047,32.05867561946664,89.02712588838833,30.327999662151434
2021-04-02 12:00:00,129,4,178.0,134.0,21.0,83.85714285714286,135.03782453090963,10.151121661217935,131.17721895434659,11.282567539250826,99.69508941832093,32.05867561946664,75.98968131007466,30.327999662151434
2021-04-02 13:00:00,170,4,129.0,182.0,21.0,116.57142857142857,180.11094440958044,10.151121661217935,175.4799997876593,11.282567539250826,114.96930187175082,32.05867561946664,91.64369232276326,30.327999662151434
2021-04-02 14:00:00,180,4,170.0,170.0,25.0,113.14285714285714,173.82642604643803,10.151121661217935,165.64353950228409,11.282567539250826,117.7132388292325,32.05867561946664,91.35616128928156,30.327999662151434
2021-04-02 15:00:00,177,4,180.0,167.0,21.0,112.57142857142857,173.44348780366101,10.151121661217935,163.87238394729889,11.282567539250826,110.75539653477294,32.05867561946664,89.4125025472687,30.327999662151434
2021-04-02 16:00:00,164,4,177.0,162.0,21.0,104.42857142857143,174.19296824713004,10.151121661217935,164.521516049572,11.282567539250826,107.56458070679462,32.05867561946664,89.36546435683614,30.327999662151434
2021-04-02 17:00:00,153,4,164.0,146.0,26.0,104.85714285714286,140.35980084273626,10.151121661217935,139.8934634463626,11.282567539250826,108.50903967636204,32.05867561946664,85.72860612244824,30.327999662151434
2021-04-02 18:00:00,169,4,153.0,141.0,21.0,105.0,140.81280470725176,10.151121661217935,140.19235466627373,11.282567539250826,98.36448539922695,32.05867561946664,82.22645010849632,30.327999662151434
2021-04-02 19:00:00,172,4,169.0,133.0,21.0,100.71428571428571,136.4200569318554,10.151121661217935,139.49309280530366,11.282567539250826,97.25848874249397,32.05867561946664,79.64552568955976,30.327999662151434
2021-04-02 20:00:00,129,4,172.0,117.0,26.0,79.42857142857143,131.09706218674503,10.151121661217935,131.64099414240457,11.282567539250826,102.69441575128118,32.05867561946664,72.99294908362847,30.327999662151434
2021-04-02 21:00:00,134,4,129.0,110.0,22.0,78.14285714285714,128.17115452965206,10.151121661217935,129.71669900873496,11.282567539250826,91.67913102961121,32.05867561946664,69.8540513825274,30.327999662151434
2021-04-02 22:00:00,115,4,134.0,110.0,21.0,76.57142857142857,125.3250453907358,10.151121661217935,125.14147624915188,11.282567539250826,88.00119154256711,32.05867561946664,69.45736601238012,30.327999662151434
2021-04-02 23:00:00,106,4,115.0,114.0,26.0,78.14285714285714,106.33117943735805,10.151121661217935,100.93524026787713,11.282567539250826,95.64810218994447,32.05867561946664,70.39379934449582,30.327999662151434
2021-04-03 00:00:00,76,4,106.0,68.0,64.0,49.142857142857146,66.36259903299829,10.151121661217935,64.74452560388634,11.282567539250826,56.15021295735654,32.05867561946664,70.69793567721693,30.327999662151434
2021-04-03 01:00:00,116,4,76.0,117.0,116.0,75.42857142857143,122.46161644754996,10.151121661217935,120.42788524017192,11.282567539250826,82.10210145067853,32.05867561946664,90.20606724584918,30.327999662151434
2021-04-03 02:00:00,118,4,116.0,120.0,107.0,76.28571428571429,129.79317635984984,10.151121661217935,125.10554260287529,11.282567539250826,82.48098823109329,32.05867561946664,90.13681589347755,30.327999662151434
2021-04-03 03:00:00,105,4,118.0,113.0,110.0,76.0,117.7994299470714,10.151121661217935,117.96989571381897,11.282567539250826,81.49832374038625,32.05867561946664,89.70906360152851,30.327999662151434
2021-04-03 04:00:00,107,4,105.0,108.0,108.0,74.42857142857143,129.141702166509,10.151121661217935,126.10405683913861,11.282567539250826,80.20496849176435,32.05867561946664,88.8802722443193,30.327999662151434
2021-04-03 05:00:00,92,4,107.0,94.0,99.0,69.0,126.85559244546816,10.151121661217935,121.46928851213491,11.282567539250826,75.63244669249728,32.05867561946664,85.89991156590636,30.327999662151434
2021-04-03 06:00:00,103,4,92.0,112.0,111.0,75.71428571428571,109.91809410848616,10.151121661217935,103.04721059436136,11.282567539250826,79.14661656232263,32.05867561946664,88.08302168561352,30.327999662151434
2021-04-03 07:00:00,97,4,103.0,142.0,92.0,98.0,114.04633373582396,10.151121661217935,113.49894431978282,11.282567539250826,85.91446111158237,32.05867561946664,97.71392844384096,30.327999662151434
2021-04-03 08:00:00,25,4,97.0,181.0,27.0,146.57142857142858,62.214834054711005,10.151121661217935,66.86598768106361,11.282567539250826,83.74063668468413,32.05867561946664,87.16392794646039,30.327999662151434
2021-04-03 09:00:00,21,4,25.0,177.0,22.0,136.57142857142858,16.078839346779226,10.151121661217935,18.882596168490714,11.282567539250826,71.18651557922784,32.05867561946664,82.02944748614752,30.327999662151434
2021-04-03 10:00:00,21,4,21.0,174.0,22.0,130.85714285714286,17.222420203701436,10.151121661217935,22.402040448479113,11.282567539250826,79.97203641890636,32.05867561946664,83.75633809240918,30.327999662151434
2021-04-03 11:00:00,26,4,21.0,178.0,28.0,136.14285714285714,24.532941617016245,10.151121661217935,27.97691410128348,11.282567539250826,79.45688983272127,32.05867561946664,86.32226339694998,30.327999662151434
2021-04-03 12:00:00,24,4,26.0,129.0,23.0,99.28571428571429,36.236609541752536,10.151121661217935,37.418540466961524,11.282567539250826,65.35038460097292,32.05867561946664,70.66504159560161,30.327999662151434
2021-04-03 13:00:00,21,4,24.0,170.0,23.0,137.85714285714286,30.595387747437968,10.151121661217935,27.60108629475637,11.282567539250826,91.53399581503336,32.05867561946664,90.90766707484019,30.327999662151434
2021-04-03 14:00:00,21,4,21.0,180.0,23.0,135.28571428571428,31.089330658638282,10.151121661217935,32.533411569788996,11.282567539250826,81.79609904858857,32.05867561946664,88.06571858761134,30.327999662151434
2021-04-03 15:00:00,26,4,21.0,177.0,28.0,134.85714285714286,26.946393370728497,10.151121661217935,26.775825598248417,11.282567539250826,79.5127255616216,32.05867561946664,88.68799478628121,30.327999662151434
2021-04-03 16:00:00,21,4,26.0,164.0,23.0,124.85714285714286,23.972257151109524,10.151121661217935,24.279978226849686,11.282567539250826,82.55705410662777,32.05867561946664,88.06049648086139,30.327999662151434
2021-04-03 17:00:00,21,4,21.0,153.0,23.0,123.0,20.940197564104732,10.151121661217935,24.464696564311655,11.282567539250826,80.61145918126256,32.05867561946664,83.82839076881596,30.327999662151434
2021-04-03 18:00:00,25,4,21.0,169.0,27.0,126.14285714285714,24.85572462190127,10.151121661217935,25.23076019923565,11.282567539250826,89.90689170207898,32.05867561946664,90.62223280594884,30.327999662151434
2021-04-03 19:00:00,21,4,25.0,172.0,22.0,122.28571428571429,22.414644453085028,10.151121661217935,22.06400250180486,11.282567539250826,72.14691579672233,32.05867561946664,84.83494865608263,30.327999662151434
2021-04-03 20:00:00,21,4,21.0,129.0,22.0,94.14285714285714,20.18312148206219,10.151121661217935,21.603374131438795,11.282567539250826,58.38663061468034,32.05867561946664,71.81072467071587,30.327999662151434
2021-04-03 21:00:00,26,4,21.0,134.0,27.0,94.14285714285714,23.676536616834515,10.151121661217935,24.824003709242803,11.282567539250826,77.6142272615111,32.05867561946664,76.7390106308241,30.327999662151434
2021-04-03 22:00:00,22,4,26.0,115.0,26.0,90.0,20.241929768967392,10.151121661217935,19.911737172670232,11.282567539250826,70.93238249435925,32.05867561946664,71.38128796820013,30.327999662151434
2021-04-03 23:00:00,21,4,22.0,106.0,22.0,89.57142857142857,22.02305805156317,10.151121661217935,22.05051014082442,11.282567539250826,69.31453160744964,32.05867561946664,68.06158986070199,30.327999662151434
2021-04-04 00:00:00,22,4,21.0,76.0,24.0,50.857142857142854,26.184835813337667,10.151121661217935,24.480116162118957,11.282567539250826,32.68259632290544,32.05867561946664,38.07401520628126,30.327999662151434
2021-04-04 01:00:00,25,4,22.0,116.0,28.0,75.42857142857143,24.71369554722263,10.151121661217935,26.34700943500903,11.282567539250826,44.01842061416861,32.05867561946664,43.6826970107145,30.327999662151434
2021-04-04 02:00:00,21,4,25.0,118.0,22.0,77.85714285714286,22.631515418296274,10.151121661217935,22.358260697211808,11.282567539250826,37.74019091647049,32.05867561946664,40.49749267112088,30.327999662151434
2021-04-04 03:00:00,21,4,21.0,105.0,24.0,75.28571428571429,22.089155682120442,10.151121661217935,21.446955171165794,11.282567539250826,36.03099946006953,32.05867561946664,40.269705926319524,30.327999662151434
2021-04-04 04:00:00,26,4,21.0,107.0,28.0,74.28571428571429,26.157681121336026,10.151121661217935,26.860905846535214,11.282567539250826,29.24253253945572,32.05867561946664,41.178441710565956,30.327999662151434
2021-04-04 05:00:00,21,4,26.0,92.0,22.0,68.0,20.816341767933995,10.151121661217935,22.333350895401892,11.282567539250826,30.991425809519086,32.05867561946664,41.51503771284556,30.327999662151434
2021-04-04 06:00:00,21,4,21.0,103.0,23.0,74.57142857142857,21.09750194276584,10.151121661217935,21.12746202542464,11.282567539250826,32.824962708333075,32.05867561946664,39.59760731633767,30.327999662151434
2021-04-04 07:00:00,25,4,21.0,97.0,26.0,98.71428571428571,33.9596829456811,10.151121661217935,33.30515802559657,11.282567539250826,74.63446755939609,32.05867561946664,65.25645931190057,30.327999662151434
2021-04-04 08:00:00,21,4,25.0,25.0,198.0,146.28571428571428,61.720968192722445,10.151121661217935,68.25850037227738,11.282567539250826,143.9482736750174,32.05867561946664,129.93958780679645,30.327999662151434
2021-04-04 09:00:00,21,4,21.0,21.0,185.0,136.42857142857142,36.5334994460644,10.151121661217935,43.660295716288644,11.282567539250826,144.66781556919753,32.05867561946664,131.37456323241628,30.327999662151434
2021-04-04 10:00:00,26,4,21.0,21.0,184.0,130.71428571428572,34.317572939124574,10.151121661217935,42.46682880911691,11.282567539250826,145.59466237264934,32.05867561946664,128.54866625022404,30.327999662151434
2021-04-04 11:00:00,24,4,26.0,26.0,193.0,135.85714285714286,34.33713380700518,10.151121661217935,46.684833978459906,11.282567539250826,136.30444087600935,32.05867561946664,131.76168572695872,30.327999662151434
2021-04-04 12:00:00,21,4,24.0,24.0,135.0,99.42857142857143,38.799345648316276,10.151121661217935,43.01244230780708,11.282567539250826,115.03111297844123,32.05867561946664,104.28513963045829,30.327999662151434
2021-04-04 13:00:00,24,4,21.0,21.0,191.0,137.57142857142858,34.235843634902714,10.151121661217935,40.84545954851578,11.282567539250826,142.90718934042746,32.05867561946664,137.60847164613475,30.327999662151434
2021-04-04 14:00:00,26,4,24.0,21.0,189.0,135.0,31.835080480732955,10.151121661217935,45.531166177110315,11.282567539250826,140.84272192264285,32.05867561946664,134.4270975746386,30.327999662151434
2021-04-04 15:00:00,21,4,26.0,26.0,194.0,134.57142857142858,48.71217398825375,10.151121661217935,53.787575480444985,11.282567539250826,134.072958549267,32.05867561946664,130.33444087601083,30.327999662151434
2021-04-04 16:00:00,20,4,21.0,21.0,172.0,124.57142857142857,32.91158847990011,10.151121661217935,40.59217083711573,11.282567539250826,126.6593380440841,32.05867561946664,120.27592240385933,30.327999662151434
2021-04-04 17:00:00,25,4,20.0,21.0,179.0,122.71428571428571,35.983873059607504,10.151121661217935,47.48304093508858,11.282567539250826,131.404119912822,32.05867561946664,122.26678187208992,30.327999662151434
2021-04-04 18:00:00,21,4,25.0,25.0,185.0,125.85714285714286,43.28810545390712,10.151121661217935,48.05148703067964,11.282567539250826,127.12836728902069,32.05867561946664,123.22027775804729,30.327999662151434
2021-04-04 19:00:00,21,4,21.0,21.0,169.0,122.14285714285714,31.27062141201534,10.151121661217935,37.95997480219553,11.282567539250826,122.77183470941246,32.05867561946664,110.36067866249772,30.327999662151434
2021-04-04 20:00:00,26,4,21.0,21.0,113.0,94.0,36.36170221618157,10.151121661217935,44.636155134048636,11.282567539250826,112.0131663593007,32.05867561946664,97.30412325575544,30.327999662151434
2021-04-04 21:00:00,22,4,26.0,26.0,123.0,94.0,39.531340886885054,10.151121661217935,47.79561618486351,11.282567539250826,110.27810967363531,32.05867561946664,98.88170805530805,30.327999662151434
2021-04-04 22:00:00,21,4,22.0,22.0,119.0,89.42857142857143,37.53448148432538,10.151121661217935,42.258270955070365,11.282567539250826,103.41579927041087,32.05867561946664,97.01085043794544,30.327999662151434
2021-04-04 23:00:00,25,4,21.0,21.0,126.0,89.42857142857143,48.273879920803424,10.151121661217935,49.66019537056983,11.282567539250826,108.71281306681776,32.05867561946664,97.19993630567348,30.327999662151434
2021-04-05 00:00:00,26,4,25.0,22.0,67.0,50.57142857142857,58.89363167662527,10.151121661217935,59.36307669029362,11.282567539250826,61.474304686148855,32.05867561946664,74.11042516832768,30.327999662151434
2021-04-05 01:00:00,21,4,26.0,25.0,112.0,75.0,43.431699225223134,10.151121661217935,42.55239750977458,11.282567539250826,103.64073275526852,32.05867561946664,100.17821817644086,30.327999662151434
2021-04-05 02:00:00,21,4,21.0,21.0,124.0,77.71428571428571,34.96530988641817,10.151121661217935,37.688609806472044,11.282567539250826,109.64289665402259,32.05867561946664,103.4532711423357,30.327999662151434
2021-04-05 03:00:00,26,4,21.0,21.0,115.0,74.85714285714286,51.931112149326644,10.151121661217935,50.30191468493834,11.282567539250826,110.03040833695215,32.05867561946664,103.51178180041688,30.327999662151434
2021-04-05 04:00:00,21,4,26.0,26.0,114.0,74.0,59.66738924180203,10.151121661217935,51.20861445987088,11.282567539250826,103.49411509680682,32.05867561946664,102.11085145000794,30.327999662151434
2021-04-05 05:00:00,21,4,21.0,21.0,110.0,67.85714285714286,59.22201059625735,10.151121661217935,55.334145159447246,11.282567539250826,103.93971937668078,32.05867561946664,100.62449371264327,30.327999662151434
2021-04-05 06:00:00,25,4,21.0,21.0,119.0,74.28571428571429,57.11533327202463,10.151121661217935,54.868513105539336,11.282567539250826,109.15871994705508,32.05867561946664,105.4162838077938,30.327999662151434
2021-04-05 07:00:00,97,4,25.0,25.0,160.0,98.57142857142857,64.387901003243,10.151121661217935,59.12915312158767,11.282567539250826,138.3650611097486,32.05867561946664,136.58910200012824,30.327999662151434
2021-04-05 08:00:00,184,4,97.0,21.0,222.0,121.0,157.88379981899925,10.151121661217935,161.50839583640453,11.282567539250826,163.03417405927416,32.05867561946664,172.419974260499,30.327999662151434
2021-04-05 09:00:00,181,4,184.0,21.0,183.0,113.0,198.2604048743544,10.151121661217935,197.70914531685034,11.282567539250826,164.50818039754017,32.05867561946664,166.09353258694372,30.327999662151434
2021-04-05 10:00:00,164,4,181.0,26.0,175.0,108.14285714285714,209.5429071694748,10.151121661217935,202.97013429041118,11.282567539250826,149.87770635668116,32.05867561946664,160.518949010416,30.327999662151434
2021-04-05 11:00:00,179,4,164.0,24.0,200.0,111.71428571428571,184.6903241557556,10.151121661217935,180.77492277654528,11.282567539250826,154.8622996668463,32.05867561946664,163.90715923305288,30.327999662151434
2021-04-05 12:00:00,134,4,179.0,21.0,134.0,83.14285714285714,134.7820764186826,10.151121661217935,131.34253517269138,11.282567539250826,111.40962331407502,32.05867561946664,118.13305964001869,30.327999662151434
2021-04-05 13:00:00,182,4,134.0,24.0,194.0,113.71428571428571,195.98004127683313,10.151121661217935,191.76029272577185,11.282567539250826,153.238275100595,32.05867561946664,162.05175865942294,30.327999662151434
2021-04-05 14:00:00,170,4,182.0,26.0,183.0,111.71428571428571,194.26949779474654,10.151121661217935,193.71165029132382,11.282567539250826,152.40979688293754,32.05867561946664,166.19418147986528,30.327999662151434
2021-04-05 15:00:00,167,4,170.0,21.0,179.0,109.85714285714286,178.3589586167217,10.151121661217935,177.8077646522364,11.282567539250826,151.83438242902946,32.05867561946664,155.04647336168534,30.327999662151434
2021-04-05 16:00:00,162,4,167.0,20.0,167.0,102.85714285714286,181.6426491877289,10.151121661217935,181.36947554062584,11.282567539250826,141.12737917071402,32.05867561946664,150.74301666720586,30.327999662151434
2021-04-05 17:00:00,146,4,162.0,25.0,153.0,100.71428571428571,173.06240479104247,10.151121661217935,171.0633397783962,11.282567539250826,131.63215039541774,32.05867561946664,145.13492743529605,30.327999662151434
2021-04-05 18:00:00,141,4,146.0,21.0,175.0,102.42857142857143,161.36480932497525,10.151121661217935,160.65444151289987,11.282567539250826,137.9777519381073,32.05867561946664,145.4238759423392,30.327999662151434
2021-04-05 19:00:00,133,4,141.0,21.0,177.0,101.0,163.31513721647258,10.151121661217935,162.53220208735829,11.282567539250826,142.42184651681987,32.05867561946664,148.19781645255776,30.327999662151434
2021-04-05 20:00:00,117,4,133.0,26.0,137.0,81.57142857142857,132.4094727978784,10.151121661217935,130.7467478463722,11.282567539250826,106.48137705454724,32.05867561946664,118.38957773680902,30.327999662151434
2021-04-05 21:00:00,110,4,117.0,22.0,126.0,79.57142857142857,125.16369325564764,10.151121661217935,124.62797361989811,11.282567539250826,114.2676453177957,32.05867561946664,118.8565913971652,30.327999662151434
2021-04-05 22:00:00,110,4,110.0,21.0,121.0,75.42857142857143,112.73150890752834,10.151121661217935,111.58897356614655,11.282567539250826,112.93819029650477,32.05867561946664,116.61933575476043,30.327999662151434
2021-04-05 23:00:00,114,4,110.0,25.0,113.0,75.0,124.60902975428299,10.151121661217935,121.18702651941744,11.282567539250826,104.06254712844311,32.05867561946664,110.6675151749947,30.327999662151434
2021-04-06 00:00:00,68,4,114.0,26.0,69.0,44.714285714285715,61.081723228565366,10.151121661217935,60.84397719988659,11.282567539250826,80.03438098523439,32.05867561946664,66.0465165226922,30.327999662151434
2021-04-06 01:00:00,117,4,68.0,21.0,112.0,62.0,108.21267616405977,10.151121661217935,104.62607505443118,11.282567539250826,98.15872114961239,32.05867561946664,105.07892668517667,30.327999662151434
2021-04-06 02:00:00,120,4,117.0,21.0,118.0,63.0,133.8942598462109,10.151121661217935,126.48940579757227,11.282567539250826,99.46085176358234,32.05867561946664,104.39593554093447,30.327999662151434
2021-04-06 03:00:00,113,4,120.0,26.0,120.0,62.142857142857146,130.87380452893188,10.151121661217935,122.81706393633068,11.282567539250826,95.88643670296558,32.05867561946664,101.35249754029165,30.327999662151434
2021-04-06 04:00:00,108,4,113.0,21.0,116.0,60.714285714285715,107.57932778049093,10.151121661217935,106.2348160632043,11.282567539250826,99.27357872777746,32.05867561946664,102.97096986680408,30.327999662151434
2021-04-06 05:00:00,94,4,108.0,21.0,115.0,55.142857142857146,123.52554156852179,10.151121661217935,120.39000250341145,11.282567539250826,95.71375033416192,32.05867561946664,105.52050024801676,30.327999662151434
2021-04-06 06:00:00,112,4,94.0,25.0,118.0,60.857142857142854,131.21414801353913,10.151121661217935,122.9039970284745,11.282567539250826,96.5142832650333,32.05867561946664,106.2001668961515,30.327999662151434
2021-04-06 07:00:00,142,4,112.0,97.0,143.0,89.57142857142857,140.37835588720054,10.151121661217935,143.2070842719093,11.282567539250826,144.11922229334175,32.05867561946664,149.91855613350867,30.327999662151434
2021-04-06 08:00:00,181,4,142.0,184.0,193.0,115.57142857142857,179.10910170842925,10.151121661217935,184.25676311913693,11.282567539250826,174.84337345427983,32.05867561946664,175.29399855392467,30.327999662151434
2021-04-06 09:00:00,177,4,181.0,181.0,187.0,112.71428571428571,172.33084916390462,10.151121661217935,172.23538252563378,11.282567539250826,169.02687305739636,32.05867561946664,168.2707937854487,30.327999662151434
2021-04-06 10:00:00,174,4,177.0,164.0,171.0,106.57142857142857,180.11670605991347,10.151121661217935,175.06541108601775,11.282567539250826,170.69099162440534,32.05867561946664,165.08059043661532,30.327999662151434
2021-04-06 11:00:00,178,4,174.0,179.0,150.0,108.71428571428571,172.32482013442416,10.151121661217935,170.8545605240381,11.282567539250826,164.54132163250068,32.05867561946664,161.6451915185911,30.327999662151434
2021-04-06 12:00:00,129,4,178.0,134.0,119.0,83.14285714285714,126.80504902707278,10.151121661217935,125.0679953606558,11.282567539250826,115.44685064081484,32.05867561946664,124.74040189664561,30.327999662151434
2021-04-06 13:00:00,170,4,129.0,182.0,184.0,112.0,169.4601270166948,10.151121661217935,171.39915933104274,11.282567539250826,171.95508509680064,32.05867561946664,166.51562257759883,30.327999662151434
2021-04-06 14:00:00,180,4,170.0,170.0,177.0,109.85714285714286,168.92685999502845,10.151121661217935,170.00320317973356,11.282567539250826,172.86151164662104,32.05867561946664,168.5417835557382,30.327999662151434
2021-04-06 15:00:00,177,4,180.0,167.0,178.0,108.14285714285714,171.27876096024642,10.151121661217935,171.9040258608914,11.282567539250826,168.62451179025913,32.05867561946664,165.18086607238325,30.327999662151434
2021-04-06 16:00:00,164,4,177.0,162.0,165.0,102.14285714285714,175.17499220711935,10.151121661217935,172.34871956273432,11.282567539250826,162.16996246089772,32.05867561946664,162.02569845261633,30.327999662151434
2021-04-06 17:00:00,153,4,164.0,146.0,181.0,99.71428571428571,156.228680113807,10.151121661217935,154.13467269334322,11.282567539250826,152.04486293503027,32.05867561946664,149.75873755923826,30.327999662151434
2021-04-06 18:00:00,169,4,153.0,141.0,165.0,97.57142857142857,163.23480213031377,10.151121661217935,158.90564284353886,11.282567539250826,148.25532233802662,32.05867561946664,155.42040945384448,30.327999662151434
2021-04-06 19:00:00,172,4,169.0,133.0,162.0,94.71428571428571,161.2697885039998,10.151121661217935,162.3673443913521,11.282567539250826,151.8702451934078,32.05867561946664,163.21122030013788,30.327999662151434
2021-04-06 20:00:00,129,4,172.0,117.0,115.0,78.71428571428571,129.06122747640453,10.151121661217935,126.12673093771662,11.282567539250826,115.76041088202876,32.05867561946664,114.05392354223481,30.327999662151434
2021-04-06 21:00:00,134,4,129.0,110.0,117.0,77.28571428571429,128.00297767234235,10.151121661217935,127.6963494044592,11.282567539250826,116.08716068107816,32.05867561946664,113.30892201486391,30.327999662151434
2021-04-06 22:00:00,115,4,134.0,110.0,118.0,73.85714285714286,125.45763099954361,10.151121661217935,122.32144810835652,11.282567539250826,108.42009330751672,32.05867561946664,111.27520558120116,30.327999662151434
2021-04-06 23:00:00,106,4,115.0,114.0,120.0,75.14285714285714,116.23284688452348,10.151121661217935,112.18646897837662,11.282567539250826,111.0192081314889,32.05867561946664,117.31367251402061,30.327999662151434
2021-04-07 00:00:00,21,4,106.0,68.0,26.0,44.57142857142857,50.858984769685925,10.151121661217935,50.91970074934153,11.282567539250826,44.682976923493214,32.05867561946664,37.3005324878911,30.327999662151434
2021-04-07 01:00:00,21,4,21.0,117.0,22.0,62.714285714285715,70.3794608526317,10.151121661217935,69.34437079630754,11.282567539250826,67.49920640110314,32.05867561946664,45.44957768700029,30.327999662151434
2021-04-07 02:00:00,26,4,21.0,120.0,22.0,63.285714285714285,69.9270775616817,10.151121661217935,62.03975754398895,11.282567539250826,68.12180611550677,32.05867561946664,42.62974705651958,30.327999662151434
2021-04-07 03:00:00,24,4,26.0,113.0,24.0,61.142857142857146,53.55747916134784,10.151121661217935,51.97393885424763,11.282567539250826,64.44860797536278,32.05867561946664,52.81983799230401,30.327999662151434
2021-04-07 04:00:00,21,4,24.0,108.0,26.0,59.57142857142857,59.925455765538544,10.151121661217935,59.16242949718051,11.282567539250826,57.70688606599065,32.05867561946664,43.397571700202356,30.327999662151434
2021-04-07 05:00:00,25,4,21.0,94.0,22.0,52.142857142857146,65.98551375750718,10.151121661217935,62.47752486513037,11.282567539250826,53.321464905534086,32.05867561946664,36.70551111386005,30.327999662151434
2021-04-07 06:00:00,26,4,25.0,112.0,22.0,60.0,62.71410688661062,10.151121661217935,58.07050569668957,11.282567539250826,70.87587720724694,32.05867561946664,51.63927289381535,30.327999662151434
2021-04-07 07:00:00,95,4,26.0,142.0,26.0,89.42857142857143,31.109530819694417,10.151121661217935,32.363794944522276,11.282567539250826,58.77673208727949,32.05867561946664,44.71671388623453,30.327999662151434
2021-04-07 08:00:00,199,4,95.0,181.0,21.0,113.85714285714286,85.07868302877458,10.151121661217935,88.1194931197515,11.282567539250826,66.5777963719559,32.05867561946664,62.333104272923684,30.327999662151434
2021-04-07 09:00:00,187,4,199.0,177.0,21.0,111.28571428571429,95.9748764729591,10.151121661217935,104.11077746055766,11.282567539250826,67.301653886474,32.05867561946664,61.02306731803715,30.327999662151434
2021-04-07 10:00:00,177,4,187.0,174.0,26.0,107.0,161.72339841172845,10.151121661217935,159.80130511355392,11.282567539250826,82.76881440095968,32.05867561946664,62.956727506191925,30.327999662151434
2021-04-07 11:00:00,179,4,177.0,178.0,25.0,112.71428571428571,157.3670082570189,10.151121661217935,158.14120885782268,11.282567539250826,75.59647272768117,32.05867561946664,63.47175122266584,30.327999662151434
2021-04-07 12:00:00,123,4,179.0,129.0,21.0,84.57142857142857,124.86173515413371,10.151121661217935,122.02350142077812,11.282567539250826,54.08637453734072,32.05867561946664,39.532531902696924,30.327999662151434
2021-04-07 13:00:00,173,4,123.0,170.0,21.0,110.0,162.76291773917703,10.151121661217935,159.16887443653943,11.282567539250826,74.60799776755071,32.05867561946664,57.759306114359646,30.327999662151434
2021-04-07 14:00:00,167,4,173.0,180.0,25.0,110.28571428571429,160.72553597550265,10.151121661217935,159.2026799294042,11.282567539250826,75.54086610019718,32.05867561946664,62.03621601550792,30.327999662151434
2021-04-07 15:00:00,173,4,167.0,177.0,21.0,108.0,170.1926454848537,10.151121661217935,167.91710096492324,11.282567539250826,68.75580556864058,32.05867561946664,59.32222310475759,30.327999662151434
2021-04-07 16:00:00,163,4,173.0,164.0,21.0,102.0,171.89615878971563,10.151121661217935,167.7567021279756,11.282567539250826,63.221981264556206,32.05867561946664,52.87982245865344,30.327999662151434
2021-04-07 17:00:00,155,4,163.0,153.0,26.0,95.71428571428571,159.22978205271062,10.151121661217935,161.67316956535572,11.282567539250826,73.58888881761109,32.05867561946664,55.09841368845832,30.327999662151434
2021-04-07 18:00:00,140,4,155.0,169.0,21.0,98.14285714285714,159.1440676413202,10.151121661217935,158.72966435309573,11.282567539250826,73.77292648909837,32.05867561946664,56.58384208973875,30.327999662151434
2021-04-07 19:00:00,124,4,140.0,172.0,21.0,96.14285714285714,152.5170166118109,10.151121661217935,151.1876224258952,11.282567539250826,71.0437318466156,32.05867561946664,52.859214065673086,30.327999662151434
2021-04-07 20:00:00,138,4,124.0,129.0,26.0,80.71428571428571,114.39745162134687,10.151121661217935,107.99908389063937,11.282567539250826,70.5744894618121,32.05867561946664,46.16026254857833,30.327999662151434
2021-04-07 21:00:00,128,4,138.0,134.0,22.0,79.71428571428571,123.69381855615792,10.151121661217935,119.11197898489121,11.282567539250826,66.44842973907713,32.05867561946664,51.13764261750337,30.327999662151434
2021-04-07 22:00:00,120,4,128.0,115.0,21.0,73.42857142857143,118.04782417689181,10.151121661217935,112.9173176445808,11.282567539250826,68.62210545480367,32.05867561946664,45.27399854998342,30.327999662151434
2021-04-07 23:00:00,118,4,120.0,106.0,26.0,73.14285714285714,114.91691823427658,10.151121661217935,112.48818132136691,11.282567539250826,81.89372027004725,32.05867561946664,47.05092239141222,30.327999662151434
2021-04-08 00:00:00,72,4,118.0,21.0,26.0,43.857142857142854,62.328795441560224,10.151121661217935,60.751391106242416,11.282567539250826,67.55923415738307,32.05867561946664,57.51317929007129,30.327999662151434
2021-04-08 01:00:00,112,4,72.0,21.0,21.0,62.57142857142857,103.45646081682305,10.151121661217935,101.81390091274613,11.282567539250826,92.8424471312328,32.05867561946664,69.9303858381857,30.327999662151434
2021-04-08 02:00:00,106,4,112.0,26.0,21.0,63.857142857142854,107.18417975070537,10.151121661217935,104.5098446626867,11.282567539250826,93.75904099749046,32.05867561946664,65.10972153022693,30.327999662151434
2021-04-08 03:00:00,113,4,106.0,24.0,26.0,61.142857142857146,105.33536227800514,10.151121661217935,103.52755653013145,11.282567539250826,89.64042393621813,32.05867561946664,64.63283377729168,30.327999662151434
2021-04-08 04:00:00,102,4,113.0,21.0,21.0,58.857142857142854,105.87065036830596,10.151121661217935,102.34026384164619,11.282567539250826,87.73534749288882,32.05867561946664,68.54073640947877,30.327999662151434
2021-04-08 05:00:00,109,4,102.0,25.0,21.0,52.57142857142857,98.30690438505314,10.151121661217935,94.3483144605877,11.282567539250826,79.9158352855536,32.05867561946664,66.74653881371233,30.327999662151434
2021-04-08 06:00:00,115,4,109.0,26.0,25.0,60.57142857142857,102.30008411766818,10.151121661217935,103.96054480351577,11.282567539250826,91.7734867337077,32.05867561946664,77.40378830624942,30.327999662151434
2021-04-08 07:00:00,134,4,115.0,95.0,97.0,99.28571428571429,115.33656101864692,10.151121661217935,113.42608633064927,11.282567539250826,117.9966447720632,32.05867561946664,116.250459566382,30.327999662151434
2021-04-08 08:00:00,181,4,134.0,199.0,184.0,139.28571428571428,170.1223371313293,10.151121661217935,167.2350999629805,11.282567539250826,201.82774386002205,32.05867561946664,191.40807061249885,30.327999662151434
2021-04-08 09:00:00,174,4,181.0,187.0,181.0,135.0,170.40084153996798,10.151121661217935,170.31242593241637,11.282567539250826,192.56971661481754,32.05867561946664,190.4274152717123,30.327999662151434
2021-04-08 10:00:00,174,4,174.0,177.0,164.0,128.57142857142858,179.07409454315498,10.151121661217935,179.41119746250266,11.282567539250826,184.7825763386393,32.05867561946664,180.3865533062389,30.327999662151434
2021-04-08 11:00:00,167,4,174.0,179.0,179.0,134.71428571428572,173.89483313418285,10.151121661217935,174.53948864925275,11.282567539250826,188.5901775964135,32.05867561946664,189.73008353070693,30.327999662151434
2021-04-08 12:00:00,130,4,167.0,123.0,134.0,99.14285714285714,118.52102561002647,10.151121661217935,121.33078578368884,11.282567539250826,134.27716140020604,32.05867561946664,132.45764974209595,30.327999662151434
2021-04-08 13:00:00,174,4,130.0,173.0,182.0,131.71428571428572,170.22831799050115,10.151121661217935,170.79296990374522,11.282567539250826,181.8985364114387,32.05867561946664,180.54943244899334,30.327999662151434
2021-04-08 14:00:00,158,4,174.0,167.0,170.0,130.57142857142858,167.84990353441327,10.151121661217935,169.39050541786622,11.282567539250826,179.44626947446991,32.05867561946664,179.3665747141735,30.327999662151434
2021-04-08 15:00:00,146,4,158.0,173.0,167.0,129.71428571428572,163.1253386195815,10.151121661217935,162.54829918335636,11.282567539250826,177.85742089889575,32.05867561946664,178.0946369041522,30.327999662151434
2021-04-08 16:00:00,153,4,146.0,163.0,162.0,122.28571428571429,155.12497847100747,10.151121661217935,155.97149953279174,11.282567539250826,173.5068501310896,32.05867561946664,166.3482027328003,30.327999662151434
2021-04-08 17:00:00,140,4,153.0,155.0,146.0,114.14285714285714,146.9220695440084,10.151121661217935,148.9395545723479,11.282567539250826,161.69173544875562,32.05867561946664,157.4346559941086,30.327999662151434
2021-04-08 18:00:00,111,4,140.0,140.0,141.0,115.14285714285714,140.295584467446,10.151121661217935,143.1831986765681,11.282567539250826,141.97725802582653,32.05867561946664,147.1498333107736,30.327999662151434
2021-04-08 19:00:00,106,4,111.0,124.0,133.0,110.85714285714286,106.38223727410828,10.151121661217935,112.08704492321982,11.282567539250826,139.03180282004658,32.05867561946664,141.0103835482347,30.327999662151434
2021-04-08 20:00:00,110,4,106.0,138.0,117.0,96.71428571428571,115.52938698569321,10.151121661217935,115.39316877939135,11.282567539250826,129.6155044817213,32.05867561946664,122.46458792883482,30.327999662151434
2021-04-08 21:00:00,107,4,110.0,128.0,110.0,94.85714285714286,107.58485557540014,10.151121661217935,102.57139191286974,11.282567539250826,119.17005485051818,32.05867561946664,118.82966522535224,30.327999662151434
2021-04-08 22:00:00,107,4,107.0,120.0,110.0,87.57142857142857,109.5991648267622,10.151121661217935,104.92841750512298,11.282567539250826,118.15185581791862,32.05867561946664,119.16182842863888,30.327999662151434
2021-04-08 23:00:00,101,4,107.0,118.0,114.0,86.28571428571429,107.098348013125,10.151121661217935,106.81173596452197,11.282567539250826,117.94616844039241,32.05867561946664,118.24413468918013,30.327999662151434
2021-04-09 00:00:00,23,4,101.0,72.0,68.0,50.42857142857143,90.4475652502407,10.151121661217935,80.73181441569024,11.282567539250826,55.2552762123432,32.05867561946664,63.76813242055661,30.327999662151434
2021-04-09 01:00:00,23,4,23.0,112.0,117.0,75.57142857142857,65.86598821395884,10.151121661217935,63.30628376875538,11.282567539250826,87.28359901502368,32.05867561946664,102.23832529731858,30.327999662151434
2021-04-09 02:00:00,27,4,23.0,106.0,120.0,76.0,48.68243059346161,10.151121661217935,46.70560826207196,11.282567539250826,83.0021959149244,32.05867561946664,88.59408717792125,30.327999662151434
2021-04-09 03:00:00,23,4,27.0,113.0,113.0,73.57142857142857,44.24306627032905,10.151121661217935,40.81754591453193,11.282567539250826,82.79457028761043,32.05867561946664,91.24073779793306,30.327999662151434
2021-04-09 04:00:00,23,4,23.0,102.0,108.0,70.42857142857143,67.36859090241637,10.151121661217935,62.21764885426141,11.282567539250826,80.41605826707712,32.05867561946664,99.3629685726372,30.327999662151434
2021-04-09 05:00:00,26,4,23.0,109.0,94.0,65.14285714285714,51.14879325193432,10.151121661217935,52.2660207427367,11.282567539250826,74.83005968100983,32.05867561946664,93.42294888456603,30.327999662151434
2021-04-09 06:00:00,27,4,26.0,115.0,112.0,73.42857142857143,62.73322502075246,10.151121661217935,55.907372986532806,11.282567539250826,80.4292669888261,32.05867561946664,90.7905694819072,30.327999662151434
2021-04-09 07:00:00,131,4,27.0,134.0,142.0,104.57142857142857,43.01703465525079,10.151121661217935,41.574232463046215,11.282567539250826,89.90868780830654,32.05867561946664,109.88934179818268,30.327999662151434
2021-04-09 08:00:00,184,4,131.0,181.0,181.0,138.85714285714286,165.99354066567776,10.151121661217935,171.75633449918945,11.282567539250826,133.18350000961004,32.05867561946664,161.06599143834367,30.327999662151434
2021-04-09 09:00:00,164,4,184.0,174.0,177.0,134.0,159.4591692469666,10.151121661217935,163.59237199786074,11.282567539250826,123.91797969601745,32.05867561946664,154.8630271852887,30.327999662151434
2021-04-09 10:00:00,169,4,164.0,174.0,174.0,130.0,170.5327996895348,10.151121661217935,171.8776688206189,11.282567539250826,124.1667114871307,32.05867561946664,155.7456758756817,30.327999662151434
2021-04-09 11:00:00,173,4,169.0,167.0,178.0,133.0,169.44031560906382,10.151121661217935,177.08528945853556,11.282567539250826,120.21486624311359,32.05867561946664,156.8385293783703,30.327999662151434
2021-04-09 12:00:00,126,4,173.0,130.0,129.0,98.57142857142857,119.38740087680641,10.151121661217935,123.79262145991558,11.282567539250826,84.15080424012407,32.05867561946664,110.88834061069147,30.327999662151434
2021-04-09 13:00:00,159,4,126.0,174.0,170.0,130.57142857142858,166.00509596645435,10.151121661217935,174.91361387609402,11.282567539250826,126.12705295887305,32.05867561946664,157.53481696904663,30.327999662151434
2021-04-09 14:00:00,163,4,159.0,158.0,180.0,128.85714285714286,168.04164053614338,10.151121661217935,174.31555334813586,11.282567539250826,111.97876746231664,32.05867561946664,150.97251876418864,30.327999662151434
2021-04-09 15:00:00,151,4,163.0,146.0,177.0,126.71428571428571,157.04091137842315,10.151121661217935,163.35869333870787,11.282567539250826,108.32263306781714,32.05867561946664,146.94232347141917,30.327999662151434
2021-04-09 16:00:00,157,4,151.0,153.0,164.0,121.0,151.64190047955603,10.151121661217935,153.2289638562739,11.282567539250826,113.4917660070646,32.05867561946664,143.7862597518072,30.327999662151434
2021-04-09 17:00:00,153,4,157.0,140.0,153.0,113.28571428571429,142.35588717032076,10.151121661217935,145.37335329153663,11.282567539250826,102.74887609833462,32.05867561946664,133.24550218673136,30.327999662151434
2021-04-09 18:00:00,165,4,153.0,111.0,169.0,110.85714285714286,145.88688016375983,10.151121661217935,150.09425240359536,11.282567539250826,102.84660689984601,32.05867561946664,134.5288713233264,30.327999662151434
2021-04-09 19:00:00,155,4,165.0,106.0,172.0,107.0,150.46302937167547,10.151121661217935,154.21272295165878,11.282567539250826,96.1117866834973,32.05867561946664,136.6329700945773,30.327999662151434
2021-04-09 20:00:00,114,4,155.0,110.0,129.0,95.71428571428571,136.1743269880971,10.151121661217935,132.94684141358508,11.282567539250826,85.16589930711972,32.05867561946664,108.15253179308206,30.327999662151434
2021-04-09 21:00:00,121,4,114.0,107.0,134.0,94.42857142857143,128.02587371420023,10.151121661217935,125.27418540730669,11.282567539250826,82.88464203901347,32.05867561946664,112.02495349740535,30.327999662151434
2021-04-09 22:00:00,122,4,121.0,107.0,115.0,87.14285714285714,121.80422698283606,10.151121661217935,119.72365797747688,11.282567539250826,74.74749811965215,32.05867561946664,102.6873248674088,30.327999662151434
2021-04-09 23:00:00,110,4,122.0,101.0,106.0,84.42857142857143,121.15962021391316,10.151121661217935,122.1998636256486,11.282567539250826,74.9713343298408,32.05867561946664,100.41475288842625,30.327999662151434
2021-04-10 00:00:00,63,4,110.0,23.0,76.0,44.0,55.83187568089542,10.151121661217935,59.72946627003053,11.282567539250826,76.83962457413604,32.05867561946664,67.13067852990487,30.327999662151434
2021-04-10 01:00:00,115,4,63.0,23.0,116.0,62.142857142857146,107.59132380279694,10.151121661217935,108.21697443435723,11.282567539250826,89.79696363717146,32.05867561946664,107.71589336578724,30.327999662151434
2021-04-10 02:00:00,110,4,115.0,27.0,118.0,62.714285714285715,111.43531125841494,10.151121661217935,113.25348217984953,11.282567539250826,88.90210865052198,32.05867561946664,108.15165812260041,30.327999662151434
2021-04-10 03:00:00,111,4,110.0,23.0,105.0,60.714285714285715,107.41694535465528,10.151121661217935,107.01027187922338,11.282567539250826,90.72904751785826,32.05867561946664,100.48116697395697,30.327999662151434
2021-04-10 04:00:00,114,4,111.0,23.0,107.0,58.285714285714285,108.58794034558548,10.151121661217935,106.92366840652603,11.282567539250826,84.6766701793305,32.05867561946664,102.4521386573846,30.327999662151434
2021-04-10 05:00:00,99,4,114.0,26.0,92.0,55.42857142857143,101.77612661984111,10.151121661217935,102.44638572932776,11.282567539250826,78.2579336478333,32.05867561946664,92.08049135248203,30.327999662151434
2021-04-10 06:00:00,114,4,99.0,27.0,103.0,61.285714285714285,110.84514924007293,10.151121661217935,110.93048927240649,11.282567539250826,89.05251358505467,32.05867561946664,107.9914336046959,30.327999662151434
2021-04-10 07:00:00,88,4,114.0,131.0,97.0,103.0,109.48918917377085,10.151121661217935,106.59364291055505,11.282567539250826,90.01155589768065,32.05867561946664,102.92580403549421,30.327999662151434
2021-04-10 08:00:00,27,4,88.0,184.0,25.0,139.28571428571428,54.80273408778355,10.151121661217935,63.682395949938574,11.282567539250826,101.28187377611515,32.05867561946664,61.07685438943308,30.327999662151434
2021-04-10 09:00:00,23,4,27.0,164.0,21.0,132.14285714285714,22.573681886388844,10.151121661217935,31.294798692322022,11.282567539250826,86.22659324401806,32.05867561946664,57.28832961795213,30.327999662151434
2021-04-10 10:00:00,22,4,23.0,169.0,21.0,129.28571428571428,18.679170796771597,10.151121661217935,23.986276584952623,11.282567539250826,92.35336485271081,32.05867561946664,55.66436154768105,30.327999662151434
2021-04-10 11:00:00,27,4,22.0,173.0,26.0,132.28571428571428,20.170576971968625,10.151121661217935,23.049377366491512,11.282567539250826,94.23776667475562,32.05867561946664,58.88631363171436,30.327999662151434
2021-04-10 12:00:00,23,4,27.0,126.0,24.0,98.14285714285714,26.348956197020858,10.151121661217935,27.469757452944567,11.282567539250826,78.58789063987196,32.05867561946664,48.00713974046317,30.327999662151434
2021-04-10 13:00:00,22,4,23.0,159.0,21.0,129.0,20.15589102536316,10.151121661217935,23.815784874507347,11.282567539250826,84.48975009473911,32.05867561946664,59.292118404333436,30.327999662151434
2021-04-10 14:00:00,26,4,22.0,163.0,21.0,126.42857142857143,30.51550762299191,10.151121661217935,31.357133773071528,11.282567539250826,90.80395730391209,32.05867561946664,59.444064497133006,30.327999662151434
2021-04-10 15:00:00,27,4,26.0,151.0,26.0,123.0,23.602711396968928,10.151121661217935,24.560732350562798,11.282567539250826,90.72353798497105,32.05867561946664,54.966302198264955,30.327999662151434
2021-04-10 16:00:00,23,4,27.0,157.0,21.0,120.0,20.965146405543376,10.151121661217935,23.577761231651813,11.282567539250826,85.02506795429632,32.05867561946664,59.456152210527314,30.327999662151434
2021-04-10 17:00:00,23,4,23.0,153.0,21.0,113.28571428571429,22.112853104517946,10.151121661217935,23.933744949035873,11.282567539250826,81.32340982586497,32.05867561946664,52.843785335617724,30.327999662151434
2021-04-10 18:00:00,27,4,23.0,165.0,25.0,110.28571428571429,23.172262073675608,10.151121661217935,23.89179743578204,11.282567539250826,93.83567969760047,32.05867561946664,56.966414057842734,30.327999662151434
2021-04-10 19:00:00,22,4,27.0,155.0,21.0,104.57142857142857,19.974596138918358,10.151121661217935,21.00464466007724,11.282567539250826,85.73763059628341,32.05867561946664,59.03529218223242,30.327999662151434
2021-04-10 20:00:00,22,4,22.0,114.0,21.0,93.57142857142857,19.948928110564204,10.151121661217935,19.955523008738584,11.282567539250826,79.1598302957441,32.05867561946664,53.798627751975495,30.327999662151434
2021-04-10 21:00:00,28,4,22.0,121.0,26.0,92.57142857142857,26.193520300545405,10.151121661217935,27.533562840467606,11.282567539250826,85.82858542018138,32.05867561946664,55.89362740736066,30.327999662151434
2021-04-10 22:00:00,23,4,28.0,122.0,22.0,88.14285714285714,21.49169043744859,10.151121661217935,23.249615563081658,11.282567539250826,78.47748455557253,32.05867561946664,49.666174038653274,30.327999662151434
2021-04-10 23:00:00,23,4,23.0,110.0,21.0,85.0,21.248171715771946,10.151121661217935,24.41213231183651,11.282567539250826,72.49411315995441,32.05867561946664,42.824326485824734,30.327999662151434
2021-04-11 00:00:00,20,4,23.0,63.0,22.0,42.142857142857146,25.678483328773876,10.151121661217935,27.945611744999656,11.282567539250826,40.41172414912164,32.05867561946664,57.45101720819159,30.327999662151434
2021-04-11 01:00:00,25,4,20.0,115.0,25.0,62.0,25.37585511926522,10.151121661217935,27.402576890810657,11.282567539250826,17.937643347755394,32.05867561946664,26.96886761465912,30.327999662151434
2021-04-11 02:00:00,20,4,25.0,110.0,21.0,61.57142857142857,20.556758691504978,10.151121661217935,21.34605142360215,11.282567539250826,26.11653690278108,32.05867561946664,31.277350840255444,30.327999662151434
2021-04-11 03:00:00,20,4,20.0,111.0,21.0,61.57142857142857,19.509140581953478,10.151121661217935,20.0998718704525,11.282567539250826,22.994942666479965,32.05867561946664,27.747978335763392,30.327999662151434
2021-04-11 04:00:00,25,4,20.0,114.0,26.0,59.285714285714285,31.875362626643028,10.151121661217935,34.99761616856918,11.282567539250826,13.451595184218824,32.05867561946664,26.536787674532764,30.327999662151434
2021-04-11 05:00:00,20,4,25.0,99.0,21.0,56.42857142857143,20.697559585476156,10.151121661217935,21.12974499319657,11.282567539250826,10.636637354613292,32.05867561946664,26.287696143517454,30.327999662151434
2021-04-11 06:00:00,20,4,20.0,114.0,21.0,62.857142857142854,22.16307329530791,10.151121661217935,23.311602116123783,11.282567539250826,20.938980194844454,32.05867561946664,27.724861843826226,30.327999662151434
2021-04-11 07:00:00,23,4,20.0,88.0,25.0,101.71428571428571,30.660861444836474,10.151121661217935,34.47478974017968,11.282567539250826,69.93827669335394,32.05867561946664,70.2783819314235,30.327999662151434
2021-04-11 08:00:00,24,4,23.0,27.0,21.0,139.57142857142858,36.855021356658526,10.151121661217935,33.20875327827973,11.282567539250826,121.40294312222947,32.05867561946664,107.65658149116764,30.327999662151434
2021-04-11 09:00:00,20,4,24.0,23.0,21.0,132.42857142857142,21.783189862397233,10.151121661217935,22.960610235804992,11.282567539250826,118.67734960589543,32.05867561946664,114.98429451457368,30.327999662151434
2021-04-11 10:00:00,23,4,20.0,22.0,26.0,129.42857142857142,21.94011738504789,10.151121661217935,22.82476355247808,11.282567539250826,123.05717009514623,32.05867561946664,116.5632183468177,30.327999662151434
2021-04-11 11:00:00,24,4,23.0,27.0,24.0,132.42857142857142,25.15437764050499,10.151121661217935,26.42541633180701,11.282567539250826,120.780469448197,32.05867561946664,118.88261461245068,30.327999662151434
2021-04-11 12:00:00,20,4,24.0,23.0,21.0,98.0,22.267424283902102,10.151121661217935,25.1922102862799,11.282567539250826,120.85674791396336,32.05867561946664,113.33760040483882,30.327999662151434
2021-04-11 13:00:00,20,4,20.0,22.0,24.0,129.14285714285714,21.132533798307193,10.151121661217935,22.053845658002242,11.282567539250826,123.86859536880705,32.05867561946664,116.58359398821096,30.327999662151434
2021-04-11 14:00:00,25,4,20.0,26.0,26.0,127.14285714285714,23.92474360740886,10.151121661217935,24.396935391954628,11.282567539250826,121.22766265684659,32.05867561946664,111.55815459573961,30.327999662151434
2021-04-11 15:00:00,20,4,25.0,27.0,21.0,123.14285714285714,20.936896637115925,10.151121661217935,21.45413009586178,11.282567539250826,117.92888493729993,32.05867561946664,113.39128525699535,30.327999662151434
2021-04-11 16:00:00,20,4,20.0,23.0,20.0,120.28571428571429,20.103395612813834,10.151121661217935,21.15784186348367,11.282567539250826,119.48151788550935,32.05867561946664,112.06147159771635,30.327999662151434
2021-04-11 17:00:00,25,4,20.0,23.0,25.0,113.57142857142857,26.141475758471504,10.151121661217935,24.66793593660323,11.282567539250826,121.83894366574812,32.05867561946664,106.53479468266508,30.327999662151434
2021-04-11 18:00:00,20,4,25.0,27.0,21.0,110.57142857142857,27.091595510029,10.151121661217935,29.803749005190042,11.282567539250826,116.86844552306265,32.05867561946664,107.87355211870491,30.327999662151434
2021-04-11 19:00:00,20,4,20.0,22.0,21.0,104.71428571428571,22.034540325317998,10.151121661217935,24.596425905432678,11.282567539250826,117.72712716080329,32.05867561946664,111.81231680347467,30.327999662151434
2021-04-11 20:00:00,25,4,20.0,22.0,26.0,93.71428571428571,20.591312801290233,10.151121661217935,21.823689211552797,11.282567539250826,112.83544253033583,32.05867561946664,104.68726400407887,30.327999662151434
2021-04-11 21:00:00,24,4,25.0,28.0,22.0,92.85714285714286,21.002341301553987,10.151121661217935,22.891780202071697,11.282567539250826,101.13189138422128,32.05867561946664,100.94156495057892,30.327999662151434
2021-04-11 22:00:00,20,4,24.0,23.0,21.0,88.28571428571429,23.888248972224815,10.151121661217935,23.926445756465917,11.282567539250826,94.74756654869473,32.05867561946664,98.13882509006946,30.327999662151434
2021-04-11 23:00:00,22,4,20.0,23.0,25.0,85.28571428571429,21.333466012031938,10.151121661217935,22.227790621720906,11.282567539250826,82.7944847836347,32.05867561946664,84.84658499903173,30.327999662151434
2021-04-12 00:00:00,71,4,22.0,20.0,26.0,41.857142857142854,25.241213963556152,10.151121661217935,23.118142543213196,11.282567539250826,33.137143534390276,32.05867561946664,39.772121783558305,30.327999662151434
2021-04-12 01:00:00,97,4,71.0,25.0,21.0,62.0,104.60115283209642,10.151121661217935,94.1503166245975,11.282567539250826,46.52248431926671,32.05867561946664,40.83619508154805,30.327999662151434
2021-04-12 02:00:00,96,4,97.0,20.0,21.0,61.42857142857143,96.68049503676255,10.151121661217935,88.49314093053786,11.282567539250826,46.88637541284462,32.05867561946664,42.594391804861885,30.327999662151434
2021-04-12 03:00:00,96,4,96.0,20.0,26.0,61.42857142857143,97.3480346561591,10.151121661217935,87.43511891812862,11.282567539250826,44.59056027525568,32.05867561946664,42.53952580185786,30.327999662151434
2021-04-12 04:00:00,91,4,96.0,25.0,21.0,59.142857142857146,91.43086680290295,10.151121661217935,84.43583684595596,11.282567539250826,43.46148779166056,32.05867561946664,41.01517340099602,30.327999662151434
2021-04-12 05:00:00,105,4,91.0,20.0,21.0,56.285714285714285,85.37948502426391,10.151121661217935,81.10530440453098,11.282567539250826,39.60697552819596,32.05867561946664,40.05073603030333,30.327999662151434
2021-04-12 06:00:00,102,4,105.0,20.0,25.0,62.714285714285715,93.34359950531567,10.151121661217935,87.89597716159277,11.282567539250826,49.28390279920056,32.05867561946664,41.647568886474154,30.327999662151434
2021-04-12 07:00:00,134,4,102.0,23.0,97.0,101.42857142857143,119.94699695443502,10.151121661217935,115.73066226505331,11.282567539250826,106.35136710035925,32.05867561946664,102.19259117325326,30.327999662151434
2021-04-12 08:00:00,179,4,134.0,24.0,184.0,140.0,169.00880735955923,10.151121661217935,172.92828385317486,11.282567539250826,180.31095365423417,32.05867561946664,185.8006897346006,30.327999662151434
2021-04-12 09:00:00,175,4,179.0,20.0,181.0,132.28571428571428,181.18200377976777,10.151121661217935,184.1333696860816,11.282567539250826,172.16655886297073,32.05867561946664,184.67358985941368,30.327999662151434
2021-04-12 10:00:00,172,4,175.0,23.0,164.0,129.0,184.51894068848176,10.151121661217935,183.9522051872582,11.282567539250826,165.67793266574935,32.05867561946664,180.10460548633677,30.327999662151434
2021-04-12 11:00:00,172,4,172.0,24.0,179.0,132.42857142857142,174.79526479492597,10.151121661217935,174.40533095435478,11.282567539250826,170.6652871174705,32.05867561946664,179.79380051574518,30.327999662151434
2021-04-12 12:00:00,130,4,172.0,20.0,134.0,97.85714285714286,130.7055184715074,10.151121661217935,132.41821342011937,11.282567539250826,125.68972609725913,32.05867561946664,129.55523782984,30.327999662151434
2021-04-12 13:00:00,182,4,130.0,20.0,182.0,128.57142857142858,170.04172515242584,10.151121661217935,171.85191843273466,11.282567539250826,169.73535056194925,32.05867561946664,188.46806389505676,30.327999662151434
2021-04-12 14:00:00,173,4,182.0,25.0,170.0,127.0,179.4371971879262,10.151121661217935,178.05039490649767,11.282567539250826,163.38124753801696,32.05867561946664,181.50688587442554,30.327999662151434
2021-04-12 15:00:00,179,4,173.0,20.0,167.0,123.0,170.75313951038916,10.151121661217935,173.04997154184466,11.282567539250826,164.21830212604024,32.05867561946664,180.34249170813737,30.327999662151434
2021-04-12 16:00:00,163,4,179.0,20.0,162.0,120.28571428571429,169.6986240404223,10.151121661217935,172.05673050687005,11.282567539250826,162.86617754943305,32.05867561946664,178.1545829616848,30.327999662151434
2021-04-12 17:00:00,142,4,163.0,25.0,146.0,113.57142857142857,156.01391245502927,10.151121661217935,154.9539435306488,11.282567539250826,144.63339193022395,32.05867561946664,163.37881908989684,30.327999662151434
2021-04-12 18:00:00,147,4,142.0,20.0,141.0,110.42857142857143,133.27608240903606,10.151121661217935,136.66621000348024,11.282567539250826,128.27058659448318,32.05867561946664,143.64299532180917,30.327999662151434
2021-04-12 19:00:00,154,4,147.0,20.0,133.0,104.57142857142857,132.62472593197265,10.151121661217935,135.9873053615734,11.282567539250826,124.09680648392577,32.05867561946664,141.9371144749815,30.327999662151434
2021-04-12 20:00:00,119,4,154.0,25.0,117.0,93.57142857142857,127.2657349733553,10.151121661217935,127.49140965757401,11.282567539250826,116.56869491658536,32.05867561946664,112.84875503185461,30.327999662151434
2021-04-12 21:00:00,114,4,119.0,24.0,110.0,93.14285714285714,120.10627402558336,10.151121661217935,119.7145498988457,11.282567539250826,109.1098807537084,32.05867561946664,102.83542107255123,30.327999662151434
2021-04-12 22:00:00,107,4,114.0,20.0,110.0,88.14285714285714,111.47677111480618,10.151121661217935,111.70010605152798,11.282567539250826,109.73404583468715,32.05867561946664,106.33934366382069,30.327999662151434
2021-04-12 23:00:00,104,4,107.0,22.0,114.0,84.85714285714286,113.63739624108936,10.151121661217935,114.73841723801229,11.282567539250826,107.41894164327891,32.05867561946664,104.00813013539208,30.327999662151434
2021-04-13 00:00:00,71,4,104.0,71.0,68.0,48.285714285714285,80.52366489751196,10.151121661217935,74.69291675821526,11.282567539250826,85.04817400129329,32.05867561946664,63.9053423005112,30.327999662151434
2021-04-13 01:00:00,97,4,71.0,97.0,117.0,72.85714285714286,114.121710085333,10.151121661217935,112.66452229905863,11.282567539250826,106.07565251373522,32.05867561946664,101.86979276914715,30.327999662151434
2021-04-13 02:00:00,96,4,97.0,96.0,120.0,72.14285714285714,123.89486026163327,10.151121661217935,127.84557363834583,11.282567539250826,105.45107805623363,32.05867561946664,107.89339211026973,30.327999662151434
2021-04-13 03:00:00,96,4,96.0,96.0,113.0,71.42857142857143,123.50342309005855,10.151121661217935,124.04144321621995,11.282567539250826,101.98655328662103,32.05867561946664,97.32921637283337,30.327999662151434
2021-04-13 04:00:00,91,4,96.0,91.0,108.0,69.14285714285714,107.75759141970296,10.151121661217935,106.66706900374308,11.282567539250826,101.64828492333807,32.05867561946664,103.52731595969831,30.327999662151434
2021-04-13 05:00:00,105,4,91.0,105.0,94.0,68.28571428571429,128.04062532249108,10.151121661217935,121.81886233251635,11.282567539250826,103.66196218068366,32.05867561946664,93.91399940641344,30.327999662151434
2021-04-13 06:00:00,102,4,105.0,102.0,112.0,73.71428571428571,136.43139780002988,10.151121661217935,132.42023999678767,11.282567539250826,102.00415872433872,32.05867561946664,107.10061941876636,30.327999662151434
2021-04-13 07:00:00,134,4,102.0,134.0,142.0,106.71428571428571,128.45009496992222,10.151121661217935,134.52297798863154,11.282567539250826,128.49214928682468,32.05867561946664,139.12463708633774,30.327999662151434
2021-04-13 08:00:00,179,4,134.0,179.0,181.0,139.28571428571428,163.87867569716417,10.151121661217935,171.69497585507085,11.282567539250826,185.59958360574544,32.05867561946664,181.38196204010123,30.327999662151434
2021-04-13 09:00:00,175,4,179.0,175.0,177.0,131.42857142857142,189.96961505780715,10.151121661217935,190.60589974414077,11.282567539250826,181.48432375606095,32.05867561946664,180.2694959817683,30.327999662151434
2021-04-13 10:00:00,172,4,175.0,172.0,174.0,130.14285714285714,175.03818103535033,10.151121661217935,174.38805220896106,11.282567539250826,175.88432205515954,32.05867561946664,171.6675211621232,30.327999662151434
2021-04-13 11:00:00,172,4,172.0,172.0,178.0,131.42857142857142,168.7661563757617,10.151121661217935,170.293783506828,11.282567539250826,180.19954461859584,32.05867561946664,175.57262844164757,30.327999662151434
2021-04-13 12:00:00,130,4,172.0,130.0,129.0,97.28571428571429,131.7862717496262,10.151121661217935,128.23621800598502,11.282567539250826,126.70454629167338,32.05867561946664,126.67888728438238,30.327999662151434
2021-04-13 13:00:00,182,4,130.0,182.0,170.0,128.57142857142858,176.00010727064458,10.151121661217935,178.11585613371628,11.282567539250826,177.2826914874,32.05867561946664,174.94697944733778,30.327999662151434
2021-04-13 14:00:00,173,4,182.0,173.0,180.0,127.42857142857143,173.66543123156134,10.151121661217935,175.09129085438812,11.282567539250826,174.72678628682345,32.05867561946664,171.9269289224706,30.327999662151434
2021-04-13 15:00:00,179,4,173.0,179.0,177.0,124.71428571428571,173.9350460179124,10.151121661217935,173.2393975029859,11.282567539250826,173.15127592809858,32.05867561946664,170.7907863758784,30.327999662151434
2021-04-13 16:00:00,163,4,179.0,163.0,164.0,120.42857142857143,173.98557375345501,10.151121661217935,172.1509093109524,11.282567539250826,163.97961966337527,32.05867561946664,164.05503635793053,30.327999662151434
2021-04-13 17:00:00,142,4,163.0,142.0,153.0,113.0,154.73253144736717,10.151121661217935,151.1625833834091,11.282567539250826,149.2935825079912,32.05867561946664,149.85833070195946,30.327999662151434
2021-04-13 18:00:00,147,4,142.0,147.0,169.0,111.28571428571429,157.8731002856498,10.151121661217935,158.19996758716363,11.282567539250826,151.5866313784552,32.05867561946664,155.91418494460407,30.327999662151434
2021-04-13 19:00:00,154,4,147.0,154.0,172.0,107.57142857142857,151.7682599620006,10.151121661217935,152.93858513871572,11.282567539250826,155.40953508924514,32.05867561946664,154.29652189480657,30.327999662151434
2021-04-13 20:00:00,119,4,154.0,119.0,129.0,93.85714285714286,126.87272957440031,10.151121661217935,126.10984823470335,11.282567539250826,129.56957456071285,32.05867561946664,129.2351941198706,30.327999662151434
2021-04-13 21:00:00,114,4,119.0,114.0,134.0,93.71428571428571,120.93036774269103,10.151121661217935,120.86551297417446,11.282567539250826,128.27118289305758,32.05867561946664,129.27900608936997,30.327999662151434
2021-04-13 22:00:00,107,4,114.0,107.0,115.0,87.71428571428571,119.51239849450329,10.151121661217935,118.45561499746039,11.282567539250826,112.90651596698353,32.05867561946664,112.92607987713438,30.327999662151434
2021-04-13 23:00:00,104,4,107.0,104.0,106.0,83.42857142857143,112.64300998865814,10.151121661217935,112.5851995181445,11.282567539250826,110.07773414815716,32.05867561946664,108.58855666794263,30.327999662151434
2021-04-14 00:00:00,71,4,104.0,71.0,21.0,48.714285714285715,48.51023689427477,10.151121661217935,51.47595662987104,11.282567539250826,80.97122096209401,32.05867561946664,37.00744957941714,30.327999662151434
2021-04-14 01:00:00,97,4,71.0,97.0,21.0,70.0,101.12407048260361,10.151121661217935,98.96230317643277,11.282567539250826,96.02312950638941,32.05867561946664,40.31305815614864,30.327999662151434
2021-04-14 02:00:00,96,4,97.0,96.0,26.0,68.71428571428571,86.86329334394732,10.151121661217935,96.36668274024758,11.282567539250826,94.340167511081,32.05867561946664,47.45702187256144,30.327999662151434
2021-04-14 03:00:00,96,4,96.0,96.0,24.0,69.0,92.20251728904594,10.151121661217935,95.71386926157156,11.282567539250826,95.23441447526478,32.05867561946664,43.84447203784545,30.327999662151434
2021-04-14 04:00:00,91,4,96.0,91.0,21.0,66.71428571428571,90.18192933239513,10.151121661217935,91.86985192814575,11.282567539250826,94.62371142567976,32.05867561946664,45.01544141756865,30.327999662151434
2021-04-14 05:00:00,105,4,91.0,105.0,25.0,69.85714285714286,89.3477081915451,10.151121661217935,87.1216758545677,11.282567539250826,93.92436557396861,32.05867561946664,51.36267084040065,30.327999662151434
2021-04-14 06:00:00,102,4,105.0,102.0,26.0,72.28571428571429,97.5953251430833,10.151121661217935,100.97749300482702,11.282567539250826,95.64973351477117,32.05867561946664,53.29852749705414,30.327999662151434
2021-04-14 07:00:00,134,4,102.0,134.0,95.0,105.57142857142857,107.43655466243455,10.151121661217935,108.22811350699921,11.282567539250826,110.16293119972484,32.05867561946664,118.74949772331318,30.327999662151434
2021-04-14 08:00:00,179,4,134.0,179.0,199.0,139.0,156.68486732399438,10.151121661217935,160.20068698631044,11.282567539250826,178.3860519654624,32.05867561946664,174.99792623974105,30.327999662151434
2021-04-14 09:00:00,175,4,179.0,175.0,187.0,131.14285714285714,170.8929933263014,10.151121661217935,170.56009927664607,11.282567539250826,176.4336948608681,32.05867561946664,171.8849333927181,30.327999662151434
2021-04-14 10:00:00,172,4,175.0,172.0,177.0,129.85714285714286,174.64329945063022,10.151121661217935,171.19401034888736,11.282567539250826,173.5276094117252,32.05867561946664,169.48244639979112,30.327999662151434
2021-04-14 11:00:00,172,4,172.0,172.0,179.0,130.57142857142858,166.6459049972468,10.151121661217935,167.75967166689273,11.282567539250826,177.96687438272508,32.05867561946664,170.8703738151531,30.327999662151434
2021-04-14 12:00:00,130,4,172.0,130.0,123.0,97.42857142857143,122.695699101101,10.151121661217935,125.55206467734372,11.282567539250826,122.88449128790398,32.05867561946664,122.2374007929873,30.327999662151434
2021-04-14 13:00:00,182,4,130.0,182.0,173.0,130.28571428571428,166.58950578220768,10.151121661217935,168.44574312064802,11.282567539250826,173.69494761057933,32.05867561946664,172.82736760982064,30.327999662151434
2021-04-14 14:00:00,173,4,182.0,173.0,167.0,126.42857142857143,173.03093335867052,10.151121661217935,174.04310675563312,11.282567539250826,175.05361523816674,32.05867561946664,172.41270234612475,30.327999662151434
2021-04-14 15:00:00,179,4,173.0,179.0,173.0,125.0,169.40843537878456,10.151121661217935,168.45464621660784,11.282567539250826,171.57790042896656,32.05867561946664,168.24188759421378,30.327999662151434
2021-04-14 16:00:00,163,4,179.0,163.0,163.0,120.28571428571429,166.57185692936724,10.151121661217935,164.8322250895659,11.282567539250826,163.2312109632162,32.05867561946664,164.22027271834978,30.327999662151434
2021-04-14 17:00:00,142,4,163.0,142.0,155.0,111.42857142857143,156.5420109336906,10.151121661217935,154.16224078946038,11.282567539250826,149.22151461265824,32.05867561946664,150.06877927287374,30.327999662151434
2021-04-14 18:00:00,147,4,142.0,147.0,140.0,108.14285714285714,138.67540727184303,10.151121661217935,139.11508669765664,11.282567539250826,130.2345990629537,32.05867561946664,130.59286231483912,30.327999662151434
2021-04-14 19:00:00,154,4,147.0,154.0,124.0,105.0,145.14114037110969,10.151121661217935,144.87706905114985,11.282567539250826,141.23160351376134,32.05867561946664,136.17697168296817,30.327999662151434
2021-04-14 20:00:00,119,4,154.0,119.0,138.0,92.42857142857143,127.26944300023813,10.151121661217935,127.20802451623193,11.282567539250826,125.81836009185372,32.05867561946664,126.14694355341763,30.327999662151434
2021-04-14 21:00:00,114,4,119.0,114.0,128.0,90.85714285714286,121.56627530055735,10.151121661217935,121.41322982303646,11.282567539250826,131.34527592983366,32.05867561946664,127.95924413402068,30.327999662151434
2021-04-14 22:00:00,107,4,114.0,107.0,120.0,86.57142857142857,112.40945560974849,10.151121661217935,112.16200462448576,11.282567539250826,116.03920804723917,32.05867561946664,116.62226772442683,30.327999662151434
2021-04-14 23:00:00,104,4,107.0,104.0,118.0,83.14285714285714,113.84652012001065,10.151121661217935,115.12419497477403,11.282567539250826,113.57461541846115,32.05867561946664,112.48136705701448,30.327999662151434
2021-04-15 00:00:00,71,4,104.0,71.0,72.0,55.857142857142854,58.79385640182861,10.151121661217935,62.24212631924767,11.282567539250826,90.15903292637473,32.05867561946664,63.75101568767651,30.327999662151434
2021-04-15 01:00:00,97,4,71.0,97.0,112.0,80.85714285714286,111.97670271825994,10.151121661217935,109.44064064547844,11.282567539250826,107.08629226533806,32.05867561946664,103.40044455365921,30.327999662151434
2021-04-15 02:00:00,96,4,97.0,96.0,106.0,78.71428571428571,100.52357100702086,10.151121661217935,106.65508918404294,11.282567539250826,105.65418506581581,32.05867561946664,106.56256588603364,30.327999662151434
2021-04-15 03:00:00,96,4,96.0,96.0,113.0,79.28571428571429,100.38499897782003,10.151121661217935,104.04120218365632,11.282567539250826,105.75083616902386,32.05867561946664,105.51080474050414,30.327999662151434
2021-04-15 04:00:00,91,4,96.0,91.0,102.0,76.71428571428571,103.29577996472713,10.151121661217935,101.27540790293872,11.282567539250826,102.67943100341623,32.05867561946664,103.56692097019578,30.327999662151434
2021-04-15 05:00:00,105,4,91.0,105.0,109.0,81.28571428571429,103.82572641013849,10.151121661217935,99.6493371752435,11.282567539250826,105.61921089718845,32.05867561946664,106.1897951802957,30.327999662151434
2021-04-15 06:00:00,102,4,105.0,102.0,115.0,83.14285714285714,112.06961136012369,10.151121661217935,111.5400956436115,11.282567539250826,107.86248888333469,32.05867561946664,108.91984846947011,30.327999662151434
2021-04-15 07:00:00,134,4,102.0,134.0,134.0,111.14285714285714,110.49665120102907,10.151121661217935,111.552555636718,11.282567539250826,127.48003824139208,32.05867561946664,133.65306766192916,30.327999662151434
2021-04-15 08:00:00,179,4,134.0,179.0,181.0,136.14285714285714,156.74620788220057,10.151121661217935,161.53914286269412,11.282567539250826,171.1771686161037,32.05867561946664,174.2463539053293,30.327999662151434
2021-04-15 09:00:00,175,4,179.0,175.0,174.0,129.42857142857142,172.96674935020306,10.151121661217935,174.44680864944104,11.282567539250826,170.40153556178026,32.05867561946664,166.8787453073651,30.327999662151434
2021-04-15 10:00:00,172,4,175.0,172.0,174.0,129.14285714285714,174.39518975274183,10.151121661217935,172.0643159724119,11.282567539250826,165.4643725251793,32.05867561946664,165.4107475165699,30.327999662151434
2021-04-15 11:00:00,172,4,172.0,172.0,167.0,129.57142857142858,166.62748078715572,10.151121661217935,167.64771773838623,11.282567539250826,167.9045844520617,32.05867561946664,167.87384158590365,30.327999662151434
2021-04-15 12:00:00,130,4,172.0,130.0,130.0,98.42857142857143,123.52687738983131,10.151121661217935,120.13227678785448,11.282567539250826,131.72260168359279,32.05867561946664,126.64878717027119,30.327999662151434
2021-04-15 13:00:00,182,4,130.0,182.0,174.0,131.57142857142858,166.43850498183227,10.151121661217935,168.40083815652955,11.282567539250826,164.34361922050874,32.05867561946664,170.65652667775373,30.327999662151434
2021-04-15 14:00:00,173,4,182.0,173.0,158.0,127.28571428571429,170.9461451846496,10.151121661217935,173.06029407862988,11.282567539250826,163.2081965985608,32.05867561946664,163.39988555791868,30.327999662151434
2021-04-15 15:00:00,179,4,173.0,179.0,146.0,125.85714285714286,168.372408032963,10.151121661217935,166.16023534513434,11.282567539250826,151.99340856099192,32.05867561946664,155.54257072547205,30.327999662151434
2021-04-15 16:00:00,163,4,179.0,163.0,153.0,120.28571428571429,164.08307945592685,10.151121661217935,161.68005517005207,11.282567539250826,153.23200799401693,32.05867561946664,156.38273690928483,30.327999662151434
2021-04-15 17:00:00,142,4,163.0,142.0,140.0,109.57142857142857,138.25103919497306,10.151121661217935,137.69243144398806,11.282567539250826,129.97873995882804,32.05867561946664,132.48672536200783,30.327999662151434
2021-04-15 18:00:00,147,4,142.0,147.0,111.0,109.14285714285714,136.43073117906226,10.151121661217935,138.08422339058342,11.282567539250826,124.20294323971723,32.05867561946664,128.73360584452328,30.327999662151434
2021-04-15 19:00:00,154,4,147.0,154.0,106.0,109.28571428571429,144.17536357758274,10.151121661217935,144.35226634834214,11.282567539250826,129.80809552219478,32.05867561946664,132.743199969546,30.327999662151434
2021-04-15 20:00:00,119,4,154.0,119.0,110.0,89.71428571428571,124.29220853584422,10.151121661217935,124.55610490049341,11.282567539250826,121.46195699553188,32.05867561946664,120.99807291174444,30.327999662151434
2021-04-15 21:00:00,114,4,119.0,114.0,107.0,88.85714285714286,119.29211856052413,10.151121661217935,119.29164816358923,11.282567539250826,124.93906725549327,32.05867561946664,119.5815442101025,30.327999662151434
2021-04-15 22:00:00,107,4,114.0,107.0,107.0,84.71428571428571,111.38399968588556,10.151121661217935,111.46212032270753,11.282567539250826,117.68575335006501,32.05867561946664,113.82463671911292,30.327999662151434
2021-04-15 23:00:00,104,4,107.0,104.0,101.0,81.14285714285714,112.86307705871745,10.151121661217935,114.48016715270327,11.282567539250826,117.08420366007505,32.05867561946664,111.38450179584962,30.327999662151434
2021-04-16 00:00:00,71,4,104.0,71.0,23.0,55.714285714285715,47.08890015056466,10.151121661217935,49.221348430210796,11.282567539250826,73.54115767879752,32.05867561946664,39.39618780420276,30.327999662151434
2021-04-16 01:00:00,97,4,71.0,97.0,23.0,78.71428571428571,98.3438617293442,10.151121661217935,99.57893485999396,11.282567539250826,79.03028344737922,32.05867561946664,41.951691318142956,30.327999662151434
2021-04-16 02:00:00,96,4,97.0,96.0,27.0,77.28571428571429,86.32067980695022,10.151121661217935,97.75850425787394,11.282567539250826,80.53461846049079,32.05867561946664,46.64814854213109,30.327999662151434
2021-04-16 03:00:00,96,4,96.0,96.0,23.0,76.85714285714286,91.31099213709516,10.151121661217935,98.77323108027359,11.282567539250826,78.8561186334399,32.05867561946664,41.73536527743834,30.327999662151434
2021-04-16 04:00:00,91,4,96.0,91.0,23.0,75.14285714285714,87.92739394934777,10.151121661217935,90.23900930051438,11.282567539250826,76.39330591003086,32.05867561946664,46.76172486706686,30.327999662151434
2021-04-16 05:00:00,105,4,91.0,105.0,26.0,80.71428571428571,88.00736303914788,10.151121661217935,86.72766609827517,11.282567539250826,72.19423962018959,32.05867561946664,43.23011102990783,30.327999662151434
2021-04-16 06:00:00,102,4,105.0,102.0,27.0,81.28571428571429,96.80859482455463,10.151121661217935,100.28707179601705,11.282567539250826,78.80026408389232,32.05867561946664,43.6304725311243,30.327999662151434
2021-04-16 07:00:00,134,4,102.0,134.0,131.0,111.14285714285714,107.18849743684565,10.151121661217935,111.93808423644532,11.282567539250826,85.58985162542814,32.05867561946664,118.55407286249604,30.327999662151434
2021-04-16 08:00:00,179,4,134.0,179.0,184.0,135.85714285714286,152.17162877611193,10.151121661217935,160.03366084749678,11.282567539250826,123.34380226311393,32.05867561946664,159.31367858591497,30.327999662151434
2021-04-16 09:00:00,175,4,179.0,175.0,164.0,129.57142857142858,169.07359832481544,10.151121661217935,174.33088307457143,11.282567539250826,121.48019416375408,32.05867561946664,157.87444787103522,30.327999662151434
2021-04-16 10:00:00,172,4,175.0,172.0,169.0,128.85714285714286,172.11487014580834,10.151121661217935,171.23895429388588,11.282567539250826,117.53693262228899,32.05867561946664,149.2985078322612,30.327999662151434
2021-04-16 11:00:00,172,4,172.0,172.0,173.0,130.28571428571428,164.44245118993413,10.151121661217935,168.43929187499563,11.282567539250826,113.2885532454134,32.05867561946664,159.2226510096367,30.327999662151434
2021-04-16 12:00:00,130,4,172.0,130.0,126.0,98.42857142857143,122.36831653105736,10.151121661217935,124.6447134351126,11.282567539250826,82.40558008122589,32.05867561946664,102.91509977808572,30.327999662151434
2021-04-16 13:00:00,182,4,130.0,182.0,159.0,132.71428571428572,162.39053265431025,10.151121661217935,166.93167845561328,11.282567539250826,117.0166222094308,32.05867561946664,155.03386668905227,30.327999662151434
2021-04-16 14:00:00,173,4,182.0,173.0,163.0,129.42857142857142,170.69909287328412,10.151121661217935,174.33426035807776,11.282567539250826,114.57864051684113,32.05867561946664,151.50228524145905,30.327999662151434
2021-04-16 15:00:00,179,4,173.0,179.0,151.0,130.57142857142858,167.42485725782544,10.151121661217935,167.62620063517747,11.282567539250826,106.11924445327985,32.05867561946664,141.5339002330622,30.327999662151434
2021-04-16 16:00:00,163,4,179.0,163.0,157.0,121.71428571428571,164.68662653524075,10.151121661217935,164.29200320441996,11.282567539250826,107.42872082768638,32.05867561946664,143.54486358904106,30.327999662151434
2021-04-16 17:00:00,142,4,163.0,142.0,153.0,109.85714285714286,153.01218385579378,10.151121661217935,152.51993446047538,11.282567539250826,100.42968241282833,32.05867561946664,128.81707602758695,30.327999662151434
2021-04-16 18:00:00,147,4,142.0,147.0,165.0,114.28571428571429,148.47262459982113,10.151121661217935,152.01405570909014,11.282567539250826,102.07182819303793,32.05867561946664,134.46776217662702,30.327999662151434
2021-04-16 19:00:00,154,4,147.0,154.0,155.0,116.14285714285714,138.94871949214982,10.151121661217935,140.86116341890198,11.282567539250826,105.56271138459039,32.05867561946664,138.92758949565507,30.327999662151434
2021-04-16 20:00:00,119,4,154.0,119.0,114.0,91.0,124.42500622571973,10.151121661217935,125.01806473993713,11.282567539250826,78.68717395946928,32.05867561946664,106.1002579140106,30.327999662151434
2021-04-16 21:00:00,114,4,119.0,114.0,121.0,89.85714285714286,120.79669359669218,10.151121661217935,120.46739912991774,11.282567539250826,80.46633593544414,32.05867561946664,108.14888744365278,30.327999662151434
2021-04-16 22:00:00,107,4,114.0,107.0,122.0,84.71428571428571,112.77087439896673,10.151121661217935,112.53168562975348,11.282567539250826,75.69585688661387,32.05867561946664,103.08697411603085,30.327999662151434
2021-04-16 23:00:00,104,4,107.0,104.0,110.0,81.57142857142857,113.13886383577302,10.151121661217935,114.5010464607957,11.282567539250826,80.09940337554298,32.05867561946664,100.90655459881937,30.327999662151434
2021-04-17 00:00:00,63,4,104.0,71.0,63.0,62.57142857142857,58.24398818817919,10.151121661217935,59.727425495067386,11.282567539250826,87.57938370553838,32.05867561946664,71.00276582174439,30.327999662151434
2021-04-17 01:00:00,115,4,63.0,97.0,115.0,89.28571428571429,98.54630974523019,10.151121661217935,106.49185012083728,11.282567539250826,90.00597866852279,32.05867561946664,113.21247859031911,30.327999662151434
2021-04-17 02:00:00,110,4,115.0,96.0,110.0,87.14285714285714,106.10545488363587,10.151121661217935,109.87421326943507,11.282567539250826,87.01966243755196,32.05867561946664,110.94060198348824,30.327999662151434
2021-04-17 03:00:00,111,4,110.0,96.0,111.0,87.28571428571429,105.04691955983826,10.151121661217935,108.2163566533006,11.282567539250826,87.18729650297522,32.05867561946664,111.42064559058525,30.327999662151434
2021-04-17 04:00:00,114,4,111.0,91.0,114.0,84.85714285714286,106.74198641247683,10.151121661217935,108.77538679210168,11.282567539250826,79.36456266825874,32.05867561946664,107.1966479693408,30.327999662151434
2021-04-17 05:00:00,99,4,114.0,105.0,99.0,92.0,104.01699000060944,10.151121661217935,103.54977562952955,11.282567539250826,82.30839202724253,32.05867561946664,106.03139367066177,30.327999662151434
2021-04-17 06:00:00,114,4,99.0,102.0,114.0,92.0,114.00598336726233,10.151121661217935,116.84501482275685,11.282567539250826,80.6024416348608,32.05867561946664,109.82299563141581,30.327999662151434
2021-04-17 07:00:00,88,4,114.0,134.0,88.0,111.57142857142857,103.91485981711726,10.151121661217935,109.86005988210411,11.282567539250826,74.77235995560058,32.05867561946664,73.27342438094747,30.327999662151434
2021-04-17 08:00:00,27,4,88.0,179.0,27.0,135.14285714285714,66.20164209953843,10.151121661217935,69.47490798393716,11.282567539250826,81.85977588689902,32.05867561946664,62.00873070082735,30.327999662151434
2021-04-17 09:00:00,23,4,27.0,175.0,23.0,131.14285714285714,30.382217108489066,10.151121661217935,34.634190105178135,11.282567539250826,87.43921454214656,32.05867561946664,56.87780952169973,30.327999662151434
2021-04-17 10:00:00,22,4,23.0,172.0,22.0,129.28571428571428,24.767848759829313,10.151121661217935,25.318442067028776,11.282567539250826,71.55244683537227,32.05867561946664,50.29181899647434,30.327999662151434
2021-04-17 11:00:00,27,4,22.0,172.0,27.0,130.14285714285714,26.439917059664605,10.151121661217935,29.516932985016997,11.282567539250826,83.81935420718271,32.05867561946664,55.20522280299569,30.327999662151434
2021-04-17 12:00:00,23,4,27.0,130.0,23.0,99.0,29.289280753842718,10.151121661217935,31.149114289708287,11.282567539250826,68.85423531479971,32.05867561946664,42.22474693905474,30.327999662151434
2021-04-17 13:00:00,22,4,23.0,182.0,22.0,136.0,29.005827428960608,10.151121661217935,27.12403832553367,11.282567539250826,67.21882230396629,32.05867561946664,54.783261173530136,30.327999662151434
2021-04-17 14:00:00,26,4,22.0,173.0,26.0,130.85714285714286,31.099758581118394,10.151121661217935,32.524488394165836,11.282567539250826,80.7571914419201,32.05867561946664,60.53016523174462,30.327999662151434
2021-04-17 15:00:00,27,4,26.0,179.0,27.0,134.57142857142858,27.683898017034384,10.151121661217935,28.720586305334557,11.282567539250826,79.6422804121121,32.05867561946664,62.130081297238924,30.327999662151434
2021-04-17 16:00:00,23,4,27.0,163.0,23.0,122.57142857142857,23.117916707181138,10.151121661217935,25.291546885097297,11.282567539250826,85.74142458153496,32.05867561946664,61.98505841386682,30.327999662151434
2021-04-17 17:00:00,23,4,23.0,142.0,23.0,108.28571428571429,23.774164004268997,10.151121661217935,26.767651914039337,11.282567539250826,70.7108367790909,32.05867561946664,38.780090984887664,30.327999662151434
2021-04-17 18:00:00,27,4,23.0,147.0,27.0,111.71428571428571,24.05528952609195,10.151121661217935,27.601297353367293,11.282567539250826,80.43923207529971,32.05867561946664,48.953206075851604,30.327999662151434
2021-04-17 19:00:00,22,4,27.0,154.0,22.0,116.0,20.820221140325803,10.151121661217935,23.71131312548288,11.282567539250826,68.87518175052847,32.05867561946664,46.819444733096276,30.327999662151434
2021-04-17 20:00:00,22,4,22.0,119.0,22.0,91.71428571428571,21.76253671134654,10.151121661217935,20.337017426127627,11.282567539250826,61.20826913076112,32.05867561946664,47.6613059607491,30.327999662151434
2021-04-17 21:00:00,28,4,22.0,114.0,28.0,88.85714285714286,27.719284248248087,10.151121661217935,29.821583948280264,11.282567539250826,97.24457177768093,32.05867561946664,60.127981759328286,30.327999662151434
2021-04-17 22:00:00,23,4,28.0,107.0,23.0,82.57142857142857,22.9347949348735,10.151121661217935,23.0421988129548,11.282567539250826,89.85506839603566,32.05867561946664,46.238069416659485,30.327999662151434
2021-04-17 23:00:00,23,4,23.0,104.0,23.0,80.71428571428571,22.899672001047783,10.151121661217935,23.881839646920387,11.282567539250826,92.80521537298873,32.05867561946664,43.1240405889532,30.327999662151434
2021-04-18 00:00:00,20,4,23.0,63.0,20.0,62.57142857142857,26.804483348254994,10.151121661217935,27.416583934801178,11.282567539250826,57.314165248095286,32.05867561946664,71.0822747223899,30.327999662151434
2021-04-18 01:00:00,25,4,20.0,115.0,25.0,89.28571428571429,26.894229837104508,10.151121661217935,24.500166285275505,11.282567539250826,31.38446974987744,32.05867561946664,36.73828004518594,30.327999662151434
2021-04-18 02:00:00,20,4,25.0,110.0,20.0,87.14285714285714,21.92721841028903,10.151121661217935,20.60461914266344,11.282567539250826,29.553196422153047,32.05867561946664,43.07311312387721,30.327999662151434
2021-04-18 03:00:00,20,4,20.0,111.0,20.0,87.28571428571429,20.90121844886082,10.151121661217935,21.781366060815824,11.282567539250826,25.715723339402153,32.05867561946664,44.17445972708335,30.327999662151434
2021-04-18 04:00:00,25,4,20.0,114.0,25.0,84.85714285714286,32.546393792168644,10.151121661217935,36.89286432389014,11.282567539250826,17.43999464398874,32.05867561946664,45.06599874967965,30.327999662151434
2021-04-18 05:00:00,20,4,25.0,99.0,20.0,92.0,21.602118379942542,10.151121661217935,22.631134369899907,11.282567539250826,42.20226030466594,32.05867561946664,57.666676845858525,30.327999662151434
2021-04-18 06:00:00,20,4,20.0,114.0,20.0,92.0,22.374637526922935,10.151121661217935,23.20023082878961,11.282567539250826,34.599854797434716,32.05867561946664,51.8830436361462,30.327999662151434
2021-04-18 07:00:00,23,4,20.0,88.0,23.0,111.57142857142857,31.57770578259886,10.151121661217935,33.51493282793687,11.282567539250826,85.95892967469204,32.05867561946664,79.12379296117584,30.327999662151434
2021-04-18 08:00:00,24,4,23.0,27.0,24.0,135.14285714285714,29.53171946530366,10.151121661217935,28.665781553510588,11.282567539250826,137.27806941770743,32.05867561946664,120.44249012728491,30.327999662151434
2021-04-18 09:00:00,20,4,24.0,23.0,20.0,131.14285714285714,22.279839941637285,10.151121661217935,23.521970328266576,11.282567539250826,135.94737811501867,32.05867561946664,117.9269607342439,30.327999662151434
2021-04-18 10:00:00,23,4,20.0,22.0,23.0,129.28571428571428,23.338702833829934,10.151121661217935,23.070752443707452,11.282567539250826,144.96126235953164,32.05867561946664,114.4212809800968,30.327999662151434
2021-04-18 11:00:00,24,4,23.0,27.0,24.0,130.14285714285714,25.981226335642283,10.151121661217935,26.667485755503733,11.282567539250826,140.7611820796868,32.05867561946664,120.0654333467785,30.327999662151434
2021-04-18 12:00:00,20,4,24.0,23.0,20.0,99.0,22.67108265479852,10.151121661217935,24.917340590296007,11.282567539250826,138.77629757325673,32.05867561946664,113.37305604303515,30.327999662151434
2021-04-18 13:00:00,20,4,20.0,22.0,20.0,136.0,23.602559555101216,10.151121661217935,22.480231014811448,11.282567539250826,139.34970482711913,32.05867561946664,119.51220111641912,30.327999662151434
2021-04-18 14:00:00,25,4,20.0,26.0,25.0,130.85714285714286,25.27984716461922,10.151121661217935,22.153766057166248,11.282567539250826,142.5072454928208,32.05867561946664,115.87497021742757,30.327999662151434
2021-04-18 15:00:00,20,4,25.0,27.0,20.0,134.57142857142858,21.72040024492016,10.151121661217935,19.98726988920514,11.282567539250826,134.8656938756361,32.05867561946664,106.1331390163722,30.327999662151434
2021-04-18 16:00:00,20,4,20.0,23.0,20.0,122.57142857142857,20.79437374279999,10.151121661217935,21.233616904630225,11.282567539250826,133.92145479064104,32.05867561946664,111.05178522534013,30.327999662151434
2021-04-18 17:00:00,25,4,20.0,23.0,25.0,108.28571428571429,26.710468976251597,10.151121661217935,26.863890635674252,11.282567539250826,145.05938163978632,32.05867561946664,118.07118845294237,30.327999662151434
2021-04-18 18:00:00,20,4,25.0,27.0,20.0,111.71428571428571,27.804814985651873,10.151121661217935,30.89673982139169,11.282567539250826,134.47037362123976,32.05867561946664,115.22897333831578,30.327999662151434
2021-04-18 19:00:00,20,4,20.0,22.0,20.0,116.0,22.575515205680567,10.151121661217935,24.967751217140027,11.282567539250826,133.0262832699427,32.05867561946664,114.0723966211804,30.327999662151434
2021-04-18 20:00:00,25,4,20.0,22.0,25.0,91.71428571428571,21.95876817766862,10.151121661217935,22.228082551492385,11.282567539250826,123.1748342503156,32.05867561946664,103.70471404028875,30.327999662151434
2021-04-18 21:00:00,24,4,25.0,28.0,24.0,88.85714285714286,20.997935558705812,10.151121661217935,22.31014547888778,11.282567539250826,114.46946468126451,32.05867561946664,101.71914413399946,30.327999662151434
2021-04-18 22:00:00,20,4,24.0,23.0,20.0,82.57142857142857,25.010985086049224,10.151121661217935,24.260242076833386,11.282567539250826,101.93866337851681,32.05867561946664,96.64416951180418,30.327999662151434
2021-04-18 23:00:00,22,4,20.0,23.0,22.0,80.71428571428571,22.680063568415676,10.151121661217935,23.58075748441834,11.282567539250826,102.9185417103324,32.05867561946664,94.5936012818303,30.327999662151434
2021-04-19 00:00:00,21,4,22.0,20.0,71.0,62.57142857142857,66.5577537136952,10.151121661217935,67.72594328561702,11.282567539250826,72.22960833188824,32.05867561946664,74.47137849452325,30.327999662151434
2021-04-19 01:00:00,25,4,21.0,25.0,97.0,89.28571428571429,53.61704172306235,10.151121661217935,51.212180106422586,11.282567539250826,110.36786452109655,32.05867561946664,99.53640252342241,30.327999662151434
2021-04-19 02:00:00,21,4,25.0,20.0,96.0,87.14285714285714,54.03767550548461,10.151121661217935,56.665900254459636,11.282567539250826,110.12745672548749,32.05867561946664,99.24047180403944,30.327999662151434
2021-04-19 03:00:00,21,4,21.0,20.0,96.0,87.28571428571429,47.094483364337655,10.151121661217935,47.56828083261672,11.282567539250826,110.24666592584325,32.05867561946664,99.18982427147695,30.327999662151434
2021-04-19 04:00:00,25,4,21.0,25.0,91.0,84.85714285714286,53.711055164701015,10.151121661217935,52.781649429336454,11.282567539250826,107.7531061078041,32.05867561946664,99.10833772919236,30.327999662151434
2021-04-19 05:00:00,20,4,25.0,20.0,105.0,92.0,58.86200664472177,10.151121661217935,57.80651414226953,11.282567539250826,115.69155910039761,32.05867561946664,104.26355046515593,30.327999662151434
2021-04-19 06:00:00,20,4,20.0,20.0,102.0,92.0,40.776329853471005,10.151121661217935,46.149432669912386,11.282567539250826,116.96823886569337,32.05867561946664,105.45771468986577,30.327999662151434
2021-04-19 07:00:00,101,4,20.0,23.0,134.0,111.57142857142857,63.001767194956166,10.151121661217935,56.46717617165392,11.282567539250826,129.80108061081282,32.05867561946664,122.64537530624922,30.327999662151434
2021-04-19 08:00:00,172,4,101.0,24.0,179.0,135.14285714285714,160.07159839393515,10.151121661217935,164.37806139280238,11.282567539250826,175.68944505003154,32.05867561946664,178.3511779232947,30.327999662151434
2021-04-19 09:00:00,167,4,172.0,20.0,175.0,131.14285714285714,170.42217890859578,10.151121661217935,178.40804995918552,11.282567539250826,168.64324697421318,32.05867561946664,173.12196376816973,30.327999662151434
2021-04-19 10:00:00,165,4,167.0,23.0,172.0,129.28571428571428,186.9494658633362,10.151121661217935,186.25135127418943,11.282567539250826,165.48080518847044,32.05867561946664,171.08488601836137,30.327999662151434
2021-04-19 11:00:00,168,4,165.0,24.0,172.0,130.14285714285714,183.9398068424576,10.151121661217935,186.52711408847927,11.282567539250826,165.4260363654556,32.05867561946664,176.0131442264853,30.327999662151434
2021-04-19 12:00:00,123,4,168.0,20.0,130.0,99.0,126.90029789803549,10.151121661217935,127.53950272009844,11.282567539250826,134.22683012419273,32.05867561946664,135.59790351163156,30.327999662151434
2021-04-19 13:00:00,160,4,123.0,20.0,182.0,136.0,178.32410261704084,10.151121661217935,176.3092610653149,11.282567539250826,171.6779893589302,32.05867561946664,182.21739010614678,30.327999662151434
2021-04-19 14:00:00,164,4,160.0,25.0,173.0,130.85714285714286,186.92730659006529,10.151121661217935,179.95172934706952,11.282567539250826,162.9150623450379,32.05867561946664,170.73077463050325,30.327999662151434
2021-04-19 15:00:00,165,4,164.0,20.0,179.0,134.57142857142858,172.41142485037167,10.151121661217935,165.36332855932508,11.282567539250826,164.23276193460575,32.05867561946664,175.99099849383964,30.327999662151434
2021-04-19 16:00:00,152,4,165.0,20.0,163.0,122.57142857142857,167.62679635783206,10.151121661217935,162.86741774919872,11.282567539250826,161.42630272012576,32.05867561946664,170.30676865653086,30.327999662151434
2021-04-19 17:00:00,163,4,152.0,25.0,142.0,108.28571428571429,150.66772680869886,10.151121661217935,143.73447945101313,11.282567539250826,133.07207034244252,32.05867561946664,146.38031873876102,30.327999662151434
2021-04-19 18:00:00,152,4,163.0,20.0,147.0,111.71428571428571,153.05561458723443,10.151121661217935,147.06834474573796,11.282567539250826,151.1234559199005,32.05867561946664,159.28970340711012,30.327999662151434
2021-04-19 19:00:00,146,4,152.0,20.0,154.0,116.0,148.38465097172977,10.151121661217935,146.75961221133923,11.282567539250826,158.63609906251438,32.05867561946664,164.5535704383957,30.327999662151434
2021-04-19 20:00:00,110,4,146.0,25.0,119.0,91.71428571428571,127.3786565740179,10.151121661217935,126.7085734761078,11.282567539250826,118.78818835757262,32.05867561946664,115.65560319145227,30.327999662151434
2021-04-19 21:00:00,109,4,110.0,24.0,114.0,88.85714285714286,117.87471248637307,10.151121661217935,117.40179852583438,11.282567539250826,117.40262929113739,32.05867561946664,113.54347853454256,30.327999662151434
2021-04-19 22:00:00,115,4,109.0,20.0,107.0,82.57142857142857,113.62427873137997,10.151121661217935,114.12748484604525,11.282567539250826,117.01727125504208,32.05867561946664,113.15594222013756,30.327999662151434
2021-04-19 23:00:00,112,4,115.0,22.0,104.0,80.71428571428571,109.28601177648282,10.151121661217935,108.30871606755805,11.282567539250826,114.75047833580774,32.05867561946664,112.13115245286266,30.327999662151434
2021-04-20 00:00:00,21,4,112.0,21.0,71.0,55.42857142857143,78.42563026634089,10.151121661217935,75.51214889706685,11.282567539250826,54.485632029976706,32.05867561946664,50.664147028591465,30.327999662151434
2021-04-20 01:00:00,25,4,21.0,25.0,97.0,79.0,51.37908089385549,10.151121661217935,54.72754897848051,11.282567539250826,87.4134184033983,32.05867561946664,79.54393416965519,30.327999662151434
2021-04-20 02:00:00,21,4,25.0,21.0,96.0,76.42857142857143,67.03832863457275,10.151121661217935,61.70222174559786,11.282567539250826,90.4475051215278,32.05867561946664,80.31899617721217,30.327999662151434
2021-04-20 03:00:00,21,4,21.0,21.0,96.0,76.57142857142857,75.18111268266267,10.151121661217935,67.84220256872563,11.282567539250826,90.48856420164745,32.05867561946664,92.47120032947245,30.327999662151434
2021-04-20 04:00:00,25,4,21.0,25.0,91.0,75.42857142857143,59.509207827440996,10.151121661217935,57.4636602012191,11.282567539250826,88.65058393422512,32.05867561946664,88.80828290544196,30.327999662151434
2021-04-20 05:00:00,20,4,25.0,20.0,105.0,79.85714285714286,77.75010778936998,10.151121661217935,72.13672764179772,11.282567539250826,93.53691162200622,32.05867561946664,97.3886913175523,30.327999662151434
2021-04-20 06:00:00,20,4,20.0,20.0,102.0,80.28571428571429,69.46103392464804,10.151121661217935,65.8116259231433,11.282567539250826,95.6294287531109,32.05867561946664,89.69025702106694,30.327999662151434
2021-04-20 07:00:00,101,4,20.0,101.0,134.0,106.85714285714286,43.50895111588732,10.151121661217935,43.303466644164644,11.282567539250826,99.86382759428905,32.05867561946664,112.83783393581093,30.327999662151434
2021-04-20 08:00:00,172,4,101.0,172.0,179.0,134.14285714285714,149.40599731961535,10.151121661217935,150.50479169817373,11.282567539250826,161.89821646760507,32.05867561946664,160.30526656582626,30.327999662151434
2021-04-20 09:00:00,167,4,172.0,167.0,175.0,130.0,181.5077829519408,10.151121661217935,186.6439319306919,11.282567539250826,156.43896907366772,32.05867561946664,161.55139506237919,30.327999662151434
2021-04-20 10:00:00,165,4,167.0,165.0,172.0,128.28571428571428,176.60480565142706,10.151121661217935,175.97533459649762,11.282567539250826,155.88126557075176,32.05867561946664,163.34963866238564,30.327999662151434
2021-04-20 11:00:00,168,4,165.0,168.0,172.0,129.57142857142858,178.26820688841028,10.151121661217935,180.33142664732438,11.282567539250826,157.71857806844824,32.05867561946664,164.9150335521722,30.327999662151434
2021-04-20 12:00:00,123,4,168.0,123.0,130.0,98.0,123.55275130541577,10.151121661217935,127.3766467433088,11.282567539250826,102.24445801638436,32.05867561946664,114.31235073865203,30.327999662151434
2021-04-20 13:00:00,160,4,123.0,160.0,182.0,132.85714285714286,185.32795607954176,10.151121661217935,182.57441024386245,11.282567539250826,153.14093549850176,32.05867561946664,167.68410996739144,30.327999662151434
2021-04-20 14:00:00,164,4,160.0,164.0,173.0,129.57142857142858,177.2744410265687,10.151121661217935,178.46790125438585,11.282567539250826,154.03570301874538,32.05867561946664,163.28165158841236,30.327999662151434
2021-04-20 15:00:00,165,4,164.0,165.0,179.0,132.57142857142858,176.20698041814111,10.151121661217935,169.3921271550294,11.282567539250826,156.0064541190355,32.05867561946664,164.81853941430788,30.327999662151434
2021-04-20 16:00:00,152,4,165.0,152.0,163.0,121.0,167.4774109596721,10.151121661217935,167.30390650312273,11.282567539250826,150.89068120700423,32.05867561946664,161.58008654872637,30.327999662151434
2021-04-20 17:00:00,163,4,152.0,163.0,142.0,111.28571428571429,151.64050496376976,10.151121661217935,150.67245357504683,11.282567539250826,121.67051500638186,32.05867561946664,130.57161718672495,30.327999662151434
2021-04-20 18:00:00,152,4,163.0,152.0,147.0,112.42857142857143,156.82588752642576,10.151121661217935,158.79930419824933,11.282567539250826,134.33385534874049,32.05867561946664,145.5016958663969,30.327999662151434
2021-04-20 19:00:00,146,4,152.0,146.0,154.0,114.85714285714286,152.96715771647155,10.151121661217935,152.46280132497577,11.282567539250826,138.47922961174353,32.05867561946664,147.82613108946268,30.327999662151434
2021-04-20 20:00:00,110,4,146.0,110.0,119.0,90.42857142857143,127.28135868939795,10.151121661217935,127.894031774498,11.282567539250826,99.21925521151124,32.05867561946664,107.17092913108203,30.327999662151434
2021-04-20 21:00:00,109,4,110.0,109.0,114.0,88.14285714285714,117.37689463094517,10.151121661217935,118.62009653140926,11.282567539250826,93.75932353083024,32.05867561946664,101.39722239089565,30.327999662151434
2021-04-20 22:00:00,115,4,109.0,115.0,107.0,83.71428571428571,122.37171922229712,10.151121661217935,121.00894764933477,11.282567539250826,91.82707513989943,32.05867561946664,104.90123852964183,30.327999662151434
2021-04-20 23:00:00,112,4,115.0,112.0,104.0,81.85714285714286,110.03032711013196,10.151121661217935,109.89947797043877,11.282567539250826,94.6903135129688,32.05867561946664,106.36377922049459,30.327999662151434
2021-04-21 00:00:00,62,4,112.0,21.0,71.0,48.285714285714285,78.93237717801382,10.151121661217935,75.24301020463598,11.282567539250826,52.07078635478145,32.05867561946664,48.725238166766076,30.327999662151434
2021-04-21 01:00:00,106,4,62.0,25.0,97.0,68.71428571428571,104.91510418972064,10.151121661217935,102.83284310795088,11.282567539250826,87.47063390428806,32.05867561946664,87.12798192035402,30.327999662151434
2021-04-21 02:00:00,107,4,106.0,21.0,96.0,65.71428571428571,124.64274972848929,10.151121661217935,120.69264837263025,11.282567539250826,89.5061165424228,32.05867561946664,75.33346607014333,30.327999662151434
2021-04-21 03:00:00,104,4,107.0,21.0,96.0,65.85714285714286,120.52443442140496,10.151121661217935,124.88777023516711,11.282567539250826,89.55100613103215,32.05867561946664,74.54742160305308,30.327999662151434
2021-04-21 04:00:00,111,4,104.0,25.0,91.0,66.0,110.48995166421841,10.151121661217935,115.86271159941619,11.282567539250826,86.27182823666256,32.05867561946664,96.55837016869592,30.327999662151434
2021-04-21 05:00:00,110,4,111.0,20.0,105.0,67.71428571428571,123.9497799232716,10.151121661217935,121.65592584038004,11.282567539250826,93.06436121497903,32.05867561946664,96.50163426131306,30.327999662151434
2021-04-21 06:00:00,112,4,110.0,20.0,102.0,68.57142857142857,131.0085995211387,10.151121661217935,127.77127067746643,11.282567539250826,95.86853893501316,32.05867561946664,82.18290157900684,30.327999662151434
2021-04-21 07:00:00,140,4,112.0,101.0,134.0,102.14285714285714,114.81318761918573,10.151121661217935,121.6200852590463,11.282567539250826,97.52603768095415,32.05867561946664,118.68286498361326,30.327999662151434
2021-04-21 08:00:00,174,4,140.0,172.0,179.0,133.14285714285714,155.72001934007343,10.151121661217935,159.27303113619502,11.282567539250826,160.46345814466372,32.05867561946664,171.84425240599438,30.327999662151434
2021-04-21 09:00:00,163,4,174.0,167.0,175.0,128.85714285714286,169.45413920331796,10.151121661217935,170.99377204687454,11.282567539250826,154.52236980050085,32.05867561946664,160.47814181210643,30.327999662151434
2021-04-21 10:00:00,173,4,163.0,165.0,172.0,127.28571428571429,173.91082723555323,10.151121661217935,172.4624110576797,11.282567539250826,155.3100977179124,32.05867561946664,160.85100544117597,30.327999662151434
2021-04-21 11:00:00,165,4,173.0,168.0,172.0,129.0,167.00577371396847,10.151121661217935,169.32366525198054,11.282567539250826,155.71060395898974,32.05867561946664,160.7375421729373,30.327999662151434
2021-04-21 12:00:00,110,4,165.0,123.0,130.0,97.0,119.29896992915684,10.151121661217935,118.88562811359235,11.282567539250826,102.07675255631376,32.05867561946664,112.66610186561712,30.327999662151434
2021-04-21 13:00:00,158,4,110.0,160.0,182.0,129.71428571428572,161.2186455756571,10.151121661217935,159.31075048522598,11.282567539250826,151.61562862534393,32.05867561946664,163.73379363556884,30.327999662151434
2021-04-21 14:00:00,167,4,158.0,164.0,173.0,128.28571428571428,156.4479050268147,10.151121661217935,160.84017004953674,11.282567539250826,151.8240946448844,32.05867561946664,160.59648204584994,30.327999662151434
2021-04-21 15:00:00,161,4,167.0,165.0,179.0,130.57142857142858,153.89415196968832,10.151121661217935,156.2714262285517,11.282567539250826,153.14325363730674,32.05867561946664,157.69840178499638,30.327999662151434
2021-04-21 16:00:00,155,4,161.0,152.0,163.0,119.42857142857143,153.50144213777043,10.151121661217935,156.9770736490612,11.282567539250826,148.62120383373409,32.05867561946664,154.86423819224913,30.327999662151434
2021-04-21 17:00:00,134,4,155.0,163.0,142.0,114.28571428571429,153.46570847787038,10.151121661217935,148.95008718337058,11.282567539250826,121.23183396166384,32.05867561946664,124.95966046741754,30.327999662151434
2021-04-21 18:00:00,148,4,134.0,152.0,147.0,113.14285714285714,138.90607684850482,10.151121661217935,141.45815645382072,11.282567539250826,133.34868945412714,32.05867561946664,140.890868344891,30.327999662151434
2021-04-21 19:00:00,139,4,148.0,146.0,154.0,113.71428571428571,141.47549579076176,10.151121661217935,141.70164770898938,11.282567539250826,135.0712802014106,32.05867561946664,144.54315345947134,30.327999662151434
2021-04-21 20:00:00,136,4,139.0,110.0,119.0,89.14285714285714,127.88906852620418,10.151121661217935,129.72391362532252,11.282567539250826,100.77259086757863,32.05867561946664,86.57741118081933,30.327999662151434
2021-04-21 21:00:00,124,4,136.0,109.0,114.0,87.42857142857143,120.98373105555318,10.151121661217935,123.67128467522312,11.282567539250826,93.27536031517388,32.05867561946664,81.0628861120894,30.327999662151434
2021-04-21 22:00:00,118,4,124.0,115.0,107.0,84.85714285714286,118.24375695702851,10.151121661217935,118.76294351732608,11.282567539250826,91.20260587866429,32.05867561946664,104.75019552690273,30.327999662151434
2021-04-21 23:00:00,117,4,118.0,112.0,104.0,83.0,116.1593058346448,10.151121661217935,117.3083536037426,11.282567539250826,94.86703351231156,32.05867561946664,107.50794434609645,30.327999662151434
2021-04-22 00:00:00,62,4,117.0,62.0,71.0,47.0,69.24476181094413,10.151121661217935,67.36675274676975,11.282567539250826,54.63725348664531,32.05867561946664,59.169234254061124,30.327999662151434
2021-04-22 01:00:00,106,4,62.0,106.0,97.0,70.0,110.26530343522742,10.151121661217935,111.03068203140133,11.282567539250826,103.62122484210984,32.05867561946664,105.13169391394912,30.327999662151434
2021-04-22 02:00:00,107,4,106.0,107.0,96.0,67.28571428571429,126.57106894684406,10.151121661217935,125.41487830367711,11.282567539250826,103.49523893748288,32.05867561946664,104.08822116282613,30.327999662151434
2021-04-22 03:00:00,104,4,107.0,104.0,96.0,67.0,122.69574289241736,10.151121661217935,125.51747169615673,11.282567539250826,102.61247593929346,32.05867561946664,108.00154750482648,30.327999662151434
2021-04-22 04:00:00,111,4,104.0,111.0,91.0,68.85714285714286,110.50892354288014,10.151121661217935,111.99873443605081,11.282567539250826,102.42448618981403,32.05867561946664,105.99803047247296,30.327999662151434
2021-04-22 05:00:00,110,4,111.0,110.0,105.0,68.42857142857143,123.74637252138278,10.151121661217935,122.15455409381907,11.282567539250826,104.81885471777463,32.05867561946664,105.07332479836171,30.327999662151434
2021-04-22 06:00:00,112,4,110.0,112.0,102.0,70.0,131.51571979847057,10.151121661217935,127.9381208119022,11.282567539250826,108.18398624164433,32.05867561946664,115.29876956285229,30.327999662151434
2021-04-22 07:00:00,140,4,112.0,140.0,134.0,103.0,119.09608000519476,10.151121661217935,121.00641528701463,11.282567539250826,135.93626686978766,32.05867561946664,139.02075643511694,30.327999662151434
2021-04-22 08:00:00,174,4,140.0,174.0,179.0,132.42857142857142,158.17181670762784,10.151121661217935,163.21334548044325,11.282567539250826,181.08586879038683,32.05867561946664,179.9556987000066,30.327999662151434
2021-04-22 09:00:00,163,4,174.0,163.0,175.0,127.14285714285714,168.80199149413875,10.151121661217935,171.69165406656003,11.282567539250826,171.55626645223018,32.05867561946664,169.62722017589428,30.327999662151434
2021-04-22 10:00:00,173,4,163.0,173.0,172.0,127.42857142857143,172.35372545704396,10.151121661217935,173.46451084567101,11.282567539250826,169.89102988756073,32.05867561946664,172.33834882512477,30.327999662151434
2021-04-22 11:00:00,165,4,173.0,165.0,172.0,128.0,167.8393850442726,10.151121661217935,169.70295167572934,11.282567539250826,171.64374123651368,32.05867561946664,173.76313833632608,30.327999662151434
2021-04-22 12:00:00,110,4,165.0,110.0,130.0,94.14285714285714,117.18369678630293,10.151121661217935,122.66239831654693,11.282567539250826,129.23537106264425,32.05867561946664,132.47447095503446,30.327999662151434
2021-04-22 13:00:00,158,4,110.0,158.0,182.0,126.28571428571429,159.38603173391823,10.151121661217935,159.81747646534217,11.282567539250826,171.68740974128048,32.05867561946664,173.76168211283525,30.327999662151434
2021-04-22 14:00:00,167,4,158.0,167.0,173.0,127.42857142857143,156.36688195422047,10.151121661217935,161.18360879083974,11.282567539250826,167.6362879020949,32.05867561946664,173.62345567146144,30.327999662151434
2021-04-22 15:00:00,161,4,167.0,161.0,179.0,128.0,155.47543171898354,10.151121661217935,158.79723315823676,11.282567539250826,168.15361409668645,32.05867561946664,172.99881476485177,30.327999662151434
2021-04-22 16:00:00,155,4,161.0,155.0,163.0,118.28571428571429,157.23242245055647,10.151121661217935,161.3488805519492,11.282567539250826,170.1189443511394,32.05867561946664,166.06592080661034,30.327999662151434
2021-04-22 17:00:00,134,4,155.0,134.0,142.0,113.14285714285714,149.93829275237445,10.151121661217935,147.79650173577195,11.282567539250826,146.39485603483809,32.05867561946664,145.02880121535827,30.327999662151434
2021-04-22 18:00:00,148,4,134.0,148.0,147.0,113.28571428571429,142.1044359756035,10.151121661217935,144.97740265594223,11.282567539250826,157.02563457461096,32.05867561946664,144.93425908330553,30.327999662151434
2021-04-22 19:00:00,139,4,148.0,139.0,154.0,111.57142857142857,142.2815449149145,10.151121661217935,142.91511009784642,11.282567539250826,160.07897376574945,32.05867561946664,162.29647040722713,30.327999662151434
2021-04-22 20:00:00,136,4,139.0,136.0,119.0,91.57142857142857,125.1882804055427,10.151121661217935,125.23341816846587,11.282567539250826,125.55496508408716,32.05867561946664,123.580659724176,30.327999662151434
2021-04-22 21:00:00,124,4,136.0,124.0,114.0,88.85714285714286,118.29212146068902,10.151121661217935,121.55641928394718,11.282567539250826,120.30355217324568,32.05867561946664,119.69821998989968,30.327999662151434
2021-04-22 22:00:00,118,4,124.0,118.0,107.0,86.42857142857143,118.20779862331987,10.151121661217935,118.64093198928589,11.282567539250826,113.0288081825336,32.05867561946664,118.98186053712497,30.327999662151434
2021-04-22 23:00:00,117,4,118.0,117.0,104.0,84.85714285714286,115.86519751866064,10.151121661217935,117.240803015819,11.282567539250826,111.54607919680672,32.05867561946664,117.00107085692031,30.327999662151434
2021-04-23 00:00:00,62,4,117.0,62.0,71.0,45.714285714285715,58.782685262883,10.151121661217935,60.05891066717376,11.282567539250826,44.14510234957109,32.05867561946664,63.01660728285923,30.327999662151434
2021-04-23 01:00:00,106,4,62.0,106.0,97.0,71.28571428571429,110.96708883356676,10.151121661217935,114.8371993687696,11.282567539250826,81.96884003876654,32.05867561946664,102.96553783649138,30.327999662151434
2021-04-23 02:00:00,107,4,106.0,107.0,96.0,68.85714285714286,109.39055463351136,10.151121661217935,113.27760307447495,11.282567539250826,81.84285413413959,32.05867561946664,102.55977856764353,30.327999662151434
2021-04-23 03:00:00,104,4,107.0,104.0,96.0,68.14285714285714,98.82293293698427,10.151121661217935,104.76686868205049,11.282567539250826,81.03300510840897,32.05867561946664,94.66670810149652,30.327999662151434
2021-04-23 04:00:00,111,4,104.0,111.0,91.0,71.71428571428571,105.93536125690696,10.151121661217935,107.73428367506371,11.282567539250826,79.75188720601498,32.05867561946664,104.64182240413709,30.327999662151434
2021-04-23 05:00:00,110,4,111.0,110.0,105.0,69.14285714285714,96.3295430112363,10.151121661217935,98.26322650576395,11.282567539250826,82.28319930414926,32.05867561946664,98.90127002352939,30.327999662151434
2021-04-23 06:00:00,112,4,110.0,112.0,102.0,71.42857142857143,106.163382583027,10.151121661217935,104.39065291936058,11.282567539250826,84.48177907143649,32.05867561946664,107.3400766337804,30.327999662151434
2021-04-23 07:00:00,140,4,112.0,140.0,134.0,103.85714285714286,112.01368448258998,10.151121661217935,112.91422625421725,11.282567539250826,95.98788831893235,32.05867561946664,120.38144201902934,30.327999662151434
2021-04-23 08:00:00,174,4,140.0,174.0,179.0,131.71428571428572,152.4602717635696,10.151121661217935,161.42373455648092,11.282567539250826,132.04734818272956,32.05867561946664,165.68936423439843,30.327999662151434
2021-04-23 09:00:00,163,4,174.0,163.0,175.0,125.42857142857143,164.7726051547821,10.151121661217935,168.7437226205081,11.282567539250826,121.4680726561072,32.05867561946664,153.23789162444007,30.327999662151434
2021-04-23 10:00:00,173,4,163.0,173.0,172.0,127.57142857142857,169.70684747793214,10.151121661217935,169.0192004193643,11.282567539250826,120.33622995229491,32.05867561946664,153.9664963604586,30.327999662151434
2021-04-23 11:00:00,165,4,173.0,165.0,172.0,127.0,166.4463434750446,10.151121661217935,169.1896314571158,11.282567539250826,121.79484742763451,32.05867561946664,152.71683987304453,30.327999662151434
2021-04-23 12:00:00,110,4,165.0,110.0,130.0,91.28571428571429,116.66168211952589,10.151121661217935,120.57178127784323,11.282567539250826,84.37827368215143,32.05867561946664,113.54390783627821,30.327999662151434
2021-04-23 13:00:00,158,4,110.0,158.0,182.0,122.85714285714286,156.92444902155913,10.151121661217935,158.33942663307505,11.282567539250826,119.7324073049967,32.05867561946664,151.0516009039312,30.327999662151434
2021-04-23 14:00:00,167,4,158.0,167.0,173.0,126.57142857142857,153.83786860429916,10.151121661217935,158.29876230174494,11.282567539250826,118.27043063460239,32.05867561946664,151.19977348171696,30.327999662151434
2021-04-23 15:00:00,161,4,167.0,161.0,179.0,125.42857142857143,153.2276369147215,10.151121661217935,159.2763840645664,11.282567539250826,118.21931885141242,32.05867561946664,154.2455438281343,30.327999662151434
2021-04-23 16:00:00,155,4,161.0,155.0,163.0,117.14285714285714,155.97323274168681,10.151121661217935,160.84162352881594,11.282567539250826,124.55033707009979,32.05867561946664,143.2856432016641,30.327999662151434
2021-04-23 17:00:00,134,4,155.0,134.0,142.0,112.0,144.51430714021538,10.151121661217935,142.44602374645092,11.282567539250826,96.08334910202002,32.05867561946664,117.89693246100921,30.327999662151434
2021-04-23 18:00:00,148,4,134.0,148.0,147.0,113.42857142857143,141.49644213043445,10.151121661217935,144.1046909042702,11.282567539250826,115.50100673780939,32.05867561946664,138.5527017983184,30.327999662151434
2021-04-23 19:00:00,139,4,148.0,139.0,154.0,109.42857142857143,143.04113065416774,10.151121661217935,142.03248557981667,11.282567539250826,112.89359284619925,32.05867561946664,140.36462715368006,30.327999662151434
2021-04-23 20:00:00,136,4,139.0,136.0,119.0,94.0,129.1827677813626,10.151121661217935,128.90908582849875,11.282567539250826,85.33288156555169,32.05867561946664,110.64638104754751,30.327999662151434
2021-04-23 21:00:00,124,4,136.0,124.0,114.0,90.28571428571429,120.56106153950233,10.151121661217935,123.46006052574762,11.282567539250826,79.16682372961202,32.05867561946664,108.22199632638447,30.327999662151434
2021-04-23 22:00:00,118,4,124.0,118.0,107.0,88.0,118.02189773702992,10.151121661217935,118.3066482732842,11.282567539250826,77.80715516307922,32.05867561946664,106.71668400026181,30.327999662151434
2021-04-23 23:00:00,117,4,118.0,117.0,104.0,86.71428571428571,115.95739394310839,10.151121661217935,117.02594326032799,11.282567539250826,78.11108771109743,32.05867561946664,107.42614923318548,30.327999662151434
2021-04-24 00:00:00,61,4,117.0,62.0,63.0,44.42857142857143,59.83834686652277,10.151121661217935,60.12750048443089,11.282567539250826,43.4012043301021,32.05867561946664,68.60769252085905,30.327999662151434
2021-04-24 01:00:00,105,4,61.0,106.0,115.0,72.57142857142857,109.95173542226425,10.151121661217935,111.08560274795585,11.282567539250826,89.44281245766457,32.05867561946664,113.09340051457069,30.327999662151434
2021-04-24 02:00:00,100,4,105.0,107.0,110.0,70.42857142857143,106.47220348148277,10.151121661217935,111.31957659397634,11.282567539250826,88.45834581091468,32.05867561946664,112.45855589498551,30.327999662151434
2021-04-24 03:00:00,104,4,100.0,104.0,111.0,69.28571428571429,99.231043326573,10.151121661217935,105.7218614829558,11.282567539250826,87.44635642508923,32.05867561946664,113.54680765135744,30.327999662151434
2021-04-24 04:00:00,105,4,104.0,111.0,114.0,74.57142857142857,107.88064237321927,10.151121661217935,110.59801088883405,11.282567539250826,83.84828930213571,32.05867561946664,115.7809666796141,30.327999662151434
2021-04-24 05:00:00,107,4,105.0,110.0,99.0,69.85714285714286,96.58123283632297,10.151121661217935,104.02875960129461,11.282567539250826,80.2317587076828,32.05867561946664,107.94833399730803,30.327999662151434
2021-04-24 06:00:00,112,4,107.0,112.0,114.0,72.85714285714286,106.31313266897516,10.151121661217935,110.7191860212259,11.282567539250826,82.00584724900462,32.05867561946664,107.7291959517502,30.327999662151434
2021-04-24 07:00:00,82,4,112.0,140.0,88.0,104.71428571428571,97.9785887799051,10.151121661217935,105.43565783104931,11.282567539250826,65.56221933857026,32.05867561946664,81.03765503718473,30.327999662151434
2021-04-24 08:00:00,21,4,82.0,174.0,27.0,131.0,54.80041874578393,10.151121661217935,61.94242292341118,11.282567539250826,39.899062732637766,32.05867561946664,62.995952395722654,30.327999662151434
2021-04-24 09:00:00,21,4,21.0,163.0,23.0,123.71428571428571,28.028622766890344,10.151121661217935,33.31624309195805,11.282567539250826,40.84280131245546,32.05867561946664,56.55918837569992,30.327999662151434
2021-04-24 10:00:00,25,4,21.0,173.0,22.0,127.71428571428571,21.98858435179718,10.151121661217935,26.709991494223893,11.282567539250826,32.327047384227434,32.05867561946664,53.65064859517151,30.327999662151434
2021-04-24 11:00:00,21,4,25.0,165.0,27.0,126.0,26.95568725609555,10.151121661217935,27.814178648551223,11.282567539250826,40.2143835331485,32.05867561946664,58.60265910401909,30.327999662151434
2021-04-24 12:00:00,21,4,21.0,110.0,23.0,88.42857142857143,27.690501757068084,10.151121661217935,30.982127876074788,11.282567539250826,39.780305847610784,32.05867561946664,47.43411014226634,30.327999662151434
2021-04-24 13:00:00,25,4,21.0,158.0,22.0,119.42857142857143,30.002273705359613,10.151121661217935,34.71247692542326,11.282567539250826,43.212057534855624,32.05867561946664,58.22748192004649,30.327999662151434
2021-04-24 14:00:00,22,4,25.0,167.0,26.0,125.71428571428571,30.83929062367456,10.151121661217935,36.630754504593455,11.282567539250826,43.421142885538686,32.05867561946664,60.59096365408162,30.327999662151434
2021-04-24 15:00:00,20,4,22.0,161.0,27.0,122.85714285714286,18.38375878425974,10.151121661217935,25.212123518440315,11.282567539250826,44.84488466338904,32.05867561946664,62.099014185577545,30.327999662151434
2021-04-24 16:00:00,23,4,20.0,155.0,23.0,116.0,25.70068600898508,10.151121661217935,27.241575202939384,11.282567539250826,55.14389534074424,32.05867561946664,61.46502961766177,30.327999662151434
2021-04-24 17:00:00,25,4,23.0,134.0,23.0,110.85714285714286,27.131776371193272,10.151121661217935,27.013433969969082,11.282567539250826,45.084950371736376,32.05867561946664,52.354497647093844,30.327999662151434
2021-04-24 18:00:00,20,4,25.0,148.0,27.0,113.57142857142857,24.982262390733172,10.151121661217935,26.177547807708,11.282567539250826,44.47070149489564,32.05867561946664,56.397619030180884,30.327999662151434
2021-04-24 19:00:00,20,4,20.0,139.0,22.0,107.28571428571429,20.614558975561984,10.151121661217935,22.168771873974702,11.282567539250826,39.55783279376298,32.05867561946664,48.00757359501517,30.327999662151434
2021-04-24 20:00:00,24,4,20.0,136.0,22.0,96.42857142857143,23.318249781306136,10.151121661217935,22.927487125738327,11.282567539250826,36.914343638240446,32.05867561946664,47.005593313403466,30.327999662151434
2021-04-24 21:00:00,21,4,24.0,124.0,28.0,91.71428571428571,22.272243930834428,10.151121661217935,25.15362982549018,11.282567539250826,34.60971992549021,32.05867561946664,52.5311409657527,30.327999662151434
2021-04-24 22:00:00,20,4,21.0,118.0,23.0,89.57142857142857,20.274759046767077,10.151121661217935,21.11285461963848,11.282567539250826,36.60975117748492,32.05867561946664,49.61058286747152,30.327999662151434
2021-04-24 23:00:00,25,4,20.0,117.0,23.0,88.57142857142857,25.505217081419325,10.151121661217935,23.464927207757594,11.282567539250826,40.503115884543874,32.05867561946664,50.29409212588847,30.327999662151434
2021-04-25 00:00:00,20,4,25.0,61.0,20.0,44.142857142857146,24.125240242985218,10.151121661217935,25.23931135491505,11.282567539250826,39.310271597724565,32.05867561946664,22.971645339822448,30.327999662151434
2021-04-25 01:00:00,25,4,20.0,105.0,25.0,71.14285714285714,20.737767379652148,10.151121661217935,20.302941852436817,11.282567539250826,15.10347867239171,32.05867561946664,21.9772003338833,30.327999662151434
2021-04-25 02:00:00,20,4,25.0,100.0,20.0,69.0,25.46623744595628,10.151121661217935,24.60318826992353,11.282567539250826,25.42616144226174,32.05867561946664,22.1257061640241,30.327999662151434
2021-04-25 03:00:00,20,4,20.0,104.0,20.0,68.28571428571429,21.45951251650786,10.151121661217935,21.2121289605086,11.282567539250826,26.981022455242844,32.05867561946664,22.921946126720783,30.327999662151434
2021-04-25 04:00:00,25,4,20.0,105.0,25.0,73.28571428571429,21.964681211819112,10.151121661217935,21.49220045845814,11.282567539250826,5.888251824703707,32.05867561946664,21.444388290322514,30.327999662151434
2021-04-25 05:00:00,20,4,25.0,107.0,20.0,71.0,21.292074760105663,10.151121661217935,21.275098883958606,11.282567539250826,8.669664510189678,32.05867561946664,20.238984836145654,30.327999662151434
2021-04-25 06:00:00,20,4,20.0,112.0,20.0,72.57142857142857,27.826490023743908,10.151121661217935,24.95333890973658,11.282567539250826,4.417294712682238,32.05867561946664,22.275348333592362,30.327999662151434
2021-04-25 07:00:00,23,4,20.0,82.0,23.0,103.85714285714286,35.68284747267751,10.151121661217935,31.404777763316968,11.282567539250826,31.87089410504088,32.05867561946664,25.504163682043075,30.327999662151434
2021-04-25 08:00:00,24,4,23.0,21.0,24.0,130.14285714285714,23.12106826920506,10.151121661217935,24.209300292997746,11.282567539250826,56.01584935419215,32.05867561946664,33.547805562737985,30.327999662151434
2021-04-25 09:00:00,20,4,24.0,21.0,20.0,123.42857142857143,26.8152167151069,10.151121661217935,26.812751377889988,11.282567539250826,50.96018898965317,32.05867561946664,33.42354707668664,30.327999662151434
2021-04-25 10:00:00,23,4,20.0,25.0,23.0,128.14285714285714,28.08253125980263,10.151121661217935,26.422923063095283,11.282567539250826,58.436990854215516,32.05867561946664,36.13884154371878,30.327999662151434
2021-04-25 11:00:00,24,4,23.0,21.0,24.0,125.14285714285714,22.167992542591822,10.151121661217935,23.945059654362666,11.282567539250826,55.31112584101049,32.05867561946664,36.881634085741,30.327999662151434
2021-04-25 12:00:00,20,4,24.0,21.0,20.0,88.14285714285714,22.910326448092846,10.151121661217935,24.145157044160207,11.282567539250826,46.623880196490475,32.05867561946664,34.576705737818266,30.327999662151434
2021-04-25 13:00:00,20,4,20.0,25.0,20.0,119.85714285714286,25.08249871936379,10.151121661217935,29.399918038481648,11.282567539250826,54.672202619442515,32.05867561946664,39.13518997539079,30.327999662151434
2021-04-25 14:00:00,25,4,20.0,22.0,25.0,125.14285714285714,23.36112586984087,10.151121661217935,24.108178118149027,11.282567539250826,60.238881960753375,32.05867561946664,39.97330159419979,30.327999662151434
2021-04-25 15:00:00,20,4,25.0,20.0,20.0,121.85714285714286,19.486135749864733,10.151121661217935,21.527769897998937,11.282567539250826,49.77658798671115,32.05867561946664,37.33293195937371,30.327999662151434
2021-04-25 16:00:00,20,4,20.0,23.0,20.0,116.0,22.96397337304515,10.151121661217935,24.830772432093955,11.282567539250826,53.04632763867599,32.05867561946664,39.17051444268513,30.327999662151434
2021-04-25 17:00:00,25,4,20.0,25.0,25.0,111.14285714285714,25.997020181466937,10.151121661217935,27.065956289812473,11.282567539250826,57.77179977095594,32.05867561946664,37.531795071046034,30.327999662151434
2021-04-25 18:00:00,20,4,25.0,20.0,20.0,112.57142857142857,21.279482025115435,10.151121661217935,23.436743644596582,11.282567539250826,49.46066885825211,32.05867561946664,35.58872850922831,30.327999662151434
2021-04-25 19:00:00,20,4,20.0,20.0,20.0,107.0,23.143580019961714,10.151121661217935,24.07479799745964,11.282567539250826,47.34463253007672,32.05867561946664,35.32408452693015,30.327999662151434
2021-04-25 20:00:00,25,4,20.0,24.0,25.0,96.71428571428571,25.252739186000706,10.151121661217935,27.207171140960575,11.282567539250826,52.70641716293645,32.05867561946664,36.33232524124747,30.327999662151434
2021-04-25 21:00:00,24,4,25.0,21.0,24.0,90.71428571428571,21.723271913579545,10.151121661217935,25.646385924546387,11.282567539250826,48.22303066470699,32.05867561946664,36.259065845131055,30.327999662151434
2021-04-25 22:00:00,20,4,24.0,20.0,20.0,89.14285714285714,23.572507551959156,10.151121661217935,23.815233181711307,11.282567539250826,45.23238346757541,32.05867561946664,34.632828154946004,30.327999662151434
2021-04-25 23:00:00,22,4,20.0,25.0,22.0,88.85714285714286,21.9736558041398,10.151121661217935,23.107385891892417,11.282567539250826,47.8709537796218,32.05867561946664,35.3183010132185,30.327999662151434
2021-04-26 00:00:00,68,4,22.0,20.0,21.0,44.142857142857146,26.71639185417496,10.151121661217935,25.697550378569858,11.282567539250826,49.05736582674007,32.05867561946664,46.725779982216416,30.327999662151434
2021-04-26 01:00:00,102,4,68.0,25.0,25.0,71.14285714285714,101.75107405592446,10.151121661217935,92.96884679816317,11.282567539250826,60.441317560202506,32.05867561946664,48.26298056757475,30.327999662151434
2021-04-26 02:00:00,107,4,102.0,20.0,21.0,69.0,91.7789829583755,10.151121661217935,89.2547325366526,11.282567539250826,58.92656462292089,32.05867561946664,52.67339087334354,30.327999662151434
2021-04-26 03:00:00,102,4,107.0,20.0,21.0,68.28571428571429,100.69311322801862,10.151121661217935,91.9900254773932,11.282567539250826,58.580960494123964,32.05867561946664,55.616648947564265,30.327999662151434
2021-04-26 04:00:00,105,4,102.0,25.0,25.0,73.28571428571429,93.08686989421146,10.151121661217935,89.58853796227753,11.282567539250826,59.41532357787787,32.05867561946664,53.88853298283037,30.327999662151434
2021-04-26 05:00:00,101,4,105.0,20.0,20.0,71.0,88.01381513222782,10.151121661217935,88.02541106104633,11.282567539250826,56.13428657328121,32.05867561946664,53.59035257296927,30.327999662151434
2021-04-26 06:00:00,105,4,101.0,20.0,20.0,72.57142857142857,89.37081750160488,10.151121661217935,90.09596737909624,11.282567539250826,58.260008443767894,32.05867561946664,53.71709028759693,30.327999662151434
2021-04-26 07:00:00,149,4,105.0,23.0,101.0,103.85714285714286,118.09325530706515,10.151121661217935,116.1020023435656,11.282567539250826,120.83158633416768,32.05867561946664,120.0825872470028,30.327999662151434
2021-04-26 08:00:00,176,4,149.0,24.0,172.0,130.14285714285714,207.91377496741757,10.151121661217935,200.30048042234299,11.282567539250826,170.8325471802824,32.05867561946664,178.21717297912852,30.327999662151434
2021-04-26 09:00:00,167,4,176.0,20.0,167.0,123.42857142857143,202.09106380102637,10.151121661217935,196.79581937308754,11.282567539250826,168.00314770446894,32.05867561946664,174.12925226796474,30.327999662151434
2021-04-26 10:00:00,165,4,167.0,23.0,165.0,128.14285714285714,177.1671726946177,10.151121661217935,175.699794282163,11.282567539250826,164.70911137775468,32.05867561946664,170.81958482061881,30.327999662151434
2021-04-26 11:00:00,168,4,165.0,24.0,168.0,125.14285714285714,184.37006232368114,10.151121661217935,182.89279462617185,11.282567539250826,165.93635741848695,32.05867561946664,172.6886003194568,30.327999662151434
2021-04-26 12:00:00,111,4,168.0,20.0,123.0,88.14285714285714,139.79576699967564,10.151121661217935,137.46678382104113,11.282567539250826,126.47198211797046,32.05867561946664,126.61731036327512,30.327999662151434
2021-04-26 13:00:00,165,4,111.0,20.0,160.0,119.85714285714286,161.8637820493641,10.151121661217935,160.19810068783417,11.282567539250826,167.17620451981662,32.05867561946664,173.90008130806999,30.327999662151434
2021-04-26 14:00:00,163,4,165.0,25.0,164.0,125.14285714285714,167.44191624011776,10.151121661217935,167.30753185489448,11.282567539250826,161.38924897876868,32.05867561946664,173.05428739468854,30.327999662151434
2021-04-26 15:00:00,152,4,163.0,20.0,165.0,121.85714285714286,173.44291237765455,10.151121661217935,171.8096429655611,11.282567539250826,163.37260488655446,32.05867561946664,169.09794970394591,30.327999662151434
2021-04-26 16:00:00,149,4,152.0,20.0,152.0,116.0,152.6127716797262,10.151121661217935,155.78895270434654,11.282567539250826,155.4465187050503,32.05867561946664,161.7855097794068,30.327999662151434
2021-04-26 17:00:00,142,4,149.0,25.0,163.0,111.14285714285714,150.328488292704,10.151121661217935,146.67107572701516,11.282567539250826,159.43105503166385,32.05867561946664,165.57604183908614,30.327999662151434
2021-04-26 18:00:00,140,4,142.0,20.0,152.0,112.57142857142857,150.70900710507914,10.151121661217935,147.45188334615705,11.282567539250826,151.75849647462297,32.05867561946664,150.82471049294864,30.327999662151434
2021-04-26 19:00:00,109,4,140.0,20.0,146.0,107.0,149.91891484313712,10.151121661217935,148.884679494192,11.282567539250826,149.8837844113112,32.05867561946664,156.19179266510264,30.327999662151434
2021-04-26 20:00:00,127,4,109.0,25.0,110.0,96.71428571428571,115.53773918310564,10.151121661217935,116.91283046438606,11.282567539250826,116.0037095895228,32.05867561946664,112.94093591810892,30.327999662151434
2021-04-26 21:00:00,117,4,127.0,24.0,109.0,90.71428571428571,131.39453356597184,10.151121661217935,130.4161157104656,11.282567539250826,113.9767347520877,32.05867561946664,112.90787621533649,30.327999662151434
2021-04-26 22:00:00,109,4,117.0,20.0,115.0,89.14285714285714,130.24016523634464,10.151121661217935,128.52358096119184,11.282567539250826,119.06367149425495,32.05867561946664,128.08021162280585,30.327999662151434
2021-04-26 23:00:00,107,4,109.0,22.0,112.0,88.85714285714286,111.10429862962906,10.151121661217935,110.97479687893922,11.282567539250826,110.87713198461866,32.05867561946664,110.79372237544553,30.327999662151434
2021-04-27 00:00:00,68,4,107.0,68.0,21.0,50.857142857142854,66.1909709732654,10.151121661217935,67.7812885912587,11.282567539250826,36.01902484205722,32.05867561946664,37.905753422697174,30.327999662151434
2021-04-27 01:00:00,102,4,68.0,102.0,25.0,82.14285714285714,90.9297899346215,10.151121661217935,88.23325101182692,11.282567539250826,38.3691498037107,32.05867561946664,34.281728278794006,30.327999662151434
2021-04-27 02:00:00,107,4,102.0,107.0,21.0,81.28571428571429,114.65772624719638,10.151121661217935,117.81885258664393,11.282567539250826,39.76742045100421,32.05867561946664,44.24535674722112,30.327999662151434
2021-04-27 03:00:00,102,4,107.0,102.0,21.0,79.85714285714286,113.30753749647909,10.151121661217935,115.45543554296312,11.282567539250826,40.358098380336145,32.05867561946664,40.020814207344216,30.327999662151434
2021-04-27 04:00:00,105,4,102.0,105.0,25.0,84.71428571428571,96.30770223986515,10.151121661217935,93.85996222816851,11.282567539250826,35.28861352657124,32.05867561946664,41.58902048273423,30.327999662151434
2021-04-27 05:00:00,101,4,105.0,101.0,20.0,82.57142857142857,112.88351145737003,10.151121661217935,109.02197648938768,11.282567539250826,33.072451178478666,32.05867561946664,42.57363958957126,30.327999662151434
2021-04-27 06:00:00,105,4,101.0,105.0,20.0,84.71428571428571,121.45846334785581,10.151121661217935,117.62936718412317,11.282567539250826,36.02832421661188,32.05867561946664,41.70486718239229,30.327999662151434
2021-04-27 07:00:00,149,4,105.0,149.0,101.0,110.71428571428571,117.07092899657,10.151121661217935,121.48840249801526,11.282567539250826,108.42139874848438,32.05867561946664,134.85969289068507,30.327999662151434
2021-04-27 08:00:00,176,4,149.0,176.0,172.0,130.71428571428572,181.99795472808168,10.151121661217935,179.7003282059678,11.282567539250826,166.45403346274276,32.05867561946664,173.24471206624185,30.327999662151434
2021-04-27 09:00:00,167,4,176.0,167.0,167.0,123.42857142857143,192.41567917929518,10.151121661217935,187.6184318276877,11.282567539250826,165.28125686006462,32.05867561946664,173.27379333487244,30.327999662151434
2021-04-27 10:00:00,165,4,167.0,165.0,165.0,128.14285714285714,173.3488616428151,10.151121661217935,172.79915377281148,11.282567539250826,163.36743272931443,32.05867561946664,173.36031734507893,30.327999662151434
2021-04-27 11:00:00,168,4,165.0,168.0,168.0,125.14285714285714,167.6323388511144,10.151121661217935,170.37286720825483,11.282567539250826,166.4151093813533,32.05867561946664,170.01648098397345,30.327999662151434
2021-04-27 12:00:00,111,4,168.0,111.0,123.0,86.42857142857143,131.38548071870437,10.151121661217935,127.07680360839782,11.282567539250826,116.17932132406686,32.05867561946664,123.52066723911861,30.327999662151434
2021-04-27 13:00:00,165,4,111.0,165.0,160.0,120.57142857142857,169.69311187558733,10.151121661217935,167.28411053390838,11.282567539250826,162.61336998685354,32.05867561946664,171.0312545482115,30.327999662151434
2021-04-27 14:00:00,163,4,165.0,163.0,164.0,125.0,162.7061253462113,10.151121661217935,160.8540360391138,11.282567539250826,159.38235899212168,32.05867561946664,155.73331921583298,30.327999662151434
2021-04-27 15:00:00,152,4,163.0,152.0,165.0,120.0,172.08481484434537,10.151121661217935,168.77245431879973,11.282567539250826,163.81655398181906,32.05867561946664,165.35702656370293,30.327999662151434
2021-04-27 16:00:00,149,4,152.0,149.0,152.0,115.57142857142857,161.9947151435077,10.151121661217935,163.07610052836102,11.282567539250826,146.47284689818366,32.05867561946664,151.79333080627282,30.327999662151434
2021-04-27 17:00:00,142,4,149.0,142.0,163.0,108.14285714285714,147.0535134196439,10.151121661217935,145.03720634127436,11.282567539250826,150.84280970431837,32.05867561946664,152.7122062335916,30.327999662151434
2021-04-27 18:00:00,140,4,142.0,140.0,152.0,110.85714285714286,148.17465943642054,10.151121661217935,147.48815196142985,11.282567539250826,140.22585110355166,32.05867561946664,150.8299792155166,30.327999662151434
2021-04-27 19:00:00,109,4,140.0,109.0,146.0,101.71428571428571,147.0787923740472,10.151121661217935,144.020254457137,11.282567539250826,138.85962932694392,32.05867561946664,149.1718873514899,30.327999662151434
2021-04-27 20:00:00,127,4,109.0,127.0,110.0,99.14285714285714,114.2307050237701,10.151121661217935,116.03517480384257,11.282567539250826,110.60064879028157,32.05867561946664,119.77939695328055,30.327999662151434
2021-04-27 21:00:00,117,4,127.0,117.0,109.0,91.85714285714286,124.29165226449501,10.151121661217935,123.9026443337401,11.282567539250826,108.87017782787825,32.05867561946664,117.7466774118028,30.327999662151434
2021-04-27 22:00:00,109,4,117.0,109.0,115.0,88.28571428571429,130.78056326010045,10.151121661217935,126.83459813536876,11.282567539250826,106.32627981014565,32.05867561946664,117.70898131048227,30.327999662151434
2021-04-27 23:00:00,107,4,109.0,107.0,112.0,88.14285714285714,111.22065441744147,10.151121661217935,111.97599604944217,11.282567539250826,101.97861434454994,32.05867561946664,115.69596036576982,30.327999662151434
2021-04-28 00:00:00,63,4,107.0,68.0,62.0,57.57142857142857,57.4985962644955,10.151121661217935,58.019117440382246,11.282567539250826,47.584180728022204,32.05867561946664,60.30774418205744,30.327999662151434
2021-04-28 01:00:00,109,4,63.0,102.0,106.0,93.14285714285714,104.97744140165157,10.151121661217935,103.46063382629627,11.282567539250826,100.04785595881279,32.05867561946664,110.94564607800154,30.327999662151434
2021-04-28 02:00:00,103,4,109.0,107.0,107.0,93.57142857142857,106.71451731732742,10.151121661217935,110.55659477846838,11.282567539250826,100.62670901418697,32.05867561946664,112.41581203359951,30.327999662151434
2021-04-28 03:00:00,113,4,103.0,102.0,104.0,91.42857142857143,98.07632356402497,10.151121661217935,105.02356973446363,11.282567539250826,99.04037957545955,32.05867561946664,111.77562000782723,30.327999662151434
2021-04-28 04:00:00,109,4,113.0,105.0,111.0,96.14285714285714,107.7729709095242,10.151121661217935,108.81093397701727,11.282567539250826,98.77102981656967,32.05867561946664,114.10386972997102,30.327999662151434
2021-04-28 05:00:00,114,4,109.0,101.0,110.0,94.14285714285714,104.25401415097983,10.151121661217935,105.21314014728685,11.282567539250826,96.70845521968485,32.05867561946664,104.33924300769608,30.327999662151434
2021-04-28 06:00:00,114,4,114.0,105.0,112.0,96.85714285714286,114.5488160625488,10.151121661217935,116.12845019381002,11.282567539250826,95.66194693784654,32.05867561946664,111.65906454139022,30.327999662151434
2021-04-28 07:00:00,134,4,114.0,149.0,140.0,117.57142857142857,112.13197791946787,10.151121661217935,111.81004722274756,11.282567539250826,123.72322536712839,32.05867561946664,136.27482918802409,30.327999662151434
2021-04-28 08:00:00,175,4,134.0,176.0,174.0,131.28571428571428,162.24998715143465,10.151121661217935,164.45807736367945,11.282567539250826,164.56879087088723,32.05867561946664,172.0248974128581,30.327999662151434
2021-04-28 09:00:00,168,4,175.0,167.0,163.0,123.42857142857143,171.68980136446646,10.151121661217935,176.28543955625872,11.282567539250826,163.42670560307255,32.05867561946664,168.64130879781908,30.327999662151434
2021-04-28 10:00:00,166,4,168.0,165.0,173.0,128.14285714285714,174.76287977357174,10.151121661217935,173.95024729844178,11.282567539250826,161.7458457389357,32.05867561946664,166.86289498946994,30.327999662151434
2021-04-28 11:00:00,172,4,166.0,168.0,165.0,125.14285714285714,164.11907601737116,10.151121661217935,168.8727813386238,11.282567539250826,164.44842982099598,32.05867561946664,167.4639705472868,30.327999662151434
2021-04-28 12:00:00,118,4,172.0,111.0,110.0,84.71428571428571,124.28545163632484,10.151121661217935,122.96348866023311,11.282567539250826,108.5041675885101,32.05867561946664,112.86170697032207,30.327999662151434
2021-04-28 13:00:00,168,4,118.0,165.0,158.0,121.28571428571429,161.0551265272602,10.151121661217935,163.49463922832194,11.282567539250826,161.27412933391346,32.05867561946664,163.91309307799636,30.327999662151434
2021-04-28 14:00:00,152,4,168.0,163.0,167.0,124.85714285714286,162.04728563734017,10.151121661217935,162.35039419475436,11.282567539250826,161.11893118514809,32.05867561946664,170.49130526483322,30.327999662151434
2021-04-28 15:00:00,152,4,152.0,152.0,161.0,118.14285714285714,159.8294431282249,10.151121661217935,161.91336262769343,11.282567539250826,159.52408826236962,32.05867561946664,160.41558923780494,30.327999662151434
2021-04-28 16:00:00,145,4,152.0,149.0,155.0,115.14285714285714,149.01205104306908,10.151121661217935,152.33508138093157,11.282567539250826,151.6202021934371,32.05867561946664,148.09244516127066,30.327999662151434
2021-04-28 17:00:00,158,4,145.0,142.0,134.0,105.14285714285714,139.5423919058323,10.151121661217935,140.195469772845,11.282567539250826,121.7967314909289,32.05867561946664,128.00826176069734,30.327999662151434
2021-04-28 18:00:00,157,4,158.0,140.0,148.0,109.14285714285714,145.7804049047208,10.151121661217935,144.65306777727963,11.282567539250826,134.62205392571735,32.05867561946664,145.4412298516377,30.327999662151434
2021-04-28 19:00:00,123,4,157.0,109.0,139.0,96.42857142857143,134.45654082613908,10.151121661217935,136.14592218625504,11.282567539250826,118.68225647454551,32.05867561946664,130.97977969735555,30.327999662151434
2021-04-28 20:00:00,112,4,123.0,127.0,136.0,101.57142857142857,127.745204152768,10.151121661217935,126.87384955377719,11.282567539250826,118.27238030933528,32.05867561946664,130.65952927606483,30.327999662151434
2021-04-28 21:00:00,116,4,112.0,117.0,124.0,93.0,117.48077905663853,10.151121661217935,118.45613228285592,11.282567539250826,117.36940407865654,32.05867561946664,130.50621282259155,30.327999662151434
2021-04-28 22:00:00,111,4,116.0,109.0,118.0,87.42857142857143,117.09174221144991,10.151121661217935,116.61769672831586,11.282567539250826,107.62057152573607,32.05867561946664,118.79517330911112,30.327999662151434
2021-04-28 23:00:00,100,4,111.0,107.0,117.0,87.42857142857143,109.89940098471392,10.151121661217935,111.17264064656548,11.282567539250826,107.00347721958082,32.05867561946664,116.95910657202477,30.327999662151434
2021-04-29 00:00:00,63,4,100.0,63.0,62.0,57.714285714285715,52.75302681007475,10.151121661217935,53.78159139970194,11.282567539250826,47.27956270724813,32.05867561946664,57.247538081536185,30.327999662151434
2021-04-29 01:00:00,109,4,63.0,109.0,106.0,93.57142857142857,97.21690318744056,10.151121661217935,102.06042109668574,11.282567539250826,104.84446747139665,32.05867561946664,114.30259922848737,30.327999662151434
2021-04-29 02:00:00,103,4,109.0,103.0,107.0,93.0,102.4209458853746,10.151121661217935,109.0756539016809,11.282567539250826,102.78655324648133,32.05867561946664,112.6535413261587,30.327999662151434
2021-04-29 03:00:00,113,4,103.0,113.0,104.0,92.71428571428571,97.29864105686023,10.151121661217935,105.1019812975667,11.282567539250826,103.83152585960165,32.05867561946664,115.24270031797965,30.327999662151434
2021-04-29 04:00:00,109,4,113.0,109.0,111.0,95.85714285714286,107.60969946882139,10.151121661217935,105.51085212919475,11.282567539250826,102.76800000663351,32.05867561946664,111.56816613393913,30.327999662151434
2021-04-29 05:00:00,114,4,109.0,114.0,110.0,94.71428571428571,106.2809421122798,10.151121661217935,105.34746871526103,11.282567539250826,102.09695698875174,32.05867561946664,111.36300276641721,30.327999662151434
2021-04-29 06:00:00,114,4,114.0,114.0,112.0,97.14285714285714,115.63546506848368,10.151121661217935,116.88175519222109,11.282567539250826,100.59098266112765,32.05867561946664,113.42753303431475,30.327999662151434
2021-04-29 07:00:00,134,4,114.0,134.0,140.0,116.71428571428571,109.96038757343672,10.151121661217935,110.62550541307787,11.282567539250826,123.93356445498632,32.05867561946664,131.1472348981873,30.327999662151434
2021-04-29 08:00:00,175,4,134.0,175.0,174.0,131.42857142857142,160.0961951067053,10.151121661217935,163.35588666895086,11.282567539250826,168.26614111059254,32.05867561946664,173.94076509422703,30.327999662151434
2021-04-29 09:00:00,168,4,175.0,168.0,163.0,124.14285714285714,171.97974013763613,10.151121661217935,175.7551670241216,11.282567539250826,163.74671384115942,32.05867561946664,167.57503432456005,30.327999662151434
2021-04-29 10:00:00,166,4,168.0,166.0,173.0,127.14285714285714,174.52779481196956,10.151121661217935,175.8958301662664,11.282567539250826,161.71185726263374,32.05867561946664,168.80410780762554,30.327999662151434
2021-04-29 11:00:00,172,4,166.0,172.0,165.0,126.14285714285714,164.50746020603154,10.151121661217935,169.99547620139768,11.282567539250826,161.9509580969794,32.05867561946664,169.71117622255807,30.327999662151434
2021-04-29 12:00:00,118,4,172.0,118.0,110.0,85.85714285714286,123.49226269194756,10.151121661217935,121.9113006965268,11.282567539250826,115.98158845140118,32.05867561946664,115.3281225306995,30.327999662151434
2021-04-29 13:00:00,168,4,118.0,168.0,158.0,122.71428571428571,163.19698029438308,10.151121661217935,164.00151593554708,11.282567539250826,161.56442421148088,32.05867561946664,164.7210982861703,30.327999662151434
2021-04-29 14:00:00,152,4,168.0,152.0,167.0,122.71428571428571,163.3609553059997,10.151121661217935,163.0233908297083,11.282567539250826,164.7244984328398,32.05867561946664,164.9756545325022,30.327999662151434
2021-04-29 15:00:00,152,4,152.0,152.0,161.0,116.85714285714286,159.2095615840434,10.151121661217935,162.27315524215624,11.282567539250826,159.66511056992442,32.05867561946664,166.82931231599144,30.327999662151434
2021-04-29 16:00:00,145,4,152.0,145.0,155.0,113.71428571428571,148.4817372173412,10.151121661217935,148.61709294504337,11.282567539250826,153.39749838114741,32.05867561946664,153.37034112191685,30.327999662151434
2021-04-29 17:00:00,158,4,145.0,158.0,134.0,108.57142857142857,153.44704451002,10.151121661217935,150.43010966257071,11.282567539250826,128.75309662434557,32.05867561946664,142.0831366892047,30.327999662151434
2021-04-29 18:00:00,157,4,158.0,157.0,148.0,110.42857142857143,145.46946584317269,10.151121661217935,144.31576764669128,11.282567539250826,138.3335513512181,32.05867561946664,151.22120043437658,30.327999662151434
2021-04-29 19:00:00,123,4,157.0,123.0,139.0,94.14285714285714,134.0512673540696,10.151121661217935,134.70905068312692,11.282567539250826,124.97970651795293,32.05867561946664,137.69267156991484,30.327999662151434
2021-04-29 20:00:00,112,4,123.0,112.0,136.0,98.14285714285714,129.37903439690626,10.151121661217935,129.07414342541446,11.282567539250826,122.38324435411403,32.05867561946664,129.77023454600032,30.327999662151434
2021-04-29 21:00:00,116,4,112.0,116.0,124.0,91.85714285714286,117.24027858531558,10.151121661217935,117.45312356078503,11.282567539250826,120.42664562626499,32.05867561946664,125.89826975662609,30.327999662151434
2021-04-29 22:00:00,111,4,116.0,111.0,118.0,86.42857142857143,116.86628030542374,10.151121661217935,116.17958183156112,11.282567539250826,112.28507014076226,32.05867561946664,119.853402780666,30.327999662151434
2021-04-29 23:00:00,100,4,111.0,100.0,117.0,85.0,109.10138155331101,10.151121661217935,110.61230762814557,11.282567539250826,106.92769474813709,32.05867561946664,115.7415737134605,30.327999662151434
2021-04-30 00:00:00,62,4,100.0,63.0,62.0,57.857142857142854,55.882310763076035,10.151121661217935,55.07061771205714,11.282567539250826,38.14941509035488,32.05867561946664,61.31034753465749,30.327999662151434
2021-04-30 01:00:00,106,4,62.0,109.0,106.0,94.0,96.07410896467596,10.151121661217935,101.39373565261114,11.282567539250826,78.87232458044329,32.05867561946664,109.1366082675583,30.327999662151434
2021-04-30 02:00:00,107,4,106.0,103.0,107.0,92.42857142857143,103.94153906087222,10.151121661217935,109.24853999395033,11.282567539250826,76.97435354406487,32.05867561946664,109.58660081033423,30.327999662151434
2021-04-30 03:00:00,104,4,107.0,113.0,104.0,94.0,98.70482118351663,10.151121661217935,104.58546067490762,11.282567539250826,77.61795535396296,32.05867561946664,108.33861117981185,30.327999662151434
2021-04-30 04:00:00,111,4,104.0,109.0,111.0,95.57142857142857,106.3150850346698,10.151121661217935,107.8145193316432,11.282567539250826,76.60867703649998,32.05867561946664,106.59562358469735,30.327999662151434
2021-04-30 05:00:00,110,4,111.0,114.0,110.0,95.28571428571429,103.32155181241254,10.151121661217935,102.99306205074672,11.282567539250826,74.70417118427088,32.05867561946664,100.4941392407352,30.327999662151434
2021-04-30 06:00:00,112,4,110.0,114.0,112.0,97.42857142857143,112.26023230134928,10.151121661217935,110.69620875215601,11.282567539250826,73.78413726795061,32.05867561946664,107.32081887582527,30.327999662151434
2021-04-30 07:00:00,140,4,112.0,134.0,140.0,115.85714285714286,107.54432183590143,10.151121661217935,112.37354898564897,11.282567539250826,83.79155821571237,32.05867561946664,114.53785454928556,30.327999662151434
2021-04-30 08:00:00,174,4,140.0,175.0,174.0,131.57142857142858,154.9657304052478,10.151121661217935,162.64336725079497,11.282567539250826,117.4357077421268,32.05867561946664,157.25770012787777,30.327999662151434
2021-04-30 09:00:00,163,4,174.0,168.0,163.0,124.85714285714286,166.40878327645493,10.151121661217935,171.92917823933942,11.282567539250826,111.6258056078964,32.05867561946664,151.04297464336736,30.327999662151434
2021-04-30 10:00:00,173,4,163.0,166.0,173.0,126.14285714285714,169.3104784424655,10.151121661217935,172.7307037666118,11.282567539250826,106.87627616098757,32.05867561946664,147.29604378387327,30.327999662151434
2021-04-30 11:00:00,165,4,173.0,172.0,165.0,127.14285714285714,161.41483922007646,10.151121661217935,167.81577308289806,11.282567539250826,110.3861141587635,32.05867561946664,149.91751115437017,30.327999662151434
2021-04-30 12:00:00,110,4,165.0,118.0,110.0,87.0,120.40346649527254,10.151121661217935,117.35847160258918,11.282567539250826,74.09783356663324,32.05867561946664,99.89713031714933,30.327999662151434
2021-04-30 13:00:00,158,4,110.0,168.0,158.0,124.14285714285714,157.62359617216148,10.151121661217935,155.34429213734248,11.282567539250826,109.23674684842652,32.05867561946664,141.14311953445718,30.327999662151434
2021-04-30 14:00:00,167,4,158.0,152.0,167.0,120.57142857142857,156.26307790826198,10.151121661217935,160.84462772551765,11.282567539250826,114.42805436460928,32.05867561946664,133.107539988782,30.327999662151434
2021-04-30 15:00:00,161,4,167.0,152.0,161.0,115.57142857142857,154.97204466770344,10.151121661217935,158.04076687914468,11.282567539250826,110.32483498876151,32.05867561946664,123.46957961149192,30.327999662151434
2021-04-30 16:00:00,155,4,161.0,145.0,155.0,112.28571428571429,154.07602391081204,10.151121661217935,156.2394790362557,11.282567539250826,101.86797023121206,32.05867561946664,125.07456635986082,30.327999662151434
2021-04-30 17:00:00,134,4,155.0,158.0,134.0,112.0,153.4030203796709,10.151121661217935,151.75314611707225,11.282567539250826,82.68172774481407,32.05867561946664,116.7714449865893,30.327999662151434
2021-04-30 18:00:00,148,4,134.0,157.0,148.0,111.71428571428571,139.08610929170186,10.151121661217935,139.43415842559247,11.282567539250826,95.38128508179328,32.05867561946664,128.4227193366623,30.327999662151434
2021-04-30 19:00:00,139,4,148.0,123.0,139.0,91.85714285714286,134.72574130051603,10.151121661217935,134.8869312832532,11.282567539250826,80.63590398580261,32.05867561946664,116.69987656036017,30.327999662151434
2021-04-30 20:00:00,136,4,139.0,112.0,136.0,94.71428571428571,128.45635933366015,10.151121661217935,131.4491836643735,11.282567539250826,77.9202231019763,32.05867561946664,115.94845499893952,30.327999662151434
2021-04-30 21:00:00,124,4,136.0,116.0,124.0,90.71428571428571,124.78253915248183,10.151121661217935,127.04748059798807,11.282567539250826,73.18619247148288,32.05867561946664,112.87485683624163,30.327999662151434
2021-04-30 22:00:00,118,4,124.0,111.0,118.0,85.42857142857143,119.98094287740429,10.151121661217935,120.71362835051696,11.282567539250826,69.07855025878852,32.05867561946664,103.6789212435574,30.327999662151434
2021-04-30 23:00:00,117,4,118.0,100.0,117.0,82.57142857142857,116.71742094944771,10.151121661217935,118.74914288368598,11.282567539250826,70.8814268999252,32.05867561946664,102.93161765375469,30.327999662151434
2021-05-01 00:00:00,76,5,117.0,62.0,61.0,57.857142857142854,62.50379994791291,18.850226288022494,68.99572189832679,18.314797045225863,64.37932168712338,81.74768102999573,76.15153709966387,75.24927124544331
2021-05-01 01:00:00,116,5,76.0,106.0,105.0,94.0,110.2868664069722,18.850226288022494,109.8235181004114,18.314797045225863,105.2659101597463,81.74768102999573,114.86500844081016,75.24927124544331
2021-05-01 02:00:00,118,5,116.0,107.0,100.0,92.42857142857143,109.91965752544117,18.850226288022494,110.05089791319433,18.314797045225863,102.01385548606919,81.74768102999573,113.29970761613477,75.24927124544331
2021-05-01 03:00:00,105,5,118.0,104.0,104.0,94.0,113.22962838639619,18.850226288022494,112.48051423164502,18.314797045225863,105.06008253737008,81.74768102999573,110.54170776541768,75.24927124544331
2021-05-01 04:00:00,107,5,105.0,111.0,105.0,95.57142857142857,112.11178306799356,18.850226288022494,110.59435631270722,18.314797045225863,105.83297062176423,81.74768102999573,105.41739381504014,75.24927124544331
2021-05-01 05:00:00,92,5,107.0,110.0,107.0,95.28571428571429,105.8383737542398,18.850226288022494,106.5396972539024,18.314797045225863,103.65303947013571,81.74768102999573,102.76476380803093,75.24927124544331
2021-05-01 06:00:00,103,5,92.0,112.0,112.0,97.42857142857143,96.34628724131662,18.850226288022494,96.08526672943032,18.314797045225863,103.58093209134512,81.74768102999573,110.52980101028243,75.24927124544331
2021-05-01 07:00:00,97,5,103.0,140.0,82.0,115.85714285714286,97.0306557348188,18.850226288022494,96.23363521991921,18.314797045225863,76.42404270280409,81.74768102999573,83.94153856110819,75.24927124544331
2021-05-01 08:00:00,25,5,97.0,174.0,21.0,131.57142857142858,34.255863669523386,18.850226288022494,40.04986760386539,18.314797045225863,26.685737266631758,81.74768102999573,31.094364287857363,75.24927124544331
2021-05-01 09:00:00,21,5,25.0,163.0,21.0,124.85714285714286,17.055346811727066,18.850226288022494,20.4441253874672,18.314797045225863,18.178584810553605,81.74768102999573,29.228954504836164,75.24927124544331
2021-05-01 10:00:00,21,5,21.0,173.0,25.0,126.14285714285714,20.50267256704653,18.850226288022494,21.96904419115543,18.314797045225863,21.644110675134232,81.74768102999573,24.181745643343948,75.24927124544331
2021-05-01 11:00:00,26,5,21.0,165.0,21.0,127.14285714285714,24.548179782971125,18.850226288022494,22.438824942027797,18.314797045225863,19.09157341429424,81.74768102999573,27.13079686434511,75.24927124544331
2021-05-01 12:00:00,24,5,26.0,110.0,21.0,87.0,19.830262227013257,18.850226288022494,21.370315740962134,18.314797045225863,16.90923533611206,81.74768102999573,24.193513367946302,75.24927124544331
2021-05-01 13:00:00,21,5,24.0,158.0,25.0,124.14285714285714,18.09772942143594,18.850226288022494,20.768974266672963,18.314797045225863,21.84125707166486,81.74768102999573,26.92606347743262,75.24927124544331
2021-05-01 14:00:00,21,5,21.0,167.0,22.0,120.57142857142857,22.73854228588672,18.850226288022494,23.225571396473104,18.314797045225863,26.696325236270756,81.74768102999573,24.456260117197125,75.24927124544331
2021-05-01 15:00:00,26,5,21.0,161.0,20.0,115.57142857142857,24.190602996000713,18.850226288022494,24.573444602716624,18.314797045225863,24.734995744445275,81.74768102999573,29.776357742899194,75.24927124544331
2021-05-01 16:00:00,21,5,26.0,155.0,23.0,112.28571428571429,21.05247393818037,18.850226288022494,22.551388718180814,18.314797045225863,26.437612756787132,81.74768102999573,30.249411395132302,75.24927124544331
2021-05-01 17:00:00,21,5,21.0,134.0,25.0,112.0,21.24205778432366,18.850226288022494,23.09449651524565,18.314797045225863,20.557997698840108,81.74768102999573,29.601615164006315,75.24927124544331
2021-05-01 18:00:00,25,5,21.0,148.0,20.0,111.71428571428571,24.49970670865239,18.850226288022494,24.32165799031552,18.314797045225863,23.04976259358682,81.74768102999573,29.476511399084117,75.24927124544331
2021-05-01 19:00:00,21,5,25.0,139.0,20.0,91.85714285714286,21.027855655588557,18.850226288022494,21.571122416035905,18.314797045225863,23.388972730869806,81.74768102999573,26.52228164603907,75.24927124544331
2021-05-01 20:00:00,21,5,21.0,136.0,24.0,94.71428571428571,21.26807101535193,18.850226288022494,21.392445786795655,18.314797045225863,24.35392320195445,81.74768102999573,27.43677348209013,75.24927124544331
2021-05-01 21:00:00,26,5,21.0,124.0,21.0,90.71428571428571,24.043177262019174,18.850226288022494,25.783080202429968,18.314797045225863,20.768401307618994,81.74768102999573,28.468434181602177,75.24927124544331
2021-05-01 22:00:00,22,5,26.0,118.0,20.0,85.42857142857143,20.88845302049503,18.850226288022494,21.674179563187316,18.314797045225863,10.6054628652047,81.74768102999573,23.433682764005983,75.24927124544331
2021-05-01 23:00:00,21,5,22.0,117.0,25.0,82.57142857142857,20.94418552089365,18.850226288022494,20.980808854634976,18.314797045225863,24.16253558492867,81.74768102999573,30.118610021005242,75.24927124544331
2021-05-02 00:00:00,22,5,21.0,76.0,20.0,60.0,22.781644286886234,18.850226288022494,22.99430273173507,18.314797045225863,38.258113269208174,81.74768102999573,37.18473736388911,75.24927124544331
2021-05-02 01:00:00,25,5,22.0,116.0,25.0,95.57142857142857,24.228033303535284,18.850226288022494,22.287434444432655,18.314797045225863,35.642318282444265,81.74768102999573,45.16327418218041,75.24927124544331
2021-05-02 02:00:00,21,5,25.0,118.0,20.0,95.0,20.282221087489926,18.850226288022494,20.2572679437935,18.314797045225863,34.357707289841464,81.74768102999573,40.22365418334291,75.24927124544331
2021-05-02 03:00:00,21,5,21.0,105.0,20.0,94.14285714285714,19.95756044175331,18.850226288022494,19.186286981233376,18.314797045225863,37.100643524785035,81.74768102999573,40.248520797037976,75.24927124544331
2021-05-02 04:00:00,26,5,21.0,107.0,25.0,95.85714285714286,23.38092068551977,18.850226288022494,21.956230639376564,18.314797045225863,37.26223844168279,81.74768102999573,39.02063108061186,75.24927124544331
2021-05-02 05:00:00,21,5,26.0,92.0,20.0,93.14285714285714,18.380659907692955,18.850226288022494,19.072895983765907,18.314797045225863,39.26523299039567,81.74768102999573,47.52762762493802,75.24927124544331
2021-05-02 06:00:00,21,5,21.0,103.0,20.0,96.14285714285714,19.488969823989017,18.850226288022494,19.888936234134057,18.314797045225863,39.51549070841266,81.74768102999573,40.438490008541464,75.24927124544331
2021-05-02 07:00:00,25,5,21.0,97.0,23.0,118.0,27.52356941067501,18.850226288022494,28.543734011156257,18.314797045225863,43.89378185393714,81.74768102999573,46.540099451574605,75.24927124544331
2021-05-02 08:00:00,21,5,25.0,25.0,24.0,132.14285714285714,22.91664197982424,18.850226288022494,21.725948676117,18.314797045225863,88.14105373743324,81.74768102999573,104.65290246286818,75.24927124544331
2021-05-02 09:00:00,21,5,21.0,21.0,20.0,124.85714285714286,20.408563298577928,18.850226288022494,18.828794115432608,18.314797045225863,86.50625419856213,81.74768102999573,97.85703341940277,75.24927124544331
2021-05-02 10:00:00,26,5,21.0,21.0,23.0,125.57142857142857,21.178833242793665,18.850226288022494,22.52513157139203,18.314797045225863,88.67130532402767,81.74768102999573,104.95013979364151,75.24927124544331
2021-05-02 11:00:00,24,5,26.0,26.0,24.0,127.85714285714286,18.934852343507515,18.850226288022494,19.36684240357768,18.314797045225863,87.19078018344389,81.74768102999573,101.83163783545815,75.24927124544331
2021-05-02 12:00:00,21,5,24.0,24.0,20.0,87.42857142857143,19.03477243614664,18.850226288022494,18.081024290787965,18.314797045225863,81.798746164047,81.74768102999573,91.80382840083509,75.24927124544331
2021-05-02 13:00:00,24,5,21.0,21.0,20.0,123.57142857142857,20.879961827033764,18.850226288022494,20.43293880544976,18.314797045225863,87.52247710976604,81.74768102999573,98.3251329870953,75.24927124544331
2021-05-02 14:00:00,26,5,24.0,21.0,25.0,120.42857142857143,22.364249676227956,18.850226288022494,22.12140066953225,18.314797045225863,92.33507766544369,81.74768102999573,100.30151386543022,75.24927124544331
2021-05-02 15:00:00,21,5,26.0,26.0,20.0,116.42857142857143,18.88517521911634,18.850226288022494,18.216116818841467,18.314797045225863,90.25078295425288,81.74768102999573,99.16014605086478,75.24927124544331
2021-05-02 16:00:00,20,5,21.0,21.0,20.0,112.0,21.03895898728949,18.850226288022494,20.80016508076538,18.314797045225863,90.38010971868746,81.74768102999573,95.16879435058644,75.24927124544331
2021-05-02 17:00:00,25,5,20.0,21.0,25.0,111.42857142857143,22.98798087173787,18.850226288022494,22.36241756798079,18.314797045225863,91.72102524683673,81.74768102999573,96.71427697977411,75.24927124544331
2021-05-02 18:00:00,21,5,25.0,25.0,20.0,112.42857142857143,19.36459562610101,18.850226288022494,17.963281757828405,18.314797045225863,89.45358979847154,81.74768102999573,95.34681791456207,75.24927124544331
2021-05-02 19:00:00,21,5,21.0,21.0,20.0,92.0,19.194461335752802,18.850226288022494,19.670786052789385,18.314797045225863,78.72166317549959,81.74768102999573,92.69595595703662,75.24927124544331
2021-05-02 20:00:00,26,5,21.0,21.0,25.0,94.28571428571429,23.18975673578811,18.850226288022494,23.43256325465815,18.314797045225863,86.01798073214607,81.74768102999573,98.20000968356827,75.24927124544331
2021-05-02 21:00:00,22,5,26.0,26.0,24.0,91.42857142857143,21.550958254159248,18.850226288022494,19.11821366436628,18.314797045225863,76.79254900736748,81.74768102999573,90.30059814525532,75.24927124544331
2021-05-02 22:00:00,21,5,22.0,22.0,20.0,85.71428571428571,18.963410578530375,18.850226288022494,19.129840803263622,18.314797045225863,74.69286298440038,81.74768102999573,86.9914087548105,75.24927124544331
2021-05-02 23:00:00,25,5,21.0,21.0,22.0,82.0,21.356494457856748,18.850226288022494,23.15920869605501,18.314797045225863,72.31434381019137,81.74768102999573,85.58165484505118,75.24927124544331
2021-05-03 00:00:00,26,5,25.0,22.0,68.0,60.285714285714285,44.602626221520296,18.850226288022494,51.45010172445921,18.314797045225863,52.078230150008444,81.74768102999573,66.09904331502129,75.24927124544331
2021-05-03 01:00:00,21,5,26.0,25.0,102.0,95.57142857142857,23.432284416168557,18.850226288022494,24.652302640408006,18.314797045225863,69.12149823993684,81.74768102999573,86.69238178375431,75.24927124544331
2021-05-03 02:00:00,21,5,21.0,21.0,107.0,95.14285714285714,19.400889808785326,18.850226288022494,22.796843281956935,18.314797045225863,69.48799846641442,81.74768102999573,81.55037604257355,75.24927124544331
2021-05-03 03:00:00,26,5,21.0,21.0,102.0,94.28571428571429,22.430079848860636,18.850226288022494,27.143938553371676,18.314797045225863,59.052501851361924,81.74768102999573,79.80899746042779,75.24927124544331
2021-05-03 04:00:00,21,5,26.0,26.0,105.0,96.0,19.095886324776007,18.850226288022494,23.477221336453464,18.314797045225863,75.59004326381263,81.74768102999573,82.39943003246691,75.24927124544331
2021-05-03 05:00:00,21,5,21.0,21.0,101.0,93.28571428571429,38.463895115203854,18.850226288022494,42.6175195330378,18.314797045225863,56.79488386132544,81.74768102999573,75.47340707397618,75.24927124544331
2021-05-03 06:00:00,25,5,21.0,21.0,105.0,96.28571428571429,21.857161251675464,18.850226288022494,27.01940479984455,18.314797045225863,71.46490018259294,81.74768102999573,83.44964358424508,75.24927124544331
2021-05-03 07:00:00,97,5,25.0,25.0,149.0,118.28571428571429,80.53560153599754,18.850226288022494,86.68978856603346,18.314797045225863,134.52606767792716,81.74768102999573,118.1255789265337,75.24927124544331
2021-05-03 08:00:00,184,5,97.0,21.0,176.0,131.71428571428572,172.8041828925455,18.850226288022494,185.77706573711316,18.314797045225863,172.6666048301385,81.74768102999573,176.7960359120331,75.24927124544331
2021-05-03 09:00:00,181,5,184.0,21.0,167.0,125.0,184.46838643728444,18.850226288022494,183.3242178514063,18.314797045225863,169.00045820705336,81.74768102999573,170.72952572824803,75.24927124544331
2021-05-03 10:00:00,164,5,181.0,26.0,165.0,126.0,174.20487938513813,18.850226288022494,173.63036743647436,18.314797045225863,165.24120067629335,81.74768102999573,149.71380235700494,75.24927124544331
2021-05-03 11:00:00,179,5,164.0,24.0,168.0,127.85714285714286,172.3629976905962,18.850226288022494,172.5471456681772,18.314797045225863,168.70220554911066,81.74768102999573,168.00138186235844,75.24927124544331
2021-05-03 12:00:00,134,5,179.0,21.0,111.0,87.57142857142857,130.88097320726823,18.850226288022494,133.52998903847808,18.314797045225863,106.04594172507743,81.74768102999573,121.42539579768045,75.24927124544331
2021-05-03 13:00:00,182,5,134.0,24.0,165.0,124.14285714285714,183.43549493171585,18.850226288022494,183.67168389794193,18.314797045225863,162.71602362834315,81.74768102999573,165.9695422530385,75.24927124544331
2021-05-03 14:00:00,170,5,182.0,26.0,163.0,120.57142857142857,177.73126397701884,18.850226288022494,179.06177187763026,18.314797045225863,159.89275546059085,81.74768102999573,161.36835176050764,75.24927124544331
2021-05-03 15:00:00,167,5,170.0,21.0,152.0,116.57142857142857,166.59882472656372,18.850226288022494,170.5541531057481,18.314797045225863,153.7784125914037,81.74768102999573,152.67775741231824,75.24927124544331
2021-05-03 16:00:00,162,5,167.0,20.0,149.0,112.0,160.78653868781817,18.850226288022494,161.72579517468702,18.314797045225863,144.10140116250096,81.74768102999573,147.46207251078013,75.24927124544331
2021-05-03 17:00:00,146,5,162.0,25.0,142.0,111.42857142857143,144.53483296165808,18.850226288022494,142.87017842731697,18.314797045225863,141.55231744035711,81.74768102999573,139.1959724650298,75.24927124544331
2021-05-03 18:00:00,141,5,146.0,21.0,140.0,112.57142857142857,135.1861135661416,18.850226288022494,137.24927613621725,18.314797045225863,137.90824906525154,81.74768102999573,144.04887246866502,75.24927124544331
2021-05-03 19:00:00,133,5,141.0,21.0,109.0,92.14285714285714,126.87092774912863,18.850226288022494,126.94640628750003,18.314797045225863,108.48357259895735,81.74768102999573,124.24907639349827,75.24927124544331
2021-05-03 20:00:00,117,5,133.0,26.0,127.0,94.42857142857143,116.99752491501877,18.850226288022494,114.85199134591369,18.314797045225863,128.92235798537283,81.74768102999573,124.4445621976535,75.24927124544331
2021-05-03 21:00:00,110,5,117.0,22.0,117.0,91.14285714285714,117.3539595260341,18.850226288022494,117.4974215351172,18.314797045225863,114.99832429564266,81.74768102999573,120.61010052203,75.24927124544331
2021-05-03 22:00:00,110,5,110.0,21.0,109.0,85.85714285714286,108.82707456590303,18.850226288022494,110.45151691284599,18.314797045225863,111.17010438156385,81.74768102999573,120.27508619130101,75.24927124544331
2021-05-03 23:00:00,114,5,110.0,25.0,107.0,82.42857142857143,109.01697811061739,18.850226288022494,110.59608420815258,18.314797045225863,118.17421364997455,81.74768102999573,120.87902224607735,75.24927124544331
2021-05-04 00:00:00,68,5,114.0,26.0,68.0,54.285714285714285,64.35175697404657,18.850226288022494,66.63687971890289,18.314797045225863,65.94530629109732,81.74768102999573,68.32272650685451,75.24927124544331
2021-05-04 01:00:00,117,5,68.0,21.0,102.0,84.0,107.50288720284918,18.850226288022494,109.82541349684165,18.314797045225863,87.64453425670114,81.74768102999573,105.02587338871747,75.24927124544331
2021-05-04 02:00:00,120,5,117.0,21.0,107.0,82.85714285714286,113.0578109326098,18.850226288022494,114.02782966778669,18.314797045225863,92.67343312301156,81.74768102999573,109.19850567457655,75.24927124544331
2021-05-04 03:00:00,113,5,120.0,26.0,102.0,83.42857142857143,109.2180843661145,18.850226288022494,112.3132237811431,18.314797045225863,97.55764118676903,81.74768102999573,113.43485695732598,75.24927124544331
2021-05-04 04:00:00,108,5,113.0,21.0,105.0,84.0,110.55880584253232,18.850226288022494,111.10762438856025,18.314797045225863,89.95625868184884,81.74768102999573,104.6611141766129,75.24927124544331
2021-05-04 05:00:00,94,5,108.0,21.0,101.0,81.85714285714286,98.29419530996917,18.850226288022494,100.67479949734776,18.314797045225863,86.35861650559589,81.74768102999573,107.10985643319502,75.24927124544331
2021-05-04 06:00:00,112,5,94.0,25.0,105.0,84.85714285714286,105.53670563573822,18.850226288022494,107.54614839203428,18.314797045225863,101.0275568642795,81.74768102999573,107.3547107463325,75.24927124544331
2021-05-04 07:00:00,142,5,112.0,97.0,149.0,110.85714285714286,147.25890568325076,18.850226288022494,149.74429552296854,18.314797045225863,150.42913121872755,81.74768102999573,153.4430736990342,75.24927124544331
2021-05-04 08:00:00,181,5,142.0,184.0,176.0,132.85714285714286,183.74288678474065,18.850226288022494,184.87552575316687,18.314797045225863,183.6674860709836,81.74768102999573,181.50772678044558,75.24927124544331
2021-05-04 09:00:00,177,5,181.0,181.0,167.0,127.0,172.46885410990734,18.850226288022494,174.27280471547706,18.314797045225863,181.0964070978132,81.74768102999573,178.75911477445484,75.24927124544331
2021-05-04 10:00:00,174,5,177.0,164.0,165.0,125.85714285714286,173.6207738579149,18.850226288022494,174.24660501536425,18.314797045225863,175.6301797958263,81.74768102999573,172.0793151679114,75.24927124544331
2021-05-04 11:00:00,178,5,174.0,179.0,168.0,129.42857142857142,173.75882398993855,18.850226288022494,175.34160789121097,18.314797045225863,180.2788968281055,81.74768102999573,180.76246706451712,75.24927124544331
2021-05-04 12:00:00,129,5,178.0,134.0,111.0,90.85714285714286,122.74547374526637,18.850226288022494,124.19441256926626,18.314797045225863,125.48144522884725,81.74768102999573,128.71246606511414,75.24927124544331
2021-05-04 13:00:00,170,5,129.0,182.0,165.0,126.57142857142857,169.81355931586413,18.850226288022494,174.2384020714264,18.314797045225863,180.6118789527422,81.74768102999573,178.4975177166385,75.24927124544331
2021-05-04 14:00:00,180,5,170.0,170.0,163.0,121.57142857142857,177.6116427168053,18.850226288022494,176.844573051828,18.314797045225863,176.84971660003822,81.74768102999573,176.0409646916411,75.24927124544331
2021-05-04 15:00:00,177,5,180.0,167.0,152.0,118.71428571428571,171.40325994377415,18.850226288022494,170.79451902584924,18.314797045225863,166.0379999145068,81.74768102999573,165.22606580253327,75.24927124544331
2021-05-04 16:00:00,164,5,177.0,162.0,149.0,113.85714285714286,159.81291576248415,18.850226288022494,161.21454897228003,18.314797045225863,159.2468209940206,81.74768102999573,159.99452533144134,75.24927124544331
2021-05-04 17:00:00,153,5,164.0,146.0,142.0,112.0,144.64012408489089,18.850226288022494,141.59168770983376,18.314797045225863,146.88292967104866,81.74768102999573,144.94962499474158,75.24927124544331
2021-05-04 18:00:00,169,5,153.0,141.0,140.0,112.71428571428571,146.98998324383805,18.850226288022494,147.70222411776402,18.314797045225863,141.47970263027446,81.74768102999573,143.17135488378491,75.24927124544331
2021-05-04 19:00:00,172,5,169.0,133.0,109.0,95.57142857142857,151.7634138803364,18.850226288022494,146.26176562891905,18.314797045225863,131.189322535921,81.74768102999573,130.09714717789777,75.24927124544331
2021-05-04 20:00:00,129,5,172.0,117.0,127.0,93.0,128.0662078761675,18.850226288022494,129.4710165449704,18.314797045225863,134.4680520531355,81.74768102999573,123.50221935388443,75.24927124544331
2021-05-04 21:00:00,134,5,129.0,110.0,117.0,90.14285714285714,128.31761251903743,18.850226288022494,128.05198821377832,18.314797045225863,127.19686004721626,81.74768102999573,120.20141125211524,75.24927124544331
2021-05-04 22:00:00,115,5,134.0,110.0,109.0,86.0,116.45233025081971,18.850226288022494,115.55062844698925,18.314797045225863,122.61897272056984,81.74768102999573,114.78402042544836,75.24927124544331
2021-05-04 23:00:00,106,5,115.0,114.0,107.0,83.42857142857143,109.03313200643628,18.850226288022494,111.04639378374748,18.314797045225863,118.98676078652689,81.74768102999573,111.0921806630507,75.24927124544331
2021-05-05 00:00:00,67,5,106.0,68.0,63.0,54.285714285714285,61.48189467656348,18.850226288022494,66.13705516543709,18.314797045225863,44.791365599159,81.74768102999573,60.39352095263124,75.24927124544331
2021-05-05 01:00:00,111,5,67.0,117.0,109.0,86.14285714285714,108.70910328937613,18.850226288022494,110.21141595852083,18.314797045225863,104.32287033864489,81.74768102999573,111.75781901210445,75.24927124544331
2021-05-05 02:00:00,115,5,111.0,120.0,103.0,84.71428571428571,113.256167000139,18.850226288022494,111.87269503701152,18.314797045225863,102.7327863182429,81.74768102999573,108.83313369455584,75.24927124544331
2021-05-05 03:00:00,110,5,115.0,113.0,113.0,85.0,107.01917356533193,18.850226288022494,108.16868176923789,18.314797045225863,96.54360689380056,81.74768102999573,105.14016722092363,75.24927124544331
2021-05-05 04:00:00,120,5,110.0,108.0,109.0,84.42857142857143,107.11067029073175,18.850226288022494,106.21982653760475,18.314797045225863,103.52875457213516,81.74768102999573,106.99079392259767,75.24927124544331
2021-05-05 05:00:00,97,5,120.0,94.0,114.0,80.85714285714286,105.34633080458241,18.850226288022494,107.13929872443303,18.314797045225863,95.62753533707541,81.74768102999573,103.42683985033355,75.24927124544331
2021-05-05 06:00:00,109,5,97.0,112.0,114.0,85.85714285714286,107.73967716840015,18.850226288022494,111.79683109925342,18.314797045225863,108.15350986187502,81.74768102999573,110.7811420837322,75.24927124544331
2021-05-05 07:00:00,92,5,109.0,142.0,134.0,109.85714285714286,126.67426542621367,18.850226288022494,126.48264120126264,18.314797045225863,132.0386342274402,81.74768102999573,119.14442811687306,75.24927124544331
2021-05-05 08:00:00,21,5,92.0,181.0,175.0,133.57142857142858,97.3815961484456,18.850226288022494,96.70433090844666,18.314797045225863,180.04586946187618,81.74768102999573,138.60649555149686,75.24927124544331
2021-05-05 09:00:00,21,5,21.0,177.0,168.0,128.42857142857142,24.556118221486884,18.850226288022494,30.216553626183018,18.314797045225863,179.1571581041004,81.74768102999573,137.05640732879422,75.24927124544331
2021-05-05 10:00:00,25,5,21.0,174.0,166.0,127.14285714285714,29.846602499208455,18.850226288022494,34.07946421659629,18.314797045225863,177.1162787519265,81.74768102999573,137.337029900095,75.24927124544331
2021-05-05 11:00:00,22,5,25.0,178.0,172.0,130.85714285714286,25.63566716146174,18.850226288022494,24.77658060553169,18.314797045225863,179.5552942459257,81.74768102999573,126.30019048939292,75.24927124544331
2021-05-05 12:00:00,21,5,22.0,129.0,118.0,93.42857142857143,20.024428063825635,18.850226288022494,22.04392485877128,18.314797045225863,124.19722938186999,81.74768102999573,110.23596505895837,75.24927124544331
2021-05-05 13:00:00,26,5,21.0,170.0,168.0,127.28571428571429,33.589874490982254,18.850226288022494,30.071543820470783,18.314797045225863,174.59266299604494,81.74768102999573,135.01820289674373,75.24927124544331
2021-05-05 14:00:00,21,5,26.0,180.0,152.0,124.0,31.33335276433759,18.850226288022494,28.02471153008831,18.314797045225863,171.5279012814889,81.74768102999573,129.3814768194288,75.24927124544331
2021-05-05 15:00:00,21,5,21.0,177.0,152.0,122.28571428571429,24.601345739704104,18.850226288022494,22.09221693028241,18.314797045225863,169.5152687305083,81.74768102999573,129.51909053845375,75.24927124544331
2021-05-05 16:00:00,26,5,21.0,164.0,145.0,116.0,26.028085731685422,18.850226288022494,26.522358184390775,18.314797045225863,162.03314531780677,81.74768102999573,134.10400959882531,75.24927124544331
2021-05-05 17:00:00,25,5,26.0,153.0,158.0,113.57142857142857,29.13841575396032,18.850226288022494,28.219724730664456,18.314797045225863,157.3813634199982,81.74768102999573,131.8108033169645,75.24927124544331
2021-05-05 18:00:00,21,5,25.0,169.0,157.0,116.85714285714286,28.702618944075972,18.850226288022494,28.657177217330236,18.314797045225863,157.89344825029536,81.74768102999573,133.15599082728656,75.24927124544331
2021-05-05 19:00:00,21,5,21.0,172.0,123.0,104.57142857142857,19.832059075986955,18.850226288022494,21.702649352492077,18.314797045225863,151.60332888847995,81.74768102999573,128.82044340008753,75.24927124544331
2021-05-05 20:00:00,26,5,21.0,129.0,112.0,93.28571428571429,21.165447228930635,18.850226288022494,21.528297613958536,18.314797045225863,122.22677910918141,81.74768102999573,117.93219341961141,75.24927124544331
2021-05-05 21:00:00,22,5,26.0,134.0,116.0,92.57142857142857,21.056080018259244,18.850226288022494,21.42131165780142,18.314797045225863,125.13648591698144,81.74768102999573,117.00529204817607,75.24927124544331
2021-05-05 22:00:00,22,5,22.0,115.0,111.0,86.85714285714286,17.34440700073397,18.850226288022494,17.724050540630913,18.314797045225863,117.5641898202638,81.74768102999573,111.162451991186,75.24927124544331
2021-05-05 23:00:00,26,5,22.0,106.0,100.0,83.28571428571429,27.652277438237174,18.850226288022494,25.8448140867387,18.314797045225863,117.74458435335939,81.74768102999573,106.08475409155623,75.24927124544331
2021-05-06 00:00:00,21,5,26.0,67.0,63.0,54.857142857142854,41.048068778865805,18.850226288022494,37.385272688077556,18.314797045225863,47.53385617273234,81.74768102999573,37.65503156613473,75.24927124544331
2021-05-06 01:00:00,21,5,21.0,111.0,109.0,86.42857142857143,19.9807526350313,18.850226288022494,14.587889777249313,18.314797045225863,89.2419002346725,81.74768102999573,82.63383857193729,75.24927124544331
2021-05-06 02:00:00,26,5,21.0,115.0,103.0,86.42857142857143,22.069579168737224,18.850226288022494,19.028764252305226,18.314797045225863,87.58912912913708,81.74768102999573,76.3050304253457,75.24927124544331
2021-05-06 03:00:00,24,5,26.0,110.0,113.0,84.57142857142857,21.98876366103232,18.850226288022494,18.24256071423035,18.314797045225863,86.14194212007807,81.74768102999573,78.587916854985,75.24927124544331
2021-05-06 04:00:00,21,5,24.0,120.0,109.0,86.0,24.648034918345843,18.850226288022494,19.265989249029918,18.314797045225863,93.67554318194443,81.74768102999573,79.50021895871373,75.24927124544331
2021-05-06 05:00:00,25,5,21.0,97.0,114.0,78.42857142857143,47.43557741914213,18.850226288022494,44.697327134575,18.314797045225863,72.4416755272431,81.74768102999573,71.48557815304812,75.24927124544331
2021-05-06 06:00:00,26,5,25.0,109.0,114.0,85.14285714285714,37.25275317384922,18.850226288022494,32.14787856467845,18.314797045225863,87.6051978818051,81.74768102999573,80.14661107773694,75.24927124544331
2021-05-06 07:00:00,95,5,26.0,92.0,134.0,103.85714285714286,62.673399065865446,18.850226288022494,57.98705583396704,18.314797045225863,122.3076100479332,81.74768102999573,111.5046804342595,75.24927124544331
2021-05-06 08:00:00,199,5,95.0,21.0,175.0,111.57142857142857,164.37980480944694,18.850226288022494,162.08631009390487,18.314797045225863,172.37670099471734,81.74768102999573,173.19740119961975,75.24927124544331
2021-05-06 09:00:00,187,5,199.0,21.0,168.0,107.42857142857143,190.22379507919146,18.850226288022494,193.19086295170294,18.314797045225863,170.26811982034005,81.74768102999573,172.3922135518626,75.24927124544331
2021-05-06 10:00:00,177,5,187.0,25.0,166.0,107.0,178.97441354540163,18.850226288022494,176.90677689060072,18.314797045225863,166.1235588658244,81.74768102999573,171.2886484650832,75.24927124544331
2021-05-06 11:00:00,179,5,177.0,22.0,172.0,109.42857142857143,186.3583299335721,18.850226288022494,188.45216209836963,18.314797045225863,166.3337313074003,81.74768102999573,172.57500097738267,75.24927124544331
2021-05-06 12:00:00,123,5,179.0,21.0,118.0,79.57142857142857,130.78066391990743,18.850226288022494,132.77988625271846,18.314797045225863,116.78285510368629,81.74768102999573,106.0322214214229,75.24927124544331
2021-05-06 13:00:00,173,5,123.0,26.0,168.0,107.0,174.90350957133333,18.850226288022494,178.92595923549504,18.314797045225863,163.54407922537771,81.74768102999573,168.95855145822253,75.24927124544331
2021-05-06 14:00:00,167,5,173.0,21.0,152.0,105.28571428571429,164.55247562991462,18.850226288022494,176.80886080310637,18.314797045225863,157.32426003283504,81.74768102999573,160.07872012907256,75.24927124544331
2021-05-06 15:00:00,173,5,167.0,21.0,152.0,103.57142857142857,168.80673504564243,18.850226288022494,167.1351418037782,18.314797045225863,155.73647355307168,81.74768102999573,156.04646246475522,75.24927124544331
2021-05-06 16:00:00,163,5,173.0,26.0,145.0,99.0,163.0333328447981,18.850226288022494,163.74539602010978,18.314797045225863,141.98523535033928,81.74768102999573,153.08583110465634,75.24927124544331
2021-05-06 17:00:00,155,5,163.0,25.0,158.0,94.57142857142857,157.4550289794117,18.850226288022494,158.8241945241471,18.314797045225863,148.09111702660613,81.74768102999573,157.10365084772732,75.24927124544331
2021-05-06 18:00:00,140,5,155.0,21.0,157.0,97.42857142857143,154.28522376038708,18.850226288022494,156.02553392594882,18.314797045225863,150.06139099651875,81.74768102999573,154.9141141481918,75.24927124544331
2021-05-06 19:00:00,124,5,140.0,21.0,123.0,90.0,134.66600469548612,18.850226288022494,129.38346841969704,18.314797045225863,125.00086005246978,81.74768102999573,125.47447600136233,75.24927124544331
2021-05-06 20:00:00,138,5,124.0,26.0,112.0,81.0,114.72238421080003,18.850226288022494,117.75568837566654,18.314797045225863,112.43833674943566,81.74768102999573,114.85883128097548,75.24927124544331
2021-05-06 21:00:00,128,5,138.0,22.0,116.0,79.14285714285714,118.40211342720333,18.850226288022494,122.31373621959898,18.314797045225863,119.05197613080391,81.74768102999573,113.43647690816113,75.24927124544331
2021-05-06 22:00:00,120,5,128.0,22.0,111.0,74.14285714285714,118.30278072970387,18.850226288022494,117.33995416210149,18.314797045225863,108.27238461926353,81.74768102999573,109.82341917116194,75.24927124544331
2021-05-06 23:00:00,118,5,120.0,26.0,100.0,72.71428571428571,118.96069967890605,18.850226288022494,118.15783616790422,18.314797045225863,113.96151150818103,81.74768102999573,108.32914292750371,75.24927124544331
2021-05-07 00:00:00,72,5,118.0,21.0,62.0,48.857142857142854,75.53329695434572,18.850226288022494,72.12337998188632,18.314797045225863,65.81588433131553,81.74768102999573,71.53798823436806,75.24927124544331
2021-05-07 01:00:00,112,5,72.0,21.0,106.0,73.85714285714286,116.90312872046712,18.850226288022494,113.9178891378828,18.314797045225863,92.99964247497432,81.74768102999573,102.15382847595795,75.24927124544331
2021-05-07 02:00:00,106,5,112.0,26.0,107.0,75.42857142857143,115.21330074190575,18.850226288022494,111.168424134402,18.314797045225863,92.30564440203135,81.74768102999573,109.20127079092357,75.24927124544331
2021-05-07 03:00:00,113,5,106.0,24.0,104.0,71.85714285714286,115.00780510289228,18.850226288022494,114.11883945143025,18.314797045225863,98.22792365597508,81.74768102999573,101.15060493457898,75.24927124544331
2021-05-07 04:00:00,102,5,113.0,21.0,111.0,73.42857142857143,111.0820898686577,18.850226288022494,109.65662805473936,18.314797045225863,93.70523851783034,81.74768102999573,95.40588453045275,75.24927124544331
2021-05-07 05:00:00,109,5,102.0,25.0,110.0,65.71428571428571,108.77530540131129,18.850226288022494,105.75219262391107,18.314797045225863,105.76711302125912,81.74768102999573,104.30254061751661,75.24927124544331
2021-05-07 06:00:00,115,5,109.0,26.0,112.0,72.57142857142857,120.74805864492816,18.850226288022494,117.56212250897885,18.314797045225863,93.70476795684023,81.74768102999573,99.13874111223774,75.24927124544331
2021-05-07 07:00:00,134,5,115.0,95.0,140.0,98.28571428571429,143.1263284453583,18.850226288022494,143.89899790382196,18.314797045225863,126.65607885217273,81.74768102999573,129.27742930992946,75.24927124544331
2021-05-07 08:00:00,181,5,134.0,199.0,174.0,115.0,193.8427766400779,18.850226288022494,191.20476056019513,18.314797045225863,183.15930266290027,81.74768102999573,184.54124921594774,75.24927124544331
2021-05-07 09:00:00,174,5,181.0,187.0,163.0,110.14285714285714,177.15281018123682,18.850226288022494,180.0471256050983,18.314797045225863,172.75790636358562,81.74768102999573,179.02678930881552,75.24927124544331
2021-05-07 10:00:00,174,5,174.0,177.0,173.0,108.57142857142857,174.64881117429235,18.850226288022494,178.4072298603295,18.314797045225863,166.27262355059437,81.74768102999573,176.73697453809555,75.24927124544331
2021-05-07 11:00:00,167,5,174.0,179.0,165.0,110.42857142857143,169.01560192502808,18.850226288022494,171.49140971960003,18.314797045225863,168.85522598174265,81.74768102999573,173.9296031319964,75.24927124544331
2021-05-07 12:00:00,130,5,167.0,123.0,110.0,80.28571428571429,122.01541339306118,18.850226288022494,124.49216943134432,18.314797045225863,107.35718358400578,81.74768102999573,118.78361213254895,75.24927124544331
2021-05-07 13:00:00,174,5,130.0,173.0,158.0,107.71428571428571,168.34812972209178,18.850226288022494,171.7787952063666,18.314797045225863,162.60344698898987,81.74768102999573,172.39236223996545,75.24927124544331
2021-05-07 14:00:00,158,5,174.0,167.0,167.0,107.42857142857143,166.59090805301943,18.850226288022494,168.3502527936237,18.314797045225863,160.5157697948051,81.74768102999573,167.96063145730827,75.24927124544331
2021-05-07 15:00:00,146,5,158.0,173.0,161.0,106.57142857142857,157.54439102536696,18.850226288022494,160.34345629023602,18.314797045225863,156.02505937211865,81.74768102999573,167.27418603858533,75.24927124544331
2021-05-07 16:00:00,153,5,146.0,163.0,155.0,101.57142857142857,153.04346319001564,18.850226288022494,155.8039456036445,18.314797045225863,145.8441527640501,81.74768102999573,152.87200139680374,75.24927124544331
2021-05-07 17:00:00,140,5,153.0,155.0,134.0,94.14285714285714,148.36281804090285,18.850226288022494,152.24360884897484,18.314797045225863,141.5044995303233,81.74768102999573,146.04729753052123,75.24927124544331
2021-05-07 18:00:00,111,5,140.0,140.0,148.0,95.0,139.6244265134637,18.850226288022494,139.85539085456003,18.314797045225863,134.57802702854033,81.74768102999573,137.18692644007547,75.24927124544331
2021-05-07 19:00:00,106,5,111.0,124.0,139.0,90.14285714285714,123.98942511940423,18.850226288022494,122.5820358845044,18.314797045225863,119.28952769788653,81.74768102999573,126.855141647664,75.24927124544331
2021-05-07 20:00:00,110,5,106.0,138.0,136.0,84.71428571428571,112.57608696223939,18.850226288022494,115.97787555649005,18.314797045225863,114.98755887952711,81.74768102999573,124.63432849414976,75.24927124544331
2021-05-07 21:00:00,107,5,110.0,128.0,124.0,80.85714285714286,109.29023167426678,18.850226288022494,113.61579622258543,18.314797045225863,107.934708449944,81.74768102999573,115.90449050087827,75.24927124544331
2021-05-07 22:00:00,107,5,107.0,120.0,118.0,75.42857142857143,108.95525795410975,18.850226288022494,108.14975137598306,18.314797045225863,95.97697195585195,81.74768102999573,109.02613072504401,75.24927124544331
2021-05-07 23:00:00,101,5,107.0,118.0,117.0,75.28571428571429,107.46381599920365,18.850226288022494,109.82003388153011,18.314797045225863,95.99023322656917,81.74768102999573,108.26071558037351,75.24927124544331
2021-05-08 00:00:00,63,5,101.0,72.0,76.0,50.285714285714285,38.63645156165274,18.850226288022494,40.632884151976626,18.314797045225863,42.834751880194986,81.74768102999573,47.23633570646325,75.24927124544331
2021-05-08 01:00:00,115,5,63.0,112.0,116.0,74.71428571428571,109.10291496761376,18.850226288022494,102.52676122126772,18.314797045225863,49.39109418870666,81.74768102999573,80.99472021084765,75.24927124544331
2021-05-08 02:00:00,110,5,115.0,106.0,118.0,75.28571428571429,102.72109254524587,18.850226288022494,105.84299050684943,18.314797045225863,51.773758521221744,81.74768102999573,83.8751964877976,75.24927124544331
2021-05-08 03:00:00,111,5,110.0,113.0,105.0,73.14285714285714,105.06933656527374,18.850226288022494,107.66937474849686,18.314797045225863,52.258703218363834,81.74768102999573,86.07580365226754,75.24927124544331
2021-05-08 04:00:00,114,5,111.0,102.0,107.0,72.14285714285714,99.74507312585214,18.850226288022494,98.83464950500195,18.314797045225863,48.55282657837498,81.74768102999573,83.54172372870492,75.24927124544331
2021-05-08 05:00:00,99,5,114.0,109.0,92.0,65.57142857142857,94.699058996518,18.850226288022494,97.96613567732552,18.314797045225863,42.17266241335884,81.74768102999573,71.84521597416749,75.24927124544331
2021-05-08 06:00:00,114,5,99.0,115.0,103.0,73.0,116.77650296340417,18.850226288022494,112.14265138039104,18.314797045225863,52.57037749365636,81.74768102999573,81.96764875780596,75.24927124544331
2021-05-08 07:00:00,88,5,114.0,134.0,97.0,97.42857142857143,120.41138164668901,18.850226288022494,121.2538601192904,18.314797045225863,77.97458142416009,81.74768102999573,89.96590392059518,75.24927124544331
2021-05-08 08:00:00,27,5,88.0,181.0,25.0,116.0,84.3302390449208,18.850226288022494,89.7068675717857,18.314797045225863,38.28476616149029,81.74768102999573,31.96874979088109,75.24927124544331
2021-05-08 09:00:00,23,5,27.0,174.0,21.0,111.71428571428571,54.19255268824953,18.850226288022494,57.284321177710424,18.314797045225863,30.372021616983158,81.74768102999573,29.16936822445149,75.24927124544331
2021-05-08 10:00:00,22,5,23.0,174.0,21.0,108.71428571428571,39.2758959802606,18.850226288022494,44.03292677274094,18.314797045225863,31.48326847380097,81.74768102999573,32.503563448985055,75.24927124544331
2021-05-08 11:00:00,27,5,22.0,167.0,26.0,110.71428571428571,43.819332630629944,18.850226288022494,44.74854735477505,18.314797045225863,26.77316447530012,81.74768102999573,28.598385612535882,75.24927124544331
2021-05-08 12:00:00,23,5,27.0,130.0,24.0,83.14285714285714,46.10416107497835,18.850226288022494,44.487373516160304,18.314797045225863,21.409449338459336,81.74768102999573,25.137957305128555,75.24927124544331
2021-05-08 13:00:00,22,5,23.0,174.0,21.0,110.0,32.865128878517545,18.850226288022494,42.62950212575028,18.314797045225863,34.27898732586803,81.74768102999573,37.89854242965049,75.24927124544331
2021-05-08 14:00:00,26,5,22.0,158.0,21.0,106.14285714285714,37.032941696079654,18.850226288022494,44.23070019399142,18.314797045225863,19.327973296538534,81.74768102999573,21.23554951161074,75.24927124544331
2021-05-08 15:00:00,27,5,26.0,146.0,26.0,104.42857142857143,39.61873676423361,18.850226288022494,46.1113112415708,18.314797045225863,26.821050197380615,81.74768102999573,21.604005922490536,75.24927124544331
2021-05-08 16:00:00,23,5,27.0,153.0,21.0,101.28571428571429,34.1512288771589,18.850226288022494,40.652522688497555,18.314797045225863,20.692539286385905,81.74768102999573,24.121511086437373,75.24927124544331
2021-05-08 17:00:00,23,5,23.0,140.0,21.0,95.0,36.820628951969056,18.850226288022494,43.17630842663867,18.314797045225863,18.28110292834659,81.74768102999573,26.249520122037765,75.24927124544331
2021-05-08 18:00:00,27,5,23.0,111.0,25.0,89.71428571428571,46.708005890036574,18.850226288022494,45.63731515232271,18.314797045225863,30.246666552690765,81.74768102999573,26.067537519493698,75.24927124544331
2021-05-08 19:00:00,22,5,27.0,106.0,21.0,85.42857142857143,38.3088953897041,18.850226288022494,33.510010962620754,18.314797045225863,22.15598067634712,81.74768102999573,30.19814469438816,75.24927124544331
2021-05-08 20:00:00,22,5,22.0,110.0,21.0,81.0,23.270914952384874,18.850226288022494,22.183011671907195,18.314797045225863,28.909662166123823,81.74768102999573,33.94857908939547,75.24927124544331
2021-05-08 21:00:00,28,5,22.0,107.0,26.0,78.42857142857143,36.75173872368446,18.850226288022494,38.12837407452962,18.314797045225863,41.74968917527695,81.74768102999573,38.232156879004776,75.24927124544331
2021-05-08 22:00:00,23,5,28.0,107.0,22.0,73.85714285714286,35.01180286875583,18.850226288022494,30.710543491392887,18.314797045225863,33.76709586295519,81.74768102999573,36.37831996719547,75.24927124544331
2021-05-08 23:00:00,23,5,23.0,101.0,21.0,73.0,38.60488475199032,18.850226288022494,32.84319441456926,18.314797045225863,38.19362878746641,81.74768102999573,44.62088082905885,75.24927124544331
2021-05-09 00:00:00,23,5,23.0,63.0,22.0,48.42857142857143,31.48884115384306,18.850226288022494,35.40406752786719,18.314797045225863,15.819981972560578,81.74768102999573,18.378090191898295,75.24927124544331
2021-05-09 01:00:00,23,5,23.0,115.0,25.0,74.57142857142857,42.137912499970746,18.850226288022494,37.65895132570486,18.314797045225863,18.048053814245936,81.74768102999573,24.678333401306432,75.24927124544331
2021-05-09 02:00:00,27,5,23.0,110.0,21.0,74.14285714285714,34.917171257788105,18.850226288022494,31.714641595702055,18.314797045225863,18.020883163950373,81.74768102999573,22.30441002773861,75.24927124544331
2021-05-09 03:00:00,23,5,27.0,111.0,21.0,74.0,29.254216255709252,18.850226288022494,28.51955095403562,18.314797045225863,17.484207293415793,81.74768102999573,22.141518952500462,75.24927124544331
2021-05-09 04:00:00,23,5,23.0,114.0,26.0,73.14285714285714,43.77653490044212,18.850226288022494,35.98364818959071,18.314797045225863,16.57455745538505,81.74768102999573,23.82483591952862,75.24927124544331
2021-05-09 05:00:00,26,5,23.0,99.0,21.0,66.57142857142857,33.2705110062065,18.850226288022494,33.51774763662442,18.314797045225863,19.886498021956047,81.74768102999573,23.250772133685327,75.24927124544331
2021-05-09 06:00:00,27,5,26.0,114.0,21.0,74.57142857142857,34.55917596779944,18.850226288022494,29.451418335430187,18.314797045225863,16.378748294709897,81.74768102999573,19.985464011110114,75.24927124544331
2021-05-09 07:00:00,131,5,27.0,88.0,25.0,96.14285714285714,43.892474740254514,18.850226288022494,38.33773492539176,18.314797045225863,22.36592352016125,81.74768102999573,22.214825596141996,75.24927124544331
2021-05-09 08:00:00,184,5,131.0,27.0,21.0,116.28571428571429,124.18431539944508,18.850226288022494,120.6866745182696,18.314797045225863,27.646776183663764,81.74768102999573,23.437862803270686,75.24927124544331
2021-05-09 09:00:00,164,5,184.0,23.0,21.0,112.0,103.90203203678249,18.850226288022494,102.02928974677491,18.314797045225863,25.284897722522963,81.74768102999573,20.46084725209542,75.24927124544331
2021-05-09 10:00:00,169,5,164.0,22.0,26.0,108.85714285714286,159.31224204512816,18.850226288022494,146.4451465975214,18.314797045225863,32.32075049641797,81.74768102999573,27.300326679217847,75.24927124544331
2021-05-09 11:00:00,173,5,169.0,27.0,24.0,110.85714285714286,161.99834818666193,18.850226288022494,149.07400283156647,18.314797045225863,27.473703395595052,81.74768102999573,24.373356078523614,75.24927124544331
2021-05-09 12:00:00,126,5,173.0,23.0,21.0,83.0,145.0673158421015,18.850226288022494,141.67411129324,18.314797045225863,23.366357315991102,81.74768102999573,26.89506915311187,75.24927124544331
2021-05-09 13:00:00,159,5,126.0,22.0,24.0,110.14285714285714,163.7171093164629,18.850226288022494,156.15832982487012,18.314797045225863,30.735739969071506,81.74768102999573,30.254333495206204,75.24927124544331
2021-05-09 14:00:00,163,5,159.0,26.0,26.0,106.85714285714286,159.72165612703384,18.850226288022494,152.21726825314187,18.314797045225863,29.28206572280635,81.74768102999573,30.698295533345537,75.24927124544331
2021-05-09 15:00:00,151,5,163.0,27.0,21.0,104.57142857142857,149.95172627091495,18.850226288022494,149.6586559352248,18.314797045225863,26.13380808651542,81.74768102999573,30.749119839172305,75.24927124544331
2021-05-09 16:00:00,157,5,151.0,23.0,20.0,101.57142857142857,161.23445603953357,18.850226288022494,157.94423272176272,18.314797045225863,25.936792306780102,81.74768102999573,31.60189672360362,75.24927124544331
2021-05-09 17:00:00,153,5,157.0,23.0,25.0,95.28571428571429,149.41513844804453,18.850226288022494,146.9024400194113,18.314797045225863,27.77128204985145,81.74768102999573,34.371806636524965,75.24927124544331
2021-05-09 18:00:00,165,5,153.0,27.0,21.0,90.0,146.42321503261516,18.850226288022494,146.87036477477676,18.314797045225863,24.121097782770537,81.74768102999573,29.333920199209295,75.24927124544331
2021-05-09 19:00:00,155,5,165.0,22.0,21.0,85.57142857142857,141.57949797311772,18.850226288022494,143.29877150957054,18.314797045225863,25.701898536082524,81.74768102999573,31.228643512655648,75.24927124544331
2021-05-09 20:00:00,114,5,155.0,22.0,26.0,81.14285714285714,130.0815045822046,18.850226288022494,128.7926472668976,18.314797045225863,25.649106737573565,81.74768102999573,28.464104482308088,75.24927124544331
2021-05-09 21:00:00,121,5,114.0,28.0,22.0,78.71428571428571,123.58794500840366,18.850226288022494,118.49442611350086,18.314797045225863,20.922630203763084,81.74768102999573,22.228276789432083,75.24927124544331
2021-05-09 22:00:00,122,5,121.0,23.0,21.0,74.0,120.30500881545184,18.850226288022494,113.19868669140084,18.314797045225863,22.69184325660711,81.74768102999573,21.272643414562484,75.24927124544331
2021-05-09 23:00:00,110,5,122.0,23.0,25.0,73.28571428571429,116.03328340590525,18.850226288022494,111.003031910246,18.314797045225863,26.511902728739013,81.74768102999573,26.386841134881912,75.24927124544331
2021-05-10 00:00:00,23,5,110.0,23.0,26.0,48.57142857142857,60.105741772934024,18.850226288022494,55.04126758591064,18.314797045225863,69.71383252631298,81.74768102999573,56.85843303007517,75.24927124544331
2021-05-10 01:00:00,23,5,23.0,23.0,21.0,74.28571428571429,36.60610662362284,18.850226288022494,33.03271096311237,18.314797045225863,98.62182628309846,81.74768102999573,76.4884312617728,75.24927124544331
2021-05-10 02:00:00,27,5,23.0,27.0,21.0,75.0,33.4840832368309,18.850226288022494,30.898114299820623,18.314797045225863,99.63986278160354,81.74768102999573,75.65541774956145,75.24927124544331
2021-05-10 03:00:00,23,5,27.0,23.0,26.0,74.28571428571429,13.868485701567732,18.850226288022494,15.039828224565753,18.314797045225863,98.90638392888944,81.74768102999573,79.08211700969136,75.24927124544331
2021-05-10 04:00:00,23,5,23.0,23.0,21.0,72.71428571428571,12.566683152705691,18.850226288022494,12.707632656843368,18.314797045225863,103.49670468647254,81.74768102999573,75.90523496068585,75.24927124544331
2021-05-10 05:00:00,26,5,23.0,26.0,21.0,67.28571428571429,20.282656536296336,18.850226288022494,18.631555386654806,18.314797045225863,107.01717448018846,81.74768102999573,85.55027979907034,75.24927124544331
2021-05-10 06:00:00,27,5,26.0,27.0,25.0,75.42857142857143,19.492609039808325,18.850226288022494,22.886496075198192,18.314797045225863,102.61089272578039,81.74768102999573,78.80572450561566,75.24927124544331
2021-05-10 07:00:00,131,5,27.0,131.0,97.0,111.28571428571429,70.95163035637746,18.850226288022494,62.37059613282798,18.314797045225863,124.62019315136165,81.74768102999573,109.91364124298498,75.24927124544331
2021-05-10 08:00:00,184,5,131.0,184.0,184.0,139.57142857142858,184.44534617542328,18.850226288022494,194.29304377325846,18.314797045225863,182.42173732927026,81.74768102999573,180.34229406000287,75.24927124544331
2021-05-10 09:00:00,164,5,184.0,164.0,181.0,132.42857142857142,167.46372166856284,18.850226288022494,165.08850638123067,18.314797045225863,174.3689625095224,81.74768102999573,171.39496783585523,75.24927124544331
2021-05-10 10:00:00,169,5,164.0,169.0,164.0,129.28571428571428,172.6246567747475,18.850226288022494,171.62043044534582,18.314797045225863,174.34493898049857,81.74768102999573,171.1064923687466,75.24927124544331
2021-05-10 11:00:00,173,5,169.0,173.0,179.0,132.14285714285714,173.20131389794915,18.850226288022494,172.0662849296438,18.314797045225863,176.80204941590594,81.74768102999573,175.64094641240277,75.24927124544331
2021-05-10 12:00:00,126,5,173.0,126.0,134.0,98.0,126.62261544815216,18.850226288022494,127.00504299081463,18.314797045225863,130.52719853994577,81.74768102999573,129.22878487801194,75.24927124544331
2021-05-10 13:00:00,159,5,126.0,159.0,182.0,129.42857142857142,161.32228122307572,18.850226288022494,164.96079025963277,18.314797045225863,170.43218240430974,81.74768102999573,168.8165930167073,75.24927124544331
2021-05-10 14:00:00,163,5,159.0,163.0,170.0,126.42857142857143,162.35792538784662,18.850226288022494,164.7198256793226,18.314797045225863,172.39149671141027,81.74768102999573,169.85762480943305,75.24927124544331
2021-05-10 15:00:00,151,5,163.0,151.0,167.0,123.14285714285714,160.14665827220685,18.850226288022494,161.89102096773982,18.314797045225863,169.8453128947528,81.74768102999573,166.0486115852619,75.24927124544331
2021-05-10 16:00:00,157,5,151.0,157.0,162.0,121.14285714285714,156.0806262057833,18.850226288022494,152.12572564405576,18.314797045225863,166.60266087105148,81.74768102999573,157.89137894182102,75.24927124544331
2021-05-10 17:00:00,153,5,157.0,153.0,146.0,113.57142857142857,147.74419361355274,18.850226288022494,150.02236141757692,18.314797045225863,152.9364668926269,81.74768102999573,153.31454271599895,75.24927124544331
2021-05-10 18:00:00,165,5,153.0,165.0,141.0,110.57142857142857,151.8836671716251,18.850226288022494,153.48823471934054,18.314797045225863,147.93938295520422,81.74768102999573,148.02087014992208,75.24927124544331
2021-05-10 19:00:00,155,5,165.0,155.0,133.0,104.71428571428571,146.25945302479073,18.850226288022494,148.1244078168636,18.314797045225863,150.15203469126132,81.74768102999573,145.82353275418805,75.24927124544331
2021-05-10 20:00:00,114,5,155.0,114.0,117.0,93.71428571428571,120.21391127626055,18.850226288022494,120.5365175082263,18.314797045225863,123.68239270373273,81.74768102999573,119.36107936527613,75.24927124544331
2021-05-10 21:00:00,121,5,114.0,121.0,110.0,92.85714285714286,121.31358901889702,18.850226288022494,119.67131096304672,18.314797045225863,121.28923427617099,81.74768102999573,120.06074580725478,75.24927124544331
2021-05-10 22:00:00,122,5,121.0,122.0,110.0,88.42857142857143,118.13008305485958,18.850226288022494,118.61205281484352,18.314797045225863,119.9929286798628,81.74768102999573,117.00498214351695,75.24927124544331
2021-05-10 23:00:00,110,5,122.0,110.0,114.0,85.42857142857143,113.88350662024727,18.850226288022494,117.26340544470064,18.314797045225863,112.38113285046443,81.74768102999573,109.54253436255814,75.24927124544331
2021-05-11 00:00:00,68,5,110.0,23.0,68.0,48.142857142857146,62.16005067156391,18.850226288022494,62.1044662153441,18.314797045225863,59.170451995055984,81.74768102999573,67.01764303689521,75.24927124544331
2021-05-11 01:00:00,110,5,68.0,23.0,117.0,74.57142857142857,108.72561505406185,18.850226288022494,110.78590460210658,18.314797045225863,83.10473436433796,81.74768102999573,103.70254200209301,75.24927124544331
2021-05-11 02:00:00,108,5,110.0,27.0,120.0,75.85714285714286,110.6763186959919,18.850226288022494,110.57259840541828,18.314797045225863,83.72054172428906,81.74768102999573,102.56719767529863,75.24927124544331
2021-05-11 03:00:00,105,5,108.0,23.0,113.0,73.85714285714286,108.2550266860208,18.850226288022494,107.80458823473543,18.314797045225863,81.86028113643926,81.74768102999573,97.5628026836934,75.24927124544331
2021-05-11 04:00:00,113,5,105.0,23.0,108.0,73.0,110.73554483685146,18.850226288022494,108.5614484382337,18.314797045225863,85.50441758969404,81.74768102999573,102.96180322751134,75.24927124544331
2021-05-11 05:00:00,111,5,113.0,26.0,94.0,68.0,101.54379797985867,18.850226288022494,102.34027358980866,18.314797045225863,99.02771342940355,81.74768102999573,103.72275348756567,75.24927124544331
2021-05-11 06:00:00,117,5,111.0,27.0,112.0,75.71428571428571,114.19239829125105,18.850226288022494,115.62359409495653,18.314797045225863,83.53589825127466,81.74768102999573,99.37708243229524,75.24927124544331
2021-05-11 07:00:00,140,5,117.0,131.0,142.0,116.14285714285714,140.0991911142275,18.850226288022494,137.27902744372528,18.314797045225863,131.10977343588888,81.74768102999573,134.2581355457963,75.24927124544331
2021-05-11 08:00:00,177,5,140.0,184.0,181.0,139.57142857142858,168.77155430478382,18.850226288022494,168.4061814104641,18.314797045225863,181.82431322942307,81.74768102999573,180.9349349496505,75.24927124544331
2021-05-11 09:00:00,177,5,177.0,164.0,177.0,130.0,171.015954737466,18.850226288022494,171.83996931251474,18.314797045225863,170.9163422073985,81.74768102999573,173.2681541092419,75.24927124544331
2021-05-11 10:00:00,171,5,177.0,169.0,174.0,130.0,173.4916330020531,18.850226288022494,173.62058869502425,18.314797045225863,172.04680225653337,81.74768102999573,173.48240605364902,75.24927124544331
2021-05-11 11:00:00,173,5,171.0,173.0,178.0,131.28571428571428,170.21204890683282,18.850226288022494,170.10302783089102,18.314797045225863,174.82567432739245,81.74768102999573,176.84234461283435,75.24927124544331
2021-05-11 12:00:00,129,5,173.0,126.0,129.0,96.85714285714286,122.57816508490626,18.850226288022494,123.81852542362431,18.314797045225863,125.0826133601132,81.74768102999573,121.4471452779329,75.24927124544331
2021-05-11 13:00:00,185,5,129.0,159.0,170.0,126.14285714285714,169.03051184106945,18.850226288022494,169.86601368515502,18.314797045225863,170.61256526396554,81.74768102999573,173.67742265124818,75.24927124544331
2021-05-11 14:00:00,166,5,185.0,163.0,180.0,125.42857142857143,175.31082806751002,18.850226288022494,172.99609465233996,18.314797045225863,170.44218038865108,81.74768102999573,169.11347152439268,75.24927124544331
2021-05-11 15:00:00,163,5,166.0,151.0,177.0,120.85714285714286,172.07341444140377,18.850226288022494,172.0695315868475,18.314797045225863,167.01611045190427,81.74768102999573,167.4791166249236,75.24927124544331
2021-05-11 16:00:00,151,5,163.0,157.0,164.0,120.42857142857143,164.62596036372727,18.850226288022494,163.82041658576833,18.314797045225863,162.58543214776276,81.74768102999573,163.17122743562328,75.24927124544331
2021-05-11 17:00:00,144,5,151.0,153.0,153.0,114.57142857142857,145.8650626604825,18.850226288022494,149.86143236329923,18.314797045225863,153.83989389254944,81.74768102999573,152.9982809706751,75.24927124544331
2021-05-11 18:00:00,141,5,144.0,165.0,169.0,114.0,145.68865382573918,18.850226288022494,146.77310891389735,18.314797045225863,158.65806227195432,81.74768102999573,160.8621325014922,75.24927124544331
2021-05-11 19:00:00,138,5,141.0,155.0,172.0,107.85714285714286,147.89705302206298,18.850226288022494,144.10374163177556,18.314797045225863,158.3859352603377,81.74768102999573,158.89873113100487,75.24927124544331
2021-05-11 20:00:00,131,5,138.0,114.0,129.0,93.28571428571429,121.55293557134442,18.850226288022494,120.50454294566089,18.314797045225863,126.25545968161404,81.74768102999573,124.98205230915377,75.24927124544331
2021-05-11 21:00:00,131,5,131.0,121.0,134.0,94.42857142857143,123.8989512928447,18.850226288022494,123.04624393965541,18.314797045225863,126.3728104717765,81.74768102999573,125.69120565872278,75.24927124544331
2021-05-11 22:00:00,112,5,131.0,122.0,115.0,90.14285714285714,116.66191718034106,18.850226288022494,118.28638795054397,18.314797045225863,117.77116483344722,81.74768102999573,116.87035018727926,75.24927124544331
2021-05-11 23:00:00,121,5,112.0,110.0,106.0,84.85714285714286,111.26970687693164,18.850226288022494,112.26316941396115,18.314797045225863,113.94346170582284,81.74768102999573,116.17324063359877,75.24927124544331
2021-05-12 00:00:00,75,5,121.0,68.0,67.0,48.142857142857146,70.16749759901435,18.850226288022494,68.17929406629729,18.314797045225863,53.79950865177578,81.74768102999573,60.69999288305321,75.24927124544331
2021-05-12 01:00:00,104,5,75.0,110.0,111.0,73.57142857142857,111.58866571312244,18.850226288022494,111.17393931627238,18.314797045225863,109.1008113727273,81.74768102999573,108.78188122651089,75.24927124544331
2021-05-12 02:00:00,113,5,104.0,108.0,115.0,74.14285714285714,112.81350253086788,18.850226288022494,114.17010636204158,18.314797045225863,109.16621541727922,81.74768102999573,109.23739779455784,75.24927124544331
2021-05-12 03:00:00,109,5,113.0,105.0,110.0,72.71428571428571,108.62588356190537,18.850226288022494,108.56079786340308,18.314797045225863,111.73634163646308,81.74768102999573,109.06117179928003,75.24927124544331
2021-05-12 04:00:00,111,5,109.0,113.0,120.0,73.71428571428571,110.95500295281893,18.850226288022494,111.91089892150423,18.314797045225863,110.02695202385026,81.74768102999573,110.4927003953371,75.24927124544331
2021-05-12 05:00:00,107,5,111.0,111.0,97.0,70.42857142857143,107.85132226600837,18.850226288022494,106.90372340307492,18.314797045225863,104.74763940514109,81.74768102999573,104.62281354196361,75.24927124544331
2021-05-12 06:00:00,110,5,107.0,117.0,109.0,76.42857142857143,112.95845656060274,18.850226288022494,116.790692918319,18.314797045225863,110.35547456675705,81.74768102999573,113.5845309145912,75.24927124544331
2021-05-12 07:00:00,147,5,110.0,140.0,92.0,115.85714285714286,122.84188307603458,18.850226288022494,125.6983391216593,18.314797045225863,121.7898868185995,81.74768102999573,129.95398532964262,75.24927124544331
2021-05-12 08:00:00,178,5,147.0,177.0,21.0,139.0,130.00120630532518,18.850226288022494,135.1357557623139,18.314797045225863,120.86287768305075,81.74768102999573,143.32293726333336,75.24927124544331
2021-05-12 09:00:00,165,5,178.0,177.0,21.0,130.0,165.70661553956867,18.850226288022494,165.7753813196933,18.314797045225863,119.20636307533957,81.74768102999573,148.162258544016,75.24927124544331
2021-05-12 10:00:00,166,5,165.0,171.0,25.0,129.57142857142858,171.2053962599691,18.850226288022494,167.3911203764302,18.314797045225863,114.27821136994056,81.74768102999573,138.21543299098394,75.24927124544331
2021-05-12 11:00:00,183,5,166.0,173.0,22.0,130.57142857142858,175.5026094122531,18.850226288022494,171.9230241540518,18.314797045225863,114.39803595547559,81.74768102999573,138.71080872329273,75.24927124544331
2021-05-12 12:00:00,125,5,183.0,129.0,21.0,96.85714285714286,129.8464097937627,18.850226288022494,127.04023313943034,18.314797045225863,97.14751475316075,81.74768102999573,114.44754505069874,75.24927124544331
2021-05-12 13:00:00,184,5,125.0,185.0,26.0,128.28571428571428,176.8302274680604,18.850226288022494,178.02857880547901,18.314797045225863,117.72153404205677,81.74768102999573,143.3602675271609,75.24927124544331
2021-05-12 14:00:00,172,5,184.0,166.0,21.0,123.42857142857143,172.1975791530849,18.850226288022494,173.9682140502931,18.314797045225863,115.4383740420873,81.74768102999573,136.3575235940442,75.24927124544331
2021-05-12 15:00:00,168,5,172.0,163.0,21.0,118.85714285714286,166.43633617586505,18.850226288022494,166.96534269488996,18.314797045225863,116.9240434497254,81.74768102999573,139.23617018718494,75.24927124544331
2021-05-12 16:00:00,163,5,168.0,151.0,26.0,118.57142857142857,172.50786598778166,18.850226288022494,167.0957258484375,18.314797045225863,114.91744128733204,81.74768102999573,137.22409630240097,75.24927124544331
2021-05-12 17:00:00,169,5,163.0,144.0,25.0,113.28571428571429,144.6799968393663,18.850226288022494,143.4559021311269,18.314797045225863,109.232506463442,81.74768102999573,109.70737309461379,75.24927124544331
2021-05-12 18:00:00,169,5,169.0,141.0,21.0,110.0,148.0215284783764,18.850226288022494,144.1425708444394,18.314797045225863,109.7959613081776,81.74768102999573,126.72919011997212,75.24927124544331
2021-05-12 19:00:00,153,5,169.0,138.0,21.0,103.0,143.50112782989137,18.850226288022494,143.8546880899918,18.314797045225863,105.15463282465096,81.74768102999573,109.8532598574751,75.24927124544331
2021-05-12 20:00:00,109,5,153.0,131.0,26.0,93.57142857142857,126.2510122898067,18.850226288022494,126.53672579552955,18.314797045225863,97.81823257536921,81.74768102999573,93.21860334700344,75.24927124544331
2021-05-12 21:00:00,115,5,109.0,131.0,22.0,94.0,119.00048426059699,18.850226288022494,115.4490900805484,18.314797045225863,96.08462913117856,81.74768102999573,107.77190983932341,75.24927124544331
2021-05-12 22:00:00,116,5,115.0,112.0,22.0,89.71428571428571,102.52032493306143,18.850226288022494,107.76370011087094,18.314797045225863,90.22956104783354,81.74768102999573,103.81689833964619,75.24927124544331
2021-05-12 23:00:00,111,5,116.0,121.0,26.0,87.0,106.44981940798328,18.850226288022494,108.59790047231456,18.314797045225863,92.17098259186167,81.74768102999573,99.97193542429127,75.24927124544331
2021-05-13 00:00:00,75,5,111.0,75.0,21.0,49.285714285714285,53.69494406492995,18.850226288022494,60.26857738129118,18.314797045225863,64.37998612073257,81.74768102999573,76.92655251010933,75.24927124544331
2021-05-13 01:00:00,107,5,75.0,104.0,21.0,72.57142857142857,94.03244764110276,18.850226288022494,97.06888010378638,18.314797045225863,96.92889066198036,81.74768102999573,106.77226021552626,75.24927124544331
2021-05-13 02:00:00,113,5,107.0,113.0,26.0,73.85714285714286,103.10076190354147,18.850226288022494,104.43921863315886,18.314797045225863,93.87825656623511,81.74768102999573,101.86413586367334,75.24927124544331
2021-05-13 03:00:00,110,5,113.0,109.0,24.0,72.57142857142857,104.95629267656349,18.850226288022494,107.72063897629744,18.314797045225863,93.36387568623715,81.74768102999573,105.70334368748735,75.24927124544331
2021-05-13 04:00:00,113,5,110.0,111.0,21.0,72.42857142857143,103.10832568366342,18.850226288022494,104.95178520953154,18.314797045225863,94.37264849039643,81.74768102999573,99.18354104285139,75.24927124544331
2021-05-13 05:00:00,105,5,113.0,107.0,25.0,71.85714285714286,103.1829851370797,18.850226288022494,104.13823974155139,18.314797045225863,96.26808427834712,81.74768102999573,98.09494367289038,75.24927124544331
2021-05-13 06:00:00,105,5,105.0,110.0,26.0,76.57142857142857,108.7215279951254,18.850226288022494,105.81056945581003,18.314797045225863,98.38128299057821,81.74768102999573,83.25764509093015,75.24927124544331
2021-05-13 07:00:00,135,5,105.0,147.0,95.0,123.71428571428571,119.65072811446663,18.850226288022494,111.72477738388952,18.314797045225863,122.38851587177146,81.74768102999573,132.04050696760953,75.24927124544331
2021-05-13 08:00:00,176,5,135.0,178.0,199.0,161.42857142857142,165.44160835936032,18.850226288022494,173.73564755030134,18.314797045225863,173.3684448252547,81.74768102999573,178.11726611848016,75.24927124544331
2021-05-13 09:00:00,174,5,176.0,165.0,187.0,150.57142857142858,163.30483371972215,18.850226288022494,169.02515919907142,18.314797045225863,167.2704509103262,81.74768102999573,169.3662674140296,75.24927124544331
2021-05-13 10:00:00,176,5,174.0,166.0,177.0,149.71428571428572,167.20103450238105,18.850226288022494,169.27511349997246,18.314797045225863,166.58706148164364,81.74768102999573,166.8606466923785,75.24927124544331
2021-05-13 11:00:00,170,5,176.0,183.0,179.0,153.57142857142858,168.0935540338709,18.850226288022494,169.1492854851899,18.314797045225863,176.2063738335961,81.74768102999573,175.53697356622877,75.24927124544331
2021-05-13 12:00:00,119,5,170.0,125.0,123.0,111.71428571428571,120.80551266463935,18.850226288022494,118.45579088221884,18.314797045225863,134.99998915748637,81.74768102999573,131.74145261223066,75.24927124544331
2021-05-13 13:00:00,175,5,119.0,184.0,173.0,150.85714285714286,169.1067741331276,18.850226288022494,168.08618838080415,18.314797045225863,173.47546686573156,81.74768102999573,172.65388298808892,75.24927124544331
2021-05-13 14:00:00,169,5,175.0,172.0,167.0,145.0,164.00436657225742,18.850226288022494,166.47336281828368,18.314797045225863,165.82176348524933,81.74768102999573,166.70677032885578,75.24927124544331
2021-05-13 15:00:00,156,5,169.0,168.0,173.0,139.85714285714286,157.45964485762204,18.850226288022494,161.38918727818267,18.314797045225863,169.39972349438162,81.74768102999573,163.87515949089402,75.24927124544331
2021-05-13 16:00:00,155,5,156.0,163.0,163.0,138.14285714285714,153.78119787599536,18.850226288022494,156.44110523251618,18.314797045225863,160.051092669331,81.74768102999573,155.79385815681985,75.24927124544331
2021-05-13 17:00:00,117,5,155.0,169.0,155.0,133.85714285714286,151.13270864382275,18.850226288022494,149.94707578697563,18.314797045225863,153.80089154209168,81.74768102999573,155.43393259528457,75.24927124544331
2021-05-13 18:00:00,108,5,117.0,169.0,140.0,131.14285714285714,139.12759635763197,18.850226288022494,131.75033151315728,18.314797045225863,141.51984446836948,81.74768102999573,141.0196810673037,75.24927124544331
2021-05-13 19:00:00,106,5,108.0,153.0,124.0,121.85714285714286,122.19897281687022,18.850226288022494,119.84398333738736,18.314797045225863,142.69271314111748,81.74768102999573,141.43106299316375,75.24927124544331
2021-05-13 20:00:00,139,5,106.0,109.0,138.0,105.42857142857143,113.47651678210113,18.850226288022494,114.98544537039751,18.314797045225863,124.29108447845026,81.74768102999573,124.91399808625928,75.24927124544331
2021-05-13 21:00:00,135,5,139.0,115.0,128.0,107.28571428571429,123.43173006406676,18.850226288022494,120.28329304567902,18.314797045225863,129.2908429170213,81.74768102999573,127.34275586335231,75.24927124544331
2021-05-13 22:00:00,123,5,135.0,116.0,120.0,103.14285714285714,116.73161981714645,18.850226288022494,115.33598846235847,18.314797045225863,119.694973443459,81.74768102999573,113.25320863469089,75.24927124544331
2021-05-13 23:00:00,115,5,123.0,111.0,118.0,99.14285714285714,116.94432779712112,18.850226288022494,115.48612674040074,18.314797045225863,115.472084192469,81.74768102999573,113.47749377456636,75.24927124544331
2021-05-14 00:00:00,72,5,115.0,75.0,72.0,57.0,69.04913794304804,18.850226288022494,65.53939974560505,18.314797045225863,66.8794170637202,81.74768102999573,73.28643626539117,75.24927124544331
2021-05-14 01:00:00,110,5,72.0,107.0,112.0,84.85714285714286,116.08956066813597,18.850226288022494,114.49579162409348,18.314797045225863,103.34534810689313,81.74768102999573,102.06228977210876,75.24927124544331
2021-05-14 02:00:00,111,5,110.0,113.0,106.0,86.28571428571429,106.76586649360296,18.850226288022494,106.45638584889717,18.314797045225863,107.57851539940022,81.74768102999573,104.7629074001485,75.24927124544331
2021-05-14 03:00:00,104,5,111.0,110.0,113.0,84.85714285714286,106.26295898667279,18.850226288022494,107.7960427954132,18.314797045225863,104.56939375447949,81.74768102999573,102.69650160625817,75.24927124544331
2021-05-14 04:00:00,108,5,104.0,113.0,102.0,85.57142857142857,110.63964290751623,18.850226288022494,108.01399857130662,18.314797045225863,107.91546999062868,81.74768102999573,99.78238763513271,75.24927124544331
2021-05-14 05:00:00,104,5,108.0,105.0,109.0,83.28571428571429,103.4886962862577,18.850226288022494,101.79746444904802,18.314797045225863,104.99419276517175,81.74768102999573,100.27555502809952,75.24927124544331
2021-05-14 06:00:00,107,5,104.0,105.0,115.0,87.85714285714286,109.22611101968337,18.850226288022494,111.43540671315127,18.314797045225863,106.5093150440578,81.74768102999573,109.28749620830521,75.24927124544331
2021-05-14 07:00:00,135,5,107.0,135.0,134.0,129.42857142857142,131.0082689303602,18.850226288022494,132.25151133627492,18.314797045225863,135.16355650970942,81.74768102999573,135.6877468056839,75.24927124544331
2021-05-14 08:00:00,157,5,135.0,176.0,181.0,158.14285714285714,164.0031958341458,18.850226288022494,167.68959292586084,18.314797045225863,163.52956516907693,81.74768102999573,171.03639688558133,75.24927124544331
2021-05-14 09:00:00,143,5,157.0,174.0,174.0,148.71428571428572,161.91423056662993,18.850226288022494,165.66750254499345,18.314797045225863,165.10508732030013,81.74768102999573,166.44062839927997,75.24927124544331
2021-05-14 10:00:00,155,5,143.0,176.0,174.0,149.57142857142858,162.3197287881093,18.850226288022494,161.00452273963867,18.314797045225863,163.0076548372606,81.74768102999573,143.99131926975102,75.24927124544331
2021-05-14 11:00:00,155,5,155.0,170.0,167.0,152.28571428571428,160.23420466128837,18.850226288022494,162.54566102449047,18.314797045225863,165.43671770595057,81.74768102999573,165.83523991132546,75.24927124544331
2021-05-14 12:00:00,113,5,155.0,119.0,130.0,111.14285714285714,120.05460803323507,18.850226288022494,121.15973935592484,18.314797045225863,125.68776246124378,81.74768102999573,128.64095404164996,75.24927124544331
2021-05-14 13:00:00,156,5,113.0,175.0,174.0,151.14285714285714,145.1866931835915,18.850226288022494,146.39703053619402,18.314797045225863,163.33198304120123,81.74768102999573,159.11361236253995,75.24927124544331
2021-05-14 14:00:00,147,5,156.0,169.0,158.0,145.28571428571428,147.21982331949806,18.850226288022494,149.21032602458942,18.314797045225863,159.01838324193227,81.74768102999573,159.13697663497288,75.24927124544331
2021-05-14 15:00:00,148,5,147.0,156.0,146.0,137.42857142857142,145.84052949559825,18.850226288022494,146.95162865705157,18.314797045225863,154.49851150619588,81.74768102999573,157.98377017025237,75.24927124544331
2021-05-14 16:00:00,143,5,148.0,155.0,153.0,137.0,142.35034299329178,18.850226288022494,143.9394711473717,18.314797045225863,152.16281830766872,81.74768102999573,142.5988520483804,75.24927124544331
2021-05-14 17:00:00,148,5,143.0,117.0,140.0,128.42857142857142,122.33004385771338,18.850226288022494,125.42784751153656,18.314797045225863,130.14247764825907,81.74768102999573,134.3696940611607,75.24927124544331
2021-05-14 18:00:00,156,5,148.0,108.0,111.0,126.57142857142857,120.28775700098089,18.850226288022494,124.13713895957873,18.314797045225863,118.51367013983753,81.74768102999573,132.68249621963915,75.24927124544331
2021-05-14 19:00:00,144,5,156.0,106.0,106.0,119.28571428571429,130.37807200242293,18.850226288022494,134.78602291074793,18.314797045225863,119.09047577000977,81.74768102999573,125.26150163403867,75.24927124544331
2021-05-14 20:00:00,109,5,144.0,139.0,110.0,105.57142857142857,121.20352996188024,18.850226288022494,123.78942994899613,18.314797045225863,123.25688998101084,81.74768102999573,116.84821307278726,75.24927124544331
2021-05-14 21:00:00,112,5,109.0,135.0,107.0,108.28571428571429,114.32251136291758,18.850226288022494,116.49002712039659,18.314797045225863,124.03597554419832,81.74768102999573,120.44239156454691,75.24927124544331
2021-05-14 22:00:00,112,5,112.0,123.0,107.0,103.57142857142857,111.16399686066019,18.850226288022494,111.23172566119794,18.314797045225863,117.0797677325364,81.74768102999573,110.85198865456532,75.24927124544331
2021-05-14 23:00:00,98,5,112.0,115.0,101.0,98.71428571428571,106.93334726673679,18.850226288022494,105.4504983955716,18.314797045225863,113.70393119393974,81.74768102999573,106.37455298698697,75.24927124544331
2021-05-15 00:00:00,54,5,98.0,72.0,63.0,57.0,55.66810161065787,18.850226288022494,53.533297311708566,18.314797045225863,50.65542594704612,81.74768102999573,54.99247165446524,75.24927124544331
2021-05-15 01:00:00,104,5,54.0,110.0,115.0,84.57142857142857,93.35967632786613,18.850226288022494,92.99137919493641,18.314797045225863,80.77872941756027,81.74768102999573,106.78383654735953,75.24927124544331
2021-05-15 02:00:00,100,5,104.0,111.0,110.0,87.0,96.7247316726316,18.850226288022494,99.2233254975048,18.314797045225863,82.50282329342257,81.74768102999573,108.8024411566316,75.24927124544331
2021-05-15 03:00:00,101,5,100.0,104.0,111.0,83.57142857142857,94.4215512283401,18.850226288022494,97.1285678490991,18.314797045225863,78.71633067620223,81.74768102999573,99.06862004725889,75.24927124544331
2021-05-15 04:00:00,105,5,101.0,108.0,114.0,86.42857142857143,98.86258678385641,18.850226288022494,100.34634889257192,18.314797045225863,82.79506008090466,81.74768102999573,96.26217123672187,75.24927124544331
2021-05-15 05:00:00,96,5,105.0,104.0,99.0,82.57142857142857,99.75953747786649,18.850226288022494,99.35763513791841,18.314797045225863,73.34285562458058,81.74768102999573,92.97781185736542,75.24927124544331
2021-05-15 06:00:00,103,5,96.0,107.0,114.0,86.71428571428571,97.25590438767433,18.850226288022494,97.90287172610856,18.314797045225863,81.65739199147146,81.74768102999573,104.88373890599256,75.24927124544331
2021-05-15 07:00:00,86,5,103.0,135.0,88.0,129.57142857142858,87.54251355129283,18.850226288022494,99.08566871351015,18.314797045225863,76.90787789433797,81.74768102999573,103.07078097196421,75.24927124544331
2021-05-15 08:00:00,24,5,86.0,157.0,27.0,154.71428571428572,30.142331077557397,18.850226288022494,36.812444978016075,18.314797045225863,25.161209151607963,81.74768102999573,21.322869957453783,75.24927124544331
2021-05-15 09:00:00,20,5,24.0,143.0,23.0,144.28571428571428,18.54315715315335,18.850226288022494,23.05746636563082,18.314797045225863,17.44110609097735,81.74768102999573,18.209383893640656,75.24927124544331
2021-05-15 10:00:00,20,5,20.0,155.0,22.0,146.85714285714286,21.049965609064195,18.850226288022494,24.505778017884282,18.314797045225863,21.321720116393422,81.74768102999573,17.230974237346363,75.24927124544331
2021-05-15 11:00:00,24,5,20.0,155.0,27.0,150.57142857142858,23.928965876084938,18.850226288022494,24.891731374604138,18.314797045225863,22.694407840306315,81.74768102999573,21.033827599869735,75.24927124544331
2021-05-15 12:00:00,20,5,24.0,113.0,23.0,108.71428571428571,19.456147898372375,18.850226288022494,21.584298679244668,18.314797045225863,20.16444187628088,81.74768102999573,20.23247315782105,75.24927124544331
2021-05-15 13:00:00,20,5,20.0,156.0,22.0,148.57142857142858,20.075696841450107,18.850226288022494,21.83740597729829,18.314797045225863,22.800963171314937,81.74768102999573,16.907731294486307,75.24927124544331
2021-05-15 14:00:00,24,5,20.0,147.0,26.0,143.71428571428572,24.686023557310598,18.850226288022494,26.62473908852577,18.314797045225863,22.756056691934013,81.74768102999573,19.540551300727085,75.24927124544331
2021-05-15 15:00:00,23,5,24.0,148.0,27.0,137.71428571428572,22.21799709995027,18.850226288022494,22.52245476069472,18.314797045225863,23.297615244454565,81.74768102999573,20.755450488566165,75.24927124544331
2021-05-15 16:00:00,20,5,23.0,143.0,23.0,135.57142857142858,18.67279274123503,18.850226288022494,21.842441753162134,18.314797045225863,18.965165525923823,81.74768102999573,19.58538381828502,75.24927124544331
2021-05-15 17:00:00,20,5,20.0,148.0,23.0,129.57142857142858,21.50330500286804,18.850226288022494,24.00524572885129,18.314797045225863,21.09238994952426,81.74768102999573,18.90466619308353,75.24927124544331
2021-05-15 18:00:00,25,5,20.0,156.0,27.0,133.0,22.99424854229104,18.850226288022494,23.28445017977966,18.314797045225863,26.045101962011408,81.74768102999573,22.28527465264011,75.24927124544331
2021-05-15 19:00:00,20,5,25.0,144.0,22.0,124.71428571428571,18.569138098186695,18.850226288022494,20.7817640009821,18.314797045225863,17.821882664717094,81.74768102999573,17.85892161974812,75.24927124544331
2021-05-15 20:00:00,20,5,20.0,109.0,22.0,105.42857142857143,17.71969953913681,18.850226288022494,19.381486982390076,18.314797045225863,18.120341542231003,81.74768102999573,18.819556673737843,75.24927124544331
2021-05-15 21:00:00,25,5,20.0,112.0,28.0,109.0,22.71454139711366,18.850226288022494,24.971138717101294,18.314797045225863,20.22872387889144,81.74768102999573,23.434895913018636,75.24927124544331
2021-05-15 22:00:00,21,5,25.0,112.0,23.0,104.28571428571429,18.252204347239644,18.850226288022494,20.367514922738636,18.314797045225863,16.802472672180546,81.74768102999573,18.347407837809726,75.24927124544331
2021-05-15 23:00:00,20,5,21.0,98.0,23.0,98.28571428571429,18.314734900621733,18.850226288022494,20.00557693013834,18.314797045225863,18.64087807145338,81.74768102999573,19.713289141431826,75.24927124544331
2021-05-16 00:00:00,20,5,20.0,54.0,23.0,55.714285714285715,24.00008410032334,18.850226288022494,27.91375570250206,18.314797045225863,59.60551947292421,81.74768102999573,54.72106963954666,75.24927124544331
2021-05-16 01:00:00,25,5,20.0,104.0,23.0,83.0,21.065070870271676,18.850226288022494,22.858129203761603,18.314797045225863,23.750624463238914,81.74768102999573,22.321441485366314,75.24927124544331
2021-05-16 02:00:00,20,5,25.0,100.0,27.0,85.57142857142857,19.902181735668844,18.850226288022494,21.42026305044629,18.314797045225863,25.622248822468173,81.74768102999573,24.969137632978413,75.24927124544331
2021-05-16 03:00:00,20,5,20.0,101.0,23.0,82.14285714285714,18.477276169053393,18.850226288022494,20.192895840975705,18.314797045225863,22.98919300724847,81.74768102999573,22.27230745591691,75.24927124544331
2021-05-16 04:00:00,25,5,20.0,105.0,23.0,85.14285714285714,22.8635107975935,18.850226288022494,26.150449947891477,18.314797045225863,19.27218771600828,81.74768102999573,20.029396239466415,75.24927124544331
2021-05-16 05:00:00,20,5,25.0,96.0,26.0,82.14285714285714,18.188624892215792,18.850226288022494,20.129517505010345,18.314797045225863,27.460053492026706,81.74768102999573,24.934613857029742,75.24927124544331
2021-05-16 06:00:00,20,5,20.0,103.0,27.0,85.14285714285714,18.429175468979277,18.850226288022494,21.333059065123585,18.314797045225863,22.768316314267317,81.74768102999573,23.766727673393962,75.24927124544331
2021-05-16 07:00:00,23,5,20.0,86.0,131.0,129.28571428571428,32.055226576933435,18.850226288022494,41.168820989852186,18.314797045225863,90.33097414688726,81.74768102999573,95.01205962374502,75.24927124544331
2021-05-16 08:00:00,24,5,23.0,24.0,184.0,154.28571428571428,39.17759554012478,18.850226288022494,42.043860500335256,18.314797045225863,146.3085977393095,81.74768102999573,149.11568322549888,75.24927124544331
2021-05-16 09:00:00,20,5,24.0,20.0,164.0,143.85714285714286,36.006761372767315,18.850226288022494,36.694320524949035,18.314797045225863,138.23711411916844,81.74768102999573,130.75345732462847,75.24927124544331
2021-05-16 10:00:00,23,5,20.0,20.0,169.0,146.57142857142858,29.415365401743728,18.850226288022494,37.32612980071646,18.314797045225863,139.5240973403824,81.74768102999573,133.29537275339987,75.24927124544331
2021-05-16 11:00:00,24,5,23.0,24.0,173.0,150.14285714285714,34.22478545410993,18.850226288022494,42.54253561167023,18.314797045225863,141.74071868476403,81.74768102999573,145.42239146165446,75.24927124544331
2021-05-16 12:00:00,20,5,24.0,20.0,126.0,108.28571428571429,21.899162424556934,18.850226288022494,25.860582341484303,18.314797045225863,104.27446301215993,81.74768102999573,100.7234113237151,75.24927124544331
2021-05-16 13:00:00,20,5,20.0,20.0,159.0,148.28571428571428,22.368345221039608,18.850226288022494,31.704582946189202,18.314797045225863,137.32387265862448,81.74768102999573,130.81257007930608,75.24927124544331
2021-05-16 14:00:00,25,5,20.0,24.0,163.0,143.42857142857142,34.768733882245385,18.850226288022494,41.66765775595133,18.314797045225863,139.37970720630614,81.74768102999573,139.5254942057865,75.24927124544331
2021-05-16 15:00:00,20,5,25.0,23.0,151.0,137.14285714285714,30.59374802269588,18.850226288022494,36.53773330003719,18.314797045225863,134.5553733524125,81.74768102999573,139.25719376259997,75.24927124544331
2021-05-16 16:00:00,20,5,20.0,20.0,157.0,135.14285714285714,27.28908254516066,18.850226288022494,32.86933242924958,18.314797045225863,129.50702274847808,81.74768102999573,128.20865598787537,75.24927124544331
2021-05-16 17:00:00,25,5,20.0,20.0,153.0,129.14285714285714,32.95172686503121,18.850226288022494,36.977993720057235,18.314797045225863,125.9693078934478,81.74768102999573,122.22305296365643,75.24927124544331
2021-05-16 18:00:00,20,5,25.0,25.0,165.0,132.71428571428572,26.249125946124163,18.850226288022494,35.06199155959758,18.314797045225863,128.1126369413316,81.74768102999573,133.24265845078307,75.24927124544331
2021-05-16 19:00:00,20,5,20.0,20.0,155.0,124.42857142857143,28.76742909705117,18.850226288022494,33.1725480098091,18.314797045225863,125.3189870050604,81.74768102999573,123.48547884115398,75.24927124544331
2021-05-16 20:00:00,25,5,20.0,20.0,114.0,105.14285714285714,22.255569268603946,18.850226288022494,25.74699343104505,18.314797045225863,86.09446080354127,81.74768102999573,88.13537677444205,75.24927124544331
2021-05-16 21:00:00,24,5,25.0,25.0,121.0,108.57142857142857,23.597820075739012,18.850226288022494,27.25549397705923,18.314797045225863,93.61932682799616,81.74768102999573,102.2121429816116,75.24927124544331
2021-05-16 22:00:00,20,5,24.0,21.0,122.0,104.0,20.853860674487617,18.850226288022494,22.798869718845037,18.314797045225863,92.40989451859333,81.74768102999573,95.8140389879357,75.24927124544331
2021-05-16 23:00:00,22,5,20.0,20.0,110.0,97.85714285714286,22.42337316829613,18.850226288022494,27.09685964091457,18.314797045225863,84.45237448053541,81.74768102999573,88.42400066622702,75.24927124544331
2021-05-17 00:00:00,25,5,22.0,20.0,23.0,55.285714285714285,43.98122810714377,18.850226288022494,47.90002589272769,18.314797045225863,70.46492170205163,81.74768102999573,81.17552085498559,75.24927124544331
2021-05-17 01:00:00,20,5,25.0,25.0,23.0,83.28571428571429,21.01112445803595,18.850226288022494,26.05289722605659,18.314797045225863,69.99304601957046,81.74768102999573,79.66652754785873,75.24927124544331
2021-05-17 02:00:00,20,5,20.0,20.0,27.0,84.57142857142857,22.729627893769816,18.850226288022494,24.05011238513748,18.314797045225863,54.103104562935954,81.74768102999573,73.88198953754232,75.24927124544331
2021-05-17 03:00:00,25,5,20.0,20.0,23.0,81.71428571428571,32.596786777531435,18.850226288022494,34.72043595680336,18.314797045225863,63.326526140843505,81.74768102999573,75.25437899363857,75.24927124544331
2021-05-17 04:00:00,20,5,25.0,25.0,23.0,85.42857142857143,24.723183483979994,18.850226288022494,27.432038261448106,18.314797045225863,69.38497659147187,81.74768102999573,77.2989527687263,75.24927124544331
2021-05-17 05:00:00,20,5,20.0,20.0,26.0,81.28571428571429,23.629632251749406,18.850226288022494,27.911196133920573,18.314797045225863,60.69441196318371,81.74768102999573,76.35800709407128,75.24927124544331
2021-05-17 06:00:00,24,5,20.0,20.0,27.0,84.14285714285714,29.007888710960554,18.850226288022494,31.186470463570092,18.314797045225863,60.717084349089525,81.74768102999573,76.98088210781741,75.24927124544331
2021-05-17 07:00:00,87,5,24.0,23.0,131.0,113.85714285714286,72.05921171512756,18.850226288022494,81.05681175040525,18.314797045225863,111.4933768721835,81.74768102999573,132.21324983577554,75.24927124544331
2021-05-17 08:00:00,192,5,87.0,24.0,184.0,131.42857142857142,169.30689787045327,18.850226288022494,178.57054374135353,18.314797045225863,171.13751704760924,81.74768102999573,181.2228453228742,75.24927124544331
2021-05-17 09:00:00,183,5,192.0,20.0,164.0,123.28571428571429,185.3239705260912,18.850226288022494,189.21739146289107,18.314797045225863,162.15121979199537,81.74768102999573,167.3000894406171,75.24927124544331
2021-05-17 10:00:00,180,5,183.0,23.0,169.0,125.71428571428571,180.62607134040516,18.850226288022494,184.30197333923576,18.314797045225863,165.90439129872996,81.74768102999573,170.26074984271668,75.24927124544331
2021-05-17 11:00:00,186,5,180.0,24.0,173.0,128.85714285714286,181.08324484386947,18.850226288022494,184.21303768039567,18.314797045225863,165.47424827809988,81.74768102999573,173.21848592196073,75.24927124544331
2021-05-17 12:00:00,129,5,186.0,20.0,126.0,93.14285714285714,132.157409912373,18.850226288022494,136.87347949795821,18.314797045225863,113.06940099694708,81.74768102999573,126.00453361398407,75.24927124544331
2021-05-17 13:00:00,173,5,129.0,20.0,159.0,128.42857142857142,188.11328721319796,18.850226288022494,195.38085277931089,18.314797045225863,160.93339844509867,81.74768102999573,169.71140694339013,75.24927124544331
2021-05-17 14:00:00,175,5,173.0,25.0,163.0,123.71428571428571,181.8515637219682,18.850226288022494,188.9342880838909,18.314797045225863,159.87944667530442,81.74768102999573,172.080622704945,75.24927124544331
2021-05-17 15:00:00,168,5,175.0,20.0,151.0,118.42857142857143,170.8910266459596,18.850226288022494,175.08410606202926,18.314797045225863,154.24315491594183,81.74768102999573,154.93401719455463,75.24927124544331
2021-05-17 16:00:00,163,5,168.0,20.0,157.0,115.57142857142857,162.39398788273573,18.850226288022494,166.69284573618359,18.314797045225863,155.24946220288038,81.74768102999573,161.23872142663728,75.24927124544331
2021-05-17 17:00:00,158,5,163.0,25.0,153.0,110.85714285714286,157.17141854929366,18.850226288022494,162.12662817352734,18.314797045225863,149.46377686701004,81.74768102999573,155.71649073179663,75.24927124544331
2021-05-17 18:00:00,161,5,158.0,20.0,165.0,112.0,159.86580908234453,18.850226288022494,161.13133400648297,18.314797045225863,147.7516405273538,81.74768102999573,159.74620976056582,75.24927124544331
2021-05-17 19:00:00,140,5,161.0,20.0,155.0,105.14285714285714,149.62941121869684,18.850226288022494,152.43711267678023,18.314797045225863,145.23461646228702,81.74768102999573,150.45736211599805,75.24927124544331
2021-05-17 20:00:00,99,5,140.0,25.0,114.0,92.42857142857143,113.12532068373058,18.850226288022494,119.65832561807606,18.314797045225863,109.36557726573159,81.74768102999573,120.04930413465684,75.24927124544331
2021-05-17 21:00:00,96,5,99.0,24.0,121.0,94.71428571428571,113.86876592556239,18.850226288022494,116.9740845295726,18.314797045225863,120.05807292696313,81.74768102999573,123.81430528791162,75.24927124544331
2021-05-17 22:00:00,95,5,96.0,20.0,122.0,89.42857142857143,111.65220798937149,18.850226288022494,110.81294334804086,18.314797045225863,104.54815067541195,81.74768102999573,108.36890018186564,75.24927124544331
2021-05-17 23:00:00,93,5,95.0,22.0,110.0,85.28571428571429,110.70422751828026,18.850226288022494,113.38437611930999,18.314797045225863,106.17705577135182,81.74768102999573,117.26892664562651,75.24927124544331
2021-05-18 00:00:00,71,5,93.0,25.0,68.0,55.57142857142857,61.396905652090204,18.850226288022494,70.4683999569713,18.314797045225863,59.16240199422598,81.74768102999573,61.62410553552123,75.24927124544331
2021-05-18 01:00:00,97,5,71.0,20.0,110.0,82.85714285714286,97.31303037571205,18.850226288022494,103.21867685096534,18.314797045225863,79.0402695788294,81.74768102999573,101.28555333634485,75.24927124544331
2021-05-18 02:00:00,96,5,97.0,20.0,108.0,83.57142857142857,97.01398635655954,18.850226288022494,103.2867647339524,18.314797045225863,81.14182132290067,81.74768102999573,95.94038912640073,75.24927124544331
2021-05-18 03:00:00,96,5,96.0,25.0,105.0,82.0,102.52117644914411,18.850226288022494,101.5160554377753,18.314797045225863,92.28989526380717,81.74768102999573,107.10180515613251,75.24927124544331
2021-05-18 04:00:00,91,5,96.0,20.0,113.0,85.0,102.05156656994343,18.850226288022494,105.55151895086804,18.314797045225863,79.74310248185077,81.74768102999573,95.97781823323874,75.24927124544331
2021-05-18 05:00:00,105,5,91.0,20.0,111.0,80.42857142857143,102.50022306849011,18.850226288022494,104.05813215890751,18.314797045225863,71.77130232464631,81.74768102999573,88.85811129223364,75.24927124544331
2021-05-18 06:00:00,102,5,105.0,24.0,117.0,83.71428571428571,109.49901727446253,18.850226288022494,109.54705039862581,18.314797045225863,101.13189614426568,81.74768102999573,108.45471919426615,75.24927124544331
2021-05-18 07:00:00,134,5,102.0,87.0,140.0,107.57142857142857,135.10960847747214,18.850226288022494,135.3534574672816,18.314797045225863,129.2202184318353,81.74768102999573,134.20332372185908,75.24927124544331
2021-05-18 08:00:00,179,5,134.0,192.0,177.0,132.57142857142858,184.91198899197965,18.850226288022494,185.30154865804587,18.314797045225863,182.87682975912386,81.74768102999573,182.64701923127146,75.24927124544331
2021-05-18 09:00:00,175,5,179.0,183.0,177.0,126.0,176.25119927108162,18.850226288022494,176.25839786597564,18.314797045225863,181.42721753374144,81.74768102999573,181.82313889596207,75.24927124544331
2021-05-18 10:00:00,172,5,175.0,180.0,171.0,127.28571428571429,175.77161586412348,18.850226288022494,176.07286945740762,18.314797045225863,182.21617035705438,81.74768102999573,178.5872373699038,75.24927124544331
2021-05-18 11:00:00,172,5,172.0,186.0,173.0,130.71428571428572,175.02790699986323,18.850226288022494,175.03438493834264,18.314797045225863,180.81189658595744,81.74768102999573,182.0782202833847,75.24927124544331
2021-05-18 12:00:00,130,5,172.0,129.0,129.0,93.57142857142857,126.4813685734121,18.850226288022494,127.81118107141157,18.314797045225863,130.9059123263055,81.74768102999573,127.79353875000452,75.24927124544331
2021-05-18 13:00:00,182,5,130.0,173.0,185.0,130.42857142857142,174.97889883571005,18.850226288022494,178.96973913759248,18.314797045225863,174.62001382210772,81.74768102999573,177.4621373308421,75.24927124544331
2021-05-18 14:00:00,173,5,182.0,175.0,166.0,125.42857142857143,175.05743807271807,18.850226288022494,175.72097974200156,18.314797045225863,177.71409564777645,81.74768102999573,177.6037863354464,75.24927124544331
2021-05-18 15:00:00,179,5,173.0,168.0,163.0,120.85714285714286,173.52957262631267,18.850226288022494,169.23285687844808,18.314797045225863,171.75142713154156,81.74768102999573,163.30960922263327,75.24927124544331
2021-05-18 16:00:00,163,5,179.0,163.0,151.0,116.42857142857143,159.6915434912894,18.850226288022494,162.6334390795401,18.314797045225863,160.73803771067924,81.74768102999573,158.6119806381559,75.24927124544331
2021-05-18 17:00:00,142,5,163.0,158.0,144.0,111.57142857142857,141.79260914440331,18.850226288022494,143.64473549749255,18.314797045225863,159.16554333247203,81.74768102999573,153.6189732417832,75.24927124544331
2021-05-18 18:00:00,147,5,142.0,161.0,141.0,111.42857142857143,147.56399169747147,18.850226288022494,149.72746187978237,18.314797045225863,151.2887702058208,81.74768102999573,147.43600680011596,75.24927124544331
2021-05-18 19:00:00,154,5,147.0,140.0,138.0,103.0,142.50727308309496,18.850226288022494,144.1715413039636,18.314797045225863,136.57587940999503,81.74768102999573,134.76171614939346,75.24927124544331
2021-05-18 20:00:00,119,5,154.0,99.0,131.0,90.28571428571429,119.43101810327852,18.850226288022494,119.68828007400994,18.314797045225863,127.37330858386413,81.74768102999573,122.63321711156563,75.24927124544331
2021-05-18 21:00:00,114,5,119.0,96.0,131.0,91.14285714285714,114.6141559387625,18.850226288022494,113.99259510370248,18.314797045225863,125.99860233979034,81.74768102999573,120.75660309378944,75.24927124544331
2021-05-18 22:00:00,107,5,114.0,95.0,112.0,85.57142857142857,102.49476092990524,18.850226288022494,104.38592058956107,18.314797045225863,114.39296134996466,81.74768102999573,115.07232001935505,75.24927124544331
2021-05-18 23:00:00,104,5,107.0,93.0,121.0,82.85714285714286,103.03668432442132,18.850226288022494,104.02330427816739,18.314797045225863,115.70315152872534,81.74768102999573,110.62528582128844,75.24927124544331
2021-05-19 00:00:00,68,5,104.0,71.0,75.0,56.0,66.12747681992249,18.850226288022494,62.100156321773106,18.314797045225863,64.95395388991774,81.74768102999573,65.16926040488158,75.24927124544331
2021-05-19 01:00:00,95,5,68.0,97.0,104.0,81.0,99.57839921531716,18.850226288022494,105.63633853262122,18.314797045225863,100.79409202673814,81.74768102999573,101.07774523284185,75.24927124544331
2021-05-19 02:00:00,100,5,95.0,96.0,113.0,81.85714285714286,97.26119663600389,18.850226288022494,97.98261089841925,18.314797045225863,103.56835799494134,81.74768102999573,100.94845538271599,75.24927124544331
2021-05-19 03:00:00,104,5,100.0,96.0,109.0,80.71428571428571,96.9028957616386,18.850226288022494,96.49736497850057,18.314797045225863,100.48802209160112,81.74768102999573,102.94740979682223,75.24927124544331
2021-05-19 04:00:00,101,5,104.0,91.0,111.0,81.85714285714286,100.67968030732573,18.850226288022494,100.7855826162176,18.314797045225863,103.57972013818905,81.74768102999573,101.30474128593127,75.24927124544331
2021-05-19 05:00:00,100,5,101.0,105.0,107.0,79.57142857142857,99.8408086924589,18.850226288022494,101.73110271481488,18.314797045225863,99.3304092497581,81.74768102999573,98.28796578960984,75.24927124544331
2021-05-19 06:00:00,108,5,100.0,102.0,110.0,81.57142857142857,105.17839208024337,18.850226288022494,102.22840712423663,18.314797045225863,105.30247705224018,81.74768102999573,106.19629492160554,75.24927124544331
2021-05-19 07:00:00,75,5,108.0,134.0,147.0,106.71428571428571,144.23935433997468,18.850226288022494,139.48399591269805,18.314797045225863,150.0557126133009,81.74768102999573,140.41792317189874,75.24927124544331
2021-05-19 08:00:00,23,5,75.0,179.0,178.0,132.85714285714286,100.68831092884311,18.850226288022494,97.91404222096757,18.314797045225863,183.1791348289052,81.74768102999573,128.71810280493506,75.24927124544331
2021-05-19 09:00:00,25,5,23.0,175.0,165.0,125.71428571428571,31.61601863791058,18.850226288022494,32.0544125417874,18.314797045225863,177.81620854358573,81.74768102999573,135.40529740847714,75.24927124544331
2021-05-19 10:00:00,21,5,25.0,172.0,166.0,127.42857142857143,26.926460853345134,18.850226288022494,34.95006100930684,18.314797045225863,171.9955122294812,81.74768102999573,134.15949010196087,75.24927124544331
2021-05-19 11:00:00,21,5,21.0,172.0,183.0,130.57142857142858,28.882650651965832,18.850226288022494,28.293080884338572,18.314797045225863,171.3486584985008,81.74768102999573,133.68203630783236,75.24927124544331
2021-05-19 12:00:00,25,5,21.0,130.0,125.0,93.71428571428571,27.0130888754012,18.850226288022494,22.99966573465519,18.314797045225863,127.56607979484833,81.74768102999573,112.63484216841658,75.24927124544331
2021-05-19 13:00:00,24,5,25.0,182.0,184.0,130.0,25.990688311266737,18.850226288022494,29.80730189979289,18.314797045225863,174.8950271636924,81.74768102999573,133.24300222774835,75.24927124544331
2021-05-19 14:00:00,20,5,24.0,173.0,172.0,126.42857142857143,23.34582586879959,18.850226288022494,24.635964066649773,18.314797045225863,171.61062889104247,81.74768102999573,134.07320929876045,75.24927124544331
2021-05-19 15:00:00,20,5,20.0,179.0,168.0,123.14285714285714,24.39668389530106,18.850226288022494,25.07255783346036,18.314797045225863,175.24439446009887,81.74768102999573,132.00226114774802,75.24927124544331
2021-05-19 16:00:00,25,5,20.0,163.0,163.0,118.14285714285714,26.953521786082018,18.850226288022494,26.279957954885962,18.314797045225863,161.8243734783445,81.74768102999573,129.33663072623338,75.24927124544331
2021-05-19 17:00:00,21,5,25.0,142.0,169.0,111.28571428571429,24.341995299847042,18.850226288022494,26.72874610980185,18.314797045225863,152.97635564846905,81.74768102999573,130.4154638774224,75.24927124544331
2021-05-19 18:00:00,21,5,21.0,147.0,169.0,112.28571428571429,18.359379380615795,18.850226288022494,23.38645730928396,18.314797045225863,152.70581633141947,81.74768102999573,129.94120696534833,75.24927124544331
2021-05-19 19:00:00,25,5,21.0,154.0,153.0,105.28571428571429,26.46916241671539,18.850226288022494,27.939960049695127,18.314797045225863,150.69966526346292,81.74768102999573,128.0843715637515,75.24927124544331
2021-05-19 20:00:00,21,5,25.0,119.0,109.0,88.57142857142857,19.371974278241062,18.850226288022494,21.62813706204639,18.314797045225863,118.13249516419619,81.74768102999573,112.16212497168343,75.24927124544331
2021-05-19 21:00:00,24,5,21.0,114.0,115.0,88.71428571428571,38.4738235722073,18.850226288022494,43.29146869890049,18.314797045225863,117.83826009163597,81.74768102999573,109.34511136486597,75.24927124544331
2021-05-19 22:00:00,26,5,24.0,107.0,116.0,84.85714285714286,50.59165293389328,18.850226288022494,53.26138228091648,18.314797045225863,109.21844028411579,81.74768102999573,104.51680841193422,75.24927124544331
2021-05-19 23:00:00,22,5,26.0,104.0,111.0,80.42857142857143,52.06726897005827,18.850226288022494,56.78175915350309,18.314797045225863,106.48815426608365,81.74768102999573,102.76788095370867,75.24927124544331
2021-05-20 00:00:00,20,5,22.0,68.0,75.0,55.0,54.81658266981035,18.850226288022494,54.65913578573459,18.314797045225863,43.51293132599635,81.74768102999573,29.942749271182922,75.24927124544331
2021-05-20 01:00:00,22,5,20.0,95.0,107.0,79.71428571428571,55.20923578098865,18.850226288022494,49.365417859797674,18.314797045225863,66.96444312137791,81.74768102999573,65.15151187506751,75.24927124544331
2021-05-20 02:00:00,25,5,22.0,100.0,113.0,80.0,52.39843410348983,18.850226288022494,51.851302315988,18.314797045225863,63.85813560685691,81.74768102999573,63.07347588920075,75.24927124544331
2021-05-20 03:00:00,20,5,25.0,104.0,110.0,80.0,49.99421365622518,18.850226288022494,51.9317551466473,18.314797045225863,66.44440648861129,81.74768102999573,66.95156179260658,75.24927124544331
2021-05-20 04:00:00,20,5,20.0,101.0,113.0,80.42857142857143,47.779997810493875,18.850226288022494,47.23091798983067,18.314797045225863,64.59196353790607,81.74768102999573,63.292087328629805,75.24927124544331
2021-05-20 05:00:00,25,5,20.0,100.0,105.0,78.57142857142857,35.89947522436839,18.850226288022494,32.739514378461145,18.314797045225863,62.502435066583644,81.74768102999573,62.13745074799733,75.24927124544331
2021-05-20 06:00:00,21,5,25.0,108.0,105.0,81.28571428571429,55.74222460723472,18.850226288022494,51.2181767046709,18.314797045225863,77.14467579730554,81.74768102999573,70.71691624263451,75.24927124544331
2021-05-20 07:00:00,105,5,21.0,75.0,135.0,96.42857142857143,58.140028760064965,18.850226288022494,54.44330715963108,18.314797045225863,108.90551425083265,81.74768102999573,89.96302837030841,75.24927124544331
2021-05-20 08:00:00,176,5,105.0,23.0,176.0,110.71428571428571,160.48287516481375,18.850226288022494,153.41446064602349,18.314797045225863,162.32724829275173,81.74768102999573,165.9730235864204,75.24927124544331
2021-05-20 09:00:00,167,5,176.0,25.0,174.0,105.71428571428571,160.2204377941667,18.850226288022494,164.33182158930097,18.314797045225863,163.12035865570763,81.74768102999573,172.55346445781447,75.24927124544331
2021-05-20 10:00:00,169,5,167.0,21.0,176.0,106.71428571428571,151.83086234262163,18.850226288022494,158.556357864922,18.314797045225863,161.53375853594926,81.74768102999573,170.2455708588025,75.24927124544331
2021-05-20 11:00:00,178,5,169.0,21.0,170.0,107.42857142857143,167.49628123843698,18.850226288022494,172.79926283909714,18.314797045225863,161.93333377791183,81.74768102999573,171.73059852228178,75.24927124544331
2021-05-20 12:00:00,130,5,178.0,25.0,119.0,79.42857142857143,125.5014665534128,18.850226288022494,126.60845187400324,18.314797045225863,110.44128714255122,81.74768102999573,113.77454883710578,75.24927124544331
2021-05-20 13:00:00,181,5,130.0,24.0,175.0,107.14285714285714,173.1679094449261,18.850226288022494,180.35053294787366,18.314797045225863,158.1061952412715,81.74768102999573,169.59234657200568,75.24927124544331
2021-05-20 14:00:00,167,5,181.0,20.0,169.0,104.71428571428571,160.18379973218595,18.850226288022494,164.47975840438053,18.314797045225863,154.4825514951121,81.74768102999573,162.84729580821497,75.24927124544331
2021-05-20 15:00:00,161,5,167.0,20.0,156.0,102.0,164.7639911067344,18.850226288022494,167.12718507798704,18.314797045225863,148.8186856889158,81.74768102999573,156.7874048767872,75.24927124544331
2021-05-20 16:00:00,159,5,161.0,25.0,155.0,98.42857142857143,150.63385448162916,18.850226288022494,154.61339290323698,18.314797045225863,140.66902413189553,81.74768102999573,155.84370724496193,75.24927124544331
2021-05-20 17:00:00,110,5,159.0,21.0,117.0,90.14285714285714,131.32944462935174,18.850226288022494,134.0041618913053,18.314797045225863,107.7823914161438,81.74768102999573,123.1443590076415,75.24927124544331
2021-05-20 18:00:00,112,5,110.0,21.0,108.0,91.14285714285714,114.65787387542595,18.850226288022494,113.59155973264699,18.314797045225863,106.19785103081765,81.74768102999573,124.5833180175282,75.24927124544331
2021-05-20 19:00:00,114,5,112.0,25.0,106.0,87.0,100.0426616159497,18.850226288022494,106.63564521727615,18.314797045225863,111.05204866276247,81.74768102999573,122.29048780634136,75.24927124544331
2021-05-20 20:00:00,117,5,114.0,21.0,139.0,76.0,104.30025164989574,18.850226288022494,106.18815839453512,18.314797045225863,114.43748098411481,81.74768102999573,102.040342852235,75.24927124544331
2021-05-20 21:00:00,107,5,117.0,24.0,135.0,75.71428571428571,111.23353091327024,18.850226288022494,111.75007569413705,18.314797045225863,113.32551497465401,81.74768102999573,87.33497112474424,75.24927124544331
2021-05-20 22:00:00,111,5,107.0,26.0,123.0,72.0,102.55615878698728,18.850226288022494,105.2454848740722,18.314797045225863,110.66442210042152,81.74768102999573,105.7898750468351,75.24927124544331
2021-05-20 23:00:00,103,5,111.0,22.0,115.0,67.71428571428571,103.09578683574519,18.850226288022494,105.3106183209096,18.314797045225863,110.40032733285328,81.74768102999573,81.78599954454394,75.24927124544331
2021-05-21 00:00:00,64,5,103.0,20.0,72.0,47.142857142857146,54.5825251330774,18.850226288022494,59.97610451179252,18.314797045225863,51.627868167351856,81.74768102999573,58.24260189789235,75.24927124544331
2021-05-21 01:00:00,100,5,64.0,22.0,110.0,67.57142857142857,106.5431858252241,18.850226288022494,108.10182269031938,18.314797045225863,94.14567644617058,81.74768102999573,87.56863455273204,75.24927124544331
2021-05-21 02:00:00,108,5,100.0,25.0,111.0,67.42857142857143,100.83282471177947,18.850226288022494,108.52057282473638,18.314797045225863,97.82981635886327,81.74768102999573,95.00295763892484,75.24927124544331
2021-05-21 03:00:00,107,5,108.0,20.0,104.0,67.14285714285714,103.01606944668302,18.850226288022494,106.61902660354372,18.314797045225863,94.08084649624105,81.74768102999573,89.55490413114852,75.24927124544331
2021-05-21 04:00:00,100,5,107.0,20.0,108.0,67.14285714285714,99.60361740625432,18.850226288022494,100.05527325772967,18.314797045225863,89.96914106869065,81.74768102999573,84.41075240836692,75.24927124544331
2021-05-21 05:00:00,95,5,100.0,25.0,104.0,67.14285714285714,106.9070449129125,18.850226288022494,106.24214995012161,18.314797045225863,95.32263361468881,81.74768102999573,91.68264166267298,75.24927124544331
2021-05-21 06:00:00,105,5,95.0,21.0,107.0,69.28571428571429,108.56778490636755,18.850226288022494,103.44526817682576,18.314797045225863,95.38910212234128,81.74768102999573,85.86627507244602,75.24927124544331
2021-05-21 07:00:00,135,5,105.0,105.0,135.0,92.14285714285714,123.10346917577259,18.850226288022494,132.42541866249113,18.314797045225863,122.80222648793206,81.74768102999573,128.50938338296166,75.24927124544331
2021-05-21 08:00:00,160,5,135.0,176.0,157.0,110.71428571428571,171.47008745833216,18.850226288022494,174.93538011430675,18.314797045225863,171.71364499501573,81.74768102999573,171.072042817232,75.24927124544331
2021-05-21 09:00:00,146,5,160.0,167.0,143.0,104.71428571428571,161.6946748939917,18.850226288022494,165.39347839184057,18.314797045225863,164.32714298546645,81.74768102999573,159.82169228062946,75.24927124544331
2021-05-21 10:00:00,157,5,146.0,169.0,155.0,105.71428571428571,161.31955546557566,18.850226288022494,171.72406625098463,18.314797045225863,167.52066921282037,81.74768102999573,160.43842894428116,75.24927124544331
2021-05-21 11:00:00,160,5,157.0,178.0,155.0,108.57142857142857,168.15833516021846,18.850226288022494,173.84347633376592,18.314797045225863,169.61940254402853,81.74768102999573,169.96862014136636,75.24927124544331
2021-05-21 12:00:00,116,5,160.0,130.0,113.0,81.0,115.54565685844621,18.850226288022494,115.1228867577603,18.314797045225863,109.96789386772802,81.74768102999573,126.06072164202997,75.24927124544331
2021-05-21 13:00:00,153,5,116.0,181.0,156.0,108.0,147.82868270366134,18.850226288022494,154.73532978011795,18.314797045225863,164.45707621264913,81.74768102999573,174.2058251252132,75.24927124544331
2021-05-21 14:00:00,158,5,153.0,167.0,147.0,104.42857142857143,151.6817188178745,18.850226288022494,153.65019319695423,18.314797045225863,163.2707746988601,81.74768102999573,158.07307138975256,75.24927124544331
2021-05-21 15:00:00,142,5,158.0,161.0,148.0,102.71428571428571,150.83303052248056,18.850226288022494,151.9803713265445,18.314797045225863,157.73668863468527,81.74768102999573,155.44805516868246,75.24927124544331
2021-05-21 16:00:00,147,5,142.0,159.0,143.0,99.0,145.19377329737972,18.850226288022494,147.32371793913669,18.314797045225863,150.58996740440332,81.74768102999573,154.27042851122667,75.24927124544331
2021-05-21 17:00:00,140,5,147.0,110.0,148.0,89.14285714285714,139.52742015765378,18.850226288022494,139.7234650144265,18.314797045225863,147.77161500386083,81.74768102999573,141.53389888272483,75.24927124544331
2021-05-21 18:00:00,140,5,140.0,112.0,156.0,91.71428571428571,133.34433616645785,18.850226288022494,135.16822370867294,18.314797045225863,149.66996613609035,81.74768102999573,150.9444000961824,75.24927124544331
2021-05-21 19:00:00,140,5,140.0,114.0,144.0,88.14285714285714,119.52831213331187,18.850226288022494,122.23578403950128,18.314797045225863,146.5743543131694,81.74768102999573,142.9235352971842,75.24927124544331
2021-05-21 20:00:00,111,5,140.0,117.0,109.0,72.85714285714286,118.75543387283822,18.850226288022494,119.99001458563272,18.314797045225863,105.70443241311288,81.74768102999573,107.10756746246685,75.24927124544331
2021-05-21 21:00:00,109,5,111.0,107.0,112.0,71.71428571428571,106.80247918181044,18.850226288022494,109.19654054818133,18.314797045225863,107.07551029914023,81.74768102999573,109.72835695181065,75.24927124544331
2021-05-21 22:00:00,109,5,109.0,111.0,112.0,70.28571428571429,103.29287697496531,18.850226288022494,103.1625256881595,18.314797045225863,101.28068172346396,81.74768102999573,96.22890898844496,75.24927124544331
2021-05-21 23:00:00,106,5,109.0,103.0,98.0,66.0,106.9306346623072,18.850226288022494,109.13796273930758,18.314797045225863,116.45600130677624,81.74768102999573,112.55619156689167,75.24927124544331
2021-05-22 00:00:00,61,5,106.0,64.0,54.0,46.0,53.608184210048016,18.850226288022494,48.41514748028317,18.314797045225863,49.35035251662494,81.74768102999573,53.28825710668389,75.24927124544331
2021-05-22 01:00:00,105,5,61.0,100.0,104.0,66.14285714285714,96.75263387289263,18.850226288022494,98.73266405544095,18.314797045225863,90.40572292890407,81.74768102999573,93.46770174153406,75.24927124544331
2021-05-22 02:00:00,100,5,105.0,108.0,100.0,67.0,96.67880150688175,18.850226288022494,100.88742449941164,18.314797045225863,89.20701160704645,81.74768102999573,94.39616862411575,75.24927124544331
2021-05-22 03:00:00,104,5,100.0,107.0,101.0,67.57142857142857,95.1197951341076,18.850226288022494,104.34460233626366,18.314797045225863,89.42035533519895,81.74768102999573,91.94434006354176,75.24927124544331
2021-05-22 04:00:00,105,5,104.0,100.0,105.0,66.0,92.57750231424876,18.850226288022494,96.16923892176558,18.314797045225863,87.12901600034542,81.74768102999573,93.6268261110588,75.24927124544331
2021-05-22 05:00:00,107,5,105.0,95.0,96.0,65.85714285714286,94.59548367096336,18.850226288022494,93.41614922078986,18.314797045225863,73.09238857578876,81.74768102999573,79.7897548682981,75.24927124544331
2021-05-22 06:00:00,112,5,107.0,105.0,103.0,69.0,97.94331414173972,18.850226288022494,101.76194341209286,18.314797045225863,87.44142904868275,81.74768102999573,95.53344028630438,75.24927124544331
2021-05-22 07:00:00,82,5,112.0,135.0,86.0,92.14285714285714,83.77975676881793,18.850226288022494,88.2107104887568,18.314797045225863,79.02619489384657,81.74768102999573,88.53912173298471,75.24927124544331
2021-05-22 08:00:00,21,5,82.0,160.0,24.0,111.14285714285714,33.587676835390404,18.850226288022494,34.6573530391644,18.314797045225863,26.3685653700463,81.74768102999573,23.81729038506011,75.24927124544331
2021-05-22 09:00:00,21,5,21.0,146.0,20.0,105.14285714285714,39.68248811681244,18.850226288022494,39.47206560076088,18.314797045225863,24.52131412826929,81.74768102999573,24.530758384272147,75.24927124544331
2021-05-22 10:00:00,25,5,21.0,157.0,20.0,106.0,47.86084351589074,18.850226288022494,49.798967114656904,18.314797045225863,25.028486650372802,81.74768102999573,24.63893271270596,75.24927124544331
2021-05-22 11:00:00,21,5,25.0,160.0,24.0,109.28571428571429,59.37618541082592,18.850226288022494,56.14660038773939,18.314797045225863,23.59706845174469,81.74768102999573,21.91572864168113,75.24927124544331
2021-05-22 12:00:00,21,5,21.0,116.0,20.0,81.42857142857143,47.14107726494424,18.850226288022494,45.90547239795216,18.314797045225863,17.64269098932608,81.74768102999573,26.110651161704695,75.24927124544331
2021-05-22 13:00:00,25,5,21.0,153.0,20.0,107.57142857142857,51.294173844853,18.850226288022494,53.72421597746366,18.314797045225863,26.835487949312412,81.74768102999573,25.35101770989776,75.24927124544331
2021-05-22 14:00:00,22,5,25.0,158.0,24.0,106.0,63.83582848917171,18.850226288022494,59.749176346126475,18.314797045225863,24.20569686348754,81.74768102999573,23.630145804984352,75.24927124544331
2021-05-22 15:00:00,20,5,22.0,142.0,23.0,101.85714285714286,47.12002104555133,18.850226288022494,43.07437681526574,18.314797045225863,22.01427663872106,81.74768102999573,23.46713729022156,75.24927124544331
2021-05-22 16:00:00,23,5,20.0,147.0,20.0,99.57142857142857,54.58608614930638,18.850226288022494,56.01342660877802,18.314797045225863,23.028008130699945,81.74768102999573,24.19496000224612,75.24927124544331
2021-05-22 17:00:00,25,5,23.0,140.0,20.0,88.0,55.20871023153958,18.850226288022494,53.84138763195871,18.314797045225863,19.697515198760083,81.74768102999573,25.525635383979335,75.24927124544331
2021-05-22 18:00:00,20,5,25.0,140.0,25.0,89.42857142857143,56.764447913355404,18.850226288022494,52.3769678851663,18.314797045225863,23.77760103083881,81.74768102999573,25.979089567679278,75.24927124544331
2021-05-22 19:00:00,20,5,20.0,140.0,20.0,87.57142857142857,45.84005179620692,18.850226288022494,38.68154151601734,18.314797045225863,19.704517511521036,81.74768102999573,23.2783775717365,75.24927124544331
2021-05-22 20:00:00,24,5,20.0,111.0,20.0,73.14285714285714,50.92132301891365,18.850226288022494,46.248556859272384,18.314797045225863,28.109952233553074,81.74768102999573,38.59654594623219,75.24927124544331
2021-05-22 21:00:00,21,5,24.0,109.0,25.0,71.28571428571429,54.39884242303902,18.850226288022494,49.30101782533769,18.314797045225863,32.48602214697311,81.74768102999573,36.847274224234475,75.24927124544331
2021-05-22 22:00:00,20,5,21.0,109.0,21.0,69.85714285714286,43.68575022475579,18.850226288022494,39.29504439836569,18.314797045225863,25.04901906810401,81.74768102999573,34.32563834787858,75.24927124544331
2021-05-22 23:00:00,25,5,20.0,106.0,20.0,67.14285714285714,50.603206410205416,18.850226288022494,47.24550382584051,18.314797045225863,30.99740035441888,81.74768102999573,35.88862182813039,75.24927124544331
2021-05-23 00:00:00,21,5,25.0,61.0,20.0,47.0,43.250820802349665,18.850226288022494,47.630898380380586,18.314797045225863,16.37494288739958,81.74768102999573,19.383853947995135,75.24927124544331
2021-05-23 01:00:00,21,5,21.0,105.0,25.0,66.28571428571429,46.177072613261245,18.850226288022494,41.0035467692459,18.314797045225863,29.654841610948026,81.74768102999573,24.728255425800743,75.24927124544331
2021-05-23 02:00:00,25,5,21.0,100.0,20.0,67.0,46.91567901437562,18.850226288022494,43.27895791840697,18.314797045225863,25.17300979949459,81.74768102999573,23.30075135215487,75.24927124544331
2021-05-23 03:00:00,22,5,25.0,104.0,20.0,68.0,48.62505469901453,18.850226288022494,48.11961212426296,18.314797045225863,22.85141486583393,81.74768102999573,21.546223254691505,75.24927124544331
2021-05-23 04:00:00,21,5,22.0,105.0,25.0,66.0,41.901077360726916,18.850226288022494,40.50331206723606,18.314797045225863,26.451383175990184,81.74768102999573,23.61309482207824,75.24927124544331
2021-05-23 05:00:00,24,5,21.0,107.0,20.0,67.42857142857143,41.900717864347655,18.850226288022494,41.10441297134287,18.314797045225863,22.0697905578753,81.74768102999573,22.013615667874877,75.24927124544331
2021-05-23 06:00:00,25,5,24.0,112.0,20.0,70.28571428571429,49.34055271871233,18.850226288022494,49.1263497196594,18.314797045225863,14.920668406760795,81.74768102999573,21.634412602773434,75.24927124544331
2021-05-23 07:00:00,21,5,25.0,82.0,23.0,91.57142857142857,54.94613699211513,18.850226288022494,54.34300722306348,18.314797045225863,21.748964638166616,81.74768102999573,23.18843333388614,75.24927124544331
2021-05-23 08:00:00,21,5,21.0,21.0,24.0,110.71428571428571,49.76690586930046,18.850226288022494,42.699400579704665,18.314797045225863,29.757355457794766,81.74768102999573,25.536767684643095,75.24927124544331
2021-05-23 09:00:00,25,5,21.0,21.0,20.0,105.28571428571429,52.640709370829995,18.850226288022494,49.29875459817457,18.314797045225863,27.707766517061867,81.74768102999573,22.86783125816327,75.24927124544331
2021-05-23 10:00:00,20,5,25.0,25.0,23.0,106.71428571428571,56.24532179056969,18.850226288022494,53.448952839189005,18.314797045225863,29.954431774497635,81.74768102999573,27.071685589087092,75.24927124544331
2021-05-23 11:00:00,21,5,20.0,21.0,24.0,108.85714285714286,42.48674977295856,18.850226288022494,39.5084800852696,18.314797045225863,28.329337437880223,81.74768102999573,21.477345966713,75.24927124544331
2021-05-23 12:00:00,25,5,21.0,21.0,20.0,81.57142857142857,50.42612099267221,18.850226288022494,45.4586690890739,18.314797045225863,22.523125991996967,81.74768102999573,21.549131375182583,75.24927124544331
2021-05-23 13:00:00,21,5,25.0,25.0,20.0,108.28571428571429,54.65219268717375,18.850226288022494,52.48604469902887,18.314797045225863,29.533115960454403,81.74768102999573,25.54995046142232,75.24927124544331
2021-05-23 14:00:00,21,5,21.0,22.0,25.0,105.71428571428571,44.0587844733847,18.850226288022494,41.074085889034215,18.314797045225863,31.679367244345837,81.74768102999573,27.88314534794043,75.24927124544331
2021-05-23 15:00:00,23,5,21.0,20.0,20.0,101.42857142857143,47.09741639813598,18.850226288022494,44.74827182750251,18.314797045225863,24.01445393739591,81.74768102999573,23.5992014720746,75.24927124544331
2021-05-23 16:00:00,25,5,23.0,23.0,20.0,100.0,50.66725586469362,18.850226288022494,48.624864180478625,18.314797045225863,26.198442310029513,81.74768102999573,22.710615148282546,75.24927124544331
2021-05-23 17:00:00,20,5,25.0,25.0,25.0,88.71428571428571,51.44725791417682,18.850226288022494,48.018048888808856,18.314797045225863,31.209608287291207,81.74768102999573,31.709986361297986,75.24927124544331
2021-05-23 18:00:00,23,5,20.0,20.0,20.0,88.71428571428571,43.45947236826168,18.850226288022494,38.593352788353364,18.314797045225863,24.673274889200034,81.74768102999573,18.686232801979756,75.24927124544331
2021-05-23 19:00:00,25,5,23.0,20.0,20.0,87.57142857142857,50.75328611783413,18.850226288022494,49.88748453960588,18.314797045225863,22.938325849932877,81.74768102999573,21.03362756827753,75.24927124544331
2021-05-23 20:00:00,20,5,25.0,24.0,25.0,73.71428571428571,53.72058027229346,18.850226288022494,49.28239290201143,18.314797045225863,28.179978118523948,81.74768102999573,29.378779686086364,75.24927124544331
2021-05-23 21:00:00,21,5,20.0,21.0,24.0,70.71428571428571,44.968781039689695,18.850226288022494,39.915452243108966,18.314797045225863,30.63567039572806,81.74768102999573,26.580565127087517,75.24927124544331
2021-05-23 22:00:00,25,5,21.0,20.0,20.0,69.71428571428571,50.563998879124,18.850226288022494,46.24978250856479,18.314797045225863,27.532582915850686,81.74768102999573,23.921829326780408,75.24927124544331
2021-05-23 23:00:00,21,5,25.0,25.0,22.0,67.85714285714286,48.84528934795964,18.850226288022494,48.59800116757142,18.314797045225863,31.982639159836953,81.74768102999573,27.910361373282964,75.24927124544331
2021-05-24 00:00:00,21,5,21.0,21.0,25.0,47.142857142857146,35.42878829013725,18.850226288022494,37.80431442803063,18.314797045225863,69.0525476497376,81.74768102999573,50.215776267776334,75.24927124544331
2021-05-24 01:00:00,25,5,21.0,21.0,20.0,65.71428571428571,41.229036537554116,18.850226288022494,40.427419193073995,18.314797045225863,91.19661465871067,81.74768102999573,71.4529500955665,75.24927124544331
2021-05-24 02:00:00,21,5,25.0,25.0,20.0,67.71428571428571,45.83713553662867,18.850226288022494,46.40373856919611,18.314797045225863,92.26941602707628,81.74768102999573,86.27436263941736,75.24927124544331
2021-05-24 03:00:00,21,5,21.0,22.0,25.0,68.28571428571429,36.49731292262779,18.850226288022494,37.8665691820219,18.314797045225863,90.86628972807306,81.74768102999573,90.9678493908837,75.24927124544331
2021-05-24 04:00:00,25,5,21.0,21.0,20.0,65.42857142857143,39.47490814811458,18.850226288022494,39.6566307218823,18.314797045225863,92.3493034225243,81.74768102999573,89.91188999568192,75.24927124544331
2021-05-24 05:00:00,20,5,25.0,24.0,20.0,68.0,43.914226206755515,18.850226288022494,44.23216850217445,18.314797045225863,92.93228317986207,81.74768102999573,81.53327616045625,75.24927124544331
2021-05-24 06:00:00,20,5,20.0,25.0,24.0,71.0,37.77300549549408,18.850226288022494,38.94544540988917,18.314797045225863,87.20027692028859,81.74768102999573,90.36714715566903,75.24927124544331
2021-05-24 07:00:00,101,5,20.0,21.0,87.0,91.28571428571429,66.64149076325398,18.850226288022494,68.03891812262009,18.314797045225863,60.39081830853758,81.74768102999573,81.11995469462983,75.24927124544331
2021-05-24 08:00:00,172,5,101.0,21.0,192.0,110.28571428571429,193.93142912997192,18.850226288022494,191.85532395246332,18.314797045225863,167.10122675532006,81.74768102999573,180.38976227711953,75.24927124544331
2021-05-24 09:00:00,167,5,172.0,25.0,183.0,106.0,167.93770714544945,18.850226288022494,172.50029195242863,18.314797045225863,164.75509733847267,81.74768102999573,179.5472495628253,75.24927124544331
2021-05-24 10:00:00,165,5,167.0,20.0,180.0,106.28571428571429,161.5487900560458,18.850226288022494,161.13109569499036,18.314797045225863,163.62760744116918,81.74768102999573,166.34350590102827,75.24927124544331
2021-05-24 11:00:00,168,5,165.0,21.0,186.0,108.42857142857143,171.6588172612455,18.850226288022494,177.79901036477062,18.314797045225863,164.87609708434928,81.74768102999573,179.5972682235107,75.24927124544331
2021-05-24 12:00:00,123,5,168.0,25.0,129.0,82.28571428571429,126.96404129061335,18.850226288022494,125.86953329163218,18.314797045225863,116.90578636058943,81.74768102999573,132.626858418854,75.24927124544331
2021-05-24 13:00:00,160,5,123.0,21.0,173.0,108.42857142857143,161.6477587824906,18.850226288022494,163.04810342392614,18.314797045225863,163.1244507409486,81.74768102999573,174.7413446154017,75.24927124544331
2021-05-24 14:00:00,164,5,160.0,21.0,175.0,105.14285714285714,163.0805143928017,18.850226288022494,163.1966462120814,18.314797045225863,160.11896409744176,81.74768102999573,170.2885948557913,75.24927124544331
2021-05-24 15:00:00,165,5,164.0,23.0,168.0,101.85714285714286,162.0926787993805,18.850226288022494,160.3015924397093,18.314797045225863,151.75789651212122,81.74768102999573,165.26008314424053,75.24927124544331
2021-05-24 16:00:00,152,5,165.0,25.0,163.0,100.71428571428571,153.2858187825332,18.850226288022494,154.47950147631164,18.314797045225863,145.48650592277806,81.74768102999573,160.0618874484851,75.24927124544331
2021-05-24 17:00:00,163,5,152.0,20.0,158.0,88.0,152.80048450550728,18.850226288022494,155.44708922921373,18.314797045225863,133.12831952747376,81.74768102999573,153.92104957557152,75.24927124544331
2021-05-24 18:00:00,152,5,163.0,23.0,161.0,89.14285714285714,150.03577744644696,18.850226288022494,152.19274330579313,18.314797045225863,137.89480928428753,81.74768102999573,155.19320982794622,75.24927124544331
2021-05-24 19:00:00,146,5,152.0,25.0,140.0,88.28571428571429,129.13045913401288,18.850226288022494,129.0028790664881,18.314797045225863,115.83950836254684,81.74768102999573,131.52773677136162,75.24927124544331
2021-05-24 20:00:00,110,5,146.0,20.0,99.0,73.0,115.18184326028192,18.850226288022494,114.59085096678604,18.314797045225863,103.3963005296943,81.74768102999573,104.59268905569638,75.24927124544331
2021-05-24 21:00:00,109,5,110.0,21.0,96.0,70.28571428571429,105.00459251588933,18.850226288022494,104.5749806304241,18.314797045225863,100.67891707158984,81.74768102999573,115.43520013505045,75.24927124544331
2021-05-24 22:00:00,115,5,109.0,25.0,95.0,70.42857142857143,105.0631787232846,18.850226288022494,104.49291218711359,18.314797045225863,101.93346887870986,81.74768102999573,112.87314034576728,75.24927124544331
2021-05-24 23:00:00,112,5,115.0,21.0,93.0,67.71428571428571,100.53017630703344,18.850226288022494,101.06533841204968,18.314797045225863,101.77328240852628,81.74768102999573,73.53857161682603,75.24927124544331
2021-05-25 00:00:00,62,5,112.0,21.0,71.0,46.57142857142857,47.1816476674127,18.850226288022494,53.198651772881284,18.314797045225863,32.165964817141756,81.74768102999573,40.65830402999485,75.24927124544331
2021-05-25 01:00:00,106,5,62.0,25.0,97.0,66.42857142857143,100.83339180601097,18.850226288022494,101.62071901195796,18.314797045225863,83.86484436723603,81.74768102999573,69.98597534058365,75.24927124544331
2021-05-25 02:00:00,107,5,106.0,21.0,96.0,67.85714285714286,101.08708413014313,18.850226288022494,105.02628513043624,18.314797045225863,72.0654459539385,81.74768102999573,56.388013134072864,75.24927124544331
2021-05-25 03:00:00,104,5,107.0,21.0,96.0,67.71428571428571,99.81497076532436,18.850226288022494,97.90090504861979,18.314797045225863,71.95275263293259,81.74768102999573,51.82331655803279,75.24927124544331
2021-05-25 04:00:00,111,5,104.0,25.0,91.0,66.14285714285714,101.16852585441845,18.850226288022494,101.10909814063636,18.314797045225863,80.35077138245516,81.74768102999573,88.33241028302348,75.24927124544331
2021-05-25 05:00:00,110,5,111.0,20.0,105.0,68.0,106.8146910055311,18.850226288022494,103.0480357129657,18.314797045225863,74.17145114685682,81.74768102999573,89.38644284173053,75.24927124544331
2021-05-25 06:00:00,112,5,110.0,20.0,102.0,70.42857142857143,104.36781878629786,18.850226288022494,105.16429648334679,18.314797045225863,62.301323725205755,81.74768102999573,87.4727947119382,75.24927124544331
2021-05-25 07:00:00,140,5,112.0,101.0,134.0,93.28571428571429,126.13055298119933,18.850226288022494,131.1005149554262,18.314797045225863,105.83330604313345,81.74768102999573,133.29837831368098,75.24927124544331
2021-05-25 08:00:00,174,5,140.0,172.0,179.0,107.42857142857143,173.6604315633554,18.850226288022494,176.89948040848085,18.314797045225863,173.80838878010863,81.74768102999573,176.46934335973515,75.24927124544331
2021-05-25 09:00:00,163,5,174.0,167.0,175.0,103.71428571428571,160.7067829050968,18.850226288022494,163.65301705857001,18.314797045225863,166.8788722494851,81.74768102999573,164.80345364957537,75.24927124544331
2021-05-25 10:00:00,173,5,163.0,165.0,172.0,104.14285714285714,168.21713270636417,18.850226288022494,164.2490324493817,18.314797045225863,167.6400771449134,81.74768102999573,161.12470233922386,75.24927124544331
2021-05-25 11:00:00,165,5,173.0,168.0,172.0,105.85714285714286,165.8726582502802,18.850226288022494,168.12730130251913,18.314797045225863,168.1656089149422,81.74768102999573,166.6913171257761,75.24927124544331
2021-05-25 12:00:00,110,5,165.0,123.0,130.0,81.42857142857143,112.22030798768489,18.850226288022494,115.00271089854273,18.314797045225863,116.41493813281033,81.74768102999573,120.12188493751898,75.24927124544331
2021-05-25 13:00:00,158,5,110.0,160.0,182.0,106.57142857142857,154.36100266766366,18.850226288022494,158.17550628578252,18.314797045225863,162.15731784279424,81.74768102999573,162.03941690931237,75.24927124544331
2021-05-25 14:00:00,167,5,158.0,164.0,173.0,103.57142857142857,161.2103734092325,18.850226288022494,165.49922542484865,18.314797045225863,163.45640534623413,81.74768102999573,158.3162553391132,75.24927124544331
2021-05-25 15:00:00,161,5,167.0,165.0,179.0,101.42857142857143,156.78958078175302,18.850226288022494,156.01995161675165,18.314797045225863,158.50748785900106,81.74768102999573,160.32279017556488,75.24927124544331
2021-05-25 16:00:00,155,5,161.0,152.0,163.0,99.14285714285714,150.36801724911427,18.850226288022494,154.4610155916036,18.314797045225863,153.83715293955032,81.74768102999573,156.8031626516761,75.24927124544331
2021-05-25 17:00:00,134,5,155.0,163.0,142.0,88.71428571428571,138.22451500423728,18.850226288022494,140.62113693332643,18.314797045225863,144.59599584942262,81.74768102999573,144.31907853011134,75.24927124544331
2021-05-25 18:00:00,148,5,134.0,152.0,147.0,87.85714285714286,147.21372029628316,18.850226288022494,146.76429518018116,18.314797045225863,148.31102183870433,81.74768102999573,146.25598423739666,75.24927124544331
2021-05-25 19:00:00,139,5,148.0,146.0,154.0,89.14285714285714,135.91469470804446,18.850226288022494,132.12879327418375,18.314797045225863,147.0808673225139,81.74768102999573,150.11049413237077,75.24927124544331
2021-05-25 20:00:00,136,5,139.0,110.0,119.0,74.57142857142857,121.82857216647604,18.850226288022494,121.63484185556226,18.314797045225863,114.2684028933768,81.74768102999573,115.11154256208522,75.24927124544331
2021-05-25 21:00:00,124,5,136.0,109.0,114.0,72.14285714285714,116.60087260425081,18.850226288022494,114.59359997755872,18.314797045225863,115.07566452575287,81.74768102999573,109.93538838534063,75.24927124544331
2021-05-25 22:00:00,118,5,124.0,115.0,107.0,73.28571428571429,108.44053784985446,18.850226288022494,109.24463509393192,18.314797045225863,109.09678090084022,81.74768102999573,103.50370401633458,75.24927124544331
2021-05-25 23:00:00,117,5,118.0,112.0,104.0,70.42857142857143,109.80021832334008,18.850226288022494,109.34236159719183,18.314797045225863,109.25538171031937,81.74768102999573,102.97477700507542,75.24927124544331
2021-05-26 00:00:00,62,5,117.0,62.0,68.0,45.285714285714285,59.576386331974795,18.850226288022494,63.20572195479855,18.314797045225863,61.187330942020424,81.74768102999573,55.218530501398895,75.24927124544331
2021-05-26 01:00:00,104,5,62.0,106.0,95.0,67.71428571428571,104.489887507847,18.850226288022494,105.28179391001295,18.314797045225863,106.99801956203603,81.74768102999573,96.6927965205112,75.24927124544331
2021-05-26 02:00:00,105,5,104.0,107.0,100.0,69.42857142857143,104.9599100614284,18.850226288022494,105.84430207169063,18.314797045225863,114.46859470812566,81.74768102999573,106.30156701204972,75.24927124544331
2021-05-26 03:00:00,106,5,105.0,104.0,104.0,68.85714285714286,100.67509604492051,18.850226288022494,104.05582092150671,18.314797045225863,116.81947704076835,81.74768102999573,107.87108995351912,75.24927124544331
2021-05-26 04:00:00,104,5,106.0,111.0,101.0,69.0,103.1617004739674,18.850226288022494,102.18406853395398,18.314797045225863,119.04804879992211,81.74768102999573,108.62939410606202,75.24927124544331
2021-05-26 05:00:00,119,5,104.0,110.0,100.0,68.71428571428571,100.95234673299832,18.850226288022494,103.68929562712019,18.314797045225863,116.73368690200851,81.74768102999573,104.01261383277496,75.24927124544331
2021-05-26 06:00:00,103,5,119.0,112.0,108.0,71.85714285714286,110.70136071487153,18.850226288022494,112.3003621343649,18.314797045225863,110.24393684625352,81.74768102999573,107.47348493580851,75.24927124544331
2021-05-26 07:00:00,140,5,103.0,140.0,75.0,94.14285714285714,98.0083232814822,18.850226288022494,113.00296206933231,18.314797045225863,74.3454676484238,81.74768102999573,97.6431508495162,75.24927124544331
2021-05-26 08:00:00,165,5,140.0,174.0,23.0,106.71428571428571,117.40094087784905,18.850226288022494,121.32003064173888,18.314797045225863,77.07942578504297,81.74768102999573,125.77914040112393,75.24927124544331
2021-05-26 09:00:00,160,5,165.0,163.0,25.0,102.0,111.84531810232667,18.850226288022494,119.01840172490193,18.314797045225863,62.49154274485999,81.74768102999573,123.0517429555816,75.24927124544331
2021-05-26 10:00:00,164,5,160.0,173.0,21.0,104.28571428571429,171.07580768948125,18.850226288022494,167.5013782153355,18.314797045225863,67.31904972448038,81.74768102999573,119.7031573903954,75.24927124544331
2021-05-26 11:00:00,166,5,164.0,165.0,21.0,104.85714285714286,167.65078737843788,18.850226288022494,166.08616406701043,18.314797045225863,64.34903240523664,81.74768102999573,124.78460133369477,75.24927124544331
2021-05-26 12:00:00,118,5,166.0,110.0,25.0,78.57142857142857,120.54826013823622,18.850226288022494,113.84395320336948,18.314797045225863,57.30545281709059,81.74768102999573,78.33376850761411,75.24927124544331
2021-05-26 13:00:00,166,5,118.0,158.0,24.0,103.14285714285714,136.416128210103,18.850226288022494,145.47996833425347,18.314797045225863,65.39099238813682,81.74768102999573,111.30482233196011,75.24927124544331
2021-05-26 14:00:00,163,5,166.0,167.0,20.0,102.71428571428571,156.41714203223697,18.850226288022494,156.90875374474828,18.314797045225863,67.80883037263182,81.74768102999573,116.23324183494904,75.24927124544331
2021-05-26 15:00:00,160,5,163.0,161.0,20.0,98.85714285714286,146.1420565569663,18.850226288022494,147.41680141791244,18.314797045225863,55.82433255309817,81.74768102999573,116.4618407128964,75.24927124544331
2021-05-26 16:00:00,144,5,160.0,155.0,25.0,98.0,153.7895675147135,18.850226288022494,147.8430604213066,18.314797045225863,60.673194798071414,81.74768102999573,111.19394665423157,75.24927124544331
2021-05-26 17:00:00,148,5,144.0,134.0,21.0,87.57142857142857,140.42127792944916,18.850226288022494,137.86357213975523,18.314797045225863,52.92435085381651,81.74768102999573,97.83445048868799,75.24927124544331
2021-05-26 18:00:00,143,5,148.0,148.0,21.0,88.0,145.21174608147018,18.850226288022494,147.9807786422235,18.314797045225863,53.720850051166565,81.74768102999573,108.00137926847636,75.24927124544331
2021-05-26 19:00:00,137,5,143.0,139.0,25.0,87.0,129.65339283419667,18.850226288022494,129.93628874189824,18.314797045225863,55.38923689307282,81.74768102999573,98.17974925019801,75.24927124544331
2021-05-26 20:00:00,119,5,137.0,136.0,21.0,77.0,130.1079644282171,18.850226288022494,133.1554310039406,18.314797045225863,64.98442156044861,81.74768102999573,74.66136095181483,75.24927124544331
2021-05-26 21:00:00,107,5,119.0,124.0,24.0,73.57142857142857,115.23148237812674,18.850226288022494,114.39365705562359,18.314797045225863,66.08201467305032,81.74768102999573,92.65135897253555,75.24927124544331
2021-05-26 22:00:00,102,5,107.0,118.0,26.0,74.85714285714286,101.72781165781177,18.850226288022494,104.19600793903595,18.314797045225863,54.02389062576504,81.74768102999573,94.10377609090226,75.24927124544331
2021-05-26 23:00:00,107,5,102.0,117.0,22.0,72.28571428571429,105.84626499092091,18.850226288022494,103.80424876442852,18.314797045225863,60.64331074044127,81.74768102999573,54.87145919089839,75.24927124544331
2021-05-27 00:00:00,68,5,107.0,62.0,20.0,44.42857142857143,62.53025070056729,18.850226288022494,65.99933935244567,18.314797045225863,37.81559658809353,81.74768102999573,53.762999031917694,75.24927124544331
2021-05-27 01:00:00,102,5,68.0,104.0,22.0,69.0,105.83330923406801,18.850226288022494,103.93900818103457,18.314797045225863,49.441514840613905,81.74768102999573,65.90651553323035,75.24927124544331
2021-05-27 02:00:00,107,5,102.0,105.0,25.0,70.14285714285714,99.19747483167545,18.850226288022494,98.23170632712228,18.314797045225863,45.373621906271616,81.74768102999573,69.56095867825931,75.24927124544331
2021-05-27 03:00:00,102,5,107.0,106.0,20.0,69.14285714285714,104.76550741315236,18.850226288022494,101.6971574049218,18.314797045225863,50.309810745306585,81.74768102999573,70.27183770887848,75.24927124544331
2021-05-27 04:00:00,105,5,102.0,104.0,20.0,69.42857142857143,104.39289090539972,18.850226288022494,102.03823008917465,18.314797045225863,44.7829267576601,81.74768102999573,72.59189768878724,75.24927124544331
2021-05-27 05:00:00,101,5,105.0,119.0,25.0,71.42857142857143,99.63192434575959,18.850226288022494,98.67571756648,18.314797045225863,42.68568712006201,81.74768102999573,66.48035554568662,75.24927124544331
2021-05-27 06:00:00,105,5,101.0,103.0,21.0,71.14285714285714,101.93871959120307,18.850226288022494,104.30037059528502,18.314797045225863,46.303862120051825,81.74768102999573,75.94838354738698,75.24927124544331
2021-05-27 07:00:00,149,5,105.0,140.0,105.0,103.42857142857143,129.56021086469985,18.850226288022494,128.4001931529709,18.314797045225863,121.82019049397043,81.74768102999573,133.07620535640365,75.24927124544331
2021-05-27 08:00:00,176,5,149.0,165.0,176.0,127.0,171.9066284549914,18.850226288022494,170.77212618609934,18.314797045225863,167.6932560847987,81.74768102999573,167.5682493277865,75.24927124544331
2021-05-27 09:00:00,167,5,176.0,160.0,167.0,121.28571428571429,167.21777916140906,18.850226288022494,169.8120531707754,18.314797045225863,163.14280937723083,81.74768102999573,164.85692516213297,75.24927124544331
2021-05-27 10:00:00,165,5,167.0,164.0,169.0,124.71428571428571,168.1762979510957,18.850226288022494,164.472366535812,18.314797045225863,165.00852757901208,81.74768102999573,159.0293346689627,75.24927124544331
2021-05-27 11:00:00,168,5,165.0,166.0,178.0,125.57142857142857,168.3432739488983,18.850226288022494,168.76414902996717,18.314797045225863,166.36671912846847,81.74768102999573,167.9130895037762,75.24927124544331
2021-05-27 12:00:00,111,5,168.0,118.0,130.0,91.85714285714286,114.71600861522388,18.850226288022494,117.21561339169484,18.314797045225863,114.08848545956654,81.74768102999573,125.95381813435996,75.24927124544331
2021-05-27 13:00:00,165,5,111.0,166.0,181.0,123.42857142857143,161.79099233607693,18.850226288022494,160.77164351706597,18.314797045225863,161.44085332908264,81.74768102999573,163.6618586507471,75.24927124544331
2021-05-27 14:00:00,163,5,165.0,163.0,167.0,123.14285714285714,162.25719479749725,18.850226288022494,165.79057836869015,18.314797045225863,160.13484248753687,81.74768102999573,160.44079838896175,75.24927124544331
2021-05-27 15:00:00,152,5,163.0,160.0,161.0,118.85714285714286,158.23357401201352,18.850226288022494,157.53188807363753,18.314797045225863,158.11930006622458,81.74768102999573,153.4418910637505,75.24927124544331
2021-05-27 16:00:00,149,5,152.0,144.0,159.0,115.0,151.0500237474119,18.850226288022494,152.15744823234095,18.314797045225863,150.3649276829752,81.74768102999573,154.1578977069005,75.24927124544331
2021-05-27 17:00:00,142,5,149.0,148.0,110.0,105.71428571428571,136.2779655794195,18.850226288022494,136.04199320483826,18.314797045225863,137.246549441984,81.74768102999573,134.38397420774535,75.24927124544331
2021-05-27 18:00:00,140,5,142.0,143.0,112.0,105.42857142857143,138.06600410468246,18.850226288022494,135.51784506276735,18.314797045225863,125.67337662800168,81.74768102999573,130.0585407856151,75.24927124544331
2021-05-27 19:00:00,109,5,140.0,137.0,114.0,103.0,120.80991844746613,18.850226288022494,126.07306792772923,18.314797045225863,123.73729458270326,81.74768102999573,124.54529126977756,75.24927124544331
2021-05-27 20:00:00,127,5,109.0,119.0,117.0,91.0,123.38013219142215,18.850226288022494,123.26194601775533,18.314797045225863,111.20472417823842,81.74768102999573,116.0844109673291,75.24927124544331
2021-05-27 21:00:00,117,5,127.0,107.0,107.0,85.42857142857143,118.8225193607592,18.850226288022494,119.17414444878561,18.314797045225863,104.18033530142148,81.74768102999573,118.56324365848634,75.24927124544331
2021-05-27 22:00:00,109,5,117.0,102.0,111.0,85.71428571428571,113.51701209374816,18.850226288022494,112.21285693652301,18.314797045225863,107.42558032603297,81.74768102999573,118.1158831512291,75.24927124544331
2021-05-27 23:00:00,107,5,109.0,107.0,103.0,84.42857142857143,107.34846949880412,18.850226288022494,108.17297970108199,18.314797045225863,109.77198203436396,81.74768102999573,115.87465787575442,75.24927124544331
2021-05-28 00:00:00,63,5,107.0,68.0,64.0,51.285714285714285,66.31662103321548,18.850226288022494,64.59025943584295,18.314797045225863,61.711686603872664,81.74768102999573,58.11184424252356,75.24927124544331
2021-05-28 01:00:00,109,5,63.0,102.0,100.0,80.42857142857143,108.41596497163435,18.850226288022494,108.26316061431416,18.314797045225863,102.23173014437667,81.74768102999573,100.99604902716692,75.24927124544331
2021-05-28 02:00:00,103,5,109.0,107.0,108.0,81.85714285714286,106.82302253789312,18.850226288022494,105.22004923341542,18.314797045225863,105.67482993555534,81.74768102999573,105.94151338111323,75.24927124544331
2021-05-28 03:00:00,113,5,103.0,102.0,107.0,80.85714285714286,108.53624955229722,18.850226288022494,106.79745056177033,18.314797045225863,105.39189379979263,81.74768102999573,103.48171896116321,75.24927124544331
2021-05-28 04:00:00,109,5,113.0,105.0,100.0,81.57142857142857,110.26714290056242,18.850226288022494,109.00489076858345,18.314797045225863,105.18269857110073,81.74768102999573,104.33420746536142,75.24927124544331
2021-05-28 05:00:00,114,5,109.0,101.0,95.0,82.28571428571429,107.82216179946634,18.850226288022494,107.42159966673631,18.314797045225863,97.62678855777398,81.74768102999573,99.38472687968685,75.24927124544331
2021-05-28 06:00:00,114,5,114.0,105.0,105.0,83.14285714285714,115.19474155851472,18.850226288022494,114.5142845178131,18.314797045225863,108.68787092204518,81.74768102999573,109.50325829854425,75.24927124544331
2021-05-28 07:00:00,134,5,114.0,149.0,135.0,109.71428571428571,134.94915049431722,18.850226288022494,130.88692833917156,18.314797045225863,145.0232906551816,81.74768102999573,133.37227121917383,75.24927124544331
2021-05-28 08:00:00,175,5,134.0,176.0,160.0,127.0,174.71712406082435,18.850226288022494,168.90235005511542,18.314797045225863,167.63755442657757,81.74768102999573,166.09264543609734,75.24927124544331
2021-05-28 09:00:00,168,5,175.0,167.0,146.0,121.28571428571429,163.5717115027243,18.850226288022494,160.54535952594907,18.314797045225863,159.8135950092848,81.74768102999573,158.32243273373024,75.24927124544331
2021-05-28 10:00:00,166,5,168.0,165.0,157.0,124.14285714285714,167.00192025029662,18.850226288022494,167.00830836437987,18.314797045225863,163.02865373117268,81.74768102999573,162.53641572488615,75.24927124544331
2021-05-28 11:00:00,172,5,166.0,168.0,160.0,124.14285714285714,167.86333113349136,18.850226288022494,168.45481786106268,18.314797045225863,163.60387133850904,81.74768102999573,165.60976157517584,75.24927124544331
2021-05-28 12:00:00,118,5,172.0,111.0,116.0,89.14285714285714,119.19336888910361,18.850226288022494,119.45035835735806,18.314797045225863,115.32372076591446,81.74768102999573,112.8844718190815,75.24927124544331
2021-05-28 13:00:00,168,5,118.0,165.0,153.0,121.14285714285714,164.31616289280106,18.850226288022494,163.13484566518372,18.314797045225863,158.45437405548495,81.74768102999573,158.97899467026934,75.24927124544331
2021-05-28 14:00:00,152,5,168.0,163.0,158.0,122.57142857142857,155.66354168399226,18.850226288022494,157.9009797171473,18.314797045225863,159.00899253168785,81.74768102999573,161.05850627915774,75.24927124544331
2021-05-28 15:00:00,152,5,152.0,152.0,142.0,117.57142857142857,144.50307415890254,18.850226288022494,147.58590484085465,18.314797045225863,147.8318264952876,81.74768102999573,148.11148085007812,75.24927124544331
2021-05-28 16:00:00,145,5,152.0,149.0,147.0,113.57142857142857,145.69895031209114,18.850226288022494,143.78433958957677,18.314797045225863,141.40405080311658,81.74768102999573,136.35186567577585,75.24927124544331
2021-05-28 17:00:00,158,5,145.0,142.0,140.0,110.28571428571429,152.53345256393612,18.850226288022494,148.3730052208217,18.314797045225863,137.72494204485986,81.74768102999573,131.8915697891477,75.24927124544331
2021-05-28 18:00:00,157,5,158.0,140.0,140.0,109.42857142857143,144.23640245039954,18.850226288022494,146.73773173024387,18.314797045225863,138.5673519448972,81.74768102999573,135.42746125698133,75.24927124544331
2021-05-28 19:00:00,123,5,157.0,109.0,140.0,102.28571428571429,128.97206916559423,18.850226288022494,130.43351060016715,18.314797045225863,123.93308376642467,81.74768102999573,122.81182755137675,75.24927124544331
2021-05-28 20:00:00,112,5,123.0,127.0,111.0,92.42857142857143,117.78567476770431,18.850226288022494,114.18258794449531,18.314797045225863,119.08796762134611,81.74768102999573,111.67068744521924,75.24927124544331
2021-05-28 21:00:00,116,5,112.0,117.0,109.0,86.85714285714286,114.98017834927211,18.850226288022494,112.4766857868466,18.314797045225863,114.95958006431846,81.74768102999573,110.1089477746134,75.24927124544331
2021-05-28 22:00:00,111,5,116.0,109.0,109.0,85.42857142857143,110.18357188664606,18.850226288022494,111.93406066174283,18.314797045225863,106.97642119949444,81.74768102999573,108.14900247377084,75.24927124544331
2021-05-28 23:00:00,100,5,111.0,107.0,106.0,85.0,102.76639182713095,18.850226288022494,102.30288578060183,18.314797045225863,106.81689369642368,81.74768102999573,104.48828410059554,75.24927124544331
2021-05-29 00:00:00,67,5,100.0,63.0,61.0,51.142857142857146,58.86483788653425,18.850226288022494,62.68292865961635,18.314797045225863,56.50376068901207,81.74768102999573,57.48035219024699,75.24927124544331
2021-05-29 01:00:00,107,5,67.0,109.0,105.0,81.71428571428571,110.41349328403142,18.850226288022494,109.38466731843391,18.314797045225863,98.62153210213417,81.74768102999573,103.34733192792886,75.24927124544331
2021-05-29 02:00:00,103,5,107.0,103.0,100.0,81.14285714285714,107.08959690360419,18.850226288022494,105.42458317130037,18.314797045225863,94.15113245837847,81.74768102999573,100.5747593486095,75.24927124544331
2021-05-29 03:00:00,105,5,103.0,113.0,104.0,81.71428571428571,108.5371563503726,18.850226288022494,107.70220151268431,18.314797045225863,99.55575671103558,81.74768102999573,103.33617516422639,75.24927124544331
2021-05-29 04:00:00,106,5,105.0,109.0,105.0,82.85714285714286,105.99841212040593,18.850226288022494,105.45400315964068,18.314797045225863,100.01394108086808,81.74768102999573,101.75478807351796,75.24927124544331
2021-05-29 05:00:00,101,5,106.0,114.0,107.0,85.0,110.28933845979279,18.850226288022494,107.91487841563936,18.314797045225863,95.09683894731612,81.74768102999573,103.59872233818643,75.24927124544331
2021-05-29 06:00:00,105,5,101.0,114.0,112.0,84.42857142857143,109.6312753346082,18.850226288022494,109.11342083580773,18.314797045225863,98.39312536592386,81.74768102999573,105.21302079849193,75.24927124544331
2021-05-29 07:00:00,84,5,105.0,134.0,82.0,109.57142857142857,93.4887632795213,18.850226288022494,95.09667130263011,18.314797045225863,81.3268176988374,81.74768102999573,85.21766921530114,75.24927124544331
2021-05-29 08:00:00,26,5,84.0,175.0,21.0,129.14285714285714,36.37548074319349,18.850226288022494,42.93061924019019,18.314797045225863,23.692715945306634,81.74768102999573,23.871289487754666,75.24927124544331
2021-05-29 09:00:00,21,5,26.0,168.0,21.0,124.42857142857143,22.6321351976586,18.850226288022494,18.631429316168546,18.314797045225863,19.59416711711726,81.74768102999573,23.631034117225088,75.24927124544331
2021-05-29 10:00:00,21,5,21.0,166.0,25.0,125.42857142857143,24.224723353060032,18.850226288022494,25.167855975219453,18.314797045225863,22.038552721795508,81.74768102999573,22.34039040539611,75.24927124544331
2021-05-29 11:00:00,26,5,21.0,172.0,21.0,125.85714285714286,22.383395201157498,18.850226288022494,23.59837600459986,18.314797045225863,18.621946420072128,81.74768102999573,22.052609352683856,75.24927124544331
2021-05-29 12:00:00,21,5,26.0,118.0,21.0,89.42857142857143,20.61911785291551,18.850226288022494,21.00433110396449,18.314797045225863,13.408062568619483,81.74768102999573,20.61560802356633,75.24927124544331
2021-05-29 13:00:00,21,5,21.0,168.0,25.0,123.28571428571429,20.225876107492837,18.850226288022494,20.139992027501044,18.314797045225863,20.544815347515208,81.74768102999573,23.36179875008418,75.24927124544331
2021-05-29 14:00:00,26,5,21.0,152.0,22.0,121.71428571428571,25.06566351965128,18.850226288022494,25.64795798070688,18.314797045225863,19.302365284197293,81.74768102999573,13.133051737404365,75.24927124544331
2021-05-29 15:00:00,23,5,26.0,152.0,20.0,119.0,21.560632688120933,18.850226288022494,21.32272085086594,18.314797045225863,19.596977206540714,81.74768102999573,16.81252441966729,75.24927124544331
2021-05-29 16:00:00,21,5,23.0,145.0,23.0,113.28571428571429,19.930168011906108,18.850226288022494,21.180989189368752,18.314797045225863,19.07496101457542,81.74768102999573,20.97049152368056,75.24927124544331
2021-05-29 17:00:00,24,5,21.0,158.0,25.0,112.85714285714286,23.211427949806623,18.850226288022494,24.765698978534903,18.314797045225863,17.785942038005736,81.74768102999573,23.622522305989094,75.24927124544331
2021-05-29 18:00:00,26,5,24.0,157.0,20.0,111.85714285714286,24.950477147879756,18.850226288022494,23.653169969143363,18.314797045225863,18.809610767131854,81.74768102999573,24.402682041436666,75.24927124544331
2021-05-29 19:00:00,21,5,26.0,123.0,20.0,99.85714285714286,20.5437507194119,18.850226288022494,21.060866233042727,18.314797045225863,18.5912310442735,81.74768102999573,23.537496507313342,75.24927124544331
2021-05-29 20:00:00,21,5,21.0,112.0,24.0,92.57142857142857,22.00183842421993,18.850226288022494,22.563199189371854,18.314797045225863,18.65883729843769,81.74768102999573,22.315093168779093,75.24927124544331
2021-05-29 21:00:00,26,5,21.0,116.0,21.0,87.85714285714286,24.197707245156632,18.850226288022494,24.95983187529688,18.314797045225863,17.266760162412105,81.74768102999573,24.39066435890341,75.24927124544331
2021-05-29 22:00:00,22,5,26.0,111.0,20.0,85.71428571428571,20.27945497247229,18.850226288022494,20.7601334406867,18.314797045225863,16.42545250358802,81.74768102999573,22.14940150367422,75.24927124544331
2021-05-29 23:00:00,21,5,22.0,100.0,25.0,84.14285714285714,21.483873378917224,18.850226288022494,20.983294270961117,18.314797045225863,22.594496735581092,81.74768102999573,24.151211696029176,75.24927124544331
2021-05-30 00:00:00,26,5,21.0,67.0,21.0,52.0,24.892350646300514,18.850226288022494,26.097448520419324,18.314797045225863,25.90768024226543,81.74768102999573,32.60140069798006,75.24927124544331
2021-05-30 01:00:00,22,5,26.0,107.0,21.0,82.0,20.494353613408023,18.850226288022494,20.2458570162797,18.314797045225863,23.413496430014675,81.74768102999573,29.84283807035201,75.24927124544331
2021-05-30 02:00:00,22,5,22.0,103.0,25.0,81.57142857142857,21.040851956017914,18.850226288022494,21.026932308012984,18.314797045225863,25.701410616238423,81.74768102999573,36.093252590229696,75.24927124544331
2021-05-30 03:00:00,24,5,22.0,105.0,22.0,81.85714285714286,22.32666176854926,18.850226288022494,22.604480457218635,18.314797045225863,25.38188178794886,81.74768102999573,33.243992127386186,75.24927124544331
2021-05-30 04:00:00,26,5,24.0,106.0,21.0,83.0,22.20679010976065,18.850226288022494,22.721770934192584,18.314797045225863,26.580361579121504,81.74768102999573,29.16971281714092,75.24927124544331
2021-05-30 05:00:00,22,5,26.0,101.0,24.0,84.14285714285714,19.685341656998585,18.850226288022494,20.067356953198193,18.314797045225863,23.403536044703348,81.74768102999573,27.24675470394249,75.24927124544331
2021-05-30 06:00:00,22,5,22.0,105.0,25.0,83.42857142857143,21.219938856661503,18.850226288022494,21.348858353289682,18.314797045225863,29.06755634004821,81.74768102999573,34.68888482577551,75.24927124544331
2021-05-30 07:00:00,26,5,22.0,84.0,21.0,109.85714285714286,28.955368577661194,18.850226288022494,26.265001434552648,18.314797045225863,53.154985216822105,81.74768102999573,53.3754594278311,75.24927124544331
2021-05-30 08:00:00,21,5,26.0,26.0,21.0,129.85714285714286,23.100214567117884,18.850226288022494,22.704702916116105,18.314797045225863,88.16817626595976,81.74768102999573,81.26107218123998,75.24927124544331
2021-05-30 09:00:00,21,5,21.0,21.0,25.0,124.42857142857143,20.89994679366412,18.850226288022494,19.580941981390083,18.314797045225863,85.3031760040298,81.74768102999573,73.74343677272714,75.24927124544331
2021-05-30 10:00:00,26,5,21.0,21.0,20.0,124.85714285714286,23.24918279652318,18.850226288022494,21.555837468377387,18.314797045225863,83.54623131295357,81.74768102999573,77.88131785835891,75.24927124544331
2021-05-30 11:00:00,25,5,26.0,26.0,21.0,126.57142857142857,20.68142748083369,18.850226288022494,18.382463058032645,18.314797045225863,84.15770962936107,81.74768102999573,79.02519612288495,75.24927124544331
2021-05-30 12:00:00,21,5,25.0,21.0,25.0,89.42857142857143,20.77300943068326,18.850226288022494,19.949877035550795,18.314797045225863,78.94459420561093,81.74768102999573,69.1254461308033,75.24927124544331
2021-05-30 13:00:00,21,5,21.0,21.0,21.0,122.71428571428571,21.657198149554816,18.850226288022494,20.882970333051542,18.314797045225863,85.10050530333618,81.74768102999573,75.73449302000859,75.24927124544331
2021-05-30 14:00:00,25,5,21.0,26.0,21.0,122.28571428571429,21.911155842243357,18.850226288022494,20.57954867569884,18.314797045225863,84.53524369325511,81.74768102999573,79.00800355006838,75.24927124544331
2021-05-30 15:00:00,21,5,25.0,23.0,23.0,119.42857142857143,19.52566292517279,18.850226288022494,19.87050322850209,18.314797045225863,86.40968424699668,81.74768102999573,80.89795517223551,75.24927124544331
2021-05-30 16:00:00,21,5,21.0,21.0,25.0,113.0,20.829659295677548,18.850226288022494,20.358290321647534,18.314797045225863,87.96309054960565,81.74768102999573,81.92576948074978,75.24927124544331
2021-05-30 17:00:00,26,5,21.0,24.0,20.0,112.71428571428571,23.494080592260126,18.850226288022494,22.75807482341713,18.314797045225863,86.20312926136641,81.74768102999573,86.53539593888526,75.24927124544331
2021-05-30 18:00:00,21,5,26.0,26.0,23.0,112.71428571428571,18.93098842743482,18.850226288022494,19.62906082301915,18.314797045225863,84.85401653877044,81.74768102999573,86.78399769335306,75.24927124544331
2021-05-30 19:00:00,21,5,21.0,21.0,25.0,100.0,20.432678770477114,18.850226288022494,20.236474109987345,18.314797045225863,85.9473527939367,81.74768102999573,77.96428056403458,75.24927124544331
2021-05-30 20:00:00,26,5,21.0,21.0,20.0,92.14285714285714,23.492784589711356,18.850226288022494,24.066184967513635,18.314797045225863,73.91702943016814,81.74768102999573,71.57466084034738,75.24927124544331
2021-05-30 21:00:00,22,5,26.0,26.0,21.0,88.57142857142857,19.85247909249463,18.850226288022494,21.541276026569147,18.314797045225863,74.71675891881297,81.74768102999573,69.7870369469256,75.24927124544331
2021-05-30 22:00:00,21,5,22.0,22.0,25.0,86.0,20.18230707996404,18.850226288022494,20.111495232456264,18.314797045225863,81.04269619269047,81.74768102999573,66.74992500025002,75.24927124544331
2021-05-30 23:00:00,26,5,21.0,21.0,21.0,83.57142857142857,24.374297675201287,18.850226288022494,23.069223298442754,18.314797045225863,73.16280734249585,81.74768102999573,66.33283674088561,75.24927124544331
2021-05-31 00:00:00,21,5,26.0,26.0,21.0,52.714285714285715,27.300439032138367,18.850226288022494,33.444974870107096,18.314797045225863,45.18358489555922,81.74768102999573,63.32868657839737,75.24927124544331
2021-05-31 01:00:00,21,5,21.0,22.0,25.0,82.14285714285714,21.93252709539008,18.850226288022494,25.00139004591884,18.314797045225863,40.66970119768355,81.74768102999573,64.78636240386113,75.24927124544331
2021-05-31 02:00:00,22,5,21.0,22.0,21.0,81.14285714285714,23.366231551834055,18.850226288022494,25.02546924524985,18.314797045225863,42.24932634434614,81.74768102999573,64.14025299573372,75.24927124544331
2021-05-31 03:00:00,26,5,22.0,24.0,21.0,82.14285714285714,25.50905819829419,18.850226288022494,27.302602602936208,18.314797045225863,45.19390005650857,81.74768102999573,64.07802899152865,75.24927124544331
2021-05-31 04:00:00,21,5,26.0,26.0,25.0,83.71428571428571,19.67211363091053,18.850226288022494,25.28692940877006,18.314797045225863,45.004962584044975,81.74768102999573,64.08710705967576,75.24927124544331
2021-05-31 05:00:00,21,5,21.0,22.0,20.0,83.85714285714286,20.840130314692445,18.850226288022494,22.42070571245081,18.314797045225863,43.476786056619204,81.74768102999573,66.00426119735495,75.24927124544331
2021-05-31 06:00:00,26,5,21.0,22.0,20.0,83.0,24.435409439977033,18.850226288022494,26.987792422175172,18.314797045225863,45.524009726746264,81.74768102999573,66.64269812736086,75.24927124544331
2021-05-31 07:00:00,83,5,26.0,26.0,101.0,110.57142857142857,67.83619601467606,18.850226288022494,69.41938571364868,18.314797045225863,117.25226156164396,81.74768102999573,131.20258712182888,75.24927124544331
2021-05-31 08:00:00,171,5,83.0,21.0,172.0,129.85714285714286,169.50232283962697,18.850226288022494,184.48027060332686,18.314797045225863,188.71239098202497,81.74768102999573,186.22202737995454,75.24927124544331
2021-05-31 09:00:00,171,5,171.0,21.0,167.0,123.85714285714286,191.06764390319915,18.850226288022494,192.43606160996575,18.314797045225863,183.99950005154048,81.74768102999573,181.37970126961793,75.24927124544331
2021-05-31 10:00:00,172,5,171.0,26.0,165.0,125.71428571428571,173.90126135907414,18.850226288022494,176.2358043811991,18.314797045225863,178.92498709944226,81.74768102999573,174.70246632502753,75.24927124544331
2021-05-31 11:00:00,170,5,172.0,25.0,168.0,127.14285714285714,168.01104131859725,18.850226288022494,168.34607996698924,18.314797045225863,181.74845979310294,81.74768102999573,175.2292962179497,75.24927124544331
2021-05-31 12:00:00,119,5,170.0,21.0,123.0,88.85714285714286,132.0342398752571,18.850226288022494,132.7993640485714,18.314797045225863,132.40036822103585,81.74768102999573,124.27886510771528,75.24927124544331
2021-05-31 13:00:00,164,5,119.0,21.0,160.0,122.71428571428571,172.4522551888719,18.850226288022494,171.56892037288586,18.314797045225863,177.58822292536982,81.74768102999573,173.69171138798006,75.24927124544331
2021-05-31 14:00:00,161,5,164.0,25.0,164.0,122.85714285714286,164.8583949090441,18.850226288022494,168.65154486491065,18.314797045225863,172.58311770246263,81.74768102999573,172.12942709506527,75.24927124544331
2021-05-31 15:00:00,154,5,161.0,21.0,165.0,119.14285714285714,162.85699232719685,18.850226288022494,160.9373845748223,18.314797045225863,173.36845251909116,81.74768102999573,167.76947927251948,75.24927124544331
2021-05-31 16:00:00,150,5,154.0,21.0,152.0,112.42857142857143,157.5968284115219,18.850226288022494,154.12893417167234,18.314797045225863,158.22243652816496,81.74768102999573,157.1048757880183,75.24927124544331
2021-05-31 17:00:00,162,5,150.0,26.0,163.0,113.57142857142857,151.82923098033385,18.850226288022494,150.61054605456746,18.314797045225863,159.516569352159,81.74768102999573,158.31653968815243,75.24927124544331
2021-05-31 18:00:00,168,5,162.0,21.0,152.0,112.42857142857143,143.94680570404284,18.850226288022494,148.99189734350853,18.314797045225863,154.3534424329735,81.74768102999573,158.69455609128067,75.24927124544331
2021-05-31 19:00:00,158,5,168.0,21.0,146.0,99.42857142857143,142.96023043943535,18.850226288022494,140.36262183911737,18.314797045225863,149.26772174934234,81.74768102999573,146.3186478182464,75.24927124544331
2021-05-31 20:00:00,118,5,158.0,26.0,110.0,93.0,122.53385943193948,18.850226288022494,121.34005785836467,18.314797045225863,125.04078851441183,81.74768102999573,123.40879518535222,75.24927124544331
2021-05-31 21:00:00,121,5,118.0,22.0,109.0,88.71428571428571,116.7652179149246,18.850226288022494,119.99356466588772,18.314797045225863,126.89850452146021,81.74768102999573,120.8420756326044,75.24927124544331
2021-05-31 22:00:00,107,5,121.0,21.0,115.0,85.42857142857143,114.56796330828,18.850226288022494,116.90306378409954,18.314797045225863,122.9911149768257,81.74768102999573,113.47497490678461,75.24927124544331
2021-05-31 23:00:00,110,5,107.0,26.0,112.0,84.28571428571429,109.14547344142413,18.850226288022494,110.18775399230606,18.314797045225863,123.85338494878825,81.74768102999573,118.28502057888896,75.24927124544331
2021-06-01 00:00:00,62,6,110.0,21.0,62.0,52.714285714285715,59.6590100406615,24.28344449401999,63.09210188785562,21.669363636132893,63.23974325216328,83.05029737005341,62.28267841689218,55.607638927020574
2021-06-01 01:00:00,106,6,62.0,21.0,106.0,81.57142857142857,106.18385495573166,24.28344449401999,104.16593182690534,21.669363636132893,85.49205191172294,83.05029737005341,101.51174772661984,55.607638927020574
2021-06-01 02:00:00,107,6,106.0,22.0,107.0,81.28571428571429,108.55246618254327,24.28344449401999,106.23742424183034,21.669363636132893,87.80456784067245,83.05029737005341,108.51058142941436,55.607638927020574
2021-06-01 03:00:00,107,6,107.0,26.0,104.0,82.85714285714286,107.8285629983014,24.28344449401999,105.37840856674502,21.669363636132893,89.13142442083564,83.05029737005341,106.34260764834598,55.607638927020574
2021-06-01 04:00:00,107,6,107.0,21.0,111.0,83.14285714285714,108.04917511634373,24.28344449401999,105.92762279095523,21.669363636132893,88.21762146757938,83.05029737005341,106.51209242358112,55.607638927020574
2021-06-01 05:00:00,103,6,107.0,21.0,110.0,84.0,106.04114928570826,24.28344449401999,104.16184906901314,21.669363636132893,87.76158159937127,83.05029737005341,102.51383177060846,55.607638927020574
2021-06-01 06:00:00,116,6,103.0,26.0,112.0,83.85714285714286,109.652940140512,24.28344449401999,110.29151629958216,21.669363636132893,91.60906697522503,83.05029737005341,109.91765010862464,55.607638927020574
2021-06-01 07:00:00,139,6,116.0,83.0,140.0,108.0,136.3785060059946,24.28344449401999,137.80049186108852,21.669363636132893,134.05986685482083,83.05029737005341,136.0053220105455,55.607638927020574
2021-06-01 08:00:00,195,6,139.0,171.0,174.0,129.71428571428572,176.8909389379106,24.28344449401999,174.43127033645237,21.669363636132893,172.58557177148325,83.05029737005341,174.58130090657818,55.607638927020574
2021-06-01 09:00:00,182,6,195.0,171.0,163.0,124.42857142857143,180.4975454790701,24.28344449401999,179.18060205696025,21.669363636132893,167.44665923341506,83.05029737005341,170.06340353787826,55.607638927020574
2021-06-01 10:00:00,187,6,182.0,172.0,173.0,126.71428571428571,181.8575383613913,24.28344449401999,182.01058684257538,21.669363636132893,168.70099369437764,83.05029737005341,167.79822042202449,55.607638927020574
2021-06-01 11:00:00,184,6,187.0,170.0,165.0,127.42857142857143,182.00579788523171,24.28344449401999,182.006830406076,21.669363636132893,169.16863762334071,83.05029737005341,165.66125909955346,55.607638927020574
2021-06-01 12:00:00,121,6,184.0,119.0,110.0,88.28571428571429,122.24338014651951,24.28344449401999,124.55558628050673,21.669363636132893,118.14059226431401,83.05029737005341,117.16059367042037,55.607638927020574
2021-06-01 13:00:00,177,6,121.0,164.0,158.0,123.28571428571429,179.29300500772612,24.28344449401999,177.68136971211138,21.669363636132893,165.71487959768137,83.05029737005341,167.25115405556954,55.607638927020574
2021-06-01 14:00:00,167,6,177.0,161.0,167.0,122.42857142857143,174.74749281110755,24.28344449401999,177.4749246871777,21.669363636132893,161.46950295400754,83.05029737005341,165.49059118350564,55.607638927020574
2021-06-01 15:00:00,162,6,167.0,154.0,161.0,117.57142857142857,169.3057812079494,24.28344449401999,170.1971669807128,21.669363636132893,157.6996645888814,83.05029737005341,162.47368107257907,55.607638927020574
2021-06-01 16:00:00,169,6,162.0,150.0,155.0,112.14285714285714,160.98487313008485,24.28344449401999,159.68015267128632,21.669363636132893,154.7623735308795,83.05029737005341,156.83591800931873,55.607638927020574
2021-06-01 17:00:00,155,6,169.0,162.0,134.0,113.42857142857143,145.76413004077017,24.28344449401999,147.67306410862176,21.669363636132893,139.96051853504022,83.05029737005341,143.13946521376374,55.607638927020574
2021-06-01 18:00:00,161,6,155.0,168.0,148.0,114.71428571428571,153.77978120689588,24.28344449401999,152.2312741125701,21.669363636132893,148.6889383048257,83.05029737005341,148.47053225272157,55.607638927020574
2021-06-01 19:00:00,158,6,161.0,158.0,139.0,101.14285714285714,149.2173953013057,24.28344449401999,149.26839317986492,21.669363636132893,129.0315503944777,83.05029737005341,137.31220297589806,55.607638927020574
2021-06-01 20:00:00,124,6,158.0,118.0,136.0,94.14285714285714,122.29164915726105,24.28344449401999,122.99137532040535,21.669363636132893,126.26103561186798,83.05029737005341,127.03794107914791,55.607638927020574
2021-06-01 21:00:00,128,6,124.0,121.0,124.0,90.42857142857143,125.47574364513055,24.28344449401999,125.39994644627659,21.669363636132893,117.11404743208502,83.05029737005341,121.418997508026,55.607638927020574
2021-06-01 22:00:00,113,6,128.0,107.0,118.0,84.28571428571429,115.06966089316587,24.28344449401999,115.87788962827068,21.669363636132893,114.16753110986936,83.05029737005341,114.4557233023579,55.607638927020574
2021-06-01 23:00:00,110,6,113.0,110.0,117.0,84.0,111.37937300602522,24.28344449401999,112.00539491018552,21.669363636132893,112.70933188935214,83.05029737005341,114.02733906440602,55.607638927020574
2021-06-02 00:00:00,63,6,110.0,62.0,62.0,52.714285714285715,66.98563849489736,24.28344449401999,65.5281506857749,21.669363636132893,68.34735610057211,83.05029737005341,68.10314611569811,55.607638927020574
2021-06-02 01:00:00,111,6,63.0,106.0,104.0,81.57142857142857,111.84652622440173,24.28344449401999,110.25308537383296,21.669363636132893,109.61528446831949,83.05029737005341,113.5142042738528,55.607638927020574
2021-06-02 02:00:00,113,6,111.0,107.0,105.0,81.28571428571429,111.76749882727569,24.28344449401999,109.65594708690445,21.669363636132893,109.86532077313586,83.05029737005341,113.36576155337127,55.607638927020574
2021-06-02 03:00:00,110,6,113.0,107.0,106.0,83.28571428571429,109.93859838386989,24.28344449401999,108.82928863521121,21.669363636132893,108.60730921762307,83.05029737005341,110.5426691167836,55.607638927020574
2021-06-02 04:00:00,107,6,110.0,107.0,104.0,82.57142857142857,110.16313652547618,24.28344449401999,110.37868622056943,21.669363636132893,109.31029662883024,83.05029737005341,112.8168767201692,55.607638927020574
2021-06-02 05:00:00,106,6,107.0,103.0,119.0,83.0,106.44366513750322,24.28344449401999,107.27915176815821,21.669363636132893,105.21406242701711,83.05029737005341,71.55988176643562,55.607638927020574
2021-06-02 06:00:00,116,6,106.0,116.0,103.0,84.42857142857143,112.64813963932288,24.28344449401999,112.28804807380365,21.669363636132893,110.4221388895112,83.05029737005341,109.60222454338319,55.607638927020574
2021-06-02 07:00:00,151,6,116.0,139.0,140.0,107.85714285714286,138.69075444247986,24.28344449401999,140.19948428897976,21.669363636132893,111.21170536318276,83.05029737005341,135.46379323597674,55.607638927020574
2021-06-02 08:00:00,177,6,151.0,195.0,165.0,132.71428571428572,175.7686982327397,24.28344449401999,175.81141439312034,21.669363636132893,111.20183283580798,83.05029737005341,172.25945951396972,55.607638927020574
2021-06-02 09:00:00,180,6,177.0,182.0,160.0,127.14285714285714,173.7114919684165,24.28344449401999,172.05667835375195,21.669363636132893,106.21058189746508,83.05029737005341,170.45780780441277,55.607638927020574
2021-06-02 10:00:00,191,6,180.0,187.0,164.0,128.71428571428572,182.3605929186657,24.28344449401999,179.10406120219082,21.669363636132893,108.88181385555956,83.05029737005341,167.34699630448486,55.607638927020574
2021-06-02 11:00:00,185,6,191.0,184.0,166.0,130.14285714285714,181.61657281546812,24.28344449401999,178.86889249608475,21.669363636132893,104.85908417022374,83.05029737005341,166.17056724432013,55.607638927020574
2021-06-02 12:00:00,131,6,185.0,121.0,118.0,89.85714285714286,124.70665255569318,24.28344449401999,124.38478528922151,21.669363636132893,93.42602093664091,83.05029737005341,117.4632670072776,55.607638927020574
2021-06-02 13:00:00,189,6,131.0,177.0,166.0,126.0,185.62754115281575,24.28344449401999,182.26125124954143,21.669363636132893,100.0833811336874,83.05029737005341,161.51037929927074,55.607638927020574
2021-06-02 14:00:00,180,6,189.0,167.0,163.0,122.42857142857143,178.7850618762172,24.28344449401999,177.83289210891857,21.669363636132893,96.97642607004967,83.05029737005341,161.77008244920214,55.607638927020574
2021-06-02 15:00:00,166,6,180.0,162.0,160.0,117.71428571428571,172.6582476380353,24.28344449401999,170.31433220829706,21.669363636132893,97.70318346546354,83.05029737005341,156.20795358089677,55.607638927020574
2021-06-02 16:00:00,172,6,166.0,169.0,144.0,114.14285714285714,164.8674974780936,24.28344449401999,163.44237384355486,21.669363636132893,93.79021341994407,83.05029737005341,148.53491069619807,55.607638927020574
2021-06-02 17:00:00,158,6,172.0,155.0,148.0,116.42857142857143,154.37506228745343,24.28344449401999,152.77091709696472,21.669363636132893,87.88290017443101,83.05029737005341,143.4139894701544,55.607638927020574
2021-06-02 18:00:00,154,6,158.0,161.0,143.0,116.57142857142857,151.949938224445,24.28344449401999,151.12197091617995,21.669363636132893,88.10553434133261,83.05029737005341,141.95756769252637,55.607638927020574
2021-06-02 19:00:00,142,6,154.0,158.0,137.0,103.85714285714286,141.40693257451062,24.28344449401999,143.68451165309946,21.669363636132893,98.86493506004287,83.05029737005341,134.96815943342278,55.607638927020574
2021-06-02 20:00:00,118,6,142.0,124.0,119.0,92.42857142857143,119.26668518531854,24.28344449401999,120.50466107846788,21.669363636132893,80.91893342115961,83.05029737005341,61.39946067753422,55.607638927020574
2021-06-02 21:00:00,114,6,118.0,128.0,107.0,91.0,114.947039898474,24.28344449401999,114.93661073007914,21.669363636132893,78.38676821673799,83.05029737005341,108.66377408377315,55.607638927020574
2021-06-02 22:00:00,106,6,114.0,113.0,102.0,83.57142857142857,108.75895411398099,24.28344449401999,108.87105601468787,21.669363636132893,84.88291059125469,83.05029737005341,104.48986413648323,55.607638927020574
2021-06-02 23:00:00,109,6,106.0,110.0,107.0,83.0,110.32916954012077,24.28344449401999,108.71496958718353,21.669363636132893,78.75813503743976,83.05029737005341,110.05352545314324,55.607638927020574
2021-06-03 00:00:00,69,6,109.0,63.0,68.0,52.857142857142854,71.0083788552691,24.28344449401999,59.75769034600674,21.669363636132893,67.8749153565595,83.05029737005341,71.98969569095928,55.607638927020574
2021-06-03 01:00:00,115,6,69.0,111.0,102.0,82.57142857142857,112.0212945819457,24.28344449401999,110.87097829378911,21.669363636132893,113.71970841679814,83.05029737005341,110.38180843174163,55.607638927020574
2021-06-03 02:00:00,115,6,115.0,113.0,107.0,82.42857142857143,114.96554337210976,24.28344449401999,112.9957473630173,21.669363636132893,112.49782920816125,83.05029737005341,112.82570008100481,55.607638927020574
2021-06-03 03:00:00,110,6,115.0,110.0,102.0,83.85714285714286,110.56188723818126,24.28344449401999,109.39093821209451,21.669363636132893,112.70310896920479,83.05029737005341,111.25092976443213,55.607638927020574
2021-06-03 04:00:00,109,6,110.0,107.0,105.0,83.0,110.03290695739987,24.28344449401999,111.75671259525397,21.669363636132893,110.8162970098372,83.05029737005341,110.70527408286564,55.607638927020574
2021-06-03 05:00:00,107,6,109.0,106.0,101.0,81.14285714285714,105.45848409774935,24.28344449401999,106.08580787432528,21.669363636132893,111.28784260633536,83.05029737005341,105.96748989022389,55.607638927020574
2021-06-03 06:00:00,118,6,107.0,116.0,105.0,86.28571428571429,111.82368659213495,24.28344449401999,111.69351440521652,21.669363636132893,111.0909851069686,83.05029737005341,111.94038391216961,55.607638927020574
2021-06-03 07:00:00,149,6,118.0,151.0,149.0,109.42857142857143,145.66950339789932,24.28344449401999,144.10813367207777,21.669363636132893,105.11501875024726,83.05029737005341,137.7699833049802,55.607638927020574
2021-06-03 08:00:00,181,6,149.0,177.0,176.0,134.42857142857142,182.63133359718717,24.28344449401999,180.1824742364882,21.669363636132893,106.38064317658123,83.05029737005341,163.45988437289637,55.607638927020574
2021-06-03 09:00:00,171,6,181.0,180.0,167.0,130.0,172.8348621484591,24.28344449401999,171.66361688221272,21.669363636132893,102.44380348792185,83.05029737005341,168.75882841651276,55.607638927020574
2021-06-03 10:00:00,170,6,171.0,191.0,165.0,132.57142857142858,169.77723689063544,24.28344449401999,167.4840104922585,21.669363636132893,111.73234827477097,83.05029737005341,162.11192055966464,55.607638927020574
2021-06-03 11:00:00,172,6,170.0,185.0,168.0,132.85714285714286,169.97145560292802,24.28344449401999,169.14720530866276,21.669363636132893,107.55869689480193,83.05029737005341,167.3912312793848,55.607638927020574
2021-06-03 12:00:00,121,6,172.0,131.0,111.0,91.71428571428571,119.04327455853269,24.28344449401999,118.77326894099944,21.669363636132893,99.30025718096839,83.05029737005341,116.98620983524522,55.607638927020574
2021-06-03 13:00:00,165,6,121.0,189.0,165.0,129.28571428571428,172.6628571716823,24.28344449401999,169.02053716693544,21.669363636132893,108.16853522862823,83.05029737005341,166.33953013650188,55.607638927020574
2021-06-03 14:00:00,163,6,165.0,180.0,163.0,124.85714285714286,162.5714367668601,24.28344449401999,163.177923370342,21.669363636132893,102.60706637086555,83.05029737005341,165.16630884379467,55.607638927020574
2021-06-03 15:00:00,161,6,163.0,166.0,152.0,118.57142857142857,157.8463497422566,24.28344449401999,154.21386544754898,21.669363636132893,101.63453360862533,83.05029737005341,150.40929683941619,55.607638927020574
2021-06-03 16:00:00,163,6,161.0,172.0,149.0,118.14285714285714,155.27313980728155,24.28344449401999,153.67371102055012,21.669363636132893,93.09495150632016,83.05029737005341,152.13470048192536,55.607638927020574
2021-06-03 17:00:00,151,6,163.0,158.0,142.0,117.85714285714286,147.53883933743026,24.28344449401999,145.04229076560173,21.669363636132893,102.5192148437549,83.05029737005341,137.1328802412122,55.607638927020574
2021-06-03 18:00:00,150,6,151.0,154.0,140.0,118.14285714285714,151.05436912458018,24.28344449401999,148.76691851185237,21.669363636132893,100.96892261071716,83.05029737005341,149.82740169579472,55.607638927020574
2021-06-03 19:00:00,119,6,150.0,142.0,109.0,104.57142857142857,127.19301713382426,24.28344449401999,130.868448265559,21.669363636132893,102.6767411287373,83.05029737005341,125.42169017886913,55.607638927020574
2021-06-03 20:00:00,130,6,119.0,118.0,127.0,92.28571428571429,122.5773731644776,24.28344449401999,121.14387340504454,21.669363636132893,86.30784609038092,83.05029737005341,110.70404572099488,55.607638927020574
2021-06-03 21:00:00,132,6,130.0,114.0,117.0,92.0,126.30392790979332,24.28344449401999,122.62225457349716,21.669363636132893,84.83876999798024,83.05029737005341,106.0037296120312,55.607638927020574
2021-06-03 22:00:00,118,6,132.0,106.0,109.0,84.14285714285714,116.66700679129934,24.28344449401999,115.71772339597551,21.669363636132893,82.48430581179753,83.05029737005341,101.60129801175044,55.607638927020574
2021-06-03 23:00:00,114,6,118.0,109.0,107.0,83.28571428571429,112.56189363148417,24.28344449401999,113.20733614757039,21.669363636132893,84.139382341455,83.05029737005341,102.90359349045332,55.607638927020574
2021-06-04 00:00:00,72,6,114.0,69.0,63.0,53.0,71.015260862274,24.28344449401999,68.20968554189973,21.669363636132893,65.19270019750778,83.05029737005341,72.6095106186776,55.607638927020574
2021-06-04 01:00:00,119,6,72.0,115.0,109.0,84.42857142857143,114.10601238837083,24.28344449401999,111.90964633693136,21.669363636132893,106.43321495171054,83.05029737005341,106.63257396489631,55.607638927020574
2021-06-04 02:00:00,116,6,119.0,115.0,103.0,83.57142857142857,114.57646610777829,24.28344449401999,112.1991241415209,21.669363636132893,105.74072529433465,83.05029737005341,108.01279063767946,55.607638927020574
2021-06-04 03:00:00,113,6,116.0,110.0,113.0,85.0,113.1612183213104,24.28344449401999,110.74814450804506,21.669363636132893,100.80208315190025,83.05029737005341,103.0591991089775,55.607638927020574
2021-06-04 04:00:00,115,6,113.0,109.0,109.0,83.57142857142857,112.31141512904422,24.28344449401999,110.27748412571349,21.669363636132893,104.63744627249662,83.05029737005341,106.91363895244267,55.607638927020574
2021-06-04 05:00:00,107,6,115.0,107.0,114.0,82.0,106.06263233180637,24.28344449401999,103.29593842624891,21.669363636132893,103.12533176350642,83.05029737005341,104.47508591344203,55.607638927020574
2021-06-04 06:00:00,118,6,107.0,118.0,114.0,88.14285714285714,114.94681394851425,24.28344449401999,114.09330584998422,21.669363636132893,100.80917859664613,83.05029737005341,108.21476220698548,55.607638927020574
2021-06-04 07:00:00,142,6,118.0,149.0,134.0,109.42857142857143,138.5525887396166,24.28344449401999,142.30511543389062,21.669363636132893,113.55411368933069,83.05029737005341,125.70339742900306,55.607638927020574
2021-06-04 08:00:00,159,6,142.0,181.0,175.0,135.14285714285714,161.40570169613457,24.28344449401999,162.6734958477254,21.669363636132893,98.30558899998708,83.05029737005341,157.65213103081763,55.607638927020574
2021-06-04 09:00:00,166,6,159.0,171.0,168.0,130.57142857142858,164.33359414803297,24.28344449401999,164.8472442745276,21.669363636132893,86.49113651957703,83.05029737005341,162.23620021959428,55.607638927020574
2021-06-04 10:00:00,173,6,166.0,170.0,166.0,133.28571428571428,171.11080716286884,24.28344449401999,167.23980674131795,21.669363636132893,90.36954890801216,83.05029737005341,160.926656102042,55.607638927020574
2021-06-04 11:00:00,155,6,173.0,172.0,172.0,133.42857142857142,161.40562969452617,24.28344449401999,162.370321374837,21.669363636132893,85.9393539345105,83.05029737005341,161.30929313431858,55.607638927020574
2021-06-04 12:00:00,118,6,155.0,121.0,118.0,93.14285714285714,116.91579940480312,24.28344449401999,114.1675605487535,21.669363636132893,92.52586892387453,83.05029737005341,107.34200687546348,55.607638927020574
2021-06-04 13:00:00,158,6,118.0,165.0,168.0,129.28571428571428,161.43187930719037,24.28344449401999,161.00816342149426,21.669363636132893,88.87927366252981,83.05029737005341,160.23588161884322,55.607638927020574
2021-06-04 14:00:00,160,6,158.0,163.0,152.0,124.85714285714286,153.45247454939812,24.28344449401999,149.47901380674693,21.669363636132893,87.18031883667891,83.05029737005341,150.20647589892235,55.607638927020574
2021-06-04 15:00:00,149,6,160.0,161.0,152.0,119.85714285714286,151.14667913706415,24.28344449401999,152.05459020560778,21.669363636132893,88.09222597460236,83.05029737005341,148.28217474890158,55.607638927020574
2021-06-04 16:00:00,145,6,149.0,163.0,145.0,120.14285714285714,151.02730641570986,24.28344449401999,148.39791612841236,21.669363636132893,88.11361606554921,83.05029737005341,145.7841308659861,55.607638927020574
2021-06-04 17:00:00,143,6,145.0,151.0,158.0,119.14285714285714,143.7200119161785,24.28344449401999,141.9497300774825,21.669363636132893,83.50495580828853,83.05029737005341,142.12102283071854,55.607638927020574
2021-06-04 18:00:00,145,6,143.0,150.0,157.0,119.57142857142857,140.77961900743492,24.28344449401999,140.20173225234313,21.669363636132893,83.10969130302618,83.05029737005341,147.12357293523084,55.607638927020574
2021-06-04 19:00:00,135,6,145.0,119.0,123.0,106.0,133.45371700997262,24.28344449401999,131.12948602355388,21.669363636132893,99.84421943167438,83.05029737005341,124.14858529793851,55.607638927020574
2021-06-04 20:00:00,111,6,135.0,130.0,112.0,92.71428571428571,117.04247264980876,24.28344449401999,117.3500522113093,21.669363636132893,75.42339795673333,83.05029737005341,103.71110953837129,55.607638927020574
2021-06-04 21:00:00,110,6,111.0,132.0,116.0,94.14285714285714,109.54660208019962,24.28344449401999,109.94184658417743,21.669363636132893,74.60754554007003,83.05029737005341,105.46876140315067,55.607638927020574
2021-06-04 22:00:00,111,6,110.0,118.0,111.0,85.42857142857143,108.60581075816373,24.28344449401999,108.12329079311182,21.669363636132893,70.4585304429856,83.05029737005341,103.19337123209036,55.607638927020574
2021-06-04 23:00:00,112,6,111.0,114.0,100.0,84.28571428571429,106.33887689502018,24.28344449401999,105.83166574992514,21.669363636132893,77.732678668826,83.05029737005341,74.25667698788132,55.607638927020574
2021-06-05 00:00:00,64,6,112.0,72.0,67.0,54.285714285714285,50.20477864956312,24.28344449401999,53.05053566205785,21.669363636132893,67.73617391127809,83.05029737005341,64.90476016673169,55.607638927020574
2021-06-05 01:00:00,116,6,64.0,119.0,107.0,85.85714285714286,106.97221945619918,24.28344449401999,109.26787170674062,21.669363636132893,84.6138260632429,83.05029737005341,108.56998339024128,55.607638927020574
2021-06-05 02:00:00,107,6,116.0,116.0,103.0,85.42857142857143,110.58956751367337,24.28344449401999,110.55511832105388,21.669363636132893,81.07855614357969,83.05029737005341,103.70375578375872,55.607638927020574
2021-06-05 03:00:00,110,6,107.0,113.0,105.0,85.0,108.19445457114998,24.28344449401999,107.37757361289904,21.669363636132893,80.74733320668037,83.05029737005341,105.47379875212778,55.607638927020574
2021-06-05 04:00:00,108,6,110.0,115.0,106.0,84.42857142857143,106.42911222397218,24.28344449401999,109.23231016624567,21.669363636132893,82.3455854747163,83.05029737005341,105.09242305862264,55.607638927020574
2021-06-05 05:00:00,99,6,108.0,107.0,101.0,81.0,101.5569210597611,24.28344449401999,100.16188861422953,21.669363636132893,78.20045847940506,83.05029737005341,108.086621826464,55.607638927020574
2021-06-05 06:00:00,111,6,99.0,118.0,105.0,88.71428571428571,108.3611192598868,24.28344449401999,106.5005273026747,21.669363636132893,81.4743732052979,83.05029737005341,103.3322665014284,55.607638927020574
2021-06-05 07:00:00,92,6,111.0,142.0,84.0,110.57142857142857,71.86830537382683,24.28344449401999,83.46834315973501,21.669363636132893,66.09450077594957,83.05029737005341,92.18398782574607,55.607638927020574
2021-06-05 08:00:00,27,6,92.0,159.0,26.0,132.85714285714286,0.3796550338892001,24.28344449401999,9.700367645170997,21.669363636132893,20.488197559604274,83.05029737005341,22.65475239125427,55.607638927020574
2021-06-05 09:00:00,22,6,27.0,166.0,21.0,130.28571428571428,13.630537177703738,24.28344449401999,17.49015952022694,21.669363636132893,23.043937490519045,83.05029737005341,22.901773893420835,55.607638927020574
2021-06-05 10:00:00,22,6,22.0,173.0,21.0,134.28571428571428,20.46719914384574,24.28344449401999,17.86076854933389,21.669363636132893,22.467947500555926,83.05029737005341,20.413964891950833,55.607638927020574
2021-06-05 11:00:00,28,6,22.0,155.0,26.0,131.0,22.977102729879245,24.28344449401999,22.876371620356384,21.669363636132893,21.474738841571686,83.05029737005341,21.673702529330253,55.607638927020574
2021-06-05 12:00:00,23,6,28.0,118.0,21.0,93.14285714285714,20.10763837497252,24.28344449401999,20.00203135592204,21.669363636132893,20.487709534755542,83.05029737005341,18.301953275790556,55.607638927020574
2021-06-05 13:00:00,23,6,23.0,158.0,21.0,127.85714285714286,21.770602235830673,24.28344449401999,20.35375134489227,21.669363636132893,25.927462740873175,83.05029737005341,21.48255386013541,55.607638927020574
2021-06-05 14:00:00,23,6,23.0,160.0,26.0,126.0,26.83544329077954,24.28344449401999,24.363212417851013,21.669363636132893,21.56616982666744,83.05029737005341,19.73824189008122,55.607638927020574
2021-06-05 15:00:00,28,6,23.0,149.0,23.0,119.42857142857143,25.71235373693679,24.28344449401999,25.13846602508619,21.669363636132893,25.108792505419874,83.05029737005341,19.11445183308558,55.607638927020574
2021-06-05 16:00:00,23,6,28.0,145.0,21.0,120.14285714285714,20.23884354768437,24.28344449401999,21.205442866044514,21.669363636132893,25.458282013310743,83.05029737005341,18.176381290267653,55.607638927020574
2021-06-05 17:00:00,23,6,23.0,143.0,24.0,117.0,20.982496826764017,24.28344449401999,19.680503265711664,21.669363636132893,22.802069265289976,83.05029737005341,20.459530970541657,55.607638927020574
2021-06-05 18:00:00,27,6,23.0,145.0,26.0,117.85714285714286,29.95415909578565,24.28344449401999,26.502181994036896,21.669363636132893,23.267699256718796,83.05029737005341,19.564457771853874,55.607638927020574
2021-06-05 19:00:00,22,6,27.0,135.0,21.0,107.71428571428571,21.823611439298187,24.28344449401999,20.769277829615987,21.669363636132893,23.07486718525762,83.05029737005341,20.691741627250405,55.607638927020574
2021-06-05 20:00:00,22,6,22.0,111.0,21.0,92.57142857142857,19.850977231278364,24.28344449401999,19.831636632221944,21.669363636132893,20.304792004222087,83.05029737005341,19.949653304343265,55.607638927020574
2021-06-05 21:00:00,27,6,22.0,110.0,26.0,93.28571428571429,25.26672463998925,24.28344449401999,23.964003492966707,21.669363636132893,14.812148120523007,83.05029737005341,20.175270188567275,55.607638927020574
2021-06-05 22:00:00,26,6,27.0,111.0,22.0,85.42857142857143,26.147961581734442,24.28344449401999,24.119540212642992,21.669363636132893,14.005865091258471,83.05029737005341,16.14446117980774,55.607638927020574
2021-06-05 23:00:00,22,6,26.0,112.0,21.0,86.0,23.272030577985923,24.28344449401999,23.55857063234344,21.669363636132893,18.934713692049765,83.05029737005341,19.266187330505414,55.607638927020574
2021-06-06 00:00:00,22,6,22.0,64.0,26.0,53.857142857142854,30.584070143260877,24.28344449401999,28.183590592431123,21.669363636132893,29.227162302741686,83.05029737005341,30.198500761274193,55.607638927020574
2021-06-06 01:00:00,27,6,22.0,116.0,22.0,87.14285714285714,23.26830096794171,24.28344449401999,24.187761798864877,21.669363636132893,32.46108552864406,83.05029737005341,33.92044277007785,55.607638927020574
2021-06-06 02:00:00,22,6,27.0,107.0,22.0,86.0,21.74562962525474,24.28344449401999,20.651478528484386,21.669363636132893,37.415667406096055,83.05029737005341,38.01305383116687,55.607638927020574
2021-06-06 03:00:00,22,6,22.0,110.0,24.0,85.71428571428571,21.108031323148957,24.28344449401999,21.238118731205684,21.669363636132893,32.60743396444775,83.05029737005341,33.17835103681866,55.607638927020574
2021-06-06 04:00:00,27,6,22.0,108.0,26.0,84.71428571428571,25.348742503976553,24.28344449401999,25.40833365860863,21.669363636132893,31.046329265131575,83.05029737005341,30.11978576282415,55.607638927020574
2021-06-06 05:00:00,22,6,27.0,99.0,22.0,80.71428571428571,22.175709664358827,24.28344449401999,22.29169027973896,21.669363636132893,31.69930428585638,83.05029737005341,31.583458828509485,55.607638927020574
2021-06-06 06:00:00,22,6,22.0,111.0,22.0,89.57142857142857,21.464507054844454,24.28344449401999,21.53254884013441,21.669363636132893,34.22701706711006,83.05029737005341,36.4517324455256,55.607638927020574
2021-06-06 07:00:00,26,6,22.0,92.0,26.0,111.71428571428571,32.385601338644726,24.28344449401999,33.96960827635468,21.669363636132893,64.64960140020818,83.05029737005341,71.40983443268733,55.607638927020574
2021-06-06 08:00:00,22,6,26.0,27.0,21.0,133.0,39.6405098358695,24.28344449401999,41.59301571035141,21.669363636132893,101.37018675220239,83.05029737005341,91.70896406231448,55.607638927020574
2021-06-06 09:00:00,24,6,22.0,22.0,21.0,130.42857142857142,18.694040002554868,24.28344449401999,19.990284730838795,21.669363636132893,100.12069650502723,83.05029737005341,89.1671506614297,55.607638927020574
2021-06-06 10:00:00,25,6,24.0,22.0,26.0,134.42857142857142,23.279869781867532,24.28344449401999,22.55054383182165,21.669363636132893,100.20104965249088,83.05029737005341,86.33091909800864,55.607638927020574
2021-06-06 11:00:00,27,6,25.0,28.0,25.0,131.28571428571428,25.03366685350586,24.28344449401999,25.713141121699767,21.669363636132893,101.43350667939802,83.05029737005341,88.53443596477614,55.607638927020574
2021-06-06 12:00:00,22,6,27.0,23.0,21.0,93.42857142857143,29.29194044731227,24.28344449401999,30.984300341010222,21.669363636132893,113.27410926411878,83.05029737005341,86.4334503425264,55.607638927020574
2021-06-06 13:00:00,22,6,22.0,23.0,21.0,128.14285714285714,23.393584835918407,24.28344449401999,23.12386561007507,21.669363636132893,99.74137324391899,83.05029737005341,86.0813991684737,55.607638927020574
2021-06-06 14:00:00,27,6,22.0,23.0,25.0,125.57142857142857,24.932405377629525,24.28344449401999,26.07095871026478,21.669363636132893,103.49350274176442,83.05029737005341,84.42536868991183,55.607638927020574
2021-06-06 15:00:00,22,6,27.0,28.0,21.0,120.14285714285714,23.057966100240144,24.28344449401999,24.949906801192636,21.669363636132893,105.0656644017885,83.05029737005341,90.70674551787049,55.607638927020574
2021-06-06 16:00:00,24,6,22.0,23.0,21.0,120.42857142857143,21.895852774691466,24.28344449401999,21.323636133354015,21.669363636132893,102.50051925116905,83.05029737005341,85.47382582457882,55.607638927020574
2021-06-06 17:00:00,25,6,24.0,23.0,26.0,116.85714285714286,23.020975667637565,24.28344449401999,24.674169090182083,21.669363636132893,109.39824252371578,83.05029737005341,88.38982027892533,55.607638927020574
2021-06-06 18:00:00,27,6,25.0,27.0,21.0,118.0,28.42162531231883,24.28344449401999,28.487356238692275,21.669363636132893,106.95070783229545,83.05029737005341,89.51137940751262,55.607638927020574
2021-06-06 19:00:00,22,6,27.0,22.0,21.0,107.85714285714286,31.84626376668457,24.28344449401999,30.689398544055322,21.669363636132893,113.87125101487591,83.05029737005341,93.01917823691535,55.607638927020574
2021-06-06 20:00:00,22,6,22.0,22.0,26.0,92.71428571428571,25.790608254521757,24.28344449401999,24.240044397500142,21.669363636132893,98.75884439253569,83.05029737005341,79.86159670432463,55.607638927020574
2021-06-06 21:00:00,27,6,22.0,27.0,22.0,93.42857142857143,26.46126578920466,24.28344449401999,26.464313833970138,21.669363636132893,99.70423033092092,83.05029737005341,79.84094012590319,55.607638927020574
2021-06-06 22:00:00,23,6,27.0,26.0,21.0,86.0,23.123327183878576,24.28344449401999,25.008022477794437,21.669363636132893,90.89039624568763,83.05029737005341,76.53787050385148,55.607638927020574
2021-06-06 23:00:00,24,6,23.0,22.0,26.0,86.14285714285714,22.433112073906475,24.28344449401999,21.86344733426119,21.669363636132893,90.68321202892824,83.05029737005341,79.44731611667163,55.607638927020574
2021-06-07 00:00:00,25,6,24.0,22.0,21.0,53.285714285714285,32.86661081785548,24.28344449401999,30.601109958904956,21.669363636132893,42.15148462495133,83.05029737005341,39.07900981817906,55.607638927020574
2021-06-07 01:00:00,26,6,25.0,27.0,21.0,87.85714285714286,33.090337674200484,24.28344449401999,31.92194675604268,21.669363636132893,42.60584003213468,83.05029737005341,42.751949883056824,55.607638927020574
2021-06-07 02:00:00,22,6,26.0,22.0,22.0,86.0,28.60010775445409,24.28344449401999,32.124095489139535,21.669363636132893,42.803263182202876,83.05029737005341,42.15220270878215,55.607638927020574
2021-06-07 03:00:00,23,6,22.0,22.0,26.0,85.42857142857143,21.711595457314054,24.28344449401999,23.32804687116204,21.669363636132893,36.00119370753432,83.05029737005341,36.225275057451576,55.607638927020574
2021-06-07 04:00:00,26,6,23.0,27.0,21.0,84.85714285714286,30.000808908713875,24.28344449401999,31.002091419335187,21.669363636132893,41.72836577091309,83.05029737005341,40.460265353101036,55.607638927020574
2021-06-07 05:00:00,22,6,26.0,22.0,21.0,80.71428571428571,24.492228914217222,24.28344449401999,23.042238937791957,21.669363636132893,40.891711620952115,83.05029737005341,38.15746293525068,55.607638927020574
2021-06-07 06:00:00,24,6,22.0,22.0,26.0,89.57142857142857,22.066328905888877,24.28344449401999,24.77280732022525,21.669363636132893,45.13174138279245,83.05029737005341,47.38759880051934,55.607638927020574
2021-06-07 07:00:00,90,6,24.0,26.0,83.0,111.71428571428571,54.299581575444584,24.28344449401999,60.65025015717131,21.669363636132893,96.13214826197526,83.05029737005341,91.27065690316346,55.607638927020574
2021-06-07 08:00:00,182,6,90.0,22.0,171.0,133.14285714285714,185.06838328784113,24.28344449401999,179.7692437216731,21.669363636132893,159.79330496382818,83.05029737005341,169.1946671512868,55.607638927020574
2021-06-07 09:00:00,179,6,182.0,24.0,171.0,130.85714285714286,175.8097162256015,24.28344449401999,171.4831191233251,21.669363636132893,160.9910359915154,83.05029737005341,171.26641673791593,55.607638927020574
2021-06-07 10:00:00,176,6,179.0,25.0,172.0,134.28571428571428,171.07742270096108,24.28344449401999,172.4218814494787,21.669363636132893,156.39841644969525,83.05029737005341,169.41123964597446,55.607638927020574
2021-06-07 11:00:00,170,6,176.0,27.0,170.0,131.57142857142858,176.74551880248507,24.28344449401999,174.29875903602496,21.669363636132893,161.37124802282108,83.05029737005341,168.15199357819455,55.607638927020574
2021-06-07 12:00:00,129,6,170.0,22.0,119.0,93.57142857142857,126.67355947054513,24.28344449401999,123.61976202015259,21.669363636132893,109.75621996528977,83.05029737005341,118.60015375122819,55.607638927020574
2021-06-07 13:00:00,182,6,129.0,22.0,164.0,128.28571428571428,175.43253466440683,24.28344449401999,175.97253194831092,21.669363636132893,161.89081043766365,83.05029737005341,165.72973275704712,55.607638927020574
2021-06-07 14:00:00,180,6,182.0,27.0,161.0,125.85714285714286,178.49311559846274,24.28344449401999,176.34740708089902,21.669363636132893,161.55653378390818,83.05029737005341,166.4058192164211,55.607638927020574
2021-06-07 15:00:00,175,6,180.0,22.0,154.0,120.28571428571429,173.52487485120162,24.28344449401999,169.64759664431492,21.669363636132893,159.05368545215006,83.05029737005341,158.09872117975723,55.607638927020574
2021-06-07 16:00:00,173,6,175.0,24.0,150.0,120.85714285714286,168.94112080493932,24.28344449401999,166.53638381938015,21.669363636132893,151.73586928622169,83.05029737005341,153.94589085859653,55.607638927020574
2021-06-07 17:00:00,151,6,173.0,25.0,162.0,116.71428571428571,160.55731417731928,24.28344449401999,157.49096084211786,21.669363636132893,159.83475742386946,83.05029737005341,141.97629208615263,55.607638927020574
2021-06-07 18:00:00,158,6,151.0,27.0,168.0,118.85714285714286,157.677640858201,24.28344449401999,157.29916833730434,21.669363636132893,155.6469575284037,83.05029737005341,155.8840506578551,55.607638927020574
2021-06-07 19:00:00,147,6,158.0,22.0,158.0,108.0,154.37777634412424,24.28344449401999,151.39350277193665,21.669363636132893,155.63281603409905,83.05029737005341,147.1480067657431,55.607638927020574
2021-06-07 20:00:00,114,6,147.0,22.0,118.0,92.14285714285714,112.29380449701964,24.28344449401999,113.65134698598213,21.669363636132893,107.57800892162965,83.05029737005341,113.45162731044908,55.607638927020574
2021-06-07 21:00:00,113,6,114.0,27.0,121.0,94.14285714285714,111.79756630979739,24.28344449401999,111.77169256237732,21.669363636132893,104.36887289049731,83.05029737005341,110.94873118686866,55.607638927020574
2021-06-07 22:00:00,100,6,113.0,23.0,107.0,86.28571428571429,107.75589919163558,24.28344449401999,107.48676528822021,21.669363636132893,103.83708346324073,83.05029737005341,107.36088739487623,55.607638927020574
2021-06-07 23:00:00,110,6,100.0,24.0,110.0,85.85714285714286,107.81337049138628,24.28344449401999,109.47071370990058,21.669363636132893,103.75335853081542,83.05029737005341,94.24708534165893,55.607638927020574
2021-06-08 00:00:00,64,6,110.0,25.0,62.0,53.857142857142854,62.50229113995163,24.28344449401999,63.25134153454424,21.669363636132893,61.135195298628744,83.05029737005341,56.16908171596965,55.607638927020574
2021-06-08 01:00:00,110,6,64.0,26.0,106.0,88.57142857142857,106.7114008528582,24.28344449401999,106.15419218915837,21.669363636132893,109.97997190847784,83.05029737005341,107.81214217457443,55.607638927020574
2021-06-08 02:00:00,111,6,110.0,22.0,107.0,86.0,108.96099334058273,24.28344449401999,104.7602761105436,21.669363636132893,114.62930906393944,83.05029737005341,105.51918341663755,55.607638927020574
2021-06-08 03:00:00,105,6,111.0,23.0,107.0,85.0,104.29976081657978,24.28344449401999,102.82579674086999,21.669363636132893,107.18441867660276,83.05029737005341,103.66531268958687,55.607638927020574
2021-06-08 04:00:00,110,6,105.0,26.0,107.0,85.57142857142857,107.68391786536657,24.28344449401999,108.053143054617,21.669363636132893,112.78895535985633,83.05029737005341,108.6043503023405,55.607638927020574
2021-06-08 05:00:00,101,6,110.0,22.0,103.0,80.85714285714286,101.31506381570195,24.28344449401999,98.35377026275147,21.669363636132893,105.47378379992448,83.05029737005341,101.8909661028411,55.607638927020574
2021-06-08 06:00:00,109,6,101.0,24.0,116.0,89.28571428571429,107.29486849886548,24.28344449401999,106.6119920037106,21.669363636132893,110.16739234144124,83.05029737005341,101.5067000490953,55.607638927020574
2021-06-08 07:00:00,117,6,109.0,90.0,139.0,112.71428571428571,118.33817411282524,24.28344449401999,120.48859627681824,21.669363636132893,119.63672229168617,83.05029737005341,114.49895624647334,55.607638927020574
2021-06-08 08:00:00,161,6,117.0,182.0,195.0,134.71428571428572,153.58279090178203,24.28344449401999,156.32434692547318,21.669363636132893,150.58346249512294,83.05029737005341,164.6915497757168,55.607638927020574
2021-06-08 09:00:00,165,6,161.0,179.0,182.0,132.0,165.79018477461562,24.28344449401999,162.6417723226846,21.669363636132893,148.7723291665069,83.05029737005341,163.87935961163538,55.607638927020574
2021-06-08 10:00:00,153,6,165.0,176.0,187.0,134.85714285714286,157.9636666234947,24.28344449401999,160.35778442644337,21.669363636132893,149.17698627326948,83.05029737005341,159.51482924478128,55.607638927020574
2021-06-08 11:00:00,171,6,153.0,170.0,184.0,131.57142857142858,168.67551282021446,24.28344449401999,167.33678924662775,21.669363636132893,154.42331356266405,83.05029737005341,167.90741564045226,55.607638927020574
2021-06-08 12:00:00,124,6,171.0,129.0,121.0,95.0,121.5043236611701,24.28344449401999,121.2281184485104,21.669363636132893,116.70908664903793,83.05029737005341,112.05753633577075,55.607638927020574
2021-06-08 13:00:00,174,6,124.0,182.0,177.0,130.85714285714286,171.32180459070793,24.28344449401999,169.3375001412322,21.669363636132893,157.91156959593542,83.05029737005341,166.2812704651009,55.607638927020574
2021-06-08 14:00:00,176,6,174.0,180.0,167.0,128.57142857142858,170.01722839551883,24.28344449401999,168.79263889584664,21.669363636132893,156.1203576458162,83.05029737005341,167.0300085453745,55.607638927020574
2021-06-08 15:00:00,180,6,176.0,175.0,162.0,123.28571428571429,174.63271388878113,24.28344449401999,173.46092185881628,21.669363636132893,154.16009081958057,83.05029737005341,162.54930624215848,55.607638927020574
2021-06-08 16:00:00,166,6,180.0,173.0,169.0,124.14285714285714,166.05947183525393,24.28344449401999,163.835013712211,21.669363636132893,148.6340998833935,83.05029737005341,158.0807853525742,55.607638927020574
2021-06-08 17:00:00,161,6,166.0,151.0,155.0,115.14285714285714,157.82713613030336,24.28344449401999,156.0660191743335,21.669363636132893,145.9399141792711,83.05029737005341,147.2770982273901,55.607638927020574
2021-06-08 18:00:00,157,6,161.0,158.0,161.0,117.42857142857143,156.372646390222,24.28344449401999,155.8013284659453,21.669363636132893,144.67086284140512,83.05029737005341,148.41788273697213,55.607638927020574
2021-06-08 19:00:00,155,6,157.0,147.0,158.0,106.42857142857143,156.70277905101193,24.28344449401999,153.83527984800475,21.669363636132893,141.8300368122602,83.05029737005341,146.85218781347757,55.607638927020574
2021-06-08 20:00:00,134,6,155.0,114.0,124.0,91.57142857142857,131.14702128129704,24.28344449401999,129.19841141755916,21.669363636132893,111.70650690633974,83.05029737005341,112.74565195062071,55.607638927020574
2021-06-08 21:00:00,132,6,134.0,113.0,128.0,93.0,130.3229589698482,24.28344449401999,129.647907108503,21.669363636132893,117.48671683960657,83.05029737005341,116.41945308419577,55.607638927020574
2021-06-08 22:00:00,115,6,132.0,100.0,113.0,85.28571428571429,115.90170837356496,24.28344449401999,116.83626062697567,21.669363636132893,100.01947132234436,83.05029737005341,100.80970893829522,55.607638927020574
2021-06-08 23:00:00,114,6,115.0,110.0,110.0,85.85714285714286,114.38408979198965,24.28344449401999,112.22563454022148,21.669363636132893,106.81574600986022,83.05029737005341,107.11515312910778,55.607638927020574
2021-06-09 00:00:00,72,6,114.0,64.0,63.0,54.142857142857146,73.33493414710011,24.28344449401999,71.73939455194996,21.669363636132893,65.22236549540293,83.05029737005341,68.89923939957966,55.607638927020574
2021-06-09 01:00:00,103,6,72.0,110.0,111.0,89.14285714285714,105.70567421164976,24.28344449401999,105.42736298426414,21.669363636132893,103.71652324968689,83.05029737005341,105.80014870007379,55.607638927020574
2021-06-09 02:00:00,107,6,103.0,111.0,113.0,86.57142857142857,108.65428553574836,24.28344449401999,108.7271237128938,21.669363636132893,104.11304573572586,83.05029737005341,106.35192053626038,55.607638927020574
2021-06-09 03:00:00,113,6,107.0,105.0,110.0,84.71428571428571,108.80543672150715,24.28344449401999,107.04394778564364,21.669363636132893,107.34661581110997,83.05029737005341,106.71718798385969,55.607638927020574
2021-06-09 04:00:00,101,6,113.0,110.0,107.0,86.0,106.132210260144,24.28344449401999,107.17954509896849,21.669363636132893,105.9438861144108,83.05029737005341,109.27035318253411,55.607638927020574
2021-06-09 05:00:00,91,6,101.0,101.0,106.0,80.57142857142857,96.40627157684119,24.28344449401999,97.72896879492029,21.669363636132893,101.38784364489926,83.05029737005341,78.84781120703406,55.607638927020574
2021-06-09 06:00:00,106,6,91.0,109.0,116.0,88.28571428571429,104.4478612474333,24.28344449401999,103.85894684877339,21.669363636132893,101.208190932729,83.05029737005341,104.50138083972246,55.607638927020574
2021-06-09 07:00:00,150,6,106.0,117.0,151.0,109.57142857142857,145.0858028833047,24.28344449401999,140.94226301357813,21.669363636132893,107.0932259596181,83.05029737005341,141.68377463194025,55.607638927020574
2021-06-09 08:00:00,174,6,150.0,161.0,177.0,129.85714285714286,168.89732971648328,24.28344449401999,165.56310892547543,21.669363636132893,115.63944985868329,83.05029737005341,164.59363540438986,55.607638927020574
2021-06-09 09:00:00,179,6,174.0,165.0,180.0,129.57142857142858,176.72950996875318,24.28344449401999,172.9617748838795,21.669363636132893,113.52978693737633,83.05029737005341,164.89912680840752,55.607638927020574
2021-06-09 10:00:00,180,6,179.0,153.0,191.0,130.0,175.8927483607092,24.28344449401999,169.0199284176747,21.669363636132893,113.03237495667187,83.05029737005341,162.4505833839763,55.607638927020574
2021-06-09 11:00:00,178,6,180.0,171.0,185.0,129.71428571428572,175.4835926674528,24.28344449401999,173.3055704947714,21.669363636132893,112.28595794055258,83.05029737005341,164.93505409594403,55.607638927020574
2021-06-09 12:00:00,122,6,178.0,124.0,131.0,95.42857142857143,124.10312530216083,24.28344449401999,122.36513773724528,21.669363636132893,93.91341879572987,83.05029737005341,62.822638198970964,55.607638927020574
2021-06-09 13:00:00,181,6,122.0,174.0,189.0,130.42857142857142,179.41302707099752,24.28344449401999,178.3605544264629,21.669363636132893,111.00128622563027,83.05029737005341,168.53213306508894,55.607638927020574
2021-06-09 14:00:00,170,6,181.0,176.0,180.0,129.85714285714286,165.45495733733853,24.28344449401999,169.18343510886046,21.669363636132893,105.0017526023756,83.05029737005341,166.00424550713652,55.607638927020574
2021-06-09 15:00:00,170,6,170.0,180.0,166.0,125.85714285714286,169.5403297523668,24.28344449401999,169.00376820013568,21.669363636132893,101.41271928780493,83.05029737005341,161.84872694019163,55.607638927020574
2021-06-09 16:00:00,159,6,170.0,166.0,172.0,123.71428571428571,161.81532260973975,24.28344449401999,160.2269547181352,21.669363636132893,101.69112216475544,83.05029737005341,155.4632081421126,55.607638927020574
2021-06-09 17:00:00,161,6,159.0,161.0,158.0,116.0,158.09351848715417,24.28344449401999,155.65911057341498,21.669363636132893,96.55706498365483,83.05029737005341,151.90186434482106,55.607638927020574
2021-06-09 18:00:00,161,6,161.0,157.0,154.0,116.85714285714286,158.42789669743456,24.28344449401999,154.44488646341196,21.669363636132893,94.457793879293,83.05029737005341,134.80459894420244,55.607638927020574
2021-06-09 19:00:00,148,6,161.0,155.0,142.0,106.0,146.51780378919847,24.28344449401999,144.49173966226198,21.669363636132893,105.38166826029259,83.05029737005341,138.65305753280074,55.607638927020574
2021-06-09 20:00:00,113,6,148.0,134.0,118.0,93.0,115.48400430979493,24.28344449401999,116.07446615293823,21.669363636132893,85.48861732262532,83.05029737005341,109.18118316027726,55.607638927020574
2021-06-09 21:00:00,110,6,113.0,132.0,114.0,93.57142857142857,112.14421642920885,24.28344449401999,113.75197477118428,21.669363636132893,77.62293149695181,83.05029737005341,107.92085964713787,55.607638927020574
2021-06-09 22:00:00,109,6,110.0,115.0,106.0,85.57142857142857,108.01132680890503,24.28344449401999,109.29692773249707,21.669363636132893,82.96581373439858,83.05029737005341,105.75083003927922,55.607638927020574
2021-06-09 23:00:00,106,6,109.0,114.0,109.0,86.42857142857143,107.92193531811802,24.28344449401999,106.84902172393332,21.669363636132893,78.51323397113828,83.05029737005341,105.05459985728602,55.607638927020574
2021-06-10 00:00:00,67,6,106.0,72.0,69.0,55.42857142857143,65.4756395427663,24.28344449401999,61.18945413215761,21.669363636132893,68.00464004651735,83.05029737005341,65.33384137031155,55.607638927020574
2021-06-10 01:00:00,107,6,67.0,103.0,115.0,88.0,108.54869300383069,24.28344449401999,106.4045105217009,21.669363636132893,106.61736556935865,83.05029737005341,83.25100611664101,55.607638927020574
2021-06-10 02:00:00,109,6,107.0,107.0,115.0,85.71428571428571,108.25008791481365,24.28344449401999,106.37299134517122,21.669363636132893,113.12376089108747,83.05029737005341,84.22545418514355,55.607638927020574
2021-06-10 03:00:00,104,6,109.0,113.0,110.0,85.14285714285714,105.71316410113455,24.28344449401999,105.35419688058519,21.669363636132893,109.67994586818068,83.05029737005341,108.41242085126318,55.607638927020574
2021-06-10 04:00:00,108,6,104.0,101.0,109.0,85.14285714285714,107.23314811067445,24.28344449401999,106.86717901360066,21.669363636132893,108.51311647847237,83.05029737005341,110.1512414212904,55.607638927020574
2021-06-10 05:00:00,98,6,108.0,91.0,107.0,78.42857142857143,99.45986695273169,24.28344449401999,99.51458207295686,21.669363636132893,103.73602728916143,83.05029737005341,100.36119640007999,55.607638927020574
2021-06-10 06:00:00,107,6,98.0,106.0,118.0,86.85714285714286,105.4520869033702,24.28344449401999,104.95029352544735,21.669363636132893,104.83099102045084,83.05029737005341,106.15674849725012,55.607638927020574
2021-06-10 07:00:00,131,6,107.0,150.0,149.0,109.42857142857143,126.30843843351823,24.28344449401999,126.38691129390448,21.669363636132893,103.15779074859347,83.05029737005341,138.7267953870438,55.607638927020574
2021-06-10 08:00:00,165,6,131.0,174.0,181.0,129.42857142857142,164.3664414444564,24.28344449401999,166.28797370306012,21.669363636132893,107.70614722284505,83.05029737005341,167.56687778663883,55.607638927020574
2021-06-10 09:00:00,169,6,165.0,179.0,171.0,129.42857142857142,165.5751972115613,24.28344449401999,160.30668462943427,21.669363636132893,101.7219955673662,83.05029737005341,141.59434127843167,55.607638927020574
2021-06-10 10:00:00,177,6,169.0,180.0,170.0,128.42857142857142,173.70140468185596,24.28344449401999,171.40638707790535,21.669363636132893,103.87848736789086,83.05029737005341,164.40573470182662,55.607638927020574
2021-06-10 11:00:00,168,6,177.0,178.0,172.0,128.71428571428572,170.75706606035354,24.28344449401999,170.17297668601208,21.669363636132893,101.02661723349861,83.05029737005341,162.2071776042154,55.607638927020574
2021-06-10 12:00:00,125,6,168.0,122.0,121.0,94.14285714285714,120.76831602747446,24.28344449401999,120.96735029195717,21.669363636132893,91.07047972648554,83.05029737005341,120.51688087035252,55.607638927020574
2021-06-10 13:00:00,158,6,125.0,181.0,165.0,129.28571428571428,161.9496653327496,24.28344449401999,163.44957076293932,21.669363636132893,97.36624751886811,83.05029737005341,163.77122695543395,55.607638927020574
2021-06-10 14:00:00,169,6,158.0,170.0,163.0,128.42857142857142,168.93962652534063,24.28344449401999,167.0009726798122,21.669363636132893,99.92303167757281,83.05029737005341,163.92567571379243,55.607638927020574
2021-06-10 15:00:00,162,6,169.0,170.0,161.0,126.42857142857143,159.98854675912543,24.28344449401999,160.0461780547246,21.669363636132893,97.10067144005818,83.05029737005341,159.67055402751546,55.607638927020574
2021-06-10 16:00:00,156,6,162.0,159.0,163.0,121.85714285714286,155.7248436943081,24.28344449401999,157.52139568238715,21.669363636132893,91.36989517906832,83.05029737005341,154.97983085399346,55.607638927020574
2021-06-10 17:00:00,143,6,156.0,161.0,151.0,116.42857142857143,141.7411831579671,24.28344449401999,143.08618657146386,21.669363636132893,86.05425968951269,83.05029737005341,147.42538241728468,55.607638927020574
2021-06-10 18:00:00,123,6,143.0,161.0,150.0,117.85714285714286,131.2217164238927,24.28344449401999,132.49814202486473,21.669363636132893,84.00885589957021,83.05029737005341,147.2786636653661,55.607638927020574
2021-06-10 19:00:00,128,6,123.0,148.0,119.0,106.85714285714286,126.19933230637571,24.28344449401999,129.34277848094683,21.669363636132893,100.59458748249705,83.05029737005341,131.77945258158005,55.607638927020574
2021-06-10 20:00:00,145,6,128.0,113.0,130.0,92.28571428571429,138.7954136816803,24.28344449401999,135.57676155023438,21.669363636132893,91.23410491957236,83.05029737005341,110.82863801873309,55.607638927020574
2021-06-10 21:00:00,141,6,145.0,110.0,132.0,93.0,135.7162599283038,24.28344449401999,132.98945248909476,21.669363636132893,89.05387862546209,83.05029737005341,112.67169126085803,55.607638927020574
2021-06-10 22:00:00,124,6,141.0,109.0,118.0,86.0,121.92596102380381,24.28344449401999,119.91751653241576,21.669363636132893,87.55430906875037,83.05029737005341,104.55257988502817,55.607638927020574
2021-06-10 23:00:00,115,6,124.0,106.0,114.0,86.0,118.0496433106139,24.28344449401999,116.84912413983265,21.669363636132893,83.60529686814164,83.05029737005341,100.50592433779276,55.607638927020574
2021-06-11 00:00:00,72,6,115.0,67.0,72.0,55.142857142857146,70.85410169409704,24.28344449401999,72.83892355620051,21.669363636132893,69.40370738309389,83.05029737005341,73.99464975611724,55.607638927020574
2021-06-11 01:00:00,113,6,72.0,107.0,119.0,86.85714285714286,113.15634247132536,24.28344449401999,111.91839098301848,21.669363636132893,113.56172809888854,83.05029737005341,110.41856501834036,55.607638927020574
2021-06-11 02:00:00,111,6,113.0,109.0,116.0,84.85714285714286,109.68477187735951,24.28344449401999,109.00600382719523,21.669363636132893,110.2837184919164,83.05029737005341,108.1856911864708,55.607638927020574
2021-06-11 03:00:00,107,6,111.0,104.0,113.0,84.28571428571429,107.87395398794767,24.28344449401999,106.30356700253037,21.669363636132893,108.34480619267609,83.05029737005341,104.55588793723967,55.607638927020574
2021-06-11 04:00:00,114,6,107.0,108.0,115.0,85.0,111.64968746227963,24.28344449401999,108.67104637285327,21.669363636132893,108.01287478596855,83.05029737005341,91.17241314870782,55.607638927020574
2021-06-11 05:00:00,103,6,114.0,98.0,107.0,77.14285714285714,102.42670499983032,24.28344449401999,102.25483060354202,21.669363636132893,105.27995241557258,83.05029737005341,104.97954378895754,55.607638927020574
2021-06-11 06:00:00,107,6,103.0,107.0,118.0,85.28571428571429,108.8081850507625,24.28344449401999,106.5396328363315,21.669363636132893,108.75443219360008,83.05029737005341,110.65540257541537,55.607638927020574
2021-06-11 07:00:00,149,6,107.0,131.0,142.0,106.85714285714286,145.6015938675716,24.28344449401999,142.0389381785493,21.669363636132893,145.85297891733745,83.05029737005341,139.6210015629336,55.607638927020574
2021-06-11 08:00:00,175,6,149.0,165.0,159.0,127.14285714285714,168.36822482932038,24.28344449401999,168.0270816340013,21.669363636132893,159.11742461648333,83.05029737005341,171.1041956618322,55.607638927020574
2021-06-11 09:00:00,175,6,175.0,169.0,166.0,129.14285714285714,173.20775370697484,24.28344449401999,171.52296414218657,21.669363636132893,153.64768678496466,83.05029737005341,168.9365813158712,55.607638927020574
2021-06-11 10:00:00,168,6,175.0,177.0,173.0,129.42857142857142,168.60142434952792,24.28344449401999,168.7781606854304,21.669363636132893,153.34642933969823,83.05029737005341,168.6380207031689,55.607638927020574
2021-06-11 11:00:00,174,6,168.0,168.0,155.0,128.14285714285714,170.46645254934663,24.28344449401999,168.42214329084626,21.669363636132893,155.62075414550588,83.05029737005341,162.39601737003625,55.607638927020574
2021-06-11 12:00:00,122,6,174.0,125.0,118.0,94.71428571428571,123.16757577017171,24.28344449401999,120.76388673465665,21.669363636132893,115.45410533111256,83.05029737005341,119.02330547224484,55.607638927020574
2021-06-11 13:00:00,160,6,122.0,158.0,158.0,128.28571428571428,161.22319534599004,24.28344449401999,159.8043083230079,21.669363636132893,151.12010344356858,83.05029737005341,165.14802950898445,55.607638927020574
2021-06-11 14:00:00,160,6,160.0,169.0,160.0,129.28571428571428,160.9001668942121,24.28344449401999,159.14214921463625,21.669363636132893,150.4989217272412,83.05029737005341,164.56129482522093,55.607638927020574
2021-06-11 15:00:00,160,6,160.0,162.0,149.0,126.57142857142857,158.98881682164517,24.28344449401999,155.6867155689702,21.669363636132893,149.70283598262702,83.05029737005341,155.13141217707704,55.607638927020574
2021-06-11 16:00:00,163,6,160.0,156.0,145.0,120.85714285714286,160.80513003856905,24.28344449401999,155.1905906529024,21.669363636132893,150.3959105198045,83.05029737005341,156.0107806015288,55.607638927020574
2021-06-11 17:00:00,159,6,163.0,143.0,143.0,115.28571428571429,156.68339441819717,24.28344449401999,153.156186681637,21.669363636132893,145.35288598989024,83.05029737005341,151.15819481513557,55.607638927020574
2021-06-11 18:00:00,152,6,159.0,123.0,145.0,114.0,152.14257313600567,24.28344449401999,150.22692406682003,21.669363636132893,141.84604309285967,83.05029737005341,148.24056759079514,55.607638927020574
2021-06-11 19:00:00,142,6,152.0,128.0,135.0,108.14285714285714,141.13046225968458,24.28344449401999,138.59655342741968,21.669363636132893,131.68655952621546,83.05029737005341,135.63848363989644,55.607638927020574
2021-06-11 20:00:00,130,6,142.0,145.0,111.0,94.42857142857143,128.7608557920302,24.28344449401999,126.58783963420137,21.669363636132893,112.55253293873577,83.05029737005341,117.74552184184112,55.607638927020574
2021-06-11 21:00:00,116,6,130.0,141.0,110.0,94.28571428571429,118.62594281196311,24.28344449401999,117.80413533510809,21.669363636132893,105.38953663438826,83.05029737005341,115.0936674039986,55.607638927020574
2021-06-11 22:00:00,110,6,116.0,124.0,111.0,86.85714285714286,111.58314459713726,24.28344449401999,110.06235130319172,21.669363636132893,98.5064769296877,83.05029737005341,110.06679027204217,55.607638927020574
2021-06-11 23:00:00,110,6,110.0,115.0,112.0,86.14285714285714,108.38760984689345,24.28344449401999,106.71619315139377,21.669363636132893,95.96218794617984,83.05029737005341,108.5679681002631,55.607638927020574
2021-06-12 00:00:00,71,6,110.0,72.0,64.0,55.142857142857146,55.60452732571975,24.28344449401999,52.40059185793755,21.669363636132893,79.5544200549067,83.05029737005341,59.60131398873303,55.607638927020574
2021-06-12 01:00:00,111,6,71.0,113.0,116.0,86.0,110.22130181684581,24.28344449401999,105.87807861795797,21.669363636132893,110.81454694607214,83.05029737005341,110.50395643059686,55.607638927020574
2021-06-12 02:00:00,111,6,111.0,111.0,107.0,84.14285714285714,108.17825232603197,24.28344449401999,105.03810579901392,21.669363636132893,106.50924809230114,83.05029737005341,105.95281724276377,55.607638927020574
2021-06-12 03:00:00,112,6,111.0,107.0,110.0,83.42857142857143,109.14718772581588,24.28344449401999,106.10875208617571,21.669363636132893,107.17029672796082,83.05029737005341,109.08784536992935,55.607638927020574
2021-06-12 04:00:00,113,6,112.0,114.0,108.0,84.85714285714286,110.14749125080085,24.28344449401999,107.25857506552818,21.669363636132893,105.62029266263906,83.05029737005341,106.7112662970019,55.607638927020574
2021-06-12 05:00:00,110,6,113.0,103.0,99.0,76.57142857142857,103.92217335612033,24.28344449401999,101.37204785929278,21.669363636132893,101.43520029160746,83.05029737005341,104.57098631344644,55.607638927020574
2021-06-12 06:00:00,106,6,110.0,107.0,111.0,83.71428571428571,106.6694198633307,24.28344449401999,106.01497153787294,21.669363636132893,103.75357008755881,83.05029737005341,107.97800848760748,55.607638927020574
2021-06-12 07:00:00,92,6,106.0,149.0,92.0,107.85714285714286,96.43441139495732,24.28344449401999,98.83868440102529,21.669363636132893,103.80402129255118,83.05029737005341,114.75236542015713,55.607638927020574
2021-06-12 08:00:00,24,6,92.0,175.0,27.0,129.42857142857142,15.317442392470383,24.28344449401999,18.258540067187653,21.669363636132893,29.642044749878544,83.05029737005341,21.883492254916515,55.607638927020574
2021-06-12 09:00:00,28,6,24.0,175.0,22.0,130.42857142857142,20.908153016638444,24.28344449401999,21.375596087053204,21.669363636132893,24.572122622636783,83.05029737005341,18.021112614113516,55.607638927020574
2021-06-12 10:00:00,29,6,28.0,168.0,22.0,128.71428571428572,23.665503237971855,24.28344449401999,24.84531898285076,21.669363636132893,25.993463755130634,83.05029737005341,18.12506134632175,55.607638927020574
2021-06-12 11:00:00,29,6,29.0,174.0,28.0,130.85714285714286,27.577910811692586,24.28344449401999,26.003997954084838,21.669363636132893,26.529527171087604,83.05029737005341,20.583579411678738,55.607638927020574
2021-06-12 12:00:00,25,6,29.0,122.0,23.0,95.28571428571429,23.944826568290573,24.28344449401999,23.718161083235483,21.669363636132893,22.08394113305443,83.05029737005341,19.282224728105003,55.607638927020574
2021-06-12 13:00:00,27,6,25.0,160.0,23.0,128.57142857142858,25.76486482899483,24.28344449401999,23.79792177888035,21.669363636132893,27.397304768797046,83.05029737005341,18.69703936517857,55.607638927020574
2021-06-12 14:00:00,23,6,27.0,160.0,23.0,129.28571428571428,23.114147342001544,24.28344449401999,22.215328884490823,21.669363636132893,25.72699684551416,83.05029737005341,18.640226744879172,55.607638927020574
2021-06-12 15:00:00,23,6,23.0,160.0,28.0,128.14285714285714,24.762477886007208,24.28344449401999,22.25599130385334,21.669363636132893,29.049861100459083,83.05029737005341,22.265773486458365,55.607638927020574
2021-06-12 16:00:00,27,6,23.0,163.0,23.0,123.42857142857143,24.99168931782959,24.28344449401999,24.676494184850004,21.669363636132893,26.71185922469561,83.05029737005341,18.397209438715116,55.607638927020574
2021-06-12 17:00:00,23,6,27.0,159.0,23.0,117.57142857142857,23.960954677230937,24.28344449401999,21.33295277777529,21.669363636132893,27.30014423306755,83.05029737005341,21.23559676892912,55.607638927020574
2021-06-12 18:00:00,22,6,23.0,152.0,27.0,115.0,22.0911517906835,24.28344449401999,21.340010385617177,21.669363636132893,31.360033036126527,83.05029737005341,23.736620064137,55.607638927020574
2021-06-12 19:00:00,27,6,22.0,142.0,22.0,109.14285714285714,23.51590406161924,24.28344449401999,22.23451647379719,21.669363636132893,24.501362491436293,83.05029737005341,19.041038952591695,55.607638927020574
2021-06-12 20:00:00,23,6,27.0,130.0,22.0,97.14285714285714,23.881421838773264,24.28344449401999,22.442967187447714,21.669363636132893,19.536307297921493,83.05029737005341,19.433546027778867,55.607638927020574
2021-06-12 21:00:00,23,6,23.0,116.0,27.0,95.14285714285714,22.799631220696696,24.28344449401999,21.663438002387426,21.669363636132893,24.811269311966605,83.05029737005341,22.475485679266797,55.607638927020574
2021-06-12 22:00:00,23,6,23.0,110.0,26.0,86.71428571428571,23.281879675221386,24.28344449401999,22.12174841780771,21.669363636132893,20.998386656752402,83.05029737005341,19.02701960396362,55.607638927020574
2021-06-12 23:00:00,27,6,23.0,110.0,22.0,85.85714285714286,25.869893673557925,24.28344449401999,23.326510296116542,21.669363636132893,21.042046358346642,83.05029737005341,18.751232469648084,55.607638927020574
2021-06-13 00:00:00,23,6,27.0,71.0,22.0,56.142857142857146,23.88887466635571,24.28344449401999,23.319215795501744,21.669363636132893,28.583905126129935,83.05029737005341,27.831765281853684,55.607638927020574
2021-06-13 01:00:00,22,6,23.0,111.0,27.0,85.28571428571429,22.016870535635988,24.28344449401999,20.77355182080795,21.669363636132893,29.185267485364324,83.05029737005341,30.26556259367703,55.607638927020574
2021-06-13 02:00:00,27,6,22.0,111.0,22.0,84.71428571428571,25.353449469205312,24.28344449401999,24.434842360674274,21.669363636132893,26.56720975716378,83.05029737005341,25.80111894419895,55.607638927020574
2021-06-13 03:00:00,22,6,27.0,112.0,22.0,83.71428571428571,22.025422156039347,24.28344449401999,21.433309960084408,21.669363636132893,25.6301635514948,83.05029737005341,25.95794619644878,55.607638927020574
2021-06-13 04:00:00,23,6,22.0,113.0,27.0,85.57142857142857,23.68078380144404,24.28344449401999,22.13485534536759,21.669363636132893,36.28058629782733,83.05029737005341,34.405068389573024,55.607638927020574
2021-06-13 05:00:00,23,6,23.0,110.0,22.0,78.14285714285714,23.175759511367698,24.28344449401999,20.967189773191407,21.669363636132893,14.590834135082407,83.05029737005341,25.67131629873398,55.607638927020574
2021-06-13 06:00:00,26,6,23.0,106.0,22.0,83.0,25.45221753200562,24.28344449401999,23.74157981291763,21.669363636132893,31.28081208767697,83.05029737005341,28.231185577756055,55.607638927020574
2021-06-13 07:00:00,22,6,26.0,92.0,26.0,107.85714285714286,23.178444294402613,24.28344449401999,23.464367064587986,21.669363636132893,41.79246552911512,83.05029737005341,33.07163703494169,55.607638927020574
2021-06-13 08:00:00,22,6,22.0,24.0,22.0,129.0,20.135913936655804,24.28344449401999,20.00182409733113,21.669363636132893,49.11004777037898,83.05029737005341,32.73408799335951,55.607638927020574
2021-06-13 09:00:00,26,6,22.0,28.0,24.0,131.28571428571428,22.76855364110038,24.28344449401999,23.68265250291135,21.669363636132893,44.243636384260206,83.05029737005341,33.0971128508389,55.607638927020574
2021-06-13 10:00:00,23,6,26.0,29.0,25.0,129.71428571428572,22.656049699934645,24.28344449401999,20.772036455315526,21.669363636132893,42.08833410444941,83.05029737005341,29.532885468112354,55.607638927020574
2021-06-13 11:00:00,22,6,23.0,29.0,27.0,131.0,23.75098109886029,24.28344449401999,22.6415611300025,21.669363636132893,47.52675039992662,83.05029737005341,33.86023734437174,55.607638927020574
2021-06-13 12:00:00,27,6,22.0,25.0,22.0,95.57142857142857,23.499142587374266,24.28344449401999,23.65167417778597,21.669363636132893,42.728838315910785,83.05029737005341,30.075725885172954,55.607638927020574
2021-06-13 13:00:00,25,6,27.0,27.0,22.0,129.14285714285714,25.201916362639924,24.28344449401999,24.810659491199022,21.669363636132893,46.98062876453557,83.05029737005341,32.71409654678548,55.607638927020574
2021-06-13 14:00:00,23,6,25.0,23.0,27.0,129.28571428571428,26.491574345979394,24.28344449401999,24.714737936705234,21.669363636132893,53.370073741793306,83.05029737005341,35.90659439921075,55.607638927020574
2021-06-13 15:00:00,23,6,23.0,23.0,22.0,127.42857142857143,23.138718970686128,24.28344449401999,22.39396568137216,21.669363636132893,46.131236019941475,83.05029737005341,30.582701063239607,55.607638927020574
2021-06-13 16:00:00,27,6,23.0,27.0,24.0,124.0,25.109527148174017,24.28344449401999,26.71535556608366,21.669363636132893,45.49194482251801,83.05029737005341,31.923592360624074,55.607638927020574
2021-06-13 17:00:00,22,6,27.0,23.0,25.0,117.57142857142857,21.880465692808908,24.28344449401999,20.678791555241943,21.669363636132893,49.0082990765507,83.05029737005341,35.5279664081096,55.607638927020574
2021-06-13 18:00:00,22,6,22.0,22.0,27.0,114.28571428571429,22.30895446263365,24.28344449401999,21.48169198491295,21.669363636132893,54.51919839844775,83.05029737005341,40.149230494941584,55.607638927020574
2021-06-13 19:00:00,26,6,22.0,27.0,22.0,109.85714285714286,26.528837540778532,24.28344449401999,26.597878830800667,21.669363636132893,46.995008778355746,83.05029737005341,35.32122093023893,55.607638927020574
2021-06-13 20:00:00,22,6,26.0,23.0,22.0,97.28571428571429,21.441079062244054,24.28344449401999,22.802496299155546,21.669363636132893,46.41755937028849,83.05029737005341,35.73900388230248,55.607638927020574
2021-06-13 21:00:00,23,6,22.0,23.0,27.0,94.57142857142857,22.725399167320383,24.28344449401999,21.632692431299535,21.669363636132893,54.28434721801568,83.05029737005341,41.16539652053968,55.607638927020574
2021-06-13 22:00:00,25,6,23.0,23.0,23.0,86.28571428571429,24.79516723230034,24.28344449401999,22.47781966311019,21.669363636132893,45.810700998818675,83.05029737005341,33.150472836947024,55.607638927020574
2021-06-13 23:00:00,26,6,25.0,27.0,24.0,86.57142857142857,23.649810507242588,24.28344449401999,21.48083439505751,21.669363636132893,44.97091365152803,83.05029737005341,33.184629267620664,55.607638927020574
2021-06-14 00:00:00,22,6,26.0,23.0,25.0,56.285714285714285,36.44148081073635,24.28344449401999,34.813596637462446,21.669363636132893,14.115645030741819,83.05029737005341,28.01160293923165,55.607638927020574
2021-06-14 01:00:00,23,6,22.0,22.0,26.0,84.57142857142857,22.076579267483073,24.28344449401999,21.867310007661956,21.669363636132893,11.503334125497933,83.05029737005341,21.061166856573546,55.607638927020574
2021-06-14 02:00:00,27,6,23.0,27.0,22.0,85.42857142857143,29.05479220777635,24.28344449401999,26.686156141158015,21.669363636132893,11.226048912052136,83.05029737005341,21.046725199572023,55.607638927020574
2021-06-14 03:00:00,22,6,27.0,22.0,23.0,83.71428571428571,21.444170512965513,24.28344449401999,21.340813253512778,21.669363636132893,11.310838438061376,83.05029737005341,21.15775656606561,55.607638927020574
2021-06-14 04:00:00,24,6,22.0,23.0,26.0,85.0,22.483753757421937,24.28344449401999,24.775853048754442,21.669363636132893,9.186491384979206,83.05029737005341,20.440936720156227,55.607638927020574
2021-06-14 05:00:00,27,6,24.0,23.0,22.0,78.28571428571429,23.393442562680164,24.28344449401999,25.101958310328637,21.669363636132893,8.521076274250367,83.05029737005341,23.631185531114454,55.607638927020574
2021-06-14 06:00:00,25,6,27.0,26.0,24.0,83.57142857142857,26.866713707103614,24.28344449401999,27.715965018768895,21.669363636132893,11.942945097955134,83.05029737005341,24.13415620614822,55.607638927020574
2021-06-14 07:00:00,112,6,25.0,22.0,90.0,107.28571428571429,79.61353015116391,24.28344449401999,75.46469900129831,21.669363636132893,88.04559750056376,83.05029737005341,80.81999530696879,55.607638927020574
2021-06-14 08:00:00,204,6,112.0,22.0,182.0,129.0,188.6259486274137,24.28344449401999,185.185339924974,21.669363636132893,181.64128791679127,83.05029737005341,166.27242990963614,55.607638927020574
2021-06-14 09:00:00,185,6,204.0,26.0,179.0,131.57142857142858,180.27929330473137,24.28344449401999,179.39356827614614,21.669363636132893,175.34068102410214,83.05029737005341,172.28870824906133,55.607638927020574
2021-06-14 10:00:00,180,6,185.0,23.0,176.0,129.42857142857142,179.025947184481,24.28344449401999,177.33715114875108,21.669363636132893,177.05886272479998,83.05029737005341,172.4647939259609,55.607638927020574
2021-06-14 11:00:00,190,6,180.0,22.0,170.0,130.28571428571428,184.97668599031087,24.28344449401999,185.65991304706992,21.669363636132893,174.33576568485847,83.05029737005341,173.3574950724667,55.607638927020574
2021-06-14 12:00:00,140,6,190.0,27.0,129.0,96.28571428571429,135.6493585585477,24.28344449401999,131.38595404304127,21.669363636132893,122.82291453801197,83.05029737005341,91.31322626555713,55.607638927020574
2021-06-14 13:00:00,192,6,140.0,25.0,182.0,129.57142857142858,184.05203141447979,24.28344449401999,184.65547816298061,21.669363636132893,175.76535421067695,83.05029737005341,176.1414930904753,55.607638927020574
2021-06-14 14:00:00,185,6,192.0,23.0,180.0,128.71428571428572,185.312834376651,24.28344449401999,184.33007489691477,21.669363636132893,175.93910394942603,83.05029737005341,171.98453070653457,55.607638927020574
2021-06-14 15:00:00,192,6,185.0,23.0,175.0,127.57142857142857,187.37718772504695,24.28344449401999,187.28415873916282,21.669363636132893,173.73552417190885,83.05029737005341,172.21249069360914,55.607638927020574
2021-06-14 16:00:00,180,6,192.0,27.0,173.0,124.42857142857143,178.17683757082372,24.28344449401999,176.54739853804924,21.669363636132893,170.33066544114146,83.05029737005341,166.51343133257782,55.607638927020574
2021-06-14 17:00:00,179,6,180.0,22.0,151.0,117.14285714285714,173.6997941737469,24.28344449401999,171.47998762073556,21.669363636132893,157.87919178565355,83.05029737005341,162.25876812311907,55.607638927020574
2021-06-14 18:00:00,182,6,179.0,22.0,158.0,113.57142857142857,176.98634276029063,24.28344449401999,175.89723426584652,21.669363636132893,163.92156071665693,83.05029737005341,164.31193330650132,55.607638927020574
2021-06-14 19:00:00,164,6,182.0,26.0,147.0,110.42857142857143,162.0010387015298,24.28344449401999,164.17741808276654,21.669363636132893,152.8911395896141,83.05029737005341,152.42938913657486,55.607638927020574
2021-06-14 20:00:00,126,6,164.0,22.0,114.0,97.28571428571429,122.23753510573214,24.28344449401999,121.89560081409782,21.669363636132893,117.4333434030084,83.05029737005341,113.79758295461986,55.607638927020574
2021-06-14 21:00:00,125,6,126.0,23.0,113.0,94.0,123.3965950774055,24.28344449401999,121.41801501743291,21.669363636132893,114.47017824888535,83.05029737005341,118.2521614183002,55.607638927020574
2021-06-14 22:00:00,129,6,125.0,25.0,100.0,86.57142857142857,125.14503135269834,24.28344449401999,123.49937728980593,21.669363636132893,101.95733973847885,83.05029737005341,86.46031864234129,55.607638927020574
2021-06-14 23:00:00,118,6,129.0,26.0,110.0,86.85714285714286,119.37713676571171,24.28344449401999,117.91236476967927,21.669363636132893,110.75804279643111,83.05029737005341,109.35547714168985,55.607638927020574
2021-06-15 00:00:00,83,6,118.0,22.0,64.0,55.857142857142854,82.89248756021162,24.28344449401999,82.03110326919389,21.669363636132893,73.3539484541026,83.05029737005341,72.33038799360729,55.607638927020574
2021-06-15 01:00:00,116,6,83.0,23.0,110.0,84.14285714285714,112.50904634967719,24.28344449401999,109.70347106859292,21.669363636132893,122.10678976716675,83.05029737005341,95.24986946458421,55.607638927020574
2021-06-15 02:00:00,121,6,116.0,27.0,111.0,86.14285714285714,119.7223746596235,24.28344449401999,116.1714621956556,21.669363636132893,123.96195062447447,83.05029737005341,115.25933107321828,55.607638927020574
2021-06-15 03:00:00,123,6,121.0,22.0,105.0,83.57142857142857,120.32367558003384,24.28344449401999,119.25391412893735,21.669363636132893,121.65958831493445,83.05029737005341,114.9165356534447,55.607638927020574
2021-06-15 04:00:00,122,6,123.0,24.0,110.0,84.71428571428571,118.70420698839887,24.28344449401999,119.60451866925996,21.669363636132893,122.12760635600362,83.05029737005341,112.91981251027646,55.607638927020574
2021-06-15 05:00:00,112,6,122.0,27.0,101.0,79.0,112.53597768831597,24.28344449401999,111.04483334118052,21.669363636132893,116.86408927734217,83.05029737005341,96.69934755595658,55.607638927020574
2021-06-15 06:00:00,121,6,112.0,25.0,109.0,83.71428571428571,118.20478334658588,24.28344449401999,115.84319912752292,21.669363636132893,123.92917510931014,83.05029737005341,114.37115243773896,55.607638927020574
2021-06-15 07:00:00,150,6,121.0,112.0,117.0,110.42857142857143,144.55109456673583,24.28344449401999,145.89730642070404,21.669363636132893,139.54489462768333,83.05029737005341,134.3959764349394,55.607638927020574
2021-06-15 08:00:00,198,6,150.0,204.0,161.0,132.14285714285714,192.8144277773079,24.28344449401999,193.5634805191992,21.669363636132893,189.1289565528756,83.05029737005341,187.02735355138566,55.607638927020574
2021-06-15 09:00:00,195,6,198.0,185.0,165.0,132.42857142857142,192.0012169904412,24.28344449401999,190.50890053161885,21.669363636132893,181.41213414086778,83.05029737005341,182.25972597366987,55.607638927020574
2021-06-15 10:00:00,181,6,195.0,180.0,153.0,130.0,181.55565139417823,24.28344449401999,178.65131919803048,21.669363636132893,168.22622921227253,83.05029737005341,172.95931521782947,55.607638927020574
2021-06-15 11:00:00,184,6,181.0,190.0,171.0,133.14285714285714,184.74889732613565,24.28344449401999,183.43335165085435,21.669363636132893,178.50857317893335,83.05029737005341,179.4744631904045,55.607638927020574
2021-06-15 12:00:00,128,6,184.0,140.0,124.0,97.85714285714286,129.16044794745707,24.28344449401999,126.31977509725132,21.669363636132893,130.57760130822723,83.05029737005341,126.52427769002989,55.607638927020574
2021-06-15 13:00:00,177,6,128.0,192.0,174.0,131.0,176.82399901537468,24.28344449401999,177.45800536672098,21.669363636132893,177.78454364230743,83.05029737005341,177.3355667124248,55.607638927020574
2021-06-15 14:00:00,182,6,177.0,185.0,176.0,129.42857142857142,179.85194641400687,24.28344449401999,178.53552461522554,21.669363636132893,175.3789241862697,83.05029737005341,175.35568256511203,55.607638927020574
2021-06-15 15:00:00,176,6,182.0,192.0,180.0,130.0,175.4373017857973,24.28344449401999,172.65147666508662,21.669363636132893,172.44061259028558,83.05029737005341,169.5429250902296,55.607638927020574
2021-06-15 16:00:00,181,6,176.0,180.0,166.0,125.42857142857143,176.13736350032602,24.28344449401999,175.67511773493536,21.669363636132893,166.36839738207212,83.05029737005341,171.9841395843484,55.607638927020574
2021-06-15 17:00:00,159,6,181.0,179.0,161.0,121.14285714285714,161.5261029302329,24.28344449401999,161.12875943117433,21.669363636132893,159.11342653177763,83.05029737005341,164.53048601866524,55.607638927020574
2021-06-15 18:00:00,170,6,159.0,182.0,157.0,117.0,170.29510909331077,24.28344449401999,166.68476958061436,21.669363636132893,160.54965946781806,83.05029737005341,163.4798135223436,55.607638927020574
2021-06-15 19:00:00,162,6,170.0,164.0,155.0,112.85714285714286,160.45148456007988,24.28344449401999,158.84182775012746,21.669363636132893,153.55946674319512,83.05029737005341,153.20906477355055,55.607638927020574
2021-06-15 20:00:00,133,6,162.0,126.0,134.0,99.0,130.5794193525124,24.28344449401999,128.52458712541994,21.669363636132893,125.82627020452301,83.05029737005341,117.84413182222721,55.607638927020574
2021-06-15 21:00:00,131,6,133.0,125.0,132.0,95.71428571428571,131.0600054995808,24.28344449401999,129.70173716651234,21.669363636132893,123.15458231109098,83.05029737005341,121.18548211279433,55.607638927020574
2021-06-15 22:00:00,123,6,131.0,129.0,115.0,90.71428571428571,122.8107903377315,24.28344449401999,122.31329756912672,21.669363636132893,112.6027753141788,83.05029737005341,115.96537112089942,55.607638927020574
2021-06-15 23:00:00,120,6,123.0,118.0,114.0,88.0,119.63524209463112,24.28344449401999,121.11889337924526,21.669363636132893,114.58949001830969,83.05029737005341,113.6025574522372,55.607638927020574
2021-06-16 00:00:00,76,6,120.0,83.0,72.0,58.57142857142857,71.51868974330336,24.28344449401999,70.65761087045239,21.669363636132893,78.32772161820928,83.05029737005341,72.14236362221745,55.607638927020574
2021-06-16 01:00:00,120,6,76.0,116.0,103.0,85.0,116.83771023020611,24.28344449401999,116.49167048150679,21.669363636132893,114.78043731208069,83.05029737005341,115.44178687360186,55.607638927020574
2021-06-16 02:00:00,117,6,120.0,121.0,107.0,87.57142857142857,116.71780127365993,24.28344449401999,115.70909100687717,21.669363636132893,117.42178266556004,83.05029737005341,119.92951040549005,55.607638927020574
2021-06-16 03:00:00,114,6,117.0,123.0,113.0,86.14285714285714,116.74599724046665,24.28344449401999,117.19036734841814,21.669363636132893,111.85274316231899,83.05029737005341,117.49583140583543,55.607638927020574
2021-06-16 04:00:00,118,6,114.0,122.0,101.0,86.42857142857143,115.3861920588615,24.28344449401999,115.35608002982895,21.669363636132893,119.14725033176784,83.05029737005341,119.41921280981386,55.607638927020574
2021-06-16 05:00:00,111,6,118.0,112.0,91.0,80.57142857142857,110.77442568448858,24.28344449401999,110.69885266991506,21.669363636132893,115.1503369643984,83.05029737005341,100.86071309551996,55.607638927020574
2021-06-16 06:00:00,121,6,111.0,121.0,106.0,85.42857142857143,119.25913800247062,24.28344449401999,118.83817435119535,21.669363636132893,112.43607159930824,83.05029737005341,118.77058828080744,55.607638927020574
2021-06-16 07:00:00,161,6,121.0,150.0,150.0,115.14285714285714,156.42224639490365,24.28344449401999,156.65588288319137,21.669363636132893,116.3995535921116,83.05029737005341,153.0051376639156,55.607638927020574
2021-06-16 08:00:00,185,6,161.0,198.0,174.0,137.42857142857142,194.1338580176907,24.28344449401999,191.3820914858282,21.669363636132893,146.16800200982328,83.05029737005341,186.0218969963779,55.607638927020574
2021-06-16 09:00:00,192,6,185.0,195.0,179.0,136.71428571428572,176.65530960405366,24.28344449401999,176.0311473631767,21.669363636132893,141.62160061590433,83.05029737005341,184.65040622119736,55.607638927020574
2021-06-16 10:00:00,193,6,192.0,181.0,180.0,134.0,188.35613907666865,24.28344449401999,187.22676403683343,21.669363636132893,133.8389559322444,83.05029737005341,177.33098753364646,55.607638927020574
2021-06-16 11:00:00,186,6,193.0,184.0,178.0,135.0,182.41239967837637,24.28344449401999,179.3160160973534,21.669363636132893,136.29509615284522,83.05029737005341,174.50916919641259,55.607638927020574
2021-06-16 12:00:00,120,6,186.0,128.0,122.0,98.42857142857143,121.04836108154143,24.28344449401999,121.53089520268071,21.669363636132893,103.93295003871846,83.05029737005341,128.92532715436647,55.607638927020574
2021-06-16 13:00:00,175,6,120.0,177.0,181.0,131.42857142857142,174.70575936800373,24.28344449401999,174.90706441195164,21.669363636132893,124.4710517654769,83.05029737005341,173.16280377720275,55.607638927020574
2021-06-16 14:00:00,174,6,175.0,182.0,170.0,130.28571428571428,178.06175943225128,24.28344449401999,176.99743344434032,21.669363636132893,128.33407629518075,83.05029737005341,177.5744965430259,55.607638927020574
2021-06-16 15:00:00,180,6,174.0,176.0,170.0,129.42857142857142,178.4352561452215,24.28344449401999,174.37574194667957,21.669363636132893,124.16151851144119,83.05029737005341,174.17505202713323,55.607638927020574
2021-06-16 16:00:00,177,6,180.0,181.0,159.0,127.57142857142857,169.1201201073052,24.28344449401999,170.82856714580726,21.669363636132893,112.97185275110466,83.05029737005341,172.62504088878484,55.607638927020574
2021-06-16 17:00:00,177,6,177.0,159.0,161.0,120.85714285714286,173.6942076070012,24.28344449401999,173.37562994446586,21.669363636132893,118.23527048041117,83.05029737005341,152.74527273334544,55.607638927020574
2021-06-16 18:00:00,177,6,177.0,170.0,161.0,118.85714285714286,177.79516451248548,24.28344449401999,175.18186941833093,21.669363636132893,121.31997326380365,83.05029737005341,168.44058561818113,55.607638927020574
2021-06-16 19:00:00,152,6,177.0,162.0,148.0,113.85714285714286,155.7216153165423,24.28344449401999,154.32638503917818,21.669363636132893,103.59609025913325,83.05029737005341,151.15274289004722,55.607638927020574
2021-06-16 20:00:00,120,6,152.0,133.0,113.0,98.85714285714286,119.88690535711025,24.28344449401999,119.47358587944234,21.669363636132893,96.0283613658836,83.05029737005341,117.50827800205667,55.607638927020574
2021-06-16 21:00:00,123,6,120.0,131.0,110.0,95.57142857142857,123.43574886927743,24.28344449401999,122.79583338151029,21.669363636132893,92.35691276128235,83.05029737005341,112.50850835680643,55.607638927020574
2021-06-16 22:00:00,107,6,123.0,123.0,109.0,91.85714285714286,111.91209716306362,24.28344449401999,114.17992733329349,21.669363636132893,92.5481315264142,83.05029737005341,114.10467484575608,55.607638927020574
2021-06-16 23:00:00,119,6,107.0,120.0,106.0,88.85714285714286,119.23325459411586,24.28344449401999,116.63566535360748,21.669363636132893,99.796272356144,83.05029737005341,82.67665146631111,55.607638927020574
2021-06-17 00:00:00,72,6,119.0,76.0,67.0,59.142857142857146,71.07981139374736,24.28344449401999,64.46123135750949,21.669363636132893,72.36606143296055,83.05029737005341,76.47579790645835,55.607638927020574
2021-06-17 01:00:00,118,6,72.0,120.0,107.0,87.42857142857143,117.63911266694447,24.28344449401999,114.82292593622128,21.669363636132893,116.42087060984643,83.05029737005341,119.25496978235604,55.607638927020574
2021-06-17 02:00:00,117,6,118.0,117.0,109.0,89.0,117.82254999926029,24.28344449401999,117.03069562940127,21.669363636132893,117.08047924401382,83.05029737005341,120.76428981666311,55.607638927020574
2021-06-17 03:00:00,120,6,117.0,114.0,104.0,86.28571428571429,118.36583108155713,24.28344449401999,116.62051022903499,21.669363636132893,118.48431742068796,83.05029737005341,121.56879622228884,55.607638927020574
2021-06-17 04:00:00,115,6,120.0,118.0,108.0,88.85714285714286,116.36880875529576,24.28344449401999,117.10422356348356,21.669363636132893,116.1551559800074,83.05029737005341,120.55960951684622,55.607638927020574
2021-06-17 05:00:00,112,6,115.0,111.0,98.0,83.42857142857143,111.25584482551632,24.28344449401999,110.56295311139532,21.669363636132893,115.29659268142436,83.05029737005341,116.89414418755939,55.607638927020574
2021-06-17 06:00:00,126,6,112.0,121.0,107.0,87.57142857142857,125.55167640312911,24.28344449401999,124.14183021899429,21.669363636132893,116.99475438047705,83.05029737005341,123.84371771810508,55.607638927020574
2021-06-17 07:00:00,162,6,126.0,161.0,131.0,116.71428571428571,159.55526629055387,24.28344449401999,158.50744966871315,21.669363636132893,141.42988930217905,83.05029737005341,146.65441975177822,55.607638927020574
2021-06-17 08:00:00,197,6,162.0,185.0,165.0,139.0,192.8496276059714,24.28344449401999,190.39485385547366,21.669363636132893,153.5749945720789,83.05029737005341,181.99798947619362,55.607638927020574
2021-06-17 09:00:00,188,6,197.0,192.0,169.0,138.57142857142858,187.72205766582087,24.28344449401999,184.31908024524392,21.669363636132893,147.4778149848144,83.05029737005341,180.4222398940788,55.607638927020574
2021-06-17 10:00:00,177,6,188.0,193.0,177.0,135.85714285714286,176.33857955744904,24.28344449401999,175.47850912860386,21.669363636132893,144.12879766784945,83.05029737005341,176.6029048532914,55.607638927020574
2021-06-17 11:00:00,190,6,177.0,186.0,168.0,136.14285714285714,187.2296574238729,24.28344449401999,185.8752766630452,21.669363636132893,145.38442757015147,83.05029737005341,181.26613289463018,55.607638927020574
2021-06-17 12:00:00,123,6,190.0,120.0,125.0,98.14285714285714,122.50449661337478,24.28344449401999,121.3861403269895,21.669363636132893,118.65457849201324,83.05029737005341,127.45120107497104,55.607638927020574
2021-06-17 13:00:00,192,6,123.0,175.0,158.0,130.57142857142858,191.352669973683,24.28344449401999,189.65578498789375,21.669363636132893,137.91940689659037,83.05029737005341,180.5597112219683,55.607638927020574
2021-06-17 14:00:00,189,6,192.0,174.0,169.0,130.85714285714286,185.87575457443995,24.28344449401999,184.40529004649517,21.669363636132893,137.12286411692136,83.05029737005341,176.08568068821575,55.607638927020574
2021-06-17 15:00:00,179,6,189.0,180.0,162.0,130.85714285714286,181.10273841977065,24.28344449401999,180.6048374275016,21.669363636132893,135.7566317746834,83.05029737005341,175.29275347352228,55.607638927020574
2021-06-17 16:00:00,174,6,179.0,177.0,156.0,130.14285714285714,174.29578643136196,24.28344449401999,172.4094313796493,21.669363636132893,125.8063329799653,83.05029737005341,165.37073555781026,55.607638927020574
2021-06-17 17:00:00,158,6,174.0,177.0,143.0,123.14285714285714,157.67058931688905,24.28344449401999,157.2803942956955,21.669363636132893,120.54377399223665,83.05029737005341,155.47390218108802,55.607638927020574
2021-06-17 18:00:00,177,6,158.0,177.0,123.0,121.14285714285714,172.9168808863578,24.28344449401999,172.07272082784556,21.669363636132893,144.19926867793575,83.05029737005341,160.20759169928684,55.607638927020574
2021-06-17 19:00:00,169,6,177.0,152.0,128.0,114.42857142857143,166.61723223108496,24.28344449401999,165.54562556116315,21.669363636132893,135.09625690494386,83.05029737005341,149.1068093383755,55.607638927020574
2021-06-17 20:00:00,143,6,169.0,120.0,145.0,99.85714285714286,145.27228276990363,24.28344449401999,144.76733007527514,21.669363636132893,112.5224460801184,83.05029737005341,131.59643462456282,55.607638927020574
2021-06-17 21:00:00,134,6,143.0,123.0,141.0,97.42857142857143,133.80206913433557,24.28344449401999,132.79885940626485,21.669363636132893,109.69959826123053,83.05029737005341,111.19700315698364,55.607638927020574
2021-06-17 22:00:00,128,6,134.0,107.0,124.0,91.57142857142857,126.5746337668628,24.28344449401999,125.2541851970825,21.669363636132893,107.50883831125475,83.05029737005341,117.35543653743822,55.607638927020574
2021-06-17 23:00:00,125,6,128.0,119.0,115.0,90.71428571428571,123.03360511925425,24.28344449401999,121.94153055151811,21.669363636132893,104.36218234724744,83.05029737005341,116.24551010207156,55.607638927020574
2021-06-18 00:00:00,90,6,125.0,72.0,72.0,59.857142857142854,87.31045473660744,24.28344449401999,84.94288021159467,21.669363636132893,83.77276986906853,83.05029737005341,71.21481283937644,55.607638927020574
2021-06-18 01:00:00,117,6,90.0,118.0,113.0,89.0,116.63212506787889,24.28344449401999,117.19539293573156,21.669363636132893,114.3779453906293,83.05029737005341,120.11074513128203,55.607638927020574
2021-06-18 02:00:00,121,6,117.0,117.0,111.0,90.14285714285714,121.03244202202194,24.28344449401999,121.2077963789434,21.669363636132893,118.13660414855985,83.05029737005341,120.64871333131383,55.607638927020574
2021-06-18 03:00:00,126,6,121.0,120.0,107.0,88.57142857142857,123.35251390200439,24.28344449401999,123.05861632020772,21.669363636132893,119.81203451763669,83.05029737005341,121.29672647143626,55.607638927020574
2021-06-18 04:00:00,117,6,126.0,115.0,114.0,89.85714285714286,118.37928206150019,24.28344449401999,118.02668286404017,21.669363636132893,116.22595210882834,83.05029737005341,101.91839391265115,55.607638927020574
2021-06-18 05:00:00,120,6,117.0,112.0,103.0,85.42857142857143,117.03868389155062,24.28344449401999,116.03716233337632,21.669363636132893,117.97687631395368,83.05029737005341,101.0032756316677,55.607638927020574
2021-06-18 06:00:00,123,6,120.0,126.0,107.0,90.28571428571429,122.94214572944395,24.28344449401999,121.91090867115312,21.669363636132893,115.53548873371017,83.05029737005341,123.21823330590445,55.607638927020574
2021-06-18 07:00:00,157,6,123.0,162.0,149.0,121.14285714285714,154.64775647310415,24.28344449401999,150.6701618778833,21.669363636132893,115.35728538026993,83.05029737005341,154.26358035016136,55.607638927020574
2021-06-18 08:00:00,177,6,157.0,197.0,175.0,143.57142857142858,175.5067301067102,24.28344449401999,175.02993837405228,21.669363636132893,135.74144766252908,83.05029737005341,178.29618008263995,55.607638927020574
2021-06-18 09:00:00,186,6,177.0,188.0,175.0,141.28571428571428,182.11512665658228,24.28344449401999,180.76769825883622,21.669363636132893,130.72392058050858,83.05029737005341,170.9207663965139,55.607638927020574
2021-06-18 10:00:00,179,6,186.0,177.0,168.0,135.85714285714286,175.62899020873016,24.28344449401999,175.3512386795738,21.669363636132893,124.84358919032955,83.05029737005341,171.62652235727182,55.607638927020574
2021-06-18 11:00:00,185,6,179.0,190.0,174.0,139.28571428571428,180.6623909372833,24.28344449401999,178.3253322450143,21.669363636132893,129.40957977317424,83.05029737005341,171.10426325355468,55.607638927020574
2021-06-18 12:00:00,124,6,185.0,123.0,122.0,97.85714285714286,122.54351943425624,24.28344449401999,122.35946338931475,21.669363636132893,107.71913808133687,83.05029737005341,106.78564946982542,55.607638927020574
2021-06-18 13:00:00,180,6,124.0,192.0,160.0,135.42857142857142,177.92345587878873,24.28344449401999,177.9578777838831,21.669363636132893,127.76687996307031,83.05029737005341,170.48140711279657,55.607638927020574
2021-06-18 14:00:00,170,6,180.0,189.0,160.0,133.71428571428572,168.72181448739263,24.28344449401999,168.49018476612693,21.669363636132893,119.78875470074577,83.05029737005341,168.7389849851358,55.607638927020574
2021-06-18 15:00:00,170,6,170.0,179.0,160.0,133.28571428571428,168.84964721763535,24.28344449401999,169.03996058934706,21.669363636132893,114.61954310190657,83.05029737005341,163.006517131157,55.607638927020574
2021-06-18 16:00:00,174,6,170.0,174.0,163.0,132.71428571428572,170.8486537270062,24.28344449401999,168.12809886892626,21.669363636132893,116.8690669752675,83.05029737005341,163.95488837949642,55.607638927020574
2021-06-18 17:00:00,164,6,174.0,158.0,159.0,125.28571428571429,162.94471295565015,24.28344449401999,161.65362017997919,21.669363636132893,109.52494101747578,83.05029737005341,159.98671739717054,55.607638927020574
2021-06-18 18:00:00,154,6,164.0,177.0,152.0,128.85714285714286,152.79937468057093,24.28344449401999,152.98781323140324,21.669363636132893,100.20931358251862,83.05029737005341,152.80699108671683,55.607638927020574
2021-06-18 19:00:00,142,6,154.0,169.0,142.0,120.28571428571429,139.35241001161634,24.28344449401999,141.0785647374055,21.669363636132893,105.6285590450953,83.05029737005341,137.78035889894787,55.607638927020574
2021-06-18 20:00:00,124,6,142.0,143.0,130.0,99.57142857142857,121.19916573951839,24.28344449401999,122.51035858677342,21.669363636132893,95.0289267061055,83.05029737005341,112.20491724005242,55.607638927020574
2021-06-18 21:00:00,121,6,124.0,134.0,116.0,96.42857142857143,121.25002683232175,24.28344449401999,120.42866872589353,21.669363636132893,90.353305564153,83.05029737005341,108.90306576224297,55.607638927020574
2021-06-18 22:00:00,117,6,121.0,128.0,110.0,92.14285714285714,117.03049315191035,24.28344449401999,116.67792239318845,21.669363636132893,88.21261955014168,83.05029737005341,106.1261343348926,55.607638927020574
2021-06-18 23:00:00,120,6,117.0,125.0,110.0,92.14285714285714,118.06470280434496,24.28344449401999,115.97624935717292,21.669363636132893,89.93016314435754,83.05029737005341,106.7499109707414,55.607638927020574
2021-06-19 00:00:00,70,6,120.0,90.0,71.0,62.42857142857143,53.24429255319181,24.28344449401999,59.68743585594676,21.669363636132893,53.06646206083861,83.05029737005341,66.65127875534262,55.607638927020574
2021-06-19 01:00:00,118,6,70.0,117.0,111.0,89.57142857142857,113.0208398351259,24.28344449401999,112.4515712918992,21.669363636132893,114.74609954909275,83.05029737005341,112.36078605369491,55.607638927020574
2021-06-19 02:00:00,119,6,118.0,121.0,111.0,91.57142857142857,116.67254869775357,24.28344449401999,116.27463886115586,21.669363636132893,115.22466830608859,83.05029737005341,115.66723026395107,55.607638927020574
2021-06-19 03:00:00,109,6,119.0,126.0,112.0,91.28571428571429,111.37141272905033,24.28344449401999,112.42539362640908,21.669363636132893,108.92755973806239,83.05029737005341,113.97168631226785,55.607638927020574
2021-06-19 04:00:00,114,6,109.0,117.0,113.0,90.28571428571429,112.12576165130086,24.28344449401999,111.69969530681622,21.669363636132893,112.05681174032202,83.05029737005341,81.15338607908727,55.607638927020574
2021-06-19 05:00:00,102,6,114.0,120.0,110.0,87.85714285714286,106.48824304293753,24.28344449401999,104.47607669944776,21.669363636132893,112.75488485421627,83.05029737005341,112.17523337484539,55.607638927020574
2021-06-19 06:00:00,109,6,102.0,123.0,106.0,92.57142857142857,110.57791100192466,24.28344449401999,108.59060520712782,21.669363636132893,110.60466878771102,83.05029737005341,113.8026486117844,55.607638927020574
2021-06-19 07:00:00,82,6,109.0,157.0,92.0,122.28571428571429,78.01581841534593,24.28344449401999,75.89243755373545,21.669363636132893,102.20804197520854,83.05029737005341,91.28421450661494,55.607638927020574
2021-06-19 08:00:00,25,6,82.0,177.0,24.0,143.85714285714286,22.25621568655195,24.28344449401999,32.12465447757487,21.669363636132893,28.481181210674972,83.05029737005341,46.54461116418413,55.607638927020574
2021-06-19 09:00:00,22,6,25.0,186.0,28.0,142.85714285714286,16.921995275780823,24.28344449401999,24.32456554652535,21.669363636132893,29.8927594259254,83.05029737005341,45.24237616798668,55.607638927020574
2021-06-19 10:00:00,22,6,22.0,179.0,29.0,137.42857142857142,21.820518243347944,24.28344449401999,22.821341137943655,21.669363636132893,27.78010396847133,83.05029737005341,47.12960314888319,55.607638927020574
2021-06-19 11:00:00,27,6,22.0,185.0,29.0,140.85714285714286,26.02383523548613,24.28344449401999,26.22728805277043,21.669363636132893,28.865757396869927,83.05029737005341,44.523028658571604,55.607638927020574
2021-06-19 12:00:00,22,6,27.0,124.0,25.0,98.14285714285714,20.174429902082604,24.28344449401999,20.55353838754615,21.669363636132893,19.138550557448315,83.05029737005341,40.58836176176983,55.607638927020574
2021-06-19 13:00:00,22,6,22.0,180.0,27.0,138.28571428571428,18.97237099016721,24.28344449401999,21.253560418070734,21.669363636132893,29.350579073823486,83.05029737005341,50.916081632170936,55.607638927020574
2021-06-19 14:00:00,27,6,22.0,170.0,23.0,135.14285714285714,23.502295553819284,24.28344449401999,26.080981174627585,21.669363636132893,34.468579405834966,83.05029737005341,50.03641523114908,55.607638927020574
2021-06-19 15:00:00,23,6,27.0,170.0,23.0,134.71428571428572,22.68101259916092,24.28344449401999,23.332254281964175,21.669363636132893,34.49985561721755,83.05029737005341,50.72680465568351,55.607638927020574
2021-06-19 16:00:00,22,6,23.0,174.0,27.0,134.28571428571428,20.63696183193943,24.28344449401999,20.404492013579894,21.669363636132893,32.45971880269577,83.05029737005341,48.60319637641377,55.607638927020574
2021-06-19 17:00:00,23,6,22.0,164.0,23.0,126.0,22.15241289107499,24.28344449401999,22.409862401316566,21.669363636132893,31.01032169639048,83.05029737005341,47.256473831632405,55.607638927020574
2021-06-19 18:00:00,27,6,23.0,154.0,22.0,129.14285714285714,24.45954839592187,24.28344449401999,24.885020639317794,21.669363636132893,27.37819794746872,83.05029737005341,47.858269846337514,55.607638927020574
2021-06-19 19:00:00,22,6,27.0,142.0,27.0,120.28571428571429,21.204746964855854,24.28344449401999,20.938225506727,21.669363636132893,30.58886225084952,83.05029737005341,55.086686753362336,55.607638927020574
2021-06-19 20:00:00,22,6,22.0,124.0,23.0,98.71428571428571,21.28494075026216,24.28344449401999,19.832110204771052,21.669363636132893,21.547350304867543,83.05029737005341,45.424828926344716,55.607638927020574
2021-06-19 21:00:00,27,6,22.0,121.0,23.0,97.14285714285714,25.163877508744196,24.28344449401999,24.741623846995008,21.669363636132893,21.098826253321487,83.05029737005341,42.30286977741818,55.607638927020574
2021-06-19 22:00:00,25,6,27.0,117.0,23.0,93.14285714285714,21.945069671625188,24.28344449401999,20.493228929976958,21.669363636132893,17.147292781348177,83.05029737005341,40.455948187612755,55.607638927020574
2021-06-19 23:00:00,22,6,25.0,120.0,27.0,93.57142857142857,25.497375933543562,24.28344449401999,21.9185755128969,21.669363636132893,17.10734328448784,83.05029737005341,43.4191455305134,55.607638927020574
2021-06-20 00:00:00,22,6,22.0,70.0,23.0,62.285714285714285,28.533385733884185,24.28344449401999,26.282591194374586,21.669363636132893,59.06073310637298,83.05029737005341,40.3672908903533,55.607638927020574
2021-06-20 01:00:00,27,6,22.0,118.0,22.0,90.57142857142857,22.511205826798534,24.28344449401999,25.504488013100143,21.669363636132893,51.79855024332755,83.05029737005341,44.447568576332344,55.607638927020574
2021-06-20 02:00:00,22,6,27.0,119.0,27.0,92.71428571428571,21.710852859248998,24.28344449401999,21.67882369564735,21.669363636132893,56.511085629787004,83.05029737005341,45.525497230061255,55.607638927020574
2021-06-20 03:00:00,22,6,22.0,109.0,22.0,90.85714285714286,20.2474822879745,24.28344449401999,20.353032155311876,21.669363636132893,54.98664160358316,83.05029737005341,44.115786837173395,55.607638927020574
2021-06-20 04:00:00,27,6,22.0,114.0,23.0,90.42857142857143,24.327405068195098,24.28344449401999,23.99179699825923,21.669363636132893,53.312533467654305,83.05029737005341,41.79255175200133,55.607638927020574
2021-06-20 05:00:00,26,6,27.0,102.0,23.0,86.71428571428571,21.525973967624076,24.28344449401999,24.37348874225711,21.669363636132893,61.39924508518563,83.05029737005341,42.70605176807324,55.607638927020574
2021-06-20 06:00:00,22,6,26.0,109.0,26.0,93.0,28.623095859516376,24.28344449401999,30.04401128799288,21.669363636132893,61.114744518452454,83.05029737005341,47.18466820278341,55.607638927020574
2021-06-20 07:00:00,22,6,22.0,82.0,22.0,120.85714285714286,28.054284885569086,24.28344449401999,31.00048484426616,21.669363636132893,77.71295388860459,83.05029737005341,52.20885595479062,55.607638927020574
2021-06-20 08:00:00,26,6,22.0,25.0,22.0,144.0,28.579392702520348,24.28344449401999,33.05454962356571,21.669363636132893,115.65589939270215,83.05029737005341,76.81501821742096,55.607638927020574
2021-06-20 09:00:00,22,6,26.0,22.0,26.0,142.0,21.65555269784351,24.28344449401999,18.205456091123736,21.669363636132893,118.0458326118462,83.05029737005341,75.46164457586168,55.607638927020574
2021-06-20 10:00:00,22,6,22.0,22.0,23.0,136.42857142857142,20.435080970939723,24.28344449401999,20.580315341571335,21.669363636132893,118.36878437221007,83.05029737005341,77.22143591496756,55.607638927020574
2021-06-20 11:00:00,27,6,22.0,27.0,22.0,140.57142857142858,28.743735968856164,24.28344449401999,28.731553474274072,21.669363636132893,117.75475895176425,83.05029737005341,77.98573940000153,55.607638927020574
2021-06-20 12:00:00,22,6,27.0,22.0,27.0,97.71428571428571,22.198960817416225,24.28344449401999,21.76355966681323,21.669363636132893,138.0160556163866,83.05029737005341,88.16791999085312,55.607638927020574
2021-06-20 13:00:00,23,6,22.0,22.0,25.0,137.57142857142858,17.090924813196573,24.28344449401999,17.80119778609746,21.669363636132893,118.68915689760463,83.05029737005341,73.68899526179445,55.607638927020574
2021-06-20 14:00:00,24,6,23.0,27.0,23.0,135.71428571428572,22.792991432503467,24.28344449401999,24.83399385344983,21.669363636132893,118.18605429017276,83.05029737005341,76.4533435098609,55.607638927020574
2021-06-20 15:00:00,28,6,24.0,23.0,23.0,134.71428571428572,24.397063244289352,24.28344449401999,28.89567141961137,21.669363636132893,117.13998670405877,83.05029737005341,72.68902872654093,55.607638927020574
2021-06-20 16:00:00,24,6,28.0,22.0,27.0,133.57142857142858,25.89323020653079,24.28344449401999,27.67833689510179,21.669363636132893,117.82114013025048,83.05029737005341,70.30725271828747,55.607638927020574
2021-06-20 17:00:00,24,6,24.0,23.0,22.0,126.0,24.031734048965816,24.28344449401999,25.432221467698106,21.669363636132893,112.11826409204875,83.05029737005341,70.23359433240185,55.607638927020574
2021-06-20 18:00:00,26,6,24.0,27.0,22.0,129.85714285714286,29.77297869561854,24.28344449401999,34.41794630007083,21.669363636132893,111.23257776876349,83.05029737005341,72.68947425816732,55.607638927020574
2021-06-20 19:00:00,23,6,26.0,22.0,26.0,119.57142857142857,27.712546617902355,24.28344449401999,28.57142783241083,21.669363636132893,113.97793374540484,83.05029737005341,70.02794716879949,55.607638927020574
2021-06-20 20:00:00,22,6,23.0,22.0,22.0,98.57142857142857,21.430629096597492,24.28344449401999,21.249213830425738,21.669363636132893,119.16064434376727,83.05029737005341,80.41307832913962,55.607638927020574
2021-06-20 21:00:00,27,6,22.0,27.0,23.0,97.71428571428571,24.71501672450668,24.28344449401999,25.46137596979382,21.669363636132893,118.86182196701176,83.05029737005341,82.56298369211676,55.607638927020574
2021-06-20 22:00:00,23,6,27.0,25.0,25.0,93.42857142857143,28.995937455565315,24.28344449401999,27.96464201358667,21.669363636132893,107.40837982700639,83.05029737005341,75.23829900231884,55.607638927020574
2021-06-20 23:00:00,23,6,23.0,22.0,26.0,92.85714285714286,20.272064330617077,24.28344449401999,20.161916163734166,21.669363636132893,104.98986847738725,83.05029737005341,75.7073035529563,55.607638927020574
2021-06-21 00:00:00,25,6,23.0,22.0,22.0,62.142857142857146,29.770687584061083,24.28344449401999,28.07492844358126,21.669363636132893,61.30022175605736,83.05029737005341,52.38035782614213,55.607638927020574
2021-06-21 01:00:00,28,6,25.0,27.0,23.0,91.28571428571429,35.99599637069049,24.28344449401999,33.47386547752575,21.669363636132893,60.99869878606942,83.05029737005341,56.20414178405616,55.607638927020574
2021-06-21 02:00:00,23,6,28.0,22.0,27.0,92.0,37.465665359443534,24.28344449401999,35.00657251513307,21.669363636132893,61.01702570724376,83.05029737005341,57.213524214410654,55.607638927020574
2021-06-21 03:00:00,23,6,23.0,22.0,22.0,90.85714285714286,26.5840415477828,24.28344449401999,27.035303878835904,21.669363636132893,60.7097216703681,83.05029737005341,55.818336887297995,55.607638927020574
2021-06-21 04:00:00,27,6,23.0,27.0,24.0,91.0,25.65527340106468,24.28344449401999,30.216315845818574,21.669363636132893,60.89330289514682,83.05029737005341,57.156653220338285,55.607638927020574
2021-06-21 05:00:00,23,6,27.0,26.0,27.0,87.14285714285714,28.431204800927436,24.28344449401999,30.62388418444287,21.669363636132893,60.97397109323884,83.05029737005341,51.119451864761984,55.607638927020574
2021-06-21 06:00:00,23,6,23.0,22.0,25.0,92.42857142857143,24.36836391224556,24.28344449401999,26.10386746536,21.669363636132893,64.19317083309753,83.05029737005341,57.67714305290292,55.607638927020574
2021-06-21 07:00:00,101,6,23.0,22.0,112.0,120.85714285714286,64.4985705238122,24.28344449401999,70.24263529531369,21.669363636132893,90.09515659904801,83.05029737005341,77.43173014279063,55.607638927020574
2021-06-21 08:00:00,208,6,101.0,26.0,204.0,144.57142857142858,202.2051690398534,24.28344449401999,200.52485316782204,21.669363636132893,185.35964914274425,83.05029737005341,169.6398526804864,55.607638927020574
2021-06-21 09:00:00,194,6,208.0,22.0,185.0,141.42857142857142,175.7874138494216,24.28344449401999,172.77691761806477,21.669363636132893,187.2026385361126,83.05029737005341,178.79673674185412,55.607638927020574
2021-06-21 10:00:00,202,6,194.0,22.0,180.0,136.28571428571428,185.4008106217006,24.28344449401999,185.113666878387,21.669363636132893,184.03870629455528,83.05029737005341,181.03295938541163,55.607638927020574
2021-06-21 11:00:00,191,6,202.0,27.0,190.0,141.28571428571428,187.93905267877787,24.28344449401999,187.1333814904726,21.669363636132893,186.7451953050707,83.05029737005341,178.8011177135223,55.607638927020574
2021-06-21 12:00:00,132,6,191.0,22.0,140.0,97.0,130.71950756944997,24.28344449401999,132.26052543671767,21.669363636132893,144.6685604776317,83.05029737005341,131.57751065773832,55.607638927020574
2021-06-21 13:00:00,199,6,132.0,23.0,192.0,137.28571428571428,187.73541557840008,24.28344449401999,188.5267886255297,21.669363636132893,186.26951278622096,83.05029737005341,179.91890407744503,55.607638927020574
2021-06-21 14:00:00,201,6,199.0,24.0,185.0,135.85714285714286,190.11365774022693,24.28344449401999,190.36623664579733,21.669363636132893,184.0420874477095,83.05029737005341,181.0915851535248,55.607638927020574
2021-06-21 15:00:00,184,6,201.0,28.0,192.0,135.42857142857142,180.75307375602975,24.28344449401999,181.9746512818522,21.669363636132893,180.87331375998136,83.05029737005341,176.32968930123698,55.607638927020574
2021-06-21 16:00:00,164,6,184.0,24.0,180.0,133.14285714285714,169.33673482823858,24.28344449401999,168.5554215985194,21.669363636132893,172.34367503930085,83.05029737005341,165.0530137310736,55.607638927020574
2021-06-21 17:00:00,162,6,164.0,24.0,179.0,126.28571428571429,162.9674657454871,24.28344449401999,163.87435048952705,21.669363636132893,170.03804872420022,83.05029737005341,165.30485837763308,55.607638927020574
2021-06-21 18:00:00,157,6,162.0,26.0,182.0,130.42857142857142,157.70815391011158,24.28344449401999,159.71809454396706,21.669363636132893,166.2863525884809,83.05029737005341,163.68144803927726,55.607638927020574
2021-06-21 19:00:00,159,6,157.0,23.0,164.0,119.14285714285714,155.39376906581296,24.28344449401999,157.01287260096805,21.669363636132893,163.74065974286484,83.05029737005341,161.32807773905697,55.607638927020574
2021-06-21 20:00:00,134,6,159.0,22.0,126.0,98.57142857142857,127.75026331410514,24.28344449401999,128.51658368144732,21.669363636132893,123.63577654448387,83.05029737005341,126.11915608426091,55.607638927020574
2021-06-21 21:00:00,133,6,134.0,27.0,125.0,98.28571428571429,127.07155344524641,24.28344449401999,129.85941107125302,21.669363636132893,119.11568015361716,83.05029737005341,123.39315372476102,55.607638927020574
2021-06-21 22:00:00,121,6,133.0,23.0,129.0,93.14285714285714,119.28959810347142,24.28344449401999,120.73615602960739,21.669363636132893,119.8680983690304,83.05029737005341,121.11311662778841,55.607638927020574
2021-06-21 23:00:00,130,6,121.0,23.0,118.0,92.42857142857143,124.72313685704702,24.28344449401999,125.32606309578817,21.669363636132893,110.53209841063928,83.05029737005341,119.5501613716369,55.607638927020574
2021-06-22 00:00:00,74,6,130.0,25.0,83.0,62.57142857142857,78.7516046704768,24.28344449401999,80.35025999740283,21.669363636132893,84.83353369207123,83.05029737005341,87.79797698980629,55.607638927020574
2021-06-22 01:00:00,118,6,74.0,28.0,116.0,92.0,114.72293442658962,24.28344449401999,115.07558294710749,21.669363636132893,119.2172138690429,83.05029737005341,120.03941958153108,55.607638927020574
2021-06-22 02:00:00,120,6,118.0,23.0,121.0,91.42857142857143,120.89680062268518,24.28344449401999,121.48819774031391,21.669363636132893,121.17331475440297,83.05029737005341,108.43177087483343,55.607638927020574
2021-06-22 03:00:00,123,6,120.0,23.0,123.0,91.0,119.02913366911957,24.28344449401999,119.28237781361001,21.669363636132893,121.72330317753045,83.05029737005341,120.86567411608671,55.607638927020574
2021-06-22 04:00:00,121,6,123.0,27.0,122.0,91.42857142857143,119.76255733118944,24.28344449401999,120.67882171554223,21.669363636132893,120.59611660901355,83.05029737005341,123.6637406169398,55.607638927020574
2021-06-22 05:00:00,112,6,121.0,23.0,112.0,86.57142857142857,112.68828583883655,24.28344449401999,115.36023074734825,21.669363636132893,118.37657301550315,83.05029737005341,112.05074038239584,55.607638927020574
2021-06-22 06:00:00,117,6,112.0,23.0,121.0,92.14285714285714,118.33350854144663,24.28344449401999,118.59931494647677,21.669363636132893,121.90418887977282,83.05029737005341,123.66540702846785,55.607638927020574
2021-06-22 07:00:00,162,6,117.0,101.0,150.0,119.28571428571429,159.6803988204308,24.28344449401999,157.95461159246878,21.669363636132893,153.9824296840184,83.05029737005341,154.12076175606484,55.607638927020574
2021-06-22 08:00:00,178,6,162.0,208.0,198.0,145.14285714285714,178.67919945231338,24.28344449401999,181.17097797766496,21.669363636132893,176.6346352114283,83.05029737005341,173.63658464567925,55.607638927020574
2021-06-22 09:00:00,176,6,178.0,194.0,195.0,142.71428571428572,176.90933821108274,24.28344449401999,174.90418145307186,21.669363636132893,170.87051126616606,83.05029737005341,181.01158238173366,55.607638927020574
2021-06-22 10:00:00,189,6,176.0,202.0,181.0,139.42857142857142,184.85558617200792,24.28344449401999,184.90778395549953,21.669363636132893,177.29127558490632,83.05029737005341,179.42217947102736,55.607638927020574
2021-06-22 11:00:00,180,6,189.0,191.0,184.0,141.42857142857142,181.6517878659739,24.28344449401999,180.7898050455367,21.669363636132893,172.79818325889815,83.05029737005341,178.05895796611372,55.607638927020574
2021-06-22 12:00:00,122,6,180.0,132.0,128.0,95.85714285714286,124.54537308097075,24.28344449401999,123.93130006970206,21.669363636132893,124.65066746258677,83.05029737005341,128.12151055529674,55.607638927020574
2021-06-22 13:00:00,186,6,122.0,199.0,177.0,138.28571428571428,186.05442460699174,24.28344449401999,184.86267756781197,21.669363636132893,177.1284604975845,83.05029737005341,176.04248251603357,55.607638927020574
2021-06-22 14:00:00,172,6,186.0,201.0,182.0,138.14285714285714,172.8202020312558,24.28344449401999,173.64817758552743,21.669363636132893,169.29126690619785,83.05029737005341,176.5261659941824,55.607638927020574
2021-06-22 15:00:00,171,6,172.0,184.0,176.0,134.28571428571428,171.07747166240017,24.28344449401999,170.09079061802248,21.669363636132893,163.56010729703527,83.05029737005341,165.98443254888315,55.607638927020574
2021-06-22 16:00:00,175,6,171.0,164.0,181.0,130.85714285714286,172.350263030206,24.28344449401999,170.86896687212612,21.669363636132893,162.50210885881026,83.05029737005341,165.62923538859584,55.607638927020574
2021-06-22 17:00:00,159,6,175.0,162.0,159.0,123.85714285714286,160.56619660736433,24.28344449401999,159.55471878784869,21.669363636132893,155.24480330594034,83.05029737005341,154.1575739933052,55.607638927020574
2021-06-22 18:00:00,164,6,159.0,157.0,170.0,126.85714285714286,162.11925429373062,24.28344449401999,163.07564028495634,21.669363636132893,158.49482094722495,83.05029737005341,160.8530762832336,55.607638927020574
2021-06-22 19:00:00,174,6,164.0,159.0,162.0,118.42857142857143,170.2315116660156,24.28344449401999,169.70407637467355,21.669363636132893,158.29090331394062,83.05029737005341,166.40859202734958,55.607638927020574
2021-06-22 20:00:00,134,6,174.0,134.0,133.0,99.71428571428571,132.82107152736822,24.28344449401999,131.470621624319,21.669363636132893,129.56033834733455,83.05029737005341,125.64081832890817,55.607638927020574
2021-06-22 21:00:00,128,6,134.0,133.0,131.0,99.42857142857143,127.95602002961657,24.28344449401999,127.17115907942153,21.669363636132893,125.2157164767609,83.05029737005341,121.0344024504071,55.607638927020574
2021-06-22 22:00:00,122,6,128.0,121.0,123.0,92.0,120.78787507558016,24.28344449401999,120.88408467423226,21.669363636132893,120.80005035375112,83.05029737005341,117.20234914408074,55.607638927020574
2021-06-22 23:00:00,131,6,122.0,130.0,120.0,94.14285714285714,127.18474908657976,24.28344449401999,126.04305773439509,21.669363636132893,118.1808902260007,83.05029737005341,116.23629638231645,55.607638927020574
2021-06-23 00:00:00,70,6,131.0,74.0,76.0,61.285714285714285,70.1670954539692,24.28344449401999,73.60114461088487,21.669363636132893,75.08135980732357,83.05029737005341,78.99365279593448,55.607638927020574
2021-06-23 01:00:00,106,6,70.0,118.0,120.0,92.28571428571429,108.5008697806547,24.28344449401999,108.34684521269854,21.669363636132893,110.08336487820101,83.05029737005341,126.00933424386106,55.607638927020574
2021-06-23 02:00:00,123,6,106.0,120.0,117.0,91.28571428571429,123.0156710805331,24.28344449401999,122.60953984230997,21.669363636132893,112.87587787685926,83.05029737005341,127.2872261623678,55.607638927020574
2021-06-23 03:00:00,113,6,123.0,123.0,114.0,91.0,114.26108202259557,24.28344449401999,113.2042466583955,21.669363636132893,111.56380765076408,83.05029737005341,123.96413624487228,55.607638927020574
2021-06-23 04:00:00,116,6,113.0,121.0,118.0,91.28571428571429,116.5102306659522,24.28344449401999,115.7361219560839,21.669363636132893,112.79419137464053,83.05029737005341,128.46069250001906,55.607638927020574
2021-06-23 05:00:00,125,6,116.0,112.0,111.0,86.57142857142857,120.8926005124749,24.28344449401999,117.61704299043008,21.669363636132893,115.11090476773855,83.05029737005341,113.20130244207837,55.607638927020574
2021-06-23 06:00:00,125,6,125.0,117.0,121.0,91.57142857142857,124.70682472235659,24.28344449401999,122.88630531887351,21.669363636132893,112.01396670835362,83.05029737005341,124.51542695241181,55.607638927020574
2021-06-23 07:00:00,158,6,125.0,162.0,161.0,121.0,161.09579220607446,24.28344449401999,159.85702597580814,21.669363636132893,121.40498852368754,83.05029737005341,160.61840588987914,55.607638927020574
2021-06-23 08:00:00,174,6,158.0,178.0,185.0,142.28571428571428,172.3677180421162,24.28344449401999,171.27588453748524,21.669363636132893,131.2878484620211,83.05029737005341,172.31631013277234,55.607638927020574
2021-06-23 09:00:00,162,6,174.0,176.0,192.0,140.0,163.446771524841,24.28344449401999,163.67439365904724,21.669363636132893,125.2431825952249,83.05029737005341,170.51048747528444,55.607638927020574
2021-06-23 10:00:00,160,6,162.0,189.0,193.0,140.57142857142858,158.64804593967946,24.28344449401999,158.9264995879472,21.669363636132893,119.572663477528,83.05029737005341,165.58656368645134,55.607638927020574
2021-06-23 11:00:00,166,6,160.0,180.0,186.0,140.85714285714286,163.73447839650999,24.28344449401999,164.8887271401315,21.669363636132893,125.71910890157336,83.05029737005341,172.83047662840693,55.607638927020574
2021-06-23 12:00:00,104,6,166.0,122.0,120.0,95.0,107.36176581997515,24.28344449401999,107.61836961931182,21.669363636132893,103.51074161288766,83.05029737005341,126.43525211498351,55.607638927020574
2021-06-23 13:00:00,161,6,104.0,186.0,175.0,139.57142857142858,171.21298217142186,24.28344449401999,171.45208566717318,21.669363636132893,123.44223503313943,83.05029737005341,168.96521228778636,55.607638927020574
2021-06-23 14:00:00,156,6,161.0,172.0,174.0,136.71428571428572,158.66371536446988,24.28344449401999,160.33715007162633,21.669363636132893,120.76687067076384,83.05029737005341,168.75157075421512,55.607638927020574
2021-06-23 15:00:00,165,6,156.0,171.0,180.0,133.57142857142858,164.8555446239813,24.28344449401999,161.27961194683334,21.669363636132893,119.30327820445501,83.05029737005341,166.58566621871816,55.607638927020574
2021-06-23 16:00:00,168,6,165.0,175.0,177.0,130.0,162.78610150406968,24.28344449401999,160.55878405052502,21.669363636132893,116.59752882763868,83.05029737005341,163.52991229208988,55.607638927020574
2021-06-23 17:00:00,170,6,168.0,159.0,177.0,123.85714285714286,163.19634200378962,24.28344449401999,162.32024605253514,21.669363636132893,118.33724653869932,83.05029737005341,156.00688928684542,55.607638927020574
2021-06-23 18:00:00,166,6,170.0,164.0,177.0,126.0,164.95116728444393,24.28344449401999,163.63820369318762,21.669363636132893,117.50891655780991,83.05029737005341,161.582971994556,55.607638927020574
2021-06-23 19:00:00,146,6,166.0,174.0,152.0,120.14285714285714,147.69468841237185,24.28344449401999,146.86513125270298,21.669363636132893,99.03021656932209,83.05029737005341,147.89567144064193,55.607638927020574
2021-06-23 20:00:00,136,6,146.0,134.0,120.0,99.85714285714286,131.69643941113148,24.28344449401999,129.23350971774727,21.669363636132893,109.51139321620867,83.05029737005341,122.49169271819869,55.607638927020574
2021-06-23 21:00:00,127,6,136.0,128.0,123.0,99.0,125.17639971365087,24.28344449401999,124.76272849004035,21.669363636132893,106.14211752930208,83.05029737005341,122.53992813955932,55.607638927020574
2021-06-23 22:00:00,123,6,127.0,122.0,107.0,91.85714285714286,122.76583257034478,24.28344449401999,120.89432795804753,21.669363636132893,102.99434720582396,83.05029737005341,120.65366187990956,55.607638927020574
2021-06-23 23:00:00,120,6,123.0,131.0,119.0,95.71428571428571,121.3900000934803,24.28344449401999,120.04780146957012,21.669363636132893,101.3726243592265,83.05029737005341,120.27030477961922,55.607638927020574
2021-06-24 00:00:00,73,6,120.0,70.0,72.0,60.42857142857143,71.87262085351999,24.28344449401999,74.44858803172288,21.669363636132893,96.22082873201569,83.05029737005341,77.3376896873976,55.607638927020574
2021-06-24 01:00:00,121,6,73.0,106.0,118.0,90.28571428571429,119.42030241537975,24.28344449401999,118.19655878101534,21.669363636132893,122.65557787147564,83.05029737005341,120.40177511633591,55.607638927020574
2021-06-24 02:00:00,126,6,121.0,123.0,117.0,92.14285714285714,123.70650233355829,24.28344449401999,123.26523134671027,21.669363636132893,122.3212078257671,83.05029737005341,121.85509472693536,55.607638927020574
2021-06-24 03:00:00,123,6,126.0,113.0,120.0,90.85714285714286,121.93039297491018,24.28344449401999,120.81168192978885,21.669363636132893,121.90259746682128,83.05029737005341,121.00652934147772,55.607638927020574
2021-06-24 04:00:00,121,6,123.0,116.0,115.0,91.0,119.7440650248112,24.28344449401999,119.22867873241506,21.669363636132893,121.26327970616492,83.05029737005341,122.50872304685367,55.607638927020574
2021-06-24 05:00:00,116,6,121.0,125.0,112.0,88.57142857142857,115.2028534710714,24.28344449401999,114.01672855853107,21.669363636132893,116.01887392169158,83.05029737005341,117.76060621032595,55.607638927020574
2021-06-24 06:00:00,124,6,116.0,125.0,126.0,92.14285714285714,121.47338638020446,24.28344449401999,119.48922197943357,21.669363636132893,118.40534323618382,83.05029737005341,120.90063722015879,55.607638927020574
2021-06-24 07:00:00,172,6,124.0,158.0,162.0,120.57142857142857,169.36693876803145,24.28344449401999,167.76895280859628,21.669363636132893,136.3013858588509,83.05029737005341,159.9227783121931,55.607638927020574
2021-06-24 08:00:00,188,6,172.0,174.0,197.0,140.71428571428572,182.42621832151553,24.28344449401999,184.0182160297639,21.669363636132893,152.72705828084628,83.05029737005341,179.44596930969112,55.607638927020574
2021-06-24 09:00:00,172,6,188.0,162.0,188.0,135.71428571428572,172.14588579599115,24.28344449401999,171.25125169971938,21.669363636132893,145.406341132117,83.05029737005341,172.46408558592105,55.607638927020574
2021-06-24 10:00:00,171,6,172.0,160.0,177.0,135.85714285714286,169.7509034659214,24.28344449401999,168.97377750943036,21.669363636132893,144.47222752923471,83.05029737005341,170.24015939449933,55.607638927020574
2021-06-24 11:00:00,170,6,171.0,166.0,190.0,138.0,169.23522314539898,24.28344449401999,169.95458393777204,21.669363636132893,150.8403221927036,83.05029737005341,171.26878395993583,55.607638927020574
2021-06-24 12:00:00,116,6,170.0,104.0,123.0,92.71428571428571,116.67213795137012,24.28344449401999,116.81732289063659,21.669363636132893,117.31227336507729,83.05029737005341,119.06929008265331,55.607638927020574
2021-06-24 13:00:00,190,6,116.0,161.0,192.0,137.57142857142858,185.50212456974776,24.28344449401999,182.82383509713924,21.669363636132893,150.68481848988577,83.05029737005341,171.75000472982026,55.607638927020574
2021-06-24 14:00:00,175,6,190.0,156.0,189.0,134.14285714285714,174.75398030006872,24.28344449401999,173.26140825051337,21.669363636132893,137.13534506666778,83.05029737005341,168.93359587915236,55.607638927020574
2021-06-24 15:00:00,180,6,175.0,165.0,179.0,131.42857142857142,177.27551484148972,24.28344449401999,175.53691390495263,21.669363636132893,137.2792930035865,83.05029737005341,165.9494876221366,55.607638927020574
2021-06-24 16:00:00,165,6,180.0,168.0,174.0,128.71428571428572,165.02769225552865,24.28344449401999,164.85810030793223,21.669363636132893,130.4121143865111,83.05029737005341,161.59333535069243,55.607638927020574
2021-06-24 17:00:00,164,6,165.0,170.0,158.0,122.85714285714286,161.84249159941783,24.28344449401999,159.42542354039875,21.669363636132893,120.1160663454535,83.05029737005341,148.74068333773081,55.607638927020574
2021-06-24 18:00:00,159,6,164.0,166.0,177.0,124.42857142857143,159.7468721698832,24.28344449401999,158.0014456726285,21.669363636132893,124.72922814724318,83.05029737005341,156.45506440705026,55.607638927020574
2021-06-24 19:00:00,168,6,159.0,146.0,169.0,119.28571428571429,165.41529826544908,24.28344449401999,164.70917896059018,21.669363636132893,124.85613755028228,83.05029737005341,159.77888889214856,55.607638927020574
2021-06-24 20:00:00,142,6,168.0,136.0,143.0,102.14285714285714,140.4530811836276,24.28344449401999,138.6361947130727,21.669363636132893,114.22167859551607,83.05029737005341,130.4064972299707,55.607638927020574
2021-06-24 21:00:00,142,6,142.0,127.0,134.0,99.57142857142857,136.73730384279713,24.28344449401999,137.18898713720196,21.669363636132893,115.12482693359148,83.05029737005341,126.02940553525029,55.607638927020574
2021-06-24 22:00:00,135,6,142.0,123.0,128.0,94.14285714285714,130.9063155476185,24.28344449401999,131.22904940629857,21.669363636132893,112.52822034027241,83.05029737005341,102.11062214660525,55.607638927020574
2021-06-24 23:00:00,129,6,135.0,120.0,125.0,95.85714285714286,128.77867351787637,24.28344449401999,127.27197606357302,21.669363636132893,113.84302062857421,83.05029737005341,120.80910691320976,55.607638927020574
2021-06-25 00:00:00,74,6,129.0,73.0,90.0,60.57142857142857,73.22189928099374,24.28344449401999,72.42057989704284,21.669363636132893,86.89588432418721,83.05029737005341,81.33668114342865,55.607638927020574
2021-06-25 01:00:00,128,6,74.0,121.0,117.0,90.71428571428571,125.03147600132162,24.28344449401999,124.493851986643,21.669363636132893,119.75570320136792,83.05029737005341,121.53868089887311,55.607638927020574
2021-06-25 02:00:00,126,6,128.0,126.0,121.0,93.42857142857143,124.36430989719895,24.28344449401999,124.8506778847715,21.669363636132893,116.28030655464194,83.05029737005341,121.06484865987349,55.607638927020574
2021-06-25 03:00:00,128,6,126.0,123.0,126.0,91.28571428571429,124.22544566305523,24.28344449401999,121.09018359907871,21.669363636132893,117.45802857997991,83.05029737005341,117.9980712156471,55.607638927020574
2021-06-25 04:00:00,122,6,128.0,121.0,117.0,91.85714285714286,121.70351702106382,24.28344449401999,119.73578368827305,21.669363636132893,120.04850671703372,83.05029737005341,123.80825245597204,55.607638927020574
2021-06-25 05:00:00,114,6,122.0,116.0,120.0,89.14285714285714,114.64584376769155,24.28344449401999,112.96047828076773,21.669363636132893,117.66822797158191,83.05029737005341,118.98508237173331,55.607638927020574
2021-06-25 06:00:00,122,6,114.0,124.0,123.0,91.85714285714286,122.90061645482191,24.28344449401999,121.82321342264034,21.669363636132893,117.36190860189357,83.05029737005341,119.3369287699232,55.607638927020574
2021-06-25 07:00:00,152,6,122.0,172.0,157.0,122.0,149.68309991470767,24.28344449401999,147.3824740266862,21.669363636132893,113.17727172962913,83.05029737005341,152.1685348089975,55.607638927020574
2021-06-25 08:00:00,168,6,152.0,188.0,177.0,139.42857142857142,167.6117580377001,24.28344449401999,163.1806937877303,21.669363636132893,130.37567898915793,83.05029737005341,168.2429183499579,55.607638927020574
2021-06-25 09:00:00,178,6,168.0,172.0,186.0,133.42857142857142,175.40251430076265,24.28344449401999,173.91006510202206,21.669363636132893,125.3933978277169,83.05029737005341,164.8889333909255,55.607638927020574
2021-06-25 10:00:00,182,6,178.0,171.0,179.0,135.0,181.72726910841862,24.28344449401999,179.27323575272743,21.669363636132893,130.86047208861453,83.05029737005341,172.11829629301204,55.607638927020574
2021-06-25 11:00:00,184,6,182.0,170.0,185.0,135.14285714285714,180.7154120683907,24.28344449401999,179.5004506367792,21.669363636132893,134.57337464224065,83.05029737005341,174.55978322690055,55.607638927020574
2021-06-25 12:00:00,136,6,184.0,116.0,124.0,91.71428571428571,131.04745833049495,24.28344449401999,130.56874163596459,21.669363636132893,110.82035357445348,83.05029737005341,114.25573524681064,55.607638927020574
2021-06-25 13:00:00,185,6,136.0,190.0,180.0,137.28571428571428,183.29268326255556,24.28344449401999,181.85423565987034,21.669363636132893,134.33102368135005,83.05029737005341,170.444271373497,55.607638927020574
2021-06-25 14:00:00,184,6,185.0,175.0,170.0,132.14285714285714,179.5281307815492,24.28344449401999,178.15878420071184,21.669363636132893,126.43099038212499,83.05029737005341,170.22569539655723,55.607638927020574
2021-06-25 15:00:00,186,6,184.0,180.0,170.0,131.57142857142858,182.03463765455922,24.28344449401999,177.93878929984746,21.669363636132893,124.36923327166606,83.05029737005341,168.16221452851917,55.607638927020574
2021-06-25 16:00:00,176,6,186.0,165.0,174.0,127.42857142857143,174.9357313511093,24.28344449401999,171.44671800854744,21.669363636132893,125.41439323612522,83.05029737005341,160.37629565683247,55.607638927020574
2021-06-25 17:00:00,180,6,176.0,164.0,164.0,123.71428571428571,175.742598643452,24.28344449401999,172.1792689470034,21.669363636132893,121.96274367908265,83.05029737005341,158.39076214551318,55.607638927020574
2021-06-25 18:00:00,164,6,180.0,159.0,154.0,121.85714285714286,161.99333970305716,24.28344449401999,162.0252401009203,21.669363636132893,109.49504085723582,83.05029737005341,146.59152285456932,55.607638927020574
2021-06-25 19:00:00,127,6,164.0,168.0,142.0,119.14285714285714,131.84878113552304,24.28344449401999,130.38488856665847,21.669363636132893,104.30040575730214,83.05029737005341,130.21113679496824,55.607638927020574
2021-06-25 20:00:00,115,6,127.0,142.0,124.0,102.0,116.36465425708656,24.28344449401999,114.72998611093129,21.669363636132893,102.68581434498637,83.05029737005341,105.84505602454414,55.607638927020574
2021-06-25 21:00:00,121,6,115.0,142.0,121.0,100.71428571428571,121.14223133752985,24.28344449401999,119.51801725933892,21.669363636132893,95.84548955926408,83.05029737005341,108.1953786664603,55.607638927020574
2021-06-25 22:00:00,136,6,121.0,135.0,117.0,95.14285714285714,128.93132769805575,24.28344449401999,128.53817769779047,21.669363636132893,99.35952060541516,83.05029737005341,110.69023203432026,55.607638927020574
2021-06-25 23:00:00,122,6,136.0,129.0,120.0,96.42857142857143,122.10761464064122,24.28344449401999,121.31448430219909,21.669363636132893,94.88154360614037,83.05029737005341,105.4610541829737,55.607638927020574
2021-06-26 00:00:00,71,6,122.0,74.0,70.0,58.285714285714285,52.323862797826806,24.28344449401999,47.07720196532758,21.669363636132893,48.40105813278441,83.05029737005341,58.08074387528198,55.607638927020574
2021-06-26 01:00:00,124,6,71.0,128.0,118.0,92.28571428571429,112.47095352696203,24.28344449401999,112.79192237291743,21.669363636132893,111.44380596465363,83.05029737005341,118.47268001510294,55.607638927020574
2021-06-26 02:00:00,125,6,124.0,126.0,119.0,94.14285714285714,119.84832691919617,24.28344449401999,121.29009371108737,21.669363636132893,115.06818104869349,83.05029737005341,117.82978311390714,55.607638927020574
2021-06-26 03:00:00,113,6,125.0,128.0,109.0,91.57142857142857,114.11920279089622,24.28344449401999,112.1706859309231,21.669363636132893,112.25036609791893,83.05029737005341,117.70074377370442,55.607638927020574
2021-06-26 04:00:00,131,6,113.0,122.0,114.0,92.57142857142857,121.36706187916026,24.28344449401999,120.09827340883326,21.669363636132893,115.39675363217836,83.05029737005341,118.35537017604841,55.607638927020574
2021-06-26 05:00:00,113,6,131.0,114.0,102.0,88.28571428571429,116.13328202681349,24.28344449401999,111.29627405634592,21.669363636132893,113.13555976126537,83.05029737005341,115.67707364189509,55.607638927020574
2021-06-26 06:00:00,127,6,113.0,122.0,109.0,91.71428571428571,120.31895156666387,24.28344449401999,117.06513286056754,21.669363636132893,114.84625239192908,83.05029737005341,92.34350611947657,55.607638927020574
2021-06-26 07:00:00,95,6,127.0,152.0,82.0,121.28571428571429,103.61725298432972,24.28344449401999,99.82737917433086,21.669363636132893,87.11505103521174,83.05029737005341,58.669021138310214,55.607638927020574
2021-06-26 08:00:00,24,6,95.0,168.0,25.0,138.14285714285714,32.92895593955777,24.28344449401999,45.05022016473631,21.669363636132893,35.706196007938225,83.05029737005341,63.741982805810046,55.607638927020574
2021-06-26 09:00:00,23,6,24.0,178.0,22.0,132.28571428571428,18.825090754210457,24.28344449401999,25.369700604461674,21.669363636132893,24.352577609149222,83.05029737005341,61.94577161992699,55.607638927020574
2021-06-26 10:00:00,28,6,23.0,182.0,22.0,135.42857142857142,28.14546238837359,24.28344449401999,32.86767033069605,21.669363636132893,24.276554561029293,83.05029737005341,59.537971618732826,55.607638927020574
2021-06-26 11:00:00,24,6,28.0,184.0,27.0,135.0,25.11238971598391,24.28344449401999,29.424751467367045,21.669363636132893,30.76276411767887,83.05029737005341,60.05047094077034,55.607638927020574
2021-06-26 12:00:00,24,6,24.0,136.0,22.0,93.42857142857143,22.646577131267303,24.28344449401999,27.1777952915208,21.669363636132893,11.39637240394127,83.05029737005341,46.29894308651214,55.607638927020574
2021-06-26 13:00:00,28,6,24.0,185.0,22.0,138.0,30.44370685575714,24.28344449401999,34.88656079149563,21.669363636132893,25.415346146805696,83.05029737005341,56.87562505580089,55.607638927020574
2021-06-26 14:00:00,25,6,28.0,184.0,27.0,134.14285714285714,31.66089494070006,24.28344449401999,37.88625191589846,21.669363636132893,32.87017574220709,83.05029737005341,63.8140879495603,55.607638927020574
2021-06-26 15:00:00,24,6,25.0,186.0,23.0,133.85714285714286,28.234267731067437,24.28344449401999,30.23051462659607,21.669363636132893,32.399668473967374,83.05029737005341,62.251219796651725,55.607638927020574
2021-06-26 16:00:00,24,6,24.0,176.0,22.0,127.71428571428571,23.909999808345127,24.28344449401999,23.21243786174315,21.669363636132893,28.216065899461615,83.05029737005341,62.29453220074447,55.607638927020574
2021-06-26 17:00:00,28,6,24.0,180.0,23.0,126.0,25.715458816033554,24.28344449401999,24.279084160042313,21.669363636132893,31.131923119671956,83.05029737005341,65.51004909271748,55.607638927020574
2021-06-26 18:00:00,24,6,28.0,164.0,27.0,123.28571428571429,24.90543122402928,24.28344449401999,26.940137154381105,21.669363636132893,37.89233754869275,83.05029737005341,65.08799257144805,55.607638927020574
2021-06-26 19:00:00,24,6,24.0,127.0,22.0,117.0,24.077739322780676,24.28344449401999,23.778566125929505,21.669363636132893,27.153333262875254,83.05029737005341,65.40710740166396,55.607638927020574
2021-06-26 20:00:00,28,6,24.0,115.0,22.0,100.71428571428571,28.667355530178348,24.28344449401999,27.302906500357995,21.669363636132893,20.851372866210163,83.05029737005341,54.135952678513874,55.607638927020574
2021-06-26 21:00:00,24,6,28.0,121.0,27.0,100.71428571428571,28.11398847383933,24.28344449401999,26.53908043497856,21.669363636132893,23.86743656536574,83.05029737005341,58.27268632393575,55.607638927020574
2021-06-26 22:00:00,24,6,24.0,136.0,25.0,97.85714285714286,26.110603925784815,24.28344449401999,24.681581443112087,21.669363636132893,15.573086149217694,83.05029737005341,55.436191143119025,55.607638927020574
2021-06-26 23:00:00,28,6,24.0,122.0,22.0,96.71428571428571,27.972997708821566,24.28344449401999,25.550147766656742,21.669363636132893,15.27531700466562,83.05029737005341,51.00941862517029,55.607638927020574
2021-06-27 00:00:00,23,6,28.0,71.0,22.0,58.42857142857143,38.59239647840077,24.28344449401999,37.36952036445271,21.669363636132893,51.12627496460711,83.05029737005341,35.84717275444736,55.607638927020574
2021-06-27 01:00:00,23,6,23.0,124.0,27.0,93.14285714285714,25.804821837652653,24.28344449401999,24.384856015460404,21.669363636132893,49.998592474859656,83.05029737005341,41.524929351838146,55.607638927020574
2021-06-27 02:00:00,24,6,23.0,125.0,22.0,95.0,24.135773967947127,24.28344449401999,21.14339794842751,21.669363636132893,45.0475426433793,83.05029737005341,37.57697198242694,55.607638927020574
2021-06-27 03:00:00,27,6,24.0,113.0,22.0,92.14285714285714,33.09555956883995,24.28344449401999,31.435950253760236,21.669363636132893,46.06385282174988,83.05029737005341,39.088334432299014,55.607638927020574
2021-06-27 04:00:00,23,6,27.0,131.0,27.0,95.0,25.707012524762785,24.28344449401999,24.06247452220571,21.669363636132893,49.43247279997655,83.05029737005341,41.1819490727822,55.607638927020574
2021-06-27 05:00:00,24,6,23.0,113.0,26.0,89.85714285714286,26.378862661753907,24.28344449401999,23.744168199564164,21.669363636132893,48.38286289453364,83.05029737005341,40.790873825342224,55.607638927020574
2021-06-27 06:00:00,27,6,24.0,127.0,22.0,94.28571428571429,30.550501056465944,24.28344449401999,27.251470422575913,21.669363636132893,45.2975816359414,83.05029737005341,37.42917798744264,55.607638927020574
2021-06-27 07:00:00,23,6,27.0,95.0,22.0,123.14285714285714,30.609285828697292,24.28344449401999,29.436713908257428,21.669363636132893,57.12284412299328,83.05029737005341,38.09581635268257,55.607638927020574
2021-06-27 08:00:00,26,6,23.0,24.0,26.0,138.0,30.86516629072041,24.28344449401999,28.446041661865127,21.669363636132893,90.32425300497741,83.05029737005341,56.99677622821317,55.607638927020574
2021-06-27 09:00:00,28,6,26.0,23.0,22.0,132.42857142857142,34.5304476346614,24.28344449401999,30.889555617696217,21.669363636132893,88.7553526052933,83.05029737005341,58.70498888168708,55.607638927020574
2021-06-27 10:00:00,24,6,28.0,28.0,22.0,136.28571428571428,37.74535747367176,24.28344449401999,37.40375688418613,21.669363636132893,89.3064333083965,83.05029737005341,61.940335900078594,55.607638927020574
2021-06-27 11:00:00,24,6,24.0,24.0,27.0,134.57142857142858,29.323517661299917,24.28344449401999,29.40851615839438,21.669363636132893,93.84173538728756,83.05029737005341,60.700737769042405,55.607638927020574
2021-06-27 12:00:00,31,6,24.0,24.0,22.0,93.71428571428571,28.14559455478039,24.28344449401999,26.147805096577727,21.669363636132893,88.84020089199481,83.05029737005341,61.39117164306997,55.607638927020574
2021-06-27 13:00:00,24,6,31.0,28.0,23.0,138.85714285714286,32.345651599668315,24.28344449401999,38.040782559689355,21.669363636132893,90.06519038117406,83.05029737005341,57.8280090044393,55.607638927020574
2021-06-27 14:00:00,24,6,24.0,25.0,24.0,133.85714285714286,25.45916172815099,24.28344449401999,25.037741759184335,21.669363636132893,90.15331126798844,83.05029737005341,56.650576535082685,55.607638927020574
2021-06-27 15:00:00,29,6,24.0,24.0,28.0,134.0,30.79053373112248,24.28344449401999,30.348643385349508,21.669363636132893,94.0311279956218,83.05029737005341,58.64139412214797,55.607638927020574
2021-06-27 16:00:00,24,6,29.0,24.0,24.0,128.0,33.173324257234434,24.28344449401999,37.287901396552954,21.669363636132893,90.01738712783454,83.05029737005341,53.98943056808417,55.607638927020574
2021-06-27 17:00:00,24,6,24.0,28.0,24.0,126.71428571428571,22.372580165999345,24.28344449401999,21.979271806550166,21.669363636132893,90.09458253097084,83.05029737005341,55.23947402275833,55.607638927020574
2021-06-27 18:00:00,28,6,24.0,24.0,26.0,122.85714285714286,28.677238019789964,24.28344449401999,28.273746600573933,21.669363636132893,91.8121185610643,83.05029737005341,54.95141938916024,55.607638927020574
2021-06-27 19:00:00,25,6,28.0,24.0,23.0,117.28571428571429,34.383422953751705,24.28344449401999,35.18434534516727,21.669363636132893,90.62401343935485,83.05029737005341,58.991244906633675,55.607638927020574
2021-06-27 20:00:00,24,6,25.0,28.0,22.0,101.57142857142857,30.87146327871676,24.28344449401999,29.15720252923995,21.669363636132893,84.29698950356419,83.05029737005341,60.697458711751295,55.607638927020574
2021-06-27 21:00:00,24,6,24.0,24.0,27.0,100.28571428571429,27.4935738123765,24.28344449401999,25.511330312814998,21.669363636132893,86.84937767501908,83.05029737005341,64.25938992256317,55.607638927020574
2021-06-27 22:00:00,29,6,24.0,24.0,23.0,97.71428571428571,31.7783922297348,24.28344449401999,29.086268531879107,21.669363636132893,82.77350682483863,83.05029737005341,60.446864488515736,55.607638927020574
2021-06-27 23:00:00,24,6,29.0,28.0,23.0,97.57142857142857,31.461234596138198,24.28344449401999,30.37335880066003,21.669363636132893,83.79189246525611,83.05029737005341,61.780554558450035,55.607638927020574
2021-06-28 00:00:00,24,6,24.0,23.0,25.0,58.57142857142857,37.01614750050719,24.28344449401999,33.11410610621604,21.669363636132893,58.73479973217663,83.05029737005341,52.19541405760217,55.607638927020574
2021-06-28 01:00:00,28,6,24.0,23.0,28.0,92.57142857142857,37.10603001743434,24.28344449401999,34.40596683541836,21.669363636132893,62.52739708453202,83.05029737005341,57.105674495836666,55.607638927020574
2021-06-28 02:00:00,25,6,28.0,24.0,23.0,95.28571428571429,29.713232666012424,24.28344449401999,31.6514543274112,21.669363636132893,65.22044723661416,83.05029737005341,57.24472724269648,55.607638927020574
2021-06-28 03:00:00,24,6,25.0,27.0,23.0,92.85714285714286,31.093196569304673,24.28344449401999,28.495350524594105,21.669363636132893,61.431023596990876,83.05029737005341,56.53436535331353,55.607638927020574
2021-06-28 04:00:00,28,6,24.0,23.0,27.0,94.42857142857143,30.58423002628941,24.28344449401999,30.076381086145016,21.669363636132893,63.40639298141869,83.05029737005341,57.47516432395804,55.607638927020574
2021-06-28 05:00:00,24,6,28.0,24.0,23.0,89.57142857142857,34.11132690516318,24.28344449401999,35.08126760978226,21.669363636132893,60.035151580990295,83.05029737005341,54.70222602144141,55.607638927020574
2021-06-28 06:00:00,23,6,24.0,27.0,23.0,95.0,31.67885004706328,24.28344449401999,30.601499348754693,21.669363636132893,67.10377427436006,83.05029737005341,60.82336847486938,55.607638927020574
2021-06-28 07:00:00,92,6,23.0,23.0,101.0,123.28571428571429,56.1444255511646,24.28344449401999,61.41014873962025,21.669363636132893,92.45935742688066,83.05029737005341,82.16080745696705,55.607638927020574
2021-06-28 08:00:00,198,6,92.0,26.0,208.0,138.0,196.39179499000304,24.28344449401999,192.75630250056187,21.669363636132893,185.74114553885752,83.05029737005341,175.69776885144822,55.607638927020574
2021-06-28 09:00:00,185,6,198.0,28.0,194.0,133.28571428571428,170.20021172479682,24.28344449401999,173.33645995166603,21.669363636132893,181.55549877441678,83.05029737005341,174.3113221621411,55.607638927020574
2021-06-28 10:00:00,184,6,185.0,24.0,202.0,136.57142857142858,189.39631497754473,24.28344449401999,187.93076218658894,21.669363636132893,183.4377361501531,83.05029737005341,179.74224086075762,55.607638927020574
2021-06-28 11:00:00,193,6,184.0,24.0,191.0,134.14285714285714,190.95166610999877,24.28344449401999,190.36739092819056,21.669363636132893,183.53212759923218,83.05029737005341,178.51005600852878,55.607638927020574
2021-06-28 12:00:00,135,6,193.0,31.0,132.0,95.0,131.32671006786342,24.28344449401999,133.21989312816544,21.669363636132893,131.92605037397027,83.05029737005341,131.3541622136648,55.607638927020574
2021-06-28 13:00:00,191,6,135.0,24.0,199.0,139.0,190.16103033494778,24.28344449401999,191.5804560943041,21.669363636132893,186.35670074556995,83.05029737005341,177.37098240701494,55.607638927020574
2021-06-28 14:00:00,189,6,191.0,24.0,201.0,133.85714285714286,190.27490281621246,24.28344449401999,191.7912548347774,21.669363636132893,181.92576161485093,83.05029737005341,178.3480689819337,55.607638927020574
2021-06-28 15:00:00,194,6,189.0,29.0,184.0,134.14285714285714,183.22617401424336,24.28344449401999,187.44239790685702,21.669363636132893,178.08080900478387,83.05029737005341,170.18882360645026,55.607638927020574
2021-06-28 16:00:00,172,6,194.0,24.0,164.0,128.0,172.03120727262336,24.28344449401999,172.87714830095442,21.669363636132893,174.9295608372047,83.05029737005341,165.17856752906425,55.607638927020574
2021-06-28 17:00:00,179,6,172.0,24.0,162.0,126.71428571428571,173.77382573305937,24.28344449401999,173.3922232782374,21.669363636132893,171.52326133034072,83.05029737005341,162.89983262185103,55.607638927020574
2021-06-28 18:00:00,185,6,179.0,28.0,157.0,123.14285714285714,176.3592143221276,24.28344449401999,176.347722144102,21.669363636132893,167.58285118665964,83.05029737005341,161.57673369158317,55.607638927020574
2021-06-28 19:00:00,169,6,185.0,25.0,159.0,117.57142857142857,164.63425090167263,24.28344449401999,165.67934243108118,21.669363636132893,162.84531974262993,83.05029737005341,164.45346991316654,55.607638927020574
2021-06-28 20:00:00,113,6,169.0,24.0,134.0,101.85714285714286,119.47382811167427,24.28344449401999,116.03956593798995,21.669363636132893,125.12516702448701,83.05029737005341,91.23099973383974,55.607638927020574
2021-06-28 21:00:00,123,6,113.0,24.0,133.0,99.85714285714286,123.7867189711044,24.28344449401999,121.97298810717422,21.669363636132893,128.9916067843265,83.05029737005341,128.40375113351544,55.607638927020574
2021-06-28 22:00:00,119,6,123.0,29.0,121.0,98.57142857142857,118.71114180839984,24.28344449401999,117.58478738457654,21.669363636132893,112.23753903781787,83.05029737005341,119.14884241370078,55.607638927020574
2021-06-28 23:00:00,126,6,119.0,24.0,130.0,97.71428571428571,123.13455988068195,24.28344449401999,122.21768204767424,21.669363636132893,116.69366171046786,83.05029737005341,123.54643986799258,55.607638927020574
2021-06-29 00:00:00,67,6,126.0,24.0,74.0,58.42857142857143,68.6323033840468,24.28344449401999,69.77464533279829,21.669363636132893,69.68243319341305,83.05029737005341,76.5608969818801,55.607638927020574
2021-06-29 01:00:00,112,6,67.0,28.0,118.0,92.57142857142857,110.51166884486108,24.28344449401999,109.54958707870412,21.669363636132893,118.17933887119331,83.05029737005341,114.02831441901913,55.607638927020574
2021-06-29 02:00:00,124,6,112.0,25.0,120.0,95.57142857142857,121.87226819811082,24.28344449401999,119.42786681947092,21.669363636132893,117.17967092979377,83.05029737005341,115.28870171302772,55.607638927020574
2021-06-29 03:00:00,115,6,124.0,24.0,123.0,93.0,116.48835932228673,24.28344449401999,115.9162223735175,21.669363636132893,118.62998589675503,83.05029737005341,108.00947587303139,55.607638927020574
2021-06-29 04:00:00,114,6,115.0,28.0,121.0,94.57142857142857,115.71172500195763,24.28344449401999,117.78206078269268,21.669363636132893,116.98157776230583,83.05029737005341,115.8225172601638,55.607638927020574
2021-06-29 05:00:00,110,6,114.0,24.0,112.0,89.71428571428571,111.49496947294008,24.28344449401999,111.06921381148192,21.669363636132893,116.30211961554201,83.05029737005341,113.31282101544315,55.607638927020574
2021-06-29 06:00:00,119,6,110.0,23.0,117.0,95.0,116.14494167992876,24.28344449401999,115.2715713913124,21.669363636132893,119.78316451353,83.05029737005341,113.71732074773132,55.607638927020574
2021-06-29 07:00:00,160,6,119.0,92.0,162.0,122.0,160.15065341440396,24.28344449401999,158.6365741804017,21.669363636132893,161.8710549894434,83.05029737005341,160.23193234004668,55.607638927020574
2021-06-29 08:00:00,222,6,160.0,198.0,178.0,136.57142857142858,208.92529514387508,24.28344449401999,205.5258107990261,21.669363636132893,194.43669198246647,83.05029737005341,188.23193922410547,55.607638927020574
2021-06-29 09:00:00,183,6,222.0,185.0,176.0,132.0,182.95827785811068,24.28344449401999,182.98321915163064,21.669363636132893,176.7351650651515,83.05029737005341,176.9991405296514,55.607638927020574
2021-06-29 10:00:00,175,6,183.0,184.0,189.0,134.0,175.68146339089736,24.28344449401999,176.06216282009544,21.669363636132893,171.46839631910848,83.05029737005341,175.25630765419515,55.607638927020574
2021-06-29 11:00:00,200,6,175.0,193.0,180.0,134.42857142857142,193.12687033179768,24.28344449401999,190.42617527402632,21.669363636132893,181.68843645483608,83.05029737005341,178.45011981877556,55.607638927020574
2021-06-29 12:00:00,134,6,200.0,135.0,122.0,95.42857142857143,133.09734724024733,24.28344449401999,134.0110429093684,21.669363636132893,125.1032016138281,83.05029737005341,127.89408920701811,55.607638927020574
2021-06-29 13:00:00,194,6,134.0,191.0,186.0,137.85714285714286,190.06888372759167,24.28344449401999,188.35941406689338,21.669363636132893,178.06905496277815,83.05029737005341,179.14871279022188,55.607638927020574
2021-06-29 14:00:00,183,6,194.0,189.0,172.0,132.14285714285714,180.69701146867183,24.28344449401999,177.81265098883128,21.669363636132893,171.12016016201707,83.05029737005341,166.94509699619965,55.607638927020574
2021-06-29 15:00:00,179,6,183.0,194.0,171.0,135.57142857142858,175.99320301671708,24.28344449401999,176.74907586332606,21.669363636132893,173.55299823011367,83.05029737005341,171.8897071205731,55.607638927020574
2021-06-29 16:00:00,167,6,179.0,172.0,175.0,129.14285714285714,167.5662966160222,24.28344449401999,167.3577311210402,21.669363636132893,160.85466414452694,83.05029737005341,163.55984596756937,55.607638927020574
2021-06-29 17:00:00,153,6,167.0,179.0,159.0,129.14285714285714,152.46313596158365,24.28344449401999,150.9389812421073,21.669363636132893,154.2786741676215,83.05029737005341,141.1169671766449,55.607638927020574
2021-06-29 18:00:00,175,6,153.0,185.0,164.0,127.14285714285714,171.1244148778045,24.28344449401999,167.3345763460471,21.669363636132893,164.92467273869337,83.05029737005341,164.91505913377307,55.607638927020574
2021-06-29 19:00:00,177,6,175.0,169.0,174.0,119.0,172.8668735197373,24.28344449401999,172.52566342445314,21.669363636132893,160.0631356510664,83.05029737005341,163.80794833095777,55.607638927020574
2021-06-29 20:00:00,137,6,177.0,113.0,134.0,98.85714285714286,135.13655447829413,24.28344449401999,132.65458350748497,21.669363636132893,127.84737834219173,83.05029737005341,116.7435757648513,55.607638927020574
2021-06-29 21:00:00,126,6,137.0,123.0,128.0,98.42857142857143,127.01994712222078,24.28344449401999,125.00727803467996,21.669363636132893,120.889966212128,83.05029737005341,111.3600806484128,55.607638927020574
2021-06-29 22:00:00,121,6,126.0,119.0,122.0,98.28571428571429,120.34145435757497,24.28344449401999,120.04420530343721,21.669363636132893,116.64861598156709,83.05029737005341,111.44885332135956,55.607638927020574
2021-06-29 23:00:00,113,6,121.0,126.0,131.0,97.14285714285714,117.50859911602208,24.28344449401999,116.03055205964219,21.669363636132893,114.28171588893262,83.05029737005341,110.62378675534049,55.607638927020574
2021-06-30 00:00:00,69,6,113.0,67.0,70.0,57.42857142857143,70.97649734399647,24.28344449401999,63.54056207533426,21.669363636132893,74.89463266890588,83.05029737005341,83.21940555715692,55.607638927020574
2021-06-30 01:00:00,112,6,69.0,112.0,106.0,91.71428571428571,113.20305733392867,24.28344449401999,112.01641077330666,21.669363636132893,108.50761881815598,83.05029737005341,114.41124706317892,55.607638927020574
2021-06-30 02:00:00,118,6,112.0,124.0,123.0,96.14285714285714,116.77379204485968,24.28344449401999,115.23531364465171,21.669363636132893,107.35485286562752,83.05029737005341,116.53442193286645,55.607638927020574
2021-06-30 03:00:00,120,6,118.0,115.0,113.0,91.85714285714286,118.17325948884574,24.28344449401999,116.82858250997708,21.669363636132893,107.77221029372059,83.05029737005341,117.73418806634922,55.607638927020574
2021-06-30 04:00:00,116,6,120.0,114.0,116.0,93.57142857142857,116.59075516519889,24.28344449401999,116.4679426111551,21.669363636132893,108.3677455800728,83.05029737005341,117.80682406965708,55.607638927020574
2021-06-30 05:00:00,115,6,116.0,110.0,125.0,89.42857142857143,114.79410063193241,24.28344449401999,113.91405361437356,21.669363636132893,104.41305154207978,83.05029737005341,118.24311505049903,55.607638927020574
2021-06-30 06:00:00,118,6,115.0,119.0,125.0,95.28571428571429,119.24140928846641,24.28344449401999,117.74149738477762,21.669363636132893,106.02327398436718,83.05029737005341,103.28790090026408,55.607638927020574
2021-06-30 07:00:00,143,6,118.0,160.0,158.0,121.71428571428571,145.00251211502015,24.28344449401999,148.04057156643674,21.669363636132893,150.7856394138479,83.05029737005341,152.88766359602567,55.607638927020574
2021-06-30 08:00:00,193,6,143.0,222.0,174.0,142.85714285714286,190.88087348501674,24.28344449401999,192.6246798747227,21.669363636132893,158.99921442895103,83.05029737005341,180.9870849401784,55.607638927020574
2021-06-30 09:00:00,187,6,193.0,183.0,162.0,133.0,187.94423149248055,24.28344449401999,187.3566368663057,21.669363636132893,158.95880096766348,83.05029737005341,181.15084383832797,55.607638927020574
2021-06-30 10:00:00,171,6,187.0,175.0,160.0,132.0,174.4056057250429,24.28344449401999,176.08385725318277,21.669363636132893,153.17137467317542,83.05029737005341,175.77578592344008,55.607638927020574
2021-06-30 11:00:00,150,6,171.0,200.0,166.0,137.28571428571428,157.5037772124116,24.28344449401999,158.54523058693067,21.669363636132893,154.6790874622003,83.05029737005341,173.98638090498935,55.607638927020574
2021-06-30 12:00:00,119,6,150.0,134.0,104.0,97.14285714285714,119.14764233992271,24.28344449401999,116.43622738934064,21.669363636132893,105.5110274674682,83.05029737005341,121.74384806597988,55.607638927020574
2021-06-30 13:00:00,184,6,119.0,194.0,161.0,139.0,180.62525862018163,24.28344449401999,181.37125222462305,21.669363636132893,156.67004078137677,83.05029737005341,176.77338811854176,55.607638927020574
2021-06-30 14:00:00,177,6,184.0,183.0,156.0,133.71428571428572,176.15170329023587,24.28344449401999,176.54035079313837,21.669363636132893,155.52444364150114,83.05029737005341,172.43510354272874,55.607638927020574
2021-06-30 15:00:00,178,6,177.0,179.0,165.0,136.71428571428572,176.82065665297768,24.28344449401999,177.65637205968247,21.669363636132893,152.24975640513426,83.05029737005341,170.52989436390604,55.607638927020574
2021-06-30 16:00:00,165,6,178.0,167.0,168.0,128.0,165.2361436630524,24.28344449401999,164.2646381267287,21.669363636132893,152.4749387028824,83.05029737005341,165.91387125427832,55.607638927020574
2021-06-30 17:00:00,181,6,165.0,153.0,170.0,128.28571428571428,173.5113905385156,24.28344449401999,170.34785001941015,21.669363636132893,146.2834977792305,83.05029737005341,157.8289468467738,55.607638927020574
2021-06-30 18:00:00,165,6,181.0,175.0,166.0,128.71428571428572,165.63625841173985,24.28344449401999,164.95292929384019,21.669363636132893,147.23722514370604,83.05029737005341,162.50747615235474,55.607638927020574
2021-06-30 19:00:00,162,6,165.0,177.0,146.0,119.42857142857143,161.41480004201082,24.28344449401999,160.60142410727457,21.669363636132893,139.43818776197597,83.05029737005341,152.17884028972355,55.607638927020574
2021-06-30 20:00:00,115,6,162.0,137.0,136.0,99.28571428571429,118.02726008465811,24.28344449401999,116.70595861778179,21.669363636132893,102.23860567006167,83.05029737005341,117.40378800122336,55.607638927020574
2021-06-30 21:00:00,117,6,115.0,126.0,127.0,98.14285714285714,117.1410938411908,24.28344449401999,116.95609630922671,21.669363636132893,98.88634130141284,83.05029737005341,113.3071477144239,55.607638927020574
2021-06-30 22:00:00,118,6,117.0,121.0,123.0,98.14285714285714,117.64075058324974,24.28344449401999,116.89274980454061,21.669363636132893,99.3432218633657,83.05029737005341,114.91596829735838,55.607638927020574
2021-06-30 23:00:00,120,6,118.0,113.0,120.0,94.57142857142857,119.25313260329303,24.28344449401999,119.7203569562465,21.669363636132893,98.44690884355646,83.05029737005341,96.53409281958548,55.607638927020574
2021-07-01 00:00:00,69,7,120.0,69.0,73.0,57.285714285714285,38.381187126007134,7.160077449818837,53.703243062425045,8.136042305027173,53.76714151899653,66.79948360872574,68.34223918644733,28.32329826098136
2021-07-01 01:00:00,115,7,69.0,112.0,121.0,92.57142857142857,112.59851603244209,7.160077449818837,112.24433033662187,8.136042305027173,43.55330864904679,66.79948360872574,95.2659531022714,28.32329826098136
2021-07-01 02:00:00,116,7,115.0,118.0,126.0,95.42857142857143,116.68348765621693,7.160077449818837,115.72621335436287,8.136042305027173,42.73656667135159,66.79948360872574,98.10135844765786,28.32329826098136
2021-07-01 03:00:00,112,7,116.0,120.0,123.0,92.85714285714286,113.65763364941064,7.160077449818837,114.26187592306378,8.136042305027173,44.109241336719464,66.79948360872574,112.10211790976955,28.32329826098136
2021-07-01 04:00:00,111,7,112.0,116.0,121.0,93.57142857142857,112.93347723787055,7.160077449818837,113.71024753547405,8.136042305027173,44.129699079344064,66.79948360872574,99.18060716715922,28.32329826098136
2021-07-01 05:00:00,114,7,111.0,115.0,116.0,88.0,107.23720558172376,7.160077449818837,107.72165289515209,8.136042305027173,46.662402050109975,66.79948360872574,96.14456515923636,28.32329826098136
2021-07-01 06:00:00,115,7,114.0,118.0,124.0,94.28571428571429,115.65432744776642,7.160077449818837,115.87364391875009,8.136042305027173,42.73613443799888,66.79948360872574,95.53652210160637,28.32329826098136
2021-07-01 07:00:00,148,7,115.0,143.0,172.0,119.57142857142857,142.74248428241125,7.160077449818837,136.9602614793921,8.136042305027173,42.71448735916273,66.79948360872574,143.39929536379015,28.32329826098136
2021-07-01 08:00:00,194,7,148.0,193.0,188.0,145.57142857142858,183.6918579526879,7.160077449818837,185.85004265148774,8.136042305027173,48.40543499397564,66.79948360872574,151.97457590305103,28.32329826098136
2021-07-01 09:00:00,184,7,194.0,187.0,172.0,136.57142857142858,180.5178019544614,7.160077449818837,180.96077652134156,8.136042305027173,45.973191840052195,66.79948360872574,162.80061878703737,28.32329826098136
2021-07-01 10:00:00,185,7,184.0,171.0,171.0,133.57142857142858,184.92391458262645,7.160077449818837,185.19195603200095,8.136042305027173,45.15919698122065,66.79948360872574,154.829507548439,28.32329826098136
2021-07-01 11:00:00,190,7,185.0,150.0,170.0,135.0,185.84664492630355,7.160077449818837,186.49441087820728,8.136042305027173,44.446200749131314,66.79948360872574,159.38309855353143,28.32329826098136
2021-07-01 12:00:00,115,7,190.0,119.0,116.0,99.28571428571429,122.58599112353106,7.160077449818837,123.2085298563035,8.136042305027173,52.61670122565468,66.79948360872574,113.46998469979759,28.32329826098136
2021-07-01 13:00:00,206,7,115.0,184.0,190.0,142.28571428571428,187.39986793561363,7.160077449818837,185.80480273405962,8.136042305027173,49.257414433553905,66.79948360872574,166.7648521188485,28.32329826098136
2021-07-01 14:00:00,192,7,206.0,177.0,175.0,136.71428571428572,184.70409942965279,7.160077449818837,184.53017887013038,8.136042305027173,45.12312314552217,66.79948360872574,153.26889822228873,28.32329826098136
2021-07-01 15:00:00,197,7,192.0,178.0,180.0,138.57142857142858,182.02289929587906,7.160077449818837,180.35023345143935,8.136042305027173,46.23544546999794,66.79948360872574,161.63265279474027,28.32329826098136
2021-07-01 16:00:00,188,7,197.0,165.0,165.0,127.57142857142857,173.2806827318426,7.160077449818837,170.37025055196403,8.136042305027173,42.90302675565246,66.79948360872574,154.92390200084446,28.32329826098136
2021-07-01 17:00:00,160,7,188.0,181.0,164.0,129.85714285714286,167.58216273698892,7.160077449818837,167.8148827785721,8.136042305027173,40.45153081586206,66.79948360872574,147.89975470269047,28.32329826098136
2021-07-01 18:00:00,164,7,160.0,165.0,159.0,128.57142857142858,166.0737375669162,7.160077449818837,166.67858542658797,8.136042305027173,33.936855719965074,66.79948360872574,145.8060620241862,28.32329826098136
2021-07-01 19:00:00,171,7,164.0,162.0,168.0,121.71428571428571,162.86949721132817,7.160077449818837,166.4402196519406,8.136042305027173,39.13754929046539,66.79948360872574,141.1127232172893,28.32329826098136
2021-07-01 20:00:00,147,7,171.0,115.0,142.0,96.28571428571429,136.0311218587718,7.160077449818837,135.46476589616964,8.136042305027173,34.27926859030409,66.79948360872574,101.67508704461862,28.32329826098136
2021-07-01 21:00:00,141,7,147.0,117.0,142.0,96.71428571428571,139.06798770312517,7.160077449818837,138.16870285154204,8.136042305027173,33.47917859855776,66.79948360872574,104.19430990017415,28.32329826098136
2021-07-01 22:00:00,122,7,141.0,118.0,135.0,97.42857142857143,128.01213916746215,7.160077449818837,128.94027541052506,8.136042305027173,39.06889159584043,66.79948360872574,96.0720279216443,28.32329826098136
2021-07-01 23:00:00,124,7,122.0,120.0,129.0,94.57142857142857,122.23514397138915,7.160077449818837,122.25561268991204,8.136042305027173,46.57205453064792,66.79948360872574,95.74576440128168,28.32329826098136
2021-07-02 00:00:00,69,7,124.0,69.0,74.0,56.714285714285715,77.08589260908306,7.160077449818837,73.18461829721532,8.136042305027173,69.38111396951405,66.79948360872574,72.56144767050472,28.32329826098136
2021-07-02 01:00:00,115,7,69.0,115.0,128.0,91.71428571428571,119.64628770819766,7.160077449818837,122.03951378048407,8.136042305027173,66.84742906314605,66.79948360872574,108.91018844971146,28.32329826098136
2021-07-02 02:00:00,121,7,115.0,116.0,126.0,94.0,124.99820017381951,7.160077449818837,121.87490639642726,8.136042305027173,68.24930038006161,66.79948360872574,101.06825397035482,28.32329826098136
2021-07-02 03:00:00,115,7,121.0,112.0,128.0,91.28571428571429,121.3258973561379,7.160077449818837,119.1882800124639,8.136042305027173,66.93093024351548,66.79948360872574,104.53690033061451,28.32329826098136
2021-07-02 04:00:00,110,7,115.0,111.0,122.0,92.14285714285714,120.90622568464973,7.160077449818837,120.31683544190533,8.136042305027173,66.91676689378819,66.79948360872574,113.92068895059337,28.32329826098136
2021-07-02 05:00:00,120,7,110.0,114.0,114.0,87.71428571428571,115.6136052914006,7.160077449818837,115.63188180290915,8.136042305027173,70.46456193481418,66.79948360872574,111.55541792655933,28.32329826098136
2021-07-02 06:00:00,117,7,120.0,115.0,122.0,93.0,120.47773363799853,7.160077449818837,119.39898937874942,8.136042305027173,68.21312933661879,66.79948360872574,104.23397015791626,28.32329826098136
2021-07-02 07:00:00,143,7,117.0,148.0,152.0,116.14285714285714,146.74770939517617,7.160077449818837,145.8620884896655,8.136042305027173,68.16448159715897,66.79948360872574,134.14895336438283,28.32329826098136
2021-07-02 08:00:00,173,7,143.0,194.0,168.0,146.42857142857142,177.8757835538668,7.160077449818837,177.39676612253362,8.136042305027173,82.01199204180884,66.79948360872574,146.9239547603383,28.32329826098136
2021-07-02 09:00:00,187,7,173.0,184.0,178.0,138.28571428571428,179.58417226781745,7.160077449818837,179.84713214746648,8.136042305027173,83.47541030499404,66.79948360872574,159.54721687381763,28.32329826098136
2021-07-02 10:00:00,179,7,187.0,185.0,182.0,135.57142857142858,185.52379088033726,7.160077449818837,187.85855218826808,8.136042305027173,77.35606956527691,66.79948360872574,160.79581643083088,28.32329826098136
2021-07-02 11:00:00,186,7,179.0,190.0,184.0,137.85714285714286,186.07746524224623,7.160077449818837,186.06899334186733,8.136042305027173,76.0774398771753,66.79948360872574,157.2182176926158,28.32329826098136
2021-07-02 12:00:00,117,7,186.0,115.0,136.0,99.14285714285714,125.82124888007611,7.160077449818837,127.13340722521968,8.136042305027173,63.13387964455496,66.79948360872574,103.48645454346439,28.32329826098136
2021-07-02 13:00:00,178,7,117.0,206.0,185.0,144.57142857142858,182.10813665503125,7.160077449818837,182.11333256491443,8.136042305027173,85.12271845770496,66.79948360872574,155.87684557482498,28.32329826098136
2021-07-02 14:00:00,183,7,178.0,192.0,184.0,139.14285714285714,175.85263165316613,7.160077449818837,175.2911183204898,8.136042305027173,76.23555861956793,66.79948360872574,158.15914071269796,28.32329826098136
2021-07-02 15:00:00,160,7,183.0,197.0,186.0,141.0,171.6841459452562,7.160077449818837,173.69708297745376,8.136042305027173,76.51963778766984,66.79948360872574,115.6848824867392,28.32329826098136
2021-07-02 16:00:00,164,7,160.0,188.0,176.0,130.85714285714286,165.27414704163013,7.160077449818837,168.1253576330055,8.136042305027173,78.0150343275534,66.79948360872574,153.85218578975403,28.32329826098136
2021-07-02 17:00:00,175,7,164.0,160.0,180.0,129.28571428571428,166.16996251235057,7.160077449818837,166.903851820691,8.136042305027173,75.87741254622149,66.79948360872574,145.3960944368119,28.32329826098136
2021-07-02 18:00:00,169,7,175.0,164.0,164.0,129.28571428571428,168.28993836565533,7.160077449818837,168.46695843530645,8.136042305027173,77.32142003845735,66.79948360872574,143.40665151372923,28.32329826098136
2021-07-02 19:00:00,149,7,169.0,171.0,127.0,122.14285714285714,156.2307685638484,7.160077449818837,155.83871527649293,8.136042305027173,81.76412588848179,66.79948360872574,131.95324472140743,28.32329826098136
2021-07-02 20:00:00,130,7,149.0,147.0,115.0,97.0,129.95731784959463,7.160077449818837,130.24326220018077,8.136042305027173,73.25229861816567,66.79948360872574,104.89757448578467,28.32329826098136
2021-07-02 21:00:00,121,7,130.0,141.0,121.0,96.57142857142857,124.12808752635088,7.160077449818837,124.66107443427356,8.136042305027173,66.39996861193949,66.79948360872574,104.21093256893123,28.32329826098136
2021-07-02 22:00:00,117,7,121.0,122.0,136.0,95.57142857142857,122.7777538256538,7.160077449818837,120.5333236800615,8.136042305027173,63.52316874232528,66.79948360872574,108.8027617404672,28.32329826098136
2021-07-02 23:00:00,103,7,117.0,124.0,122.0,93.85714285714286,116.34430779618822,7.160077449818837,116.54153860586571,8.136042305027173,68.2001360532822,66.79948360872574,106.11047854282795,28.32329826098136
2021-07-03 00:00:00,76,7,103.0,69.0,71.0,56.0,63.22559696854878,7.160077449818837,67.47029790085327,8.136042305027173,56.24843808983969,66.79948360872574,65.82037441243472,28.32329826098136
2021-07-03 01:00:00,110,7,76.0,115.0,124.0,89.85714285714286,116.39105988908972,7.160077449818837,113.37015538034618,8.136042305027173,88.8066663575423,66.79948360872574,106.78959651550106,28.32329826098136
2021-07-03 02:00:00,107,7,110.0,121.0,125.0,93.28571428571429,112.04036632426619,7.160077449818837,112.52644341191083,8.136042305027173,88.31230315118195,66.79948360872574,86.32504115345839,28.32329826098136
2021-07-03 03:00:00,108,7,107.0,115.0,113.0,89.42857142857143,112.39168660974515,7.160077449818837,111.32022070109795,8.136042305027173,94.83384463052225,66.79948360872574,104.84153040022271,28.32329826098136
2021-07-03 04:00:00,112,7,108.0,110.0,131.0,90.42857142857143,110.30386991174784,7.160077449818837,113.86772679684448,8.136042305027173,84.85872231503154,66.79948360872574,103.91869265511889,28.32329826098136
2021-07-03 05:00:00,105,7,112.0,120.0,113.0,88.57142857142857,105.96691809956532,7.160077449818837,106.7367077512404,8.136042305027173,92.62696609807921,66.79948360872574,105.88361218868613,28.32329826098136
2021-07-03 06:00:00,105,7,105.0,117.0,127.0,92.28571428571429,112.1891006813968,7.160077449818837,114.59132727352453,8.136042305027173,86.77367116656359,66.79948360872574,83.71635661982069,28.32329826098136
2021-07-03 07:00:00,83,7,105.0,143.0,95.0,114.85714285714286,109.7907594031559,7.160077449818837,97.96582306920175,8.136042305027173,87.74519638985944,66.79948360872574,81.7177952214286,28.32329826098136
2021-07-03 08:00:00,23,7,83.0,173.0,24.0,147.14285714285714,17.840007370163207,7.160077449818837,14.774344710067613,8.136042305027173,30.084347647001003,66.79948360872574,30.576550369358166,28.32329826098136
2021-07-03 09:00:00,27,7,23.0,187.0,23.0,139.57142857142858,20.12556482228876,7.160077449818837,21.613001516255704,8.136042305027173,30.41264237079211,66.79948360872574,27.416991502105017,28.32329826098136
2021-07-03 10:00:00,23,7,27.0,179.0,28.0,135.14285714285714,21.744321040792467,7.160077449818837,17.506660581662608,8.136042305027173,30.59070597330861,66.79948360872574,28.698824345515433,28.32329826098136
2021-07-03 11:00:00,23,7,23.0,186.0,24.0,138.14285714285714,19.324549433958378,7.160077449818837,22.528569566388928,8.136042305027173,28.928664976143324,66.79948360872574,26.983192124044905,28.32329826098136
2021-07-03 12:00:00,27,7,23.0,117.0,24.0,96.42857142857143,25.24606521525702,7.160077449818837,25.565683886241402,8.136042305027173,32.457172983931464,66.79948360872574,32.47636592709662,28.32329826098136
2021-07-03 13:00:00,22,7,27.0,178.0,28.0,143.57142857142858,26.04894934689849,7.160077449818837,28.095162896999245,8.136042305027173,32.90693724706277,66.79948360872574,28.273804025755652,28.32329826098136
2021-07-03 14:00:00,23,7,22.0,183.0,25.0,139.0,24.390748784427874,7.160077449818837,25.706219927428094,8.136042305027173,30.8933387543682,66.79948360872574,28.504573377096225,28.32329826098136
2021-07-03 15:00:00,25,7,23.0,160.0,24.0,137.28571428571428,23.94743111186893,7.160077449818837,25.11390717990927,8.136042305027173,29.218162769735972,66.79948360872574,27.45586830937599,28.32329826098136
2021-07-03 16:00:00,26,7,25.0,164.0,24.0,129.14285714285714,19.800638652249635,7.160077449818837,19.79663225248571,8.136042305027173,28.517936088886593,66.79948360872574,28.674411977770163,28.32329826098136
2021-07-03 17:00:00,22,7,26.0,175.0,28.0,128.57142857142858,26.67703463217171,7.160077449818837,25.668726216127997,8.136042305027173,31.624705486953278,66.79948360872574,30.57611859648373,28.32329826098136
2021-07-03 18:00:00,23,7,22.0,169.0,24.0,130.0,21.988338268776104,7.160077449818837,22.59934096072466,8.136042305027173,26.473943260163573,66.79948360872574,27.04773195314121,28.32329826098136
2021-07-03 19:00:00,27,7,23.0,149.0,24.0,125.28571428571429,25.08202744497246,7.160077449818837,23.96105063544839,8.136042305027173,28.696656294700325,66.79948360872574,26.452599835551705,28.32329826098136
2021-07-03 20:00:00,23,7,27.0,130.0,28.0,99.14285714285714,22.217380535983953,7.160077449818837,22.13062748688004,8.136042305027173,29.638053372147123,66.79948360872574,30.149714406843668,28.32329826098136
2021-07-03 21:00:00,23,7,23.0,121.0,24.0,96.57142857142857,22.395942988846098,7.160077449818837,22.67664688620819,8.136042305027173,29.258916790323823,66.79948360872574,30.059563373821504,28.32329826098136
2021-07-03 22:00:00,27,7,23.0,117.0,24.0,92.85714285714286,24.90174526270437,7.160077449818837,24.6711758922666,8.136042305027173,27.030718916328897,66.79948360872574,29.455132847930432,28.32329826098136
2021-07-03 23:00:00,23,7,27.0,103.0,28.0,91.14285714285714,25.270719717824864,7.160077449818837,24.843566583963398,8.136042305027173,31.15019141689257,66.79948360872574,32.072929894505755,28.32329826098136
2021-07-04 00:00:00,23,7,23.0,76.0,23.0,56.714285714285715,21.547415101855115,7.160077449818837,20.755544804333038,8.136042305027173,22.95169944522084,66.79948360872574,28.291881145123387,28.32329826098136
2021-07-04 01:00:00,27,7,23.0,110.0,23.0,87.85714285714286,23.666865485941248,7.160077449818837,23.315877670948424,8.136042305027173,26.52571030362906,66.79948360872574,32.73607157664645,28.32329826098136
2021-07-04 02:00:00,24,7,27.0,107.0,24.0,90.71428571428571,24.490178803378885,7.160077449818837,25.139889777075282,8.136042305027173,26.482877535795613,66.79948360872574,32.86923919750001,28.32329826098136
2021-07-04 03:00:00,23,7,24.0,108.0,27.0,88.71428571428571,23.70595419519714,7.160077449818837,24.679763349647725,8.136042305027173,26.429448837373936,66.79948360872574,33.56861563370102,28.32329826098136
2021-07-04 04:00:00,23,7,23.0,112.0,23.0,87.71428571428571,23.6692147389994,7.160077449818837,23.64588783006916,8.136042305027173,26.650213981223384,66.79948360872574,32.40103747001634,28.32329826098136
2021-07-04 05:00:00,27,7,23.0,105.0,24.0,87.42857142857143,26.392060955026615,7.160077449818837,25.816254812704432,8.136042305027173,25.949492759761643,66.79948360872574,32.717165821413275,28.32329826098136
2021-07-04 06:00:00,23,7,27.0,105.0,27.0,89.14285714285714,23.43800671315824,7.160077449818837,24.029310638088052,8.136042305027173,27.852516814327817,66.79948360872574,33.90141263803757,28.32329826098136
2021-07-04 07:00:00,23,7,23.0,83.0,23.0,113.14285714285714,28.182022079525847,7.160077449818837,27.704233273665455,8.136042305027173,31.243714053969253,66.79948360872574,48.34626216619445,28.32329826098136
2021-07-04 08:00:00,28,7,23.0,23.0,26.0,147.0,28.902309537400495,7.160077449818837,26.965759515767992,8.136042305027173,36.17769529852768,66.79948360872574,37.43408046742239,28.32329826098136
2021-07-04 09:00:00,22,7,28.0,27.0,28.0,140.14285714285714,21.5990626284982,7.160077449818837,23.2302290955994,8.136042305027173,40.340126749658275,66.79948360872574,40.826728692428176,28.32329826098136
2021-07-04 10:00:00,23,7,22.0,23.0,24.0,134.42857142857142,21.98265300830382,7.160077449818837,23.35843697642506,8.136042305027173,40.56621100791879,66.79948360872574,38.829435243342765,28.32329826098136
2021-07-04 11:00:00,28,7,23.0,23.0,24.0,138.0,23.20739845090852,7.160077449818837,25.08537708414862,8.136042305027173,38.95620793067317,66.79948360872574,38.075932018073935,28.32329826098136
2021-07-04 12:00:00,24,7,28.0,27.0,31.0,96.85714285714286,29.753837762846242,7.160077449818837,27.62198405055469,8.136042305027173,61.443671496262056,66.79948360872574,53.594479572680434,28.32329826098136
2021-07-04 13:00:00,24,7,24.0,22.0,24.0,142.71428571428572,21.227502041243927,7.160077449818837,22.793807757813457,8.136042305027173,39.23704919724012,66.79948360872574,39.216239776692525,28.32329826098136
2021-07-04 14:00:00,27,7,24.0,23.0,24.0,138.71428571428572,26.583123408170245,7.160077449818837,25.995826625209173,8.136042305027173,39.0341127217579,66.79948360872574,38.038283993803624,28.32329826098136
2021-07-04 15:00:00,27,7,27.0,25.0,29.0,137.42857142857142,30.487213417789967,7.160077449818837,32.24437589255254,8.136042305027173,41.466751659563194,66.79948360872574,40.13691467681902,28.32329826098136
2021-07-04 16:00:00,25,7,27.0,26.0,24.0,129.42857142857142,23.528614523342984,7.160077449818837,26.47507852566781,8.136042305027173,38.939663559848746,66.79948360872574,37.039337952458894,28.32329826098136
2021-07-04 17:00:00,22,7,25.0,22.0,24.0,127.71428571428571,24.786560184311085,7.160077449818837,24.922642270180752,8.136042305027173,38.0018496574149,66.79948360872574,37.339872575850784,28.32329826098136
2021-07-04 18:00:00,27,7,22.0,23.0,28.0,129.85714285714286,29.697148950471917,7.160077449818837,28.828630909302298,8.136042305027173,38.5983567444794,66.79948360872574,39.369353929048685,28.32329826098136
2021-07-04 19:00:00,23,7,27.0,27.0,25.0,125.71428571428571,22.78819059358042,7.160077449818837,22.965680979256316,8.136042305027173,38.17713056704413,66.79948360872574,38.649207541788336,28.32329826098136
2021-07-04 20:00:00,23,7,23.0,23.0,24.0,98.42857142857143,22.646722430902752,7.160077449818837,22.661178652745225,8.136042305027173,47.476578157965086,66.79948360872574,41.53395199939948,28.32329826098136
2021-07-04 21:00:00,28,7,23.0,23.0,24.0,96.42857142857143,26.242600285581688,7.160077449818837,25.30557652149686,8.136042305027173,47.76489309398642,66.79948360872574,41.08757523681875,28.32329826098136
2021-07-04 22:00:00,24,7,28.0,27.0,29.0,93.28571428571429,28.315955817288977,7.160077449818837,26.84371015107001,8.136042305027173,44.92234187624359,66.79948360872574,41.957722402814625,28.32329826098136
2021-07-04 23:00:00,23,7,24.0,23.0,24.0,90.42857142857143,21.84664006416669,7.160077449818837,23.254215794213703,8.136042305027173,43.186750293381365,66.79948360872574,38.82060491276996,28.32329826098136
2021-07-05 00:00:00,28,7,23.0,23.0,24.0,56.714285714285715,28.428262004954377,7.160077449818837,29.16789233358345,8.136042305027173,27.784953979047643,66.79948360872574,29.950380322113663,28.32329826098136
2021-07-05 01:00:00,23,7,28.0,27.0,28.0,88.42857142857143,29.724630727681504,7.160077449818837,32.126793497334326,8.136042305027173,30.66558621873602,66.79948360872574,34.40608426371294,28.32329826098136
2021-07-05 02:00:00,23,7,23.0,24.0,25.0,90.71428571428571,22.785278635612467,7.160077449818837,24.78002179337653,8.136042305027173,29.51898992841621,66.79948360872574,33.00122522328933,28.32329826098136
2021-07-05 03:00:00,25,7,23.0,23.0,24.0,88.14285714285714,24.484552127159585,7.160077449818837,23.408740671281425,8.136042305027173,30.093479432776274,66.79948360872574,31.18449641192404,28.32329826098136
2021-07-05 04:00:00,27,7,25.0,23.0,28.0,87.71428571428571,33.31830893596649,7.160077449818837,33.054286776311955,8.136042305027173,30.90840793639331,66.79948360872574,33.18499822208718,28.32329826098136
2021-07-05 05:00:00,23,7,27.0,27.0,24.0,87.85714285714286,26.148716070243882,7.160077449818837,26.175172817041247,8.136042305027173,29.5417527380021,66.79948360872574,33.433242415105695,28.32329826098136
2021-07-05 06:00:00,23,7,23.0,23.0,23.0,88.57142857142857,24.42999472413195,7.160077449818837,26.536954552081376,8.136042305027173,32.952580597475176,66.79948360872574,33.73768396040915,28.32329826098136
2021-07-05 07:00:00,104,7,23.0,23.0,92.0,113.14285714285714,93.93401729727054,7.160077449818837,94.16254372046856,8.136042305027173,93.9190135899097,66.79948360872574,95.34755286919449,28.32329826098136
2021-07-05 08:00:00,183,7,104.0,28.0,198.0,147.28571428571428,199.40580515406523,7.160077449818837,199.3162326872446,8.136042305027173,181.57495535418568,66.79948360872574,173.79739847129076,28.32329826098136
2021-07-05 09:00:00,175,7,183.0,22.0,185.0,139.28571428571428,165.1899183187539,7.160077449818837,166.19287945912566,8.136042305027173,179.9184537338371,66.79948360872574,170.7746960776896,28.32329826098136
2021-07-05 10:00:00,185,7,175.0,23.0,184.0,134.28571428571428,176.9408323021088,7.160077449818837,174.31505291156904,8.136042305027173,181.04829070131828,66.79948360872574,183.28417174936402,28.32329826098136
2021-07-05 11:00:00,185,7,185.0,28.0,193.0,138.57142857142858,177.3507869904925,7.160077449818837,174.30757469064835,8.136042305027173,176.37530578909372,66.79948360872574,179.25990176834364,28.32329826098136
2021-07-05 12:00:00,116,7,185.0,24.0,135.0,95.85714285714286,134.04685614533219,7.160077449818837,131.12477053672546,8.136042305027173,115.65529678650992,66.79948360872574,118.8277802281363,28.32329826098136
2021-07-05 13:00:00,181,7,116.0,24.0,191.0,142.71428571428572,176.97403147731495,7.160077449818837,179.53896448323164,8.136042305027173,182.0044441450746,66.79948360872574,184.57291482854654,28.32329826098136
2021-07-05 14:00:00,170,7,181.0,27.0,189.0,139.14285714285714,174.79847146163337,7.160077449818837,177.54661005378776,8.136042305027173,176.99326300866136,66.79948360872574,170.22079632397836,28.32329826098136
2021-07-05 15:00:00,183,7,170.0,27.0,194.0,137.14285714285714,163.9685656699824,7.160077449818837,166.428852559818,8.136042305027173,175.7560541978028,66.79948360872574,179.8131623429295,28.32329826098136
2021-07-05 16:00:00,173,7,183.0,25.0,172.0,129.57142857142858,170.07985352637178,7.160077449818837,168.80916836747335,8.136042305027173,168.13027528350818,66.79948360872574,158.48785294573383,28.32329826098136
2021-07-05 17:00:00,140,7,173.0,22.0,179.0,127.42857142857143,165.6873066434613,7.160077449818837,166.68025251614682,8.136042305027173,162.90894486122784,66.79948360872574,158.0310819721629,28.32329826098136
2021-07-05 18:00:00,163,7,140.0,27.0,185.0,129.71428571428572,156.94079176465002,7.160077449818837,161.35427419834608,8.136042305027173,165.38215872614538,66.79948360872574,168.4769142743578,28.32329826098136
2021-07-05 19:00:00,153,7,163.0,23.0,169.0,125.42857142857143,155.75494933312436,7.160077449818837,155.99558833834044,8.136042305027173,161.20322253697,66.79948360872574,155.21275689018563,28.32329826098136
2021-07-05 20:00:00,130,7,153.0,23.0,113.0,98.28571428571429,116.33559997571929,7.160077449818837,116.86947683413523,8.136042305027173,102.39764083876595,66.79948360872574,108.82440521549225,28.32329826098136
2021-07-05 21:00:00,124,7,130.0,28.0,123.0,97.0,125.75372376402778,7.160077449818837,127.50886072837334,8.136042305027173,106.70742263204407,66.79948360872574,118.91653087013337,28.32329826098136
2021-07-05 22:00:00,115,7,124.0,24.0,119.0,92.57142857142857,115.40918387884254,7.160077449818837,116.41799397510657,8.136042305027173,104.67646639501568,66.79948360872574,109.3592285005043,28.32329826098136
2021-07-05 23:00:00,116,7,115.0,23.0,126.0,90.28571428571429,115.51208511483739,7.160077449818837,113.38462742027832,8.136042305027173,105.33128385386419,66.79948360872574,112.77234282729428,28.32329826098136
2021-07-06 00:00:00,68,7,116.0,28.0,67.0,57.285714285714285,72.24345639842024,7.160077449818837,72.60435878702809,8.136042305027173,88.28552232871021,66.79948360872574,76.99958257218455,28.32329826098136
2021-07-06 01:00:00,111,7,68.0,23.0,112.0,87.71428571428571,110.16518287837219,7.160077449818837,110.45152495746555,8.136042305027173,78.64957935214319,66.79948360872574,106.3170738976131,28.32329826098136
2021-07-06 02:00:00,110,7,111.0,23.0,124.0,90.42857142857143,113.3165222178129,7.160077449818837,113.08337437364067,8.136042305027173,77.71133169001479,66.79948360872574,101.2027531524574,28.32329826098136
2021-07-06 03:00:00,116,7,110.0,25.0,115.0,88.28571428571429,109.48316330436262,7.160077449818837,108.26750054357932,8.136042305027173,78.81474340665756,66.79948360872574,103.83064118365857,28.32329826098136
2021-07-06 04:00:00,112,7,116.0,27.0,114.0,87.57142857142857,114.2463045774561,7.160077449818837,113.64979469023348,8.136042305027173,79.17475097737507,66.79948360872574,105.54478134250222,28.32329826098136
2021-07-06 05:00:00,110,7,112.0,23.0,110.0,87.71428571428571,105.82981851682717,7.160077449818837,105.59998349442246,8.136042305027173,78.17643783548999,66.79948360872574,100.17114147095607,28.32329826098136
2021-07-06 06:00:00,105,7,110.0,23.0,119.0,88.57142857142857,114.28511446674048,7.160077449818837,113.79086713740001,8.136042305027173,79.87980710294558,66.79948360872574,106.7510297515376,28.32329826098136
2021-07-06 07:00:00,145,7,105.0,104.0,160.0,114.85714285714286,134.6133583971698,7.160077449818837,132.125625767642,8.136042305027173,122.86776155676169,66.79948360872574,137.58305114016665,28.32329826098136
2021-07-06 08:00:00,193,7,145.0,183.0,222.0,145.14285714285714,183.4621056082989,7.160077449818837,184.65684488426493,8.136042305027173,141.29786495462278,66.79948360872574,165.75163164468833,28.32329826098136
2021-07-06 09:00:00,185,7,193.0,175.0,183.0,137.85714285714286,188.0517195861911,7.160077449818837,188.15904952449145,8.136042305027173,134.77988079029018,66.79948360872574,169.3513709390545,28.32329826098136
2021-07-06 10:00:00,176,7,185.0,185.0,175.0,134.42857142857142,185.06397611889636,7.160077449818837,186.7795250601254,8.136042305027173,135.81494746881543,66.79948360872574,168.19816898512894,28.32329826098136
2021-07-06 11:00:00,182,7,176.0,185.0,200.0,137.42857142857142,185.9935710202704,7.160077449818837,189.06137289578194,8.136042305027173,135.83167016060602,66.79948360872574,173.44291892489082,28.32329826098136
2021-07-06 12:00:00,132,7,182.0,116.0,134.0,93.14285714285714,124.7655015947113,7.160077449818837,123.28432668580443,8.136042305027173,88.23259658170447,66.79948360872574,108.12224143672097,28.32329826098136
2021-07-06 13:00:00,170,7,132.0,181.0,194.0,141.28571428571428,183.00143686191666,7.160077449818837,184.16776174752047,8.136042305027173,137.54486061615566,66.79948360872574,157.16610724561087,28.32329826098136
2021-07-06 14:00:00,185,7,170.0,170.0,183.0,136.42857142857142,176.40460740081187,7.160077449818837,178.86915176549354,8.136042305027173,134.2593841522467,66.79948360872574,167.88485272801827,28.32329826098136
2021-07-06 15:00:00,173,7,185.0,183.0,179.0,135.57142857142858,177.26272516580337,7.160077449818837,179.28694891425855,8.136042305027173,135.35263969614923,66.79948360872574,166.69534709632492,28.32329826098136
2021-07-06 16:00:00,177,7,173.0,173.0,167.0,129.71428571428572,169.57065672983217,7.160077449818837,170.93287963668192,8.136042305027173,129.3027757561357,66.79948360872574,159.8014686244753,28.32329826098136
2021-07-06 17:00:00,148,7,177.0,140.0,153.0,121.85714285714286,163.32772432546903,7.160077449818837,162.93290179015816,8.136042305027173,125.37711436806957,66.79948360872574,138.55374697166025,28.32329826098136
2021-07-06 18:00:00,161,7,148.0,163.0,175.0,126.57142857142857,159.90012725273357,7.160077449818837,163.1238598357147,8.136042305027173,127.45549651225427,66.79948360872574,153.2691744206345,28.32329826098136
2021-07-06 19:00:00,157,7,161.0,153.0,177.0,123.14285714285714,165.74947259820448,7.160077449818837,168.36013745652403,8.136042305027173,127.53371344902554,66.79948360872574,142.58553218003377,28.32329826098136
2021-07-06 20:00:00,138,7,157.0,130.0,137.0,100.71428571428571,124.40658844150695,7.160077449818837,125.65649165669288,8.136042305027173,87.46668227241594,66.79948360872574,117.11035162888241,28.32329826098136
2021-07-06 21:00:00,132,7,138.0,124.0,126.0,97.14285714285714,122.72189304701011,7.160077449818837,124.1041751047915,8.136042305027173,86.30861337220948,66.79948360872574,111.0672978518144,28.32329826098136
2021-07-06 22:00:00,115,7,132.0,115.0,121.0,92.0,121.58650259390866,7.160077449818837,122.81583544777475,8.136042305027173,84.55211850406113,66.79948360872574,108.9583911850209,28.32329826098136
2021-07-06 23:00:00,114,7,115.0,116.0,113.0,88.85714285714286,112.90934957124473,7.160077449818837,112.30700922577313,8.136042305027173,81.58058490731605,66.79948360872574,106.32913544722936,28.32329826098136
2021-07-07 00:00:00,89,7,114.0,68.0,69.0,57.42857142857143,74.61231944528743,7.160077449818837,74.1061750324024,8.136042305027173,66.72773875686985,66.79948360872574,79.85313572370677,28.32329826098136
2021-07-07 01:00:00,112,7,89.0,111.0,112.0,87.57142857142857,113.34122074292837,7.160077449818837,109.26761187986743,8.136042305027173,106.32264959056646,66.79948360872574,114.61683539586052,28.32329826098136
2021-07-07 02:00:00,107,7,112.0,110.0,118.0,88.42857142857143,113.61477419935282,7.160077449818837,113.73665803857693,8.136042305027173,102.10976135859035,66.79948360872574,118.69327296847483,28.32329826098136
2021-07-07 03:00:00,115,7,107.0,116.0,120.0,88.42857142857143,113.85598176273261,7.160077449818837,113.2464385734066,8.136042305027173,101.42807145706226,66.79948360872574,119.2671091060947,28.32329826098136
2021-07-07 04:00:00,108,7,115.0,112.0,116.0,87.28571428571429,113.18295011733696,7.160077449818837,112.79606227396219,8.136042305027173,101.62651771309491,66.79948360872574,117.9917799056155,28.32329826098136
2021-07-07 05:00:00,101,7,108.0,110.0,115.0,87.71428571428571,104.71000622270705,7.160077449818837,105.51266173978743,8.136042305027173,106.56771908718846,66.79948360872574,116.44555032074898,28.32329826098136
2021-07-07 06:00:00,106,7,101.0,105.0,118.0,86.57142857142857,114.45826275652884,7.160077449818837,115.80097379634732,8.136042305027173,102.8160134545137,66.79948360872574,119.35564489717746,28.32329826098136
2021-07-07 07:00:00,145,7,106.0,145.0,143.0,112.71428571428571,132.9287663194105,7.160077449818837,136.43167272957496,8.136042305027173,136.4877547158354,66.79948360872574,157.1631466382352,28.32329826098136
2021-07-07 08:00:00,203,7,145.0,193.0,193.0,141.0,169.27378285049878,7.160077449818837,171.4704347202882,8.136042305027173,157.80679830072077,66.79948360872574,186.7368196712005,28.32329826098136
2021-07-07 09:00:00,187,7,203.0,185.0,187.0,138.14285714285714,186.3059884166008,7.160077449818837,187.80863795081757,8.136042305027173,157.18290212787812,66.79948360872574,185.48743450445068,28.32329826098136
2021-07-07 10:00:00,186,7,187.0,176.0,171.0,134.57142857142858,182.02110390159393,7.160077449818837,183.14714832890357,8.136042305027173,154.2655998915137,66.79948360872574,182.41645112631002,28.32329826098136
2021-07-07 11:00:00,183,7,186.0,182.0,150.0,134.85714285714286,173.2091544020299,7.160077449818837,175.42449058859802,8.136042305027173,145.93788026896942,66.79948360872574,177.30265937294283,28.32329826098136
2021-07-07 12:00:00,131,7,183.0,132.0,119.0,92.85714285714286,120.77404260454303,7.160077449818837,120.35686514491744,8.136042305027173,101.00403767859378,66.79948360872574,110.49010483803265,28.32329826098136
2021-07-07 13:00:00,185,7,131.0,170.0,184.0,137.85714285714286,181.5444426617824,7.160077449818837,179.57195860835267,8.136042305027173,155.28412238290863,66.79948360872574,178.50973045694863,28.32329826098136
2021-07-07 14:00:00,185,7,185.0,185.0,177.0,136.71428571428572,180.4600813014062,7.160077449818837,178.93437125180378,8.136042305027173,153.72232557162982,66.79948360872574,184.18887718559344,28.32329826098136
2021-07-07 15:00:00,176,7,185.0,173.0,178.0,134.71428571428572,179.40935208161952,7.160077449818837,180.7167357653449,8.136042305027173,148.30154134870568,66.79948360872574,178.9913979513252,28.32329826098136
2021-07-07 16:00:00,181,7,176.0,177.0,165.0,131.14285714285714,173.3568261846199,7.160077449818837,171.85591490589414,8.136042305027173,146.36518605890384,66.79948360872574,178.20501320190343,28.32329826098136
2021-07-07 17:00:00,179,7,181.0,148.0,181.0,121.14285714285714,167.46641385969022,7.160077449818837,164.02561788550994,8.136042305027173,133.71985031116787,66.79948360872574,160.38649023631842,28.32329826098136
2021-07-07 18:00:00,173,7,179.0,161.0,165.0,124.57142857142857,169.19615760800556,7.160077449818837,170.51635122475088,8.136042305027173,140.80862537897073,66.79948360872574,170.8440529553561,28.32329826098136
2021-07-07 19:00:00,169,7,173.0,157.0,162.0,120.28571428571429,168.45872822990668,7.160077449818837,168.32242459662868,8.136042305027173,139.32254252980223,66.79948360872574,168.55977190311197,28.32329826098136
2021-07-07 20:00:00,127,7,169.0,138.0,115.0,100.85714285714286,122.08101302475959,7.160077449818837,122.61885340612902,8.136042305027173,110.60286579724257,66.79948360872574,121.79174707841948,28.32329826098136
2021-07-07 21:00:00,120,7,127.0,132.0,117.0,98.0,126.68974826927571,7.160077449818837,128.50315051524316,8.136042305027173,102.93616685926192,66.79948360872574,120.8042922570865,28.32329826098136
2021-07-07 22:00:00,113,7,120.0,115.0,118.0,91.14285714285714,120.61179674087323,7.160077449818837,120.16815993590052,8.136042305027173,102.03953614482539,66.79948360872574,121.84534825166871,28.32329826098136
2021-07-07 23:00:00,110,7,113.0,114.0,120.0,89.0,116.66494281860923,7.160077449818837,116.83302200104288,8.136042305027173,100.64325310093837,66.79948360872574,121.03049771186626,28.32329826098136
2021-07-08 00:00:00,78,7,110.0,89.0,69.0,60.285714285714285,63.61981181969916,7.160077449818837,66.86745741988258,8.136042305027173,76.98837432487088,66.79948360872574,74.99413871248257,28.32329826098136
2021-07-08 01:00:00,104,7,78.0,112.0,115.0,87.57142857142857,116.07537836118901,7.160077449818837,114.76373071646938,8.136042305027173,116.4757849981106,66.79948360872574,118.84383200220205,28.32329826098136
2021-07-08 02:00:00,110,7,104.0,107.0,116.0,86.85714285714286,115.58980816425512,7.160077449818837,115.18309958677594,8.136042305027173,115.8236767301826,66.79948360872574,119.76415354838575,28.32329826098136
2021-07-08 03:00:00,115,7,110.0,115.0,112.0,87.71428571428571,114.24591079691662,7.160077449818837,114.27288277370938,8.136042305027173,115.52527074694767,66.79948360872574,116.80016175833566,28.32329826098136
2021-07-08 04:00:00,109,7,115.0,108.0,111.0,86.14285714285714,115.18208987184312,7.160077449818837,114.93050201104013,8.136042305027173,116.28042452507698,66.79948360872574,117.12019355596345,28.32329826098136
2021-07-08 05:00:00,107,7,109.0,101.0,114.0,85.71428571428571,109.59519037181265,7.160077449818837,110.90450500828564,8.136042305027173,116.2436586194112,66.79948360872574,114.60135254949301,28.32329826098136
2021-07-08 06:00:00,115,7,107.0,106.0,115.0,84.85714285714286,116.0817276671259,7.160077449818837,115.5251565681437,8.136042305027173,117.13406276051757,66.79948360872574,119.26193608662119,28.32329826098136
2021-07-08 07:00:00,146,7,115.0,145.0,148.0,113.0,153.08626782984723,7.160077449818837,149.50553626248805,8.136042305027173,156.26495460706562,66.79948360872574,159.33417408653295,28.32329826098136
2021-07-08 08:00:00,187,7,146.0,203.0,194.0,142.42857142857142,180.9993274784651,7.160077449818837,183.75903310437465,8.136042305027173,190.93201037688897,66.79948360872574,193.0892245521042,28.32329826098136
2021-07-08 09:00:00,186,7,187.0,187.0,184.0,138.14285714285714,177.82921161734748,7.160077449818837,176.73437671599552,8.136042305027173,187.54480001872682,66.79948360872574,185.7107582890822,28.32329826098136
2021-07-08 10:00:00,201,7,186.0,186.0,185.0,136.71428571428572,180.78950713274403,7.160077449818837,177.20191571868267,8.136042305027173,186.93495589063468,66.79948360872574,181.54258334785814,28.32329826098136
2021-07-08 11:00:00,192,7,201.0,183.0,190.0,139.57142857142858,185.24674442469595,7.160077449818837,185.8315365269359,8.136042305027173,185.8609851978243,66.79948360872574,187.15824019812987,28.32329826098136
2021-07-08 12:00:00,131,7,192.0,131.0,115.0,94.57142857142857,122.55149268735865,7.160077449818837,120.22570995621874,8.136042305027173,118.58060813918867,66.79948360872574,102.12914879882945,28.32329826098136
2021-07-08 13:00:00,201,7,131.0,185.0,206.0,138.0,184.20915152221573,7.160077449818837,187.81864916946736,8.136042305027173,185.51126353496048,66.79948360872574,186.5500712755019,28.32329826098136
2021-07-08 14:00:00,200,7,201.0,185.0,192.0,137.85714285714286,186.47846224394968,7.160077449818837,186.2583132225801,8.136042305027173,184.55053150852987,66.79948360872574,187.2599180112056,28.32329826098136
2021-07-08 15:00:00,184,7,200.0,176.0,197.0,134.42857142857142,181.73628541767422,7.160077449818837,185.36538426808727,8.136042305027173,180.59473891335736,66.79948360872574,181.53949047688033,28.32329826098136
2021-07-08 16:00:00,186,7,184.0,181.0,188.0,133.42857142857142,170.21588272146028,7.160077449818837,170.8897685176339,8.136042305027173,173.66584921434688,66.79948360872574,174.46583953198552,28.32329826098136
2021-07-08 17:00:00,155,7,186.0,179.0,160.0,120.85714285714286,169.12536295783508,7.160077449818837,166.79032741598178,8.136042305027173,168.50539177241683,66.79948360872574,164.40627082666197,28.32329826098136
2021-07-08 18:00:00,155,7,155.0,173.0,164.0,125.71428571428571,167.05167519270967,7.160077449818837,169.31487759045473,8.136042305027173,169.41841771869835,66.79948360872574,165.35828997927558,28.32329826098136
2021-07-08 19:00:00,153,7,155.0,169.0,171.0,121.28571428571429,162.67711762795767,7.160077449818837,163.2101112975462,8.136042305027173,166.66303367272857,66.79948360872574,153.45201667359245,28.32329826098136
2021-07-08 20:00:00,132,7,153.0,127.0,147.0,102.57142857142857,136.33368101210868,7.160077449818837,138.51337098276227,8.136042305027173,139.79170494594058,66.79948360872574,139.21318905013317,28.32329826098136
2021-07-08 21:00:00,128,7,132.0,120.0,141.0,98.42857142857143,135.83690545515103,7.160077449818837,132.14891892790624,8.136042305027173,129.71675093787397,66.79948360872574,136.86482215663665,28.32329826098136
2021-07-08 22:00:00,118,7,128.0,113.0,122.0,90.42857142857143,122.54983242190698,7.160077449818837,124.62157439924763,8.136042305027173,118.75167610733864,66.79948360872574,105.88217148307258,28.32329826098136
2021-07-08 23:00:00,119,7,118.0,110.0,124.0,87.57142857142857,121.57793972444802,7.160077449818837,121.06768642297224,8.136042305027173,117.81787592255304,66.79948360872574,107.04629211341559,28.32329826098136
2021-07-09 00:00:00,78,7,119.0,78.0,69.0,61.57142857142857,76.49788767282182,7.160077449818837,73.14039354609284,8.136042305027173,79.57224386760609,66.79948360872574,67.41883292221412,28.32329826098136
2021-07-09 01:00:00,105,7,78.0,104.0,115.0,86.0,117.10461972213237,7.160077449818837,116.88832882784058,8.136042305027173,120.59410847941079,66.79948360872574,119.47361153002694,28.32329826098136
2021-07-09 02:00:00,114,7,105.0,110.0,121.0,86.0,118.22508812267358,7.160077449818837,117.8678620973071,8.136042305027173,120.66045032184712,66.79948360872574,120.9506503095515,28.32329826098136
2021-07-09 03:00:00,109,7,114.0,115.0,115.0,88.14285714285714,115.95715970082763,7.160077449818837,116.22499023108072,8.136042305027173,120.20034685882733,66.79948360872574,111.88052786352944,28.32329826098136
2021-07-09 04:00:00,106,7,109.0,109.0,110.0,85.85714285714286,115.73758127706958,7.160077449818837,113.92724832013276,8.136042305027173,121.01818489288476,66.79948360872574,117.51851464084858,28.32329826098136
2021-07-09 05:00:00,105,7,106.0,107.0,120.0,84.71428571428571,108.96334021436441,7.160077449818837,110.60218295140251,8.136042305027173,118.16019772415524,66.79948360872574,110.47712409249263,28.32329826098136
2021-07-09 06:00:00,125,7,105.0,115.0,117.0,84.85714285714286,116.26644788390676,7.160077449818837,111.36286777407018,8.136042305027173,122.85711814353222,66.79948360872574,111.3451084728813,28.32329826098136
2021-07-09 07:00:00,156,7,125.0,146.0,143.0,112.71428571428571,157.29519485397117,7.160077449818837,155.2832100517106,8.136042305027173,154.61033875212962,66.79948360872574,156.3091160523608,28.32329826098136
2021-07-09 08:00:00,188,7,156.0,187.0,173.0,141.42857142857142,184.4793661262412,7.160077449818837,183.5303897310995,8.136042305027173,184.73402771828734,66.79948360872574,185.5577325502085,28.32329826098136
2021-07-09 09:00:00,168,7,188.0,186.0,187.0,138.42857142857142,183.34195481434742,7.160077449818837,183.95941755676893,8.136042305027173,178.02121689167964,66.79948360872574,183.82165548076748,28.32329826098136
2021-07-09 10:00:00,176,7,168.0,201.0,179.0,139.0,180.59874016179936,7.160077449818837,182.96650214634047,8.136042305027173,185.42298000742014,66.79948360872574,189.13978274833238,28.32329826098136
2021-07-09 11:00:00,176,7,176.0,192.0,186.0,139.85714285714286,180.7106672158847,7.160077449818837,180.99274495761563,8.136042305027173,176.26150464552765,66.79948360872574,182.5286341524888,28.32329826098136
2021-07-09 12:00:00,112,7,176.0,131.0,117.0,96.85714285714286,120.6834889537377,7.160077449818837,120.2381083386748,8.136042305027173,121.4859636006567,66.79948360872574,107.11209217667191,28.32329826098136
2021-07-09 13:00:00,186,7,112.0,201.0,178.0,137.28571428571428,178.38289535576735,7.160077449818837,177.6680080655713,8.136042305027173,184.60205173259723,66.79948360872574,188.5486929013469,28.32329826098136
2021-07-09 14:00:00,192,7,186.0,200.0,183.0,139.0,173.5597074657484,7.160077449818837,176.31191947508563,8.136042305027173,177.54424480839307,66.79948360872574,184.1830532984159,28.32329826098136
2021-07-09 15:00:00,188,7,192.0,184.0,160.0,132.57142857142858,178.3079121130008,7.160077449818837,178.16366908716978,8.136042305027173,177.32627237580436,66.79948360872574,179.45105406554046,28.32329826098136
2021-07-09 16:00:00,176,7,188.0,186.0,164.0,133.14285714285714,171.45877229033525,7.160077449818837,171.75986390168066,8.136042305027173,176.31208928267512,66.79948360872574,176.00617818427858,28.32329826098136
2021-07-09 17:00:00,165,7,176.0,155.0,175.0,120.14285714285714,175.03228702599606,7.160077449818837,174.0687330348563,8.136042305027173,166.35784554944607,66.79948360872574,166.67778735293865,28.32329826098136
2021-07-09 18:00:00,174,7,165.0,155.0,169.0,124.42857142857143,170.82614958360122,7.160077449818837,171.17415979704504,8.136042305027173,167.42435822367347,66.79948360872574,170.6597021907444,28.32329826098136
2021-07-09 19:00:00,140,7,174.0,153.0,149.0,118.71428571428571,156.84876529852156,7.160077449818837,159.8902949651433,8.136042305027173,150.50465784616966,66.79948360872574,150.75920556967787,28.32329826098136
2021-07-09 20:00:00,111,7,140.0,132.0,130.0,100.42857142857143,125.50167337258314,7.160077449818837,124.76600450688416,8.136042305027173,119.11837772572532,66.79948360872574,126.44419847682846,28.32329826098136
2021-07-09 21:00:00,109,7,111.0,128.0,121.0,96.57142857142857,121.3640131749241,7.160077449818837,121.30650558814128,8.136042305027173,116.71854981475968,66.79948360872574,121.15611881859262,28.32329826098136
2021-07-09 22:00:00,111,7,109.0,118.0,117.0,89.85714285714286,110.99576898778491,7.160077449818837,114.41488384786545,8.136042305027173,119.14672196088118,66.79948360872574,123.01033426254958,28.32329826098136
2021-07-09 23:00:00,106,7,111.0,119.0,103.0,86.85714285714286,109.96632967871953,7.160077449818837,109.87953033913226,8.136042305027173,116.45132427127785,66.79948360872574,107.0675847134322,28.32329826098136
2021-07-10 00:00:00,70,7,106.0,78.0,76.0,62.857142857142854,66.35094179912225,7.160077449818837,65.71193602121893,8.136042305027173,78.9116842580538,66.79948360872574,68.0085712249086,28.32329826098136
2021-07-10 01:00:00,102,7,70.0,105.0,110.0,84.57142857142857,114.07387483239724,7.160077449818837,112.9650282968166,8.136042305027173,118.20976274618786,66.79948360872574,114.99013454944249,28.32329826098136
2021-07-10 02:00:00,100,7,102.0,114.0,107.0,85.0,111.918251027327,7.160077449818837,110.54389921460336,8.136042305027173,119.1391282692111,66.79948360872574,112.3391943756132,28.32329826098136
2021-07-10 03:00:00,106,7,100.0,109.0,108.0,87.28571428571429,110.81643689599862,7.160077449818837,107.252225471593,8.136042305027173,114.16857581112993,66.79948360872574,96.7180693752827,28.32329826098136
2021-07-10 04:00:00,106,7,106.0,106.0,112.0,85.28571428571429,109.65389767831499,7.160077449818837,108.28507904236211,8.136042305027173,110.39879693722241,66.79948360872574,107.67090363387229,28.32329826098136
2021-07-10 05:00:00,97,7,106.0,105.0,105.0,82.57142857142857,105.2581178271374,7.160077449818837,106.51290715057347,8.136042305027173,114.75956762905959,66.79948360872574,100.5609587600282,28.32329826098136
2021-07-10 06:00:00,104,7,97.0,125.0,105.0,86.0,105.55629179462872,7.160077449818837,105.20777582699793,8.136042305027173,116.37552853683265,66.79948360872574,112.24691470739945,28.32329826098136
2021-07-10 07:00:00,105,7,104.0,156.0,83.0,114.57142857142857,105.21625020500436,7.160077449818837,99.62343443271637,8.136042305027173,108.1251749554969,66.79948360872574,121.46532679007377,28.32329826098136
2021-07-10 08:00:00,27,7,105.0,188.0,23.0,143.57142857142858,51.79210719266243,7.160077449818837,52.37501578497309,8.136042305027173,86.12006724104324,66.79948360872574,61.562166875793814,28.32329826098136
2021-07-10 09:00:00,27,7,27.0,168.0,27.0,135.71428571428572,12.316877091219139,7.160077449818837,14.798749244646281,8.136042305027173,82.31310018964678,66.79948360872574,59.59622888299901,28.32329826098136
2021-07-10 10:00:00,32,7,27.0,176.0,23.0,138.57142857142858,20.996511512327707,7.160077449818837,21.18644973299695,8.136042305027173,85.76582485663052,66.79948360872574,58.82458598703603,28.32329826098136
2021-07-10 11:00:00,31,7,32.0,176.0,23.0,138.42857142857142,36.00022475709829,7.160077449818837,30.67844120751687,8.136042305027173,85.79398347415956,66.79948360872574,58.838967276752705,28.32329826098136
2021-07-10 12:00:00,26,7,31.0,112.0,27.0,96.14285714285714,64.64691857793927,7.160077449818837,66.25677250668483,8.136042305027173,67.50174543846107,66.79948360872574,58.49482221228634,28.32329826098136
2021-07-10 13:00:00,28,7,26.0,186.0,22.0,138.42857142857142,29.64631008356492,7.160077449818837,31.676607153212384,8.136042305027173,80.29407909250489,66.79948360872574,59.709128841893865,28.32329826098136
2021-07-10 14:00:00,23,7,28.0,192.0,23.0,140.28571428571428,29.378734788396347,7.160077449818837,28.636715905074784,8.136042305027173,81.7798238958736,66.79948360872574,58.78104409349964,28.32329826098136
2021-07-10 15:00:00,25,7,23.0,188.0,25.0,136.57142857142858,28.584408504984975,7.160077449818837,25.77328767363731,8.136042305027173,81.71109824938415,66.79948360872574,58.559655299028265,28.32329826098136
2021-07-10 16:00:00,27,7,25.0,176.0,26.0,134.85714285714286,20.95004750896116,7.160077449818837,21.401510514817506,8.136042305027173,82.58207018016186,66.79948360872574,59.34686000765204,28.32329826098136
2021-07-10 17:00:00,23,7,27.0,165.0,22.0,118.71428571428571,24.11367751521619,7.160077449818837,22.902805600373334,8.136042305027173,78.96556490360318,66.79948360872574,60.2723060856636,28.32329826098136
2021-07-10 18:00:00,22,7,23.0,174.0,23.0,125.14285714285714,23.824099390852147,7.160077449818837,23.60258786489311,8.136042305027173,82.87870671468048,66.79948360872574,58.0097924098946,28.32329826098136
2021-07-10 19:00:00,26,7,22.0,140.0,27.0,117.42857142857143,24.502148967936765,7.160077449818837,24.17158925475249,8.136042305027173,72.37418509911066,66.79948360872574,57.03499852993337,28.32329826098136
2021-07-10 20:00:00,23,7,26.0,111.0,23.0,97.71428571428571,26.18560790534717,7.160077449818837,26.237243980057315,8.136042305027173,64.20516173300106,66.79948360872574,56.227203776981234,28.32329826098136
2021-07-10 21:00:00,23,7,23.0,109.0,23.0,94.85714285714286,22.62460211802628,7.160077449818837,22.965244570389814,8.136042305027173,64.49400458706788,66.79948360872574,56.85264281728606,28.32329826098136
2021-07-10 22:00:00,26,7,23.0,111.0,27.0,89.0,24.494135963176475,7.160077449818837,24.530136736135315,8.136042305027173,60.29582007391372,66.79948360872574,55.15006275395049,28.32329826098136
2021-07-10 23:00:00,23,7,26.0,106.0,23.0,87.28571428571429,23.433050615101315,7.160077449818837,23.72777504612458,8.136042305027173,60.13390000734607,66.79948360872574,54.97356738169007,28.32329826098136
2021-07-11 00:00:00,23,7,23.0,70.0,23.0,62.0,22.56801804045533,7.160077449818837,22.394089799063305,8.136042305027173,33.31370082886042,66.79948360872574,27.070695371976214,28.32329826098136
2021-07-11 01:00:00,27,7,23.0,102.0,27.0,83.42857142857143,24.251077471290678,7.160077449818837,23.236935923902827,8.136042305027173,37.76688927010536,66.79948360872574,27.843552251859368,28.32329826098136
2021-07-11 02:00:00,23,7,27.0,100.0,24.0,84.0,23.98553070672201,7.160077449818837,24.583478011528705,8.136042305027173,37.05918118540269,66.79948360872574,26.862199545177035,28.32329826098136
2021-07-11 03:00:00,24,7,23.0,106.0,23.0,87.0,22.59057737899607,7.160077449818837,23.048245894497605,8.136042305027173,37.0605221538325,66.79948360872574,28.444744817495895,28.32329826098136
2021-07-11 04:00:00,24,7,24.0,106.0,23.0,84.42857142857143,24.333674463397493,7.160077449818837,23.94302606298052,8.136042305027173,37.780515595251714,66.79948360872574,27.257470301643853,28.32329826098136
2021-07-11 05:00:00,27,7,24.0,97.0,27.0,81.42857142857143,26.482710473789147,7.160077449818837,27.79941239882882,8.136042305027173,34.858304550971184,66.79948360872574,25.87597038639302,28.32329826098136
2021-07-11 06:00:00,22,7,27.0,104.0,23.0,85.85714285714286,24.792310818275627,7.160077449818837,23.92217790865685,8.136042305027173,40.783959715375175,66.79948360872574,28.68097289258514,28.32329826098136
2021-07-11 07:00:00,22,7,22.0,105.0,23.0,117.71428571428571,22.09935394625301,7.160077449818837,24.378079232602204,8.136042305027173,42.132193833266236,66.79948360872574,33.87446562818205,28.32329826098136
2021-07-11 08:00:00,27,7,22.0,27.0,28.0,144.14285714285714,25.149911319094297,7.160077449818837,26.01760187054923,8.136042305027173,53.547733630426755,66.79948360872574,32.38047972582492,28.32329826098136
2021-07-11 09:00:00,22,7,27.0,27.0,22.0,135.71428571428572,20.64166147815737,7.160077449818837,22.84631449209465,8.136042305027173,56.54751190655871,66.79948360872574,31.14693988258844,28.32329826098136
2021-07-11 10:00:00,23,7,22.0,32.0,23.0,139.85714285714286,20.95938252265941,7.160077449818837,21.865488244060355,8.136042305027173,49.76507781786809,66.79948360872574,30.418702264027228,28.32329826098136
2021-07-11 11:00:00,28,7,23.0,31.0,28.0,139.57142857142858,26.09464815986413,7.160077449818837,26.680231446330474,8.136042305027173,50.114619041170414,66.79948360872574,32.69575061999646,28.32329826098136
2021-07-11 12:00:00,24,7,28.0,26.0,24.0,96.0,24.278896653619434,7.160077449818837,22.907060496455518,8.136042305027173,73.47165952856862,66.79948360872574,43.92752368074814,28.32329826098136
2021-07-11 13:00:00,24,7,24.0,28.0,24.0,139.28571428571428,21.4216732692453,7.160077449818837,21.635234163745213,8.136042305027173,52.79531158023633,66.79948360872574,32.52118066092065,28.32329826098136
2021-07-11 14:00:00,28,7,24.0,23.0,27.0,140.28571428571428,24.602617396421042,7.160077449818837,26.11146416741448,8.136042305027173,53.05817914645423,66.79948360872574,32.99262202125835,28.32329826098136
2021-07-11 15:00:00,24,7,28.0,25.0,27.0,136.57142857142858,23.54176213682999,7.160077449818837,23.627125920065033,8.136042305027173,53.654249058462554,66.79948360872574,28.857451957732373,28.32329826098136
2021-07-11 16:00:00,26,7,24.0,27.0,25.0,135.0,23.934718042241553,7.160077449818837,27.745063070872583,8.136042305027173,52.38803881331174,66.79948360872574,29.917586935011737,28.32329826098136
2021-07-11 17:00:00,26,7,26.0,23.0,22.0,118.85714285714286,24.206409875228704,7.160077449818837,23.976274471768313,8.136042305027173,54.703163090609536,66.79948360872574,30.832425565759372,28.32329826098136
2021-07-11 18:00:00,26,7,26.0,22.0,27.0,125.0,30.9853632194059,7.160077449818837,29.115797193255514,8.136042305027173,50.867005479165805,66.79948360872574,29.28502416186595,28.32329826098136
2021-07-11 19:00:00,23,7,26.0,26.0,23.0,117.28571428571429,25.496134509444094,7.160077449818837,25.14094342687712,8.136042305027173,54.597087575260254,66.79948360872574,33.65438107218068,28.32329826098136
2021-07-11 20:00:00,23,7,23.0,23.0,23.0,97.71428571428571,24.382760946911535,7.160077449818837,24.350994309938667,8.136042305027173,59.26580974332044,66.79948360872574,34.58355565971961,28.32329826098136
2021-07-11 21:00:00,28,7,23.0,23.0,28.0,94.85714285714286,29.167873838287992,7.160077449818837,28.73077787118551,8.136042305027173,55.903324521169864,66.79948360872574,35.94346949150617,28.32329826098136
2021-07-11 22:00:00,24,7,28.0,26.0,24.0,88.85714285714286,22.354357331827796,7.160077449818837,22.913891873606012,8.136042305027173,56.042019157921466,66.79948360872574,33.41997437641756,28.32329826098136
2021-07-11 23:00:00,23,7,24.0,23.0,23.0,87.28571428571429,23.58231391753018,7.160077449818837,23.562630732748985,8.136042305027173,55.66737181273139,66.79948360872574,32.79714102576471,28.32329826098136
2021-07-12 00:00:00,26,7,23.0,23.0,28.0,62.0,33.11882162840983,7.160077449818837,35.30364675556663,8.136042305027173,34.646892539143074,66.79948360872574,27.49683581376694,28.32329826098136
2021-07-12 01:00:00,23,7,26.0,27.0,23.0,83.42857142857143,25.797707132590027,7.160077449818837,25.335039065508184,8.136042305027173,29.032148858057745,66.79948360872574,26.920787724399677,28.32329826098136
2021-07-12 02:00:00,23,7,23.0,23.0,23.0,83.85714285714286,23.873061448507038,7.160077449818837,25.36131858268838,8.136042305027173,28.94410097203451,66.79948360872574,24.872822066404126,28.32329826098136
2021-07-12 03:00:00,27,7,23.0,24.0,25.0,87.14285714285714,25.273695115304587,7.160077449818837,24.89660523804849,8.136042305027173,28.95282037439189,66.79948360872574,26.782617935837422,28.32329826098136
2021-07-12 04:00:00,23,7,27.0,24.0,27.0,84.57142857142857,27.80577529975347,7.160077449818837,30.795408467381765,8.136042305027173,29.80075215683777,66.79948360872574,26.407030882274956,28.32329826098136
2021-07-12 05:00:00,23,7,23.0,27.0,23.0,81.42857142857143,28.619184937879805,7.160077449818837,35.2677977228144,8.136042305027173,29.583825192514954,66.79948360872574,25.540660727651535,28.32329826098136
2021-07-12 06:00:00,25,7,23.0,22.0,23.0,85.71428571428571,26.711996613995368,7.160077449818837,27.402591265037067,8.136042305027173,33.65430208185599,66.79948360872574,28.91341802435701,28.32329826098136
2021-07-12 07:00:00,123,7,25.0,22.0,104.0,117.57142857142857,44.84706709225967,7.160077449818837,53.68667101595815,8.136042305027173,111.78457518846011,66.79948360872574,104.5457658801136,28.32329826098136
2021-07-12 08:00:00,198,7,123.0,27.0,183.0,144.0,190.95492659009884,7.160077449818837,189.91183209679784,8.136042305027173,197.54012584585584,66.79948360872574,190.72946769556208,28.32329826098136
2021-07-12 09:00:00,195,7,198.0,22.0,175.0,135.71428571428572,187.25793392079368,7.160077449818837,185.85427436403205,8.136042305027173,188.34164507476947,66.79948360872574,186.6027348259471,28.32329826098136
2021-07-12 10:00:00,186,7,195.0,23.0,185.0,139.85714285714286,193.9358707516878,7.160077449818837,193.0160676561741,8.136042305027173,193.98243591946192,66.79948360872574,188.87974009959683,28.32329826098136
2021-07-12 11:00:00,188,7,186.0,28.0,185.0,139.57142857142858,186.83955064236207,7.160077449818837,189.72981071605864,8.136042305027173,193.9540487784316,66.79948360872574,189.70231998298343,28.32329826098136
2021-07-12 12:00:00,134,7,188.0,24.0,116.0,96.0,134.0972107906687,7.160077449818837,131.50920607725092,8.136042305027173,122.99022509386093,66.79948360872574,125.05364730611498,28.32329826098136
2021-07-12 13:00:00,178,7,134.0,24.0,181.0,139.28571428571428,188.17585235461956,7.160077449818837,188.3561898289214,8.136042305027173,189.2708235502883,66.79948360872574,185.77245276156086,28.32329826098136
2021-07-12 14:00:00,190,7,178.0,28.0,170.0,140.42857142857142,181.09321754244058,7.160077449818837,183.13350501395266,8.136042305027173,185.79140704133872,66.79948360872574,185.07785140970728,28.32329826098136
2021-07-12 15:00:00,188,7,190.0,24.0,183.0,136.14285714285714,182.43603600335584,7.160077449818837,182.52416981069797,8.136042305027173,183.60732014540545,66.79948360872574,181.42558049205678,28.32329826098136
2021-07-12 16:00:00,177,7,188.0,26.0,173.0,135.14285714285714,177.89122274720603,7.160077449818837,180.71330556413184,8.136042305027173,175.8331710939983,66.79948360872574,175.11979774280644,28.32329826098136
2021-07-12 17:00:00,173,7,177.0,26.0,140.0,119.42857142857143,151.728707182838,7.160077449818837,153.64807792566572,8.136042305027173,147.91346807575536,66.79948360872574,148.97700811038553,28.32329826098136
2021-07-12 18:00:00,164,7,173.0,26.0,163.0,124.85714285714286,168.5086258208431,7.160077449818837,171.16270297457254,8.136042305027173,168.56396526540377,66.79948360872574,169.87647805430151,28.32329826098136
2021-07-12 19:00:00,175,7,164.0,23.0,153.0,117.28571428571429,159.11379149614496,7.160077449818837,156.11105216040295,8.136042305027173,158.68670241887457,66.79948360872574,162.0998846314612,28.32329826098136
2021-07-12 20:00:00,136,7,175.0,23.0,130.0,97.71428571428571,130.0763913934344,7.160077449818837,129.07238446907547,8.136042305027173,126.44878606685373,66.79948360872574,129.69554520491425,28.32329826098136
2021-07-12 21:00:00,133,7,136.0,28.0,124.0,94.85714285714286,128.14552479327594,7.160077449818837,129.38233960727143,8.136042305027173,124.07013242063454,66.79948360872574,126.43098279279234,28.32329826098136
2021-07-12 22:00:00,125,7,133.0,24.0,115.0,88.85714285714286,128.28849176171002,7.160077449818837,128.46438404309353,8.136042305027173,116.03012111370883,66.79948360872574,117.88826458178983,28.32329826098136
2021-07-12 23:00:00,115,7,125.0,23.0,116.0,87.28571428571429,122.11480337032638,7.160077449818837,121.40375977916867,8.136042305027173,115.62225731189896,66.79948360872574,116.58309229721881,28.32329826098136
2021-07-13 00:00:00,70,7,115.0,26.0,68.0,61.714285714285715,77.52330088193018,7.160077449818837,65.39804432157143,8.136042305027173,81.5363267380209,66.79948360872574,72.48053322931986,28.32329826098136
2021-07-13 01:00:00,119,7,70.0,23.0,111.0,83.42857142857143,115.32971477291163,7.160077449818837,111.4851736166224,8.136042305027173,117.32547550438807,66.79948360872574,103.31372933101156,28.32329826098136
2021-07-13 02:00:00,117,7,119.0,23.0,110.0,83.85714285714286,118.5796977569655,7.160077449818837,113.6483190081726,8.136042305027173,117.4673012153932,66.79948360872574,102.94480264780314,28.32329826098136
2021-07-13 03:00:00,115,7,117.0,27.0,116.0,87.42857142857143,116.25559722796116,7.160077449818837,113.76312353031223,8.136042305027173,118.77559726088825,66.79948360872574,106.4692000894118,28.32329826098136
2021-07-13 04:00:00,112,7,115.0,23.0,112.0,84.0,114.40071405355822,7.160077449818837,108.40075128086211,8.136042305027173,116.52536083147777,66.79948360872574,101.8516755932085,28.32329826098136
2021-07-13 05:00:00,162,7,112.0,23.0,110.0,81.42857142857143,108.99912369137323,7.160077449818837,103.73943333408545,8.136042305027173,115.71093245904645,66.79948360872574,101.41751035775022,28.32329826098136
2021-07-13 06:00:00,125,7,162.0,25.0,105.0,86.0,131.24984744209112,7.160077449818837,129.64399819422155,8.136042305027173,120.01734574182666,66.79948360872574,106.93311025619876,28.32329826098136
2021-07-13 07:00:00,113,7,125.0,123.0,145.0,120.28571428571429,156.53710606724434,7.160077449818837,155.52910113913845,8.136042305027173,159.00809152532145,66.79948360872574,115.56293525195031,28.32329826098136
2021-07-13 08:00:00,112,7,113.0,198.0,193.0,146.14285714285714,185.99195843054267,7.160077449818837,183.94284620680665,8.136042305027173,195.65579654339922,66.79948360872574,140.58470975412067,28.32329826098136
2021-07-13 09:00:00,118,7,112.0,195.0,185.0,138.57142857142858,173.62170288608053,7.160077449818837,165.46093213431323,8.136042305027173,186.72688000602196,66.79948360872574,125.07609358882723,28.32329826098136
2021-07-13 10:00:00,138,7,118.0,186.0,176.0,140.0,154.548165877255,7.160077449818837,154.74705630723608,8.136042305027173,188.66324290596273,66.79948360872574,123.25950540782154,28.32329826098136
2021-07-13 11:00:00,167,7,138.0,188.0,182.0,140.0,170.44538200901363,7.160077449818837,165.24134675973684,8.136042305027173,186.407236327561,66.79948360872574,124.14589376048839,28.32329826098136
2021-07-13 12:00:00,129,7,167.0,134.0,132.0,98.57142857142857,127.93904919972312,7.160077449818837,123.78485049309192,8.136042305027173,138.65752378687517,66.79948360872574,117.31343773069108,28.32329826098136
2021-07-13 13:00:00,112,7,129.0,178.0,170.0,138.85714285714286,169.73749427722964,7.160077449818837,166.39727158279146,8.136042305027173,185.2912757180851,66.79948360872574,118.75819097052322,28.32329826098136
2021-07-13 14:00:00,174,7,112.0,190.0,185.0,143.28571428571428,161.4831401766858,7.160077449818837,157.35980597364355,8.136042305027173,187.71775642018017,66.79948360872574,125.80920933236386,28.32329826098136
2021-07-13 15:00:00,186,7,174.0,188.0,173.0,136.85714285714286,167.2486133768874,7.160077449818837,164.98441839763663,8.136042305027173,181.58376025876737,66.79948360872574,118.34295758290146,28.32329826098136
2021-07-13 16:00:00,181,7,186.0,177.0,177.0,135.71428571428572,169.9530967511136,7.160077449818837,169.1892142336094,8.136042305027173,172.98783188622446,66.79948360872574,119.28096967316776,28.32329826098136
2021-07-13 17:00:00,147,7,181.0,173.0,148.0,124.14285714285714,165.88385970916923,7.160077449818837,163.70952429880148,8.136042305027173,157.76204185470527,66.79948360872574,110.93078982250904,28.32329826098136
2021-07-13 18:00:00,160,7,147.0,164.0,161.0,125.0,166.87661368024243,7.160077449818837,165.49744619546357,8.136042305027173,168.73232877688244,66.79948360872574,111.81613592581098,28.32329826098136
2021-07-13 19:00:00,187,7,160.0,175.0,157.0,120.42857142857143,161.61156261637512,7.160077449818837,158.88059103411584,8.136042305027173,164.4481946182986,66.79948360872574,111.06576130039566,28.32329826098136
2021-07-13 20:00:00,189,7,187.0,136.0,138.0,98.57142857142857,132.56991801821027,7.160077449818837,133.53884778486255,8.136042305027173,133.89896171127603,66.79948360872574,113.80411173508634,28.32329826098136
2021-07-13 21:00:00,179,7,189.0,133.0,132.0,96.14285714285714,139.61639862241307,7.160077449818837,135.1267351684844,8.136042305027173,130.82456608032746,66.79948360872574,114.84571308178569,28.32329826098136
2021-07-13 22:00:00,187,7,179.0,125.0,115.0,90.28571428571429,136.40478085784486,7.160077449818837,129.641977873056,8.136042305027173,119.73592020734912,66.79948360872574,107.74599102934599,28.32329826098136
2021-07-13 23:00:00,190,7,187.0,115.0,114.0,87.14285714285714,128.75123393204197,7.160077449818837,126.5474294546394,8.136042305027173,117.76348349716496,66.79948360872574,105.54187725784519,28.32329826098136
2021-07-14 00:00:00,75,7,190.0,70.0,89.0,62.0,108.75380398936342,7.160077449818837,118.78207541859729,8.136042305027173,81.2622587550259,66.79948360872574,77.85206818746909,28.32329826098136
2021-07-14 01:00:00,112,7,75.0,119.0,112.0,84.57142857142857,131.07594358523025,7.160077449818837,136.2567760730453,8.136042305027173,115.07247458606322,66.79948360872574,120.33880925087041,28.32329826098136
2021-07-14 02:00:00,109,7,112.0,117.0,107.0,84.85714285714286,123.76815516197438,7.160077449818837,129.6152295747913,8.136042305027173,118.73243905820021,66.79948360872574,118.4167519724726,28.32329826098136
2021-07-14 03:00:00,114,7,109.0,115.0,115.0,87.28571428571429,114.514945408286,7.160077449818837,115.66850642316125,8.136042305027173,116.32893179104775,66.79948360872574,118.78197327650976,28.32329826098136
2021-07-14 04:00:00,107,7,114.0,112.0,108.0,84.0,125.27818931172877,7.160077449818837,126.69717208560337,8.136042305027173,118.26647520020205,66.79948360872574,118.75899060723496,28.32329826098136
2021-07-14 05:00:00,115,7,107.0,162.0,101.0,88.85714285714286,108.7608584990872,7.160077449818837,111.65281649849213,8.136042305027173,133.00010033054238,66.79948360872574,129.66495089294258,28.32329826098136
2021-07-14 06:00:00,112,7,115.0,125.0,106.0,88.85714285714286,111.10955519708331,7.160077449818837,113.80704780120138,8.136042305027173,121.51705200207151,66.79948360872574,123.52097309710847,28.32329826098136
2021-07-14 07:00:00,154,7,112.0,113.0,145.0,115.71428571428571,131.89284311160495,7.160077449818837,132.4931470738402,8.136042305027173,157.24453006377124,66.79948360872574,153.97514473398155,28.32329826098136
2021-07-14 08:00:00,186,7,154.0,112.0,203.0,134.57142857142858,168.0331449906614,7.160077449818837,172.86276226337844,8.136042305027173,174.75529719287135,66.79948360872574,175.71969596831474,28.32329826098136
2021-07-14 09:00:00,195,7,186.0,118.0,187.0,129.0,178.1355584043649,7.160077449818837,178.67456039948357,8.136042305027173,169.2327601979783,66.79948360872574,174.90817994950987,28.32329826098136
2021-07-14 10:00:00,185,7,195.0,138.0,186.0,134.57142857142858,183.95138858473328,7.160077449818837,186.76914481858444,8.136042305027173,171.07755550851937,66.79948360872574,174.1718607983677,28.32329826098136
2021-07-14 11:00:00,193,7,185.0,167.0,183.0,137.85714285714286,175.9815744181783,7.160077449818837,179.69027847687983,8.136042305027173,174.6203789551663,66.79948360872574,176.88830302348978,28.32329826098136
2021-07-14 12:00:00,110,7,193.0,129.0,131.0,98.14285714285714,128.1938311920023,7.160077449818837,128.1488636651816,8.136042305027173,126.08439938217235,66.79948360872574,130.55294886618313,28.32329826098136
2021-07-14 13:00:00,179,7,110.0,112.0,185.0,130.57142857142858,186.67461461785481,7.160077449818837,183.79800825890587,8.136042305027173,174.10846031661595,66.79948360872574,178.45018440372797,28.32329826098136
2021-07-14 14:00:00,186,7,179.0,174.0,185.0,141.71428571428572,178.88960065807098,7.160077449818837,177.8269242069997,8.136042305027173,179.1800547615433,66.79948360872574,176.7808368354473,28.32329826098136
2021-07-14 15:00:00,141,7,186.0,186.0,176.0,138.71428571428572,178.1771798323055,7.160077449818837,179.12550954143234,8.136042305027173,171.34672823296148,66.79948360872574,167.84752230915205,28.32329826098136
2021-07-14 16:00:00,156,7,141.0,181.0,181.0,136.28571428571428,171.44802863122857,7.160077449818837,170.50742921626977,8.136042305027173,170.36781767933715,66.79948360872574,167.19511334209005,28.32329826098136
2021-07-14 17:00:00,179,7,156.0,147.0,179.0,124.0,169.17837267679778,7.160077449818837,168.14066082682152,8.136042305027173,167.67598048094194,66.79948360872574,161.39355226165657,28.32329826098136
2021-07-14 18:00:00,169,7,179.0,160.0,173.0,124.85714285714286,165.36337377299694,7.160077449818837,168.380034182287,8.136042305027173,170.7502089923547,66.79948360872574,165.92172336401268,28.32329826098136
2021-07-14 19:00:00,148,7,169.0,187.0,169.0,124.71428571428571,164.35512428371848,7.160077449818837,166.29508040771773,8.136042305027173,168.60432216957287,66.79948360872574,158.39763087170857,28.32329826098136
2021-07-14 20:00:00,120,7,148.0,189.0,127.0,105.85714285714286,151.40902115048254,7.160077449818837,150.77379087225233,8.136042305027173,144.67755820837476,66.79948360872574,136.5975293609564,28.32329826098136
2021-07-14 21:00:00,113,7,120.0,179.0,120.0,102.85714285714286,140.46717355658657,7.160077449818837,138.49057478155422,8.136042305027173,141.12832293765698,66.79948360872574,132.27738245962075,28.32329826098136
2021-07-14 22:00:00,115,7,113.0,187.0,113.0,100.57142857142857,130.56416133919433,7.160077449818837,124.70540882313576,8.136042305027173,134.57750174873905,66.79948360872574,130.6657544624538,28.32329826098136
2021-07-14 23:00:00,112,7,115.0,190.0,110.0,98.0,116.62799407764825,7.160077449818837,115.95629898805404,8.136042305027173,136.72358198738152,66.79948360872574,130.84089938696528,28.32329826098136
2021-07-15 00:00:00,70,7,112.0,75.0,78.0,60.0,60.17100411397587,7.160077449818837,45.75172970670434,8.136042305027173,68.05924498739378,66.79948360872574,56.42983673483611,28.32329826098136
2021-07-15 01:00:00,106,7,70.0,112.0,104.0,84.57142857142857,114.64913554379554,7.160077449818837,106.16642871188206,8.136042305027173,113.99516551728557,66.79948360872574,82.8678654392581,28.32329826098136
2021-07-15 02:00:00,119,7,106.0,109.0,110.0,85.14285714285714,111.47507505112488,7.160077449818837,107.7673775994055,8.136042305027173,109.35264464654875,66.79948360872574,80.11753356363974,28.32329826098136
2021-07-15 03:00:00,111,7,119.0,114.0,115.0,87.14285714285714,114.0464165643873,7.160077449818837,114.59409237484296,8.136042305027173,110.16330095369902,66.79948360872574,78.90700421071776,28.32329826098136
2021-07-15 04:00:00,121,7,111.0,107.0,109.0,83.85714285714286,112.73156032424757,7.160077449818837,106.77557020386689,8.136042305027173,111.52123281807681,66.79948360872574,84.7446258491066,28.32329826098136
2021-07-15 05:00:00,96,7,121.0,115.0,107.0,90.85714285714286,111.76257262969544,7.160077449818837,113.29149499635761,8.136042305027173,109.71849113769096,66.79948360872574,79.58700067079361,28.32329826098136
2021-07-15 06:00:00,108,7,96.0,112.0,115.0,89.71428571428571,112.51494513473799,7.160077449818837,110.39191051173444,8.136042305027173,109.53569856149379,66.79948360872574,80.29957567307922,28.32329826098136
2021-07-15 07:00:00,110,7,108.0,154.0,146.0,117.0,146.28590486091588,7.160077449818837,138.19873330024453,8.136042305027173,138.23739774658628,66.79948360872574,67.15080152082639,28.32329826098136
2021-07-15 08:00:00,144,7,110.0,186.0,187.0,132.14285714285714,143.41786764402357,7.160077449818837,138.6460412761308,8.136042305027173,161.68887158685786,66.79948360872574,76.4245139013588,28.32329826098136
2021-07-15 09:00:00,120,7,144.0,195.0,186.0,130.14285714285714,167.52743888504983,7.160077449818837,167.64645118522427,8.136042305027173,157.43596935163586,66.79948360872574,75.98752900675105,28.32329826098136
2021-07-15 10:00:00,110,7,120.0,185.0,201.0,134.42857142857142,173.22480089021033,7.160077449818837,174.51996810756637,8.136042305027173,160.5663239640488,66.79948360872574,76.71840409000886,28.32329826098136
2021-07-15 11:00:00,168,7,110.0,193.0,192.0,139.28571428571428,153.07416818659627,7.160077449818837,139.2820568590291,8.136042305027173,163.06508386062114,66.79948360872574,77.28117929316667,28.32329826098136
2021-07-15 12:00:00,123,7,168.0,110.0,131.0,95.14285714285714,125.454853854863,7.160077449818837,121.45380360183732,8.136042305027173,109.98208425902563,66.79948360872574,79.40504146946274,28.32329826098136
2021-07-15 13:00:00,130,7,123.0,179.0,201.0,129.71428571428572,169.94358074829387,7.160077449818837,168.70543366340453,8.136042305027173,159.78335497789735,66.79948360872574,74.30018221563678,28.32329826098136
2021-07-15 14:00:00,169,7,130.0,186.0,200.0,141.85714285714286,165.06949044457795,7.160077449818837,170.35651153528093,8.136042305027173,165.3085698002449,66.79948360872574,80.48564283086355,28.32329826098136
2021-07-15 15:00:00,159,7,169.0,141.0,184.0,133.71428571428572,162.5163765864303,7.160077449818837,160.6848863460557,8.136042305027173,143.3367856383454,66.79948360872574,75.26788073311566,28.32329826098136
2021-07-15 16:00:00,193,7,159.0,156.0,186.0,132.71428571428572,152.1843183691891,7.160077449818837,150.1017117732968,8.136042305027173,146.25549023108894,66.79948360872574,75.698299996502,28.32329826098136
2021-07-15 17:00:00,174,7,193.0,179.0,155.0,124.0,169.45649192497203,7.160077449818837,168.96712977907907,8.136042305027173,135.64995190004126,66.79948360872574,61.710641030190914,28.32329826098136
2021-07-15 18:00:00,202,7,174.0,169.0,155.0,124.28571428571429,171.83153180994847,7.160077449818837,172.97376841353375,8.136042305027173,132.13303099764465,66.79948360872574,62.01851013756648,28.32329826098136
2021-07-15 19:00:00,162,7,202.0,148.0,153.0,121.71428571428571,168.5730865794748,7.160077449818837,168.75187238773327,8.136042305027173,124.5740459329467,66.79948360872574,60.712448657658086,28.32329826098136
2021-07-15 20:00:00,166,7,162.0,120.0,132.0,104.85714285714286,143.52479046335472,7.160077449818837,139.0234619961713,8.136042305027173,113.13671479087114,66.79948360872574,77.17712326552187,28.32329826098136
2021-07-15 21:00:00,190,7,166.0,113.0,128.0,101.85714285714286,145.34509050442162,7.160077449818837,140.42339619686877,8.136042305027173,108.89645908647645,66.79948360872574,78.39328567198235,28.32329826098136
2021-07-15 22:00:00,202,7,190.0,115.0,118.0,100.85714285714286,146.99349320738864,7.160077449818837,144.32971506381966,8.136042305027173,102.70263786489538,66.79948360872574,77.61122403949625,28.32329826098136
2021-07-15 23:00:00,193,7,202.0,112.0,119.0,98.28571428571429,147.20539824950689,7.160077449818837,147.9036388288774,8.136042305027173,102.40746090620814,66.79948360872574,79.9642646561927,28.32329826098136
2021-07-16 00:00:00,67,7,193.0,70.0,78.0,58.857142857142854,110.32824703858141,7.160077449818837,118.87740481888528,8.136042305027173,73.07863319416458,66.79948360872574,75.30902852088826,28.32329826098136
2021-07-16 01:00:00,100,7,67.0,106.0,105.0,84.85714285714286,126.13148248089095,7.160077449818837,135.1857288411092,8.136042305027173,118.37859120933724,66.79948360872574,120.50651586977874,28.32329826098136
2021-07-16 02:00:00,103,7,100.0,119.0,114.0,86.42857142857143,123.98725856426479,7.160077449818837,127.7252705472002,8.136042305027173,117.57058977739544,66.79948360872574,120.40617867789074,28.32329826098136
2021-07-16 03:00:00,114,7,103.0,111.0,109.0,86.57142857142857,117.0422059179996,7.160077449818837,116.29633993179915,8.136042305027173,119.12088193690248,66.79948360872574,120.14344699796682,28.32329826098136
2021-07-16 04:00:00,109,7,114.0,121.0,106.0,85.57142857142857,118.08961203699006,7.160077449818837,117.76597980576865,8.136042305027173,122.12764778943017,66.79948360872574,121.25018272485309,28.32329826098136
2021-07-16 05:00:00,107,7,109.0,96.0,105.0,89.28571428571429,114.6397590682175,7.160077449818837,115.29639442050454,8.136042305027173,116.58828146663879,66.79948360872574,114.61534779834479,28.32329826098136
2021-07-16 06:00:00,109,7,107.0,108.0,125.0,88.71428571428571,110.86814108295913,7.160077449818837,110.40258356212735,8.136042305027173,115.25940613601303,66.79948360872574,118.98362868757947,28.32329826098136
2021-07-16 07:00:00,157,7,109.0,110.0,156.0,111.85714285714286,120.50780689698018,7.160077449818837,125.81407936210068,8.136042305027173,148.10655679381838,66.79948360872574,161.56381363470481,28.32329826098136
2021-07-16 08:00:00,194,7,157.0,144.0,188.0,126.0,176.2673258243797,7.160077449818837,173.97942074667924,8.136042305027173,156.3513225482638,66.79948360872574,173.63939457008968,28.32329826098136
2021-07-16 09:00:00,190,7,194.0,120.0,168.0,120.71428571428571,182.75330195481882,7.160077449818837,183.2398273897024,8.136042305027173,153.77262098511835,66.79948360872574,176.9407006964084,28.32329826098136
2021-07-16 10:00:00,187,7,190.0,110.0,176.0,121.42857142857143,177.22606486587665,7.160077449818837,179.0925945769755,8.136042305027173,154.74751813602526,66.79948360872574,180.5579986789657,28.32329826098136
2021-07-16 11:00:00,197,7,187.0,168.0,176.0,135.85714285714286,175.96160808633275,7.160077449818837,178.4833450997878,8.136042305027173,156.04948528640793,66.79948360872574,174.7490384895312,28.32329826098136
2021-07-16 12:00:00,128,7,197.0,123.0,112.0,94.0,125.30177408360036,7.160077449818837,126.70471023848492,8.136042305027173,116.56122832207691,66.79948360872574,125.31004146963737,28.32329826098136
2021-07-16 13:00:00,181,7,128.0,130.0,186.0,119.57142857142857,186.54956053654294,7.160077449818837,187.8179569542152,8.136042305027173,151.48803556229424,66.79948360872574,172.2770825227849,28.32329826098136
2021-07-16 14:00:00,181,7,181.0,169.0,192.0,137.42857142857142,185.4892127876516,7.160077449818837,182.36156418864218,8.136042305027173,158.61095581467092,66.79948360872574,175.18751433705367,28.32329826098136
2021-07-16 15:00:00,189,7,181.0,159.0,188.0,130.14285714285714,176.44078751844086,7.160077449818837,177.25050501989688,8.136042305027173,153.16346407230404,66.79948360872574,171.85249937271305,28.32329826098136
2021-07-16 16:00:00,178,7,189.0,193.0,176.0,133.71428571428572,176.10325854773126,7.160077449818837,174.21279323047062,8.136042305027173,153.17113019337643,66.79948360872574,165.77128353923894,28.32329826098136
2021-07-16 17:00:00,176,7,178.0,174.0,165.0,126.71428571428571,172.96025282905998,7.160077449818837,173.63432750360388,8.136042305027173,151.75240561369904,66.79948360872574,160.59947751985692,28.32329826098136
2021-07-16 18:00:00,168,7,176.0,202.0,174.0,131.0,169.60425426786975,7.160077449818837,172.56815912325354,8.136042305027173,158.88936434107376,66.79948360872574,176.07483657062016,28.32329826098136
2021-07-16 19:00:00,146,7,168.0,162.0,140.0,123.0,153.59832482746805,7.160077449818837,155.42747714986535,8.136042305027173,138.49536993433043,66.79948360872574,146.52592688151302,28.32329826098136
2021-07-16 20:00:00,123,7,146.0,166.0,111.0,109.71428571428571,140.95898884710456,7.160077449818837,141.33785664398474,8.136042305027173,143.12935107040772,66.79948360872574,138.95849283550467,28.32329826098136
2021-07-16 21:00:00,120,7,123.0,190.0,109.0,110.71428571428571,145.29849259904196,7.160077449818837,144.41311012524827,8.136042305027173,138.3095475857268,66.79948360872574,137.03334346525182,28.32329826098136
2021-07-16 22:00:00,112,7,120.0,202.0,111.0,112.85714285714286,133.94269714849077,7.160077449818837,136.27973054075724,8.136042305027173,145.20813283608558,66.79948360872574,147.6611427007719,28.32329826098136
2021-07-16 23:00:00,118,7,112.0,193.0,106.0,108.85714285714286,118.10731369733567,7.160077449818837,118.54631949500595,8.136042305027173,139.01900204023457,66.79948360872574,136.67371824347174,28.32329826098136
2021-07-17 00:00:00,66,7,118.0,67.0,70.0,57.285714285714285,69.96779208151356,7.160077449818837,70.56871265509442,8.136042305027173,84.44139537271802,66.79948360872574,70.95672446364057,28.32329826098136
2021-07-17 01:00:00,110,7,66.0,100.0,102.0,84.14285714285714,116.98172901554598,7.160077449818837,118.45218545257976,8.136042305027173,114.51990189924285,66.79948360872574,115.92023676276618,28.32329826098136
2021-07-17 02:00:00,105,7,110.0,103.0,100.0,84.85714285714286,116.59899017418505,7.160077449818837,115.66103746066369,8.136042305027173,114.56424004159541,66.79948360872574,112.19537548567801,28.32329826098136
2021-07-17 03:00:00,102,7,105.0,114.0,106.0,87.28571428571429,114.40575237386737,7.160077449818837,113.21211368456686,8.136042305027173,117.09448825314844,66.79948360872574,118.19610162060243,28.32329826098136
2021-07-17 04:00:00,103,7,102.0,109.0,106.0,86.0,114.51514062301351,7.160077449818837,113.1778096863596,8.136042305027173,118.28124880166953,66.79948360872574,112.98538167115039,28.32329826098136
2021-07-17 05:00:00,108,7,103.0,107.0,97.0,89.57142857142857,104.81996629982862,7.160077449818837,107.76209617997692,8.136042305027173,112.10723369493314,66.79948360872574,107.69417803633098,28.32329826098136
2021-07-17 06:00:00,96,7,108.0,109.0,104.0,86.42857142857143,114.8208230882115,7.160077449818837,115.36280246066087,8.136042305027173,116.7880607770697,66.79948360872574,114.3048063151682,28.32329826098136
2021-07-17 07:00:00,88,7,96.0,157.0,105.0,112.0,109.63814775839039,7.160077449818837,95.65117296685251,8.136042305027173,129.94838611118843,66.79948360872574,108.23346669812064,28.32329826098136
2021-07-17 08:00:00,27,7,88.0,194.0,27.0,126.85714285714286,94.05332526557537,7.160077449818837,86.59402504375986,8.136042305027173,101.70871931884842,66.79948360872574,79.7962161138309,28.32329826098136
2021-07-17 09:00:00,24,7,27.0,190.0,27.0,123.85714285714286,31.01472861972568,7.160077449818837,24.291176669553746,8.136042305027173,99.52841340792615,66.79948360872574,78.73174505023242,28.32329826098136
2021-07-17 10:00:00,24,7,24.0,187.0,32.0,123.0,33.66466347801724,7.160077449818837,30.957735793696454,8.136042305027173,101.49213554865125,66.79948360872574,78.85890782856926,28.32329826098136
2021-07-17 11:00:00,27,7,24.0,197.0,31.0,138.85714285714286,25.516082806525397,7.160077449818837,27.496983785527366,8.136042305027173,98.10979927983526,66.79948360872574,73.54709236526757,28.32329826098136
2021-07-17 12:00:00,26,7,27.0,128.0,26.0,96.28571428571429,27.61932240928707,7.160077449818837,26.85607007552536,8.136042305027173,78.01562548552998,66.79948360872574,68.46299271258665,28.32329826098136
2021-07-17 13:00:00,24,7,26.0,181.0,28.0,118.85714285714286,31.667290093098728,7.160077449818837,28.460748826109963,8.136042305027173,101.52033034933393,66.79948360872574,75.52687556132882,28.32329826098136
2021-07-17 14:00:00,24,7,24.0,181.0,23.0,135.85714285714286,30.28951493093736,7.160077449818837,27.5371575646314,8.136042305027173,101.02907225495696,66.79948360872574,72.24183045317747,28.32329826098136
2021-07-17 15:00:00,28,7,24.0,189.0,25.0,130.28571428571428,27.099774106168102,7.160077449818837,28.029336772353027,8.136042305027173,99.95261524561683,66.79948360872574,75.1569345362066,28.32329826098136
2021-07-17 16:00:00,24,7,28.0,178.0,27.0,134.0,23.27897818306244,7.160077449818837,20.37046173938904,8.136042305027173,97.11107450155885,66.79948360872574,74.95155160628929,28.32329826098136
2021-07-17 17:00:00,23,7,24.0,176.0,23.0,128.28571428571428,21.436024177350493,7.160077449818837,23.707731141489695,8.136042305027173,102.86442737168171,66.79948360872574,74.92812543139425,28.32329826098136
2021-07-17 18:00:00,27,7,23.0,168.0,22.0,130.14285714285714,26.81331226542204,7.160077449818837,27.64060072554961,8.136042305027173,96.19548136807234,66.79948360872574,71.79196140059943,28.32329826098136
2021-07-17 19:00:00,23,7,27.0,146.0,26.0,123.85714285714286,23.701135477122968,7.160077449818837,23.970734082653884,8.136042305027173,88.8694528252721,66.79948360872574,67.4893710574401,28.32329826098136
2021-07-17 20:00:00,23,7,23.0,123.0,23.0,111.42857142857143,22.23664452223857,7.160077449818837,22.258183298037988,8.136042305027173,80.01209872164057,66.79948360872574,70.71012750208908,28.32329826098136
2021-07-17 21:00:00,24,7,23.0,120.0,23.0,112.28571428571429,23.538333435385898,7.160077449818837,23.476757838199696,8.136042305027173,81.50994509620607,66.79948360872574,70.61856376511713,28.32329826098136
2021-07-17 22:00:00,28,7,24.0,112.0,26.0,113.0,28.20715005344654,7.160077449818837,27.268711198839945,8.136042305027173,80.00613879182843,66.79948360872574,71.18280359505975,28.32329826098136
2021-07-17 23:00:00,24,7,28.0,118.0,23.0,110.57142857142857,21.340319470325948,7.160077449818837,19.61177463559518,8.136042305027173,78.93812584562806,66.79948360872574,69.65406424223774,28.32329826098136
2021-07-18 00:00:00,24,7,24.0,66.0,23.0,56.714285714285715,23.880394173319107,7.160077449818837,24.367688702712748,8.136042305027173,21.01203738819332,66.79948360872574,20.28009941926598,28.32329826098136
2021-07-18 01:00:00,28,7,24.0,110.0,27.0,85.28571428571429,29.309003675449805,7.160077449818837,29.9540584099523,8.136042305027173,19.869240284837474,66.79948360872574,21.831110440705153,28.32329826098136
2021-07-18 02:00:00,24,7,28.0,105.0,23.0,85.57142857142857,25.762550929370644,7.160077449818837,26.292534277354505,8.136042305027173,26.906390923227278,66.79948360872574,23.852894161930607,28.32329826098136
2021-07-18 03:00:00,24,7,24.0,102.0,24.0,86.71428571428571,25.009152954797045,7.160077449818837,24.896773125344634,8.136042305027173,25.16409164033722,66.79948360872574,23.507263659047805,28.32329826098136
2021-07-18 04:00:00,28,7,24.0,103.0,24.0,85.57142857142857,26.1446292940683,7.160077449818837,24.628831835922405,8.136042305027173,26.193947084033518,66.79948360872574,24.019240169803528,28.32329826098136
2021-07-18 05:00:00,22,7,28.0,108.0,27.0,91.14285714285714,27.481084763585432,7.160077449818837,26.65653131020454,8.136042305027173,24.53411338841307,66.79948360872574,24.972888803421974,28.32329826098136
2021-07-18 06:00:00,23,7,22.0,96.0,22.0,85.28571428571429,21.542916479418405,7.160077449818837,21.910138171806032,8.136042305027173,20.779655232676788,66.79948360872574,21.046429284107255,28.32329826098136
2021-07-18 07:00:00,28,7,23.0,88.0,22.0,109.57142857142857,25.663838576945153,7.160077449818837,26.63959407596153,8.136042305027173,34.24810467497264,66.79948360872574,34.783623524738104,28.32329826098136
2021-07-18 08:00:00,24,7,28.0,27.0,27.0,126.85714285714286,25.276896059163068,7.160077449818837,26.656140262947282,8.136042305027173,36.53861315643543,66.79948360872574,25.288933658479834,28.32329826098136
2021-07-18 09:00:00,23,7,24.0,24.0,22.0,123.42857142857143,20.555342552254068,7.160077449818837,19.477564184964418,8.136042305027173,35.54860346413763,66.79948360872574,23.60052205727624,28.32329826098136
2021-07-18 10:00:00,23,7,23.0,24.0,23.0,121.85714285714286,22.305088618301898,7.160077449818837,23.054605436438376,8.136042305027173,36.083792792723834,66.79948360872574,26.207797104203248,28.32329826098136
2021-07-18 11:00:00,27,7,23.0,27.0,28.0,138.28571428571428,27.506993466158605,7.160077449818837,28.961215296115704,8.136042305027173,35.77859182017365,66.79948360872574,25.114106952027367,28.32329826098136
2021-07-18 12:00:00,23,7,27.0,26.0,24.0,96.28571428571429,22.658564417389698,7.160077449818837,21.54990364567257,8.136042305027173,37.84557590441698,66.79948360872574,26.630980329604352,28.32329826098136
2021-07-18 13:00:00,23,7,23.0,24.0,24.0,118.28571428571429,22.547944220909873,7.160077449818837,20.934550542418144,8.136042305027173,36.931099618733015,66.79948360872574,25.555690079900703,28.32329826098136
2021-07-18 14:00:00,27,7,23.0,24.0,28.0,136.0,28.902215541866298,7.160077449818837,27.184073892801457,8.136042305027173,35.43808248414785,66.79948360872574,24.68205425332086,28.32329826098136
2021-07-18 15:00:00,26,7,27.0,28.0,24.0,130.71428571428572,21.31063204638782,7.160077449818837,22.756060843494534,8.136042305027173,33.28457469549684,66.79948360872574,23.731739846960878,28.32329826098136
2021-07-18 16:00:00,23,7,26.0,24.0,26.0,133.57142857142858,27.750221245325353,7.160077449818837,30.039517810557147,8.136042305027173,32.738547531093595,66.79948360872574,22.799504302211567,28.32329826098136
2021-07-18 17:00:00,27,7,23.0,23.0,26.0,128.28571428571428,28.75155541980448,7.160077449818837,28.745233015013593,8.136042305027173,31.713783150736738,66.79948360872574,23.627020046095247,28.32329826098136
2021-07-18 18:00:00,25,7,27.0,27.0,26.0,130.85714285714286,27.186875896980894,7.160077449818837,30.547785012877295,8.136042305027173,32.96405696344331,66.79948360872574,24.171699751211133,28.32329826098136
2021-07-18 19:00:00,23,7,25.0,23.0,23.0,123.42857142857143,22.930383723501997,7.160077449818837,23.618462496969467,8.136042305027173,31.182322957126637,66.79948360872574,22.66917993563029,28.32329826098136
2021-07-18 20:00:00,23,7,23.0,23.0,23.0,111.42857142857143,24.345070527722953,7.160077449818837,24.02578517387204,8.136042305027173,30.948392351148673,66.79948360872574,27.63274065098018,28.32329826098136
2021-07-18 21:00:00,28,7,23.0,24.0,28.0,112.42857142857143,28.60688319592613,7.160077449818837,28.177089908157846,8.136042305027173,29.894473411895092,66.79948360872574,28.537463196364577,28.32329826098136
2021-07-18 22:00:00,24,7,28.0,28.0,24.0,113.28571428571429,22.661826452610146,7.160077449818837,22.15508222098872,8.136042305027173,30.71985333083687,66.79948360872574,27.80220037894212,28.32329826098136
2021-07-18 23:00:00,23,7,24.0,24.0,23.0,110.71428571428571,23.601937026117977,7.160077449818837,23.270129157005176,8.136042305027173,30.737861800475375,66.79948360872574,27.684832817594092,28.32329826098136
2021-07-19 00:00:00,28,7,23.0,24.0,26.0,56.857142857142854,28.058494904084608,7.160077449818837,31.9211360913357,8.136042305027173,30.516863583191668,66.79948360872574,26.84230306243659,28.32329826098136
2021-07-19 01:00:00,24,7,28.0,28.0,23.0,85.42857142857143,24.77367026437852,7.160077449818837,23.622813897730836,8.136042305027173,24.923328256014365,66.79948360872574,24.989009246170387,28.32329826098136
2021-07-19 02:00:00,24,7,24.0,24.0,23.0,85.71428571428571,24.035113263559566,7.160077449818837,25.4839852380088,8.136042305027173,31.25942350747173,66.79948360872574,26.107954823577206,28.32329826098136
2021-07-19 03:00:00,24,7,24.0,24.0,27.0,86.71428571428571,30.435484723191685,7.160077449818837,28.780125398121804,8.136042305027173,29.175484964359345,66.79948360872574,27.67184438878383,28.32329826098136
2021-07-19 04:00:00,27,7,24.0,28.0,23.0,86.14285714285714,33.599011446524905,7.160077449818837,30.187292874096148,8.136042305027173,29.002623132379462,66.79948360872574,27.51517325056556,28.32329826098136
2021-07-19 05:00:00,23,7,27.0,22.0,23.0,90.42857142857143,23.63728408777455,7.160077449818837,24.846101813226905,8.136042305027173,28.688490765865915,66.79948360872574,26.391384971425364,28.32329826098136
2021-07-19 06:00:00,23,7,23.0,23.0,25.0,85.42857142857143,30.849141287633362,7.160077449818837,33.51755382933937,8.136042305027173,26.916510377611225,66.79948360872574,26.3569441842457,28.32329826098136
2021-07-19 07:00:00,119,7,23.0,28.0,123.0,110.42857142857143,90.6431956989566,7.160077449818837,90.65890119174182,8.136042305027173,123.86916113192672,66.79948360872574,120.09149951232486,28.32329826098136
2021-07-19 08:00:00,200,7,119.0,24.0,198.0,126.42857142857143,196.70829474528716,7.160077449818837,193.464186511516,8.136042305027173,192.8759200983042,66.79948360872574,191.8073100765637,28.32329826098136
2021-07-19 09:00:00,185,7,200.0,23.0,195.0,123.57142857142857,179.77589453408663,7.160077449818837,178.74750449670188,8.136042305027173,187.1173296391008,66.79948360872574,186.72934524222944,28.32329826098136
2021-07-19 10:00:00,209,7,185.0,23.0,186.0,121.85714285714286,189.77073294288166,7.160077449818837,188.28940229174074,8.136042305027173,187.43284353282178,66.79948360872574,186.2713300055534,28.32329826098136
2021-07-19 11:00:00,222,7,209.0,27.0,188.0,138.14285714285714,192.14941642411947,7.160077449818837,192.51329706978754,8.136042305027173,191.21436690264412,66.79948360872574,189.00793384161037,28.32329826098136
2021-07-19 12:00:00,134,7,222.0,23.0,134.0,96.14285714285714,136.07591563694595,7.160077449818837,131.91340880272105,8.136042305027173,136.30364612286255,66.79948360872574,110.95961153267912,28.32329826098136
2021-07-19 13:00:00,193,7,134.0,23.0,178.0,118.14285714285714,192.81678755988926,7.160077449818837,193.59738755070015,8.136042305027173,187.40747110076393,66.79948360872574,184.34819816750758,28.32329826098136
2021-07-19 14:00:00,190,7,193.0,27.0,190.0,135.85714285714286,190.31653870745677,7.160077449818837,190.99414526220133,8.136042305027173,190.78214545643607,66.79948360872574,188.63039192971092,28.32329826098136
2021-07-19 15:00:00,201,7,190.0,26.0,188.0,131.0,182.73031446737764,7.160077449818837,183.60636827218696,8.136042305027173,183.16047899361158,66.79948360872574,181.021906574777,28.32329826098136
2021-07-19 16:00:00,187,7,201.0,23.0,177.0,133.14285714285714,173.25542719715904,7.160077449818837,174.8554606103767,8.136042305027173,173.3448314738809,66.79948360872574,176.11200924962597,28.32329826098136
2021-07-19 17:00:00,190,7,187.0,27.0,173.0,128.42857142857142,173.35299741605957,7.160077449818837,174.57937983450492,8.136042305027173,169.78505125939952,66.79948360872574,170.55856314955992,28.32329826098136
2021-07-19 18:00:00,188,7,190.0,25.0,164.0,130.71428571428572,173.88141451189105,7.160077449818837,174.65008440041754,8.136042305027173,165.6462978178748,66.79948360872574,171.0441928394046,28.32329826098136
2021-07-19 19:00:00,162,7,188.0,23.0,175.0,123.42857142857143,170.61550787618603,7.160077449818837,171.7557889097003,8.136042305027173,163.86491846252176,66.79948360872574,167.6439580063685,28.32329826098136
2021-07-19 20:00:00,136,7,162.0,23.0,136.0,111.42857142857143,125.20228352197677,7.160077449818837,121.95155658012155,8.136042305027173,132.13781712905174,66.79948360872574,141.62894719253066,28.32329826098136
2021-07-19 21:00:00,129,7,136.0,28.0,133.0,112.42857142857143,129.00845368211293,7.160077449818837,127.44805285917627,8.136042305027173,132.94395787369317,66.79948360872574,141.0699565466741,28.32329826098136
2021-07-19 22:00:00,114,7,129.0,24.0,125.0,113.28571428571429,126.54442210914227,7.160077449818837,127.56499525176262,8.136042305027173,127.84812441294714,66.79948360872574,134.34126635833948,28.32329826098136
2021-07-19 23:00:00,120,7,114.0,23.0,115.0,110.71428571428571,116.42358748917228,7.160077449818837,118.46777167998837,8.136042305027173,122.26038389393217,66.79948360872574,128.7406611787599,28.32329826098136
2021-07-20 00:00:00,76,7,120.0,28.0,70.0,57.142857142857146,75.67048049718608,7.160077449818837,73.3020462852033,8.136042305027173,73.91994242920225,66.79948360872574,78.07435455264266,28.32329826098136
2021-07-20 01:00:00,112,7,76.0,24.0,119.0,85.57142857142857,114.4124479822913,7.160077449818837,113.52748368908729,8.136042305027173,89.81858660026347,66.79948360872574,111.83117880586738,28.32329826098136
2021-07-20 02:00:00,106,7,112.0,24.0,117.0,85.85714285714286,116.37922296172295,7.160077449818837,116.54823026926371,8.136042305027173,90.6831060232745,66.79948360872574,112.04094342142483,28.32329826098136
2021-07-20 03:00:00,116,7,106.0,24.0,115.0,86.28571428571429,113.93430752082521,7.160077449818837,112.41983237545128,8.136042305027173,90.77862329446678,66.79948360872574,109.41533411336421,28.32329826098136
2021-07-20 04:00:00,110,7,116.0,27.0,112.0,86.71428571428571,116.99623820782747,7.160077449818837,116.47684782751767,8.136042305027173,90.33624932550484,66.79948360872574,112.22397839519148,28.32329826098136
2021-07-20 05:00:00,106,7,110.0,23.0,162.0,90.42857142857143,139.69031141926968,7.160077449818837,137.37124260285015,8.136042305027173,85.56791144772872,66.79948360872574,147.2811115288342,28.32329826098136
2021-07-20 06:00:00,117,7,106.0,23.0,125.0,85.14285714285714,119.78127796006522,7.160077449818837,119.06447642860985,8.136042305027173,85.39999432669086,66.79948360872574,101.5978656326926,28.32329826098136
2021-07-20 07:00:00,148,7,117.0,119.0,113.0,109.85714285714286,143.73491414624917,7.160077449818837,139.54272332697687,8.136042305027173,110.87913456683965,66.79948360872574,134.58978641246227,28.32329826098136
2021-07-20 08:00:00,201,7,148.0,200.0,112.0,126.71428571428571,174.06523362600234,7.160077449818837,172.96234865538094,8.136042305027173,130.76471965497092,66.79948360872574,159.67871989819992,28.32329826098136
2021-07-20 09:00:00,200,7,201.0,185.0,118.0,122.14285714285714,167.5241600738835,7.160077449818837,171.85347777991936,8.136042305027173,123.13230763782036,66.79948360872574,160.2085754188479,28.32329826098136
2021-07-20 10:00:00,197,7,200.0,209.0,138.0,125.14285714285714,175.68226088511096,7.160077449818837,182.2638984863576,8.136042305027173,119.54733735135619,66.79948360872574,157.3222742049224,28.32329826098136
2021-07-20 11:00:00,192,7,197.0,222.0,167.0,143.0,190.50244747555814,7.160077449818837,188.57760802086204,8.136042305027173,115.65426038769817,66.79948360872574,181.80045100611875,28.32329826098136
2021-07-20 12:00:00,142,7,192.0,134.0,129.0,96.14285714285714,129.4268562230166,7.160077449818837,127.63450434773556,8.136042305027173,95.53042055472024,66.79948360872574,103.21805818725952,28.32329826098136
2021-07-20 13:00:00,194,7,142.0,193.0,112.0,120.28571428571429,170.6107791636815,7.160077449818837,175.04287917530175,8.136042305027173,121.3295081398891,66.79948360872574,154.12269355004966,28.32329826098136
2021-07-20 14:00:00,192,7,194.0,190.0,174.0,135.85714285714286,180.05148750293392,7.160077449818837,179.56851371390388,8.136042305027173,109.29682791955776,66.79948360872574,175.358676114726,28.32329826098136
2021-07-20 15:00:00,199,7,192.0,201.0,186.0,132.85714285714286,178.2301536826005,7.160077449818837,176.40077789514916,8.136042305027173,113.52182515128975,66.79948360872574,177.77473993043688,28.32329826098136
2021-07-20 16:00:00,201,7,199.0,187.0,181.0,134.57142857142858,171.70935777288025,7.160077449818837,170.5727855153777,8.136042305027173,104.70050442018675,66.79948360872574,159.6309793324794,28.32329826098136
2021-07-20 17:00:00,159,7,201.0,190.0,147.0,130.85714285714286,164.7669864068679,7.160077449818837,160.67748896468436,8.136042305027173,98.92211568582721,66.79948360872574,153.03501162610965,28.32329826098136
2021-07-20 18:00:00,182,7,159.0,188.0,160.0,134.14285714285714,163.41989804836803,7.160077449818837,162.99597512914343,8.136042305027173,103.95875301692452,66.79948360872574,163.04664632543398,28.32329826098136
2021-07-20 19:00:00,176,7,182.0,162.0,187.0,121.57142857142857,165.77480040954504,7.160077449818837,169.1218873971254,8.136042305027173,104.42961874586676,66.79948360872574,160.4382847565242,28.32329826098136
2021-07-20 20:00:00,132,7,176.0,136.0,189.0,111.42857142857143,158.56467068568784,7.160077449818837,155.4601748970548,8.136042305027173,100.87574580941741,66.79948360872574,140.94104601433557,28.32329826098136
2021-07-20 21:00:00,137,7,132.0,129.0,179.0,111.85714285714286,155.34651762801252,7.160077449818837,152.79376965021362,8.136042305027173,101.81776275650596,66.79948360872574,156.86874148523546,28.32329826098136
2021-07-20 22:00:00,121,7,137.0,114.0,187.0,111.71428571428571,147.56403334473197,7.160077449818837,143.79669772047902,8.136042305027173,102.87987063465704,66.79948360872574,140.17665870051724,28.32329826098136
2021-07-20 23:00:00,117,7,121.0,120.0,190.0,111.42857142857143,145.27242341879565,7.160077449818837,140.90390868445965,8.136042305027173,100.65879684388175,66.79948360872574,140.9652448733743,28.32329826098136
2021-07-21 00:00:00,85,7,117.0,76.0,75.0,58.0,78.2130672691246,7.160077449818837,78.61670743204606,8.136042305027173,71.76981123441917,66.79948360872574,72.41069106728166,28.32329826098136
2021-07-21 01:00:00,113,7,85.0,112.0,112.0,84.57142857142857,118.4368262026573,7.160077449818837,118.22881108745348,8.136042305027173,78.81113880687492,66.79948360872574,110.56845464996833,28.32329826098136
2021-07-21 02:00:00,108,7,113.0,106.0,109.0,84.28571428571429,119.36855407278337,7.160077449818837,117.94880942957,8.136042305027173,80.23291391306543,66.79948360872574,109.76956323398323,28.32329826098136
2021-07-21 03:00:00,111,7,108.0,116.0,114.0,86.42857142857143,117.20206379114966,7.160077449818837,116.26790228833705,8.136042305027173,79.04147090941161,66.79948360872574,109.26705748668164,28.32329826098136
2021-07-21 04:00:00,117,7,111.0,110.0,107.0,86.42857142857143,115.54977639586234,7.160077449818837,114.82737181019142,8.136042305027173,79.3723245523174,66.79948360872574,110.0146947978503,28.32329826098136
2021-07-21 05:00:00,111,7,117.0,106.0,115.0,82.42857142857143,114.2640842872953,7.160077449818837,115.16777601428839,8.136042305027173,77.78184217916504,66.79948360872574,108.0680897503389,28.32329826098136
2021-07-21 06:00:00,110,7,111.0,117.0,112.0,84.0,119.30316240899018,7.160077449818837,119.47818669060791,8.136042305027173,80.38625460596982,66.79948360872574,108.66695556448948,28.32329826098136
2021-07-21 07:00:00,149,7,110.0,148.0,154.0,114.85714285714286,150.35714122579034,7.160077449818837,143.29482195816874,8.136042305027173,119.19990098653442,66.79948360872574,146.03456551616944,28.32329826098136
2021-07-21 08:00:00,209,7,149.0,201.0,186.0,139.42857142857142,189.41716477299425,7.160077449818837,193.6963385415548,8.136042305027173,142.04198412221402,66.79948360872574,181.13340175221188,28.32329826098136
2021-07-21 09:00:00,214,7,209.0,200.0,195.0,133.85714285714286,185.23553978026212,7.160077449818837,189.3123286987878,8.136042305027173,138.34098205231118,66.79948360872574,180.73762349140458,28.32329826098136
2021-07-21 10:00:00,197,7,214.0,197.0,185.0,133.57142857142858,186.5843349716737,7.160077449818837,189.53892750008936,8.136042305027173,133.7806840599114,66.79948360872574,174.9762549986392,28.32329826098136
2021-07-21 11:00:00,206,7,197.0,192.0,193.0,146.57142857142858,179.57960996810206,7.160077449818837,178.7979001179407,8.136042305027173,135.2929402600741,66.79948360872574,162.0038307748954,28.32329826098136
2021-07-21 12:00:00,150,7,206.0,142.0,110.0,98.0,127.95650143217685,7.160077449818837,125.81087085279349,8.136042305027173,81.15725867027086,66.79948360872574,112.41329959027792,28.32329826098136
2021-07-21 13:00:00,204,7,150.0,194.0,179.0,132.0,178.1885864993619,7.160077449818837,180.01536446008478,8.136042305027173,138.57492060347934,66.79948360872574,175.43756807208123,28.32329826098136
2021-07-21 14:00:00,203,7,204.0,192.0,186.0,138.42857142857142,181.29864888995303,7.160077449818837,181.07160525128512,8.136042305027173,135.36468214340667,66.79948360872574,174.86120921000116,28.32329826098136
2021-07-21 15:00:00,199,7,203.0,199.0,141.0,134.71428571428572,175.4861632670825,7.160077449818837,177.9664222409845,8.136042305027173,115.79109782334014,66.79948360872574,146.80970719132225,28.32329826098136
2021-07-21 16:00:00,189,7,199.0,201.0,156.0,137.42857142857142,171.14381093443941,7.160077449818837,168.72715866581788,8.136042305027173,135.2383616800419,66.79948360872574,172.10443330116877,28.32329826098136
2021-07-21 17:00:00,153,7,189.0,159.0,179.0,132.57142857142858,163.99672192919022,7.160077449818837,165.51204692340875,8.136042305027173,131.74428561955116,66.79948360872574,161.56578461311656,28.32329826098136
2021-07-21 18:00:00,168,7,153.0,182.0,169.0,137.28571428571428,164.9168005365675,7.160077449818837,165.40186690998092,8.136042305027173,130.723801160204,66.79948360872574,158.1063307476208,28.32329826098136
2021-07-21 19:00:00,174,7,168.0,176.0,148.0,120.0,158.42430421162766,7.160077449818837,158.52588426698287,8.136042305027173,120.62495229031227,66.79948360872574,148.99996169977888,28.32329826098136
2021-07-21 20:00:00,138,7,174.0,132.0,120.0,103.28571428571429,129.85059671208484,7.160077449818837,129.51657250664283,8.136042305027173,79.98299558085495,66.79948360872574,94.81905869706392,28.32329826098136
2021-07-21 21:00:00,118,7,138.0,137.0,113.0,105.85714285714286,128.16775104111093,7.160077449818837,129.77442020951423,8.136042305027173,81.65505340085765,66.79948360872574,121.55017157506163,28.32329826098136
2021-07-21 22:00:00,114,7,118.0,121.0,115.0,102.28571428571429,119.45015761775088,7.160077449818837,121.30139136716636,8.136042305027173,81.02878704993425,66.79948360872574,114.821059623933,28.32329826098136
2021-07-21 23:00:00,111,7,114.0,117.0,112.0,101.0,115.72968602813414,7.160077449818837,116.77188229556906,8.136042305027173,74.79248996808279,66.79948360872574,109.39170438389478,28.32329826098136
2021-07-22 00:00:00,73,7,111.0,85.0,70.0,59.42857142857143,75.52067420681033,7.160077449818837,74.4983820525815,8.136042305027173,77.29273478173857,66.79948360872574,73.9633522601941,28.32329826098136
2021-07-22 01:00:00,106,7,73.0,113.0,106.0,84.71428571428571,115.29677560936472,7.160077449818837,113.49475001787239,8.136042305027173,101.58974973460697,66.79948360872574,113.9785314951927,28.32329826098136
2021-07-22 02:00:00,111,7,106.0,108.0,119.0,84.14285714285714,117.23783515982697,7.160077449818837,115.79661253526596,8.136042305027173,98.22760705903947,66.79948360872574,112.10992385764169,28.32329826098136
2021-07-22 03:00:00,105,7,111.0,111.0,111.0,86.0,115.58771451565039,7.160077449818837,116.08061158478758,8.136042305027173,100.21587668564742,66.79948360872574,112.58634140157785,28.32329826098136
2021-07-22 04:00:00,108,7,105.0,117.0,121.0,87.85714285714286,117.48164010860177,7.160077449818837,114.48461316952792,8.136042305027173,97.7522271689674,66.79948360872574,113.25756959939983,28.32329826098136
2021-07-22 05:00:00,103,7,108.0,111.0,96.0,81.85714285714286,111.26565990432073,7.160077449818837,109.40054837662056,8.136042305027173,103.70130370871205,66.79948360872574,94.31509562395776,28.32329826098136
2021-07-22 06:00:00,109,7,103.0,110.0,108.0,83.71428571428571,116.5501234046437,7.160077449818837,115.80471035530891,8.136042305027173,99.47299810192212,66.79948360872574,114.29026777979955,28.32329826098136
2021-07-22 07:00:00,146,7,109.0,149.0,110.0,114.14285714285714,132.06346430047915,7.160077449818837,133.78991543354567,8.136042305027173,120.74977343707037,66.79948360872574,134.60658339684778,28.32329826098136
2021-07-22 08:00:00,213,7,146.0,209.0,144.0,142.71428571428572,188.65450529053004,7.160077449818837,181.37650972318968,8.136042305027173,156.74689219986473,66.79948360872574,169.94203508780276,28.32329826098136
2021-07-22 09:00:00,197,7,213.0,214.0,120.0,136.57142857142858,183.5820705709884,7.160077449818837,186.60682133282387,8.136042305027173,130.8823365222938,66.79948360872574,151.23320488899566,28.32329826098136
2021-07-22 10:00:00,192,7,197.0,197.0,110.0,135.28571428571428,169.2798244243486,7.160077449818837,175.05016895365773,8.136042305027173,123.26132306607747,66.79948360872574,143.97744723400467,28.32329826098136
2021-07-22 11:00:00,192,7,192.0,206.0,168.0,148.42857142857142,172.46946552505867,7.160077449818837,173.51692111777254,8.136042305027173,152.3301216782141,66.79948360872574,166.63622452291978,28.32329826098136
2021-07-22 12:00:00,119,7,192.0,150.0,123.0,103.71428571428571,140.8590955997805,7.160077449818837,139.63787302800625,8.136042305027173,114.70988255808409,66.79948360872574,125.38272856950854,28.32329826098136
2021-07-22 13:00:00,177,7,119.0,204.0,130.0,135.57142857142858,152.39634681162204,7.160077449818837,156.2896034022146,8.136042305027173,129.35316058918147,66.79948360872574,150.6531564715649,28.32329826098136
2021-07-22 14:00:00,189,7,177.0,203.0,169.0,140.85714285714286,176.62262752094696,7.160077449818837,175.33634415580423,8.136042305027173,153.2248440328377,66.79948360872574,176.78878875687417,28.32329826098136
2021-07-22 15:00:00,182,7,189.0,199.0,159.0,143.0,177.464516608877,7.160077449818837,180.6955269060149,8.136042305027173,152.15511477791256,66.79948360872574,172.70536589718952,28.32329826098136
2021-07-22 16:00:00,172,7,182.0,189.0,193.0,142.14285714285714,169.32879398520643,7.160077449818837,169.45690440123167,8.136042305027173,148.64667478023247,66.79948360872574,166.4896773178006,28.32329826098136
2021-07-22 17:00:00,155,7,172.0,153.0,174.0,128.85714285714286,167.44464419894481,7.160077449818837,165.52318249577237,8.136042305027173,142.59200435052514,66.79948360872574,157.71349771450315,28.32329826098136
2021-07-22 18:00:00,169,7,155.0,168.0,202.0,137.14285714285714,159.17808494871755,7.160077449818837,165.02373579331618,8.136042305027173,143.07119931109182,66.79948360872574,156.90837762059212,28.32329826098136
2021-07-22 19:00:00,163,7,169.0,174.0,162.0,123.71428571428571,164.75020355619114,7.160077449818837,169.23082410075003,8.136042305027173,141.0062056486103,66.79948360872574,149.41608083419092,28.32329826098136
2021-07-22 20:00:00,138,7,163.0,138.0,166.0,105.85714285714286,157.80491467839542,7.160077449818837,155.97279108825356,8.136042305027173,125.92718509896827,66.79948360872574,149.72455155128773,28.32329826098136
2021-07-22 21:00:00,123,7,138.0,118.0,190.0,106.57142857142857,152.15191357161873,7.160077449818837,150.08677803607236,8.136042305027173,128.83815099222184,66.79948360872574,95.02498222468807,28.32329826098136
2021-07-22 22:00:00,122,7,123.0,114.0,202.0,102.14285714285714,147.9890571240541,7.160077449818837,148.8530918516208,8.136042305027173,129.88418496476504,66.79948360872574,145.29536675988714,28.32329826098136
2021-07-22 23:00:00,114,7,122.0,111.0,193.0,100.85714285714286,136.04905883051896,7.160077449818837,135.23782738716656,8.136042305027173,124.26821282114535,66.79948360872574,140.3801837543915,28.32329826098136
2021-07-23 00:00:00,87,7,114.0,73.0,67.0,59.857142857142854,72.56118659184142,7.160077449818837,73.60863672137184,8.136042305027173,77.8657590657835,66.79948360872574,74.16160305253614,28.32329826098136
2021-07-23 01:00:00,111,7,87.0,106.0,100.0,84.71428571428571,118.78785860672393,7.160077449818837,117.96412301127253,8.136042305027173,81.78255538320815,66.79948360872574,106.69828879733792,28.32329826098136
2021-07-23 02:00:00,110,7,111.0,111.0,103.0,83.0,115.08218472990865,7.160077449818837,115.56848360779227,8.136042305027173,79.84836363613616,66.79948360872574,111.59530979512802,28.32329826098136
2021-07-23 03:00:00,109,7,110.0,105.0,114.0,85.14285714285714,117.27375446060313,7.160077449818837,115.14212935367459,8.136042305027173,75.72211909641045,66.79948360872574,105.44712958903912,28.32329826098136
2021-07-23 04:00:00,101,7,109.0,108.0,109.0,86.0,115.35371435118186,7.160077449818837,113.59887975345899,8.136042305027173,81.65741766851357,66.79948360872574,106.76906260863771,28.32329826098136
2021-07-23 05:00:00,99,7,101.0,103.0,107.0,82.85714285714286,106.26628207807637,7.160077449818837,105.57168753822634,8.136042305027173,77.69517749342116,66.79948360872574,99.36352203725666,28.32329826098136
2021-07-23 06:00:00,105,7,99.0,109.0,109.0,83.85714285714286,115.67863976355518,7.160077449818837,113.90514054167308,8.136042305027173,81.19596859108904,66.79948360872574,100.64441231202953,28.32329826098136
2021-07-23 07:00:00,144,7,105.0,146.0,157.0,119.28571428571429,124.69833185398562,7.160077449818837,125.41374668387913,8.136042305027173,113.25695166097587,66.79948360872574,130.6849550655435,28.32329826098136
2021-07-23 08:00:00,202,7,144.0,213.0,194.0,152.57142857142858,187.87153405042798,7.160077449818837,187.46553089791544,8.136042305027173,123.34074323024774,66.79948360872574,155.41898427311634,28.32329826098136
2021-07-23 09:00:00,190,7,202.0,197.0,190.0,147.57142857142858,187.5396828128265,7.160077449818837,186.90338614267662,8.136042305027173,115.57442576919317,66.79948360872574,147.52341582452783,28.32329826098136
2021-07-23 10:00:00,189,7,190.0,192.0,187.0,147.0,180.5710037360727,7.160077449818837,180.8333108233221,8.136042305027173,116.51436093700005,66.79948360872574,147.11390845379202,28.32329826098136
2021-07-23 11:00:00,199,7,189.0,192.0,197.0,151.85714285714286,181.95898058244924,7.160077449818837,184.219455456956,8.136042305027173,117.5355936696486,66.79948360872574,152.04650804519895,28.32329826098136
2021-07-23 12:00:00,125,7,199.0,119.0,128.0,103.14285714285714,134.16399971170267,7.160077449818837,130.86975433817307,8.136042305027173,82.78883684697983,66.79948360872574,103.38298987260967,28.32329826098136
2021-07-23 13:00:00,192,7,125.0,177.0,181.0,142.28571428571428,188.1692320198708,7.160077449818837,184.16893738490668,8.136042305027173,119.87118009682506,66.79948360872574,156.7432437212316,28.32329826098136
2021-07-23 14:00:00,190,7,192.0,189.0,181.0,143.71428571428572,185.53349047696483,7.160077449818837,184.5734542660134,8.136042305027173,118.36179740271493,66.79948360872574,151.25549926858932,28.32329826098136
2021-07-23 15:00:00,206,7,190.0,182.0,189.0,146.28571428571428,181.16362633224176,7.160077449818837,181.77736802542734,8.136042305027173,120.81195283885602,66.79948360872574,144.05104277737397,28.32329826098136
2021-07-23 16:00:00,197,7,206.0,172.0,178.0,139.14285714285714,175.0524357065789,7.160077449818837,174.62496225216177,8.136042305027173,119.25748802985837,66.79948360872574,132.2139235972938,28.32329826098136
2021-07-23 17:00:00,178,7,197.0,155.0,176.0,126.14285714285714,169.76794759403487,7.160077449818837,169.13857774230152,8.136042305027173,116.94026590360758,66.79948360872574,149.1966162303622,28.32329826098136
2021-07-23 18:00:00,176,7,178.0,169.0,168.0,132.42857142857142,170.12605251019642,7.160077449818837,170.7225861050451,8.136042305027173,116.17387808603674,66.79948360872574,152.68853666771994,28.32329826098136
2021-07-23 19:00:00,165,7,176.0,163.0,146.0,123.85714285714286,165.20937419888884,7.160077449818837,163.48799470495658,8.136042305027173,109.37582116224995,66.79948360872574,137.2146400157097,28.32329826098136
2021-07-23 20:00:00,115,7,165.0,138.0,123.0,101.85714285714286,120.85188420525216,7.160077449818837,120.98645166480348,8.136042305027173,81.15386470293043,66.79948360872574,110.79423656917031,28.32329826098136
2021-07-23 21:00:00,110,7,115.0,123.0,120.0,97.0,123.57661844971206,7.160077449818837,126.51261218682102,8.136042305027173,80.35701053435395,66.79948360872574,110.10635112676873,28.32329826098136
2021-07-23 22:00:00,107,7,110.0,122.0,112.0,90.71428571428571,115.81905908843099,7.160077449818837,118.03863798974989,8.136042305027173,76.252965507027,66.79948360872574,114.21557021502973,28.32329826098136
2021-07-23 23:00:00,111,7,107.0,114.0,118.0,89.57142857142857,118.2737243121272,7.160077449818837,117.92224421996941,8.136042305027173,79.64451425147918,66.79948360872574,111.98411001352909,28.32329826098136
2021-07-24 00:00:00,72,7,111.0,87.0,66.0,62.714285714285715,67.99698314806952,7.160077449818837,67.04774575338455,8.136042305027173,92.585975120182,66.79948360872574,72.0262172026131,28.32329826098136
2021-07-24 01:00:00,101,7,72.0,111.0,110.0,86.28571428571429,116.36544280530228,7.160077449818837,114.96547227886245,8.136042305027173,99.89440508350494,66.79948360872574,111.09460545312913,28.32329826098136
2021-07-24 02:00:00,100,7,101.0,110.0,105.0,84.0,116.2953074197718,7.160077449818837,114.14501396473204,8.136042305027173,100.87147650670276,66.79948360872574,112.12173056382284,28.32329826098136
2021-07-24 03:00:00,104,7,100.0,109.0,102.0,84.42857142857143,113.8040183148995,7.160077449818837,111.10538603512936,8.136042305027173,101.78388469541295,66.79948360872574,111.60300069784569,28.32329826098136
2021-07-24 04:00:00,100,7,104.0,101.0,103.0,84.85714285714286,111.32475930898556,7.160077449818837,111.5725225995889,8.136042305027173,100.82079645959732,66.79948360872574,109.50088965636382,28.32329826098136
2021-07-24 05:00:00,91,7,100.0,99.0,108.0,81.71428571428571,107.67385355999396,7.160077449818837,107.71440654493826,8.136042305027173,96.78751327625609,66.79948360872574,106.57760788059694,28.32329826098136
2021-07-24 06:00:00,98,7,91.0,105.0,96.0,83.28571428571429,108.6925729042701,7.160077449818837,107.25785471002143,8.136042305027173,103.69515278129585,66.79948360872574,107.26347275494929,28.32329826098136
2021-07-24 07:00:00,81,7,98.0,144.0,88.0,117.42857142857143,110.01672909406425,7.160077449818837,104.71111304164096,8.136042305027173,123.38038872854123,66.79948360872574,99.19949766542685,28.32329826098136
2021-07-24 08:00:00,28,7,81.0,202.0,27.0,153.71428571428572,56.1234929087464,7.160077449818837,55.87679671216319,8.136042305027173,111.5425461798111,66.79948360872574,86.45527870527377,28.32329826098136
2021-07-24 09:00:00,24,7,28.0,190.0,24.0,147.57142857142858,23.530079555547992,7.160077449818837,22.75619929312202,8.136042305027173,101.93173512626701,66.79948360872574,77.71357383236897,28.32329826098136
2021-07-24 10:00:00,24,7,24.0,189.0,24.0,147.28571428571428,26.03429054134298,7.160077449818837,26.321503234329853,8.136042305027173,101.69078406117832,66.79948360872574,77.10761622732169,28.32329826098136
2021-07-24 11:00:00,29,7,24.0,199.0,27.0,152.14285714285714,24.130467693356877,7.160077449818837,25.942739625986974,8.136042305027173,104.85554142645941,66.79948360872574,86.23312525833704,28.32329826098136
2021-07-24 12:00:00,24,7,29.0,125.0,26.0,102.71428571428571,30.375699173068472,7.160077449818837,28.317955564958957,8.136042305027173,79.57745584248367,66.79948360872574,75.05037021585592,28.32329826098136
2021-07-24 13:00:00,24,7,24.0,192.0,24.0,143.85714285714286,22.012765909169826,7.160077449818837,27.94312383473308,8.136042305027173,104.97807562749391,66.79948360872574,76.3394529938236,28.32329826098136
2021-07-24 14:00:00,24,7,24.0,190.0,24.0,145.0,30.258182861972802,7.160077449818837,28.876247356368705,8.136042305027173,105.69027018721226,66.79948360872574,77.33575405867848,28.32329826098136
2021-07-24 15:00:00,28,7,24.0,206.0,28.0,148.71428571428572,27.896190704413392,7.160077449818837,32.62947275129047,8.136042305027173,110.29764499533324,66.79948360872574,85.88846863458235,28.32329826098136
2021-07-24 16:00:00,25,7,28.0,197.0,24.0,141.85714285714286,23.949447878262365,7.160077449818837,27.2524979000893,8.136042305027173,102.19721180142837,66.79948360872574,75.96017748609857,28.32329826098136
2021-07-24 17:00:00,24,7,25.0,178.0,23.0,126.42857142857143,22.242205183322916,7.160077449818837,23.794019836800803,8.136042305027173,104.2884930402256,66.79948360872574,79.8554065174882,28.32329826098136
2021-07-24 18:00:00,29,7,24.0,176.0,27.0,133.57142857142858,24.15300850085418,7.160077449818837,24.641903660717123,8.136042305027173,105.0021745929569,66.79948360872574,77.05179463881268,28.32329826098136
2021-07-24 19:00:00,28,7,29.0,165.0,23.0,126.57142857142857,22.96090103220494,7.160077449818837,23.674336914604897,8.136042305027173,102.48576196735966,66.79948360872574,71.57257054083169,28.32329826098136
2021-07-24 20:00:00,25,7,28.0,115.0,23.0,100.71428571428571,22.4401696960387,7.160077449818837,23.778800967016938,8.136042305027173,82.71229450399015,66.79948360872574,69.68473148062708,28.32329826098136
2021-07-24 21:00:00,25,7,25.0,110.0,24.0,95.57142857142857,25.28770606567017,7.160077449818837,24.336756638180894,8.136042305027173,81.08424904835695,66.79948360872574,70.70231017757386,28.32329826098136
2021-07-24 22:00:00,28,7,25.0,107.0,28.0,90.0,27.120415499640966,7.160077449818837,27.34265253112364,8.136042305027173,79.88107794758815,66.79948360872574,71.08668751948805,28.32329826098136
2021-07-24 23:00:00,24,7,28.0,111.0,24.0,88.57142857142857,24.21093069121306,7.160077449818837,23.835166012995963,8.136042305027173,77.58476342972725,66.79948360872574,69.09837670010428,28.32329826098136
2021-07-25 00:00:00,24,7,24.0,72.0,24.0,63.57142857142857,25.800656273893434,7.160077449818837,24.635613997293753,8.136042305027173,22.801945374321814,66.79948360872574,28.187282119761097,28.32329826098136
2021-07-25 01:00:00,26,7,24.0,101.0,28.0,85.0,29.78569984808718,7.160077449818837,30.397017670985242,8.136042305027173,28.05519962125951,66.79948360872574,31.965065160257513,28.32329826098136
2021-07-25 02:00:00,29,7,26.0,100.0,24.0,83.28571428571429,24.039634085776672,7.160077449818837,24.56103394842878,8.136042305027173,27.78332208018703,66.79948360872574,30.113851291406586,28.32329826098136
2021-07-25 03:00:00,26,7,29.0,104.0,24.0,84.71428571428571,24.513038597891626,7.160077449818837,24.197223260727803,8.136042305027173,28.741226854957024,66.79948360872574,29.840099377429812,28.32329826098136
2021-07-25 04:00:00,24,7,26.0,100.0,28.0,84.42857142857143,27.629310876931687,7.160077449818837,28.068126160838588,8.136042305027173,27.80206705092224,66.79948360872574,32.6855660614339,28.32329826098136
2021-07-25 05:00:00,28,7,24.0,91.0,22.0,79.28571428571429,24.276454550415487,7.160077449818837,25.164069659772167,8.136042305027173,25.975838313916615,66.79948360872574,28.969773804660413,28.32329826098136
2021-07-25 06:00:00,24,7,28.0,98.0,23.0,83.57142857142857,24.14352780669052,7.160077449818837,22.52125734204465,8.136042305027173,26.881461658260825,66.79948360872574,30.15456112509915,28.32329826098136
2021-07-25 07:00:00,24,7,24.0,81.0,28.0,116.42857142857143,33.29370508634417,7.160077449818837,34.12128872136489,8.136042305027173,27.62427809075446,66.79948360872574,41.5211486307732,28.32329826098136
2021-07-25 08:00:00,24,7,24.0,28.0,24.0,153.85714285714286,28.704661588093796,7.160077449818837,31.819387718503737,8.136042305027173,30.06210143213079,66.79948360872574,35.938645137355,28.32329826098136
2021-07-25 09:00:00,29,7,24.0,24.0,23.0,147.57142857142858,19.490207044591557,7.160077449818837,22.192109823910602,8.136042305027173,30.044557393518797,66.79948360872574,35.381273565966616,28.32329826098136
2021-07-25 10:00:00,24,7,29.0,24.0,23.0,147.28571428571428,18.40540127045319,7.160077449818837,18.879689063578017,8.136042305027173,30.972292431106823,66.79948360872574,36.4824452727678,28.32329826098136
2021-07-25 11:00:00,24,7,24.0,29.0,27.0,152.42857142857142,25.849184939939036,7.160077449818837,28.63009576189583,8.136042305027173,28.420991708942925,66.79948360872574,38.37545637247649,28.32329826098136
2021-07-25 12:00:00,28,7,24.0,24.0,23.0,102.42857142857143,26.052818591284108,7.160077449818837,26.66504690892431,8.136042305027173,39.751959292180025,66.79948360872574,42.73001028956338,28.32329826098136
2021-07-25 13:00:00,24,7,28.0,24.0,23.0,143.85714285714286,19.50176359749144,7.160077449818837,20.604665590639616,8.136042305027173,32.82553331221988,66.79948360872574,37.1739125465568,28.32329826098136
2021-07-25 14:00:00,25,7,24.0,24.0,27.0,145.0,20.98316536882329,7.160077449818837,24.338749875519373,8.136042305027173,32.11080412633373,66.79948360872574,38.33786936709044,28.32329826098136
2021-07-25 15:00:00,25,7,25.0,28.0,26.0,148.71428571428572,27.269971965136296,7.160077449818837,28.65893177497692,8.136042305027173,30.979481147718467,66.79948360872574,40.944999329853744,28.32329826098136
2021-07-25 16:00:00,29,7,25.0,25.0,23.0,142.0,24.43879996555143,7.160077449818837,24.51026883688145,8.136042305027173,32.257738498607694,66.79948360872574,35.03599976561763,28.32329826098136
2021-07-25 17:00:00,24,7,29.0,24.0,27.0,126.57142857142857,24.32917284740828,7.160077449818837,24.838189388531156,8.136042305027173,33.630315773562636,66.79948360872574,36.20153607875055,28.32329826098136
2021-07-25 18:00:00,24,7,24.0,29.0,25.0,133.85714285714286,23.484116370989756,7.160077449818837,24.8758650258546,8.136042305027173,29.088236071160903,66.79948360872574,35.58479500027762,28.32329826098136
2021-07-25 19:00:00,28,7,24.0,28.0,23.0,127.28571428571429,24.04257918400896,7.160077449818837,25.607889642934037,8.136042305027173,31.24593100574646,66.79948360872574,32.831785105669915,28.32329826098136
2021-07-25 20:00:00,24,7,28.0,25.0,23.0,101.0,22.40642977314372,7.160077449818837,21.636225961631254,8.136042305027173,31.86860690716752,66.79948360872574,34.308442330446766,28.32329826098136
2021-07-25 21:00:00,24,7,24.0,25.0,28.0,95.71428571428571,26.223225253055634,7.160077449818837,27.912485307473926,8.136042305027173,36.391033303183036,66.79948360872574,37.3602133997617,28.32329826098136
2021-07-25 22:00:00,24,7,24.0,28.0,24.0,90.0,25.105381716258222,7.160077449818837,26.500193842244983,8.136042305027173,32.896806443639385,66.79948360872574,36.41109932359634,28.32329826098136
2021-07-25 23:00:00,28,7,24.0,24.0,23.0,88.57142857142857,24.903637470800227,7.160077449818837,25.833226104330638,8.136042305027173,34.01791870446628,66.79948360872574,35.55786904612404,28.32329826098136
2021-07-26 00:00:00,24,7,28.0,24.0,28.0,63.57142857142857,31.763815142012366,7.160077449818837,35.164799536554185,8.136042305027173,25.78967052826393,66.79948360872574,32.31096965714061,28.32329826098136
2021-07-26 01:00:00,24,7,24.0,26.0,24.0,84.71428571428571,23.01597046743368,7.160077449818837,25.59254039255242,8.136042305027173,24.135168402805405,66.79948360872574,29.764951515266066,28.32329826098136
2021-07-26 02:00:00,27,7,24.0,29.0,24.0,84.0,28.222316396749996,7.160077449818837,29.93985048868731,8.136042305027173,22.0940357529007,66.79948360872574,30.384656249306538,28.32329826098136
2021-07-26 03:00:00,27,7,27.0,26.0,24.0,85.0,23.442831813849843,7.160077449818837,24.67771127667704,8.136042305027173,23.0067296809887,66.79948360872574,29.325474056622557,28.32329826098136
2021-07-26 04:00:00,24,7,27.0,24.0,27.0,83.85714285714286,28.685798827205826,7.160077449818837,28.45738715324085,8.136042305027173,22.863275415219157,66.79948360872574,31.78428288574023,28.32329826098136
2021-07-26 05:00:00,24,7,24.0,28.0,23.0,80.14285714285714,29.850533168398844,7.160077449818837,35.023479872824204,8.136042305027173,19.272131285282253,66.79948360872574,29.60836694659318,28.32329826098136
2021-07-26 06:00:00,27,7,24.0,24.0,23.0,83.71428571428571,28.63366612741772,7.160077449818837,30.405381540555524,8.136042305027173,23.800998622675248,66.79948360872574,32.14767122384461,28.32329826098136
2021-07-26 07:00:00,127,7,27.0,24.0,119.0,115.85714285714286,91.06857975131237,7.160077449818837,88.40805249266977,8.136042305027173,100.38208262043105,66.79948360872574,108.99335267647186,28.32329826098136
2021-07-26 08:00:00,217,7,127.0,24.0,200.0,153.85714285714286,191.02840924588594,7.160077449818837,189.42482856385757,8.136042305027173,180.86725953213377,66.79948360872574,176.92715577247733,28.32329826098136
2021-07-26 09:00:00,189,7,217.0,29.0,185.0,148.42857142857142,184.8348402020253,7.160077449818837,190.00549256310865,8.136042305027173,177.20174962696206,66.79948360872574,171.24993917598266,28.32329826098136
2021-07-26 10:00:00,207,7,189.0,24.0,209.0,147.42857142857142,192.4438992501545,7.160077449818837,186.45533992070787,8.136042305027173,177.3869533918047,66.79948360872574,171.71160067969257,28.32329826098136
2021-07-26 11:00:00,202,7,207.0,24.0,222.0,152.0,191.13680505688333,7.160077449818837,188.1407032842905,8.136042305027173,177.59338121049794,66.79948360872574,162.8545294170006,28.32329826098136
2021-07-26 12:00:00,130,7,202.0,28.0,134.0,103.14285714285714,137.15538907152074,7.160077449818837,133.71472342003156,8.136042305027173,122.48396675911381,66.79948360872574,110.09569271932823,28.32329826098136
2021-07-26 13:00:00,180,7,130.0,24.0,193.0,144.0,181.07221738895217,7.160077449818837,181.39372723629097,8.136042305027173,178.64047663105018,66.79948360872574,174.0153342247635,28.32329826098136
2021-07-26 14:00:00,199,7,180.0,25.0,190.0,144.71428571428572,186.55419757143875,7.160077449818837,184.54961672427072,8.136042305027173,176.3485961886712,66.79948360872574,179.05720755862296,28.32329826098136
2021-07-26 15:00:00,180,7,199.0,25.0,201.0,148.57142857142858,184.62015333600564,7.160077449818837,182.4532357988293,8.136042305027173,174.0520494062845,66.79948360872574,156.77488501608804,28.32329826098136
2021-07-26 16:00:00,177,7,180.0,29.0,187.0,142.85714285714286,173.22486951421067,7.160077449818837,174.91957872585743,8.136042305027173,170.73002904338912,66.79948360872574,173.76901768583954,28.32329826098136
2021-07-26 17:00:00,169,7,177.0,24.0,190.0,126.14285714285714,170.98905297531982,7.160077449818837,173.14417926232818,8.136042305027173,168.0676485415337,66.79948360872574,144.1488403208873,28.32329826098136
2021-07-26 18:00:00,186,7,169.0,24.0,188.0,133.71428571428572,161.47894885724713,7.160077449818837,163.48293126447953,8.136042305027173,165.76678521858034,66.79948360872574,170.88619637078784,28.32329826098136
2021-07-26 19:00:00,177,7,186.0,28.0,162.0,128.0,169.92002139276158,7.160077449818837,173.02240126130332,8.136042305027173,162.67950648848557,66.79948360872574,159.06877598000864,28.32329826098136
2021-07-26 20:00:00,103,7,177.0,24.0,136.0,101.14285714285714,127.0370790967143,7.160077449818837,124.29442670702147,8.136042305027173,106.59702451849132,66.79948360872574,117.05471890182247,28.32329826098136
2021-07-26 21:00:00,116,7,103.0,24.0,129.0,95.14285714285714,120.10577592752347,7.160077449818837,123.36193273691964,8.136042305027173,108.31630973891401,66.79948360872574,105.6866505870118,28.32329826098136
2021-07-26 22:00:00,116,7,116.0,24.0,114.0,90.0,116.95399814638061,7.160077449818837,115.99942964568093,8.136042305027173,104.56661542995077,66.79948360872574,109.7636722139775,28.32329826098136
2021-07-26 23:00:00,107,7,116.0,28.0,120.0,89.28571428571429,117.72149871450472,7.160077449818837,117.83854987458132,8.136042305027173,107.76418290604765,66.79948360872574,110.02750684383241,28.32329826098136
2021-07-27 00:00:00,70,7,107.0,24.0,76.0,63.0,66.3893326525961,7.160077449818837,69.98757733823399,8.136042305027173,78.04492034212502,66.79948360872574,69.85628685625208,28.32329826098136
2021-07-27 01:00:00,110,7,70.0,24.0,112.0,84.71428571428571,109.67261694560192,7.160077449818837,109.33502357416626,8.136042305027173,117.39192663421095,66.79948360872574,109.55603179707074,28.32329826098136
2021-07-27 02:00:00,119,7,110.0,27.0,106.0,84.42857142857143,112.16954033509424,7.160077449818837,111.24713627723068,8.136042305027173,119.10118097003321,66.79948360872574,109.25311156543104,28.32329826098136
2021-07-27 03:00:00,111,7,119.0,27.0,116.0,85.42857142857143,114.6023262685213,7.160077449818837,118.61282926867234,8.136042305027173,114.72812556354538,66.79948360872574,109.06567052720948,28.32329826098136
2021-07-27 04:00:00,114,7,111.0,24.0,110.0,83.42857142857143,111.93050800535711,7.160077449818837,111.45572453316575,8.136042305027173,118.1184712151246,66.79948360872574,110.08580682738685,28.32329826098136
2021-07-27 05:00:00,106,7,114.0,24.0,106.0,80.28571428571429,109.45010098563358,7.160077449818837,109.87538594715019,8.136042305027173,112.39579057191845,66.79948360872574,103.47844497245455,28.32329826098136
2021-07-27 06:00:00,111,7,106.0,27.0,117.0,84.28571428571429,117.85222250348951,7.160077449818837,116.62072964336983,8.136042305027173,119.80877911801781,66.79948360872574,111.9163907024294,28.32329826098136
2021-07-27 07:00:00,161,7,111.0,127.0,148.0,117.0,148.42440041524884,7.160077449818837,141.8026836354834,8.136042305027173,155.453988197068,66.79948360872574,151.14634394593256,28.32329826098136
2021-07-27 08:00:00,207,7,161.0,217.0,201.0,156.28571428571428,195.27172365578377,7.160077449818837,196.17052602752983,8.136042305027173,175.2512156874566,66.79948360872574,179.32825200864997,28.32329826098136
2021-07-27 09:00:00,192,7,207.0,189.0,200.0,149.0,187.0432038009457,7.160077449818837,192.1921263615274,8.136042305027173,170.88548194453534,66.79948360872574,171.5609217922176,28.32329826098136
2021-07-27 10:00:00,206,7,192.0,207.0,197.0,147.14285714285714,182.52937954738528,7.160077449818837,186.1167114148951,8.136042305027173,170.49715504088115,66.79948360872574,174.59642647758884,28.32329826098136
2021-07-27 11:00:00,211,7,206.0,202.0,192.0,149.14285714285714,185.51821322418277,7.160077449818837,185.5856731833349,8.136042305027173,170.94349707089833,66.79948360872574,176.23708747041977,28.32329826098136
2021-07-27 12:00:00,124,7,211.0,130.0,142.0,102.57142857142857,141.50413998132385,7.160077449818837,139.5335533328677,8.136042305027173,141.54278188375505,66.79948360872574,135.8070387110239,28.32329826098136
2021-07-27 13:00:00,198,7,124.0,180.0,194.0,142.14285714285714,185.8275249062051,7.160077449818837,186.609014657499,8.136042305027173,171.16442976287405,66.79948360872574,180.20826880098434,28.32329826098136
2021-07-27 14:00:00,199,7,198.0,199.0,192.0,146.0,183.82387483143447,7.160077449818837,180.9103837908988,8.136042305027173,171.11455103897265,66.79948360872574,173.70063927635778,28.32329826098136
2021-07-27 15:00:00,201,7,199.0,180.0,199.0,145.57142857142858,180.1152067379473,7.160077449818837,181.95772662778376,8.136042305027173,170.16224882329126,66.79948360872574,166.8287696827462,28.32329826098136
2021-07-27 16:00:00,187,7,201.0,177.0,201.0,141.42857142857142,173.2116662844507,7.160077449818837,175.02660669545966,8.136042305027173,167.4618769099096,66.79948360872574,175.0228393611655,28.32329826098136
2021-07-27 17:00:00,184,7,187.0,169.0,159.0,123.14285714285714,160.91047057127005,7.160077449818837,160.28565743057214,8.136042305027173,160.15427269012133,66.79948360872574,163.5967252646984,28.32329826098136
2021-07-27 18:00:00,174,7,184.0,186.0,182.0,133.42857142857142,167.65306595080915,7.160077449818837,170.44263905827302,8.136042305027173,155.1958503805722,66.79948360872574,154.1384323014268,28.32329826098136
2021-07-27 19:00:00,180,7,174.0,177.0,176.0,130.14285714285714,165.39912812441122,7.160077449818837,170.09933090211186,8.136042305027173,155.66999898100036,66.79948360872574,163.32201273823318,28.32329826098136
2021-07-27 20:00:00,147,7,180.0,103.0,132.0,96.42857142857143,130.81810986059207,7.160077449818837,126.81103437999518,8.136042305027173,120.12101414594837,66.79948360872574,116.22100087834075,28.32329826098136
2021-07-27 21:00:00,148,7,147.0,116.0,137.0,93.28571428571429,129.537030206747,7.160077449818837,130.23435154288956,8.136042305027173,119.98993727835447,66.79948360872574,122.96426524408268,28.32329826098136
2021-07-27 22:00:00,132,7,148.0,116.0,121.0,90.28571428571429,126.11947945284278,7.160077449818837,127.63469075629416,8.136042305027173,117.12122575338728,66.79948360872574,113.64774433248955,28.32329826098136
2021-07-27 23:00:00,139,7,132.0,107.0,117.0,87.42857142857143,122.57343544628444,7.160077449818837,124.99679909140569,8.136042305027173,116.32588615260106,66.79948360872574,113.39632608445982,28.32329826098136
2021-07-28 00:00:00,91,7,139.0,70.0,85.0,62.142857142857146,90.38013315523003,7.160077449818837,86.83108682336685,8.136042305027173,67.57446971179517,66.79948360872574,78.99313455926249,28.32329826098136
2021-07-28 01:00:00,130,7,91.0,110.0,113.0,84.42857142857143,121.00689143338057,7.160077449818837,120.0186197100884,8.136042305027173,65.04756399935576,66.79948360872574,108.1575007732525,28.32329826098136
2021-07-28 02:00:00,130,7,130.0,119.0,108.0,86.28571428571429,121.91993057814231,7.160077449818837,121.84618073896756,8.136042305027173,65.54930772418234,66.79948360872574,110.0860363328073,28.32329826098136
2021-07-28 03:00:00,128,7,130.0,111.0,111.0,84.71428571428571,123.57008665981614,7.160077449818837,124.95367135199,8.136042305027173,67.5492259531208,66.79948360872574,111.80938617606942,28.32329826098136
2021-07-28 04:00:00,123,7,128.0,114.0,117.0,84.0,124.00367949009649,7.160077449818837,122.75091205187915,8.136042305027173,64.77163257344743,66.79948360872574,103.53085837616196,28.32329826098136
2021-07-28 05:00:00,119,7,123.0,106.0,111.0,80.28571428571429,118.97996048968018,7.160077449818837,117.95979857779838,8.136042305027173,65.30827911594152,66.79948360872574,106.29315980619324,28.32329826098136
2021-07-28 06:00:00,127,7,119.0,111.0,110.0,83.42857142857143,124.45750674199446,7.160077449818837,124.4679475926444,8.136042305027173,69.03024365489924,66.79948360872574,109.61456774205395,28.32329826098136
2021-07-28 07:00:00,174,7,127.0,161.0,149.0,118.85714285714286,162.0519853518804,7.160077449818837,156.88062941731462,8.136042305027173,63.24917498561448,66.79948360872574,139.3821541845061,28.32329826098136
2021-07-28 08:00:00,204,7,174.0,207.0,209.0,157.14285714285714,184.61859874059184,7.160077449818837,190.03455691502666,8.136042305027173,83.59105779398055,66.79948360872574,161.83740673169476,28.32329826098136
2021-07-28 09:00:00,204,7,204.0,192.0,214.0,147.85714285714286,177.65914963658318,7.160077449818837,180.8843559769524,8.136042305027173,78.98116092236684,66.79948360872574,150.03029041838886,28.32329826098136
2021-07-28 10:00:00,202,7,204.0,206.0,197.0,148.42857142857142,185.27426218868277,7.160077449818837,187.9816028639044,8.136042305027173,80.56121862933473,66.79948360872574,160.3798119250368,28.32329826098136
2021-07-28 11:00:00,212,7,202.0,211.0,206.0,151.85714285714286,177.9915748091367,7.160077449818837,181.87990993427962,8.136042305027173,79.73135426521256,66.79948360872574,153.8630392845567,28.32329826098136
2021-07-28 12:00:00,145,7,212.0,124.0,150.0,100.0,163.07448577312314,7.160077449818837,158.16301275638244,8.136042305027173,56.05234480931599,66.79948360872574,130.03618668694227,28.32329826098136
2021-07-28 13:00:00,200,7,145.0,198.0,204.0,142.71428571428572,176.064366470285,7.160077449818837,181.04412442795459,8.136042305027173,85.31822938607678,66.79948360872574,175.44686972031204,28.32329826098136
2021-07-28 14:00:00,203,7,200.0,199.0,203.0,147.0,179.0631442982259,7.160077449818837,184.75836536290967,8.136042305027173,81.34274487483763,66.79948360872574,157.76187050608627,28.32329826098136
2021-07-28 15:00:00,187,7,203.0,201.0,199.0,145.85714285714286,175.1411070788909,7.160077449818837,177.9569294421202,8.136042305027173,81.32928800215602,66.79948360872574,153.48158008594953,28.32329826098136
2021-07-28 16:00:00,181,7,187.0,187.0,189.0,139.42857142857142,169.03943850559827,7.160077449818837,168.69064111111217,8.136042305027173,76.62570204040556,66.79948360872574,148.11860896840403,28.32329826098136
2021-07-28 17:00:00,190,7,181.0,184.0,153.0,126.71428571428571,165.85590564935256,7.160077449818837,165.7570749923149,8.136042305027173,70.53914450887694,66.79948360872574,151.128982557184,28.32329826098136
2021-07-28 18:00:00,190,7,190.0,174.0,168.0,132.28571428571428,166.77664224538444,7.160077449818837,169.6123515166214,8.136042305027173,74.17596877787194,66.79948360872574,156.6717818049057,28.32329826098136
2021-07-28 19:00:00,175,7,190.0,180.0,174.0,130.71428571428572,165.39040980833758,7.160077449818837,168.69059323814363,8.136042305027173,72.1986958695296,66.79948360872574,143.04933734003143,28.32329826098136
2021-07-28 20:00:00,113,7,175.0,147.0,138.0,98.57142857142857,135.92310695562279,7.160077449818837,133.11080190904354,8.136042305027173,62.341186429376855,66.79948360872574,114.73588629950953,28.32329826098136
2021-07-28 21:00:00,115,7,113.0,148.0,118.0,94.85714285714286,129.91775176968858,7.160077449818837,129.8195898201271,8.136042305027173,74.82179528132605,66.79948360872574,109.22376397682036,28.32329826098136
2021-07-28 22:00:00,109,7,115.0,132.0,114.0,91.85714285714286,120.03150980900716,7.160077449818837,119.93758734729465,8.136042305027173,69.30564630653515,66.79948360872574,107.85641043789927,28.32329826098136
2021-07-28 23:00:00,116,7,109.0,139.0,111.0,90.57142857142857,117.76720723588922,7.160077449818837,117.80601192534255,8.136042305027173,70.57025313076086,66.79948360872574,110.56945002776432,28.32329826098136
2021-07-29 00:00:00,70,7,116.0,91.0,73.0,63.0,72.66523361609437,7.160077449818837,72.04063911651194,8.136042305027173,77.13055423215167,66.79948360872574,73.18020173331955,28.32329826098136
2021-07-29 01:00:00,118,7,70.0,130.0,106.0,86.85714285714286,113.88341227634547,7.160077449818837,114.76437670642655,8.136042305027173,80.15427641348055,66.79948360872574,111.28025029708701,28.32329826098136
2021-07-29 02:00:00,118,7,118.0,130.0,111.0,89.42857142857143,118.60665225036676,7.160077449818837,119.71063302207915,8.136042305027173,80.18163587411046,66.79948360872574,112.86885333977612,28.32329826098136
2021-07-29 03:00:00,117,7,118.0,128.0,105.0,87.14285714285714,115.98453359800715,7.160077449818837,116.91380941427892,8.136042305027173,81.90773306441857,66.79948360872574,111.66354781133158,28.32329826098136
2021-07-29 04:00:00,116,7,117.0,123.0,108.0,84.85714285714286,118.74361229916461,7.160077449818837,120.4902981397815,8.136042305027173,81.1704939956487,66.79948360872574,111.83062191764081,28.32329826098136
2021-07-29 05:00:00,119,7,116.0,119.0,103.0,81.42857142857143,115.08909847874774,7.160077449818837,116.91687435970046,8.136042305027173,81.6791981921322,66.79948360872574,112.07821589227038,28.32329826098136
2021-07-29 06:00:00,121,7,119.0,127.0,109.0,85.85714285714286,133.65866408387416,7.160077449818837,133.51084543736718,8.136042305027173,83.107754377642,66.79948360872574,111.8191443071264,28.32329826098136
2021-07-29 07:00:00,159,7,121.0,174.0,146.0,122.42857142857143,165.24548542610106,7.160077449818837,158.11842499217295,8.136042305027173,126.18108394390084,66.79948360872574,146.77479826622024,28.32329826098136
2021-07-29 08:00:00,204,7,159.0,204.0,213.0,156.42857142857142,194.27936252949425,7.160077449818837,197.55837739283797,8.136042305027173,145.41728517626908,66.79948360872574,172.83466761372804,28.32329826098136
2021-07-29 09:00:00,205,7,204.0,204.0,197.0,146.42857142857142,181.36099159182126,7.160077449818837,183.68466546483586,8.136042305027173,143.28276577183547,66.79948360872574,164.9554325103546,28.32329826098136
2021-07-29 10:00:00,203,7,205.0,202.0,192.0,149.14285714285714,186.41519680863297,7.160077449818837,186.82458876864928,8.136042305027173,143.41805060585793,66.79948360872574,170.27193382131284,28.32329826098136
2021-07-29 11:00:00,211,7,203.0,212.0,192.0,152.71428571428572,187.93286853225234,7.160077449818837,185.87027730920514,8.136042305027173,142.45003042209248,66.79948360872574,168.15306037505326,28.32329826098136
2021-07-29 12:00:00,133,7,211.0,145.0,119.0,99.28571428571429,131.43423871358482,7.160077449818837,129.48259238133585,8.136042305027173,89.84705101349212,66.79948360872574,118.36942674409457,28.32329826098136
2021-07-29 13:00:00,206,7,133.0,200.0,177.0,142.14285714285714,187.94530932295635,7.160077449818837,188.7435942235386,8.136042305027173,144.50756698575145,66.79948360872574,175.1369883794723,28.32329826098136
2021-07-29 14:00:00,201,7,206.0,203.0,189.0,147.0,182.5234343530033,7.160077449818837,182.47969810323622,8.136042305027173,142.63017021799826,66.79948360872574,152.25500411986926,28.32329826098136
2021-07-29 15:00:00,186,7,201.0,187.0,182.0,144.14285714285714,180.26484491686554,7.160077449818837,180.1911138287223,8.136042305027173,140.0742783650675,66.79948360872574,151.29039003664397,28.32329826098136
2021-07-29 16:00:00,172,7,186.0,181.0,172.0,138.28571428571428,166.97422421820775,7.160077449818837,167.18780129205413,8.136042305027173,138.85085004145833,66.79948360872574,152.3531651302283,28.32329826098136
2021-07-29 17:00:00,152,7,172.0,190.0,155.0,132.0,158.6600407658854,7.160077449818837,161.3216150255567,8.136042305027173,132.0199214695819,66.79948360872574,154.58990458339653,28.32329826098136
2021-07-29 18:00:00,180,7,152.0,190.0,169.0,135.42857142857142,158.22213893081374,7.160077449818837,159.949316582365,8.136042305027173,135.34320149285722,66.79948360872574,147.54891335215078,28.32329826098136
2021-07-29 19:00:00,181,7,180.0,175.0,163.0,130.85714285714286,163.7543710138251,7.160077449818837,166.90248718115396,8.136042305027173,132.53093329274435,66.79948360872574,153.30636480538757,28.32329826098136
2021-07-29 20:00:00,134,7,181.0,113.0,138.0,95.0,137.00255656492317,7.160077449818837,135.99960445996896,8.136042305027173,85.52620933272281,66.79948360872574,125.0620933846265,28.32329826098136
2021-07-29 21:00:00,131,7,134.0,115.0,123.0,94.42857142857143,134.47434820277033,7.160077449818837,134.72501397286553,8.136042305027173,81.63483764931117,66.79948360872574,118.56810262853085,28.32329826098136
2021-07-29 22:00:00,130,7,131.0,109.0,122.0,91.14285714285714,123.06631155005168,7.160077449818837,124.47537827418513,8.136042305027173,79.96811881998327,66.79948360872574,117.04562950107955,28.32329826098136
2021-07-29 23:00:00,127,7,130.0,116.0,114.0,91.28571428571429,125.20640291103415,7.160077449818837,125.90112789656794,8.136042305027173,80.05277804464843,66.79948360872574,114.18577925343448,28.32329826098136
2021-07-30 00:00:00,91,7,127.0,70.0,87.0,62.57142857142857,78.12990309099754,7.160077449818837,81.2738199527816,8.136042305027173,72.97696523940601,66.79948360872574,70.92645317460554,28.32329826098136
2021-07-30 01:00:00,130,7,91.0,118.0,111.0,88.57142857142857,118.56168573524621,7.160077449818837,116.03512807456389,8.136042305027173,70.12489145609402,66.79948360872574,106.79094151868213,28.32329826098136
2021-07-30 02:00:00,130,7,130.0,118.0,110.0,90.42857142857143,123.4612456547239,7.160077449818837,122.98894792242719,8.136042305027173,69.52980013792671,66.79948360872574,102.39480436772165,28.32329826098136
2021-07-30 03:00:00,128,7,130.0,117.0,109.0,88.85714285714286,122.30417841421689,7.160077449818837,125.503653306984,8.136042305027173,70.99409517291845,66.79948360872574,113.8879403148335,28.32329826098136
2021-07-30 04:00:00,123,7,128.0,116.0,101.0,86.0,119.53449295470107,7.160077449818837,120.16585439842909,8.136042305027173,79.48392461010391,66.79948360872574,103.33873170877033,28.32329826098136
2021-07-30 05:00:00,119,7,123.0,119.0,99.0,83.71428571428571,111.9744927216345,7.160077449818837,113.45736391850191,8.136042305027173,76.3123612980195,66.79948360872574,105.80071548326582,28.32329826098136
2021-07-30 06:00:00,127,7,119.0,121.0,105.0,87.57142857142857,119.60629793098694,7.160077449818837,118.92830807363683,8.136042305027173,75.97810360070771,66.79948360872574,117.22270725386313,28.32329826098136
2021-07-30 07:00:00,174,7,127.0,159.0,144.0,124.28571428571429,153.3899826908519,7.160077449818837,150.8331097805976,8.136042305027173,66.88453498679763,66.79948360872574,137.34302624197807,28.32329826098136
2021-07-30 08:00:00,204,7,174.0,204.0,202.0,155.14285714285714,182.4550642285457,7.160077449818837,187.377716290228,8.136042305027173,83.60717200569276,66.79948360872574,153.97485639222418,28.32329826098136
2021-07-30 09:00:00,204,7,204.0,205.0,190.0,147.57142857142858,184.48318729034122,7.160077449818837,186.2318949989655,8.136042305027173,82.0528736422097,66.79948360872574,150.07342383802742,28.32329826098136
2021-07-30 10:00:00,202,7,204.0,203.0,189.0,150.71428571428572,179.62453921423705,7.160077449818837,182.00473573009418,8.136042305027173,81.3450563977372,66.79948360872574,156.0319022356119,28.32329826098136
2021-07-30 11:00:00,212,7,202.0,211.0,199.0,155.42857142857142,174.89934685741213,7.160077449818837,179.45324410143874,8.136042305027173,80.19103181667904,66.79948360872574,153.66565732627345,28.32329826098136
2021-07-30 12:00:00,145,7,212.0,133.0,125.0,101.28571428571429,133.70624851726018,7.160077449818837,128.21071023562746,8.136042305027173,69.2314447835384,66.79948360872574,98.86009270205419,28.32329826098136
2021-07-30 13:00:00,200,7,145.0,206.0,192.0,146.28571428571428,184.86221498861713,7.160077449818837,183.88048225507822,8.136042305027173,82.7369676409823,66.79948360872574,151.7912022403968,28.32329826098136
2021-07-30 14:00:00,203,7,200.0,201.0,190.0,148.71428571428572,180.83325283918373,7.160077449818837,182.00918580322258,8.136042305027173,82.35870739047397,66.79948360872574,152.58556949842972,28.32329826098136
2021-07-30 15:00:00,187,7,203.0,186.0,206.0,144.71428571428572,174.51555033431288,7.160077449818837,178.22632192396665,8.136042305027173,80.09880794079328,66.79948360872574,153.99681018146106,28.32329826098136
2021-07-30 16:00:00,181,7,187.0,172.0,197.0,138.28571428571428,165.11452040242605,7.160077449818837,167.12017383529442,8.136042305027173,78.49616916736765,66.79948360872574,154.80265820553197,28.32329826098136
2021-07-30 17:00:00,190,7,181.0,152.0,178.0,131.57142857142858,163.99731548967475,7.160077449818837,167.10632219387952,8.136042305027173,77.58450400303514,66.79948360872574,92.58123644582074,28.32329826098136
2021-07-30 18:00:00,190,7,190.0,180.0,176.0,137.0,162.35992704870043,7.160077449818837,165.23774763198978,8.136042305027173,75.19790365851453,66.79948360872574,92.36378657554673,28.32329826098136
2021-07-30 19:00:00,175,7,190.0,181.0,165.0,133.42857142857142,161.6583353986785,7.160077449818837,163.6191354733178,8.136042305027173,73.3839458927617,66.79948360872574,88.37741942738195,28.32329826098136
2021-07-30 20:00:00,113,7,175.0,134.0,115.0,94.42857142857143,128.79678844999617,7.160077449818837,125.64909625418173,8.136042305027173,69.09058371332152,66.79948360872574,100.13925148064479,28.32329826098136
2021-07-30 21:00:00,115,7,113.0,131.0,110.0,95.57142857142857,125.47746521154251,7.160077449818837,126.29959968652938,8.136042305027173,66.4215274281831,66.79948360872574,101.15840976988268,28.32329826098136
2021-07-30 22:00:00,109,7,115.0,130.0,107.0,92.28571428571429,119.01257631936424,7.160077449818837,119.08986946754688,8.136042305027173,68.27191209262489,66.79948360872574,102.70761961682395,28.32329826098136
2021-07-30 23:00:00,116,7,109.0,127.0,111.0,93.14285714285714,117.91789227468267,7.160077449818837,117.90553507357546,8.136042305027173,67.14491417939409,66.79948360872574,102.88553117898834,28.32329826098136
2021-07-31 00:00:00,24,7,116.0,91.0,72.0,63.142857142857146,75.5679588143927,7.160077449818837,61.47463750745357,8.136042305027173,94.67985488609798,66.79948360872574,72.05007116220227,28.32329826098136
2021-07-31 01:00:00,21,7,24.0,130.0,101.0,91.28571428571429,19.859587745666648,7.160077449818837,21.38270609168631,8.136042305027173,84.45949181808284,66.79948360872574,78.09386547505433,28.32329826098136
2021-07-31 02:00:00,21,7,21.0,130.0,100.0,93.28571428571429,22.16802582730024,7.160077449818837,19.48212604914973,8.136042305027173,84.54630646392914,66.79948360872574,77.35232291559623,28.32329826098136
2021-07-31 03:00:00,21,7,21.0,128.0,104.0,91.57142857142857,19.61200638999384,7.160077449818837,21.314691913352963,8.136042305027173,81.15759296263879,66.79948360872574,79.90670171972342,28.32329826098136
2021-07-31 04:00:00,26,7,21.0,123.0,100.0,89.14285714285714,17.39117337477063,7.160077449818837,22.333772571032174,8.136042305027173,86.35757592051998,66.79948360872574,78.51687124461834,28.32329826098136
2021-07-31 05:00:00,21,7,26.0,119.0,91.0,86.57142857142857,21.705428311207047,7.160077449818837,24.272601231875292,8.136042305027173,100.52714279138739,66.79948360872574,85.58601627982489,28.32329826098136
2021-07-31 06:00:00,21,7,21.0,127.0,98.0,90.71428571428571,24.768179139386415,7.160077449818837,25.354592262929206,8.136042305027173,84.59624752008743,66.79948360872574,78.91592243618972,28.32329826098136
2021-07-31 07:00:00,23,7,21.0,174.0,81.0,128.57142857142858,35.577600762243215,7.160077449818837,34.8152901832261,8.136042305027173,127.06596075878122,66.79948360872574,95.12013431019633,28.32329826098136
2021-07-31 08:00:00,21,7,23.0,204.0,28.0,155.42857142857142,38.494345523120444,7.160077449818837,38.630221587144355,8.136042305027173,117.85100328279958,66.79948360872574,104.09067041190771,28.32329826098136
2021-07-31 09:00:00,21,7,21.0,204.0,24.0,149.57142857142858,34.70936004674558,7.160077449818837,32.89705586096062,8.136042305027173,110.40351114088837,66.79948360872574,103.40501680534362,28.32329826098136
2021-07-31 10:00:00,23,7,21.0,202.0,24.0,152.57142857142858,34.142453251455194,7.160077449818837,34.50688227196945,8.136042305027173,109.36940952021597,66.79948360872574,102.97855681938722,28.32329826098136
2021-07-31 11:00:00,26,7,23.0,212.0,29.0,157.28571428571428,29.797096138290918,7.160077449818837,29.947819325782504,8.136042305027173,110.4250070663915,66.79948360872574,102.93746499259811,28.32329826098136
2021-07-31 12:00:00,21,7,26.0,145.0,24.0,104.14285714285714,26.176936962078265,7.160077449818837,24.475859350771042,8.136042305027173,91.1124733953154,66.79948360872574,89.12535206235705,28.32329826098136
2021-07-31 13:00:00,21,7,21.0,200.0,24.0,147.42857142857142,27.855184254451125,7.160077449818837,32.46236740739429,8.136042305027173,113.2803416764193,66.79948360872574,101.49556069382287,28.32329826098136
2021-07-31 14:00:00,25,7,21.0,203.0,24.0,150.57142857142858,30.36669515277424,7.160077449818837,35.06066652341603,8.136042305027173,113.6865765248738,66.79948360872574,103.17696719349873,28.32329826098136
2021-07-31 15:00:00,23,7,25.0,187.0,28.0,142.0,22.670869064574518,7.160077449818837,22.56340504399348,8.136042305027173,113.9559994214825,66.79948360872574,92.57551305673431,28.32329826098136
2021-07-31 16:00:00,21,7,23.0,181.0,25.0,136.0,21.01942279181171,7.160077449818837,21.198960340675306,8.136042305027173,108.55697647568635,66.79948360872574,90.81649236587565,28.32329826098136
2021-07-31 17:00:00,21,7,21.0,190.0,24.0,133.28571428571428,22.940714892620765,7.160077449818837,23.625466181128218,8.136042305027173,108.4279650570508,66.79948360872574,92.00865505254642,28.32329826098136
2021-07-31 18:00:00,28,7,21.0,190.0,29.0,139.0,22.436032220653864,7.160077449818837,22.35015489928937,8.136042305027173,110.57506459958273,66.79948360872574,91.20464201090232,28.32329826098136
2021-07-31 19:00:00,21,7,28.0,175.0,28.0,134.85714285714286,17.574355423418694,7.160077449818837,16.656405914573295,8.136042305027173,109.69813804682478,66.79948360872574,92.57335401800904,28.32329826098136
2021-07-31 20:00:00,21,7,21.0,113.0,25.0,94.14285714285714,21.6211161784011,7.160077449818837,21.597156721096304,8.136042305027173,86.15725952958283,66.79948360872574,83.1819984141136,28.32329826098136
2021-07-31 21:00:00,25,7,21.0,115.0,25.0,96.28571428571429,24.3461540765595,7.160077449818837,24.31642854219288,8.136042305027173,86.79096162050702,66.79948360872574,82.50805484788928,28.32329826098136
2021-07-31 22:00:00,21,7,25.0,109.0,28.0,92.57142857142857,20.58278869923396,7.160077449818837,22.078907724939604,8.136042305027173,83.78812382923377,66.79948360872574,83.18049655385929,28.32329826098136
2021-07-31 23:00:00,21,7,21.0,116.0,24.0,93.85714285714286,20.770887781035682,7.160077449818837,20.867566266262358,8.136042305027173,82.52172089164638,66.79948360872574,82.0120347545414,28.32329826098136
2021-08-01 00:00:00,21,8,21.0,24.0,24.0,56.285714285714285,25.266874135460842,20.472826335833872,26.497049919481828,19.066869760348393,22.25394439114305,72.00689283203893,20.32489092569849,42.12462082320555
2021-08-01 01:00:00,26,8,21.0,21.0,26.0,79.85714285714286,25.968124474595804,20.472826335833872,25.090331785702535,19.066869760348393,19.2743367223444,72.00689283203893,20.52003087145836,42.12462082320555
2021-08-01 02:00:00,21,8,26.0,21.0,29.0,82.0,20.293644108421173,20.472826335833872,21.156346326546615,19.066869760348393,18.416154723520894,72.00689283203893,19.860339786710348,42.12462082320555
2021-08-01 03:00:00,21,8,21.0,21.0,26.0,79.71428571428571,20.4577514152825,20.472826335833872,19.196998506452925,19.066869760348393,19.79959307303212,72.00689283203893,20.28382036267765,42.12462082320555
2021-08-01 04:00:00,25,8,21.0,26.0,24.0,78.57142857142857,25.35987759647276,20.472826335833872,24.440988819316132,19.066869760348393,20.992705047684787,72.00689283203893,21.351763078631734,42.12462082320555
2021-08-01 05:00:00,24,8,25.0,21.0,28.0,76.57142857142857,20.705950923946283,20.472826335833872,20.60176984938244,19.066869760348393,16.70831146586059,72.00689283203893,21.24441258803219,42.12462082320555
2021-08-01 06:00:00,21,8,24.0,21.0,24.0,79.71428571428571,20.733809947243927,20.472826335833872,19.83700569836096,19.066869760348393,21.159713139713,72.00689283203893,21.53060305529464,42.12462082320555
2021-08-01 07:00:00,21,8,21.0,23.0,24.0,120.28571428571429,25.25811819903624,20.472826335833872,26.61437167940395,19.066869760348393,20.188989768768774,72.00689283203893,18.661861542998782,42.12462082320555
2021-08-01 08:00:00,28,8,21.0,21.0,24.0,154.42857142857142,24.38856984436315,20.472826335833872,23.929160735399762,19.066869760348393,26.367063225064967,72.00689283203893,22.285517488429633,42.12462082320555
2021-08-01 09:00:00,24,8,28.0,21.0,29.0,149.14285714285714,21.604015605274263,20.472826335833872,21.39719751660121,19.066869760348393,26.05382587639435,72.00689283203893,19.836853489188552,42.12462082320555
2021-08-01 10:00:00,21,8,24.0,23.0,24.0,152.42857142857142,20.724995244847555,20.472826335833872,21.12312572492155,19.066869760348393,26.39769619802635,72.00689283203893,22.789199554791864,42.12462082320555
2021-08-01 11:00:00,21,8,21.0,26.0,24.0,156.85714285714286,29.28141118294891,20.472826335833872,26.883308966140792,19.066869760348393,27.60596978922715,72.00689283203893,22.789334613160616,42.12462082320555
2021-08-01 12:00:00,25,8,21.0,21.0,28.0,103.71428571428571,24.43205812128131,20.472826335833872,23.832730732348384,19.066869760348393,30.938472797301905,72.00689283203893,22.73615340531551,42.12462082320555
2021-08-01 13:00:00,21,8,25.0,21.0,24.0,147.0,21.409670413728296,20.472826335833872,20.492444201538703,19.066869760348393,26.934681564872985,72.00689283203893,20.15672131190267,42.12462082320555
2021-08-01 14:00:00,21,8,21.0,25.0,25.0,150.71428571428572,22.873179764559847,20.472826335833872,23.054277717351177,19.066869760348393,27.55856682405025,72.00689283203893,25.616929103972872,42.12462082320555
2021-08-01 15:00:00,23,8,21.0,23.0,25.0,141.28571428571428,26.54776234757899,20.472826335833872,26.02900893292855,19.066869760348393,27.250837969027604,72.00689283203893,24.08723015526257,42.12462082320555
2021-08-01 16:00:00,25,8,23.0,21.0,29.0,135.42857142857142,22.166449924308186,20.472826335833872,22.301695513807633,19.066869760348393,27.42528235512368,72.00689283203893,24.409056864286523,42.12462082320555
2021-08-01 17:00:00,21,8,25.0,21.0,24.0,132.85714285714286,21.515513956050448,20.472826335833872,20.705080593794072,19.066869760348393,25.44575996252021,72.00689283203893,23.782320952936413,42.12462082320555
2021-08-01 18:00:00,21,8,21.0,28.0,24.0,138.85714285714286,25.18081323785669,20.472826335833872,23.478034263368304,19.066869760348393,25.33322948055877,72.00689283203893,23.679218764251512,42.12462082320555
2021-08-01 19:00:00,22,8,21.0,21.0,28.0,133.85714285714286,24.521730163504373,20.472826335833872,24.425626130611835,19.066869760348393,25.304030843161208,72.00689283203893,22.217003151860247,42.12462082320555
2021-08-01 20:00:00,26,8,22.0,21.0,24.0,93.57142857142857,23.332007335997027,20.472826335833872,20.82541106973667,19.066869760348393,25.590901608023685,72.00689283203893,23.544592972467687,42.12462082320555
2021-08-01 21:00:00,22,8,26.0,25.0,24.0,96.28571428571429,20.812941412481315,20.472826335833872,20.606222708303008,19.066869760348393,27.02806210529351,72.00689283203893,24.107862512427268,42.12462082320555
2021-08-01 22:00:00,23,8,22.0,21.0,24.0,91.57142857142857,23.477445243145084,20.472826335833872,22.754381523527243,19.066869760348393,24.602537786782747,72.00689283203893,23.82238114842628,42.12462082320555
2021-08-01 23:00:00,24,8,23.0,21.0,28.0,93.42857142857143,22.280415957902257,20.472826335833872,22.42359738656393,19.066869760348393,25.64032492537925,72.00689283203893,24.489205404458207,42.12462082320555
2021-08-02 00:00:00,23,8,24.0,21.0,24.0,55.857142857142854,26.763520783354394,20.472826335833872,25.501789639444315,19.066869760348393,20.43184163889015,72.00689283203893,20.25931183324572,42.12462082320555
2021-08-02 01:00:00,21,8,23.0,26.0,24.0,79.85714285714286,38.111470532536224,20.472826335833872,40.44866340723923,19.066869760348393,14.386244860101813,72.00689283203893,19.30271269776662,42.12462082320555
2021-08-02 02:00:00,21,8,21.0,21.0,27.0,80.85714285714286,36.14441723155153,20.472826335833872,35.98160956614861,19.066869760348393,12.489522595248488,72.00689283203893,18.788495650923938,42.12462082320555
2021-08-02 03:00:00,26,8,21.0,21.0,27.0,79.0,35.607865962614945,20.472826335833872,36.25760222035376,19.066869760348393,11.730786687246225,72.00689283203893,18.41496611285996,42.12462082320555
2021-08-02 04:00:00,21,8,26.0,25.0,24.0,78.71428571428571,23.628526436120225,20.472826335833872,23.976450084856115,19.066869760348393,14.322654034497656,72.00689283203893,19.273849520538025,42.12462082320555
2021-08-02 05:00:00,21,8,21.0,24.0,24.0,76.0,30.534642347866843,20.472826335833872,33.826294307860216,19.066869760348393,11.737691515373209,72.00689283203893,18.826632907136766,42.12462082320555
2021-08-02 06:00:00,25,8,21.0,21.0,27.0,79.28571428571429,37.74903259363582,20.472826335833872,42.80024984702006,19.066869760348393,15.163273890508137,72.00689283203893,21.17215205918931,42.12462082320555
2021-08-02 07:00:00,24,8,25.0,21.0,127.0,119.85714285714286,92.12189877968312,20.472826335833872,88.2392380799292,19.066869760348393,110.41878153600277,72.00689283203893,93.10175714477182,42.12462082320555
2021-08-02 08:00:00,21,8,24.0,28.0,217.0,155.0,124.14598329812154,20.472826335833872,123.82272508636036,19.066869760348393,200.14551655432146,72.00689283203893,148.68890489212617,42.12462082320555
2021-08-02 09:00:00,21,8,21.0,24.0,189.0,148.42857142857142,99.73590925877586,20.472826335833872,99.26787138280989,19.066869760348393,195.20384172022563,72.00689283203893,142.7426673051577,42.12462082320555
2021-08-02 10:00:00,25,8,21.0,21.0,207.0,152.0,107.25835391671271,20.472826335833872,102.76701759381801,19.066869760348393,200.84810470046654,72.00689283203893,143.08286367622392,42.12462082320555
2021-08-02 11:00:00,21,8,25.0,21.0,202.0,156.42857142857142,94.07778697384794,20.472826335833872,92.75370771511787,19.066869760348393,201.82360253625683,72.00689283203893,147.61629088329806,42.12462082320555
2021-08-02 12:00:00,21,8,21.0,25.0,130.0,103.28571428571429,78.20161219557362,20.472826335833872,72.68239761333525,19.066869760348393,134.0889370363485,72.00689283203893,118.42278897693856,42.12462082320555
2021-08-02 13:00:00,23,8,21.0,21.0,180.0,146.57142857142858,93.83714641596231,20.472826335833872,92.44941374494134,19.066869760348393,195.3803228330019,72.00689283203893,141.4739142772875,42.12462082320555
2021-08-02 14:00:00,25,8,23.0,21.0,199.0,150.14285714285714,81.0024841975046,20.472826335833872,76.46792068534738,19.066869760348393,199.6662756235119,72.00689283203893,142.07962412608336,42.12462082320555
2021-08-02 15:00:00,21,8,25.0,23.0,180.0,141.0,79.3953022808884,20.472826335833872,70.69490535572555,19.066869760348393,184.38663949648333,72.00689283203893,136.44861092473937,42.12462082320555
2021-08-02 16:00:00,21,8,21.0,25.0,177.0,134.85714285714286,89.56756946356518,20.472826335833872,85.02257417677264,19.066869760348393,180.65715758818467,72.00689283203893,135.63834762536652,42.12462082320555
2021-08-02 17:00:00,24,8,21.0,21.0,169.0,132.42857142857142,92.59906848497079,20.472826335833872,88.77014480355597,19.066869760348393,173.80037718653358,72.00689283203893,122.55799865820912,42.12462082320555
2021-08-02 18:00:00,26,8,24.0,21.0,186.0,138.42857142857142,82.63357988581934,20.472826335833872,73.34467509400316,19.066869760348393,173.88625859392428,72.00689283203893,137.59634651308795,42.12462082320555
2021-08-02 19:00:00,21,8,26.0,22.0,177.0,133.0,86.80719835189576,20.472826335833872,81.86245054539104,19.066869760348393,169.24561606252502,72.00689283203893,135.390054855663,42.12462082320555
2021-08-02 20:00:00,24,8,21.0,26.0,103.0,93.85714285714286,83.58196042145968,20.472826335833872,79.88376719640844,19.066869760348393,116.7004370790501,72.00689283203893,94.63364348149872,42.12462082320555
2021-08-02 21:00:00,24,8,24.0,22.0,116.0,96.0,72.7556993851797,20.472826335833872,69.02071705915739,19.066869760348393,123.15890281435128,72.00689283203893,102.83142691901078,42.12462082320555
2021-08-02 22:00:00,24,8,24.0,23.0,116.0,91.42857142857143,74.43728862878027,20.472826335833872,67.77151323344873,19.066869760348393,121.38861853499493,72.00689283203893,99.01898645384587,42.12462082320555
2021-08-02 23:00:00,21,8,24.0,24.0,107.0,92.85714285714286,84.82516143632483,20.472826335833872,83.20139752130888,19.066869760348393,117.58262787231158,72.00689283203893,96.50746619994563,42.12462082320555
2021-08-03 00:00:00,22,8,21.0,23.0,70.0,55.714285714285715,52.29757627262001,20.472826335833872,51.050479976505564,19.066869760348393,30.009133967946763,72.00689283203893,30.866211086799193,42.12462082320555
2021-08-03 01:00:00,26,8,22.0,21.0,110.0,79.42857142857143,42.223726486646,20.472826335833872,39.88092817661606,19.066869760348393,44.99011725178862,72.00689283203893,41.11657264977466,42.12462082320555
2021-08-03 02:00:00,21,8,26.0,21.0,119.0,80.0,40.79296096212797,20.472826335833872,43.47128899770511,19.066869760348393,46.39740220500412,72.00689283203893,46.443350622517386,42.12462082320555
2021-08-03 03:00:00,22,8,21.0,26.0,111.0,78.85714285714286,45.04292992938477,20.472826335833872,48.22475618219191,19.066869760348393,47.0260821104885,72.00689283203893,45.80684933424702,42.12462082320555
2021-08-03 04:00:00,21,8,22.0,21.0,114.0,78.28571428571429,43.07622344843738,20.472826335833872,42.323210830500145,19.066869760348393,42.25338211832762,72.00689283203893,39.71141477042911,42.12462082320555
2021-08-03 05:00:00,24,8,21.0,21.0,106.0,75.57142857142857,38.79914328791067,20.472826335833872,36.396525753407246,19.066869760348393,41.04612691240699,72.00689283203893,40.48181051536402,42.12462082320555
2021-08-03 06:00:00,21,8,24.0,25.0,111.0,79.0,52.56301557098505,20.472826335833872,57.80270995580427,19.066869760348393,52.02354531899423,72.00689283203893,50.70986703679521,42.12462082320555
2021-08-03 07:00:00,21,8,21.0,24.0,161.0,105.14285714285714,100.98635826783944,20.472826335833872,93.60618026681635,19.066869760348393,116.4030209126775,72.00689283203893,84.95186159514846,42.12462082320555
2021-08-03 08:00:00,25,8,21.0,21.0,207.0,127.0,104.45869707693878,20.472826335833872,102.15373728111719,19.066869760348393,155.00069730454354,72.00689283203893,91.90009296322992,42.12462082320555
2021-08-03 09:00:00,21,8,25.0,21.0,192.0,124.42857142857143,71.52124727080141,20.472826335833872,64.2869236934956,19.066869760348393,152.9327564265626,72.00689283203893,91.61816686740785,42.12462082320555
2021-08-03 10:00:00,21,8,21.0,25.0,206.0,126.0,98.18366299956386,20.472826335833872,97.90637333790248,19.066869760348393,150.52133497639807,72.00689283203893,94.01663940490914,42.12462082320555
2021-08-03 11:00:00,24,8,21.0,21.0,211.0,130.57142857142858,99.59589765862664,20.472826335833872,100.17056557307525,19.066869760348393,153.73254011702545,72.00689283203893,89.9983293918708,42.12462082320555
2021-08-03 12:00:00,25,8,24.0,21.0,124.0,87.71428571428571,56.754428543957445,20.472826335833872,51.551637827138606,19.066869760348393,122.39722649665742,72.00689283203893,73.48016932749407,42.12462082320555
2021-08-03 13:00:00,21,8,25.0,23.0,198.0,124.14285714285714,80.83661501280658,20.472826335833872,78.66786732562694,19.066869760348393,148.50371704581144,72.00689283203893,87.85251977136538,42.12462082320555
2021-08-03 14:00:00,22,8,21.0,25.0,199.0,125.28571428571429,78.97835018142793,20.472826335833872,78.75873437305127,19.066869760348393,147.9219786046766,72.00689283203893,91.14395860968104,42.12462082320555
2021-08-03 15:00:00,26,8,22.0,21.0,201.0,118.28571428571429,78.17860816667972,20.472826335833872,72.90818058339877,19.066869760348393,146.22321976260884,72.00689283203893,87.86818405564082,42.12462082320555
2021-08-03 16:00:00,24,8,26.0,21.0,187.0,112.57142857142857,66.22628354767879,20.472826335833872,64.76851138228372,19.066869760348393,139.2997056396839,72.00689283203893,87.28004287884296,42.12462082320555
2021-08-03 17:00:00,21,8,24.0,24.0,184.0,111.71428571428571,76.61862113487543,20.472826335833872,72.56341929693102,19.066869760348393,128.95666507878371,72.00689283203893,85.50894094164359,42.12462082320555
2021-08-03 18:00:00,24,8,21.0,26.0,174.0,115.57142857142857,78.07470482418373,20.472826335833872,79.41143517724926,19.066869760348393,132.97046398899735,72.00689283203893,85.72954321044432,42.12462082320555
2021-08-03 19:00:00,25,8,24.0,21.0,180.0,110.71428571428571,73.79611051585965,20.472826335833872,74.80045924620754,19.066869760348393,126.69177906325348,72.00689283203893,84.14187316104123,42.12462082320555
2021-08-03 20:00:00,22,8,25.0,24.0,147.0,82.57142857142857,74.99787736109668,20.472826335833872,73.29061697089809,19.066869760348393,125.56113082916504,72.00689283203893,84.88238384018445,42.12462082320555
2021-08-03 21:00:00,22,8,22.0,24.0,148.0,82.85714285714286,79.19143974568446,20.472826335833872,78.11210244886226,19.066869760348393,124.74835642063714,72.00689283203893,85.05151231258813,42.12462082320555
2021-08-03 22:00:00,21,8,22.0,24.0,132.0,78.28571428571429,82.36308068288,20.472826335833872,78.19990921565201,19.066869760348393,129.60708785424237,72.00689283203893,95.49688644892396,42.12462082320555
2021-08-03 23:00:00,26,8,21.0,21.0,139.0,80.57142857142857,77.44088107153182,20.472826335833872,73.18781162148335,19.066869760348393,125.38899674167979,72.00689283203893,93.91704264052194,42.12462082320555
2021-08-04 00:00:00,21,8,26.0,22.0,91.0,48.857142857142854,53.62185190824011,20.472826335833872,63.280628740582955,19.066869760348393,47.339517860365206,72.00689283203893,44.445150724418774,42.12462082320555
2021-08-04 01:00:00,21,8,21.0,26.0,130.0,67.42857142857143,61.96188994179738,20.472826335833872,65.39349787164734,19.066869760348393,74.22737525835761,72.00689283203893,91.6196215110885,42.12462082320555
2021-08-04 02:00:00,21,8,21.0,21.0,130.0,66.0,62.40117734794204,20.472826335833872,71.35610654985845,19.066869760348393,77.46725554060475,72.00689283203893,92.90066808654733,42.12462082320555
2021-08-04 03:00:00,25,8,21.0,22.0,128.0,66.14285714285714,58.18910821333906,20.472826335833872,58.19550806176807,19.066869760348393,75.82376619914395,72.00689283203893,93.50354338162664,42.12462082320555
2021-08-04 04:00:00,21,8,25.0,21.0,123.0,65.0,61.65463237253249,20.472826335833872,64.90644746959366,19.066869760348393,72.01071510798138,72.00689283203893,81.80700844773662,42.12462082320555
2021-08-04 05:00:00,21,8,21.0,24.0,119.0,63.857142857142854,64.7849620835691,20.472826335833872,66.94841959354373,19.066869760348393,71.89037337117969,72.00689283203893,84.63647095712959,42.12462082320555
2021-08-04 06:00:00,26,8,21.0,21.0,127.0,66.14285714285714,57.77169998379575,20.472826335833872,62.55991101308811,19.066869760348393,79.2544125232831,72.00689283203893,87.99718298017216,42.12462082320555
2021-08-04 07:00:00,21,8,26.0,21.0,174.0,85.14285714285714,101.15611503523353,20.472826335833872,92.20424490044235,19.066869760348393,141.16962598737362,72.00689283203893,116.41711814209397,42.12462082320555
2021-08-04 08:00:00,23,8,21.0,25.0,204.0,101.0,105.46262326362984,20.472826335833872,101.25255091305839,19.066869760348393,175.93103237632798,72.00689283203893,125.33154728192179,42.12462082320555
2021-08-04 09:00:00,21,8,23.0,21.0,204.0,100.0,98.73090031079545,20.472826335833872,96.43465107805339,19.066869760348393,176.50694928541256,72.00689283203893,117.81124226922577,42.12462082320555
2021-08-04 10:00:00,25,8,21.0,21.0,202.0,99.57142857142857,89.03006027565408,20.472826335833872,88.41667530798729,19.066869760348393,175.5967598110948,72.00689283203893,115.82267180468007,42.12462082320555
2021-08-04 11:00:00,21,8,25.0,24.0,212.0,103.85714285714286,98.04043604199383,20.472826335833872,94.31951066191195,19.066869760348393,174.2788305281568,72.00689283203893,116.76884136190297,42.12462082320555
2021-08-04 12:00:00,21,8,21.0,25.0,145.0,73.57142857142857,83.9897877490289,20.472826335833872,77.39013792263397,19.066869760348393,148.68067574156305,72.00689283203893,106.0693934146801,42.12462082320555
2021-08-04 13:00:00,25,8,21.0,21.0,200.0,98.85714285714286,85.18347025966489,20.472826335833872,82.06958588056249,19.066869760348393,170.22088103514864,72.00689283203893,117.48644669245901,42.12462082320555
2021-08-04 14:00:00,24,8,25.0,22.0,203.0,100.0,89.4363271688568,20.472826335833872,85.52927451193368,19.066869760348393,169.8717534168325,72.00689283203893,119.16954016009988,42.12462082320555
2021-08-04 15:00:00,24,8,24.0,26.0,187.0,93.28571428571429,84.7134352404037,20.472826335833872,82.79560714943274,19.066869760348393,164.91172025623592,72.00689283203893,117.56550994609735,42.12462082320555
2021-08-04 16:00:00,22,8,24.0,24.0,181.0,89.28571428571429,94.37349625391435,20.472826335833872,83.84131975945,19.066869760348393,161.90355832461375,72.00689283203893,111.76859829215971,42.12462082320555
2021-08-04 17:00:00,26,8,22.0,21.0,190.0,88.42857142857143,75.68028242953258,20.472826335833872,76.36296463006778,19.066869760348393,161.63197471508076,72.00689283203893,116.50994853667032,42.12462082320555
2021-08-04 18:00:00,22,8,26.0,24.0,190.0,94.14285714285714,90.77338055669158,20.472826335833872,83.81474659423925,19.066869760348393,153.81227692354136,72.00689283203893,119.24149468980141,42.12462082320555
2021-08-04 19:00:00,21,8,22.0,25.0,175.0,88.57142857142857,81.81980068348724,20.472826335833872,74.86567480240258,19.066869760348393,157.42634997901544,72.00689283203893,116.09135244535344,42.12462082320555
2021-08-04 20:00:00,21,8,21.0,22.0,113.0,64.71428571428571,81.0876373810975,20.472826335833872,77.67330895036388,19.066869760348393,123.91752833623212,72.00689283203893,110.65176309347567,42.12462082320555
2021-08-04 21:00:00,26,8,21.0,22.0,115.0,64.85714285714286,75.99058368160655,20.472826335833872,69.84712409207303,19.066869760348393,124.94054880774213,72.00689283203893,114.73923492154212,42.12462082320555
2021-08-04 22:00:00,21,8,26.0,21.0,109.0,62.42857142857143,76.68973344593263,20.472826335833872,71.84808305060662,19.066869760348393,123.17735090577628,72.00689283203893,111.16939514195336,42.12462082320555
2021-08-04 23:00:00,22,8,21.0,26.0,116.0,64.42857142857143,82.35691612316482,20.472826335833872,77.14627869156504,19.066869760348393,124.14401436586564,72.00689283203893,113.92046573083297,42.12462082320555
2021-08-05 00:00:00,21,8,22.0,21.0,70.0,38.857142857142854,58.598242175217536,20.472826335833872,63.12871105710584,19.066869760348393,25.675490559003148,72.00689283203893,32.03423912071906,42.12462082320555
2021-08-05 01:00:00,25,8,21.0,21.0,118.0,51.857142857142854,59.103161993992764,20.472826335833872,63.19145730364017,19.066869760348393,51.380030616715935,72.00689283203893,60.811094495055364,42.12462082320555
2021-08-05 02:00:00,21,8,25.0,21.0,118.0,50.42857142857143,62.639653655840924,20.472826335833872,67.18924521252114,19.066869760348393,52.1783241922876,72.00689283203893,60.58222183506928,42.12462082320555
2021-08-05 03:00:00,21,8,21.0,25.0,117.0,51.42857142857143,57.43960278914775,20.472826335833872,60.903018335566344,19.066869760348393,50.51603227335784,72.00689283203893,61.67326691804044,42.12462082320555
2021-08-05 04:00:00,25,8,21.0,21.0,116.0,50.42857142857143,57.10388455344452,20.472826335833872,67.32451679740174,19.066869760348393,49.286740768793976,72.00689283203893,57.0022258008686,42.12462082320555
2021-08-05 05:00:00,22,8,25.0,21.0,119.0,49.857142857142854,55.68349321752449,20.472826335833872,59.36868432054287,19.066869760348393,51.390565094024566,72.00689283203893,60.84736510951229,42.12462082320555
2021-08-05 06:00:00,22,8,22.0,26.0,121.0,51.714285714285715,59.37306876541445,20.472826335833872,58.01380228730958,19.066869760348393,55.76580672697377,72.00689283203893,65.77042694861949,42.12462082320555
2021-08-05 07:00:00,20,8,22.0,21.0,159.0,63.285714285714285,99.57062522044437,20.472826335833872,96.55664285765403,19.066869760348393,143.49567589998784,72.00689283203893,112.81939613173581,42.12462082320555
2021-08-05 08:00:00,24,8,20.0,23.0,204.0,75.14285714285714,105.11500554792282,20.472826335833872,100.96184667329823,19.066869760348393,175.3393108813333,72.00689283203893,116.10632240708732,42.12462082320555
2021-08-05 09:00:00,21,8,24.0,21.0,205.0,73.85714285714286,105.19807861953163,20.472826335833872,99.184917653987,19.066869760348393,173.21993159553773,72.00689283203893,117.90973376186234,42.12462082320555
2021-08-05 10:00:00,21,8,21.0,25.0,203.0,74.28571428571429,96.78410371856327,20.472826335833872,96.36221350062554,19.066869760348393,172.2493532868871,72.00689283203893,117.88953907304786,42.12462082320555
2021-08-05 11:00:00,25,8,21.0,21.0,211.0,76.57142857142857,92.63716296100907,20.472826335833872,91.54618483857423,19.066869760348393,175.24454223058052,72.00689283203893,117.01751444126946,42.12462082320555
2021-08-05 12:00:00,24,8,25.0,21.0,133.0,55.857142857142854,76.39612129145836,20.472826335833872,72.14903732529497,19.066869760348393,141.4481448773318,72.00689283203893,106.59694250765922,42.12462082320555
2021-08-05 13:00:00,24,8,24.0,25.0,206.0,73.85714285714286,92.25341965473291,20.472826335833872,90.97774663796682,19.066869760348393,173.9435181923466,72.00689283203893,117.95539897957138,42.12462082320555
2021-08-05 14:00:00,22,8,24.0,24.0,201.0,74.42857142857143,88.82860724594056,20.472826335833872,82.48978964687393,19.066869760348393,171.9769317466981,72.00689283203893,110.87846565476994,42.12462082320555
2021-08-05 15:00:00,25,8,22.0,24.0,186.0,70.0,79.14198806334838,20.472826335833872,76.8827007582261,19.066869760348393,174.49848674565553,72.00689283203893,119.08464810898457,42.12462082320555
2021-08-05 16:00:00,22,8,25.0,22.0,172.0,66.57142857142857,86.11024806263724,20.472826335833872,79.91573613654914,19.066869760348393,171.72450794196735,72.00689283203893,110.24798535973535,42.12462082320555
2021-08-05 17:00:00,22,8,22.0,26.0,152.0,65.0,83.06061149501289,20.472826335833872,76.56736065000852,19.066869760348393,162.519299368118,72.00689283203893,110.40310018911431,42.12462082320555
2021-08-05 18:00:00,21,8,22.0,22.0,180.0,70.14285714285714,85.77138905007995,20.472826335833872,79.86426526530028,19.066869760348393,165.91907336761963,72.00689283203893,114.86718714588167,42.12462082320555
2021-08-05 19:00:00,25,8,21.0,21.0,181.0,66.57142857142857,78.87423053711892,20.472826335833872,74.17352727835825,19.066869760348393,167.16790897350333,72.00689283203893,121.45793768351196,42.12462082320555
2021-08-05 20:00:00,22,8,25.0,21.0,134.0,51.57142857142857,79.72780991158619,20.472826335833872,75.34003042934486,19.066869760348393,137.1654986939677,72.00689283203893,109.52274421684969,42.12462082320555
2021-08-05 21:00:00,22,8,22.0,26.0,131.0,52.142857142857146,81.86317649663712,20.472826335833872,75.05567759076487,19.066869760348393,133.6765711924494,72.00689283203893,106.79030230404868,42.12462082320555
2021-08-05 22:00:00,23,8,22.0,21.0,130.0,49.857142857142854,84.66744774397188,20.472826335833872,83.02157681484367,19.066869760348393,132.76029024720165,72.00689283203893,105.25969086609472,42.12462082320555
2021-08-05 23:00:00,26,8,23.0,22.0,127.0,51.0,83.3524923083874,20.472826335833872,76.25542059685012,19.066869760348393,131.29568540977183,72.00689283203893,99.59971226813515,42.12462082320555
2021-08-06 00:00:00,21,8,26.0,21.0,91.0,31.857142857142858,62.45723819737626,20.472826335833872,68.20641726961206,19.066869760348393,41.53815397833035,72.00689283203893,42.802674397972645,42.12462082320555
2021-08-06 01:00:00,21,8,21.0,25.0,130.0,38.57142857142857,63.44480500089329,20.472826335833872,67.98922552808796,19.066869760348393,66.96539086949392,72.00689283203893,83.79029793602962,42.12462082320555
2021-08-06 02:00:00,21,8,21.0,21.0,130.0,36.57142857142857,61.90516443506525,20.472826335833872,68.52259393732689,19.066869760348393,68.54036597288328,72.00689283203893,86.14220900388962,42.12462082320555
2021-08-06 03:00:00,25,8,21.0,21.0,128.0,37.714285714285715,58.592055020163734,20.472826335833872,63.48780406286631,19.066869760348393,68.37871544375021,72.00689283203893,87.43167400349915,42.12462082320555
2021-08-06 04:00:00,23,8,25.0,25.0,123.0,37.42857142857143,62.166777419120876,20.472826335833872,64.41465851001058,19.066869760348393,62.34115564313349,72.00689283203893,77.78050754668001,42.12462082320555
2021-08-06 05:00:00,21,8,23.0,22.0,119.0,36.0,63.79107134443905,20.472826335833872,66.96309314737466,19.066869760348393,62.8606590862307,72.00689283203893,80.51914655174599,42.12462082320555
2021-08-06 06:00:00,25,8,21.0,22.0,127.0,37.57142857142857,62.027638701926946,20.472826335833872,64.06314112190879,19.066869760348393,70.33141817475622,72.00689283203893,84.95717058222458,42.12462082320555
2021-08-06 07:00:00,21,8,25.0,20.0,174.0,43.42857142857143,108.23618629982302,20.472826335833872,99.28389985825379,19.066869760348393,141.55068286889306,72.00689283203893,116.80337837343238,42.12462082320555
2021-08-06 08:00:00,21,8,21.0,24.0,204.0,49.42857142857143,103.98111282204346,20.472826335833872,97.80320857851498,19.066869760348393,165.26064898089805,72.00689283203893,119.86745300291845,42.12462082320555
2021-08-06 09:00:00,21,8,21.0,21.0,204.0,47.57142857142857,99.28779239705828,20.472826335833872,98.32445344601808,19.066869760348393,165.9657210410962,72.00689283203893,122.1110961345942,42.12462082320555
2021-08-06 10:00:00,25,8,21.0,21.0,202.0,48.285714285714285,88.6555370950597,20.472826335833872,90.61535376850937,19.066869760348393,165.02575906006967,72.00689283203893,121.99204398897521,42.12462082320555
2021-08-06 11:00:00,25,8,25.0,25.0,212.0,50.0,95.11014523177883,20.472826335833872,94.32508545026455,19.066869760348393,165.0420227939029,72.00689283203893,120.9195526903839,42.12462082320555
2021-08-06 12:00:00,24,8,25.0,24.0,145.0,40.285714285714285,86.35967934790237,20.472826335833872,78.7382788960832,19.066869760348393,148.11367309545008,72.00689283203893,104.55839710567972,42.12462082320555
2021-08-06 13:00:00,24,8,24.0,24.0,200.0,47.857142857142854,93.9253423560305,20.472826335833872,84.82222221708155,19.066869760348393,162.80628939283292,72.00689283203893,118.10243581939052,42.12462082320555
2021-08-06 14:00:00,27,8,24.0,22.0,203.0,48.857142857142854,100.70091118286852,20.472826335833872,94.2963456106093,19.066869760348393,163.9024445819674,72.00689283203893,120.76715328224994,42.12462082320555
2021-08-06 15:00:00,22,8,27.0,25.0,187.0,47.0,94.09382387296169,20.472826335833872,86.59783833051227,19.066869760348393,163.03916635304404,72.00689283203893,118.93585247726854,42.12462082320555
2021-08-06 16:00:00,22,8,22.0,22.0,181.0,45.142857142857146,86.71377327318706,20.472826335833872,81.13385101317826,19.066869760348393,158.45515944760317,72.00689283203893,117.22509953663146,42.12462082320555
2021-08-06 17:00:00,25,8,22.0,22.0,190.0,46.42857142857143,80.87781930944527,20.472826335833872,82.02545665860177,19.066869760348393,155.4386399702618,72.00689283203893,117.45618136974612,42.12462082320555
2021-08-06 18:00:00,22,8,25.0,21.0,190.0,47.42857142857143,86.3225003462498,20.472826335833872,85.83903596254785,19.066869760348393,155.57820418784195,72.00689283203893,120.46673513171456,42.12462082320555
2021-08-06 19:00:00,21,8,22.0,25.0,175.0,44.285714285714285,85.19725996325414,20.472826335833872,81.2973670878528,19.066869760348393,154.99568884980377,72.00689283203893,118.85206159859065,42.12462082320555
2021-08-06 20:00:00,21,8,21.0,22.0,113.0,35.57142857142857,86.25348656098473,20.472826335833872,86.52103372388791,19.066869760348393,117.33538554625858,72.00689283203893,107.09108455706026,42.12462082320555
2021-08-06 21:00:00,26,8,21.0,22.0,115.0,36.57142857142857,79.97551061116914,20.472826335833872,78.74036351639741,19.066869760348393,120.73132533242449,72.00689283203893,109.88793267154038,42.12462082320555
2021-08-06 22:00:00,21,8,26.0,23.0,109.0,34.57142857142857,88.6079952280048,20.472826335833872,86.97723341982658,19.066869760348393,118.44130690398926,72.00689283203893,107.33820701557953,42.12462082320555
2021-08-06 23:00:00,21,8,21.0,26.0,116.0,36.57142857142857,80.58851290309849,20.472826335833872,77.36987408714778,19.066869760348393,120.26078480284944,72.00689283203893,110.66984213762669,42.12462082320555
2021-08-07 00:00:00,24,8,21.0,21.0,24.0,21.857142857142858,56.48017067721209,20.472826335833872,57.19818223548212,19.066869760348393,26.328412290905916,72.00689283203893,20.953064359912684,42.12462082320555
2021-08-07 01:00:00,25,8,24.0,21.0,21.0,23.0,53.79766758133856,20.472826335833872,48.680794116128126,19.066869760348393,31.285195589171607,72.00689283203893,25.912947830832852,42.12462082320555
2021-08-07 02:00:00,21,8,25.0,21.0,21.0,21.0,51.46709161122739,20.472826335833872,49.84247338910531,19.066869760348393,31.770184032545437,72.00689283203893,25.951380207190926,42.12462082320555
2021-08-07 03:00:00,21,8,21.0,25.0,21.0,23.0,52.67090227771758,20.472826335833872,50.447100872098964,19.066869760348393,30.553043057488054,72.00689283203893,24.095285313609143,42.12462082320555
2021-08-07 04:00:00,21,8,21.0,23.0,26.0,23.142857142857142,50.3806050069882,20.472826335833872,48.76871883421554,19.066869760348393,29.237482566076658,72.00689283203893,23.413338727422794,42.12462082320555
2021-08-07 05:00:00,24,8,21.0,21.0,21.0,22.0,48.67272063952368,20.472826335833872,45.686181805420944,19.066869760348393,29.18010270938382,72.00689283203893,25.8526573321543,42.12462082320555
2021-08-07 06:00:00,21,8,24.0,25.0,21.0,23.0,56.4087200464754,20.472826335833872,49.39719797641592,19.066869760348393,29.882237895654757,72.00689283203893,25.03243088384218,42.12462082320555
2021-08-07 07:00:00,21,8,21.0,21.0,23.0,21.571428571428573,70.60290405129193,20.472826335833872,69.8822774730254,19.066869760348393,36.36126896810783,72.00689283203893,30.773050656147944,42.12462082320555
2021-08-07 08:00:00,25,8,21.0,21.0,21.0,23.285714285714285,54.80589454300695,20.472826335833872,44.882015534175366,19.066869760348393,37.66655071804979,72.00689283203893,28.357930102147122,42.12462082320555
2021-08-07 09:00:00,24,8,25.0,21.0,21.0,21.428571428571427,56.146887323939154,20.472826335833872,50.31113169006327,19.066869760348393,34.81611629214571,72.00689283203893,27.69021476830295,42.12462082320555
2021-08-07 10:00:00,21,8,24.0,25.0,23.0,23.0,55.208364556185145,20.472826335833872,52.66460796395548,19.066869760348393,34.93774533958495,72.00689283203893,25.633947340807634,42.12462082320555
2021-08-07 11:00:00,21,8,21.0,25.0,26.0,23.285714285714285,47.75292556806046,20.472826335833872,47.039080118693875,19.066869760348393,36.77579087481376,72.00689283203893,22.82134080213379,42.12462082320555
2021-08-07 12:00:00,26,8,21.0,24.0,21.0,23.0,49.90989012099457,20.472826335833872,45.14259045942329,19.066869760348393,31.314208528499446,72.00689283203893,22.140916502053603,42.12462082320555
2021-08-07 13:00:00,21,8,26.0,24.0,21.0,22.714285714285715,51.5459937123343,20.472826335833872,47.48933295252134,19.066869760348393,36.00755027537576,72.00689283203893,23.12793439521732,42.12462082320555
2021-08-07 14:00:00,21,8,21.0,27.0,25.0,23.714285714285715,52.75016991820214,20.472826335833872,48.545670004577254,19.066869760348393,36.59553416810389,72.00689283203893,23.11471335109978,42.12462082320555
2021-08-07 15:00:00,22,8,21.0,22.0,23.0,23.428571428571427,50.99524497148096,20.472826335833872,49.81381945648107,19.066869760348393,36.077051292488775,72.00689283203893,24.00311513601032,42.12462082320555
2021-08-07 16:00:00,25,8,22.0,22.0,21.0,22.428571428571427,51.71487100482197,20.472826335833872,47.64320899415589,19.066869760348393,35.761569130688166,72.00689283203893,25.223680978914544,42.12462082320555
2021-08-07 17:00:00,21,8,25.0,25.0,21.0,22.857142857142858,52.92322515824507,20.472826335833872,47.585913199794966,19.066869760348393,36.568962717278744,72.00689283203893,27.602422008376237,42.12462082320555
2021-08-07 18:00:00,21,8,21.0,22.0,28.0,23.428571428571427,60.430076243333104,20.472826335833872,57.97469471019349,19.066869760348393,38.901787238768435,72.00689283203893,30.72106437298293,42.12462082320555
2021-08-07 19:00:00,24,8,21.0,21.0,21.0,22.285714285714285,50.01010932629727,20.472826335833872,46.912302106712886,19.066869760348393,37.72328700640094,72.00689283203893,30.439207177509136,42.12462082320555
2021-08-07 20:00:00,26,8,24.0,21.0,21.0,22.428571428571427,52.28419465264206,20.472826335833872,48.75877636992153,19.066869760348393,35.44846053078019,72.00689283203893,30.847442188436293,42.12462082320555
2021-08-07 21:00:00,22,8,26.0,26.0,25.0,23.857142857142858,55.822336683055816,20.472826335833872,52.10509476472699,19.066869760348393,34.80171092700364,72.00689283203893,28.925406368866067,42.12462082320555
2021-08-07 22:00:00,21,8,22.0,21.0,21.0,22.0,48.89781415041742,20.472826335833872,45.270897049447676,19.066869760348393,33.675928579037375,72.00689283203893,31.257244039839748,42.12462082320555
2021-08-07 23:00:00,25,8,21.0,21.0,21.0,23.0,48.67138206779966,20.472826335833872,46.06321197361312,19.066869760348393,33.65357349056351,72.00689283203893,30.947285108512183,42.12462082320555
2021-08-08 00:00:00,21,8,25.0,24.0,21.0,21.857142857142858,55.095490024509424,20.472826335833872,50.70147415801887,19.066869760348393,21.65780344716205,72.00689283203893,18.50648422582488,42.12462082320555
2021-08-08 01:00:00,21,8,21.0,25.0,26.0,23.571428571428573,55.258681203629386,20.472826335833872,51.79075307935539,19.066869760348393,25.133569144414583,72.00689283203893,19.600133330293218,42.12462082320555
2021-08-08 02:00:00,21,8,21.0,21.0,21.0,21.0,54.06927494445315,20.472826335833872,52.255640446774514,19.066869760348393,26.32499807205191,72.00689283203893,21.324944514051314,42.12462082320555
2021-08-08 03:00:00,24,8,21.0,21.0,21.0,23.0,52.575273919622,20.472826335833872,46.47495471805282,19.066869760348393,25.88169605337901,72.00689283203893,21.324944514051314,42.12462082320555
2021-08-08 04:00:00,21,8,24.0,21.0,25.0,22.428571428571427,52.30501248444677,20.472826335833872,49.835376607365525,19.066869760348393,25.06545617626537,72.00689283203893,20.160786520392435,42.12462082320555
2021-08-08 05:00:00,21,8,21.0,24.0,24.0,22.428571428571427,57.214208599454366,20.472826335833872,53.871379917421,19.066869760348393,22.71513602369359,72.00689283203893,19.407249632956344,42.12462082320555
2021-08-08 06:00:00,23,8,21.0,21.0,21.0,23.0,51.44859715193795,20.472826335833872,47.535473595441374,19.066869760348393,24.696428716735994,72.00689283203893,22.989179108380075,42.12462082320555
2021-08-08 07:00:00,25,8,23.0,21.0,21.0,21.285714285714285,67.43651627566419,20.472826335833872,61.52122376897642,19.066869760348393,29.346532398058503,72.00689283203893,26.291159301156924,42.12462082320555
2021-08-08 08:00:00,21,8,25.0,25.0,28.0,23.857142857142858,67.22269764998642,20.472826335833872,58.31845942180558,19.066869760348393,34.28055780844456,72.00689283203893,28.47452742988871,42.12462082320555
2021-08-08 09:00:00,21,8,21.0,24.0,24.0,21.857142857142858,58.30472686457161,20.472826335833872,56.65356041576987,19.066869760348393,30.281509986265203,72.00689283203893,24.45236842069363,42.12462082320555
2021-08-08 10:00:00,25,8,21.0,21.0,21.0,22.714285714285715,49.386265578965165,20.472826335833872,44.20035442485466,19.066869760348393,32.04853463321664,72.00689283203893,25.883086856692753,42.12462082320555
2021-08-08 11:00:00,21,8,25.0,21.0,21.0,22.571428571428573,53.39899515176977,20.472826335833872,47.83913753728129,19.066869760348393,33.269882825927375,72.00689283203893,26.65325961984593,42.12462082320555
2021-08-08 12:00:00,21,8,21.0,26.0,25.0,23.714285714285715,52.23951105227198,20.472826335833872,47.807638279728906,19.066869760348393,29.085859800590374,72.00689283203893,22.90477696562438,42.12462082320555
2021-08-08 13:00:00,23,8,21.0,21.0,21.0,22.714285714285715,54.27558219048183,20.472826335833872,48.74552610290067,19.066869760348393,33.86205934373756,72.00689283203893,25.00742197182403,42.12462082320555
2021-08-08 14:00:00,25,8,23.0,21.0,21.0,23.142857142857142,49.9268394605085,20.472826335833872,43.79253831689656,19.066869760348393,33.64722842536509,72.00689283203893,25.00742197182403,42.12462082320555
2021-08-08 15:00:00,21,8,25.0,22.0,23.0,23.285714285714285,50.7189183003122,20.472826335833872,49.59739384868315,19.066869760348393,32.53081588167603,72.00689283203893,23.808249200007836,42.12462082320555
2021-08-08 16:00:00,21,8,21.0,25.0,25.0,23.0,54.107935185869735,20.472826335833872,51.299971796275926,19.066869760348393,33.719478354958504,72.00689283203893,23.440844595135708,42.12462082320555
2021-08-08 17:00:00,25,8,21.0,21.0,21.0,22.857142857142858,50.10359342510289,20.472826335833872,45.65987536394249,19.066869760348393,34.228205580424905,72.00689283203893,26.10102070576015,42.12462082320555
2021-08-08 18:00:00,24,8,25.0,21.0,21.0,22.428571428571427,50.36714179473029,20.472826335833872,45.98021185578968,19.066869760348393,34.320277617883775,72.00689283203893,26.03796110245968,42.12462082320555
2021-08-08 19:00:00,21,8,24.0,24.0,22.0,22.714285714285715,53.16748267582982,20.472826335833872,48.2493587888118,19.066869760348393,34.712400261168604,72.00689283203893,24.92851159318159,42.12462082320555
2021-08-08 20:00:00,22,8,21.0,26.0,26.0,23.142857142857142,58.5558875234491,20.472826335833872,57.086898055658004,19.066869760348393,33.11696374799716,72.00689283203893,26.303908363679497,42.12462082320555
2021-08-08 21:00:00,26,8,22.0,22.0,22.0,23.428571428571427,52.40249131244514,20.472826335833872,46.14673258316161,19.066869760348393,32.856229376050564,72.00689283203893,27.028809227922586,42.12462082320555
2021-08-08 22:00:00,22,8,26.0,21.0,23.0,22.0,55.71058057008776,20.472826335833872,54.36711750594417,19.066869760348393,32.74618042201403,72.00689283203893,27.438836421051985,42.12462082320555
2021-08-08 23:00:00,21,8,22.0,25.0,24.0,23.571428571428573,56.288657852401734,20.472826335833872,53.55040497857169,19.066869760348393,32.127941191938895,72.00689283203893,26.665713868324552,42.12462082320555
2021-08-09 00:00:00,21,8,21.0,21.0,23.0,21.857142857142858,52.99531574067688,20.472826335833872,53.160001821550736,19.066869760348393,34.13050912920882,72.00689283203893,23.451104794459106,42.12462082320555
2021-08-09 01:00:00,25,8,21.0,21.0,21.0,22.857142857142858,50.54079103321601,20.472826335833872,47.6466902550777,19.066869760348393,40.60370542669358,72.00689283203893,29.67478098600205,42.12462082320555
2021-08-09 02:00:00,21,8,25.0,21.0,21.0,21.0,53.57646724041023,20.472826335833872,53.05915536663283,19.066869760348393,41.26653460042851,72.00689283203893,29.86080851885712,42.12462082320555
2021-08-09 03:00:00,23,8,21.0,24.0,26.0,23.428571428571427,54.27748423551041,20.472826335833872,53.8971636562034,19.066869760348393,38.21826684038604,72.00689283203893,26.886124648239612,42.12462082320555
2021-08-09 04:00:00,22,8,23.0,21.0,21.0,21.857142857142858,54.87224810216122,20.472826335833872,53.15637385247891,19.066869760348393,40.223891589779775,72.00689283203893,30.567919031507987,42.12462082320555
2021-08-09 05:00:00,25,8,22.0,21.0,21.0,22.0,50.07675173045584,20.472826335833872,47.178987008774236,19.066869760348393,39.44287913613401,72.00689283203893,30.94855975828825,42.12462082320555
2021-08-09 06:00:00,20,8,25.0,23.0,25.0,23.285714285714285,59.62558518452544,20.472826335833872,60.27462969582112,19.066869760348393,40.36182581167063,72.00689283203893,30.672864031034205,42.12462082320555
2021-08-09 07:00:00,112,8,20.0,25.0,24.0,21.857142857142858,74.73064082487967,20.472826335833872,74.40901726718164,19.066869760348393,61.18717296467282,72.00689283203893,73.7003670354874,42.12462082320555
2021-08-09 08:00:00,215,8,112.0,21.0,21.0,22.857142857142858,136.6828163055854,20.472826335833872,137.81809801426107,19.066869760348393,71.1199187184243,72.00689283203893,124.83544480440791,42.12462082320555
2021-08-09 09:00:00,197,8,215.0,21.0,21.0,21.428571428571427,134.7788828005852,20.472826335833872,134.3902662981164,19.066869760348393,69.10645898700471,72.00689283203893,125.07235446209643,42.12462082320555
2021-08-09 10:00:00,201,8,197.0,25.0,25.0,23.285714285714285,153.01641113332118,20.472826335833872,150.3993838733131,19.066869760348393,68.41228861279161,72.00689283203893,112.38236454236154,42.12462082320555
2021-08-09 11:00:00,192,8,201.0,21.0,21.0,22.571428571428573,150.22236393934477,20.472826335833872,156.1631639573506,19.066869760348393,70.38060443750666,72.00689283203893,125.27702603505453,42.12462082320555
2021-08-09 12:00:00,144,8,192.0,21.0,21.0,23.142857142857142,134.12666938344003,20.472826335833872,132.58788317551716,19.066869760348393,65.6823244154613,72.00689283203893,108.52044211422643,42.12462082320555
2021-08-09 13:00:00,200,8,144.0,23.0,23.0,23.0,151.19550452075165,20.472826335833872,159.69061332635505,19.066869760348393,68.79584822904947,72.00689283203893,104.5683223338656,42.12462082320555
2021-08-09 14:00:00,191,8,200.0,25.0,25.0,23.714285714285715,163.7822392212024,20.472826335833872,168.3606002998083,19.066869760348393,69.04616748950377,72.00689283203893,117.84472695559113,42.12462082320555
2021-08-09 15:00:00,183,8,191.0,21.0,21.0,23.0,161.84621349207,20.472826335833872,157.91775205055222,19.066869760348393,69.99397656121614,72.00689283203893,121.8592401402563,42.12462082320555
2021-08-09 16:00:00,191,8,183.0,21.0,21.0,22.428571428571427,157.3070589246959,20.472826335833872,156.5978038874516,19.066869760348393,70.50748150929532,72.00689283203893,122.40823223677374,42.12462082320555
2021-08-09 17:00:00,169,8,191.0,25.0,24.0,23.428571428571427,152.9780986533821,20.472826335833872,154.63118460499837,19.066869760348393,68.50996510422746,72.00689283203893,113.38815692603136,42.12462082320555
2021-08-09 18:00:00,103,8,169.0,24.0,26.0,22.857142857142858,151.9834035376631,20.472826335833872,144.4748971340056,19.066869760348393,69.36157193496506,72.00689283203893,54.34561877133175,42.12462082320555
2021-08-09 19:00:00,95,8,103.0,21.0,21.0,22.571428571428573,131.08520638027977,20.472826335833872,128.68795511802136,19.066869760348393,70.39555453194271,72.00689283203893,57.824987215071786,42.12462082320555
2021-08-09 20:00:00,113,8,95.0,22.0,24.0,22.571428571428573,115.27436952156714,20.472826335833872,117.90562416387058,19.066869760348393,66.85540871478463,72.00689283203893,96.45700986404762,42.12462082320555
2021-08-09 21:00:00,119,8,113.0,26.0,24.0,24.0,113.67616681619849,20.472826335833872,112.34978895423,19.066869760348393,65.29984809904572,72.00689283203893,97.89755807711508,42.12462082320555
2021-08-09 22:00:00,112,8,119.0,22.0,24.0,21.857142857142858,107.08288592579576,20.472826335833872,110.54420008795117,19.066869760348393,63.65453547821078,72.00689283203893,95.46542588547139,42.12462082320555
2021-08-09 23:00:00,108,8,112.0,21.0,21.0,23.142857142857142,105.21235387731619,20.472826335833872,104.03146544705434,19.066869760348393,65.43581780469962,72.00689283203893,99.12202990657514,42.12462082320555
2021-08-10 00:00:00,71,8,108.0,21.0,22.0,21.571428571428573,68.10791853214029,20.472826335833872,63.2024101523224,19.066869760348393,66.06141094950624,72.00689283203893,51.95174701236405,42.12462082320555
2021-08-10 01:00:00,104,8,71.0,25.0,26.0,23.428571428571427,102.96044791268142,20.472826335833872,111.9785923698854,19.066869760348393,76.16639342375657,72.00689283203893,84.55968765582213,42.12462082320555
2021-08-10 02:00:00,97,8,104.0,21.0,21.0,21.0,103.55986841962144,20.472826335833872,104.84151280732557,19.066869760348393,76.17762680500061,72.00689283203893,92.67436754864832,42.12462082320555
2021-08-10 03:00:00,104,8,97.0,23.0,22.0,23.0,115.85428244330056,20.472826335833872,106.6728599031096,19.066869760348393,77.76493211651167,72.00689283203893,86.76615857594291,42.12462082320555
2021-08-10 04:00:00,103,8,104.0,22.0,21.0,22.0,106.58523559971401,20.472826335833872,103.25751627954932,19.066869760348393,76.46315729299158,72.00689283203893,90.93839774645558,42.12462082320555
2021-08-10 05:00:00,99,8,103.0,25.0,24.0,22.571428571428573,101.21120167002461,20.472826335833872,100.68374126917922,19.066869760348393,77.4620339344775,72.00689283203893,78.35391984152419,42.12462082320555
2021-08-10 06:00:00,105,8,99.0,20.0,21.0,22.571428571428573,112.8566023175292,20.472826335833872,110.81713440224681,19.066869760348393,81.95292419460384,72.00689283203893,95.3938898607658,42.12462082320555
2021-08-10 07:00:00,138,8,105.0,112.0,21.0,34.42857142857143,124.95513283320106,20.472826335833872,124.64470443209905,19.066869760348393,106.06642484528201,72.00689283203893,117.70280941772641,42.12462082320555
2021-08-10 08:00:00,195,8,138.0,215.0,25.0,50.57142857142857,177.61957411190906,20.472826335833872,181.81287888269804,19.066869760348393,158.73183088624592,72.00689283203893,166.48123190095393,42.12462082320555
2021-08-10 09:00:00,193,8,195.0,197.0,21.0,46.57142857142857,164.24650272286672,20.472826335833872,173.10970889790664,19.066869760348393,148.46274010936048,72.00689283203893,171.88478323953063,42.12462082320555
2021-08-10 10:00:00,192,8,193.0,201.0,21.0,48.42857142857143,180.33923933980958,20.472826335833872,176.99517715192985,19.066869760348393,152.53681559911632,72.00689283203893,173.3307874346238,42.12462082320555
2021-08-10 11:00:00,191,8,192.0,192.0,24.0,47.0,178.33937864459588,20.472826335833872,186.25810881628004,19.066869760348393,152.4890801149771,72.00689283203893,167.8033209606086,42.12462082320555
2021-08-10 12:00:00,119,8,191.0,144.0,25.0,40.714285714285715,137.84095026617862,20.472826335833872,136.05157330771644,19.066869760348393,120.585826154787,72.00689283203893,57.23954824439178,42.12462082320555
2021-08-10 13:00:00,190,8,119.0,200.0,21.0,48.285714285714285,170.28224958743832,20.472826335833872,169.2963588029075,19.066869760348393,154.16447283711244,72.00689283203893,172.39952842475338,42.12462082320555
2021-08-10 14:00:00,180,8,190.0,191.0,22.0,47.42857142857143,182.88856051940485,20.472826335833872,178.38959670075383,19.066869760348393,155.19816130481,72.00689283203893,167.85760206495945,42.12462082320555
2021-08-10 15:00:00,181,8,180.0,183.0,26.0,46.142857142857146,173.482167106848,20.472826335833872,175.17955859074434,19.066869760348393,153.88308075242298,72.00689283203893,164.2669310201667,42.12462082320555
2021-08-10 16:00:00,182,8,181.0,191.0,24.0,46.714285714285715,181.8875508495695,20.472826335833872,171.01249472668255,19.066869760348393,153.16031011381315,72.00689283203893,161.22492244200672,42.12462082320555
2021-08-10 17:00:00,156,8,182.0,169.0,21.0,44.142857142857146,162.8730419583333,20.472826335833872,156.74519266612484,19.066869760348393,149.1751549581733,72.00689283203893,152.97853758231048,42.12462082320555
2021-08-10 18:00:00,168,8,156.0,103.0,24.0,33.857142857142854,153.4301362786079,20.472826335833872,150.66803761323646,19.066869760348393,112.37938884648003,72.00689283203893,133.00807341196384,42.12462082320555
2021-08-10 19:00:00,163,8,168.0,95.0,25.0,33.142857142857146,144.94695616882836,20.472826335833872,150.40134826187355,19.066869760348393,108.23760961766936,72.00689283203893,128.70995270323652,42.12462082320555
2021-08-10 20:00:00,135,8,163.0,113.0,22.0,35.285714285714285,121.71748466152941,20.472826335833872,114.28781939880923,19.066869760348393,109.60342212532552,72.00689283203893,116.85871057118555,42.12462082320555
2021-08-10 21:00:00,127,8,135.0,119.0,22.0,37.57142857142857,124.26382814950347,20.472826335833872,120.37031120669852,19.066869760348393,107.92737660380682,72.00689283203893,116.3295086392419,42.12462082320555
2021-08-10 22:00:00,114,8,127.0,112.0,21.0,34.42857142857143,114.35107850626403,20.472826335833872,108.35318933736329,19.066869760348393,105.17716044489451,72.00689283203893,88.73005965178528,42.12462082320555
2021-08-10 23:00:00,109,8,114.0,108.0,26.0,35.57142857142857,103.2941745484175,20.472826335833872,98.64061843617232,19.066869760348393,103.36797275528336,72.00689283203893,67.35878695535013,42.12462082320555
2021-08-11 00:00:00,83,8,109.0,71.0,21.0,28.571428571428573,63.81426269980023,20.472826335833872,61.30268452418165,19.066869760348393,41.31848341518168,72.00689283203893,53.70251523291999,42.12462082320555
2021-08-11 01:00:00,108,8,83.0,104.0,21.0,34.57142857142857,111.77989917189511,20.472826335833872,109.4438211372989,19.066869760348393,50.84382501332212,72.00689283203893,82.23655389690327,42.12462082320555
2021-08-11 02:00:00,114,8,108.0,97.0,21.0,31.857142857142858,106.98572706128577,20.472826335833872,105.14187737507828,19.066869760348393,50.66616168915413,72.00689283203893,82.28863817645863,42.12462082320555
2021-08-11 03:00:00,113,8,114.0,104.0,25.0,34.714285714285715,109.46294092478269,20.472826335833872,103.9936143823815,19.066869760348393,50.62812510022721,72.00689283203893,67.14181560642616,42.12462082320555
2021-08-11 04:00:00,116,8,113.0,103.0,21.0,33.714285714285715,103.32046093932122,20.472826335833872,101.52360908443096,19.066869760348393,49.78836870355381,72.00689283203893,82.22207816041747,42.12462082320555
2021-08-11 05:00:00,105,8,116.0,99.0,21.0,33.285714285714285,104.82584017614175,20.472826335833872,102.77876213565715,19.066869760348393,48.4575510632115,72.00689283203893,85.21154585552858,42.12462082320555
2021-08-11 06:00:00,129,8,105.0,105.0,26.0,34.57142857142857,102.38345428503006,20.472826335833872,108.5685599106877,19.066869760348393,49.49257382083265,72.00689283203893,82.80868002266696,42.12462082320555
2021-08-11 07:00:00,150,8,129.0,138.0,21.0,51.142857142857146,118.12279489614886,20.472826335833872,127.57430188674968,19.066869760348393,73.43288740208872,72.00689283203893,111.25956162153064,42.12462082320555
2021-08-11 08:00:00,218,8,150.0,195.0,23.0,74.85714285714286,173.63931091639537,20.472826335833872,180.89858532635768,19.066869760348393,106.71907617369679,72.00689283203893,144.05402989287455,42.12462082320555
2021-08-11 09:00:00,189,8,218.0,193.0,21.0,71.14285714285714,186.08862503560232,20.472826335833872,187.78865722346814,19.066869760348393,108.24682122461567,72.00689283203893,148.46325707154693,42.12462082320555
2021-08-11 10:00:00,192,8,189.0,192.0,25.0,72.85714285714286,187.40492526451723,20.472826335833872,189.2609533581054,19.066869760348393,112.08218144057734,72.00689283203893,136.63687052692202,42.12462082320555
2021-08-11 11:00:00,192,8,192.0,191.0,21.0,70.85714285714286,185.0605094096822,20.472826335833872,184.69903066062332,19.066869760348393,108.73808549542196,72.00689283203893,149.77664471780832,42.12462082320555
2021-08-11 12:00:00,132,8,192.0,119.0,21.0,54.142857142857146,124.08326562776894,20.472826335833872,126.34944478231594,19.066869760348393,61.8422106734368,72.00689283203893,105.77676929465098,42.12462082320555
2021-08-11 13:00:00,205,8,132.0,190.0,25.0,72.42857142857143,202.601713270366,20.472826335833872,199.8704147149412,19.066869760348393,119.07292636629776,72.00689283203893,137.34855203154314,42.12462082320555
2021-08-11 14:00:00,207,8,205.0,180.0,24.0,70.0,178.8239527988289,20.472826335833872,190.3759578602324,19.066869760348393,118.53398063700244,72.00689283203893,144.37097585132187,42.12462082320555
2021-08-11 15:00:00,177,8,207.0,181.0,24.0,68.28571428571429,181.8201978892087,20.472826335833872,186.97769256578798,19.066869760348393,114.54006836623462,72.00689283203893,137.24951462849097,42.12462082320555
2021-08-11 16:00:00,187,8,177.0,182.0,22.0,69.28571428571429,178.31546639721833,20.472826335833872,172.27051030834798,19.066869760348393,115.6693932455805,72.00689283203893,130.11066127274458,42.12462082320555
2021-08-11 17:00:00,177,8,187.0,156.0,26.0,63.42857142857143,156.99595397526627,20.472826335833872,158.45136431193546,19.066869760348393,105.23623700604118,72.00689283203893,121.31657297849262,42.12462082320555
2021-08-11 18:00:00,194,8,177.0,168.0,22.0,54.42857142857143,153.6527235788466,20.472826335833872,149.4512852262097,19.066869760348393,106.04548060383408,72.00689283203893,135.8511761360447,42.12462082320555
2021-08-11 19:00:00,163,8,194.0,163.0,21.0,52.857142857142854,145.9747950509662,20.472826335833872,146.45087521122875,19.066869760348393,101.22497834514083,72.00689283203893,131.1000403912954,42.12462082320555
2021-08-11 20:00:00,128,8,163.0,135.0,21.0,51.42857142857143,117.29485096930892,20.472826335833872,114.38355674454787,19.066869760348393,76.00792260152498,72.00689283203893,89.1194725079807,42.12462082320555
2021-08-11 21:00:00,115,8,128.0,127.0,26.0,52.57142857142857,117.79587018937679,20.472826335833872,113.84927910165149,19.066869760348393,61.613581282823965,72.00689283203893,97.60037866178078,42.12462082320555
2021-08-11 22:00:00,116,8,115.0,114.0,21.0,47.714285714285715,108.73534859759451,20.472826335833872,103.14077519138259,19.066869760348393,56.24925430347403,72.00689283203893,99.81174888926576,42.12462082320555
2021-08-11 23:00:00,109,8,116.0,109.0,22.0,47.42857142857143,109.59341869170076,20.472826335833872,106.12996435187156,19.066869760348393,56.248440066348394,72.00689283203893,91.86710683895251,42.12462082320555
2021-08-12 00:00:00,81,8,109.0,83.0,21.0,37.42857142857143,68.02168678014463,20.472826335833872,63.229168193120785,19.066869760348393,44.82232284862066,72.00689283203893,57.493565983240764,42.12462082320555
2021-08-12 01:00:00,115,8,81.0,108.0,25.0,47.0,107.60483963554934,20.472826335833872,112.54309571599856,19.066869760348393,51.9637185501207,72.00689283203893,73.0394476952537,42.12462082320555
2021-08-12 02:00:00,110,8,115.0,114.0,21.0,45.142857142857146,111.5314936421968,20.472826335833872,106.86477184416741,19.066869760348393,52.19571451591166,72.00689283203893,77.14912657239529,42.12462082320555
2021-08-12 03:00:00,110,8,110.0,113.0,21.0,47.285714285714285,106.29340786378955,20.472826335833872,103.24402948780097,19.066869760348393,52.01689894689307,72.00689283203893,76.47885843894022,42.12462082320555
2021-08-12 04:00:00,114,8,110.0,116.0,25.0,47.285714285714285,103.6790381895292,20.472826335833872,104.7031029754834,19.066869760348393,50.3032321640076,72.00689283203893,74.10052673838698,42.12462082320555
2021-08-12 05:00:00,103,8,114.0,105.0,22.0,45.285714285714285,101.15472962106288,20.472826335833872,95.81172413327506,19.066869760348393,52.53300738133507,72.00689283203893,68.29632179643647,42.12462082320555
2021-08-12 06:00:00,117,8,103.0,129.0,22.0,49.285714285714285,108.04606314411193,20.472826335833872,105.44074078135979,19.066869760348393,54.02954404184468,72.00689283203893,74.94625990309409,42.12462082320555
2021-08-12 07:00:00,149,8,117.0,150.0,20.0,69.57142857142857,133.70868241356925,20.472826335833872,134.48479634722742,19.066869760348393,87.56636565184743,72.00689283203893,102.2162490243554,42.12462082320555
2021-08-12 08:00:00,196,8,149.0,218.0,24.0,102.71428571428571,185.1792759982622,20.472826335833872,182.29057255199518,19.066869760348393,129.30282754149243,72.00689283203893,117.0248291004743,42.12462082320555
2021-08-12 09:00:00,189,8,196.0,189.0,21.0,95.14285714285714,166.10229010367135,20.472826335833872,175.08351458022506,19.066869760348393,109.48000633441156,72.00689283203893,110.12803979669131,42.12462082320555
2021-08-12 10:00:00,186,8,189.0,192.0,21.0,96.71428571428571,176.03585610290392,20.472826335833872,182.84839881678806,19.066869760348393,110.60667831138637,72.00689283203893,110.67623156412773,42.12462082320555
2021-08-12 11:00:00,199,8,186.0,192.0,25.0,95.28571428571429,184.107335962572,20.472826335833872,189.9483838420967,19.066869760348393,112.9006784779438,72.00689283203893,105.81439333518246,42.12462082320555
2021-08-12 12:00:00,133,8,199.0,132.0,24.0,70.0,123.99968037135925,20.472826335833872,125.42194770627715,19.066869760348393,80.37167258327685,72.00689283203893,83.02675401271057,42.12462082320555
2021-08-12 13:00:00,191,8,133.0,205.0,24.0,98.14285714285714,188.08097704570451,20.472826335833872,194.40763789815725,19.066869760348393,119.35402990502442,72.00689283203893,108.36013768141663,42.12462082320555
2021-08-12 14:00:00,193,8,191.0,207.0,22.0,96.14285714285714,164.4347036995028,20.472826335833872,171.55822800187227,19.066869760348393,114.72320042294248,72.00689283203893,111.12856619324843,42.12462082320555
2021-08-12 15:00:00,197,8,193.0,177.0,25.0,90.14285714285714,185.68266391988638,20.472826335833872,188.3772437500745,19.066869760348393,111.82896847551041,72.00689283203893,101.58538273041991,42.12462082320555
2021-08-12 16:00:00,176,8,197.0,187.0,22.0,92.85714285714286,185.12437116626896,20.472826335833872,182.95999638919034,19.066869760348393,107.20938320212827,72.00689283203893,92.89681053659724,42.12462082320555
2021-08-12 17:00:00,160,8,176.0,177.0,22.0,85.0,149.55434144688527,20.472826335833872,150.8386448728741,19.066869760348393,108.73283428347285,72.00689283203893,97.9725445105154,42.12462082320555
2021-08-12 18:00:00,177,8,160.0,194.0,21.0,79.0,163.12194863345306,20.472826335833872,156.53211930580952,19.066869760348393,114.37741078466956,72.00689283203893,104.08146168454266,42.12462082320555
2021-08-12 19:00:00,182,8,177.0,163.0,25.0,73.14285714285714,160.25506641869242,20.472826335833872,161.33771201416442,19.066869760348393,114.51685009899425,72.00689283203893,96.75883580031912,42.12462082320555
2021-08-12 20:00:00,127,8,182.0,128.0,22.0,66.71428571428571,133.90153791359398,20.472826335833872,127.09999284762368,19.066869760348393,74.60364811999472,72.00689283203893,83.68577430338482,42.12462082320555
2021-08-12 21:00:00,114,8,127.0,115.0,22.0,65.28571428571429,124.90006198351583,20.472826335833872,122.53250729469997,19.066869760348393,73.49576355311267,72.00689283203893,69.7409054484463,42.12462082320555
2021-08-12 22:00:00,122,8,114.0,116.0,23.0,61.285714285714285,107.22980371188976,20.472826335833872,104.18483010258639,19.066869760348393,69.69142269482316,72.00689283203893,69.19102980376228,42.12462082320555
2021-08-12 23:00:00,118,8,122.0,109.0,26.0,59.857142857142854,108.59121121399856,20.472826335833872,115.4920799280435,19.066869760348393,67.17135019200312,72.00689283203893,80.89237313940063,42.12462082320555
2021-08-13 00:00:00,79,8,118.0,81.0,21.0,46.0,57.97482261218531,20.472826335833872,67.41905713104931,19.066869760348393,39.18805571332723,72.00689283203893,67.2222132685268,42.12462082320555
2021-08-13 01:00:00,105,8,79.0,115.0,21.0,59.857142857142854,103.63389406109674,20.472826335833872,109.91157914830386,19.066869760348393,51.32196792686545,72.00689283203893,76.52598348370495,42.12462082320555
2021-08-13 02:00:00,117,8,105.0,110.0,21.0,57.857142857142854,102.69977495207495,20.472826335833872,104.98553950361446,19.066869760348393,51.623835386417305,72.00689283203893,79.80376709612167,42.12462082320555
2021-08-13 03:00:00,120,8,117.0,110.0,25.0,60.0,111.39358462363667,20.472826335833872,111.60306401113452,19.066869760348393,52.982117119364005,72.00689283203893,76.84414598330395,42.12462082320555
2021-08-13 04:00:00,116,8,120.0,114.0,23.0,60.0,110.11601322615287,20.472826335833872,109.56281544380313,19.066869760348393,51.256465948074066,72.00689283203893,75.94624929407782,42.12462082320555
2021-08-13 05:00:00,108,8,116.0,103.0,21.0,56.857142857142854,107.61833721624649,20.472826335833872,106.225061457245,19.066869760348393,51.02834429671129,72.00689283203893,64.44078387542478,42.12462082320555
2021-08-13 06:00:00,116,8,108.0,117.0,25.0,62.857142857142854,112.96796628909601,20.472826335833872,114.52806787358791,19.066869760348393,55.36307557091307,72.00689283203893,76.76607396462165,42.12462082320555
2021-08-13 07:00:00,166,8,116.0,149.0,21.0,88.0,135.52208691607942,20.472826335833872,133.40627238166553,19.066869760348393,55.88036395896876,72.00689283203893,89.06998571200891,42.12462082320555
2021-08-13 08:00:00,207,8,166.0,196.0,21.0,127.28571428571429,173.6389329999147,20.472826335833872,170.15403318964388,19.066869760348393,73.29941855562495,72.00689283203893,114.27430773653619,42.12462082320555
2021-08-13 09:00:00,191,8,207.0,189.0,21.0,119.14285714285714,188.02518356511274,20.472826335833872,188.60936845376114,19.066869760348393,78.72172475868052,72.00689283203893,112.94147336066716,42.12462082320555
2021-08-13 10:00:00,201,8,191.0,186.0,25.0,120.28571428571429,184.15858897418937,20.472826335833872,182.26385595591825,19.066869760348393,78.4063271350068,72.00689283203893,107.85335532743953,42.12462082320555
2021-08-13 11:00:00,204,8,201.0,199.0,25.0,120.14285714285714,190.40702589348606,20.472826335833872,184.62315809625824,19.066869760348393,84.0590323213419,72.00689283203893,114.17171726319701,42.12462082320555
2021-08-13 12:00:00,134,8,204.0,133.0,24.0,85.57142857142857,121.96854462065558,20.472826335833872,120.434907418537,19.066869760348393,56.57122071374064,72.00689283203893,70.20939858433576,42.12462082320555
2021-08-13 13:00:00,195,8,134.0,191.0,24.0,122.0,205.3636387262635,20.472826335833872,191.4956506982786,19.066869760348393,79.39832696709617,72.00689283203893,105.9386575599915,42.12462082320555
2021-08-13 14:00:00,200,8,195.0,193.0,27.0,120.57142857142857,195.6063595364387,20.472826335833872,191.39203596114712,19.066869760348393,81.88205392711815,72.00689283203893,105.57428094181903,42.12462082320555
2021-08-13 15:00:00,195,8,200.0,197.0,22.0,114.71428571428571,182.63870874342433,20.472826335833872,177.10750527285742,19.066869760348393,84.37632028310011,72.00689283203893,103.32530870159134,42.12462082320555
2021-08-13 16:00:00,186,8,195.0,176.0,22.0,114.85714285714286,174.4801521234115,20.472826335833872,173.56547746155783,19.066869760348393,84.29450744365256,72.00689283203893,103.09833688328273,42.12462082320555
2021-08-13 17:00:00,176,8,186.0,160.0,25.0,104.71428571428571,166.18024990926648,20.472826335833872,162.985808688569,19.066869760348393,75.16190837990013,72.00689283203893,92.95878767107321,42.12462082320555
2021-08-13 18:00:00,177,8,176.0,177.0,22.0,101.28571428571429,178.09989659317785,20.472826335833872,170.64345341159893,19.066869760348393,81.01325705045572,72.00689283203893,95.12260202473955,42.12462082320555
2021-08-13 19:00:00,168,8,177.0,182.0,21.0,95.57142857142857,163.5903769104933,20.472826335833872,159.79233554152006,19.066869760348393,75.63606681240465,72.00689283203893,86.43853425273987,42.12462082320555
2021-08-13 20:00:00,125,8,168.0,127.0,21.0,81.71428571428571,122.14275479266014,20.472826335833872,126.30271963813998,19.066869760348393,50.02739581034084,72.00689283203893,59.11334939050369,42.12462082320555
2021-08-13 21:00:00,119,8,125.0,114.0,26.0,78.42857142857143,123.77010128686031,20.472826335833872,127.31176998773431,19.066869760348393,55.58423449990998,72.00689283203893,70.50838513241771,42.12462082320555
2021-08-13 22:00:00,118,8,119.0,122.0,21.0,75.42857142857143,112.01456453550676,20.472826335833872,111.57625050480067,19.066869760348393,50.073207741853366,72.00689283203893,72.78379925319445,42.12462082320555
2021-08-13 23:00:00,116,8,118.0,118.0,21.0,73.0,111.46393290350625,20.472826335833872,115.86114562279919,19.066869760348393,54.03886070422555,72.00689283203893,77.11040736319913,42.12462082320555
2021-08-14 00:00:00,67,8,116.0,79.0,24.0,54.285714285714285,63.156335403361894,20.472826335833872,64.74130280043424,19.066869760348393,38.46569865276447,72.00689283203893,44.842810466450835,42.12462082320555
2021-08-14 01:00:00,106,8,67.0,105.0,25.0,71.85714285714286,95.59377712497833,20.472826335833872,102.48541051901972,19.066869760348393,45.430769426475614,72.00689283203893,72.74835235487006,42.12462082320555
2021-08-14 02:00:00,108,8,106.0,117.0,21.0,71.57142857142857,101.32825660304916,20.472826335833872,103.41524486539363,19.066869760348393,40.32894730395896,72.00689283203893,76.44941410210446,42.12462082320555
2021-08-14 03:00:00,98,8,108.0,120.0,21.0,73.57142857142857,99.47726248575778,20.472826335833872,98.66796772063275,19.066869760348393,37.937417486459374,72.00689283203893,70.1804296891653,42.12462082320555
2021-08-14 04:00:00,100,8,98.0,116.0,21.0,73.28571428571429,91.28395248452311,20.472826335833872,90.23973845854437,19.066869760348393,40.5475979408491,72.00689283203893,74.0956249713914,42.12462082320555
2021-08-14 05:00:00,91,8,100.0,108.0,24.0,69.28571428571429,91.78069283885311,20.472826335833872,90.84400899078777,19.066869760348393,44.05081969072235,72.00689283203893,72.24356562913682,42.12462082320555
2021-08-14 06:00:00,91,8,91.0,116.0,21.0,75.85714285714286,93.76985377889734,20.472826335833872,95.22427272329155,19.066869760348393,38.6911039722533,72.00689283203893,72.95034420217858,42.12462082320555
2021-08-14 07:00:00,75,8,91.0,166.0,21.0,108.71428571428571,85.62760647246134,20.472826335833872,85.8717284665572,19.066869760348393,51.02730372879455,72.00689283203893,68.76126084678948,42.12462082320555
2021-08-14 08:00:00,26,8,75.0,207.0,25.0,153.85714285714286,32.48622203977399,20.472826335833872,26.495359927507643,19.066869760348393,37.43938719190753,72.00689283203893,38.24288671907951,42.12462082320555
2021-08-14 09:00:00,23,8,26.0,191.0,24.0,143.42857142857142,25.539979216837878,20.472826335833872,21.94749836649074,19.066869760348393,30.577324305322385,72.00689283203893,32.03649324393882,42.12462082320555
2021-08-14 10:00:00,21,8,23.0,201.0,21.0,145.42857142857142,28.083741484952,20.472826335833872,24.993297842167287,19.066869760348393,31.74569494493346,72.00689283203893,31.038475005491247,42.12462082320555
2021-08-14 11:00:00,26,8,21.0,204.0,21.0,145.71428571428572,25.630562982722335,20.472826335833872,24.567406356284856,19.066869760348393,31.11280239895486,72.00689283203893,30.078487735492804,42.12462082320555
2021-08-14 12:00:00,23,8,26.0,134.0,26.0,101.28571428571429,23.871922869984488,20.472826335833872,23.986071866822375,19.066869760348393,22.088054012909076,72.00689283203893,30.171091778755013,42.12462082320555
2021-08-14 13:00:00,21,8,23.0,195.0,21.0,146.42857142857142,17.514994905382725,20.472826335833872,17.137629771257416,19.066869760348393,30.27665938456217,72.00689283203893,30.48183108274152,42.12462082320555
2021-08-14 14:00:00,22,8,21.0,200.0,21.0,145.28571428571428,25.616437015551305,20.472826335833872,26.387846640503653,19.066869760348393,33.20275364037059,72.00689283203893,31.126338221292706,42.12462082320555
2021-08-14 15:00:00,26,8,22.0,195.0,22.0,139.42857142857142,21.52166323279964,20.472826335833872,21.70333034628303,19.066869760348393,31.12397424223947,72.00689283203893,30.78634048773231,42.12462082320555
2021-08-14 16:00:00,22,8,26.0,186.0,25.0,138.28571428571428,24.0565695508409,20.472826335833872,23.553200545175205,19.066869760348393,32.30997223551163,72.00689283203893,30.50374051381681,42.12462082320555
2021-08-14 17:00:00,22,8,22.0,176.0,21.0,126.28571428571429,22.053349768318263,20.472826335833872,22.052958403814635,19.066869760348393,34.42568438190668,72.00689283203893,32.634245045834284,42.12462082320555
2021-08-14 18:00:00,24,8,22.0,177.0,21.0,123.42857142857143,24.826839579667052,20.472826335833872,25.532945158489266,19.066869760348393,37.92996602809244,72.00689283203893,32.83939291125839,42.12462082320555
2021-08-14 19:00:00,26,8,24.0,168.0,24.0,116.57142857142857,24.830490915603658,20.472826335833872,24.045167247924827,19.066869760348393,45.06430968990195,72.00689283203893,37.40220144967184,42.12462082320555
2021-08-14 20:00:00,22,8,26.0,125.0,26.0,96.57142857142857,21.85884342909309,20.472826335833872,21.56611113688496,19.066869760348393,20.874361356988516,72.00689283203893,28.4119198662011,42.12462082320555
2021-08-14 21:00:00,23,8,22.0,119.0,22.0,91.71428571428571,23.5000220068669,20.472826335833872,23.200688116369445,19.066869760348393,23.851768222348316,72.00689283203893,28.954686806630793,42.12462082320555
2021-08-14 22:00:00,25,8,23.0,118.0,21.0,89.28571428571429,24.046833419011516,20.472826335833872,24.49105763686891,19.066869760348393,23.73836134475609,72.00689283203893,28.536084029559053,42.12462082320555
2021-08-14 23:00:00,22,8,25.0,116.0,25.0,86.57142857142857,22.62790317212184,20.472826335833872,21.64112333063809,19.066869760348393,28.998733008341095,72.00689283203893,29.502175224643583,42.12462082320555
2021-08-15 00:00:00,22,8,22.0,67.0,21.0,60.42857142857143,22.904631932740344,20.472826335833872,23.95192111147935,19.066869760348393,21.708213291163403,72.00689283203893,22.88801197970053,42.12462082320555
2021-08-15 01:00:00,28,8,22.0,106.0,21.0,83.42857142857143,24.178892125612006,20.472826335833872,24.388320641132868,19.066869760348393,23.643659392545473,72.00689283203893,23.860558199269295,42.12462082320555
2021-08-15 02:00:00,24,8,28.0,108.0,21.0,84.0,22.733802379485873,20.472826335833872,22.574757366725922,19.066869760348393,23.268591732674196,72.00689283203893,23.865628764131653,42.12462082320555
2021-08-15 03:00:00,22,8,24.0,98.0,24.0,84.57142857142857,21.903822602601178,20.472826335833872,22.079074788632937,19.066869760348393,23.977270987837326,72.00689283203893,23.0880071150952,42.12462082320555
2021-08-15 04:00:00,22,8,22.0,100.0,21.0,84.57142857142857,23.15683416566455,20.472826335833872,23.11082064660753,19.066869760348393,24.396929995422592,72.00689283203893,24.00347495981134,42.12462082320555
2021-08-15 05:00:00,25,8,22.0,91.0,21.0,78.85714285714286,26.330804661696213,20.472826335833872,26.58540018411226,19.066869760348393,22.12714196621973,72.00689283203893,23.71478713568045,42.12462082320555
2021-08-15 06:00:00,22,8,25.0,91.0,23.0,85.85714285714286,22.91705254340885,20.472826335833872,22.20813649026707,19.066869760348393,25.93282762428781,72.00689283203893,23.277139060509572,42.12462082320555
2021-08-15 07:00:00,21,8,22.0,75.0,25.0,116.42857142857143,26.825220041352885,20.472826335833872,28.10294056299166,19.066869760348393,22.992480886142424,72.00689283203893,27.519638635826766,42.12462082320555
2021-08-15 08:00:00,26,8,21.0,26.0,21.0,154.0,28.56520353981943,20.472826335833872,27.611235635807727,19.066869760348393,25.076081184715417,72.00689283203893,24.52205091282329,42.12462082320555
2021-08-15 09:00:00,24,8,26.0,23.0,21.0,143.28571428571428,21.26301229798803,20.472826335833872,22.087069649254097,19.066869760348393,23.374690684095047,72.00689283203893,22.945555523064225,42.12462082320555
2021-08-15 10:00:00,21,8,24.0,21.0,25.0,145.42857142857142,22.29995788502637,20.472826335833872,22.266896385986357,19.066869760348393,21.131850899663718,72.00689283203893,23.18829295130124,42.12462082320555
2021-08-15 11:00:00,22,8,21.0,26.0,21.0,146.42857142857142,26.42105524418127,20.472826335833872,25.499380100091123,19.066869760348393,23.76347063698957,72.00689283203893,22.81610361806005,42.12462082320555
2021-08-15 12:00:00,26,8,22.0,23.0,21.0,100.85714285714286,26.33518552375591,20.472826335833872,24.82936084249731,19.066869760348393,23.326708492222842,72.00689283203893,23.776239652359255,42.12462082320555
2021-08-15 13:00:00,22,8,26.0,21.0,23.0,146.42857142857142,21.730435670403633,20.472826335833872,22.207588614377336,19.066869760348393,21.93379038453894,72.00689283203893,22.749836791945448,42.12462082320555
2021-08-15 14:00:00,22,8,22.0,22.0,25.0,145.42857142857142,23.113705386902982,20.472826335833872,22.635510091361798,19.066869760348393,21.944100650480284,72.00689283203893,23.27477065636765,42.12462082320555
2021-08-15 15:00:00,21,8,22.0,26.0,21.0,140.0,25.780757911070587,20.472826335833872,24.87769864874233,19.066869760348393,23.384956133259912,72.00689283203893,21.499017531431914,42.12462082320555
2021-08-15 16:00:00,25,8,21.0,22.0,21.0,137.85714285714286,23.88986872867622,20.472826335833872,23.11314071117099,19.066869760348393,23.798333661881813,72.00689283203893,22.215033116603387,42.12462082320555
2021-08-15 17:00:00,22,8,25.0,22.0,25.0,126.42857142857143,22.192366546747735,20.472826335833872,20.823165298873842,19.066869760348393,21.08913106663525,72.00689283203893,22.81376019688559,42.12462082320555
2021-08-15 18:00:00,21,8,22.0,24.0,24.0,123.85714285714286,26.749682574937342,20.472826335833872,25.60314459278404,19.066869760348393,20.637142695137857,72.00689283203893,22.31708896874103,42.12462082320555
2021-08-15 19:00:00,25,8,21.0,26.0,21.0,116.85714285714286,24.708353099263814,20.472826335833872,23.895475391310477,19.066869760348393,22.3797826409535,72.00689283203893,22.47609408103164,42.12462082320555
2021-08-15 20:00:00,22,8,25.0,22.0,22.0,96.0,22.318727331120005,20.472826335833872,20.784530207287144,19.066869760348393,23.907980885648556,72.00689283203893,23.83551781472088,42.12462082320555
2021-08-15 21:00:00,22,8,22.0,23.0,26.0,91.85714285714286,23.259723217421797,20.472826335833872,22.540885021255207,19.066869760348393,22.626908835857886,72.00689283203893,23.690732265887462,42.12462082320555
2021-08-15 22:00:00,24,8,22.0,25.0,22.0,89.85714285714286,25.296131022932663,20.472826335833872,25.248016406932866,19.066869760348393,21.700025622676105,72.00689283203893,23.56733247677559,42.12462082320555
2021-08-15 23:00:00,25,8,24.0,22.0,21.0,86.14285714285714,23.671239485369938,20.472826335833872,23.361857090872686,19.066869760348393,21.660085264943515,72.00689283203893,23.977656808757985,42.12462082320555
2021-08-16 00:00:00,22,8,25.0,22.0,21.0,60.57142857142857,25.287656578630113,20.472826335833872,24.08248548424473,19.066869760348393,22.334251612547387,72.00689283203893,27.04631607787167,42.12462082320555
2021-08-16 01:00:00,23,8,22.0,28.0,25.0,84.42857142857143,22.881832061248282,20.472826335833872,21.910725873580912,19.066869760348393,22.971496586083582,72.00689283203893,24.17321324727351,42.12462082320555
2021-08-16 02:00:00,26,8,23.0,24.0,21.0,84.42857142857143,25.70464794194747,20.472826335833872,24.153044132016085,19.066869760348393,22.185215419385212,72.00689283203893,24.271890584254848,42.12462082320555
2021-08-16 03:00:00,21,8,26.0,22.0,23.0,84.28571428571429,22.235817485384697,20.472826335833872,21.610743269478224,19.066869760348393,22.416224643312688,72.00689283203893,23.410505796475253,42.12462082320555
2021-08-16 04:00:00,22,8,21.0,22.0,22.0,84.71428571428571,21.60698843885638,20.472826335833872,20.411123217439773,19.066869760348393,22.49633927012602,72.00689283203893,23.35421994558872,42.12462082320555
2021-08-16 05:00:00,22,8,22.0,25.0,25.0,79.42857142857143,29.185879835482222,20.472826335833872,29.077053071490294,19.066869760348393,21.959026871937674,72.00689283203893,24.868821610919408,42.12462082320555
2021-08-16 06:00:00,26,8,22.0,22.0,20.0,85.71428571428571,29.66609733569198,20.472826335833872,32.641677837476536,19.066869760348393,26.018190464469527,72.00689283203893,25.825501021798736,42.12462082320555
2021-08-16 07:00:00,122,8,26.0,21.0,112.0,115.85714285714286,93.70281459239196,20.472826335833872,91.3083569450475,19.066869760348393,116.2961213714315,72.00689283203893,126.92396852691063,42.12462082320555
2021-08-16 08:00:00,183,8,122.0,26.0,215.0,154.71428571428572,211.62790455998086,20.472826335833872,210.66757862993165,19.066869760348393,202.44507605879105,72.00689283203893,193.5786635340323,42.12462082320555
2021-08-16 09:00:00,190,8,183.0,24.0,197.0,143.71428571428572,175.94731826015075,20.472826335833872,176.98434509430294,19.066869760348393,192.50632211903513,72.00689283203893,194.05746526079193,42.12462082320555
2021-08-16 10:00:00,157,8,190.0,21.0,201.0,144.85714285714286,188.63050805940887,20.472826335833872,184.79607958116452,19.066869760348393,194.9703880276644,72.00689283203893,182.4867820791656,42.12462082320555
2021-08-16 11:00:00,157,8,157.0,22.0,192.0,146.57142857142858,184.86294168162524,20.472826335833872,187.57855467214642,19.066869760348393,199.32713181268443,72.00689283203893,190.44172364014,42.12462082320555
2021-08-16 12:00:00,107,8,157.0,26.0,144.0,101.57142857142857,167.35930805404624,20.472826335833872,165.3867518532128,19.066869760348393,156.86556108359525,72.00689283203893,112.35912934587473,42.12462082320555
2021-08-16 13:00:00,157,8,107.0,22.0,200.0,146.28571428571428,163.68254029751625,20.472826335833872,163.09280589651166,19.066869760348393,194.2972039219662,72.00689283203893,190.37903346290256,42.12462082320555
2021-08-16 14:00:00,153,8,157.0,22.0,191.0,145.0,171.37176341737737,20.472826335833872,166.9702567694319,19.066869760348393,192.7596527576654,72.00689283203893,181.27784018203272,42.12462082320555
2021-08-16 15:00:00,146,8,153.0,21.0,183.0,140.0,164.0317914600544,20.472826335833872,163.0339824697381,19.066869760348393,184.70623745575458,72.00689283203893,178.74046934619614,42.12462082320555
2021-08-16 16:00:00,125,8,146.0,25.0,191.0,138.42857142857142,146.17824043612922,20.472826335833872,147.0996411077914,19.066869760348393,183.10642115209896,72.00689283203893,169.18694969513012,42.12462082320555
2021-08-16 17:00:00,105,8,125.0,22.0,169.0,126.0,133.5787850113638,20.472826335833872,134.5150569206487,19.066869760348393,171.34985579053148,72.00689283203893,107.09856506270738,42.12462082320555
2021-08-16 18:00:00,94,8,105.0,21.0,103.0,123.42857142857143,117.41958398095208,20.472826335833872,115.2010734503666,19.066869760348393,133.74211373821637,72.00689283203893,124.72351513364903,42.12462082320555
2021-08-16 19:00:00,95,8,94.0,25.0,95.0,117.42857142857143,118.68260346275997,20.472826335833872,117.81140104435168,19.066869760348393,113.6350186848905,72.00689283203893,119.75981103758696,42.12462082320555
2021-08-16 20:00:00,102,8,95.0,22.0,113.0,96.0,101.22389423610869,20.472826335833872,100.94395830295488,19.066869760348393,123.0405863346293,72.00689283203893,121.46341209632624,42.12462082320555
2021-08-16 21:00:00,116,8,102.0,22.0,119.0,91.28571428571429,107.37194920199195,20.472826335833872,103.50329683714288,19.066869760348393,126.77699293318148,72.00689283203893,123.37893812297551,42.12462082320555
2021-08-16 22:00:00,102,8,116.0,24.0,112.0,90.14285714285714,111.06173846901225,20.472826335833872,111.64186730426881,19.066869760348393,120.48737128058153,72.00689283203893,117.12395383691893,42.12462082320555
2021-08-16 23:00:00,102,8,102.0,25.0,108.0,86.71428571428571,104.73970463462358,20.472826335833872,104.83216903104297,19.066869760348393,120.30552469197309,72.00689283203893,119.0156220578484,42.12462082320555
2021-08-17 00:00:00,71,8,102.0,22.0,71.0,60.714285714285715,58.21787864767624,20.472826335833872,61.1519289262344,19.066869760348393,66.98514574638043,72.00689283203893,65.79500519961401,42.12462082320555
2021-08-17 01:00:00,100,8,71.0,23.0,104.0,84.14285714285714,104.3012551888443,20.472826335833872,104.07890418811994,19.066869760348393,104.2734657702372,72.00689283203893,105.40593367581711,42.12462082320555
2021-08-17 02:00:00,101,8,100.0,26.0,97.0,85.14285714285714,103.11297837330642,20.472826335833872,101.88905260446369,19.066869760348393,94.0134815971016,72.00689283203893,98.71313622128523,42.12462082320555
2021-08-17 03:00:00,99,8,101.0,21.0,104.0,84.0,100.38415857974643,20.472826335833872,102.99475660927507,19.066869760348393,101.95449883346974,72.00689283203893,107.3503547772467,42.12462082320555
2021-08-17 04:00:00,98,8,99.0,22.0,103.0,84.71428571428571,102.91272164775744,20.472826335833872,101.77920759017361,19.066869760348393,105.32302435492907,72.00689283203893,106.38854304567401,42.12462082320555
2021-08-17 05:00:00,103,8,98.0,22.0,99.0,79.0,104.7069792294627,20.472826335833872,98.30635699406064,19.066869760348393,92.69049784237667,72.00689283203893,84.06253164776197,42.12462082320555
2021-08-17 06:00:00,96,8,103.0,26.0,105.0,86.57142857142857,111.83119990973019,20.472826335833872,107.71244639674853,19.066869760348393,107.96767686459324,72.00689283203893,109.00708807759189,42.12462082320555
2021-08-17 07:00:00,146,8,96.0,122.0,138.0,117.28571428571429,133.56450082713542,20.472826335833872,126.93262375412,19.066869760348393,138.13861436483208,72.00689283203893,146.5658753076983,42.12462082320555
2021-08-17 08:00:00,171,8,146.0,183.0,195.0,150.14285714285714,173.81423397346617,20.472826335833872,176.9472528346027,19.066869760348393,190.32514112270056,72.00689283203893,186.81738078534033,42.12462082320555
2021-08-17 09:00:00,170,8,171.0,190.0,193.0,142.71428571428572,167.78273379822727,20.472826335833872,170.59634364376416,19.066869760348393,178.56228375141137,72.00689283203893,182.7367657699023,42.12462082320555
2021-08-17 10:00:00,165,8,170.0,157.0,192.0,138.57142857142858,169.32071081751278,20.472826335833872,171.71242957508449,19.066869760348393,176.7046319420491,72.00689283203893,182.477871955933,42.12462082320555
2021-08-17 11:00:00,173,8,165.0,157.0,191.0,141.57142857142858,170.55957850931512,20.472826335833872,169.98114241659133,19.066869760348393,181.2109096102245,72.00689283203893,183.43675943993068,42.12462082320555
2021-08-17 12:00:00,134,8,173.0,107.0,119.0,96.28571428571429,127.48893492996974,20.472826335833872,126.75058117516176,19.066869760348393,128.18603733659103,72.00689283203893,112.4034184049803,42.12462082320555
2021-08-17 13:00:00,164,8,134.0,157.0,190.0,140.14285714285714,166.41761326003382,20.472826335833872,164.39041447522465,19.066869760348393,176.3512237434815,72.00689283203893,174.47109695836525,42.12462082320555
2021-08-17 14:00:00,164,8,164.0,153.0,180.0,139.57142857142858,166.1859150698099,20.472826335833872,165.4843637851506,19.066869760348393,175.29139763077816,72.00689283203893,178.96910369200654,42.12462082320555
2021-08-17 15:00:00,168,8,164.0,146.0,181.0,134.71428571428572,159.54454770091846,20.472826335833872,157.00101104494667,19.066869760348393,172.65743532496535,72.00689283203893,159.46637313569343,42.12462082320555
2021-08-17 16:00:00,158,8,168.0,125.0,182.0,129.0,160.82692917347038,20.472826335833872,161.40224427353442,19.066869760348393,171.11113445973683,72.00689283203893,175.6321476201427,42.12462082320555
2021-08-17 17:00:00,135,8,158.0,105.0,156.0,116.85714285714286,156.7951832817397,20.472826335833872,154.32634398358786,19.066869760348393,165.07341442845365,72.00689283203893,157.51115077572078,42.12462082320555
2021-08-17 18:00:00,158,8,135.0,94.0,168.0,122.14285714285714,144.62292241840004,20.472826335833872,144.48375903900921,19.066869760348393,166.87497311168852,72.00689283203893,164.5001870728518,42.12462082320555
2021-08-17 19:00:00,143,8,158.0,95.0,163.0,117.42857142857143,150.9895250198625,20.472826335833872,152.32883131594335,19.066869760348393,163.76566377480623,72.00689283203893,161.16030246069334,42.12462082320555
2021-08-17 20:00:00,128,8,143.0,102.0,135.0,94.42857142857143,127.4511086603533,20.472826335833872,123.55054379777953,19.066869760348393,135.4038109779679,72.00689283203893,131.78259544462009,42.12462082320555
2021-08-17 21:00:00,121,8,128.0,116.0,127.0,90.85714285714286,124.15866974190865,20.472826335833872,122.0772570476018,19.066869760348393,132.58883705376482,72.00689283203893,126.39338826758005,42.12462082320555
2021-08-17 22:00:00,118,8,121.0,102.0,114.0,88.71428571428571,118.81909307259949,20.472826335833872,117.59076551364689,19.066869760348393,123.17760881163522,72.00689283203893,117.67139732343753,42.12462082320555
2021-08-17 23:00:00,118,8,118.0,102.0,109.0,85.85714285714286,115.20029083454838,20.472826335833872,114.6258620786746,19.066869760348393,122.79673923971498,72.00689283203893,116.9424438783114,42.12462082320555
2021-08-18 00:00:00,66,8,118.0,71.0,83.0,60.714285714285715,69.05176500461383,20.472826335833872,67.72436162238952,19.066869760348393,84.91014081330228,72.00689283203893,70.47759420970662,42.12462082320555
2021-08-18 01:00:00,105,8,66.0,100.0,108.0,83.57142857142857,109.33127436637291,20.472826335833872,110.120333229372,19.066869760348393,105.7563479776559,72.00689283203893,110.18528362241918,42.12462082320555
2021-08-18 02:00:00,105,8,105.0,101.0,114.0,85.71428571428571,112.178750962698,20.472826335833872,111.95833859192948,19.066869760348393,107.19518680850435,72.00689283203893,113.60248246610463,42.12462082320555
2021-08-18 03:00:00,101,8,105.0,99.0,113.0,83.28571428571429,108.9424193441644,20.472826335833872,107.28477278561407,19.066869760348393,104.36942456585918,72.00689283203893,108.3529512231595,42.12462082320555
2021-08-18 04:00:00,99,8,101.0,98.0,116.0,84.0,105.0391046787458,20.472826335833872,103.75412463897011,19.066869760348393,104.70032420045221,72.00689283203893,110.4290923335734,42.12462082320555
2021-08-18 05:00:00,98,8,99.0,103.0,105.0,79.57142857142857,103.56614692224342,20.472826335833872,100.21148491398868,19.066869760348393,102.7137145127127,72.00689283203893,109.59393720968357,42.12462082320555
2021-08-18 06:00:00,107,8,98.0,96.0,129.0,85.28571428571429,107.77180710068431,20.472826335833872,105.69305124674278,19.066869760348393,109.97535280596662,72.00689283203893,120.10403538960615,42.12462082320555
2021-08-18 07:00:00,146,8,107.0,146.0,150.0,118.42857142857143,131.02314053256723,20.472826335833872,132.4002901649179,19.066869760348393,148.411188853818,72.00689283203893,152.74993100425502,42.12462082320555
2021-08-18 08:00:00,174,8,146.0,171.0,218.0,146.71428571428572,180.71973553075088,20.472826335833872,184.65547289410836,19.066869760348393,182.81799847724596,72.00689283203893,178.68142470938926,42.12462082320555
2021-08-18 09:00:00,172,8,174.0,170.0,189.0,139.42857142857142,169.40645790777083,20.472826335833872,167.06663102672192,19.066869760348393,173.16899205283428,72.00689283203893,178.97322268968753,42.12462082320555
2021-08-18 10:00:00,176,8,172.0,165.0,192.0,134.71428571428572,171.10676162392764,20.472826335833872,170.63884106120523,19.066869760348393,175.68487343049918,72.00689283203893,181.89616706817648,42.12462082320555
2021-08-18 11:00:00,183,8,176.0,173.0,192.0,139.0,175.64537780701795,20.472826335833872,174.42035465534082,19.066869760348393,174.9589643330379,72.00689283203893,180.41853825808766,42.12462082320555
2021-08-18 12:00:00,120,8,183.0,134.0,132.0,98.42857142857143,131.88991491586395,20.472826335833872,130.23549563408486,19.066869760348393,132.73646338308626,72.00689283203893,127.55416208418275,42.12462082320555
2021-08-18 13:00:00,177,8,120.0,164.0,205.0,136.42857142857142,175.45818751629218,20.472826335833872,181.47879927614073,19.066869760348393,174.4449167135399,72.00689283203893,180.87221359167611,42.12462082320555
2021-08-18 14:00:00,185,8,177.0,164.0,207.0,137.28571428571428,177.97746486852938,20.472826335833872,182.76512714673922,19.066869760348393,176.40296461610546,72.00689283203893,183.9039892358438,42.12462082320555
2021-08-18 15:00:00,184,8,185.0,168.0,177.0,132.85714285714286,176.19876563392796,20.472826335833872,175.02084015444018,19.066869760348393,169.40448014659108,72.00689283203893,173.16267909739693,42.12462082320555
2021-08-18 16:00:00,188,8,184.0,158.0,187.0,125.57142857142857,171.06046818689106,20.472826335833872,168.8009071261548,19.066869760348393,167.0436688558431,72.00689283203893,171.6401017617482,42.12462082320555
2021-08-18 17:00:00,186,8,188.0,135.0,177.0,113.85714285714286,170.22441415559035,20.472826335833872,168.214631012294,19.066869760348393,152.69982831843757,72.00689283203893,158.2264883624166,42.12462082320555
2021-08-18 18:00:00,174,8,186.0,158.0,194.0,120.71428571428571,173.13589026886586,20.472826335833872,170.7230621560975,19.066869760348393,158.2111531504029,72.00689283203893,165.90792787439878,42.12462082320555
2021-08-18 19:00:00,158,8,174.0,143.0,163.0,114.57142857142857,167.2813254385681,20.472826335833872,166.9341758279647,19.066869760348393,153.26280537884008,72.00689283203893,160.2431652848793,42.12462082320555
2021-08-18 20:00:00,124,8,158.0,128.0,128.0,93.42857142857143,123.60396893589589,20.472826335833872,122.25145379930169,19.066869760348393,129.12002132151852,72.00689283203893,129.73176590610106,42.12462082320555
2021-08-18 21:00:00,123,8,124.0,121.0,115.0,90.0,123.43347333063754,20.472826335833872,122.64379471142001,19.066869760348393,120.26671976187733,72.00689283203893,121.4452132510621,42.12462082320555
2021-08-18 22:00:00,125,8,123.0,118.0,116.0,89.28571428571429,116.23884365523395,20.472826335833872,116.41205098289016,19.066869760348393,117.51542097184391,72.00689283203893,120.43902245068773,42.12462082320555
2021-08-18 23:00:00,112,8,125.0,118.0,109.0,87.14285714285714,119.24033996736063,20.472826335833872,118.92209253655163,19.066869760348393,112.45169918060502,72.00689283203893,118.7205371899546,42.12462082320555
2021-08-19 00:00:00,77,8,112.0,66.0,81.0,58.285714285714285,74.25652139212679,20.472826335833872,74.18202459831251,19.066869760348393,69.63962192898795,72.00689283203893,73.83725416192911,42.12462082320555
2021-08-19 01:00:00,114,8,77.0,105.0,115.0,83.14285714285714,113.07085226119473,20.472826335833872,112.13047990683604,19.066869760348393,107.53896541530449,72.00689283203893,112.42452643201831,42.12462082320555
2021-08-19 02:00:00,116,8,114.0,105.0,110.0,84.42857142857143,111.00336316718025,20.472826335833872,110.65754083930821,19.066869760348393,109.96754539464742,72.00689283203893,112.3588569511916,42.12462082320555
2021-08-19 03:00:00,119,8,116.0,101.0,110.0,81.57142857142857,113.06550621212787,20.472826335833872,112.90929617389654,19.066869760348393,109.33225814427301,72.00689283203893,112.53220527874812,42.12462082320555
2021-08-19 04:00:00,108,8,119.0,99.0,114.0,81.57142857142857,113.8573208880632,20.472826335833872,115.06117243010476,19.066869760348393,107.42017782067094,72.00689283203893,113.63458548983529,42.12462082320555
2021-08-19 05:00:00,106,8,108.0,98.0,103.0,78.57142857142857,105.81490979702131,20.472826335833872,105.30510669801151,19.066869760348393,106.28319521897463,72.00689283203893,102.76811631545384,42.12462082320555
2021-08-19 06:00:00,119,8,106.0,107.0,117.0,82.14285714285714,115.31579924767753,20.472826335833872,116.0762775445926,19.066869760348393,109.54618852611938,72.00689283203893,115.13606877680309,42.12462082320555
2021-08-19 07:00:00,143,8,119.0,146.0,149.0,117.85714285714286,160.0109412575459,20.472826335833872,159.0850873397804,19.066869760348393,135.2536884433507,72.00689283203893,145.31037447373723,42.12462082320555
2021-08-19 08:00:00,185,8,143.0,174.0,196.0,140.42857142857142,184.7907012151484,20.472826335833872,184.25030228955146,19.066869760348393,164.73828385432168,72.00689283203893,183.45324315498672,42.12462082320555
2021-08-19 09:00:00,182,8,185.0,172.0,189.0,137.0,182.07629910550335,20.472826335833872,181.33835615253864,19.066869760348393,166.39342746015686,72.00689283203893,185.7434560398816,42.12462082320555
2021-08-19 10:00:00,177,8,182.0,176.0,186.0,132.42857142857142,187.29159487065564,20.472826335833872,182.99372492713337,19.066869760348393,159.08725804679605,72.00689283203893,179.43168484130072,42.12462082320555
2021-08-19 11:00:00,188,8,177.0,183.0,199.0,137.71428571428572,182.40194042836802,20.472826335833872,185.13355096174274,19.066869760348393,164.47598110880205,72.00689283203893,185.95033942646063,42.12462082320555
2021-08-19 12:00:00,120,8,188.0,120.0,133.0,96.71428571428571,127.5525006231639,20.472826335833872,133.94979134538443,19.066869760348393,132.79143429604642,72.00689283203893,129.8062991770445,42.12462082320555
2021-08-19 13:00:00,172,8,120.0,177.0,191.0,132.42857142857142,181.0075636124249,20.472826335833872,179.52672864462,19.066869760348393,161.28070686883274,72.00689283203893,184.63941222126454,42.12462082320555
2021-08-19 14:00:00,184,8,172.0,185.0,193.0,134.14285714285714,172.42338743979667,20.472826335833872,178.06753981051085,19.066869760348393,156.69754119598693,72.00689283203893,182.56382176640565,42.12462082320555
2021-08-19 15:00:00,185,8,184.0,184.0,197.0,133.85714285714286,177.05409141880668,20.472826335833872,180.1413309620946,19.066869760348393,159.15716579261365,72.00689283203893,183.45271123481635,42.12462082320555
2021-08-19 16:00:00,171,8,185.0,188.0,176.0,125.71428571428571,174.3763409453909,20.472826335833872,173.13339077331537,19.066869760348393,156.8630188320596,72.00689283203893,173.99793684574354,42.12462082320555
2021-08-19 17:00:00,155,8,171.0,186.0,160.0,115.14285714285714,166.81452684160502,20.472826335833872,168.20453701399907,19.066869760348393,151.75584429683818,72.00689283203893,166.04681736404646,42.12462082320555
2021-08-19 18:00:00,161,8,155.0,174.0,177.0,117.85714285714286,166.5666507621125,20.472826335833872,167.97371345704636,19.066869760348393,154.32103979737866,72.00689283203893,167.19990063295444,42.12462082320555
2021-08-19 19:00:00,153,8,161.0,158.0,182.0,113.85714285714286,160.53274183240615,20.472826335833872,157.54162474150652,19.066869760348393,151.03979054381762,72.00689283203893,159.0313417351095,42.12462082320555
2021-08-19 20:00:00,134,8,153.0,124.0,127.0,92.85714285714286,124.62946655797232,20.472826335833872,124.35996671164928,19.066869760348393,140.2744409058596,72.00689283203893,134.19552851053936,42.12462082320555
2021-08-19 21:00:00,123,8,134.0,123.0,114.0,91.14285714285714,125.42663997104931,20.472826335833872,127.44047907730348,19.066869760348393,130.55754342463976,72.00689283203893,123.00894186407699,42.12462082320555
2021-08-19 22:00:00,125,8,123.0,125.0,122.0,90.57142857142857,117.28497927859084,20.472826335833872,118.46305187574316,19.066869760348393,135.53528971818386,72.00689283203893,124.84401517759906,42.12462082320555
2021-08-19 23:00:00,117,8,125.0,112.0,118.0,87.57142857142857,119.10044630057233,20.472826335833872,120.3760956264442,19.066869760348393,141.14874311603867,72.00689283203893,123.07354066879245,42.12462082320555
2021-08-20 00:00:00,80,8,117.0,77.0,79.0,57.714285714285715,73.44312463835494,20.472826335833872,71.69527182033308,19.066869760348393,59.733283296896296,72.00689283203893,75.56714884114501,42.12462082320555
2021-08-20 01:00:00,109,8,80.0,114.0,105.0,83.0,116.2144457541592,20.472826335833872,116.34450704814665,19.066869760348393,107.15590353125188,72.00689283203893,110.42175740100502,42.12462082320555
2021-08-20 02:00:00,110,8,109.0,116.0,117.0,85.28571428571429,113.834761395346,20.472826335833872,113.44563764671835,19.066869760348393,106.28636926350055,72.00689283203893,114.48634597582134,42.12462082320555
2021-08-20 03:00:00,107,8,110.0,119.0,120.0,82.85714285714286,110.5635329925864,20.472826335833872,110.73242492599951,19.066869760348393,107.51112700035928,72.00689283203893,116.19166812527624,42.12462082320555
2021-08-20 04:00:00,106,8,107.0,108.0,116.0,80.71428571428571,108.29964912929874,20.472826335833872,109.16272025504763,19.066869760348393,106.96461109726856,72.00689283203893,112.51603394952785,42.12462082320555
2021-08-20 05:00:00,104,8,106.0,106.0,108.0,79.0,102.66424243361394,20.472826335833872,105.81812080102158,19.066869760348393,103.18525790918642,72.00689283203893,107.2709805828623,42.12462082320555
2021-08-20 06:00:00,115,8,104.0,119.0,116.0,82.42857142857143,111.70732453553272,20.472826335833872,110.23355164019124,19.066869760348393,106.88942788773687,72.00689283203893,114.26349660910208,42.12462082320555
2021-08-20 07:00:00,146,8,115.0,143.0,166.0,117.0,142.0936782736114,20.472826335833872,143.54105763785287,19.066869760348393,153.44849558499462,72.00689283203893,155.2875887208739,42.12462082320555
2021-08-20 08:00:00,179,8,146.0,185.0,207.0,138.85714285714286,191.35957724024396,20.472826335833872,192.97843458067246,19.066869760348393,177.76189005399956,72.00689283203893,188.18333763814027,42.12462082320555
2021-08-20 09:00:00,175,8,179.0,182.0,191.0,136.0,177.57306217803801,20.472826335833872,182.17043624338748,19.066869760348393,178.0950040253123,72.00689283203893,185.34588851871177,42.12462082320555
2021-08-20 10:00:00,168,8,175.0,177.0,201.0,131.14285714285714,166.78007333625732,20.472826335833872,171.48725614664295,19.066869760348393,172.67140156976063,72.00689283203893,179.96088826954292,42.12462082320555
2021-08-20 11:00:00,193,8,168.0,188.0,204.0,136.14285714285714,175.17377547142203,20.472826335833872,179.17363111385563,19.066869760348393,173.5677603809005,72.00689283203893,185.30890000312695,42.12462082320555
2021-08-20 12:00:00,134,8,193.0,120.0,134.0,94.85714285714286,128.5477315802224,20.472826335833872,130.98237966847702,19.066869760348393,125.34775018649069,72.00689283203893,137.54457816244826,42.12462082320555
2021-08-20 13:00:00,180,8,134.0,172.0,195.0,129.71428571428572,186.22149318803696,20.472826335833872,186.79131920636917,19.066869760348393,172.40735363935266,72.00689283203893,179.70085064936967,42.12462082320555
2021-08-20 14:00:00,184,8,180.0,184.0,200.0,132.85714285714286,186.19305919806058,20.472826335833872,189.2538046187494,19.066869760348393,172.44034945310622,72.00689283203893,183.53831905114913,42.12462082320555
2021-08-20 15:00:00,176,8,184.0,185.0,195.0,132.14285714285714,175.480494244552,20.472826335833872,180.12250246558241,19.066869760348393,170.27019642070894,72.00689283203893,180.7919818788164,42.12462082320555
2021-08-20 16:00:00,177,8,176.0,171.0,186.0,125.0,175.93531193418485,20.472826335833872,174.62168822187695,19.066869760348393,171.70190381672109,72.00689283203893,179.54472302888246,42.12462082320555
2021-08-20 17:00:00,164,8,177.0,155.0,176.0,114.42857142857143,168.02763448001434,20.472826335833872,164.46467253691827,19.066869760348393,159.8390982240315,72.00689283203893,161.11551274121322,42.12462082320555
2021-08-20 18:00:00,158,8,164.0,161.0,177.0,115.57142857142857,165.46719590830813,20.472826335833872,165.8785419133733,19.066869760348393,160.9121774831333,72.00689283203893,162.37379827440444,42.12462082320555
2021-08-20 19:00:00,146,8,158.0,153.0,168.0,109.71428571428571,159.81898057530285,20.472826335833872,161.75353746319823,19.066869760348393,154.56516331123998,72.00689283203893,161.06573261529994,42.12462082320555
2021-08-20 20:00:00,125,8,146.0,134.0,125.0,93.85714285714286,119.979960821783,20.472826335833872,125.71655115503467,19.066869760348393,119.9966056409258,72.00689283203893,124.44864773225645,42.12462082320555
2021-08-20 21:00:00,121,8,125.0,123.0,119.0,92.42857142857143,120.25635329110887,20.472826335833872,119.86373370039135,19.066869760348393,118.16305244155731,72.00689283203893,121.1446898001651,42.12462082320555
2021-08-20 22:00:00,113,8,121.0,125.0,118.0,91.0,115.05401645526707,20.472826335833872,114.778642643432,19.066869760348393,119.44077808785258,72.00689283203893,116.91397511793629,42.12462082320555
2021-08-20 23:00:00,106,8,113.0,117.0,116.0,87.42857142857143,108.32141020921371,20.472826335833872,107.20779991886975,19.066869760348393,115.94673012136498,72.00689283203893,110.71415442842527,42.12462082320555
2021-08-21 00:00:00,64,8,106.0,80.0,67.0,57.857142857142854,72.35340210341218,20.472826335833872,71.94144514189831,19.066869760348393,69.7733889782876,72.00689283203893,67.79528732333657,42.12462082320555
2021-08-21 01:00:00,99,8,64.0,109.0,106.0,83.57142857142857,103.91742807636479,20.472826335833872,105.88385582183987,19.066869760348393,102.91001068533106,72.00689283203893,106.41818573017768,42.12462082320555
2021-08-21 02:00:00,109,8,99.0,110.0,108.0,84.28571428571429,105.14879277949534,20.472826335833872,103.41416920694421,19.066869760348393,102.71604210951068,72.00689283203893,104.40346129265095,42.12462082320555
2021-08-21 03:00:00,102,8,109.0,107.0,98.0,81.0,105.31774328800503,20.472826335833872,106.15292017784259,19.066869760348393,92.61043541137417,72.00689283203893,100.35066432023339,42.12462082320555
2021-08-21 04:00:00,107,8,102.0,106.0,100.0,79.28571428571429,105.00223948262358,20.472826335833872,107.05961487615812,19.066869760348393,96.66649026883123,72.00689283203893,103.33220663681209,42.12462082320555
2021-08-21 05:00:00,110,8,107.0,104.0,91.0,78.42857142857143,100.70886981847185,20.472826335833872,99.5931285713566,19.066869760348393,82.50155580724163,72.00689283203893,90.166790121112,42.12462082320555
2021-08-21 06:00:00,103,8,110.0,115.0,91.0,82.28571428571429,103.9952813561431,20.472826335833872,102.11419761269258,19.066869760348393,81.59283799380118,72.00689283203893,90.44745489581204,42.12462082320555
2021-08-21 07:00:00,94,8,103.0,146.0,75.0,114.14285714285714,93.96477298878469,20.472826335833872,92.99685029993333,19.066869760348393,60.04695520872572,72.00689283203893,86.56267332864674,42.12462082320555
2021-08-21 08:00:00,26,8,94.0,179.0,26.0,134.85714285714286,27.08569089096361,20.472826335833872,19.4483648497341,19.066869760348393,28.870709027977345,72.00689283203893,23.714040012995365,42.12462082320555
2021-08-21 09:00:00,21,8,26.0,175.0,23.0,133.71428571428572,23.33633237937087,20.472826335833872,21.822497721893612,19.066869760348393,27.5111615723162,72.00689283203893,24.886051379264288,42.12462082320555
2021-08-21 10:00:00,22,8,21.0,168.0,21.0,126.42857142857143,23.12469951268818,20.472826335833872,21.276518211725033,19.066869760348393,30.207350154790603,72.00689283203893,26.343515016972656,42.12462082320555
2021-08-21 11:00:00,26,8,22.0,193.0,26.0,134.57142857142858,29.268244283207345,20.472826335833872,25.483431221893067,19.066869760348393,31.078976018796606,72.00689283203893,25.471905242082254,42.12462082320555
2021-08-21 12:00:00,22,8,26.0,134.0,23.0,94.85714285714286,22.00226628883034,20.472826335833872,21.7086848801648,19.066869760348393,23.3528788484505,72.00689283203893,24.97831322204785,42.12462082320555
2021-08-21 13:00:00,21,8,22.0,180.0,21.0,127.57142857142857,21.82978985468869,20.472826335833872,20.109851051518834,19.066869760348393,29.921063681757893,72.00689283203893,24.49555391902808,42.12462082320555
2021-08-21 14:00:00,26,8,21.0,184.0,22.0,130.57142857142858,31.789776158935897,20.472826335833872,25.440920357253166,19.066869760348393,27.949933649487697,72.00689283203893,25.193072787119988,42.12462082320555
2021-08-21 15:00:00,23,8,26.0,176.0,26.0,129.42857142857142,24.513275447069045,20.472826335833872,22.352828505999202,19.066869760348393,30.750091888777778,72.00689283203893,26.424801055474845,42.12462082320555
2021-08-21 16:00:00,22,8,23.0,177.0,22.0,123.71428571428571,20.4398357930623,20.472826335833872,20.905133955331987,19.066869760348393,31.699794354876094,72.00689283203893,24.813058741260384,42.12462082320555
2021-08-21 17:00:00,22,8,22.0,164.0,22.0,112.71428571428571,23.903456145082384,20.472826335833872,23.559173525845964,19.066869760348393,29.437242808371717,72.00689283203893,27.790243002343534,42.12462082320555
2021-08-21 18:00:00,27,8,22.0,158.0,24.0,112.85714285714286,25.705053462036833,20.472826335833872,24.840369025265307,19.066869760348393,31.941396110444373,72.00689283203893,25.82019515551361,42.12462082320555
2021-08-21 19:00:00,21,8,27.0,146.0,26.0,106.57142857142857,21.300561351251975,20.472826335833872,21.479176539618805,19.066869760348393,27.8733937619438,72.00689283203893,24.525577563448103,42.12462082320555
2021-08-21 20:00:00,22,8,21.0,125.0,22.0,93.85714285714286,21.642084771792803,20.472826335833872,21.745244900103913,19.066869760348393,20.432803728765315,72.00689283203893,22.485343014756317,42.12462082320555
2021-08-21 21:00:00,23,8,22.0,121.0,23.0,92.71428571428571,25.044030586096596,20.472826335833872,24.642640539349763,19.066869760348393,23.421102113034745,72.00689283203893,23.79700954254833,42.12462082320555
2021-08-21 22:00:00,27,8,23.0,113.0,25.0,90.28571428571429,23.321403549721538,20.472826335833872,22.4914922630923,19.066869760348393,26.189920170891828,72.00689283203893,23.798895160536176,42.12462082320555
2021-08-21 23:00:00,23,8,27.0,106.0,22.0,86.0,20.26028871519426,20.472826335833872,20.48054990055837,19.066869760348393,25.788783406142453,72.00689283203893,23.89221984092798,42.12462082320555
2021-08-22 00:00:00,23,8,23.0,64.0,22.0,57.42857142857143,23.93140080614949,20.472826335833872,24.068059965352656,19.066869760348393,20.795370636739328,72.00689283203893,19.67830560477984,42.12462082320555
2021-08-22 01:00:00,26,8,23.0,99.0,28.0,82.57142857142857,24.637058437576353,20.472826335833872,24.481075288852484,19.066869760348393,24.1733865484202,72.00689283203893,21.983614898779205,42.12462082320555
2021-08-22 02:00:00,27,8,26.0,109.0,24.0,84.42857142857143,24.01493055740082,20.472826335833872,23.09925202408715,19.066869760348393,21.937491627246125,72.00689283203893,21.277226100940755,42.12462082320555
2021-08-22 03:00:00,24,8,27.0,102.0,22.0,81.57142857142857,25.250628534180294,20.472826335833872,27.21634326013007,19.066869760348393,22.37509520562401,72.00689283203893,20.895375288527003,42.12462082320555
2021-08-22 04:00:00,22,8,24.0,107.0,22.0,80.28571428571429,25.25719218853505,20.472826335833872,25.98136351759513,19.066869760348393,21.48812693842158,72.00689283203893,20.5375781428421,42.12462082320555
2021-08-22 05:00:00,26,8,22.0,110.0,25.0,81.14285714285714,23.33775762651121,20.472826335833872,22.42968595156236,19.066869760348393,20.582991791868658,72.00689283203893,20.802866685876033,42.12462082320555
2021-08-22 06:00:00,22,8,26.0,103.0,22.0,84.0,23.762012900870808,20.472826335833872,24.44185151197539,19.066869760348393,22.045015399905562,72.00689283203893,21.13475351551853,42.12462082320555
2021-08-22 07:00:00,22,8,22.0,94.0,21.0,116.85714285714286,28.48306596076808,20.472826335833872,29.42409418913915,19.066869760348393,20.540139240673007,72.00689283203893,25.938415983136903,42.12462082320555
2021-08-22 08:00:00,22,8,22.0,26.0,26.0,134.85714285714286,26.376851558159156,20.472826335833872,26.789398463876736,19.066869760348393,20.93347422596822,72.00689283203893,18.869821097882348,42.12462082320555
2021-08-22 09:00:00,27,8,22.0,21.0,24.0,133.42857142857142,24.94472228416259,20.472826335833872,23.546837140489533,19.066869760348393,18.721603729258952,72.00689283203893,19.55578784106886,42.12462082320555
2021-08-22 10:00:00,22,8,27.0,22.0,21.0,126.57142857142857,23.244535119849548,20.472826335833872,23.205921431289685,19.066869760348393,20.692710112514682,72.00689283203893,20.727376660651945,42.12462082320555
2021-08-22 11:00:00,23,8,22.0,26.0,22.0,134.57142857142858,22.854664505565808,20.472826335833872,22.200276124738426,19.066869760348393,20.57904410223388,72.00689283203893,20.212075494404015,42.12462082320555
2021-08-22 12:00:00,24,8,23.0,22.0,26.0,94.71428571428571,26.57262849338492,20.472826335833872,25.614511635373294,19.066869760348393,19.24540965832819,72.00689283203893,22.67699608001336,42.12462082320555
2021-08-22 13:00:00,26,8,24.0,21.0,22.0,127.57142857142857,23.56092562040032,20.472826335833872,22.091859352773145,19.066869760348393,20.25769975725029,72.00689283203893,18.826903071339284,42.12462082320555
2021-08-22 14:00:00,23,8,26.0,26.0,22.0,131.14285714285714,23.689135204944755,20.472826335833872,23.143272630775023,19.066869760348393,20.71667363271265,72.00689283203893,18.991501950341483,42.12462082320555
2021-08-22 15:00:00,23,8,23.0,23.0,21.0,129.0,23.67325427900189,20.472826335833872,22.876760706716926,19.066869760348393,20.19178340724236,72.00689283203893,19.37159270528412,42.12462082320555
2021-08-22 16:00:00,27,8,23.0,22.0,25.0,123.71428571428571,24.75142126627575,20.472826335833872,23.994824048933,19.066869760348393,20.197301789675908,72.00689283203893,21.51351833218399,42.12462082320555
2021-08-22 17:00:00,22,8,27.0,22.0,22.0,112.71428571428571,23.371917649216766,20.472826335833872,22.63144072202619,19.066869760348393,21.479781955453525,72.00689283203893,22.5544959277292,42.12462082320555
2021-08-22 18:00:00,22,8,22.0,27.0,21.0,113.28571428571429,23.522345215708427,20.472826335833872,22.634709032840938,19.066869760348393,23.5599499671107,72.00689283203893,24.23294833366713,42.12462082320555
2021-08-22 19:00:00,22,8,22.0,21.0,25.0,105.85714285714286,25.700761455045004,20.472826335833872,25.186971447707542,19.066869760348393,21.093956894394438,72.00689283203893,19.850970442971306,42.12462082320555
2021-08-22 20:00:00,26,8,22.0,22.0,22.0,93.85714285714286,24.71013125213081,20.472826335833872,23.153731238904196,19.066869760348393,17.46937376952788,72.00689283203893,20.17986491592033,42.12462082320555
2021-08-22 21:00:00,23,8,26.0,23.0,22.0,92.71428571428571,22.83821203233555,20.472826335833872,22.57639152543915,19.066869760348393,17.123658214095638,72.00689283203893,20.499394638259634,42.12462082320555
2021-08-22 22:00:00,24,8,23.0,27.0,24.0,90.57142857142857,22.186151940290944,20.472826335833872,22.65239766008866,19.066869760348393,16.283451622108895,72.00689283203893,21.993649595422866,42.12462082320555
2021-08-22 23:00:00,26,8,24.0,23.0,25.0,86.14285714285714,25.507014341449814,20.472826335833872,24.453203697693315,19.066869760348393,16.316570951415795,72.00689283203893,19.540090748773427,42.12462082320555
2021-08-23 00:00:00,25,8,26.0,23.0,22.0,57.57142857142857,25.293406408375912,20.472826335833872,24.941639446142545,19.066869760348393,20.540471397100486,72.00689283203893,24.680932154235094,42.12462082320555
2021-08-23 01:00:00,23,8,25.0,26.0,23.0,82.28571428571429,23.304175379358547,20.472826335833872,23.725379318031674,19.066869760348393,21.703322308867833,72.00689283203893,22.14260739913436,42.12462082320555
2021-08-23 02:00:00,23,8,23.0,27.0,26.0,84.85714285714286,24.437986869414715,20.472826335833872,23.326032759497615,19.066869760348393,22.152789577370818,72.00689283203893,23.324362214795723,42.12462082320555
2021-08-23 03:00:00,27,8,23.0,24.0,21.0,81.85714285714286,24.800265911042565,20.472826335833872,23.774500501952954,19.066869760348393,21.594990541634882,72.00689283203893,22.402627127733737,42.12462082320555
2021-08-23 04:00:00,22,8,27.0,22.0,22.0,80.28571428571429,22.570740928896907,20.472826335833872,21.850994596173816,19.066869760348393,20.15727633676016,72.00689283203893,20.85782463331443,42.12462082320555
2021-08-23 05:00:00,22,8,22.0,26.0,22.0,81.28571428571429,22.906806282216035,20.472826335833872,21.61323406464025,19.066869760348393,21.899871764706006,72.00689283203893,21.148212734496273,42.12462082320555
2021-08-23 06:00:00,22,8,22.0,22.0,26.0,84.0,28.55914022112133,20.472826335833872,28.79288536937709,19.066869760348393,22.428586396416666,72.00689283203893,23.809957280385113,42.12462082320555
2021-08-23 07:00:00,92,8,22.0,22.0,122.0,117.0,86.40482701157799,20.472826335833872,91.75949570968639,19.066869760348393,121.02171225266402,72.00689283203893,110.26752654721942,42.12462082320555
2021-08-23 08:00:00,181,8,92.0,22.0,183.0,134.28571428571428,188.35907761533454,20.472826335833872,189.0592003853207,19.066869760348393,182.48071810436008,72.00689283203893,184.44763669887806,42.12462082320555
2021-08-23 09:00:00,187,8,181.0,27.0,190.0,133.85714285714286,179.79356741530106,20.472826335833872,180.31485392913962,19.066869760348393,179.69688202722153,72.00689283203893,185.97914409553206,42.12462082320555
2021-08-23 10:00:00,182,8,187.0,22.0,157.0,126.71428571428571,173.49828641428198,20.472826335833872,172.30102489187172,19.066869760348393,179.25472793506336,72.00689283203893,181.32793827219243,42.12462082320555
2021-08-23 11:00:00,191,8,182.0,23.0,157.0,134.71428571428572,174.05420888535522,20.472826335833872,176.68666925452584,19.066869760348393,178.82493224544902,72.00689283203893,182.8168046251303,42.12462082320555
2021-08-23 12:00:00,136,8,191.0,24.0,107.0,94.42857142857143,142.70465266492596,20.472826335833872,132.74840454477655,19.066869760348393,123.63295497990406,72.00689283203893,125.43679868140725,42.12462082320555
2021-08-23 13:00:00,193,8,136.0,26.0,157.0,128.14285714285714,185.89745928745128,20.472826335833872,187.51538454066448,19.066869760348393,179.5892735460142,72.00689283203893,179.1464521082526,42.12462082320555
2021-08-23 14:00:00,190,8,193.0,23.0,153.0,131.28571428571428,184.48625654342152,20.472826335833872,184.816289093439,19.066869760348393,173.32745427211506,72.00689283203893,183.77507279120405,42.12462082320555
2021-08-23 15:00:00,196,8,190.0,23.0,146.0,129.28571428571428,184.96184631128133,20.472826335833872,180.5965637717673,19.066869760348393,170.35399756600154,72.00689283203893,170.29306832079402,42.12462082320555
2021-08-23 16:00:00,177,8,196.0,27.0,125.0,124.0,155.01331729788612,20.472826335833872,152.41419710668228,19.066869760348393,143.6033172075112,72.00689283203893,152.9845377416835,42.12462082320555
2021-08-23 17:00:00,177,8,177.0,22.0,105.0,112.71428571428571,154.9274705783793,20.472826335833872,141.26438011622008,19.066869760348393,130.18271326315636,72.00689283203893,137.85500435211034,42.12462082320555
2021-08-23 18:00:00,179,8,177.0,22.0,94.0,113.42857142857143,157.78024467828905,20.472826335833872,147.06257714301066,19.066869760348393,112.61015158281666,72.00689283203893,129.4862821275319,42.12462082320555
2021-08-23 19:00:00,137,8,179.0,22.0,95.0,105.42857142857143,153.74645510901001,20.472826335833872,144.64851927739505,19.066869760348393,110.95095135126263,72.00689283203893,126.12564522627503,42.12462082320555
2021-08-23 20:00:00,118,8,137.0,26.0,102.0,94.42857142857143,124.52204033595453,20.472826335833872,120.44924600275814,19.066869760348393,107.88310295586311,72.00689283203893,118.77745598544838,42.12462082320555
2021-08-23 21:00:00,117,8,118.0,23.0,116.0,92.85714285714286,114.75728838070566,20.472826335833872,114.85901321605088,19.066869760348393,118.71725406113183,72.00689283203893,116.64930741976086,42.12462082320555
2021-08-23 22:00:00,113,8,117.0,24.0,102.0,90.57142857142857,115.00142871706821,20.472826335833872,113.58953874590684,19.066869760348393,104.99919966563971,72.00689283203893,109.50985097711185,42.12462082320555
2021-08-23 23:00:00,107,8,113.0,26.0,102.0,86.28571428571429,113.69289455114168,20.472826335833872,113.55602038092292,19.066869760348393,103.885126637565,72.00689283203893,110.5207991077506,42.12462082320555
2021-08-24 00:00:00,67,8,107.0,25.0,71.0,58.0,69.81305314089614,20.472826335833872,67.28370447489831,19.066869760348393,69.10013811419503,72.00689283203893,67.1323306679339,42.12462082320555
2021-08-24 01:00:00,111,8,67.0,23.0,100.0,82.28571428571429,108.52068330896292,20.472826335833872,109.12269167036821,19.066869760348393,104.4535267531678,72.00689283203893,109.42454026166115,42.12462082320555
2021-08-24 02:00:00,115,8,111.0,23.0,101.0,84.42857142857143,111.19790835423828,20.472826335833872,111.88735561007552,19.066869760348393,107.17514655915453,72.00689283203893,109.11071054353187,42.12462082320555
2021-08-24 03:00:00,115,8,115.0,27.0,99.0,82.71428571428571,108.57999675359798,20.472826335833872,111.63805653443578,19.066869760348393,105.36626819656944,72.00689283203893,110.12035837217374,42.12462082320555
2021-08-24 04:00:00,113,8,115.0,22.0,98.0,80.28571428571429,110.6584062628959,20.472826335833872,112.92081204748641,19.066869760348393,100.3813994589501,72.00689283203893,105.07378849201712,42.12462082320555
2021-08-24 05:00:00,106,8,113.0,22.0,103.0,81.28571428571429,105.01224835735486,20.472826335833872,106.96000433273686,19.066869760348393,112.1370556231209,72.00689283203893,109.9023637764807,42.12462082320555
2021-08-24 06:00:00,115,8,106.0,22.0,96.0,83.42857142857143,114.42414072016805,20.472826335833872,115.70316020724958,19.066869760348393,102.38735432192836,72.00689283203893,105.05341121061316,42.12462082320555
2021-08-24 07:00:00,145,8,115.0,92.0,146.0,112.71428571428571,140.32042569069134,20.472826335833872,144.847140800099,19.066869760348393,143.62167264875282,72.00689283203893,145.1183669838012,42.12462082320555
2021-08-24 08:00:00,196,8,145.0,181.0,171.0,134.0,189.59716987321403,20.472826335833872,190.45004687940713,19.066869760348393,172.91130703921414,72.00689283203893,181.32926568706526,42.12462082320555
2021-08-24 09:00:00,190,8,196.0,187.0,170.0,133.42857142857142,184.58529172732577,20.472826335833872,186.02520515199242,19.066869760348393,174.82302077154668,72.00689283203893,180.64396182095155,42.12462082320555
2021-08-24 10:00:00,181,8,190.0,182.0,165.0,130.28571428571428,184.61424708343932,20.472826335833872,184.11530338443617,19.066869760348393,177.9616790593692,72.00689283203893,183.56143190054505,42.12462082320555
2021-08-24 11:00:00,188,8,181.0,191.0,173.0,139.57142857142858,184.08404441400572,20.472826335833872,185.0639456280596,19.066869760348393,171.4789826218042,72.00689283203893,186.49693419022887,42.12462082320555
2021-08-24 12:00:00,130,8,188.0,136.0,134.0,98.57142857142857,131.53134000128816,20.472826335833872,127.7417468889494,19.066869760348393,138.26272031416534,72.00689283203893,136.5544034513919,42.12462082320555
2021-08-24 13:00:00,180,8,130.0,193.0,164.0,133.28571428571428,178.59906606218183,20.472826335833872,184.1507311397172,19.066869760348393,180.89176654352005,72.00689283203893,186.94325537224714,42.12462082320555
2021-08-24 14:00:00,190,8,180.0,190.0,164.0,136.57142857142858,179.12484376687138,20.472826335833872,184.8887485000689,19.066869760348393,182.01032228585234,72.00689283203893,190.08703927174406,42.12462082320555
2021-08-24 15:00:00,201,8,190.0,196.0,168.0,136.42857142857142,184.0102135003613,20.472826335833872,189.46829765347894,19.066869760348393,172.09773712591982,72.00689283203893,189.1475945056044,42.12462082320555
2021-08-24 16:00:00,191,8,201.0,177.0,158.0,131.42857142857142,185.48672049003696,20.472826335833872,186.76388817192017,19.066869760348393,175.30795558535334,72.00689283203893,182.87130651061065,42.12462082320555
2021-08-24 17:00:00,157,8,191.0,177.0,135.0,123.0,155.58233164711825,20.472826335833872,160.17882836241728,19.066869760348393,164.06439691195953,72.00689283203893,163.02180122724147,42.12462082320555
2021-08-24 18:00:00,156,8,157.0,179.0,158.0,125.57142857142857,172.93488017183162,20.472826335833872,175.0273868705686,19.066869760348393,168.99241111833425,72.00689283203893,172.75225355380613,42.12462082320555
2021-08-24 19:00:00,164,8,156.0,137.0,143.0,111.42857142857143,158.42668339202947,20.472826335833872,166.46300784616284,19.066869760348393,155.8431705087462,72.00689283203893,156.42231555255887,42.12462082320555
2021-08-24 20:00:00,125,8,164.0,118.0,128.0,96.71428571428571,130.94348730145188,20.472826335833872,136.74147836108563,19.066869760348393,137.70372084687048,72.00689283203893,131.94147645823307,42.12462082320555
2021-08-24 21:00:00,123,8,125.0,117.0,121.0,93.0,125.26199531113875,20.472826335833872,128.73521222892873,19.066869760348393,132.9479229391398,72.00689283203893,128.5268763860497,42.12462082320555
2021-08-24 22:00:00,120,8,123.0,113.0,118.0,92.14285714285714,120.28357502029169,20.472826335833872,125.40347625749438,19.066869760348393,130.91238482811866,72.00689283203893,126.96652856249409,42.12462082320555
2021-08-24 23:00:00,107,8,120.0,107.0,118.0,87.0,120.02899606602476,20.472826335833872,118.87113130112373,19.066869760348393,125.94398345608305,72.00689283203893,120.81144522705041,42.12462082320555
2021-08-25 00:00:00,81,8,107.0,67.0,66.0,57.42857142857143,77.65245924997065,20.472826335833872,76.24459694604091,19.066869760348393,70.96830453820054,72.00689283203893,69.91127084415555,42.12462082320555
2021-08-25 01:00:00,111,8,81.0,111.0,105.0,83.85714285714286,112.55764159433204,20.472826335833872,111.41039842556752,19.066869760348393,111.13938926439921,72.00689283203893,111.87934525417583,42.12462082320555
2021-08-25 02:00:00,115,8,111.0,115.0,105.0,86.42857142857143,111.22513575500793,20.472826335833872,112.93758556390058,19.066869760348393,111.70470964080653,72.00689283203893,113.03066825642608,42.12462082320555
2021-08-25 03:00:00,106,8,115.0,115.0,101.0,85.0,111.98917496988541,20.472826335833872,113.044286845973,19.066869760348393,106.4293562145682,72.00689283203893,109.25421846484032,42.12462082320555
2021-08-25 04:00:00,110,8,106.0,113.0,99.0,82.42857142857143,110.95047720035346,20.472826335833872,111.10454916647541,19.066869760348393,106.20136342618429,72.00689283203893,110.19319907664692,42.12462082320555
2021-08-25 05:00:00,107,8,110.0,106.0,98.0,81.71428571428571,107.13060276428034,20.472826335833872,107.60553178059776,19.066869760348393,105.01068004811287,72.00689283203893,105.7853676338413,42.12462082320555
2021-08-25 06:00:00,108,8,107.0,115.0,107.0,86.14285714285714,115.88522675608198,20.472826335833872,112.23199544086842,19.066869760348393,113.55874653175236,72.00689283203893,111.76371055766376,42.12462082320555
2021-08-25 07:00:00,162,8,108.0,145.0,146.0,112.57142857142857,137.22558884146548,20.472826335833872,138.56534890221695,19.066869760348393,140.67059554816737,72.00689283203893,152.29102339408394,42.12462082320555
2021-08-25 08:00:00,182,8,162.0,196.0,174.0,137.57142857142858,175.64009663941087,20.472826335833872,180.17346121333134,19.066869760348393,172.48695418816575,72.00689283203893,184.00577231899643,42.12462082320555
2021-08-25 09:00:00,181,8,182.0,190.0,172.0,136.28571428571428,182.416165261565,20.472826335833872,180.75352916669908,19.066869760348393,176.3531238523947,72.00689283203893,183.51100093479772,42.12462082320555
2021-08-25 10:00:00,189,8,181.0,181.0,176.0,132.57142857142858,178.80391259129368,20.472826335833872,179.43039513129233,19.066869760348393,174.62733143415196,72.00689283203893,184.6353508682878,42.12462082320555
2021-08-25 11:00:00,184,8,189.0,188.0,183.0,141.71428571428572,180.89949727449385,20.472826335833872,184.91243948341915,19.066869760348393,178.7372668631252,72.00689283203893,192.3661003614893,42.12462082320555
2021-08-25 12:00:00,121,8,184.0,130.0,120.0,98.0,123.35605035684613,20.472826335833872,123.18227438355153,19.066869760348393,118.02706684648403,72.00689283203893,124.5929101928234,42.12462082320555
2021-08-25 13:00:00,180,8,121.0,180.0,177.0,135.57142857142858,182.72679373285828,20.472826335833872,181.68150142366238,19.066869760348393,178.43364064211008,72.00689283203893,184.2038942707248,42.12462082320555
2021-08-25 14:00:00,184,8,180.0,190.0,185.0,140.28571428571428,179.97634056280006,20.472826335833872,181.0103788758998,19.066869760348393,178.15160565678252,72.00689283203893,187.24426139083818,42.12462082320555
2021-08-25 15:00:00,180,8,184.0,201.0,184.0,141.14285714285714,175.66043933642533,20.472826335833872,178.81996901507915,19.066869760348393,170.85055657363725,72.00689283203893,184.41187002723123,42.12462082320555
2021-08-25 16:00:00,172,8,180.0,191.0,188.0,136.14285714285714,177.5280971539097,20.472826335833872,175.99157965615328,19.066869760348393,174.80988163931127,72.00689283203893,179.1821494718196,42.12462082320555
2021-08-25 17:00:00,176,8,172.0,157.0,186.0,126.14285714285714,166.34899969224276,20.472826335833872,164.68234898496914,19.066869760348393,168.12177983820078,72.00689283203893,169.15165920319802,42.12462082320555
2021-08-25 18:00:00,172,8,176.0,156.0,174.0,125.28571428571429,169.58389592445863,20.472826335833872,169.35059620499834,19.066869760348393,162.06384955038627,72.00689283203893,169.95365602376557,42.12462082320555
2021-08-25 19:00:00,152,8,172.0,164.0,158.0,114.42857142857143,156.37522672204815,20.472826335833872,159.2113496337162,19.066869760348393,150.8348174988281,72.00689283203893,160.23052306861922,42.12462082320555
2021-08-25 20:00:00,124,8,152.0,125.0,124.0,96.28571428571429,120.89159608671656,20.472826335833872,121.63647942554786,19.066869760348393,115.66800656504088,72.00689283203893,119.90951998984178,42.12462082320555
2021-08-25 21:00:00,131,8,124.0,123.0,123.0,93.28571428571429,120.08080440652468,20.472826335833872,124.83258789803384,19.066869760348393,113.67718964918437,72.00689283203893,121.63614568493152,42.12462082320555
2021-08-25 22:00:00,114,8,131.0,120.0,125.0,92.42857142857143,116.52103387854139,20.472826335833872,116.7953609280725,19.066869760348393,114.21947061243782,72.00689283203893,119.73941590438946,42.12462082320555
2021-08-25 23:00:00,119,8,114.0,107.0,112.0,85.42857142857143,109.51471152210235,20.472826335833872,110.78060933285666,19.066869760348393,104.98852408649772,72.00689283203893,109.16694688492271,42.12462082320555
2021-08-26 00:00:00,73,8,119.0,81.0,77.0,59.57142857142857,74.45466742448994,20.472826335833872,71.63892729191942,19.066869760348393,67.23645809847741,72.00689283203893,67.32282491474014,42.12462082320555
2021-08-26 01:00:00,110,8,73.0,111.0,114.0,84.71428571428571,111.37181516493949,20.472826335833872,110.95548691784184,19.066869760348393,115.19480648879879,72.00689283203893,112.48652986183967,42.12462082320555
2021-08-26 02:00:00,118,8,110.0,115.0,116.0,87.85714285714286,112.86521123833042,20.472826335833872,112.23768267179041,19.066869760348393,116.36175211124966,72.00689283203893,115.35467936805811,42.12462082320555
2021-08-26 03:00:00,104,8,118.0,106.0,119.0,85.71428571428571,116.26088444967228,20.472826335833872,116.34892621896564,19.066869760348393,117.91029602385883,72.00689283203893,113.51482110178104,42.12462082320555
2021-08-26 04:00:00,115,8,104.0,110.0,108.0,84.0,111.49343824554009,20.472826335833872,111.63890070328834,19.066869760348393,113.6297927409091,72.00689283203893,113.0357189982422,42.12462082320555
2021-08-26 05:00:00,108,8,115.0,107.0,106.0,83.0,107.5314821597612,20.472826335833872,106.76533358273943,19.066869760348393,112.67850964217064,72.00689283203893,112.94420253093658,42.12462082320555
2021-08-26 06:00:00,111,8,108.0,108.0,119.0,86.28571428571429,119.09629228943913,20.472826335833872,118.1804495229278,19.066869760348393,117.10125364878003,72.00689283203893,113.88466625457951,42.12462082320555
2021-08-26 07:00:00,147,8,111.0,162.0,143.0,114.85714285714286,143.48620481694093,20.472826335833872,148.31249617090523,19.066869760348393,154.27241751120104,72.00689283203893,157.31217125325992,42.12462082320555
2021-08-26 08:00:00,196,8,147.0,182.0,185.0,138.71428571428572,187.66528544994085,20.472826335833872,196.37764793472718,19.066869760348393,181.54748387013515,72.00689283203893,188.34463165251873,42.12462082320555
2021-08-26 09:00:00,199,8,196.0,181.0,182.0,137.57142857142858,188.94636956751825,20.472826335833872,191.1759324074143,19.066869760348393,181.7733003223029,72.00689283203893,188.5079842553139,42.12462082320555
2021-08-26 10:00:00,193,8,199.0,189.0,177.0,134.42857142857142,188.83490088972496,20.472826335833872,183.92245580647912,19.066869760348393,176.29369471939793,72.00689283203893,181.91299089268637,42.12462082320555
2021-08-26 11:00:00,194,8,193.0,184.0,188.0,141.85714285714286,190.2144009857567,20.472826335833872,190.74189842944335,19.066869760348393,187.7262522097773,72.00689283203893,190.8824846691504,42.12462082320555
2021-08-26 12:00:00,127,8,194.0,121.0,120.0,98.14285714285714,121.58239246010957,20.472826335833872,118.98843547030256,19.066869760348393,128.08841209226725,72.00689283203893,126.39313105740247,42.12462082320555
2021-08-26 13:00:00,199,8,127.0,180.0,172.0,136.0,184.74469348072495,20.472826335833872,189.40904458951425,19.066869760348393,183.03076196568213,72.00689283203893,184.5369619253439,42.12462082320555
2021-08-26 14:00:00,190,8,199.0,184.0,184.0,140.14285714285714,192.59210143358047,20.472826335833872,193.36309557868375,19.066869760348393,183.6534179556956,72.00689283203893,186.13653214781635,42.12462082320555
2021-08-26 15:00:00,202,8,190.0,180.0,185.0,140.57142857142858,192.40782120679853,20.472826335833872,192.24270943229934,19.066869760348393,187.17410888152918,72.00689283203893,184.1790826247746,42.12462082320555
2021-08-26 16:00:00,186,8,202.0,172.0,171.0,133.85714285714286,186.91166809406008,20.472826335833872,188.3530789581289,19.066869760348393,179.30921133230248,72.00689283203893,179.57818266697484,42.12462082320555
2021-08-26 17:00:00,161,8,186.0,176.0,155.0,124.71428571428571,165.04982530805057,20.472826335833872,162.19587706810432,19.066869760348393,173.94244811470764,72.00689283203893,163.045040645312,42.12462082320555
2021-08-26 18:00:00,167,8,161.0,172.0,161.0,125.0,174.98717118823382,20.472826335833872,174.59820691219062,19.066869760348393,171.8323142547474,72.00689283203893,175.3703195377618,42.12462082320555
2021-08-26 19:00:00,170,8,167.0,152.0,153.0,113.57142857142857,162.3605932082321,20.472826335833872,166.33927246952265,19.066869760348393,159.1199833402652,72.00689283203893,165.13562726912298,42.12462082320555
2021-08-26 20:00:00,121,8,170.0,124.0,134.0,96.28571428571429,126.44581670897051,20.472826335833872,130.84991537485087,19.066869760348393,140.5882197437521,72.00689283203893,134.657549192713,42.12462082320555
2021-08-26 21:00:00,128,8,121.0,131.0,123.0,94.42857142857143,124.0367475633246,20.472826335833872,126.96415657473484,19.066869760348393,131.26232490433483,72.00689283203893,126.38821250148284,42.12462082320555
2021-08-26 22:00:00,116,8,128.0,114.0,125.0,90.85714285714286,116.81755704255126,20.472826335833872,118.39209913185441,19.066869760348393,133.61380246259327,72.00689283203893,124.52606016825226,42.12462082320555
2021-08-26 23:00:00,113,8,116.0,119.0,117.0,86.42857142857143,119.68666679965423,20.472826335833872,118.387468074614,19.066869760348393,130.35121570720474,72.00689283203893,121.19753484158899,42.12462082320555
2021-08-27 00:00:00,77,8,113.0,73.0,80.0,59.0,71.73247922839089,20.472826335833872,73.14055603671106,19.066869760348393,67.59679431760857,72.00689283203893,71.32180917983578,42.12462082320555
2021-08-27 01:00:00,111,8,77.0,110.0,109.0,84.14285714285714,111.41856913307996,20.472826335833872,111.72560322013146,19.066869760348393,112.50814833531315,72.00689283203893,110.36402659891489,42.12462082320555
2021-08-27 02:00:00,115,8,111.0,118.0,110.0,88.14285714285714,112.52478822775282,20.472826335833872,114.31695491170633,19.066869760348393,115.6957128170152,72.00689283203893,118.62316525500687,42.12462082320555
2021-08-27 03:00:00,114,8,115.0,104.0,107.0,83.57142857142857,110.98053085272866,20.472826335833872,112.714285422576,19.066869760348393,112.00293677920423,72.00689283203893,113.13951786981978,42.12462082320555
2021-08-27 04:00:00,112,8,114.0,115.0,106.0,85.0,111.36829716181754,20.472826335833872,112.92447440240983,19.066869760348393,113.15637680682337,72.00689283203893,113.48336741161,42.12462082320555
2021-08-27 05:00:00,104,8,112.0,108.0,104.0,83.28571428571429,109.89899979892671,20.472826335833872,110.14115514680988,19.066869760348393,111.18096165391627,72.00689283203893,107.58238867878575,42.12462082320555
2021-08-27 06:00:00,103,8,104.0,111.0,115.0,85.14285714285714,114.03147994360057,20.472826335833872,114.75133461207636,19.066869760348393,109.9414920968536,72.00689283203893,113.26376552631372,42.12462082320555
2021-08-27 07:00:00,135,8,103.0,147.0,146.0,115.42857142857143,132.13748175656582,20.472826335833872,133.60004117916844,19.066869760348393,144.91018114481577,72.00689283203893,150.31497908861456,42.12462082320555
2021-08-27 08:00:00,190,8,135.0,196.0,179.0,140.28571428571428,184.2483514064216,20.472826335833872,182.4578135227118,19.066869760348393,170.9594866375761,72.00689283203893,181.25954510210153,42.12462082320555
2021-08-27 09:00:00,185,8,190.0,199.0,175.0,140.0,181.72832347667537,20.472826335833872,190.48507078493964,19.066869760348393,177.7367643393254,72.00689283203893,189.87944650815516,42.12462082320555
2021-08-27 10:00:00,177,8,185.0,193.0,168.0,136.71428571428572,183.65558671277498,20.472826335833872,192.75376384193825,19.066869760348393,178.98009116810928,72.00689283203893,192.34841051295209,42.12462082320555
2021-08-27 11:00:00,182,8,177.0,194.0,193.0,142.71428571428572,176.616456355762,20.472826335833872,185.27867911506388,19.066869760348393,172.92033188990897,72.00689283203893,189.9149793636155,42.12462082320555
2021-08-27 12:00:00,125,8,182.0,127.0,134.0,99.14285714285714,119.86306871774926,20.472826335833872,121.45276170569123,19.066869760348393,124.91799631930904,72.00689283203893,129.09713046628693,42.12462082320555
2021-08-27 13:00:00,179,8,125.0,199.0,180.0,139.85714285714286,178.45272182391432,20.472826335833872,182.1368996081319,19.066869760348393,175.7165645180248,72.00689283203893,192.061888962048,42.12462082320555
2021-08-27 14:00:00,169,8,179.0,190.0,184.0,141.0,179.89581897281718,20.472826335833872,182.21484543415716,19.066869760348393,177.53019807942928,72.00689283203893,188.82294053336952,42.12462082320555
2021-08-27 15:00:00,175,8,169.0,202.0,176.0,143.0,171.78195956048484,20.472826335833872,178.1030358181492,19.066869760348393,175.72822714336357,72.00689283203893,187.7925095788289,42.12462082320555
2021-08-27 16:00:00,161,8,175.0,186.0,177.0,136.0,172.75774188620048,20.472826335833872,174.3603730274563,19.066869760348393,174.20709934027084,72.00689283203893,178.8295749210745,42.12462082320555
2021-08-27 17:00:00,163,8,161.0,161.0,164.0,125.57142857142857,162.3087598296706,20.472826335833872,164.32300081680663,19.066869760348393,170.94451302579677,72.00689283203893,175.8143763658325,42.12462082320555
2021-08-27 18:00:00,157,8,163.0,167.0,158.0,125.85714285714286,158.8444192564689,20.472826335833872,164.49198754821094,19.066869760348393,167.72983209646046,72.00689283203893,171.34718200201368,42.12462082320555
2021-08-27 19:00:00,138,8,157.0,170.0,146.0,116.0,153.50090601604202,20.472826335833872,151.5670465552156,19.066869760348393,156.1576305978735,72.00689283203893,154.72924194772784,42.12462082320555
2021-08-27 20:00:00,111,8,138.0,121.0,125.0,94.42857142857143,120.37979534582605,20.472826335833872,124.59859243985967,19.066869760348393,121.95002039632372,72.00689283203893,119.09955903233396,42.12462082320555
2021-08-27 21:00:00,115,8,111.0,128.0,121.0,95.14285714285714,119.05741679124604,20.472826335833872,117.79273490714604,19.066869760348393,118.26660723131033,72.00689283203893,116.11129957679121,42.12462082320555
2021-08-27 22:00:00,105,8,115.0,116.0,113.0,89.57142857142857,110.34866768292736,20.472826335833872,110.29337806340371,19.066869760348393,118.0316955787178,72.00689283203893,109.37501211901997,42.12462082320555
2021-08-27 23:00:00,113,8,105.0,113.0,106.0,85.85714285714286,109.10424260750658,20.472826335833872,110.1876712206241,19.066869760348393,119.63101359714038,72.00689283203893,109.91144708058023,42.12462082320555
2021-08-28 00:00:00,75,8,113.0,77.0,64.0,58.57142857142857,66.95691708390389,20.472826335833872,68.97332664462579,19.066869760348393,77.57301419379093,72.00689283203893,75.24915048870099,42.12462082320555
2021-08-28 01:00:00,111,8,75.0,111.0,99.0,84.42857142857143,106.74034026408218,20.472826335833872,106.79992305784884,19.066869760348393,105.13282544996117,72.00689283203893,108.7816009843729,42.12462082320555
2021-08-28 02:00:00,119,8,111.0,115.0,109.0,88.85714285714286,108.5020149364418,20.472826335833872,108.54939394617521,19.066869760348393,113.06966967039958,72.00689283203893,111.41716043011058,42.12462082320555
2021-08-28 03:00:00,109,8,119.0,114.0,102.0,84.57142857142857,113.36114033922672,20.472826335833872,113.96314382142614,19.066869760348393,106.74129453578485,72.00689283203893,109.09517134140765,42.12462082320555
2021-08-28 04:00:00,107,8,109.0,112.0,107.0,85.85714285714286,110.20440891790135,20.472826335833872,110.25532804910294,19.066869760348393,113.73187218148674,72.00689283203893,107.8104337848019,42.12462082320555
2021-08-28 05:00:00,107,8,107.0,104.0,110.0,83.28571428571429,103.00559438255004,20.472826335833872,104.551296302583,19.066869760348393,111.67838939239537,72.00689283203893,107.74118711291528,42.12462082320555
2021-08-28 06:00:00,103,8,107.0,103.0,103.0,83.42857142857143,107.24178481249106,20.472826335833872,108.76876525455428,19.066869760348393,112.48427844104438,72.00689283203893,109.14513362755169,42.12462082320555
2021-08-28 07:00:00,94,8,103.0,135.0,94.0,113.85714285714286,107.76583072016298,20.472826335833872,109.50290225948423,19.066869760348393,93.31993919948188,72.00689283203893,105.88688034918107,42.12462082320555
2021-08-28 08:00:00,36,8,94.0,190.0,26.0,141.85714285714286,32.66879473459067,20.472826335833872,25.65572175295731,19.066869760348393,45.29376019881014,72.00689283203893,42.45573168948681,42.12462082320555
2021-08-28 09:00:00,36,8,36.0,185.0,21.0,141.42857142857142,28.515566732159005,20.472826335833872,29.262528602454044,19.066869760348393,47.854939326895796,72.00689283203893,41.262618148556676,42.12462082320555
2021-08-28 10:00:00,41,8,36.0,177.0,22.0,138.0,23.25299233886103,20.472826335833872,23.283156172055442,19.066869760348393,47.84172647585497,72.00689283203893,39.44766793169134,42.12462082320555
2021-08-28 11:00:00,39,8,41.0,182.0,26.0,141.14285714285714,27.29876339465884,20.472826335833872,33.68430221402907,19.066869760348393,47.64185974970641,72.00689283203893,38.82521398963356,42.12462082320555
2021-08-28 12:00:00,38,8,39.0,125.0,22.0,97.85714285714286,25.371674424304732,20.472826335833872,26.41116397685708,19.066869760348393,45.38419443166475,72.00689283203893,33.289703172416644,42.12462082320555
2021-08-28 13:00:00,41,8,38.0,179.0,21.0,139.71428571428572,23.66473961939957,20.472826335833872,26.754595610003232,19.066869760348393,49.93443364415275,72.00689283203893,37.898385793106904,42.12462082320555
2021-08-28 14:00:00,41,8,41.0,169.0,26.0,138.85714285714286,23.92523326183393,20.472826335833872,25.227060327813177,19.066869760348393,47.64269640446483,72.00689283203893,41.52198665894257,42.12462082320555
2021-08-28 15:00:00,38,8,41.0,175.0,23.0,142.85714285714286,27.909376676556747,20.472826335833872,27.61974170513192,19.066869760348393,54.855117113899205,72.00689283203893,40.472962081378974,42.12462082320555
2021-08-28 16:00:00,52,8,38.0,161.0,22.0,133.71428571428572,28.367402877225583,20.472826335833872,25.441967690762453,19.066869760348393,49.877860878344414,72.00689283203893,42.90832831706195,42.12462082320555
2021-08-28 17:00:00,47,8,52.0,163.0,22.0,125.42857142857143,78.43560663554804,20.472826335833872,75.82093469670869,19.066869760348393,52.29130641692036,72.00689283203893,42.79426143129324,42.12462082320555
2021-08-28 18:00:00,0,8,47.0,157.0,27.0,125.71428571428571,63.62636970520035,20.472826335833872,54.8852800224547,19.066869760348393,52.578622009841204,72.00689283203893,41.36711187279812,42.12462082320555
2021-08-28 19:00:00,0,8,0.0,138.0,21.0,114.85714285714286,43.67840002227745,20.472826335833872,35.29680821368095,19.066869760348393,49.199490698751006,72.00689283203893,44.313954450197265,42.12462082320555
2021-08-28 20:00:00,0,8,0.0,111.0,22.0,92.42857142857143,26.67098081561616,20.472826335833872,25.591302488642736,19.066869760348393,54.50674916672684,72.00689283203893,40.11081082217578,42.12462082320555
2021-08-28 21:00:00,0,8,0.0,115.0,23.0,94.28571428571429,24.187888143818196,20.472826335833872,23.482690802940258,19.066869760348393,56.068373617125104,72.00689283203893,40.01399754977469,42.12462082320555
2021-08-28 22:00:00,0,8,0.0,105.0,27.0,88.42857142857143,23.199510276883554,20.472826335833872,24.15661108919054,19.066869760348393,58.02512998593606,72.00689283203893,38.15682198936506,42.12462082320555
2021-08-28 23:00:00,0,8,0.0,113.0,23.0,86.85714285714286,23.71361961033881,20.472826335833872,23.549117899146257,19.066869760348393,57.86451757172721,72.00689283203893,37.774149775082414,42.12462082320555
2021-08-29 00:00:00,0,8,0.0,75.0,23.0,60.142857142857146,23.9433919374329,20.472826335833872,25.139560543474467,19.066869760348393,16.172772091960816,72.00689283203893,20.914092047376805,42.12462082320555
2021-08-29 01:00:00,0,8,0.0,111.0,26.0,86.14285714285714,23.745063621022766,20.472826335833872,24.227905706953532,19.066869760348393,15.004145343126963,72.00689283203893,21.744412047674484,42.12462082320555
2021-08-29 02:00:00,0,8,0.0,119.0,27.0,90.28571428571429,24.388848009425168,20.472826335833872,24.29468202945145,19.066869760348393,15.778155704331118,72.00689283203893,22.440885642429542,42.12462082320555
2021-08-29 03:00:00,0,8,0.0,109.0,24.0,85.57142857142857,24.45196369935152,20.472826335833872,24.53036347823868,19.066869760348393,18.26289973298392,72.00689283203893,22.29636079665279,42.12462082320555
2021-08-29 04:00:00,0,8,0.0,107.0,22.0,85.85714285714286,22.088304802179113,20.472826335833872,22.19319766751009,19.066869760348393,19.471050604349458,72.00689283203893,22.283030235230914,42.12462082320555
2021-08-29 05:00:00,0,8,0.0,107.0,26.0,82.85714285714286,22.42857127728606,20.472826335833872,21.568228424916356,19.066869760348393,15.910487887191506,72.00689283203893,22.035564803941103,42.12462082320555
2021-08-29 06:00:00,0,8,0.0,103.0,22.0,83.42857142857143,22.263009285813503,20.472826335833872,22.392895914156043,19.066869760348393,17.969281363963738,72.00689283203893,21.785741049370785,42.12462082320555
2021-08-29 07:00:00,0,8,0.0,94.0,22.0,113.85714285714286,26.405916356662342,20.472826335833872,25.11654539152333,19.066869760348393,21.19298171477637,72.00689283203893,26.234337552211063,42.12462082320555
2021-08-29 08:00:00,0,8,0.0,36.0,22.0,143.28571428571428,22.871016557545822,20.472826335833872,19.47962141241236,19.066869760348393,18.925241975224164,72.00689283203893,21.329750127216602,42.12462082320555
2021-08-29 09:00:00,0,8,0.0,36.0,27.0,143.57142857142858,23.366571985720505,20.472826335833872,21.1809676619973,19.066869760348393,15.195612743355477,72.00689283203893,22.08097097699024,42.12462082320555
2021-08-29 10:00:00,0,8,0.0,41.0,22.0,140.71428571428572,21.63201422268115,20.472826335833872,20.903746876005787,19.066869760348393,16.247190648032607,72.00689283203893,21.057798588757578,42.12462082320555
2021-08-29 11:00:00,41,8,0.0,39.0,23.0,143.0,22.198152306294865,20.472826335833872,20.918679304164275,19.066869760348393,17.181069044703616,72.00689283203893,21.99693149278274,42.12462082320555
2021-08-29 12:00:00,23,8,41.0,38.0,24.0,100.14285714285714,23.089676378288097,20.472826335833872,20.952610271180696,19.066869760348393,19.134196274814215,72.00689283203893,24.328221390639907,42.12462082320555
2021-08-29 13:00:00,19,8,23.0,41.0,26.0,142.57142857142858,22.424275952884354,20.472826335833872,20.396923207577398,19.066869760348393,16.39059225381907,72.00689283203893,22.278499991171344,42.12462082320555
2021-08-29 14:00:00,22,8,19.0,41.0,23.0,141.0,24.50767727408466,20.472826335833872,24.173276052133374,19.066869760348393,16.03789112052539,72.00689283203893,21.626513406469137,42.12462082320555
2021-08-29 15:00:00,21,8,22.0,38.0,23.0,145.0,24.730140238225303,20.472826335833872,23.630895934197113,19.066869760348393,15.275903321638811,72.00689283203893,21.334991363683873,42.12462082320555
2021-08-29 16:00:00,23,8,21.0,52.0,27.0,138.0,22.34345929078508,20.472826335833872,21.50969735635914,19.066869760348393,14.915763930543886,72.00689283203893,22.421715304224133,42.12462082320555
2021-08-29 17:00:00,26,8,23.0,47.0,22.0,129.0,22.168045288132795,20.472826335833872,22.556223180904198,19.066869760348393,15.317430531676496,72.00689283203893,21.20338118976461,42.12462082320555
2021-08-29 18:00:00,25,8,26.0,0.0,22.0,121.85714285714286,22.062473950521387,20.472826335833872,22.839531979709342,19.066869760348393,18.70953975155009,72.00689283203893,18.190323400410012,42.12462082320555
2021-08-29 19:00:00,21,8,25.0,0.0,22.0,111.85714285714286,22.388084556822477,20.472826335833872,21.602332114052974,19.066869760348393,19.735166926727643,72.00689283203893,20.193832042702912,42.12462082320555
2021-08-29 20:00:00,20,8,21.0,0.0,26.0,89.28571428571429,22.569136935209716,20.472826335833872,21.269995146104332,19.066869760348393,20.550364914025074,72.00689283203893,21.060129226524243,42.12462082320555
2021-08-29 21:00:00,21,8,20.0,0.0,23.0,91.0,27.068914562430365,20.472826335833872,24.32319552956881,19.066869760348393,19.372189026492265,72.00689283203893,20.705079730895765,42.12462082320555
2021-08-29 22:00:00,24,8,21.0,0.0,24.0,84.57142857142857,23.57386274596291,20.472826335833872,22.9724533966182,19.066869760348393,16.67700264090362,72.00689283203893,21.609527814595538,42.12462082320555
2021-08-29 23:00:00,21,8,24.0,0.0,26.0,83.57142857142857,22.46639937607702,20.472826335833872,20.759807540417007,19.066869760348393,18.225126017358004,72.00689283203893,21.597820218122166,42.12462082320555
2021-08-30 00:00:00,20,8,21.0,0.0,25.0,56.857142857142854,30.623651789496527,20.472826335833872,29.359319408355088,19.066869760348393,42.190806907754514,72.00689283203893,39.69945130650366,42.12462082320555
2021-08-30 01:00:00,23,8,20.0,0.0,23.0,82.42857142857143,26.89395530927029,20.472826335833872,24.47862385757817,19.066869760348393,33.68419293032225,72.00689283203893,32.6771069112797,42.12462082320555
2021-08-30 02:00:00,24,8,23.0,0.0,23.0,86.42857142857143,25.26484075991795,20.472826335833872,23.927511186107385,19.066869760348393,32.23885577791735,72.00689283203893,32.67315934603062,42.12462082320555
2021-08-30 03:00:00,21,8,24.0,0.0,27.0,82.14285714285714,25.7402505571595,20.472826335833872,23.44892108630754,19.066869760348393,30.60295311263915,72.00689283203893,32.81428448024093,42.12462082320555
2021-08-30 04:00:00,20,8,21.0,0.0,22.0,82.71428571428571,29.35011779774388,20.472826335833872,26.59290467013597,19.066869760348393,33.89535516518113,72.00689283203893,33.778259024660784,42.12462082320555
2021-08-30 05:00:00,20,8,20.0,0.0,22.0,79.14285714285714,26.72397624796479,20.472826335833872,24.700353237250123,19.066869760348393,34.14110905431159,72.00689283203893,37.20246826036574,42.12462082320555
2021-08-30 06:00:00,24,8,20.0,0.0,22.0,80.28571428571429,27.21743022912145,20.472826335833872,26.19273512818608,19.066869760348393,37.137310585140945,72.00689283203893,35.80326366472753,42.12462082320555
2021-08-30 07:00:00,80,8,24.0,0.0,92.0,110.71428571428571,72.51624231572971,20.472826335833872,75.7329593038459,19.066869760348393,99.08816496313152,72.00689283203893,99.0268608233864,42.12462082320555
2021-08-30 08:00:00,183,8,80.0,0.0,181.0,140.14285714285714,181.95472307704222,20.472826335833872,183.53013183206454,19.066869760348393,152.49879671074714,72.00689283203893,186.1721165657107,42.12462082320555
2021-08-30 09:00:00,180,8,183.0,0.0,187.0,139.71428571428572,183.1004905332012,20.472826335833872,178.04172970874262,19.066869760348393,151.4277403310793,72.00689283203893,186.12401243219347,42.12462082320555
2021-08-30 10:00:00,186,8,180.0,0.0,182.0,137.57142857142858,170.53688639087622,20.472826335833872,171.43162115591568,19.066869760348393,152.91782339915625,72.00689283203893,187.3292030884154,42.12462082320555
2021-08-30 11:00:00,180,8,186.0,41.0,191.0,145.57142857142858,179.12200518277103,20.472826335833872,182.8525773176389,19.066869760348393,158.71325295130464,72.00689283203893,186.01619029209598,42.12462082320555
2021-08-30 12:00:00,134,8,180.0,23.0,136.0,100.0,129.25734613646185,20.472826335833872,134.02067784161991,19.066869760348393,133.65797109950407,72.00689283203893,131.9018661333127,42.12462082320555
2021-08-30 13:00:00,177,8,134.0,19.0,193.0,141.57142857142858,173.0498636010645,20.472826335833872,173.36393791391254,19.066869760348393,152.88159119715428,72.00689283203893,185.53144536576306,42.12462082320555
2021-08-30 14:00:00,174,8,177.0,22.0,190.0,140.85714285714286,172.7472880756646,20.472826335833872,174.01674683734572,19.066869760348393,154.19138900720634,72.00689283203893,189.29652396209138,42.12462082320555
2021-08-30 15:00:00,177,8,174.0,21.0,196.0,144.71428571428572,172.75127196775796,20.472826335833872,175.93117033664828,19.066869760348393,155.17863425428135,72.00689283203893,179.73357927459188,42.12462082320555
2021-08-30 16:00:00,174,8,177.0,23.0,177.0,137.42857142857142,173.09084263712074,20.472826335833872,172.71968974889717,19.066869760348393,147.8171863227123,72.00689283203893,178.90088306783048,42.12462082320555
2021-08-30 17:00:00,172,8,174.0,26.0,177.0,129.57142857142858,161.29616181051685,20.472826335833872,156.55268954411488,19.066869760348393,138.15321354937652,72.00689283203893,143.63796096093841,42.12462082320555
2021-08-30 18:00:00,172,8,172.0,25.0,179.0,122.28571428571429,159.4379699801314,20.472826335833872,162.8371363900748,19.066869760348393,134.50992502089267,72.00689283203893,169.46678362883674,42.12462082320555
2021-08-30 19:00:00,162,8,172.0,21.0,137.0,111.71428571428571,142.6359200195589,20.472826335833872,145.12696352607983,19.066869760348393,135.97463067609797,72.00689283203893,137.09516833315004,42.12462082320555
2021-08-30 20:00:00,132,8,162.0,20.0,118.0,88.42857142857143,124.81027443592706,20.472826335833872,121.84088996681864,19.066869760348393,120.783243883858,72.00689283203893,98.6136666470261,42.12462082320555
2021-08-30 21:00:00,135,8,132.0,21.0,117.0,90.71428571428571,118.94736469932698,20.472826335833872,119.22646721571202,19.066869760348393,121.58794862312075,72.00689283203893,102.49281793051995,42.12462082320555
2021-08-30 22:00:00,123,8,135.0,24.0,113.0,84.57142857142857,114.06500967036999,20.472826335833872,115.62676986834042,19.066869760348393,118.94457267706304,72.00689283203893,117.81021668904542,42.12462082320555
2021-08-30 23:00:00,115,8,123.0,21.0,107.0,82.85714285714286,114.52549084159125,20.472826335833872,115.86576087354528,19.066869760348393,119.20526813177679,72.00689283203893,102.88026640761926,42.12462082320555
2021-08-31 00:00:00,76,8,115.0,20.0,67.0,56.142857142857146,69.54495513125156,20.472826335833872,73.16374293398036,19.066869760348393,67.17653842658984,72.00689283203893,77.86765789504643,42.12462082320555
2021-08-31 01:00:00,111,8,76.0,23.0,111.0,82.42857142857143,112.26305805147396,20.472826335833872,113.84045786619407,19.066869760348393,114.20425658012152,72.00689283203893,114.1452451801566,42.12462082320555
2021-08-31 02:00:00,114,8,111.0,24.0,115.0,86.57142857142857,109.57778915476113,20.472826335833872,110.34177033437675,19.066869760348393,112.76362884256449,72.00689283203893,114.56221863391036,42.12462082320555
2021-08-31 03:00:00,107,8,114.0,21.0,115.0,81.28571428571429,108.89987458749741,20.472826335833872,109.13470211139845,19.066869760348393,111.42129533153475,72.00689283203893,110.26346233277388,42.12462082320555
2021-08-31 04:00:00,114,8,107.0,20.0,113.0,82.42857142857143,108.10675159738308,20.472826335833872,108.94596358307481,19.066869760348393,106.9678449985992,72.00689283203893,109.17343159956884,42.12462082320555
2021-08-31 05:00:00,114,8,114.0,20.0,106.0,78.85714285714286,103.29017450195207,20.472826335833872,101.83081219531016,19.066869760348393,99.90157018215483,72.00689283203893,104.85076388180549,42.12462082320555
2021-08-31 06:00:00,114,8,114.0,24.0,115.0,80.57142857142857,113.12374396478944,20.472826335833872,112.36385700665055,19.066869760348393,113.43848725298567,72.00689283203893,114.27596222531785,42.12462082320555
2021-08-31 07:00:00,144,8,114.0,80.0,145.0,109.0,145.42317342536234,20.472826335833872,143.39982462134267,19.066869760348393,147.35847740040242,72.00689283203893,147.04997766079885,42.12462082320555
2021-08-31 08:00:00,177,8,144.0,183.0,196.0,140.42857142857142,180.9172719023543,20.472826335833872,183.49517754317773,19.066869760348393,169.84818363088394,72.00689283203893,179.45615422493177,42.12462082320555
2021-08-31 09:00:00,185,8,177.0,180.0,190.0,138.71428571428572,176.7007044251603,20.472826335833872,178.76645392735338,19.066869760348393,168.07393121512786,72.00689283203893,178.4637502039164,42.12462082320555
2021-08-31 10:00:00,187,8,185.0,186.0,181.0,138.14285714285714,182.9217195065284,20.472826335833872,182.22270527029596,19.066869760348393,172.1633876360581,72.00689283203893,180.44615026132746,42.12462082320555
2021-08-31 11:00:00,182,8,187.0,180.0,188.0,144.0,181.3627204382951,20.472826335833872,180.9272054661814,19.066869760348393,175.4521134302799,72.00689283203893,179.24552793000225,42.12462082320555
2021-08-31 12:00:00,135,8,182.0,134.0,130.0,99.71428571428571,132.7932597309377,20.472826335833872,128.01209409685163,19.066869760348393,135.77398422989668,72.00689283203893,133.87445813876835,42.12462082320555
2021-08-31 13:00:00,184,8,135.0,177.0,180.0,139.28571428571428,179.5341615560319,20.472826335833872,182.22287965248495,19.066869760348393,171.16275980753792,72.00689283203893,178.63812789938382,42.12462082320555
2021-08-31 14:00:00,187,8,184.0,174.0,190.0,138.57142857142858,178.3962046371816,20.472826335833872,178.92557868056997,19.066869760348393,175.97754322657525,72.00689283203893,183.33065064019482,42.12462082320555
2021-08-31 15:00:00,170,8,187.0,177.0,201.0,142.0,174.23298143003916,20.472826335833872,176.04413523785482,19.066869760348393,174.581090526838,72.00689283203893,177.22871976069865,42.12462082320555
2021-08-31 16:00:00,180,8,170.0,174.0,191.0,137.0,175.40527306287456,20.472826335833872,174.59374298885382,19.066869760348393,181.74378793521078,72.00689283203893,177.07749434953618,42.12462082320555
2021-08-31 17:00:00,139,8,180.0,172.0,157.0,128.85714285714286,169.74714582795664,20.472826335833872,168.55920871954763,19.066869760348393,166.14306751599554,72.00689283203893,163.2960355234774,42.12462082320555
2021-08-31 18:00:00,162,8,139.0,172.0,156.0,121.28571428571429,158.54334513204455,20.472826335833872,154.59796371851792,19.066869760348393,165.90879769629316,72.00689283203893,160.98213402916647,42.12462082320555
2021-08-31 19:00:00,154,8,162.0,162.0,164.0,115.28571428571429,160.08647664072294,20.472826335833872,162.5035819701224,19.066869760348393,166.64078857774345,72.00689283203893,165.3275822328987,42.12462082320555
2021-08-31 20:00:00,152,8,154.0,132.0,125.0,90.42857142857143,126.40367848696782,20.472826335833872,125.06637803815823,19.066869760348393,138.89724025765918,72.00689283203893,128.78362532280929,42.12462082320555
2021-08-31 21:00:00,132,8,152.0,135.0,123.0,93.28571428571429,129.31354637239454,20.472826335833872,125.52913096557151,19.066869760348393,140.51280479472322,72.00689283203893,126.74962524162832,42.12462082320555
2021-08-31 22:00:00,127,8,132.0,123.0,120.0,86.0,121.33074618721913,20.472826335833872,120.46442855548749,19.066869760348393,134.9760202383477,72.00689283203893,121.40496637629802,42.12462082320555
2021-08-31 23:00:00,128,8,127.0,115.0,107.0,84.0,120.2876179877964,20.472826335833872,120.60176800647913,19.066869760348393,127.7673548120345,72.00689283203893,116.2021779764341,42.12462082320555
2021-09-01 00:00:00,83,9,128.0,76.0,81.0,57.42857142857143,78.81712768643543,44.64618606844487,78.08177857621911,42.50769554614345,62.95753117767554,73.21486258622484,71.71045077232246,68.3796120625015
2021-09-01 01:00:00,117,9,83.0,111.0,111.0,82.42857142857143,111.23750167028827,44.64618606844487,115.39714876720247,42.50769554614345,104.59955740504259,73.21486258622484,116.58634939138818,68.3796120625015
2021-09-01 02:00:00,121,9,117.0,114.0,115.0,86.42857142857143,119.42671174535327,44.64618606844487,120.38725443232774,42.50769554614345,104.83158747501281,73.21486258622484,114.96491936817023,68.3796120625015
2021-09-01 03:00:00,103,9,121.0,107.0,106.0,80.14285714285714,120.18735000424208,44.64618606844487,120.48790246682381,42.50769554614345,102.45767263776403,73.21486258622484,107.58560080318951,68.3796120625015
2021-09-01 04:00:00,119,9,103.0,114.0,110.0,82.57142857142857,113.74166615719399,44.64618606844487,114.96842336096341,42.50769554614345,105.36297189723614,73.21486258622484,113.87834334747497,68.3796120625015
2021-09-01 05:00:00,112,9,119.0,114.0,107.0,80.0,114.51119073587748,44.64618606844487,113.80714892180346,42.50769554614345,103.01425209908723,73.21486258622484,107.79978190427826,68.3796120625015
2021-09-01 06:00:00,119,9,112.0,114.0,108.0,80.42857142857143,118.14294208047988,44.64618606844487,118.4729947048091,42.50769554614345,104.32475385003586,73.21486258622484,109.22290636598514,68.3796120625015
2021-09-01 07:00:00,139,9,119.0,144.0,162.0,108.85714285714286,158.54292295298976,44.64618606844487,157.64862460693212,42.50769554614345,149.06301600965608,73.21486258622484,151.1208813242828,68.3796120625015
2021-09-01 08:00:00,198,9,139.0,177.0,182.0,137.71428571428572,175.01065996901292,44.64618606844487,174.66607473967548,42.50769554614345,168.7448046899853,73.21486258622484,183.42984062888144,68.3796120625015
2021-09-01 09:00:00,189,9,198.0,185.0,181.0,138.0,192.12414703843683,44.64618606844487,190.39162332244362,42.50769554614345,166.43053610219107,73.21486258622484,182.82096427847114,68.3796120625015
2021-09-01 10:00:00,196,9,189.0,187.0,189.0,139.0,191.84901382823884,44.64618606844487,186.85612804505243,42.50769554614345,161.37194065820577,73.21486258622484,183.14846642331048,68.3796120625015
2021-09-01 11:00:00,180,9,196.0,182.0,184.0,143.14285714285714,190.35856148472516,44.64618606844487,192.23654301521546,42.50769554614345,166.7937002119626,73.21486258622484,183.26126994696924,68.3796120625015
2021-09-01 12:00:00,138,9,180.0,135.0,121.0,100.42857142857143,130.7280795648876,44.64618606844487,128.61550154001046,42.50769554614345,118.28419203969074,73.21486258622484,127.6362358134622,68.3796120625015
2021-09-01 13:00:00,190,9,138.0,184.0,180.0,139.85714285714286,185.399932888115,44.64618606844487,189.8493853251868,42.50769554614345,164.68497754038782,73.21486258622484,188.25667070250165,68.3796120625015
2021-09-01 14:00:00,192,9,190.0,187.0,184.0,138.14285714285714,188.05883731817943,44.64618606844487,188.74161602894023,42.50769554614345,161.03516360315348,73.21486258622484,180.9835705258655,68.3796120625015
2021-09-01 15:00:00,182,9,192.0,170.0,180.0,137.57142857142858,189.67552228658744,44.64618606844487,189.27002117337858,42.50769554614345,165.7346162481246,73.21486258622484,175.34131073640265,68.3796120625015
2021-09-01 16:00:00,187,9,182.0,180.0,172.0,135.42857142857142,178.75959716297695,44.64618606844487,178.49480080185427,42.50769554614345,159.35228203156782,73.21486258622484,177.32130298881512,68.3796120625015
2021-09-01 17:00:00,180,9,187.0,139.0,176.0,126.28571428571429,169.58653056625252,44.64618606844487,171.96333561700138,42.50769554614345,158.49902136330218,73.21486258622484,164.59798132142748,68.3796120625015
2021-09-01 18:00:00,167,9,180.0,162.0,172.0,122.14285714285714,171.4811061317968,44.64618606844487,169.61938316418843,42.50769554614345,152.30536413052974,73.21486258622484,164.81930773194742,68.3796120625015
2021-09-01 19:00:00,163,9,167.0,154.0,152.0,113.85714285714286,161.62767750621865,44.64618606844487,160.3265622926253,42.50769554614345,137.83415241643272,73.21486258622484,155.08351693077057,68.3796120625015
2021-09-01 20:00:00,139,9,163.0,152.0,124.0,94.28571428571429,136.84773237933737,44.64618606844487,136.88196161903508,42.50769554614345,125.56526970353475,73.21486258622484,137.63107438045253,68.3796120625015
2021-09-01 21:00:00,133,9,139.0,132.0,131.0,94.57142857142857,126.18757663493899,44.64618606844487,128.78513141906052,42.50769554614345,121.97120752904821,73.21486258622484,125.42360806577497,68.3796120625015
2021-09-01 22:00:00,128,9,133.0,127.0,114.0,87.0,122.82702959650474,44.64618606844487,122.384364502827,42.50769554614345,111.46516650905112,73.21486258622484,115.04239119857098,68.3796120625015
2021-09-01 23:00:00,121,9,128.0,128.0,119.0,87.0,123.52083620936551,44.64618606844487,124.64150788213121,42.50769554614345,113.94074315851277,73.21486258622484,120.49416413216927,68.3796120625015
2021-09-02 00:00:00,87,9,121.0,83.0,73.0,57.714285714285715,75.67041331615476,44.64618606844487,74.41273382276567,42.50769554614345,81.08816909361421,73.21486258622484,80.1908999908777,68.3796120625015
2021-09-02 01:00:00,119,9,87.0,117.0,110.0,83.28571428571429,116.53453022894321,44.64618606844487,116.04650342452108,42.50769554614345,120.67361755895436,73.21486258622484,116.0506859172008,68.3796120625015
2021-09-02 02:00:00,119,9,119.0,121.0,118.0,87.28571428571429,120.79963254200874,44.64618606844487,120.33498765269324,42.50769554614345,121.71200585368005,73.21486258622484,118.33484240210939,68.3796120625015
2021-09-02 03:00:00,118,9,119.0,103.0,104.0,79.71428571428571,116.88250348724738,44.64618606844487,117.2930508893232,42.50769554614345,119.96988838559996,73.21486258622484,110.71371667272261,68.3796120625015
2021-09-02 04:00:00,120,9,118.0,119.0,115.0,83.85714285714286,115.43830265622303,44.64618606844487,117.26064474930884,42.50769554614345,118.44322336370007,73.21486258622484,118.24885717490727,68.3796120625015
2021-09-02 05:00:00,108,9,120.0,112.0,108.0,80.71428571428571,113.45552715816403,44.64618606844487,114.80225392135594,42.50769554614345,119.85336258712448,73.21486258622484,113.05121982767479,68.3796120625015
2021-09-02 06:00:00,117,9,108.0,119.0,111.0,82.0,116.64610964062595,44.64618606844487,118.50225482474481,42.50769554614345,122.04456969920003,73.21486258622484,119.3897358266037,68.3796120625015
2021-09-02 07:00:00,160,9,117.0,139.0,147.0,105.57142857142857,158.00100324931586,44.64618606844487,157.95876223518968,42.50769554614345,150.11322338963132,73.21486258622484,149.5511139106426,68.3796120625015
2021-09-02 08:00:00,171,9,160.0,198.0,196.0,140.0,181.79546791364086,44.64618606844487,185.17521154215655,42.50769554614345,186.3050295451893,73.21486258622484,190.70674859874364,68.3796120625015
2021-09-02 09:00:00,198,9,171.0,189.0,199.0,139.14285714285714,174.4946234112303,44.64618606844487,177.03412612419532,42.50769554614345,181.4838096214323,73.21486258622484,187.88779633000905,68.3796120625015
2021-09-02 10:00:00,188,9,198.0,196.0,193.0,140.0,189.948516296626,44.64618606844487,190.32606847853583,42.50769554614345,178.9364820570522,73.21486258622484,184.11444849120807,68.3796120625015
2021-09-02 11:00:00,188,9,188.0,180.0,194.0,142.57142857142858,191.23953165895688,44.64618606844487,191.46806537870037,42.50769554614345,185.91796959624202,73.21486258622484,186.62664953815678,68.3796120625015
2021-09-02 12:00:00,130,9,188.0,138.0,127.0,102.85714285714286,129.5446545834109,44.64618606844487,125.94134116066256,42.50769554614345,132.71490735830932,73.21486258622484,125.89258391537683,68.3796120625015
2021-09-02 13:00:00,183,9,130.0,190.0,199.0,141.28571428571428,180.25796169382474,44.64618606844487,179.1870844346617,42.50769554614345,183.97040932326354,73.21486258622484,183.46007063821054,68.3796120625015
2021-09-02 14:00:00,195,9,183.0,192.0,190.0,139.28571428571428,181.72686192947165,44.64618606844487,182.40070148829008,42.50769554614345,185.0616715200771,73.21486258622484,183.55063287576854,68.3796120625015
2021-09-02 15:00:00,177,9,195.0,182.0,202.0,137.85714285714286,189.6098595087801,44.64618606844487,185.36457596882755,42.50769554614345,179.86267709652185,73.21486258622484,185.2151541934151,68.3796120625015
2021-09-02 16:00:00,181,9,177.0,187.0,186.0,137.57142857142858,182.80712531265254,44.64618606844487,179.77483545986846,42.50769554614345,177.35734771492778,73.21486258622484,179.1473040562383,68.3796120625015
2021-09-02 17:00:00,153,9,181.0,180.0,161.0,126.85714285714286,169.22992802238662,44.64618606844487,172.02093043185198,42.50769554614345,172.18175646885948,73.21486258622484,170.01771558724676,68.3796120625015
2021-09-02 18:00:00,167,9,153.0,167.0,167.0,121.42857142857143,165.56158450606824,44.64618606844487,164.86711162383722,42.50769554614345,175.13538793485665,73.21486258622484,166.4281756686883,68.3796120625015
2021-09-02 19:00:00,173,9,167.0,163.0,170.0,115.42857142857143,166.48171909015957,44.64618606844487,166.49547914179578,42.50769554614345,171.25156532914178,73.21486258622484,166.78757556915602,68.3796120625015
2021-09-02 20:00:00,143,9,173.0,139.0,121.0,96.42857142857143,139.1770077624897,44.64618606844487,139.0519360054583,42.50769554614345,126.88157304737123,73.21486258622484,122.09447099352359,68.3796120625015
2021-09-02 21:00:00,138,9,143.0,133.0,128.0,94.85714285714286,127.44960442396967,44.64618606844487,134.59726328945422,42.50769554614345,132.70278408535958,73.21486258622484,127.17273223332747,68.3796120625015
2021-09-02 22:00:00,129,9,138.0,128.0,116.0,89.0,124.99874691227694,44.64618606844487,125.73558580197728,42.50769554614345,123.6843493485487,73.21486258622484,119.60740013419509,68.3796120625015
2021-09-02 23:00:00,129,9,129.0,121.0,113.0,87.28571428571429,123.01305420710283,44.64618606844487,123.02884956812485,42.50769554614345,122.40965482833697,73.21486258622484,118.06090873698773,68.3796120625015
2021-09-03 00:00:00,71,9,129.0,87.0,77.0,59.714285714285715,77.7162555554385,44.64618606844487,76.80681257162499,42.50769554614345,84.63714613005595,73.21486258622484,77.54385101673844,68.3796120625015
2021-09-03 01:00:00,119,9,71.0,119.0,111.0,84.57142857142857,115.55760301010055,44.64618606844487,117.29615513641414,42.50769554614345,120.2172639472239,73.21486258622484,118.95594459120689,68.3796120625015
2021-09-03 02:00:00,117,9,119.0,119.0,115.0,87.42857142857143,123.37215716832026,44.64618606844487,122.48435216606511,42.50769554614345,118.79760162029316,73.21486258622484,119.6940826576534,68.3796120625015
2021-09-03 03:00:00,114,9,117.0,118.0,114.0,81.71428571428571,116.91732201036088,44.64618606844487,116.50442421671038,42.50769554614345,119.47451452912246,73.21486258622484,116.19115813866392,68.3796120625015
2021-09-03 04:00:00,113,9,114.0,120.0,112.0,84.57142857142857,113.87418332851841,44.64618606844487,115.03246116052674,42.50769554614345,118.8809206456158,73.21486258622484,117.00336447728161,68.3796120625015
2021-09-03 05:00:00,111,9,113.0,108.0,104.0,80.71428571428571,113.31138703476485,44.64618606844487,115.0215323501874,42.50769554614345,119.47644472326103,73.21486258622484,115.6565065646828,68.3796120625015
2021-09-03 06:00:00,114,9,111.0,117.0,103.0,82.85714285714286,115.89687257482258,44.64618606844487,116.0615868237499,42.50769554614345,122.31704969426175,73.21486258622484,118.15539188588072,68.3796120625015
2021-09-03 07:00:00,147,9,114.0,160.0,135.0,107.42857142857143,132.14375716884805,44.64618606844487,133.5281685783729,42.50769554614345,144.38371797827364,73.21486258622484,137.97564727259905,68.3796120625015
2021-09-03 08:00:00,179,9,147.0,171.0,190.0,136.42857142857142,183.50768333953866,44.64618606844487,187.52798380296792,42.50769554614345,184.98924644043151,73.21486258622484,180.80094077814033,68.3796120625015
2021-09-03 09:00:00,178,9,179.0,198.0,185.0,139.0,184.7820140306157,44.64618606844487,188.51236268964053,42.50769554614345,185.76352310071908,73.21486258622484,188.1853554730489,68.3796120625015
2021-09-03 10:00:00,169,9,178.0,188.0,177.0,139.28571428571428,183.1665735609501,44.64618606844487,181.8781512360819,42.50769554614345,183.68691950202899,73.21486258622484,181.7694261615299,68.3796120625015
2021-09-03 11:00:00,190,9,169.0,188.0,182.0,141.71428571428572,179.12575822067728,44.64618606844487,174.91371111902015,42.50769554614345,181.2254218793612,73.21486258622484,185.44142242822755,68.3796120625015
2021-09-03 12:00:00,122,9,190.0,130.0,125.0,103.28571428571429,124.2633808093247,44.64618606844487,130.2962854115174,42.50769554614345,126.3680077187491,73.21486258622484,129.17813779139024,68.3796120625015
2021-09-03 13:00:00,176,9,122.0,183.0,179.0,139.0,186.28343622751987,44.64618606844487,186.1458004684127,42.50769554614345,186.42148191423624,73.21486258622484,180.18300488103355,68.3796120625015
2021-09-03 14:00:00,181,9,176.0,195.0,169.0,140.0,178.20509420366102,44.64618606844487,175.89323473127502,42.50769554614345,179.0068078987122,73.21486258622484,180.37697679458134,68.3796120625015
2021-09-03 15:00:00,162,9,181.0,177.0,175.0,134.28571428571428,171.2250389457794,44.64618606844487,171.76438153611133,42.50769554614345,181.36762338963348,73.21486258622484,176.60367023134629,68.3796120625015
2021-09-03 16:00:00,165,9,162.0,181.0,161.0,136.85714285714286,167.64487003383303,44.64618606844487,168.328253261034,42.50769554614345,174.35522023119728,73.21486258622484,178.1252349748467,68.3796120625015
2021-09-03 17:00:00,170,9,165.0,153.0,163.0,125.71428571428571,170.04212472552967,44.64618606844487,169.6447825817176,42.50769554614345,173.18030125023733,73.21486258622484,163.01746886721443,68.3796120625015
2021-09-03 18:00:00,158,9,170.0,167.0,157.0,121.42857142857143,161.61663564534,44.64618606844487,162.6357420311401,42.50769554614345,167.50946071853647,73.21486258622484,165.62937236858824,68.3796120625015
2021-09-03 19:00:00,156,9,158.0,173.0,138.0,115.85714285714286,150.39970721650735,44.64618606844487,150.96141378132916,42.50769554614345,143.05062057039257,73.21486258622484,144.759363710832,68.3796120625015
2021-09-03 20:00:00,118,9,156.0,143.0,111.0,99.57142857142857,125.8931500852236,44.64618606844487,124.76152745488979,42.50769554614345,120.68589486224165,73.21486258622484,117.96917981588228,68.3796120625015
2021-09-03 21:00:00,113,9,118.0,138.0,115.0,96.28571428571429,121.44052927077637,44.64618606844487,118.67350344741531,42.50769554614345,117.15931187930781,73.21486258622484,116.46628277748262,68.3796120625015
2021-09-03 22:00:00,119,9,113.0,129.0,105.0,90.85714285714286,110.84247462430938,44.64618606844487,111.75897599994383,42.50769554614345,113.53539428173772,73.21486258622484,116.96363847747129,68.3796120625015
2021-09-03 23:00:00,112,9,119.0,129.0,113.0,89.57142857142857,112.10286055404109,44.64618606844487,113.20574406505618,42.50769554614345,112.02244944416788,73.21486258622484,115.51721163248835,68.3796120625015
2021-09-04 00:00:00,69,9,112.0,71.0,75.0,58.857142857142854,69.0253221704525,44.64618606844487,72.24916840017801,42.50769554614345,73.00739404517289,73.21486258622484,72.74922238963958,68.3796120625015
2021-09-04 01:00:00,114,9,69.0,119.0,111.0,85.71428571428571,108.92562508000596,44.64618606844487,108.86627575819647,42.50769554614345,112.30084522377938,73.21486258622484,110.97854569560212,68.3796120625015
2021-09-04 02:00:00,107,9,114.0,117.0,119.0,87.71428571428571,112.33250146514033,44.64618606844487,113.41736293527906,42.50769554614345,111.57640115464139,73.21486258622484,113.38671760610158,68.3796120625015
2021-09-04 03:00:00,103,9,107.0,114.0,109.0,81.71428571428571,110.16506952414863,44.64618606844487,109.2453799066556,42.50769554614345,113.74901222124643,73.21486258622484,107.97672381105727,68.3796120625015
2021-09-04 04:00:00,112,9,103.0,113.0,107.0,84.71428571428571,107.7147555451155,44.64618606844487,108.25529952606024,42.50769554614345,111.86513331986123,73.21486258622484,111.12120334424948,68.3796120625015
2021-09-04 05:00:00,105,9,112.0,111.0,107.0,81.71428571428571,106.58933149019438,44.64618606844487,105.82127041564586,42.50769554614345,110.25674326995794,73.21486258622484,107.78492211271828,68.3796120625015
2021-09-04 06:00:00,116,9,105.0,114.0,103.0,84.42857142857143,110.84207401432981,44.64618606844487,111.80893189649943,42.50769554614345,111.40404816515654,73.21486258622484,110.38763959646805,68.3796120625015
2021-09-04 07:00:00,97,9,116.0,147.0,94.0,109.14285714285714,100.5869785543364,44.64618606844487,109.65850930427975,42.50769554614345,103.78616119679134,73.21486258622484,112.51729065367641,68.3796120625015
2021-09-04 08:00:00,37,9,97.0,179.0,36.0,134.85714285714286,53.605769793446456,44.64618606844487,47.880453101652584,42.50769554614345,30.051661373756147,73.21486258622484,31.02061939292788,68.3796120625015
2021-09-04 09:00:00,32,9,37.0,178.0,36.0,138.0,30.21111559255495,44.64618606844487,31.26416754587152,42.50769554614345,30.860058069331632,73.21486258622484,32.16496838699654,68.3796120625015
2021-09-04 10:00:00,36,9,32.0,169.0,41.0,138.14285714285714,26.20138998255458,44.64618606844487,24.448150629581953,42.50769554614345,30.43282714284791,73.21486258622484,33.20006819136145,68.3796120625015
2021-09-04 11:00:00,32,9,36.0,190.0,39.0,142.85714285714286,32.151328717848486,44.64618606844487,32.01475564548135,42.50769554614345,29.580345409620925,73.21486258622484,33.25543428419668,68.3796120625015
2021-09-04 12:00:00,34,9,32.0,122.0,38.0,102.85714285714286,27.220563158753464,44.64618606844487,29.235789230918428,42.50769554614345,29.011652600610123,73.21486258622484,32.04940076812875,68.3796120625015
2021-09-04 13:00:00,37,9,34.0,176.0,41.0,138.57142857142858,28.487017288235933,44.64618606844487,27.698226684058408,42.50769554614345,33.321293242894384,73.21486258622484,32.935228629314246,68.3796120625015
2021-09-04 14:00:00,35,9,37.0,181.0,41.0,141.71428571428572,31.372561992760467,44.64618606844487,29.18068618342294,42.50769554614345,30.472317166229672,73.21486258622484,31.76003153523285,68.3796120625015
2021-09-04 15:00:00,33,9,35.0,162.0,38.0,132.42857142857142,31.56504935222309,44.64618606844487,27.30156348110906,42.50769554614345,31.256520612633327,73.21486258622484,32.66498583118792,68.3796120625015
2021-09-04 16:00:00,43,9,33.0,165.0,52.0,137.42857142857142,31.074045660129073,44.64618606844487,27.38812093441326,42.50769554614345,34.9452236975729,73.21486258622484,42.040178206057604,68.3796120625015
2021-09-04 17:00:00,40,9,43.0,170.0,47.0,126.71428571428571,35.59514504208229,44.64618606844487,30.338722802934914,42.50769554614345,34.15471258934324,73.21486258622484,41.91351084449944,68.3796120625015
2021-09-04 18:00:00,29,9,40.0,158.0,0.0,121.57142857142857,30.461208593378437,44.64618606844487,23.28969493401,42.50769554614345,27.235514285154355,73.21486258622484,31.714883242417617,68.3796120625015
2021-09-04 19:00:00,25,9,29.0,156.0,0.0,118.42857142857143,27.67826648005789,44.64618606844487,23.86193914189547,42.50769554614345,24.055550308852837,73.21486258622484,30.668156730241808,68.3796120625015
2021-09-04 20:00:00,27,9,25.0,118.0,0.0,100.57142857142857,26.998511451068957,44.64618606844487,21.762142472713318,42.50769554614345,23.840561515312693,73.21486258622484,30.82276724340625,68.3796120625015
2021-09-04 21:00:00,23,9,27.0,113.0,0.0,96.0,22.113183149192267,44.64618606844487,23.159266012441396,42.50769554614345,22.731844413948885,73.21486258622484,28.190023998898607,68.3796120625015
2021-09-04 22:00:00,23,9,23.0,119.0,0.0,92.85714285714286,20.63748126600765,44.64618606844487,20.69015053658521,42.50769554614345,21.214537132255117,73.21486258622484,27.624570998107554,68.3796120625015
2021-09-04 23:00:00,23,9,23.0,112.0,0.0,89.42857142857143,22.087844425268745,44.64618606844487,21.263477185435192,42.50769554614345,20.15463394785786,73.21486258622484,27.043057707436578,68.3796120625015
2021-09-05 00:00:00,26,9,23.0,69.0,0.0,58.0,20.580156694845684,44.64618606844487,22.890814855443814,42.50769554614345,25.4275828485269,73.21486258622484,21.072257063364912,68.3796120625015
2021-09-05 01:00:00,22,9,26.0,114.0,0.0,86.14285714285714,21.670707245174906,44.64618606844487,23.75494293134394,42.50769554614345,26.270133356143763,73.21486258622484,19.51694974202592,68.3796120625015
2021-09-05 02:00:00,22,9,22.0,107.0,0.0,86.0,20.43121670962934,44.64618606844487,20.697708742271747,42.50769554614345,26.13056534412344,73.21486258622484,19.906056765673373,68.3796120625015
2021-09-05 03:00:00,22,9,22.0,103.0,0.0,80.85714285714286,22.416645656163524,44.64618606844487,21.457055033638383,42.50769554614345,26.72504035848872,73.21486258622484,20.141860729231755,68.3796120625015
2021-09-05 04:00:00,27,9,22.0,112.0,0.0,85.42857142857143,22.133580128685157,44.64618606844487,22.743259070809476,42.50769554614345,25.155697588378693,73.21486258622484,19.283102921432082,68.3796120625015
2021-09-05 05:00:00,22,9,27.0,105.0,0.0,81.42857142857143,21.24230431097022,44.64618606844487,20.546343494279817,42.50769554614345,26.376128167314295,73.21486258622484,18.925761704303603,68.3796120625015
2021-09-05 06:00:00,22,9,22.0,116.0,0.0,86.28571428571429,20.694034550457058,44.64618606844487,20.569912100471285,42.50769554614345,26.641844294363416,73.21486258622484,19.508860156967174,68.3796120625015
2021-09-05 07:00:00,22,9,22.0,97.0,0.0,109.57142857142857,21.038788000609195,44.64618606844487,22.407510623487276,42.50769554614345,46.76321831472651,73.21486258622484,27.69016112936467,68.3796120625015
2021-09-05 08:00:00,27,9,22.0,37.0,0.0,135.0,24.2207837578474,44.64618606844487,21.450621859736557,42.50769554614345,32.16841439182866,73.21486258622484,22.299118828206296,68.3796120625015
2021-09-05 09:00:00,23,9,27.0,32.0,0.0,137.42857142857142,22.99672235805517,44.64618606844487,19.846937006269577,42.50769554614345,29.19474314793193,73.21486258622484,23.461463468659556,68.3796120625015
2021-09-05 10:00:00,22,9,23.0,36.0,0.0,137.42857142857142,21.726474960237088,44.64618606844487,21.087133657044735,42.50769554614345,29.487302993069957,73.21486258622484,24.553739385351125,68.3796120625015
2021-09-05 11:00:00,22,9,22.0,32.0,41.0,141.85714285714286,24.855321711568987,44.64618606844487,23.883209741921156,42.50769554614345,35.50693559765323,73.21486258622484,25.69973793743079,68.3796120625015
2021-09-05 12:00:00,26,9,22.0,34.0,23.0,102.28571428571429,23.096641999844543,44.64618606844487,23.607087837753426,42.50769554614345,71.2243832896493,73.21486258622484,39.7234487960114,68.3796120625015
2021-09-05 13:00:00,23,9,26.0,37.0,19.0,138.0,21.69103627118993,44.64618606844487,22.09048560768233,42.50769554614345,30.122618595882262,73.21486258622484,23.8353275041348,68.3796120625015
2021-09-05 14:00:00,23,9,23.0,35.0,22.0,140.85714285714286,22.18008070380441,44.64618606844487,23.38404922066496,42.50769554614345,31.407403010207613,73.21486258622484,24.34034795284311,68.3796120625015
2021-09-05 15:00:00,28,9,23.0,33.0,21.0,131.71428571428572,23.492180346551265,44.64618606844487,25.051846051013847,42.50769554614345,29.981741609810488,73.21486258622484,23.471440165093238,68.3796120625015
2021-09-05 16:00:00,25,9,28.0,43.0,23.0,136.14285714285714,22.330161464735582,44.64618606844487,22.68063242866823,42.50769554614345,33.517866892421885,73.21486258622484,24.00403028355337,68.3796120625015
2021-09-05 17:00:00,23,9,25.0,40.0,26.0,125.71428571428571,24.00041618805722,44.64618606844487,25.017458308728912,42.50769554614345,33.01341964942354,73.21486258622484,23.97919220528354,68.3796120625015
2021-09-05 18:00:00,22,9,23.0,29.0,25.0,125.71428571428571,23.94599828785671,44.64618606844487,25.365774885279404,42.50769554614345,32.533812035905385,73.21486258622484,23.932747982008472,68.3796120625015
2021-09-05 19:00:00,27,9,22.0,25.0,21.0,122.0,24.75970360558289,44.64618606844487,25.634261559212433,42.50769554614345,30.59905748913252,73.21486258622484,21.803679737882625,68.3796120625015
2021-09-05 20:00:00,23,9,27.0,27.0,20.0,104.42857142857143,23.115743383225727,44.64618606844487,22.153025249365214,42.50769554614345,46.78279716270241,73.21486258622484,27.731004398981202,68.3796120625015
2021-09-05 21:00:00,23,9,23.0,23.0,21.0,99.28571428571429,22.08598611673565,44.64618606844487,21.806689788208956,42.50769554614345,47.77447484385105,73.21486258622484,28.784381559681755,68.3796120625015
2021-09-05 22:00:00,27,9,23.0,23.0,24.0,96.14285714285714,26.335948879934012,44.64618606844487,25.642184392995112,42.50769554614345,47.780305666184645,73.21486258622484,31.10888390745086,68.3796120625015
2021-09-05 23:00:00,24,9,27.0,23.0,21.0,92.71428571428571,23.53927472943583,44.64618606844487,23.919565566537337,42.50769554614345,40.17517640607323,73.21486258622484,29.552875741515543,68.3796120625015
2021-09-06 00:00:00,22,9,24.0,26.0,20.0,61.714285714285715,22.82110336025999,44.64618606844487,24.584937481432412,42.50769554614345,25.160200808141255,73.21486258622484,25.548192300558824,68.3796120625015
2021-09-06 01:00:00,22,9,22.0,22.0,23.0,89.28571428571429,22.72098624695336,44.64618606844487,23.90819289024924,42.50769554614345,23.63081441771806,73.21486258622484,24.37746671789306,68.3796120625015
2021-09-06 02:00:00,27,9,22.0,22.0,24.0,89.14285714285714,25.06053261376248,44.64618606844487,25.617606181455624,42.50769554614345,23.621036005653576,73.21486258622484,24.892680348767957,68.3796120625015
2021-09-06 03:00:00,22,9,27.0,22.0,21.0,84.0,22.968456453067922,44.64618606844487,23.533396713392207,42.50769554614345,22.779130851238932,73.21486258622484,23.96029874918436,68.3796120625015
2021-09-06 04:00:00,22,9,22.0,27.0,20.0,89.28571428571429,23.783186881662385,44.64618606844487,22.091379215992234,42.50769554614345,23.18535904666732,73.21486258622484,24.140012705628624,68.3796120625015
2021-09-06 05:00:00,24,9,22.0,22.0,20.0,84.57142857142857,24.64297436096133,44.64618606844487,24.40034902419972,42.50769554614345,22.649969711810193,73.21486258622484,23.555906836304544,68.3796120625015
2021-09-06 06:00:00,26,9,24.0,22.0,24.0,89.42857142857143,25.343987091560265,44.64618606844487,26.464066321427197,42.50769554614345,23.25773152325083,73.21486258622484,24.57447359259431,68.3796120625015
2021-09-06 07:00:00,81,9,26.0,22.0,80.0,112.71428571428571,88.288641691758,44.64618606844487,90.92753166914625,42.50769554614345,73.93258004135403,73.21486258622484,68.41259031593864,68.3796120625015
2021-09-06 08:00:00,180,9,81.0,27.0,183.0,138.85714285714286,178.81308312141437,44.64618606844487,181.32996441589205,42.50769554614345,186.63752217163398,73.21486258622484,185.2873395850108,68.3796120625015
2021-09-06 09:00:00,165,9,180.0,23.0,180.0,140.71428571428572,187.11333348024564,44.64618606844487,181.08018268438144,42.50769554614345,183.92891973727933,73.21486258622484,181.0727160659179,68.3796120625015
2021-09-06 10:00:00,190,9,165.0,22.0,186.0,140.57142857142858,168.78859701410593,44.64618606844487,170.58648992830751,42.50769554614345,185.34440623299818,73.21486258622484,189.02653726080297,68.3796120625015
2021-09-06 11:00:00,180,9,190.0,22.0,180.0,139.14285714285714,184.09094539366586,44.64618606844487,180.23340415257064,42.50769554614345,183.35123873898567,73.21486258622484,181.54761670570943,68.3796120625015
2021-09-06 12:00:00,124,9,180.0,26.0,134.0,102.71428571428571,130.46082749148246,44.64618606844487,138.8951753345952,42.50769554614345,132.9000200463077,73.21486258622484,147.8493420319372,68.3796120625015
2021-09-06 13:00:00,164,9,124.0,23.0,177.0,138.57142857142858,178.24046362537584,44.64618606844487,178.87172543541928,42.50769554614345,180.5768227778663,73.21486258622484,177.70369743540496,68.3796120625015
2021-09-06 14:00:00,163,9,164.0,23.0,174.0,141.0,170.1990408860143,44.64618606844487,167.40961489468225,42.50769554614345,180.5595022004041,73.21486258622484,181.0506079570713,68.3796120625015
2021-09-06 15:00:00,171,9,163.0,28.0,177.0,132.71428571428572,165.2798244730694,44.64618606844487,164.51237958507642,42.50769554614345,181.24489459870662,73.21486258622484,179.69330192457895,68.3796120625015
2021-09-06 16:00:00,152,9,171.0,25.0,174.0,136.42857142857142,163.670734177908,44.64618606844487,161.93408276795702,42.50769554614345,177.03664976657606,73.21486258622484,173.35739145806744,68.3796120625015
2021-09-06 17:00:00,148,9,152.0,23.0,172.0,125.28571428571429,153.4719283155765,44.64618606844487,151.56874447590334,42.50769554614345,165.1702142479721,73.21486258622484,172.04538189753538,68.3796120625015
2021-09-06 18:00:00,154,9,148.0,22.0,172.0,125.28571428571429,154.09573709054436,44.64618606844487,149.435285539887,42.50769554614345,165.03915478999457,73.21486258622484,167.350640202216,68.3796120625015
2021-09-06 19:00:00,145,9,154.0,27.0,162.0,122.85714285714286,139.78397309372772,44.64618606844487,143.95438915788026,42.50769554614345,163.24149141722347,73.21486258622484,161.96873941067255,68.3796120625015
2021-09-06 20:00:00,128,9,145.0,23.0,132.0,104.85714285714286,121.77581076237018,44.64618606844487,121.81044201606477,42.50769554614345,129.21640703390582,73.21486258622484,131.5788885481566,68.3796120625015
2021-09-06 21:00:00,133,9,128.0,23.0,135.0,99.57142857142857,116.76411688836373,44.64618606844487,117.82240822089037,42.50769554614345,127.36620524547631,73.21486258622484,124.84659351874856,68.3796120625015
2021-09-06 22:00:00,114,9,133.0,27.0,123.0,96.57142857142857,120.65864764691707,44.64618606844487,118.61973979064813,42.50769554614345,116.81949227641405,73.21486258622484,118.38319686465033,68.3796120625015
2021-09-06 23:00:00,118,9,114.0,24.0,115.0,93.14285714285714,113.030983046905,44.64618606844487,113.51140065319116,42.50769554614345,109.98105299919942,73.21486258622484,116.59250514384883,68.3796120625015
2021-09-07 00:00:00,74,9,118.0,22.0,76.0,62.0,69.181616848973,44.64618606844487,68.90378373480844,42.50769554614345,72.099693514372,73.21486258622484,80.1019841380248,68.3796120625015
2021-09-07 01:00:00,121,9,74.0,22.0,111.0,89.14285714285714,111.53374444803684,44.64618606844487,111.40589352839257,42.50769554614345,116.87416984763632,73.21486258622484,115.55897582550419,68.3796120625015
2021-09-07 02:00:00,118,9,121.0,27.0,114.0,89.57142857142857,118.48544587142163,44.64618606844487,119.19554195361746,42.50769554614345,116.41847389483114,73.21486258622484,115.20975401278581,68.3796120625015
2021-09-07 03:00:00,123,9,118.0,22.0,107.0,84.14285714285714,115.46135663494667,44.64618606844487,115.61581874761892,42.50769554614345,115.0830093218836,73.21486258622484,115.00799300158293,68.3796120625015
2021-09-07 04:00:00,120,9,123.0,22.0,114.0,89.57142857142857,117.69030758542642,44.64618606844487,116.59695050074023,42.50769554614345,115.84572338058747,73.21486258622484,112.00000644101875,68.3796120625015
2021-09-07 05:00:00,116,9,120.0,24.0,114.0,85.14285714285714,112.74694063174309,44.64618606844487,113.48467885254199,42.50769554614345,112.91090769962437,73.21486258622484,112.10339521456734,68.3796120625015
2021-09-07 06:00:00,124,9,116.0,26.0,114.0,89.71428571428571,118.05479348005659,44.64618606844487,121.05427832644554,42.50769554614345,117.32083314464523,73.21486258622484,116.56712574328613,68.3796120625015
2021-09-07 07:00:00,160,9,124.0,81.0,144.0,112.85714285714286,149.0346356416464,44.64618606844487,153.38566279089085,42.50769554614345,147.52419824941717,73.21486258622484,158.4260725122384,68.3796120625015
2021-09-07 08:00:00,192,9,160.0,180.0,177.0,138.42857142857142,170.77967156831104,44.64618606844487,172.31855986983155,42.50769554614345,188.02120778344715,73.21486258622484,181.90303807401196,68.3796120625015
2021-09-07 09:00:00,174,9,192.0,165.0,185.0,138.57142857142858,185.12886818265955,44.64618606844487,185.4086574387592,42.50769554614345,180.83417603103916,73.21486258622484,177.77853580784455,68.3796120625015
2021-09-07 10:00:00,178,9,174.0,190.0,187.0,141.14285714285714,185.20160723730768,44.64618606844487,183.48294377934633,42.50769554614345,182.58669031382973,73.21486258622484,179.5404490844636,68.3796120625015
2021-09-07 11:00:00,183,9,178.0,180.0,182.0,139.14285714285714,179.0256434160215,44.64618606844487,179.6899876038457,42.50769554614345,184.6241480435833,73.21486258622484,182.15609790861947,68.3796120625015
2021-09-07 12:00:00,140,9,183.0,124.0,135.0,101.28571428571429,124.07952981165309,44.64618606844487,138.40330598988885,42.50769554614345,134.9718040493542,73.21486258622484,149.83743745545516,68.3796120625015
2021-09-07 13:00:00,189,9,140.0,164.0,184.0,136.71428571428572,177.90788760277482,44.64618606844487,181.02281707255,42.50769554614345,183.32382847037996,73.21486258622484,186.23448340456795,68.3796120625015
2021-09-07 14:00:00,191,9,189.0,163.0,187.0,139.42857142857142,178.53563610902597,44.64618606844487,183.37870332616674,42.50769554614345,181.28654698675723,73.21486258622484,182.44843929863416,68.3796120625015
2021-09-07 15:00:00,174,9,191.0,171.0,170.0,131.85714285714286,187.6656693377722,44.64618606844487,184.56857429121013,42.50769554614345,181.25326567202782,73.21486258622484,174.32018050793224,68.3796120625015
2021-09-07 16:00:00,167,9,174.0,152.0,180.0,133.28571428571428,175.0475650744012,44.64618606844487,178.40466639986988,42.50769554614345,176.025367953447,73.21486258622484,174.02326562292816,68.3796120625015
2021-09-07 17:00:00,161,9,167.0,148.0,139.0,121.85714285714286,145.94886632843796,44.64618606844487,148.16983969476001,42.50769554614345,152.25154257675382,73.21486258622484,143.3228434025488,68.3796120625015
2021-09-07 18:00:00,165,9,161.0,154.0,162.0,122.71428571428571,164.2905575578564,44.64618606844487,165.02378514257435,42.50769554614345,165.36982101305063,73.21486258622484,161.18120873423234,68.3796120625015
2021-09-07 19:00:00,158,9,165.0,145.0,154.0,120.42857142857143,154.93950888447102,44.64618606844487,158.6337640133907,42.50769554614345,157.3217321282232,73.21486258622484,155.91721435192468,68.3796120625015
2021-09-07 20:00:00,141,9,158.0,128.0,152.0,104.28571428571429,143.8626082086909,44.64618606844487,142.870511647168,42.50769554614345,150.86865324945444,73.21486258622484,147.89922068112568,68.3796120625015
2021-09-07 21:00:00,134,9,141.0,133.0,132.0,99.28571428571429,131.33635078795814,44.64618606844487,129.91946739973497,42.50769554614345,138.98412789292755,73.21486258622484,130.0535554227903,68.3796120625015
2021-09-07 22:00:00,122,9,134.0,114.0,127.0,95.28571428571429,126.13111446954001,44.64618606844487,125.62968844000414,42.50769554614345,129.7947201036388,73.21486258622484,126.31527823748058,68.3796120625015
2021-09-07 23:00:00,126,9,122.0,118.0,128.0,93.57142857142857,122.62998310144144,44.64618606844487,122.82690864701281,42.50769554614345,127.52583060871156,73.21486258622484,121.09436161041035,68.3796120625015
2021-09-08 00:00:00,78,9,126.0,74.0,83.0,61.714285714285715,77.23697387501838,44.64618606844487,71.95360174210013,42.50769554614345,87.15300780973372,73.21486258622484,81.79387675897374,68.3796120625015
2021-09-08 01:00:00,115,9,78.0,121.0,117.0,90.57142857142857,115.89124008940496,44.64618606844487,115.85757495564178,42.50769554614345,121.22877988347321,73.21486258622484,120.03518042689598,68.3796120625015
2021-09-08 02:00:00,126,9,115.0,118.0,121.0,90.14285714285714,118.74958224138538,44.64618606844487,120.03380703292439,42.50769554614345,119.13996968014567,73.21486258622484,118.9964011093726,68.3796120625015
2021-09-08 03:00:00,122,9,126.0,123.0,103.0,86.42857142857143,121.4833957605735,44.64618606844487,121.01275841079239,42.50769554614345,120.70777575979838,73.21486258622484,118.15224956197197,68.3796120625015
2021-09-08 04:00:00,116,9,122.0,120.0,119.0,90.42857142857143,119.2492286685327,44.64618606844487,120.77718684228348,42.50769554614345,119.97658249386231,73.21486258622484,120.67448390742487,68.3796120625015
2021-09-08 05:00:00,109,9,116.0,116.0,112.0,85.42857142857143,115.94491881279346,44.64618606844487,115.66063810599844,42.50769554614345,116.51774523421649,73.21486258622484,114.95897487879945,68.3796120625015
2021-09-08 06:00:00,123,9,109.0,124.0,119.0,91.14285714285714,115.36322926345136,44.64618606844487,117.3609670613422,42.50769554614345,121.81154365703057,73.21486258622484,119.89358154960827,68.3796120625015
2021-09-08 07:00:00,154,9,123.0,160.0,139.0,115.14285714285714,143.42621015448864,44.64618606844487,147.83135207621996,42.50769554614345,149.17232835535532,73.21486258622484,151.3706966724117,68.3796120625015
2021-09-08 08:00:00,181,9,154.0,192.0,198.0,140.57142857142858,179.1753064642244,44.64618606844487,179.8389305716484,42.50769554614345,185.89277373162884,73.21486258622484,183.73757878989818,68.3796120625015
2021-09-08 09:00:00,163,9,181.0,174.0,189.0,137.0,177.22701008077334,44.64618606844487,176.9775561988171,42.50769554614345,186.96581168006225,73.21486258622484,179.92654385596785,68.3796120625015
2021-09-08 10:00:00,160,9,163.0,178.0,196.0,139.85714285714286,167.81203234116566,44.64618606844487,172.05233800647827,42.50769554614345,180.77914652750138,73.21486258622484,176.84798013872987,68.3796120625015
2021-09-08 11:00:00,168,9,160.0,183.0,180.0,139.28571428571428,170.63416394881494,44.64618606844487,176.83125474116645,42.50769554614345,187.92966161107714,73.21486258622484,188.3760659091523,68.3796120625015
2021-09-08 12:00:00,63,9,168.0,140.0,138.0,102.0,119.35049466898568,44.64618606844487,119.98696688828828,42.50769554614345,139.9875129485345,73.21486258622484,126.51651764759846,68.3796120625015
2021-09-08 13:00:00,165,9,63.0,189.0,190.0,137.42857142857142,150.25963314982104,44.64618606844487,157.516546302915,42.50769554614345,184.27656095337778,73.21486258622484,183.87002427975358,68.3796120625015
2021-09-08 14:00:00,178,9,165.0,191.0,192.0,140.0,166.4046417663185,44.64618606844487,167.98811795247804,42.50769554614345,184.1447289772395,73.21486258622484,177.76876730193956,68.3796120625015
2021-09-08 15:00:00,183,9,178.0,174.0,182.0,132.42857142857142,165.50080241121464,44.64618606844487,166.33765243495375,42.50769554614345,183.07454365408233,73.21486258622484,178.74169660743473,68.3796120625015
2021-09-08 16:00:00,170,9,183.0,167.0,187.0,131.42857142857142,170.74044664968798,44.64618606844487,170.7141244135663,42.50769554614345,183.04164578540502,73.21486258622484,176.12317475951153,68.3796120625015
2021-09-08 17:00:00,182,9,170.0,161.0,180.0,125.0,164.76377929592834,44.64618606844487,162.59379111603576,42.50769554614345,174.91444141695206,73.21486258622484,161.46553206576445,68.3796120625015
2021-09-08 18:00:00,170,9,182.0,165.0,167.0,123.14285714285714,171.99095894335963,44.64618606844487,169.47755544381226,42.50769554614345,171.0997031741839,73.21486258622484,166.37052055008292,68.3796120625015
2021-09-08 19:00:00,163,9,170.0,158.0,163.0,121.0,158.58148438510025,44.64618606844487,163.21031752379423,42.50769554614345,167.08905825701828,73.21486258622484,163.94023301084735,68.3796120625015
2021-09-08 20:00:00,111,9,163.0,141.0,139.0,102.71428571428571,131.38967164722794,44.64618606844487,132.66807245067977,42.50769554614345,133.56491085742135,73.21486258622484,126.48062583991296,68.3796120625015
2021-09-08 21:00:00,127,9,111.0,134.0,133.0,99.57142857142857,123.65470127899808,44.64618606844487,126.41473987998403,42.50769554614345,133.20269554416632,73.21486258622484,128.28448754096388,68.3796120625015
2021-09-08 22:00:00,116,9,127.0,122.0,128.0,94.57142857142857,123.67283957600173,44.64618606844487,122.66181237196382,42.50769554614345,127.91011443323634,73.21486258622484,123.2494643313017,68.3796120625015
2021-09-08 23:00:00,111,9,116.0,126.0,121.0,93.28571428571429,119.21420800501744,44.64618606844487,118.57341922677377,42.50769554614345,120.95481014705456,73.21486258622484,117.35193673239746,68.3796120625015
2021-09-09 00:00:00,79,9,111.0,78.0,87.0,61.0,64.7595826488949,44.64618606844487,64.11504287333182,42.50769554614345,81.26545761378007,73.21486258622484,76.46696043806712,68.3796120625015
2021-09-09 01:00:00,99,9,79.0,115.0,119.0,90.28571428571429,115.83515517241355,44.64618606844487,115.40221961900778,42.50769554614345,114.8572580574287,73.21486258622484,112.49143550195791,68.3796120625015
2021-09-09 02:00:00,114,9,99.0,126.0,119.0,90.85714285714286,108.15456446966257,44.64618606844487,107.95219279636304,42.50769554614345,115.11141621512083,73.21486258622484,116.69254470328978,68.3796120625015
2021-09-09 03:00:00,116,9,114.0,122.0,118.0,89.14285714285714,113.20023217966708,44.64618606844487,113.00072213548583,42.50769554614345,115.65585304118547,73.21486258622484,110.57930336670036,68.3796120625015
2021-09-09 04:00:00,114,9,116.0,116.0,120.0,90.0,115.78580807285269,44.64618606844487,115.47457819982816,42.50769554614345,113.64955332145887,73.21486258622484,112.6064035687978,68.3796120625015
2021-09-09 05:00:00,109,9,114.0,109.0,108.0,85.0,107.09006442290396,44.64618606844487,107.08514563457537,42.50769554614345,109.50865018958979,73.21486258622484,107.1037382388815,68.3796120625015
2021-09-09 06:00:00,121,9,109.0,123.0,117.0,91.71428571428571,115.71033300305788,44.64618606844487,116.52687924804405,42.50769554614345,114.81634411369023,73.21486258622484,115.83340012876725,68.3796120625015
2021-09-09 07:00:00,152,9,121.0,154.0,160.0,117.28571428571429,163.12623765690648,44.64618606844487,162.7888145454088,42.50769554614345,153.06751794284514,73.21486258622484,153.5270884577503,68.3796120625015
2021-09-09 08:00:00,187,9,152.0,181.0,171.0,138.14285714285714,181.56034609765175,44.64618606844487,180.4978400485301,42.50769554614345,183.60942164842027,73.21486258622484,180.59387044347514,68.3796120625015
2021-09-09 09:00:00,176,9,187.0,163.0,198.0,133.28571428571428,179.61724118002923,44.64618606844487,181.59432180430488,42.50769554614345,174.52154268307768,73.21486258622484,171.38791116820525,68.3796120625015
2021-09-09 10:00:00,169,9,176.0,160.0,188.0,134.71428571428572,178.97695528749824,44.64618606844487,178.63939465020297,42.50769554614345,173.98349727594174,73.21486258622484,172.15444118781303,68.3796120625015
2021-09-09 11:00:00,190,9,169.0,168.0,188.0,137.57142857142858,181.38784942893193,44.64618606844487,182.92540064944626,42.50769554614345,184.64626308383373,73.21486258622484,182.37413386401252,68.3796120625015
2021-09-09 12:00:00,129,9,190.0,63.0,130.0,91.28571428571429,126.24338595804528,44.64618606844487,126.4994498238077,42.50769554614345,123.51792815602593,73.21486258622484,128.04614994352136,68.3796120625015
2021-09-09 13:00:00,176,9,129.0,165.0,183.0,133.85714285714286,184.68475896443647,44.64618606844487,182.77768144027473,42.50769554614345,174.5557908789768,73.21486258622484,177.53798683340756,68.3796120625015
2021-09-09 14:00:00,168,9,176.0,178.0,195.0,138.0,180.97852984632644,44.64618606844487,179.8101296895048,42.50769554614345,181.4348199136213,73.21486258622484,178.01023091430687,68.3796120625015
2021-09-09 15:00:00,185,9,168.0,183.0,177.0,132.57142857142858,170.5891682124603,44.64618606844487,172.57139937433098,42.50769554614345,175.26116982138964,73.21486258622484,179.68822535838297,68.3796120625015
2021-09-09 16:00:00,168,9,185.0,170.0,181.0,129.0,173.42972820963504,44.64618606844487,172.52398242615118,42.50769554614345,171.0736797070187,73.21486258622484,165.84977584126793,68.3796120625015
2021-09-09 17:00:00,168,9,168.0,182.0,153.0,125.28571428571429,160.0948244266322,44.64618606844487,160.78432401863748,42.50769554614345,157.44139541960988,73.21486258622484,162.08983300240865,68.3796120625015
2021-09-09 18:00:00,172,9,168.0,170.0,167.0,123.57142857142857,166.32838914896197,44.64618606844487,166.69382083412862,42.50769554614345,161.80189794006583,73.21486258622484,160.39761339169783,68.3796120625015
2021-09-09 19:00:00,158,9,172.0,163.0,173.0,121.0,163.346791902846,44.64618606844487,162.43399725189175,42.50769554614345,156.63428651009406,73.21486258622484,154.96602096859377,68.3796120625015
2021-09-09 20:00:00,134,9,158.0,111.0,143.0,98.71428571428571,135.25637880123867,44.64618606844487,135.71604343267816,42.50769554614345,146.6550285101583,73.21486258622484,142.07065918344153,68.3796120625015
2021-09-09 21:00:00,134,9,134.0,127.0,138.0,98.71428571428571,131.38197778343115,44.64618606844487,131.46844602356396,42.50769554614345,133.38086828237422,73.21486258622484,127.0900438860065,68.3796120625015
2021-09-09 22:00:00,118,9,134.0,116.0,129.0,92.85714285714286,122.51081374563736,44.64618606844487,122.8371146850365,42.50769554614345,127.46866806214909,73.21486258622484,122.57747721672207,68.3796120625015
2021-09-09 23:00:00,116,9,118.0,111.0,129.0,91.85714285714286,116.9623278838393,44.64618606844487,118.11057603910014,42.50769554614345,124.19651561461718,73.21486258622484,120.88512748335918,68.3796120625015
2021-09-10 00:00:00,83,9,116.0,79.0,71.0,59.857142857142854,73.19796597536417,44.64618606844487,71.25269457330867,42.50769554614345,75.5057121088144,73.21486258622484,61.7656148731967,68.3796120625015
2021-09-10 01:00:00,109,9,83.0,99.0,119.0,87.42857142857143,113.37164932466449,44.64618606844487,115.31169653846851,42.50769554614345,108.15345822669016,73.21486258622484,110.11831406388599,68.3796120625015
2021-09-10 02:00:00,118,9,109.0,114.0,117.0,90.14285714285714,113.79617294687718,44.64618606844487,113.94899563296998,42.50769554614345,110.65573080095986,73.21486258622484,113.4552189676121,68.3796120625015
2021-09-10 03:00:00,116,9,118.0,116.0,114.0,88.85714285714286,116.25448444436884,44.64618606844487,115.6858744107846,42.50769554614345,108.82378409327576,73.21486258622484,111.54193448896609,68.3796120625015
2021-09-10 04:00:00,117,9,116.0,114.0,113.0,89.14285714285714,114.37087516585535,44.64618606844487,114.41063359353018,42.50769554614345,107.26426668733836,73.21486258622484,111.31307341675273,68.3796120625015
2021-09-10 05:00:00,107,9,117.0,109.0,111.0,85.14285714285714,110.26401369097451,44.64618606844487,110.65536602147237,42.50769554614345,107.03729449153452,73.21486258622484,107.7842108217566,68.3796120625015
2021-09-10 06:00:00,118,9,107.0,121.0,114.0,92.28571428571429,115.07533942519663,44.64618606844487,116.22389570002971,42.50769554614345,110.8523990601597,73.21486258622484,111.54276292084883,68.3796120625015
2021-09-10 07:00:00,150,9,118.0,152.0,147.0,116.14285714285714,148.9613965138671,44.64618606844487,148.62394492153734,42.50769554614345,140.39840686472888,73.21486258622484,141.4398313206652,68.3796120625015
2021-09-10 08:00:00,192,9,150.0,187.0,179.0,140.42857142857142,184.264268076169,44.64618606844487,179.4854521260737,42.50769554614345,168.95612000175106,73.21486258622484,176.06889483313162,68.3796120625015
2021-09-10 09:00:00,204,9,192.0,176.0,178.0,130.14285714285714,187.37947120405488,44.64618606844487,188.10335746509784,42.50769554614345,164.45494283190342,73.21486258622484,176.15999217611827,68.3796120625015
2021-09-10 10:00:00,181,9,204.0,169.0,169.0,132.0,189.98130392258486,44.64618606844487,188.80397567743336,42.50769554614345,164.623111878283,73.21486258622484,171.83533346347787,68.3796120625015
2021-09-10 11:00:00,188,9,181.0,190.0,190.0,137.85714285714286,187.04012483300153,44.64618606844487,184.52330405322684,42.50769554614345,166.8800074652844,73.21486258622484,180.0640602242534,68.3796120625015
2021-09-10 12:00:00,128,9,188.0,129.0,122.0,91.14285714285714,132.03203244504965,44.64618606844487,143.00826449897286,42.50769554614345,116.03679276427219,73.21486258622484,123.74032739459238,68.3796120625015
2021-09-10 13:00:00,191,9,128.0,176.0,176.0,132.85714285714286,183.58823813019146,44.64618606844487,182.04193210369507,42.50769554614345,163.65920540872847,73.21486258622484,171.76230594950303,68.3796120625015
2021-09-10 14:00:00,190,9,191.0,168.0,181.0,134.14285714285714,189.39434623300232,44.64618606844487,188.41949917919058,42.50769554614345,162.31516980149897,73.21486258622484,172.58080808474784,68.3796120625015
2021-09-10 15:00:00,191,9,190.0,185.0,162.0,133.71428571428572,188.31346566089283,44.64618606844487,186.26542259166015,42.50769554614345,164.55354384877734,73.21486258622484,175.4078403858765,68.3796120625015
2021-09-10 16:00:00,171,9,191.0,168.0,165.0,127.14285714285714,184.35415562524022,44.64618606844487,178.95284795387403,42.50769554614345,157.19508117098277,73.21486258622484,167.95340012811386,68.3796120625015
2021-09-10 17:00:00,157,9,171.0,168.0,170.0,127.42857142857143,168.48240236864945,44.64618606844487,165.96498091558672,42.50769554614345,154.489184174005,73.21486258622484,158.1415632448661,68.3796120625015
2021-09-10 18:00:00,162,9,157.0,172.0,158.0,124.28571428571429,170.23810246786533,44.64618606844487,169.4055021297586,42.50769554614345,148.90923425541322,73.21486258622484,157.52744934540144,68.3796120625015
2021-09-10 19:00:00,148,9,162.0,158.0,156.0,118.85714285714286,161.2257194299404,44.64618606844487,159.4439092463177,42.50769554614345,142.58405669836415,73.21486258622484,151.21191902936727,68.3796120625015
2021-09-10 20:00:00,121,9,148.0,134.0,118.0,97.42857142857143,121.4310181322991,44.64618606844487,122.32598078705017,42.50769554614345,114.08686370348177,73.21486258622484,116.52988938103421,68.3796120625015
2021-09-10 21:00:00,126,9,121.0,134.0,113.0,98.14285714285714,119.42005339747656,44.64618606844487,119.79104286382886,42.50769554614345,106.53687642172285,73.21486258622484,109.81634622160573,68.3796120625015
2021-09-10 22:00:00,109,9,126.0,118.0,119.0,91.28571428571429,119.69226047938051,44.64618606844487,120.53466108518617,42.50769554614345,109.25938976170882,73.21486258622484,113.91930046356465,68.3796120625015
2021-09-10 23:00:00,105,9,109.0,116.0,112.0,90.0,114.5539996665043,44.64618606844487,112.7395233551198,42.50769554614345,100.95985032403422,73.21486258622484,107.9293798895986,68.3796120625015
2021-09-11 00:00:00,69,9,105.0,83.0,69.0,61.57142857142857,75.40231555800156,44.64618606844487,72.97065229203574,42.50769554614345,73.37675678272798,73.21486258622484,64.99214740875905,68.3796120625015
2021-09-11 01:00:00,105,9,69.0,109.0,114.0,86.0,108.3607955262586,44.64618606844487,107.32698097299007,42.50769554614345,101.8097014294406,73.21486258622484,108.60664120945793,68.3796120625015
2021-09-11 02:00:00,99,9,105.0,118.0,107.0,90.28571428571429,108.20465091085804,44.64618606844487,107.7243622589017,42.50769554614345,100.77202545127815,73.21486258622484,109.71512252883926,68.3796120625015
2021-09-11 03:00:00,107,9,99.0,116.0,103.0,89.14285714285714,102.28662148993615,44.64618606844487,101.4418664211594,42.50769554614345,101.62632547810982,73.21486258622484,94.8486703107479,68.3796120625015
2021-09-11 04:00:00,93,9,107.0,117.0,112.0,89.71428571428571,106.00007252383239,44.64618606844487,106.90469474519762,42.50769554614345,101.61925270647556,73.21486258622484,109.45205538009223,68.3796120625015
2021-09-11 05:00:00,98,9,93.0,107.0,105.0,84.57142857142857,98.19242702823222,44.64618606844487,97.1688332721516,42.50769554614345,102.5607735429227,73.21486258622484,104.54952541485864,68.3796120625015
2021-09-11 06:00:00,97,9,98.0,118.0,116.0,92.85714285714286,101.40209539580827,44.64618606844487,100.8468956266195,42.50769554614345,100.18443122657271,73.21486258622484,110.05341402203118,68.3796120625015
2021-09-11 07:00:00,73,9,97.0,150.0,97.0,116.57142857142857,86.29643307585724,44.64618606844487,77.90013470414075,42.50769554614345,100.52880560646413,73.21486258622484,72.08248983142877,68.3796120625015
2021-09-11 08:00:00,23,9,73.0,192.0,37.0,142.28571428571428,23.813809802187606,44.64618606844487,24.32566889479111,42.50769554614345,35.06990329969359,73.21486258622484,25.551788403560735,68.3796120625015
2021-09-11 09:00:00,23,9,23.0,204.0,32.0,133.85714285714286,17.90298097910493,44.64618606844487,20.631392932765092,42.50769554614345,37.162268151702065,73.21486258622484,27.94138572872973,68.3796120625015
2021-09-11 10:00:00,23,9,23.0,181.0,36.0,133.71428571428572,31.643095502265734,44.64618606844487,27.255121417885224,42.50769554614345,29.529937884917153,73.21486258622484,23.393920748299152,68.3796120625015
2021-09-11 11:00:00,23,9,23.0,188.0,32.0,137.57142857142858,25.521352765228073,44.64618606844487,26.053300650961113,42.50769554614345,31.60634556065914,73.21486258622484,28.188104026392296,68.3796120625015
2021-09-11 12:00:00,28,9,23.0,128.0,34.0,92.0,23.90244023960953,44.64618606844487,24.336180597696373,42.50769554614345,22.945332897008246,73.21486258622484,23.362289208312166,68.3796120625015
2021-09-11 13:00:00,25,9,28.0,191.0,37.0,135.0,25.374132772465806,44.64618606844487,23.22779363030571,42.50769554614345,30.96224773966779,73.21486258622484,25.27372846218176,68.3796120625015
2021-09-11 14:00:00,24,9,25.0,190.0,35.0,135.42857142857142,24.18475534156439,44.64618606844487,27.941535353303376,42.50769554614345,31.49570068631099,73.21486258622484,26.726198755626637,68.3796120625015
2021-09-11 15:00:00,24,9,24.0,191.0,33.0,137.85714285714286,26.976206389511304,44.64618606844487,29.58317817191525,42.50769554614345,31.64946424826571,73.21486258622484,27.914827720690223,68.3796120625015
2021-09-11 16:00:00,24,9,24.0,171.0,43.0,128.0,24.812568162183084,44.64618606844487,26.71437679807282,42.50769554614345,30.308761826243916,73.21486258622484,28.325451853763216,68.3796120625015
2021-09-11 17:00:00,24,9,24.0,157.0,40.0,125.57142857142857,23.48846804955467,44.64618606844487,25.721900754453404,42.50769554614345,28.23564190294465,73.21486258622484,25.496153979675,68.3796120625015
2021-09-11 18:00:00,24,9,24.0,162.0,29.0,124.85714285714286,23.03346537746809,44.64618606844487,24.60262462473436,42.50769554614345,30.30898495366584,73.21486258622484,26.09244516054556,68.3796120625015
2021-09-11 19:00:00,28,9,24.0,148.0,25.0,117.71428571428571,23.192331265578222,44.64618606844487,23.81727807981866,42.50769554614345,26.57974026149883,73.21486258622484,26.158141016066562,68.3796120625015
2021-09-11 20:00:00,24,9,28.0,121.0,27.0,97.85714285714286,23.417814817491088,44.64618606844487,23.7811613151781,42.50769554614345,26.147920497019975,73.21486258622484,26.322734020177094,68.3796120625015
2021-09-11 21:00:00,24,9,24.0,126.0,23.0,100.0,23.211499117584218,44.64618606844487,23.88843527162199,42.50769554614345,21.226336783177587,73.21486258622484,24.181804787275794,68.3796120625015
2021-09-11 22:00:00,24,9,24.0,109.0,23.0,89.85714285714286,23.996346755131665,44.64618606844487,25.010197151732385,42.50769554614345,23.943205197726556,73.21486258622484,25.082043625837883,68.3796120625015
2021-09-11 23:00:00,23,9,24.0,105.0,23.0,89.0,23.974469404848595,44.64618606844487,23.481226771681964,42.50769554614345,25.13446489201657,73.21486258622484,24.533932860485827,68.3796120625015
2021-09-12 00:00:00,23,9,23.0,69.0,26.0,61.57142857142857,25.57244649349268,44.64618606844487,23.14346941846794,42.50769554614345,23.31113857088181,73.21486258622484,23.45930747098898,68.3796120625015
2021-09-12 01:00:00,24,9,23.0,105.0,22.0,84.71428571428571,23.52292649686264,44.64618606844487,23.378212031557776,42.50769554614345,24.05999396219921,73.21486258622484,23.535298250626898,68.3796120625015
2021-09-12 02:00:00,27,9,24.0,99.0,22.0,89.14285714285714,24.974927056937915,44.64618606844487,26.25705071691567,42.50769554614345,23.240519850007917,73.21486258622484,23.78056017157413,68.3796120625015
2021-09-12 03:00:00,23,9,27.0,107.0,22.0,89.71428571428571,21.39439909692234,44.64618606844487,23.645890972751562,42.50769554614345,22.946278572129614,73.21486258622484,23.651011579171822,68.3796120625015
2021-09-12 04:00:00,23,9,23.0,93.0,27.0,87.0,22.520446263601364,44.64618606844487,23.985781984524287,42.50769554614345,24.25069949167313,73.21486258622484,24.106464541251725,68.3796120625015
2021-09-12 05:00:00,23,9,23.0,98.0,22.0,83.57142857142857,23.7807492136114,44.64618606844487,24.94170010677292,42.50769554614345,23.261740826277723,73.21486258622484,23.428024492537457,68.3796120625015
2021-09-12 06:00:00,23,9,23.0,97.0,22.0,90.14285714285714,22.64993184684952,44.64618606844487,25.23049396693001,42.50769554614345,22.834532196833756,73.21486258622484,23.674585958586963,68.3796120625015
2021-09-12 07:00:00,23,9,23.0,73.0,22.0,113.14285714285714,27.002277054871964,44.64618606844487,26.394098340545316,42.50769554614345,22.814309958895674,73.21486258622484,27.098817215894496,68.3796120625015
2021-09-12 08:00:00,28,9,23.0,23.0,27.0,140.28571428571428,23.413456002390365,44.64618606844487,25.819881681805086,42.50769554614345,25.071951163050766,73.21486258622484,23.87187539954433,68.3796120625015
2021-09-12 09:00:00,24,9,28.0,23.0,23.0,132.57142857142858,25.27106977992657,44.64618606844487,25.1792262556276,42.50769554614345,24.466967336749956,73.21486258622484,24.27595629518533,68.3796120625015
2021-09-12 10:00:00,24,9,24.0,23.0,22.0,131.85714285714286,22.60194695879944,44.64618606844487,23.66954979202495,42.50769554614345,25.314749468618807,73.21486258622484,25.515210451262142,68.3796120625015
2021-09-12 11:00:00,23,9,24.0,23.0,22.0,136.28571428571428,25.378258251722897,44.64618606844487,27.317027576864316,42.50769554614345,26.11819389445972,73.21486258622484,25.989608076779607,68.3796120625015
2021-09-12 12:00:00,23,9,23.0,28.0,26.0,91.14285714285714,25.455816891198193,44.64618606844487,26.138506548425628,42.50769554614345,23.968306655244465,73.21486258622484,40.667813055229225,68.3796120625015
2021-09-12 13:00:00,23,9,23.0,25.0,23.0,133.28571428571428,23.560889164416505,44.64618606844487,23.765568166322343,42.50769554614345,24.471832935040023,73.21486258622484,26.200901243778432,68.3796120625015
2021-09-12 14:00:00,28,9,23.0,24.0,23.0,133.85714285714286,23.67990937671283,44.64618606844487,24.76111275356123,42.50769554614345,24.478329626734677,73.21486258622484,25.677226906950786,68.3796120625015
2021-09-12 15:00:00,24,9,28.0,24.0,28.0,136.57142857142858,24.495958792836984,44.64618606844487,25.186252890529072,42.50769554614345,25.6823930271861,73.21486258622484,24.50056427110206,68.3796120625015
2021-09-12 16:00:00,24,9,24.0,24.0,25.0,125.28571428571429,22.52885083984321,44.64618606844487,23.3010666691297,42.50769554614345,24.2619858828278,73.21486258622484,23.741021094543353,68.3796120625015
2021-09-12 17:00:00,23,9,24.0,24.0,23.0,123.28571428571429,24.88426487276067,44.64618606844487,25.178566400429915,42.50769554614345,23.38082806870136,73.21486258622484,22.59100888439143,68.3796120625015
2021-09-12 18:00:00,24,9,23.0,24.0,22.0,124.14285714285714,24.525302253263312,44.64618606844487,25.21288371184852,42.50769554614345,24.29317843176253,73.21486258622484,22.284033449381543,68.3796120625015
2021-09-12 19:00:00,24,9,24.0,28.0,27.0,118.14285714285714,23.473013661524426,44.64618606844487,24.310839737189937,42.50769554614345,22.928736856982265,73.21486258622484,23.43287426533464,68.3796120625015
2021-09-12 20:00:00,24,9,24.0,24.0,23.0,97.42857142857143,22.787375025599577,44.64618606844487,23.20525624080464,42.50769554614345,22.223021141202203,73.21486258622484,22.976002699513266,68.3796120625015
2021-09-12 21:00:00,28,9,24.0,24.0,23.0,100.14285714285714,26.730199349612473,44.64618606844487,25.484382690845134,42.50769554614345,21.8871705843558,73.21486258622484,22.811734887983825,68.3796120625015
2021-09-12 22:00:00,24,9,28.0,24.0,27.0,90.0,24.06663508595822,44.64618606844487,23.365211178660935,42.50769554614345,22.542257665948807,73.21486258622484,23.180373838151628,68.3796120625015
2021-09-12 23:00:00,24,9,24.0,23.0,24.0,89.0,23.781158217356047,44.64618606844487,24.024375430370814,42.50769554614345,22.016779003909992,73.21486258622484,22.240773515408282,68.3796120625015
2021-09-13 00:00:00,23,9,24.0,23.0,22.0,61.142857142857146,24.04898581115667,44.64618606844487,26.487457325444772,42.50769554614345,23.166333102138875,73.21486258622484,24.919417769212696,68.3796120625015
2021-09-13 01:00:00,23,9,23.0,24.0,22.0,85.0,25.40666500116342,44.64618606844487,26.76684360275762,42.50769554614345,21.919670621859826,73.21486258622484,22.9989148663791,68.3796120625015
2021-09-13 02:00:00,23,9,23.0,27.0,27.0,89.85714285714286,23.15754697194472,44.64618606844487,24.518034267729245,42.50769554614345,24.366597321293632,73.21486258622484,24.63482534456236,68.3796120625015
2021-09-13 03:00:00,25,9,23.0,23.0,22.0,89.85714285714286,23.2502434556225,44.64618606844487,24.808816955998974,42.50769554614345,22.40163974052534,73.21486258622484,23.219308860746786,68.3796120625015
2021-09-13 04:00:00,28,9,25.0,23.0,22.0,86.42857142857143,28.52793145062882,44.64618606844487,26.45987467649038,42.50769554614345,22.133340223126872,73.21486258622484,23.120410430486345,68.3796120625015
2021-09-13 05:00:00,23,9,28.0,23.0,24.0,83.71428571428571,23.36134417264611,44.64618606844487,25.083500970719193,42.50769554614345,23.978965943223127,73.21486258622484,22.80867822449263,68.3796120625015
2021-09-13 06:00:00,24,9,23.0,23.0,26.0,90.28571428571429,29.015853288391998,44.64618606844487,30.2071602331191,42.50769554614345,23.976882520801787,73.21486258622484,25.835082876731843,68.3796120625015
2021-09-13 07:00:00,111,9,24.0,23.0,81.0,113.28571428571429,105.40494643739208,44.64618606844487,111.68585554757152,42.50769554614345,73.12627541632476,73.21486258622484,121.73723659742039,68.3796120625015
2021-09-13 08:00:00,196,9,111.0,28.0,180.0,140.42857142857142,191.5778560727436,44.64618606844487,197.11382719452396,42.50769554614345,188.25296017597356,73.21486258622484,189.43966037456633,68.3796120625015
2021-09-13 09:00:00,188,9,196.0,24.0,165.0,132.71428571428572,184.31476301934407,44.64618606844487,185.1822480531067,42.50769554614345,181.07290089098603,73.21486258622484,187.22501930198075,68.3796120625015
2021-09-13 10:00:00,189,9,188.0,24.0,190.0,132.14285714285714,193.63275744211037,44.64618606844487,191.02180179554338,42.50769554614345,187.20536335666924,73.21486258622484,187.3720827366255,68.3796120625015
2021-09-13 11:00:00,191,9,189.0,23.0,180.0,136.42857142857142,192.88652011239148,44.64618606844487,191.44372192733218,42.50769554614345,188.33025052845318,73.21486258622484,188.08262380893586,68.3796120625015
2021-09-13 12:00:00,130,9,191.0,23.0,124.0,90.71428571428571,130.51298356560903,44.64618606844487,128.53939308808134,42.50769554614345,123.88839539806527,73.21486258622484,125.04250528286089,68.3796120625015
2021-09-13 13:00:00,191,9,130.0,23.0,164.0,133.28571428571428,189.1857315377497,44.64618606844487,191.21967730363554,42.50769554614345,178.4214340715339,73.21486258622484,183.17368961744606,68.3796120625015
2021-09-13 14:00:00,182,9,191.0,28.0,163.0,134.57142857142858,188.5703755166826,44.64618606844487,188.32750361490972,42.50769554614345,178.87766097094607,73.21486258622484,184.68864841480115,68.3796120625015
2021-09-13 15:00:00,177,9,182.0,24.0,171.0,136.0,190.47285994728418,44.64618606844487,188.4911230039676,42.50769554614345,180.6736897873029,73.21486258622484,179.8340618955488,68.3796120625015
2021-09-13 16:00:00,182,9,177.0,24.0,152.0,125.14285714285714,180.4562813045768,44.64618606844487,176.3399300256915,42.50769554614345,159.51533380449723,73.21486258622484,171.94845864369566,68.3796120625015
2021-09-13 17:00:00,160,9,182.0,23.0,148.0,123.28571428571429,164.24205903537484,44.64618606844487,163.3596090959331,42.50769554614345,154.28553485382704,73.21486258622484,160.0675946924112,68.3796120625015
2021-09-13 18:00:00,162,9,160.0,24.0,154.0,124.42857142857143,165.05050504385517,44.64618606844487,163.506984162371,42.50769554614345,160.1382104837303,73.21486258622484,161.67025831280174,68.3796120625015
2021-09-13 19:00:00,162,9,162.0,24.0,145.0,117.71428571428571,160.67317991485348,44.64618606844487,161.10159071621064,42.50769554614345,148.70337194692456,73.21486258622484,161.18864258808486,68.3796120625015
2021-09-13 20:00:00,126,9,162.0,24.0,128.0,97.57142857142857,132.15783127874383,44.64618606844487,128.77607226186984,42.50769554614345,124.80098419510772,73.21486258622484,127.2508808403126,68.3796120625015
2021-09-13 21:00:00,131,9,126.0,28.0,133.0,100.85714285714286,126.72816208404157,44.64618606844487,125.03027989836536,42.50769554614345,123.98053050945056,73.21486258622484,126.86292992481863,68.3796120625015
2021-09-13 22:00:00,122,9,131.0,24.0,114.0,89.57142857142857,122.2562716856126,44.64618606844487,120.92532120722157,42.50769554614345,113.36152049494332,73.21486258622484,117.3387927389996,68.3796120625015
2021-09-13 23:00:00,123,9,122.0,24.0,118.0,89.0,121.97875329624992,44.64618606844487,121.61843099752488,42.50769554614345,116.70767539980075,73.21486258622484,119.2094258658567,68.3796120625015
2021-09-14 00:00:00,72,9,123.0,23.0,74.0,61.285714285714285,71.95079695630923,44.64618606844487,73.11218149328944,42.50769554614345,80.01421211396263,73.21486258622484,74.70004910900323,68.3796120625015
2021-09-14 01:00:00,116,9,72.0,23.0,121.0,85.14285714285714,111.84403448082654,44.64618606844487,113.01122847142825,42.50769554614345,117.65572974992705,73.21486258622484,114.29295192147335,68.3796120625015
2021-09-14 02:00:00,115,9,116.0,23.0,118.0,89.28571428571429,120.72937420921208,44.64618606844487,118.08233662719816,42.50769554614345,120.08123005507119,73.21486258622484,113.98241853929207,68.3796120625015
2021-09-14 03:00:00,114,9,115.0,25.0,123.0,90.28571428571429,113.68499120241916,44.64618606844487,113.22108032549734,42.50769554614345,120.33191201172147,73.21486258622484,117.29590748140849,68.3796120625015
2021-09-14 04:00:00,115,9,114.0,28.0,120.0,87.28571428571429,111.73036527485779,44.64618606844487,113.85668148790134,42.50769554614345,118.41077267320982,73.21486258622484,115.76654506962137,68.3796120625015
2021-09-14 05:00:00,115,9,115.0,23.0,116.0,83.57142857142857,111.83942671694258,44.64618606844487,109.5577651114727,42.50769554614345,117.17340031448688,73.21486258622484,112.30134863170484,68.3796120625015
2021-09-14 06:00:00,112,9,115.0,24.0,124.0,90.0,113.56990460966271,44.64618606844487,119.13962714913262,42.50769554614345,121.63560466075715,73.21486258622484,119.33871321007376,68.3796120625015
2021-09-14 07:00:00,156,9,112.0,111.0,160.0,117.57142857142857,145.43160389693261,44.64618606844487,154.2642327643173,42.50769554614345,161.2088796847235,73.21486258622484,162.36735956303727,68.3796120625015
2021-09-14 08:00:00,184,9,156.0,196.0,192.0,142.71428571428572,172.75138473846792,44.64618606844487,176.68899366342404,42.50769554614345,177.7046200522161,73.21486258622484,187.7490129666039,68.3796120625015
2021-09-14 09:00:00,178,9,184.0,188.0,174.0,136.0,182.61375062340494,44.64618606844487,181.06114916013172,42.50769554614345,185.94365698565605,73.21486258622484,186.60880983701256,68.3796120625015
2021-09-14 10:00:00,161,9,178.0,189.0,178.0,132.0,183.15938339685619,44.64618606844487,182.76410652881032,42.50769554614345,188.94242462694922,73.21486258622484,182.22074875049407,68.3796120625015
2021-09-14 11:00:00,180,9,161.0,191.0,183.0,138.0,176.21198316998186,44.64618606844487,177.13383759953004,42.50769554614345,183.92400923974165,73.21486258622484,185.26277955138377,68.3796120625015
2021-09-14 12:00:00,135,9,180.0,130.0,140.0,91.57142857142857,132.78608965753278,44.64618606844487,141.12793087226126,42.50769554614345,142.3193403743659,73.21486258622484,149.8449075309571,68.3796120625015
2021-09-14 13:00:00,173,9,135.0,191.0,189.0,137.14285714285714,181.4981880648217,44.64618606844487,181.95007393463302,42.50769554614345,185.91625659510947,73.21486258622484,183.79345055160354,68.3796120625015
2021-09-14 14:00:00,162,9,173.0,182.0,191.0,137.28571428571428,179.15439763656346,44.64618606844487,176.707227314892,42.50769554614345,183.5876510358954,73.21486258622484,186.27613497028906,68.3796120625015
2021-09-14 15:00:00,175,9,162.0,177.0,174.0,136.85714285714286,166.1739111876729,44.64618606844487,164.09411134533934,42.50769554614345,183.53811903138893,73.21486258622484,180.43631620493144,68.3796120625015
2021-09-14 16:00:00,165,9,175.0,182.0,167.0,129.42857142857142,171.28404195215447,44.64618606844487,170.13181793535765,42.50769554614345,176.01978717505028,73.21486258622484,177.71773074963832,68.3796120625015
2021-09-14 17:00:00,146,9,165.0,160.0,161.0,125.0,163.22431084823236,44.64618606844487,160.76418721121416,42.50769554614345,169.55611200057945,73.21486258622484,167.11706871609792,68.3796120625015
2021-09-14 18:00:00,164,9,146.0,162.0,165.0,125.57142857142857,155.70674165492028,44.64618606844487,154.64531575889356,42.50769554614345,171.3030513566361,73.21486258622484,165.45651313805087,68.3796120625015
2021-09-14 19:00:00,171,9,164.0,162.0,158.0,120.14285714285714,156.5122450142406,44.64618606844487,153.21926887598212,42.50769554614345,168.66877039231576,73.21486258622484,164.26100394008492,68.3796120625015
2021-09-14 20:00:00,130,9,171.0,126.0,141.0,97.28571428571429,135.1026791562976,44.64618606844487,135.124591124647,42.50769554614345,144.40974892364753,73.21486258622484,133.97713085321416,68.3796120625015
2021-09-14 21:00:00,134,9,130.0,131.0,134.0,100.57142857142857,131.88965732526188,44.64618606844487,130.42342728647247,42.50769554614345,138.57616680215,73.21486258622484,129.5370619716892,68.3796120625015
2021-09-14 22:00:00,120,9,134.0,122.0,122.0,90.71428571428571,124.8287896621373,44.64618606844487,123.50029718984838,42.50769554614345,132.94227869480875,73.21486258622484,121.62754226786822,68.3796120625015
2021-09-14 23:00:00,119,9,120.0,123.0,126.0,89.71428571428571,118.58293963889733,44.64618606844487,119.17337383801322,42.50769554614345,133.89936800408466,73.21486258622484,122.8663257319142,68.3796120625015
